hour,id,score,comments,best_rank
0,43840861,186,65,
0,43842306,717,399,
0,43842367,204,79,
0,43842380,182,51,
0,43842683,481,192,
0,43843241,269,180,
0,43843821,529,989,
0,43843902,79,57,
0,43844665,81,15,
0,43845174,139,85,
0,43845826,62,21,
0,43846487,1413,691,
0,43846690,116,12,
0,43846964,137,41,
0,43847432,394,77,
0,43848325,327,96,
0,43848398,163,68,
0,43849271,286,102,
0,43849373,237,86,
0,43849536,175,31,
0,43850238,193,57,
0,43850309,67,25,
0,43850550,67,22,
0,43851099,385,180,
0,43851143,142,93,
0,43851212,123,44,
0,43851225,131,203,
0,43851260,68,28,
0,43851314,248,180,
0,43851612,471,432,
0,43851787,27,18,
0,43852096,331,57,
0,43852145,1162,597,
0,43852162,802,1015,
0,43852217,116,27,
0,43852266,474,138,
0,43852446,41,3,
0,43853382,299,257,
0,43853499,21,4,
0,43854337,245,181,
0,43854776,275,172,
0,43855386,98,51,
0,43855838,161,34,
0,43856186,502,196,
0,43856208,17,4,
0,43856532,72,126,
0,43856656,147,40,
0,43856795,1024,359,
0,43856798,231,219,
0,43856801,301,109,
0,43856803,400,151,
0,43857405,98,42,
0,43857643,135,84,
0,43857856,76,21,
0,43858136,26,6,
0,43858183,106,30,
0,43858442,84,108,
0,43858521,22,13,
0,43858552,129,361,
0,43858554,258,374,
0,43858568,639,108,
0,43858826,66,25,
0,43858970,117,32,
0,43859165,43,11,
0,43859446,1887,781,
0,43859464,203,30,
0,43859536,726,256,
0,43860108,82,50,
0,43860137,168,22,
0,43860207,184,85,
0,43860428,94,18,
0,43860726,215,133,
0,43861207,114,48,
0,43861253,153,141,
0,43861297,120,24,
0,43861566,60,14,
0,43861669,86,62,
0,43861771,59,63,
0,43861828,382,402,
0,43862487,261,232,
0,43862643,76,53,
0,43862774,55,8,
0,43863414,105,33,
0,43863418,126,35,
0,43864108,352,275,
0,43864442,79,56,
0,43864589,146,71,
0,43864724,22,10,
0,43864752,59,6,
0,43864800,126,31,
0,43864827,65,79,
0,43864986,50,50,
0,43865097,243,69,
0,43865132,449,227,
0,43865631,82,94,
0,43865740,118,118,
0,43865824,38,1,
0,43865960,113,47,
0,43866001,237,76,
0,43866303,280,276,
0,43866329,72,23,
0,43866585,159,32,
0,43866797,54,27,
0,43866810,22,20,
0,43867211,270,115,
0,43867403,212,135,
0,43867429,125,53,
0,43868074,358,237,
0,43868130,99,25,
0,43868192,574,318,
0,43868231,110,60,
0,43868273,134,41,
0,43868395,67,17,
0,43868694,12,2,
0,43868737,155,57,
0,43868890,28,4,
0,43869236,48,104,
0,43869288,161,106,
0,43869353,387,279,
0,43869794,398,241,
0,43870364,11,2,
0,43870819,250,278,
0,43870969,412,443,
0,43870998,225,25,
0,43871250,26,6,
0,43871601,50,7,
0,43871730,117,60,
0,43871824,37,7,
0,43871984,28,6,
0,43872094,129,23,
0,43872159,203,52,
0,43872625,105,22,
0,43872761,144,66,
0,43872799,78,3,
0,43872946,71,19,
0,43873074,509,123,
0,43873244,46,0,
0,43873531,404,281,
0,43873604,84,23,
0,43873679,107,84,
0,43874641,240,239,
0,43875134,77,11,
0,43875136,34,26,
0,43875230,45,1,
0,43875360,40,8,
0,43875416,131,67,
0,43875476,782,321,
0,43875505,113,10,
0,43876084,120,52,
0,43876135,36,6,
0,43876243,196,67,
0,43876286,13,0,
0,43876566,200,30,
0,43876725,9,0,
0,43876798,49,19,
0,43876843,46,32,
0,43877301,610,389,
0,43877356,59,10,
0,43877644,496,307,
0,43877797,356,168,
0,43877907,110,113,
0,43877923,74,70,
0,43878191,78,7,
0,43878298,28,5,
0,43878461,101,39,
0,43878560,16,7,
0,43878704,37,15,
0,43878728,386,352,
0,43878824,82,32,
0,43878850,441,442,
0,43878868,27,2,
0,43878878,253,193,
0,43878899,13,1,
0,43878987,52,38,
0,43879282,191,98,
0,43879288,142,156,
0,43879702,283,121,
0,43879715,211,75,
0,43879748,101,84,
0,43880068,132,23,
0,43880248,73,14,
0,43880472,71,34,
0,43880554,56,10,
0,43880560,63,57,
0,43880883,105,20,
0,43880962,769,170,
0,43880973,452,406,
0,43881035,509,502,
0,43881065,127,178,
0,43881200,19,11,
0,43881211,253,92,
0,43881391,82,0,
0,43881468,481,163,
0,43881832,71,70,
0,43882118,62,19,
0,43882150,391,310,
0,43882287,44,27,
0,43882291,134,89,
0,43882437,144,8,
0,43882740,26,1,
0,43882809,198,143,
0,43882905,202,178,
0,43882962,79,118,
0,43883040,451,123,
0,43883180,28,17,
0,43883230,73,57,
0,43883587,35,15,
0,43883642,149,172,
0,43883732,57,50,
0,43883747,116,24,
0,43883749,30,0,
0,43883902,328,210,
0,43883946,68,18,
0,43884156,91,62,
0,43884418,49,6,8
0,43884635,174,235,
0,43885039,51,23,
0,43885051,49,25,
0,43885101,521,767,
0,43885284,23,6,
0,43885478,205,39,
0,43886023,77,54,
0,43886053,13,0,
0,43886213,70,16,
0,43886243,332,103,
0,43886271,65,10,
0,43886368,120,105,
0,43886399,65,9,
0,43886407,11,10,
0,43886552,142,151,
0,43886601,129,27,
0,43886973,4,0,
0,43887068,7,0,
0,43887073,77,144,
0,43887494,42,47,
0,43887518,27,6,
0,43887546,40,11,
0,43887632,17,0,
0,43887637,224,36,
0,43887708,87,26,
0,43887998,135,64,
0,43888005,114,5,
0,43888033,21,3,
0,43888117,792,196,
0,43888157,182,38,
0,43888191,33,6,
0,43888225,164,165,
0,43888239,79,15,
0,43888268,48,5,
0,43888290,30,6,
0,43888501,59,148,
0,43888777,89,47,
0,43888803,1370,831,
0,43889277,3,0,
0,43889487,33,4,
0,43889502,198,125,
0,43889610,238,59,
0,43889722,6,0,
0,43889875,140,25,
0,43889963,12,0,
0,43889972,5,0,
0,43890118,10,0,
0,43890146,10,0,
0,43890237,9,5,
0,43890313,10,0,
0,43890412,66,10,
0,43890525,290,308,
0,43890538,218,52,
0,43890649,173,158,
0,43890806,5,0,
0,43891128,142,31,
0,43891147,6,2,
0,43891245,289,192,
0,43891398,90,28,
0,43891723,4,0,
0,43891864,10,0,
0,43892096,283,57,
0,43892119,238,205,
0,43892224,7,0,
0,43892331,18,0,
0,43892442,10,5,
0,43892481,104,78,
0,43892714,7,0,
0,43892773,28,0,
0,43892849,14,3,
0,43892856,76,11,
0,43893020,18,0,
0,43893225,34,0,
0,43893319,26,18,
0,43893412,33,31,
0,43893442,68,21,25
0,43893550,84,6,
0,43893601,421,107,
0,43893740,41,51,
0,43893759,53,5,
0,43893762,388,328,
0,43893808,20,2,
0,43893906,202,79,
0,43894175,305,193,
0,43894228,34,11,
0,43894257,60,40,
0,43894305,642,256,
0,43894363,106,106,
0,43894479,8,0,
0,43894678,99,50,
0,43894967,4,0,
0,43895237,105,24,
0,43895456,148,35,
0,43895515,24,11,
0,43895516,106,176,
0,43895622,106,64,
0,43895637,112,104,
0,43895693,6,0,
0,43895852,122,4,
0,43896011,257,130,
0,43896188,256,89,
0,43896199,139,79,
0,43896228,126,106,
0,43896410,72,50,
0,43896609,4,0,
0,43896765,4,0,
0,43896820,39,4,
0,43896835,10,0,
0,43896854,4,0,
0,43896889,44,5,
0,43896944,9,1,16
0,43896948,4,0,
0,43896989,10,1,
0,43897107,30,2,
0,43897129,155,57,
0,43897297,23,10,
0,43897320,368,201,
0,43897333,30,9,
0,43897719,83,10,
0,43897772,591,645,
0,43897816,10,1,
0,43897957,6,0,
0,43898160,11,1,
0,43898280,5,0,
0,43898306,23,0,15
0,43898380,247,117,
0,43898400,4,0,
0,43898618,33,24,
0,43898717,85,10,
0,43898777,16,3,
0,43898956,7,0,
0,43898982,17,3,
0,43899016,193,155,
0,43899028,493,212,
0,43899053,7,0,
0,43899189,6,0,
0,43899212,22,5,
0,43899236,421,318,
0,43899251,153,19,
0,43899288,4,0,
0,43899317,30,28,
0,43899321,6,0,
0,43899350,22,17,
0,43899456,26,1,
0,43899529,15,0,
0,43899557,7,0,
0,43899558,11,0,
0,43899734,25,1,
0,43899878,35,6,
0,43899910,17,3,
0,43900145,8,2,
0,43900264,45,28,
0,43900456,6,0,
0,43900463,170,34,
0,43900608,7,0,
0,43900813,16,6,
0,43900877,348,349,4
0,43900932,14,4,
0,43900983,6,1,
0,43901081,7,4,
0,43901191,26,4,
0,43901204,239,187,
0,43901494,7,0,
0,43901495,206,83,
0,43901575,66,57,
0,43901608,6,0,
0,43901619,352,178,30
0,43901676,13,5,
0,43901748,7,3,
0,43901760,22,13,
0,43901985,53,10,
0,43902076,6,0,
0,43902129,7,0,
0,43902167,4,0,
0,43902212,950,392,9
0,43902263,360,251,18
0,43902308,70,68,28
0,43902318,7,0,
0,43902328,14,4,
0,43902375,11,1,
0,43902385,4,2,
0,43902473,8,0,
0,43902663,5,1,
0,43902869,102,142,
0,43902897,9,0,
0,43902938,87,80,
0,43903099,19,3,
0,43903130,15,5,
0,43903145,9,0,
0,43903148,42,15,
0,43903396,4,5,
0,43903420,8,0,
0,43903489,13,0,
0,43903534,10,0,
0,43903673,10,4,
0,43903728,126,65,23
0,43903741,268,190,
0,43903771,38,16,
0,43903853,188,211,
0,43903907,7,0,
0,43903945,96,50,26
0,43903950,5,2,
0,43903959,159,86,21
0,43903978,7,1,
0,43903984,11,4,
0,43904018,10,0,
0,43904226,12,3,
0,43904257,10,4,
0,43904413,18,4,
0,43904478,7,0,
0,43904511,57,8,
0,43904546,4,0,
0,43904553,4,0,
0,43904664,59,50,
0,43904816,17,3,
0,43904854,51,6,
0,43904865,73,6,24
0,43904989,11,1,
0,43905059,17,0,
0,43905185,208,70,13
0,43905299,173,90,10
0,43905678,8,1,
0,43905697,34,18,
0,43905710,25,1,
0,43905771,6,2,
0,43905942,623,167,1
0,43906018,464,447,22
0,43906058,15,16,
0,43906193,11,1,
0,43906346,84,40,11
0,43906379,9,2,
0,43906442,140,17,17
0,43906727,4,0,
0,43906841,243,95,2
0,43907050,4,0,
0,43907337,7,0,
0,43907376,354,189,
0,43907586,65,18,13
0,43907631,7,0,
0,43907763,35,7,
0,43907795,15,1,
0,43907803,6,4,
0,43907820,271,228,
0,43907850,31,15,
0,43907941,44,4,20
0,43907994,17,2,
0,43908095,9,8,
0,43908140,8,0,
0,43908261,12,0,
0,43908368,91,46,6
0,43908428,3,0,
0,43908666,14,3,
0,43908770,34,44,
0,43908774,7,7,
0,43908797,4,0,
0,43908899,10,2,
0,43908913,8,1,
0,43909037,7,0,
0,43909062,5,2,
0,43909111,64,44,
0,43909124,31,13,27
0,43909155,4,0,
0,43909179,5,0,
0,43909220,193,48,19
0,43909360,8,0,
0,43909392,12,0,
0,43909398,37,17,5
0,43909409,11,2,29
0,43909411,4,0,
0,43909430,21,0,
0,43909432,125,120,29
0,43909448,15,0,
0,43909519,8,4,
0,43909564,3,0,
0,43909627,5,1,
0,43909641,3,0,
0,43909800,8,0,
0,43909824,10,4,
0,43909873,13,1,
0,43909898,14,0,
0,43910155,44,52,
0,43910423,23,8,5
0,43910565,25,7,3
0,43910656,5,0,
0,43910677,6,1,
0,43910720,34,2,16
0,43910745,7,0,17
0,43910751,9,3,
0,43910794,60,17,6
0,43910874,9,2,
1,43840861,186,65,
1,43842306,717,399,
1,43842367,204,79,
1,43842380,182,51,
1,43842683,481,192,
1,43843241,269,180,
1,43843821,529,989,
1,43843902,79,57,
1,43844665,81,15,
1,43845174,139,85,
1,43845826,62,21,
1,43846487,1414,693,
1,43846690,116,12,
1,43846964,137,41,
1,43847432,394,77,
1,43848325,327,96,
1,43848398,163,68,
1,43849271,287,102,
1,43849373,237,86,
1,43849536,175,31,
1,43850238,193,57,
1,43850309,67,25,
1,43850550,67,22,
1,43851099,385,180,
1,43851143,142,93,
1,43851212,123,44,
1,43851225,131,203,
1,43851260,68,28,
1,43851314,248,180,
1,43851612,471,432,
1,43851787,27,18,
1,43852096,331,57,
1,43852145,1162,597,
1,43852162,802,1015,
1,43852217,116,27,
1,43852266,474,138,
1,43852446,41,3,
1,43853382,299,257,
1,43853499,21,4,
1,43854337,246,181,
1,43854776,275,172,
1,43855386,99,51,
1,43855838,161,34,
1,43856186,502,196,
1,43856208,17,4,
1,43856532,72,126,
1,43856656,147,40,
1,43856795,1024,359,
1,43856798,231,219,
1,43856801,301,109,
1,43856803,400,151,
1,43857405,98,42,
1,43857643,135,84,
1,43857856,76,21,
1,43858136,26,6,
1,43858183,106,30,
1,43858442,84,108,
1,43858521,22,13,
1,43858552,129,363,
1,43858554,258,374,
1,43858568,639,108,
1,43858826,66,25,
1,43858970,117,32,
1,43859165,43,11,
1,43859446,1888,781,
1,43859464,203,30,
1,43859536,727,256,
1,43860108,82,50,
1,43860137,168,22,
1,43860207,184,85,
1,43860428,94,18,
1,43860726,215,133,
1,43861207,114,48,
1,43861253,153,141,
1,43861297,120,24,
1,43861566,60,14,
1,43861669,86,62,
1,43861771,59,63,
1,43861828,382,402,
1,43862487,261,232,
1,43862643,76,53,
1,43862774,55,8,
1,43863414,105,34,
1,43863418,126,35,
1,43864108,352,275,
1,43864442,79,56,
1,43864589,146,71,
1,43864724,22,10,
1,43864752,59,6,
1,43864800,126,31,
1,43864827,65,79,
1,43864986,50,50,
1,43865097,243,69,
1,43865132,449,227,
1,43865631,82,94,
1,43865740,118,118,
1,43865824,38,1,
1,43865960,113,47,
1,43866001,237,76,
1,43866303,280,276,
1,43866329,72,23,
1,43866585,159,32,
1,43866797,54,27,
1,43866810,22,20,
1,43867211,270,115,
1,43867403,212,135,
1,43867429,125,53,
1,43868074,358,237,
1,43868130,99,25,
1,43868192,574,318,
1,43868231,110,60,
1,43868273,134,41,
1,43868395,67,17,
1,43868694,12,2,
1,43868737,155,57,
1,43868890,28,4,
1,43869236,48,104,
1,43869288,161,106,
1,43869353,387,279,
1,43869794,398,241,
1,43870364,11,2,
1,43870819,250,278,
1,43870969,412,443,
1,43870998,225,25,
1,43871250,26,6,
1,43871601,51,8,
1,43871730,118,60,
1,43871824,37,7,
1,43871984,28,6,
1,43872094,129,23,
1,43872159,203,52,
1,43872625,105,22,
1,43872761,144,66,
1,43872799,78,3,
1,43873074,509,123,
1,43873244,46,0,
1,43873531,404,281,
1,43873604,84,23,
1,43873679,107,84,
1,43874641,240,240,
1,43875134,77,11,
1,43875136,34,26,
1,43875230,45,1,
1,43875360,40,8,
1,43875416,131,67,
1,43875476,784,321,
1,43875505,113,10,
1,43876084,120,52,
1,43876135,36,6,
1,43876243,197,67,
1,43876286,13,0,
1,43876566,201,30,
1,43876725,9,0,
1,43876798,49,19,
1,43876843,46,32,
1,43877301,610,389,
1,43877356,59,10,
1,43877644,496,307,
1,43877797,356,168,
1,43877907,110,113,
1,43877923,74,70,
1,43878191,78,7,
1,43878298,28,5,
1,43878461,101,39,
1,43878560,16,7,
1,43878704,37,15,
1,43878728,386,352,
1,43878824,82,32,
1,43878850,441,442,
1,43878868,27,2,
1,43878878,253,193,
1,43878899,13,1,
1,43878987,52,38,
1,43879282,191,98,
1,43879288,142,156,
1,43879702,283,121,
1,43879715,212,75,
1,43879748,101,84,
1,43880248,74,14,
1,43880472,71,34,
1,43880554,56,10,
1,43880560,63,57,
1,43880883,105,20,
1,43880962,769,170,
1,43880973,452,406,
1,43881035,509,502,
1,43881065,127,178,
1,43881200,19,11,
1,43881211,253,92,
1,43881391,82,0,
1,43881468,481,163,
1,43881832,71,70,
1,43882118,62,19,
1,43882150,391,310,
1,43882287,44,27,
1,43882291,135,90,
1,43882437,145,8,
1,43882740,26,1,
1,43882809,198,143,
1,43882905,202,178,
1,43882962,79,120,
1,43883040,451,123,
1,43883180,28,17,
1,43883230,73,58,
1,43883587,35,15,
1,43883642,152,173,
1,43883732,57,50,
1,43883747,116,24,
1,43883749,30,0,
1,43883902,328,210,
1,43883946,68,18,
1,43884156,91,62,
1,43884418,62,9,10
1,43884635,175,235,
1,43885039,51,23,
1,43885051,49,25,
1,43885101,522,768,
1,43885284,23,6,
1,43885478,205,39,
1,43886023,77,54,
1,43886053,13,0,
1,43886213,70,16,
1,43886243,332,103,
1,43886271,65,10,
1,43886368,120,105,
1,43886399,65,9,
1,43886407,11,10,
1,43886552,143,151,
1,43886601,129,27,
1,43886973,4,0,
1,43887068,7,0,
1,43887073,77,144,
1,43887494,42,47,
1,43887518,27,6,
1,43887546,40,11,
1,43887632,17,0,
1,43887637,224,36,
1,43887708,87,26,
1,43887998,135,65,
1,43888005,114,5,
1,43888033,21,3,
1,43888117,793,196,
1,43888157,182,38,
1,43888191,33,6,
1,43888225,164,165,
1,43888239,79,15,
1,43888268,48,5,
1,43888290,30,6,
1,43888501,59,149,
1,43888777,89,47,
1,43888803,1370,831,
1,43889277,9,0,27
1,43889487,33,4,
1,43889502,198,125,
1,43889610,238,59,
1,43889722,6,0,
1,43889875,140,25,
1,43889963,12,0,
1,43889972,5,0,
1,43890118,10,0,
1,43890146,10,0,
1,43890237,9,5,
1,43890313,10,0,
1,43890412,66,10,
1,43890525,290,308,
1,43890538,218,52,
1,43890649,174,158,
1,43890806,5,0,
1,43891128,142,31,
1,43891147,6,2,
1,43891245,289,192,
1,43891398,90,28,
1,43891723,4,0,
1,43891864,10,0,
1,43892096,283,57,
1,43892119,239,205,
1,43892224,7,0,
1,43892331,18,0,
1,43892442,10,5,
1,43892481,104,78,
1,43892714,7,0,
1,43892773,28,0,
1,43892849,14,3,
1,43892856,76,11,
1,43893020,18,0,
1,43893225,34,0,
1,43893319,26,18,
1,43893412,33,31,
1,43893442,71,21,
1,43893550,84,6,
1,43893601,421,107,
1,43893740,41,51,
1,43893759,53,5,
1,43893762,388,330,
1,43893808,20,2,
1,43893906,203,79,
1,43894175,305,193,
1,43894228,34,11,
1,43894257,60,40,
1,43894305,643,257,
1,43894363,106,106,
1,43894479,8,0,
1,43894678,99,50,
1,43894967,4,0,
1,43895237,105,24,
1,43895456,148,35,
1,43895515,24,11,
1,43895516,106,176,
1,43895622,106,64,
1,43895637,113,105,
1,43895693,6,0,
1,43895852,122,4,
1,43896011,257,130,
1,43896188,256,89,
1,43896199,139,80,
1,43896228,126,106,
1,43896410,72,50,
1,43896609,4,0,
1,43896765,4,0,
1,43896820,39,4,
1,43896835,10,0,
1,43896854,4,0,
1,43896889,44,5,
1,43896944,17,1,21
1,43896948,4,0,
1,43896989,10,1,
1,43897107,30,2,
1,43897129,155,57,
1,43897297,23,10,
1,43897320,369,201,
1,43897333,30,9,
1,43897719,83,10,
1,43897772,591,645,
1,43897816,10,1,
1,43897957,6,0,
1,43898160,11,1,
1,43898280,5,0,
1,43898306,30,2,25
1,43898380,248,119,
1,43898400,4,0,
1,43898618,33,24,
1,43898717,85,10,
1,43898777,16,3,
1,43898956,7,0,
1,43898982,17,3,
1,43899016,194,156,
1,43899028,494,212,
1,43899053,7,0,
1,43899212,22,5,
1,43899236,421,319,
1,43899251,154,19,
1,43899288,4,0,
1,43899317,30,28,
1,43899350,22,17,
1,43899456,26,1,
1,43899529,15,0,
1,43899557,7,0,
1,43899558,11,0,
1,43899734,26,1,
1,43899878,35,6,
1,43899910,17,3,
1,43900145,8,2,
1,43900264,45,28,
1,43900456,6,0,
1,43900463,171,34,
1,43900608,7,0,
1,43900877,370,363,4
1,43900932,14,4,
1,43900983,6,1,
1,43901081,7,4,
1,43901131,3,0,
1,43901191,26,4,
1,43901204,239,188,
1,43901494,7,0,
1,43901495,208,83,
1,43901575,67,57,
1,43901608,6,0,
1,43901619,354,179,
1,43901676,13,5,
1,43901748,8,3,
1,43901760,23,13,
1,43901985,53,10,
1,43902076,6,0,
1,43902129,7,1,
1,43902167,4,0,
1,43902212,967,400,11
1,43902263,369,254,18
1,43902308,73,70,
1,43902318,7,0,
1,43902328,14,4,
1,43902375,11,1,
1,43902385,4,2,
1,43902473,8,0,
1,43902663,5,1,
1,43902869,102,143,
1,43902897,9,0,
1,43902938,87,80,
1,43903099,20,3,
1,43903130,16,5,
1,43903145,9,0,
1,43903148,43,15,
1,43903396,4,5,
1,43903400,8,36,2
1,43903420,8,0,
1,43903489,13,0,
1,43903534,11,0,
1,43903673,10,4,
1,43903728,127,63,29
1,43903741,272,192,
1,43903771,38,16,
1,43903853,189,215,
1,43903907,8,0,
1,43903945,97,50,
1,43903950,5,2,
1,43903959,161,98,23
1,43903978,7,1,
1,43903984,11,4,
1,43904018,11,0,
1,43904226,12,3,
1,43904257,11,4,
1,43904413,18,4,
1,43904478,7,0,
1,43904511,57,8,
1,43904546,4,0,
1,43904553,4,0,
1,43904664,59,51,
1,43904816,17,3,
1,43904854,51,6,
1,43904865,74,6,30
1,43904989,12,1,
1,43905059,17,0,
1,43905185,211,71,15
1,43905299,180,92,13
1,43905678,8,1,
1,43905697,35,18,
1,43905710,25,1,
1,43905771,6,2,
1,43905942,661,175,1
1,43906018,479,459,17
1,43906058,16,16,
1,43906193,11,1,
1,43906346,85,41,17
1,43906379,9,2,
1,43906442,142,19,20
1,43906727,4,0,
1,43906841,253,100,2
1,43907050,5,0,
1,43907337,7,0,
1,43907376,357,190,
1,43907586,69,22,16
1,43907631,7,0,
1,43907763,37,7,
1,43907795,15,1,
1,43907803,7,4,
1,43907820,274,235,15
1,43907850,31,15,
1,43907941,46,4,28
1,43907994,17,2,
1,43908140,8,0,
1,43908261,12,0,
1,43908368,93,46,9
1,43908428,6,0,
1,43908666,15,3,
1,43908770,34,44,27
1,43908774,7,6,
1,43908797,4,0,
1,43908899,10,2,
1,43908913,8,1,
1,43909037,7,0,
1,43909062,5,2,
1,43909111,64,44,
1,43909124,33,13,
1,43909155,5,0,
1,43909179,6,0,
1,43909220,207,59,26
1,43909360,8,0,
1,43909392,12,1,
1,43909398,40,19,8
1,43909409,45,11,11
1,43909411,5,0,
1,43909430,87,26,7
1,43909432,129,127,24
1,43909448,15,0,
1,43909519,8,4,
1,43909564,4,0,
1,43909627,6,1,
1,43909641,3,0,
1,43909800,8,0,
1,43909824,10,4,
1,43909873,13,1,
1,43909898,17,1,
1,43910155,46,58,
1,43910423,29,10,7
1,43910565,34,7,5
1,43910656,5,0,
1,43910677,8,1,
1,43910681,25,3,6
1,43910685,3,0,30
1,43910720,65,16,12
1,43910745,31,9,4
1,43910751,10,3,
1,43910794,158,33,3
1,43911018,6,0,
1,43911050,11,0,19
1,43911061,24,0,
1,43911167,29,0,18
1,43911187,9,5,
1,43911379,4,2,
2,43840861,186,65,
2,43842306,717,399,
2,43842367,204,79,
2,43842380,182,51,
2,43842683,481,192,
2,43843241,269,180,
2,43843821,529,989,
2,43843902,79,57,
2,43844665,81,15,
2,43845174,139,85,
2,43845826,62,21,
2,43846487,1415,694,
2,43846690,116,12,
2,43846964,137,41,
2,43847432,394,77,
2,43848325,327,96,
2,43848398,163,68,
2,43849271,287,102,
2,43849373,237,86,
2,43849536,175,31,
2,43850309,67,25,
2,43850550,67,22,
2,43851099,385,180,
2,43851143,142,93,
2,43851212,123,44,
2,43851225,131,203,
2,43851260,68,28,
2,43851314,248,180,
2,43851612,471,432,
2,43851787,27,18,
2,43852096,331,57,
2,43852145,1163,597,
2,43852162,803,1015,
2,43852217,116,27,
2,43852266,474,138,
2,43852446,41,3,
2,43853382,299,257,
2,43853499,21,4,
2,43854337,246,181,
2,43854776,275,172,
2,43855386,99,51,
2,43855838,161,34,
2,43856186,502,196,
2,43856208,17,4,
2,43856532,72,126,
2,43856656,147,40,
2,43856795,1025,359,
2,43856798,231,219,
2,43856801,301,109,
2,43856803,400,151,
2,43857405,98,42,
2,43857643,135,84,
2,43857856,76,21,
2,43858136,26,6,
2,43858183,106,30,
2,43858442,84,108,
2,43858521,22,13,
2,43858552,129,363,
2,43858554,258,373,
2,43858568,640,108,
2,43858826,66,25,
2,43858970,117,32,
2,43859165,43,11,
2,43859446,1888,781,
2,43859464,203,30,
2,43859536,727,256,
2,43860108,82,50,
2,43860137,168,22,
2,43860428,94,18,
2,43860726,215,133,
2,43861207,114,48,
2,43861253,153,141,
2,43861297,120,24,
2,43861566,60,14,
2,43861669,86,62,
2,43861771,59,63,
2,43861828,382,402,
2,43862487,261,232,
2,43862643,76,53,
2,43862774,55,8,
2,43863414,105,34,
2,43863418,126,35,
2,43864108,352,275,
2,43864442,79,56,
2,43864589,146,71,
2,43864724,22,10,
2,43864752,59,6,
2,43864800,126,31,
2,43864827,65,79,
2,43864986,50,50,
2,43865097,243,69,
2,43865132,449,227,
2,43865631,82,94,
2,43865740,118,118,
2,43865824,38,1,
2,43865960,113,47,
2,43866001,237,76,
2,43866303,280,276,
2,43866329,72,23,
2,43866585,159,32,
2,43866797,54,27,
2,43866810,22,20,
2,43867211,270,115,
2,43867403,212,135,
2,43867429,125,53,
2,43868074,358,237,
2,43868130,99,25,
2,43868192,574,318,
2,43868231,110,60,
2,43868273,134,41,
2,43868395,67,17,
2,43868694,12,2,
2,43868737,155,57,
2,43868890,28,4,
2,43869236,48,104,
2,43869288,161,106,
2,43869353,387,279,
2,43869794,398,241,
2,43870364,11,3,
2,43870819,250,278,
2,43870969,412,443,
2,43870998,225,25,
2,43871250,26,6,
2,43871601,51,9,
2,43871730,118,60,
2,43871824,37,7,
2,43871984,28,6,
2,43872094,129,23,
2,43872159,203,52,
2,43872625,105,22,
2,43872761,144,66,
2,43872799,78,3,
2,43873074,509,123,
2,43873244,46,0,
2,43873531,404,281,
2,43873604,84,23,
2,43873679,107,84,
2,43874641,240,241,
2,43875134,77,11,
2,43875136,34,26,
2,43875230,45,1,
2,43875360,40,8,
2,43875416,131,67,
2,43875476,787,321,
2,43875505,113,10,
2,43876084,120,52,
2,43876135,36,6,
2,43876243,197,67,
2,43876286,13,0,
2,43876566,201,30,
2,43876725,9,0,
2,43876798,49,19,
2,43876843,46,32,
2,43877301,610,389,
2,43877356,59,10,
2,43877644,496,307,
2,43877797,356,168,
2,43877907,110,113,
2,43877923,75,70,
2,43878191,78,7,
2,43878298,28,5,
2,43878461,101,40,
2,43878560,16,7,
2,43878704,37,15,
2,43878728,386,352,
2,43878824,82,32,
2,43878850,441,442,
2,43878868,27,2,
2,43878878,253,193,
2,43878899,13,1,
2,43878987,52,38,
2,43879282,191,98,
2,43879288,142,156,
2,43879702,283,121,
2,43879715,212,75,
2,43879748,101,84,
2,43880248,75,14,
2,43880472,71,35,
2,43880554,56,10,
2,43880560,63,57,
2,43880883,105,20,
2,43880962,769,170,
2,43880973,452,406,
2,43881035,509,502,
2,43881065,127,178,
2,43881211,253,92,
2,43881391,82,0,
2,43881468,481,163,
2,43881832,71,70,
2,43882118,62,19,
2,43882150,391,310,
2,43882287,44,27,
2,43882291,135,92,
2,43882437,145,8,
2,43882740,26,1,
2,43882809,198,143,
2,43882905,202,178,
2,43882962,79,120,
2,43883040,451,123,
2,43883180,28,17,
2,43883230,75,58,
2,43883587,35,15,
2,43883642,152,173,
2,43883732,57,50,
2,43883747,116,24,
2,43883749,30,0,
2,43883902,328,210,
2,43883946,68,18,
2,43884098,8,1,
2,43884156,91,62,
2,43884418,69,9,13
2,43884635,175,235,
2,43885039,51,23,
2,43885051,49,25,
2,43885101,526,775,
2,43885284,23,6,
2,43885478,205,40,
2,43886023,77,54,
2,43886053,13,0,
2,43886213,70,16,
2,43886243,332,103,
2,43886271,65,10,
2,43886368,120,105,
2,43886399,65,9,
2,43886407,11,10,
2,43886552,143,152,
2,43886601,129,27,
2,43886973,4,0,
2,43887068,7,0,
2,43887073,77,144,
2,43887494,42,47,
2,43887518,27,6,
2,43887546,40,11,
2,43887632,17,0,
2,43887637,224,36,
2,43887708,87,26,
2,43887998,135,65,
2,43888005,114,5,
2,43888033,21,3,
2,43888117,793,196,
2,43888157,182,38,
2,43888191,33,6,
2,43888225,164,165,
2,43888239,79,15,
2,43888268,49,5,
2,43888290,30,6,
2,43888501,59,149,
2,43888777,89,47,
2,43888803,1372,831,
2,43889277,10,0,
2,43889487,33,4,
2,43889502,198,125,
2,43889610,238,59,
2,43889875,140,25,
2,43889963,12,0,
2,43889972,5,0,
2,43890118,10,0,
2,43890146,10,0,
2,43890237,9,5,
2,43890313,10,0,
2,43890412,66,10,
2,43890525,290,308,
2,43890538,218,52,
2,43890649,174,158,
2,43890806,5,0,
2,43891128,142,31,
2,43891147,6,2,
2,43891245,290,192,
2,43891398,90,28,
2,43891723,4,0,
2,43891864,10,0,
2,43892096,283,57,
2,43892119,239,206,
2,43892224,7,0,
2,43892331,18,0,
2,43892442,10,5,
2,43892481,104,78,
2,43892714,7,0,
2,43892773,28,0,
2,43892849,14,3,
2,43892856,76,11,
2,43893020,18,0,
2,43893225,34,0,
2,43893319,26,18,
2,43893412,33,31,
2,43893442,72,22,
2,43893550,84,6,
2,43893601,421,108,
2,43893740,41,51,
2,43893759,53,5,
2,43893762,388,331,
2,43893808,20,2,
2,43893906,203,79,
2,43894175,307,193,
2,43894228,34,11,
2,43894257,60,40,
2,43894305,645,257,
2,43894363,106,106,
2,43894479,8,0,
2,43894678,99,50,
2,43894967,4,0,
2,43895237,105,24,
2,43895456,148,35,
2,43895515,24,11,
2,43895516,106,176,
2,43895622,106,64,
2,43895637,113,105,
2,43895693,6,0,
2,43895852,122,5,
2,43896011,257,130,
2,43896188,256,89,
2,43896199,140,80,
2,43896228,126,106,
2,43896410,72,50,
2,43896609,4,0,
2,43896765,4,0,
2,43896820,39,4,
2,43896835,10,0,
2,43896854,4,0,
2,43896889,44,5,
2,43896944,18,1,28
2,43896948,4,0,
2,43896989,10,1,
2,43897107,30,2,
2,43897129,155,57,
2,43897297,23,10,
2,43897320,370,203,
2,43897333,30,9,
2,43897719,83,10,
2,43897772,591,645,
2,43897816,10,1,
2,43897957,6,0,
2,43898160,11,1,
2,43898280,5,0,
2,43898306,33,3,
2,43898380,248,119,
2,43898400,4,0,
2,43898618,34,24,
2,43898717,86,10,
2,43898777,16,3,
2,43898956,7,0,
2,43898982,17,3,
2,43899016,194,156,
2,43899028,494,212,
2,43899053,7,0,
2,43899212,22,5,
2,43899236,422,323,
2,43899251,154,19,
2,43899288,4,0,
2,43899317,30,28,
2,43899350,23,17,
2,43899456,26,1,
2,43899529,15,0,
2,43899557,7,0,
2,43899734,26,1,
2,43899878,35,6,
2,43899910,17,3,
2,43900145,8,2,
2,43900264,45,28,
2,43900456,6,0,
2,43900463,171,34,
2,43900608,7,0,
2,43900877,389,378,7
2,43900932,14,4,
2,43900983,6,1,
2,43901081,7,4,
2,43901131,9,0,14
2,43901191,26,4,
2,43901204,239,189,
2,43901494,7,0,
2,43901495,208,84,
2,43901575,67,57,
2,43901608,6,0,
2,43901619,354,179,
2,43901676,13,5,
2,43901748,8,3,
2,43901760,24,13,
2,43901985,53,10,
2,43902076,6,0,
2,43902129,7,1,
2,43902167,4,0,
2,43902212,983,402,15
2,43902263,377,259,24
2,43902308,77,72,30
2,43902318,7,0,
2,43902328,14,4,
2,43902375,11,1,
2,43902385,4,2,
2,43902473,8,0,
2,43902663,5,1,
2,43902869,102,143,
2,43902897,9,0,
2,43902938,87,80,
2,43903099,20,3,
2,43903130,16,5,
2,43903145,9,0,
2,43903148,43,15,
2,43903396,4,5,
2,43903400,68,57,1
2,43903420,8,0,
2,43903489,13,0,
2,43903534,11,0,
2,43903673,10,4,
2,43903728,127,64,
2,43903741,275,192,
2,43903771,38,16,
2,43903853,190,215,
2,43903907,8,0,
2,43903945,97,50,
2,43903950,5,2,
2,43903959,163,100,
2,43903978,7,1,
2,43903984,11,4,
2,43904018,11,0,
2,43904226,12,3,
2,43904257,11,4,
2,43904413,18,4,
2,43904478,7,0,
2,43904511,57,8,
2,43904546,4,0,
2,43904553,4,0,
2,43904664,60,51,
2,43904816,17,3,
2,43904854,51,6,
2,43904865,75,6,
2,43904989,12,1,
2,43905059,18,0,
2,43905185,212,71,23
2,43905299,181,95,22
2,43905678,8,1,
2,43905697,35,18,
2,43905710,25,1,
2,43905771,6,2,
2,43905942,688,182,2
2,43906018,493,466,19
2,43906058,17,16,
2,43906193,11,1,
2,43906346,89,42,26
2,43906379,9,2,
2,43906442,143,20,
2,43906727,4,0,
2,43906841,261,100,5
2,43907050,5,0,
2,43907376,363,193,
2,43907586,72,25,25
2,43907631,7,0,
2,43907763,39,7,
2,43907795,15,1,
2,43907803,7,4,
2,43907820,291,243,18
2,43907850,31,15,
2,43907941,47,5,
2,43907994,17,2,
2,43908140,8,0,
2,43908261,13,0,
2,43908368,96,53,16
2,43908428,7,0,
2,43908666,15,3,
2,43908770,35,49,29
2,43908774,7,6,
2,43908899,10,3,
2,43908913,8,1,
2,43909037,7,0,
2,43909062,5,2,
2,43909111,65,45,
2,43909124,33,15,
2,43909155,5,0,
2,43909179,6,1,
2,43909220,209,60,
2,43909360,8,0,
2,43909392,12,1,
2,43909398,44,22,12
2,43909409,86,22,9
2,43909411,5,0,
2,43909430,140,62,6
2,43909432,139,132,27
2,43909448,16,0,
2,43909519,8,4,
2,43909564,4,0,
2,43909627,6,1,
2,43909641,3,0,
2,43909800,8,0,
2,43909824,11,4,
2,43909873,13,1,
2,43909898,17,1,
2,43909961,3,0,
2,43910155,47,60,
2,43910423,33,10,10
2,43910565,36,7,11
2,43910677,8,1,
2,43910681,61,10,3
2,43910685,20,0,8
2,43910720,89,25,
2,43910745,52,25,4
2,43910751,11,4,
2,43911018,8,0,
2,43911050,19,6,21
2,43911167,55,11,20
2,43911187,14,5,
2,43911204,4,0,
2,43911252,25,1,
2,43911258,6,0,
2,43911324,6,0,
2,43911379,7,2,
2,43911399,3,1,
2,43911434,5,0,
2,43911486,5,0,
2,43911571,6,0,
2,43911648,5,2,
3,43840861,186,65,
3,43842306,717,399,
3,43842367,204,79,
3,43842380,182,51,
3,43842683,481,192,
3,43843241,269,180,
3,43843821,529,989,
3,43843902,79,57,
3,43844665,81,15,
3,43845174,139,85,
3,43845826,62,21,
3,43846487,1415,694,
3,43846690,116,12,
3,43846964,137,41,
3,43847432,394,77,
3,43848325,327,96,
3,43848398,163,68,
3,43849271,287,102,
3,43849373,237,86,
3,43849536,175,31,
3,43850309,67,25,
3,43850550,67,22,
3,43851099,385,180,
3,43851143,142,93,
3,43851212,123,44,
3,43851225,131,203,
3,43851260,68,28,
3,43851314,248,180,
3,43851612,471,432,
3,43851787,27,18,
3,43852096,331,57,
3,43852145,1163,597,
3,43852162,803,1015,
3,43852217,116,27,
3,43852266,474,138,
3,43852446,41,3,
3,43853382,299,257,
3,43853499,21,4,
3,43854337,246,181,
3,43854776,275,172,
3,43855386,99,53,
3,43855838,161,34,
3,43856186,502,196,
3,43856208,17,4,
3,43856532,72,126,
3,43856656,147,40,
3,43856795,1025,359,
3,43856798,231,219,
3,43856801,301,109,
3,43856803,400,151,
3,43857405,98,42,
3,43857643,135,84,
3,43857856,76,21,
3,43858136,26,6,
3,43858183,106,30,
3,43858442,84,108,
3,43858521,22,13,
3,43858552,129,363,
3,43858554,258,373,
3,43858568,640,108,
3,43858826,66,25,
3,43858970,117,32,
3,43859165,43,11,
3,43859446,1888,781,
3,43859464,203,30,
3,43859536,727,256,
3,43860108,82,50,
3,43860137,168,22,
3,43860428,94,18,
3,43860726,215,133,
3,43861207,114,48,
3,43861253,153,141,
3,43861297,120,24,
3,43861566,60,14,
3,43861669,86,62,
3,43861771,59,63,
3,43861828,382,402,
3,43862487,261,232,
3,43862643,76,53,
3,43862774,55,8,
3,43863414,105,34,
3,43863418,126,35,
3,43864108,352,275,
3,43864442,79,56,
3,43864589,146,71,
3,43864752,59,6,
3,43864800,126,31,
3,43864827,65,79,
3,43864986,50,50,
3,43865097,243,69,
3,43865132,449,227,
3,43865631,82,94,
3,43865740,118,118,
3,43865824,38,1,
3,43865960,113,47,
3,43866001,237,76,
3,43866303,280,276,
3,43866329,73,23,
3,43866585,159,32,
3,43866797,54,27,
3,43866810,22,20,
3,43867211,270,115,
3,43867403,212,135,
3,43867429,125,53,
3,43868074,358,237,
3,43868130,99,25,
3,43868192,574,318,
3,43868231,110,60,
3,43868273,134,41,
3,43868395,67,17,
3,43868694,12,2,
3,43868737,155,57,
3,43868890,28,4,
3,43869236,48,104,
3,43869288,161,106,
3,43869353,387,279,
3,43869794,398,241,
3,43870364,11,3,
3,43870819,250,278,
3,43870969,412,443,
3,43870998,225,25,
3,43871250,26,6,
3,43871601,53,9,
3,43871730,118,60,
3,43871824,37,7,
3,43871984,28,6,
3,43872094,129,23,
3,43872159,203,52,
3,43872625,105,22,
3,43872761,144,66,
3,43872799,78,3,
3,43873074,509,123,
3,43873244,46,0,
3,43873531,404,281,
3,43873604,84,23,
3,43873679,107,84,
3,43874641,240,241,
3,43875134,77,11,
3,43875136,34,26,
3,43875230,45,1,
3,43875360,40,8,
3,43875416,131,67,
3,43875476,788,321,
3,43875505,113,10,
3,43876084,120,52,
3,43876135,36,6,
3,43876243,197,67,
3,43876286,13,0,
3,43876566,201,30,
3,43876725,9,0,
3,43876798,50,19,
3,43876843,46,32,
3,43877301,610,390,
3,43877356,59,10,
3,43877644,496,307,
3,43877797,356,168,
3,43877907,110,113,
3,43877923,75,70,
3,43878191,78,7,
3,43878298,28,5,
3,43878461,101,40,
3,43878560,16,7,
3,43878704,37,15,
3,43878728,386,352,
3,43878824,82,32,
3,43878850,441,442,
3,43878868,27,2,
3,43878878,253,193,
3,43878899,13,1,
3,43878987,52,38,
3,43879282,191,98,
3,43879288,142,156,
3,43879702,283,121,
3,43879715,212,75,
3,43879748,101,84,
3,43880248,76,14,
3,43880472,71,35,
3,43880554,56,10,
3,43880560,63,57,
3,43880883,105,20,
3,43880962,769,170,
3,43880973,452,406,
3,43881035,509,502,
3,43881065,127,178,
3,43881211,253,93,
3,43881391,82,0,
3,43881468,481,163,
3,43881832,71,70,
3,43882118,62,19,
3,43882150,391,310,
3,43882287,44,27,
3,43882291,135,92,
3,43882437,145,8,
3,43882740,26,1,
3,43882809,198,143,
3,43882905,202,178,
3,43882962,79,120,
3,43883040,451,123,
3,43883180,28,17,
3,43883230,77,58,
3,43883587,35,15,
3,43883642,152,174,
3,43883732,57,50,
3,43883747,116,24,
3,43883749,30,0,
3,43883902,328,210,
3,43883946,68,18,
3,43884098,13,1,23
3,43884156,91,62,
3,43884418,76,9,11
3,43884635,175,235,
3,43885039,51,23,
3,43885051,49,25,
3,43885101,529,785,
3,43885284,23,6,
3,43885478,205,40,
3,43886023,77,54,
3,43886053,13,0,
3,43886213,70,16,
3,43886243,332,103,
3,43886271,65,10,
3,43886368,120,105,
3,43886381,7,4,18
3,43886399,65,9,
3,43886407,11,10,
3,43886552,143,152,
3,43886601,129,27,
3,43886973,4,0,
3,43887068,7,0,
3,43887073,77,144,
3,43887494,42,47,
3,43887518,27,6,
3,43887546,40,11,
3,43887632,17,0,
3,43887637,224,36,
3,43887708,87,26,
3,43887998,135,65,
3,43888005,114,5,
3,43888033,21,3,
3,43888117,793,196,
3,43888157,182,38,
3,43888191,33,6,
3,43888225,164,165,
3,43888239,79,15,
3,43888268,49,5,
3,43888290,30,6,
3,43888501,59,149,
3,43888777,89,47,
3,43888803,1373,831,
3,43889277,11,0,
3,43889487,33,4,
3,43889502,198,125,
3,43889610,238,59,
3,43889875,140,25,
3,43889963,12,0,
3,43890118,10,0,
3,43890237,11,5,
3,43890313,10,0,
3,43890412,66,10,
3,43890525,290,308,
3,43890538,218,52,
3,43890649,174,158,
3,43890806,5,0,
3,43891128,142,31,
3,43891147,6,2,
3,43891245,290,192,
3,43891398,91,28,
3,43891723,4,0,
3,43891864,10,0,
3,43892096,283,58,
3,43892119,239,206,
3,43892224,7,0,
3,43892331,18,0,
3,43892442,10,5,
3,43892481,105,78,
3,43892714,7,0,
3,43892773,28,0,
3,43892849,14,3,
3,43892856,76,11,
3,43893020,18,0,
3,43893225,34,0,
3,43893319,26,18,
3,43893412,33,31,
3,43893442,72,22,
3,43893550,84,6,
3,43893601,421,108,
3,43893740,41,51,
3,43893759,53,5,
3,43893762,388,331,
3,43893906,203,79,
3,43894175,308,193,
3,43894228,34,11,
3,43894257,60,40,
3,43894305,646,257,
3,43894363,106,106,
3,43894479,8,0,
3,43894678,99,50,
3,43894967,4,0,
3,43895237,105,24,
3,43895456,148,35,
3,43895515,24,11,
3,43895516,106,176,
3,43895622,107,64,
3,43895637,113,105,
3,43895693,6,0,
3,43895852,123,5,
3,43896011,257,130,
3,43896188,256,89,
3,43896199,140,81,
3,43896228,126,106,
3,43896410,72,50,
3,43896609,4,0,
3,43896765,4,0,
3,43896820,39,4,
3,43896835,10,0,
3,43896854,4,0,
3,43896889,44,5,
3,43896944,23,1,27
3,43896948,4,0,
3,43896989,10,1,
3,43897107,30,2,
3,43897129,155,57,
3,43897297,23,10,
3,43897320,371,203,
3,43897333,30,9,
3,43897719,83,10,
3,43897772,591,645,
3,43897816,10,1,
3,43898160,11,1,
3,43898280,5,0,
3,43898306,36,3,
3,43898380,249,119,
3,43898400,4,0,
3,43898618,34,24,
3,43898717,86,10,
3,43898777,16,3,
3,43898956,8,0,
3,43898982,17,3,
3,43899016,194,156,
3,43899028,495,213,
3,43899053,7,0,
3,43899212,22,5,
3,43899236,422,324,
3,43899251,154,19,
3,43899288,4,0,
3,43899317,30,28,
3,43899350,23,17,
3,43899456,26,1,
3,43899529,15,0,
3,43899557,7,0,
3,43899734,26,1,
3,43899878,35,6,
3,43899910,17,3,
3,43900145,8,2,
3,43900264,45,28,
3,43900456,6,0,
3,43900463,172,34,
3,43900608,7,0,
3,43900877,409,395,4
3,43900932,14,4,
3,43900983,6,1,
3,43901081,7,4,
3,43901131,12,2,9
3,43901191,26,4,
3,43901204,239,189,
3,43901494,7,0,
3,43901495,209,84,
3,43901575,67,57,
3,43901619,357,180,
3,43901748,8,3,
3,43901760,24,13,
3,43901985,53,10,
3,43902076,6,0,
3,43902129,7,1,
3,43902167,4,0,
3,43902212,998,403,
3,43902263,378,263,
3,43902308,84,78,25
3,43902318,7,0,
3,43902328,14,4,
3,43902375,11,1,
3,43902385,4,2,
3,43902473,8,0,
3,43902663,5,1,
3,43902869,102,143,
3,43902897,9,0,
3,43902938,87,80,
3,43903099,20,3,
3,43903130,16,5,
3,43903145,9,0,
3,43903148,43,16,
3,43903396,4,5,
3,43903400,88,69,5
3,43903420,8,0,
3,43903489,13,0,
3,43903534,11,0,
3,43903673,10,4,
3,43903728,128,64,
3,43903741,278,192,
3,43903771,38,16,
3,43903853,192,216,
3,43903907,8,0,
3,43903945,97,50,
3,43903950,5,2,
3,43903959,164,101,
3,43903978,7,1,
3,43903984,11,4,
3,43904018,11,0,
3,43904226,12,3,
3,43904257,11,4,
3,43904413,18,4,
3,43904478,7,0,
3,43904511,60,8,
3,43904546,4,0,
3,43904553,4,0,
3,43904664,60,51,
3,43904816,17,3,
3,43904854,51,6,
3,43904865,77,6,
3,43904989,12,1,
3,43905059,18,0,
3,43905185,216,72,22
3,43905299,185,96,21
3,43905678,8,1,
3,43905697,35,18,
3,43905710,25,1,
3,43905771,6,2,
3,43905942,709,186,1
3,43906018,517,481,17
3,43906058,19,16,
3,43906193,11,1,
3,43906346,91,42,24
3,43906379,9,2,
3,43906442,152,20,29
3,43906727,4,0,
3,43906841,267,109,2
3,43907050,5,0,
3,43907376,373,198,
3,43907586,77,28,23
3,43907631,7,1,
3,43907763,39,7,
3,43907795,15,1,
3,43907803,7,4,
3,43907820,307,252,12
3,43907850,31,15,
3,43907941,49,6,
3,43907994,17,2,
3,43908140,8,0,
3,43908261,13,0,
3,43908368,101,57,14
3,43908428,9,0,
3,43908666,15,3,
3,43908770,37,50,28
3,43908774,7,6,
3,43908899,11,3,
3,43908913,8,1,
3,43909037,7,0,
3,43909111,65,45,
3,43909124,33,15,
3,43909155,5,0,
3,43909179,6,1,
3,43909220,212,63,
3,43909360,8,0,
3,43909392,12,1,
3,43909398,50,22,9
3,43909409,118,33,5
3,43909411,5,0,
3,43909430,172,111,13
3,43909432,144,143,27
3,43909448,16,0,
3,43909519,8,4,
3,43909564,4,0,
3,43909627,6,1,
3,43909800,9,0,
3,43909824,12,5,
3,43909898,17,1,
3,43909961,5,0,
3,43910155,47,60,
3,43910220,3,0,
3,43910423,37,9,16
3,43910476,4,0,
3,43910565,39,7,12
3,43910677,11,1,
3,43910681,81,13,7
3,43910685,30,1,2
3,43910720,101,28,
3,43910745,66,31,8
3,43910751,11,4,
3,43910760,8,0,
3,43910874,24,12,
3,43911018,8,0,
3,43911050,25,10,22
3,43911167,68,12,20
3,43911187,17,5,
3,43911204,6,0,
3,43911252,69,39,9
3,43911258,13,2,
3,43911266,6,0,
3,43911324,11,0,
3,43911349,3,0,
3,43911379,8,2,
3,43911399,4,1,
3,43911486,6,0,
3,43911570,5,0,
3,43911571,12,2,
3,43911648,10,5,
3,43911682,11,0,
4,43840861,186,65,
4,43842306,717,399,
4,43842367,204,79,
4,43842380,182,51,
4,43842683,481,192,
4,43843241,269,180,
4,43843821,529,989,
4,43843902,79,57,
4,43844665,81,15,
4,43845174,139,85,
4,43845826,62,21,
4,43846487,1415,694,
4,43846690,116,12,
4,43846964,137,41,
4,43847432,394,77,
4,43848325,327,96,
4,43848398,163,68,
4,43849271,287,102,
4,43849373,237,86,
4,43849536,175,31,
4,43850309,67,25,
4,43850550,67,22,
4,43851099,385,180,
4,43851143,142,93,
4,43851212,123,44,
4,43851225,131,203,
4,43851260,68,28,
4,43851314,248,180,
4,43851612,471,432,
4,43851787,27,18,
4,43852096,331,57,
4,43852145,1163,597,
4,43852162,803,1015,
4,43852217,116,27,
4,43852266,474,138,
4,43852446,41,3,
4,43853382,299,257,
4,43853499,21,4,
4,43854337,246,181,
4,43854776,275,172,
4,43855386,99,53,
4,43855838,161,34,
4,43856186,502,196,
4,43856208,17,4,
4,43856532,72,126,
4,43856656,147,40,
4,43856795,1026,359,
4,43856798,231,219,
4,43856801,301,109,
4,43856803,400,151,
4,43857405,98,42,
4,43857643,135,84,
4,43857856,76,21,
4,43858136,26,6,
4,43858183,106,30,
4,43858442,84,108,
4,43858521,22,13,
4,43858552,129,363,
4,43858554,258,373,
4,43858568,640,108,
4,43858826,66,25,
4,43858970,117,32,
4,43859165,43,11,
4,43859446,1888,781,
4,43859464,203,30,
4,43859536,727,256,
4,43860108,82,50,
4,43860137,168,22,
4,43860428,94,18,
4,43860726,215,133,
4,43861207,114,48,
4,43861253,153,141,
4,43861297,120,24,
4,43861566,60,14,
4,43861669,86,62,
4,43861771,59,63,
4,43861828,383,402,
4,43862487,261,232,
4,43862643,76,53,
4,43862774,55,8,
4,43863414,105,34,
4,43863418,126,35,
4,43864108,352,275,
4,43864442,79,56,
4,43864589,146,71,
4,43864752,59,6,
4,43864800,126,31,
4,43864827,65,79,
4,43864986,50,50,
4,43865097,243,69,
4,43865132,449,227,
4,43865631,82,94,
4,43865740,118,118,
4,43865824,38,1,
4,43865960,113,47,
4,43866001,237,76,
4,43866303,280,276,
4,43866329,73,23,
4,43866585,159,32,
4,43866797,54,27,
4,43866810,22,20,
4,43867211,270,115,
4,43867403,212,135,
4,43867429,125,53,
4,43868074,358,237,
4,43868130,99,25,
4,43868192,574,318,
4,43868231,110,60,
4,43868273,134,41,
4,43868395,67,17,
4,43868694,12,2,
4,43868737,155,57,
4,43868890,28,4,
4,43869236,48,104,
4,43869288,161,106,
4,43869353,387,279,
4,43869794,398,241,
4,43870364,11,3,
4,43870819,250,278,
4,43870969,412,443,
4,43870998,225,25,
4,43871250,26,6,
4,43871601,53,9,
4,43871730,119,60,
4,43871824,37,7,
4,43871984,28,6,
4,43872094,129,23,
4,43872159,204,52,
4,43872625,105,22,
4,43872761,144,66,
4,43872799,78,3,
4,43873074,509,123,
4,43873244,46,0,
4,43873531,404,281,
4,43873604,84,23,
4,43873679,107,84,
4,43874641,240,241,
4,43875134,77,11,
4,43875136,34,26,
4,43875230,45,1,
4,43875360,40,8,
4,43875416,131,67,
4,43875476,788,323,
4,43875505,113,10,
4,43876084,120,52,
4,43876135,36,6,
4,43876243,197,67,
4,43876566,201,30,
4,43876725,9,0,
4,43876798,50,19,
4,43876843,46,32,
4,43877301,610,390,
4,43877356,59,10,
4,43877644,496,307,
4,43877797,356,168,
4,43877907,110,113,
4,43877923,75,70,
4,43878191,78,7,
4,43878298,28,5,
4,43878461,101,40,
4,43878560,16,7,
4,43878704,37,15,
4,43878728,386,352,
4,43878824,82,32,
4,43878850,441,442,
4,43878868,27,2,
4,43878878,253,193,
4,43878899,14,1,
4,43878987,52,38,
4,43879282,191,98,
4,43879288,142,156,
4,43879702,283,121,
4,43879715,212,75,
4,43879748,101,84,
4,43880248,76,14,
4,43880472,71,35,
4,43880554,56,10,
4,43880560,63,57,
4,43880883,105,20,
4,43880962,769,170,
4,43880973,452,406,
4,43881035,510,502,
4,43881065,127,178,
4,43881211,254,94,
4,43881391,82,0,
4,43881468,481,163,
4,43882118,62,19,
4,43882150,391,310,
4,43882287,44,27,
4,43882291,135,94,
4,43882437,145,8,
4,43882740,26,1,
4,43882809,198,143,
4,43882905,202,178,
4,43882962,79,120,
4,43883040,451,123,
4,43883180,28,17,
4,43883230,77,58,
4,43883587,35,15,
4,43883642,152,174,
4,43883732,57,50,
4,43883747,116,24,
4,43883749,30,0,
4,43883902,328,210,
4,43883946,68,18,
4,43884098,14,1,
4,43884156,91,62,
4,43884418,87,9,11
4,43884635,175,235,
4,43885039,51,23,
4,43885051,49,25,
4,43885101,533,790,
4,43885284,23,6,
4,43885478,205,40,
4,43886023,77,54,
4,43886053,13,0,
4,43886213,70,16,
4,43886243,332,103,
4,43886271,65,10,
4,43886368,120,105,
4,43886381,12,6,9
4,43886399,65,9,
4,43886552,143,152,
4,43886601,129,27,
4,43886973,4,0,
4,43887068,7,0,
4,43887073,77,144,
4,43887494,42,47,
4,43887518,27,6,
4,43887546,40,11,
4,43887632,17,0,
4,43887637,224,36,
4,43887708,87,27,
4,43887998,135,65,
4,43888005,114,5,
4,43888033,21,3,
4,43888117,793,196,
4,43888157,182,38,
4,43888191,33,6,
4,43888225,164,165,
4,43888239,79,15,
4,43888268,49,5,
4,43888290,30,6,
4,43888501,59,149,
4,43888777,89,47,
4,43888803,1374,832,
4,43889277,11,0,
4,43889487,33,4,
4,43889502,198,125,
4,43889610,239,59,
4,43889875,140,25,
4,43889963,12,0,
4,43890118,10,0,
4,43890237,11,5,
4,43890313,10,0,
4,43890412,66,10,
4,43890525,290,309,
4,43890538,218,53,
4,43890649,174,158,
4,43890806,5,0,
4,43891128,142,31,
4,43891147,6,2,
4,43891245,290,192,
4,43891398,91,28,
4,43891723,4,0,
4,43891864,10,0,
4,43892096,284,58,
4,43892119,239,206,
4,43892224,7,0,
4,43892331,18,0,
4,43892442,10,5,
4,43892481,105,78,
4,43892714,7,0,
4,43892773,28,0,
4,43892849,14,3,
4,43892856,76,11,
4,43893020,18,0,
4,43893225,34,0,
4,43893319,26,18,
4,43893412,33,31,
4,43893442,72,23,
4,43893550,84,6,
4,43893601,422,108,
4,43893740,41,51,
4,43893759,53,5,
4,43893762,388,331,
4,43893906,204,79,
4,43894175,308,194,
4,43894228,34,11,
4,43894257,61,41,
4,43894305,647,257,
4,43894363,106,106,
4,43894479,8,0,
4,43894678,99,50,
4,43894967,4,0,
4,43895237,105,24,
4,43895456,148,35,
4,43895515,24,11,
4,43895516,106,176,
4,43895622,107,64,
4,43895637,113,106,
4,43895693,6,0,
4,43895852,123,5,
4,43896011,257,130,
4,43896188,257,89,
4,43896199,140,82,
4,43896228,126,106,
4,43896410,73,50,
4,43896609,4,0,
4,43896765,4,0,
4,43896820,39,4,
4,43896835,10,0,
4,43896854,4,0,
4,43896889,44,5,
4,43896944,26,1,29
4,43896948,4,0,
4,43896989,10,1,
4,43897107,30,2,
4,43897129,155,57,
4,43897297,23,10,
4,43897320,372,203,
4,43897333,30,9,
4,43897719,83,10,
4,43897772,591,648,
4,43897816,10,1,
4,43898160,11,1,
4,43898280,5,0,
4,43898306,40,5,
4,43898380,249,119,
4,43898400,4,0,
4,43898618,34,24,
4,43898717,86,10,
4,43898777,16,3,
4,43898956,8,0,
4,43898982,17,3,
4,43899016,194,156,
4,43899028,495,214,
4,43899053,7,0,
4,43899212,22,5,
4,43899236,423,325,
4,43899251,154,19,
4,43899288,10,0,18
4,43899317,30,28,
4,43899350,23,17,
4,43899456,26,1,
4,43899529,15,0,
4,43899557,7,0,
4,43899734,26,1,
4,43899878,35,6,
4,43899910,17,3,
4,43900145,8,2,
4,43900264,45,28,
4,43900456,6,0,
4,43900463,172,34,
4,43900877,426,407,3
4,43900932,14,4,
4,43900983,6,1,
4,43901081,7,4,
4,43901131,18,4,12
4,43901191,26,4,
4,43901204,239,190,
4,43901494,7,0,
4,43901495,211,85,
4,43901575,67,57,
4,43901619,360,181,
4,43901748,8,3,
4,43901760,24,13,
4,43901985,53,10,
4,43902076,6,0,
4,43902129,7,1,
4,43902167,4,0,
4,43902212,1009,405,
4,43902263,380,263,
4,43902308,85,83,25
4,43902318,7,0,
4,43902328,14,4,
4,43902375,11,1,
4,43902385,4,2,
4,43902473,8,0,
4,43902663,5,1,
4,43902869,102,143,
4,43902897,9,0,
4,43903099,21,3,
4,43903130,16,5,
4,43903145,9,0,
4,43903148,43,16,
4,43903396,4,5,
4,43903400,108,80,6
4,43903420,8,0,
4,43903489,13,0,
4,43903534,11,0,
4,43903673,10,4,
4,43903728,129,64,
4,43903741,282,194,
4,43903771,38,16,
4,43903853,193,217,
4,43903907,8,0,
4,43903945,97,50,
4,43903950,5,2,
4,43903959,170,104,28
4,43903978,7,1,
4,43903984,11,4,
4,43904018,11,0,
4,43904226,12,3,
4,43904257,11,4,
4,43904413,18,4,
4,43904478,7,0,
4,43904511,60,8,
4,43904546,4,0,
4,43904553,4,0,
4,43904664,61,51,
4,43904816,17,3,
4,43904854,51,6,
4,43904865,77,6,
4,43904989,12,1,
4,43905059,18,0,
4,43905185,221,74,22
4,43905299,192,99,18
4,43905678,8,1,
4,43905697,36,18,
4,43905710,25,1,
4,43905771,6,2,
4,43905942,745,191,1
4,43906018,532,486,15
4,43906058,19,16,
4,43906193,11,1,
4,43906346,94,43,26
4,43906379,9,2,
4,43906442,157,20,27
4,43906727,4,0,
4,43906841,282,112,2
4,43907050,5,0,
4,43907376,378,198,
4,43907586,79,33,24
4,43907631,7,1,
4,43907763,39,7,
4,43907803,7,4,
4,43907820,325,265,9
4,43907941,50,6,
4,43907994,18,2,
4,43908140,8,0,
4,43908261,14,0,
4,43908368,106,61,14
4,43908428,9,0,
4,43908666,15,3,
4,43908770,37,52,30
4,43908774,8,6,
4,43908899,11,3,
4,43908913,8,1,
4,43909037,7,0,
4,43909111,66,46,
4,43909124,34,15,
4,43909155,6,0,
4,43909179,6,1,
4,43909220,215,63,
4,43909360,8,0,
4,43909392,12,1,
4,43909398,55,24,10
4,43909409,143,48,5
4,43909411,5,0,
4,43909430,202,148,14
4,43909432,153,144,29
4,43909448,16,0,
4,43909519,8,4,
4,43909564,4,0,
4,43909627,6,1,
4,43909800,9,0,
4,43909824,12,6,
4,43909898,18,1,
4,43909961,5,0,
4,43910155,47,61,
4,43910220,4,0,
4,43910399,5,0,
4,43910423,39,9,19
4,43910476,4,0,
4,43910565,42,7,15
4,43910677,11,1,
4,43910681,108,16,7
4,43910685,38,6,3
4,43910720,109,29,
4,43910745,80,36,8
4,43910751,11,4,
4,43910760,10,1,
4,43910874,24,12,
4,43911018,9,1,
4,43911050,28,14,27
4,43911167,89,20,19
4,43911187,17,5,
4,43911204,6,0,
4,43911237,4,0,
4,43911252,108,68,9
4,43911258,15,2,
4,43911266,7,0,
4,43911324,11,0,
4,43911349,3,0,
4,43911399,5,1,
4,43911486,7,1,
4,43911570,5,0,
4,43911571,17,2,
4,43911648,16,10,
4,43912012,5,1,
5,43840861,186,65,
5,43842306,717,399,
5,43842367,204,79,
5,43842380,182,51,
5,43842683,481,192,
5,43843241,269,180,
5,43843821,529,989,
5,43843902,80,57,
5,43844665,81,15,
5,43845174,139,85,
5,43845826,62,21,
5,43846487,1416,694,
5,43846690,116,12,
5,43846964,137,41,
5,43847432,394,77,
5,43848325,327,96,
5,43848398,163,68,
5,43849271,288,102,
5,43849373,237,86,
5,43849536,175,31,
5,43850309,67,25,
5,43850550,67,22,
5,43851099,385,180,
5,43851143,142,93,
5,43851212,123,44,
5,43851225,131,203,
5,43851260,68,28,
5,43851314,248,180,
5,43851612,471,432,
5,43851787,27,18,
5,43852096,331,57,
5,43852145,1163,597,
5,43852162,803,1015,
5,43852217,116,27,
5,43852266,474,138,
5,43852446,41,3,
5,43853382,299,257,
5,43853499,21,4,
5,43854337,246,181,
5,43854776,275,172,
5,43855386,99,53,
5,43855838,161,34,
5,43856186,502,196,
5,43856208,17,4,
5,43856532,72,127,
5,43856656,147,40,
5,43856795,1026,359,
5,43856798,231,219,
5,43856801,301,109,
5,43856803,400,151,
5,43857405,98,42,
5,43857643,135,84,
5,43857856,76,21,
5,43858136,26,6,
5,43858183,106,30,
5,43858442,84,108,
5,43858521,22,13,
5,43858552,129,364,
5,43858554,258,373,
5,43858568,640,108,
5,43858826,66,25,
5,43858970,117,32,
5,43859165,43,11,
5,43859446,1888,781,
5,43859464,203,30,
5,43859536,728,256,
5,43860108,82,50,
5,43860137,168,22,
5,43860428,94,18,
5,43860726,215,133,
5,43861207,114,48,
5,43861253,153,141,
5,43861297,120,24,
5,43861566,60,14,
5,43861669,86,62,
5,43861771,59,63,
5,43861828,383,402,
5,43862487,261,232,
5,43862643,76,53,
5,43862774,55,8,
5,43863414,105,34,
5,43863418,126,35,
5,43864108,352,275,
5,43864442,79,56,
5,43864589,146,71,
5,43864752,59,6,
5,43864800,126,31,
5,43864827,65,79,
5,43864986,50,50,
5,43865097,243,69,
5,43865132,449,227,
5,43865631,82,94,
5,43865740,118,118,
5,43865824,38,1,
5,43865960,113,47,
5,43866001,237,76,
5,43866303,280,276,
5,43866329,73,23,
5,43866585,159,32,
5,43866797,54,28,
5,43866810,22,20,
5,43867211,270,115,
5,43867403,212,135,
5,43867429,125,53,
5,43868074,358,237,
5,43868130,99,25,
5,43868192,574,318,
5,43868231,110,60,
5,43868273,134,41,
5,43868395,67,17,
5,43868694,12,2,
5,43868737,155,57,
5,43868890,28,4,
5,43869236,48,105,
5,43869288,161,106,
5,43869353,387,279,
5,43869794,398,241,
5,43870364,11,3,
5,43870819,250,278,
5,43870969,412,443,
5,43870998,225,25,
5,43871250,26,8,
5,43871601,53,9,
5,43871730,122,60,
5,43871824,37,7,
5,43871984,28,6,
5,43872094,129,23,
5,43872159,204,52,
5,43872625,105,22,
5,43872761,144,66,
5,43872799,78,3,
5,43873074,509,123,
5,43873244,46,0,
5,43873531,404,281,
5,43873604,84,23,
5,43873679,107,84,
5,43874641,240,241,
5,43875134,77,11,
5,43875136,34,26,
5,43875230,45,1,
5,43875360,40,8,
5,43875416,131,67,
5,43875476,788,323,
5,43875505,113,10,
5,43876084,120,52,
5,43876135,36,6,
5,43876243,197,67,
5,43876286,13,0,
5,43876566,201,30,
5,43876725,9,0,
5,43876798,50,19,
5,43876843,46,32,
5,43877301,610,390,
5,43877356,59,10,
5,43877644,496,307,
5,43877797,356,168,
5,43877907,110,113,
5,43877923,75,70,
5,43878191,78,7,
5,43878298,28,5,
5,43878461,101,40,
5,43878560,16,7,
5,43878704,37,15,
5,43878728,386,352,
5,43878824,82,32,
5,43878850,441,442,
5,43878868,27,2,
5,43878878,253,193,
5,43878899,14,1,
5,43878987,52,38,
5,43879282,191,98,
5,43879288,142,156,
5,43879702,283,121,
5,43879715,212,75,
5,43879748,101,84,
5,43880248,76,14,
5,43880472,71,35,
5,43880554,56,10,
5,43880560,63,57,
5,43880883,105,20,
5,43880962,770,170,
5,43880973,453,407,
5,43881035,510,502,
5,43881065,127,178,
5,43881211,254,94,
5,43881391,82,0,
5,43881468,481,163,
5,43881832,71,70,
5,43882118,62,19,
5,43882150,391,310,
5,43882287,44,27,
5,43882291,136,95,
5,43882437,145,8,
5,43882740,26,1,
5,43882809,198,143,
5,43882905,202,178,
5,43882962,79,120,
5,43883040,451,123,
5,43883180,28,17,
5,43883230,78,58,
5,43883587,35,15,
5,43883642,153,175,
5,43883732,57,50,
5,43883747,116,24,
5,43883749,30,0,
5,43883902,328,210,
5,43883946,68,18,
5,43884098,15,1,
5,43884156,91,62,
5,43884418,97,9,12
5,43884635,175,235,
5,43885039,51,23,
5,43885051,49,25,
5,43885101,535,790,
5,43885284,23,6,
5,43885478,205,40,
5,43886023,77,54,
5,43886053,13,0,
5,43886213,70,16,
5,43886243,332,103,
5,43886271,65,10,
5,43886368,120,105,
5,43886381,25,12,7
5,43886399,65,9,
5,43886552,143,152,
5,43886601,129,27,
5,43886973,4,0,
5,43887068,7,0,
5,43887073,77,144,
5,43887494,42,47,
5,43887518,27,6,
5,43887546,40,11,
5,43887632,17,0,
5,43887637,224,36,
5,43887708,87,27,
5,43887998,135,65,
5,43888005,114,5,
5,43888033,21,3,
5,43888117,794,196,
5,43888157,182,38,
5,43888191,33,6,
5,43888225,164,165,
5,43888239,79,15,
5,43888268,49,5,
5,43888290,30,6,
5,43888501,59,149,
5,43888777,89,47,
5,43888803,1375,832,
5,43889277,11,0,
5,43889487,33,4,
5,43889502,198,125,
5,43889610,240,59,
5,43889875,140,25,
5,43889963,12,0,
5,43890118,10,0,
5,43890237,11,5,
5,43890313,10,0,
5,43890412,66,10,
5,43890525,290,310,
5,43890538,219,53,
5,43890649,174,158,
5,43890806,5,0,
5,43891128,143,31,
5,43891147,6,2,
5,43891245,291,193,
5,43891398,91,28,
5,43891723,4,0,
5,43891864,10,0,
5,43892096,284,58,
5,43892119,240,206,
5,43892224,7,0,
5,43892331,18,0,
5,43892442,10,5,
5,43892481,106,78,
5,43892714,7,0,
5,43892773,28,0,
5,43892849,14,3,
5,43892856,76,11,
5,43893020,18,0,
5,43893225,34,0,
5,43893319,26,18,
5,43893412,33,31,
5,43893442,72,23,
5,43893550,84,6,
5,43893601,422,108,
5,43893740,41,51,
5,43893759,53,5,
5,43893762,388,331,
5,43893906,204,79,
5,43894175,308,193,
5,43894228,34,11,
5,43894257,61,41,
5,43894305,648,257,
5,43894363,106,106,
5,43894479,8,0,
5,43894678,99,50,
5,43894967,4,0,
5,43895237,105,24,
5,43895456,148,35,
5,43895515,24,11,
5,43895516,106,176,
5,43895622,107,64,
5,43895637,113,106,
5,43895693,6,0,
5,43895852,123,5,
5,43896011,257,130,
5,43896188,257,90,
5,43896199,140,82,
5,43896228,126,106,
5,43896410,73,50,
5,43896609,4,0,20
5,43896765,4,0,
5,43896820,39,4,
5,43896835,10,0,
5,43896854,4,0,
5,43896889,44,5,
5,43896944,28,2,30
5,43896948,4,0,
5,43896989,10,1,
5,43897107,30,2,
5,43897129,155,57,
5,43897297,23,10,
5,43897320,372,203,
5,43897333,30,9,
5,43897719,83,10,
5,43897772,591,649,
5,43897816,10,1,
5,43898160,11,1,
5,43898280,5,0,
5,43898306,41,5,
5,43898380,249,119,
5,43898400,4,0,
5,43898618,34,24,
5,43898717,86,10,
5,43898777,16,3,
5,43898956,8,0,
5,43899016,194,156,
5,43899028,495,214,
5,43899053,7,0,
5,43899212,22,5,
5,43899236,424,328,
5,43899251,154,19,
5,43899288,25,8,2
5,43899317,30,30,
5,43899350,23,17,
5,43899456,26,1,
5,43899529,15,0,
5,43899557,7,0,
5,43899734,27,1,
5,43899878,35,6,
5,43899910,17,3,
5,43900145,8,2,
5,43900264,45,28,
5,43900456,6,0,
5,43900463,172,34,
5,43900877,443,414,4
5,43900932,14,4,
5,43900983,6,1,
5,43901081,7,4,
5,43901131,22,5,12
5,43901191,26,4,
5,43901204,240,190,
5,43901494,7,0,
5,43901495,211,85,
5,43901575,67,57,
5,43901619,361,181,
5,43901748,8,3,
5,43901760,24,13,
5,43901985,54,10,
5,43902076,6,0,
5,43902129,7,1,
5,43902167,4,0,
5,43902212,1017,408,
5,43902263,381,263,
5,43902308,90,90,26
5,43902318,7,0,
5,43902328,14,4,
5,43902375,11,1,
5,43902385,4,2,
5,43902473,8,0,
5,43902663,5,1,
5,43902869,102,143,
5,43902897,9,0,
5,43903099,21,3,
5,43903130,16,5,
5,43903145,9,0,
5,43903148,43,16,
5,43903396,4,5,
5,43903400,126,84,8
5,43903420,8,0,
5,43903489,13,0,
5,43903534,11,0,
5,43903673,10,4,
5,43903728,129,64,
5,43903741,283,194,
5,43903771,39,16,
5,43903853,193,219,
5,43903907,8,0,
5,43903945,98,50,
5,43903950,5,2,
5,43903959,175,104,29
5,43903978,7,1,
5,43903984,11,4,
5,43904018,11,0,
5,43904226,12,3,
5,43904257,11,4,
5,43904413,18,4,
5,43904478,7,0,
5,43904511,61,8,
5,43904546,4,0,
5,43904553,4,0,
5,43904664,61,51,
5,43904816,17,3,
5,43904854,52,7,
5,43904865,81,6,
5,43904989,12,1,
5,43905059,18,0,
5,43905185,227,74,22
5,43905299,194,101,19
5,43905678,8,1,
5,43905697,36,18,
5,43905710,25,1,
5,43905771,6,2,
5,43905942,778,198,1
5,43906018,544,497,15
5,43906058,19,16,
5,43906193,11,1,
5,43906346,95,43,27
5,43906379,9,2,
5,43906442,162,21,28
5,43906727,4,0,
5,43906841,293,115,2
5,43907050,5,0,
5,43907376,384,199,
5,43907586,82,34,25
5,43907631,7,1,
5,43907763,39,7,
5,43907803,7,4,
5,43907820,349,275,10
5,43907941,50,7,
5,43907994,18,2,
5,43908140,8,0,
5,43908261,14,0,
5,43908368,113,63,16
5,43908428,10,0,
5,43908666,16,3,
5,43908770,39,52,
5,43908774,8,6,
5,43908899,11,3,
5,43908913,8,1,
5,43909037,7,0,
5,43909111,66,46,
5,43909124,35,15,
5,43909155,6,0,
5,43909179,6,1,
5,43909220,219,63,
5,43909360,8,0,
5,43909392,12,1,
5,43909398,59,24,12
5,43909409,170,60,5
5,43909411,5,0,
5,43909430,237,200,18
5,43909432,158,144,
5,43909448,16,0,
5,43909519,8,4,
5,43909627,6,1,
5,43909824,12,6,
5,43909898,18,1,
5,43909961,5,0,
5,43910155,47,61,
5,43910220,4,0,
5,43910399,7,0,
5,43910423,45,9,20
5,43910476,5,0,
5,43910565,45,7,15
5,43910677,11,1,
5,43910681,135,20,7
5,43910685,44,6,3
5,43910720,112,30,
5,43910745,91,47,10
5,43910751,14,4,
5,43910760,11,1,
5,43911018,9,1,
5,43911050,29,15,
5,43911167,107,27,21
5,43911187,19,5,
5,43911204,6,0,
5,43911237,4,0,
5,43911252,126,84,19
5,43911258,15,2,
5,43911266,8,0,
5,43911324,11,0,
5,43911349,5,0,
5,43911399,5,1,
5,43911486,7,1,
5,43911570,5,0,
5,43911571,21,2,
5,43911648,18,13,
5,43912012,8,1,
5,43912205,4,1,
5,43912321,3,0,
5,43912440,3,0,
6,43840842,555,441,
6,43840861,186,65,
6,43842306,717,399,
6,43842367,204,79,
6,43842380,182,51,
6,43842683,482,192,
6,43843241,269,180,
6,43843821,529,989,
6,43843902,80,57,
6,43844665,81,15,
6,43845174,139,85,
6,43845826,62,21,
6,43846487,1416,694,
6,43846690,116,12,
6,43846964,137,41,
6,43847432,394,77,
6,43848325,327,96,
6,43848398,163,68,
6,43849271,288,102,
6,43849373,237,86,
6,43849536,175,31,
6,43850238,193,57,
6,43850309,67,25,
6,43850550,67,22,
6,43851099,385,180,
6,43851143,142,93,
6,43851212,123,44,
6,43851225,131,203,
6,43851260,68,28,
6,43851314,248,180,
6,43851612,472,432,
6,43851787,27,18,
6,43852096,331,57,
6,43852145,1163,597,
6,43852162,803,1016,
6,43852217,116,27,
6,43852266,475,138,
6,43852446,41,3,
6,43853382,299,257,
6,43853499,21,4,
6,43854337,246,181,
6,43854776,275,172,
6,43855386,99,53,
6,43855838,161,34,
6,43856186,504,196,
6,43856208,17,4,
6,43856532,72,129,
6,43856656,147,40,
6,43856795,1026,359,
6,43856798,231,219,
6,43856801,301,109,
6,43856803,400,151,
6,43857405,98,42,
6,43857643,135,84,
6,43857856,76,21,
6,43858136,26,6,
6,43858183,106,30,
6,43858442,84,108,
6,43858521,22,13,
6,43858552,129,364,
6,43858554,258,373,
6,43858568,640,108,
6,43858826,66,25,
6,43858970,117,32,
6,43859165,43,11,
6,43859446,1888,781,
6,43859464,203,30,
6,43859536,728,256,
6,43860108,82,50,
6,43860137,168,22,
6,43860428,94,18,
6,43860726,215,133,
6,43861207,114,48,
6,43861253,153,141,
6,43861297,120,24,
6,43861566,60,14,
6,43861669,86,62,
6,43861771,59,63,
6,43861828,383,402,
6,43862487,261,232,
6,43862643,76,53,
6,43862774,55,8,
6,43863414,105,34,
6,43863418,126,35,
6,43864108,352,275,
6,43864442,79,56,
6,43864589,146,71,
6,43864724,22,10,
6,43864752,59,6,
6,43864800,126,31,
6,43864827,65,79,
6,43864986,50,50,
6,43865097,243,69,
6,43865132,449,227,
6,43865631,82,94,
6,43865740,118,118,
6,43865824,38,1,
6,43865960,114,47,
6,43866001,237,76,
6,43866303,280,276,
6,43866329,73,23,
6,43866585,159,32,
6,43866797,54,29,
6,43866810,22,20,
6,43867211,270,115,
6,43867403,212,135,
6,43867429,125,53,
6,43868074,358,237,
6,43868130,99,25,
6,43868192,575,318,
6,43868231,110,60,
6,43868273,134,41,
6,43868395,67,17,
6,43868694,12,2,
6,43868737,155,57,
6,43868890,28,4,
6,43869236,48,105,
6,43869288,161,106,
6,43869353,387,279,
6,43869794,398,241,
6,43870364,11,3,
6,43870819,250,278,
6,43870969,413,443,
6,43870998,225,25,
6,43871250,26,8,
6,43871601,53,9,
6,43871730,123,60,
6,43871824,37,7,
6,43871984,28,6,
6,43872094,129,23,
6,43872159,204,52,
6,43872625,105,22,
6,43872761,144,66,
6,43872799,78,3,
6,43873074,509,123,
6,43873244,46,0,
6,43873531,405,281,
6,43873604,84,23,
6,43873679,107,84,
6,43874641,240,242,
6,43875134,77,11,
6,43875136,34,26,
6,43875230,45,1,
6,43875360,40,8,
6,43875416,131,67,
6,43875476,791,323,
6,43875505,113,10,
6,43876084,120,52,
6,43876135,36,6,
6,43876243,197,67,
6,43876286,13,0,
6,43876566,201,30,
6,43876725,9,0,
6,43876798,50,19,
6,43876843,46,32,
6,43877301,610,390,
6,43877356,59,10,
6,43877644,497,308,
6,43877797,356,168,
6,43877907,110,113,
6,43877923,75,70,
6,43878191,78,7,
6,43878298,28,5,
6,43878461,101,40,
6,43878560,16,7,
6,43878704,37,15,
6,43878728,386,352,
6,43878824,82,32,
6,43878850,442,442,
6,43878868,27,2,
6,43878878,253,193,
6,43878899,14,1,
6,43878987,52,38,
6,43879282,191,98,
6,43879288,142,156,
6,43879702,283,121,
6,43879715,212,75,
6,43879748,101,84,
6,43880248,76,14,
6,43880472,72,35,
6,43880554,56,10,
6,43880560,63,57,
6,43880883,105,20,
6,43880962,770,170,
6,43880973,454,407,
6,43881035,511,502,
6,43881065,127,178,
6,43881211,255,94,
6,43881391,82,0,
6,43881468,482,163,
6,43881832,71,70,
6,43882118,62,19,
6,43882150,391,310,
6,43882287,44,27,
6,43882291,138,95,
6,43882437,145,8,
6,43882740,26,1,
6,43882809,198,143,
6,43882905,202,178,
6,43882962,79,120,
6,43883040,451,123,
6,43883180,28,17,
6,43883230,78,58,
6,43883587,35,15,
6,43883642,153,175,
6,43883732,57,50,
6,43883747,116,24,
6,43883749,30,0,
6,43883902,328,210,
6,43883946,68,18,
6,43884098,16,1,
6,43884156,91,62,
6,43884418,104,12,13
6,43884635,175,235,
6,43885039,51,23,
6,43885051,50,25,
6,43885101,535,793,
6,43885284,23,6,
6,43885478,206,40,
6,43886023,77,54,
6,43886053,13,0,
6,43886213,70,16,
6,43886243,332,103,
6,43886271,65,10,
6,43886368,120,105,
6,43886381,41,24,2
6,43886399,65,9,
6,43886552,143,152,
6,43886601,129,27,
6,43886973,4,0,
6,43887068,7,0,
6,43887073,77,144,
6,43887494,42,47,
6,43887518,27,6,
6,43887546,40,11,
6,43887632,17,0,
6,43887637,225,36,
6,43887708,87,27,
6,43887998,136,65,
6,43888005,114,5,
6,43888033,21,3,
6,43888117,796,196,
6,43888157,182,38,
6,43888191,33,6,
6,43888225,164,165,
6,43888239,79,15,
6,43888268,49,5,
6,43888290,30,6,
6,43888501,59,149,
6,43888777,89,47,
6,43888803,1376,832,
6,43889277,11,1,
6,43889487,33,4,
6,43889502,199,125,
6,43889610,240,59,
6,43889875,140,25,
6,43889963,12,0,
6,43890118,10,0,
6,43890237,11,5,
6,43890313,10,0,
6,43890412,66,10,
6,43890525,291,311,
6,43890538,220,53,
6,43890649,174,158,
6,43891128,143,31,
6,43891147,6,2,
6,43891245,292,193,
6,43891398,92,28,
6,43891723,4,0,
6,43891864,10,0,
6,43892096,285,58,
6,43892119,240,206,
6,43892224,7,0,
6,43892331,18,0,
6,43892442,10,5,
6,43892481,106,78,
6,43892714,7,0,
6,43892773,28,0,
6,43892849,14,3,
6,43892856,76,11,
6,43893020,18,0,
6,43893225,34,0,
6,43893319,26,18,
6,43893412,33,31,
6,43893442,72,23,
6,43893550,84,6,
6,43893601,422,108,
6,43893740,41,51,
6,43893759,53,5,
6,43893762,388,331,
6,43893906,205,79,
6,43894175,309,193,
6,43894228,34,11,
6,43894257,62,41,
6,43894305,651,257,
6,43894363,108,106,
6,43894479,8,0,
6,43894678,99,50,
6,43894967,4,0,
6,43895237,105,24,
6,43895456,148,35,
6,43895515,24,11,
6,43895516,107,178,
6,43895622,107,64,
6,43895637,114,106,
6,43895693,6,0,
6,43895852,123,5,
6,43896011,259,130,
6,43896188,259,90,
6,43896199,140,82,
6,43896228,126,107,
6,43896410,74,50,
6,43896609,13,2,7
6,43896765,4,0,21
6,43896820,39,4,
6,43896835,10,0,
6,43896854,4,0,
6,43896889,44,5,
6,43896944,31,2,30
6,43896948,4,0,
6,43896989,10,1,
6,43897107,30,2,
6,43897129,155,57,
6,43897297,23,10,
6,43897320,372,203,
6,43897333,30,9,
6,43897719,84,10,
6,43897772,593,649,
6,43897816,10,1,
6,43898160,11,1,
6,43898280,5,0,
6,43898306,42,5,
6,43898380,250,119,
6,43898400,4,0,
6,43898618,34,24,
6,43898717,87,10,
6,43898777,16,3,
6,43898956,8,0,
6,43899016,196,156,
6,43899028,497,215,
6,43899053,7,0,
6,43899212,22,5,
6,43899236,424,328,
6,43899251,155,19,
6,43899288,41,14,4
6,43899317,30,30,
6,43899350,23,17,
6,43899456,26,1,
6,43899529,15,0,
6,43899557,7,0,
6,43899734,28,1,
6,43899878,35,6,
6,43899910,17,3,
6,43900145,8,2,
6,43900264,45,28,
6,43900456,6,0,
6,43900463,173,35,
6,43900877,454,423,4
6,43900983,6,1,
6,43901081,7,4,
6,43901131,23,7,14
6,43901191,26,4,
6,43901204,241,191,
6,43901494,7,0,
6,43901495,211,86,
6,43901575,67,57,
6,43901619,363,181,
6,43901748,8,3,
6,43901760,24,13,
6,43901985,55,10,
6,43902076,6,0,
6,43902129,7,1,
6,43902212,1026,409,
6,43902263,383,265,
6,43902308,96,101,24
6,43902318,7,0,
6,43902328,14,4,
6,43902375,11,1,
6,43902385,4,2,
6,43902473,8,0,
6,43902663,5,1,
6,43902869,105,143,
6,43902897,10,0,
6,43903099,21,3,
6,43903130,16,5,
6,43903145,9,0,
6,43903148,44,16,
6,43903396,4,5,
6,43903400,133,87,10
6,43903420,8,0,
6,43903489,13,0,
6,43903534,11,0,
6,43903673,10,4,
6,43903728,130,64,
6,43903741,287,199,
6,43903771,39,16,
6,43903853,194,220,
6,43903907,8,0,
6,43903945,100,52,
6,43903950,5,2,
6,43903959,180,106,30
6,43903978,7,1,
6,43903984,12,4,
6,43904018,11,0,
6,43904226,12,3,
6,43904257,11,4,
6,43904413,18,4,
6,43904478,7,0,
6,43904511,61,8,
6,43904546,4,0,
6,43904553,4,0,
6,43904664,61,51,
6,43904854,52,7,
6,43904865,83,7,
6,43904989,12,1,
6,43905059,19,0,
6,43905185,231,74,22
6,43905299,196,105,20
6,43905678,9,1,
6,43905697,36,18,
6,43905710,28,1,
6,43905771,9,2,
6,43905942,810,208,1
6,43906018,563,512,15
6,43906023,4,0,
6,43906058,19,16,
6,43906193,11,1,
6,43906346,98,43,28
6,43906379,9,2,
6,43906442,172,21,29
6,43906727,4,0,
6,43906841,305,117,3
6,43907050,5,0,
6,43907376,391,202,
6,43907586,85,37,26
6,43907631,7,1,
6,43907763,39,7,
6,43907803,7,4,
6,43907820,373,288,9
6,43907941,52,7,
6,43907994,21,2,
6,43908140,8,0,
6,43908261,16,0,
6,43908368,117,64,16
6,43908428,10,0,
6,43908666,16,3,
6,43908770,42,52,
6,43908774,8,6,
6,43908899,11,3,
6,43908913,8,1,
6,43909037,8,0,
6,43909111,67,46,
6,43909124,35,15,
6,43909155,6,0,
6,43909179,6,1,
6,43909220,223,63,
6,43909360,8,0,
6,43909392,12,1,
6,43909398,69,25,11
6,43909409,204,65,6
6,43909411,5,0,
6,43909430,266,229,18
6,43909432,161,146,
6,43909448,16,0,
6,43909519,9,5,
6,43909627,6,1,
6,43909824,12,7,
6,43909898,19,1,
6,43909961,6,0,
6,43910155,47,61,
6,43910220,4,0,
6,43910399,8,0,
6,43910423,51,9,18
6,43910476,5,0,
6,43910565,49,7,17
6,43910677,11,1,
6,43910681,166,23,8
6,43910685,51,6,5
6,43910720,118,31,
6,43910745,104,61,11
6,43910751,14,4,
6,43910760,13,2,
6,43911018,9,1,
6,43911050,29,16,
6,43911167,123,35,21
6,43911187,19,5,
6,43911204,6,0,
6,43911237,4,0,
6,43911252,143,99,25
6,43911258,15,2,
6,43911266,8,0,
6,43911324,12,0,
6,43911349,5,0,
6,43911399,5,1,
6,43911486,7,1,
6,43911570,5,0,
6,43911571,24,3,
6,43911648,18,16,
6,43912012,8,1,
6,43912205,5,1,
6,43912321,4,0,
6,43912440,4,0,
7,43840842,555,444,
7,43840861,186,65,
7,43842306,717,399,
7,43842367,204,79,
7,43842380,182,51,
7,43842683,482,192,
7,43843241,269,180,
7,43843821,529,989,
7,43843902,80,57,
7,43844665,81,15,
7,43845174,139,85,
7,43845826,62,21,
7,43846487,1416,694,
7,43846690,116,12,
7,43846964,137,41,
7,43847432,394,77,
7,43848325,327,96,
7,43848398,163,68,
7,43849271,288,102,
7,43849373,237,86,
7,43849536,175,31,
7,43850238,193,57,
7,43850309,67,25,
7,43850550,67,22,
7,43851099,385,180,
7,43851143,142,93,
7,43851212,123,44,
7,43851225,131,203,
7,43851260,68,28,
7,43851314,248,180,
7,43851612,472,432,
7,43851787,27,18,
7,43852096,331,57,
7,43852145,1163,597,
7,43852162,803,1016,
7,43852217,116,27,
7,43852266,475,138,
7,43852446,41,3,
7,43853382,299,257,
7,43853499,21,4,
7,43854337,246,181,
7,43854776,275,172,
7,43855386,100,53,
7,43855838,161,34,
7,43856186,504,196,
7,43856208,17,4,
7,43856532,72,129,
7,43856656,147,40,
7,43856795,1026,359,
7,43856798,231,219,
7,43856801,301,109,
7,43856803,400,151,
7,43857405,98,42,
7,43857643,135,84,
7,43857856,76,21,
7,43858136,26,6,
7,43858183,106,30,
7,43858442,84,108,
7,43858521,22,13,
7,43858552,129,366,
7,43858554,258,373,
7,43858568,640,108,
7,43858826,66,25,
7,43858970,117,32,
7,43859165,43,11,
7,43859446,1888,781,
7,43859464,203,30,
7,43859536,728,256,
7,43860108,82,50,
7,43860137,168,22,
7,43860207,184,85,
7,43860428,94,18,
7,43860726,215,133,
7,43861207,114,48,
7,43861253,153,141,
7,43861297,120,24,
7,43861566,60,14,
7,43861669,86,62,
7,43861771,59,63,
7,43861828,383,402,
7,43862487,261,232,
7,43862643,76,53,
7,43862774,55,9,
7,43863414,105,34,
7,43863418,126,35,
7,43864108,352,275,
7,43864442,79,56,
7,43864589,146,71,
7,43864724,22,10,
7,43864752,59,6,
7,43864800,126,31,
7,43864827,65,79,
7,43864986,50,50,
7,43865097,243,69,
7,43865132,449,227,
7,43865631,82,94,
7,43865740,118,118,
7,43865824,38,1,
7,43865960,114,47,
7,43866001,237,76,
7,43866303,280,276,
7,43866329,74,23,
7,43866585,159,32,
7,43866797,54,29,
7,43866810,22,20,
7,43867211,270,115,
7,43867403,212,135,
7,43867429,125,53,
7,43868074,358,237,
7,43868130,99,25,
7,43868192,575,318,
7,43868231,110,60,
7,43868273,134,41,
7,43868395,67,17,
7,43868694,12,2,
7,43868737,155,57,
7,43868890,28,4,
7,43869236,48,105,
7,43869288,161,106,
7,43869353,388,279,
7,43869794,398,241,
7,43870364,11,3,
7,43870819,250,278,
7,43870969,413,443,
7,43870998,225,25,
7,43871250,26,8,
7,43871601,54,9,
7,43871730,124,60,
7,43871824,37,7,
7,43871984,28,6,
7,43872094,129,23,
7,43872159,204,52,
7,43872625,105,22,
7,43872761,144,66,
7,43872799,78,3,
7,43873074,510,123,
7,43873244,46,0,
7,43873531,405,281,
7,43873604,84,23,
7,43873679,107,84,
7,43874641,240,242,
7,43875134,77,11,
7,43875136,34,26,
7,43875230,45,1,
7,43875360,40,8,
7,43875416,131,67,
7,43875476,791,329,
7,43875505,113,10,
7,43876084,120,52,
7,43876135,36,6,
7,43876243,197,67,
7,43876286,13,0,
7,43876566,201,30,
7,43876725,9,0,
7,43876798,50,19,
7,43876843,46,32,
7,43877301,610,390,
7,43877356,59,10,
7,43877644,497,308,
7,43877797,356,168,
7,43877907,110,113,
7,43877923,75,70,
7,43878191,78,7,
7,43878298,28,5,
7,43878461,101,40,
7,43878560,16,7,
7,43878704,37,15,
7,43878728,387,352,
7,43878824,82,32,
7,43878850,442,442,
7,43878868,27,2,
7,43878878,253,193,
7,43878899,14,1,
7,43878987,52,38,
7,43879282,191,98,
7,43879288,142,156,
7,43879702,283,121,
7,43879715,212,75,
7,43879748,101,84,
7,43880248,76,14,
7,43880472,72,35,
7,43880554,56,10,
7,43880560,63,57,
7,43880883,105,20,
7,43880962,771,170,
7,43880973,454,407,
7,43881035,511,502,
7,43881065,127,178,
7,43881211,255,95,
7,43881391,82,0,
7,43881468,482,163,
7,43881832,71,70,
7,43882118,62,19,
7,43882150,391,310,
7,43882287,45,27,
7,43882291,138,95,
7,43882437,145,8,
7,43882740,26,1,
7,43882809,198,143,
7,43882905,202,178,
7,43882962,79,120,
7,43883040,453,123,
7,43883180,28,17,
7,43883230,79,59,
7,43883587,35,15,
7,43883642,153,176,
7,43883732,57,50,
7,43883747,116,24,
7,43883749,30,0,
7,43883902,328,210,
7,43883946,68,18,
7,43884098,16,1,
7,43884156,91,62,
7,43884418,113,12,15
7,43884635,175,235,
7,43885039,51,23,
7,43885051,50,25,
7,43885101,536,798,
7,43885284,23,6,
7,43885478,206,40,
7,43886023,77,54,
7,43886053,13,0,
7,43886213,70,16,
7,43886243,333,103,
7,43886271,65,10,
7,43886368,120,105,
7,43886381,60,42,2
7,43886399,65,9,
7,43886552,143,152,
7,43886601,129,27,
7,43886973,4,0,
7,43887068,7,0,
7,43887073,77,144,
7,43887494,42,47,
7,43887518,27,6,
7,43887546,40,11,
7,43887632,17,0,
7,43887637,225,36,
7,43887708,87,27,
7,43887874,4,0,
7,43887998,136,65,
7,43888005,115,5,
7,43888033,21,3,
7,43888117,797,196,
7,43888157,182,38,
7,43888191,33,6,
7,43888225,164,165,
7,43888239,79,15,
7,43888268,49,5,
7,43888290,30,6,
7,43888501,59,149,
7,43888777,89,47,
7,43888803,1376,832,
7,43889277,12,1,
7,43889487,33,4,
7,43889502,199,125,
7,43889610,240,59,
7,43889875,140,25,
7,43889963,12,0,
7,43890118,10,0,
7,43890237,11,5,
7,43890313,10,0,
7,43890412,66,10,
7,43890525,291,311,
7,43890538,220,53,
7,43890649,174,158,
7,43891128,143,31,
7,43891147,6,2,
7,43891245,292,193,
7,43891398,92,28,
7,43891723,4,0,
7,43891864,10,0,
7,43892096,285,58,
7,43892119,240,206,
7,43892224,7,0,
7,43892331,18,0,
7,43892442,10,5,
7,43892481,106,78,
7,43892714,7,0,
7,43892773,28,0,
7,43892849,14,3,
7,43892856,76,11,
7,43893020,18,0,
7,43893225,34,0,
7,43893319,26,18,
7,43893412,33,31,
7,43893442,72,23,
7,43893550,84,6,
7,43893601,423,108,
7,43893740,41,51,
7,43893759,53,5,
7,43893762,389,331,
7,43893906,205,79,
7,43894175,309,194,
7,43894228,34,11,
7,43894257,62,42,
7,43894305,653,257,
7,43894363,108,106,
7,43894479,8,0,
7,43894678,99,50,
7,43894967,4,0,
7,43895237,105,24,
7,43895456,148,35,
7,43895515,24,11,
7,43895516,107,178,
7,43895622,107,64,
7,43895637,114,106,
7,43895693,6,0,
7,43895852,123,5,
7,43896011,260,130,
7,43896188,259,90,
7,43896199,140,82,
7,43896228,126,107,
7,43896410,74,50,
7,43896609,15,3,9
7,43896765,7,0,21
7,43896820,39,4,
7,43896835,10,0,
7,43896854,4,0,
7,43896889,44,5,
7,43896944,31,2,
7,43896948,4,0,
7,43896989,10,1,
7,43897107,30,2,
7,43897129,155,57,
7,43897297,23,10,
7,43897320,372,203,
7,43897333,30,9,
7,43897719,84,10,
7,43897772,593,650,
7,43897816,10,1,
7,43898160,11,1,
7,43898280,5,0,
7,43898306,43,6,
7,43898380,251,120,
7,43898400,4,0,
7,43898618,34,24,
7,43898717,87,10,
7,43898777,16,3,
7,43898956,8,0,
7,43899016,196,158,
7,43899028,500,215,
7,43899053,7,0,
7,43899212,22,5,
7,43899236,424,330,
7,43899251,155,19,
7,43899288,46,17,8
7,43899317,30,30,
7,43899350,23,17,
7,43899456,26,1,
7,43899529,15,0,
7,43899734,28,1,
7,43899878,35,6,
7,43899910,17,3,
7,43900145,8,2,
7,43900264,45,28,
7,43900456,6,0,
7,43900463,173,35,
7,43900877,467,435,4
7,43900983,6,1,
7,43901081,7,4,
7,43901131,28,8,17
7,43901204,242,191,
7,43901494,7,0,
7,43901495,213,86,
7,43901575,67,57,
7,43901619,366,181,
7,43901748,8,3,
7,43901760,24,13,
7,43901985,55,10,
7,43902076,6,0,
7,43902129,7,1,
7,43902212,1035,410,
7,43902263,384,266,
7,43902308,103,109,24
7,43902318,7,0,
7,43902328,14,4,
7,43902375,11,1,
7,43902473,8,0,
7,43902663,5,1,
7,43902869,105,144,
7,43902897,10,0,
7,43903099,21,3,
7,43903130,16,5,
7,43903145,9,0,
7,43903148,44,17,
7,43903396,4,5,
7,43903400,141,92,13
7,43903420,8,0,
7,43903489,14,0,
7,43903534,11,0,
7,43903673,10,4,
7,43903728,132,65,
7,43903741,289,200,
7,43903771,39,16,
7,43903853,197,222,
7,43903907,8,0,
7,43903945,101,54,
7,43903950,5,2,
7,43903959,183,108,30
7,43903978,7,1,
7,43903984,12,4,
7,43904018,11,0,
7,43904226,12,3,
7,43904257,11,4,
7,43904478,8,0,
7,43904511,64,8,
7,43904546,4,0,
7,43904553,4,0,
7,43904664,61,51,
7,43904854,52,7,
7,43904865,83,7,
7,43904989,12,1,
7,43905059,19,0,
7,43905185,237,74,22
7,43905299,202,105,21
7,43905697,36,18,
7,43905710,28,1,
7,43905771,11,2,
7,43905942,854,219,1
7,43906018,577,520,16
7,43906023,4,0,
7,43906058,19,16,
7,43906193,11,1,
7,43906346,103,43,26
7,43906379,9,2,
7,43906442,176,23,30
7,43906727,4,0,
7,43906841,315,116,3
7,43907050,5,0,
7,43907376,397,205,
7,43907586,89,43,27
7,43907631,7,1,
7,43907763,39,7,
7,43907803,7,4,
7,43907820,394,301,11
7,43907941,53,7,
7,43907994,21,2,
7,43908140,8,0,
7,43908261,16,0,
7,43908368,119,65,17
7,43908428,11,0,
7,43908666,16,4,
7,43908770,42,52,
7,43908774,9,6,
7,43908899,11,3,
7,43908913,8,1,
7,43909037,8,0,
7,43909111,67,46,
7,43909124,35,15,
7,43909155,7,0,
7,43909179,6,1,
7,43909220,227,65,
7,43909360,8,0,
7,43909392,12,1,
7,43909398,76,29,12
7,43909409,239,72,5
7,43909411,5,0,
7,43909430,292,255,19
7,43909432,163,149,
7,43909448,16,0,
7,43909519,9,5,
7,43909627,6,1,
7,43909824,12,7,
7,43909898,19,1,
7,43909961,6,0,
7,43910155,47,61,
7,43910220,4,0,
7,43910399,10,0,
7,43910423,56,9,22
7,43910476,5,0,
7,43910565,55,8,17
7,43910651,4,3,
7,43910677,11,1,
7,43910681,206,25,9
7,43910685,58,10,5
7,43910720,120,31,
7,43910745,123,73,12
7,43910751,14,4,
7,43910760,16,3,
7,43911018,10,1,
7,43911050,29,17,
7,43911167,133,42,23
7,43911187,19,5,
7,43911204,6,0,
7,43911237,4,0,
7,43911252,157,113,28
7,43911258,16,3,
7,43911266,8,0,
7,43911324,12,0,
7,43911349,5,0,
7,43911399,5,1,
7,43911486,7,1,
7,43911570,5,0,
7,43911571,24,3,
7,43911648,18,17,
7,43911659,5,2,
7,43912012,9,1,
7,43912172,3,0,
7,43912205,6,1,
7,43912321,4,0,
7,43912440,4,0,
8,43840842,555,444,
8,43840861,186,65,
8,43842306,717,399,
8,43842367,204,79,
8,43842380,182,51,
8,43842683,482,192,
8,43843241,269,180,
8,43843821,529,989,
8,43843902,80,57,
8,43844665,81,15,
8,43845174,139,85,
8,43845826,62,21,
8,43846487,1417,694,
8,43846690,116,12,
8,43846964,137,41,
8,43847432,394,77,
8,43848325,327,96,
8,43848398,163,68,
8,43849271,288,102,
8,43849373,237,86,
8,43849536,175,31,
8,43850238,193,57,
8,43850309,67,25,
8,43850550,67,22,
8,43851099,385,180,
8,43851143,142,93,
8,43851212,123,44,
8,43851225,131,203,
8,43851260,68,28,
8,43851314,248,180,
8,43851612,472,432,
8,43851787,27,18,
8,43852096,331,57,
8,43852145,1163,597,
8,43852162,803,1016,
8,43852217,116,27,
8,43852266,475,138,
8,43852446,41,3,
8,43853382,300,257,
8,43853499,21,4,
8,43854337,246,181,
8,43854776,275,172,
8,43855386,100,53,
8,43855838,161,34,
8,43856186,504,196,
8,43856208,17,4,
8,43856532,72,129,
8,43856656,147,40,
8,43856795,1026,359,
8,43856798,231,219,
8,43856801,301,109,
8,43856803,400,151,
8,43857405,98,42,
8,43857643,135,84,
8,43857856,76,21,
8,43858136,26,6,
8,43858183,106,30,
8,43858442,84,108,
8,43858521,22,13,
8,43858552,129,366,
8,43858554,258,373,
8,43858568,640,108,
8,43858826,66,25,
8,43858970,117,32,
8,43859165,43,11,
8,43859446,1888,781,
8,43859464,203,30,
8,43859536,728,256,
8,43860108,82,50,
8,43860137,168,22,
8,43860207,184,85,
8,43860428,94,18,
8,43860726,215,133,
8,43861207,114,48,
8,43861253,153,141,
8,43861297,120,24,
8,43861566,60,14,
8,43861669,86,62,
8,43861771,59,63,
8,43861828,383,402,
8,43862487,261,232,
8,43862643,76,53,
8,43862774,55,9,
8,43863414,105,34,
8,43863418,126,35,
8,43864108,352,275,
8,43864442,79,56,
8,43864589,146,71,
8,43864724,22,10,
8,43864752,59,6,
8,43864800,126,31,
8,43864827,65,79,
8,43864986,50,50,
8,43865097,243,69,
8,43865132,449,227,
8,43865631,82,94,
8,43865740,118,118,
8,43865824,38,1,
8,43865960,114,47,
8,43866001,237,76,
8,43866303,280,276,
8,43866329,74,23,
8,43866585,159,32,
8,43866797,54,29,
8,43866810,22,20,
8,43867211,270,115,
8,43867403,212,135,
8,43867429,125,53,
8,43868074,358,237,
8,43868130,99,25,
8,43868192,576,318,
8,43868231,110,60,
8,43868273,134,41,
8,43868395,67,17,
8,43868694,12,2,
8,43868737,155,57,
8,43868890,28,4,
8,43869236,48,105,
8,43869288,161,106,
8,43869353,389,279,
8,43869794,398,241,
8,43870364,11,3,
8,43870819,250,278,
8,43870969,413,443,
8,43870998,225,25,
8,43871250,26,8,
8,43871601,54,9,
8,43871730,124,60,
8,43871824,37,7,
8,43871984,28,6,
8,43872094,129,23,
8,43872159,204,52,
8,43872625,105,22,
8,43872761,144,66,
8,43872799,78,3,
8,43872946,71,19,
8,43873074,510,123,
8,43873244,46,0,
8,43873531,405,281,
8,43873604,84,23,
8,43873679,108,84,
8,43874641,240,242,
8,43875134,77,11,
8,43875136,34,26,
8,43875230,45,1,
8,43875360,40,8,
8,43875416,131,67,
8,43875476,791,331,
8,43875505,113,10,
8,43876084,120,52,
8,43876135,36,6,
8,43876243,197,67,
8,43876286,13,0,
8,43876566,201,30,
8,43876725,9,0,
8,43876798,50,19,
8,43876843,46,32,
8,43877301,610,390,
8,43877356,59,10,
8,43877644,497,308,
8,43877797,356,168,
8,43877907,110,113,
8,43877923,75,70,
8,43878191,78,7,
8,43878298,28,5,
8,43878461,101,40,
8,43878560,16,7,
8,43878704,37,15,
8,43878728,387,352,
8,43878824,82,32,
8,43878850,442,442,
8,43878868,27,2,
8,43878878,253,193,
8,43878899,14,1,
8,43878987,52,38,
8,43879282,191,98,
8,43879288,142,156,
8,43879702,283,121,
8,43879715,212,75,
8,43879748,101,84,
8,43880248,76,14,
8,43880472,73,35,
8,43880554,56,10,
8,43880560,63,57,
8,43880883,105,20,
8,43880962,771,170,
8,43880973,454,407,
8,43881035,511,502,
8,43881065,127,178,
8,43881211,256,97,
8,43881391,82,0,
8,43881468,482,163,
8,43881832,71,70,
8,43882118,62,19,
8,43882150,391,310,
8,43882287,45,27,
8,43882291,139,96,
8,43882437,145,8,
8,43882740,26,1,
8,43882809,198,143,
8,43882905,202,178,
8,43882962,79,120,
8,43883040,453,123,
8,43883180,28,17,
8,43883230,79,59,
8,43883587,35,15,
8,43883642,154,176,
8,43883732,57,50,
8,43883747,116,24,
8,43883749,30,0,
8,43883902,328,210,
8,43883946,68,18,
8,43884098,16,1,
8,43884156,91,62,
8,43884418,118,14,15
8,43884635,175,235,
8,43885039,51,23,
8,43885051,50,25,
8,43885101,536,805,
8,43885284,23,6,
8,43885478,206,42,
8,43886023,77,54,
8,43886053,13,0,
8,43886213,70,16,
8,43886243,333,103,
8,43886271,65,10,
8,43886368,120,105,
8,43886381,67,49,13
8,43886399,65,9,
8,43886552,143,152,
8,43886601,129,27,
8,43886973,4,0,
8,43887068,7,0,
8,43887073,77,144,
8,43887494,42,47,
8,43887518,27,6,
8,43887546,40,11,
8,43887632,17,0,
8,43887637,225,36,
8,43887708,87,27,
8,43887874,18,0,2
8,43887998,136,65,
8,43888005,115,5,
8,43888033,21,3,
8,43888117,798,196,
8,43888157,182,38,
8,43888191,33,6,
8,43888225,164,165,
8,43888239,80,15,
8,43888268,49,5,
8,43888290,30,6,
8,43888501,59,149,
8,43888777,90,47,
8,43888803,1378,832,
8,43889277,13,1,
8,43889487,33,4,
8,43889502,199,125,
8,43889610,240,59,
8,43889875,140,25,
8,43889963,12,0,
8,43890118,10,0,
8,43890237,11,5,
8,43890313,10,0,
8,43890412,66,10,
8,43890525,291,311,
8,43890538,220,53,
8,43890649,174,158,
8,43891128,143,31,
8,43891147,6,2,
8,43891245,292,194,
8,43891398,92,28,
8,43891723,4,0,
8,43891864,10,0,
8,43892096,285,58,
8,43892119,240,206,
8,43892224,7,0,
8,43892331,18,0,
8,43892442,10,5,
8,43892481,106,78,
8,43892714,7,0,
8,43892773,28,0,
8,43892849,14,3,
8,43892856,76,11,
8,43893020,18,0,
8,43893225,34,0,
8,43893319,26,18,
8,43893412,33,31,
8,43893442,72,23,
8,43893550,84,6,
8,43893601,423,108,
8,43893740,41,51,
8,43893759,53,5,
8,43893762,389,332,
8,43893906,206,79,
8,43894175,309,194,
8,43894228,34,11,
8,43894257,63,42,
8,43894305,653,257,
8,43894363,108,106,
8,43894479,8,0,
8,43894678,99,50,
8,43894967,4,0,
8,43895237,105,24,
8,43895456,149,35,
8,43895515,24,11,
8,43895516,108,178,
8,43895622,107,64,
8,43895637,114,106,
8,43895693,6,0,
8,43895852,123,5,
8,43896011,260,131,
8,43896188,259,91,
8,43896199,141,82,
8,43896228,126,107,
8,43896410,74,50,
8,43896609,20,4,10
8,43896765,11,1,22
8,43896820,39,4,
8,43896835,10,0,
8,43896854,4,0,
8,43896889,44,5,
8,43896944,34,2,
8,43896948,4,0,
8,43896989,10,1,
8,43897107,30,2,
8,43897129,155,57,
8,43897297,23,10,
8,43897320,373,203,
8,43897333,30,9,
8,43897719,84,10,
8,43897772,593,651,
8,43897816,10,1,
8,43898160,11,1,
8,43898280,5,0,
8,43898306,43,6,
8,43898380,251,120,
8,43898400,4,0,
8,43898618,34,24,
8,43898717,88,10,
8,43898777,16,3,
8,43898956,8,0,
8,43899016,197,159,
8,43899028,501,215,
8,43899053,7,0,
8,43899212,22,5,
8,43899236,424,331,
8,43899251,156,19,
8,43899288,59,25,7
8,43899317,30,30,
8,43899350,23,17,
8,43899456,26,1,
8,43899529,15,0,
8,43899734,28,1,
8,43899878,35,6,
8,43899910,17,3,
8,43900145,8,2,
8,43900264,45,28,
8,43900456,6,0,
8,43900463,173,35,
8,43900877,478,443,4
8,43900983,6,1,
8,43901081,7,4,
8,43901131,32,8,18
8,43901204,243,191,
8,43901494,7,0,
8,43901495,212,87,
8,43901575,67,57,
8,43901619,368,181,
8,43901748,8,3,
8,43901760,24,13,
8,43901985,55,10,
8,43902076,6,0,
8,43902129,7,1,
8,43902212,1044,412,
8,43902263,387,268,
8,43902308,109,119,24
8,43902318,7,0,
8,43902328,14,4,
8,43902375,11,1,
8,43902663,5,1,
8,43902869,105,146,
8,43902897,10,0,
8,43903099,21,3,
8,43903130,16,5,
8,43903145,9,0,
8,43903148,44,17,
8,43903396,4,5,
8,43903400,148,93,14
8,43903420,8,0,
8,43903489,14,0,
8,43903534,11,0,
8,43903673,10,4,
8,43903728,132,65,
8,43903741,290,200,
8,43903771,39,16,
8,43903853,199,225,
8,43903907,8,0,
8,43903945,102,56,
8,43903950,5,2,
8,43903959,186,112,30
8,43903978,7,1,
8,43903984,12,4,
8,43904018,11,0,
8,43904226,12,3,
8,43904257,11,4,
8,43904478,10,0,12
8,43904511,64,8,
8,43904546,4,0,
8,43904553,4,0,
8,43904664,61,51,
8,43904854,52,7,
8,43904865,83,7,
8,43904989,12,1,
8,43905059,19,0,
8,43905185,241,78,23
8,43905299,205,106,22
8,43905697,36,18,
8,43905710,28,1,
8,43905771,11,2,
8,43905942,885,222,1
8,43906018,586,540,16
8,43906023,4,0,
8,43906058,19,16,
8,43906193,11,1,
8,43906346,103,44,28
8,43906379,9,2,
8,43906442,177,23,
8,43906727,4,0,
8,43906841,327,118,2
8,43907050,5,0,
8,43907376,402,207,
8,43907586,94,48,28
8,43907631,7,1,
8,43907763,40,7,
8,43907803,7,4,
8,43907820,407,326,9
8,43907941,54,8,
8,43907994,21,2,
8,43908140,8,0,
8,43908261,16,0,
8,43908368,125,66,20
8,43908428,11,1,
8,43908666,16,4,
8,43908770,44,52,
8,43908774,9,6,
8,43908899,11,3,
8,43908913,8,1,
8,43909111,67,46,
8,43909124,35,16,
8,43909155,7,0,
8,43909179,6,1,
8,43909220,232,65,
8,43909360,8,0,
8,43909392,12,1,
8,43909398,80,29,12
8,43909409,267,93,3
8,43909411,5,0,
8,43909430,312,284,21
8,43909432,171,155,
8,43909448,16,0,
8,43909519,9,5,
8,43909627,6,1,
8,43909824,12,8,
8,43909898,19,1,
8,43909961,6,0,
8,43910155,47,61,
8,43910220,4,0,
8,43910399,11,0,
8,43910423,60,9,26
8,43910476,5,0,
8,43910565,60,8,19
8,43910651,4,4,
8,43910677,12,1,
8,43910681,236,29,6
8,43910685,63,12,5
8,43910720,125,32,
8,43910745,128,81,11
8,43910751,14,4,
8,43910760,16,3,
8,43911018,10,1,
8,43911050,29,17,
8,43911167,146,54,27
8,43911187,20,5,
8,43911204,6,0,
8,43911237,4,0,
8,43911252,162,120,30
8,43911258,16,4,
8,43911266,8,0,
8,43911324,13,0,
8,43911349,5,0,
8,43911399,7,2,
8,43911486,7,1,
8,43911570,5,0,
8,43911571,27,4,
8,43911648,20,17,
8,43911659,6,2,
8,43912012,10,1,
8,43912172,4,0,
8,43912205,6,1,
8,43912321,5,0,
8,43912440,4,0,
8,43912711,3,0,
8,43913222,6,0,
9,43840842,555,444,
9,43840861,186,65,
9,43842306,717,399,
9,43842367,204,79,
9,43842380,182,51,
9,43842683,482,192,
9,43843241,269,180,
9,43843821,529,989,
9,43843902,80,58,
9,43844665,81,15,
9,43845174,139,85,
9,43845826,62,21,
9,43846487,1417,694,
9,43846690,116,12,
9,43846964,137,41,
9,43847432,394,77,
9,43848325,327,96,
9,43848398,163,68,
9,43849271,288,102,
9,43849373,237,86,
9,43849536,175,31,
9,43850238,193,57,
9,43850309,67,25,
9,43850550,67,22,
9,43851099,385,180,
9,43851143,142,93,
9,43851212,123,44,
9,43851225,131,203,
9,43851260,68,28,
9,43851314,248,180,
9,43851612,472,432,
9,43851787,27,18,
9,43852096,331,57,
9,43852145,1163,597,
9,43852162,803,1016,
9,43852217,117,27,
9,43852266,475,138,
9,43852446,41,3,
9,43853382,301,257,
9,43853499,21,4,
9,43854337,246,181,
9,43854776,275,172,
9,43855386,100,54,
9,43855838,161,34,
9,43856186,504,196,
9,43856208,17,4,
9,43856532,72,129,
9,43856656,147,40,
9,43856795,1026,359,
9,43856798,231,219,
9,43856801,301,109,
9,43856803,400,151,
9,43857405,98,42,
9,43857643,135,84,
9,43857856,76,21,
9,43858136,26,6,
9,43858183,106,30,
9,43858442,84,108,
9,43858521,22,13,
9,43858552,129,366,
9,43858554,258,375,
9,43858568,640,108,
9,43858826,66,25,
9,43858970,117,32,
9,43859165,43,11,
9,43859446,1888,781,
9,43859464,203,30,
9,43859536,728,256,
9,43860108,82,50,
9,43860137,168,22,
9,43860207,184,85,
9,43860428,94,18,
9,43860726,215,133,
9,43861207,114,48,
9,43861253,153,141,
9,43861297,120,24,
9,43861566,60,14,
9,43861669,86,62,
9,43861771,59,63,
9,43861828,383,402,
9,43862487,261,232,
9,43862643,76,53,
9,43862774,55,9,
9,43863414,105,34,
9,43863418,126,35,
9,43864108,352,275,
9,43864442,79,56,
9,43864589,146,71,
9,43864724,22,10,
9,43864752,59,6,
9,43864800,126,31,
9,43864827,65,79,
9,43864986,50,50,
9,43865097,243,69,
9,43865132,449,227,
9,43865631,82,94,
9,43865740,118,118,
9,43865824,38,1,
9,43865960,114,47,
9,43866001,237,76,
9,43866303,280,276,
9,43866329,74,23,
9,43866585,159,32,
9,43866797,54,29,
9,43866810,22,20,
9,43867211,270,115,
9,43867403,212,135,
9,43867429,125,53,
9,43868074,358,237,
9,43868130,99,25,
9,43868192,576,318,
9,43868231,110,60,
9,43868273,134,41,
9,43868395,67,17,
9,43868694,12,2,
9,43868737,155,57,
9,43868890,28,4,
9,43869236,48,105,
9,43869288,161,106,
9,43869353,389,279,
9,43869794,398,241,
9,43870364,11,3,
9,43870819,250,278,
9,43870969,413,443,
9,43870998,225,25,
9,43871250,26,8,
9,43871601,54,9,
9,43871730,124,60,
9,43871824,37,7,
9,43871984,28,6,
9,43872094,129,23,
9,43872159,204,52,
9,43872625,105,22,
9,43872761,144,66,
9,43872799,78,3,
9,43873074,510,123,
9,43873244,46,0,
9,43873531,405,281,
9,43873604,84,23,
9,43873679,108,84,
9,43874641,240,244,
9,43875134,77,11,
9,43875136,34,26,
9,43875230,45,1,
9,43875360,40,8,
9,43875416,131,67,
9,43875476,791,331,
9,43875505,113,10,
9,43876084,120,52,
9,43876135,36,6,
9,43876243,197,67,
9,43876286,13,0,
9,43876566,201,30,
9,43876725,9,0,
9,43876798,50,19,
9,43876843,46,32,
9,43877301,610,390,
9,43877356,60,10,
9,43877644,498,308,
9,43877797,356,168,
9,43877907,110,113,
9,43877923,75,70,
9,43878191,78,7,
9,43878298,28,5,
9,43878461,101,40,
9,43878560,16,7,
9,43878704,37,15,
9,43878728,387,352,
9,43878824,82,32,
9,43878850,442,442,
9,43878868,27,2,
9,43878878,253,193,
9,43878899,14,1,
9,43878987,52,38,
9,43879282,191,98,
9,43879288,142,156,
9,43879702,283,121,
9,43879715,212,75,
9,43879748,101,84,
9,43880248,76,14,
9,43880472,73,35,
9,43880554,56,10,
9,43880560,63,57,
9,43880883,105,20,
9,43880962,771,170,
9,43880973,454,407,
9,43881035,511,502,
9,43881065,127,178,
9,43881211,256,97,
9,43881391,82,0,
9,43881468,482,163,
9,43881832,71,70,
9,43882118,62,19,
9,43882150,391,310,
9,43882287,45,27,
9,43882291,140,96,
9,43882437,145,8,
9,43882740,26,1,
9,43882809,199,143,
9,43882905,202,178,
9,43882962,79,120,
9,43883040,454,123,
9,43883180,28,17,
9,43883230,79,60,
9,43883587,35,15,
9,43883642,154,176,
9,43883732,57,50,
9,43883747,116,24,
9,43883749,30,0,
9,43883902,329,210,
9,43883946,68,18,
9,43884098,16,1,
9,43884156,91,62,
9,43884418,122,15,12
9,43884635,175,238,
9,43885039,51,23,
9,43885051,50,25,
9,43885101,537,807,
9,43885284,23,6,
9,43885478,206,43,
9,43886023,77,55,
9,43886053,13,0,
9,43886213,70,16,
9,43886243,333,103,
9,43886271,65,10,
9,43886368,120,105,
9,43886381,71,53,22
9,43886399,65,9,
9,43886552,143,152,
9,43886601,129,27,
9,43886973,4,0,
9,43887068,7,0,
9,43887073,77,144,
9,43887494,42,47,
9,43887518,27,6,
9,43887546,40,11,
9,43887632,17,0,
9,43887637,225,36,
9,43887708,87,27,
9,43887874,32,3,2
9,43887998,136,65,
9,43888005,115,5,
9,43888033,21,3,
9,43888117,798,196,
9,43888157,183,38,
9,43888191,33,6,
9,43888225,164,165,
9,43888239,80,15,
9,43888268,49,5,
9,43888290,30,6,
9,43888501,59,149,
9,43888777,90,47,
9,43888803,1378,832,
9,43889277,13,1,
9,43889487,33,4,
9,43889502,199,125,
9,43889610,240,59,
9,43889875,140,25,
9,43889963,12,0,
9,43890118,10,0,
9,43890237,11,5,
9,43890313,10,0,
9,43890412,66,10,
9,43890525,293,312,
9,43890538,220,53,
9,43890649,174,158,
9,43891128,143,31,
9,43891147,6,2,
9,43891245,293,194,
9,43891398,92,28,
9,43891723,4,0,
9,43891864,10,0,
9,43892096,285,58,
9,43892119,240,206,
9,43892224,7,0,
9,43892331,18,0,
9,43892442,10,5,
9,43892481,106,78,
9,43892714,7,0,
9,43892773,28,0,
9,43892849,14,3,
9,43892856,76,11,
9,43893020,18,0,
9,43893225,34,0,
9,43893319,26,18,
9,43893412,33,31,
9,43893442,73,24,
9,43893550,84,6,
9,43893601,423,109,
9,43893740,41,51,
9,43893759,53,5,
9,43893762,390,332,
9,43893906,206,79,
9,43894175,310,194,
9,43894228,34,11,
9,43894257,63,42,
9,43894305,655,257,
9,43894363,108,106,
9,43894479,8,0,
9,43894678,99,50,
9,43894967,4,0,
9,43895237,105,24,
9,43895456,149,35,
9,43895515,24,11,
9,43895516,108,178,
9,43895622,107,64,
9,43895637,114,106,
9,43895693,6,0,
9,43895852,123,5,
9,43896011,260,131,
9,43896188,259,91,
9,43896199,141,82,
9,43896228,126,107,
9,43896410,74,50,
9,43896609,22,5,9
9,43896765,15,1,23
9,43896820,39,4,
9,43896835,10,0,
9,43896854,4,0,
9,43896889,44,5,
9,43896944,34,2,
9,43896948,4,0,
9,43896989,10,1,
9,43897107,30,2,
9,43897129,155,57,
9,43897297,23,10,
9,43897320,374,204,
9,43897333,30,9,
9,43897719,84,10,
9,43897772,594,652,
9,43897816,10,1,
9,43898160,11,1,
9,43898280,5,0,
9,43898306,44,6,
9,43898380,251,120,
9,43898400,4,0,
9,43898618,34,24,
9,43898717,88,10,
9,43898777,16,3,
9,43898956,8,0,
9,43899016,197,160,
9,43899028,501,215,
9,43899053,7,0,
9,43899212,22,5,
9,43899236,425,331,
9,43899251,157,19,
9,43899288,63,31,7
9,43899317,30,30,
9,43899350,23,17,
9,43899456,27,1,
9,43899529,15,0,
9,43899734,28,1,
9,43899878,35,6,
9,43899910,17,3,
9,43900145,8,2,
9,43900264,45,29,
9,43900456,6,0,
9,43900463,173,35,
9,43900877,490,453,5
9,43900983,6,1,
9,43901081,7,4,
9,43901131,33,11,17
9,43901204,244,193,
9,43901494,7,0,
9,43901495,213,87,
9,43901575,67,57,
9,43901619,370,181,
9,43901748,8,3,
9,43901760,25,13,
9,43901985,55,10,
9,43902076,6,0,
9,43902129,7,1,
9,43902212,1048,413,
9,43902263,388,269,
9,43902308,117,135,23
9,43902318,7,0,
9,43902328,14,4,
9,43902375,11,1,
9,43902869,105,146,
9,43902897,10,0,
9,43903099,21,3,
9,43903130,16,5,
9,43903145,9,0,
9,43903148,44,16,
9,43903396,4,5,
9,43903400,150,95,17
9,43903420,8,0,
9,43903489,14,0,
9,43903534,11,0,
9,43903673,10,4,
9,43903728,132,65,
9,43903741,294,201,
9,43903771,39,16,
9,43903853,201,228,
9,43903907,8,0,
9,43903945,102,56,
9,43903950,5,2,
9,43903959,188,115,
9,43903978,7,1,
9,43903984,12,4,
9,43904018,11,0,
9,43904226,12,3,
9,43904257,11,4,
9,43904478,20,3,6
9,43904511,64,8,
9,43904546,4,0,
9,43904553,4,0,
9,43904664,61,51,
9,43904854,52,7,
9,43904865,83,7,
9,43904989,12,1,
9,43905059,19,0,
9,43905185,246,78,25
9,43905299,209,106,22
9,43905697,36,18,
9,43905710,28,1,
9,43905771,11,3,
9,43905942,917,226,1
9,43906018,598,563,15
9,43906023,4,0,
9,43906058,19,18,
9,43906193,11,1,
9,43906346,105,44,30
9,43906379,9,2,
9,43906442,178,23,
9,43906727,4,0,
9,43906841,331,118,4
9,43907050,5,0,
9,43907376,405,210,
9,43907586,96,49,27
9,43907631,7,1,
9,43907763,40,7,
9,43907803,7,4,
9,43907820,428,359,8
9,43907941,55,9,
9,43907994,21,2,
9,43908261,16,0,
9,43908368,127,69,19
9,43908428,11,1,
9,43908666,17,4,
9,43908770,44,53,
9,43908774,9,6,
9,43908846,3,0,18
9,43908899,11,3,
9,43908913,8,1,
9,43909111,67,46,
9,43909124,35,16,
9,43909155,7,0,
9,43909179,6,1,
9,43909220,233,65,
9,43909360,8,0,
9,43909392,12,1,
9,43909398,82,30,14
9,43909409,294,107,3
9,43909411,5,0,
9,43909430,326,318,21
9,43909432,172,155,
9,43909448,18,0,
9,43909519,9,5,
9,43909627,6,1,
9,43909824,12,8,
9,43909898,19,1,
9,43909955,6,5,
9,43909961,6,0,
9,43910155,47,61,
9,43910220,4,0,
9,43910399,11,0,
9,43910423,61,9,26
9,43910476,7,0,
9,43910565,65,8,15
9,43910651,4,4,
9,43910677,12,1,
9,43910681,252,34,9
9,43910685,66,14,6
9,43910720,127,32,
9,43910745,139,86,13
9,43910751,15,4,
9,43910760,19,4,
9,43911018,10,1,
9,43911050,29,17,
9,43911167,157,62,28
9,43911187,20,5,
9,43911204,6,0,
9,43911237,4,0,
9,43911252,164,122,
9,43911258,16,4,
9,43911266,8,0,
9,43911324,14,0,
9,43911349,5,1,
9,43911399,7,2,
9,43911486,7,1,
9,43911570,5,0,
9,43911571,28,4,
9,43911648,20,18,
9,43911659,6,3,
9,43912012,10,2,
9,43912172,5,0,
9,43912205,6,0,
9,43912321,5,0,
9,43912440,4,0,
9,43912711,4,0,
9,43913222,15,4,30
9,43913552,4,0,
10,43840842,555,444,
10,43840861,186,65,
10,43842306,717,399,
10,43842367,204,79,
10,43842380,182,51,
10,43842683,482,192,
10,43843241,269,180,
10,43843821,529,989,
10,43843902,80,59,
10,43844665,81,15,
10,43845174,139,85,
10,43845826,62,21,
10,43846487,1417,694,
10,43846690,116,12,
10,43846964,137,41,
10,43847432,394,77,
10,43848325,327,96,
10,43848398,163,68,
10,43849271,288,102,
10,43849373,237,86,
10,43849536,175,31,
10,43850238,193,57,
10,43850309,67,25,
10,43850550,67,22,
10,43851099,385,180,
10,43851143,142,93,
10,43851212,123,44,
10,43851225,131,203,
10,43851260,68,28,
10,43851314,248,180,
10,43851612,472,432,
10,43851787,27,18,
10,43852096,331,57,
10,43852145,1163,597,
10,43852162,803,1019,
10,43852217,117,27,
10,43852266,475,138,
10,43852446,41,3,
10,43853382,301,257,
10,43853499,21,4,
10,43854337,246,181,
10,43854776,275,172,
10,43855386,100,54,
10,43855838,161,34,
10,43856186,504,196,
10,43856208,17,4,
10,43856532,72,129,
10,43856656,147,40,
10,43856795,1026,359,
10,43856798,231,219,
10,43856801,301,109,
10,43856803,400,151,
10,43857405,98,42,
10,43857643,135,84,
10,43857856,76,21,
10,43858136,26,6,
10,43858183,106,30,
10,43858442,84,108,
10,43858521,22,13,
10,43858552,129,366,
10,43858554,258,375,
10,43858568,641,108,
10,43858826,66,25,
10,43858970,117,32,
10,43859165,43,11,
10,43859446,1888,781,
10,43859464,203,30,
10,43859536,728,256,
10,43860108,82,50,
10,43860137,168,22,
10,43860207,184,85,
10,43860428,94,18,
10,43860726,215,133,
10,43861207,114,48,
10,43861253,153,141,
10,43861297,120,24,
10,43861566,60,14,
10,43861669,86,62,
10,43861771,59,63,
10,43861828,383,402,
10,43862487,261,232,
10,43862643,76,53,
10,43862774,55,9,
10,43863414,105,34,
10,43863418,126,35,
10,43864108,352,275,
10,43864442,79,56,
10,43864589,146,71,
10,43864724,22,10,
10,43864752,59,6,
10,43864800,126,31,
10,43864827,65,79,
10,43864986,50,50,
10,43865097,243,69,
10,43865132,449,227,
10,43865631,82,94,
10,43865740,118,118,
10,43865824,38,1,
10,43865960,114,47,
10,43866001,237,76,
10,43866303,280,276,
10,43866329,74,23,
10,43866585,159,32,
10,43866797,54,29,
10,43866810,22,21,
10,43867211,270,115,
10,43867403,212,135,
10,43867429,125,53,
10,43868074,358,237,
10,43868130,99,25,
10,43868192,576,318,
10,43868231,110,60,
10,43868273,134,41,
10,43868395,67,17,
10,43868694,12,2,
10,43868737,155,57,
10,43868890,28,4,
10,43869236,48,105,
10,43869288,161,106,
10,43869353,389,279,
10,43869794,398,241,
10,43870364,11,3,
10,43870819,250,278,
10,43870969,413,443,
10,43870998,225,25,
10,43871250,26,8,
10,43871601,54,9,
10,43871730,127,60,
10,43871824,37,7,
10,43871984,28,6,
10,43872094,129,23,
10,43872159,204,52,
10,43872625,105,22,
10,43872761,144,66,
10,43872799,78,3,
10,43872946,71,19,
10,43873074,510,123,
10,43873244,46,0,
10,43873531,405,281,
10,43873604,84,23,
10,43873679,108,84,
10,43874641,240,244,
10,43875134,77,11,
10,43875136,34,26,
10,43875230,45,1,
10,43875360,40,8,
10,43875416,131,67,
10,43875476,791,331,
10,43875505,113,10,
10,43876084,120,52,
10,43876135,36,6,
10,43876243,197,67,
10,43876286,13,0,
10,43876566,201,30,
10,43876725,9,0,
10,43876798,51,20,
10,43876843,46,32,
10,43877301,610,390,
10,43877356,60,10,
10,43877644,498,308,
10,43877797,356,168,
10,43877907,110,113,
10,43877923,75,70,
10,43878191,78,7,
10,43878298,28,5,
10,43878461,102,40,
10,43878560,16,7,
10,43878704,37,15,
10,43878728,387,352,
10,43878824,82,32,
10,43878850,442,442,
10,43878868,27,2,
10,43878878,253,193,
10,43878899,14,1,
10,43878987,52,38,
10,43879282,191,99,
10,43879288,142,156,
10,43879702,283,121,
10,43879715,212,75,
10,43879748,101,84,
10,43880248,76,14,
10,43880472,73,35,
10,43880554,56,10,
10,43880560,63,57,
10,43880883,105,20,
10,43880962,771,170,
10,43880973,454,408,
10,43881035,511,502,
10,43881065,127,178,
10,43881211,257,97,
10,43881391,82,0,
10,43881468,482,163,
10,43881832,71,70,
10,43882118,62,19,
10,43882150,391,310,
10,43882287,45,27,
10,43882291,140,96,
10,43882437,145,8,
10,43882740,26,1,
10,43882809,199,143,
10,43882905,202,178,
10,43882962,79,120,
10,43883040,454,123,
10,43883180,28,17,
10,43883230,79,60,
10,43883587,35,15,
10,43883642,156,176,
10,43883732,57,50,
10,43883747,116,24,
10,43883749,30,0,
10,43883902,329,210,
10,43883946,68,18,
10,43884098,16,1,
10,43884156,91,62,
10,43884418,126,16,14
10,43884635,175,238,
10,43885039,51,23,
10,43885051,50,25,
10,43885101,538,809,
10,43885284,23,6,
10,43885478,206,44,
10,43886023,77,55,
10,43886053,13,0,
10,43886213,70,16,
10,43886243,333,103,
10,43886271,65,10,
10,43886368,120,105,
10,43886381,74,55,
10,43886399,65,9,
10,43886552,143,152,
10,43886601,129,27,
10,43886973,4,0,
10,43887068,7,0,
10,43887073,77,144,
10,43887494,42,47,
10,43887518,27,6,
10,43887546,40,11,
10,43887632,17,0,
10,43887637,225,36,
10,43887708,87,27,
10,43887874,43,7,2
10,43887998,136,65,
10,43888005,115,5,
10,43888033,21,3,
10,43888117,798,196,
10,43888157,183,38,
10,43888191,33,6,
10,43888225,164,165,
10,43888239,80,15,
10,43888268,49,5,
10,43888290,30,6,
10,43888501,59,149,
10,43888777,90,47,
10,43888803,1379,833,
10,43889277,14,1,
10,43889487,33,4,
10,43889502,199,125,
10,43889610,240,59,
10,43889875,140,25,
10,43889963,12,0,
10,43890118,10,0,
10,43890237,11,5,
10,43890313,10,0,
10,43890412,66,10,
10,43890525,293,312,
10,43890538,220,53,
10,43890649,174,158,
10,43891128,143,31,
10,43891147,6,2,
10,43891245,293,194,
10,43891398,92,28,
10,43891723,4,0,18
10,43891864,10,0,
10,43892096,285,58,
10,43892119,240,206,
10,43892224,7,0,
10,43892331,18,0,
10,43892442,10,5,
10,43892481,106,78,
10,43892714,7,0,
10,43892773,28,0,
10,43892849,14,3,
10,43892856,76,11,
10,43893020,18,0,
10,43893225,34,0,
10,43893319,26,18,
10,43893412,33,31,
10,43893442,74,24,
10,43893550,84,6,
10,43893601,424,109,
10,43893740,41,51,
10,43893759,53,5,
10,43893762,390,333,
10,43893906,206,79,
10,43894175,310,195,
10,43894228,34,11,
10,43894257,64,43,
10,43894305,656,261,
10,43894363,108,106,
10,43894479,8,0,
10,43894678,99,50,
10,43894967,4,0,
10,43895237,107,24,
10,43895456,149,35,
10,43895515,24,11,
10,43895516,108,178,
10,43895622,107,64,
10,43895637,114,106,
10,43895693,6,0,
10,43895852,123,5,
10,43896011,261,132,
10,43896188,259,91,
10,43896199,141,82,
10,43896228,126,107,
10,43896410,75,50,
10,43896609,28,6,12
10,43896765,18,1,26
10,43896820,39,4,
10,43896835,10,0,
10,43896854,4,0,
10,43896889,44,5,
10,43896944,34,2,
10,43896948,4,0,
10,43896989,10,1,
10,43897107,30,2,
10,43897129,155,57,
10,43897297,23,10,
10,43897320,374,204,
10,43897333,30,9,
10,43897719,85,10,
10,43897772,594,653,
10,43897816,10,1,
10,43898160,11,1,
10,43898280,5,0,
10,43898306,45,6,
10,43898380,251,120,
10,43898400,4,0,
10,43898618,34,24,
10,43898717,88,10,
10,43898777,16,3,
10,43898956,8,0,
10,43899016,197,161,
10,43899028,501,215,
10,43899053,7,0,
10,43899212,22,5,
10,43899236,425,333,
10,43899251,157,19,
10,43899288,67,36,10
10,43899317,30,30,
10,43899350,23,17,
10,43899456,27,1,
10,43899529,15,0,
10,43899734,28,1,
10,43899878,35,6,
10,43899910,17,3,
10,43900145,8,2,
10,43900264,45,29,
10,43900456,6,0,
10,43900463,173,35,
10,43900877,504,459,5
10,43900983,6,1,
10,43901081,7,4,
10,43901131,35,15,20
10,43901204,244,195,
10,43901495,214,87,
10,43901575,67,57,
10,43901619,371,182,
10,43901748,8,3,
10,43901760,25,13,
10,43901985,56,10,
10,43902076,6,0,
10,43902129,7,1,
10,43902212,1052,413,
10,43902263,389,269,
10,43902308,120,164,21
10,43902318,7,0,
10,43902328,14,4,
10,43902375,11,1,
10,43902869,106,146,
10,43902897,10,0,
10,43903099,21,3,
10,43903130,16,5,
10,43903145,9,0,
10,43903148,45,16,
10,43903396,4,5,
10,43903400,154,96,22
10,43903420,8,0,
10,43903489,14,0,
10,43903534,11,0,
10,43903673,10,4,
10,43903728,132,65,
10,43903741,296,203,
10,43903771,39,16,
10,43903853,204,230,
10,43903907,8,0,
10,43903945,104,58,
10,43903950,5,2,
10,43903959,190,117,
10,43903978,7,1,
10,43903984,12,4,
10,43904018,11,0,
10,43904226,12,3,
10,43904257,11,4,
10,43904478,29,6,6
10,43904511,64,8,
10,43904546,4,0,
10,43904553,4,0,
10,43904664,61,51,
10,43904854,52,7,
10,43904865,83,7,
10,43904989,12,1,
10,43905059,19,0,
10,43905185,251,78,24
10,43905299,210,109,23
10,43905697,36,18,
10,43905710,28,1,
10,43905771,11,3,
10,43905942,942,233,1
10,43906018,613,578,16
10,43906023,4,0,
10,43906058,19,18,
10,43906193,11,1,
10,43906346,108,44,30
10,43906379,9,2,
10,43906442,182,24,
10,43906727,4,0,
10,43906841,341,118,4
10,43907050,5,0,
10,43907376,410,217,
10,43907586,100,52,27
10,43907631,7,1,
10,43907763,41,7,
10,43907803,7,4,
10,43907820,437,389,8
10,43907941,55,9,
10,43907994,21,2,
10,43908261,16,0,
10,43908368,128,69,19
10,43908428,12,1,
10,43908666,17,4,
10,43908770,44,55,
10,43908774,9,6,
10,43908846,9,1,10
10,43908899,11,3,
10,43908913,8,1,
10,43909111,67,46,
10,43909124,35,16,
10,43909155,7,0,
10,43909179,6,1,
10,43909220,235,67,
10,43909360,8,0,
10,43909398,83,32,15
10,43909409,322,119,3
10,43909411,5,0,
10,43909430,340,352,21
10,43909432,174,156,
10,43909448,18,0,
10,43909519,10,5,
10,43909627,6,1,
10,43909824,13,8,
10,43909898,20,1,
10,43909955,6,6,
10,43909961,7,0,
10,43910220,4,0,
10,43910399,13,0,
10,43910423,66,9,26
10,43910476,7,0,
10,43910565,70,9,17
10,43910651,4,3,
10,43910677,13,1,
10,43910681,268,38,9
10,43910685,72,18,6
10,43910720,129,34,
10,43910745,147,100,13
10,43910760,20,5,
10,43911018,10,1,
10,43911050,30,17,
10,43911167,170,74,29
10,43911187,20,5,
10,43911204,6,0,
10,43911237,4,0,
10,43911252,168,134,
10,43911258,17,4,
10,43911266,8,0,
10,43911324,15,0,
10,43911349,5,1,
10,43911399,8,2,
10,43911486,7,1,
10,43911570,5,0,
10,43911571,30,5,
10,43911648,22,18,
10,43911659,7,5,
10,43912012,11,2,
10,43912172,5,0,
10,43912205,6,0,
10,43912321,5,0,
10,43912440,4,0,
10,43912711,4,0,
10,43913222,21,13,
10,43913325,5,0,
10,43913552,7,1,
11,43840842,555,444,
11,43840861,186,65,
11,43842306,717,399,
11,43842367,204,79,
11,43842380,182,51,
11,43842683,482,192,
11,43843241,269,180,
11,43843821,529,989,
11,43843902,80,59,
11,43844665,81,15,
11,43845174,139,85,
11,43845826,62,21,
11,43846487,1417,694,
11,43846690,116,12,
11,43846964,137,41,
11,43847432,394,77,
11,43848325,327,96,
11,43848398,163,68,
11,43849271,288,102,
11,43849373,237,86,
11,43849536,175,31,
11,43850238,193,57,
11,43850309,67,25,
11,43850550,67,22,
11,43851099,385,180,
11,43851143,142,93,
11,43851212,123,44,
11,43851225,131,203,
11,43851260,68,28,
11,43851314,248,180,
11,43851612,472,432,
11,43851787,27,18,
11,43852096,331,57,
11,43852145,1163,597,
11,43852162,803,1019,
11,43852217,117,27,
11,43852266,475,138,
11,43852446,41,3,
11,43853382,301,257,
11,43853499,21,4,
11,43854337,246,181,
11,43854776,275,172,
11,43855386,100,54,
11,43855838,161,34,
11,43856186,504,196,
11,43856208,17,4,
11,43856532,72,129,
11,43856656,147,40,
11,43856795,1026,359,
11,43856798,231,219,
11,43856801,301,109,
11,43856803,400,151,
11,43857405,98,42,
11,43857643,135,84,
11,43857856,76,21,
11,43858136,26,6,
11,43858183,106,30,
11,43858442,84,108,
11,43858521,22,13,
11,43858552,129,367,
11,43858554,258,377,
11,43858568,641,108,
11,43858826,66,25,
11,43858970,117,32,
11,43859165,43,11,
11,43859446,1890,781,
11,43859464,203,30,
11,43859536,728,256,
11,43860108,82,50,
11,43860137,168,22,
11,43860207,184,85,
11,43860428,94,18,
11,43860726,215,133,
11,43861207,114,48,
11,43861253,153,141,
11,43861297,120,24,
11,43861566,60,14,
11,43861669,86,62,
11,43861771,59,63,
11,43861828,383,402,
11,43862487,261,232,
11,43862643,76,53,
11,43862774,55,9,
11,43863414,105,34,
11,43863418,126,35,
11,43864108,352,275,
11,43864442,79,56,
11,43864589,146,71,
11,43864724,22,10,
11,43864752,59,6,
11,43864800,126,31,
11,43864827,65,79,
11,43864986,50,50,
11,43865097,243,69,
11,43865132,449,227,
11,43865631,82,94,
11,43865740,118,118,
11,43865824,38,1,
11,43865960,114,47,
11,43866001,237,76,
11,43866303,280,276,
11,43866329,74,23,
11,43866585,159,32,
11,43866797,54,29,
11,43866810,22,21,
11,43867211,270,115,
11,43867403,212,135,
11,43867429,125,53,
11,43868074,358,237,
11,43868130,99,25,
11,43868192,577,318,
11,43868231,110,60,
11,43868273,134,41,
11,43868395,67,17,
11,43868694,12,2,
11,43868737,155,57,
11,43868890,28,4,
11,43869236,48,105,
11,43869288,161,106,
11,43869353,389,279,
11,43869794,398,241,
11,43870364,11,3,
11,43870819,250,278,
11,43870969,413,443,
11,43870998,225,25,
11,43871250,26,8,
11,43871601,54,9,
11,43871730,127,60,
11,43871824,37,7,
11,43871984,28,6,
11,43872094,129,23,
11,43872159,204,52,
11,43872625,105,22,
11,43872761,144,66,
11,43872799,78,3,
11,43872946,71,19,
11,43873074,510,123,
11,43873244,46,0,
11,43873531,405,281,
11,43873604,84,23,
11,43873679,108,84,
11,43874641,240,244,
11,43875134,77,11,
11,43875136,34,26,
11,43875230,45,1,
11,43875360,40,8,
11,43875416,131,67,
11,43875476,792,331,
11,43875505,113,10,
11,43876084,120,52,
11,43876135,36,6,
11,43876243,197,67,
11,43876286,13,0,
11,43876566,201,30,
11,43876725,9,0,
11,43876798,51,20,
11,43876843,46,32,
11,43877301,611,390,
11,43877356,60,10,
11,43877644,501,308,
11,43877797,357,168,
11,43877907,110,113,
11,43877923,75,70,
11,43878191,78,7,
11,43878298,28,5,
11,43878461,102,40,
11,43878560,16,7,
11,43878704,37,15,
11,43878728,388,352,
11,43878824,82,32,
11,43878850,442,442,
11,43878868,27,2,
11,43878878,253,193,
11,43878899,14,1,
11,43878987,52,38,
11,43879282,191,99,
11,43879288,142,156,
11,43879702,283,121,
11,43879715,212,75,
11,43879748,101,84,
11,43880248,76,14,
11,43880472,73,35,
11,43880554,56,10,
11,43880560,63,57,
11,43880883,105,20,
11,43880962,772,171,
11,43880973,454,408,
11,43881035,511,502,
11,43881065,127,178,
11,43881211,257,97,
11,43881391,82,0,
11,43881468,483,163,
11,43881832,71,70,
11,43882118,62,19,
11,43882150,391,310,
11,43882287,45,27,
11,43882291,140,97,
11,43882437,145,8,
11,43882740,26,1,
11,43882809,199,143,
11,43882905,202,178,
11,43882962,79,120,
11,43883040,455,123,
11,43883180,28,17,
11,43883230,79,60,
11,43883587,35,15,
11,43883642,156,177,
11,43883732,57,50,
11,43883747,116,24,
11,43883749,30,0,
11,43883902,329,210,
11,43883946,68,18,
11,43884098,16,1,
11,43884156,91,62,
11,43884418,132,18,13
11,43884635,175,239,
11,43885039,51,23,
11,43885051,50,25,
11,43885101,539,816,
11,43885284,23,6,
11,43885478,206,44,
11,43886023,78,55,
11,43886053,13,0,
11,43886213,70,16,
11,43886243,333,103,
11,43886271,65,10,
11,43886368,120,105,
11,43886381,78,60,
11,43886399,65,9,
11,43886552,143,152,
11,43886601,129,27,
11,43886973,4,0,
11,43887068,7,0,
11,43887073,77,144,
11,43887494,42,47,
11,43887518,27,6,
11,43887546,40,11,
11,43887632,17,0,
11,43887637,225,36,
11,43887708,87,27,
11,43887874,62,8,2
11,43887998,137,65,
11,43888005,115,5,
11,43888033,21,3,
11,43888117,799,196,
11,43888157,183,38,
11,43888191,33,6,
11,43888225,164,165,
11,43888239,80,15,
11,43888268,49,5,
11,43888290,30,6,
11,43888501,59,149,
11,43888777,90,47,
11,43888803,1381,833,
11,43889277,15,1,
11,43889487,33,4,
11,43889502,199,125,
11,43889610,241,59,
11,43889875,141,25,
11,43889963,12,0,
11,43890118,10,0,
11,43890237,11,5,
11,43890313,10,0,
11,43890412,66,10,
11,43890525,293,312,
11,43890538,222,53,
11,43890649,174,158,
11,43891128,144,31,
11,43891245,293,194,
11,43891398,92,28,
11,43891723,9,1,22
11,43891864,10,0,
11,43892096,285,58,
11,43892119,241,206,
11,43892224,7,0,
11,43892331,18,0,
11,43892442,10,5,
11,43892481,106,79,
11,43892714,7,0,
11,43892773,28,0,
11,43892849,14,3,
11,43892856,76,11,
11,43893020,18,0,
11,43893225,34,0,
11,43893319,26,18,
11,43893412,33,31,
11,43893442,76,24,
11,43893550,84,6,
11,43893601,424,109,
11,43893740,41,51,
11,43893759,53,5,
11,43893762,390,333,
11,43893906,206,79,
11,43894175,310,195,
11,43894228,34,11,
11,43894257,65,43,
11,43894305,657,261,
11,43894363,108,106,
11,43894479,8,0,
11,43894678,99,50,
11,43894967,4,0,
11,43895237,107,24,
11,43895456,149,35,
11,43895515,24,11,
11,43895516,110,178,
11,43895622,107,64,
11,43895637,114,106,
11,43895693,6,0,
11,43895852,123,5,
11,43896011,264,132,
11,43896188,261,91,
11,43896199,141,82,
11,43896228,126,107,
11,43896410,76,50,
11,43896609,32,9,11
11,43896765,18,1,27
11,43896820,39,4,
11,43896835,10,0,
11,43896854,4,0,
11,43896889,44,5,
11,43896944,34,2,
11,43896948,4,0,
11,43896989,10,1,
11,43897107,30,2,
11,43897129,155,57,
11,43897297,23,10,
11,43897320,375,204,
11,43897333,30,9,
11,43897719,85,10,
11,43897772,595,655,
11,43897816,10,1,
11,43898160,11,1,
11,43898280,5,0,
11,43898306,45,6,
11,43898380,251,120,
11,43898400,4,0,
11,43898618,34,24,
11,43898717,89,11,
11,43898777,16,3,
11,43898956,8,0,
11,43899016,197,161,
11,43899028,502,215,
11,43899053,7,0,
11,43899212,22,5,
11,43899236,426,338,
11,43899251,157,19,
11,43899288,72,40,9
11,43899317,30,30,
11,43899350,23,17,
11,43899456,27,1,
11,43899529,15,0,
11,43899734,28,1,
11,43899878,35,6,
11,43899910,17,3,
11,43900145,8,2,
11,43900264,45,29,
11,43900456,6,0,
11,43900463,173,35,
11,43900877,521,466,4
11,43900983,6,1,
11,43901081,7,4,
11,43901131,36,16,21
11,43901204,244,195,
11,43901495,214,87,
11,43901575,67,57,
11,43901619,373,183,
11,43901748,8,3,
11,43901760,25,13,
11,43901985,56,10,
11,43902076,6,0,
11,43902129,7,1,
11,43902212,1058,415,
11,43902263,390,269,
11,43902308,127,176,19
11,43902318,7,0,
11,43902328,14,4,
11,43902375,11,1,
11,43902869,106,148,
11,43902897,10,0,
11,43903099,21,3,
11,43903130,16,5,
11,43903145,9,0,
11,43903148,45,17,
11,43903396,4,5,
11,43903400,160,99,24
11,43903420,8,0,
11,43903489,14,0,
11,43903534,11,0,
11,43903673,10,4,
11,43903728,132,65,
11,43903741,299,205,
11,43903771,39,16,
11,43903853,205,231,
11,43903907,8,0,
11,43903945,104,59,
11,43903950,5,2,
11,43903959,194,131,28
11,43903978,7,1,
11,43903984,12,5,
11,43904018,11,0,
11,43904226,12,3,
11,43904257,11,4,
11,43904478,36,13,6
11,43904511,64,8,
11,43904546,4,0,
11,43904553,4,0,
11,43904664,61,51,
11,43904854,52,7,
11,43904865,84,7,
11,43904989,12,1,
11,43905059,19,0,
11,43905185,255,78,22
11,43905299,216,109,21
11,43905697,36,18,
11,43905710,28,1,
11,43905771,11,3,
11,43905942,975,236,1
11,43906018,623,592,15
11,43906023,4,0,
11,43906058,19,18,
11,43906193,11,1,
11,43906346,110,44,29
11,43906379,9,2,
11,43906442,184,24,
11,43906727,4,0,
11,43906841,347,119,4
11,43907050,5,0,
11,43907376,413,219,
11,43907586,102,55,25
11,43907631,7,1,
11,43907763,42,7,
11,43907803,7,4,
11,43907820,455,404,8
11,43907941,55,9,
11,43907994,21,2,
11,43908261,16,0,
11,43908368,131,71,18
11,43908428,13,1,
11,43908666,17,4,
11,43908770,45,57,
11,43908774,9,6,
11,43908899,11,3,
11,43908913,8,1,
11,43909111,67,46,
11,43909124,35,16,
11,43909155,7,0,
11,43909179,6,1,
11,43909220,238,68,
11,43909360,8,0,
11,43909398,86,35,16
11,43909409,357,139,2
11,43909411,5,0,
11,43909430,364,390,20
11,43909432,176,156,
11,43909448,18,0,
11,43909519,10,5,
11,43909627,6,1,
11,43909824,13,8,
11,43909898,20,1,
11,43909955,6,6,
11,43909961,7,0,
11,43910220,4,0,
11,43910399,15,1,
11,43910423,70,9,26
11,43910476,7,0,
11,43910565,72,9,17
11,43910651,4,4,
11,43910677,14,1,
11,43910681,290,44,10
11,43910685,76,20,7
11,43910720,131,34,
11,43910745,156,109,11
11,43910760,21,6,
11,43911050,30,17,
11,43911167,178,78,29
11,43911187,20,5,
11,43911204,6,0,
11,43911237,4,0,
11,43911252,175,144,
11,43911258,17,4,
11,43911266,8,0,
11,43911324,15,0,
11,43911349,5,1,
11,43911399,8,2,
11,43911486,7,1,
11,43911570,5,0,
11,43911571,30,5,
11,43911648,23,18,
11,43911659,7,5,
11,43912012,11,2,
11,43912172,5,0,
11,43912205,6,0,
11,43912321,5,0,
11,43912440,4,0,
11,43912711,4,0,
11,43913222,23,17,
11,43913325,5,0,
11,43913414,5,0,
11,43913552,9,2,
11,43913905,5,3,
11,43914041,3,1,
12,43840842,555,444,
12,43840861,186,65,
12,43842306,717,399,
12,43842367,204,79,
12,43842380,182,51,
12,43842683,482,193,
12,43843241,269,180,
12,43843821,530,989,
12,43843902,80,59,
12,43844665,81,15,
12,43845174,139,85,
12,43845826,62,21,
12,43846487,1418,694,
12,43846690,116,12,
12,43846964,137,41,
12,43847432,395,77,
12,43848325,327,96,
12,43848398,163,68,
12,43849271,288,102,
12,43849373,237,86,
12,43849536,175,31,
12,43850238,193,57,
12,43850309,67,25,
12,43850550,67,22,
12,43851099,385,180,
12,43851143,142,93,
12,43851212,123,44,
12,43851225,131,203,
12,43851260,68,28,
12,43851314,248,180,
12,43851612,472,432,
12,43851787,27,18,
12,43852096,331,57,
12,43852145,1164,597,
12,43852162,805,1019,
12,43852217,117,27,
12,43852266,475,138,
12,43852446,41,3,
12,43853382,301,257,
12,43853499,21,4,
12,43854337,246,181,
12,43854776,275,172,
12,43855386,100,54,
12,43855838,161,34,
12,43856186,504,196,
12,43856208,17,4,
12,43856532,72,129,
12,43856656,147,40,
12,43856795,1026,359,
12,43856798,231,219,
12,43856801,301,109,
12,43856803,400,151,
12,43857405,98,42,
12,43857643,135,84,
12,43857856,76,21,
12,43858136,26,6,
12,43858183,106,30,
12,43858442,84,108,
12,43858521,22,13,
12,43858552,129,368,
12,43858554,258,380,
12,43858568,641,108,
12,43858826,67,25,
12,43858970,117,32,
12,43859165,43,11,
12,43859446,1890,781,
12,43859464,203,30,
12,43859536,728,256,
12,43860108,82,50,
12,43860137,168,22,
12,43860207,184,85,
12,43860428,94,18,
12,43860726,215,133,
12,43861189,145,99,
12,43861207,114,48,
12,43861253,153,141,
12,43861297,120,24,
12,43861566,60,14,
12,43861669,86,62,
12,43861771,59,63,
12,43861828,383,402,
12,43862487,261,232,
12,43862643,76,53,
12,43862774,55,9,
12,43863414,105,34,
12,43863418,126,35,
12,43864108,352,275,
12,43864442,79,56,
12,43864589,146,71,
12,43864724,22,10,
12,43864752,59,6,
12,43864800,126,31,
12,43864827,65,79,
12,43864986,50,50,
12,43865097,244,69,
12,43865132,449,227,
12,43865631,82,94,
12,43865740,118,118,
12,43865824,38,1,
12,43865960,114,47,
12,43866001,237,76,
12,43866303,280,276,
12,43866329,74,23,
12,43866585,159,32,
12,43866797,54,29,
12,43866810,22,21,
12,43867211,271,115,
12,43867403,212,135,
12,43867429,125,53,
12,43868074,358,237,
12,43868130,99,25,
12,43868192,577,318,
12,43868231,110,60,
12,43868273,134,41,
12,43868395,67,17,
12,43868694,12,2,
12,43868737,155,57,
12,43868890,28,4,
12,43869236,48,105,
12,43869288,162,106,
12,43869353,389,279,
12,43869794,398,241,
12,43870364,11,3,
12,43870819,250,278,
12,43870969,413,443,
12,43870998,225,25,
12,43871250,26,9,
12,43871601,54,9,
12,43871730,127,60,
12,43871824,37,7,
12,43871984,28,6,
12,43872094,129,23,
12,43872159,204,52,
12,43872625,105,22,
12,43872761,144,66,
12,43872799,78,3,
12,43872946,71,19,
12,43873074,510,123,
12,43873244,46,0,
12,43873531,405,279,
12,43873604,84,23,
12,43873679,108,84,
12,43874641,240,244,
12,43875134,77,11,
12,43875136,34,26,
12,43875230,45,1,
12,43875360,40,8,
12,43875416,131,67,
12,43875476,794,331,
12,43875505,113,10,
12,43876084,120,52,
12,43876135,36,6,
12,43876243,197,67,
12,43876286,13,0,
12,43876566,201,30,
12,43876725,9,0,
12,43876798,52,21,
12,43876843,46,32,
12,43877301,611,390,
12,43877356,60,10,
12,43877644,501,309,
12,43877797,357,168,
12,43877907,110,113,
12,43877923,75,70,
12,43878191,78,7,
12,43878298,28,5,
12,43878461,102,40,
12,43878560,16,7,
12,43878704,37,15,
12,43878728,388,352,
12,43878824,82,32,
12,43878850,442,442,
12,43878868,27,2,
12,43878878,253,193,
12,43878899,14,1,
12,43878987,52,38,
12,43879282,191,99,
12,43879288,142,156,
12,43879702,283,121,
12,43879715,212,75,
12,43879748,101,84,
12,43880248,76,14,
12,43880472,73,35,
12,43880554,56,10,
12,43880560,63,57,
12,43880883,105,20,
12,43880962,772,171,
12,43880973,454,408,
12,43881035,511,502,
12,43881065,127,178,
12,43881211,257,97,
12,43881391,82,0,
12,43881468,484,163,
12,43881832,71,70,
12,43882118,62,19,
12,43882150,391,310,
12,43882287,45,27,
12,43882291,140,97,
12,43882437,145,8,
12,43882740,26,1,
12,43882809,199,143,
12,43882905,202,178,
12,43882962,79,120,
12,43883040,455,123,
12,43883180,28,17,
12,43883230,80,60,
12,43883587,35,15,
12,43883642,156,177,
12,43883732,57,50,
12,43883747,116,24,
12,43883749,30,0,
12,43883902,329,210,
12,43883946,68,18,
12,43884098,16,1,
12,43884156,91,62,
12,43884418,139,18,13
12,43884635,175,239,
12,43885039,51,23,
12,43885051,50,25,
12,43885101,543,818,
12,43885284,23,6,
12,43885478,206,44,
12,43886023,78,55,
12,43886053,13,0,
12,43886213,70,16,
12,43886243,333,104,
12,43886271,65,10,
12,43886368,120,105,
12,43886381,81,60,
12,43886399,65,9,
12,43886552,143,152,
12,43886601,129,27,
12,43886973,4,0,
12,43887068,7,0,
12,43887073,77,144,
12,43887494,42,47,
12,43887518,27,6,
12,43887546,40,11,
12,43887632,17,0,
12,43887637,225,36,
12,43887708,87,27,
12,43887874,69,11,4
12,43887998,137,65,
12,43888005,115,5,
12,43888033,21,3,
12,43888117,800,196,
12,43888157,183,38,
12,43888191,33,6,
12,43888225,164,165,
12,43888239,80,15,
12,43888246,9,0,12
12,43888268,49,5,
12,43888290,30,6,
12,43888501,59,149,
12,43888777,90,47,
12,43888803,1384,833,
12,43889277,16,2,
12,43889487,33,4,
12,43889502,199,125,
12,43889610,241,59,
12,43889875,141,25,
12,43889963,12,0,
12,43890118,10,0,
12,43890237,11,5,
12,43890313,10,0,
12,43890412,66,10,
12,43890525,293,312,
12,43890538,222,53,
12,43890649,174,159,
12,43891128,144,31,
12,43891245,294,194,
12,43891398,92,28,
12,43891723,10,1,30
12,43891864,10,0,
12,43892096,285,58,
12,43892119,242,207,
12,43892224,7,0,
12,43892331,18,0,
12,43892442,10,5,
12,43892481,106,79,
12,43892714,7,0,
12,43892773,28,0,
12,43892849,14,3,
12,43892856,76,11,
12,43893020,18,0,
12,43893225,34,0,
12,43893319,26,18,
12,43893412,33,31,
12,43893442,77,25,
12,43893550,84,6,
12,43893601,424,109,
12,43893740,41,51,
12,43893759,53,5,
12,43893762,390,333,
12,43893906,206,79,
12,43894175,311,195,
12,43894228,35,11,
12,43894257,65,43,
12,43894305,660,261,
12,43894363,108,106,
12,43894479,8,0,
12,43894678,99,50,
12,43894967,4,0,
12,43895237,107,24,
12,43895456,149,35,
12,43895515,24,11,
12,43895516,110,178,
12,43895622,107,64,
12,43895637,114,106,
12,43895693,9,0,21
12,43895852,124,5,
12,43896011,264,132,
12,43896188,261,91,
12,43896199,141,82,
12,43896228,126,107,
12,43896410,76,50,
12,43896609,32,14,28
12,43896765,19,1,
12,43896820,39,4,
12,43896835,10,0,
12,43896854,4,0,
12,43896889,44,5,
12,43896944,34,2,
12,43896948,4,0,
12,43896989,10,1,
12,43897107,30,2,
12,43897129,155,57,
12,43897297,23,10,
12,43897320,376,204,
12,43897333,30,9,
12,43897719,85,10,
12,43897772,595,655,
12,43897816,10,1,
12,43898160,11,1,
12,43898280,5,0,
12,43898306,46,6,
12,43898380,251,120,
12,43898400,4,0,
12,43898618,34,24,
12,43898717,89,11,
12,43898777,16,3,
12,43898956,8,0,
12,43899016,197,161,
12,43899028,502,217,
12,43899053,7,0,
12,43899212,23,6,
12,43899236,426,340,
12,43899251,157,19,
12,43899288,83,47,9
12,43899317,30,30,
12,43899350,23,17,
12,43899456,27,1,
12,43899529,15,0,
12,43899734,28,1,
12,43899878,35,6,
12,43899910,17,3,
12,43900145,8,2,
12,43900264,45,29,
12,43900456,6,0,
12,43900463,174,35,
12,43900877,545,488,3
12,43900983,6,1,
12,43901081,8,4,
12,43901131,39,18,23
12,43901204,244,195,
12,43901495,216,87,
12,43901575,67,57,
12,43901619,375,183,
12,43901748,8,3,
12,43901760,25,13,
12,43901985,56,10,
12,43902076,6,0,
12,43902129,7,1,
12,43902212,1062,415,
12,43902263,390,271,
12,43902308,139,208,16
12,43902318,7,0,
12,43902328,14,4,
12,43902375,11,1,
12,43902869,106,148,
12,43902897,10,0,
12,43903099,21,3,
12,43903130,16,5,
12,43903145,9,0,
12,43903148,45,17,
12,43903396,4,5,
12,43903400,165,106,24
12,43903420,8,0,
12,43903489,14,0,
12,43903534,11,0,
12,43903673,10,4,
12,43903728,132,70,
12,43903741,300,209,
12,43903771,39,16,
12,43903853,208,238,
12,43903907,8,0,
12,43903945,104,59,
12,43903950,5,2,
12,43903959,198,133,27
12,43903978,7,1,
12,43903984,12,5,
12,43904018,11,0,
12,43904226,12,3,
12,43904257,12,4,
12,43904478,45,27,6
12,43904511,64,8,
12,43904546,4,0,
12,43904553,4,0,
12,43904664,61,51,
12,43904854,52,7,
12,43904865,85,7,
12,43904989,12,1,
12,43905059,19,0,
12,43905185,258,81,22
12,43905299,220,111,20
12,43905697,36,18,
12,43905710,28,1,
12,43905771,11,5,
12,43905942,1001,242,1
12,43906018,631,606,12
12,43906023,4,0,
12,43906058,19,18,
12,43906193,13,1,
12,43906346,112,44,29
12,43906379,9,2,
12,43906442,187,24,
12,43906727,4,0,
12,43906841,358,120,4
12,43907050,5,0,
12,43907376,416,221,
12,43907586,104,56,25
12,43907631,7,1,
12,43907763,43,8,
12,43907803,7,4,
12,43907820,472,428,8
12,43907941,57,9,
12,43907994,21,2,
12,43908261,16,0,
12,43908368,135,72,18
12,43908428,15,1,
12,43908666,17,4,
12,43908770,45,58,
12,43908774,9,6,
12,43908899,11,3,
12,43908913,8,1,
12,43909111,68,46,
12,43909124,36,16,
12,43909155,7,0,
12,43909179,6,1,
12,43909220,239,69,
12,43909360,8,0,
12,43909398,87,37,14
12,43909409,399,187,2
12,43909411,5,0,
12,43909430,377,426,19
12,43909432,178,157,
12,43909448,18,0,
12,43909519,10,6,
12,43909824,13,8,
12,43909898,21,1,
12,43909955,6,6,
12,43909961,8,0,
12,43910220,4,0,
12,43910399,15,1,
12,43910423,72,9,26
12,43910476,7,0,
12,43910565,74,10,17
12,43910651,4,5,
12,43910677,14,1,
12,43910681,311,50,10
12,43910685,80,27,7
12,43910720,134,34,
12,43910745,169,117,11
12,43910760,22,7,
12,43911050,30,17,
12,43911167,187,90,
12,43911204,6,0,
12,43911237,4,0,
12,43911252,186,168,
12,43911258,17,4,
12,43911266,8,0,
12,43911324,15,0,
12,43911349,5,1,
12,43911399,9,3,
12,43911486,7,1,
12,43911570,5,0,
12,43911571,30,7,
12,43911648,24,18,
12,43911659,7,5,
12,43912012,11,2,
12,43912172,6,0,
12,43912205,7,0,
12,43912321,5,0,
12,43912440,4,0,
12,43912711,4,0,
12,43912718,7,0,
12,43912844,16,1,
12,43913222,26,26,
12,43913325,6,0,
12,43913357,4,0,
12,43913414,5,0,
12,43913896,34,7,2
12,43913905,12,4,
12,43913950,7,1,14
12,43914041,3,2,
12,43914677,7,2,17
12,43914705,15,0,3
12,43914789,3,0,
12,43914832,18,2,1
13,43840842,555,444,
13,43840861,186,65,
13,43842306,717,399,
13,43842367,204,79,
13,43842380,182,51,
13,43842683,482,193,
13,43843241,269,180,
13,43843821,531,989,
13,43843902,80,59,
13,43844665,81,15,
13,43845174,139,85,
13,43845826,62,21,
13,43846487,1419,694,
13,43846690,116,12,
13,43846964,137,41,
13,43847432,395,77,
13,43848325,327,96,
13,43848398,163,68,
13,43849271,288,102,
13,43849373,237,86,
13,43849536,175,31,
13,43850238,193,57,
13,43850309,67,25,
13,43850550,67,22,
13,43851099,385,180,
13,43851143,142,93,
13,43851212,123,44,
13,43851225,131,203,
13,43851260,68,28,
13,43851314,248,180,
13,43851612,472,432,
13,43851787,27,18,
13,43852096,331,57,
13,43852145,1164,597,
13,43852162,806,1019,
13,43852217,117,27,
13,43852266,475,138,
13,43852446,41,3,
13,43853382,301,257,
13,43853499,21,4,
13,43854337,246,181,
13,43854776,275,172,
13,43855386,100,54,
13,43855838,161,34,
13,43856186,504,196,
13,43856208,17,4,
13,43856532,72,129,
13,43856656,147,40,
13,43856795,1026,359,
13,43856798,231,219,
13,43856801,301,109,
13,43856803,400,151,
13,43857405,98,42,
13,43857643,135,84,
13,43857856,76,21,
13,43858136,26,6,
13,43858183,106,30,
13,43858442,84,108,
13,43858521,22,13,
13,43858552,129,370,
13,43858554,258,381,
13,43858568,641,108,
13,43858826,67,25,
13,43858970,117,32,
13,43859165,43,11,
13,43859446,1890,781,
13,43859464,203,30,
13,43859536,728,256,
13,43860108,82,50,
13,43860137,168,22,
13,43860207,184,85,
13,43860428,94,18,
13,43860726,215,133,
13,43861207,114,48,
13,43861253,153,141,
13,43861297,120,24,
13,43861566,60,14,
13,43861669,86,62,
13,43861771,59,63,
13,43861828,383,402,
13,43862487,262,232,
13,43862643,76,53,
13,43862774,55,9,
13,43863414,105,34,
13,43863418,126,35,
13,43864108,352,275,
13,43864442,79,56,
13,43864589,146,71,
13,43864724,22,10,
13,43864752,59,6,
13,43864800,126,31,
13,43864827,65,79,
13,43864986,50,50,
13,43865097,244,69,
13,43865132,449,227,
13,43865631,82,94,
13,43865740,118,118,
13,43865824,38,1,
13,43865960,114,47,
13,43866001,237,76,
13,43866303,280,276,
13,43866329,74,23,
13,43866585,159,32,
13,43866797,54,29,
13,43866810,22,21,
13,43867211,271,116,
13,43867403,212,135,
13,43867429,125,53,
13,43868074,358,237,
13,43868130,99,25,
13,43868192,577,318,
13,43868231,110,60,
13,43868273,134,41,
13,43868395,67,17,
13,43868694,12,2,
13,43868737,155,57,
13,43868890,28,4,
13,43869236,48,105,
13,43869288,162,106,
13,43869353,389,279,
13,43869794,398,241,
13,43870364,11,3,
13,43870819,250,278,
13,43870969,413,443,
13,43870998,225,25,
13,43871250,26,9,
13,43871601,54,9,
13,43871730,127,60,
13,43871824,37,7,
13,43871984,28,6,
13,43872094,129,23,
13,43872159,204,52,
13,43872625,105,22,
13,43872761,144,66,
13,43872799,78,3,
13,43873074,510,123,
13,43873531,405,279,
13,43873604,84,23,
13,43873679,108,84,
13,43874641,241,244,
13,43875134,77,11,
13,43875136,34,26,
13,43875230,45,1,
13,43875360,40,8,
13,43875416,131,67,
13,43875476,794,331,
13,43875505,113,10,
13,43876084,120,52,
13,43876135,36,6,
13,43876243,197,67,
13,43876286,13,0,
13,43876566,201,30,
13,43876725,9,0,
13,43876798,52,21,
13,43876843,46,32,
13,43877301,611,390,
13,43877356,60,10,
13,43877644,501,309,
13,43877797,357,168,
13,43877907,110,113,
13,43877923,75,70,
13,43878191,78,7,
13,43878298,28,5,
13,43878461,102,40,
13,43878560,16,7,
13,43878704,37,15,
13,43878728,388,352,
13,43878824,82,32,
13,43878850,442,442,
13,43878868,27,2,
13,43878878,253,194,
13,43878899,14,1,
13,43878987,52,38,
13,43879282,191,99,
13,43879288,142,156,
13,43879702,283,121,
13,43879715,212,75,
13,43879748,101,84,
13,43880248,76,14,
13,43880472,73,35,
13,43880554,56,11,
13,43880560,63,57,
13,43880883,105,20,
13,43880962,772,171,
13,43880973,454,410,
13,43881035,511,502,
13,43881065,127,178,
13,43881211,257,97,
13,43881391,82,0,
13,43881468,485,164,
13,43882118,62,19,
13,43882150,391,310,
13,43882287,45,27,
13,43882291,140,98,
13,43882437,145,8,
13,43882740,26,1,
13,43882809,199,143,
13,43882905,202,178,
13,43882962,80,120,
13,43883040,455,123,
13,43883180,28,17,
13,43883230,80,60,
13,43883587,35,15,
13,43883642,156,179,
13,43883732,57,50,
13,43883747,116,24,
13,43883749,30,0,
13,43883902,329,210,
13,43883946,68,18,
13,43884098,16,1,
13,43884156,91,62,
13,43884418,149,19,19
13,43884635,175,239,
13,43885039,51,23,
13,43885051,50,25,
13,43885101,547,816,
13,43885284,23,6,
13,43885478,206,44,
13,43886023,78,55,
13,43886053,13,0,
13,43886213,70,16,
13,43886243,333,104,
13,43886271,65,10,
13,43886368,120,105,
13,43886381,81,60,
13,43886399,65,9,
13,43886552,143,153,
13,43886601,129,27,
13,43887068,9,0,21
13,43887073,77,144,
13,43887494,42,47,
13,43887518,27,6,
13,43887546,40,11,
13,43887632,17,0,
13,43887637,225,36,
13,43887708,87,27,
13,43887874,78,11,13
13,43887998,137,65,
13,43888005,115,5,
13,43888033,21,3,
13,43888117,801,196,
13,43888157,183,38,
13,43888191,33,6,
13,43888225,164,165,
13,43888239,80,15,
13,43888246,22,4,6
13,43888268,49,5,
13,43888290,30,6,
13,43888501,59,149,
13,43888777,90,47,
13,43888803,1384,833,
13,43889277,16,2,
13,43889487,33,4,
13,43889502,199,125,
13,43889610,241,59,
13,43889875,141,25,
13,43889963,12,0,
13,43890118,10,0,
13,43890237,11,5,
13,43890313,10,0,
13,43890412,66,10,
13,43890525,293,312,
13,43890538,223,53,
13,43890649,175,159,
13,43891128,144,31,
13,43891245,294,194,
13,43891398,92,28,
13,43891723,11,1,
13,43891864,10,0,
13,43892096,285,58,
13,43892119,242,207,
13,43892224,7,0,
13,43892331,18,0,
13,43892442,10,5,
13,43892481,106,79,
13,43892714,7,0,
13,43892773,28,0,
13,43892849,14,3,
13,43892856,76,11,
13,43893020,18,0,
13,43893225,34,0,
13,43893319,26,18,
13,43893412,33,31,
13,43893442,77,26,
13,43893550,84,6,
13,43893601,424,109,
13,43893740,41,51,
13,43893759,53,5,
13,43893762,390,333,
13,43893906,206,79,
13,43894175,311,197,
13,43894228,35,11,
13,43894257,65,44,
13,43894305,661,261,
13,43894363,108,106,
13,43894479,8,0,
13,43894678,99,50,
13,43894967,4,0,
13,43895237,107,24,
13,43895456,149,35,
13,43895515,24,11,
13,43895516,110,179,
13,43895622,107,64,
13,43895637,114,106,
13,43895693,14,0,
13,43895852,124,5,
13,43896011,264,132,
13,43896188,261,91,
13,43896199,141,82,
13,43896228,126,107,
13,43896410,76,50,
13,43896609,33,15,
13,43896765,19,1,
13,43896820,39,4,
13,43896835,10,0,
13,43896854,4,0,
13,43896889,44,5,
13,43896944,34,2,
13,43896948,4,0,
13,43897107,30,2,
13,43897129,155,57,
13,43897297,23,10,
13,43897320,377,204,
13,43897333,30,9,
13,43897719,85,10,
13,43897772,595,657,
13,43897816,11,1,
13,43898160,11,1,
13,43898280,5,0,
13,43898306,47,7,
13,43898380,251,120,
13,43898400,4,0,
13,43898618,34,24,
13,43898717,89,11,
13,43898777,16,3,
13,43898956,8,0,
13,43899016,197,161,
13,43899028,502,222,
13,43899053,7,0,
13,43899212,23,6,
13,43899236,426,343,
13,43899251,158,19,
13,43899288,87,50,15
13,43899317,30,30,
13,43899350,23,17,
13,43899456,27,1,
13,43899529,15,0,
13,43899734,29,1,
13,43899878,35,6,
13,43899910,17,3,
13,43900145,8,2,
13,43900264,45,29,
13,43900456,6,0,
13,43900463,174,35,
13,43900877,571,499,6
13,43900983,6,1,
13,43901081,8,4,
13,43901131,43,22,27
13,43901204,244,195,
13,43901495,217,89,
13,43901575,67,57,
13,43901619,375,183,
13,43901748,8,3,
13,43901760,25,13,
13,43901985,56,10,
13,43902076,6,0,
13,43902212,1067,419,
13,43902263,390,271,
13,43902308,148,237,23
13,43902318,7,0,
13,43902328,14,4,
13,43902375,11,1,
13,43902869,107,148,
13,43902897,10,0,
13,43903099,21,3,
13,43903130,16,5,
13,43903145,9,0,
13,43903148,45,17,
13,43903400,167,107,
13,43903420,8,0,
13,43903489,15,0,
13,43903534,11,0,
13,43903728,132,71,
13,43903741,300,209,
13,43903771,39,16,
13,43903853,208,238,
13,43903907,8,0,
13,43903945,104,61,
13,43903950,5,2,
13,43903959,202,135,
13,43903978,7,1,
13,43903984,12,5,
13,43904018,11,0,
13,43904226,12,3,
13,43904257,12,4,
13,43904478,57,38,9
13,43904511,64,8,
13,43904546,4,0,
13,43904553,4,0,
13,43904664,62,51,
13,43904865,86,7,
13,43904989,12,1,
13,43905059,19,0,
13,43905185,260,82,28
13,43905299,227,114,30
13,43905697,36,18,
13,43905710,28,1,
13,43905771,13,5,
13,43905942,1015,243,3
13,43906018,639,611,20
13,43906023,4,0,
13,43906058,19,18,
13,43906193,13,1,
13,43906346,112,44,
13,43906379,9,2,
13,43906442,190,24,
13,43906727,4,0,
13,43906841,366,120,7
13,43907050,5,0,
13,43907376,419,222,
13,43907586,106,56,
13,43907631,7,1,
13,43907763,43,8,
13,43907803,7,4,
13,43907820,483,446,17
13,43907941,58,9,
13,43907994,21,2,
13,43908261,16,0,
13,43908368,139,75,26
13,43908428,15,1,
13,43908666,19,4,
13,43908770,45,60,
13,43908774,9,6,
13,43908899,11,3,
13,43908913,8,1,
13,43909111,70,46,
13,43909124,36,16,
13,43909155,7,0,
13,43909179,6,1,
13,43909220,239,70,
13,43909360,8,0,
13,43909398,90,38,24
13,43909409,432,211,5
13,43909411,5,0,
13,43909430,398,449,25
13,43909432,179,158,
13,43909448,18,0,
13,43909519,10,6,
13,43909824,14,8,
13,43909898,21,1,
13,43909955,6,6,
13,43909961,8,0,
13,43910220,4,0,
13,43910399,15,1,
13,43910423,73,9,
13,43910476,7,0,
13,43910565,80,10,27
13,43910651,4,5,
13,43910677,14,1,
13,43910681,339,55,18
13,43910685,86,30,14
13,43910720,135,36,
13,43910745,185,124,21
13,43910760,24,7,
13,43911050,30,18,
13,43911167,192,100,
13,43911204,6,0,
13,43911252,189,182,
13,43911258,17,4,
13,43911266,8,0,
13,43911324,15,0,
13,43911349,5,1,
13,43911399,10,3,
13,43911486,7,1,
13,43911570,5,0,
13,43911571,30,7,
13,43911648,24,18,
13,43911659,8,5,
13,43912012,12,2,
13,43912172,6,0,
13,43912205,7,0,
13,43912321,5,0,
13,43912440,4,0,
13,43912711,4,0,
13,43912713,6,0,
13,43912718,9,0,
13,43912844,74,67,4
13,43913129,4,1,
13,43913222,29,28,
13,43913325,6,0,
13,43913357,4,0,
13,43913414,7,0,
13,43913727,5,0,
13,43913751,26,0,5
13,43913896,50,10,
13,43913905,14,5,
13,43913950,13,10,10
13,43914034,10,1,
13,43914041,5,3,
13,43914235,13,0,18
13,43914652,4,0,
13,43914677,27,9,12
13,43914705,114,47,2
13,43914738,4,1,11
13,43914832,136,37,1
13,43914834,53,61,5
13,43914876,38,25,3
13,43914963,34,69,3
13,43915070,19,1,13
13,43915365,10,1,
13,43915586,3,0,
14,43840842,555,444,
14,43840861,186,65,
14,43842306,718,399,
14,43842367,204,79,
14,43842380,182,51,
14,43842683,482,193,
14,43843241,269,180,
14,43843821,531,989,
14,43843902,80,59,
14,43844665,81,15,
14,43845174,139,85,
14,43845826,62,21,
14,43846487,1419,694,
14,43846690,116,12,
14,43846964,137,41,
14,43847432,395,77,
14,43848325,327,96,
14,43848398,163,68,
14,43849271,288,102,
14,43849373,237,86,
14,43849536,175,31,
14,43850238,193,57,
14,43850309,67,25,
14,43850550,67,22,
14,43851099,385,180,
14,43851143,142,93,
14,43851212,123,44,
14,43851225,131,203,
14,43851260,68,28,
14,43851314,248,180,
14,43851612,472,432,
14,43851787,27,18,
14,43852096,331,57,
14,43852145,1164,597,
14,43852162,806,1020,
14,43852217,117,27,
14,43852266,475,138,
14,43852446,41,3,
14,43853382,301,257,
14,43853499,21,4,
14,43854337,246,181,
14,43854776,275,172,
14,43855386,100,54,
14,43855838,161,34,
14,43856186,504,196,
14,43856208,17,4,
14,43856532,72,129,
14,43856656,147,40,
14,43856795,1027,359,
14,43856798,231,219,
14,43856801,301,109,
14,43856803,400,151,
14,43857405,98,42,
14,43857643,135,84,
14,43857856,76,21,
14,43858136,26,6,
14,43858183,106,30,
14,43858442,84,108,
14,43858521,22,13,
14,43858552,129,370,
14,43858554,258,385,
14,43858568,641,108,
14,43858826,67,25,
14,43858970,117,32,
14,43859165,43,11,
14,43859446,1890,781,
14,43859464,203,30,
14,43859536,728,256,
14,43860108,82,50,
14,43860137,168,22,
14,43860428,94,18,
14,43860726,215,133,
14,43861207,114,48,
14,43861253,153,141,
14,43861297,120,24,
14,43861566,60,14,
14,43861669,86,62,
14,43861771,59,63,
14,43861828,383,402,
14,43862487,262,232,
14,43862643,76,53,
14,43862774,55,9,
14,43863414,105,34,
14,43863418,126,35,
14,43864108,352,275,
14,43864442,79,56,
14,43864589,146,71,
14,43864752,59,6,
14,43864800,126,31,
14,43864827,65,79,
14,43864986,50,50,
14,43865097,244,70,
14,43865132,449,227,
14,43865631,82,94,
14,43865740,118,118,
14,43865824,38,1,
14,43865960,114,47,
14,43866001,238,76,
14,43866303,280,276,
14,43866329,74,23,
14,43866585,159,32,
14,43866797,54,29,
14,43866810,22,21,
14,43867211,271,116,
14,43867403,212,135,
14,43867429,125,53,
14,43868074,358,237,
14,43868130,99,25,
14,43868192,577,318,
14,43868231,110,60,
14,43868273,134,41,
14,43868395,67,17,
14,43868694,12,2,
14,43868737,155,57,
14,43868890,28,4,
14,43869236,48,105,
14,43869288,162,106,
14,43869353,389,279,
14,43869794,398,241,
14,43870364,11,3,
14,43870819,250,278,
14,43870969,413,443,
14,43870998,226,25,
14,43871250,26,9,
14,43871601,54,9,
14,43871730,128,60,
14,43871824,37,7,
14,43871984,28,6,
14,43872094,129,23,
14,43872159,204,52,
14,43872625,105,22,
14,43872761,144,66,
14,43872799,78,3,
14,43873074,510,123,
14,43873531,405,279,
14,43873604,84,23,
14,43873679,108,84,
14,43874641,241,245,
14,43875134,77,11,
14,43875136,34,26,
14,43875230,45,1,
14,43875360,40,8,
14,43875416,131,67,
14,43875476,794,331,
14,43875505,113,10,
14,43876084,120,52,
14,43876135,36,6,
14,43876243,197,67,
14,43876566,201,30,
14,43876725,9,0,
14,43876798,52,21,
14,43876843,46,32,
14,43877301,611,390,
14,43877356,60,10,
14,43877644,502,309,
14,43877797,357,168,
14,43877907,111,113,
14,43877923,75,70,
14,43878191,78,7,
14,43878298,28,5,
14,43878461,102,40,
14,43878560,16,7,
14,43878704,37,15,
14,43878728,388,352,
14,43878824,82,32,
14,43878850,442,442,
14,43878868,27,2,
14,43878878,253,194,
14,43878899,14,1,
14,43878987,52,38,
14,43879282,191,99,
14,43879288,142,159,
14,43879702,283,121,
14,43879715,212,75,
14,43879748,101,84,
14,43880248,76,14,
14,43880472,73,35,
14,43880554,56,11,
14,43880560,63,57,
14,43880883,105,20,
14,43880962,772,171,
14,43880973,454,410,
14,43881035,511,502,
14,43881065,127,178,
14,43881211,258,97,
14,43881468,485,164,
14,43882118,62,19,
14,43882150,391,310,
14,43882287,45,27,
14,43882291,140,98,
14,43882437,145,8,
14,43882740,26,1,
14,43882809,199,143,
14,43882905,202,178,
14,43882962,80,120,
14,43883040,455,123,
14,43883180,28,17,
14,43883230,81,60,
14,43883587,35,15,
14,43883642,156,183,
14,43883732,57,50,
14,43883747,116,24,
14,43883749,30,0,
14,43883902,329,210,
14,43883946,68,18,
14,43884098,16,1,
14,43884156,91,62,
14,43884245,4,0,19
14,43884418,153,20,22
14,43884635,175,240,
14,43885039,51,23,
14,43885051,50,25,
14,43885101,549,817,
14,43885284,23,6,
14,43885478,206,44,
14,43886023,78,55,
14,43886053,13,0,
14,43886213,70,16,
14,43886243,333,104,
14,43886271,65,10,
14,43886368,120,105,
14,43886381,81,60,
14,43886399,65,9,
14,43886552,143,153,
14,43886601,129,27,
14,43887068,27,3,5
14,43887073,77,144,
14,43887494,43,47,
14,43887518,27,6,
14,43887632,17,0,
14,43887637,225,36,
14,43887708,87,27,
14,43887874,86,12,14
14,43887998,138,65,
14,43888005,115,5,
14,43888033,21,3,
14,43888117,801,196,
14,43888157,183,38,
14,43888191,33,6,
14,43888225,164,165,
14,43888239,80,15,
14,43888246,24,7,
14,43888268,49,5,
14,43888290,30,6,
14,43888501,59,149,
14,43888777,90,47,
14,43888803,1385,833,
14,43889277,16,2,
14,43889487,33,4,
14,43889502,199,126,
14,43889610,241,59,
14,43889875,141,25,
14,43889963,12,0,
14,43890118,10,0,
14,43890237,11,5,
14,43890313,10,0,
14,43890412,66,10,
14,43890525,293,312,
14,43890538,223,53,
14,43890649,175,159,
14,43891128,144,31,
14,43891245,294,194,
14,43891398,92,28,
14,43891723,11,1,
14,43891864,10,0,
14,43892096,285,58,
14,43892119,242,208,
14,43892224,7,0,
14,43892331,18,0,
14,43892442,10,5,
14,43892481,107,79,
14,43892714,7,0,
14,43892773,28,0,
14,43892849,14,3,
14,43892856,76,11,
14,43893020,18,0,
14,43893225,34,0,
14,43893412,33,31,
14,43893442,77,27,
14,43893550,84,6,
14,43893601,424,109,
14,43893740,41,51,
14,43893759,53,5,
14,43893762,391,334,
14,43893906,206,79,
14,43894175,311,197,
14,43894228,35,11,
14,43894257,65,44,
14,43894305,661,261,
14,43894363,108,106,
14,43894479,8,0,
14,43894678,99,50,
14,43894967,4,0,
14,43895237,107,24,
14,43895456,149,35,
14,43895515,24,11,
14,43895516,110,179,
14,43895622,107,64,
14,43895637,114,109,
14,43895693,14,0,
14,43895852,124,5,
14,43896011,265,132,
14,43896188,261,91,
14,43896199,141,82,
14,43896228,126,108,
14,43896410,76,50,
14,43896609,33,15,
14,43896765,21,1,
14,43896820,39,4,
14,43896835,10,0,
14,43896854,4,0,
14,43896889,44,5,
14,43896944,35,2,
14,43896948,4,0,
14,43897107,30,2,
14,43897129,155,57,
14,43897297,24,10,
14,43897320,378,204,
14,43897333,30,9,
14,43897719,85,10,
14,43897772,595,660,
14,43897816,11,1,
14,43898160,11,1,
14,43898280,5,0,
14,43898306,47,9,
14,43898380,251,120,
14,43898400,4,0,
14,43898618,34,24,
14,43898717,89,11,
14,43898777,16,3,
14,43898956,8,0,
14,43899016,197,161,
14,43899028,502,224,
14,43899053,7,0,
14,43899212,23,6,
14,43899236,426,344,
14,43899251,158,19,
14,43899288,94,55,20
14,43899317,30,30,
14,43899350,23,17,
14,43899456,27,2,
14,43899529,15,0,
14,43899734,29,1,
14,43899878,36,6,
14,43899910,17,3,
14,43900145,8,2,
14,43900264,45,29,
14,43900456,6,0,
14,43900463,174,36,
14,43900877,584,513,9
14,43900983,6,1,
14,43901081,8,4,
14,43901131,46,25,30
14,43901204,244,195,
14,43901495,218,89,
14,43901575,68,57,
14,43901619,378,183,
14,43901748,8,3,
14,43901760,26,13,
14,43901985,56,10,
14,43902076,6,0,
14,43902212,1071,419,
14,43902263,394,273,
14,43902308,154,254,25
14,43902328,14,4,
14,43902869,107,149,
14,43902897,10,0,
14,43903099,21,3,
14,43903130,16,5,
14,43903145,9,0,
14,43903148,46,17,
14,43903400,167,108,
14,43903420,8,0,
14,43903489,15,0,
14,43903534,12,0,
14,43903692,8,2,
14,43903728,132,71,
14,43903741,302,210,
14,43903771,39,16,
14,43903853,209,244,
14,43903907,8,0,
14,43903945,105,61,
14,43903959,204,136,
14,43903978,7,1,
14,43903984,12,5,
14,43904018,11,0,
14,43904226,12,3,
14,43904257,12,4,
14,43904478,62,45,12
14,43904511,64,8,
14,43904546,4,0,
14,43904553,4,0,
14,43904865,86,7,
14,43904989,12,1,
14,43905059,19,0,
14,43905185,264,82,30
14,43905299,229,114,
14,43905697,37,18,
14,43905710,28,1,
14,43905771,13,7,
14,43905942,1027,245,5
14,43906018,645,617,23
14,43906023,4,0,
14,43906058,20,18,
14,43906193,14,1,
14,43906346,114,44,
14,43906379,9,2,
14,43906442,192,24,
14,43906727,4,0,
14,43906841,373,123,10
14,43907050,5,0,
14,43907376,419,224,
14,43907586,107,56,
14,43907631,7,1,
14,43907763,43,8,
14,43907803,7,4,
14,43907820,499,455,17
14,43907941,59,9,
14,43907994,21,2,
14,43908261,16,0,
14,43908368,141,79,29
14,43908428,15,1,
14,43908666,19,4,
14,43908770,45,60,
14,43908774,9,6,
14,43908882,9,6,
14,43908899,11,3,
14,43908913,8,1,
14,43909111,70,46,
14,43909124,36,16,
14,43909155,7,0,
14,43909179,6,1,
14,43909220,239,70,
14,43909360,8,0,
14,43909398,91,39,26
14,43909409,456,226,8
14,43909411,5,0,
14,43909430,421,473,28
14,43909432,180,160,
14,43909448,19,0,
14,43909519,10,6,
14,43909824,14,8,
14,43909898,21,1,
14,43909955,6,6,
14,43909961,8,0,
14,43910220,5,0,
14,43910399,15,1,
14,43910423,74,9,
14,43910476,7,0,
14,43910565,80,10,
14,43910651,4,5,
14,43910677,14,1,
14,43910681,352,60,21
14,43910685,86,35,16
14,43910720,139,41,
14,43910745,203,133,23
14,43910760,24,7,
14,43911050,30,18,
14,43911167,197,105,
14,43911204,6,0,
14,43911252,198,203,
14,43911258,17,4,
14,43911266,8,0,
14,43911324,16,0,
14,43911349,5,1,
14,43911399,10,3,
14,43911486,7,1,
14,43911570,5,0,
14,43911571,30,7,
14,43911648,24,18,
14,43911659,9,5,
14,43912012,12,2,
14,43912172,6,0,
14,43912205,7,0,
14,43912321,5,0,
14,43912440,4,0,
14,43912711,4,0,
14,43912713,7,0,
14,43912718,9,0,
14,43912844,158,128,4
14,43913129,4,1,
14,43913222,32,32,
14,43913325,6,0,
14,43913357,4,0,
14,43913414,7,0,
14,43913727,9,0,
14,43913751,90,18,3
14,43913905,14,6,
14,43913950,24,18,14
14,43914041,5,3,
14,43914235,38,29,6
14,43914314,9,5,
14,43914652,6,0,
14,43914677,35,16,17
14,43914705,200,103,2
14,43914738,6,4,7
14,43914784,6,2,8
14,43914789,21,3,
14,43914832,228,64,1
14,43914834,62,100,
14,43914876,63,40,11
14,43914915,7,3,
14,43914963,38,77,
14,43915070,19,1,
14,43915365,12,6,
14,43915418,5,0,
14,43915586,74,125,1
14,43916063,10,2,
14,43916128,5,1,
15,43840842,555,444,
15,43840861,186,65,
15,43842306,718,399,
15,43842367,204,79,
15,43842380,182,51,
15,43842683,482,193,
15,43843241,269,180,
15,43843821,531,989,
15,43843902,80,59,
15,43844665,81,15,
15,43845174,139,85,
15,43845826,62,21,
15,43846487,1419,694,
15,43846690,116,12,
15,43846964,137,41,
15,43847432,395,77,
15,43848325,327,96,
15,43848398,163,68,
15,43849271,289,102,
15,43849373,237,86,
15,43849536,175,31,
15,43850550,67,22,
15,43851099,385,180,
15,43851143,142,93,
15,43851212,123,44,
15,43851225,131,203,
15,43851260,68,28,
15,43851314,248,180,
15,43851612,472,432,
15,43852096,331,57,
15,43852145,1164,597,
15,43852162,806,1020,
15,43852217,117,27,
15,43852266,475,138,
15,43852446,41,3,
15,43853382,301,257,
15,43853499,21,4,
15,43854337,246,181,
15,43854776,275,172,
15,43855386,100,54,
15,43855838,161,34,
15,43856186,504,196,
15,43856208,17,4,
15,43856532,72,129,
15,43856656,147,40,
15,43856795,1027,359,
15,43856798,231,219,
15,43856801,301,109,
15,43856803,400,151,
15,43857405,98,42,
15,43857643,135,84,
15,43857856,76,21,
15,43858136,26,7,
15,43858442,84,108,
15,43858521,22,13,
15,43858552,129,371,
15,43858554,258,386,
15,43858568,641,108,
15,43858826,67,25,
15,43858970,117,32,
15,43859165,43,11,
15,43859446,1890,781,
15,43859464,203,30,
15,43859536,728,256,
15,43860108,82,50,
15,43860137,168,22,
15,43860428,94,18,
15,43860726,215,133,
15,43861207,114,48,
15,43861253,153,141,
15,43861297,120,24,
15,43861566,60,14,
15,43861669,86,62,
15,43861771,59,63,
15,43861828,383,402,
15,43862487,262,232,
15,43862643,76,53,
15,43863414,105,34,
15,43863418,126,35,
15,43864108,352,275,
15,43864442,79,56,
15,43864589,146,71,
15,43864752,59,6,
15,43864800,126,31,
15,43864827,65,79,
15,43864986,50,50,
15,43865097,244,70,
15,43865132,449,227,
15,43865631,82,94,
15,43865740,118,118,
15,43865824,38,1,
15,43865960,114,47,
15,43866001,238,76,
15,43866303,280,277,
15,43866329,74,23,
15,43866585,159,32,
15,43866797,54,29,
15,43866810,22,21,
15,43867211,271,116,
15,43867403,212,135,
15,43867429,125,53,
15,43868074,358,237,
15,43868130,99,25,
15,43868192,577,318,
15,43868231,110,60,
15,43868273,134,41,
15,43868395,67,17,
15,43868694,12,2,
15,43868737,155,57,
15,43868890,28,4,
15,43869236,48,105,
15,43869288,162,106,
15,43869353,389,279,
15,43869794,399,241,
15,43870364,11,3,
15,43870819,250,278,
15,43870969,413,443,
15,43870998,226,25,
15,43871250,26,10,
15,43871601,54,9,
15,43871730,129,60,
15,43871824,37,7,
15,43871984,28,6,
15,43872094,129,23,
15,43872159,204,52,
15,43872625,105,22,
15,43872761,144,66,
15,43872799,78,3,
15,43873074,510,123,
15,43873531,405,279,
15,43873604,84,23,
15,43873679,109,84,
15,43874641,241,245,
15,43875134,77,11,
15,43875136,34,26,
15,43875230,45,1,
15,43875360,40,8,
15,43875416,131,67,
15,43875476,794,332,
15,43875505,113,10,
15,43876084,120,52,
15,43876135,36,6,
15,43876243,197,67,
15,43876566,201,30,
15,43876725,9,0,
15,43876798,52,21,
15,43876843,46,32,
15,43877301,611,390,
15,43877356,60,10,
15,43877644,502,309,
15,43877797,357,168,
15,43877907,111,113,
15,43877923,75,70,
15,43878191,78,7,
15,43878298,28,5,
15,43878461,102,40,
15,43878560,16,7,
15,43878704,37,15,
15,43878728,388,352,
15,43878824,82,32,
15,43878850,442,442,
15,43878868,27,2,
15,43878878,253,194,
15,43878899,14,1,
15,43878987,52,38,
15,43879282,191,99,
15,43879288,142,159,
15,43879702,283,121,
15,43879715,212,75,
15,43879748,101,84,
15,43880248,76,14,
15,43880472,73,35,
15,43880554,56,11,
15,43880560,63,57,
15,43880883,105,20,
15,43880962,774,171,
15,43880973,454,410,
15,43881035,511,502,
15,43881065,127,178,
15,43881211,258,97,
15,43881468,485,164,
15,43882118,62,19,
15,43882150,391,310,
15,43882287,45,27,
15,43882291,141,98,
15,43882437,145,8,
15,43882740,26,1,
15,43882809,199,143,
15,43882905,202,178,
15,43882962,80,120,
15,43883040,455,123,
15,43883180,28,17,
15,43883230,81,60,
15,43883587,35,15,
15,43883642,156,184,
15,43883732,57,50,
15,43883747,116,24,
15,43883749,30,0,
15,43883902,329,210,
15,43883946,68,18,
15,43884098,16,1,
15,43884156,91,62,
15,43884245,19,1,9
15,43884418,164,23,24
15,43884635,175,240,
15,43885039,51,23,
15,43885051,50,25,
15,43885101,554,819,
15,43885284,23,6,
15,43885478,206,44,
15,43886023,79,56,
15,43886053,13,0,
15,43886213,70,16,
15,43886243,333,104,
15,43886271,65,10,
15,43886368,120,105,
15,43886381,83,60,
15,43886399,65,9,
15,43886552,143,153,
15,43886601,129,27,
15,43886604,3,0,
15,43887068,42,9,6
15,43887073,77,144,
15,43887494,43,47,
15,43887518,27,6,
15,43887632,17,0,
15,43887637,225,36,
15,43887708,87,27,
15,43887874,96,13,13
15,43887998,138,65,
15,43888005,115,5,
15,43888033,21,3,
15,43888117,801,196,
15,43888157,183,38,
15,43888191,33,6,
15,43888225,164,165,
15,43888239,80,15,
15,43888246,24,8,
15,43888268,49,5,
15,43888290,30,6,
15,43888501,59,149,
15,43888777,90,47,
15,43888803,1385,833,
15,43889277,16,2,
15,43889487,33,4,
15,43889502,199,126,
15,43889610,241,59,
15,43889875,141,25,
15,43889963,12,0,
15,43890118,10,0,
15,43890237,12,5,
15,43890313,10,0,
15,43890412,66,10,
15,43890525,293,312,
15,43890538,223,53,
15,43891128,144,31,
15,43891245,294,194,
15,43891398,92,28,
15,43891723,11,1,
15,43891864,10,0,
15,43892096,285,59,
15,43892119,242,208,
15,43892224,7,0,
15,43892331,18,0,
15,43892442,10,5,
15,43892481,107,79,
15,43892714,7,0,
15,43892773,28,0,
15,43892849,14,3,
15,43892856,77,11,
15,43893020,18,0,
15,43893225,34,0,
15,43893442,77,27,
15,43893550,84,6,
15,43893601,424,109,
15,43893740,41,51,
15,43893759,53,5,
15,43893762,391,334,
15,43893906,206,80,
15,43894175,313,197,
15,43894228,35,11,
15,43894257,67,45,
15,43894305,661,261,
15,43894363,108,106,
15,43894479,8,0,
15,43894678,99,50,
15,43894967,4,0,
15,43895237,107,24,
15,43895456,149,35,
15,43895515,24,11,
15,43895516,110,179,
15,43895622,108,64,
15,43895637,114,109,
15,43895693,14,0,
15,43895852,124,5,
15,43896011,265,134,
15,43896188,261,91,
15,43896199,141,82,
15,43896228,126,108,
15,43896410,77,50,
15,43896609,34,15,
15,43896765,25,3,
15,43896820,39,4,
15,43896835,10,0,
15,43896854,4,0,
15,43896889,44,5,
15,43896944,37,2,
15,43896948,4,0,
15,43897107,30,2,
15,43897129,155,57,
15,43897297,24,10,
15,43897320,379,204,
15,43897333,30,9,
15,43897719,85,10,
15,43897772,595,660,
15,43897816,11,1,
15,43898160,11,1,
15,43898280,5,0,
15,43898306,47,10,
15,43898380,251,120,
15,43898400,4,0,
15,43898618,34,24,
15,43898717,89,11,
15,43898777,16,3,
15,43898956,8,0,
15,43899016,198,162,
15,43899028,502,224,
15,43899053,7,0,
15,43899212,23,6,
15,43899236,427,350,
15,43899251,158,19,
15,43899288,102,62,20
15,43899317,30,30,
15,43899350,23,17,
15,43899456,27,2,
15,43899529,15,0,
15,43899734,29,1,
15,43899878,36,6,
15,43899910,17,3,
15,43900145,8,2,
15,43900264,45,29,
15,43900456,6,0,
15,43900463,174,36,
15,43900877,600,522,9
15,43900983,6,1,
15,43901081,8,4,
15,43901131,50,31,29
15,43901204,244,195,
15,43901495,219,90,
15,43901575,68,57,
15,43901619,380,183,
15,43901748,8,3,
15,43901760,26,13,
15,43901985,56,10,
15,43902076,6,0,
15,43902212,1076,420,
15,43902263,394,273,
15,43902308,161,279,26
15,43902328,14,4,
15,43902869,107,149,
15,43903099,21,3,
15,43903130,16,5,
15,43903145,9,0,
15,43903148,46,17,
15,43903400,169,109,
15,43903420,8,0,
15,43903489,15,0,
15,43903534,12,0,
15,43903692,8,3,
15,43903728,132,71,
15,43903741,303,210,
15,43903771,39,17,
15,43903853,210,245,
15,43903907,8,0,
15,43903945,105,62,
15,43903959,207,143,
15,43903978,7,1,
15,43903984,12,5,
15,43904018,11,0,
15,43904226,12,3,
15,43904257,12,4,
15,43904478,74,58,10
15,43904511,64,8,
15,43904546,4,0,
15,43904553,4,0,
15,43904865,86,9,
15,43904989,12,1,
15,43905059,19,0,
15,43905185,266,82,
15,43905299,232,115,
15,43905697,37,18,
15,43905710,28,1,
15,43905771,13,7,
15,43905942,1041,253,7
15,43906018,657,627,25
15,43906023,4,0,
15,43906058,20,18,
15,43906193,14,1,
15,43906346,114,44,
15,43906379,9,2,
15,43906442,193,24,
15,43906727,4,0,
15,43906841,376,124,11
15,43907050,5,0,
15,43907376,420,226,
15,43907586,107,56,
15,43907631,7,1,
15,43907763,43,8,
15,43907803,7,4,
15,43907820,510,477,15
15,43907941,59,9,
15,43907994,21,2,
15,43908261,16,0,
15,43908368,144,79,30
15,43908428,15,1,
15,43908666,19,4,
15,43908770,46,61,
15,43908774,9,6,
15,43908882,9,6,
15,43908899,11,3,
15,43908913,8,1,
15,43909111,71,46,
15,43909124,36,16,
15,43909179,6,1,
15,43909220,240,70,
15,43909360,8,0,
15,43909398,96,41,27
15,43909409,481,235,8
15,43909411,5,0,
15,43909430,440,507,28
15,43909432,181,162,
15,43909448,19,0,
15,43909519,10,6,
15,43909824,14,8,
15,43909898,21,1,
15,43909955,6,7,
15,43909961,8,0,
15,43910220,5,0,
15,43910399,15,1,
15,43910423,75,9,
15,43910476,7,0,
15,43910565,83,10,
15,43910651,4,5,
15,43910677,15,1,
15,43910681,362,66,22
15,43910685,92,37,17
15,43910720,141,42,
15,43910745,213,149,23
15,43910760,25,8,
15,43911050,31,18,
15,43911167,198,109,
15,43911204,6,0,
15,43911252,210,220,
15,43911258,17,4,
15,43911266,8,0,
15,43911324,16,0,
15,43911349,5,1,
15,43911399,10,3,
15,43911486,7,1,
15,43911570,5,0,
15,43911571,30,7,
15,43911648,25,20,
15,43911659,9,6,
15,43912012,12,2,
15,43912172,6,0,
15,43912205,7,0,
15,43912321,5,0,
15,43912440,4,0,
15,43912711,4,0,
15,43912713,8,0,
15,43912718,9,0,
15,43912844,229,183,5
15,43913129,4,1,
15,43913222,33,32,
15,43913325,6,0,
15,43913357,4,0,
15,43913400,3,0,
15,43913414,7,0,
15,43913727,14,0,
15,43913751,148,45,3
15,43913905,17,7,
15,43913950,39,25,16
15,43914041,6,4,
15,43914235,72,70,4
15,43914314,15,9,
15,43914652,8,0,
15,43914677,47,25,16
15,43914705,282,153,2
15,43914738,11,4,14
15,43914784,12,7,8
15,43914789,26,7,
15,43914832,295,86,1
15,43914834,67,112,
15,43914915,14,5,
15,43914951,3,1,
15,43914963,41,86,
15,43915070,19,1,
15,43915348,7,1,
15,43915365,12,10,
15,43915418,10,0,
15,43915586,81,146,
15,43916063,18,3,
15,43916128,5,2,
15,43916411,27,45,12
15,43916469,3,2,
15,43916483,3,0,
15,43916493,4,0,
15,43916577,36,0,1
15,43916654,9,0,
15,43916858,4,2,
15,43916956,16,0,2
16,43840842,555,444,
16,43840861,186,65,
16,43842306,718,399,
16,43842367,204,79,
16,43842380,183,51,
16,43842683,482,193,
16,43843241,269,180,
16,43843821,531,989,
16,43843902,80,59,
16,43844665,81,15,
16,43845174,139,85,
16,43845826,62,21,
16,43846690,116,12,
16,43846964,137,41,
16,43847432,395,77,
16,43848325,327,96,
16,43848398,163,68,
16,43849271,289,102,
16,43849373,237,86,
16,43849536,175,31,
16,43850550,67,22,
16,43851099,385,180,
16,43851143,142,93,
16,43851212,123,44,
16,43851225,131,203,
16,43851260,68,28,
16,43851314,248,181,
16,43851612,472,432,
16,43852096,331,57,
16,43852145,1164,597,
16,43852162,806,1020,
16,43852217,117,27,
16,43852266,475,138,
16,43852446,41,3,
16,43853382,301,257,
16,43853499,21,4,
16,43854337,246,181,
16,43854776,275,172,
16,43855386,100,54,
16,43855838,161,34,
16,43856186,504,196,
16,43856208,17,4,
16,43856532,72,129,
16,43856656,147,40,
16,43856795,1027,359,
16,43856798,231,219,
16,43856801,301,109,
16,43856803,400,151,
16,43857405,98,42,
16,43857643,135,84,
16,43857856,76,21,
16,43858136,26,7,
16,43858442,84,108,
16,43858521,22,13,
16,43858552,129,372,
16,43858554,258,386,
16,43858568,642,108,
16,43858826,67,25,
16,43858970,117,32,
16,43859446,1890,781,
16,43859464,203,30,
16,43859536,728,256,
16,43860108,82,50,
16,43860137,168,22,
16,43860428,94,18,
16,43860726,215,133,
16,43861207,114,48,
16,43861253,153,141,
16,43861297,120,24,
16,43861566,60,14,
16,43861669,86,62,
16,43861771,59,63,
16,43861828,383,402,
16,43862487,262,232,
16,43862643,76,53,
16,43863414,105,34,
16,43863418,126,35,
16,43864108,352,275,
16,43864442,79,56,
16,43864589,146,71,
16,43864752,59,6,
16,43864800,126,31,
16,43864827,65,79,
16,43864986,50,50,
16,43865097,244,70,
16,43865132,449,227,
16,43865631,82,94,
16,43865740,118,118,
16,43865824,38,1,
16,43865960,114,47,
16,43866001,238,76,
16,43866303,280,277,
16,43866329,74,23,
16,43866585,159,32,
16,43866797,54,29,
16,43866810,22,21,
16,43867211,271,116,
16,43867403,212,135,
16,43867429,125,53,
16,43868074,358,237,
16,43868130,99,25,
16,43868192,577,318,
16,43868231,110,60,
16,43868273,134,41,
16,43868395,67,17,
16,43868694,12,2,
16,43868737,155,57,
16,43868890,28,4,
16,43869236,48,105,
16,43869288,162,106,
16,43869353,389,279,
16,43869794,399,241,
16,43870364,11,3,
16,43870819,250,278,
16,43870969,413,443,
16,43870998,226,25,
16,43871250,26,10,
16,43871601,54,9,
16,43871730,129,60,
16,43871824,37,7,
16,43871984,28,6,
16,43872094,129,23,
16,43872159,204,52,
16,43872761,144,66,
16,43872799,78,3,
16,43873074,510,123,
16,43873531,405,279,
16,43873604,84,23,
16,43873679,109,84,
16,43874641,241,245,
16,43875134,77,11,
16,43875136,34,26,
16,43875230,45,1,
16,43875360,40,8,
16,43875416,131,67,
16,43875476,795,333,
16,43875505,113,10,
16,43876084,120,52,
16,43876135,36,6,
16,43876243,197,67,
16,43876566,201,30,
16,43876725,9,0,
16,43876798,52,21,
16,43876843,46,32,
16,43877301,611,390,
16,43877356,60,10,
16,43877644,503,309,
16,43877797,357,168,
16,43877907,111,113,
16,43877923,75,70,
16,43878191,78,7,
16,43878298,28,5,
16,43878461,102,40,
16,43878560,16,7,
16,43878704,37,15,
16,43878728,388,352,
16,43878824,82,32,
16,43878850,442,442,
16,43878868,27,2,
16,43878878,253,194,
16,43878899,14,1,
16,43878987,52,38,
16,43879282,191,99,
16,43879288,142,160,
16,43879702,283,123,
16,43879715,212,75,
16,43879748,101,84,
16,43880248,76,14,
16,43880472,73,35,
16,43880554,56,11,
16,43880560,63,57,
16,43880883,105,20,
16,43880962,775,171,
16,43880973,454,411,
16,43881035,511,502,
16,43881065,127,179,
16,43881211,258,97,
16,43881468,485,164,
16,43882118,62,19,
16,43882150,391,310,
16,43882287,45,27,
16,43882291,141,98,
16,43882437,145,8,
16,43882740,26,1,
16,43882809,199,143,
16,43882905,202,178,
16,43882962,80,120,
16,43883040,455,123,
16,43883180,28,17,
16,43883230,81,60,
16,43883587,35,15,
16,43883642,156,184,
16,43883732,57,50,
16,43883747,116,24,
16,43883749,30,0,
16,43883902,329,210,
16,43883946,68,18,
16,43884098,17,1,
16,43884156,91,62,
16,43884245,32,3,10
16,43884418,170,23,26
16,43884635,175,240,
16,43885039,51,23,
16,43885051,50,25,
16,43885101,558,820,
16,43885284,23,6,
16,43885478,206,44,
16,43886023,80,58,
16,43886053,13,0,
16,43886213,70,16,
16,43886243,334,104,
16,43886271,65,10,
16,43886368,120,105,
16,43886381,83,60,
16,43886399,65,9,
16,43886552,143,153,
16,43886601,129,27,
16,43886604,59,52,3
16,43887068,52,21,9
16,43887073,77,144,
16,43887494,43,47,
16,43887518,27,6,
16,43887632,17,0,
16,43887637,225,36,
16,43887708,87,27,
16,43887874,102,13,18
16,43887998,138,65,
16,43888005,115,5,
16,43888033,21,3,
16,43888117,801,196,
16,43888157,183,38,
16,43888191,33,6,
16,43888225,164,165,
16,43888239,80,15,
16,43888246,24,8,
16,43888268,49,5,
16,43888290,30,6,
16,43888501,59,149,
16,43888634,3,0,14
16,43888777,90,47,
16,43888803,1386,835,
16,43889277,16,2,
16,43889487,33,4,
16,43889502,199,127,
16,43889610,242,59,
16,43889875,141,25,
16,43889963,12,0,
16,43890118,10,0,
16,43890237,12,5,
16,43890313,10,0,
16,43890412,66,10,
16,43890525,293,312,
16,43890538,223,53,
16,43891128,144,31,
16,43891245,294,194,
16,43891398,92,28,
16,43891723,11,2,
16,43891864,10,0,
16,43892096,285,59,
16,43892119,242,208,
16,43892224,7,0,
16,43892331,18,0,
16,43892442,10,5,
16,43892481,107,79,
16,43892714,7,0,
16,43892773,28,0,
16,43892856,77,11,
16,43893020,18,0,
16,43893225,34,0,
16,43893442,77,27,
16,43893550,84,6,
16,43893601,424,109,
16,43893740,41,51,
16,43893759,53,5,
16,43893762,392,335,
16,43893906,206,80,
16,43894175,313,197,
16,43894228,35,11,
16,43894257,67,47,
16,43894305,662,262,
16,43894363,108,106,
16,43894479,8,0,
16,43894678,99,50,
16,43894967,4,0,
16,43895237,107,24,
16,43895456,149,35,
16,43895515,24,11,
16,43895516,110,180,
16,43895622,108,64,
16,43895637,114,110,
16,43895693,14,0,
16,43895852,124,5,
16,43896011,265,134,
16,43896188,261,91,
16,43896199,141,82,
16,43896228,126,108,
16,43896410,77,50,
16,43896609,34,15,
16,43896765,25,3,
16,43896820,39,4,
16,43896835,10,0,
16,43896854,4,0,
16,43896889,44,5,
16,43896944,38,2,
16,43896948,4,0,
16,43897107,30,2,
16,43897129,155,57,
16,43897297,24,10,
16,43897320,379,204,
16,43897333,30,9,
16,43897719,85,10,
16,43897772,595,660,
16,43897816,11,1,
16,43898160,11,1,
16,43898280,5,0,
16,43898306,47,11,
16,43898380,251,120,
16,43898400,4,0,
16,43898618,34,24,
16,43898717,89,11,
16,43898777,16,3,
16,43898956,8,0,
16,43899016,198,164,
16,43899028,503,224,
16,43899053,7,0,
16,43899212,23,6,
16,43899236,428,350,
16,43899251,158,19,
16,43899288,107,66,22
16,43899317,30,30,
16,43899350,23,17,
16,43899456,27,2,
16,43899529,15,0,
16,43899734,29,1,
16,43899878,36,6,
16,43899910,17,3,
16,43900145,8,2,
16,43900264,45,31,
16,43900456,6,0,
16,43900463,174,36,
16,43900877,609,532,14
16,43900983,6,1,
16,43901081,8,4,
16,43901131,50,36,
16,43901204,245,196,
16,43901495,220,90,
16,43901575,68,57,
16,43901619,381,184,
16,43901748,8,3,
16,43901760,26,13,
16,43901985,56,10,
16,43902212,1079,420,
16,43902263,395,275,
16,43902308,166,290,29
16,43902328,14,4,
16,43902350,3,0,
16,43902663,5,1,
16,43902869,107,149,
16,43903099,21,3,
16,43903130,16,5,
16,43903148,46,17,
16,43903400,172,111,
16,43903420,8,0,
16,43903489,15,0,
16,43903534,12,0,
16,43903692,10,3,
16,43903728,133,71,
16,43903741,303,210,
16,43903771,39,17,
16,43903809,3,0,
16,43903853,211,249,
16,43903907,8,0,
16,43903945,105,64,
16,43903959,208,145,
16,43903978,7,1,
16,43903984,12,5,
16,43904018,11,0,
16,43904226,12,3,
16,43904257,12,4,
16,43904478,86,66,13
16,43904511,64,8,
16,43904546,4,0,
16,43904553,4,0,
16,43904865,86,9,
16,43904989,12,1,
16,43905059,19,0,
16,43905185,267,82,
16,43905299,233,115,
16,43905697,37,18,
16,43905710,28,1,
16,43905771,13,7,
16,43905942,1047,256,11
16,43906018,665,636,27
16,43906058,20,18,
16,43906193,14,1,
16,43906346,115,45,
16,43906379,9,2,
16,43906442,193,24,
16,43906727,4,0,
16,43906841,378,125,16
16,43907050,5,0,
16,43907376,422,228,
16,43907586,109,57,
16,43907631,7,1,
16,43907763,43,8,
16,43907803,7,4,
16,43907820,522,487,19
16,43907941,62,9,
16,43907994,21,2,
16,43908261,16,0,
16,43908368,146,80,
16,43908428,15,1,
16,43908666,19,4,
16,43908770,46,61,
16,43908774,9,6,
16,43908882,9,6,
16,43908899,11,3,
16,43908913,8,1,
16,43909111,71,47,
16,43909124,36,16,
16,43909179,6,1,
16,43909220,243,70,
16,43909360,8,0,
16,43909398,100,44,30
16,43909409,500,250,14
16,43909411,5,0,
16,43909430,448,527,
16,43909432,181,167,
16,43909448,19,0,
16,43909519,10,6,
16,43909824,14,8,
16,43909898,21,1,
16,43909955,7,7,
16,43909961,8,0,
16,43910220,5,0,
16,43910399,15,1,
16,43910423,75,9,
16,43910476,7,0,
16,43910565,85,11,
16,43910651,4,5,
16,43910677,15,1,
16,43910681,375,69,25
16,43910685,97,43,24
16,43910720,145,48,
16,43910745,229,155,28
16,43910760,25,8,
16,43911050,31,18,
16,43911152,3,0,
16,43911167,204,112,
16,43911252,225,236,
16,43911258,17,4,
16,43911266,8,0,
16,43911324,16,0,
16,43911349,5,1,
16,43911399,10,3,
16,43911421,3,0,
16,43911440,4,1,
16,43911486,7,1,
16,43911570,5,0,
16,43911571,30,7,
16,43911648,25,22,
16,43911659,9,6,
16,43912012,13,2,
16,43912172,6,0,
16,43912205,7,0,
16,43912321,5,0,
16,43912440,4,0,
16,43912711,4,0,
16,43912713,8,0,
16,43912844,290,221,8
16,43913129,4,1,
16,43913222,36,32,
16,43913325,6,0,
16,43913357,4,0,
16,43913400,3,0,
16,43913414,8,0,
16,43913727,20,0,
16,43913751,185,70,6
16,43913905,17,7,
16,43913950,42,32,17
16,43914041,7,4,
16,43914235,108,122,7
16,43914314,24,10,
16,43914613,5,0,
16,43914652,8,0,
16,43914677,59,27,23
16,43914705,334,204,5
16,43914738,14,4,21
16,43914784,18,8,12
16,43914789,33,6,
16,43914832,331,100,4
16,43914834,70,121,
16,43914915,16,9,
16,43914951,4,1,
16,43914963,42,91,
16,43915070,19,1,
16,43915348,7,1,
16,43915365,12,11,
16,43915418,17,0,
16,43915586,84,151,
16,43916128,5,2,
16,43916411,28,71,
16,43916468,6,0,
16,43916469,3,2,
16,43916483,3,0,
16,43916577,140,30,1
16,43916654,13,1,
16,43916858,4,2,
16,43916956,64,5,2
16,43917122,15,2,17
16,43917376,11,1,4
16,43917448,12,1,22
16,43917715,3,0,
17,43840842,555,444,
17,43840861,186,65,
17,43842306,718,399,
17,43842367,204,79,
17,43842380,183,51,
17,43842683,482,193,
17,43843241,269,180,
17,43843821,531,989,
17,43843902,80,59,
17,43845174,139,85,
17,43845826,62,21,
17,43846690,116,12,
17,43846964,137,41,
17,43847432,395,77,
17,43848325,327,96,
17,43848398,163,68,
17,43849271,289,102,
17,43849373,237,86,
17,43849536,175,31,
17,43850550,67,22,
17,43851099,385,180,
17,43851143,142,93,
17,43851225,131,203,
17,43851260,68,28,
17,43851314,248,181,
17,43851612,472,432,
17,43852096,331,57,
17,43852145,1164,597,
17,43852162,806,1020,
17,43852217,117,27,
17,43852266,475,138,
17,43852446,41,3,
17,43853382,301,257,
17,43854337,246,181,
17,43854776,275,172,
17,43855386,100,54,
17,43855838,161,34,
17,43856186,504,196,
17,43856208,17,4,
17,43856532,72,129,
17,43856656,147,40,
17,43856795,1027,359,
17,43856801,301,109,
17,43856803,400,151,
17,43857405,98,42,
17,43857643,135,84,
17,43857856,76,21,
17,43858136,26,7,
17,43858442,84,108,
17,43858521,22,13,
17,43858552,129,373,
17,43858554,258,387,
17,43858568,642,108,
17,43858826,67,25,
17,43858970,117,32,
17,43859446,1890,781,
17,43859464,203,30,
17,43859536,728,256,
17,43860108,82,50,
17,43860137,168,22,
17,43860428,94,18,
17,43860726,215,133,
17,43861207,114,48,
17,43861253,153,141,
17,43861297,120,24,
17,43861566,60,14,
17,43861771,59,63,
17,43861828,383,402,
17,43862487,262,232,
17,43862643,76,53,
17,43863418,126,35,
17,43864108,352,275,
17,43864442,79,56,
17,43864589,146,71,
17,43864752,59,6,
17,43864827,65,79,
17,43864986,50,50,
17,43865097,244,70,
17,43865132,449,227,
17,43865631,82,94,
17,43865740,118,118,
17,43865960,114,47,
17,43866001,238,76,
17,43866303,280,278,
17,43866329,74,23,
17,43866585,159,32,
17,43866797,54,29,
17,43866810,23,22,
17,43867211,271,116,
17,43867403,212,135,
17,43867429,125,53,
17,43868074,359,237,
17,43868130,99,25,
17,43868192,577,318,
17,43868231,110,60,
17,43868273,134,41,
17,43868395,67,17,
17,43868694,12,2,
17,43868737,155,57,
17,43868890,28,4,
17,43869236,48,105,
17,43869288,162,106,
17,43869353,389,279,
17,43869794,399,241,
17,43870364,11,3,
17,43870819,250,278,
17,43870969,413,443,
17,43870998,226,25,
17,43871250,26,10,
17,43871601,54,9,
17,43871730,129,60,
17,43871824,37,7,
17,43871984,28,6,
17,43872094,129,23,
17,43872159,204,52,
17,43872761,144,66,
17,43872799,78,3,
17,43873074,510,123,
17,43873531,405,279,
17,43873604,84,23,
17,43873679,109,84,
17,43874641,241,245,
17,43875134,77,11,
17,43875136,34,26,
17,43875230,45,1,
17,43875360,40,8,
17,43875416,131,67,
17,43875476,795,333,
17,43875505,113,10,
17,43876084,120,52,
17,43876135,36,6,
17,43876243,197,67,
17,43876566,201,30,
17,43876725,9,0,
17,43876798,52,21,
17,43876843,46,32,
17,43877301,611,390,
17,43877356,60,10,
17,43877644,503,309,
17,43877797,357,168,
17,43877907,111,113,
17,43877923,75,70,
17,43878191,78,7,
17,43878298,28,5,
17,43878461,102,40,
17,43878560,16,7,
17,43878704,37,15,
17,43878728,388,352,
17,43878824,82,32,
17,43878850,442,442,
17,43878868,27,2,
17,43878878,254,194,
17,43878899,14,1,
17,43878987,52,38,
17,43879282,191,99,
17,43879288,142,160,
17,43879702,283,123,
17,43879715,212,75,
17,43879748,101,84,
17,43880248,76,14,
17,43880472,73,35,
17,43880554,56,11,
17,43880560,63,57,
17,43880883,105,20,
17,43880962,775,171,
17,43880973,454,411,
17,43881035,511,502,
17,43881065,127,179,
17,43881211,258,98,
17,43881468,485,164,
17,43882118,62,19,
17,43882150,391,310,
17,43882287,45,27,
17,43882291,143,98,
17,43882437,145,8,
17,43882740,26,1,
17,43882809,200,143,
17,43882905,202,178,
17,43882962,80,120,
17,43883040,455,123,
17,43883180,28,17,
17,43883230,82,60,
17,43883587,35,15,
17,43883642,157,184,
17,43883732,57,50,
17,43883747,116,24,
17,43883749,30,0,
17,43883902,329,210,
17,43883946,68,18,
17,43884098,17,1,
17,43884156,91,63,
17,43884245,39,5,10
17,43884418,171,23,
17,43884635,175,242,
17,43885039,51,23,
17,43885051,50,25,
17,43885101,561,820,
17,43885284,23,6,
17,43885478,206,44,
17,43886023,80,58,
17,43886053,13,0,
17,43886213,70,16,
17,43886243,334,104,
17,43886271,65,10,
17,43886368,120,105,
17,43886381,84,60,
17,43886552,143,153,
17,43886601,129,27,
17,43886604,74,88,8
17,43887068,62,27,11
17,43887073,77,144,
17,43887489,4,0,
17,43887494,43,47,
17,43887518,27,6,
17,43887632,17,0,
17,43887637,225,36,
17,43887708,87,27,
17,43887874,106,15,23
17,43887998,138,65,
17,43888005,115,5,
17,43888033,21,3,
17,43888117,801,197,
17,43888157,183,38,
17,43888191,33,6,
17,43888225,164,165,
17,43888239,80,15,
17,43888246,24,9,
17,43888268,49,5,
17,43888290,30,6,
17,43888501,59,149,
17,43888634,11,4,12
17,43888777,90,47,
17,43888803,1386,835,
17,43889277,16,2,
17,43889487,33,4,
17,43889502,199,126,
17,43889610,242,59,
17,43889875,141,25,
17,43889963,12,0,
17,43890237,12,5,
17,43890313,10,0,
17,43890412,66,10,
17,43890525,293,312,
17,43890538,223,53,
17,43891128,144,31,
17,43891245,294,194,
17,43891398,92,28,
17,43891723,11,3,
17,43891864,10,0,
17,43892096,285,59,
17,43892119,242,208,
17,43892224,7,0,
17,43892331,18,0,
17,43892442,10,5,
17,43892481,107,79,
17,43892714,7,0,
17,43892773,28,0,
17,43892856,77,11,
17,43893020,18,0,
17,43893225,34,0,
17,43893442,77,27,
17,43893550,84,6,
17,43893601,424,109,
17,43893740,41,51,
17,43893759,53,5,
17,43893762,394,335,
17,43893906,206,80,
17,43894175,313,198,
17,43894228,35,11,
17,43894257,69,47,
17,43894305,662,261,
17,43894363,108,107,
17,43894479,8,0,
17,43894678,99,50,
17,43894967,4,0,
17,43895237,107,24,
17,43895456,149,35,
17,43895516,111,180,
17,43895622,108,64,
17,43895637,114,110,
17,43895693,14,0,
17,43895852,125,5,
17,43896011,265,135,
17,43896188,261,91,
17,43896199,141,82,
17,43896228,126,108,
17,43896410,77,50,
17,43896609,35,15,
17,43896765,25,3,
17,43896820,39,4,
17,43896835,10,0,
17,43896854,4,0,
17,43896889,44,5,
17,43896944,38,2,
17,43896948,4,0,
17,43897107,30,2,
17,43897129,156,57,
17,43897297,24,10,
17,43897320,379,206,
17,43897333,30,9,
17,43897719,85,10,
17,43897772,595,663,
17,43897816,11,1,
17,43898160,11,1,
17,43898280,5,0,
17,43898306,49,11,
17,43898380,251,120,
17,43898400,4,0,
17,43898618,34,24,
17,43898717,89,11,
17,43898777,16,5,
17,43898956,8,0,
17,43899016,198,164,
17,43899028,504,224,
17,43899053,7,0,
17,43899212,23,6,
17,43899236,428,350,
17,43899251,158,19,
17,43899288,118,71,25
17,43899317,30,30,
17,43899350,23,17,
17,43899456,27,2,
17,43899529,15,0,
17,43899734,29,1,
17,43899878,36,6,
17,43899910,17,3,
17,43900145,8,2,
17,43900264,45,31,
17,43900456,6,0,
17,43900463,174,36,
17,43900877,618,538,16
17,43900983,6,1,
17,43901081,8,4,
17,43901131,51,38,
17,43901204,246,196,
17,43901495,221,91,
17,43901575,68,57,
17,43901619,385,184,
17,43901748,8,3,
17,43901760,26,13,
17,43901985,56,10,
17,43902212,1084,422,
17,43902263,397,275,
17,43902308,169,303,
17,43902350,3,0,
17,43902663,5,1,
17,43902869,107,149,
17,43903099,21,3,
17,43903130,16,5,
17,43903148,46,17,
17,43903400,173,111,
17,43903489,15,0,
17,43903534,12,0,
17,43903692,10,3,
17,43903728,133,71,
17,43903741,303,210,
17,43903771,39,17,
17,43903809,3,0,
17,43903853,212,251,
17,43903907,8,0,
17,43903945,105,64,
17,43903959,211,146,
17,43904018,11,0,
17,43904226,12,3,
17,43904257,12,4,
17,43904478,93,67,20
17,43904511,64,8,
17,43904546,4,0,
17,43904553,4,0,
17,43904865,87,9,
17,43904989,12,1,
17,43905059,19,0,
17,43905185,267,82,
17,43905299,233,116,
17,43905697,37,18,
17,43905710,28,1,
17,43905771,13,7,
17,43905942,1062,258,12
17,43906018,666,641,30
17,43906058,20,18,
17,43906066,3,0,
17,43906193,14,1,
17,43906346,116,45,
17,43906379,9,2,
17,43906442,194,24,
17,43906528,4,1,
17,43906841,380,127,17
17,43907050,5,0,
17,43907376,423,235,
17,43907586,112,59,
17,43907631,7,1,
17,43907763,43,8,
17,43907803,7,4,
17,43907820,529,497,24
17,43907941,63,9,
17,43907994,21,2,
17,43908261,16,0,
17,43908368,148,83,
17,43908428,15,1,
17,43908666,19,4,
17,43908770,46,61,
17,43908774,9,6,
17,43908882,9,6,
17,43908899,11,3,
17,43908913,8,2,
17,43909111,71,47,
17,43909124,37,16,
17,43909179,6,1,
17,43909220,246,70,
17,43909360,8,0,
17,43909398,101,47,
17,43909409,509,258,18
17,43909411,5,0,
17,43909430,455,533,
17,43909432,184,167,
17,43909448,19,0,
17,43909487,3,1,
17,43909519,10,6,
17,43909800,10,0,
17,43909816,3,0,
17,43909824,14,8,
17,43909898,21,1,
17,43909955,7,7,
17,43909961,8,0,
17,43910133,6,0,
17,43910220,5,0,
17,43910399,15,1,
17,43910423,75,9,
17,43910476,7,0,
17,43910565,87,11,
17,43910651,4,6,
17,43910677,15,1,
17,43910681,388,73,27
17,43910685,101,44,26
17,43910720,149,50,
17,43910745,233,158,
17,43910760,27,8,
17,43910999,3,0,
17,43911050,32,18,
17,43911152,3,0,
17,43911167,208,113,
17,43911252,229,251,
17,43911258,17,4,
17,43911266,8,0,
17,43911324,16,0,
17,43911349,6,1,
17,43911399,10,3,
17,43911421,3,0,
17,43911440,4,1,
17,43911486,7,1,
17,43911570,5,0,
17,43911571,30,7,
17,43911648,25,22,
17,43911659,9,6,
17,43912012,13,2,
17,43912172,6,0,
17,43912205,7,0,
17,43912321,5,0,
17,43912711,4,0,
17,43912713,8,0,
17,43912844,329,252,9
17,43913129,4,1,
17,43913222,36,33,
17,43913357,4,0,
17,43913400,3,0,
17,43913414,8,0,
17,43913727,20,0,
17,43913751,208,86,6
17,43913905,17,9,
17,43913950,47,49,21
17,43914041,7,4,
17,43914235,125,137,7
17,43914314,25,11,
17,43914613,5,0,
17,43914652,8,0,
17,43914677,61,29,28
17,43914705,380,242,5
17,43914738,15,4,29
17,43914784,22,10,13
17,43914789,39,9,
17,43914832,363,108,4
17,43914834,77,129,
17,43914915,18,11,
17,43914951,4,1,
17,43914963,44,91,
17,43915070,20,1,
17,43915348,7,1,
17,43915365,12,11,
17,43915418,25,1,
17,43915586,89,158,
17,43916098,21,3,13
17,43916128,5,2,
17,43916468,6,0,
17,43916469,3,4,
17,43916483,3,0,
17,43916577,199,56,1
17,43916654,15,1,
17,43916839,4,0,
17,43916956,106,12,2
17,43917122,33,9,15
17,43917376,26,10,3
17,43917448,35,38,19
17,43917461,30,13,5
17,43917715,6,0,
17,43917855,54,36,3
17,43918056,6,1,
17,43918088,5,3,
17,43918237,7,0,24
17,43918341,3,0,
17,43918425,36,9,
17,43918596,7,0,
17,43918610,4,0,
18,43840842,555,444,
18,43840861,186,65,
18,43842306,718,400,
18,43842367,204,79,
18,43842380,183,51,
18,43842683,482,193,
18,43843241,269,180,
18,43843821,531,989,
18,43843902,80,59,
18,43845174,139,85,
18,43845826,62,21,
18,43846690,116,12,
18,43846964,137,41,
18,43847432,395,77,
18,43848325,327,96,
18,43848398,163,68,
18,43849271,289,102,
18,43849373,237,86,
18,43849536,175,31,
18,43850550,67,22,
18,43851099,385,180,
18,43851143,142,93,
18,43851225,131,203,
18,43851260,68,28,
18,43851314,248,181,
18,43851612,472,433,
18,43852096,331,57,
18,43852145,1164,597,
18,43852162,806,1020,
18,43852217,117,27,
18,43852266,475,138,
18,43853382,301,257,
18,43854776,275,172,
18,43855386,100,54,
18,43855838,161,34,
18,43856186,504,196,
18,43856208,17,4,
18,43856532,72,129,
18,43856656,147,40,
18,43856795,1027,359,
18,43856801,301,109,
18,43856803,400,151,
18,43857405,98,42,
18,43857643,136,84,
18,43857856,76,21,
18,43858136,26,7,
18,43858442,84,108,
18,43858521,22,13,
18,43858552,129,373,
18,43858554,258,389,
18,43858568,642,108,
18,43858826,67,25,
18,43858970,117,32,
18,43859446,1891,781,
18,43859464,203,30,
18,43859536,728,256,
18,43860108,82,50,
18,43860137,168,22,
18,43860428,94,18,
18,43860726,215,133,
18,43861207,114,48,
18,43861253,153,141,
18,43861297,120,24,
18,43861566,60,14,
18,43861771,59,63,
18,43861828,383,402,
18,43862487,262,232,
18,43862643,76,53,
18,43863418,126,35,
18,43864108,352,275,
18,43864442,79,56,
18,43864589,146,71,
18,43864752,59,6,
18,43864827,65,79,
18,43865097,244,70,
18,43865132,449,227,
18,43865631,82,94,
18,43865740,118,118,
18,43865960,114,47,
18,43866001,238,76,
18,43866303,280,278,
18,43866329,74,23,
18,43866585,159,32,
18,43866797,54,29,
18,43866810,23,22,
18,43867211,271,116,
18,43867403,212,135,
18,43867429,125,53,
18,43868074,359,237,
18,43868130,99,25,
18,43868192,578,318,
18,43868231,110,60,
18,43868273,134,41,
18,43868395,67,17,
18,43868694,12,2,
18,43868737,155,57,
18,43868890,28,4,
18,43869236,48,105,
18,43869288,162,106,
18,43869353,389,279,
18,43869794,399,241,
18,43870364,11,3,
18,43870819,250,278,
18,43870969,413,443,
18,43870998,226,25,
18,43871250,26,10,
18,43871601,54,9,
18,43871730,130,60,
18,43871824,37,7,
18,43872159,204,52,
18,43872761,144,66,
18,43872799,78,3,
18,43873074,510,123,
18,43873531,405,279,
18,43873604,84,23,
18,43874641,241,245,
18,43875134,77,11,
18,43875136,34,26,
18,43875230,45,1,
18,43875360,40,8,
18,43875416,131,67,
18,43875476,795,333,
18,43875505,113,10,
18,43876084,120,52,
18,43876135,36,6,
18,43876243,197,67,
18,43876566,201,30,
18,43876725,9,0,
18,43876798,52,22,
18,43876843,46,32,
18,43877301,611,390,
18,43877356,60,10,
18,43877644,503,309,
18,43877797,357,168,
18,43877907,111,113,
18,43877923,75,70,
18,43878191,78,7,
18,43878298,28,5,
18,43878461,102,40,
18,43878560,16,7,
18,43878704,37,15,
18,43878728,388,352,
18,43878824,82,32,
18,43878850,442,442,
18,43878878,254,194,
18,43878899,14,1,
18,43878987,52,38,
18,43879282,191,99,
18,43879288,142,160,
18,43879702,283,123,
18,43879715,212,75,
18,43879748,101,85,
18,43880248,77,14,
18,43880472,73,35,
18,43880554,56,11,
18,43880560,63,57,
18,43880883,105,20,
18,43880962,775,171,
18,43880973,454,411,
18,43881035,511,502,
18,43881065,127,179,
18,43881211,258,98,
18,43881468,485,164,
18,43882118,62,19,
18,43882150,391,310,
18,43882287,45,27,
18,43882291,143,98,
18,43882437,145,8,
18,43882740,26,1,
18,43882809,200,143,
18,43882905,202,178,
18,43882962,80,120,
18,43883040,455,123,
18,43883180,28,17,
18,43883230,82,60,
18,43883587,35,15,
18,43883642,157,184,
18,43883732,57,50,
18,43883747,116,24,
18,43883749,30,0,
18,43883902,329,210,
18,43883946,68,18,
18,43884098,17,1,
18,43884156,91,63,
18,43884245,43,7,17
18,43884418,174,23,
18,43884635,175,243,
18,43885039,51,23,
18,43885051,50,25,
18,43885101,564,823,
18,43885284,23,6,
18,43885478,206,44,
18,43886023,80,58,
18,43886053,14,0,
18,43886213,70,16,
18,43886243,334,104,
18,43886271,65,10,
18,43886368,120,105,
18,43886381,85,60,
18,43886552,143,153,
18,43886601,129,27,
18,43886604,77,108,27
18,43887068,66,32,19
18,43887073,77,144,
18,43887489,14,24,16
18,43887494,43,47,
18,43887632,17,0,
18,43887637,225,36,
18,43887708,87,27,
18,43887874,108,17,30
18,43887998,138,65,
18,43888005,115,5,
18,43888033,21,3,
18,43888117,801,197,
18,43888157,183,38,
18,43888191,33,6,
18,43888225,164,165,
18,43888239,80,15,
18,43888246,24,10,
18,43888268,49,5,
18,43888290,30,6,
18,43888501,59,149,
18,43888634,14,8,12
18,43888777,90,47,
18,43888803,1386,836,
18,43889277,16,2,
18,43889487,33,4,
18,43889502,199,126,
18,43889610,242,59,
18,43889875,141,25,
18,43889963,12,0,
18,43890237,12,5,
18,43890313,10,0,
18,43890412,66,10,
18,43890525,293,312,
18,43890538,223,53,
18,43891128,144,31,
18,43891245,294,194,
18,43891398,92,28,
18,43891723,11,3,
18,43891864,10,0,
18,43892096,285,59,
18,43892119,243,208,
18,43892224,7,0,
18,43892331,18,0,
18,43892442,10,5,
18,43892481,107,79,
18,43892714,7,0,
18,43892773,28,0,
18,43892856,77,11,
18,43893020,18,0,
18,43893225,34,0,
18,43893442,77,27,
18,43893550,84,6,
18,43893601,424,109,
18,43893740,41,51,
18,43893759,53,5,
18,43893762,394,335,
18,43893906,206,80,
18,43894175,313,198,
18,43894228,35,11,
18,43894257,69,47,
18,43894305,662,261,
18,43894363,108,107,
18,43894479,8,0,
18,43894678,99,50,
18,43895237,107,24,
18,43895456,149,35,
18,43895516,111,181,
18,43895622,108,64,
18,43895637,114,110,
18,43895693,14,0,
18,43895852,125,5,
18,43896011,265,135,
18,43896188,261,91,
18,43896199,141,82,
18,43896228,126,108,
18,43896410,77,50,
18,43896609,35,15,
18,43896765,25,3,
18,43896820,39,4,
18,43896835,10,0,
18,43896854,4,0,
18,43896889,44,5,
18,43896944,38,2,
18,43896948,4,0,
18,43897107,30,2,
18,43897129,156,57,
18,43897297,24,10,
18,43897320,379,205,
18,43897333,30,9,
18,43897719,86,10,
18,43897772,595,664,
18,43897816,11,1,
18,43898160,11,1,
18,43898280,5,0,
18,43898306,50,11,
18,43898380,251,121,
18,43898400,4,0,
18,43898717,89,11,
18,43898777,16,5,
18,43898956,8,0,
18,43899016,198,164,
18,43899028,504,225,
18,43899053,7,0,
18,43899212,23,6,
18,43899236,428,350,
18,43899251,159,19,
18,43899288,121,72,29
18,43899317,30,30,
18,43899350,23,17,
18,43899456,27,2,
18,43899529,15,0,
18,43899734,29,1,
18,43899878,36,6,
18,43899910,17,3,
18,43900145,8,2,
18,43900264,45,31,
18,43900456,6,0,
18,43900463,174,36,
18,43900877,627,540,20
18,43900983,6,1,
18,43901081,8,4,
18,43901131,51,38,
18,43901204,246,197,
18,43901495,223,91,
18,43901575,68,57,
18,43901619,385,185,
18,43901748,8,3,
18,43901760,26,13,
18,43901985,56,10,
18,43902212,1088,423,
18,43902263,399,284,
18,43902308,169,307,
18,43902350,3,0,
18,43902663,5,1,
18,43902869,107,149,
18,43903099,21,3,
18,43903130,16,5,
18,43903148,46,17,
18,43903400,174,111,
18,43903489,15,0,
18,43903534,12,0,
18,43903728,133,71,
18,43903741,304,210,
18,43903771,39,17,
18,43903809,3,0,
18,43903853,213,251,
18,43903907,8,0,
18,43903945,106,66,
18,43903959,212,146,
18,43904018,11,0,
18,43904226,12,3,
18,43904257,12,4,
18,43904478,99,69,24
18,43904511,64,8,
18,43904546,4,0,
18,43904865,87,9,
18,43904989,12,1,
18,43905059,19,0,
18,43905185,267,83,
18,43905299,233,117,
18,43905710,28,1,
18,43905771,13,7,
18,43905942,1065,258,
18,43906018,667,651,
18,43906058,20,18,
18,43906066,3,0,
18,43906193,14,1,
18,43906346,118,45,
18,43906379,9,2,
18,43906442,194,24,
18,43906528,5,1,
18,43906841,383,128,22
18,43907050,5,0,
18,43907376,424,237,
18,43907586,112,59,
18,43907631,7,1,
18,43907763,43,8,
18,43907820,534,506,28
18,43907941,63,9,
18,43907994,21,2,
18,43908261,16,0,
18,43908368,149,85,
18,43908428,15,1,
18,43908666,19,4,
18,43908770,46,61,
18,43908774,9,6,
18,43908882,9,6,
18,43908899,11,3,
18,43908913,8,2,
18,43909111,71,47,
18,43909124,37,16,
18,43909179,6,1,
18,43909220,247,70,
18,43909360,8,0,
18,43909398,101,51,
18,43909409,521,266,26
18,43909411,5,0,
18,43909430,458,538,
18,43909432,184,169,
18,43909448,19,0,
18,43909487,3,1,
18,43909519,10,6,
18,43909800,11,0,
18,43909816,3,0,
18,43909824,14,8,
18,43909898,21,1,
18,43909955,7,8,
18,43909961,8,0,
18,43910133,6,0,
18,43910220,5,0,
18,43910399,15,1,
18,43910423,75,9,
18,43910476,7,0,
18,43910565,88,11,
18,43910651,4,6,
18,43910677,15,1,
18,43910681,391,74,
18,43910685,103,48,
18,43910720,151,51,
18,43910745,234,162,
18,43910760,27,8,
18,43910999,3,0,
18,43911050,32,18,
18,43911152,3,0,
18,43911167,211,117,
18,43911252,233,256,
18,43911258,17,4,
18,43911266,8,0,
18,43911324,16,0,
18,43911349,6,1,
18,43911399,10,3,
18,43911421,3,0,
18,43911440,4,1,
18,43911486,7,1,
18,43911570,5,0,
18,43911571,30,7,
18,43911648,25,22,
18,43911659,9,6,
18,43912012,13,2,
18,43912172,6,0,
18,43912205,7,0,
18,43912321,5,0,
18,43912713,8,0,
18,43912844,362,266,13
18,43913129,4,1,
18,43913222,37,33,
18,43913357,4,0,
18,43913400,3,0,
18,43913414,8,0,
18,43913727,26,0,
18,43913751,229,94,9
18,43913905,17,9,
18,43913950,48,49,
18,43914041,7,4,
18,43914235,149,155,8
18,43914613,5,0,
18,43914652,9,0,
18,43914677,63,34,
18,43914705,408,268,10
18,43914738,16,4,
18,43914784,24,10,23
18,43914789,47,10,
18,43914832,386,110,13
18,43914834,82,135,
18,43914915,18,11,
18,43914951,4,1,
18,43915070,21,1,
18,43915348,8,1,
18,43915365,12,11,
18,43915418,30,2,
18,43915586,89,164,
18,43916098,53,10,7
18,43916128,5,2,
18,43916411,41,133,19
18,43916430,3,1,
18,43916468,6,0,
18,43916469,4,4,
18,43916483,3,0,
18,43916577,242,64,1
18,43916654,15,2,
18,43916814,9,9,
18,43916839,7,2,
18,43916905,10,2,
18,43916956,133,24,3
18,43916992,7,1,
18,43917000,3,1,
18,43917122,46,14,21
18,43917376,33,19,6
18,43917448,36,57,
18,43917461,63,31,5
18,43917715,6,0,
18,43917855,86,81,7
18,43917864,3,0,
18,43918056,8,1,
18,43918084,3,0,
18,43918088,5,3,
18,43918237,8,0,
18,43918270,3,0,
18,43918341,3,0,
18,43918352,5,0,
18,43918425,49,14,
18,43918437,20,8,27
18,43918441,5,0,
18,43918484,82,21,3
18,43918534,4,0,
18,43918596,49,21,2
18,43918600,87,10,1
18,43918610,9,0,
18,43918620,10,1,7
18,43918686,7,0,
18,43918727,8,0,
18,43918728,5,0,
18,43918803,4,0,
19,43840842,555,444,
19,43840861,186,65,
19,43842306,718,401,
19,43842367,204,79,
19,43842380,183,51,
19,43842683,482,193,
19,43843241,269,180,
19,43843821,531,989,
19,43843902,80,59,
19,43845174,139,85,
19,43845826,62,21,
19,43846690,116,12,
19,43846964,137,41,
19,43847432,395,77,
19,43848325,327,96,
19,43848398,163,68,
19,43849271,289,102,
19,43849536,175,31,
19,43850550,67,22,
19,43851099,385,180,
19,43851143,142,93,
19,43851225,131,203,
19,43851260,68,28,
19,43851314,248,181,
19,43851612,472,433,
19,43852096,331,57,
19,43852145,1164,597,
19,43852162,806,1020,
19,43852217,117,27,
19,43852266,475,138,
19,43853382,301,257,
19,43854776,275,172,
19,43855386,100,54,
19,43855838,161,34,
19,43856186,504,196,
19,43856532,72,129,
19,43856656,147,40,
19,43856795,1027,359,
19,43856801,301,109,
19,43856803,400,151,
19,43857405,98,42,
19,43857643,136,84,
19,43857856,76,21,
19,43858136,26,7,
19,43858442,84,108,
19,43858521,22,13,
19,43858552,129,374,
19,43858554,258,391,
19,43858568,642,108,
19,43858826,67,25,
19,43858970,117,32,
19,43859446,1891,783,
19,43859464,203,30,
19,43859536,728,256,
19,43860108,82,50,
19,43860428,94,18,
19,43860726,215,133,
19,43861207,114,48,
19,43861253,153,141,
19,43861297,120,24,
19,43861566,60,14,
19,43861771,59,63,
19,43861828,383,402,
19,43862487,262,232,
19,43862643,76,53,
19,43863418,126,35,
19,43864108,352,275,
19,43864442,79,56,
19,43864589,146,71,
19,43864752,59,6,
19,43864827,65,79,
19,43865097,244,70,
19,43865132,449,227,
19,43865631,82,94,
19,43865740,118,118,
19,43865960,114,47,
19,43866001,238,76,
19,43866303,280,278,
19,43866329,74,23,
19,43866585,159,32,
19,43866797,54,29,
19,43866810,23,22,
19,43867211,271,116,
19,43867403,212,135,
19,43867429,125,53,
19,43868074,359,237,
19,43868130,99,25,
19,43868192,578,318,
19,43868231,110,60,
19,43868273,134,41,
19,43868395,67,17,
19,43868694,12,2,
19,43868737,155,57,
19,43868890,28,4,
19,43869236,48,105,
19,43869288,162,106,
19,43869353,389,279,
19,43869794,399,241,
19,43870364,11,3,
19,43870819,250,278,
19,43870969,413,443,
19,43870998,226,25,
19,43871250,26,10,
19,43871601,54,9,
19,43871730,130,60,
19,43871824,37,7,
19,43872159,204,52,
19,43872799,78,3,
19,43873074,510,123,
19,43873531,405,279,
19,43873604,84,23,
19,43874641,241,245,
19,43875134,77,11,
19,43875136,34,26,
19,43875230,45,1,
19,43875360,40,8,
19,43875416,131,67,
19,43875476,795,333,
19,43875505,113,10,
19,43876084,120,52,
19,43876135,36,6,
19,43876243,197,67,
19,43876566,201,30,
19,43876725,9,0,
19,43876798,52,22,
19,43876843,46,32,
19,43877301,611,390,
19,43877356,60,10,
19,43877644,503,309,
19,43877797,357,168,
19,43877907,111,113,
19,43877923,75,70,
19,43878191,78,7,
19,43878298,28,5,
19,43878461,102,40,
19,43878560,16,7,
19,43878728,388,354,
19,43878824,82,32,
19,43878850,442,442,
19,43878878,254,194,
19,43878899,14,1,
19,43878987,52,38,
19,43879282,191,99,
19,43879288,142,160,
19,43879702,284,123,
19,43879715,212,75,
19,43879748,101,85,
19,43880248,77,14,
19,43880472,73,35,
19,43880554,56,11,
19,43880560,63,57,
19,43880883,105,20,
19,43880962,776,171,
19,43880973,454,413,
19,43881035,511,502,
19,43881065,127,179,
19,43881211,258,98,
19,43881468,485,164,
19,43882118,62,19,
19,43882150,391,310,
19,43882287,45,27,
19,43882291,143,98,
19,43882437,145,8,
19,43882740,26,1,
19,43882809,200,143,
19,43882905,202,178,
19,43882962,80,120,
19,43883040,455,123,
19,43883180,28,17,
19,43883230,82,61,
19,43883587,35,15,
19,43883642,157,184,
19,43883732,57,50,
19,43883747,116,24,
19,43883749,30,0,
19,43883902,329,210,
19,43883946,68,18,
19,43884098,17,1,
19,43884156,91,63,
19,43884245,47,10,17
19,43884418,174,29,
19,43884635,175,243,
19,43885039,51,23,
19,43885051,50,25,
19,43885101,565,829,
19,43885284,23,6,
19,43885478,206,44,
19,43886023,80,58,
19,43886053,14,0,
19,43886213,70,16,
19,43886243,334,104,
19,43886271,65,10,
19,43886368,120,105,
19,43886381,85,60,
19,43886552,143,153,
19,43886601,129,27,
19,43886604,79,116,
19,43887068,74,41,18
19,43887073,77,144,
19,43887489,22,30,14
19,43887494,43,47,
19,43887632,17,0,
19,43887637,225,36,
19,43887708,87,27,
19,43887874,110,18,27
19,43887998,138,65,
19,43888005,115,5,
19,43888033,21,3,
19,43888117,801,197,
19,43888157,183,38,
19,43888191,33,6,
19,43888225,164,165,
19,43888239,80,15,
19,43888246,24,10,
19,43888268,49,5,
19,43888290,30,6,
19,43888501,59,149,
19,43888634,23,9,14
19,43888777,90,47,
19,43888803,1387,836,
19,43889277,16,2,
19,43889487,33,4,
19,43889502,201,126,
19,43889610,243,59,
19,43889875,141,25,
19,43889963,12,0,
19,43890237,12,5,
19,43890313,10,0,
19,43890412,66,10,
19,43890525,293,312,
19,43890538,223,53,
19,43891128,144,31,
19,43891245,294,194,
19,43891398,92,28,
19,43891723,11,3,
19,43892096,285,59,
19,43892119,243,208,
19,43892331,18,0,
19,43892442,10,5,
19,43892481,108,79,
19,43892714,7,0,
19,43892773,28,0,
19,43892856,77,11,
19,43893020,18,0,
19,43893225,34,0,
19,43893442,77,27,
19,43893550,84,6,
19,43893601,424,109,
19,43893740,41,51,
19,43893759,53,5,
19,43893762,394,335,
19,43893906,207,80,
19,43894175,313,199,
19,43894228,35,11,
19,43894257,70,47,
19,43894305,662,261,
19,43894363,108,107,
19,43894479,8,0,
19,43894678,99,50,
19,43895237,107,24,
19,43895456,150,35,
19,43895516,111,181,
19,43895622,108,64,
19,43895637,114,110,
19,43895693,14,0,
19,43895852,125,5,
19,43896011,265,135,
19,43896188,261,91,
19,43896199,142,82,
19,43896228,126,108,
19,43896410,77,50,
19,43896609,35,15,
19,43896765,25,3,
19,43896820,39,4,
19,43896835,10,0,
19,43896889,44,5,
19,43896944,39,2,
19,43896948,4,0,
19,43897107,30,2,
19,43897129,156,57,
19,43897320,379,205,
19,43897333,31,9,
19,43897719,86,10,
19,43897772,595,665,
19,43897816,11,1,
19,43898160,11,1,
19,43898280,5,0,
19,43898306,50,11,
19,43898380,251,121,
19,43898400,4,0,
19,43898717,89,11,
19,43898777,16,5,
19,43898956,8,0,
19,43899016,199,164,
19,43899028,504,225,
19,43899053,7,0,
19,43899236,429,360,
19,43899251,159,19,
19,43899288,123,73,28
19,43899317,30,30,
19,43899350,23,17,
19,43899456,27,2,
19,43899529,15,0,
19,43899734,29,1,
19,43899878,36,6,
19,43900145,8,2,
19,43900264,45,31,
19,43900456,6,0,
19,43900463,175,36,
19,43900877,638,547,19
19,43900983,6,1,
19,43901081,8,4,
19,43901131,51,38,
19,43901204,246,198,
19,43901495,223,92,
19,43901575,68,57,
19,43901619,385,185,
19,43901643,3,1,
19,43901748,8,3,
19,43901760,26,13,
19,43901985,56,10,
19,43902212,1092,423,
19,43902263,400,288,
19,43902308,169,312,
19,43902350,3,0,
19,43902663,5,1,
19,43902869,107,149,
19,43903099,21,3,
19,43903130,16,5,
19,43903148,46,17,
19,43903400,175,111,
19,43903489,15,0,
19,43903534,12,0,
19,43903728,133,71,
19,43903741,305,210,
19,43903771,39,17,
19,43903809,3,0,
19,43903853,213,251,
19,43903907,8,0,
19,43903945,107,66,
19,43903959,212,147,
19,43904226,12,3,
19,43904257,12,4,
19,43904478,103,73,25
19,43904511,64,8,
19,43904546,4,0,
19,43904865,87,9,
19,43904989,12,1,
19,43905059,19,0,
19,43905185,267,83,
19,43905299,233,119,
19,43905710,28,1,
19,43905771,13,7,
19,43905942,1068,259,
19,43906018,670,655,
19,43906058,20,18,
19,43906066,3,0,
19,43906346,118,45,
19,43906379,9,2,
19,43906442,194,24,
19,43906528,13,4,16
19,43906841,386,129,22
19,43907050,5,0,
19,43907376,424,238,
19,43907586,112,60,
19,43907631,7,1,
19,43907763,43,8,
19,43907820,542,515,26
19,43907941,64,9,
19,43907994,21,2,
19,43908261,16,0,
19,43908368,150,86,
19,43908428,15,1,
19,43908666,19,4,
19,43908770,46,61,
19,43908774,9,6,
19,43908882,9,6,
19,43908899,11,3,
19,43908913,8,2,
19,43909111,71,47,
19,43909124,37,16,
19,43909179,6,1,
19,43909220,247,70,
19,43909360,8,0,
19,43909398,103,51,
19,43909409,539,278,24
19,43909430,460,548,
19,43909432,184,172,
19,43909448,19,0,
19,43909487,3,1,
19,43909519,10,6,
19,43909800,11,0,
19,43909816,3,0,
19,43909824,14,8,
19,43909898,21,1,
19,43909955,7,8,
19,43909961,8,0,
19,43910133,6,0,
19,43910220,6,0,
19,43910399,15,1,
19,43910423,75,9,
19,43910476,7,0,
19,43910565,89,11,
19,43910651,4,6,
19,43910677,15,1,
19,43910681,396,77,
19,43910685,107,50,30
19,43910720,151,52,
19,43910745,237,165,
19,43910760,28,8,
19,43910999,3,0,
19,43911050,32,18,
19,43911152,3,0,
19,43911167,212,118,
19,43911252,234,262,
19,43911258,17,4,
19,43911266,8,0,
19,43911324,16,0,
19,43911349,6,1,
19,43911399,10,3,
19,43911421,3,0,
19,43911440,4,1,
19,43911486,7,1,
19,43911570,5,0,
19,43911571,30,7,
19,43911648,25,22,
19,43911659,9,6,
19,43912012,13,2,
19,43912172,6,0,
19,43912205,7,0,
19,43912321,5,0,
19,43912713,8,0,
19,43912844,405,285,10
19,43913129,4,1,
19,43913222,37,33,
19,43913357,4,0,
19,43913400,3,0,
19,43913414,8,0,
19,43913727,30,2,
19,43913751,250,103,9
19,43913905,18,9,
19,43913950,48,51,
19,43914041,7,4,
19,43914235,165,179,8
19,43914613,5,0,
19,43914652,9,0,
19,43914677,64,36,
19,43914705,437,283,12
19,43914738,16,4,
19,43914784,28,11,23
19,43914789,49,11,
19,43914832,404,110,13
19,43914834,82,137,
19,43914915,19,14,
19,43914951,5,1,
19,43915070,22,1,
19,43915348,9,1,
19,43915365,14,11,
19,43915418,31,2,
19,43915460,5,1,
19,43915586,91,167,
19,43915995,40,4,
19,43916098,109,29,6
19,43916128,5,2,
19,43916411,43,147,
19,43916430,3,1,
19,43916468,6,0,
19,43916469,4,4,
19,43916483,3,0,
19,43916577,271,72,1
19,43916654,16,2,
19,43916814,11,14,
19,43916839,9,4,
19,43916905,10,2,
19,43916956,153,27,3
19,43916992,7,1,
19,43917000,3,1,
19,43917122,60,18,19
19,43917376,44,29,7
19,43917448,38,59,
19,43917461,91,45,4
19,43917715,6,0,
19,43917855,118,138,20
19,43917864,3,0,
19,43918056,9,1,
19,43918084,3,0,
19,43918088,6,3,
19,43918237,9,0,
19,43918270,4,0,
19,43918341,3,0,
19,43918352,5,0,
19,43918425,52,20,
19,43918437,32,34,21
19,43918441,5,0,
19,43918484,176,51,1
19,43918534,4,0,
19,43918600,129,23,1
19,43918610,11,0,
19,43918620,46,13,4
19,43918686,10,0,
19,43918727,11,0,
19,43918728,6,0,
19,43918736,5,0,
19,43918803,4,0,
19,43919211,4,0,
19,43919361,4,0,
19,43919407,4,0,
19,43919429,9,0,
19,43919586,4,1,
20,43840842,555,444,
20,43840861,186,65,
20,43842306,718,401,
20,43842367,204,80,
20,43842380,183,51,
20,43842683,482,193,
20,43843241,270,180,
20,43843821,531,989,
20,43843902,80,59,
20,43845174,139,85,
20,43845826,62,21,
20,43846690,116,12,
20,43846964,137,41,
20,43847432,395,77,
20,43848325,327,96,
20,43848398,163,68,
20,43849271,289,102,
20,43849536,175,31,
20,43850550,67,22,
20,43851099,385,180,
20,43851143,142,93,
20,43851225,131,203,
20,43851260,68,28,
20,43851314,248,181,
20,43851612,472,433,
20,43852096,331,57,
20,43852145,1164,597,
20,43852162,806,1020,
20,43852217,117,27,
20,43852266,475,138,
20,43853382,301,257,
20,43854776,276,172,
20,43855386,100,54,
20,43855838,161,34,
20,43856186,504,196,
20,43856532,72,129,
20,43856656,147,40,
20,43856795,1027,359,
20,43856801,301,109,
20,43856803,400,151,
20,43857405,98,42,
20,43857643,136,84,
20,43857856,76,21,
20,43858136,26,7,
20,43858442,84,108,
20,43858521,22,13,
20,43858552,129,375,
20,43858554,258,391,
20,43858568,642,108,
20,43858826,67,25,
20,43858970,117,32,
20,43859446,1891,783,
20,43859464,203,30,
20,43859536,728,256,
20,43860108,82,50,
20,43860428,94,18,
20,43860726,215,133,
20,43861207,114,48,
20,43861253,153,141,
20,43861297,120,24,
20,43861566,61,14,
20,43861771,59,63,
20,43861828,383,402,
20,43862487,262,232,
20,43862643,76,53,
20,43863418,126,35,
20,43864108,352,275,
20,43864442,79,56,
20,43864589,146,71,
20,43864752,59,6,
20,43864827,65,79,
20,43865097,244,70,
20,43865132,449,227,
20,43865631,82,94,
20,43865740,118,118,
20,43865960,114,47,
20,43866001,238,76,
20,43866303,280,278,
20,43866329,74,23,
20,43866585,159,32,
20,43866797,54,29,
20,43866810,23,22,
20,43867211,271,116,
20,43867403,212,135,
20,43867429,125,53,
20,43868074,359,237,
20,43868130,99,25,
20,43868192,578,318,
20,43868231,111,60,
20,43868273,134,41,
20,43868395,67,17,
20,43868694,12,2,
20,43868737,155,57,
20,43868890,28,4,
20,43869236,48,105,
20,43869288,162,106,
20,43869353,389,279,
20,43869794,399,241,
20,43870364,11,3,
20,43870819,250,278,
20,43870969,413,443,
20,43870998,226,25,
20,43871250,26,10,
20,43871601,54,9,
20,43871730,131,60,
20,43871824,37,7,
20,43872159,204,52,
20,43872799,78,3,
20,43873074,510,123,
20,43873531,405,279,
20,43873604,84,23,
20,43874641,241,245,
20,43875134,77,11,
20,43875136,34,26,
20,43875230,45,1,
20,43875360,40,8,
20,43875416,131,67,
20,43875476,797,333,
20,43875505,113,10,
20,43876084,120,52,
20,43876135,36,6,
20,43876243,197,67,
20,43876566,201,30,
20,43876725,9,0,
20,43876798,52,22,
20,43876843,46,32,
20,43877301,611,390,
20,43877356,60,10,
20,43877644,504,309,
20,43877797,357,168,
20,43877907,111,113,
20,43877923,75,70,
20,43878191,78,7,
20,43878298,28,5,
20,43878461,102,40,
20,43878560,16,7,
20,43878728,388,355,
20,43878824,82,32,
20,43878850,442,443,
20,43878878,254,194,
20,43878899,14,1,
20,43878987,52,38,
20,43879282,191,99,
20,43879288,142,160,
20,43879702,284,123,
20,43879715,212,75,
20,43879748,101,85,
20,43880248,77,14,
20,43880472,73,35,
20,43880554,57,11,
20,43880560,63,57,
20,43880883,105,20,
20,43880962,776,171,
20,43880973,454,413,
20,43881035,511,502,
20,43881065,127,179,
20,43881211,258,99,
20,43881468,485,164,
20,43882118,62,19,
20,43882150,391,310,
20,43882287,45,27,
20,43882291,145,100,
20,43882437,145,8,
20,43882740,26,1,
20,43882809,200,143,
20,43882905,202,178,
20,43882962,80,120,
20,43883040,455,123,
20,43883180,28,17,
20,43883230,83,61,
20,43883587,35,15,
20,43883642,157,184,
20,43883732,57,50,
20,43883747,116,24,
20,43883749,30,0,
20,43883902,329,210,
20,43883946,68,18,
20,43884098,17,1,
20,43884156,91,63,
20,43884245,49,13,17
20,43884418,175,30,
20,43884635,175,242,
20,43885039,51,23,
20,43885051,50,25,
20,43885101,565,837,
20,43885284,23,6,
20,43885478,206,45,
20,43886023,80,58,
20,43886053,14,0,
20,43886213,70,16,
20,43886243,334,104,
20,43886271,65,10,
20,43886368,120,105,
20,43886381,86,62,
20,43886552,143,153,
20,43886601,129,27,
20,43886604,83,117,
20,43887068,80,44,18
20,43887073,77,144,
20,43887304,6,0,
20,43887489,27,38,15
20,43887494,43,47,
20,43887632,17,0,
20,43887637,225,36,
20,43887708,87,27,
20,43887874,111,19,28
20,43887998,138,65,
20,43888005,115,5,
20,43888033,21,3,
20,43888117,802,197,
20,43888157,183,38,
20,43888191,33,6,
20,43888225,164,165,
20,43888239,80,15,
20,43888246,25,11,
20,43888268,49,6,
20,43888290,30,6,
20,43888501,59,149,
20,43888634,31,13,16
20,43888777,90,47,
20,43888803,1389,836,
20,43889277,16,2,
20,43889487,33,4,
20,43889502,201,126,
20,43889610,243,59,
20,43889875,141,25,
20,43889963,12,0,
20,43890237,12,5,
20,43890313,10,0,
20,43890412,66,10,
20,43890525,293,313,
20,43890538,223,53,
20,43891128,145,31,
20,43891245,294,194,
20,43891398,92,28,
20,43891723,11,3,
20,43892096,285,59,
20,43892119,243,208,
20,43892331,18,0,
20,43892442,10,5,
20,43892481,108,79,
20,43892714,7,0,
20,43892773,28,0,
20,43892856,77,11,
20,43893020,18,0,
20,43893225,34,0,
20,43893442,78,27,
20,43893550,84,6,
20,43893601,424,110,
20,43893740,41,51,
20,43893759,53,5,
20,43893762,395,335,
20,43893906,207,80,
20,43894175,314,199,
20,43894228,35,11,
20,43894257,70,47,
20,43894305,663,261,
20,43894363,108,107,
20,43894479,8,0,
20,43894678,99,50,
20,43895237,107,24,
20,43895456,150,35,
20,43895516,111,181,
20,43895622,108,64,
20,43895637,114,110,
20,43895693,14,0,
20,43895852,125,5,
20,43896011,265,135,
20,43896188,261,91,
20,43896199,142,82,
20,43896228,126,108,
20,43896410,77,50,
20,43896609,35,15,
20,43896765,25,3,
20,43896820,39,4,
20,43896835,10,0,
20,43896889,44,5,
20,43896944,39,2,
20,43896948,4,0,
20,43897107,30,2,
20,43897129,156,57,
20,43897320,379,205,
20,43897333,31,9,
20,43897719,86,10,
20,43897772,595,665,
20,43897816,11,1,
20,43898160,11,1,
20,43898280,5,0,
20,43898306,51,11,
20,43898380,251,121,
20,43898400,4,0,
20,43898717,90,11,
20,43898777,16,5,
20,43898956,8,0,
20,43899016,199,164,
20,43899028,504,225,
20,43899053,7,0,
20,43899236,429,361,
20,43899251,159,19,
20,43899288,127,76,29
20,43899317,30,30,
20,43899350,23,17,
20,43899456,27,2,
20,43899529,15,0,
20,43899734,29,1,
20,43899878,36,6,
20,43900145,8,2,
20,43900264,45,31,
20,43900456,6,0,
20,43900463,175,36,
20,43900877,643,549,19
20,43900983,6,1,
20,43901081,8,4,
20,43901131,52,39,
20,43901204,247,199,
20,43901495,224,93,
20,43901575,68,57,
20,43901619,385,185,
20,43901643,14,1,20
20,43901748,8,3,
20,43901760,26,13,
20,43901985,56,10,
20,43902212,1094,423,
20,43902263,401,291,
20,43902308,170,315,
20,43902350,3,0,
20,43902663,5,1,
20,43902869,108,149,
20,43903099,21,3,
20,43903130,16,5,
20,43903148,46,17,
20,43903400,176,113,
20,43903489,15,0,
20,43903534,12,0,
20,43903728,134,71,
20,43903741,305,210,
20,43903771,39,17,
20,43903809,3,0,
20,43903853,214,254,
20,43903907,8,0,
20,43903945,107,66,
20,43903959,213,147,
20,43904257,12,4,
20,43904478,109,77,26
20,43904511,64,8,
20,43904546,4,0,
20,43904865,87,9,
20,43904989,12,1,
20,43905059,19,0,
20,43905185,267,83,
20,43905299,233,119,
20,43905710,28,1,
20,43905771,13,7,
20,43905942,1069,259,
20,43906018,672,659,
20,43906058,20,18,
20,43906066,3,0,
20,43906346,118,45,
20,43906379,9,2,
20,43906442,194,24,
20,43906528,27,6,9
20,43906841,389,130,22
20,43907050,5,0,
20,43907376,426,237,
20,43907586,112,60,
20,43907631,7,1,
20,43907763,43,8,
20,43907820,550,524,27
20,43907941,64,9,
20,43907994,21,2,
20,43908261,16,0,
20,43908368,151,86,
20,43908428,15,1,
20,43908666,19,4,
20,43908770,47,61,
20,43908774,9,6,
20,43908882,9,6,
20,43908899,11,3,
20,43908913,8,2,
20,43909111,71,47,
20,43909124,37,16,
20,43909179,6,1,
20,43909220,248,72,
20,43909360,8,0,
20,43909398,103,52,
20,43909409,559,288,25
20,43909430,462,551,
20,43909432,185,173,
20,43909448,19,0,
20,43909487,3,1,
20,43909519,10,6,
20,43909816,3,0,
20,43909824,14,8,
20,43909898,21,1,
20,43909955,7,8,
20,43909961,8,0,
20,43910133,6,0,
20,43910220,6,0,
20,43910399,15,1,
20,43910423,76,9,
20,43910476,7,0,
20,43910565,90,11,
20,43910651,4,6,
20,43910677,15,1,
20,43910681,396,78,
20,43910685,107,51,30
20,43910720,154,54,
20,43910745,240,168,
20,43910760,29,8,
20,43910999,3,0,
20,43911050,32,18,
20,43911152,3,0,
20,43911167,213,118,
20,43911252,237,263,
20,43911258,17,4,
20,43911266,8,0,
20,43911324,16,0,
20,43911349,6,1,
20,43911399,10,3,
20,43911421,3,0,
20,43911440,4,1,
20,43911486,7,1,
20,43911570,5,0,
20,43911571,30,7,
20,43911648,25,22,
20,43911659,10,6,
20,43912012,13,2,
20,43912172,7,0,
20,43912205,7,0,
20,43912321,5,0,
20,43912713,9,0,
20,43912844,441,303,10
20,43913129,4,1,
20,43913222,37,33,
20,43913357,4,0,
20,43913400,3,0,
20,43913414,8,0,
20,43913727,37,2,
20,43913751,263,109,9
20,43913905,19,10,
20,43913950,49,52,
20,43914235,178,199,8
20,43914613,5,0,
20,43914652,10,0,
20,43914677,68,36,
20,43914705,459,296,11
20,43914738,17,4,
20,43914784,31,12,24
20,43914789,51,13,
20,43914832,424,114,14
20,43914915,20,14,
20,43914951,5,1,
20,43915070,22,1,
20,43915348,10,1,
20,43915365,16,11,
20,43915418,33,2,
20,43915460,5,1,
20,43915586,92,172,
20,43915995,49,11,
20,43916098,149,48,5
20,43916411,45,158,
20,43916468,6,0,
20,43916469,4,4,
20,43916577,302,75,2
20,43916654,16,2,
20,43916814,12,21,
20,43916839,11,6,
20,43916905,11,2,
20,43916956,170,31,4
20,43916992,7,1,
20,43917000,4,1,
20,43917122,74,19,23
20,43917376,47,35,7
20,43917448,39,65,
20,43917461,106,51,6
20,43917715,7,0,
20,43917855,126,158,
20,43917864,4,0,
20,43918084,3,0,
20,43918088,6,3,
20,43918237,10,0,
20,43918270,4,0,
20,43918341,3,0,
20,43918352,6,0,
20,43918425,54,21,
20,43918437,39,54,21
20,43918441,7,0,
20,43918484,290,73,1
20,43918534,4,0,
20,43918610,11,0,
20,43918620,78,38,3
20,43918686,11,0,
20,43918727,11,0,
20,43918728,9,0,
20,43918736,6,0,
20,43918803,5,0,
20,43919211,4,0,
20,43919429,10,0,
20,43919586,5,2,
20,43919712,5,0,
20,43919713,4,1,
20,43919812,23,18,22
20,43919840,3,0,
20,43919862,15,2,24
20,43919868,9,3,14
20,43919959,10,2,6
20,43920041,12,1,
20,43920144,7,0,
20,43920188,26,3,3
20,43920223,5,1,
20,43920362,3,0,
21,43840842,555,444,
21,43840861,186,65,
21,43842306,718,401,
21,43842367,204,80,
21,43842380,183,51,
21,43842683,482,193,
21,43843241,270,180,
21,43843902,80,59,
21,43845174,139,85,
21,43845826,62,21,
21,43846690,116,12,
21,43846964,137,41,
21,43848325,327,96,
21,43848398,163,68,
21,43849271,289,102,
21,43849536,175,31,
21,43850550,67,22,
21,43851099,385,180,
21,43851143,142,93,
21,43851225,131,203,
21,43851260,68,28,
21,43851612,472,433,
21,43852096,331,57,
21,43852145,1164,597,
21,43852162,806,1020,
21,43852217,117,27,
21,43852266,475,138,
21,43853382,301,257,
21,43854776,276,172,
21,43855386,100,54,
21,43855838,161,34,
21,43856186,504,196,
21,43856532,72,129,
21,43856656,147,40,
21,43856801,301,109,
21,43857405,98,42,
21,43857643,136,84,
21,43857856,76,21,
21,43858136,26,7,
21,43858442,84,108,
21,43858521,22,13,
21,43858552,129,375,
21,43858554,258,392,
21,43858568,642,108,
21,43858826,67,25,
21,43858970,117,32,
21,43859446,1891,783,
21,43859464,203,30,
21,43859536,728,256,
21,43860108,82,50,
21,43860428,94,18,
21,43860726,215,133,
21,43861207,114,48,
21,43861253,153,141,
21,43861297,120,24,
21,43861566,61,14,
21,43861771,59,63,
21,43861828,383,402,
21,43862487,262,232,
21,43862643,76,53,
21,43863418,126,35,
21,43864108,352,275,
21,43864442,79,56,
21,43864589,146,71,
21,43864752,59,6,
21,43864827,65,79,
21,43865132,449,227,
21,43865631,82,94,
21,43865740,118,118,
21,43865960,114,47,
21,43866001,238,76,
21,43866303,280,278,
21,43866329,74,23,
21,43866585,159,32,
21,43866797,54,29,
21,43866810,23,22,
21,43867211,271,116,
21,43867403,212,135,
21,43867429,125,53,
21,43868074,359,237,
21,43868130,99,25,
21,43868231,111,60,
21,43868273,134,41,
21,43868395,67,17,
21,43868694,12,2,
21,43868737,155,57,
21,43869236,48,105,
21,43869288,162,106,
21,43869353,389,279,
21,43870364,11,3,
21,43870819,250,278,
21,43870969,413,443,
21,43870998,226,25,
21,43871250,26,10,
21,43871601,54,9,
21,43871730,132,60,
21,43871824,37,7,
21,43872159,204,52,
21,43872799,78,3,
21,43873074,510,123,
21,43873531,405,278,
21,43873604,84,23,
21,43874641,241,245,
21,43875134,77,11,
21,43875136,34,26,
21,43875230,45,1,
21,43875360,40,8,
21,43875416,131,67,
21,43875476,797,333,
21,43875505,113,10,
21,43876084,120,52,
21,43876135,36,6,
21,43876243,197,67,
21,43876566,201,30,
21,43876798,52,22,
21,43876843,46,32,
21,43877301,611,390,
21,43877356,60,10,
21,43877644,504,309,
21,43877797,357,168,
21,43877907,111,113,
21,43877923,75,70,
21,43878191,78,7,
21,43878298,28,5,
21,43878461,102,40,
21,43878560,16,7,
21,43878728,388,355,
21,43878824,82,32,
21,43878850,442,443,
21,43878878,254,194,
21,43878899,14,1,
21,43878987,52,38,
21,43879282,192,99,
21,43879288,142,160,
21,43879702,284,123,
21,43879715,212,75,
21,43879748,101,85,
21,43880248,77,14,
21,43880472,73,35,
21,43880554,57,11,
21,43880560,63,57,
21,43880883,105,20,
21,43880962,776,171,
21,43880973,454,413,
21,43881035,511,502,
21,43881065,127,179,
21,43881211,258,99,
21,43881468,485,164,
21,43882118,62,19,
21,43882150,391,310,
21,43882287,45,27,
21,43882291,145,101,
21,43882437,145,8,
21,43882740,26,1,
21,43882809,200,143,
21,43882905,202,178,
21,43882962,80,120,
21,43883040,455,123,
21,43883180,28,17,
21,43883230,83,62,
21,43883587,35,15,
21,43883642,157,185,
21,43883732,57,50,
21,43883747,116,24,
21,43883749,30,0,
21,43883902,329,211,
21,43883946,68,18,
21,43884098,17,1,
21,43884156,91,63,
21,43884245,53,13,21
21,43884418,176,30,
21,43884635,175,242,
21,43885039,51,23,
21,43885051,50,25,
21,43885101,565,844,
21,43885284,23,6,
21,43885478,206,45,
21,43886023,80,58,
21,43886053,14,0,
21,43886213,70,16,
21,43886243,334,104,
21,43886271,65,10,
21,43886368,120,105,
21,43886381,87,62,
21,43886552,143,154,
21,43886601,129,27,
21,43886604,85,121,
21,43887068,87,48,22
21,43887073,77,144,
21,43887304,32,7,4
21,43887489,30,43,
21,43887494,43,47,
21,43887632,17,0,
21,43887637,225,36,
21,43887708,87,27,
21,43887874,112,20,
21,43887998,138,65,
21,43888005,115,5,
21,43888007,9,2,
21,43888033,21,3,
21,43888117,803,197,
21,43888157,183,38,
21,43888191,33,6,
21,43888225,164,165,
21,43888239,80,15,
21,43888246,26,11,
21,43888268,49,6,
21,43888634,32,14,20
21,43888777,90,47,
21,43888803,1389,836,
21,43889277,16,2,
21,43889487,33,4,
21,43889502,201,126,
21,43889610,243,59,
21,43889875,141,25,
21,43889963,12,0,
21,43890237,12,5,
21,43890313,10,0,
21,43890412,66,10,
21,43890525,293,313,
21,43890538,223,53,
21,43891128,145,31,
21,43891245,294,194,
21,43891398,92,28,
21,43891723,11,3,
21,43892096,285,59,
21,43892119,243,208,
21,43892331,18,0,
21,43892442,10,5,
21,43892481,108,79,
21,43892773,28,0,
21,43892856,77,11,
21,43893020,18,0,
21,43893225,34,0,
21,43893442,78,27,
21,43893550,84,6,
21,43893601,425,110,
21,43893740,41,51,
21,43893759,53,5,
21,43893762,395,335,
21,43893906,207,80,
21,43894175,315,199,
21,43894228,35,11,
21,43894257,71,47,
21,43894305,663,261,
21,43894363,108,107,
21,43894479,8,0,
21,43894678,99,50,
21,43895237,107,24,
21,43895456,150,35,
21,43895516,111,181,
21,43895622,108,64,
21,43895637,114,110,
21,43895693,14,0,
21,43895852,125,5,
21,43896011,265,136,
21,43896188,261,91,
21,43896199,142,82,
21,43896228,126,108,
21,43896410,77,50,
21,43896609,35,15,
21,43896765,25,3,
21,43896820,39,4,
21,43896835,10,0,
21,43896889,44,5,
21,43896944,39,2,
21,43896948,4,0,
21,43897107,30,2,
21,43897129,156,57,
21,43897320,379,205,
21,43897333,31,9,
21,43897719,86,10,
21,43897772,595,666,
21,43897816,11,1,
21,43898160,11,1,
21,43898280,5,0,
21,43898306,51,11,
21,43898380,251,121,
21,43898717,90,11,
21,43898777,16,5,
21,43898956,8,0,
21,43899016,199,164,
21,43899028,505,225,
21,43899053,7,0,
21,43899236,429,361,
21,43899251,159,19,
21,43899288,130,79,
21,43899317,30,30,
21,43899350,23,17,
21,43899456,27,2,
21,43899529,15,0,
21,43899734,29,1,
21,43899878,36,6,
21,43900145,8,2,
21,43900264,45,31,
21,43900456,6,0,
21,43900463,175,36,
21,43900877,643,552,
21,43900983,6,1,
21,43901081,8,4,
21,43901131,52,41,
21,43901204,247,199,
21,43901495,224,95,
21,43901575,68,57,
21,43901619,387,185,
21,43901643,17,6,22
21,43901748,8,3,
21,43901760,26,13,
21,43901985,56,10,
21,43902212,1095,425,
21,43902263,402,292,
21,43902308,171,324,
21,43902350,3,0,
21,43902663,5,1,
21,43902869,108,149,
21,43903099,21,3,
21,43903130,16,5,
21,43903148,46,17,
21,43903400,177,113,
21,43903489,15,0,
21,43903534,12,0,
21,43903728,134,71,
21,43903741,305,210,
21,43903771,39,17,
21,43903809,3,0,
21,43903853,214,254,
21,43903907,8,0,
21,43903945,107,68,
21,43903959,213,149,
21,43904257,12,4,
21,43904478,116,78,27
21,43904511,64,8,
21,43904546,4,0,
21,43904865,87,9,
21,43904989,12,1,
21,43905059,19,0,
21,43905185,268,83,
21,43905299,235,120,
21,43905710,28,1,
21,43905771,13,7,
21,43905942,1072,259,
21,43906018,675,664,
21,43906058,20,18,
21,43906066,3,0,
21,43906346,120,45,
21,43906379,9,2,
21,43906442,194,24,
21,43906528,35,10,16
21,43906841,391,130,
21,43907050,5,0,
21,43907376,426,237,
21,43907586,114,60,
21,43907763,43,8,
21,43907820,561,529,30
21,43907941,65,9,
21,43907994,21,2,
21,43908261,16,0,
21,43908368,152,87,
21,43908428,15,1,
21,43908666,19,4,
21,43908770,47,62,
21,43908774,9,6,
21,43908846,9,1,
21,43908882,9,6,
21,43908899,11,3,
21,43908913,8,2,
21,43909111,71,47,
21,43909124,37,16,
21,43909179,6,1,
21,43909220,248,73,
21,43909360,8,0,
21,43909398,105,52,
21,43909409,571,295,25
21,43909430,464,553,
21,43909432,185,175,
21,43909448,19,0,
21,43909487,3,1,
21,43909519,10,6,
21,43909816,3,0,
21,43909824,14,8,
21,43909898,21,1,
21,43909955,7,8,
21,43909961,8,0,
21,43910133,6,0,
21,43910220,6,0,
21,43910399,15,1,
21,43910423,76,9,
21,43910476,7,0,
21,43910565,91,11,
21,43910651,4,6,
21,43910677,15,1,
21,43910681,399,79,
21,43910685,111,52,
21,43910720,154,57,
21,43910745,240,170,
21,43910760,30,8,
21,43910999,3,0,
21,43911050,32,18,
21,43911152,3,0,
21,43911167,216,121,
21,43911252,237,263,
21,43911258,17,4,
21,43911266,8,0,
21,43911324,16,0,
21,43911349,6,1,
21,43911399,10,3,
21,43911421,3,0,
21,43911440,4,1,
21,43911486,7,1,
21,43911570,5,0,
21,43911571,30,7,
21,43911648,25,22,
21,43911659,10,6,
21,43912012,13,2,
21,43912172,7,0,
21,43912205,7,0,
21,43912321,5,0,
21,43912713,9,0,
21,43912844,482,316,13
21,43913129,4,1,
21,43913222,37,34,
21,43913357,4,0,
21,43913400,3,0,
21,43913414,8,0,
21,43913727,38,5,
21,43913751,285,121,14
21,43913905,21,12,
21,43913950,49,53,
21,43914235,190,213,12
21,43914613,5,0,
21,43914652,10,0,
21,43914677,70,38,
21,43914705,479,302,18
21,43914738,19,4,
21,43914784,33,13,28
21,43914789,53,13,
21,43914832,445,121,19
21,43914915,20,14,
21,43914951,5,1,
21,43915070,22,1,
21,43915348,10,1,
21,43915365,16,11,
21,43915418,34,2,
21,43915460,5,1,
21,43915995,51,13,
21,43916098,185,68,6
21,43916411,46,168,
21,43916468,6,0,
21,43916469,4,4,
21,43916577,327,86,2
21,43916654,16,3,
21,43916814,12,24,
21,43916839,13,7,
21,43916905,14,4,
21,43916956,178,32,7
21,43916992,7,1,
21,43917000,4,1,
21,43917122,82,20,27
21,43917376,52,40,16
21,43917448,39,67,
21,43917461,127,53,8
21,43917715,7,0,
21,43917855,133,167,
21,43917864,4,0,
21,43918084,4,0,
21,43918088,6,3,
21,43918237,10,0,
21,43918270,4,0,
21,43918341,3,0,
21,43918352,7,0,
21,43918425,55,21,
21,43918430,3,0,
21,43918437,41,57,
21,43918441,7,0,
21,43918478,5,2,
21,43918484,384,105,1
21,43918534,4,0,
21,43918610,11,0,
21,43918620,106,57,4
21,43918686,11,0,
21,43918727,11,0,
21,43918728,9,0,
21,43918736,6,0,
21,43918803,5,0,
21,43919194,5,0,
21,43919211,5,0,
21,43919429,12,0,
21,43919586,5,2,
21,43919712,5,0,
21,43919713,4,1,
21,43919812,45,32,20
21,43919840,9,0,
21,43919862,37,10,23
21,43919868,39,12,6
21,43919959,19,3,5
21,43920041,13,1,
21,43920144,9,3,
21,43920188,72,14,2
21,43920223,8,2,
21,43920289,7,2,11
21,43920300,6,1,
21,43920321,5,0,
21,43920362,4,0,
21,43920544,29,4,8
21,43920555,12,0,
21,43920752,3,0,
21,43920864,3,0,
22,43840842,555,444,
22,43840861,186,65,
22,43842306,718,401,
22,43842367,204,80,
22,43842380,183,51,
22,43842683,482,193,
22,43843241,270,180,
22,43843902,80,59,
22,43845174,139,85,
22,43845826,62,21,
22,43846690,116,12,
22,43846964,137,41,
22,43848325,327,96,
22,43848398,163,68,
22,43849271,289,102,
22,43849536,175,31,
22,43850550,67,22,
22,43851099,385,180,
22,43851143,142,93,
22,43851225,131,203,
22,43851260,68,28,
22,43851612,472,433,
22,43852096,331,57,
22,43852145,1164,597,
22,43852162,806,1020,
22,43852217,117,27,
22,43852266,475,138,
22,43853382,301,257,
22,43854776,276,172,
22,43855386,100,54,
22,43855838,161,34,
22,43856186,504,196,
22,43856532,72,129,
22,43856656,147,40,
22,43856801,301,109,
22,43857405,98,42,
22,43857643,136,84,
22,43857856,76,21,
22,43858136,26,7,
22,43858442,84,108,
22,43858521,22,13,
22,43858552,129,376,
22,43858554,258,393,
22,43858568,642,108,
22,43858826,67,25,
22,43858970,117,32,
22,43859446,1892,783,
22,43859464,203,30,
22,43859536,728,256,
22,43860108,82,50,
22,43860428,94,18,
22,43860726,215,133,
22,43861207,114,48,
22,43861253,153,141,
22,43861297,120,24,
22,43861566,61,14,
22,43861771,59,63,
22,43861828,383,402,
22,43862487,262,232,
22,43862643,76,53,
22,43863418,126,35,
22,43864108,352,275,
22,43864442,79,56,
22,43864589,146,71,
22,43864752,59,6,
22,43864827,65,79,
22,43865631,82,94,
22,43865740,118,118,
22,43865960,114,47,
22,43866001,238,76,
22,43866303,280,280,
22,43866329,74,23,
22,43866585,159,32,
22,43866797,54,29,
22,43866810,23,22,
22,43867211,271,116,
22,43867403,212,135,
22,43867429,126,53,
22,43868074,359,237,
22,43868130,99,25,
22,43868231,111,60,
22,43868273,134,41,
22,43868395,67,17,
22,43868694,12,2,
22,43868737,155,57,
22,43869236,48,105,
22,43869288,162,106,
22,43869353,389,279,
22,43870364,11,3,
22,43870819,250,278,
22,43870969,413,443,
22,43870998,226,25,
22,43871250,26,10,
22,43871601,54,9,
22,43871730,132,60,
22,43871824,37,7,
22,43872159,204,52,
22,43872799,78,3,
22,43873074,510,123,
22,43873531,405,278,
22,43873604,84,23,
22,43874641,241,245,
22,43875134,77,11,
22,43875136,34,26,
22,43875230,45,1,
22,43875360,40,8,
22,43875416,131,67,
22,43875476,797,334,
22,43875505,113,10,
22,43876084,120,52,
22,43876135,36,6,
22,43876243,197,67,
22,43876566,201,30,
22,43876798,52,22,
22,43876843,46,32,
22,43877301,611,390,
22,43877356,60,10,
22,43877644,504,309,
22,43877797,357,168,
22,43877907,111,113,
22,43877923,75,70,
22,43878191,78,7,
22,43878298,28,5,
22,43878461,102,40,
22,43878560,16,7,
22,43878728,388,355,
22,43878824,82,32,
22,43878850,442,443,
22,43878878,254,194,
22,43878899,14,1,
22,43878987,52,38,
22,43879282,192,99,
22,43879288,142,160,
22,43879702,284,123,
22,43879715,212,75,
22,43879748,101,85,
22,43880248,77,14,
22,43880472,73,35,
22,43880554,57,11,
22,43880560,63,57,
22,43880883,105,20,
22,43880962,777,171,
22,43880973,454,413,
22,43881035,511,502,
22,43881065,127,179,
22,43881211,258,99,
22,43881468,485,164,
22,43882118,62,19,
22,43882150,391,310,
22,43882287,45,27,
22,43882291,145,101,
22,43882437,145,8,
22,43882740,26,1,
22,43882809,200,143,
22,43882905,202,178,
22,43882962,80,120,
22,43883040,455,123,
22,43883180,28,17,
22,43883230,83,62,
22,43883587,35,15,
22,43883642,158,185,
22,43883732,57,50,
22,43883747,116,24,
22,43883749,30,0,
22,43883902,329,211,
22,43883946,68,18,
22,43884098,17,1,
22,43884156,91,63,
22,43884245,56,14,22
22,43884418,176,31,
22,43884635,175,242,
22,43885039,51,23,
22,43885051,50,25,
22,43885101,565,845,
22,43885284,23,6,
22,43885478,206,45,
22,43886023,80,58,
22,43886053,14,0,
22,43886213,70,16,
22,43886243,334,104,
22,43886271,65,10,
22,43886368,120,105,
22,43886381,87,63,
22,43886552,143,154,
22,43886601,129,27,
22,43886604,85,123,
22,43887068,93,50,25
22,43887073,77,144,
22,43887304,39,11,6
22,43887489,30,43,
22,43887494,43,47,
22,43887632,17,0,
22,43887637,225,36,
22,43887708,87,27,
22,43887874,112,20,
22,43887998,138,65,
22,43888005,115,5,
22,43888007,17,4,18
22,43888033,21,3,
22,43888117,804,197,
22,43888157,184,38,
22,43888191,33,6,
22,43888225,164,165,
22,43888239,80,15,
22,43888246,27,12,
22,43888268,49,6,
22,43888777,90,47,
22,43888803,1389,836,
22,43889277,16,2,
22,43889487,33,4,
22,43889502,201,126,
22,43889610,243,59,
22,43889875,141,25,
22,43889963,12,0,
22,43890237,13,5,
22,43890313,10,0,
22,43890412,66,10,
22,43890525,293,313,
22,43890538,223,53,
22,43891128,145,31,
22,43891245,295,194,
22,43891398,92,28,
22,43891723,11,3,
22,43892096,285,59,
22,43892119,243,208,
22,43892331,18,0,
22,43892442,10,5,
22,43892481,108,79,
22,43892773,28,0,
22,43892856,77,11,
22,43893020,18,0,
22,43893225,34,0,
22,43893442,78,27,
22,43893550,84,6,
22,43893601,425,110,
22,43893740,41,51,
22,43893759,53,5,
22,43893762,395,335,
22,43893906,207,80,
22,43894175,315,199,
22,43894228,35,11,
22,43894257,71,47,
22,43894305,663,261,
22,43894363,108,107,
22,43894479,8,0,
22,43894678,99,50,
22,43895237,107,24,
22,43895456,151,35,
22,43895516,111,181,
22,43895622,108,64,
22,43895637,114,110,
22,43895693,14,0,
22,43895852,126,5,
22,43896011,265,136,
22,43896188,261,91,
22,43896199,142,82,
22,43896228,126,108,
22,43896410,77,50,
22,43896609,35,15,
22,43896765,25,3,
22,43896820,39,4,
22,43896835,10,0,
22,43896889,44,5,
22,43896944,39,2,
22,43896948,4,0,
22,43897107,30,2,
22,43897129,156,57,
22,43897320,380,205,
22,43897333,31,9,
22,43897719,86,10,
22,43897772,595,666,
22,43897816,11,1,
22,43898160,11,1,
22,43898280,5,0,
22,43898306,51,11,
22,43898380,253,121,
22,43898717,90,11,
22,43898777,16,5,
22,43899016,199,164,
22,43899028,506,225,
22,43899053,7,0,
22,43899236,429,362,
22,43899251,159,19,
22,43899288,131,79,
22,43899317,30,30,
22,43899350,23,17,
22,43899456,27,2,
22,43899529,15,0,
22,43899734,29,1,
22,43899878,36,6,
22,43900145,8,2,
22,43900264,45,31,
22,43900456,6,0,
22,43900463,175,36,
22,43900877,643,552,
22,43900983,6,1,
22,43901081,8,4,
22,43901131,52,42,
22,43901204,247,199,
22,43901495,224,95,
22,43901575,68,57,
22,43901619,388,185,
22,43901643,26,12,23
22,43901748,8,3,
22,43901760,26,13,
22,43901985,56,10,
22,43902212,1097,425,
22,43902263,402,292,
22,43902308,171,327,
22,43902350,3,0,
22,43902663,5,1,
22,43902869,108,149,
22,43903099,21,3,
22,43903130,16,5,
22,43903148,46,17,
22,43903400,177,113,
22,43903489,15,0,
22,43903534,12,0,
22,43903728,134,71,
22,43903741,305,210,
22,43903771,39,17,
22,43903809,3,0,
22,43903853,214,256,
22,43903945,107,68,
22,43903959,213,149,
22,43904257,12,4,
22,43904478,122,79,27
22,43904511,64,8,
22,43904546,4,0,
22,43904865,87,9,
22,43904989,12,1,
22,43905059,19,0,
22,43905185,269,83,
22,43905299,235,121,
22,43905710,28,1,
22,43905771,13,7,
22,43905942,1073,260,
22,43906018,676,666,
22,43906058,20,18,
22,43906066,3,0,
22,43906346,121,45,
22,43906379,9,2,
22,43906442,194,24,
22,43906528,40,12,15
22,43906841,393,130,
22,43907050,5,0,
22,43907376,426,237,
22,43907586,114,60,
22,43907763,43,8,
22,43907820,570,535,30
22,43907941,65,9,
22,43907994,21,2,
22,43908261,16,0,
22,43908368,153,88,
22,43908428,15,1,
22,43908666,19,4,
22,43908770,47,62,
22,43908774,9,6,
22,43908846,9,1,
22,43908882,9,7,
22,43908899,11,3,
22,43908913,8,2,
22,43909111,71,47,
22,43909124,37,16,
22,43909179,6,1,
22,43909191,3,0,
22,43909220,249,73,
22,43909360,8,0,
22,43909398,105,52,
22,43909409,581,305,26
22,43909430,465,553,
22,43909432,185,176,
22,43909448,19,0,
22,43909487,3,1,
22,43909519,10,6,
22,43909816,3,0,
22,43909824,14,8,
22,43909898,21,1,
22,43909955,7,8,
22,43909961,9,0,
22,43910133,6,0,
22,43910220,6,0,
22,43910399,15,1,
22,43910423,76,9,
22,43910476,8,0,
22,43910565,92,11,
22,43910651,4,6,
22,43910677,15,1,
22,43910681,400,79,
22,43910685,111,53,
22,43910720,154,58,
22,43910745,242,176,
22,43910760,30,9,
22,43910999,3,0,
22,43911050,32,18,
22,43911152,3,0,
22,43911167,217,122,
22,43911252,238,272,
22,43911258,17,4,
22,43911266,8,0,
22,43911324,16,0,
22,43911349,6,1,
22,43911399,10,3,
22,43911421,3,0,
22,43911440,4,1,
22,43911486,7,1,
22,43911570,5,0,
22,43911571,30,7,
22,43911648,26,22,
22,43911659,10,6,
22,43912012,13,2,
22,43912172,7,0,
22,43912205,7,0,
22,43912321,5,0,
22,43912713,9,0,
22,43912844,513,331,14
22,43913129,4,1,
22,43913222,37,34,
22,43913357,4,0,
22,43913400,3,0,
22,43913414,8,0,
22,43913727,39,5,
22,43913751,301,128,15
22,43913905,23,12,
22,43913950,49,53,
22,43914235,195,223,17
22,43914613,5,0,
22,43914652,10,0,
22,43914677,70,39,
22,43914705,497,313,19
22,43914738,19,4,
22,43914784,35,14,29
22,43914789,54,14,
22,43914832,452,125,20
22,43914915,22,14,
22,43914951,5,1,
22,43915070,22,1,
22,43915348,10,1,
22,43915365,16,11,
22,43915418,35,2,
22,43915460,5,1,
22,43915995,53,16,
22,43916098,202,68,8
22,43916411,48,176,
22,43916468,6,0,
22,43916577,340,89,4
22,43916654,16,3,
22,43916814,14,26,
22,43916839,13,7,
22,43916905,15,4,
22,43916956,182,37,12
22,43916992,7,1,
22,43917000,5,1,
22,43917122,85,22,28
22,43917376,54,50,18
22,43917448,39,68,
22,43917461,133,57,13
22,43917715,7,0,
22,43917855,135,183,
22,43917864,4,0,
22,43918088,6,3,
22,43918237,11,0,
22,43918270,4,0,
22,43918352,7,0,
22,43918425,55,21,
22,43918430,3,0,
22,43918437,41,59,
22,43918441,7,0,
22,43918478,5,2,
22,43918484,437,125,1
22,43918534,4,0,
22,43918620,126,67,5
22,43918686,11,0,
22,43918727,12,0,
22,43918728,9,0,
22,43918736,6,0,
22,43918803,5,0,
22,43919194,5,0,
22,43919211,5,0,
22,43919429,12,0,
22,43919586,5,2,
22,43919712,5,0,
22,43919713,5,2,
22,43919812,55,40,21
22,43919840,13,0,
22,43919862,49,12,24
22,43919868,60,18,9
22,43919959,30,7,11
22,43920041,15,1,
22,43920144,11,4,
22,43920188,106,20,2
22,43920223,9,2,
22,43920289,9,2,
22,43920300,7,1,
22,43920321,6,0,
22,43920362,7,0,
22,43920452,3,0,
22,43920513,4,1,
22,43920544,56,9,5
22,43920555,65,58,2
22,43920630,5,2,
22,43920752,4,0,
22,43920792,4,1,24
22,43920864,6,0,
22,43920881,8,3,
22,43920889,7,0,15
22,43921017,7,1,
22,43921129,22,7,3
23,43840842,555,444,
23,43840861,186,65,
23,43842306,718,401,
23,43842367,204,80,
23,43842380,183,51,
23,43842683,482,193,
23,43843241,270,180,
23,43843902,80,59,
23,43845174,139,85,
23,43845826,62,21,
23,43846690,116,12,
23,43846964,137,41,
23,43848325,327,96,
23,43848398,163,68,
23,43849271,289,102,
23,43849536,175,31,
23,43850550,67,22,
23,43851099,385,180,
23,43851143,142,93,
23,43851225,131,203,
23,43851260,68,28,
23,43851612,472,433,
23,43852096,331,57,
23,43852145,1164,597,
23,43852162,806,1020,
23,43852217,117,27,
23,43852266,475,138,
23,43853382,301,257,
23,43854776,276,172,
23,43855386,100,54,
23,43855838,161,34,
23,43856186,504,196,
23,43856532,72,129,
23,43856656,147,40,
23,43856801,301,109,
23,43857405,98,42,
23,43857643,136,84,
23,43857856,76,21,
23,43858136,26,7,
23,43858552,129,376,
23,43858554,258,393,
23,43858568,642,108,
23,43858826,67,25,
23,43858970,117,32,
23,43859446,1892,783,
23,43859464,203,30,
23,43859536,728,256,
23,43860108,82,50,
23,43860428,94,18,
23,43860726,215,133,
23,43861207,114,48,
23,43861253,153,141,
23,43861297,120,24,
23,43861566,61,14,
23,43861771,59,63,
23,43861828,383,402,
23,43862487,262,232,
23,43862643,77,53,
23,43863418,126,35,
23,43864108,352,275,
23,43864442,79,56,
23,43864589,146,71,
23,43864827,65,79,
23,43865631,82,94,
23,43865740,118,118,
23,43865960,114,47,
23,43866001,238,76,
23,43866303,280,280,
23,43866329,74,23,
23,43866585,159,32,
23,43866797,54,29,
23,43866810,23,22,
23,43867211,271,116,
23,43867403,212,135,
23,43867429,126,53,
23,43868074,359,237,
23,43868130,99,25,
23,43868231,111,60,
23,43868273,134,41,
23,43868395,67,17,
23,43868694,12,2,
23,43869236,48,105,
23,43869288,162,106,
23,43869353,389,279,
23,43870364,11,3,
23,43870819,250,278,
23,43870969,413,443,
23,43870998,226,25,
23,43871250,26,10,
23,43871601,54,9,
23,43871730,132,60,
23,43871824,37,7,
23,43872159,204,52,
23,43872799,78,3,
23,43873074,510,123,
23,43873531,405,278,
23,43873604,84,23,
23,43874641,241,245,
23,43875134,77,11,
23,43875136,34,26,
23,43875230,45,1,
23,43875360,40,8,
23,43875416,131,67,
23,43875476,797,334,
23,43875505,113,10,
23,43876084,120,52,
23,43876135,36,6,
23,43876243,197,67,
23,43876566,201,30,
23,43876798,52,22,
23,43876843,46,32,
23,43877301,611,390,
23,43877356,60,10,
23,43877644,504,309,
23,43877797,357,168,
23,43877907,111,113,
23,43877923,75,70,
23,43878191,78,7,
23,43878298,28,5,
23,43878461,102,40,
23,43878560,16,7,
23,43878728,388,355,
23,43878824,82,32,
23,43878850,442,443,
23,43878878,254,194,
23,43878899,14,1,
23,43878987,52,38,
23,43879282,193,99,
23,43879288,142,160,
23,43879702,284,123,
23,43879715,212,75,
23,43879748,101,85,
23,43880248,77,14,
23,43880472,73,35,
23,43880554,57,11,
23,43880560,63,57,
23,43880883,105,20,
23,43880962,777,171,
23,43880973,454,413,
23,43881035,511,502,
23,43881065,127,179,
23,43881211,258,99,
23,43881468,485,164,
23,43882118,62,19,
23,43882150,392,310,
23,43882287,45,27,
23,43882291,145,101,
23,43882437,145,8,
23,43882740,26,1,
23,43882809,200,143,
23,43882905,202,178,
23,43882962,80,120,
23,43883040,455,123,
23,43883180,28,17,
23,43883230,83,62,
23,43883587,35,15,
23,43883642,158,185,
23,43883732,57,50,
23,43883747,116,24,
23,43883749,30,0,
23,43883902,329,211,
23,43883946,68,18,
23,43884098,17,1,
23,43884156,91,63,
23,43884245,61,14,28
23,43884418,177,31,
23,43884635,175,242,
23,43885039,51,23,
23,43885051,50,25,
23,43885101,568,847,
23,43885284,23,6,
23,43885478,206,45,
23,43886023,80,61,
23,43886053,14,0,
23,43886213,70,16,
23,43886243,334,104,
23,43886271,65,10,
23,43886368,120,105,
23,43886381,87,63,
23,43886552,143,155,
23,43886601,129,27,
23,43886604,85,124,
23,43887068,93,52,
23,43887073,77,144,
23,43887304,45,13,6
23,43887489,30,45,
23,43887494,43,47,
23,43887632,17,0,
23,43887637,225,36,
23,43887708,87,27,
23,43887874,112,20,
23,43887998,138,65,
23,43888005,115,5,
23,43888007,26,4,17
23,43888033,21,3,
23,43888117,804,200,
23,43888157,184,38,
23,43888191,33,6,
23,43888225,164,165,
23,43888239,80,15,
23,43888246,27,12,
23,43888268,49,6,
23,43888777,90,47,
23,43888803,1389,836,
23,43889277,16,2,
23,43889487,33,4,
23,43889502,201,126,
23,43889610,243,59,
23,43889875,141,25,
23,43889963,12,0,
23,43890118,10,0,
23,43890237,13,5,
23,43890313,10,0,
23,43890412,66,10,
23,43890525,293,313,
23,43890538,223,53,
23,43891128,145,31,
23,43891245,296,194,
23,43891398,92,28,
23,43891723,11,3,
23,43892096,285,59,
23,43892119,243,208,
23,43892331,18,0,
23,43892442,10,5,
23,43892481,108,79,
23,43892773,28,0,
23,43892856,77,11,
23,43893020,18,0,
23,43893225,34,0,
23,43893442,78,27,
23,43893550,84,6,
23,43893601,425,111,
23,43893740,41,51,
23,43893762,395,335,
23,43893906,207,80,
23,43894175,316,201,
23,43894228,35,11,
23,43894257,71,47,
23,43894305,663,261,
23,43894363,108,107,
23,43894479,8,0,
23,43894678,99,51,
23,43895237,107,24,
23,43895456,151,35,
23,43895516,111,181,
23,43895622,108,64,
23,43895637,114,110,
23,43895693,14,0,
23,43895852,126,5,
23,43896011,266,136,
23,43896188,261,91,
23,43896199,142,82,
23,43896228,126,108,
23,43896410,77,50,
23,43896609,37,16,
23,43896765,25,3,
23,43896820,39,4,
23,43896835,10,0,
23,43896889,44,5,
23,43896944,39,2,
23,43896948,4,0,
23,43897107,30,2,
23,43897129,156,57,
23,43897320,380,205,
23,43897333,31,9,
23,43897719,86,10,
23,43897772,595,666,
23,43897816,11,1,
23,43898160,11,1,
23,43898280,5,0,
23,43898306,51,11,
23,43898380,253,121,
23,43898717,90,11,
23,43898777,16,5,
23,43899016,199,164,
23,43899028,506,225,
23,43899053,7,0,
23,43899236,429,363,
23,43899251,159,19,
23,43899288,131,80,
23,43899317,30,30,
23,43899456,28,2,
23,43899529,15,0,
23,43899734,29,1,
23,43899878,36,6,
23,43900145,8,2,
23,43900264,45,31,
23,43900456,6,0,
23,43900463,175,36,
23,43900877,643,553,
23,43900983,6,1,
23,43901081,8,4,
23,43901131,52,43,
23,43901204,247,200,
23,43901495,224,95,
23,43901575,68,57,
23,43901619,391,185,
23,43901643,28,13,27
23,43901748,8,3,
23,43901760,26,14,
23,43901985,56,10,
23,43902212,1097,425,
23,43902263,402,293,
23,43902308,171,331,
23,43902350,3,0,
23,43902663,5,1,
23,43902869,108,149,
23,43903099,21,3,
23,43903148,46,17,
23,43903400,178,113,
23,43903489,15,0,
23,43903534,12,0,
23,43903728,134,71,
23,43903741,305,210,
23,43903771,39,17,
23,43903809,3,0,
23,43903853,215,257,
23,43903945,107,68,
23,43903959,213,149,
23,43904478,122,85,
23,43904511,64,8,
23,43904546,4,0,
23,43904865,87,9,
23,43904989,12,1,
23,43905059,19,0,
23,43905185,269,83,
23,43905299,235,121,
23,43905710,28,1,
23,43905771,13,7,
23,43905942,1073,260,
23,43906018,676,667,
23,43906058,20,18,
23,43906066,3,0,
23,43906346,121,45,
23,43906379,9,2,
23,43906442,194,24,
23,43906528,40,12,20
23,43906841,393,130,
23,43907050,5,0,
23,43907376,427,237,
23,43907586,114,60,
23,43907763,43,8,
23,43907820,571,538,
23,43907941,66,9,
23,43907994,21,2,
23,43908261,16,0,
23,43908368,154,88,
23,43908428,15,1,
23,43908666,19,4,
23,43908770,47,64,
23,43908774,9,6,
23,43908846,9,1,
23,43908882,9,8,
23,43908899,11,3,
23,43908913,8,2,
23,43909111,71,47,
23,43909124,37,16,
23,43909179,6,1,
23,43909191,11,1,19
23,43909220,249,73,
23,43909360,8,0,
23,43909398,105,52,
23,43909409,586,309,30
23,43909430,467,551,
23,43909432,185,177,
23,43909448,19,0,
23,43909487,3,1,
23,43909519,10,6,
23,43909816,3,0,
23,43909824,14,8,
23,43909898,21,1,
23,43909955,7,8,
23,43909961,9,0,
23,43910133,6,0,
23,43910220,6,0,
23,43910399,15,1,
23,43910423,76,9,
23,43910476,8,0,
23,43910565,92,11,
23,43910651,4,6,
23,43910677,15,1,
23,43910681,400,81,
23,43910685,112,54,
23,43910720,154,58,
23,43910745,243,178,
23,43910760,30,9,
23,43910999,3,0,
23,43911050,32,18,
23,43911152,3,0,
23,43911167,218,124,
23,43911252,238,266,
23,43911258,17,4,
23,43911266,8,0,
23,43911324,16,0,
23,43911399,10,3,
23,43911421,3,0,
23,43911440,4,1,
23,43911486,7,1,
23,43911570,5,0,
23,43911571,30,7,
23,43911648,26,25,
23,43911659,10,6,
23,43912012,13,2,
23,43912172,7,0,
23,43912205,7,0,
23,43912321,5,0,
23,43912713,9,0,
23,43912844,533,346,16
23,43913129,4,1,
23,43913222,37,34,
23,43913357,4,0,
23,43913400,3,0,
23,43913727,39,5,
23,43913751,318,140,17
23,43913905,23,14,
23,43913950,49,53,
23,43914235,204,232,20
23,43914613,5,0,
23,43914652,10,0,
23,43914677,70,39,
23,43914705,506,317,23
23,43914738,19,4,
23,43914784,35,14,
23,43914789,55,15,
23,43914832,461,126,25
23,43914915,22,14,
23,43914951,6,1,
23,43915070,22,1,
23,43915348,10,1,
23,43915418,35,2,
23,43915460,5,1,
23,43915995,53,16,
23,43916098,225,71,7
23,43916411,48,178,
23,43916468,6,0,
23,43916577,352,92,4
23,43916654,17,3,
23,43916814,16,31,
23,43916839,13,7,
23,43916905,15,4,
23,43916956,190,38,14
23,43916992,7,1,
23,43917000,5,1,
23,43917122,91,23,
23,43917376,55,51,23
23,43917448,39,68,
23,43917461,147,64,13
23,43917715,7,0,
23,43917855,135,191,
23,43917864,4,0,
23,43918088,6,3,
23,43918237,11,0,
23,43918270,4,0,
23,43918352,7,0,
23,43918425,57,21,
23,43918430,3,0,
23,43918437,41,63,
23,43918441,7,0,
23,43918478,5,2,
23,43918484,476,138,1
23,43918534,5,0,
23,43918620,146,76,5
23,43918686,11,0,
23,43918727,14,0,
23,43918728,9,0,
23,43918736,6,0,
23,43918803,5,0,
23,43919183,4,1,
23,43919194,5,0,
23,43919211,5,0,
23,43919429,12,0,
23,43919586,5,2,
23,43919712,5,0,
23,43919713,5,2,
23,43919812,76,49,21
23,43919840,17,0,
23,43919862,58,14,
23,43919868,81,20,8
23,43919959,36,8,9
23,43920041,15,1,
23,43920144,11,4,
23,43920188,127,25,2
23,43920223,10,2,
23,43920289,9,2,
23,43920300,8,1,
23,43920321,6,0,
23,43920362,7,0,
23,43920452,4,0,29
23,43920513,5,1,
23,43920544,83,19,3
23,43920555,78,74,9
23,43920630,5,2,
23,43920635,3,0,
23,43920752,5,0,
23,43920792,21,4,9
23,43920864,6,0,
23,43920881,12,10,
23,43920889,21,2,12
23,43921017,9,1,
23,43921129,80,21,1
23,43921265,11,10,29
23,43921271,6,0,
23,43921421,21,17,29
