hour,id,score,comments,best_rank
0,43871730,140,60,
0,43872159,206,52,
0,43872799,78,3,
0,43873531,406,279,
0,43874641,241,246,
0,43875134,79,12,
0,43875136,35,26,
0,43875476,805,339,
0,43875505,114,10,
0,43876084,120,53,
0,43876798,52,22,
0,43877301,618,392,
0,43877356,61,10,
0,43877644,510,314,
0,43877907,112,113,
0,43877923,75,71,
0,43878728,389,355,
0,43878850,446,444,
0,43879288,142,160,
0,43879702,284,123,
0,43879748,101,87,
0,43880248,77,14,
0,43880472,73,35,
0,43880883,106,20,
0,43880962,787,176,
0,43880973,459,413,
0,43881035,518,516,
0,43881211,259,103,
0,43881468,490,165,
0,43882291,147,101,
0,43882437,145,8,
0,43882809,201,143,
0,43882905,202,178,
0,43883040,458,123,
0,43883230,88,62,
0,43883642,160,187,
0,43883747,116,24,
0,43883902,330,213,
0,43884245,67,16,
0,43884418,189,33,
0,43884635,176,243,
0,43885101,583,857,
0,43885478,207,45,
0,43886023,81,64,
0,43886243,337,105,
0,43886271,65,10,
0,43886368,122,105,
0,43886381,95,78,
0,43886552,144,156,
0,43886601,130,27,
0,43886604,152,177,
0,43887068,114,60,
0,43887304,56,20,
0,43887489,40,68,
0,43887637,226,37,
0,43887708,88,27,
0,43887874,115,26,
0,43887998,140,66,
0,43888007,153,25,
0,43888117,816,204,
0,43888157,185,39,
0,43888239,82,15,
0,43888777,90,47,
0,43888803,1414,839,
0,43889610,246,59,
0,43889972,53,6,
0,43890118,30,0,
0,43890412,66,10,
0,43890525,295,316,
0,43890538,226,53,
0,43891128,147,31,
0,43891147,32,16,
0,43891245,297,194,
0,43891398,92,30,
0,43892096,288,60,
0,43892119,249,216,
0,43892331,89,5,
0,43892446,56,4,
0,43892481,109,79,
0,43892773,103,6,
0,43892786,214,82,
0,43892832,29,11,
0,43892840,91,7,
0,43893032,34,8,
0,43893127,18,13,
0,43893225,36,0,
0,43893442,80,27,
0,43893464,65,59,
0,43893581,60,12,
0,43893601,428,112,
0,43893762,401,341,
0,43893808,40,5,
0,43893906,209,81,
0,43894055,37,1,
0,43894175,320,203,
0,43894257,72,47,
0,43894305,682,262,
0,43894363,108,107,
0,43894967,42,24,
0,43895237,107,24,
0,43895456,153,36,
0,43895516,112,181,
0,43895622,109,64,
0,43895637,115,110,
0,43895693,16,0,
0,43895852,126,5,
0,43895890,328,101,
0,43896011,271,138,
0,43896188,263,92,
0,43896199,143,84,
0,43896410,79,50,
0,43896609,38,16,
0,43896765,27,3,
0,43896820,39,4,
0,43896835,47,16,
0,43896944,40,2,
0,43896948,144,126,
0,43897129,161,57,
0,43897320,384,206,
0,43897719,86,10,
0,43897772,599,672,
0,43897816,25,6,
0,43898280,70,22,
0,43898306,53,14,
0,43898380,255,122,
0,43898400,23,2,
0,43898653,50,40,
0,43898717,91,11,
0,43899016,204,172,
0,43899028,512,226,
0,43899236,434,369,
0,43899251,161,21,
0,43899288,141,90,
0,43899317,30,30,
0,43899456,84,35,
0,43900264,45,32,
0,43900463,177,37,
0,43900877,655,567,
0,43901131,55,43,
0,43901190,210,71,
0,43901204,251,203,
0,43901495,230,113,
0,43901619,404,187,
0,43901643,43,22,
0,43901831,13,1,
0,43901985,57,10,
0,43902212,1144,436,
0,43902263,408,298,
0,43902308,181,379,
0,43902350,54,42,
0,43902869,112,151,
0,43903162,40,5,14
0,43903400,185,118,
0,43903534,275,154,
0,43903705,190,236,
0,43903728,139,71,
0,43903741,310,213,
0,43903809,25,2,
0,43903853,221,270,
0,43903945,107,74,
0,43903959,221,153,
0,43904478,144,101,
0,43904511,66,8,
0,43904546,69,11,
0,43904865,91,9,
0,43905153,25,11,
0,43905185,273,83,
0,43905299,244,127,
0,43905942,1098,268,
0,43906018,693,684,
0,43906066,133,45,
0,43906346,128,48,
0,43906442,202,25,
0,43906528,57,14,
0,43906566,39,3,
0,43906841,405,132,
0,43907050,5,0,
0,43907337,26,4,
0,43907376,445,238,
0,43907586,119,63,
0,43907820,600,647,
0,43907941,69,9,
0,43908220,44,14,
0,43908261,218,77,
0,43908368,160,89,
0,43908428,17,1,
0,43908770,51,65,
0,43908846,12,1,
0,43909179,62,59,
0,43909191,26,7,
0,43909220,257,74,
0,43909328,25,1,
0,43909353,22,1,
0,43909360,25,0,
0,43909398,107,53,
0,43909409,612,330,
0,43909418,35,18,
0,43909430,484,611,
0,43909432,188,183,
0,43909519,75,36,
0,43910423,78,9,
0,43910565,96,14,
0,43910681,439,91,
0,43910685,118,66,
0,43910720,163,63,
0,43910745,256,210,
0,43910760,32,11,
0,43911167,227,128,
0,43911252,246,281,
0,43911440,29,15,
0,43912844,715,415,
0,43913727,49,6,
0,43913751,436,206,
0,43913950,55,61,
0,43914235,306,375,
0,43914677,74,42,
0,43914705,611,378,
0,43914738,19,4,
0,43914784,38,15,
0,43914832,525,158,
0,43915470,9,0,
0,43915995,67,20,
0,43916098,494,155,
0,43916411,109,333,
0,43916577,560,151,
0,43916606,9,1,
0,43916956,237,49,
0,43917122,107,29,
0,43917278,54,3,10
0,43917376,69,61,
0,43917448,160,202,
0,43917461,251,100,
0,43918352,15,1,17
0,43918437,214,322,
0,43918484,879,286,
0,43918596,57,45,
0,43918620,350,155,
0,43919812,136,76,
0,43919862,83,20,
0,43919868,220,77,
0,43919959,71,23,
0,43920006,26,5,28
0,43920149,13,0,
0,43920188,269,61,
0,43920475,21,14,
0,43920544,151,44,
0,43920555,160,196,
0,43920792,217,137,
0,43920889,134,71,
0,43921040,23,0,
0,43921624,189,52,
0,43921653,113,26,
0,43921681,31,7,
0,43921813,26,0,
0,43922698,97,69,
0,43922759,130,128,
0,43922975,48,57,
0,43923187,124,114,
0,43923342,10,0,
0,43923372,328,116,
0,43924117,115,103,
0,43924178,3,0,
0,43924226,12,4,
0,43924358,305,69,
0,43924518,9,1,
0,43924560,3,0,
0,43925005,9,1,
0,43925132,4,0,
0,43925231,7,2,
0,43925325,62,26,
0,43925355,120,179,
0,43925396,10,1,
0,43925414,63,28,
0,43925502,10,2,
0,43925633,29,8,
0,43925654,11,0,
0,43925699,8,4,
0,43925732,475,355,
0,43925791,4,1,
0,43925820,3,1,
0,43925892,299,251,
0,43925952,22,10,
0,43925982,285,343,
0,43926012,7,1,
0,43926092,17,1,
0,43926097,3,0,
0,43926165,626,615,
0,43926253,3,0,
0,43926324,30,10,
0,43926350,87,62,
0,43926376,3,1,
0,43926469,8,1,
0,43926477,29,10,
0,43926502,15,0,
0,43926516,8,2,
0,43926754,24,6,
0,43927095,22,1,
0,43927302,5,0,
0,43927307,3,0,
0,43927314,40,4,
0,43927321,54,28,
0,43927337,226,131,
0,43927550,9,1,
0,43927649,26,12,
0,43927813,453,388,
0,43927842,31,23,
0,43927856,586,990,
0,43927914,186,103,
0,43927926,861,336,
0,43927942,50,16,
0,43927948,100,172,
0,43927964,12,0,
0,43928118,249,78,
0,43928267,68,18,
0,43928315,495,102,
0,43928570,46,21,
0,43928861,29,12,
0,43929021,43,3,
0,43929040,48,22,
0,43929054,113,99,
0,43929087,23,10,
0,43929447,70,14,
0,43929699,6,3,
0,43929724,1108,284,
0,43929943,3,0,
0,43930156,37,8,
0,43930187,3,0,
0,43930389,3,0,
0,43930397,141,68,
0,43930584,124,59,
0,43930628,27,19,
0,43930725,3,0,
0,43930757,82,104,
0,43930762,6,0,
0,43930901,29,6,
0,43930956,12,0,
0,43931170,3,1,
0,43931226,5,0,
0,43931237,3,0,
0,43931285,116,111,
0,43931298,12,0,
0,43931335,11,1,
0,43931358,24,1,
0,43931361,11,1,
0,43931409,225,262,
0,43931566,11,8,
0,43931569,23,4,
0,43931576,6,1,
0,43931673,84,54,
0,43931701,20,0,
0,43931845,153,66,
0,43931906,14,2,
0,43931944,111,17,
0,43932009,3,0,
0,43932010,11,3,
0,43932024,26,3,
0,43932413,7,12,
0,43932448,7,0,
0,43932449,13,38,
0,43932459,7,0,
0,43932540,6,2,
0,43932567,33,16,
0,43932602,16,9,
0,43932871,4,0,
0,43933023,7,0,
0,43933091,4,0,
0,43933248,183,85,
0,43933281,12,0,
0,43933412,146,105,
0,43933452,279,96,
0,43933511,108,10,
0,43933532,10,0,
0,43933548,11,0,
0,43933580,18,1,
0,43933605,27,0,
0,43933628,173,58,
0,43933683,90,28,
0,43933891,539,136,
0,43933962,35,6,
0,43934172,5,0,
0,43934188,16,1,
0,43934279,47,34,
0,43934313,121,103,
0,43934343,19,3,
0,43934540,282,152,
0,43934562,6,2,
0,43934711,300,129,
0,43934820,6,0,
0,43934851,5,38,
0,43934954,41,12,
0,43934961,12,1,
0,43935067,170,219,11
0,43935225,5,3,
0,43935305,19,1,
0,43935339,11,2,
0,43935356,77,12,
0,43935394,243,61,17
0,43935434,112,43,
0,43935452,59,7,
0,43935486,16,6,
0,43935586,187,253,
0,43935625,196,146,30
0,43935707,149,56,21
0,43935737,4,0,
0,43935833,6,3,
0,43935913,450,587,24
0,43935934,12,13,
0,43936004,7,0,
0,43936071,9,2,
0,43936086,8,0,
0,43936097,183,100,13
0,43936098,5,1,
0,43936198,92,70,
0,43936242,6,3,
0,43936294,12,0,
0,43936408,264,35,5
0,43936461,11,0,
0,43936468,52,25,
0,43936525,16,3,
0,43936592,242,117,7
0,43936754,84,39,
0,43936775,19,4,
0,43936813,73,55,
0,43936844,50,75,
0,43936884,194,60,12
0,43936952,8,5,
0,43936999,5,0,
0,43937106,7,0,
0,43937151,8,1,
0,43937214,474,251,2
0,43937218,10,1,
0,43937242,174,141,22
0,43937279,9,3,
0,43937306,10,2,
0,43937402,5,1,
0,43937553,5,1,
0,43937688,18,5,
0,43937750,83,44,
0,43937789,12,0,
0,43937843,3,3,
0,43937852,40,19,20
0,43937959,10,0,
0,43937966,12,0,
0,43937971,5,0,
0,43938137,11,0,
0,43938179,19,4,
0,43938268,9,0,
0,43938309,65,20,23
0,43938381,5,1,
0,43938400,105,69,10
0,43938481,44,3,
0,43938530,82,28,18
0,43938559,11,0,
0,43938607,110,50,6
0,43938611,26,4,
0,43938706,5,1,
0,43939012,24,7,
0,43939015,16,3,
0,43939053,6,1,
0,43939231,8,2,
0,43939232,4,1,
0,43939251,4,0,
0,43939419,91,63,
0,43939425,3,0,
0,43939457,8,0,
0,43939520,67,30,15
0,43939617,70,12,9
0,43939637,32,5,
0,43939639,7,0,
0,43939781,55,5,25
0,43939802,3,0,
0,43939834,8,0,
0,43939845,9,0,
0,43940033,98,42,27
0,43940175,5,0,
0,43940314,7,0,
0,43940385,6,0,
0,43940443,9,3,
0,43940500,60,9,16
0,43940539,98,61,4
0,43940626,5,0,
0,43940641,14,1,
0,43940711,5,0,
0,43940747,44,11,5
0,43940763,12,1,
0,43940766,3,1,
0,43940851,4,0,
0,43940865,142,185,
0,43941162,20,0,
0,43941239,7,0,
0,43941247,5,1,
0,43941382,6,2,
0,43941430,5,0,
0,43941490,3,0,
0,43941507,11,2,
0,43941524,9,0,
0,43941596,56,55,1
0,43941598,41,15,1
0,43941608,11,2,8
0,43941707,32,6,
0,43941712,9,0,
0,43941719,6,0,
0,43941749,12,2,
0,43941851,11,1,
0,43941862,8,0,23
0,43941899,7,0,
0,43941947,4,0,
0,43942149,23,7,3
0,43942279,6,0,
1,43871730,140,60,
1,43872159,206,52,
1,43872799,78,3,
1,43873531,406,279,
1,43874641,241,246,
1,43875134,79,12,
1,43875136,35,26,
1,43875476,805,339,
1,43875505,114,10,
1,43876084,120,53,
1,43876243,198,67,
1,43876798,52,22,
1,43877301,618,392,
1,43877356,61,10,
1,43877644,510,314,
1,43877907,112,113,
1,43877923,75,71,
1,43878728,389,355,
1,43878850,446,444,
1,43879288,142,160,
1,43879702,284,123,
1,43879748,101,87,
1,43880248,77,14,
1,43880472,73,35,
1,43880883,106,20,
1,43880962,787,176,
1,43880973,459,413,
1,43881035,518,516,
1,43881211,259,103,
1,43881468,490,165,
1,43882150,392,310,
1,43882291,147,101,
1,43882437,145,8,
1,43882809,201,143,
1,43882905,202,178,
1,43883040,458,123,
1,43883230,88,62,
1,43883642,160,187,
1,43883747,116,24,
1,43883902,330,213,
1,43884245,68,16,
1,43884418,190,33,
1,43884635,176,243,
1,43885101,583,857,
1,43885478,207,45,
1,43886023,81,64,
1,43886243,337,105,
1,43886271,65,10,
1,43886368,122,105,
1,43886381,95,78,
1,43886552,144,156,
1,43886601,130,27,
1,43886604,152,178,
1,43887068,114,60,
1,43887304,56,20,
1,43887489,40,68,
1,43887637,226,37,
1,43887708,88,27,
1,43887874,115,26,
1,43887998,140,66,
1,43888007,153,25,
1,43888117,817,204,
1,43888157,185,39,
1,43888239,82,15,
1,43888777,90,47,
1,43888803,1415,839,
1,43889610,246,59,
1,43889972,53,6,
1,43890118,30,0,
1,43890412,66,10,
1,43890525,295,316,
1,43890538,226,53,
1,43891128,147,31,
1,43891147,32,16,
1,43891245,297,194,
1,43891398,92,30,
1,43892096,288,60,
1,43892119,249,216,
1,43892331,89,5,
1,43892446,56,4,
1,43892481,109,79,
1,43892773,103,6,
1,43892786,214,82,
1,43892832,29,11,
1,43892840,91,7,
1,43893032,34,8,
1,43893127,18,13,
1,43893225,36,0,
1,43893442,80,27,
1,43893464,66,59,
1,43893581,61,12,
1,43893601,428,112,
1,43893762,401,341,
1,43893808,40,5,
1,43893906,209,81,
1,43894055,38,1,
1,43894175,320,203,
1,43894257,72,47,
1,43894305,682,262,
1,43894363,108,107,
1,43894967,43,24,
1,43895237,107,24,
1,43895456,153,36,
1,43895516,112,181,
1,43895622,109,64,
1,43895637,115,110,
1,43895693,16,0,
1,43895852,126,5,
1,43895890,328,101,
1,43896011,272,138,
1,43896188,263,92,
1,43896199,143,84,
1,43896410,79,50,
1,43896609,38,16,
1,43896765,27,3,
1,43896820,39,4,
1,43896835,48,16,
1,43896944,40,2,
1,43896948,144,126,
1,43897129,161,57,
1,43897320,384,206,
1,43897719,86,10,
1,43897772,599,672,
1,43897816,25,6,
1,43898280,70,22,
1,43898306,53,14,
1,43898380,255,122,
1,43898400,23,2,
1,43898653,50,40,
1,43898717,91,11,
1,43899016,204,172,
1,43899028,512,226,
1,43899236,434,369,
1,43899251,161,21,
1,43899288,141,90,
1,43899317,30,30,
1,43899456,84,36,
1,43900264,45,32,
1,43900463,177,37,
1,43900877,655,568,
1,43901131,55,43,
1,43901190,210,71,
1,43901204,251,203,
1,43901495,230,113,
1,43901619,404,187,
1,43901643,43,22,
1,43901831,13,1,
1,43901985,57,10,
1,43902212,1144,436,
1,43902263,408,298,
1,43902308,181,379,
1,43902350,54,42,
1,43902869,112,151,
1,43903162,46,7,13
1,43903400,185,118,
1,43903534,276,154,
1,43903705,190,236,
1,43903728,139,71,
1,43903741,310,213,
1,43903809,25,2,
1,43903853,221,270,
1,43903945,107,74,
1,43903959,222,153,
1,43904478,144,101,
1,43904511,66,8,
1,43904546,69,11,
1,43904865,91,9,
1,43905153,26,11,
1,43905185,273,83,
1,43905299,244,127,
1,43905942,1098,268,
1,43906018,693,685,
1,43906066,133,45,
1,43906346,128,48,
1,43906442,202,25,
1,43906528,57,14,
1,43906566,39,3,
1,43906841,405,132,
1,43907050,5,0,
1,43907337,26,4,
1,43907376,445,238,
1,43907586,119,63,
1,43907820,600,647,
1,43907941,69,9,
1,43908220,45,14,
1,43908261,218,77,
1,43908368,161,89,
1,43908428,17,1,
1,43908770,51,66,
1,43908846,12,1,
1,43909179,63,60,
1,43909191,26,8,
1,43909220,257,74,
1,43909328,25,1,
1,43909353,22,1,
1,43909360,25,0,
1,43909398,108,53,
1,43909409,612,330,
1,43909418,38,18,
1,43909430,484,611,
1,43909432,188,183,
1,43909519,75,36,
1,43910423,78,9,
1,43910565,96,14,
1,43910681,439,91,
1,43910685,118,66,
1,43910720,163,63,
1,43910745,256,210,
1,43910760,32,11,
1,43911167,227,128,
1,43911252,246,282,
1,43911440,30,16,
1,43912844,716,415,
1,43913727,49,6,
1,43913751,436,206,
1,43913950,55,61,
1,43914235,306,375,
1,43914677,74,42,
1,43914705,611,378,
1,43914738,19,4,
1,43914784,38,15,
1,43914832,526,159,
1,43915470,9,0,
1,43915995,67,20,
1,43916098,494,155,
1,43916411,110,333,
1,43916577,560,151,
1,43916606,10,1,
1,43916956,237,49,
1,43917122,107,29,
1,43917278,57,4,17
1,43917376,69,61,
1,43917448,161,202,
1,43917461,251,100,
1,43918352,21,12,15
1,43918437,214,322,
1,43918484,879,286,
1,43918596,57,45,
1,43918620,350,155,
1,43919812,136,76,
1,43919862,83,20,
1,43919868,220,77,
1,43919959,71,23,
1,43920006,27,5,
1,43920149,13,0,
1,43920188,269,61,
1,43920475,21,14,
1,43920544,152,44,
1,43920555,160,197,
1,43920792,217,137,
1,43920889,134,71,
1,43921040,23,0,
1,43921624,190,52,
1,43921653,113,26,
1,43921681,31,7,
1,43921813,26,0,
1,43922698,97,69,
1,43922759,130,128,
1,43922975,48,57,
1,43923187,124,114,
1,43923342,10,0,
1,43923372,328,116,
1,43924117,115,103,
1,43924178,3,0,
1,43924226,12,4,
1,43924358,305,69,
1,43924518,9,1,
1,43924560,3,0,
1,43925005,9,1,
1,43925132,4,0,
1,43925231,7,2,
1,43925325,62,27,
1,43925355,120,179,
1,43925396,10,1,
1,43925414,63,28,
1,43925502,10,2,
1,43925633,29,8,
1,43925654,11,0,
1,43925699,8,4,
1,43925732,476,355,
1,43925791,4,1,
1,43925820,3,1,
1,43925892,299,251,
1,43925952,22,10,
1,43925982,285,343,
1,43926012,7,1,
1,43926092,17,1,
1,43926097,3,0,
1,43926165,627,616,
1,43926253,3,0,
1,43926324,30,10,
1,43926350,87,62,
1,43926376,3,1,
1,43926469,8,1,
1,43926477,29,10,
1,43926502,15,0,
1,43926516,8,2,
1,43926754,24,6,
1,43927095,22,1,
1,43927302,5,0,
1,43927307,3,0,
1,43927314,40,4,
1,43927321,54,29,
1,43927337,226,131,
1,43927550,9,1,
1,43927649,26,12,
1,43927813,453,388,
1,43927842,32,23,
1,43927856,587,995,
1,43927914,186,103,
1,43927926,862,336,
1,43927942,50,16,
1,43927948,100,172,
1,43927964,12,0,
1,43928118,249,78,
1,43928267,68,18,
1,43928315,497,102,
1,43928570,46,21,
1,43928861,29,12,
1,43929021,43,3,
1,43929040,48,22,
1,43929054,113,99,
1,43929087,23,10,
1,43929447,70,14,
1,43929699,6,3,
1,43929724,1108,285,
1,43929943,3,0,
1,43930156,37,8,
1,43930187,3,0,
1,43930389,7,3,11
1,43930397,141,68,
1,43930584,124,59,
1,43930628,27,19,
1,43930725,3,0,
1,43930757,82,104,
1,43930762,6,0,
1,43930901,29,6,
1,43930956,12,0,
1,43931170,3,1,
1,43931226,5,0,
1,43931237,3,0,
1,43931285,117,112,
1,43931298,12,0,
1,43931335,11,1,
1,43931358,24,1,
1,43931361,11,1,
1,43931409,226,264,
1,43931566,12,9,19
1,43931569,23,4,
1,43931576,6,1,
1,43931673,84,55,
1,43931701,21,0,
1,43931845,153,66,
1,43931944,112,17,
1,43932009,3,0,
1,43932010,11,3,
1,43932024,26,3,
1,43932448,7,0,
1,43932459,7,0,
1,43932540,6,2,
1,43932567,33,16,
1,43932602,16,9,
1,43932871,4,0,
1,43933023,7,0,
1,43933091,4,0,
1,43933248,183,87,
1,43933281,12,0,
1,43933412,146,105,
1,43933452,279,98,
1,43933511,108,10,
1,43933532,10,0,
1,43933548,11,0,
1,43933605,27,0,
1,43933628,174,59,
1,43933683,90,28,
1,43933891,542,136,
1,43933962,35,6,
1,43934172,5,0,
1,43934188,16,1,
1,43934279,47,34,
1,43934313,122,105,
1,43934343,20,4,
1,43934540,282,153,
1,43934562,6,2,
1,43934711,302,130,
1,43934820,6,0,
1,43934954,42,12,
1,43934961,12,1,
1,43935067,192,233,12
1,43935225,5,3,
1,43935305,19,1,
1,43935339,11,2,
1,43935356,77,12,
1,43935394,245,65,22
1,43935434,113,43,
1,43935452,59,7,
1,43935486,16,6,
1,43935586,187,256,
1,43935625,197,146,
1,43935707,156,59,26
1,43935737,4,0,
1,43935833,6,3,
1,43935913,469,608,25
1,43935934,12,15,
1,43936004,7,0,
1,43936071,9,2,
1,43936086,8,0,
1,43936097,187,101,20
1,43936098,5,1,
1,43936198,94,72,
1,43936242,6,3,
1,43936294,12,0,
1,43936408,272,35,8
1,43936461,12,0,
1,43936468,52,25,
1,43936525,16,3,
1,43936592,246,125,10
1,43936754,84,39,
1,43936775,19,4,
1,43936813,74,55,
1,43936844,53,75,
1,43936884,199,62,16
1,43936952,8,5,
1,43936999,5,0,
1,43937106,7,0,
1,43937151,9,1,
1,43937214,487,256,3
1,43937218,10,1,
1,43937242,179,149,29
1,43937279,9,3,
1,43937306,10,2,
1,43937402,5,1,
1,43937553,5,1,
1,43937688,20,5,
1,43937750,85,44,
1,43937789,12,0,
1,43937843,3,3,
1,43937852,41,19,14
1,43937959,10,0,
1,43938137,11,0,
1,43938179,19,4,
1,43938268,9,0,
1,43938309,73,20,27
1,43938381,5,1,
1,43938400,108,71,11
1,43938481,46,3,
1,43938530,83,28,25
1,43938607,117,51,9
1,43938611,27,5,
1,43938706,5,1,
1,43939006,177,68,
1,43939012,24,7,
1,43939015,16,3,
1,43939053,7,1,
1,43939231,8,2,
1,43939232,4,1,
1,43939251,4,0,
1,43939419,91,64,
1,43939425,3,0,
1,43939520,71,33,22
1,43939617,73,13,12
1,43939637,32,5,
1,43939639,7,0,
1,43939781,57,5,30
1,43939802,3,0,
1,43939834,8,0,
1,43939845,9,0,
1,43940033,100,47,
1,43940175,5,0,
1,43940314,7,0,
1,43940385,7,0,
1,43940443,9,4,
1,43940500,63,9,
1,43940539,109,86,5
1,43940626,5,0,
1,43940641,15,1,
1,43940650,3,0,
1,43940711,6,0,
1,43940747,75,35,4
1,43940763,12,1,
1,43940851,4,0,
1,43940865,151,198,
1,43941162,24,0,
1,43941247,6,1,
1,43941378,3,0,
1,43941382,6,2,
1,43941430,5,0,
1,43941490,3,0,
1,43941507,11,2,
1,43941564,6,1,29
1,43941596,59,56,
1,43941598,58,20,1
1,43941608,18,4,6
1,43941673,4,1,
1,43941707,37,11,
1,43941712,9,0,
1,43941719,7,0,
1,43941749,13,2,
1,43941851,15,1,
1,43941862,12,4,16
1,43941899,7,0,
1,43941947,4,0,
1,43942001,11,1,
1,43942149,59,14,2
1,43942279,21,1,3
1,43942318,16,1,1
2,43871730,140,60,
2,43872159,206,52,
2,43872799,78,3,
2,43873531,406,279,
2,43874641,241,246,
2,43875134,79,12,
2,43875136,35,26,
2,43875476,805,339,
2,43875505,114,10,
2,43876084,120,53,
2,43876243,198,67,
2,43876798,52,22,
2,43877301,618,392,
2,43877356,61,10,
2,43877644,510,314,
2,43877907,112,113,
2,43877923,75,71,
2,43878728,389,355,
2,43878850,446,444,
2,43879288,142,160,
2,43879702,284,123,
2,43879748,101,87,
2,43880248,77,14,
2,43880472,73,35,
2,43880883,106,20,
2,43880962,787,176,
2,43880973,459,413,
2,43881035,518,516,
2,43881211,259,103,
2,43881468,490,165,
2,43882118,62,19,
2,43882150,392,310,
2,43882291,147,101,
2,43882437,145,8,
2,43882809,201,143,
2,43882905,202,178,
2,43883040,458,123,
2,43883230,88,62,
2,43883642,160,187,
2,43883747,116,24,
2,43883902,330,213,
2,43884245,68,16,
2,43884418,190,33,
2,43884635,176,243,
2,43885039,51,23,
2,43885101,583,857,
2,43885478,207,45,
2,43886023,81,64,
2,43886243,337,105,
2,43886271,65,10,
2,43886368,122,105,
2,43886381,95,78,
2,43886552,144,156,
2,43886601,130,27,
2,43886604,153,178,
2,43887068,114,60,
2,43887304,56,20,
2,43887489,40,68,
2,43887494,44,47,
2,43887637,226,37,
2,43887708,88,27,
2,43887874,115,26,
2,43887998,140,66,
2,43888007,153,25,
2,43888117,817,204,
2,43888157,185,39,
2,43888239,82,15,
2,43888777,90,47,
2,43888803,1415,839,
2,43889277,16,2,
2,43889610,247,59,
2,43889875,142,26,
2,43889972,53,6,
2,43890118,30,0,
2,43890412,66,10,
2,43890525,295,316,
2,43890538,226,53,
2,43891128,147,31,
2,43891147,32,16,
2,43891245,297,194,
2,43891398,92,30,
2,43892096,288,60,
2,43892119,249,216,
2,43892331,89,5,
2,43892446,56,4,
2,43892481,109,79,
2,43892773,103,6,
2,43892786,214,82,
2,43892832,29,11,
2,43892840,91,7,
2,43893032,34,8,
2,43893127,18,13,
2,43893225,36,0,
2,43893442,80,27,
2,43893464,66,59,
2,43893581,61,12,
2,43893601,428,112,
2,43893762,401,341,
2,43893808,40,5,
2,43893906,209,81,
2,43894055,38,1,
2,43894175,320,203,
2,43894257,72,47,
2,43894305,682,262,
2,43894363,108,107,
2,43894967,43,24,
2,43895237,107,24,
2,43895456,153,36,
2,43895516,112,181,
2,43895622,109,64,
2,43895637,115,110,
2,43895693,16,0,
2,43895852,126,5,
2,43895890,328,101,
2,43896011,272,138,
2,43896188,263,92,
2,43896199,143,84,
2,43896228,127,109,
2,43896410,79,50,
2,43896609,38,16,
2,43896765,27,3,
2,43896820,39,4,
2,43896835,48,16,
2,43896944,40,2,
2,43896948,144,126,
2,43897129,161,57,
2,43897320,384,206,
2,43897333,33,9,
2,43897719,86,10,
2,43897772,599,672,
2,43897816,25,6,
2,43898280,71,22,
2,43898306,53,14,
2,43898380,255,122,
2,43898400,23,2,
2,43898653,50,40,
2,43898717,91,11,
2,43899016,204,172,
2,43899028,512,226,
2,43899236,435,369,
2,43899251,161,21,
2,43899288,141,90,
2,43899317,30,30,
2,43899456,84,36,
2,43900264,45,32,
2,43900463,177,37,
2,43900877,655,568,
2,43901131,55,43,
2,43901190,210,71,
2,43901204,251,203,
2,43901495,230,113,
2,43901619,404,187,
2,43901643,43,22,
2,43901831,13,1,
2,43901985,57,10,
2,43902212,1146,436,
2,43902263,408,298,
2,43902308,181,379,
2,43902350,54,42,
2,43902869,112,151,
2,43903162,50,7,16
2,43903400,185,118,
2,43903534,276,154,
2,43903705,190,237,
2,43903728,139,71,
2,43903741,310,213,
2,43903809,25,2,
2,43903853,221,270,
2,43903945,107,74,
2,43903959,222,153,
2,43904478,144,101,
2,43904511,66,8,
2,43904546,69,11,
2,43904865,91,9,
2,43905153,26,11,
2,43905185,273,83,
2,43905299,244,127,
2,43905942,1098,268,
2,43906018,693,685,
2,43906066,133,45,
2,43906346,128,48,
2,43906442,202,25,
2,43906528,57,14,
2,43906566,39,3,
2,43906841,405,132,
2,43907050,5,0,
2,43907337,28,4,
2,43907376,446,238,
2,43907586,119,63,
2,43907820,600,647,
2,43907941,69,9,
2,43908220,46,15,
2,43908261,218,78,
2,43908368,161,89,
2,43908428,17,1,
2,43908770,51,66,
2,43908846,12,1,
2,43909111,75,49,
2,43909179,64,60,
2,43909191,26,8,
2,43909220,257,74,
2,43909328,27,1,
2,43909353,22,1,
2,43909360,25,0,
2,43909398,108,53,
2,43909409,612,330,
2,43909418,39,18,
2,43909430,484,611,
2,43909432,188,183,
2,43909519,76,36,
2,43910423,78,9,
2,43910565,96,14,
2,43910681,439,91,
2,43910685,118,66,
2,43910720,163,63,
2,43910745,256,210,
2,43910760,32,11,
2,43911167,227,128,
2,43911252,246,282,
2,43911440,30,16,
2,43912844,716,415,
2,43913727,49,6,
2,43913751,436,206,
2,43913950,55,61,
2,43914235,308,375,
2,43914677,74,42,
2,43914705,611,378,
2,43914738,19,4,
2,43914784,38,15,
2,43914832,526,159,
2,43914852,7,0,8
2,43915470,9,0,
2,43915995,67,20,
2,43916098,494,155,
2,43916411,110,333,
2,43916577,561,151,
2,43916606,10,1,
2,43916956,237,49,
2,43917122,108,29,
2,43917278,63,4,22
2,43917376,69,61,
2,43917448,161,202,
2,43917461,251,100,
2,43918352,33,20,13
2,43918437,214,322,
2,43918484,879,286,
2,43918596,57,45,
2,43918620,350,155,
2,43919812,136,76,
2,43919819,4,0,
2,43919840,25,0,
2,43919862,83,20,
2,43919868,220,77,
2,43919959,71,23,
2,43920006,28,5,
2,43920149,13,0,
2,43920188,269,61,
2,43920475,21,14,
2,43920544,152,44,
2,43920555,161,197,
2,43920792,217,138,
2,43920889,134,71,
2,43921040,23,0,
2,43921624,190,52,
2,43921653,113,26,
2,43921681,31,7,
2,43921813,26,0,
2,43922698,97,69,
2,43922759,130,130,
2,43922975,48,57,
2,43923187,124,114,
2,43923342,10,0,
2,43923372,328,116,
2,43923970,29,7,
2,43924117,115,103,
2,43924178,3,0,
2,43924226,12,4,
2,43924358,305,69,
2,43924518,9,1,
2,43924560,3,0,
2,43925005,9,1,
2,43925132,4,0,
2,43925231,7,2,
2,43925325,62,27,
2,43925355,120,180,
2,43925396,10,1,
2,43925414,63,28,
2,43925502,10,2,
2,43925633,29,8,
2,43925654,11,0,
2,43925699,8,4,
2,43925732,477,355,
2,43925791,4,1,
2,43925820,3,1,
2,43925892,299,251,
2,43925952,22,10,
2,43925982,285,343,
2,43926012,7,1,
2,43926092,18,1,
2,43926097,3,0,
2,43926165,628,616,
2,43926253,3,0,
2,43926324,30,10,
2,43926350,87,62,
2,43926376,3,1,
2,43926469,8,1,
2,43926477,29,10,
2,43926502,15,0,
2,43926516,8,2,
2,43926754,24,6,
2,43927095,22,1,
2,43927302,5,0,
2,43927307,4,0,
2,43927314,40,4,
2,43927321,54,29,
2,43927337,226,131,
2,43927550,9,1,
2,43927649,26,12,
2,43927813,453,388,
2,43927842,32,23,
2,43927856,587,997,
2,43927914,186,103,
2,43927926,864,336,
2,43927942,50,16,
2,43927948,100,172,
2,43927964,12,0,
2,43928118,250,78,
2,43928267,68,18,
2,43928315,500,104,
2,43928570,46,21,
2,43928861,29,12,
2,43929021,43,3,
2,43929040,48,22,
2,43929054,113,100,
2,43929087,23,10,
2,43929447,70,14,
2,43929699,6,3,
2,43929724,1110,285,
2,43929943,3,0,
2,43930156,37,8,
2,43930187,3,0,
2,43930389,12,9,9
2,43930397,141,68,
2,43930584,124,60,
2,43930628,27,19,
2,43930725,3,0,
2,43930757,82,104,
2,43930762,6,0,
2,43930901,29,6,
2,43930956,12,0,
2,43931170,3,1,
2,43931226,5,0,
2,43931237,3,0,
2,43931285,117,112,
2,43931298,12,0,
2,43931335,11,1,
2,43931358,24,1,
2,43931361,11,1,
2,43931409,227,264,
2,43931566,13,10,
2,43931569,23,4,
2,43931576,6,1,
2,43931653,12,0,
2,43931673,84,55,
2,43931701,21,0,
2,43931845,153,66,
2,43931906,14,2,
2,43931944,112,17,
2,43932009,3,0,
2,43932010,11,3,
2,43932024,26,3,
2,43932413,8,12,
2,43932448,7,0,
2,43932449,13,38,
2,43932459,7,0,
2,43932540,6,2,
2,43932567,33,16,
2,43932602,16,9,
2,43932871,4,0,
2,43933023,7,0,
2,43933091,4,0,
2,43933248,185,88,
2,43933281,12,0,
2,43933412,146,105,
2,43933452,281,98,
2,43933511,108,10,
2,43933532,10,0,
2,43933548,11,0,
2,43933580,18,1,
2,43933605,27,0,
2,43933628,174,59,
2,43933652,3,0,
2,43933683,91,28,
2,43933891,544,136,
2,43933962,35,6,
2,43934172,5,0,
2,43934188,16,1,
2,43934279,47,34,
2,43934313,123,105,
2,43934343,20,4,
2,43934540,282,153,
2,43934562,6,2,
2,43934711,303,132,
2,43934820,6,0,
2,43934954,48,12,
2,43934961,12,1,
2,43935067,201,248,14
2,43935225,5,3,
2,43935305,19,1,
2,43935339,11,2,
2,43935356,79,12,
2,43935394,251,68,23
2,43935434,114,43,
2,43935452,59,7,
2,43935486,16,6,
2,43935586,188,258,
2,43935625,199,146,
2,43935707,163,62,27
2,43935737,4,0,
2,43935833,6,3,
2,43935913,482,623,26
2,43935934,12,15,
2,43936004,8,0,
2,43936071,9,2,
2,43936086,8,0,
2,43936097,189,105,19
2,43936098,5,1,
2,43936198,94,72,
2,43936242,6,3,
2,43936294,12,0,
2,43936408,279,35,8
2,43936461,12,0,
2,43936468,52,25,
2,43936525,17,3,
2,43936592,250,132,12
2,43936754,86,39,
2,43936775,19,4,
2,43936813,74,56,
2,43936844,54,76,
2,43936884,208,65,18
2,43936952,8,5,
2,43936999,5,0,
2,43937106,8,0,
2,43937151,9,1,
2,43937214,495,258,5
2,43937218,10,1,
2,43937242,182,159,
2,43937279,9,3,
2,43937306,10,2,
2,43937402,5,1,
2,43937553,5,1,
2,43937688,20,5,
2,43937750,85,44,
2,43937789,12,0,
2,43937843,3,3,
2,43937852,42,19,20
2,43937959,10,0,
2,43938137,11,0,
2,43938179,19,4,
2,43938268,9,0,
2,43938309,73,22,29
2,43938381,5,1,
2,43938400,112,71,17
2,43938481,46,3,
2,43938530,84,29,29
2,43938607,120,51,11
2,43938611,27,5,
2,43938706,5,1,
2,43939006,182,69,
2,43939012,24,7,
2,43939053,7,1,
2,43939231,8,2,
2,43939232,4,1,
2,43939251,4,0,
2,43939419,92,64,
2,43939425,3,0,
2,43939520,73,38,24
2,43939617,76,14,19
2,43939637,32,5,
2,43939639,7,0,
2,43939781,58,5,
2,43939802,3,0,
2,43939834,8,0,
2,43939845,9,0,
2,43940033,104,48,
2,43940175,5,0,
2,43940314,7,0,
2,43940385,7,0,
2,43940443,9,4,
2,43940500,64,9,
2,43940539,115,98,7
2,43940626,6,0,
2,43940641,15,1,
2,43940650,4,0,
2,43940711,6,1,
2,43940747,112,46,3
2,43940763,12,1,
2,43940851,4,0,
2,43940865,155,210,
2,43941162,27,0,
2,43941247,7,1,
2,43941378,3,0,
2,43941382,8,2,
2,43941430,5,0,
2,43941490,3,0,
2,43941507,11,2,
2,43941564,12,4,22
2,43941596,63,59,
2,43941598,67,22,5
2,43941608,18,4,
2,43941673,5,1,
2,43941707,40,13,
2,43941719,8,0,
2,43941851,16,1,
2,43941862,25,6,14
2,43941899,9,0,
2,43941947,7,0,
2,43942004,3,1,
2,43942149,71,19,3
2,43942194,5,0,
2,43942279,48,3,1
2,43942318,26,4,1
2,43942362,4,0,
2,43942423,3,0,
2,43942483,8,2,
2,43942664,8,0,
2,43942759,4,0,
3,43879702,284,123,
3,43879748,101,87,
3,43880248,77,14,
3,43880472,73,35,
3,43880883,106,20,
3,43880962,787,176,
3,43880973,459,413,
3,43881035,519,517,
3,43881211,259,103,
3,43881468,490,165,
3,43882118,62,19,
3,43882150,392,310,
3,43882291,147,101,
3,43882437,145,8,
3,43882809,201,143,
3,43882905,202,178,
3,43883040,458,123,
3,43883230,88,62,
3,43883642,160,187,
3,43883747,116,24,
3,43883902,330,213,
3,43884245,68,16,
3,43884418,190,33,
3,43884635,176,243,
3,43885039,51,23,
3,43885101,583,857,
3,43885478,207,45,
3,43886023,81,64,
3,43886243,337,105,
3,43886271,65,10,
3,43886368,122,105,
3,43886381,95,78,
3,43886552,144,156,
3,43886601,130,27,
3,43886604,153,178,
3,43887068,114,60,
3,43887304,56,20,
3,43887489,40,68,
3,43887494,44,47,
3,43887637,226,37,
3,43887708,88,27,
3,43887874,115,26,
3,43887998,140,66,
3,43888007,154,25,
3,43888117,817,205,
3,43888157,185,39,
3,43888239,82,15,
3,43888268,50,6,
3,43888777,90,47,
3,43888803,1415,839,
3,43889277,16,2,
3,43889610,247,59,
3,43889875,142,26,
3,43889972,53,6,
3,43890118,30,0,
3,43890412,66,10,
3,43890525,295,316,
3,43890538,226,53,
3,43891128,147,31,
3,43891147,32,16,
3,43891245,297,194,
3,43891398,92,30,
3,43892096,288,60,
3,43892119,249,216,
3,43892331,89,5,
3,43892446,56,4,
3,43892481,109,79,
3,43892773,103,6,
3,43892786,214,82,
3,43892832,29,11,
3,43892840,91,8,
3,43892856,80,11,
3,43893032,34,8,
3,43893127,18,13,
3,43893225,36,0,
3,43893442,80,27,
3,43893464,66,59,
3,43893581,61,12,
3,43893601,428,112,
3,43893762,401,341,
3,43893808,40,5,
3,43893906,209,81,
3,43894055,38,1,
3,43894175,320,203,
3,43894257,72,47,
3,43894305,683,262,
3,43894363,108,107,
3,43894967,43,24,
3,43895237,107,24,
3,43895456,153,36,
3,43895516,112,181,
3,43895622,109,64,
3,43895637,115,110,
3,43895693,16,0,
3,43895852,126,5,
3,43895890,328,101,
3,43896011,272,138,
3,43896188,263,92,
3,43896199,143,84,
3,43896228,127,109,
3,43896410,79,50,
3,43896609,38,16,
3,43896765,27,3,
3,43896820,39,4,
3,43896835,48,18,
3,43896944,40,2,
3,43896948,144,126,
3,43897129,161,57,
3,43897320,384,206,
3,43897333,33,9,
3,43897719,86,10,
3,43897772,599,672,
3,43897816,25,6,
3,43898280,72,22,
3,43898306,53,14,
3,43898380,255,122,
3,43898400,23,2,
3,43898653,50,40,
3,43898717,91,11,
3,43899016,204,172,
3,43899028,512,226,
3,43899236,435,369,
3,43899251,161,21,
3,43899288,141,90,
3,43899317,30,30,
3,43899456,84,36,
3,43900264,45,32,
3,43900463,177,37,
3,43900877,655,568,
3,43901131,55,43,
3,43901190,211,71,
3,43901204,251,203,
3,43901495,230,113,
3,43901619,404,187,
3,43901643,43,22,
3,43901831,13,1,
3,43901985,57,10,
3,43902212,1147,436,
3,43902263,408,298,
3,43902308,181,379,
3,43902350,54,42,
3,43902869,112,151,
3,43903162,55,7,17
3,43903400,185,118,
3,43903534,276,154,
3,43903705,190,237,
3,43903728,139,71,
3,43903741,310,213,
3,43903809,25,2,
3,43903853,221,270,
3,43903945,107,74,
3,43903959,222,153,
3,43904478,144,101,
3,43904511,66,8,
3,43904546,69,11,
3,43904865,91,9,
3,43905153,26,11,
3,43905185,273,83,
3,43905299,244,127,
3,43905771,16,9,
3,43905942,1098,268,
3,43906018,693,685,
3,43906066,133,45,
3,43906346,128,48,
3,43906442,202,25,
3,43906528,57,14,
3,43906566,39,3,
3,43906841,405,132,
3,43907050,5,0,
3,43907337,28,4,
3,43907376,446,238,
3,43907586,119,63,
3,43907820,601,647,
3,43907941,69,9,
3,43908220,47,20,
3,43908261,218,78,
3,43908368,161,89,
3,43908428,17,1,
3,43908770,51,66,
3,43908846,12,1,
3,43909111,75,49,
3,43909179,64,61,
3,43909191,26,8,
3,43909220,257,74,
3,43909328,28,1,
3,43909353,22,1,
3,43909360,25,0,
3,43909398,108,53,
3,43909409,612,330,
3,43909418,41,18,
3,43909430,484,612,
3,43909432,188,183,
3,43909519,76,36,
3,43910423,78,9,
3,43910565,96,14,
3,43910681,439,91,
3,43910685,118,67,
3,43910720,163,63,
3,43910745,256,210,
3,43910760,32,11,
3,43911167,228,128,
3,43911252,246,282,
3,43911440,30,16,
3,43912618,22,4,2
3,43912844,716,415,
3,43913727,49,6,
3,43913751,436,206,
3,43913950,55,61,
3,43914235,308,375,
3,43914677,74,42,
3,43914705,611,378,
3,43914738,19,4,
3,43914784,38,15,
3,43914832,526,159,
3,43914852,17,2,7
3,43915470,9,0,
3,43915995,67,20,
3,43916098,494,155,
3,43916411,110,333,
3,43916577,561,151,
3,43916606,10,1,
3,43916956,237,49,
3,43917122,108,29,
3,43917278,66,4,24
3,43917376,69,61,
3,43917448,161,202,
3,43917461,252,100,
3,43918352,42,25,12
3,43918437,214,322,
3,43918484,880,286,
3,43918596,57,45,
3,43918620,350,155,
3,43919812,136,76,
3,43919819,4,0,
3,43919840,25,0,
3,43919862,83,20,
3,43919868,222,78,
3,43919959,71,23,
3,43920006,28,5,
3,43920149,13,0,
3,43920188,269,61,
3,43920475,21,14,
3,43920544,152,44,
3,43920555,161,197,
3,43920792,217,138,
3,43920889,134,71,
3,43921040,23,0,
3,43921624,190,52,
3,43921653,113,26,
3,43921681,31,7,20
3,43921813,26,0,
3,43922698,97,69,
3,43922759,131,130,
3,43922975,48,57,
3,43923187,124,114,
3,43923342,10,0,
3,43923372,328,116,
3,43923970,29,7,
3,43924117,115,103,
3,43924178,3,0,
3,43924226,12,4,
3,43924358,305,69,
3,43924518,9,1,
3,43924560,3,0,
3,43925005,9,1,
3,43925132,4,0,
3,43925231,7,2,
3,43925325,62,27,
3,43925355,120,180,
3,43925396,10,1,
3,43925414,63,28,
3,43925502,10,2,
3,43925633,29,8,
3,43925654,11,0,
3,43925699,8,4,
3,43925732,479,357,
3,43925791,4,1,
3,43925820,3,1,
3,43925892,299,251,
3,43925952,22,10,
3,43925982,285,343,
3,43926012,7,1,
3,43926092,18,1,
3,43926097,3,0,
3,43926165,628,616,
3,43926253,3,0,
3,43926324,30,10,
3,43926350,87,62,
3,43926376,3,1,
3,43926469,8,1,
3,43926477,29,10,
3,43926502,15,0,
3,43926516,8,2,
3,43926754,24,6,
3,43927095,22,1,
3,43927302,5,0,
3,43927307,4,0,
3,43927314,40,4,
3,43927321,55,30,
3,43927337,226,131,
3,43927550,9,1,
3,43927649,26,12,
3,43927813,453,388,
3,43927842,32,23,
3,43927856,587,997,
3,43927914,186,103,
3,43927926,865,336,
3,43927942,50,16,
3,43927948,100,172,
3,43927964,12,0,
3,43928118,250,78,
3,43928267,68,18,
3,43928315,500,104,
3,43928570,46,21,
3,43928861,29,12,
3,43929021,43,3,
3,43929040,49,22,
3,43929054,113,101,
3,43929087,23,10,
3,43929447,70,14,
3,43929699,6,3,
3,43929724,1112,285,
3,43929943,3,0,
3,43930156,37,8,
3,43930187,3,0,
3,43930389,16,16,11
3,43930397,142,68,
3,43930584,124,60,
3,43930628,27,19,
3,43930725,3,0,
3,43930757,82,104,
3,43930762,6,0,
3,43930901,29,6,
3,43930956,12,0,
3,43931170,3,1,
3,43931226,5,0,
3,43931237,3,0,
3,43931285,117,113,
3,43931298,12,0,
3,43931335,11,1,
3,43931358,24,1,
3,43931361,11,1,
3,43931409,227,264,
3,43931566,13,10,
3,43931569,23,4,
3,43931576,6,1,
3,43931673,85,55,
3,43931701,21,0,
3,43931845,153,66,
3,43931906,14,2,
3,43931944,112,17,
3,43932009,3,0,
3,43932010,11,3,
3,43932024,26,3,
3,43932413,8,12,
3,43932448,7,0,
3,43932449,13,39,
3,43932459,7,0,
3,43932540,6,2,
3,43932567,33,16,
3,43932602,16,9,
3,43932871,4,0,
3,43933023,7,0,
3,43933091,4,0,
3,43933248,187,88,
3,43933281,12,0,
3,43933412,146,108,
3,43933452,283,99,
3,43933511,108,10,
3,43933532,10,0,
3,43933548,11,0,
3,43933605,27,0,
3,43933628,174,59,
3,43933652,3,0,
3,43933683,91,28,
3,43933891,547,136,
3,43933962,35,6,
3,43934172,5,0,
3,43934188,16,1,
3,43934279,47,34,
3,43934313,123,105,
3,43934343,22,4,
3,43934540,282,153,
3,43934562,6,2,
3,43934711,303,132,
3,43934820,6,0,
3,43934954,50,12,
3,43934961,12,1,
3,43935067,216,260,16
3,43935225,5,3,
3,43935305,19,1,
3,43935339,11,2,
3,43935356,79,12,
3,43935394,252,69,25
3,43935434,114,43,
3,43935452,59,7,
3,43935486,16,6,
3,43935586,188,261,
3,43935625,200,153,
3,43935707,169,64,29
3,43935737,4,0,
3,43935833,6,3,
3,43935913,491,635,27
3,43935934,12,15,
3,43936004,8,0,
3,43936071,9,2,
3,43936086,8,0,
3,43936097,194,106,21
3,43936098,5,1,
3,43936198,94,72,
3,43936242,6,3,
3,43936294,12,0,
3,43936408,282,36,10
3,43936461,12,0,
3,43936468,52,25,
3,43936525,17,3,
3,43936592,258,135,13
3,43936754,87,40,
3,43936775,19,4,
3,43936813,75,57,
3,43936844,56,76,
3,43936884,216,65,19
3,43936952,8,5,
3,43936999,5,0,
3,43937106,8,0,
3,43937151,9,1,
3,43937214,501,262,5
3,43937218,11,1,
3,43937242,183,162,
3,43937279,9,3,
3,43937306,10,2,
3,43937402,5,1,
3,43937688,20,5,
3,43937750,85,44,
3,43937789,12,0,
3,43937843,3,3,
3,43937852,43,21,23
3,43937959,10,0,
3,43938137,11,0,
3,43938179,19,4,
3,43938268,9,0,
3,43938309,73,22,
3,43938381,5,1,
3,43938400,113,72,17
3,43938481,46,3,
3,43938530,85,31,
3,43938607,126,51,12
3,43938611,27,5,
3,43938706,5,1,
3,43939006,188,71,
3,43939012,24,7,
3,43939053,7,1,
3,43939231,8,2,
3,43939232,4,1,
3,43939251,4,0,
3,43939419,93,64,
3,43939520,79,38,28
3,43939617,77,15,24
3,43939637,33,5,
3,43939639,7,0,
3,43939781,59,5,
3,43939802,3,0,
3,43939834,8,0,
3,43939845,9,0,
3,43940033,104,48,
3,43940175,5,0,
3,43940314,7,0,
3,43940385,7,0,
3,43940443,9,4,
3,43940500,66,9,
3,43940539,124,108,8
3,43940626,6,0,
3,43940641,15,1,
3,43940650,4,0,
3,43940711,7,1,
3,43940747,143,60,3
3,43940851,4,0,
3,43940865,157,221,
3,43941162,28,0,
3,43941247,7,1,
3,43941378,4,0,
3,43941382,8,2,
3,43941507,11,2,
3,43941564,18,8,20
3,43941596,65,60,
3,43941598,69,23,6
3,43941608,18,4,
3,43941673,5,1,
3,43941719,10,0,
3,43941851,17,1,
3,43941862,33,10,14
3,43941899,10,0,
3,43941947,7,0,
3,43942004,3,1,
3,43942149,87,25,4
3,43942194,7,0,
3,43942279,71,6,1
3,43942318,40,9,2
3,43942362,4,1,
3,43942423,3,0,
3,43942483,8,2,
3,43942664,9,4,
3,43942686,12,0,
3,43942759,14,0,
3,43942786,10,7,
3,43942928,9,0,
3,43942930,6,2,
3,43943011,3,0,
3,43943039,4,1,
4,43879702,284,123,
4,43879748,101,87,
4,43880248,77,14,
4,43880472,73,35,
4,43880883,106,20,
4,43880962,787,176,
4,43880973,459,413,
4,43881035,519,517,
4,43881211,259,103,
4,43881468,490,165,
4,43882118,62,19,
4,43882150,392,310,
4,43882291,147,101,
4,43882437,145,8,
4,43882809,201,143,
4,43882905,202,178,
4,43883040,458,123,
4,43883230,88,62,
4,43883642,160,187,
4,43883747,116,24,
4,43883902,330,213,
4,43884245,68,16,
4,43884418,190,33,
4,43884635,176,243,
4,43885039,51,23,
4,43885101,583,857,
4,43885478,207,45,
4,43886023,81,64,
4,43886243,337,105,
4,43886271,65,10,
4,43886368,122,105,
4,43886381,95,78,
4,43886552,144,156,
4,43886601,130,27,
4,43886604,153,178,
4,43887068,114,60,
4,43887304,56,20,
4,43887489,40,68,
4,43887494,44,47,
4,43887637,226,37,
4,43887708,88,27,
4,43887874,115,26,
4,43887998,140,66,
4,43888007,154,25,
4,43888117,818,205,
4,43888157,185,39,
4,43888239,82,15,
4,43888268,50,6,
4,43888777,90,47,
4,43888803,1415,839,
4,43889277,16,2,
4,43889610,247,59,
4,43889875,142,26,
4,43889972,53,6,
4,43890118,30,0,
4,43890412,66,10,
4,43890525,295,316,
4,43890538,226,53,
4,43891128,147,31,
4,43891147,32,16,
4,43891245,297,194,
4,43891398,92,30,
4,43892096,288,60,
4,43892119,249,216,
4,43892331,89,5,
4,43892446,56,4,
4,43892481,109,79,
4,43892773,103,6,
4,43892786,214,82,
4,43892832,29,11,
4,43892840,91,8,
4,43892856,80,11,
4,43893032,35,8,
4,43893127,18,13,
4,43893225,36,0,
4,43893442,80,27,
4,43893464,66,59,
4,43893581,62,12,
4,43893601,428,112,
4,43893762,401,341,
4,43893808,40,5,
4,43893906,209,81,
4,43894055,38,1,
4,43894175,320,203,
4,43894257,72,47,
4,43894305,683,262,
4,43894363,108,107,
4,43894967,43,24,
4,43895237,107,24,
4,43895456,153,36,
4,43895516,112,181,
4,43895622,109,64,
4,43895637,115,110,
4,43895693,16,0,
4,43895852,126,5,
4,43895890,329,101,
4,43896011,272,138,
4,43896188,263,92,
4,43896199,143,84,
4,43896228,127,109,
4,43896410,79,50,
4,43896609,38,16,
4,43896765,27,3,
4,43896820,39,4,
4,43896835,48,18,
4,43896944,40,2,
4,43896948,144,126,
4,43897129,161,57,
4,43897320,384,206,
4,43897333,33,9,
4,43897719,86,10,
4,43897772,599,672,
4,43897816,25,6,
4,43898280,73,22,
4,43898306,53,14,
4,43898380,255,122,
4,43898400,23,2,
4,43898653,50,40,
4,43898717,91,11,
4,43899016,204,172,
4,43899028,512,226,
4,43899236,435,369,
4,43899251,162,21,
4,43899288,141,90,
4,43899317,30,30,
4,43899456,84,36,
4,43900264,45,32,
4,43900463,177,37,
4,43900877,655,569,
4,43901131,55,43,
4,43901190,211,71,
4,43901204,251,203,
4,43901495,231,113,
4,43901619,404,187,
4,43901643,43,22,
4,43901831,13,1,
4,43901985,57,10,
4,43902212,1148,437,
4,43902263,408,298,
4,43902308,181,379,
4,43902350,54,42,
4,43902869,112,151,
4,43903162,56,8,19
4,43903400,185,118,
4,43903534,276,154,
4,43903705,190,236,
4,43903728,139,71,
4,43903741,310,214,
4,43903809,25,2,
4,43903853,221,270,
4,43903945,107,74,
4,43903959,222,153,
4,43904478,144,101,
4,43904511,66,8,
4,43904546,69,11,
4,43904865,91,9,
4,43905153,26,11,
4,43905185,273,83,
4,43905299,244,127,
4,43905942,1099,268,
4,43906018,694,685,
4,43906066,133,45,
4,43906346,128,48,
4,43906442,202,25,
4,43906528,57,14,
4,43906566,39,3,
4,43906841,406,132,
4,43907050,5,0,
4,43907337,28,4,
4,43907376,446,238,
4,43907586,119,63,
4,43907820,601,647,
4,43907941,69,9,
4,43908220,48,20,
4,43908261,218,78,
4,43908368,161,89,
4,43908428,17,1,
4,43908770,51,66,
4,43908846,12,1,
4,43909111,75,49,
4,43909179,65,61,
4,43909191,26,8,
4,43909220,257,74,
4,43909328,29,1,
4,43909353,22,1,
4,43909360,25,0,
4,43909398,108,53,
4,43909409,612,330,
4,43909418,42,19,
4,43909430,484,613,
4,43909432,188,183,
4,43909519,76,36,
4,43910423,78,9,
4,43910565,96,14,
4,43910681,439,91,
4,43910685,118,66,
4,43910720,163,63,
4,43910745,256,210,
4,43910760,32,11,
4,43911167,228,128,
4,43911252,246,282,
4,43911440,30,16,
4,43912618,47,7,2
4,43912844,717,415,
4,43913727,49,6,
4,43913751,436,206,
4,43913950,55,61,
4,43914235,308,375,
4,43914677,74,42,
4,43914705,611,378,
4,43914738,19,4,
4,43914784,38,15,
4,43914832,526,159,
4,43914852,24,3,8
4,43915470,9,0,
4,43915995,67,20,
4,43916098,494,155,
4,43916411,110,333,
4,43916577,561,151,
4,43916606,10,1,
4,43916956,237,49,
4,43917122,108,29,
4,43917278,69,4,24
4,43917376,69,61,
4,43917448,161,202,
4,43917461,252,100,
4,43918352,47,28,11
4,43918437,214,322,
4,43918484,881,286,
4,43918596,57,45,
4,43918620,350,155,
4,43919812,136,76,
4,43919819,4,0,
4,43919840,25,0,
4,43919862,83,20,
4,43919868,223,78,
4,43919959,71,23,
4,43920006,28,5,
4,43920149,13,0,
4,43920188,269,61,
4,43920475,21,14,
4,43920544,152,44,
4,43920555,161,197,
4,43920792,217,138,
4,43920889,134,72,
4,43921040,23,0,
4,43921624,190,52,
4,43921653,114,26,
4,43921681,34,8,22
4,43921813,26,0,
4,43922698,97,69,
4,43922759,131,130,
4,43922975,48,57,
4,43923187,124,114,
4,43923342,10,0,
4,43923372,328,116,
4,43923970,29,7,
4,43924117,117,102,
4,43924178,3,0,
4,43924226,12,4,
4,43924358,305,69,
4,43924518,9,1,
4,43924560,3,0,
4,43925005,9,1,
4,43925132,4,0,
4,43925231,7,2,
4,43925325,62,27,
4,43925355,121,181,
4,43925396,10,1,
4,43925414,63,28,
4,43925502,10,2,
4,43925633,29,8,
4,43925654,11,0,
4,43925699,9,4,
4,43925732,480,357,
4,43925791,4,1,
4,43925820,3,1,
4,43925892,299,251,
4,43925952,22,10,
4,43925982,286,343,
4,43926012,7,1,
4,43926092,18,1,
4,43926097,5,0,12
4,43926165,628,617,
4,43926253,3,0,
4,43926324,30,10,
4,43926350,87,62,
4,43926376,3,1,
4,43926469,8,1,
4,43926477,29,10,
4,43926502,15,0,
4,43926516,8,2,
4,43926754,24,6,
4,43927095,22,1,
4,43927302,5,0,
4,43927307,4,0,
4,43927314,40,4,
4,43927321,55,31,
4,43927337,227,132,
4,43927550,9,1,
4,43927649,26,12,
4,43927813,454,389,
4,43927842,32,23,
4,43927856,587,998,
4,43927914,186,103,
4,43927926,866,336,
4,43927942,50,16,
4,43927948,100,173,
4,43927964,12,0,
4,43928118,250,78,
4,43928267,68,18,
4,43928315,502,104,
4,43928570,46,21,
4,43928861,29,12,
4,43929021,43,3,
4,43929040,49,22,
4,43929054,113,101,
4,43929087,23,10,
4,43929447,70,14,
4,43929699,6,3,
4,43929724,1118,285,
4,43929943,3,0,
4,43930156,37,8,
4,43930187,3,0,
4,43930389,18,18,13
4,43930397,142,68,
4,43930584,125,60,
4,43930628,27,19,
4,43930725,3,0,
4,43930757,82,104,
4,43930762,6,0,
4,43930901,29,6,
4,43930956,12,0,
4,43931170,3,1,
4,43931226,5,0,
4,43931237,3,0,
4,43931285,117,113,
4,43931298,12,0,
4,43931335,11,1,
4,43931358,24,1,
4,43931361,11,1,
4,43931409,227,264,
4,43931566,13,10,
4,43931569,23,4,
4,43931576,6,1,
4,43931673,85,55,
4,43931701,21,0,
4,43931845,153,66,
4,43931944,112,17,
4,43932009,3,0,
4,43932010,11,3,
4,43932024,26,3,
4,43932448,7,0,
4,43932459,7,0,
4,43932540,6,2,
4,43932567,33,16,
4,43932602,16,9,
4,43932871,4,0,
4,43933023,7,0,
4,43933091,4,0,
4,43933248,188,90,
4,43933281,12,0,
4,43933412,146,108,
4,43933452,283,99,
4,43933511,108,10,
4,43933532,10,0,
4,43933548,11,0,
4,43933605,27,0,
4,43933628,175,59,
4,43933652,3,0,
4,43933683,91,29,
4,43933891,550,136,
4,43933962,35,6,
4,43934172,5,0,
4,43934188,16,1,
4,43934279,47,34,
4,43934313,123,105,
4,43934343,22,4,
4,43934540,282,153,
4,43934562,6,2,
4,43934711,304,133,
4,43934820,6,0,
4,43934954,51,12,
4,43934961,12,1,
4,43935067,227,282,15
4,43935225,5,3,
4,43935305,20,1,
4,43935339,11,2,
4,43935356,81,12,
4,43935394,258,72,25
4,43935434,114,44,
4,43935452,59,7,
4,43935486,16,6,
4,43935586,190,264,
4,43935625,202,154,
4,43935707,171,65,29
4,43935737,4,0,
4,43935833,6,3,
4,43935913,497,654,28
4,43935934,12,15,
4,43936004,8,0,
4,43936071,9,2,
4,43936086,8,0,
4,43936097,196,109,21
4,43936098,5,1,
4,43936198,95,73,
4,43936242,6,3,
4,43936294,12,0,
4,43936408,290,37,10
4,43936461,12,0,
4,43936468,52,25,
4,43936525,18,3,
4,43936592,260,138,14
4,43936754,87,40,
4,43936775,19,4,
4,43936813,75,57,
4,43936844,58,76,
4,43936884,220,65,20
4,43936952,8,5,
4,43936999,5,0,
4,43937106,8,0,
4,43937151,9,1,
4,43937214,515,263,6
4,43937218,11,1,
4,43937242,186,163,
4,43937279,9,3,
4,43937306,10,2,
4,43937402,5,1,
4,43937688,20,5,
4,43937750,85,44,
4,43937789,14,0,
4,43937852,45,23,23
4,43937959,10,0,
4,43938137,11,0,
4,43938179,19,4,
4,43938268,9,0,
4,43938309,74,23,
4,43938400,116,73,18
4,43938481,47,3,
4,43938530,85,31,
4,43938607,131,51,12
4,43938611,28,5,
4,43938706,5,1,
4,43939006,193,75,
4,43939012,24,7,
4,43939053,7,1,
4,43939231,8,2,
4,43939232,4,1,
4,43939251,4,0,
4,43939380,5,1,
4,43939419,94,65,
4,43939520,86,41,26
4,43939617,79,16,30
4,43939637,36,5,
4,43939639,7,0,
4,43939781,59,5,
4,43940033,106,49,
4,43940175,5,0,
4,43940314,7,0,
4,43940385,7,0,
4,43940443,9,4,
4,43940500,67,10,
4,43940539,133,117,9
4,43940626,6,0,
4,43940641,15,1,
4,43940650,4,0,
4,43940711,7,1,
4,43940747,176,79,3
4,43940851,4,0,
4,43940865,159,225,
4,43941162,29,0,
4,43941247,7,1,
4,43941378,4,0,
4,43941507,11,2,
4,43941564,23,17,17
4,43941596,65,63,
4,43941598,73,26,7
4,43941673,5,1,
4,43941719,12,0,
4,43941851,18,2,
4,43941862,39,11,15
4,43941899,10,0,
4,43941947,7,0,
4,43942004,4,1,
4,43942012,6,0,
4,43942149,98,30,5
4,43942194,8,0,
4,43942279,92,8,1
4,43942318,46,10,4
4,43942362,4,1,
4,43942423,3,0,
4,43942483,8,2,
4,43942664,12,8,
4,43942686,24,1,
4,43942759,20,2,
4,43942786,11,8,
4,43942800,5,0,
4,43942848,7,2,11
4,43942930,8,5,
4,43943011,6,0,
4,43943034,3,1,
4,43943039,8,2,
4,43943047,45,4,1
4,43943077,3,0,
5,43879702,284,123,
5,43879748,101,87,
5,43880248,77,14,
5,43880472,73,35,
5,43880554,58,11,
5,43880883,106,20,
5,43880962,787,176,
5,43880973,459,413,
5,43881035,519,518,
5,43881211,259,103,
5,43881468,490,165,
5,43882118,62,19,
5,43882150,392,310,
5,43882291,147,101,
5,43882437,145,8,
5,43882809,201,143,
5,43882905,202,178,
5,43883040,458,123,
5,43883230,88,62,
5,43883642,160,187,
5,43883747,116,24,
5,43883902,330,213,
5,43884245,68,16,
5,43884418,190,33,
5,43884635,176,243,
5,43885039,51,23,
5,43885101,583,857,
5,43885478,207,45,
5,43886023,81,64,
5,43886243,337,105,
5,43886271,65,10,
5,43886368,122,105,
5,43886381,95,78,
5,43886552,144,156,
5,43886601,130,27,
5,43886604,153,178,
5,43887068,114,60,
5,43887304,56,20,
5,43887489,40,68,
5,43887494,44,47,
5,43887637,226,37,
5,43887708,88,27,
5,43887874,115,26,
5,43887998,140,66,
5,43888007,154,25,
5,43888117,818,205,
5,43888157,185,39,
5,43888239,82,15,
5,43888268,50,6,
5,43888777,90,47,
5,43888803,1415,839,
5,43889277,16,2,
5,43889610,247,59,
5,43889875,142,26,
5,43889972,53,6,
5,43890118,30,0,
5,43890412,66,10,
5,43890525,295,316,
5,43890538,226,53,
5,43891128,147,31,
5,43891147,32,16,
5,43891245,297,194,
5,43891398,92,30,
5,43892096,288,60,
5,43892119,249,216,
5,43892331,89,5,
5,43892446,56,4,
5,43892481,109,79,
5,43892773,103,6,
5,43892786,214,82,
5,43892832,29,11,
5,43892840,91,8,
5,43892856,80,11,
5,43893032,35,8,
5,43893127,18,13,
5,43893225,36,0,
5,43893442,80,27,
5,43893464,66,59,
5,43893581,62,12,
5,43893601,428,112,
5,43893762,401,341,
5,43893808,40,5,
5,43893906,209,81,
5,43894055,38,1,
5,43894175,320,203,
5,43894257,72,47,
5,43894305,683,262,
5,43894363,108,107,
5,43894967,43,24,
5,43895237,107,24,
5,43895456,153,36,
5,43895516,112,181,
5,43895622,109,64,
5,43895637,115,110,
5,43895693,16,0,
5,43895852,126,5,
5,43895890,330,101,
5,43896011,272,138,
5,43896188,263,92,
5,43896199,143,84,
5,43896228,127,109,
5,43896410,79,50,
5,43896609,38,16,
5,43896765,27,3,
5,43896820,39,4,
5,43896835,48,18,
5,43896944,40,2,
5,43896948,144,126,
5,43897129,161,57,
5,43897320,384,206,
5,43897333,33,9,
5,43897719,86,10,
5,43897772,599,672,
5,43897816,25,6,
5,43898280,74,22,
5,43898306,53,14,
5,43898380,255,122,
5,43898400,23,2,
5,43898653,50,40,
5,43898717,91,11,
5,43899016,204,172,
5,43899028,512,226,
5,43899236,435,369,
5,43899251,162,21,
5,43899288,141,90,
5,43899317,30,30,
5,43899456,84,36,
5,43900264,45,32,
5,43900463,177,37,
5,43900877,655,569,
5,43901131,55,43,
5,43901190,211,71,
5,43901204,251,203,
5,43901495,231,114,
5,43901619,404,187,
5,43901643,43,22,
5,43901831,13,1,
5,43901985,57,10,
5,43902212,1149,437,
5,43902263,408,298,
5,43902308,181,379,
5,43902350,54,42,
5,43902869,112,151,
5,43903162,57,8,22
5,43903400,185,118,
5,43903534,276,154,
5,43903705,190,236,
5,43903728,139,71,
5,43903741,310,214,
5,43903809,25,2,
5,43903853,221,270,
5,43903945,107,75,
5,43903959,222,153,
5,43904478,144,101,
5,43904511,66,8,
5,43904546,71,11,
5,43904865,91,9,
5,43905153,26,11,
5,43905185,273,83,
5,43905299,244,127,
5,43905942,1099,268,
5,43906018,694,685,
5,43906066,133,45,
5,43906346,128,48,
5,43906442,202,25,
5,43906528,57,14,
5,43906566,39,3,
5,43906841,406,132,
5,43907050,5,0,
5,43907337,28,4,
5,43907376,446,238,
5,43907586,119,63,
5,43907820,601,647,
5,43907941,69,9,
5,43908220,48,20,
5,43908261,219,78,
5,43908368,161,89,
5,43908428,17,1,
5,43908770,51,66,
5,43908846,12,1,
5,43909111,75,49,
5,43909179,65,61,
5,43909191,26,8,
5,43909220,257,74,
5,43909328,29,1,
5,43909353,22,1,
5,43909360,25,0,
5,43909398,108,53,
5,43909409,612,331,
5,43909418,43,19,
5,43909430,484,613,
5,43909432,188,183,
5,43909519,76,36,
5,43910423,78,9,
5,43910565,96,14,
5,43910681,439,91,
5,43910685,119,66,
5,43910720,163,63,
5,43910745,256,210,
5,43910760,32,11,
5,43911167,228,128,
5,43911252,246,282,
5,43911440,30,16,
5,43912618,77,12,2
5,43912844,717,415,
5,43913727,49,6,
5,43913751,436,206,
5,43913950,55,61,
5,43914235,308,375,
5,43914677,74,42,
5,43914705,611,378,
5,43914738,19,4,
5,43914784,38,15,
5,43914832,527,159,
5,43914852,31,4,8
5,43915470,9,0,
5,43915995,67,20,
5,43916098,494,155,
5,43916411,110,333,
5,43916577,561,151,
5,43916606,10,1,
5,43916956,237,49,
5,43917122,108,29,
5,43917278,72,4,26
5,43917376,69,61,
5,43917448,162,202,
5,43917461,252,100,
5,43918352,47,30,14
5,43918437,214,322,
5,43918484,881,286,
5,43918596,57,45,
5,43918620,351,155,
5,43919812,136,76,
5,43919819,4,0,
5,43919840,25,0,
5,43919862,83,20,
5,43919868,223,78,
5,43919959,71,23,
5,43920006,28,5,
5,43920149,13,0,
5,43920188,269,61,
5,43920475,21,14,
5,43920544,152,44,
5,43920555,161,197,
5,43920792,217,138,
5,43920889,134,72,
5,43921040,23,0,
5,43921624,190,52,
5,43921653,114,26,
5,43921681,34,9,
5,43921813,26,0,
5,43922698,97,69,
5,43922759,131,130,
5,43922975,48,57,
5,43923187,124,114,
5,43923342,10,0,
5,43923372,328,116,
5,43924117,118,102,
5,43924178,3,0,
5,43924226,12,4,
5,43924358,305,69,
5,43924518,9,1,
5,43924560,3,0,
5,43925005,9,1,
5,43925132,4,0,
5,43925231,8,2,
5,43925325,63,27,
5,43925355,121,181,
5,43925396,10,1,
5,43925414,63,28,
5,43925502,10,2,
5,43925633,29,8,
5,43925654,11,0,
5,43925699,9,4,
5,43925732,481,357,
5,43925791,4,1,
5,43925820,3,1,
5,43925892,300,252,
5,43925952,22,10,
5,43925982,286,344,
5,43926012,7,1,
5,43926092,18,1,
5,43926097,11,0,10
5,43926165,629,617,
5,43926253,3,0,
5,43926324,30,10,
5,43926350,87,63,
5,43926376,3,1,
5,43926469,8,1,
5,43926477,29,10,
5,43926502,15,0,
5,43926516,8,2,
5,43926754,24,6,
5,43927095,22,1,
5,43927302,5,0,
5,43927307,4,0,
5,43927314,40,4,
5,43927321,55,31,
5,43927337,227,132,
5,43927550,9,1,
5,43927649,26,12,
5,43927813,454,389,
5,43927842,32,23,
5,43927856,588,999,
5,43927914,186,103,
5,43927926,867,336,
5,43927942,50,16,
5,43927948,100,173,
5,43927964,12,0,
5,43928118,250,78,
5,43928267,68,18,
5,43928315,504,104,
5,43928570,46,21,
5,43928861,29,12,
5,43929021,43,3,
5,43929040,49,22,
5,43929054,113,101,
5,43929087,23,10,
5,43929447,70,14,
5,43929699,6,3,
5,43929724,1120,285,
5,43929943,3,0,
5,43930156,37,8,
5,43930187,8,1,12
5,43930389,20,23,18
5,43930397,143,68,
5,43930584,125,60,
5,43930628,27,19,
5,43930725,3,0,
5,43930757,82,104,
5,43930762,6,0,
5,43930901,29,6,
5,43930956,12,0,
5,43931170,3,1,
5,43931226,5,0,
5,43931237,3,0,
5,43931285,117,113,
5,43931298,12,0,
5,43931335,11,1,
5,43931358,24,1,
5,43931361,11,1,
5,43931409,227,264,
5,43931566,13,10,
5,43931569,24,4,
5,43931576,6,1,
5,43931673,85,55,
5,43931701,21,0,
5,43931845,153,66,
5,43931944,112,17,
5,43932009,3,0,
5,43932010,11,3,
5,43932024,26,3,
5,43932448,7,0,
5,43932459,7,0,
5,43932540,6,2,
5,43932567,33,16,
5,43932602,16,9,
5,43932871,4,0,
5,43933023,7,0,
5,43933091,4,0,
5,43933248,190,90,
5,43933281,12,0,
5,43933412,146,109,
5,43933452,284,99,
5,43933511,108,10,
5,43933532,10,0,
5,43933548,11,0,
5,43933605,27,0,
5,43933628,176,59,
5,43933652,3,0,
5,43933683,91,29,
5,43933891,551,136,
5,43933962,35,6,
5,43934172,5,0,
5,43934188,16,1,
5,43934279,47,34,
5,43934313,123,105,
5,43934343,22,4,
5,43934540,282,155,
5,43934562,6,2,
5,43934711,304,134,
5,43934820,6,0,
5,43934954,51,12,
5,43934961,12,1,
5,43935067,242,287,15
5,43935225,5,3,
5,43935305,20,1,
5,43935339,11,2,
5,43935356,82,13,
5,43935394,264,76,23
5,43935434,114,44,
5,43935452,59,7,
5,43935486,16,6,
5,43935586,193,264,
5,43935625,202,154,
5,43935707,183,65,30
5,43935737,4,0,
5,43935833,6,3,
5,43935913,504,664,
5,43935934,12,15,
5,43936004,8,0,
5,43936071,9,2,
5,43936097,203,112,24
5,43936098,5,1,
5,43936198,96,73,
5,43936242,6,3,
5,43936294,12,0,
5,43936408,298,39,11
5,43936461,12,0,
5,43936468,52,26,
5,43936525,18,3,
5,43936592,268,141,16
5,43936754,87,40,
5,43936775,19,4,
5,43936813,75,57,
5,43936844,58,76,
5,43936884,223,65,21
5,43936952,8,5,
5,43936999,5,0,
5,43937106,8,0,
5,43937151,9,1,
5,43937214,519,266,6
5,43937218,12,1,
5,43937242,188,165,
5,43937279,9,3,
5,43937306,10,2,
5,43937402,5,1,
5,43937688,20,5,
5,43937750,85,44,
5,43937789,14,0,
5,43937852,47,23,28
5,43937959,10,0,
5,43938137,11,0,
5,43938179,19,4,
5,43938268,9,0,
5,43938309,76,24,
5,43938400,119,74,20
5,43938481,48,3,
5,43938530,87,31,
5,43938607,133,52,13
5,43938611,28,5,
5,43938706,5,1,
5,43939006,196,76,
5,43939012,24,7,
5,43939053,7,1,
5,43939232,4,1,
5,43939251,4,0,
5,43939380,5,1,
5,43939419,94,66,
5,43939520,91,44,27
5,43939617,83,16,
5,43939637,37,5,
5,43939639,7,0,
5,43939781,60,5,
5,43940033,107,51,
5,43940175,5,0,
5,43940314,7,0,
5,43940385,7,0,
5,43940443,9,4,
5,43940500,70,10,
5,43940539,139,125,10
5,43940626,6,0,
5,43940641,15,1,
5,43940650,5,0,
5,43940711,7,1,
5,43940747,209,89,4
5,43940851,5,0,
5,43940865,161,227,
5,43941162,29,0,
5,43941247,7,1,
5,43941378,4,0,
5,43941507,11,2,
5,43941564,30,30,25
5,43941596,66,65,
5,43941598,87,28,8
5,43941673,5,1,
5,43941719,12,0,
5,43941851,18,2,
5,43941862,47,11,17
5,43941899,10,0,
5,43941947,7,0,
5,43942004,4,1,
5,43942012,6,0,
5,43942149,108,32,6
5,43942194,10,1,
5,43942279,106,9,3
5,43942318,49,12,5
5,43942362,4,1,
5,43942423,4,0,
5,43942483,8,2,
5,43942664,12,10,
5,43942686,29,3,
5,43942759,22,4,
5,43942786,11,7,
5,43942800,7,2,
5,43942848,12,4,13
5,43942930,9,5,
5,43943011,6,0,
5,43943034,3,1,
5,43943039,10,2,
5,43943047,89,13,1
5,43943077,9,0,
5,43943363,4,1,
6,43879702,285,123,
6,43879748,101,87,
6,43880248,77,14,
6,43880472,73,35,
6,43880554,58,11,
6,43880883,106,20,
6,43880962,787,176,
6,43880973,459,413,
6,43881035,520,518,
6,43881211,259,103,
6,43881468,490,165,
6,43882118,62,19,
6,43882150,392,310,
6,43882291,147,101,
6,43882437,145,8,
6,43882809,201,143,
6,43882905,202,178,
6,43883040,458,123,
6,43883230,88,62,
6,43883642,160,187,
6,43883747,116,24,
6,43883902,330,213,
6,43884245,68,16,
6,43884418,190,33,
6,43884635,176,243,
6,43885039,51,23,
6,43885101,583,857,
6,43885478,207,45,
6,43886023,81,64,
6,43886243,337,105,
6,43886271,65,10,
6,43886368,122,105,
6,43886381,95,78,
6,43886552,144,156,
6,43886601,130,27,
6,43886604,153,178,
6,43887068,114,60,
6,43887304,56,20,
6,43887489,40,68,
6,43887494,44,47,
6,43887637,226,37,
6,43887708,88,27,
6,43887874,115,26,
6,43887998,140,66,
6,43888007,154,25,
6,43888117,818,205,
6,43888157,185,39,
6,43888239,82,15,
6,43888268,50,6,
6,43888777,90,47,
6,43888803,1415,839,
6,43889277,16,2,
6,43889610,247,59,
6,43889875,142,26,
6,43889972,53,6,
6,43890118,30,0,
6,43890412,66,10,
6,43890525,295,316,
6,43890538,226,53,
6,43891128,147,31,
6,43891147,32,16,
6,43891245,297,194,
6,43891398,92,30,
6,43892096,288,60,
6,43892119,249,216,
6,43892331,89,5,
6,43892446,56,4,
6,43892481,109,79,
6,43892773,103,6,
6,43892786,214,82,
6,43892832,29,11,
6,43892840,91,8,
6,43892856,80,11,
6,43893032,35,8,
6,43893127,18,13,
6,43893225,36,0,
6,43893442,80,27,
6,43893464,66,59,
6,43893581,62,12,
6,43893601,428,112,
6,43893762,401,341,
6,43893808,40,5,
6,43893906,209,81,
6,43894055,38,1,
6,43894175,320,203,
6,43894257,72,47,
6,43894305,684,262,
6,43894363,108,107,
6,43894967,43,24,
6,43895237,107,24,
6,43895456,153,36,
6,43895516,112,181,
6,43895622,109,64,
6,43895637,115,110,
6,43895693,16,0,
6,43895852,126,5,
6,43895890,330,101,
6,43896011,272,138,
6,43896188,263,92,
6,43896199,143,84,
6,43896228,127,109,
6,43896410,79,50,
6,43896609,38,16,
6,43896765,27,3,
6,43896820,39,4,
6,43896835,49,18,
6,43896944,40,2,
6,43896948,144,126,
6,43897129,161,57,
6,43897320,384,206,
6,43897333,33,9,
6,43897719,86,10,
6,43897772,599,672,
6,43897816,25,6,
6,43898280,74,22,
6,43898306,53,14,
6,43898380,255,122,
6,43898400,23,2,
6,43898653,50,40,
6,43898717,91,11,
6,43899016,204,172,
6,43899028,512,226,
6,43899236,435,369,
6,43899251,162,21,
6,43899288,141,90,
6,43899317,30,30,
6,43899456,84,36,
6,43900264,45,32,
6,43900463,177,37,
6,43900877,655,569,
6,43901131,55,43,
6,43901190,211,71,
6,43901204,251,203,
6,43901495,231,114,
6,43901619,404,187,
6,43901643,43,22,
6,43901831,13,1,
6,43901985,57,10,
6,43902212,1150,438,
6,43902263,408,298,
6,43902308,181,379,
6,43902350,54,42,
6,43902869,112,151,
6,43903162,62,11,25
6,43903400,185,118,
6,43903534,276,154,
6,43903705,190,236,
6,43903728,139,71,
6,43903741,310,214,
6,43903809,25,2,
6,43903853,221,270,
6,43903945,107,75,
6,43903959,222,153,
6,43904478,144,101,
6,43904511,66,8,
6,43904546,71,11,
6,43904865,91,9,
6,43905153,26,11,
6,43905185,273,83,
6,43905299,244,127,
6,43905771,16,9,
6,43905942,1099,268,
6,43906018,694,685,
6,43906066,133,45,
6,43906346,128,48,
6,43906442,202,25,
6,43906528,57,14,
6,43906566,39,3,
6,43906841,406,132,
6,43907050,5,0,
6,43907337,28,4,
6,43907376,447,238,
6,43907586,119,63,
6,43907820,601,647,
6,43907941,69,9,
6,43908220,48,20,
6,43908261,219,78,
6,43908368,161,89,
6,43908428,17,1,
6,43908770,51,66,
6,43908846,12,1,
6,43909111,75,49,
6,43909179,65,62,
6,43909191,26,8,
6,43909220,257,74,
6,43909328,30,1,
6,43909353,22,1,
6,43909360,25,0,
6,43909398,108,53,
6,43909409,612,331,
6,43909418,43,19,
6,43909430,484,614,
6,43909432,188,183,
6,43909519,77,36,
6,43910423,78,9,
6,43910565,96,14,
6,43910681,439,91,
6,43910685,119,66,
6,43910720,163,63,
6,43910745,256,210,
6,43910760,32,11,
6,43911167,228,128,
6,43911252,246,282,
6,43911440,31,16,
6,43912618,99,17,2
6,43912844,717,417,
6,43913705,10,0,11
6,43913727,49,6,
6,43913751,436,206,
6,43913950,55,61,
6,43914235,308,375,
6,43914677,74,42,
6,43914705,611,378,
6,43914738,19,4,
6,43914784,38,15,
6,43914832,527,159,
6,43914852,34,4,9
6,43915470,9,0,
6,43915995,67,20,
6,43916098,494,155,
6,43916411,110,334,
6,43916577,561,151,
6,43916606,11,1,
6,43916956,237,49,
6,43917122,108,29,
6,43917278,75,4,26
6,43917376,69,62,
6,43917448,162,202,
6,43917461,252,100,
6,43918352,51,39,17
6,43918437,214,322,
6,43918484,881,286,
6,43918596,57,45,
6,43918620,351,155,
6,43919812,136,76,
6,43919819,4,0,
6,43919840,25,0,
6,43919862,83,20,
6,43919868,223,78,
6,43919959,71,23,
6,43920006,28,5,
6,43920149,13,0,
6,43920188,269,61,
6,43920475,21,14,
6,43920544,152,44,
6,43920555,161,198,
6,43920792,217,138,
6,43920889,134,72,
6,43921040,23,0,
6,43921624,190,52,
6,43921653,114,26,
6,43921681,35,9,
6,43921813,26,0,
6,43922698,97,69,
6,43922759,131,130,
6,43922975,48,57,
6,43923187,124,114,
6,43923342,10,0,
6,43923372,328,116,
6,43924117,118,102,
6,43924178,3,0,
6,43924226,12,4,
6,43924358,305,69,
6,43924518,9,1,
6,43924560,3,0,
6,43925005,9,1,
6,43925132,4,0,
6,43925231,8,2,
6,43925325,63,27,
6,43925355,121,181,
6,43925396,10,1,
6,43925414,63,28,
6,43925502,10,2,
6,43925633,29,8,
6,43925654,11,0,
6,43925699,9,4,
6,43925732,481,357,
6,43925791,4,1,
6,43925820,3,1,
6,43925892,300,252,
6,43925952,22,10,
6,43925982,286,344,
6,43926012,7,1,
6,43926092,18,1,
6,43926097,19,1,10
6,43926165,630,617,
6,43926253,3,0,
6,43926324,30,10,
6,43926350,88,63,
6,43926376,3,1,
6,43926469,8,1,
6,43926477,29,10,
6,43926516,8,2,
6,43926754,24,6,
6,43927095,22,1,
6,43927302,5,0,
6,43927307,4,0,
6,43927314,40,4,
6,43927321,55,31,
6,43927337,227,132,
6,43927550,9,1,
6,43927649,26,12,
6,43927813,455,389,
6,43927842,32,23,
6,43927856,588,999,
6,43927914,186,103,
6,43927926,868,336,
6,43927942,50,16,
6,43927948,100,173,
6,43927964,12,0,
6,43928118,250,78,
6,43928267,68,18,
6,43928315,505,104,
6,43928570,46,21,
6,43928861,29,12,
6,43929021,43,3,
6,43929040,49,22,
6,43929054,113,101,
6,43929087,23,10,
6,43929447,70,14,
6,43929699,6,3,
6,43929724,1120,285,
6,43929943,3,0,
6,43930156,37,8,
6,43930187,11,5,10
6,43930389,22,24,19
6,43930397,144,68,
6,43930584,125,60,
6,43930628,27,19,
6,43930725,3,0,
6,43930757,82,104,
6,43930762,6,0,
6,43930901,29,6,
6,43930956,12,0,
6,43931170,3,1,
6,43931226,5,0,
6,43931237,3,0,
6,43931285,118,113,
6,43931298,12,0,
6,43931335,11,1,
6,43931358,25,1,
6,43931361,11,1,
6,43931409,227,264,
6,43931566,13,10,
6,43931569,24,4,
6,43931576,6,1,
6,43931673,86,55,
6,43931701,21,0,
6,43931845,154,66,
6,43931944,113,17,
6,43932009,3,0,
6,43932010,11,3,
6,43932024,26,3,
6,43932459,7,0,
6,43932540,6,2,
6,43932567,33,16,
6,43932602,16,9,
6,43932871,4,0,
6,43933023,7,0,
6,43933091,4,0,
6,43933248,190,91,
6,43933281,12,0,
6,43933412,146,112,
6,43933452,284,99,
6,43933511,108,10,
6,43933532,10,0,
6,43933548,11,0,
6,43933605,27,0,
6,43933628,176,59,
6,43933652,3,0,
6,43933683,91,29,
6,43933891,552,136,
6,43933962,35,6,
6,43934172,5,0,
6,43934188,16,1,
6,43934279,48,37,
6,43934313,124,105,
6,43934343,22,4,
6,43934540,282,155,
6,43934562,6,2,
6,43934711,305,134,
6,43934820,6,0,
6,43934954,53,12,
6,43934961,12,1,
6,43935067,263,308,14
6,43935225,5,3,
6,43935305,20,1,
6,43935339,11,2,
6,43935356,83,13,
6,43935394,270,76,24
6,43935434,114,44,
6,43935452,59,7,
6,43935486,16,6,
6,43935586,193,264,
6,43935625,202,155,
6,43935707,188,65,29
6,43935737,4,0,
6,43935833,6,3,
6,43935913,509,668,30
6,43935934,12,15,
6,43936004,8,0,
6,43936071,9,2,
6,43936097,204,114,27
6,43936098,5,1,
6,43936198,96,73,
6,43936242,6,3,
6,43936294,12,0,
6,43936408,303,41,11
6,43936461,12,0,
6,43936468,52,26,
6,43936525,18,3,
6,43936592,273,142,16
6,43936754,88,41,
6,43936775,20,4,
6,43936813,75,57,
6,43936844,58,78,
6,43936884,229,65,21
6,43936952,8,5,
6,43936999,5,0,
6,43937106,8,0,
6,43937151,9,1,
6,43937214,533,269,5
6,43937218,12,1,
6,43937242,190,165,
6,43937279,9,3,
6,43937306,10,2,
6,43937402,5,1,
6,43937688,20,5,
6,43937750,85,44,
6,43937789,14,0,
6,43937852,48,23,29
6,43937959,10,0,
6,43938137,11,0,
6,43938179,19,4,
6,43938268,9,0,
6,43938309,78,25,
6,43938400,119,75,22
6,43938481,48,3,
6,43938530,87,31,
6,43938607,135,52,13
6,43938611,28,5,
6,43938706,5,1,
6,43939006,202,77,
6,43939012,24,7,
6,43939053,7,1,
6,43939232,4,1,
6,43939251,4,0,
6,43939380,5,1,
6,43939419,95,68,
6,43939520,98,47,27
6,43939617,84,17,
6,43939637,38,5,
6,43939639,7,0,
6,43939781,60,5,
6,43940033,107,52,
6,43940175,5,0,
6,43940314,7,0,
6,43940385,7,0,
6,43940443,9,4,
6,43940500,72,10,
6,43940539,143,129,15
6,43940626,6,0,
6,43940641,15,2,
6,43940650,5,0,
6,43940711,7,1,
6,43940747,242,97,3
6,43940851,5,0,
6,43940865,163,227,
6,43941162,29,0,
6,43941247,7,1,
6,43941378,4,0,
6,43941564,36,40,20
6,43941596,66,65,
6,43941598,100,32,8
6,43941673,5,1,
6,43941719,12,0,
6,43941753,5,0,
6,43941851,18,2,
6,43941862,53,12,18
6,43941899,10,0,
6,43942004,4,1,
6,43942012,7,0,
6,43942149,130,39,5
6,43942194,12,3,
6,43942279,118,12,3
6,43942291,4,1,
6,43942318,54,12,6
6,43942423,6,0,
6,43942483,8,2,
6,43942499,3,0,
6,43942514,4,1,
6,43942664,12,11,
6,43942686,33,3,
6,43942759,23,5,
6,43942786,11,7,
6,43942791,4,2,
6,43942800,8,2,
6,43942848,13,5,23
6,43942864,4,0,
6,43942881,3,1,
6,43942930,9,6,
6,43943011,8,0,
6,43943019,8,0,
6,43943034,5,1,
6,43943039,11,2,
6,43943047,132,34,1
6,43943077,12,0,
6,43943236,26,4,8
6,43943363,9,1,
6,43943498,3,0,
6,43943506,4,0,
6,43943589,3,0,
7,43879702,285,123,
7,43879748,101,87,
7,43880248,77,14,
7,43880472,73,35,
7,43880883,106,20,
7,43880962,788,176,
7,43880973,459,413,
7,43881035,520,518,
7,43881211,259,103,
7,43881468,490,165,
7,43882118,62,19,
7,43882150,392,310,
7,43882291,147,101,
7,43882437,145,8,
7,43882809,201,143,
7,43882905,202,178,
7,43883040,458,123,
7,43883230,88,62,
7,43883642,160,187,
7,43883747,116,24,
7,43883902,330,213,
7,43884245,68,16,
7,43884418,190,33,
7,43884635,176,243,
7,43885101,584,857,
7,43885478,207,45,
7,43886023,81,64,
7,43886243,337,105,
7,43886271,65,10,
7,43886368,122,105,
7,43886381,95,78,
7,43886552,144,156,
7,43886601,130,27,
7,43886604,153,178,
7,43887068,114,60,
7,43887304,56,20,
7,43887489,40,68,
7,43887494,44,47,
7,43887637,226,37,
7,43887708,88,27,
7,43887874,115,26,
7,43887998,140,66,
7,43888007,154,25,
7,43888117,819,205,
7,43888157,185,39,
7,43888239,82,15,
7,43888777,90,47,
7,43888803,1415,839,
7,43889277,16,2,
7,43889610,247,59,
7,43889972,53,6,
7,43890118,30,0,
7,43890412,66,10,
7,43890525,295,316,
7,43890538,226,53,
7,43891128,147,31,
7,43891147,32,16,
7,43891245,297,194,
7,43891398,92,30,
7,43892096,288,60,
7,43892119,249,216,
7,43892331,90,5,
7,43892446,56,4,
7,43892481,109,79,
7,43892773,104,6,
7,43892786,214,82,
7,43892832,29,11,
7,43892840,91,8,
7,43893032,35,8,
7,43893127,18,13,
7,43893225,36,0,
7,43893442,80,27,
7,43893464,66,59,
7,43893581,62,12,
7,43893601,428,112,
7,43893762,401,341,
7,43893808,40,5,
7,43893906,209,81,
7,43894055,38,1,
7,43894175,320,203,
7,43894257,72,47,
7,43894305,684,262,
7,43894363,108,107,
7,43894967,44,24,
7,43895237,107,24,
7,43895456,153,36,
7,43895516,112,181,
7,43895622,109,64,
7,43895637,115,110,
7,43895693,16,0,
7,43895852,126,5,
7,43895890,330,101,
7,43896011,272,138,
7,43896188,263,92,
7,43896199,143,84,
7,43896228,127,109,
7,43896410,79,50,
7,43896609,38,16,
7,43896765,27,3,
7,43896820,39,4,
7,43896835,50,18,
7,43896944,40,2,
7,43896948,144,126,
7,43897129,161,57,
7,43897320,384,206,
7,43897719,86,10,
7,43897772,599,672,
7,43897816,26,6,
7,43898280,74,22,
7,43898306,53,14,
7,43898380,255,122,
7,43898400,23,2,
7,43898653,50,40,
7,43898717,91,11,
7,43899016,204,172,
7,43899028,512,226,
7,43899236,435,369,
7,43899251,162,21,
7,43899288,141,90,
7,43899317,30,30,
7,43899456,85,36,
7,43900264,45,32,
7,43900463,177,37,
7,43900877,655,569,
7,43901131,55,43,
7,43901190,211,71,
7,43901204,251,203,
7,43901495,231,114,
7,43901619,404,187,
7,43901643,43,22,
7,43901831,13,1,
7,43901985,57,10,
7,43902212,1150,438,
7,43902263,408,298,
7,43902308,181,379,
7,43902350,54,42,
7,43902869,112,151,
7,43903162,64,11,30
7,43903400,185,118,
7,43903534,276,154,
7,43903705,190,236,
7,43903728,139,71,
7,43903741,310,214,
7,43903809,25,2,
7,43903853,221,270,
7,43903945,107,75,
7,43903959,223,153,
7,43904478,144,101,
7,43904511,66,8,
7,43904546,71,11,
7,43904865,91,9,
7,43905153,26,11,
7,43905185,273,83,
7,43905299,244,127,
7,43905942,1099,268,
7,43906018,695,685,
7,43906066,133,45,
7,43906346,128,48,
7,43906442,202,25,
7,43906528,57,14,
7,43906566,39,3,
7,43906841,406,132,
7,43907050,5,0,
7,43907337,28,4,
7,43907376,447,238,
7,43907586,119,63,
7,43907820,602,647,
7,43907941,69,9,
7,43908220,49,20,
7,43908261,219,78,
7,43908368,161,89,
7,43908428,17,1,
7,43908770,51,66,
7,43908846,12,1,
7,43909111,75,49,
7,43909179,66,62,
7,43909191,26,8,
7,43909220,257,74,
7,43909328,30,1,
7,43909353,22,1,
7,43909360,26,0,
7,43909398,109,53,
7,43909409,613,331,
7,43909418,44,19,
7,43909430,484,614,
7,43909432,188,183,
7,43909519,77,36,
7,43910423,78,9,
7,43910565,96,14,
7,43910681,439,91,
7,43910685,120,66,
7,43910720,163,63,
7,43910745,257,210,
7,43910760,32,11,
7,43911167,228,128,
7,43911197,8,0,
7,43911252,246,282,
7,43911440,31,16,
7,43912618,115,21,2
7,43912844,717,417,
7,43913705,23,0,9
7,43913727,49,6,
7,43913751,436,206,
7,43913950,55,61,
7,43914235,308,375,
7,43914677,74,42,
7,43914705,612,378,
7,43914738,19,4,
7,43914784,38,15,
7,43914832,527,159,
7,43914852,43,4,12
7,43915470,9,0,
7,43915995,67,20,
7,43916098,494,155,
7,43916411,110,334,
7,43916577,562,151,
7,43916606,11,1,
7,43916956,237,49,
7,43917122,108,29,
7,43917278,78,4,24
7,43917376,69,62,
7,43917448,162,202,
7,43917461,252,100,
7,43918352,52,44,
7,43918437,214,322,
7,43918484,881,286,
7,43918596,57,45,
7,43918620,351,155,
7,43919812,136,76,
7,43919862,83,20,
7,43919868,223,78,
7,43919959,72,23,
7,43920006,28,5,
7,43920149,14,1,
7,43920188,269,61,
7,43920475,21,14,
7,43920544,152,44,
7,43920555,161,198,
7,43920792,217,138,
7,43920889,134,72,
7,43921040,23,0,
7,43921624,190,52,
7,43921653,114,26,
7,43921681,35,9,
7,43921813,26,0,
7,43922698,97,69,
7,43922759,131,130,
7,43922975,48,57,
7,43923187,125,114,
7,43923342,10,0,
7,43923372,328,116,
7,43924117,119,102,
7,43924178,3,0,
7,43924226,12,4,
7,43924358,305,69,
7,43924518,9,1,
7,43924560,4,0,
7,43925005,9,1,
7,43925132,4,0,
7,43925231,8,2,
7,43925325,63,27,
7,43925355,121,181,
7,43925396,10,1,
7,43925414,63,28,
7,43925502,10,2,
7,43925633,29,8,
7,43925654,11,0,
7,43925699,9,4,
7,43925732,482,357,
7,43925791,4,1,
7,43925820,3,1,
7,43925892,301,252,
7,43925952,22,10,
7,43925982,286,344,
7,43926012,7,1,
7,43926092,18,1,
7,43926097,22,1,9
7,43926165,631,617,
7,43926253,3,0,
7,43926324,30,10,
7,43926350,88,63,
7,43926376,3,1,
7,43926469,8,1,
7,43926477,29,10,
7,43926516,8,2,
7,43926754,24,6,
7,43927095,22,1,
7,43927302,5,0,
7,43927307,4,0,
7,43927314,40,4,
7,43927321,55,31,
7,43927337,227,132,
7,43927550,9,1,
7,43927649,26,12,
7,43927813,456,389,
7,43927842,32,23,
7,43927856,588,1000,
7,43927914,186,104,
7,43927926,868,337,
7,43927942,50,16,
7,43927948,100,173,
7,43927964,12,0,
7,43928118,250,78,
7,43928267,68,18,
7,43928315,506,104,
7,43928570,46,21,
7,43928861,29,12,
7,43929021,44,3,
7,43929040,49,22,
7,43929054,113,101,
7,43929087,23,10,
7,43929447,70,14,
7,43929699,6,3,
7,43929724,1120,285,
7,43929943,3,0,
7,43930156,37,8,
7,43930187,15,6,14
7,43930389,23,30,20
7,43930397,145,68,
7,43930584,125,60,
7,43930628,27,19,
7,43930725,3,0,
7,43930757,82,104,
7,43930762,6,0,
7,43930901,29,6,
7,43930956,12,0,
7,43931170,3,1,
7,43931226,5,0,
7,43931237,3,0,
7,43931285,118,117,
7,43931298,12,0,
7,43931335,11,1,
7,43931358,25,1,
7,43931361,11,1,
7,43931409,227,264,
7,43931566,13,10,
7,43931569,24,4,
7,43931576,6,1,
7,43931673,87,55,
7,43931701,22,0,
7,43931845,154,66,
7,43931944,113,17,
7,43932009,3,0,
7,43932010,11,3,
7,43932024,26,3,
7,43932459,7,0,
7,43932567,34,16,
7,43932602,16,9,
7,43932871,4,0,
7,43933023,7,0,
7,43933091,4,0,
7,43933248,190,91,
7,43933281,12,0,
7,43933412,148,114,
7,43933452,284,99,
7,43933511,108,10,
7,43933532,11,0,
7,43933548,11,0,
7,43933605,27,0,
7,43933628,176,59,
7,43933652,3,0,
7,43933683,91,29,
7,43933891,552,136,
7,43933962,36,6,
7,43934172,5,0,
7,43934188,16,1,
7,43934279,51,37,
7,43934313,125,105,
7,43934343,22,4,
7,43934540,282,155,
7,43934562,6,2,
7,43934711,306,134,
7,43934820,6,0,
7,43934954,55,14,
7,43934961,12,1,
7,43935067,280,328,14
7,43935225,5,3,
7,43935305,20,1,
7,43935339,11,2,
7,43935356,83,13,
7,43935394,276,77,23
7,43935434,115,45,
7,43935486,17,6,
7,43935586,194,266,
7,43935625,204,156,
7,43935707,193,68,26
7,43935737,4,0,
7,43935833,6,3,
7,43935913,515,676,28
7,43935934,12,15,
7,43936004,8,0,
7,43936071,10,2,
7,43936097,204,119,27
7,43936098,5,1,
7,43936198,96,74,
7,43936242,6,3,
7,43936294,12,0,
7,43936408,307,41,13
7,43936461,12,0,
7,43936468,54,27,
7,43936525,18,3,
7,43936592,277,144,17
7,43936754,88,41,
7,43936775,21,4,
7,43936813,75,57,
7,43936844,59,78,
7,43936884,230,65,21
7,43936952,8,5,
7,43936999,5,0,
7,43937106,9,0,
7,43937151,9,1,
7,43937214,537,270,7
7,43937218,13,1,
7,43937242,191,166,
7,43937279,9,3,
7,43937306,10,2,
7,43937402,5,1,
7,43937688,20,5,
7,43937750,85,44,
7,43937789,15,0,
7,43937852,50,24,29
7,43937959,10,0,
7,43938137,11,0,
7,43938179,19,4,
7,43938268,9,0,
7,43938309,79,25,
7,43938400,119,76,22
7,43938481,49,3,
7,43938530,89,31,
7,43938607,140,52,16
7,43938611,28,5,
7,43938706,5,1,
7,43939006,206,80,
7,43939012,26,7,
7,43939053,8,1,
7,43939232,5,1,
7,43939380,5,1,
7,43939419,95,68,
7,43939520,102,51,25
7,43939617,85,18,
7,43939637,38,5,
7,43939639,7,0,
7,43939781,61,6,
7,43940033,108,52,
7,43940175,5,0,
7,43940314,7,0,
7,43940385,7,0,
7,43940443,10,5,
7,43940500,75,10,
7,43940539,145,140,18
7,43940641,15,2,
7,43940711,9,1,
7,43940747,272,114,3
7,43940851,6,0,
7,43940865,169,229,
7,43941162,30,0,
7,43941247,9,1,
7,43941355,3,0,
7,43941377,4,0,
7,43941378,4,0,
7,43941564,37,46,
7,43941596,67,67,
7,43941598,106,34,10
7,43941673,5,1,
7,43941719,12,0,
7,43941753,6,0,
7,43941851,19,3,
7,43941862,59,14,19
7,43941899,10,0,
7,43942004,6,1,
7,43942012,7,0,
7,43942149,135,44,6
7,43942194,15,4,
7,43942279,128,12,5
7,43942291,6,1,
7,43942318,58,15,8
7,43942423,6,0,
7,43942483,10,2,
7,43942499,4,0,
7,43942514,4,1,
7,43942664,13,11,
7,43942686,36,6,
7,43942759,28,7,
7,43942786,11,7,
7,43942791,4,2,
7,43942800,10,2,
7,43942818,5,0,
7,43942848,13,7,
7,43942864,8,0,
7,43942881,9,2,30
7,43942930,10,7,
7,43943011,11,1,
7,43943019,9,0,
7,43943034,6,1,
7,43943039,12,2,
7,43943047,166,48,1
7,43943077,15,0,
7,43943236,54,11,4
7,43943363,10,2,
7,43943498,3,1,
7,43943502,3,0,
7,43943506,6,1,
7,43943583,13,5,
7,43943589,5,1,
7,43943652,21,1,3
7,43943670,7,0,
7,43943737,27,3,1
7,43943763,3,0,
8,43879702,285,123,
8,43879748,101,87,
8,43880248,77,14,
8,43880472,73,35,
8,43880883,106,20,
8,43880962,788,176,
8,43880973,459,413,
8,43881035,520,518,
8,43881211,259,103,
8,43881468,490,165,
8,43882150,392,310,
8,43882291,147,101,
8,43882437,145,8,
8,43882809,201,143,
8,43882905,202,178,
8,43883040,458,123,
8,43883230,88,62,
8,43883642,160,187,
8,43883747,116,24,
8,43883902,330,213,
8,43884245,68,16,
8,43884418,190,33,
8,43884635,176,243,
8,43885101,584,857,
8,43885478,207,45,
8,43886023,81,64,
8,43886243,337,105,
8,43886271,65,10,
8,43886368,122,105,
8,43886381,95,78,
8,43886552,144,156,
8,43886601,130,27,
8,43886604,153,178,
8,43887068,114,60,
8,43887304,56,20,
8,43887489,40,68,
8,43887494,44,47,
8,43887637,226,37,
8,43887708,88,27,
8,43887874,115,26,
8,43887998,140,66,
8,43888007,154,25,
8,43888117,819,205,
8,43888157,185,39,
8,43888239,82,15,
8,43888777,90,47,
8,43888803,1416,839,
8,43889610,247,59,
8,43889972,53,6,
8,43890118,30,0,
8,43890412,66,10,
8,43890525,295,317,
8,43890538,226,53,
8,43891128,147,31,
8,43891147,32,16,
8,43891245,297,194,
8,43891398,92,30,
8,43892096,288,60,
8,43892119,249,216,
8,43892331,90,5,
8,43892446,56,4,
8,43892481,109,79,
8,43892773,104,6,
8,43892786,214,82,
8,43892832,29,11,
8,43892840,91,8,
8,43893032,35,8,
8,43893127,18,13,
8,43893225,36,0,
8,43893442,80,27,
8,43893464,66,59,
8,43893581,62,12,
8,43893601,428,112,
8,43893762,401,341,
8,43893808,40,5,
8,43893906,209,81,
8,43894055,38,1,
8,43894175,320,203,
8,43894257,72,47,
8,43894305,685,262,
8,43894363,108,107,
8,43894967,44,24,
8,43895237,107,24,
8,43895456,153,36,
8,43895516,112,181,
8,43895622,109,64,
8,43895637,115,110,
8,43895852,126,5,
8,43895890,330,101,
8,43896011,272,138,
8,43896188,263,92,
8,43896199,143,84,
8,43896228,127,109,
8,43896410,79,50,
8,43896609,38,16,
8,43896765,27,3,
8,43896820,39,4,
8,43896835,51,18,
8,43896944,40,2,
8,43896948,144,126,
8,43897129,161,57,
8,43897320,384,206,
8,43897719,86,10,
8,43897772,599,672,
8,43897816,26,6,
8,43898280,74,22,
8,43898306,53,14,
8,43898380,255,122,
8,43898400,23,2,
8,43898653,50,40,
8,43898717,91,11,
8,43899016,204,172,
8,43899028,512,226,
8,43899236,435,369,
8,43899251,162,21,
8,43899288,141,90,
8,43899317,30,30,
8,43899456,85,36,
8,43900264,45,32,
8,43900463,177,37,
8,43900877,656,569,
8,43901131,55,43,
8,43901190,211,71,
8,43901204,251,203,
8,43901495,231,114,
8,43901619,404,187,
8,43901643,43,22,
8,43901831,13,1,
8,43901985,57,10,
8,43902212,1150,438,
8,43902263,408,298,
8,43902308,181,379,
8,43902869,112,151,
8,43903162,66,11,
8,43903400,185,118,
8,43903534,276,154,
8,43903705,190,236,
8,43903728,139,71,
8,43903741,310,214,
8,43903809,25,2,
8,43903853,221,270,
8,43903945,107,75,
8,43903959,223,153,
8,43904478,144,101,
8,43904511,66,8,
8,43904546,71,12,
8,43904865,91,9,
8,43905153,26,11,
8,43905185,273,83,
8,43905299,244,127,
8,43905942,1099,268,
8,43906018,695,685,
8,43906066,133,45,
8,43906346,128,49,
8,43906442,202,25,
8,43906528,57,14,
8,43906566,39,3,
8,43906841,407,132,
8,43907050,5,0,
8,43907337,28,4,
8,43907376,447,238,
8,43907586,119,63,
8,43907820,602,647,
8,43907941,69,9,
8,43908220,49,20,
8,43908261,220,78,
8,43908368,161,89,
8,43908428,17,1,
8,43908770,51,66,
8,43908846,12,1,
8,43909179,67,62,
8,43909191,27,8,
8,43909220,257,74,
8,43909328,31,1,
8,43909353,22,1,
8,43909360,26,0,
8,43909398,109,53,
8,43909409,613,331,
8,43909418,46,19,
8,43909430,484,616,
8,43909432,188,183,
8,43909519,77,36,
8,43910423,78,9,
8,43910565,96,14,
8,43910681,439,91,
8,43910685,120,66,
8,43910720,163,63,
8,43910745,257,210,
8,43910760,32,11,
8,43911167,228,128,
8,43911252,246,282,
8,43911440,31,16,
8,43912618,124,23,5
8,43912844,717,417,
8,43913705,33,0,7
8,43913727,49,6,
8,43913751,436,206,
8,43913950,55,61,
8,43914235,308,375,
8,43914677,74,42,
8,43914705,612,378,
8,43914738,19,4,
8,43914784,38,15,
8,43914832,527,159,
8,43914852,43,4,14
8,43915470,9,0,
8,43915995,67,20,
8,43916098,494,155,
8,43916411,110,334,
8,43916577,562,151,
8,43916606,11,1,
8,43916956,237,49,
8,43917122,108,29,
8,43917278,80,4,27
8,43917376,69,62,
8,43917448,162,202,
8,43917461,252,100,
8,43918352,53,44,
8,43918437,214,322,
8,43918484,882,286,
8,43918596,57,45,
8,43918620,351,155,
8,43919812,136,76,
8,43919862,83,20,
8,43919868,223,78,
8,43919959,72,23,
8,43920006,28,5,
8,43920149,14,1,
8,43920188,269,61,
8,43920421,3,0,24
8,43920475,21,14,
8,43920544,152,44,
8,43920555,161,198,
8,43920792,217,138,
8,43920889,134,73,
8,43921040,23,0,
8,43921624,190,53,
8,43921653,114,26,
8,43921681,35,9,
8,43921813,26,0,
8,43922698,97,69,
8,43922759,131,131,
8,43922975,48,57,
8,43923187,125,114,
8,43923342,10,0,
8,43923372,328,116,
8,43924117,120,102,
8,43924226,12,4,
8,43924358,305,69,
8,43924518,9,1,
8,43924560,4,0,
8,43925005,9,1,
8,43925132,4,0,
8,43925325,63,27,
8,43925355,121,181,
8,43925396,10,1,
8,43925414,63,28,
8,43925502,10,2,
8,43925654,11,0,
8,43925699,9,4,
8,43925732,482,357,
8,43925791,4,1,
8,43925820,3,1,
8,43925892,301,252,
8,43925952,22,10,
8,43925982,286,344,
8,43926012,7,1,
8,43926092,18,1,
8,43926097,24,1,13
8,43926165,632,617,
8,43926253,3,0,
8,43926324,30,10,
8,43926350,88,63,
8,43926376,3,1,
8,43926469,8,1,
8,43926477,29,10,
8,43926516,8,2,
8,43926754,24,6,
8,43927095,22,1,
8,43927302,5,0,
8,43927307,4,0,
8,43927314,40,4,
8,43927321,55,31,
8,43927337,227,132,
8,43927550,9,1,
8,43927649,26,12,
8,43927813,456,389,
8,43927842,32,23,
8,43927856,591,1001,
8,43927914,186,104,
8,43927926,870,337,
8,43927942,50,16,
8,43927948,100,173,
8,43928118,250,78,
8,43928267,68,18,
8,43928315,508,104,
8,43928570,46,21,
8,43928861,29,12,
8,43929021,44,3,
8,43929040,49,22,
8,43929054,113,101,
8,43929087,23,10,
8,43929447,70,14,
8,43929699,6,3,
8,43929724,1124,285,
8,43929943,3,0,
8,43930156,37,8,
8,43930187,17,7,17
8,43930389,25,31,27
8,43930397,145,68,
8,43930584,125,60,
8,43930628,27,19,
8,43930725,3,0,
8,43930757,82,104,
8,43930762,6,0,
8,43930901,29,6,
8,43930956,12,0,
8,43931170,3,1,
8,43931226,5,0,
8,43931237,3,0,
8,43931285,120,119,
8,43931298,12,0,
8,43931335,11,1,
8,43931358,25,1,
8,43931361,11,1,
8,43931409,227,265,
8,43931566,13,10,
8,43931569,24,4,
8,43931576,6,1,
8,43931673,87,55,
8,43931701,22,0,
8,43931845,154,66,
8,43931944,113,17,
8,43932009,3,0,
8,43932010,11,3,
8,43932024,26,3,
8,43932459,7,0,
8,43932567,34,16,
8,43932602,16,9,
8,43932871,4,0,
8,43933023,7,0,
8,43933091,4,0,
8,43933248,190,91,
8,43933281,12,0,
8,43933412,148,115,
8,43933452,287,99,
8,43933511,108,10,
8,43933532,11,0,
8,43933548,11,0,
8,43933605,27,0,
8,43933628,176,59,
8,43933652,3,0,
8,43933683,91,29,
8,43933891,554,136,
8,43933962,36,6,
8,43934172,5,0,
8,43934188,16,1,
8,43934279,52,38,
8,43934313,125,105,
8,43934343,23,4,
8,43934540,282,156,
8,43934562,6,2,
8,43934711,306,135,
8,43934820,6,0,
8,43934954,55,14,
8,43934961,12,1,
8,43935067,294,356,15
8,43935225,5,3,
8,43935305,20,1,
8,43935339,11,2,
8,43935356,83,13,
8,43935394,282,78,24
8,43935434,115,45,
8,43935486,17,6,
8,43935586,196,267,
8,43935625,206,157,
8,43935707,200,71,30
8,43935737,4,0,
8,43935833,6,3,
8,43935913,523,686,
8,43935934,12,15,
8,43936004,8,0,
8,43936071,11,2,
8,43936097,204,119,
8,43936098,5,1,
8,43936198,96,75,
8,43936242,6,3,
8,43936408,315,41,14
8,43936461,12,0,
8,43936468,54,29,
8,43936525,18,3,
8,43936592,283,145,18
8,43936754,88,41,
8,43936775,22,4,
8,43936813,76,57,
8,43936844,59,79,
8,43936884,237,66,23
8,43936952,8,5,
8,43936999,5,0,
8,43937106,9,0,
8,43937151,9,1,
8,43937214,544,272,9
8,43937218,14,2,
8,43937242,191,172,
8,43937279,9,3,
8,43937306,10,2,
8,43937688,20,5,
8,43937750,85,44,
8,43937789,15,0,
8,43937852,50,24,
8,43937959,10,0,
8,43938137,11,0,
8,43938179,19,4,
8,43938268,9,0,
8,43938309,79,25,
8,43938400,120,76,26
8,43938481,51,3,
8,43938530,89,32,
8,43938607,141,54,17
8,43938611,28,5,
8,43938706,5,1,
8,43939006,208,81,
8,43939012,26,7,
8,43939053,8,1,
8,43939232,5,1,
8,43939380,5,1,
8,43939419,95,69,
8,43939520,108,60,29
8,43939617,85,18,
8,43939637,38,5,
8,43939639,7,0,
8,43939781,61,6,
8,43940033,108,53,
8,43940096,5,0,
8,43940107,4,0,
8,43940172,4,0,
8,43940175,6,0,
8,43940314,8,0,
8,43940329,4,0,
8,43940385,8,0,
8,43940443,10,5,
8,43940500,77,10,
8,43940539,151,144,20
8,43940630,4,0,
8,43940641,16,2,
8,43940646,5,0,
8,43940654,7,1,
8,43940711,9,1,
8,43940747,288,125,5
8,43940800,5,0,
8,43940851,6,0,
8,43940865,171,229,
8,43941162,30,0,
8,43941247,9,1,
8,43941355,3,0,
8,43941377,4,0,
8,43941378,4,0,
8,43941564,38,46,
8,43941596,67,69,
8,43941598,112,38,12
8,43941673,5,1,
8,43941719,12,0,
8,43941753,6,0,
8,43941851,19,3,
8,43941862,60,14,22
8,43941899,10,0,
8,43942004,6,1,
8,43942012,7,0,
8,43942149,143,46,10
8,43942194,18,4,
8,43942279,140,13,8
8,43942291,6,1,
8,43942318,60,16,11
8,43942423,7,0,
8,43942483,10,2,
8,43942499,4,0,
8,43942514,5,2,
8,43942664,14,12,
8,43942686,37,7,
8,43942759,32,9,
8,43942786,11,7,
8,43942791,5,2,
8,43942800,10,2,
8,43942818,11,0,
8,43942848,15,7,
8,43942864,10,0,
8,43942881,25,7,20
8,43942930,10,7,
8,43943011,11,1,
8,43943019,9,0,
8,43943034,6,1,
8,43943039,13,2,
8,43943047,187,55,2
8,43943077,16,1,
8,43943236,79,16,4
8,43943363,12,1,
8,43943498,3,1,
8,43943502,3,0,
8,43943506,6,1,
8,43943583,39,25,17
8,43943589,7,1,
8,43943652,41,9,3
8,43943670,13,1,
8,43943737,49,25,1
8,43943763,6,0,
8,43943856,7,0,
8,43944016,7,0,30
9,43879702,285,123,
9,43879748,101,87,
9,43880248,77,14,
9,43880472,73,35,
9,43880883,106,20,
9,43880962,788,176,
9,43880973,460,413,
9,43881035,520,518,
9,43881211,259,103,
9,43881468,491,165,
9,43882150,392,310,
9,43882291,147,101,
9,43882437,145,8,
9,43882809,201,143,
9,43882905,202,178,
9,43883040,458,123,
9,43883230,88,62,
9,43883642,160,187,
9,43883747,116,24,
9,43883902,330,213,
9,43884245,68,16,
9,43884418,191,33,
9,43884635,176,243,
9,43885101,584,857,
9,43885478,207,45,
9,43886023,81,64,
9,43886243,337,105,
9,43886271,65,10,
9,43886368,122,105,
9,43886381,95,78,
9,43886552,144,156,
9,43886601,130,27,
9,43886604,153,178,
9,43887068,114,60,
9,43887304,56,20,
9,43887489,40,68,
9,43887637,226,37,
9,43887708,88,27,
9,43887874,115,26,
9,43887998,140,66,
9,43888007,154,25,
9,43888117,820,205,
9,43888157,185,39,
9,43888239,82,15,
9,43888777,90,47,
9,43888803,1417,839,
9,43889610,247,59,
9,43889972,53,6,
9,43890118,30,0,
9,43890412,66,10,
9,43890525,295,317,
9,43890538,226,53,
9,43891128,147,31,
9,43891147,32,16,
9,43891245,297,194,
9,43891398,92,30,
9,43892096,288,60,
9,43892119,249,216,
9,43892331,90,5,
9,43892446,56,4,
9,43892481,109,79,
9,43892773,104,6,
9,43892786,214,82,
9,43892832,29,11,
9,43892840,91,8,
9,43893032,35,8,
9,43893127,18,13,
9,43893225,36,0,
9,43893442,80,27,
9,43893464,66,59,
9,43893581,62,12,
9,43893601,428,112,
9,43893762,401,341,
9,43893808,40,5,
9,43893906,209,81,
9,43894055,38,1,
9,43894175,320,203,
9,43894257,72,47,
9,43894305,685,262,
9,43894363,108,107,
9,43894967,44,24,
9,43895237,107,24,
9,43895456,153,36,
9,43895516,112,181,
9,43895622,109,64,
9,43895637,115,110,
9,43895852,126,5,
9,43895890,330,101,
9,43896011,272,138,
9,43896188,263,92,
9,43896199,143,84,
9,43896228,127,109,
9,43896410,79,50,
9,43896609,38,16,
9,43896765,27,3,
9,43896820,39,4,
9,43896835,51,18,
9,43896944,40,2,
9,43896948,144,126,
9,43897129,161,57,
9,43897320,384,206,
9,43897719,86,10,
9,43897772,599,672,
9,43897816,26,6,
9,43898280,74,22,
9,43898306,53,14,
9,43898380,255,122,
9,43898400,23,2,
9,43898653,50,40,
9,43898717,91,11,
9,43899016,204,172,
9,43899028,512,226,
9,43899236,435,369,
9,43899251,162,21,
9,43899288,141,90,
9,43899317,30,30,
9,43899456,85,36,
9,43900264,45,32,
9,43900463,177,37,
9,43900877,656,569,
9,43901131,55,43,
9,43901190,211,71,
9,43901204,251,203,
9,43901495,231,114,
9,43901619,404,187,
9,43901643,43,22,
9,43901831,13,1,
9,43901985,57,10,
9,43902212,1151,438,
9,43902263,408,298,
9,43902308,181,379,
9,43902869,112,151,
9,43903162,67,11,
9,43903400,185,118,
9,43903534,276,154,
9,43903705,190,236,
9,43903728,139,71,
9,43903741,310,214,
9,43903809,25,2,
9,43903853,221,270,
9,43903945,107,75,
9,43903959,223,153,
9,43904478,144,101,
9,43904511,66,8,
9,43904546,72,12,
9,43904865,91,9,
9,43905153,26,11,
9,43905185,273,83,
9,43905299,244,127,
9,43905942,1100,268,
9,43906018,695,685,
9,43906066,133,45,
9,43906346,128,49,
9,43906442,202,25,
9,43906528,57,14,
9,43906566,39,3,
9,43906841,407,132,
9,43907050,5,0,
9,43907337,28,4,
9,43907376,447,238,
9,43907586,119,63,
9,43907820,602,647,
9,43907941,69,9,
9,43908220,49,20,
9,43908261,220,78,
9,43908368,161,89,
9,43908428,17,1,
9,43908770,51,66,
9,43909179,67,64,
9,43909191,27,8,
9,43909220,257,74,
9,43909328,31,1,
9,43909353,22,1,
9,43909360,26,0,
9,43909398,109,53,
9,43909409,613,331,
9,43909418,46,19,
9,43909430,484,616,
9,43909432,188,183,
9,43909519,77,36,
9,43910423,78,9,
9,43910565,96,14,
9,43910681,439,91,
9,43910685,120,66,
9,43910745,257,210,
9,43910760,32,11,
9,43911167,228,128,
9,43911252,246,282,
9,43911440,31,16,
9,43912618,134,25,6
9,43912844,717,417,
9,43913705,50,0,5
9,43913727,49,6,
9,43913751,436,206,
9,43913950,55,61,
9,43914235,308,375,
9,43914677,74,42,
9,43914705,612,378,
9,43914738,19,4,
9,43914784,38,15,
9,43914832,527,159,
9,43914852,46,4,19
9,43915470,9,0,
9,43915995,67,20,
9,43916098,494,155,
9,43916411,111,334,
9,43916577,562,151,
9,43916606,11,1,
9,43916622,14,2,12
9,43916956,237,49,
9,43917122,108,29,
9,43917278,82,4,28
9,43917376,69,62,
9,43917448,162,202,
9,43917461,252,100,
9,43918352,53,45,
9,43918437,214,322,
9,43918484,882,286,
9,43918596,57,45,
9,43918620,351,155,
9,43919812,136,76,
9,43919862,83,20,
9,43919868,223,78,
9,43919959,72,23,
9,43920006,28,5,
9,43920149,14,1,
9,43920188,269,61,
9,43920421,3,0,
9,43920475,21,14,
9,43920544,152,44,
9,43920555,161,198,
9,43920792,217,138,
9,43920889,134,73,
9,43921040,23,0,
9,43921624,190,53,
9,43921653,114,26,
9,43921681,36,9,
9,43921813,26,0,
9,43922698,97,69,
9,43922759,131,131,
9,43922975,48,57,
9,43923187,125,114,
9,43923342,10,0,
9,43923372,328,116,
9,43924117,120,102,
9,43924226,12,4,
9,43924358,305,69,
9,43924518,9,1,
9,43924560,4,0,
9,43925005,9,1,
9,43925132,4,0,
9,43925325,63,27,
9,43925355,121,182,
9,43925396,10,1,
9,43925414,63,28,
9,43925502,10,2,
9,43925654,11,0,
9,43925699,9,4,
9,43925732,482,358,
9,43925791,4,1,
9,43925820,3,1,
9,43925892,301,252,
9,43925952,22,10,
9,43925982,286,344,
9,43926012,7,1,
9,43926092,18,1,
9,43926097,26,1,14
9,43926165,633,617,
9,43926253,3,0,
9,43926324,30,10,
9,43926376,3,1,
9,43926469,8,1,
9,43926477,29,10,
9,43926516,8,2,
9,43926754,24,6,
9,43927095,22,1,
9,43927302,5,0,
9,43927307,4,0,
9,43927314,40,4,
9,43927321,55,31,
9,43927337,227,132,
9,43927550,9,1,
9,43927649,26,12,
9,43927813,456,389,
9,43927842,32,23,
9,43927856,591,1003,
9,43927914,186,104,
9,43927926,870,337,
9,43927942,50,16,
9,43927948,100,173,
9,43928118,250,78,
9,43928267,68,18,
9,43928315,508,104,
9,43928570,46,21,
9,43928861,29,12,
9,43929021,44,3,
9,43929040,49,22,
9,43929054,113,101,
9,43929087,23,10,
9,43929447,70,14,
9,43929699,6,3,
9,43929724,1125,285,
9,43929943,3,0,
9,43930156,37,8,
9,43930187,19,7,24
9,43930389,29,33,30
9,43930397,145,69,
9,43930584,125,60,
9,43930628,27,19,
9,43930725,3,0,
9,43930757,82,104,
9,43930762,6,0,
9,43930901,29,6,
9,43930956,12,0,
9,43931170,3,1,
9,43931226,5,0,
9,43931237,3,0,
9,43931285,120,120,
9,43931298,12,0,
9,43931335,11,1,
9,43931358,25,1,
9,43931361,11,1,
9,43931409,227,265,
9,43931566,13,10,
9,43931569,24,4,
9,43931576,6,1,
9,43931673,87,55,
9,43931701,22,0,
9,43931845,154,66,
9,43931944,113,17,
9,43932009,3,0,
9,43932010,11,3,
9,43932024,26,3,
9,43932459,7,0,
9,43932567,34,16,
9,43932602,16,9,
9,43932871,4,0,
9,43933023,7,0,
9,43933091,4,0,
9,43933248,190,91,
9,43933281,12,0,
9,43933412,148,116,
9,43933452,288,101,
9,43933511,108,10,
9,43933548,11,0,
9,43933605,27,0,
9,43933628,176,59,
9,43933652,3,0,
9,43933683,91,29,
9,43933891,555,136,
9,43933962,36,6,
9,43934172,5,0,
9,43934188,16,1,
9,43934279,53,40,
9,43934313,126,105,
9,43934343,23,4,
9,43934540,284,156,
9,43934562,6,2,
9,43934711,306,135,
9,43934820,6,0,
9,43934954,55,14,
9,43934961,12,1,
9,43935067,306,369,18
9,43935225,5,3,
9,43935305,20,1,
9,43935339,11,2,
9,43935356,83,13,
9,43935394,289,80,26
9,43935434,116,45,
9,43935486,17,6,
9,43935586,196,268,
9,43935625,206,157,
9,43935707,204,72,
9,43935913,527,695,
9,43935934,12,15,
9,43936004,8,0,
9,43936071,11,2,
9,43936097,205,119,
9,43936098,5,1,
9,43936198,96,75,
9,43936242,6,3,
9,43936408,323,41,16
9,43936461,12,0,
9,43936468,54,31,
9,43936525,18,3,
9,43936592,286,146,21
9,43936754,88,41,
9,43936775,22,4,
9,43936813,76,57,
9,43936844,61,79,
9,43936884,242,67,25
9,43936952,8,5,
9,43936999,5,0,
9,43937106,9,0,
9,43937151,9,1,
9,43937214,552,276,9
9,43937218,14,3,
9,43937242,191,173,
9,43937279,9,3,
9,43937306,10,2,
9,43937688,20,5,
9,43937750,85,44,
9,43937789,15,0,
9,43937852,51,25,
9,43937959,10,0,
9,43938179,19,4,
9,43938268,9,0,
9,43938309,80,25,
9,43938400,123,77,29
9,43938481,52,3,
9,43938530,90,32,
9,43938607,143,54,20
9,43938611,28,5,
9,43938706,5,1,
9,43939006,214,83,
9,43939012,26,7,
9,43939053,8,1,
9,43939232,5,1,
9,43939380,6,1,
9,43939419,95,69,
9,43939520,114,71,
9,43939617,85,18,
9,43939637,38,5,
9,43939781,61,6,
9,43940033,108,55,
9,43940096,5,0,
9,43940107,4,0,
9,43940172,4,0,
9,43940175,6,0,
9,43940314,8,0,
9,43940329,4,0,
9,43940385,8,0,
9,43940443,10,5,
9,43940500,79,10,
9,43940539,154,153,22
9,43940630,4,0,
9,43940641,16,2,
9,43940646,6,0,
9,43940654,7,1,
9,43940660,6,0,
9,43940711,9,1,
9,43940747,319,136,5
9,43940800,5,0,
9,43940851,6,0,
9,43940865,171,230,
9,43941162,30,0,
9,43941247,9,1,
9,43941355,3,0,
9,43941377,4,0,
9,43941378,4,0,
9,43941564,38,50,
9,43941596,67,71,
9,43941598,117,42,13
9,43941673,5,1,
9,43941719,12,0,
9,43941753,6,0,
9,43941851,19,3,
9,43941862,65,16,23
9,43941899,10,0,
9,43942004,6,1,
9,43942012,7,0,
9,43942149,152,46,10
9,43942194,18,4,
9,43942279,145,15,8
9,43942291,6,1,
9,43942318,65,17,12
9,43942423,7,0,
9,43942483,10,2,
9,43942499,4,0,
9,43942514,5,2,
9,43942664,14,12,
9,43942686,39,7,
9,43942759,33,10,
9,43942786,11,7,
9,43942791,5,2,
9,43942800,10,2,
9,43942818,15,0,
9,43942848,15,7,
9,43942864,11,1,
9,43942881,50,8,14
9,43942930,10,7,
9,43943011,11,1,
9,43943019,9,1,
9,43943034,6,1,
9,43943039,13,2,
9,43943047,221,61,1
9,43943077,17,1,
9,43943236,97,18,4
9,43943363,12,1,
9,43943498,3,1,
9,43943502,4,0,
9,43943506,6,1,
9,43943583,54,50,15
9,43943589,7,1,
9,43943652,57,23,3
9,43943670,20,2,
9,43943673,4,0,
9,43943737,59,37,1
9,43943741,5,0,
9,43943763,7,0,
9,43943856,7,0,
9,43943871,16,4,18
9,43943984,7,0,11
9,43944016,22,17,24
9,43944167,5,3,9
9,43944239,6,1,
10,43879702,285,123,
10,43879748,101,87,
10,43880248,77,14,
10,43880472,73,35,
10,43880883,106,20,
10,43880962,788,176,
10,43880973,460,413,
10,43881035,520,518,
10,43881211,259,103,
10,43881468,491,165,
10,43882150,392,310,
10,43882291,147,101,
10,43882437,145,8,
10,43882809,201,143,
10,43882905,202,178,
10,43883040,458,123,
10,43883230,88,62,
10,43883642,160,187,
10,43883747,116,24,
10,43883902,330,213,
10,43884245,68,16,
10,43884418,191,33,
10,43884635,176,243,
10,43885101,584,857,
10,43885478,207,45,
10,43886023,81,64,
10,43886243,337,105,
10,43886271,65,10,
10,43886368,122,105,
10,43886381,95,78,
10,43886552,144,156,
10,43886601,130,27,
10,43886604,153,178,
10,43887068,114,60,
10,43887304,56,20,
10,43887489,40,68,
10,43887637,226,37,
10,43887708,88,27,
10,43887874,115,26,
10,43887998,140,66,
10,43888007,155,25,
10,43888117,820,205,
10,43888157,185,39,
10,43888239,82,15,
10,43888777,90,47,
10,43888803,1417,839,
10,43889610,247,59,
10,43889972,53,6,
10,43890118,30,0,
10,43890412,66,10,
10,43890525,295,317,
10,43890538,226,53,
10,43891128,147,31,
10,43891147,32,16,
10,43891245,297,194,
10,43891398,92,30,
10,43892096,288,60,
10,43892119,249,216,
10,43892331,90,5,
10,43892446,56,4,
10,43892481,109,79,
10,43892773,104,6,
10,43892786,214,82,
10,43892832,29,11,
10,43892840,91,8,
10,43893032,35,8,
10,43893127,18,13,
10,43893225,36,0,
10,43893442,80,27,
10,43893464,66,59,
10,43893581,62,12,
10,43893601,428,112,
10,43893762,402,341,
10,43893808,40,5,
10,43893906,209,81,
10,43894055,38,1,
10,43894175,320,203,
10,43894257,72,47,
10,43894305,685,262,
10,43894363,108,107,
10,43894967,44,24,
10,43895237,107,24,
10,43895456,153,36,
10,43895516,112,181,
10,43895622,109,64,
10,43895637,115,110,
10,43895852,126,5,
10,43895890,330,101,
10,43896011,272,138,
10,43896188,263,92,
10,43896199,143,84,
10,43896410,79,50,
10,43896609,38,16,
10,43896765,27,3,
10,43896820,39,4,
10,43896835,51,18,
10,43896944,40,2,
10,43896948,144,126,
10,43897129,161,57,
10,43897320,384,206,
10,43897719,86,10,
10,43897772,599,672,
10,43897816,26,6,
10,43898280,74,22,
10,43898306,53,14,
10,43898380,255,122,
10,43898400,23,2,
10,43898653,50,40,
10,43898717,91,11,
10,43899016,204,172,
10,43899028,512,226,
10,43899236,435,369,
10,43899251,162,21,
10,43899288,141,90,
10,43899317,30,30,
10,43899456,85,36,
10,43900264,45,32,
10,43900463,177,37,
10,43900877,656,569,
10,43901131,55,43,
10,43901190,212,71,
10,43901204,251,203,
10,43901495,231,114,
10,43901619,404,187,
10,43901643,43,22,
10,43901831,13,1,
10,43901985,57,10,
10,43902212,1151,438,
10,43902263,408,298,
10,43902308,181,379,
10,43902869,112,151,
10,43903162,70,11,
10,43903400,185,118,
10,43903534,276,154,
10,43903705,190,237,
10,43903728,139,71,
10,43903741,310,214,
10,43903809,25,2,
10,43903853,221,270,
10,43903945,107,75,
10,43903959,223,153,
10,43904478,144,101,
10,43904511,66,8,
10,43904546,72,12,
10,43904865,91,9,
10,43905153,26,11,
10,43905185,273,83,
10,43905299,244,127,
10,43905942,1100,268,
10,43906018,695,685,
10,43906066,133,45,
10,43906346,128,49,
10,43906442,202,25,
10,43906528,57,14,
10,43906566,39,3,
10,43906841,407,132,
10,43907050,5,0,
10,43907337,28,4,
10,43907376,448,238,
10,43907586,119,63,
10,43907820,602,647,
10,43907941,69,9,
10,43908220,49,20,
10,43908261,220,78,
10,43908368,161,89,
10,43908428,17,1,
10,43908770,51,66,
10,43909179,67,64,
10,43909191,27,8,
10,43909220,257,74,
10,43909328,31,1,
10,43909353,22,1,
10,43909360,26,0,
10,43909398,109,53,
10,43909409,613,331,
10,43909418,46,19,
10,43909430,484,616,
10,43909432,188,183,
10,43909519,78,36,
10,43910423,78,9,
10,43910565,96,14,
10,43910681,439,91,
10,43910685,120,66,
10,43910745,257,210,
10,43910760,32,11,
10,43911167,228,128,
10,43911252,246,282,
10,43911440,31,16,
10,43912618,144,27,7
10,43912844,717,417,
10,43913705,70,2,2
10,43913727,49,6,
10,43913751,436,206,
10,43913950,55,61,
10,43914235,308,375,
10,43914677,74,42,
10,43914705,612,378,
10,43914738,19,4,
10,43914784,38,15,
10,43914832,527,159,
10,43914852,47,4,21
10,43915470,9,0,
10,43915995,67,20,
10,43916098,495,155,
10,43916411,112,334,
10,43916577,563,151,
10,43916606,11,1,
10,43916622,27,3,8
10,43916956,237,49,
10,43917122,108,29,
10,43917278,83,4,
10,43917376,69,62,
10,43917448,162,202,
10,43917461,252,100,
10,43918352,54,46,
10,43918437,214,322,
10,43918484,882,286,
10,43918596,57,45,
10,43918620,351,155,
10,43919812,136,76,
10,43919862,83,20,
10,43919868,223,78,
10,43919959,72,23,
10,43920006,29,5,
10,43920149,14,1,
10,43920188,269,61,
10,43920421,3,0,
10,43920475,21,14,
10,43920544,152,45,
10,43920555,161,198,
10,43920792,217,138,
10,43920889,134,73,
10,43921040,23,0,
10,43921624,190,53,
10,43921653,114,26,
10,43921681,36,9,
10,43921813,26,0,
10,43922698,97,69,
10,43922759,131,131,
10,43922975,48,57,
10,43923187,125,114,
10,43923342,10,0,
10,43923372,328,116,
10,43924117,120,102,
10,43924226,12,4,
10,43924358,305,69,
10,43925005,9,1,
10,43925132,4,0,
10,43925325,63,27,
10,43925355,121,183,
10,43925396,10,1,
10,43925414,63,28,
10,43925502,10,2,
10,43925654,11,0,
10,43925699,9,4,
10,43925732,484,359,
10,43925791,4,1,
10,43925820,3,1,
10,43925892,301,252,
10,43925952,22,10,
10,43925982,286,345,
10,43926012,7,1,
10,43926092,18,1,
10,43926097,31,1,18
10,43926165,633,619,
10,43926253,3,0,
10,43926324,30,10,
10,43926376,3,1,
10,43926469,8,1,
10,43926477,29,10,
10,43926516,8,2,
10,43926754,24,6,
10,43927095,22,1,
10,43927302,5,0,
10,43927307,4,0,
10,43927314,40,4,
10,43927321,55,31,
10,43927337,227,133,
10,43927550,9,1,
10,43927649,26,12,
10,43927813,456,389,
10,43927842,32,23,
10,43927856,592,1004,
10,43927914,186,104,
10,43927926,872,337,
10,43927942,50,16,
10,43927948,100,173,
10,43928118,250,78,
10,43928315,508,104,
10,43928570,46,21,
10,43928861,29,12,
10,43928942,8,7,16
10,43929021,44,3,
10,43929040,49,22,
10,43929054,113,101,
10,43929087,23,10,
10,43929447,70,14,
10,43929699,6,3,
10,43929724,1125,285,
10,43929943,3,0,
10,43930156,37,8,
10,43930187,21,7,27
10,43930389,30,36,30
10,43930397,146,71,
10,43930584,126,60,
10,43930628,27,19,
10,43930725,3,0,
10,43930757,82,104,
10,43930762,6,0,
10,43930901,29,6,
10,43930956,12,0,
10,43931170,3,1,
10,43931226,5,0,
10,43931237,3,0,
10,43931285,120,120,
10,43931298,12,0,
10,43931335,11,1,
10,43931358,25,1,
10,43931361,11,1,
10,43931409,227,265,
10,43931566,13,10,
10,43931569,24,4,
10,43931576,6,1,
10,43931673,88,55,
10,43931701,22,0,
10,43931845,155,66,
10,43931944,113,17,
10,43932009,3,0,
10,43932010,11,3,
10,43932024,26,3,
10,43932459,7,0,
10,43932567,34,16,
10,43932602,16,9,
10,43932871,4,0,
10,43933023,7,0,
10,43933091,4,0,
10,43933248,191,91,
10,43933281,12,0,
10,43933412,149,116,
10,43933452,288,101,
10,43933511,108,10,
10,43933548,11,0,
10,43933605,27,0,
10,43933628,176,59,
10,43933652,3,0,
10,43933683,91,29,
10,43933891,557,136,
10,43933962,36,6,
10,43934172,5,0,
10,43934188,16,1,
10,43934279,54,40,
10,43934313,126,105,
10,43934343,24,4,
10,43934540,284,156,
10,43934562,6,2,
10,43934711,309,136,
10,43934820,6,0,
10,43934954,56,14,
10,43934961,12,1,
10,43935067,314,382,20
10,43935225,6,3,
10,43935305,20,1,
10,43935339,11,2,
10,43935356,84,14,
10,43935394,294,81,29
10,43935434,116,45,
10,43935486,17,6,
10,43935586,198,270,
10,43935625,209,160,
10,43935707,207,74,
10,43935913,530,705,
10,43935934,12,15,
10,43936004,8,0,
10,43936071,11,2,
10,43936097,206,120,
10,43936198,96,75,
10,43936242,6,3,
10,43936408,327,41,18
10,43936461,13,0,
10,43936468,54,31,
10,43936525,18,3,
10,43936592,290,146,22
10,43936754,88,41,
10,43936813,77,57,
10,43936844,61,79,
10,43936884,246,67,28
10,43936952,8,5,
10,43936999,5,0,
10,43937106,9,0,
10,43937151,9,1,
10,43937214,556,276,11
10,43937218,14,3,
10,43937242,191,173,
10,43937279,9,3,
10,43937306,10,2,
10,43937688,20,5,
10,43937750,85,44,
10,43937789,15,0,
10,43937852,51,25,
10,43938179,19,4,
10,43938268,9,0,
10,43938309,80,25,
10,43938400,125,78,
10,43938481,53,3,
10,43938530,91,32,
10,43938607,144,55,23
10,43938611,28,5,
10,43939006,216,85,
10,43939012,26,7,
10,43939053,8,1,
10,43939232,5,1,
10,43939380,6,2,
10,43939419,95,69,
10,43939520,114,74,
10,43939617,86,19,
10,43939637,38,5,
10,43939781,63,7,
10,43940033,108,55,
10,43940096,5,0,
10,43940107,4,0,
10,43940172,4,0,
10,43940175,6,0,
10,43940314,8,0,
10,43940329,4,0,
10,43940385,8,0,
10,43940443,10,5,
10,43940500,79,10,
10,43940539,158,157,25
10,43940630,4,0,
10,43940641,16,2,
10,43940646,7,0,
10,43940654,7,1,
10,43940660,7,0,
10,43940711,9,1,
10,43940747,342,144,6
10,43940800,5,0,
10,43940851,6,0,
10,43940865,171,232,
10,43941162,30,0,
10,43941247,9,1,
10,43941355,3,0,
10,43941377,5,0,
10,43941378,4,0,
10,43941564,39,55,
10,43941596,67,72,
10,43941598,122,44,16
10,43941673,5,1,
10,43941719,12,0,
10,43941753,7,0,
10,43941862,68,17,26
10,43941899,10,0,
10,43942004,6,1,
10,43942012,7,0,
10,43942149,160,47,13
10,43942194,20,4,
10,43942279,149,17,11
10,43942291,6,1,
10,43942318,65,17,16
10,43942423,7,0,
10,43942483,10,2,
10,43942499,4,0,
10,43942514,5,2,
10,43942664,14,12,
10,43942686,44,8,
10,43942759,34,11,
10,43942786,11,7,
10,43942791,5,2,
10,43942800,10,2,
10,43942818,16,0,
10,43942848,15,7,
10,43942864,14,1,
10,43942881,68,15,12
10,43942930,10,7,
10,43943011,12,1,
10,43943019,10,1,
10,43943031,3,0,
10,43943034,6,1,
10,43943039,14,2,
10,43943047,256,66,1
10,43943077,17,1,
10,43943236,112,27,4
10,43943342,3,0,
10,43943363,12,1,
10,43943498,3,1,
10,43943502,4,0,
10,43943506,6,1,
10,43943542,4,1,
10,43943583,57,66,
10,43943589,7,1,
10,43943610,14,0,15
10,43943652,70,37,3
10,43943670,23,5,
10,43943673,6,0,
10,43943696,6,1,
10,43943737,64,44,2
10,43943741,6,0,
10,43943763,7,0,
10,43943856,8,0,
10,43943871,24,12,7
10,43943984,14,0,9
10,43944016,37,31,24
10,43944154,18,8,2
10,43944167,12,4,7
10,43944239,15,4,
10,43944266,4,1,
11,43879702,285,123,
11,43879748,101,87,
11,43880248,77,14,
11,43880472,73,35,
11,43880883,106,20,
11,43880962,788,176,
11,43880973,460,413,
11,43881035,520,518,
11,43881211,259,103,
11,43881468,491,165,
11,43882150,392,310,
11,43882291,147,101,
11,43882437,145,8,
11,43882809,201,143,
11,43882905,202,178,
11,43883040,458,123,
11,43883230,88,62,
11,43883642,160,187,
11,43883747,116,24,
11,43883902,330,213,
11,43884245,68,16,
11,43884418,191,33,
11,43884635,176,243,
11,43885101,584,858,
11,43885478,207,45,
11,43886023,81,64,
11,43886243,337,105,
11,43886271,65,10,
11,43886368,122,105,
11,43886381,95,78,
11,43886552,144,156,
11,43886601,130,27,
11,43886604,153,178,
11,43887068,114,60,
11,43887304,56,20,
11,43887489,40,68,
11,43887637,226,37,
11,43887708,88,27,
11,43887874,115,26,
11,43887998,140,66,
11,43888007,155,25,
11,43888117,820,205,
11,43888157,185,39,
11,43888239,82,15,
11,43888777,90,47,
11,43888803,1417,839,
11,43889610,247,59,
11,43889972,53,6,
11,43890118,30,0,
11,43890412,66,10,
11,43890525,295,317,
11,43890538,226,53,
11,43891128,147,31,
11,43891147,32,16,
11,43891245,297,194,
11,43891398,92,30,
11,43892096,288,60,
11,43892119,249,216,
11,43892331,90,5,
11,43892446,56,4,
11,43892481,109,79,
11,43892773,104,6,
11,43892786,214,82,
11,43892832,29,11,
11,43892840,91,8,
11,43893032,35,8,
11,43893127,18,13,
11,43893225,36,0,
11,43893442,80,27,
11,43893464,66,59,
11,43893581,62,12,
11,43893601,428,112,
11,43893762,402,341,
11,43893808,40,5,
11,43893906,209,81,
11,43894055,38,1,
11,43894175,320,203,
11,43894257,72,47,
11,43894305,686,262,
11,43894363,108,107,
11,43894967,44,24,
11,43895237,107,24,
11,43895456,153,36,
11,43895516,112,181,
11,43895622,109,64,
11,43895637,115,110,
11,43895852,126,5,
11,43895890,330,101,
11,43896011,272,138,
11,43896188,263,92,
11,43896199,143,84,
11,43896228,127,109,
11,43896410,79,50,
11,43896609,38,16,
11,43896765,27,3,
11,43896820,39,4,
11,43896835,51,18,
11,43896944,40,2,
11,43896948,144,126,
11,43897129,161,57,
11,43897320,384,206,
11,43897719,86,10,
11,43897772,599,672,
11,43897816,26,6,
11,43898280,75,22,
11,43898306,53,14,
11,43898380,255,122,
11,43898400,23,2,
11,43898653,50,40,
11,43898717,91,11,
11,43899016,204,172,
11,43899028,512,226,
11,43899236,435,369,
11,43899251,162,21,
11,43899288,141,90,
11,43899317,30,30,
11,43899456,85,37,
11,43900264,45,32,
11,43900463,177,37,
11,43900877,657,569,
11,43901131,55,43,
11,43901190,213,71,
11,43901204,251,203,
11,43901495,231,114,
11,43901619,404,187,
11,43901643,43,22,
11,43901831,13,1,
11,43901985,57,10,
11,43902212,1151,438,
11,43902263,408,298,
11,43902308,181,379,
11,43902869,112,151,
11,43903162,70,11,
11,43903400,185,118,
11,43903534,276,154,
11,43903705,190,237,
11,43903728,139,71,
11,43903741,310,214,
11,43903809,25,2,
11,43903853,221,270,
11,43903945,107,75,
11,43903959,223,153,
11,43904478,144,101,
11,43904511,66,8,
11,43904546,73,12,
11,43904865,91,9,
11,43905153,26,11,
11,43905185,273,83,
11,43905299,244,127,
11,43905942,1100,268,
11,43906018,695,685,
11,43906066,133,45,
11,43906346,128,49,
11,43906442,202,25,
11,43906528,57,14,
11,43906566,39,3,
11,43906841,407,132,
11,43907050,5,0,
11,43907337,28,4,
11,43907376,448,238,
11,43907586,119,63,
11,43907820,602,649,
11,43907941,69,9,
11,43908220,50,20,
11,43908261,221,78,
11,43908368,162,89,
11,43908428,17,1,
11,43908770,51,66,
11,43909179,68,64,
11,43909191,27,8,
11,43909220,257,74,
11,43909328,31,1,
11,43909353,22,1,
11,43909360,26,0,
11,43909398,109,53,
11,43909409,614,331,
11,43909418,46,19,
11,43909430,484,616,
11,43909432,188,183,
11,43909519,78,36,
11,43910423,78,9,
11,43910565,96,14,
11,43910681,439,91,
11,43910685,120,66,
11,43910745,257,210,
11,43910760,32,11,
11,43911167,228,128,
11,43911252,246,282,
11,43911440,31,16,
11,43912618,151,27,8
11,43912844,717,417,
11,43913705,83,3,2
11,43913727,49,6,
11,43913751,436,206,
11,43913950,55,61,
11,43914235,308,375,
11,43914677,74,42,
11,43914705,613,378,
11,43914738,19,4,
11,43914784,38,15,
11,43914807,12,2,10
11,43914832,528,159,
11,43914852,48,6,25
11,43915470,9,0,
11,43915995,67,20,
11,43916098,496,156,
11,43916411,112,334,
11,43916577,563,151,
11,43916606,11,1,
11,43916622,47,7,4
11,43916956,237,49,
11,43917122,108,29,
11,43917278,83,4,
11,43917376,69,62,
11,43917448,162,202,
11,43917461,252,100,
11,43918352,54,46,
11,43918437,214,322,
11,43918484,884,286,
11,43918596,57,45,
11,43918620,352,155,
11,43919812,136,76,
11,43919862,83,20,
11,43919868,223,78,
11,43919959,72,23,
11,43920006,29,5,
11,43920149,14,1,
11,43920188,269,61,
11,43920421,4,0,
11,43920475,21,14,
11,43920544,152,45,
11,43920555,161,198,
11,43920792,217,138,
11,43920889,134,73,
11,43921040,23,0,
11,43921624,190,53,
11,43921653,114,26,
11,43921681,36,9,
11,43921813,26,0,
11,43922698,97,69,
11,43922759,131,131,
11,43922975,48,57,
11,43923187,125,114,
11,43923342,10,0,
11,43923372,328,116,
11,43924117,120,102,
11,43924226,12,4,
11,43924358,305,69,
11,43925132,4,0,
11,43925325,63,27,
11,43925355,121,183,
11,43925396,10,1,
11,43925414,63,28,
11,43925502,10,2,
11,43925654,11,0,
11,43925699,9,4,
11,43925732,485,359,
11,43925791,4,1,
11,43925820,3,1,
11,43925892,301,252,
11,43925952,22,10,
11,43925982,287,345,
11,43926012,7,1,
11,43926092,18,1,
11,43926097,36,1,18
11,43926165,634,622,
11,43926253,3,0,
11,43926324,30,10,
11,43926376,3,1,
11,43926469,8,1,
11,43926477,29,10,
11,43926516,8,2,
11,43926754,24,6,
11,43927095,22,1,
11,43927302,5,0,
11,43927307,4,0,
11,43927314,40,4,
11,43927321,55,31,
11,43927337,227,133,
11,43927550,9,1,
11,43927649,26,12,
11,43927813,457,389,
11,43927842,32,23,
11,43927856,593,1004,
11,43927914,186,104,
11,43927926,873,337,
11,43927942,50,16,
11,43927948,100,173,
11,43928118,251,78,
11,43928315,509,104,
11,43928570,46,21,
11,43928861,29,12,
11,43928942,13,8,16
11,43929021,44,3,
11,43929040,49,22,
11,43929054,113,102,
11,43929087,23,10,
11,43929447,70,14,
11,43929699,6,3,
11,43929724,1128,285,
11,43929943,3,0,
11,43930156,37,8,
11,43930187,25,8,28
11,43930389,31,39,
11,43930397,146,71,
11,43930584,126,60,
11,43930628,27,19,
11,43930725,3,0,
11,43930757,82,104,
11,43930762,6,0,
11,43930901,29,6,
11,43930956,12,0,
11,43931170,3,1,
11,43931226,5,0,
11,43931237,3,0,
11,43931285,120,121,
11,43931298,12,0,
11,43931335,11,1,
11,43931358,25,1,
11,43931361,11,1,
11,43931409,227,265,
11,43931566,13,10,
11,43931569,24,4,
11,43931576,6,1,
11,43931673,88,55,
11,43931701,22,0,
11,43931845,157,66,
11,43931944,113,17,
11,43932009,3,0,
11,43932010,11,3,
11,43932024,26,3,
11,43932459,7,0,
11,43932567,34,16,
11,43932602,16,9,
11,43932871,4,0,
11,43933023,7,0,
11,43933091,4,0,
11,43933248,192,91,
11,43933281,12,0,
11,43933412,151,116,
11,43933452,288,101,
11,43933511,108,10,
11,43933548,11,0,
11,43933605,27,0,
11,43933628,176,59,
11,43933652,3,0,
11,43933683,91,29,
11,43933891,558,134,
11,43933962,36,6,
11,43934172,5,0,
11,43934188,16,1,
11,43934313,126,105,
11,43934343,24,4,
11,43934540,284,156,
11,43934562,6,2,
11,43934711,312,136,
11,43934820,6,0,
11,43934954,56,14,
11,43934961,12,1,
11,43935067,325,405,20
11,43935225,6,3,
11,43935305,20,1,
11,43935339,11,2,
11,43935356,84,14,
11,43935394,297,82,29
11,43935434,117,48,
11,43935486,17,6,
11,43935586,198,269,
11,43935625,209,161,
11,43935707,210,76,
11,43935913,534,709,
11,43935934,12,15,
11,43936004,8,0,
11,43936071,11,2,
11,43936097,210,120,
11,43936198,96,75,
11,43936242,6,3,
11,43936408,333,41,21
11,43936461,13,0,
11,43936468,54,31,
11,43936525,18,3,
11,43936592,293,146,23
11,43936754,90,41,
11,43936813,77,57,
11,43936844,61,80,
11,43936884,249,68,28
11,43936952,8,5,
11,43936999,5,0,
11,43937106,9,0,
11,43937151,9,1,
11,43937214,561,276,11
11,43937218,14,3,
11,43937242,192,173,
11,43937279,9,3,
11,43937306,10,2,
11,43937688,20,5,
11,43937750,85,44,
11,43937789,15,0,
11,43937852,52,25,
11,43938179,19,4,
11,43938268,9,0,
11,43938309,80,26,
11,43938400,125,78,
11,43938481,55,3,
11,43938530,93,32,
11,43938607,145,55,24
11,43938611,28,5,
11,43939006,217,87,
11,43939012,26,7,
11,43939053,8,1,
11,43939232,5,1,
11,43939380,6,2,
11,43939419,96,69,
11,43939520,114,74,
11,43939617,86,19,
11,43939637,38,5,
11,43939781,64,7,
11,43940033,108,56,
11,43940096,5,0,
11,43940107,5,0,
11,43940172,4,0,
11,43940175,6,0,
11,43940314,8,0,
11,43940329,4,0,
11,43940385,8,0,
11,43940443,10,5,
11,43940500,81,10,
11,43940539,164,166,27
11,43940630,4,0,
11,43940641,16,2,
11,43940646,9,0,
11,43940654,7,1,
11,43940660,7,0,
11,43940711,9,1,
11,43940747,374,157,4
11,43940800,5,0,
11,43940851,6,0,
11,43940865,172,233,
11,43941162,30,0,
11,43941247,9,1,
11,43941355,4,0,
11,43941377,6,0,
11,43941378,4,0,
11,43941564,39,56,
11,43941596,67,74,
11,43941598,125,45,17
11,43941673,5,1,
11,43941719,12,0,
11,43941753,7,0,
11,43941862,70,17,29
11,43941899,10,0,
11,43942004,6,1,
11,43942012,7,0,
11,43942094,7,6,
11,43942149,166,47,14
11,43942194,23,4,
11,43942279,157,18,13
11,43942291,6,1,
11,43942318,69,18,17
11,43942335,4,0,
11,43942423,8,0,
11,43942483,10,2,
11,43942499,4,0,
11,43942514,5,2,
11,43942664,15,12,
11,43942686,44,9,
11,43942758,3,0,
11,43942759,35,11,
11,43942791,5,3,
11,43942800,10,2,
11,43942818,17,0,
11,43942848,20,7,
11,43942864,17,1,
11,43942881,99,18,11
11,43942930,11,7,
11,43943011,12,1,
11,43943019,11,2,
11,43943031,3,0,
11,43943039,14,2,
11,43943047,299,70,1
11,43943077,17,1,
11,43943236,132,33,3
11,43943342,4,0,
11,43943363,12,1,
11,43943502,5,0,
11,43943542,4,1,
11,43943583,60,70,
11,43943589,8,1,
11,43943610,23,0,13
11,43943652,86,47,2
11,43943670,30,6,
11,43943673,7,0,
11,43943696,6,1,
11,43943737,69,45,16
11,43943741,8,0,
11,43943763,7,0,
11,43943856,9,0,
11,43943984,20,1,6
11,43944016,49,48,26
11,43944154,24,43,7
11,43944167,20,6,6
11,43944239,18,4,
11,43944266,5,1,
11,43944687,16,0,
11,43944747,4,1,
11,43944858,3,1,
12,43879702,285,123,
12,43879748,101,87,
12,43880248,77,14,
12,43880472,73,35,
12,43880883,106,20,
12,43880962,788,176,
12,43880973,460,413,
12,43881035,520,518,
12,43881211,259,103,
12,43881468,491,165,
12,43882150,392,310,
12,43882291,147,101,
12,43882437,145,8,
12,43882809,201,143,
12,43882905,202,178,
12,43883040,458,123,
12,43883230,88,62,
12,43883642,160,187,
12,43883747,116,24,
12,43883902,330,213,
12,43884245,68,16,
12,43884418,191,33,
12,43884635,176,243,
12,43885101,584,858,
12,43885478,207,45,
12,43886023,81,64,
12,43886243,337,105,
12,43886271,65,10,
12,43886368,122,105,
12,43886381,95,78,
12,43886552,144,156,
12,43886601,130,27,
12,43886604,153,178,
12,43887068,114,60,
12,43887304,56,20,
12,43887489,40,68,
12,43887637,226,37,
12,43887708,88,27,
12,43887874,115,26,
12,43887998,140,66,
12,43888007,155,25,
12,43888117,820,205,
12,43888157,185,39,
12,43888239,82,15,
12,43888777,91,47,
12,43888803,1417,839,
12,43889610,247,59,
12,43889972,53,6,
12,43890118,30,0,
12,43890412,66,10,
12,43890525,295,317,
12,43890538,226,53,
12,43891128,147,31,
12,43891147,32,16,
12,43891245,297,194,
12,43891398,92,30,
12,43892096,288,60,
12,43892119,249,216,
12,43892331,90,5,
12,43892446,56,4,
12,43892481,109,79,
12,43892773,104,6,
12,43892786,214,82,
12,43892832,29,11,
12,43892840,91,8,
12,43893032,35,8,
12,43893127,18,13,
12,43893225,36,0,
12,43893442,80,27,
12,43893464,66,59,
12,43893581,62,12,
12,43893601,428,112,
12,43893762,402,341,
12,43893808,40,5,
12,43893906,209,81,
12,43894055,38,1,
12,43894175,320,203,
12,43894257,72,47,
12,43894305,686,262,
12,43894363,108,107,
12,43894967,44,24,
12,43895237,107,24,
12,43895456,153,36,
12,43895516,112,181,
12,43895622,109,64,
12,43895637,115,110,
12,43895852,126,5,
12,43895890,330,101,
12,43896011,272,138,
12,43896188,263,92,
12,43896199,143,84,
12,43896410,79,50,
12,43896609,38,16,
12,43896765,27,3,
12,43896820,39,4,
12,43896835,51,18,
12,43896944,40,2,
12,43896948,144,126,
12,43897129,161,57,
12,43897320,384,206,
12,43897719,86,10,
12,43897772,599,672,
12,43897816,26,6,
12,43898280,75,22,
12,43898306,53,14,
12,43898380,255,122,
12,43898400,23,2,
12,43898653,50,40,
12,43898717,91,11,
12,43899016,204,172,
12,43899028,512,226,
12,43899236,435,369,
12,43899251,162,21,
12,43899288,141,90,
12,43899317,30,30,
12,43899456,85,37,
12,43900264,45,32,
12,43900463,177,37,
12,43900877,657,569,
12,43901131,55,43,
12,43901190,213,71,
12,43901204,251,203,
12,43901495,231,114,
12,43901619,404,187,
12,43901643,43,22,
12,43901831,13,1,
12,43901985,57,10,
12,43902212,1152,438,
12,43902263,408,298,
12,43902308,181,379,
12,43902869,112,151,
12,43903162,70,12,
12,43903400,185,118,
12,43903534,277,154,
12,43903705,191,238,
12,43903728,139,71,
12,43903741,310,214,
12,43903809,25,2,
12,43903853,221,270,
12,43903945,107,75,
12,43903959,223,153,
12,43904478,144,101,
12,43904511,66,8,
12,43904546,73,12,
12,43904865,91,9,
12,43905153,26,11,
12,43905185,273,83,
12,43905299,244,127,
12,43905942,1101,268,
12,43906018,696,685,
12,43906066,133,45,
12,43906346,128,49,
12,43906442,202,25,
12,43906528,57,14,
12,43906566,39,3,
12,43906841,407,132,
12,43907050,5,0,
12,43907337,28,4,
12,43907376,448,238,
12,43907586,119,63,
12,43907820,602,649,
12,43907941,69,9,
12,43908220,50,20,
12,43908261,221,78,
12,43908368,162,89,
12,43908428,17,1,
12,43908770,51,66,
12,43909179,70,64,
12,43909191,27,8,
12,43909220,257,74,
12,43909328,31,1,
12,43909353,22,1,
12,43909360,26,0,
12,43909398,109,53,
12,43909409,615,331,
12,43909418,46,19,
12,43909430,484,616,
12,43909432,188,183,
12,43909519,78,36,
12,43910423,78,9,
12,43910565,96,14,
12,43910681,439,91,
12,43910685,120,66,
12,43910745,257,210,
12,43910760,32,11,
12,43911167,228,128,
12,43911252,246,282,
12,43911421,11,0,7
12,43911440,32,16,
12,43912618,159,30,10
12,43912844,718,417,
12,43913705,98,8,2
12,43913727,49,6,
12,43913751,436,206,
12,43913950,55,61,
12,43914235,308,376,
12,43914677,74,42,
12,43914705,613,378,
12,43914738,19,4,
12,43914784,38,15,
12,43914807,23,9,8
12,43914832,528,159,
12,43914852,49,11,24
12,43915470,9,0,
12,43915995,67,20,
12,43916098,496,156,
12,43916411,112,334,
12,43916577,563,151,
12,43916606,11,1,
12,43916622,58,10,4
12,43916956,237,49,
12,43917122,108,29,
12,43917278,84,4,
12,43917376,69,62,
12,43917448,162,202,
12,43917461,252,100,
12,43918352,56,47,
12,43918437,214,322,
12,43918484,884,286,
12,43918596,57,45,
12,43918620,353,155,
12,43919812,136,76,
12,43919862,83,20,
12,43919868,223,78,
12,43919959,72,23,
12,43920006,29,5,
12,43920149,14,1,
12,43920188,269,61,
12,43920421,4,0,
12,43920475,21,14,
12,43920544,152,45,
12,43920555,161,198,
12,43920792,217,138,
12,43920889,134,73,
12,43921040,23,0,
12,43921624,190,53,
12,43921653,114,26,
12,43921681,36,9,
12,43921813,26,0,
12,43922698,97,69,
12,43922759,132,131,
12,43922975,48,57,
12,43923187,125,114,
12,43923342,10,0,
12,43923372,328,116,
12,43924117,120,102,
12,43924226,12,4,
12,43924358,305,69,
12,43925325,63,27,
12,43925355,121,183,
12,43925396,10,1,
12,43925414,63,28,
12,43925502,10,2,
12,43925654,11,0,
12,43925699,9,4,
12,43925732,486,359,
12,43925791,4,1,
12,43925820,3,1,
12,43925892,301,253,
12,43925952,22,10,
12,43925982,287,345,
12,43926012,7,1,
12,43926092,18,1,
12,43926097,37,1,17
12,43926165,634,622,
12,43926253,3,0,
12,43926324,30,10,
12,43926376,3,1,
12,43926469,8,1,
12,43926516,8,2,
12,43926754,24,6,
12,43927095,22,1,
12,43927302,5,0,
12,43927307,4,0,
12,43927314,40,4,
12,43927321,55,31,
12,43927337,227,133,
12,43927550,9,1,
12,43927649,26,12,
12,43927813,458,389,
12,43927842,32,23,
12,43927856,593,1006,
12,43927914,186,104,
12,43927926,873,337,
12,43927942,50,16,
12,43927948,101,173,
12,43928118,251,78,
12,43928315,510,104,
12,43928570,46,21,
12,43928861,29,12,
12,43928942,22,13,16
12,43929021,45,3,
12,43929040,49,22,
12,43929054,113,108,
12,43929087,23,10,
12,43929447,70,14,
12,43929699,6,3,
12,43929724,1131,285,
12,43929943,3,0,
12,43930156,37,8,
12,43930187,26,9,
12,43930389,31,40,
12,43930397,149,71,
12,43930584,126,60,
12,43930628,27,19,
12,43930725,3,0,
12,43930757,82,104,
12,43930762,6,0,
12,43930901,29,6,
12,43930956,12,0,
12,43931170,3,1,
12,43931226,5,0,
12,43931237,3,0,
12,43931285,121,121,
12,43931298,12,0,
12,43931335,11,1,
12,43931358,25,1,
12,43931409,227,266,
12,43931566,13,11,
12,43931569,24,4,
12,43931576,6,1,
12,43931673,88,55,
12,43931701,22,0,
12,43931845,158,67,
12,43931944,113,17,
12,43932009,3,0,
12,43932010,11,3,
12,43932024,26,3,
12,43932459,7,0,
12,43932567,34,16,
12,43932602,16,9,
12,43932871,4,0,
12,43933023,7,0,
12,43933091,4,0,
12,43933248,193,91,
12,43933412,152,118,
12,43933452,291,102,
12,43933511,108,10,
12,43933548,11,0,
12,43933605,27,0,
12,43933628,176,59,
12,43933652,3,0,
12,43933683,91,29,
12,43933891,559,134,
12,43933962,36,6,
12,43934172,6,0,
12,43934188,16,1,
12,43934313,126,109,
12,43934343,24,4,
12,43934411,4,0,
12,43934540,284,156,
12,43934562,6,2,
12,43934711,312,136,
12,43934820,6,0,
12,43934954,56,14,
12,43934961,12,1,
12,43935067,340,419,19
12,43935225,7,3,
12,43935305,20,1,
12,43935339,11,2,
12,43935356,84,14,
12,43935394,301,83,28
12,43935434,118,48,
12,43935486,17,6,
12,43935586,198,270,
12,43935625,209,161,
12,43935707,212,77,
12,43935913,536,719,
12,43935934,12,15,
12,43936004,8,0,
12,43936071,11,2,
12,43936097,212,120,
12,43936198,96,75,
12,43936242,6,3,
12,43936408,338,41,21
12,43936461,13,0,
12,43936468,54,31,
12,43936525,18,3,
12,43936592,296,146,22
12,43936754,90,41,
12,43936813,77,57,
12,43936844,62,80,
12,43936884,255,69,27
12,43936952,8,5,
12,43937106,9,0,
12,43937151,9,1,
12,43937214,570,282,12
12,43937218,14,3,
12,43937242,192,174,
12,43937279,9,3,
12,43937306,10,2,
12,43937688,20,5,
12,43937750,85,44,
12,43937789,15,0,
12,43937852,53,25,
12,43938179,19,4,
12,43938268,9,0,
12,43938309,82,26,
12,43938400,126,78,
12,43938481,56,3,
12,43938530,94,32,
12,43938607,146,56,23
12,43938611,28,5,
12,43939006,217,88,
12,43939012,26,7,
12,43939053,8,1,
12,43939232,5,1,
12,43939380,6,2,
12,43939419,96,69,
12,43939520,114,75,
12,43939617,87,19,
12,43939637,39,5,
12,43939781,65,7,
12,43940033,108,56,
12,43940096,5,0,
12,43940107,5,0,
12,43940172,4,0,
12,43940175,7,0,
12,43940314,8,0,
12,43940329,4,0,
12,43940385,8,0,
12,43940443,10,6,
12,43940500,82,10,
12,43940539,166,179,25
12,43940630,4,0,
12,43940641,16,2,
12,43940646,10,0,
12,43940654,8,1,
12,43940660,7,0,
12,43940711,10,1,
12,43940747,392,173,6
12,43940800,5,0,
12,43940851,6,0,
12,43940865,173,239,
12,43941068,6,0,
12,43941247,9,1,
12,43941355,4,0,
12,43941377,6,0,
12,43941378,4,0,
12,43941564,40,56,
12,43941596,68,74,
12,43941598,127,46,18
12,43941673,5,2,
12,43941719,12,0,
12,43941753,7,1,
12,43941862,72,19,30
12,43941899,10,0,
12,43942004,7,1,
12,43942012,8,0,
12,43942094,8,6,
12,43942149,171,48,14
12,43942171,6,0,
12,43942194,24,5,
12,43942279,161,19,15
12,43942291,6,1,
12,43942318,73,20,20
12,43942335,4,0,
12,43942423,8,0,
12,43942483,10,2,
12,43942499,4,0,
12,43942514,6,2,
12,43942664,15,12,
12,43942686,47,10,
12,43942758,3,0,
12,43942759,38,12,
12,43942791,6,3,
12,43942800,10,2,
12,43942848,21,7,
12,43942864,20,1,
12,43942881,127,26,11
12,43942930,12,7,
12,43943011,12,1,
12,43943019,12,4,
12,43943031,3,0,
12,43943039,14,2,
12,43943047,327,72,1
12,43943077,17,1,
12,43943236,149,37,5
12,43943342,4,0,
12,43943363,12,1,
12,43943502,5,0,
12,43943542,5,1,
12,43943583,68,82,29
12,43943589,8,1,
12,43943610,30,0,13
12,43943652,93,53,3
12,43943670,34,14,
12,43943673,8,0,
12,43943696,6,3,
12,43943737,73,47,26
12,43943741,8,0,
12,43943763,7,0,
12,43943856,9,0,
12,43943928,5,0,
12,43943984,22,2,9
12,43944016,49,54,
12,43944154,24,58,
12,43944167,20,6,7
12,43944239,18,4,
12,43944249,3,0,
12,43944266,5,1,
12,43944391,6,1,
12,43944467,9,1,18
12,43944526,3,0,
12,43944636,5,1,
12,43944687,40,4,
12,43944743,4,0,
12,43944747,6,1,
12,43944790,7,0,17
12,43944809,23,14,2
12,43944858,4,1,
12,43944894,6,1,
12,43944965,7,0,
12,43944974,41,5,1
12,43945041,5,0,4
13,43879702,285,123,
13,43879748,101,87,
13,43880248,77,14,
13,43880472,73,35,
13,43880883,106,20,
13,43880962,788,176,
13,43880973,460,413,
13,43881035,520,518,
13,43881211,259,103,
13,43881468,491,165,
13,43882291,147,101,
13,43882437,145,8,
13,43882809,201,143,
13,43882905,202,178,
13,43883040,458,123,
13,43883230,88,62,
13,43883642,160,187,
13,43883747,116,24,
13,43884245,68,16,
13,43884418,191,33,
13,43884635,176,243,
13,43885101,584,858,
13,43885478,207,45,
13,43886023,81,64,
13,43886243,337,105,
13,43886271,65,10,
13,43886368,122,105,
13,43886381,95,78,
13,43886552,144,156,
13,43886601,130,27,
13,43886604,153,178,
13,43887068,114,60,
13,43887304,56,20,
13,43887489,40,69,
13,43887637,226,37,
13,43887708,88,27,
13,43887874,115,26,
13,43887998,140,66,
13,43888007,155,25,
13,43888117,820,205,
13,43888157,185,39,
13,43888777,91,47,
13,43888803,1417,839,
13,43889610,247,59,
13,43889972,53,6,
13,43890118,30,0,
13,43890412,66,10,
13,43890525,295,317,
13,43890538,226,53,
13,43891128,147,31,
13,43891147,32,16,
13,43891245,297,194,
13,43891398,92,30,
13,43892096,288,60,
13,43892119,249,216,
13,43892331,90,5,
13,43892446,56,4,
13,43892481,109,79,
13,43892773,104,6,
13,43892786,215,82,
13,43892832,29,11,
13,43892840,91,7,
13,43893032,35,8,
13,43893127,18,13,
13,43893225,36,0,
13,43893442,80,27,
13,43893464,66,59,
13,43893581,62,12,
13,43893601,428,112,
13,43893762,402,341,
13,43893808,40,5,
13,43893906,209,81,
13,43894055,38,1,
13,43894175,320,203,
13,43894257,72,47,
13,43894305,686,262,
13,43894363,108,107,
13,43894967,44,24,
13,43895237,107,24,
13,43895456,153,36,
13,43895516,112,181,
13,43895622,109,64,
13,43895637,115,110,
13,43895852,126,5,
13,43895890,330,101,
13,43896011,272,138,
13,43896188,263,92,
13,43896199,143,84,
13,43896410,79,50,
13,43896609,38,16,
13,43896765,27,3,
13,43896820,39,4,
13,43896835,51,18,
13,43896944,40,2,
13,43896948,144,128,
13,43897129,161,57,
13,43897320,384,206,
13,43897719,86,10,
13,43897772,599,672,
13,43897816,26,6,
13,43898280,75,22,
13,43898306,53,14,
13,43898380,255,122,
13,43898400,23,2,
13,43898653,50,40,
13,43898717,91,11,
13,43899016,204,172,
13,43899028,512,226,
13,43899236,435,369,
13,43899251,162,21,
13,43899288,141,90,
13,43899456,85,36,
13,43900264,45,32,
13,43900463,177,37,
13,43900877,657,569,
13,43901131,55,43,
13,43901190,213,71,
13,43901204,251,203,
13,43901495,231,114,
13,43901619,404,187,
13,43901643,43,22,
13,43901831,13,1,
13,43901985,57,10,
13,43902212,1152,438,
13,43902263,408,298,
13,43902308,181,380,
13,43902869,112,151,
13,43903162,71,12,
13,43903400,185,118,
13,43903534,277,154,
13,43903705,191,237,
13,43903728,139,71,
13,43903741,310,214,
13,43903809,26,2,
13,43903853,221,270,
13,43903945,107,75,
13,43903959,223,153,
13,43904478,144,101,
13,43904511,66,8,
13,43904546,73,12,
13,43904865,91,9,
13,43905153,26,11,
13,43905185,273,83,
13,43905299,244,127,
13,43905942,1101,268,
13,43906018,696,685,
13,43906066,133,45,
13,43906346,128,49,
13,43906442,202,25,
13,43906528,57,14,
13,43906566,39,3,
13,43906841,407,132,
13,43907050,5,0,
13,43907337,28,4,
13,43907376,448,238,
13,43907586,119,63,
13,43907820,603,649,
13,43907941,69,9,
13,43908220,50,20,
13,43908261,221,78,
13,43908368,162,89,
13,43908770,51,66,
13,43909179,71,64,
13,43909191,27,8,
13,43909220,257,74,
13,43909328,31,1,
13,43909353,22,1,
13,43909360,26,0,
13,43909398,109,53,
13,43909409,616,331,
13,43909418,46,19,
13,43909430,484,616,
13,43909432,188,183,
13,43909519,78,36,
13,43910423,78,9,
13,43910565,96,14,
13,43910681,439,91,
13,43910685,120,66,
13,43910745,257,210,
13,43910760,32,11,
13,43911167,228,128,
13,43911252,246,282,
13,43911421,26,0,9
13,43911440,32,16,
13,43912618,168,32,18
13,43912844,718,417,
13,43913705,117,16,7
13,43913727,49,6,
13,43913751,436,206,
13,43913950,55,61,
13,43914235,308,376,
13,43914705,613,378,
13,43914784,38,15,
13,43914807,37,18,8
13,43914832,529,159,
13,43914852,51,11,
13,43915470,9,0,
13,43915995,67,20,
13,43916098,496,156,
13,43916411,113,334,
13,43916577,564,151,
13,43916606,11,1,
13,43916622,64,10,11
13,43916956,237,49,
13,43917122,108,29,
13,43917278,84,4,
13,43917376,69,62,
13,43917448,162,201,
13,43917461,252,100,
13,43918352,57,48,
13,43918437,214,322,
13,43918484,884,286,
13,43918596,57,45,
13,43918620,353,155,
13,43919812,136,76,
13,43919868,223,78,
13,43919959,72,23,
13,43920006,29,5,
13,43920149,14,1,
13,43920188,269,61,
13,43920421,4,0,
13,43920475,21,14,
13,43920544,152,45,
13,43920555,161,198,
13,43920792,217,138,
13,43920889,134,73,
13,43921040,23,0,
13,43921624,190,53,
13,43921653,114,26,
13,43921681,36,9,
13,43921813,26,0,
13,43922698,97,69,
13,43922759,132,131,
13,43922975,48,57,
13,43923342,10,0,
13,43923372,328,117,
13,43924117,120,103,
13,43924226,12,4,
13,43924358,305,69,
13,43925325,63,27,
13,43925355,121,183,
13,43925396,10,1,
13,43925414,63,28,
13,43925502,10,2,
13,43925654,11,0,
13,43925699,9,4,
13,43925732,486,359,
13,43925892,301,253,
13,43925952,22,10,
13,43925982,287,345,
13,43926012,7,1,
13,43926092,18,1,
13,43926097,38,1,
13,43926165,634,627,
13,43926324,30,10,
13,43926376,8,2,20
13,43926469,8,1,
13,43926516,8,2,
13,43926754,24,6,
13,43927095,22,1,
13,43927302,5,0,
13,43927314,40,4,
13,43927321,56,31,
13,43927337,227,133,
13,43927550,9,1,
13,43927649,26,12,
13,43927813,459,389,
13,43927842,32,23,
13,43927856,593,1008,
13,43927914,186,104,
13,43927926,876,337,
13,43927942,51,16,
13,43927948,101,173,
13,43928118,251,78,
13,43928315,510,104,
13,43928570,46,21,
13,43928942,27,19,24
13,43929021,45,3,
13,43929040,49,22,
13,43929054,113,107,
13,43929087,23,10,
13,43929447,70,14,
13,43929699,6,3,
13,43929724,1131,283,
13,43929943,3,0,
13,43930156,37,8,
13,43930187,28,12,
13,43930389,31,40,
13,43930397,149,71,
13,43930584,126,60,
13,43930725,3,0,
13,43930757,82,104,
13,43930762,6,0,
13,43930901,29,6,
13,43930956,12,0,
13,43931170,3,1,
13,43931226,5,0,
13,43931237,3,0,
13,43931285,122,121,
13,43931298,13,0,
13,43931335,11,1,
13,43931358,25,1,
13,43931409,227,265,
13,43931566,13,11,
13,43931569,24,4,
13,43931576,6,0,
13,43931673,88,56,
13,43931701,22,0,
13,43931845,158,68,
13,43931944,113,17,
13,43932009,3,0,
13,43932010,11,3,
13,43932024,26,3,
13,43932459,7,0,
13,43932567,34,16,
13,43932602,16,9,
13,43932871,4,0,
13,43933023,7,0,
13,43933091,4,0,
13,43933248,193,92,
13,43933412,152,118,
13,43933452,291,102,
13,43933511,108,10,
13,43933548,11,0,
13,43933605,27,0,
13,43933628,176,60,
13,43933652,3,0,
13,43933683,91,29,
13,43933891,559,134,
13,43933962,36,6,
13,43934172,6,0,
13,43934188,16,1,
13,43934313,126,109,
13,43934343,24,4,
13,43934411,4,0,
13,43934540,284,158,
13,43934562,6,2,
13,43934711,314,137,
13,43934820,6,0,
13,43934954,56,14,
13,43934961,12,1,
13,43935067,351,446,27
13,43935305,20,1,
13,43935339,11,2,
13,43935356,84,14,
13,43935394,303,83,
13,43935434,118,49,
13,43935486,17,6,
13,43935586,198,270,
13,43935625,210,161,
13,43935707,213,78,
13,43935913,536,722,
13,43935934,12,15,
13,43936071,11,2,
13,43936097,212,121,
13,43936198,96,76,
13,43936242,6,3,
13,43936408,341,43,28
13,43936461,13,0,
13,43936468,55,31,
13,43936525,19,3,
13,43936592,298,149,
13,43936754,90,44,
13,43936813,77,57,
13,43936844,62,80,
13,43936884,259,69,
13,43936952,8,6,
13,43937106,9,0,
13,43937151,9,1,
13,43937214,580,283,16
13,43937218,14,3,
13,43937242,193,174,
13,43937279,9,3,
13,43937306,10,2,
13,43937688,21,5,
13,43937750,86,44,
13,43937789,15,0,
13,43937852,53,25,
13,43938179,20,4,
13,43938268,9,0,
13,43938309,82,26,
13,43938400,127,79,
13,43938481,56,3,
13,43938530,94,32,
13,43938607,146,57,
13,43938611,28,5,
13,43939006,219,96,
13,43939012,27,7,
13,43939053,8,1,
13,43939232,5,1,
13,43939380,6,2,
13,43939419,96,69,
13,43939520,115,77,
13,43939617,88,19,
13,43939637,39,5,
13,43939781,65,7,
13,43940033,108,58,
13,43940096,5,0,
13,43940107,5,0,
13,43940172,4,0,
13,43940175,7,0,
13,43940314,8,0,
13,43940329,4,0,
13,43940385,8,0,
13,43940443,10,6,
13,43940500,84,10,
13,43940539,167,190,
13,43940630,5,0,
13,43940646,13,0,
13,43940654,9,1,
13,43940660,7,0,
13,43940711,10,1,
13,43940747,413,187,13
13,43940800,5,0,
13,43940851,6,0,
13,43940865,173,242,
13,43941068,6,0,
13,43941247,9,1,
13,43941355,4,0,
13,43941377,6,0,
13,43941378,4,0,
13,43941564,40,57,
13,43941596,69,75,
13,43941598,136,47,29
13,43941673,5,2,
13,43941719,13,0,
13,43941753,7,1,
13,43941862,72,21,
13,43941899,10,0,
13,43942004,7,1,
13,43942012,8,0,
13,43942149,176,50,22
13,43942171,6,0,
13,43942194,25,5,
13,43942279,161,19,23
13,43942291,6,1,
13,43942318,75,20,30
13,43942335,4,0,
13,43942423,8,0,
13,43942483,10,2,
13,43942499,4,0,
13,43942514,6,2,
13,43942614,7,0,
13,43942664,15,12,
13,43942686,50,11,
13,43942758,3,0,
13,43942759,39,12,
13,43942791,7,3,
13,43942800,11,2,
13,43942848,22,7,
13,43942864,22,1,
13,43942881,152,34,14
13,43942930,12,7,
13,43943011,12,1,
13,43943019,12,4,
13,43943031,4,0,
13,43943039,14,2,
13,43943047,345,81,3
13,43943077,19,1,
13,43943236,170,44,12
13,43943342,4,0,
13,43943363,13,1,
13,43943502,6,0,
13,43943542,5,1,
13,43943583,75,93,
13,43943589,8,1,
13,43943610,37,0,17
13,43943652,100,55,6
13,43943670,35,14,
13,43943673,8,0,
13,43943696,6,2,
13,43943737,76,49,
13,43943741,8,0,
13,43943763,8,0,
13,43943856,10,0,
13,43943928,7,0,
13,43943984,25,2,19
13,43944016,50,55,
13,43944154,24,65,
13,43944167,23,7,15
13,43944249,4,0,
13,43944266,5,1,
13,43944391,6,1,
13,43944467,25,11,18
13,43944526,3,0,
13,43944621,4,0,
13,43944636,5,1,
13,43944687,50,8,
13,43944743,4,0,
13,43944747,8,4,
13,43944789,15,7,10
13,43944790,16,0,15
13,43944809,33,32,5
13,43944858,4,2,
13,43944894,6,1,
13,43944951,3,1,
13,43944965,11,1,
13,43944974,88,14,1
13,43945015,4,0,
13,43945041,20,7,4
13,43945116,11,0,
13,43945138,40,24,6
13,43945162,42,7,2
13,43945165,9,12,3
13,43945293,6,0,6
13,43945373,7,1,
13,43945426,9,2,25
14,43879702,285,123,
14,43879748,101,87,
14,43880248,77,14,
14,43880472,73,35,
14,43880883,106,20,
14,43880962,789,176,
14,43880973,460,413,
14,43881035,520,518,
14,43881211,259,103,
14,43881468,491,165,
14,43882291,147,101,
14,43882437,145,8,
14,43882809,201,143,
14,43882905,202,178,
14,43883040,458,123,
14,43883230,88,62,
14,43883642,160,187,
14,43883747,116,24,
14,43884245,68,16,
14,43884418,191,33,
14,43884635,176,243,
14,43885101,584,858,
14,43885478,207,45,
14,43886023,81,64,
14,43886243,337,105,
14,43886271,65,10,
14,43886368,122,105,
14,43886381,95,78,
14,43886552,144,156,
14,43886601,130,27,
14,43886604,153,178,
14,43887068,114,60,
14,43887304,56,20,
14,43887489,40,69,
14,43887637,226,37,
14,43887708,88,27,
14,43887874,115,26,
14,43887998,140,66,
14,43888007,155,25,
14,43888117,820,205,
14,43888157,185,39,
14,43888777,91,47,
14,43888803,1417,839,
14,43889610,247,59,
14,43889972,53,6,
14,43890118,30,0,
14,43890412,66,10,
14,43890525,295,317,
14,43890538,226,53,
14,43891128,147,31,
14,43891147,32,16,
14,43891245,297,194,
14,43891398,92,30,
14,43892096,288,60,
14,43892119,249,216,
14,43892331,90,5,
14,43892446,56,4,
14,43892481,109,79,
14,43892773,104,6,
14,43892786,215,82,
14,43892832,29,11,
14,43892840,91,7,
14,43893032,35,8,
14,43893127,18,13,
14,43893442,80,27,
14,43893464,66,59,
14,43893581,62,12,
14,43893601,428,112,
14,43893762,402,341,
14,43893808,40,5,
14,43893906,209,81,
14,43894055,38,1,
14,43894175,320,203,
14,43894257,72,47,
14,43894305,686,262,
14,43894363,108,107,
14,43894967,44,24,
14,43895237,107,24,
14,43895456,153,36,
14,43895516,112,181,
14,43895622,109,64,
14,43895637,115,110,
14,43895852,126,5,
14,43895890,330,101,
14,43896011,272,138,
14,43896188,263,92,
14,43896199,143,84,
14,43896410,79,50,
14,43896609,38,16,
14,43896765,27,3,
14,43896820,39,4,
14,43896835,51,18,
14,43896944,40,2,
14,43896948,144,128,
14,43897129,161,57,
14,43897320,384,206,
14,43897719,86,10,
14,43897772,599,672,
14,43897816,26,6,
14,43898280,75,22,
14,43898306,53,14,
14,43898380,255,122,
14,43898400,23,2,
14,43898653,50,40,
14,43898717,91,11,
14,43899016,204,172,
14,43899028,512,226,
14,43899236,435,369,
14,43899251,162,21,
14,43899288,141,90,
14,43899456,85,36,
14,43900264,45,32,
14,43900463,177,37,
14,43900877,657,569,
14,43901131,55,43,
14,43901190,213,71,
14,43901204,251,203,
14,43901495,231,114,
14,43901619,404,187,
14,43901643,43,22,
14,43901831,13,1,
14,43901985,57,10,
14,43902212,1153,438,
14,43902263,408,298,
14,43902308,181,380,
14,43902869,112,151,
14,43903162,71,12,
14,43903400,185,118,
14,43903534,277,154,
14,43903705,191,237,
14,43903728,139,71,
14,43903741,310,214,
14,43903809,26,2,
14,43903853,221,270,
14,43903945,107,75,
14,43903959,223,153,
14,43904478,144,101,
14,43904511,66,8,
14,43904546,73,12,
14,43904865,91,9,
14,43905153,26,11,
14,43905185,273,83,
14,43905299,244,127,
14,43905942,1103,268,
14,43906018,696,685,
14,43906066,133,45,
14,43906346,128,49,
14,43906442,202,25,
14,43906528,57,14,
14,43906566,39,3,
14,43906841,407,132,
14,43907050,5,0,
14,43907337,29,4,
14,43907376,448,238,
14,43907586,119,63,
14,43907820,603,649,
14,43907941,69,9,
14,43908220,50,21,
14,43908261,221,78,
14,43908368,162,89,
14,43908770,51,66,
14,43909179,71,64,
14,43909191,27,8,
14,43909220,258,74,
14,43909328,31,1,
14,43909353,22,1,
14,43909360,26,0,
14,43909398,109,53,
14,43909409,616,331,
14,43909418,47,19,
14,43909430,484,616,
14,43909432,188,183,
14,43909519,78,36,
14,43910423,78,9,
14,43910565,96,14,
14,43910681,439,91,
14,43910685,120,66,
14,43910745,257,210,
14,43910760,32,11,
14,43911167,228,128,
14,43911252,246,282,
14,43911421,32,4,8
14,43911440,33,18,
14,43912618,172,32,21
14,43912844,718,417,
14,43913705,124,26,7
14,43913727,49,6,
14,43913751,436,206,
14,43913950,55,61,
14,43914235,308,376,
14,43914705,613,379,
14,43914784,38,15,
14,43914807,42,33,11
14,43914810,5,4,19
14,43914832,529,159,
14,43914852,51,11,
14,43915470,9,0,
14,43915995,67,20,
14,43916098,497,156,
14,43916411,113,334,
14,43916577,565,151,
14,43916606,11,1,
14,43916622,72,11,12
14,43916956,237,49,
14,43917122,108,29,
14,43917278,84,4,
14,43917376,69,62,
14,43917448,162,202,
14,43917461,252,100,
14,43918352,57,53,
14,43918437,214,322,
14,43918484,885,286,
14,43918596,57,45,
14,43918620,353,155,
14,43919812,136,76,
14,43919868,223,78,
14,43919959,72,23,
14,43920006,29,5,
14,43920149,14,1,
14,43920188,269,61,
14,43920421,4,0,
14,43920475,21,14,
14,43920544,152,45,
14,43920555,161,198,
14,43920792,217,138,
14,43920889,134,74,
14,43921040,23,0,
14,43921624,190,53,
14,43921653,114,26,
14,43921681,36,9,
14,43921813,26,0,
14,43922698,97,69,
14,43922759,133,131,
14,43922975,48,57,
14,43923342,10,0,
14,43923372,328,117,
14,43924117,120,103,
14,43924226,12,4,
14,43924358,305,69,
14,43925325,63,27,
14,43925355,121,183,
14,43925396,10,1,
14,43925414,63,28,
14,43925502,10,2,
14,43925654,11,0,
14,43925699,9,4,
14,43925732,487,359,
14,43925892,301,253,
14,43925952,22,10,
14,43925982,287,346,
14,43926012,7,1,
14,43926092,18,1,
14,43926097,38,1,
14,43926165,635,626,
14,43926324,30,10,
14,43926376,12,4,17
14,43926469,8,1,
14,43926516,8,2,
14,43926754,24,6,
14,43927095,22,1,
14,43927302,5,0,
14,43927314,40,4,
14,43927321,56,31,
14,43927337,227,132,
14,43927550,9,1,
14,43927649,26,12,
14,43927813,460,386,
14,43927842,32,23,
14,43927856,593,1008,
14,43927914,186,104,
14,43927926,877,337,
14,43927942,51,16,
14,43927948,101,173,
14,43928118,251,78,
14,43928315,510,104,
14,43928570,46,21,
14,43928942,32,22,27
14,43929021,45,3,
14,43929040,49,22,
14,43929054,113,108,
14,43929087,23,10,
14,43929447,70,14,
14,43929699,6,3,
14,43929724,1132,283,
14,43929943,3,0,
14,43930156,37,8,
14,43930187,28,13,
14,43930389,31,40,
14,43930397,149,71,
14,43930584,126,61,
14,43930725,3,0,
14,43930757,82,104,
14,43930762,6,0,
14,43930901,29,6,
14,43930956,12,0,
14,43931170,3,1,
14,43931226,5,0,
14,43931237,3,0,
14,43931285,122,124,
14,43931298,13,0,
14,43931335,11,1,
14,43931358,25,1,
14,43931409,227,266,
14,43931566,13,11,
14,43931569,24,4,
14,43931576,6,0,
14,43931673,88,57,
14,43931701,22,0,
14,43931845,158,68,
14,43931944,113,17,
14,43932009,3,0,
14,43932010,11,3,
14,43932024,26,3,
14,43932459,7,0,
14,43932567,34,16,
14,43932602,16,9,
14,43932871,4,0,
14,43933023,7,0,
14,43933091,4,0,
14,43933248,194,92,
14,43933412,152,116,
14,43933452,292,101,
14,43933511,108,10,
14,43933548,11,0,
14,43933605,27,0,
14,43933628,177,60,
14,43933652,3,0,
14,43933683,91,29,
14,43933891,559,134,
14,43933962,36,6,
14,43934172,6,0,
14,43934188,16,1,
14,43934313,126,109,
14,43934343,24,4,
14,43934411,4,0,
14,43934540,284,158,
14,43934562,6,2,
14,43934711,314,138,
14,43934820,6,0,
14,43934954,56,14,
14,43934961,12,1,
14,43935067,362,465,27
14,43935305,20,1,
14,43935339,12,2,
14,43935356,84,14,
14,43935394,306,84,
14,43935434,118,49,
14,43935486,17,6,
14,43935586,198,270,
14,43935625,210,162,
14,43935707,214,79,
14,43935913,538,726,
14,43935934,12,15,
14,43936071,11,2,
14,43936097,212,121,
14,43936198,96,76,
14,43936242,6,3,
14,43936408,348,43,29
14,43936461,13,0,
14,43936468,55,31,
14,43936525,19,3,
14,43936592,299,150,
14,43936754,90,44,
14,43936813,77,57,
14,43936844,62,80,
14,43936884,261,71,
14,43936952,8,6,
14,43937106,9,0,
14,43937151,9,1,
14,43937214,583,284,20
14,43937218,14,4,
14,43937242,195,174,
14,43937279,9,3,
14,43937306,10,2,
14,43937688,21,5,
14,43937750,86,44,
14,43937789,15,0,
14,43937852,53,29,
14,43938179,20,4,
14,43938268,9,0,
14,43938309,84,30,
14,43938400,127,79,
14,43938481,56,3,
14,43938530,94,33,
14,43938607,147,57,
14,43938611,29,5,
14,43939006,220,96,
14,43939012,27,7,
14,43939053,8,1,
14,43939380,6,2,
14,43939419,96,69,
14,43939520,115,78,
14,43939617,88,19,
14,43939637,39,5,
14,43939781,65,7,
14,43940033,109,60,
14,43940096,5,0,
14,43940107,5,0,
14,43940172,4,0,
14,43940314,8,0,
14,43940329,4,0,
14,43940385,8,0,
14,43940443,10,6,
14,43940500,85,11,
14,43940539,167,195,
14,43940630,5,0,
14,43940646,14,0,
14,43940654,9,1,
14,43940660,7,0,
14,43940711,10,1,
14,43940747,432,201,11
14,43940800,5,0,
14,43940851,6,0,
14,43940865,173,245,
14,43941068,6,0,
14,43941247,9,1,
14,43941355,4,0,
14,43941377,7,0,
14,43941378,4,0,
14,43941564,40,57,
14,43941596,69,75,
14,43941598,139,48,30
14,43941673,5,2,
14,43941719,13,0,
14,43941753,7,1,
14,43941862,73,21,
14,43941899,10,0,
14,43942004,7,1,
14,43942149,181,55,25
14,43942171,7,0,
14,43942194,25,5,
14,43942279,163,19,24
14,43942291,6,1,
14,43942318,76,20,
14,43942335,4,0,
14,43942423,8,0,
14,43942499,4,0,
14,43942514,6,2,
14,43942614,7,0,
14,43942664,15,13,
14,43942686,53,13,
14,43942758,3,0,
14,43942759,40,12,
14,43942791,7,3,
14,43942800,11,2,
14,43942848,22,8,
14,43942864,24,1,
14,43942881,167,38,16
14,43942930,12,7,
14,43943011,12,1,
14,43943019,12,4,
14,43943031,4,0,
14,43943039,14,2,
14,43943047,369,84,5
14,43943077,19,2,
14,43943236,182,50,12
14,43943342,4,0,
14,43943363,13,1,
14,43943502,6,0,
14,43943542,5,1,
14,43943583,83,108,
14,43943610,44,0,18
14,43943652,107,57,13
14,43943670,37,15,
14,43943673,8,0,
14,43943696,6,2,
14,43943737,76,49,
14,43943741,8,0,
14,43943763,8,0,
14,43943856,10,0,
14,43943928,7,0,
14,43943984,30,2,23
14,43944016,52,57,
14,43944154,26,68,
14,43944167,25,7,21
14,43944249,4,0,
14,43944266,5,1,
14,43944391,6,1,
14,43944467,58,28,7
14,43944526,3,0,
14,43944621,4,0,
14,43944636,5,1,
14,43944687,67,7,
14,43944743,4,0,
14,43944747,16,6,
14,43944789,35,10,6
14,43944790,32,0,8
14,43944858,4,2,
14,43944894,7,1,
14,43944951,3,1,
14,43944965,15,2,
14,43944974,118,32,1
14,43945015,5,0,
14,43945041,37,25,4
14,43945116,14,0,
14,43945138,66,75,6
14,43945162,76,44,2
14,43945293,25,3,3
14,43945324,4,0,
14,43945373,18,9,
14,43945426,22,17,23
14,43945553,4,0,
14,43945610,6,3,
14,43945652,6,0,
14,43945728,6,1,
14,43945797,3,0,
14,43945820,26,8,2
15,43879702,285,123,
15,43879748,101,87,
15,43880248,77,14,
15,43880472,73,35,
15,43880883,106,20,
15,43880962,789,176,
15,43880973,460,413,
15,43881035,520,518,
15,43881211,259,103,
15,43881468,491,165,
15,43882291,147,101,
15,43882437,145,8,
15,43882809,201,143,
15,43882905,202,178,
15,43883040,458,123,
15,43883230,88,62,
15,43883642,160,187,
15,43883747,116,24,
15,43884245,68,16,
15,43884418,191,33,
15,43884635,176,243,
15,43885101,584,858,
15,43885478,207,45,
15,43886023,81,64,
15,43886243,337,105,
15,43886271,65,10,
15,43886368,122,105,
15,43886381,95,78,
15,43886552,144,156,
15,43886601,130,27,
15,43886604,153,178,
15,43887068,114,60,
15,43887304,56,20,
15,43887489,40,69,
15,43887637,226,37,
15,43887708,88,27,
15,43887874,115,26,
15,43887998,140,66,
15,43888007,155,25,
15,43888117,820,205,
15,43888157,185,39,
15,43888777,91,47,
15,43888803,1417,839,
15,43889610,247,59,
15,43889972,53,6,
15,43890118,30,0,
15,43890412,66,10,
15,43890525,295,317,
15,43890538,226,53,
15,43891128,147,31,
15,43891147,32,16,
15,43891245,297,194,
15,43891398,92,30,
15,43892096,288,60,
15,43892119,249,216,
15,43892331,90,5,
15,43892446,56,4,
15,43892481,109,79,
15,43892773,104,6,
15,43892786,215,82,
15,43892832,29,11,
15,43892840,91,7,
15,43893032,35,8,
15,43893127,18,13,
15,43893442,80,27,
15,43893464,66,59,
15,43893581,62,12,
15,43893601,428,112,
15,43893762,402,341,
15,43893808,40,5,
15,43893906,209,81,
15,43894055,38,1,
15,43894175,320,203,
15,43894257,72,47,
15,43894305,686,262,
15,43894363,108,107,
15,43894967,45,24,
15,43895237,107,24,
15,43895456,153,36,
15,43895516,112,181,
15,43895622,109,64,
15,43895637,115,110,
15,43895852,126,5,
15,43895890,330,101,
15,43896011,272,138,
15,43896188,263,92,
15,43896199,143,84,
15,43896410,79,50,
15,43896609,38,16,
15,43896765,27,3,
15,43896820,39,4,
15,43896835,51,20,
15,43896944,40,2,
15,43896948,144,128,
15,43897129,161,57,
15,43897320,384,206,
15,43897719,86,10,
15,43897772,599,672,
15,43897816,26,6,
15,43898280,76,23,
15,43898306,53,14,
15,43898380,255,122,
15,43898400,23,2,
15,43898653,50,40,
15,43898717,91,11,
15,43899016,204,173,
15,43899028,512,226,
15,43899236,435,369,
15,43899251,162,21,
15,43899288,141,90,
15,43899456,85,36,
15,43900264,45,32,
15,43900463,177,37,
15,43900877,657,569,
15,43901131,55,43,
15,43901190,213,71,
15,43901204,251,203,
15,43901495,231,114,
15,43901619,404,187,
15,43901643,43,22,
15,43901831,13,1,
15,43901985,57,10,
15,43902212,1153,438,
15,43902263,408,298,
15,43902308,182,380,
15,43902869,112,151,
15,43903162,72,12,
15,43903400,185,118,
15,43903534,277,154,
15,43903705,191,237,
15,43903728,139,71,
15,43903741,310,214,
15,43903809,26,2,
15,43903853,221,270,
15,43903945,107,75,
15,43903959,223,153,
15,43904478,144,101,
15,43904511,66,8,
15,43904546,73,12,
15,43904865,91,9,
15,43905153,26,11,
15,43905185,273,83,
15,43905299,244,127,
15,43905942,1104,268,
15,43906018,696,685,
15,43906066,133,45,
15,43906346,128,49,
15,43906442,202,25,
15,43906528,57,14,
15,43906566,39,3,
15,43906841,407,132,
15,43907050,5,0,
15,43907337,29,4,
15,43907376,448,238,
15,43907586,119,63,
15,43907820,603,649,
15,43907941,69,9,
15,43908220,50,21,
15,43908261,221,78,
15,43908368,162,89,
15,43908770,51,66,
15,43909179,71,65,
15,43909191,27,8,
15,43909328,31,1,
15,43909353,22,1,
15,43909360,26,0,
15,43909398,109,53,
15,43909409,616,331,
15,43909418,49,19,
15,43909430,484,616,
15,43909432,188,183,
15,43909519,78,37,
15,43910423,78,9,
15,43910565,96,14,
15,43910681,439,91,
15,43910685,121,66,
15,43910745,257,210,
15,43910760,32,11,
15,43911167,229,128,
15,43911252,246,282,
15,43911421,37,5,13
15,43911440,33,18,
15,43912618,177,32,21
15,43912844,718,417,
15,43913705,136,37,9
15,43913727,49,6,
15,43913751,436,206,
15,43913950,55,61,
15,43914235,308,376,
15,43914705,613,379,
15,43914784,38,15,
15,43914807,45,40,14
15,43914810,9,9,21
15,43914832,529,159,
15,43914852,52,11,
15,43915470,9,0,
15,43915995,67,20,
15,43916098,497,156,
15,43916411,113,334,
15,43916577,565,152,
15,43916606,11,1,
15,43916622,75,11,17
15,43916956,237,49,
15,43917122,108,29,
15,43917278,84,4,
15,43917376,69,62,
15,43917448,162,202,
15,43917461,252,100,
15,43918352,57,55,
15,43918437,214,322,
15,43918484,885,286,
15,43918596,57,45,
15,43918620,353,155,
15,43919812,137,76,
15,43919868,223,78,
15,43919959,72,23,
15,43920006,29,5,
15,43920149,14,1,
15,43920188,270,61,
15,43920421,4,0,
15,43920475,21,14,
15,43920544,153,45,
15,43920555,161,198,
15,43920792,217,138,
15,43920889,134,74,
15,43921040,23,0,
15,43921624,190,53,
15,43921653,114,26,
15,43921681,36,9,
15,43921813,26,0,
15,43922698,97,69,
15,43922759,134,132,
15,43922975,48,57,
15,43923342,10,0,
15,43923372,328,117,
15,43924117,120,103,
15,43924226,12,4,
15,43924358,305,69,
15,43925325,63,27,
15,43925355,121,183,
15,43925396,10,1,
15,43925414,63,28,
15,43925502,10,2,
15,43925654,11,0,
15,43925699,9,4,
15,43925732,489,359,
15,43925892,302,254,
15,43925952,22,10,
15,43925982,287,346,
15,43926012,7,1,
15,43926092,18,1,
15,43926097,38,1,
15,43926165,635,626,
15,43926324,30,10,
15,43926376,13,8,20
15,43926469,8,1,
15,43926516,8,2,
15,43926754,24,6,
15,43927095,22,1,
15,43927302,5,0,
15,43927314,40,4,
15,43927321,56,31,
15,43927337,227,132,
15,43927550,9,1,
15,43927649,26,12,
15,43927813,460,386,
15,43927842,32,23,
15,43927856,593,1008,
15,43927914,186,104,
15,43927926,879,337,
15,43927942,51,16,
15,43927948,101,173,
15,43928118,251,78,
15,43928315,510,104,
15,43928570,46,21,
15,43928942,36,29,26
15,43929021,45,3,
15,43929040,49,22,
15,43929054,113,109,
15,43929237,3,0,19
15,43929447,70,14,
15,43929699,6,3,
15,43929724,1135,286,
15,43929943,3,0,
15,43930156,37,8,
15,43930187,29,14,
15,43930389,31,40,
15,43930397,149,71,
15,43930584,126,61,
15,43930725,3,0,
15,43930757,82,104,
15,43930762,6,0,
15,43930901,29,6,
15,43930956,12,0,
15,43931170,3,1,
15,43931226,5,0,
15,43931237,3,0,
15,43931285,123,126,
15,43931298,13,0,
15,43931335,11,1,
15,43931358,25,1,
15,43931409,227,266,
15,43931566,13,11,
15,43931569,24,4,
15,43931576,6,0,
15,43931673,88,57,
15,43931701,22,0,
15,43931845,158,68,
15,43931944,113,17,
15,43932009,3,0,
15,43932010,11,3,
15,43932024,26,3,
15,43932459,7,0,
15,43932567,34,16,
15,43932602,16,9,
15,43932871,4,0,
15,43933023,7,0,
15,43933091,4,0,
15,43933248,194,92,
15,43933412,153,117,
15,43933452,293,101,
15,43933511,108,10,
15,43933548,11,0,
15,43933605,27,0,
15,43933628,178,60,
15,43933652,3,0,
15,43933683,91,29,
15,43933891,559,134,
15,43933962,36,6,
15,43934188,16,1,
15,43934313,126,109,
15,43934343,24,4,
15,43934411,4,0,
15,43934540,285,158,
15,43934562,6,2,
15,43934711,314,138,
15,43934820,6,0,
15,43934954,56,14,
15,43934961,12,1,
15,43935067,373,484,26
15,43935305,20,1,
15,43935356,84,14,
15,43935394,308,85,
15,43935434,118,49,
15,43935486,17,6,
15,43935586,200,273,
15,43935625,210,162,
15,43935707,215,79,
15,43935913,539,732,
15,43935934,12,15,
15,43936071,11,2,
15,43936097,212,122,
15,43936198,96,76,
15,43936242,6,3,
15,43936408,352,43,28
15,43936461,13,0,
15,43936468,55,31,
15,43936525,19,3,
15,43936592,302,151,
15,43936754,90,44,
15,43936813,77,57,
15,43936844,62,80,
15,43936884,263,71,
15,43936952,8,6,
15,43937106,9,0,
15,43937151,9,1,
15,43937214,592,285,18
15,43937218,14,4,
15,43937242,198,175,
15,43937279,9,3,
15,43937688,21,5,
15,43937750,86,44,
15,43937789,15,0,
15,43937852,54,30,
15,43938179,20,4,
15,43938268,9,0,
15,43938309,85,30,
15,43938400,128,79,
15,43938481,56,3,
15,43938530,94,35,
15,43938607,147,59,
15,43938611,29,5,
15,43939006,222,99,
15,43939012,27,7,
15,43939053,8,1,
15,43939380,6,2,
15,43939419,96,69,
15,43939520,118,79,
15,43939617,88,19,
15,43939637,40,5,
15,43939781,65,8,
15,43940033,109,60,
15,43940096,5,0,
15,43940107,5,0,
15,43940172,4,0,
15,43940314,8,0,
15,43940329,4,0,
15,43940385,8,0,
15,43940443,10,6,
15,43940500,86,12,
15,43940539,167,204,
15,43940630,5,0,
15,43940646,15,0,
15,43940654,9,1,
15,43940660,7,0,
15,43940711,10,1,
15,43940747,442,206,10
15,43940800,5,0,
15,43940851,6,0,
15,43940865,173,248,
15,43941068,6,0,
15,43941247,9,1,
15,43941355,4,0,
15,43941377,7,0,
15,43941378,4,0,
15,43941564,40,57,
15,43941596,69,76,
15,43941598,140,48,30
15,43941673,5,2,
15,43941719,13,0,
15,43941753,8,1,
15,43941862,74,21,
15,43941899,10,0,
15,43942004,7,1,
15,43942149,192,56,29
15,43942171,7,0,
15,43942194,25,5,
15,43942279,167,19,25
15,43942291,6,1,
15,43942318,76,20,
15,43942335,4,0,
15,43942423,8,0,
15,43942499,4,0,
15,43942514,7,2,
15,43942614,8,0,
15,43942664,15,13,
15,43942686,54,14,
15,43942758,4,0,
15,43942759,40,13,
15,43942791,7,3,
15,43942800,11,2,
15,43942848,22,8,
15,43942864,27,2,
15,43942881,184,46,15
15,43942930,12,7,
15,43943011,12,1,
15,43943019,12,4,
15,43943031,4,0,
15,43943039,14,2,
15,43943047,388,85,6
15,43943077,20,2,
15,43943236,203,55,11
15,43943342,4,0,
15,43943363,13,1,
15,43943502,6,0,
15,43943542,5,1,
15,43943583,88,118,
15,43943610,49,2,18
15,43943652,117,62,12
15,43943670,37,15,
15,43943673,8,0,
15,43943696,7,2,
15,43943737,76,49,
15,43943741,8,0,
15,43943856,10,0,
15,43943928,9,1,
15,43943984,33,2,23
15,43944016,52,59,
15,43944154,27,69,
15,43944167,29,7,22
15,43944249,4,0,
15,43944266,5,1,
15,43944391,6,2,
15,43944467,97,48,5
15,43944526,4,0,
15,43944636,5,1,
15,43944687,72,10,
15,43944743,6,0,
15,43944747,17,8,
15,43944789,52,21,7
15,43944790,40,6,7
15,43944858,4,2,
15,43944894,8,1,
15,43944951,4,1,
15,43944965,15,2,
15,43944974,145,41,2
15,43945015,5,0,
15,43945041,47,34,3
15,43945116,16,0,
15,43945138,69,79,
15,43945162,91,71,5
15,43945293,42,10,3
15,43945373,23,19,
15,43945426,25,20,
15,43945553,4,0,
15,43945610,9,17,
15,43945652,7,0,
15,43945728,7,1,
15,43945797,3,0,
15,43945820,85,115,1
15,43946034,3,0,
15,43946116,4,1,
15,43946118,6,2,
15,43946235,9,1,
15,43946291,6,0,
15,43946461,3,0,
16,43879702,285,123,
16,43879748,101,87,
16,43880248,77,14,
16,43880472,73,35,
16,43880883,106,20,
16,43880962,789,176,
16,43881035,520,518,
16,43881211,259,103,
16,43881468,491,165,
16,43882291,147,101,
16,43882437,145,8,
16,43882809,201,143,
16,43882905,202,178,
16,43883040,458,123,
16,43883230,88,62,
16,43883642,160,187,
16,43883747,116,24,
16,43884245,68,16,
16,43884418,191,33,
16,43884635,176,243,
16,43885101,584,858,
16,43885478,207,45,
16,43886023,81,64,
16,43886243,337,105,
16,43886271,65,10,
16,43886368,122,105,
16,43886381,95,78,
16,43886552,144,156,
16,43886601,130,27,
16,43886604,153,178,
16,43887068,114,60,
16,43887304,56,20,
16,43887489,40,69,
16,43887637,226,37,
16,43887708,88,27,
16,43887874,115,26,
16,43887998,140,66,
16,43888007,155,25,
16,43888117,820,205,
16,43888157,185,39,
16,43888803,1417,839,
16,43889610,247,59,
16,43889972,53,6,
16,43890118,30,0,
16,43890412,66,10,
16,43890525,295,317,
16,43890538,226,53,
16,43891128,147,31,
16,43891147,32,16,
16,43891245,297,194,
16,43891398,92,30,
16,43892096,288,60,
16,43892119,249,216,
16,43892331,90,5,
16,43892446,57,4,
16,43892481,109,79,
16,43892773,104,6,
16,43892786,216,82,
16,43892832,29,11,
16,43892840,91,7,
16,43893032,35,8,
16,43893127,18,13,
16,43893442,80,27,
16,43893464,66,59,
16,43893581,62,12,
16,43893601,429,112,
16,43893762,402,341,
16,43893808,40,5,
16,43893906,209,81,
16,43894055,38,1,
16,43894175,320,203,
16,43894257,72,47,
16,43894305,687,262,
16,43894363,108,107,
16,43894967,45,26,
16,43895237,107,24,
16,43895456,153,36,
16,43895516,112,181,
16,43895622,109,64,
16,43895637,115,110,
16,43895852,126,5,
16,43895890,330,101,
16,43896011,272,138,
16,43896188,263,92,
16,43896199,143,84,
16,43896410,79,50,
16,43896609,38,16,
16,43896765,27,3,
16,43896820,39,4,
16,43896835,51,20,
16,43896944,40,2,
16,43896948,144,128,
16,43897129,161,57,
16,43897320,384,206,
16,43897719,86,10,
16,43897772,599,672,
16,43897816,26,6,
16,43898280,76,23,
16,43898306,53,14,
16,43898380,255,122,
16,43898400,23,2,
16,43898653,50,40,
16,43898717,91,11,
16,43899016,204,173,
16,43899028,512,226,
16,43899236,435,369,
16,43899251,162,21,
16,43899288,141,90,
16,43899456,85,36,
16,43900264,45,32,
16,43900463,177,37,
16,43900877,657,569,
16,43901131,55,43,
16,43901190,213,71,
16,43901204,251,203,
16,43901495,231,114,
16,43901619,404,187,
16,43901643,43,22,
16,43901831,13,1,
16,43901985,57,10,
16,43902212,1153,438,
16,43902263,408,298,
16,43902308,182,380,
16,43902869,112,151,
16,43903162,73,12,
16,43903400,185,118,
16,43903534,277,154,
16,43903705,191,237,
16,43903728,139,71,
16,43903741,310,214,
16,43903809,26,2,
16,43903853,221,270,
16,43903945,107,75,
16,43903959,223,153,
16,43904478,144,101,
16,43904546,73,12,
16,43904865,91,9,
16,43905153,26,11,
16,43905185,273,83,
16,43905299,244,127,
16,43905942,1104,268,
16,43906018,696,685,
16,43906066,133,45,
16,43906346,128,49,
16,43906442,203,25,
16,43906528,57,14,
16,43906566,39,3,
16,43906841,407,132,
16,43907050,5,0,
16,43907337,29,4,
16,43907376,448,238,
16,43907586,119,63,
16,43907820,603,649,
16,43907941,69,9,
16,43908220,50,21,
16,43908261,222,78,
16,43908368,162,89,
16,43908770,51,66,
16,43909179,72,65,
16,43909191,27,8,
16,43909328,31,1,
16,43909353,22,1,
16,43909360,26,0,
16,43909398,109,53,
16,43909409,617,331,
16,43909418,49,19,
16,43909430,484,616,
16,43909432,188,183,
16,43909519,78,37,
16,43910423,78,9,
16,43910565,96,14,
16,43910681,439,91,
16,43910685,121,66,
16,43910745,257,210,
16,43910760,32,11,
16,43911167,229,128,
16,43911252,246,282,
16,43911421,46,7,16
16,43911440,33,19,
16,43912618,185,33,25
16,43912844,719,417,
16,43913705,146,41,10
16,43913727,49,6,
16,43913751,436,207,
16,43913950,55,61,
16,43914235,308,376,
16,43914705,615,380,
16,43914784,38,15,
16,43914807,47,43,
16,43914810,12,12,23
16,43914832,529,159,
16,43914852,52,12,
16,43915470,9,0,
16,43915995,67,20,
16,43916098,497,156,
16,43916411,113,334,
16,43916577,565,152,
16,43916606,11,1,
16,43916622,76,20,19
16,43916956,237,49,
16,43917122,108,29,
16,43917278,86,5,
16,43917376,69,62,
16,43917448,162,202,
16,43917461,252,100,
16,43918352,58,57,
16,43918437,214,322,
16,43918484,885,286,
16,43918620,353,155,
16,43919812,137,76,
16,43919868,223,78,
16,43919959,72,23,
16,43920006,29,5,
16,43920149,14,1,
16,43920188,270,61,
16,43920421,4,0,
16,43920475,21,14,
16,43920544,153,45,
16,43920555,161,198,
16,43920792,217,138,
16,43920889,134,74,
16,43921040,23,0,
16,43921624,191,53,
16,43921653,114,26,
16,43921681,36,9,
16,43921813,26,0,
16,43922698,97,69,
16,43922759,134,132,
16,43922975,48,57,
16,43923342,10,0,
16,43923372,328,117,
16,43924117,120,104,
16,43924226,12,4,
16,43924358,305,69,
16,43925132,20,5,2
16,43925325,63,27,
16,43925355,121,183,
16,43925396,10,1,
16,43925414,63,28,
16,43925502,10,2,
16,43925654,11,0,
16,43925699,9,4,
16,43925732,490,359,
16,43925892,302,255,
16,43925952,22,10,
16,43925982,287,348,
16,43926012,7,1,
16,43926092,18,1,
16,43926097,38,1,
16,43926165,635,628,
16,43926324,30,10,
16,43926376,18,11,24
16,43926469,8,1,
16,43926516,8,2,
16,43926754,24,6,
16,43927095,22,1,
16,43927302,5,0,
16,43927314,40,4,
16,43927321,56,31,
16,43927337,227,132,
16,43927550,9,1,
16,43927649,26,12,
16,43927813,462,388,
16,43927842,32,23,
16,43927856,593,1009,
16,43927914,186,104,
16,43927926,880,337,
16,43927942,52,16,
16,43927948,101,173,
16,43928118,251,78,
16,43928315,510,104,
16,43928570,46,21,
16,43928942,41,32,28
16,43929021,45,3,
16,43929040,49,22,
16,43929054,114,110,
16,43929237,3,0,27
16,43929447,71,14,
16,43929724,1135,287,
16,43930156,37,8,
16,43930187,29,14,
16,43930389,31,40,
16,43930397,149,71,
16,43930584,126,61,
16,43930725,3,0,
16,43930757,82,104,
16,43930762,6,0,
16,43930901,29,6,
16,43930956,12,0,
16,43931170,3,1,
16,43931226,5,0,
16,43931237,3,0,
16,43931285,123,126,
16,43931298,13,0,
16,43931335,11,1,
16,43931358,25,1,
16,43931409,228,266,
16,43931566,13,11,
16,43931569,24,4,
16,43931576,6,0,
16,43931673,88,57,
16,43931701,22,0,
16,43931845,158,68,
16,43931944,113,17,
16,43932009,3,0,
16,43932010,11,3,
16,43932024,26,3,
16,43932459,7,0,
16,43932567,34,16,
16,43932602,16,9,
16,43932871,4,0,
16,43933023,7,0,
16,43933091,4,0,
16,43933248,194,92,
16,43933412,153,117,
16,43933452,294,101,
16,43933511,108,10,
16,43933548,11,0,
16,43933605,27,0,
16,43933628,179,60,
16,43933652,3,0,
16,43933683,91,29,
16,43933891,560,134,
16,43933962,36,6,
16,43934188,16,1,
16,43934313,126,109,
16,43934343,24,4,
16,43934411,4,0,
16,43934540,285,158,
16,43934562,6,2,
16,43934711,314,138,
16,43934820,6,0,
16,43934954,56,14,
16,43934961,12,1,
16,43935067,379,495,30
16,43935305,20,1,
16,43935356,84,14,
16,43935394,308,85,
16,43935434,118,49,
16,43935486,17,6,
16,43935586,200,274,
16,43935625,210,162,
16,43935707,218,79,
16,43935913,540,734,
16,43936071,11,2,
16,43936097,212,123,
16,43936198,96,76,
16,43936242,6,3,
16,43936408,355,44,
16,43936461,13,0,
16,43936468,55,31,
16,43936525,19,3,
16,43936592,303,155,
16,43936754,91,44,
16,43936813,77,57,
16,43936844,62,80,
16,43936884,263,71,
16,43936952,8,7,
16,43937106,9,0,
16,43937151,9,1,
16,43937214,597,289,21
16,43937218,14,5,
16,43937242,198,175,
16,43937279,9,3,
16,43937688,21,5,
16,43937750,86,44,
16,43937789,15,0,
16,43937852,54,31,
16,43938179,20,4,
16,43938268,9,0,
16,43938309,86,30,
16,43938400,129,81,
16,43938481,56,3,
16,43938530,94,36,
16,43938607,147,59,
16,43938611,29,5,
16,43939006,225,100,
16,43939012,27,7,
16,43939053,8,1,
16,43939380,6,2,
16,43939419,96,70,
16,43939520,118,81,
16,43939617,88,19,
16,43939637,41,5,
16,43939781,66,8,
16,43940033,109,61,
16,43940096,5,0,
16,43940107,5,0,
16,43940314,8,0,
16,43940443,10,6,
16,43940500,86,12,
16,43940539,167,205,
16,43940630,5,0,
16,43940646,17,0,
16,43940654,9,1,
16,43940660,7,0,
16,43940711,10,1,
16,43940747,464,213,11
16,43940800,5,0,
16,43940851,6,0,
16,43940865,175,249,
16,43941068,6,0,
16,43941247,9,1,
16,43941355,4,0,
16,43941377,7,0,
16,43941378,4,0,
16,43941564,40,59,
16,43941596,69,77,
16,43941598,143,49,
16,43941673,5,2,
16,43941719,13,0,
16,43941753,8,1,
16,43941862,75,21,
16,43941899,10,0,
16,43942004,7,1,
16,43942149,195,56,
16,43942171,7,0,
16,43942194,25,5,
16,43942279,169,20,
16,43942291,6,1,
16,43942318,79,20,
16,43942335,4,0,
16,43942423,8,0,
16,43942499,4,0,
16,43942514,7,2,
16,43942614,8,0,
16,43942664,15,13,
16,43942686,54,14,
16,43942758,4,0,
16,43942759,40,17,
16,43942791,7,3,
16,43942800,11,2,
16,43942848,22,8,
16,43942864,27,2,
16,43942881,213,52,13
16,43942930,12,7,
16,43943011,12,1,
16,43943019,12,4,
16,43943031,4,0,
16,43943039,14,2,
16,43943047,416,87,6
16,43943077,20,2,
16,43943236,221,62,15
16,43943342,4,0,
16,43943363,13,1,
16,43943502,6,0,
16,43943542,5,1,
16,43943583,95,126,
16,43943610,52,5,22
16,43943652,120,69,18
16,43943670,38,17,
16,43943673,8,0,
16,43943696,7,2,
16,43943737,77,49,
16,43943741,8,0,
16,43943856,10,0,
16,43943928,13,1,
16,43943984,37,2,28
16,43944154,27,71,
16,43944167,32,7,26
16,43944249,4,0,
16,43944266,5,1,
16,43944391,6,2,
16,43944467,133,67,4
16,43944526,4,0,
16,43944636,5,1,
16,43944687,73,13,
16,43944743,6,0,
16,43944747,19,11,
16,43944789,68,29,7
16,43944790,49,8,8
16,43944858,4,2,
16,43944894,8,1,
16,43944951,4,2,
16,43944965,15,3,
16,43944974,162,47,2
16,43945015,6,0,
16,43945041,58,46,5
16,43945116,18,0,
16,43945138,69,84,
16,43945162,105,80,12
16,43945293,59,16,3
16,43945373,33,28,
16,43945426,27,20,
16,43945467,27,13,16
16,43945553,5,0,
16,43945610,11,21,
16,43945652,7,0,
16,43945728,8,1,
16,43945764,3,1,
16,43945797,3,0,
16,43945820,126,193,1
16,43945993,26,7,9
16,43946034,3,0,
16,43946066,22,3,3
16,43946116,8,2,
16,43946118,6,2,
16,43946149,14,4,11
16,43946235,10,1,
16,43946291,10,0,
16,43946363,8,1,7
16,43946461,21,1,19
16,43946498,15,5,27
16,43946562,7,0,
16,43946601,9,0,
16,43946824,3,1,
17,43879702,285,123,
17,43879748,101,87,
17,43880248,77,14,
17,43880472,73,35,
17,43880883,106,20,
17,43880962,789,177,
17,43881035,520,518,
17,43881211,259,103,
17,43881468,491,165,
17,43882291,147,101,
17,43882437,145,8,
17,43882809,201,143,
17,43882905,202,178,
17,43883040,458,123,
17,43883230,88,62,
17,43883642,160,187,
17,43883747,116,24,
17,43884245,68,16,
17,43884418,191,33,
17,43884635,176,243,
17,43885101,584,858,
17,43885478,207,45,
17,43886023,81,64,
17,43886243,337,105,
17,43886271,65,10,
17,43886368,122,105,
17,43886381,95,78,
17,43886552,144,156,
17,43886601,130,27,
17,43886604,153,179,
17,43887068,114,60,
17,43887304,57,20,
17,43887489,40,69,
17,43887637,227,37,
17,43887708,88,27,
17,43887874,115,26,
17,43887998,140,66,
17,43888007,155,25,
17,43888117,820,205,
17,43888157,185,40,
17,43888803,1417,839,
17,43889610,247,59,
17,43889972,53,6,
17,43890118,30,0,
17,43890412,66,10,
17,43890525,295,317,
17,43890538,226,53,
17,43891128,147,31,
17,43891147,32,16,
17,43891245,297,194,
17,43891398,92,30,
17,43892096,288,60,
17,43892119,249,216,
17,43892331,90,5,
17,43892446,57,4,
17,43892481,109,79,
17,43892773,104,6,
17,43892786,216,82,
17,43892832,29,11,
17,43892840,91,7,
17,43893032,35,8,
17,43893127,18,13,
17,43893442,80,27,
17,43893464,66,59,
17,43893581,62,12,
17,43893601,429,112,
17,43893762,402,341,
17,43893808,40,5,
17,43893906,209,81,
17,43894055,38,1,
17,43894175,320,204,
17,43894257,72,47,
17,43894305,688,262,
17,43894363,108,107,
17,43894967,45,26,
17,43895237,107,24,
17,43895456,153,36,
17,43895516,112,181,
17,43895622,109,64,
17,43895637,115,110,
17,43895852,126,5,
17,43895890,330,101,
17,43896011,272,138,
17,43896188,263,92,
17,43896199,143,84,
17,43896410,79,50,
17,43896609,38,16,
17,43896765,27,3,
17,43896835,52,20,
17,43896944,40,2,
17,43896948,144,128,
17,43897129,161,57,
17,43897320,384,206,
17,43897719,86,10,
17,43897772,599,672,
17,43897816,26,6,
17,43898280,76,23,
17,43898306,53,14,
17,43898380,255,122,
17,43898400,23,2,
17,43898653,50,40,
17,43898717,91,11,
17,43899016,204,173,
17,43899028,512,226,
17,43899236,435,369,
17,43899251,162,21,
17,43899288,141,90,
17,43899456,85,36,
17,43900264,45,32,
17,43900463,177,37,
17,43900877,657,569,
17,43901131,55,43,
17,43901190,213,71,
17,43901204,251,204,
17,43901495,231,114,
17,43901619,404,187,
17,43901643,43,22,
17,43901831,13,1,
17,43901985,57,10,
17,43902212,1153,438,
17,43902263,408,298,
17,43902308,182,380,
17,43902869,112,151,
17,43903162,73,12,
17,43903400,185,118,
17,43903534,277,154,
17,43903705,191,237,
17,43903728,139,71,
17,43903741,310,214,
17,43903809,26,2,
17,43903853,222,270,
17,43903945,107,75,
17,43903959,223,153,
17,43904478,144,101,
17,43904546,73,12,
17,43904865,91,9,
17,43905153,26,11,
17,43905185,273,83,
17,43905299,244,127,
17,43905942,1104,268,
17,43906018,696,685,
17,43906066,133,45,
17,43906346,128,49,
17,43906442,203,25,
17,43906528,57,14,
17,43906566,39,3,
17,43906841,407,132,
17,43907050,5,0,
17,43907337,29,4,
17,43907376,448,239,
17,43907586,119,63,
17,43907820,603,649,
17,43907941,69,9,
17,43908220,50,21,
17,43908261,222,78,
17,43908368,162,89,
17,43908770,51,66,
17,43909179,72,65,
17,43909191,27,8,
17,43909328,31,1,
17,43909353,22,1,
17,43909360,26,0,
17,43909398,109,53,
17,43909409,617,331,
17,43909418,50,19,
17,43909430,484,616,
17,43909432,188,183,
17,43909519,78,37,
17,43910423,78,9,
17,43910565,96,14,
17,43910681,439,91,
17,43910685,121,66,
17,43910745,257,210,
17,43910760,32,11,
17,43911167,229,128,
17,43911252,246,282,
17,43911421,50,9,20
17,43911440,33,21,
17,43912618,188,34,27
17,43912844,719,417,
17,43913705,153,46,15
17,43913727,49,6,
17,43913751,436,207,
17,43913950,55,61,
17,43914235,308,376,
17,43914705,615,380,
17,43914784,38,15,
17,43914807,48,45,
17,43914810,16,17,26
17,43914832,529,159,
17,43914852,53,12,
17,43915995,67,20,
17,43916098,497,156,
17,43916411,113,335,
17,43916577,565,152,
17,43916606,11,1,
17,43916622,82,23,21
17,43916956,237,49,
17,43917122,108,29,
17,43917278,86,5,
17,43917376,69,62,
17,43917448,162,202,
17,43917461,252,100,
17,43918352,58,58,
17,43918437,214,322,
17,43918484,887,286,
17,43918620,353,155,
17,43919812,137,76,
17,43919868,223,78,
17,43919959,72,23,
17,43920006,29,5,
17,43920149,14,1,
17,43920188,270,61,
17,43920212,7,0,17
17,43920421,4,0,
17,43920475,21,14,
17,43920544,153,45,
17,43920555,161,198,
17,43920792,217,138,
17,43920889,134,74,
17,43921040,23,0,
17,43921624,192,53,
17,43921653,114,26,
17,43921681,37,9,
17,43921813,26,0,
17,43922698,97,69,
17,43922759,134,132,
17,43922975,48,57,
17,43923342,10,0,
17,43923372,328,117,
17,43924117,120,104,
17,43924226,12,4,
17,43924358,305,69,
17,43925132,28,15,5
17,43925325,63,27,
17,43925355,121,183,
17,43925396,10,1,
17,43925414,63,28,
17,43925502,10,2,
17,43925654,11,0,
17,43925699,9,4,
17,43925732,492,359,
17,43925892,302,255,
17,43925952,22,10,
17,43925982,287,348,
17,43926012,7,1,
17,43926092,18,1,
17,43926097,38,1,
17,43926165,635,628,
17,43926324,30,10,
17,43926376,19,12,28
17,43926469,8,1,
17,43926516,8,2,
17,43926754,24,6,
17,43927095,22,1,
17,43927302,5,0,
17,43927314,40,4,
17,43927321,56,31,
17,43927337,227,132,
17,43927550,9,1,
17,43927649,26,12,
17,43927813,462,388,
17,43927842,32,23,
17,43927856,593,1009,
17,43927914,186,104,
17,43927926,880,337,
17,43927942,52,16,
17,43927948,101,173,
17,43928118,251,78,
17,43928315,510,104,
17,43928570,46,21,
17,43928942,43,36,30
17,43929021,45,3,
17,43929040,49,22,
17,43929054,114,110,
17,43929237,3,0,
17,43929447,71,14,
17,43929724,1135,287,
17,43930156,37,8,
17,43930187,29,14,
17,43930389,31,40,
17,43930397,149,71,
17,43930584,126,61,
17,43930757,83,104,
17,43930762,6,0,
17,43930901,29,6,
17,43930956,12,0,
17,43931170,3,1,
17,43931226,5,0,
17,43931237,3,0,
17,43931285,123,127,
17,43931298,13,0,
17,43931335,11,1,
17,43931358,25,1,
17,43931409,228,266,
17,43931566,13,11,
17,43931569,24,4,
17,43931576,6,0,
17,43931673,88,57,
17,43931701,22,0,
17,43931845,158,68,
17,43931944,113,17,
17,43932009,3,0,
17,43932010,11,3,
17,43932024,26,3,
17,43932459,7,0,
17,43932567,34,16,
17,43932602,16,9,
17,43932871,4,0,
17,43933023,7,0,
17,43933091,4,0,
17,43933248,195,92,
17,43933412,153,120,
17,43933452,294,101,
17,43933511,108,10,
17,43933548,11,0,
17,43933605,27,0,
17,43933628,179,60,
17,43933652,3,0,
17,43933683,91,30,
17,43933891,560,134,
17,43933962,36,6,
17,43934188,16,1,
17,43934343,24,4,
17,43934411,4,0,
17,43934540,285,158,
17,43934562,6,2,
17,43934711,314,138,
17,43934820,6,0,
17,43934954,56,14,
17,43934961,12,1,
17,43935067,382,500,
17,43935305,20,1,
17,43935356,84,14,
17,43935394,308,85,
17,43935434,118,49,
17,43935486,17,6,
17,43935586,200,274,
17,43935625,210,163,
17,43935707,219,79,
17,43935913,542,736,
17,43936097,213,123,
17,43936198,97,77,
17,43936408,356,45,
17,43936461,13,0,
17,43936468,55,31,
17,43936525,19,3,
17,43936592,303,157,
17,43936754,91,46,
17,43936813,77,57,
17,43936844,62,80,
17,43936884,264,71,
17,43936952,8,7,
17,43937106,9,0,
17,43937151,9,1,
17,43937214,598,289,22
17,43937218,14,5,
17,43937242,198,176,
17,43937279,9,3,
17,43937688,21,5,
17,43937750,86,44,
17,43937789,15,0,
17,43937852,54,31,
17,43938179,20,4,
17,43938309,86,30,
17,43938400,129,81,
17,43938481,56,3,
17,43938530,94,36,
17,43938607,147,59,
17,43938611,29,5,
17,43939006,228,101,
17,43939012,27,7,
17,43939053,8,1,
17,43939380,6,2,
17,43939419,96,70,
17,43939520,118,82,
17,43939617,88,19,
17,43939637,42,5,
17,43939781,66,8,
17,43940033,109,61,
17,43940096,5,0,
17,43940107,5,0,
17,43940314,8,0,
17,43940443,10,6,
17,43940500,87,12,
17,43940539,169,208,
17,43940630,5,0,
17,43940646,17,0,
17,43940654,9,1,
17,43940660,7,0,
17,43940711,10,1,
17,43940747,474,219,16
17,43940800,5,0,
17,43940851,6,0,
17,43940865,176,252,
17,43941068,6,0,
17,43941247,9,1,
17,43941355,4,0,
17,43941377,7,0,
17,43941378,4,0,
17,43941564,40,61,
17,43941596,69,77,
17,43941598,147,49,
17,43941673,5,2,
17,43941719,13,0,
17,43941753,8,1,
17,43941862,75,22,
17,43941899,10,0,
17,43942004,7,1,
17,43942149,198,56,
17,43942171,7,0,
17,43942194,25,5,
17,43942279,170,23,
17,43942291,6,1,
17,43942318,79,20,
17,43942335,4,0,
17,43942423,8,0,
17,43942499,4,0,
17,43942514,7,2,
17,43942614,8,0,
17,43942664,15,13,
17,43942686,55,14,
17,43942758,4,0,
17,43942759,40,19,
17,43942791,7,3,
17,43942800,11,2,
17,43942848,22,10,
17,43942864,28,2,
17,43942881,227,55,17
17,43942930,12,7,
17,43943011,12,1,
17,43943019,12,4,
17,43943031,4,0,
17,43943039,15,2,
17,43943047,426,89,9
17,43943077,20,2,
17,43943236,237,66,18
17,43943342,4,0,
17,43943363,13,1,
17,43943502,6,0,
17,43943542,5,1,
17,43943583,104,127,
17,43943610,55,12,24
17,43943652,127,73,23
17,43943670,38,17,
17,43943673,8,0,
17,43943696,8,2,
17,43943737,80,49,
17,43943741,8,0,
17,43943928,14,1,
17,43943984,39,2,
17,43944154,27,71,
17,43944167,32,7,
17,43944249,4,0,
17,43944266,5,1,
17,43944391,6,2,
17,43944467,156,77,6
17,43944526,4,0,
17,43944636,5,1,
17,43944687,74,14,
17,43944743,6,0,
17,43944747,19,11,
17,43944789,77,36,12
17,43944790,52,12,14
17,43944858,4,2,
17,43944894,9,2,
17,43944951,4,2,
17,43944965,15,4,
17,43944974,173,50,11
17,43945015,6,0,
17,43945041,61,50,19
17,43945116,18,0,
17,43945138,71,93,
17,43945162,116,89,25
17,43945293,65,22,7
17,43945373,35,30,
17,43945426,27,20,
17,43945553,5,0,
17,43945610,12,24,
17,43945628,7,1,
17,43945652,9,0,
17,43945728,9,2,
17,43945764,3,1,
17,43945797,5,0,
17,43945820,167,241,1
17,43945993,76,30,2
17,43946017,4,0,
17,43946034,3,0,
17,43946066,35,10,4
17,43946116,9,6,
17,43946118,6,2,
17,43946149,25,8,8
17,43946169,14,0,
17,43946235,10,1,
17,43946291,11,0,
17,43946363,9,1,10
17,43946461,25,2,
17,43946498,31,31,27
17,43946562,14,4,
17,43946601,78,18,13
17,43946766,67,56,2
17,43946824,24,7,2
17,43947143,6,0,
17,43947161,10,0,11
17,43947209,6,1,
17,43947320,4,1,
18,43879702,285,123,
18,43879748,101,87,
18,43880248,77,14,
18,43880472,73,35,
18,43880883,106,20,
18,43880962,789,177,
18,43881035,520,518,
18,43881211,259,103,
18,43881468,491,165,
18,43882291,147,101,
18,43882437,145,8,
18,43882809,201,143,
18,43882905,202,178,
18,43883040,458,123,
18,43883230,88,62,
18,43883642,160,187,
18,43883747,116,24,
18,43884245,68,16,
18,43884418,191,33,
18,43884635,176,243,
18,43885101,584,858,
18,43885478,207,45,
18,43886023,81,64,
18,43886243,337,105,
18,43886271,65,10,
18,43886368,122,105,
18,43886381,95,78,
18,43886552,144,156,
18,43886601,130,27,
18,43886604,153,179,
18,43887068,114,60,
18,43887304,57,20,
18,43887489,40,69,
18,43887637,227,37,
18,43887708,88,27,
18,43887874,115,26,
18,43887998,140,66,
18,43888007,155,25,
18,43888117,820,205,
18,43888157,185,40,
18,43888803,1417,839,
18,43889610,247,59,
18,43889972,53,6,
18,43890118,30,0,
18,43890412,66,10,
18,43890525,295,317,
18,43890538,226,53,
18,43891128,147,31,
18,43891147,32,16,
18,43891245,297,194,
18,43891398,92,30,
18,43892096,288,60,
18,43892119,249,216,
18,43892331,90,5,
18,43892446,57,4,
18,43892481,109,79,
18,43892773,104,6,
18,43892786,216,82,
18,43892832,29,11,
18,43892840,91,7,
18,43893032,35,8,
18,43893127,18,13,
18,43893442,80,27,
18,43893464,66,59,
18,43893581,62,12,
18,43893601,429,112,
18,43893762,402,341,
18,43893808,40,5,
18,43893906,209,81,
18,43894055,38,1,
18,43894175,320,204,
18,43894257,72,47,
18,43894305,688,262,
18,43894363,108,107,
18,43894967,45,26,
18,43895237,107,24,
18,43895456,153,36,
18,43895516,112,181,
18,43895622,109,64,
18,43895637,115,110,
18,43895852,126,5,
18,43895890,330,101,
18,43896011,272,138,
18,43896188,263,92,
18,43896199,143,84,
18,43896410,79,50,
18,43896609,38,16,
18,43896765,27,3,
18,43896820,39,4,
18,43896835,53,22,
18,43896944,40,2,
18,43896948,144,128,
18,43897129,161,57,
18,43897320,384,206,
18,43897719,86,10,
18,43897772,599,673,
18,43897816,26,6,
18,43898280,76,23,
18,43898306,53,14,
18,43898380,255,122,
18,43898400,23,2,
18,43898653,50,40,
18,43898717,91,11,
18,43899016,204,173,
18,43899028,512,226,
18,43899236,435,369,
18,43899251,162,21,
18,43899288,142,90,
18,43899456,85,36,
18,43900264,45,32,
18,43900463,177,37,
18,43900877,657,569,
18,43901131,55,43,
18,43901190,213,71,
18,43901204,251,204,
18,43901495,231,114,
18,43901619,404,187,
18,43901643,43,22,
18,43901831,13,1,
18,43901985,57,10,
18,43902212,1154,438,
18,43902263,408,298,
18,43902308,182,380,
18,43902869,112,151,
18,43903162,75,13,
18,43903400,185,118,
18,43903534,277,154,
18,43903705,191,237,
18,43903728,139,71,
18,43903741,310,214,
18,43903809,26,2,
18,43903853,222,270,
18,43903945,107,75,
18,43903959,223,153,
18,43904478,144,101,
18,43904546,73,12,
18,43904865,91,9,
18,43905153,26,11,
18,43905185,275,83,
18,43905299,244,127,
18,43905942,1104,268,
18,43906018,696,685,
18,43906066,133,45,
18,43906346,128,49,
18,43906442,203,25,
18,43906528,57,14,
18,43906566,39,3,
18,43906841,407,132,
18,43907050,5,0,
18,43907337,29,4,
18,43907376,448,239,
18,43907586,119,63,
18,43907820,603,651,
18,43907941,69,9,
18,43908220,50,22,
18,43908261,222,78,
18,43908368,162,89,
18,43908770,51,66,
18,43909179,72,65,
18,43909191,27,8,
18,43909328,33,1,
18,43909353,22,1,
18,43909360,26,0,
18,43909398,109,53,
18,43909409,618,331,
18,43909418,50,19,
18,43909430,484,616,
18,43909432,188,183,
18,43909487,5,4,12
18,43909519,78,37,
18,43910423,78,9,
18,43910565,96,14,
18,43910681,439,91,
18,43910685,121,66,
18,43910745,257,211,
18,43910760,32,11,
18,43911167,230,128,
18,43911252,246,282,
18,43911421,54,9,23
18,43911440,33,21,
18,43912618,192,35,27
18,43912844,720,417,
18,43913705,156,52,13
18,43913727,49,6,
18,43913751,436,207,
18,43913950,55,61,
18,43914235,308,376,
18,43914705,615,380,
18,43914784,38,15,
18,43914807,49,45,
18,43914810,18,18,30
18,43914832,530,159,
18,43914852,55,12,
18,43915995,67,20,
18,43916098,498,156,
18,43916411,113,335,
18,43916577,565,152,
18,43916606,11,1,
18,43916622,89,30,24
18,43916956,237,49,
18,43917122,108,29,
18,43917278,88,5,
18,43917376,69,62,
18,43917448,162,202,
18,43917461,252,100,
18,43918352,58,60,
18,43918437,214,322,
18,43918484,887,286,
18,43918620,353,155,
18,43919812,137,77,
18,43919868,223,78,
18,43919959,72,23,
18,43920006,29,5,
18,43920149,14,1,
18,43920188,270,61,
18,43920212,8,1,17
18,43920421,4,0,
18,43920475,21,14,
18,43920544,153,45,
18,43920555,161,198,
18,43920792,217,138,
18,43920889,134,74,
18,43921040,23,0,
18,43921624,192,53,
18,43921653,114,26,
18,43921681,37,9,
18,43921813,26,0,
18,43922698,97,69,
18,43922759,134,132,
18,43922975,48,57,
18,43923342,10,0,
18,43923372,328,117,
18,43924117,120,104,
18,43924226,13,4,
18,43924358,305,69,
18,43925132,40,27,4
18,43925325,63,27,
18,43925355,121,183,
18,43925396,10,1,
18,43925414,63,28,
18,43925502,10,2,
18,43925654,11,0,
18,43925699,9,4,
18,43925732,492,359,
18,43925892,302,255,
18,43925952,22,10,
18,43925982,287,348,
18,43926012,7,1,
18,43926092,18,1,
18,43926097,40,1,
18,43926165,636,628,
18,43926324,30,10,
18,43926376,19,14,
18,43926469,8,1,
18,43926516,8,2,
18,43926754,24,6,
18,43927095,22,1,
18,43927302,5,0,
18,43927314,40,4,
18,43927321,56,31,
18,43927337,227,132,
18,43927550,9,1,
18,43927649,26,12,
18,43927813,462,388,
18,43927842,32,23,
18,43927856,593,1011,
18,43927914,186,104,
18,43927926,882,337,
18,43927942,53,16,
18,43927948,101,173,
18,43928118,251,78,
18,43928315,511,104,
18,43928570,46,21,
18,43928942,44,36,
18,43929021,45,3,
18,43929040,49,22,
18,43929054,114,110,
18,43929237,4,0,
18,43929447,71,14,
18,43929724,1136,287,
18,43930156,37,8,
18,43930187,30,14,
18,43930389,31,40,
18,43930397,149,71,
18,43930584,126,61,
18,43930757,83,105,
18,43930762,6,0,
18,43930901,29,6,
18,43930956,12,0,
18,43931170,3,1,
18,43931226,5,0,
18,43931237,3,0,
18,43931285,123,127,
18,43931298,13,0,
18,43931335,11,1,
18,43931358,25,1,
18,43931409,228,266,
18,43931566,13,11,
18,43931569,24,4,
18,43931576,6,0,
18,43931673,88,57,
18,43931701,22,0,
18,43931845,159,68,
18,43931944,113,17,
18,43932009,3,0,
18,43932010,11,3,
18,43932024,26,3,
18,43932459,7,0,
18,43932567,34,16,
18,43932602,16,9,
18,43932871,4,0,
18,43933023,7,0,
18,43933091,4,0,
18,43933248,197,92,
18,43933412,153,121,
18,43933452,294,101,
18,43933511,108,10,
18,43933548,11,0,
18,43933605,27,0,
18,43933628,179,60,
18,43933652,3,0,
18,43933683,92,31,
18,43933891,563,135,
18,43933962,36,6,
18,43934188,16,1,
18,43934343,24,4,
18,43934411,4,0,
18,43934540,286,159,
18,43934562,6,2,
18,43934711,315,138,
18,43934820,6,0,
18,43934954,57,14,
18,43934961,12,1,
18,43935067,385,509,
18,43935305,20,1,
18,43935356,84,14,
18,43935394,310,85,
18,43935434,118,49,
18,43935486,17,6,
18,43935586,201,275,
18,43935625,211,163,
18,43935707,222,79,
18,43935913,543,740,
18,43936071,12,2,
18,43936097,214,124,
18,43936198,97,77,
18,43936408,362,45,
18,43936461,13,0,
18,43936468,55,31,
18,43936525,19,3,
18,43936592,305,158,
18,43936754,92,46,
18,43936813,77,57,
18,43936844,63,81,
18,43936884,268,71,
18,43936952,8,7,
18,43937106,9,0,
18,43937151,9,1,
18,43937214,598,289,
18,43937218,14,5,
18,43937242,198,177,
18,43937279,9,3,
18,43937688,21,5,
18,43937750,86,46,
18,43937789,15,0,
18,43937852,54,31,
18,43938179,20,4,
18,43938309,86,30,
18,43938400,129,81,
18,43938481,57,3,
18,43938530,95,37,
18,43938607,147,59,
18,43938611,29,5,
18,43939006,230,102,
18,43939012,27,7,
18,43939380,6,2,
18,43939419,96,71,
18,43939520,119,84,
18,43939617,89,19,
18,43939637,43,5,
18,43939781,66,8,
18,43940033,110,61,
18,43940096,5,0,
18,43940107,5,0,
18,43940314,8,0,
18,43940443,10,6,
18,43940500,90,12,
18,43940539,171,211,
18,43940630,5,0,
18,43940646,17,0,
18,43940654,9,1,
18,43940660,7,0,
18,43940711,10,1,
18,43940747,485,228,12
18,43940800,5,0,
18,43940851,6,0,
18,43940865,176,252,
18,43941247,9,1,
18,43941355,4,0,
18,43941377,7,0,
18,43941378,4,0,
18,43941564,40,61,
18,43941596,70,78,
18,43941598,148,49,
18,43941673,5,2,
18,43941719,13,0,
18,43941753,8,1,
18,43941862,79,24,
18,43941899,10,0,
18,43942004,7,1,
18,43942149,200,57,
18,43942171,7,0,
18,43942194,25,5,
18,43942279,171,23,
18,43942291,6,1,
18,43942318,79,21,
18,43942335,4,0,
18,43942423,9,0,
18,43942499,4,0,
18,43942514,7,2,
18,43942614,8,0,
18,43942664,15,13,
18,43942686,56,14,
18,43942758,4,0,
18,43942759,41,19,
18,43942791,7,3,
18,43942800,11,2,
18,43942848,23,10,
18,43942864,29,2,
18,43942881,251,57,16
18,43942930,12,7,
18,43943011,12,1,
18,43943019,12,4,
18,43943031,4,0,
18,43943039,16,2,
18,43943047,435,92,8
18,43943077,20,2,
18,43943236,248,70,19
18,43943342,4,0,
18,43943363,13,2,
18,43943502,6,0,
18,43943542,5,1,
18,43943583,109,132,
18,43943610,58,14,26
18,43943652,136,78,25
18,43943670,38,17,
18,43943673,9,1,
18,43943696,8,2,
18,43943737,80,50,
18,43943741,8,0,
18,43943928,15,1,
18,43943984,40,2,
18,43944154,28,74,
18,43944167,33,7,
18,43944249,4,0,
18,43944391,7,2,
18,43944467,178,83,5
18,43944526,4,0,
18,43944636,5,1,
18,43944687,75,14,
18,43944743,6,0,
18,43944747,21,13,
18,43944789,86,40,10
18,43944790,56,25,15
18,43944858,4,2,
18,43944894,10,2,
18,43944951,4,2,
18,43944965,16,4,
18,43944974,179,53,10
18,43945015,6,0,
18,43945041,68,52,21
18,43945116,18,0,
18,43945138,73,94,
18,43945162,120,98,29
18,43945293,69,24,11
18,43945342,6,0,
18,43945373,38,32,
18,43945426,27,21,
18,43945467,34,19,
18,43945553,5,0,
18,43945610,12,28,
18,43945628,7,1,
18,43945652,10,0,
18,43945764,3,1,
18,43945797,6,0,
18,43945818,4,0,
18,43945820,211,286,1
18,43945976,4,0,
18,43945993,122,49,3
18,43946017,6,0,
18,43946034,4,0,
18,43946066,44,11,6
18,43946116,10,6,
18,43946118,6,2,
18,43946119,4,1,
18,43946149,32,11,6
18,43946169,19,7,
18,43946235,11,1,
18,43946291,13,0,
18,43946363,9,1,19
18,43946472,5,0,30
18,43946498,41,41,28
18,43946532,4,3,
18,43946562,17,6,
18,43946601,118,47,13
18,43946766,97,91,9
18,43946824,43,14,2
18,43946949,6,0,25
18,43947143,12,0,
18,43947145,5,0,
18,43947198,3,0,
18,43947209,14,9,
18,43947320,5,1,
18,43947685,4,0,
18,43947690,3,0,
18,43947731,10,0,24
18,43947776,3,1,
18,43947850,12,1,
19,43879702,285,123,
19,43879748,101,87,
19,43880248,77,14,
19,43880472,73,35,
19,43880883,106,20,
19,43880962,789,177,
19,43881035,520,518,
19,43881211,259,103,
19,43881468,491,165,
19,43882291,147,101,
19,43882437,145,8,
19,43882809,201,143,
19,43882905,202,178,
19,43883040,458,123,
19,43883230,88,62,
19,43883642,160,187,
19,43883747,116,24,
19,43884245,68,16,
19,43884418,191,33,
19,43884635,176,243,
19,43885101,584,858,
19,43885478,207,45,
19,43886023,81,64,
19,43886243,337,105,
19,43886271,65,10,
19,43886368,122,105,
19,43886381,95,78,
19,43886552,144,156,
19,43886601,130,27,
19,43886604,153,179,
19,43887068,114,60,
19,43887304,57,20,
19,43887489,40,69,
19,43887637,228,37,
19,43887708,88,27,
19,43887874,115,26,
19,43887998,140,66,
19,43888007,155,25,
19,43888117,820,205,
19,43888157,185,40,
19,43888803,1417,839,
19,43889610,247,59,
19,43889972,53,6,
19,43890118,30,0,
19,43890412,66,10,
19,43890525,295,317,
19,43890538,226,53,
19,43891128,147,31,
19,43891147,32,16,
19,43891245,298,194,
19,43891398,92,30,
19,43892096,288,60,
19,43892119,249,216,
19,43892331,90,5,
19,43892446,57,4,
19,43892481,109,79,
19,43892773,104,6,
19,43892786,216,82,
19,43892832,29,11,
19,43892840,91,7,
19,43893032,35,8,
19,43893127,18,13,
19,43893442,80,27,
19,43893464,66,59,
19,43893581,62,13,
19,43893601,429,112,
19,43893762,402,341,
19,43893808,40,5,
19,43893906,209,81,
19,43894055,38,1,
19,43894175,320,204,
19,43894257,72,47,
19,43894305,689,262,
19,43894363,108,107,
19,43894967,45,26,
19,43895237,107,24,
19,43895456,153,36,
19,43895516,112,181,
19,43895622,109,64,
19,43895637,115,110,
19,43895852,126,5,
19,43895890,331,101,
19,43896011,272,138,
19,43896188,263,92,
19,43896199,143,84,
19,43896410,79,50,
19,43896609,38,16,
19,43896835,53,22,
19,43896944,40,2,
19,43896948,144,128,
19,43897129,162,57,
19,43897320,384,206,
19,43897719,86,10,
19,43897772,599,673,
19,43897816,26,6,
19,43898280,76,23,
19,43898306,53,14,
19,43898380,255,122,
19,43898400,23,2,
19,43898653,50,40,
19,43898717,91,11,
19,43899016,204,173,
19,43899028,512,226,
19,43899236,435,369,
19,43899251,162,21,
19,43899288,142,90,
19,43899456,85,36,
19,43900264,45,32,
19,43900463,177,37,
19,43900877,657,569,
19,43901131,55,43,
19,43901190,213,71,
19,43901204,251,204,
19,43901495,231,114,
19,43901619,404,187,
19,43901643,43,22,
19,43901831,13,1,
19,43901985,57,10,
19,43902212,1155,438,
19,43902263,408,298,
19,43902308,182,380,
19,43902869,112,151,
19,43903162,75,13,
19,43903400,185,118,
19,43903534,277,154,
19,43903705,191,237,
19,43903728,139,71,
19,43903741,310,214,
19,43903809,26,2,
19,43903853,222,270,
19,43903945,107,75,
19,43903959,223,153,
19,43904478,144,101,
19,43904546,73,12,
19,43904865,91,9,
19,43905153,26,11,
19,43905185,275,83,
19,43905299,244,127,
19,43905942,1104,268,
19,43906018,697,685,
19,43906066,133,45,
19,43906346,128,49,
19,43906442,203,25,
19,43906528,57,14,
19,43906566,39,3,
19,43906841,407,132,
19,43907050,5,0,
19,43907376,448,239,
19,43907586,119,63,
19,43907820,603,651,
19,43907941,69,9,
19,43908220,50,22,
19,43908261,222,79,
19,43908368,162,89,
19,43908770,51,66,
19,43909179,72,65,
19,43909191,27,8,
19,43909328,33,1,
19,43909353,22,1,
19,43909360,26,0,
19,43909398,109,53,
19,43909409,618,331,
19,43909418,50,19,
19,43909430,484,616,
19,43909432,188,183,
19,43909487,14,6,10
19,43909519,78,37,
19,43910423,78,9,
19,43910565,96,14,
19,43910681,439,92,
19,43910685,121,66,
19,43910745,257,211,
19,43910760,32,11,
19,43911167,230,128,
19,43911252,246,282,
19,43911421,57,9,26
19,43911440,33,21,
19,43912618,192,35,
19,43912844,720,417,
19,43913705,169,52,15
19,43913727,49,6,
19,43913751,436,207,
19,43913950,55,61,
19,43914235,308,376,
19,43914705,615,381,
19,43914784,38,15,
19,43914807,49,45,
19,43914810,19,19,
19,43914832,530,159,
19,43914852,55,12,
19,43916098,498,156,
19,43916411,113,336,
19,43916577,566,152,
19,43916606,11,1,
19,43916622,98,35,27
19,43916956,237,49,
19,43917122,108,29,
19,43917278,89,5,
19,43917376,69,62,
19,43917448,162,202,
19,43917461,252,100,
19,43918352,58,61,
19,43918437,214,322,
19,43918484,888,286,
19,43918620,353,155,
19,43919812,137,77,
19,43919868,223,78,
19,43919959,72,23,
19,43920006,29,5,
19,43920149,14,1,
19,43920188,270,61,
19,43920212,10,3,20
19,43920421,4,0,
19,43920544,153,45,
19,43920555,161,198,
19,43920792,217,138,
19,43920889,134,74,
19,43921040,23,0,
19,43921624,192,53,
19,43921653,114,26,
19,43921681,37,9,
19,43921813,26,0,
19,43922698,98,69,
19,43922759,134,132,
19,43922975,48,57,
19,43923342,10,0,
19,43923372,328,117,
19,43924117,121,104,
19,43924226,13,4,
19,43924358,305,69,
19,43925132,51,29,4
19,43925325,63,27,
19,43925355,121,183,
19,43925396,20,6,5
19,43925414,63,28,
19,43925654,11,0,
19,43925732,492,359,
19,43925892,303,256,
19,43925952,22,10,
19,43925982,287,348,
19,43926012,7,1,
19,43926092,18,1,
19,43926097,41,1,
19,43926165,636,628,
19,43926324,30,10,
19,43926376,19,15,
19,43926469,8,1,
19,43926516,8,2,
19,43926754,24,6,
19,43927095,22,1,
19,43927302,5,0,
19,43927314,40,4,
19,43927321,56,31,
19,43927337,227,132,
19,43927550,9,1,
19,43927649,26,12,
19,43927813,463,388,
19,43927842,32,23,
19,43927856,593,1011,
19,43927914,186,104,
19,43927926,882,337,
19,43927942,53,16,
19,43927948,101,173,
19,43928118,251,78,
19,43928315,511,105,
19,43928570,46,21,
19,43928942,46,36,
19,43929021,45,3,
19,43929040,49,22,
19,43929054,114,110,
19,43929237,4,0,
19,43929447,71,14,
19,43929724,1139,287,
19,43930156,37,8,
19,43930187,30,14,
19,43930389,31,40,
19,43930397,149,71,
19,43930584,127,61,
19,43930757,83,106,
19,43930762,6,0,
19,43930901,29,6,
19,43930956,12,0,
19,43931285,123,127,
19,43931298,13,0,
19,43931335,11,1,
19,43931358,25,1,
19,43931409,228,266,
19,43931566,13,11,
19,43931569,24,4,
19,43931673,88,57,
19,43931701,22,0,
19,43931845,159,68,
19,43931944,113,17,
19,43932009,3,0,
19,43932010,11,3,
19,43932024,26,3,
19,43932459,7,0,
19,43932567,34,16,
19,43932602,16,9,
19,43932871,4,0,
19,43933023,7,0,
19,43933091,4,0,
19,43933248,198,92,
19,43933412,153,123,
19,43933452,294,101,
19,43933511,108,10,
19,43933548,11,0,
19,43933605,27,0,
19,43933628,179,60,
19,43933652,3,0,
19,43933683,92,31,
19,43933891,566,135,
19,43933962,36,6,
19,43934188,16,1,
19,43934343,24,4,
19,43934411,4,0,
19,43934540,286,159,
19,43934562,6,2,
19,43934711,315,138,
19,43934820,6,0,
19,43934954,57,14,
19,43935067,385,515,
19,43935305,20,1,
19,43935356,84,14,
19,43935394,310,85,
19,43935434,118,50,
19,43935486,17,6,
19,43935586,201,275,
19,43935625,211,163,
19,43935707,224,79,
19,43935913,544,741,
19,43936071,12,2,
19,43936097,215,124,
19,43936198,97,77,
19,43936408,363,45,
19,43936461,13,0,
19,43936468,55,31,
19,43936525,19,3,
19,43936592,307,158,
19,43936754,92,46,
19,43936813,77,57,
19,43936844,63,81,
19,43936884,269,71,
19,43936952,8,7,
19,43937106,9,0,
19,43937151,9,1,
19,43937214,599,289,
19,43937218,14,5,
19,43937242,199,177,
19,43937688,21,5,
19,43937750,86,46,
19,43937789,15,0,
19,43937852,54,31,
19,43938179,20,4,
19,43938309,87,30,
19,43938400,129,81,
19,43938481,57,3,
19,43938530,96,37,
19,43938607,147,59,
19,43938611,29,5,
19,43939006,232,103,
19,43939012,27,7,
19,43939419,96,71,
19,43939520,120,89,
19,43939617,89,19,
19,43939637,43,5,
19,43939781,66,10,
19,43940033,110,62,
19,43940096,5,1,
19,43940107,5,0,
19,43940314,8,0,
19,43940443,10,6,
19,43940500,90,12,
19,43940539,172,212,
19,43940630,5,0,
19,43940646,17,0,
19,43940654,9,1,
19,43940660,7,0,
19,43940711,10,1,
19,43940747,498,230,15
19,43940800,5,0,
19,43940851,6,0,
19,43940865,176,254,
19,43941247,9,1,
19,43941355,4,0,
19,43941377,7,0,
19,43941564,40,62,
19,43941596,70,78,
19,43941598,151,50,
19,43941673,6,2,
19,43941719,13,0,
19,43941753,8,1,
19,43941862,80,25,
19,43941899,10,0,
19,43942004,7,1,
19,43942149,201,57,
19,43942171,8,0,
19,43942194,25,5,
19,43942279,174,24,
19,43942291,6,1,
19,43942318,81,21,
19,43942335,4,0,
19,43942423,9,0,
19,43942499,4,0,
19,43942514,7,2,
19,43942614,8,0,
19,43942664,15,13,
19,43942686,57,14,
19,43942758,4,0,
19,43942759,42,19,
19,43942791,7,3,
19,43942800,11,2,
19,43942848,23,10,
19,43942864,30,2,
19,43942881,270,58,17
19,43942930,12,7,
19,43943011,12,1,
19,43943019,12,4,
19,43943031,4,0,
19,43943039,16,2,
19,43943047,452,99,8
19,43943077,20,2,
19,43943236,258,75,19
19,43943342,4,0,
19,43943363,13,2,
19,43943502,6,0,
19,43943542,5,1,
19,43943583,109,136,
19,43943610,63,15,30
19,43943652,141,79,29
19,43943670,38,17,
19,43943673,9,1,
19,43943696,8,2,
19,43943737,81,51,20
19,43943741,8,0,
19,43943928,16,1,
19,43943984,41,2,
19,43944016,54,68,
19,43944167,33,7,
19,43944249,4,0,
19,43944391,7,2,
19,43944467,200,92,5
19,43944526,4,0,
19,43944636,5,1,
19,43944687,80,15,
19,43944743,6,0,
19,43944747,21,13,
19,43944789,99,47,11
19,43944790,63,29,17
19,43944809,48,64,
19,43944858,4,2,
19,43944894,10,2,
19,43944951,4,2,
19,43944965,17,4,
19,43944974,186,55,14
19,43945015,6,0,
19,43945041,70,55,23
19,43945116,18,0,
19,43945138,73,98,
19,43945162,124,101,
19,43945293,80,25,16
19,43945342,6,0,
19,43945373,42,33,
19,43945426,27,22,
19,43945467,37,25,
19,43945553,5,0,
19,43945610,12,29,
19,43945628,8,1,
19,43945652,10,0,
19,43945797,6,0,
19,43945818,5,1,
19,43945820,241,330,1
19,43945976,5,0,
19,43945993,164,84,2
19,43946017,6,0,
19,43946034,4,0,
19,43946066,57,13,6
19,43946116,11,6,
19,43946118,6,3,
19,43946119,4,1,
19,43946149,45,15,6
19,43946169,19,11,
19,43946235,11,1,
19,43946291,14,0,
19,43946363,11,2,23
19,43946472,8,0,23
19,43946498,46,52,22
19,43946532,7,5,
19,43946562,18,9,
19,43946601,141,51,25
19,43946766,123,108,7
19,43946824,61,21,3
19,43946949,8,1,27
19,43947143,14,0,
19,43947145,6,0,
19,43947198,3,0,
19,43947209,16,11,
19,43947320,6,1,
19,43947685,16,2,
19,43947690,47,40,9
19,43947731,46,29,8
19,43947776,13,2,
19,43947847,9,1,
19,43947850,36,9,
19,43948077,7,1,
19,43948291,3,0,
20,43879702,285,123,
20,43879748,101,87,
20,43880248,77,14,
20,43880472,73,35,
20,43880883,106,20,
20,43880962,789,177,
20,43881035,520,518,
20,43881211,259,103,
20,43881468,491,165,
20,43882291,147,101,
20,43882437,145,8,
20,43882809,201,143,
20,43882905,202,178,
20,43883040,458,123,
20,43883230,88,62,
20,43883642,160,187,
20,43883747,116,24,
20,43884245,68,16,
20,43884418,191,33,
20,43884635,176,243,
20,43885101,584,858,
20,43885478,207,45,
20,43886023,81,64,
20,43886243,337,105,
20,43886271,65,10,
20,43886368,122,105,
20,43886381,95,78,
20,43886552,144,156,
20,43886601,130,27,
20,43886604,153,179,
20,43887068,114,60,
20,43887304,57,20,
20,43887489,40,69,
20,43887637,228,37,
20,43887708,88,27,
20,43887874,115,26,
20,43887998,140,66,
20,43888007,155,25,
20,43888117,820,205,
20,43888157,185,40,
20,43888803,1417,839,
20,43889610,247,59,
20,43889972,53,6,
20,43890118,30,0,
20,43890412,66,10,
20,43890525,295,317,
20,43890538,226,53,
20,43891128,147,31,
20,43891147,32,16,
20,43891245,298,194,
20,43891398,92,30,
20,43892096,288,60,
20,43892119,249,216,
20,43892331,90,5,
20,43892446,57,4,
20,43892481,109,79,
20,43892773,104,6,
20,43892786,216,82,
20,43892832,29,11,
20,43892840,91,7,
20,43893032,35,8,
20,43893127,18,13,
20,43893442,80,27,
20,43893464,66,59,
20,43893581,62,12,
20,43893601,429,112,
20,43893762,402,341,
20,43893808,40,5,
20,43893906,209,81,
20,43894055,38,1,
20,43894175,320,204,
20,43894257,72,47,
20,43894305,689,262,
20,43894363,108,107,
20,43894967,45,26,
20,43895237,107,24,
20,43895456,153,36,
20,43895516,112,181,
20,43895622,109,64,
20,43895637,115,110,
20,43895852,126,5,
20,43895890,331,101,
20,43896011,272,138,
20,43896188,263,92,
20,43896199,143,84,
20,43896410,79,50,
20,43896609,38,16,
20,43896835,53,22,
20,43896944,40,2,
20,43896948,144,128,
20,43897129,162,57,
20,43897320,384,206,
20,43897719,86,10,
20,43897772,599,673,
20,43897816,26,6,
20,43898280,78,23,
20,43898306,53,14,
20,43898380,255,122,
20,43898400,23,2,
20,43898653,50,40,
20,43898717,91,11,
20,43899016,204,173,
20,43899028,512,226,
20,43899236,435,369,
20,43899251,162,21,
20,43899288,142,90,
20,43899456,85,36,
20,43900264,45,32,
20,43900463,177,37,
20,43900877,657,569,
20,43901131,55,43,
20,43901190,213,71,
20,43901204,251,204,
20,43901495,231,114,
20,43901619,404,187,
20,43901643,43,22,
20,43901831,13,1,
20,43901985,57,10,
20,43902212,1156,438,
20,43902263,408,298,
20,43902308,182,380,
20,43902869,112,151,
20,43903162,76,13,
20,43903400,185,118,
20,43903534,277,154,
20,43903705,191,237,
20,43903728,139,71,
20,43903741,310,217,
20,43903809,26,2,
20,43903853,222,270,
20,43903945,107,75,
20,43903959,223,153,
20,43904478,144,101,
20,43904546,73,12,
20,43904865,91,9,
20,43905153,26,11,
20,43905185,275,83,
20,43905299,244,127,
20,43905942,1104,268,
20,43906018,697,685,
20,43906066,133,45,
20,43906346,128,49,
20,43906442,203,25,
20,43906528,57,14,
20,43906566,39,3,
20,43906841,407,132,
20,43907050,5,0,
20,43907376,448,239,
20,43907586,119,63,
20,43907820,603,651,
20,43907941,69,9,
20,43908220,50,22,
20,43908261,222,79,
20,43908368,162,89,
20,43908770,51,66,
20,43909179,72,65,
20,43909191,27,8,
20,43909328,33,1,
20,43909353,22,1,
20,43909360,26,0,
20,43909398,109,53,
20,43909409,618,331,
20,43909418,50,20,
20,43909430,484,618,
20,43909432,188,183,
20,43909487,19,8,8
20,43909519,78,37,
20,43910423,78,9,
20,43910565,96,14,
20,43910681,439,92,
20,43910685,121,66,
20,43910745,257,211,
20,43910760,32,11,
20,43911167,230,128,
20,43911252,246,282,
20,43911421,59,9,26
20,43911440,33,21,
20,43912618,193,35,
20,43912844,721,417,
20,43913705,178,55,11
20,43913727,49,6,
20,43913751,436,207,
20,43913950,55,61,
20,43914235,308,376,
20,43914705,615,381,
20,43914784,38,15,
20,43914807,51,47,
20,43914810,20,19,
20,43914832,530,159,
20,43914852,55,13,
20,43916098,498,156,
20,43916411,113,336,
20,43916577,566,153,
20,43916606,11,1,
20,43916622,104,34,28
20,43916956,237,49,
20,43917122,108,29,
20,43917278,89,5,
20,43917376,69,62,
20,43917448,162,202,
20,43917461,252,100,
20,43918352,58,62,
20,43918437,215,322,
20,43918484,888,286,
20,43918620,353,155,
20,43919812,137,77,
20,43919868,223,78,
20,43919959,72,23,
20,43920006,29,5,
20,43920149,14,1,
20,43920188,270,61,
20,43920212,11,4,24
20,43920421,4,0,
20,43920544,153,45,
20,43920555,161,198,
20,43920792,217,138,
20,43920889,135,74,
20,43921040,23,0,
20,43921624,192,53,
20,43921653,114,26,
20,43921681,37,9,
20,43921813,26,0,
20,43922698,98,69,
20,43922759,134,132,
20,43922975,48,57,
20,43923342,10,0,
20,43923372,329,117,
20,43924117,121,104,
20,43924226,13,4,
20,43924358,305,69,
20,43925132,57,41,4
20,43925325,63,27,
20,43925355,121,183,
20,43925396,40,21,4
20,43925414,63,28,
20,43925654,11,0,
20,43925732,493,359,
20,43925892,303,256,
20,43925952,22,10,
20,43925982,287,348,
20,43926029,7,0,7
20,43926092,18,1,
20,43926097,41,1,
20,43926165,638,628,
20,43926324,30,10,
20,43926376,19,16,
20,43926469,8,1,
20,43926516,8,2,
20,43926754,24,6,
20,43927095,22,1,
20,43927302,5,0,
20,43927314,40,4,
20,43927321,56,31,
20,43927337,227,132,
20,43927550,9,1,
20,43927649,26,12,
20,43927813,463,388,
20,43927842,32,23,
20,43927856,594,1011,
20,43927914,186,104,
20,43927926,882,337,
20,43927942,53,16,
20,43927948,101,173,
20,43928118,252,78,
20,43928315,512,105,
20,43928570,46,21,
20,43928942,46,39,
20,43929021,45,3,
20,43929040,49,22,
20,43929054,114,110,
20,43929237,4,0,
20,43929447,71,14,
20,43929724,1140,287,
20,43930156,37,8,
20,43930187,30,14,
20,43930389,31,41,
20,43930397,149,71,
20,43930584,127,62,
20,43930757,83,106,
20,43930762,6,0,
20,43930901,29,6,
20,43930956,12,0,
20,43931285,123,127,
20,43931298,13,0,
20,43931335,11,1,
20,43931358,25,1,
20,43931409,228,266,
20,43931566,13,11,
20,43931569,24,4,
20,43931673,88,57,
20,43931701,22,0,
20,43931845,159,68,
20,43931944,113,17,
20,43932010,11,3,
20,43932024,26,3,
20,43932459,7,0,
20,43932567,34,16,
20,43932602,16,9,
20,43932871,4,0,
20,43933023,7,0,
20,43933091,4,0,
20,43933248,198,93,
20,43933412,153,123,
20,43933452,295,101,
20,43933511,108,10,
20,43933548,11,0,
20,43933605,27,0,
20,43933628,179,60,
20,43933652,3,0,
20,43933683,92,32,
20,43933891,566,135,
20,43933962,36,6,
20,43934188,16,1,
20,43934343,25,4,
20,43934411,4,0,
20,43934540,286,159,
20,43934562,6,2,
20,43934711,316,138,
20,43934820,6,0,
20,43934954,58,14,
20,43935067,385,518,
20,43935356,85,14,
20,43935394,310,85,
20,43935434,119,50,
20,43935486,17,6,
20,43935586,201,276,
20,43935625,211,163,
20,43935707,225,81,
20,43935913,545,743,
20,43936097,215,124,
20,43936198,97,77,
20,43936408,365,45,
20,43936461,13,0,
20,43936468,56,31,
20,43936525,19,3,
20,43936592,307,158,
20,43936754,92,46,
20,43936813,77,57,
20,43936844,63,81,
20,43936884,271,71,
20,43936952,8,7,
20,43937106,9,0,
20,43937151,9,1,
20,43937214,599,289,
20,43937218,15,6,
20,43937242,199,177,
20,43937688,21,5,
20,43937750,86,46,
20,43937789,15,0,
20,43937852,54,31,
20,43938179,20,4,
20,43938309,87,30,
20,43938400,129,81,
20,43938481,57,3,
20,43938530,97,37,
20,43938607,147,59,
20,43938611,29,5,
20,43939006,232,104,
20,43939012,27,7,
20,43939419,96,71,
20,43939520,121,89,
20,43939617,90,19,
20,43939637,43,5,
20,43939781,66,10,
20,43940033,110,65,
20,43940096,5,1,
20,43940107,5,0,
20,43940443,10,6,
20,43940500,90,12,
20,43940539,176,218,
20,43940630,5,0,
20,43940646,18,0,
20,43940654,9,1,
20,43940660,7,0,
20,43940711,10,1,
20,43940747,504,233,
20,43940800,5,0,
20,43940851,6,0,
20,43940865,176,256,
20,43941247,9,1,
20,43941355,4,0,
20,43941377,7,0,
20,43941564,41,61,
20,43941596,70,78,
20,43941598,152,50,
20,43941673,6,2,
20,43941719,13,0,
20,43941753,8,1,
20,43941862,82,26,
20,43942004,7,1,
20,43942149,201,57,
20,43942171,9,1,
20,43942194,25,5,
20,43942279,176,24,
20,43942291,6,1,
20,43942318,81,21,
20,43942335,4,0,
20,43942423,9,0,
20,43942499,4,0,
20,43942514,7,2,
20,43942614,8,0,
20,43942664,15,16,
20,43942686,57,14,
20,43942758,4,0,
20,43942759,42,19,
20,43942791,7,3,
20,43942800,11,2,
20,43942848,23,10,
20,43942864,31,4,
20,43942881,291,64,14
20,43942930,12,7,
20,43943011,12,1,
20,43943019,12,4,
20,43943031,4,0,
20,43943039,16,2,
20,43943047,464,102,10
20,43943077,20,2,
20,43943236,272,85,18
20,43943342,4,0,
20,43943363,13,2,
20,43943502,6,0,
20,43943542,6,1,
20,43943583,111,137,
20,43943610,65,24,30
20,43943652,143,80,
20,43943670,38,17,
20,43943673,9,1,
20,43943696,8,2,
20,43943737,86,54,20
20,43943741,8,0,
20,43943928,16,1,
20,43943984,44,2,
20,43944016,55,69,
20,43944167,33,7,
20,43944249,4,0,
20,43944467,210,100,23
20,43944526,4,0,
20,43944636,5,1,
20,43944687,81,17,
20,43944743,6,0,
20,43944747,22,13,
20,43944789,107,51,9
20,43944790,67,33,17
20,43944809,49,65,
20,43944858,4,2,
20,43944894,11,2,
20,43944951,4,2,
20,43944965,17,4,
20,43944974,192,60,13
20,43945015,7,0,
20,43945041,73,56,25
20,43945116,18,0,
20,43945138,74,100,
20,43945162,126,103,
20,43945293,87,29,14
20,43945342,6,0,
20,43945373,43,34,
20,43945426,27,22,
20,43945467,43,33,
20,43945553,6,1,
20,43945610,12,30,
20,43945628,8,1,
20,43945652,10,0,
20,43945797,6,0,
20,43945818,5,1,
20,43945820,259,376,1
20,43945976,5,0,
20,43945993,201,115,2
20,43946017,6,0,
20,43946034,4,0,
20,43946066,69,17,5
20,43946116,11,8,
20,43946118,6,3,
20,43946119,4,1,
20,43946149,54,18,6
20,43946169,20,13,
20,43946172,3,0,
20,43946235,11,1,
20,43946291,14,0,
20,43946363,11,2,28
20,43946437,4,0,
20,43946472,12,0,22
20,43946498,69,69,17
20,43946532,10,7,
20,43946562,22,11,
20,43946601,158,63,25
20,43946766,126,126,
20,43946824,75,27,3
20,43946949,12,1,24
20,43947143,15,0,
20,43947145,8,0,
20,43947198,3,0,
20,43947209,16,13,
20,43947320,6,1,
20,43947630,7,0,
20,43947675,3,0,
20,43947685,18,5,
20,43947690,56,74,18
20,43947731,54,57,9
20,43947776,16,3,
20,43947847,10,3,
20,43948050,4,1,
20,43948077,26,18,22
20,43948291,25,40,16
20,43948501,4,1,
21,43879702,285,123,
21,43879748,101,87,
21,43880248,77,14,
21,43880472,73,35,
21,43880883,106,20,
21,43880962,789,177,
21,43881035,520,518,
21,43881211,259,103,
21,43881468,491,165,
21,43882291,147,101,
21,43882437,145,8,
21,43882809,201,143,
21,43882905,202,178,
21,43883040,458,123,
21,43883230,88,62,
21,43883642,160,187,
21,43883747,116,24,
21,43884245,68,16,
21,43884418,191,33,
21,43884635,176,243,
21,43885101,584,859,
21,43885478,207,45,
21,43886023,81,64,
21,43886243,337,105,
21,43886271,65,10,
21,43886368,122,105,
21,43886381,95,78,
21,43886552,144,156,
21,43886601,130,27,
21,43886604,153,179,
21,43887068,114,60,
21,43887304,57,20,
21,43887489,40,69,
21,43887637,228,37,
21,43887708,88,27,
21,43887874,115,26,
21,43887998,140,66,
21,43888007,155,25,
21,43888117,820,205,
21,43888157,185,40,
21,43888803,1417,839,
21,43889610,247,59,
21,43889972,53,6,
21,43890118,30,0,
21,43890412,66,10,
21,43890525,295,317,
21,43890538,226,53,
21,43891128,147,31,
21,43891147,32,16,
21,43891245,298,194,
21,43891398,92,30,
21,43892096,288,60,
21,43892119,249,216,
21,43892331,90,5,
21,43892446,57,4,
21,43892481,109,79,
21,43892773,104,6,
21,43892786,216,82,
21,43892832,29,11,
21,43892840,91,7,
21,43893032,35,8,
21,43893127,18,13,
21,43893442,80,27,
21,43893464,66,59,
21,43893581,63,12,
21,43893601,429,112,
21,43893762,402,341,
21,43893808,40,5,
21,43893906,209,81,
21,43894055,38,1,
21,43894175,320,204,
21,43894257,72,47,
21,43894305,690,262,
21,43894363,108,107,
21,43894967,45,26,
21,43895237,107,24,
21,43895456,153,36,
21,43895516,112,181,
21,43895622,109,64,
21,43895637,115,110,
21,43895852,126,5,
21,43895890,331,101,
21,43896011,272,138,
21,43896188,263,92,
21,43896199,143,84,
21,43896410,79,50,
21,43896609,38,16,
21,43896835,53,22,
21,43896944,40,2,
21,43896948,144,128,
21,43897129,162,57,
21,43897320,384,206,
21,43897719,86,10,
21,43897772,599,673,
21,43897816,26,6,
21,43898280,78,23,
21,43898306,53,14,
21,43898380,255,122,
21,43898400,23,2,
21,43898653,50,40,
21,43898717,91,11,
21,43899016,204,173,
21,43899028,512,226,
21,43899236,435,369,
21,43899251,162,21,
21,43899288,142,90,
21,43899456,85,36,
21,43900264,45,32,
21,43900463,177,37,
21,43900877,657,569,
21,43901131,55,43,
21,43901190,213,71,
21,43901204,251,204,
21,43901495,231,114,
21,43901619,404,187,
21,43901643,43,22,
21,43901831,13,1,
21,43901985,57,10,
21,43902212,1156,438,
21,43902263,408,298,
21,43902308,182,380,
21,43902869,112,151,
21,43903162,76,13,
21,43903400,185,118,
21,43903534,277,154,
21,43903705,191,237,
21,43903728,139,71,
21,43903741,310,218,
21,43903809,26,2,
21,43903853,222,270,
21,43903945,107,75,
21,43903959,223,153,
21,43904478,144,101,
21,43904546,73,12,
21,43904865,91,9,
21,43905153,26,11,
21,43905185,275,83,
21,43905299,244,127,
21,43905942,1104,268,
21,43906018,697,685,
21,43906066,133,45,
21,43906346,128,49,
21,43906442,203,25,
21,43906528,57,14,
21,43906566,39,3,
21,43906841,407,132,
21,43907050,5,0,
21,43907376,448,239,
21,43907586,119,63,
21,43907820,603,651,
21,43907941,69,9,
21,43908220,51,22,
21,43908261,222,79,
21,43908368,162,89,
21,43908770,51,66,
21,43909179,73,66,
21,43909191,27,8,
21,43909328,33,1,
21,43909353,22,1,
21,43909360,26,0,
21,43909398,109,53,
21,43909409,618,331,
21,43909418,50,20,
21,43909430,484,618,
21,43909432,188,183,
21,43909487,22,11,11
21,43909519,78,37,
21,43910423,78,9,
21,43910565,96,14,
21,43910681,439,92,
21,43910685,121,66,
21,43910745,257,211,
21,43910760,32,11,
21,43911167,230,128,
21,43911252,246,282,
21,43911421,64,9,30
21,43911440,33,22,
21,43912618,199,35,25
21,43912844,721,417,
21,43913705,185,57,13
21,43913727,49,6,
21,43913751,436,207,
21,43913950,55,61,
21,43914235,308,376,
21,43914705,615,381,
21,43914784,38,15,
21,43914807,51,47,
21,43914810,21,19,
21,43914832,531,159,
21,43914852,55,13,
21,43916098,498,156,
21,43916411,113,336,
21,43916577,566,153,
21,43916606,11,1,
21,43916622,111,37,29
21,43916956,237,49,
21,43917122,108,29,
21,43917278,89,5,
21,43917376,69,62,
21,43917448,162,202,
21,43917461,252,100,
21,43918352,58,62,
21,43918437,215,322,
21,43918484,888,286,
21,43918620,354,155,
21,43919812,137,77,
21,43919868,224,78,
21,43919959,72,23,
21,43920006,29,5,
21,43920149,14,1,
21,43920188,270,61,
21,43920212,13,4,28
21,43920421,4,0,
21,43920544,153,45,
21,43920555,161,198,
21,43920792,217,138,
21,43920815,12,1,22
21,43920889,135,74,
21,43921040,23,0,
21,43921624,192,53,
21,43921653,114,26,
21,43921681,37,9,
21,43921813,26,0,
21,43922698,98,69,
21,43922759,134,132,
21,43922975,48,57,
21,43923342,10,0,
21,43923372,329,117,
21,43924117,121,104,
21,43924226,13,4,
21,43924358,305,69,
21,43925132,63,50,12
21,43925325,63,27,
21,43925355,121,183,
21,43925396,54,27,4
21,43925414,63,28,
21,43925654,11,0,
21,43925732,495,359,
21,43925892,303,256,
21,43925952,22,10,
21,43925982,287,348,
21,43926029,15,0,4
21,43926092,18,1,
21,43926097,41,1,
21,43926165,639,628,
21,43926324,30,10,
21,43926376,20,16,
21,43926469,8,1,
21,43926516,8,2,
21,43926754,24,6,
21,43927095,22,1,
21,43927302,5,0,
21,43927321,56,31,
21,43927337,227,133,
21,43927550,9,1,
21,43927649,26,12,
21,43927813,463,388,
21,43927842,32,23,
21,43927856,594,1011,
21,43927914,186,104,
21,43927926,882,337,
21,43927942,53,16,
21,43927948,101,173,
21,43928118,252,78,
21,43928315,512,105,
21,43928570,46,21,
21,43928942,46,40,
21,43929021,45,3,
21,43929040,49,22,
21,43929054,114,110,
21,43929237,4,0,
21,43929447,71,14,
21,43929724,1141,289,
21,43930156,37,8,
21,43930187,31,14,
21,43930389,31,41,
21,43930397,149,71,
21,43930584,127,62,
21,43930757,83,106,
21,43930762,6,0,
21,43930901,29,6,
21,43930956,12,0,
21,43931285,123,126,
21,43931298,13,0,
21,43931335,11,1,
21,43931358,25,1,
21,43931409,228,266,
21,43931566,13,11,
21,43931569,24,4,
21,43931673,88,57,
21,43931701,22,0,
21,43931845,159,68,
21,43931944,113,17,
21,43932010,11,3,
21,43932024,26,3,
21,43932459,7,0,
21,43932567,34,16,
21,43932602,16,9,
21,43932871,4,0,
21,43933023,7,0,
21,43933091,4,0,
21,43933248,198,93,
21,43933412,153,125,
21,43933452,295,102,
21,43933511,108,10,
21,43933548,11,0,
21,43933605,27,0,
21,43933628,180,60,
21,43933652,3,0,
21,43933683,92,32,
21,43933891,567,135,
21,43933962,36,6,
21,43934343,26,4,
21,43934411,4,0,
21,43934540,286,160,
21,43934562,6,2,
21,43934711,319,138,
21,43934820,6,0,
21,43934954,58,14,
21,43935067,385,520,
21,43935356,85,14,
21,43935394,310,85,
21,43935434,119,50,
21,43935486,17,6,
21,43935586,201,277,
21,43935625,211,167,
21,43935707,225,83,
21,43935913,546,746,
21,43936097,215,124,
21,43936198,97,77,
21,43936408,365,47,
21,43936461,13,0,
21,43936468,56,31,
21,43936525,19,3,
21,43936592,307,158,
21,43936754,92,46,
21,43936813,77,57,
21,43936844,63,81,
21,43936884,272,71,
21,43936952,8,7,
21,43937106,9,0,
21,43937151,9,1,
21,43937214,601,290,
21,43937218,15,6,
21,43937242,199,177,
21,43937688,21,5,
21,43937750,86,46,
21,43937789,15,0,
21,43937852,54,31,
21,43938179,20,4,
21,43938309,87,30,
21,43938400,129,82,
21,43938481,57,3,
21,43938530,97,37,
21,43938607,147,59,
21,43938611,29,5,
21,43939006,234,104,
21,43939012,27,7,
21,43939419,96,71,
21,43939520,121,90,
21,43939617,90,19,
21,43939637,43,5,
21,43939781,66,10,
21,43940033,110,66,
21,43940096,5,1,
21,43940107,5,0,
21,43940443,10,6,
21,43940500,90,12,
21,43940539,178,221,
21,43940646,18,0,
21,43940654,9,1,
21,43940660,7,0,
21,43940711,10,1,
21,43940747,506,236,
21,43940800,5,0,
21,43940851,6,0,
21,43940865,176,257,
21,43941247,9,1,
21,43941355,4,0,
21,43941377,7,0,
21,43941564,41,62,
21,43941596,70,78,
21,43941598,153,50,
21,43941673,6,2,
21,43941719,13,0,
21,43941753,8,1,
21,43941862,82,26,
21,43942004,7,1,
21,43942149,202,57,
21,43942171,9,1,
21,43942194,25,5,
21,43942279,178,24,
21,43942318,82,21,
21,43942335,4,0,
21,43942423,9,0,
21,43942499,4,0,
21,43942514,7,2,
21,43942614,8,0,
21,43942664,15,16,
21,43942686,57,14,
21,43942758,4,0,
21,43942759,42,20,
21,43942791,7,3,
21,43942800,11,2,
21,43942848,23,10,
21,43942864,32,4,
21,43942881,309,66,14
21,43942930,12,7,
21,43943011,12,1,
21,43943019,12,4,
21,43943031,4,0,
21,43943039,16,2,
21,43943047,471,102,10
21,43943077,20,2,
21,43943236,278,88,17
21,43943342,4,0,
21,43943363,13,2,
21,43943502,6,0,
21,43943542,6,1,
21,43943583,113,147,
21,43943610,67,26,
21,43943652,144,83,
21,43943670,40,17,
21,43943673,9,1,
21,43943696,8,2,
21,43943737,92,55,20
21,43943741,8,0,
21,43943928,17,1,
21,43943984,45,2,
21,43944016,56,70,
21,43944167,33,7,
21,43944249,4,0,
21,43944467,222,104,22
21,43944526,4,0,
21,43944636,5,1,
21,43944687,81,17,
21,43944743,6,1,
21,43944747,23,13,
21,43944789,116,57,9
21,43944790,71,39,19
21,43944809,49,65,
21,43944858,4,2,
21,43944894,11,2,
21,43944951,5,2,
21,43944965,17,4,
21,43944974,197,60,27
21,43945015,7,0,
21,43945041,78,59,24
21,43945116,20,0,
21,43945138,75,101,
21,43945162,127,105,
21,43945293,92,32,16
21,43945342,6,0,
21,43945373,45,34,
21,43945426,27,22,
21,43945467,51,36,
21,43945553,6,1,
21,43945610,12,30,
21,43945628,8,1,
21,43945652,10,0,
21,43945797,7,0,
21,43945818,6,1,
21,43945820,281,416,1
21,43945976,6,0,
21,43945993,247,145,2
21,43946017,6,0,
21,43946034,4,0,
21,43946066,76,17,5
21,43946116,13,8,
21,43946118,6,3,
21,43946119,4,1,
21,43946149,66,21,6
21,43946169,24,16,
21,43946172,3,0,
21,43946291,15,0,
21,43946363,11,2,
21,43946437,6,3,
21,43946472,18,0,23
21,43946498,81,90,18
21,43946532,11,7,
21,43946562,24,14,
21,43946601,166,73,
21,43946766,129,131,
21,43946824,86,29,3
21,43946949,18,2,25
21,43947143,16,0,
21,43947145,8,0,
21,43947198,3,0,
21,43947209,18,14,
21,43947320,6,1,
21,43947630,54,17,5
21,43947675,3,0,
21,43947685,21,5,
21,43947690,65,79,
21,43947731,56,64,
21,43947776,16,3,
21,43947847,10,3,
21,43948050,23,11,14
21,43948077,42,27,25
21,43948291,52,72,16
21,43948501,7,5,
21,43948633,10,3,11
21,43948945,11,1,3
21,43949100,4,0,
22,43879702,285,123,
22,43879748,101,87,
22,43880248,77,14,
22,43880962,789,177,
22,43881035,520,518,
22,43881211,259,103,
22,43881468,491,165,
22,43882291,147,101,
22,43882437,145,8,
22,43882809,201,143,
22,43882905,202,178,
22,43883040,458,123,
22,43883230,88,62,
22,43883642,160,187,
22,43883747,116,24,
22,43884245,68,16,
22,43884418,191,33,
22,43884635,176,243,
22,43885101,584,859,
22,43885478,207,45,
22,43886023,81,64,
22,43886243,337,105,
22,43886271,65,10,
22,43886368,122,105,
22,43886381,95,78,
22,43886552,144,156,
22,43886601,130,27,
22,43886604,153,179,
22,43887068,114,60,
22,43887304,57,20,
22,43887489,40,69,
22,43887637,228,37,
22,43887708,88,27,
22,43887874,115,26,
22,43887998,140,66,
22,43888007,155,25,
22,43888117,822,205,
22,43888157,185,40,
22,43888803,1418,839,
22,43889610,247,59,
22,43889972,53,6,
22,43890118,30,0,
22,43890412,66,10,
22,43890525,295,317,
22,43890538,226,53,
22,43891128,147,31,
22,43891147,32,16,
22,43891245,298,194,
22,43891398,92,30,
22,43892096,288,60,
22,43892119,249,216,
22,43892331,90,5,
22,43892446,57,4,
22,43892481,109,79,
22,43892773,104,6,
22,43892786,216,82,
22,43892832,29,11,
22,43892840,92,7,
22,43893032,35,8,
22,43893127,18,13,
22,43893442,80,27,
22,43893464,66,59,
22,43893581,63,12,
22,43893601,429,112,
22,43893762,402,341,
22,43893808,40,5,
22,43893906,209,81,
22,43894055,39,1,
22,43894175,320,204,
22,43894257,72,47,
22,43894305,690,262,
22,43894363,108,107,
22,43894967,45,26,
22,43895237,107,24,
22,43895456,153,36,
22,43895516,112,181,
22,43895622,109,64,
22,43895637,115,110,
22,43895852,126,5,
22,43895890,331,101,
22,43896011,272,138,
22,43896188,263,92,
22,43896199,143,84,
22,43896410,79,50,
22,43896835,53,22,
22,43896944,40,2,
22,43896948,144,128,
22,43897129,162,57,
22,43897320,384,206,
22,43897719,86,10,
22,43897772,599,673,
22,43897816,26,6,
22,43898280,78,23,
22,43898306,53,14,
22,43898380,255,122,
22,43898400,23,2,
22,43898653,50,40,
22,43898717,91,11,
22,43899016,204,173,
22,43899028,512,226,
22,43899236,435,369,
22,43899251,162,21,
22,43899288,142,90,
22,43899456,85,36,
22,43900264,45,32,
22,43900463,177,37,
22,43900877,657,569,
22,43901131,55,43,
22,43901190,213,71,
22,43901204,251,204,
22,43901495,231,114,
22,43901619,404,187,
22,43901643,43,22,
22,43901831,13,1,
22,43902212,1156,438,
22,43902263,408,298,
22,43902308,182,380,
22,43902869,112,151,
22,43903162,76,13,
22,43903400,185,118,
22,43903534,277,154,
22,43903705,191,237,
22,43903728,139,71,
22,43903741,310,218,
22,43903809,26,2,
22,43903853,222,270,
22,43903945,107,75,
22,43903959,223,153,
22,43904478,144,101,
22,43904546,73,12,
22,43904865,91,9,
22,43905153,26,11,
22,43905185,275,83,
22,43905299,244,127,
22,43905942,1105,268,
22,43906018,698,686,
22,43906066,133,45,
22,43906346,128,49,
22,43906442,203,25,
22,43906528,57,14,
22,43906566,39,3,
22,43906841,407,132,
22,43907050,5,0,
22,43907376,448,239,
22,43907586,119,63,
22,43907820,603,651,
22,43907941,69,9,
22,43908220,51,22,
22,43908261,222,79,
22,43908368,162,89,
22,43908770,51,66,
22,43909179,74,67,
22,43909191,27,8,
22,43909328,33,1,
22,43909353,22,1,
22,43909360,26,0,
22,43909398,109,53,
22,43909409,618,331,
22,43909418,50,20,
22,43909430,484,618,
22,43909432,188,183,
22,43909487,28,14,19
22,43909519,78,37,
22,43910423,78,9,
22,43910565,96,14,
22,43910681,439,92,
22,43910685,121,66,
22,43910745,257,211,
22,43910760,32,11,
22,43911152,8,0,12
22,43911167,230,128,
22,43911252,246,282,
22,43911421,65,9,
22,43911440,33,23,
22,43912618,203,35,26
22,43912844,721,417,
22,43913705,192,58,19
22,43913727,49,6,
22,43913751,436,207,
22,43913950,55,61,
22,43914235,308,378,
22,43914705,615,381,
22,43914784,38,15,
22,43914807,51,47,
22,43914810,21,21,
22,43914832,531,159,
22,43914852,57,13,
22,43916098,499,156,
22,43916411,113,336,
22,43916577,566,153,
22,43916606,11,1,
22,43916622,114,37,
22,43916956,237,49,
22,43917122,108,29,
22,43917278,89,5,
22,43917376,69,62,
22,43917448,163,202,
22,43917461,252,100,
22,43918352,59,62,
22,43918437,215,322,
22,43918484,888,286,
22,43918620,354,155,
22,43919812,137,77,
22,43919868,224,78,
22,43919959,72,23,
22,43920006,29,5,
22,43920149,14,1,
22,43920188,270,61,
22,43920212,13,4,
22,43920421,4,0,
22,43920544,153,45,
22,43920555,161,198,
22,43920792,217,138,
22,43920815,14,1,
22,43920889,135,74,
22,43921040,23,0,
22,43921624,192,53,
22,43921653,114,26,
22,43921681,37,9,
22,43921813,26,0,
22,43922698,98,69,
22,43922759,135,132,
22,43922975,48,57,
22,43923342,10,0,
22,43923372,330,117,
22,43924117,121,104,
22,43924226,13,4,
22,43924358,305,69,
22,43925132,67,51,21
22,43925325,63,27,
22,43925355,121,183,
22,43925396,67,35,8
22,43925414,63,28,
22,43925654,11,0,
22,43925732,496,359,
22,43925892,303,256,
22,43925952,22,10,
22,43925982,287,348,
22,43926029,22,2,9
22,43926092,18,1,
22,43926097,41,1,
22,43926165,640,628,
22,43926324,30,10,
22,43926376,20,16,
22,43926469,8,1,
22,43926516,8,2,
22,43926754,24,6,
22,43927095,22,1,
22,43927321,56,31,
22,43927337,228,133,
22,43927550,9,1,
22,43927649,26,12,
22,43927813,464,388,
22,43927842,32,23,
22,43927856,594,1012,
22,43927914,186,104,
22,43927926,883,337,
22,43927942,53,16,
22,43927948,101,173,
22,43928118,252,78,
22,43928315,513,105,
22,43928570,47,21,
22,43928942,47,43,18
22,43929021,45,3,
22,43929054,114,110,
22,43929237,4,0,
22,43929447,71,14,
22,43929724,1142,289,
22,43930156,37,8,
22,43930187,31,14,
22,43930389,31,41,
22,43930397,149,73,
22,43930584,127,62,
22,43930757,83,106,
22,43930762,6,0,
22,43930901,29,6,
22,43930956,12,0,
22,43931285,123,126,
22,43931298,13,0,
22,43931335,11,1,
22,43931358,25,1,
22,43931409,229,267,
22,43931566,13,11,
22,43931569,24,4,
22,43931673,88,57,
22,43931701,22,0,
22,43931845,159,68,
22,43931944,113,17,
22,43932010,11,3,
22,43932024,26,3,
22,43932459,7,0,
22,43932567,34,16,
22,43932602,16,9,
22,43932871,4,0,
22,43933023,7,0,
22,43933091,4,0,
22,43933248,199,93,
22,43933412,153,125,
22,43933452,295,102,
22,43933511,108,10,
22,43933548,11,0,
22,43933605,27,0,
22,43933628,181,60,
22,43933652,3,0,
22,43933683,92,32,
22,43933891,567,135,
22,43933962,36,6,
22,43934343,26,4,
22,43934411,4,0,
22,43934540,286,161,
22,43934562,6,2,
22,43934711,320,138,
22,43934820,6,0,
22,43934954,59,15,
22,43935067,385,526,
22,43935356,85,14,
22,43935394,312,85,
22,43935434,119,50,
22,43935486,17,6,
22,43935586,202,277,
22,43935625,211,167,
22,43935707,226,83,
22,43935913,546,750,
22,43936097,216,124,
22,43936198,97,77,
22,43936408,365,47,
22,43936461,13,0,
22,43936468,56,31,
22,43936525,19,3,
22,43936592,308,159,
22,43936754,92,46,
22,43936813,77,57,
22,43936844,63,81,
22,43936884,272,72,
22,43937106,9,0,
22,43937151,9,1,
22,43937214,603,291,
22,43937218,16,6,
22,43937242,200,177,
22,43937688,21,5,
22,43937750,86,46,
22,43937789,15,0,
22,43937852,54,31,
22,43938179,20,4,
22,43938309,88,30,
22,43938400,129,84,
22,43938481,57,3,
22,43938530,97,37,
22,43938607,147,59,
22,43938611,29,5,
22,43939006,235,105,
22,43939012,27,7,
22,43939419,97,71,
22,43939520,121,91,
22,43939617,90,19,
22,43939637,44,5,
22,43939781,66,10,
22,43940033,111,66,
22,43940096,5,1,
22,43940107,5,0,
22,43940443,10,6,
22,43940500,90,12,
22,43940539,180,223,
22,43940646,18,0,
22,43940654,10,1,
22,43940660,7,0,
22,43940711,10,1,
22,43940747,509,236,
22,43940800,5,0,
22,43940851,6,0,
22,43940865,178,258,
22,43941247,9,1,
22,43941355,4,0,
22,43941377,7,0,
22,43941564,41,62,
22,43941596,70,78,
22,43941598,154,51,
22,43941673,6,2,
22,43941719,13,0,
22,43941753,8,1,
22,43941862,82,26,
22,43942004,7,1,
22,43942149,202,59,
22,43942171,9,1,
22,43942194,25,5,
22,43942279,178,24,
22,43942318,83,21,
22,43942335,4,0,
22,43942423,9,0,
22,43942499,4,0,
22,43942514,7,2,
22,43942614,8,0,
22,43942664,15,16,
22,43942686,57,14,
22,43942758,4,0,
22,43942759,42,20,
22,43942791,7,3,
22,43942800,11,2,
22,43942848,24,10,
22,43942864,34,4,
22,43942881,320,68,15
22,43942930,12,7,
22,43943011,12,1,
22,43943019,12,4,
22,43943031,4,0,
22,43943039,16,2,
22,43943047,478,104,14
22,43943077,20,2,
22,43943236,288,90,22
22,43943342,4,0,
22,43943363,13,2,
22,43943502,6,0,
22,43943542,6,1,
22,43943583,116,148,
22,43943610,68,27,
22,43943652,147,84,
22,43943670,40,17,
22,43943673,9,1,
22,43943696,8,2,
22,43943737,94,57,24
22,43943741,8,0,
22,43943928,20,1,
22,43943984,45,2,
22,43944016,57,71,
22,43944167,33,7,
22,43944249,4,0,
22,43944467,224,107,29
22,43944526,4,0,
22,43944636,5,1,
22,43944687,83,20,
22,43944743,6,1,
22,43944747,23,13,
22,43944789,123,61,12
22,43944790,73,44,27
22,43944809,49,65,
22,43944894,11,2,
22,43944951,5,3,
22,43944965,17,4,
22,43944974,200,60,
22,43945015,7,0,
22,43945041,78,59,
22,43945116,20,0,
22,43945138,76,101,
22,43945162,131,105,
22,43945293,94,36,23
22,43945342,6,0,
22,43945373,48,35,
22,43945426,27,22,
22,43945467,57,41,
22,43945553,6,1,
22,43945610,12,31,
22,43945628,8,1,
22,43945652,10,0,
22,43945797,7,0,
22,43945818,6,1,
22,43945820,296,447,2
22,43945976,6,0,
22,43945993,270,164,4
22,43946017,6,0,
22,43946034,4,0,
22,43946066,88,19,13
22,43946116,13,12,
22,43946118,6,3,
22,43946119,4,1,
22,43946149,76,24,10
22,43946169,24,18,
22,43946172,3,0,
22,43946291,16,0,
22,43946363,11,2,
22,43946437,6,4,
22,43946472,20,1,28
22,43946498,91,101,25
22,43946532,13,7,
22,43946562,27,14,
22,43946601,174,78,
22,43946766,131,134,
22,43946824,96,29,5
22,43946892,4,0,
22,43946949,18,2,30
22,43947121,4,2,
22,43947143,17,0,
22,43947145,8,0,
22,43947185,5,0,
22,43947198,5,0,
22,43947209,21,17,
22,43947630,83,37,4
22,43947655,4,0,
22,43947675,3,0,
22,43947685,21,6,
22,43947690,68,82,
22,43947724,4,0,
22,43947731,59,67,
22,43947776,18,4,
22,43947847,11,3,
22,43948050,38,24,12
22,43948077,46,32,
22,43948130,43,9,19
22,43948222,5,0,
22,43948291,70,116,14
22,43948501,12,7,
22,43948633,21,6,9
22,43948945,41,12,1
22,43948947,3,0,
22,43949025,6,0,
22,43949056,11,4,9
22,43949100,8,0,
22,43949108,10,1,3
22,43949134,14,2,6
22,43949238,33,7,2
23,43879702,285,123,
23,43879748,101,87,
23,43880248,77,14,
23,43880962,789,177,
23,43881035,520,518,
23,43881211,259,104,
23,43881468,491,165,
23,43882291,147,101,
23,43882437,145,8,
23,43882809,201,143,
23,43882905,202,178,
23,43883040,458,123,
23,43883230,88,62,
23,43883642,160,187,
23,43883747,116,24,
23,43884245,68,16,
23,43884418,191,33,
23,43884635,176,243,
23,43885101,584,859,
23,43885478,207,45,
23,43886023,81,64,
23,43886243,337,105,
23,43886271,65,10,
23,43886368,122,105,
23,43886381,95,78,
23,43886552,144,156,
23,43886601,130,27,
23,43886604,154,179,
23,43887068,114,60,
23,43887304,57,20,
23,43887489,40,69,
23,43887637,228,37,
23,43887874,115,26,
23,43887998,140,66,
23,43888007,155,25,
23,43888117,822,205,
23,43888157,185,40,
23,43888803,1418,839,
23,43889610,247,59,
23,43889972,53,6,
23,43890118,30,0,
23,43890412,66,10,
23,43890525,295,317,
23,43890538,226,53,
23,43891128,147,31,
23,43891147,32,16,
23,43891245,298,194,
23,43891398,92,30,
23,43892096,288,60,
23,43892119,249,216,
23,43892331,90,5,
23,43892446,57,4,
23,43892481,109,79,
23,43892773,104,6,
23,43892786,216,82,
23,43892832,29,11,
23,43892840,92,7,
23,43893032,35,8,
23,43893127,18,13,
23,43893442,80,27,
23,43893464,66,59,
23,43893581,63,12,
23,43893601,429,112,
23,43893762,402,341,
23,43893808,40,5,
23,43893906,209,81,
23,43894055,39,1,
23,43894175,320,204,
23,43894257,72,47,
23,43894305,690,262,
23,43894363,108,107,
23,43894967,45,26,
23,43895237,107,24,
23,43895456,153,36,
23,43895516,112,181,
23,43895622,109,64,
23,43895637,115,110,
23,43895852,126,5,
23,43895890,332,101,
23,43896011,272,138,
23,43896188,263,92,
23,43896199,143,84,
23,43896410,79,50,
23,43896835,53,22,
23,43896944,40,2,
23,43896948,144,128,
23,43897129,162,57,
23,43897320,384,206,
23,43897719,86,10,
23,43897772,599,673,
23,43897816,26,6,
23,43898280,78,23,
23,43898306,53,14,
23,43898380,255,122,
23,43898400,23,2,
23,43898653,50,40,
23,43898717,91,11,
23,43899016,204,173,
23,43899028,512,226,
23,43899236,435,369,
23,43899251,162,21,
23,43899288,142,90,
23,43899456,85,36,
23,43900264,45,32,
23,43900463,177,37,
23,43900877,657,569,
23,43901131,55,43,
23,43901190,213,71,
23,43901204,251,204,
23,43901495,231,114,
23,43901619,404,187,
23,43901643,43,22,
23,43901831,13,1,
23,43902212,1156,438,
23,43902263,408,298,
23,43902308,182,380,
23,43902869,112,151,
23,43903162,77,13,
23,43903400,185,118,
23,43903534,277,154,
23,43903705,192,237,
23,43903728,139,71,
23,43903741,310,218,
23,43903809,26,2,
23,43903853,222,270,
23,43903945,107,75,
23,43903959,224,153,
23,43904478,144,101,
23,43904546,73,12,
23,43904865,91,9,
23,43905153,26,11,
23,43905185,275,83,
23,43905299,244,127,
23,43905942,1105,268,
23,43906018,698,686,
23,43906066,133,45,
23,43906346,128,49,
23,43906442,203,25,
23,43906528,57,14,
23,43906566,39,3,
23,43906841,407,132,
23,43907050,5,0,
23,43907376,448,239,
23,43907586,119,63,
23,43907820,603,651,
23,43907941,69,9,
23,43908220,51,22,
23,43908261,222,79,
23,43908368,162,89,
23,43908770,51,66,
23,43909179,74,67,
23,43909191,27,8,
23,43909328,33,1,
23,43909353,22,1,
23,43909360,26,0,
23,43909398,109,53,
23,43909409,618,331,
23,43909418,50,20,
23,43909430,484,618,
23,43909432,188,183,
23,43909487,30,16,22
23,43909519,78,37,
23,43910423,78,9,
23,43910565,96,14,
23,43910681,439,92,
23,43910685,121,66,
23,43910745,257,211,
23,43910760,32,11,
23,43911152,13,0,11
23,43911167,230,128,
23,43911252,246,282,
23,43911421,65,9,
23,43911440,33,23,
23,43912618,204,35,27
23,43912844,723,417,
23,43913705,194,58,16
23,43913727,49,6,
23,43913751,436,207,
23,43913950,55,61,
23,43914235,308,378,
23,43914705,616,381,
23,43914784,38,15,
23,43914807,51,47,
23,43914810,21,21,
23,43914832,531,159,
23,43914852,58,13,
23,43916098,499,156,
23,43916411,113,336,
23,43916577,566,153,
23,43916606,11,1,
23,43916622,122,37,30
23,43916956,237,49,
23,43917122,108,29,
23,43917278,89,5,
23,43917376,69,62,
23,43917448,163,202,
23,43917461,252,100,
23,43918352,59,62,
23,43918437,215,322,
23,43918484,888,286,
23,43918620,354,155,
23,43918880,10,8,16
23,43919812,137,77,
23,43919868,224,78,
23,43919959,72,23,
23,43920006,29,5,
23,43920149,14,1,
23,43920188,270,61,
23,43920212,15,4,29
23,43920421,4,0,
23,43920544,153,45,
23,43920555,161,198,
23,43920792,217,138,
23,43920815,14,1,
23,43920889,135,74,
23,43921040,23,0,
23,43921624,192,53,
23,43921653,114,26,
23,43921681,37,9,
23,43921813,26,0,
23,43922698,98,69,
23,43922759,135,132,
23,43922975,48,57,
23,43923342,10,0,
23,43923372,330,117,
23,43924117,122,104,
23,43924226,13,4,
23,43924358,305,69,
23,43925132,71,52,21
23,43925325,63,27,
23,43925355,122,186,
23,43925396,78,45,11
23,43925414,63,28,
23,43925654,11,0,
23,43925732,498,359,
23,43925892,303,256,
23,43925952,22,10,
23,43925982,287,348,
23,43926029,27,3,10
23,43926092,18,1,
23,43926097,43,1,
23,43926165,640,628,
23,43926324,30,10,
23,43926376,20,16,
23,43926469,8,1,
23,43926516,8,2,
23,43926754,24,6,
23,43927095,22,1,
23,43927321,56,31,
23,43927337,228,133,
23,43927550,9,1,
23,43927649,26,12,
23,43927813,464,388,
23,43927842,32,23,
23,43927856,594,1012,
23,43927914,186,104,
23,43927926,884,337,
23,43927942,53,16,
23,43927948,101,173,
23,43928118,252,78,
23,43928315,513,105,
23,43928570,47,21,
23,43928942,49,46,17
23,43929021,45,3,
23,43929054,115,110,
23,43929237,4,0,
23,43929447,71,14,
23,43929724,1142,289,
23,43930156,37,8,
23,43930187,31,14,
23,43930389,31,41,
23,43930397,149,72,
23,43930584,127,62,
23,43930757,83,106,
23,43930762,6,0,
23,43930901,29,6,
23,43930956,12,0,
23,43931285,123,126,
23,43931298,13,0,
23,43931335,11,1,
23,43931358,25,1,
23,43931409,229,267,
23,43931566,13,11,
23,43931569,25,4,
23,43931673,88,57,
23,43931701,22,0,
23,43931845,159,68,
23,43931944,113,17,
23,43932010,11,3,
23,43932024,26,3,
23,43932459,7,0,
23,43932567,34,16,
23,43932602,16,9,
23,43932871,4,0,
23,43933248,200,93,
23,43933412,153,125,
23,43933452,295,102,
23,43933511,108,10,
23,43933548,11,0,
23,43933605,27,0,
23,43933628,181,60,
23,43933652,3,0,
23,43933683,92,32,
23,43933891,567,135,
23,43933962,36,6,
23,43934343,26,4,
23,43934411,4,0,
23,43934540,286,161,
23,43934562,6,2,
23,43934711,320,138,
23,43934820,6,0,
23,43934954,59,15,
23,43935067,385,529,
23,43935356,85,15,
23,43935394,312,85,
23,43935434,119,50,
23,43935486,17,6,
23,43935586,202,277,
23,43935625,211,166,
23,43935707,226,83,
23,43935913,547,751,
23,43936097,216,124,
23,43936198,97,77,
23,43936408,365,48,
23,43936461,13,0,
23,43936468,56,31,
23,43936592,308,160,
23,43936754,92,46,
23,43936813,77,57,
23,43936844,63,83,
23,43936884,273,72,
23,43937106,9,0,
23,43937151,9,1,
23,43937214,605,291,
23,43937218,16,6,
23,43937242,200,178,
23,43937688,21,5,
23,43937750,86,46,
23,43937789,15,0,
23,43937852,55,31,
23,43938179,20,4,
23,43938309,88,30,
23,43938400,130,84,
23,43938481,58,3,
23,43938530,97,37,
23,43938607,147,59,
23,43938611,29,5,
23,43939006,236,106,
23,43939012,27,7,
23,43939419,97,72,
23,43939520,121,92,
23,43939617,90,19,
23,43939637,44,5,
23,43939781,67,10,
23,43940033,112,66,
23,43940096,5,1,
23,43940107,5,0,
23,43940443,10,6,
23,43940500,90,12,
23,43940539,181,227,
23,43940646,18,0,
23,43940660,7,0,
23,43940711,10,1,
23,43940747,512,237,
23,43940800,5,0,
23,43940851,6,0,
23,43940865,178,258,
23,43941247,9,1,
23,43941377,7,0,
23,43941564,41,62,
23,43941596,70,78,
23,43941598,154,51,
23,43941673,6,3,
23,43941719,13,0,
23,43941753,8,1,
23,43941862,82,26,
23,43942004,7,1,
23,43942149,202,59,
23,43942171,9,1,
23,43942194,25,5,
23,43942279,179,24,
23,43942318,83,21,
23,43942335,4,0,
23,43942423,9,0,
23,43942499,4,0,
23,43942514,7,2,
23,43942614,8,0,
23,43942664,15,16,
23,43942686,57,14,
23,43942759,42,20,
23,43942791,7,3,
23,43942800,11,2,
23,43942848,24,10,
23,43942864,34,4,
23,43942881,325,69,17
23,43942930,12,7,
23,43943011,12,1,
23,43943019,12,4,
23,43943031,4,0,
23,43943039,16,2,
23,43943047,480,104,
23,43943077,20,2,
23,43943236,301,90,23
23,43943342,4,0,
23,43943502,6,0,
23,43943542,6,1,
23,43943583,118,151,
23,43943610,68,28,
23,43943652,148,85,
23,43943670,40,17,
23,43943673,9,1,
23,43943696,8,2,
23,43943737,98,57,26
23,43943741,8,0,
23,43943928,24,2,
23,43943984,45,2,
23,43944016,57,72,
23,43944167,33,7,
23,43944249,4,0,
23,43944467,230,109,28
23,43944526,4,0,
23,43944636,5,1,
23,43944687,83,17,
23,43944743,6,1,
23,43944747,23,14,
23,43944789,128,61,15
23,43944790,77,47,
23,43944809,49,65,
23,43944894,12,2,
23,43944951,5,3,
23,43944974,202,60,
23,43945015,7,0,
23,43945041,80,59,
23,43945116,21,0,
23,43945138,76,101,
23,43945162,131,108,
23,43945293,97,41,25
23,43945342,6,0,
23,43945373,53,35,
23,43945426,28,22,
23,43945467,60,43,
23,43945553,6,1,
23,43945610,13,31,
23,43945628,8,1,
23,43945652,10,0,
23,43945797,7,0,
23,43945818,7,2,
23,43945820,307,480,3
23,43945976,6,0,
23,43945993,295,173,5
23,43946017,7,0,
23,43946034,5,0,
23,43946066,91,19,13
23,43946116,13,12,
23,43946118,6,3,
23,43946119,4,1,
23,43946149,80,27,10
23,43946169,25,24,
23,43946172,3,0,
23,43946291,17,0,
23,43946363,11,2,
23,43946437,7,4,
23,43946472,20,2,
23,43946498,100,108,27
23,43946532,14,7,
23,43946562,30,14,
23,43946601,177,96,
23,43946726,4,0,
23,43946766,133,138,
23,43946807,4,1,
23,43946824,103,29,7
23,43946892,4,0,
23,43946949,18,2,
23,43947121,5,2,
23,43947143,17,0,
23,43947145,8,0,
23,43947185,7,0,
23,43947198,5,0,
23,43947209,21,18,
23,43947630,102,62,5
23,43947655,4,0,
23,43947675,3,0,
23,43947685,22,6,
23,43947690,69,91,
23,43947724,4,0,
23,43947731,61,69,
23,43947776,18,4,
23,43947847,11,3,
23,43948050,47,35,14
23,43948077,48,35,
23,43948130,76,23,9
23,43948222,6,0,
23,43948291,89,144,15
23,43948346,4,4,
23,43948501,14,8,
23,43948633,22,6,
23,43948945,51,18,2
23,43948947,5,1,
23,43949025,9,0,
23,43949056,24,18,6
23,43949100,9,0,
23,43949134,23,13,4
23,43949238,59,16,1
23,43949542,8,0,13
23,43949621,6,4,
23,43949639,6,1,
