hour,id,score,comments,best_rank
0,43964505,134,79,
0,43964827,194,38,
0,43964896,80,27,
0,43964937,563,307,
0,43965608,173,163,
0,43966089,376,251,
0,43966471,91,32,
0,43966694,185,46,
0,43966843,164,148,
0,43967405,59,7,
0,43967962,122,10,
0,43968141,169,39,
0,43968693,76,55,
0,43968713,92,65,
0,43968897,367,74,
0,43969442,123,32,
0,43969827,851,461,
0,43970057,91,36,
0,43970363,90,60,
0,43970509,72,9,
0,43970637,121,64,
0,43970710,32,20,
0,43970768,62,16,
0,43970800,212,210,
0,43970837,564,350,
0,43970953,56,23,
0,43971068,113,70,
0,43971149,76,15,
0,43971177,292,142,
0,43971184,18,2,
0,43971185,26,3,
0,43971314,95,29,
0,43971442,55,40,
0,43971464,840,806,
0,43971515,439,701,
0,43971616,306,164,
0,43971620,311,105,
0,43971678,21,4,
0,43971685,66,17,
0,43971688,144,77,
0,43971716,415,259,
0,43971754,15,1,
0,43971791,119,109,
0,43971853,684,139,
0,43971941,78,32,
0,43971944,30,15,
0,43972004,105,67,
0,43972083,34,1,
0,43972154,30,5,
0,43972334,206,91,
0,43972425,215,120,
0,43972449,68,26,
0,43972485,211,77,
0,43972535,346,212,
0,43972669,168,59,
0,43972757,77,182,
0,43972927,74,11,
0,43973167,48,4,
0,43973395,444,413,
0,43973502,40,11,
0,43973677,71,7,
0,43973721,354,200,
0,43973887,11,0,
0,43973964,31,6,
0,43974005,194,81,
0,43974026,52,24,
0,43974344,45,22,
0,43974461,153,65,
0,43974599,27,3,
0,43974872,128,59,
0,43974891,419,212,
0,43975143,57,6,
0,43975352,351,545,
0,43975404,69,10,
0,43975423,236,107,
0,43975782,107,18,
0,43975785,100,61,
0,43976274,85,18,
0,43976504,89,12,
0,43976557,242,547,
0,43976574,61,138,
0,43976700,9,1,
0,43976886,16,1,
0,43976895,180,37,
0,43977147,104,28,
0,43977515,46,10,
0,43977539,11,2,
0,43977648,18,2,
0,43977821,9,4,
0,43977896,48,18,
0,43977901,17,15,
0,43978155,39,17,
0,43978357,256,126,
0,43978435,452,393,
0,43978476,75,16,
0,43979063,175,71,
0,43979322,23,1,
0,43979546,33,17,
0,43979916,138,30,
0,43980036,283,358,
0,43980760,449,60,
0,43980845,491,353,
0,43981170,410,166,
0,43981198,87,287,
0,43981680,309,121,
0,43981861,22,3,
0,43981971,144,52,
0,43982238,117,102,
0,43982495,102,91,
0,43982777,386,224,
0,43982784,89,71,
0,43982892,93,44,
0,43982896,26,18,
0,43983159,274,261,
0,43983196,92,57,
0,43983201,61,40,
0,43983297,32,18,
0,43983455,119,124,
0,43983627,49,6,
0,43983871,796,336,
0,43983928,117,205,
0,43984097,185,44,
0,43984275,149,81,
0,43984297,405,313,
0,43984770,122,33,
0,43984860,146,83,
0,43985489,1016,263,
0,43985513,932,351,
0,43985527,51,22,
0,43985624,159,52,
0,43985861,180,423,
0,43985971,399,144,
0,43985994,46,33,
0,43986229,14,3,
0,43986424,182,143,
0,43986821,59,44,
0,43986833,92,50,
0,43987367,96,30,
0,43987647,23,3,
0,43987742,23,12,
0,43987814,41,5,
0,43987852,33,6,
0,43988070,31,6,
0,43988116,36,6,
0,43988315,204,227,
0,43988381,223,51,
0,43988518,17,1,
0,43988533,176,172,
0,43988753,46,7,
0,43988975,47,22,
0,43989497,240,271,
0,43990262,39,4,24
0,43990515,26,28,
0,43991091,102,25,
0,43991185,62,7,
0,43991221,109,35,
0,43991256,370,254,
0,43991396,720,266,
0,43991500,32,2,
0,43991554,21,24,
0,43991962,70,76,
0,43992100,70,11,
0,43992242,32,0,
0,43993374,18,7,
0,43993707,158,124,
0,43993711,325,278,
0,43993897,114,73,
0,43993982,46,85,
0,43994190,78,40,
0,43994306,90,47,
0,43994333,155,46,
0,43994486,36,12,
0,43994765,373,366,
0,43994791,24,3,
0,43994827,142,51,
0,43994987,176,52,
0,43995005,260,47,
0,43995094,16,7,21
0,43995122,42,41,
0,43995144,78,6,
0,43995302,184,111,
0,43995501,74,9,
0,43995700,13,5,
0,43995767,23,2,
0,43996031,55,16,
0,43996071,75,62,
0,43996226,23,0,
0,43996243,44,14,
0,43996251,114,98,
0,43996307,413,491,
0,43996419,65,70,
0,43996431,481,205,
0,43996555,143,100,
0,43996597,24,19,
0,43996601,28,1,
0,43996796,37,7,
0,43997071,30,18,
0,43997135,138,27,
0,43997286,58,29,
0,43997467,43,13,
0,43997636,1220,519,
0,43997717,14,0,
0,43997728,71,127,
0,43997812,82,37,
0,43997830,193,143,
0,43997932,125,87,
0,43998008,90,79,
0,43998049,189,59,
0,43998115,140,37,
0,43998341,26,14,
0,43998423,94,31,
0,43998472,438,315,
0,43998485,21,9,
0,43998707,170,23,
0,43998945,36,2,
0,43999380,13,1,
0,43999439,10,0,
0,43999492,187,247,
0,43999748,423,162,
0,43999897,161,15,23
0,43999919,28,0,
0,44000700,339,86,
0,44000718,5,0,
0,44000724,98,54,
0,44000759,225,167,
0,44000778,10,4,
0,44001087,350,83,
0,44001105,4,1,16
0,44001391,92,23,
0,44001653,5,0,
0,44001696,7,1,
0,44001734,47,8,
0,44001765,196,471,
0,44001803,12,0,
0,44002333,338,308,
0,44002422,9,2,
0,44002639,37,1,
0,44002694,18,1,
0,44003184,29,14,
0,44003347,77,38,
0,44003445,287,284,
0,44003447,121,15,
0,44003449,117,112,
0,44003700,354,217,
0,44003741,195,68,
0,44003778,4,0,
0,44003928,9,1,11
0,44004224,39,23,
0,44004388,506,189,
0,44004625,274,119,
0,44004827,85,35,
0,44005008,243,403,
0,44005110,109,85,
0,44005195,160,35,
0,44005236,3,3,
0,44005368,3,0,
0,44005413,12,3,
0,44005668,114,34,
0,44005692,35,11,9
0,44005893,6,5,
0,44005899,58,25,
0,44006231,243,101,
0,44006345,494,426,
0,44006381,249,446,
0,44006426,374,195,
0,44006634,5,1,
0,44006735,75,31,
0,44006824,194,60,
0,44007065,68,22,
0,44007625,8,4,
0,44007652,6,0,
0,44007714,51,11,
0,44007854,33,7,
0,44008005,33,6,
0,44008313,3,0,
0,44008412,74,43,
0,44008449,3,0,
0,44008597,12,0,
0,44008657,22,9,
0,44008843,660,412,
0,44009185,47,7,14
0,44009321,269,40,
0,44009464,192,42,
0,44009521,3,0,
0,44009562,4,0,
0,44009574,4,1,
0,44009621,41,12,
0,44009689,22,4,
0,44009731,4,0,
0,44009848,481,343,
0,44009894,68,8,
0,44009999,308,331,
0,44010007,23,19,
0,44010096,3,0,
0,44010659,29,6,
0,44010694,23,3,
0,44010705,113,144,
0,44010922,67,22,
0,44010927,7,0,
0,44011139,37,4,
0,44011254,79,23,
0,44011381,186,205,
0,44011489,191,33,
0,44011515,191,61,
0,44011569,31,10,
0,44011645,20,10,
0,44011654,114,89,
0,44011693,36,2,
0,44011711,5,0,
0,44011757,14,7,
0,44011997,14,1,
0,44012074,46,13,
0,44012219,4,0,
0,44012227,319,223,
0,44012247,42,20,
0,44012283,9,0,
0,44012418,9,0,
0,44012538,10,0,
0,44012549,13,4,
0,44012615,179,62,
0,44012729,106,4,
0,44012838,16,1,
0,44013046,38,7,
0,44013060,9,5,
0,44013069,11,1,
0,44013122,18,4,
0,44013154,68,35,
0,44013157,524,193,
0,44013181,91,12,
0,44013201,26,3,26
0,44013266,54,8,
0,44013276,16,9,
0,44013387,53,11,
0,44013405,14,14,
0,44013470,28,10,
0,44013517,58,23,
0,44013525,9,1,
0,44013568,25,1,
0,44013671,66,20,
0,44013913,228,149,
0,44013933,88,3,
0,44013956,18,7,
0,44014011,22,1,
0,44014024,12,2,
0,44014046,329,67,
0,44014106,20,7,
0,44014343,29,0,
0,44014384,55,55,
0,44014535,12,0,
0,44014587,213,50,
0,44014661,28,0,
0,44014794,22,5,
0,44014801,7,0,
0,44014808,459,205,
0,44014847,7,2,
0,44014939,7,0,
0,44015144,322,236,
0,44015162,18,2,
0,44015367,249,70,
0,44015376,7,0,
0,44015407,10,0,
0,44015486,9,5,
0,44015557,33,6,
0,44015614,18,2,
0,44015649,136,82,
0,44015657,98,44,
0,44015739,10,2,
0,44015748,7,0,
0,44015872,238,128,
0,44015880,6,0,
0,44015904,12,1,
0,44015907,12,0,
0,44015945,7,0,
0,44016037,355,42,27
0,44016059,4,0,
0,44016177,12,0,
0,44016265,45,3,
0,44016273,19,1,
0,44016289,43,15,
0,44016325,26,4,
0,44016329,26,13,
0,44016336,181,61,
0,44016416,5,0,
0,44016530,107,48,
0,44016564,125,16,
0,44016621,136,112,
0,44016646,10,0,
0,44016914,12,0,
0,44016946,25,7,
0,44017056,86,16,
0,44017095,11,1,
0,44017098,19,6,
0,44017126,5,0,
0,44017317,20,4,
0,44017472,19,3,
0,44017547,7,1,
0,44017560,3,0,
0,44017592,108,41,
0,44017682,57,4,
0,44017692,147,44,
0,44017832,34,29,
0,44017907,9,2,
0,44017913,325,181,30
0,44018095,7,1,
0,44018259,7,3,
0,44018283,59,24,
0,44018301,181,111,
0,44018319,27,12,
0,44018386,79,57,
0,44018400,60,43,
0,44018479,11,5,
0,44018662,41,4,
0,44018741,79,11,
0,44018745,10,1,
0,44018857,11,5,
0,44018886,124,91,
0,44019042,20,1,
0,44019104,4,1,
0,44019143,12,3,
0,44019386,135,76,
0,44019791,13,6,
0,44019917,6,0,
0,44020019,51,9,
0,44020050,17,11,
0,44020129,11,1,
0,44020158,13,3,
0,44020240,17,3,
0,44020293,13,2,
0,44020295,28,5,
0,44020315,72,3,
0,44020356,87,136,
0,44020469,23,4,
0,44020574,51,20,
0,44020591,676,417,3
0,44020626,128,57,
0,44020734,160,63,25
0,44020782,6,3,
0,44020832,7,0,
0,44020914,45,21,
0,44020975,51,48,28
0,44021028,123,33,
0,44021191,54,16,
0,44021492,3,0,
0,44021607,5,1,
0,44021644,28,3,
0,44021758,4,0,
0,44021792,136,89,
0,44021824,145,57,16
0,44021883,47,5,
0,44021885,10,3,
0,44022136,34,52,
0,44022215,95,105,
0,44022225,145,13,9
0,44022233,56,15,
0,44022265,77,6,17
0,44022272,12,1,
0,44022322,30,10,
0,44022352,9,0,
0,44022353,266,76,4
0,44022448,219,251,6
0,44022484,44,13,20
0,44022529,16,1,
0,44022575,15,3,
0,44022677,35,21,
0,44022758,178,73,8
0,44022781,33,12,
0,44022799,12,6,
0,44022859,7,2,
0,44022925,9,0,
0,44023081,11,4,
0,44023144,108,48,6
0,44023183,15,5,
0,44023295,10,0,
0,44023364,4,0,
0,44023379,15,3,
0,44023400,5,1,
0,44023423,82,34,12
0,44023471,23,6,29
0,44023596,4,1,
0,44023639,6,0,
0,44023663,41,53,
0,44023680,51,29,11
0,44023700,5,0,
0,44023786,7,1,
0,44023935,12,0,
0,44024055,46,6,14
0,44024173,41,36,18
0,44024243,6,0,
0,44024287,17,4,
0,44024322,9,1,
0,44024377,5,1,
0,44024449,30,21,
0,44024503,17,16,
0,44024527,12,1,
0,44024548,8,1,
0,44024759,204,39,1
0,44024784,56,12,18
0,44024842,21,6,28
0,44024843,37,30,3
0,44024894,9,1,
0,44024919,41,19,22
0,44025022,54,48,2
0,44025127,31,13,24
0,44025145,3,0,
1,43964505,134,79,
1,43964827,194,38,
1,43964896,80,27,
1,43964937,563,307,
1,43965608,173,163,
1,43966089,376,251,
1,43966471,91,32,
1,43966694,185,46,
1,43966843,164,148,
1,43967405,59,7,
1,43967962,122,10,
1,43968141,169,39,
1,43968693,76,55,
1,43968713,92,65,
1,43968897,367,74,
1,43969442,123,32,
1,43969827,851,461,
1,43970057,92,36,
1,43970363,90,60,
1,43970509,72,9,
1,43970637,121,64,
1,43970710,32,20,
1,43970768,62,16,
1,43970800,212,210,
1,43970837,564,350,
1,43970953,56,23,
1,43971068,113,70,
1,43971149,76,15,
1,43971177,292,142,
1,43971184,18,2,
1,43971185,26,3,
1,43971314,95,29,
1,43971442,55,40,
1,43971464,840,806,
1,43971515,439,701,
1,43971616,306,164,
1,43971620,311,105,
1,43971678,21,4,
1,43971685,66,17,
1,43971688,144,77,
1,43971716,415,259,
1,43971754,15,1,
1,43971791,119,109,
1,43971853,684,139,
1,43971941,78,32,
1,43971944,30,15,
1,43972004,105,67,
1,43972083,34,1,
1,43972154,30,5,
1,43972334,206,91,
1,43972425,215,120,
1,43972449,68,26,
1,43972485,211,77,
1,43972535,346,212,
1,43972669,168,59,
1,43972757,77,182,
1,43972927,74,11,
1,43973167,48,4,
1,43973395,444,413,
1,43973502,40,11,
1,43973677,71,7,
1,43973721,354,200,
1,43973887,11,0,
1,43973964,31,6,
1,43974005,194,81,
1,43974026,52,24,
1,43974344,45,22,
1,43974461,153,65,
1,43974599,27,3,
1,43974872,129,59,
1,43974891,419,212,
1,43975143,57,6,
1,43975352,351,545,
1,43975404,69,10,
1,43975423,236,107,
1,43975782,107,18,
1,43975785,100,61,
1,43976274,85,18,
1,43976504,89,12,
1,43976557,242,547,
1,43976574,61,138,
1,43976700,9,1,
1,43976886,16,1,
1,43976895,180,37,
1,43977147,104,28,
1,43977515,46,10,
1,43977539,11,2,
1,43977648,18,2,
1,43977821,9,4,
1,43977896,48,18,
1,43977901,17,15,
1,43978155,39,17,
1,43978357,256,126,
1,43978435,452,393,
1,43978476,75,16,
1,43979063,175,71,
1,43979322,23,1,
1,43979546,33,17,
1,43979916,138,30,
1,43980036,283,358,
1,43980760,449,60,
1,43980845,491,353,
1,43981170,410,166,
1,43981198,87,287,
1,43981680,309,121,
1,43981861,22,3,
1,43981971,144,52,
1,43982238,117,104,
1,43982495,102,91,
1,43982777,386,224,
1,43982784,89,71,
1,43982892,93,44,
1,43982896,26,18,
1,43983159,274,261,
1,43983196,93,58,
1,43983201,63,40,
1,43983297,32,18,
1,43983455,119,124,
1,43983627,49,6,
1,43983871,796,336,
1,43983928,117,205,
1,43984097,185,44,
1,43984275,149,81,
1,43984297,406,313,
1,43984770,123,33,
1,43984860,146,83,
1,43985489,1017,263,
1,43985513,935,352,
1,43985527,51,22,
1,43985624,159,52,
1,43985861,181,424,
1,43985971,399,144,
1,43985994,46,33,
1,43986229,14,3,
1,43986424,182,143,
1,43986821,59,44,
1,43986833,92,50,
1,43987367,97,30,
1,43987647,23,3,
1,43987742,23,12,
1,43987814,41,5,
1,43987852,33,6,
1,43988070,31,6,
1,43988116,36,6,
1,43988315,204,227,
1,43988381,223,51,
1,43988518,17,1,
1,43988533,176,172,
1,43988753,46,7,
1,43988975,47,22,
1,43989497,240,271,
1,43990262,40,4,24
1,43990515,26,28,
1,43991091,102,25,
1,43991185,62,7,
1,43991221,109,37,
1,43991256,370,254,
1,43991396,721,266,
1,43991500,32,2,
1,43991554,22,24,
1,43991962,72,78,
1,43992100,70,11,
1,43992242,32,0,
1,43993374,18,7,
1,43993707,160,124,
1,43993711,327,279,
1,43993897,114,73,
1,43993982,48,85,
1,43994190,78,41,
1,43994306,90,47,
1,43994333,155,46,
1,43994486,36,12,
1,43994765,373,366,
1,43994791,24,3,
1,43994827,142,51,
1,43994987,176,52,
1,43995005,260,47,
1,43995067,23,0,6
1,43995094,17,7,25
1,43995122,42,41,
1,43995144,78,6,
1,43995302,184,111,
1,43995501,74,9,
1,43995700,13,5,
1,43995767,23,2,
1,43996031,55,16,
1,43996071,75,62,
1,43996226,23,0,
1,43996243,44,14,
1,43996251,115,98,
1,43996307,413,492,
1,43996419,65,70,
1,43996431,482,205,
1,43996555,143,100,
1,43996597,24,19,
1,43996601,28,1,
1,43996796,37,7,
1,43997071,30,18,
1,43997135,138,27,
1,43997286,58,29,
1,43997467,43,13,
1,43997636,1222,519,
1,43997717,14,0,
1,43997728,71,127,
1,43997812,82,37,
1,43997830,193,143,
1,43997932,125,87,
1,43998008,90,79,
1,43998049,189,59,
1,43998115,140,37,
1,43998341,26,14,
1,43998423,94,31,
1,43998472,439,315,
1,43998485,21,9,
1,43998707,170,23,
1,43998945,36,2,
1,43999380,13,1,
1,43999439,10,0,
1,43999492,187,247,
1,43999748,423,162,
1,43999897,169,17,19
1,43999919,28,0,
1,44000700,339,86,
1,44000718,5,0,
1,44000724,98,54,
1,44000759,226,167,
1,44000778,10,4,
1,44001087,350,83,
1,44001105,6,1,16
1,44001391,92,23,
1,44001653,5,0,
1,44001696,7,1,
1,44001734,47,8,
1,44001765,196,471,
1,44001803,12,0,
1,44002333,338,308,
1,44002422,9,2,
1,44002639,37,1,
1,44002694,18,1,
1,44003184,29,14,
1,44003347,77,38,
1,44003445,287,284,
1,44003447,121,15,
1,44003449,117,112,
1,44003700,356,217,
1,44003741,195,68,
1,44003778,4,0,
1,44003928,13,2,13
1,44004224,39,23,
1,44004388,506,189,
1,44004625,274,119,
1,44004827,85,35,
1,44005008,243,404,
1,44005110,109,85,
1,44005195,161,35,
1,44005236,3,3,
1,44005368,3,0,
1,44005413,12,3,
1,44005668,114,34,
1,44005692,43,12,7
1,44005893,6,5,
1,44005899,58,25,
1,44006231,243,101,
1,44006345,495,426,
1,44006381,250,446,
1,44006426,375,197,
1,44006634,5,1,
1,44006735,75,31,
1,44006824,194,60,
1,44007065,68,22,
1,44007625,8,4,
1,44007652,6,0,
1,44007714,51,11,
1,44007854,33,7,
1,44008005,33,6,
1,44008313,3,0,
1,44008412,74,43,
1,44008449,3,0,
1,44008597,12,0,
1,44008657,22,9,
1,44008843,662,418,
1,44009185,52,9,11
1,44009321,269,40,
1,44009464,192,42,
1,44009521,3,0,
1,44009562,4,0,
1,44009574,4,1,
1,44009621,41,12,
1,44009689,22,4,
1,44009731,4,0,
1,44009848,481,343,
1,44009894,68,8,
1,44009999,308,331,
1,44010007,23,19,
1,44010096,3,0,
1,44010659,29,6,
1,44010694,23,3,
1,44010705,113,144,
1,44010922,67,22,
1,44010927,7,0,
1,44011139,37,4,
1,44011254,79,23,
1,44011381,186,206,
1,44011489,191,33,
1,44011515,191,61,
1,44011569,31,10,
1,44011645,20,10,
1,44011654,114,89,
1,44011693,36,2,
1,44011711,5,0,
1,44011757,14,7,
1,44011997,14,1,
1,44012074,46,13,
1,44012219,4,0,
1,44012227,320,223,
1,44012247,45,20,
1,44012283,9,0,
1,44012418,9,0,
1,44012495,13,5,
1,44012538,10,0,
1,44012549,13,4,
1,44012615,179,62,
1,44012729,106,4,
1,44012838,16,1,
1,44012846,3,0,
1,44013000,3,0,
1,44013046,38,7,
1,44013069,11,1,
1,44013122,18,4,
1,44013154,69,35,
1,44013157,525,193,
1,44013181,91,12,
1,44013201,30,5,20
1,44013205,6,1,
1,44013240,3,0,
1,44013266,54,8,
1,44013276,16,9,
1,44013322,3,1,
1,44013387,54,11,
1,44013405,14,14,
1,44013470,28,10,
1,44013517,58,23,
1,44013525,9,1,
1,44013568,25,1,
1,44013671,66,20,
1,44013674,5,0,
1,44013781,3,1,
1,44013868,5,0,
1,44013913,228,149,
1,44013933,88,3,
1,44013956,18,7,
1,44014011,22,1,
1,44014024,12,2,
1,44014046,329,67,
1,44014106,20,7,
1,44014272,5,2,
1,44014323,3,0,
1,44014330,3,0,
1,44014343,29,0,
1,44014384,55,55,
1,44014535,12,0,
1,44014587,214,50,
1,44014661,28,0,
1,44014794,22,5,
1,44014801,7,0,
1,44014808,460,205,
1,44014847,7,2,
1,44014939,7,0,
1,44015144,323,239,
1,44015162,18,2,
1,44015367,249,70,
1,44015407,10,0,
1,44015486,9,5,
1,44015557,33,6,
1,44015614,18,2,
1,44015649,136,82,
1,44015657,99,44,
1,44015739,10,2,
1,44015748,7,0,
1,44015872,238,128,
1,44015880,6,0,
1,44015904,12,1,
1,44015907,12,0,
1,44015945,7,0,
1,44016037,362,43,26
1,44016059,4,0,
1,44016177,12,0,
1,44016265,45,3,
1,44016273,20,1,
1,44016289,43,15,
1,44016325,26,4,
1,44016329,26,13,
1,44016336,181,61,
1,44016416,5,0,
1,44016530,107,48,
1,44016564,125,16,
1,44016621,136,113,
1,44016646,10,0,
1,44016914,12,0,
1,44016946,25,7,
1,44017056,86,16,
1,44017095,11,1,
1,44017098,20,6,
1,44017126,5,0,
1,44017317,20,4,
1,44017472,19,3,
1,44017547,7,1,
1,44017560,3,0,
1,44017592,108,41,
1,44017682,57,4,
1,44017692,147,44,
1,44017832,34,29,
1,44017907,9,2,
1,44017913,328,187,28
1,44018095,7,1,
1,44018259,7,3,
1,44018283,60,24,
1,44018301,182,111,
1,44018319,27,12,
1,44018386,79,57,
1,44018400,60,43,
1,44018479,11,5,
1,44018662,41,4,
1,44018741,79,11,
1,44018745,10,1,
1,44018857,11,5,
1,44018886,125,94,
1,44019042,20,1,
1,44019104,4,1,
1,44019143,12,3,
1,44019193,11,14,
1,44019386,135,76,
1,44019791,13,6,
1,44019917,6,0,
1,44020019,51,9,
1,44020050,17,11,
1,44020129,11,1,
1,44020158,13,4,
1,44020240,17,3,
1,44020293,13,2,
1,44020295,29,5,
1,44020315,73,3,
1,44020356,87,136,
1,44020469,24,4,
1,44020574,51,20,
1,44020591,703,421,2
1,44020626,129,57,
1,44020734,165,65,22
1,44020782,6,3,
1,44020832,7,0,
1,44020914,45,21,
1,44020975,54,54,27
1,44021028,124,34,
1,44021191,56,16,
1,44021492,3,0,
1,44021607,5,1,
1,44021644,28,4,
1,44021758,4,0,
1,44021792,136,89,
1,44021824,148,65,17
1,44021883,51,6,29
1,44021885,10,3,
1,44022136,34,52,
1,44022215,95,109,
1,44022225,161,16,9
1,44022233,56,15,
1,44022265,80,6,15
1,44022272,13,1,
1,44022322,31,10,
1,44022352,9,0,
1,44022353,274,84,3
1,44022448,233,268,4
1,44022484,44,14,21
1,44022529,16,1,
1,44022575,15,3,
1,44022677,36,21,
1,44022758,186,79,8
1,44022781,33,12,
1,44022799,12,7,
1,44022859,7,2,
1,44022925,9,0,
1,44023081,11,4,
1,44023144,129,52,5
1,44023183,16,5,
1,44023295,10,0,
1,44023379,15,3,
1,44023400,5,1,
1,44023423,89,40,23
1,44023471,24,9,
1,44023596,4,1,
1,44023639,6,0,
1,44023663,43,59,
1,44023680,55,31,10
1,44023700,5,0,
1,44023786,7,1,
1,44024055,51,6,14
1,44024173,43,40,30
1,44024287,17,7,
1,44024322,9,1,
1,44024393,4,1,
1,44024449,38,30,
1,44024503,18,17,
1,44024527,13,1,
1,44024548,8,1,
1,44024759,264,58,1
1,44024784,66,18,18
1,44024842,24,8,
1,44024843,49,59,
1,44024919,47,22,
1,44025022,59,63,
1,44025127,53,47,12
1,44025145,3,0,
1,44025324,13,1,
1,44025391,4,0,
1,44025439,6,0,
2,43964505,135,79,
2,43964827,194,38,
2,43964896,80,27,
2,43964937,564,307,
2,43965608,173,163,
2,43966089,376,251,
2,43966471,91,32,
2,43966694,185,46,
2,43966843,164,148,
2,43967405,59,7,
2,43967962,122,10,
2,43968141,169,39,
2,43968693,76,55,
2,43968897,367,74,
2,43969442,123,32,
2,43969827,851,461,
2,43970057,92,36,
2,43970363,90,60,
2,43970509,72,9,
2,43970637,121,64,
2,43970710,32,20,
2,43970768,62,16,
2,43970800,212,210,
2,43970837,564,350,
2,43970953,56,23,
2,43971068,113,70,
2,43971149,76,15,
2,43971177,293,142,
2,43971184,18,2,
2,43971185,26,3,
2,43971314,95,29,
2,43971442,55,40,
2,43971464,840,807,
2,43971515,439,701,
2,43971616,306,164,
2,43971620,311,105,
2,43971678,21,4,
2,43971685,66,17,
2,43971688,144,77,
2,43971716,415,259,
2,43971754,15,1,
2,43971791,119,109,
2,43971853,684,139,
2,43971941,78,32,
2,43971944,30,15,
2,43972004,105,67,
2,43972083,34,1,
2,43972154,30,5,
2,43972334,206,92,
2,43972425,215,120,
2,43972449,68,26,
2,43972485,211,77,
2,43972535,346,212,
2,43972669,168,59,
2,43972757,77,182,
2,43972927,74,11,
2,43973167,48,4,
2,43973395,444,413,
2,43973502,40,11,
2,43973677,71,7,
2,43973721,354,200,
2,43973887,11,0,
2,43973964,31,6,
2,43974005,194,81,
2,43974026,52,24,
2,43974344,45,22,
2,43974461,153,65,
2,43974599,27,3,
2,43974872,129,59,
2,43974891,419,212,
2,43975143,57,6,
2,43975352,351,545,
2,43975404,69,10,
2,43975423,236,107,
2,43975782,107,18,
2,43976274,85,18,
2,43976504,89,12,
2,43976557,242,547,
2,43976574,61,138,
2,43976700,9,1,
2,43976886,16,1,
2,43976895,180,37,
2,43977147,104,28,
2,43977515,46,10,
2,43977539,11,2,
2,43977648,18,2,
2,43977821,9,4,
2,43977896,48,18,
2,43977901,17,15,
2,43978155,39,17,
2,43978357,256,126,
2,43978435,452,393,
2,43978476,75,16,
2,43979063,175,71,
2,43979322,23,1,
2,43979546,33,17,
2,43979916,138,30,
2,43980036,283,358,
2,43980760,450,60,
2,43980845,491,353,
2,43981170,410,166,
2,43981198,87,287,
2,43981680,309,121,
2,43981861,22,3,
2,43981971,144,52,
2,43982238,117,104,
2,43982495,102,91,
2,43982777,386,224,
2,43982784,89,71,
2,43982892,93,44,
2,43983159,274,261,
2,43983196,94,58,
2,43983201,63,40,
2,43983297,32,18,
2,43983455,119,124,
2,43983627,49,6,
2,43983871,796,336,
2,43983928,117,205,
2,43984097,185,44,
2,43984275,149,81,
2,43984297,406,313,
2,43984770,123,33,
2,43984860,146,83,
2,43985489,1018,264,
2,43985513,938,354,
2,43985527,51,22,
2,43985624,159,52,
2,43985861,181,424,
2,43985971,399,144,
2,43985994,46,33,
2,43986229,14,3,
2,43986424,182,143,
2,43986821,60,44,
2,43986833,92,50,
2,43987367,97,30,
2,43987647,23,3,
2,43987742,23,12,
2,43987814,41,5,
2,43987852,33,6,
2,43988070,31,6,
2,43988116,36,6,
2,43988315,204,227,
2,43988381,223,51,
2,43988518,17,1,
2,43988533,176,172,
2,43988753,46,7,
2,43988975,47,22,
2,43989497,240,272,
2,43990262,42,4,27
2,43990515,26,28,
2,43991091,102,25,
2,43991185,63,7,
2,43991221,109,37,
2,43991256,370,254,
2,43991396,721,266,
2,43991500,32,2,
2,43991554,22,25,
2,43991962,74,81,
2,43992100,70,11,
2,43992242,32,0,
2,43993374,18,7,
2,43993707,160,125,
2,43993711,327,280,
2,43993897,114,73,
2,43993982,48,86,
2,43994190,79,41,
2,43994306,90,47,
2,43994333,155,46,
2,43994486,36,12,
2,43994765,373,366,
2,43994791,24,3,
2,43994827,143,51,
2,43994987,176,52,
2,43995005,260,47,
2,43995067,53,21,1
2,43995094,18,8,28
2,43995122,42,41,
2,43995144,78,6,
2,43995302,184,111,
2,43995501,74,9,
2,43995700,13,5,
2,43995767,23,2,
2,43996031,55,16,
2,43996071,75,62,
2,43996226,23,0,
2,43996243,44,14,
2,43996251,115,98,
2,43996307,414,492,
2,43996419,65,70,
2,43996431,482,205,
2,43996555,143,100,
2,43996597,24,19,
2,43996601,28,1,
2,43996796,37,7,
2,43997071,30,18,
2,43997135,139,27,
2,43997286,58,29,
2,43997467,43,13,
2,43997636,1223,519,
2,43997717,14,0,
2,43997728,71,127,
2,43997812,82,37,
2,43997830,193,143,
2,43997932,125,87,
2,43998008,90,79,
2,43998049,189,59,
2,43998115,140,37,
2,43998341,27,14,
2,43998423,94,31,
2,43998472,439,315,
2,43998485,21,9,
2,43998707,170,23,
2,43998945,36,2,
2,43999380,13,1,
2,43999439,10,0,
2,43999492,187,248,
2,43999748,424,162,
2,43999897,173,17,20
2,43999919,28,0,
2,44000700,339,86,
2,44000724,98,54,
2,44000759,226,167,
2,44000778,10,4,
2,44001087,350,83,
2,44001105,8,2,19
2,44001391,92,23,
2,44001653,5,0,
2,44001696,7,1,
2,44001734,47,8,
2,44001765,196,471,
2,44001803,12,0,
2,44002333,338,308,
2,44002422,9,2,
2,44002639,37,1,
2,44002694,18,1,
2,44003184,29,14,
2,44003347,77,38,
2,44003445,287,284,
2,44003447,121,15,
2,44003449,117,112,
2,44003700,356,217,
2,44003741,196,68,
2,44003778,4,0,
2,44003928,17,2,15
2,44003986,5,7,18
2,44004224,39,23,
2,44004388,507,189,
2,44004625,274,119,
2,44004827,85,35,
2,44005008,243,404,
2,44005110,109,85,
2,44005195,161,35,
2,44005413,12,3,
2,44005668,114,34,
2,44005692,49,13,9
2,44005899,58,25,
2,44006231,243,101,
2,44006345,497,426,
2,44006381,250,446,
2,44006426,375,197,
2,44006735,75,31,
2,44006824,194,60,
2,44007065,68,22,
2,44007625,8,4,
2,44007652,6,0,
2,44007714,51,11,
2,44007854,33,7,
2,44008005,33,6,
2,44008313,3,0,
2,44008412,74,43,
2,44008449,3,0,
2,44008597,12,0,
2,44008843,663,423,
2,44009185,53,11,12
2,44009321,270,40,
2,44009464,192,42,
2,44009521,3,0,
2,44009562,4,0,
2,44009574,4,1,
2,44009621,41,12,
2,44009689,22,4,
2,44009731,4,0,
2,44009848,483,343,
2,44009894,68,8,
2,44009999,308,331,
2,44010007,23,19,
2,44010096,3,0,
2,44010659,29,6,
2,44010694,23,3,
2,44010705,113,144,
2,44010922,68,22,
2,44010927,7,0,
2,44011139,37,4,
2,44011254,79,23,
2,44011381,186,207,
2,44011489,191,33,
2,44011515,191,61,
2,44011569,31,10,
2,44011645,20,10,
2,44011654,114,89,
2,44011711,5,0,
2,44011757,14,7,
2,44011997,14,1,
2,44012074,46,13,
2,44012219,5,0,
2,44012227,321,223,
2,44012247,45,20,
2,44012283,9,0,
2,44012418,9,0,
2,44012495,13,5,
2,44012538,10,0,
2,44012549,13,5,
2,44012615,180,62,
2,44012729,106,4,
2,44012838,16,1,
2,44012846,3,0,
2,44013000,3,0,
2,44013046,38,7,
2,44013069,11,1,
2,44013122,18,4,
2,44013154,69,35,
2,44013157,526,193,
2,44013181,91,12,
2,44013201,34,5,25
2,44013205,6,1,
2,44013240,3,0,
2,44013266,54,8,
2,44013276,16,9,
2,44013322,3,1,
2,44013387,54,11,
2,44013405,14,14,
2,44013470,29,10,
2,44013517,58,23,
2,44013525,9,1,
2,44013568,25,1,
2,44013671,66,20,
2,44013674,5,0,
2,44013781,3,1,
2,44013868,5,0,
2,44013913,228,151,
2,44013933,88,3,
2,44013956,18,7,
2,44014011,22,1,
2,44014024,12,2,
2,44014046,329,67,
2,44014106,20,7,
2,44014272,5,2,
2,44014323,3,0,
2,44014330,3,0,
2,44014343,29,0,
2,44014384,55,55,
2,44014535,12,0,
2,44014587,216,50,
2,44014661,28,0,
2,44014794,22,5,
2,44014801,7,0,
2,44014808,462,205,
2,44014847,7,2,
2,44014939,7,0,
2,44015144,325,241,
2,44015162,18,2,
2,44015367,249,70,
2,44015407,10,0,
2,44015486,9,5,
2,44015557,33,6,
2,44015614,18,2,
2,44015649,138,82,
2,44015657,99,44,
2,44015748,7,0,
2,44015872,238,128,
2,44015880,6,0,
2,44015904,12,1,
2,44015907,12,0,
2,44016037,369,44,26
2,44016059,4,0,
2,44016177,12,0,
2,44016265,45,3,
2,44016273,20,1,
2,44016289,43,15,
2,44016325,26,4,
2,44016329,26,13,
2,44016336,181,61,
2,44016416,5,0,
2,44016530,107,48,
2,44016564,125,16,
2,44016621,136,113,
2,44016646,10,0,
2,44016914,12,0,
2,44016946,25,7,
2,44017056,86,16,
2,44017095,11,1,
2,44017098,20,6,
2,44017126,5,0,
2,44017317,20,4,
2,44017472,19,3,
2,44017547,7,1,
2,44017560,3,0,
2,44017592,110,41,
2,44017682,57,4,
2,44017692,147,44,
2,44017832,34,29,
2,44017907,9,2,
2,44017913,329,188,30
2,44018095,7,1,
2,44018259,7,3,
2,44018283,62,24,
2,44018301,184,111,
2,44018319,27,12,
2,44018386,79,57,
2,44018400,60,43,
2,44018479,11,6,
2,44018662,41,4,
2,44018741,79,11,
2,44018745,10,1,
2,44018857,11,5,
2,44018886,126,96,
2,44019042,20,1,
2,44019104,4,1,
2,44019143,12,4,
2,44019193,11,14,
2,44019386,135,76,
2,44019791,13,6,
2,44019917,6,0,
2,44020019,53,9,
2,44020050,17,11,
2,44020129,11,1,
2,44020158,13,4,
2,44020240,17,3,
2,44020293,13,2,
2,44020295,29,6,
2,44020315,75,3,
2,44020356,87,138,
2,44020469,26,4,
2,44020574,52,21,
2,44020591,729,432,2
2,44020626,130,57,
2,44020734,171,68,22
2,44020782,6,3,
2,44020832,7,0,
2,44020914,45,21,
2,44020975,54,56,29
2,44021028,125,35,
2,44021191,59,17,
2,44021492,3,0,
2,44021607,5,1,
2,44021644,28,4,
2,44021758,4,0,
2,44021792,136,89,
2,44021824,151,71,
2,44021883,52,8,
2,44021885,10,3,
2,44022136,34,53,
2,44022215,96,111,
2,44022225,174,16,10
2,44022233,56,15,
2,44022265,83,6,16
2,44022272,13,1,
2,44022322,31,10,
2,44022352,9,0,
2,44022353,284,91,4
2,44022448,251,279,7
2,44022484,46,16,24
2,44022529,16,1,
2,44022575,15,3,
2,44022677,36,21,
2,44022758,197,84,8
2,44022781,35,12,
2,44022799,12,7,
2,44022859,7,2,
2,44022925,9,0,
2,44023081,11,4,
2,44023144,135,56,6
2,44023183,17,5,
2,44023379,15,3,
2,44023400,5,1,
2,44023423,95,46,13
2,44023471,24,9,
2,44023596,4,1,
2,44023639,6,0,
2,44023663,45,62,
2,44023680,59,34,14
2,44023700,5,0,
2,44024055,53,6,17
2,44024173,49,44,11
2,44024242,3,0,
2,44024287,17,8,
2,44024322,10,3,
2,44024393,5,1,
2,44024449,43,39,
2,44024503,18,17,
2,44024527,13,1,
2,44024548,9,1,
2,44024759,296,73,3
2,44024784,76,24,23
2,44024842,27,8,
2,44024843,52,66,
2,44024919,48,28,
2,44025022,62,70,
2,44025127,57,59,
2,44025145,3,0,
2,44025324,30,10,21
2,44025391,7,1,
2,44025439,29,1,5
3,43964505,135,79,
3,43964827,194,38,
3,43964896,80,27,
3,43964937,564,307,
3,43965608,173,163,
3,43966089,376,251,
3,43966471,91,32,
3,43966694,185,46,
3,43966843,164,148,
3,43967405,59,7,
3,43967962,122,10,
3,43968141,169,39,
3,43968693,76,55,
3,43968713,92,65,
3,43968897,367,74,
3,43969442,123,32,
3,43969827,851,461,
3,43970057,92,36,
3,43970363,90,60,
3,43970509,72,9,
3,43970637,121,64,
3,43970710,32,20,
3,43970768,62,16,
3,43970800,212,210,
3,43970837,564,350,
3,43970953,56,23,
3,43971068,113,70,
3,43971149,76,15,
3,43971177,293,142,
3,43971184,18,2,
3,43971185,26,3,
3,43971314,95,29,
3,43971442,55,40,
3,43971464,840,807,
3,43971515,439,701,
3,43971616,306,164,
3,43971620,311,105,
3,43971678,21,4,
3,43971685,66,17,
3,43971688,144,77,
3,43971716,415,259,
3,43971754,15,1,
3,43971791,119,109,
3,43971853,684,139,
3,43971941,78,32,
3,43971944,30,15,
3,43972004,105,67,
3,43972083,34,1,
3,43972154,30,5,
3,43972334,206,92,
3,43972425,215,120,
3,43972449,68,26,
3,43972485,211,77,
3,43972535,346,212,
3,43972669,168,59,
3,43972757,77,182,
3,43972927,74,11,
3,43973167,48,4,
3,43973395,444,413,
3,43973502,40,11,
3,43973677,71,7,
3,43973721,354,200,
3,43973887,11,0,
3,43973964,31,6,
3,43974005,194,81,
3,43974026,52,24,
3,43974344,45,22,
3,43974461,153,65,
3,43974599,27,3,
3,43974872,129,59,
3,43974891,419,212,
3,43975143,57,6,
3,43975352,351,545,
3,43975404,69,10,
3,43975423,236,107,
3,43975782,107,18,
3,43976274,85,18,
3,43976504,89,12,
3,43976557,242,547,
3,43976574,61,138,
3,43976700,9,1,
3,43976886,16,1,
3,43976895,180,37,
3,43977147,104,28,
3,43977515,46,10,
3,43977539,11,2,
3,43977648,18,2,
3,43977821,9,4,
3,43977896,48,18,
3,43977901,17,15,
3,43978155,39,17,
3,43978357,256,126,
3,43978435,453,393,
3,43978476,75,16,
3,43979063,175,71,
3,43979322,23,1,
3,43979546,33,17,
3,43979916,138,30,
3,43980036,283,358,
3,43980760,450,60,
3,43980845,491,353,
3,43981170,410,166,
3,43981198,87,287,
3,43981680,309,121,
3,43981861,22,3,
3,43981971,144,52,
3,43982238,117,105,
3,43982495,102,91,
3,43982777,386,224,
3,43982784,89,71,
3,43982892,93,44,
3,43983159,274,261,
3,43983196,94,58,
3,43983201,64,40,
3,43983297,32,18,
3,43983455,119,124,
3,43983627,49,6,
3,43983871,796,336,
3,43983928,117,205,
3,43984097,185,44,
3,43984275,149,81,
3,43984297,406,313,
3,43984770,123,33,
3,43984860,146,83,
3,43985489,1018,264,
3,43985513,942,354,
3,43985527,51,22,
3,43985624,159,52,
3,43985861,181,424,
3,43985971,399,144,
3,43985994,46,33,
3,43986229,14,3,
3,43986424,182,143,
3,43986821,60,44,
3,43986833,92,50,
3,43987367,97,30,
3,43987647,23,3,
3,43987742,23,12,
3,43987814,41,5,
3,43987852,33,6,
3,43988070,31,6,
3,43988116,36,6,
3,43988315,204,227,
3,43988381,223,51,
3,43988518,17,1,
3,43988533,176,172,
3,43988753,46,7,
3,43988975,49,22,
3,43989497,240,272,
3,43990262,43,4,
3,43990515,26,28,
3,43991091,102,25,
3,43991185,64,7,
3,43991221,109,37,
3,43991256,370,254,
3,43991396,721,266,
3,43991500,32,2,
3,43991554,22,26,
3,43991962,75,81,
3,43992100,70,11,
3,43992242,32,0,
3,43993374,18,7,
3,43993707,161,125,
3,43993711,327,283,
3,43993897,114,73,
3,43993982,50,86,
3,43994190,79,41,
3,43994306,90,47,
3,43994333,155,46,
3,43994486,36,12,
3,43994765,373,366,
3,43994791,24,3,
3,43994827,143,51,
3,43994987,176,52,
3,43995005,260,47,
3,43995067,76,30,1
3,43995094,18,8,
3,43995122,42,41,
3,43995144,78,6,
3,43995302,184,111,
3,43995501,74,9,
3,43995700,13,5,
3,43995767,23,2,
3,43996031,55,16,
3,43996071,75,62,
3,43996226,23,0,
3,43996243,44,14,
3,43996251,115,98,
3,43996307,414,492,
3,43996419,65,70,
3,43996431,482,205,
3,43996555,143,100,
3,43996597,24,19,
3,43996601,28,1,
3,43996770,7,0,11
3,43996796,37,7,
3,43997071,30,18,
3,43997135,139,27,
3,43997286,58,29,
3,43997467,43,13,
3,43997636,1223,519,
3,43997717,14,0,
3,43997728,71,129,
3,43997812,82,37,
3,43997830,193,143,
3,43997932,125,87,
3,43998008,90,79,
3,43998049,189,59,
3,43998115,140,37,
3,43998341,28,14,
3,43998423,94,31,
3,43998472,439,315,
3,43998485,21,9,
3,43998707,170,23,
3,43998945,36,2,
3,43999380,13,1,
3,43999439,10,0,
3,43999492,187,248,
3,43999748,424,162,
3,43999897,177,17,22
3,43999919,28,0,
3,44000700,339,86,
3,44000724,98,54,
3,44000759,226,167,
3,44000778,10,4,
3,44001087,350,83,
3,44001391,92,23,
3,44001653,5,0,
3,44001696,7,1,
3,44001734,47,8,
3,44001765,196,471,
3,44001803,12,0,
3,44002333,338,308,
3,44002422,9,2,
3,44002639,37,1,
3,44002694,18,1,
3,44003184,29,14,
3,44003347,77,38,
3,44003445,287,284,
3,44003447,121,15,
3,44003449,117,112,
3,44003700,356,217,
3,44003741,196,68,
3,44003778,4,0,
3,44003928,21,2,19
3,44003986,7,8,21
3,44004224,39,23,
3,44004388,507,189,
3,44004625,274,119,
3,44004827,85,35,
3,44005008,243,404,
3,44005110,109,85,
3,44005195,161,35,
3,44005413,12,3,
3,44005668,114,34,
3,44005692,56,15,12
3,44005899,58,25,
3,44006231,243,101,
3,44006345,498,426,
3,44006381,250,446,
3,44006426,375,197,
3,44006735,75,31,
3,44006824,194,60,
3,44007065,68,22,
3,44007625,8,4,
3,44007652,6,0,
3,44007714,51,11,
3,44007854,33,7,
3,44008005,33,6,
3,44008313,3,0,
3,44008412,74,43,
3,44008449,3,0,
3,44008597,12,0,
3,44008843,665,423,
3,44009185,56,11,18
3,44009321,270,40,
3,44009464,192,42,
3,44009521,3,0,
3,44009562,4,0,
3,44009574,4,1,
3,44009621,41,12,
3,44009689,22,4,
3,44009731,4,0,
3,44009848,483,343,
3,44009894,68,8,
3,44009999,308,332,
3,44010007,23,19,
3,44010096,9,0,7
3,44010659,29,6,
3,44010684,9,0,7
3,44010694,23,3,
3,44010705,113,144,
3,44010922,68,22,
3,44010927,7,0,
3,44011139,37,4,
3,44011254,79,23,
3,44011381,186,208,
3,44011489,191,33,
3,44011515,192,61,
3,44011569,31,10,
3,44011645,20,10,
3,44011654,114,89,
3,44011711,5,0,
3,44011757,14,7,
3,44011997,14,1,
3,44012074,46,13,
3,44012219,5,0,
3,44012227,321,223,
3,44012247,45,20,
3,44012283,9,0,
3,44012418,9,0,
3,44012495,13,5,
3,44012538,10,0,
3,44012549,13,5,
3,44012615,181,62,
3,44012729,106,4,
3,44012838,16,1,
3,44012846,3,0,
3,44013000,3,0,
3,44013046,38,7,
3,44013069,11,1,
3,44013122,18,4,
3,44013154,69,35,
3,44013157,527,193,
3,44013181,91,12,
3,44013201,40,5,23
3,44013205,6,1,
3,44013240,3,0,
3,44013266,54,8,
3,44013276,16,9,
3,44013322,3,1,
3,44013387,54,11,
3,44013405,14,14,
3,44013470,29,10,
3,44013517,58,23,
3,44013525,9,1,
3,44013568,26,1,17
3,44013671,66,20,
3,44013674,5,0,
3,44013781,3,1,
3,44013868,5,0,
3,44013913,228,153,
3,44013933,88,3,
3,44013956,18,7,
3,44014011,22,1,
3,44014024,12,2,
3,44014046,330,67,
3,44014106,20,7,
3,44014272,5,2,
3,44014323,3,0,
3,44014330,3,0,
3,44014343,29,0,
3,44014384,55,55,
3,44014535,12,0,
3,44014587,216,50,
3,44014661,28,0,
3,44014794,22,5,
3,44014801,7,0,
3,44014808,462,205,
3,44014847,7,2,
3,44014939,7,0,
3,44015144,328,242,
3,44015162,18,2,
3,44015367,250,70,
3,44015407,10,0,
3,44015486,9,5,
3,44015557,33,6,
3,44015614,18,2,
3,44015649,138,82,
3,44015657,99,44,
3,44015748,7,0,
3,44015872,238,128,
3,44015880,6,0,
3,44015904,12,1,
3,44015907,12,0,
3,44016037,372,44,27
3,44016059,4,0,
3,44016177,12,0,
3,44016265,45,3,
3,44016273,20,1,
3,44016289,43,16,
3,44016325,26,4,
3,44016329,26,13,
3,44016336,181,61,
3,44016416,5,0,
3,44016530,107,48,
3,44016564,126,16,
3,44016621,136,113,
3,44016646,10,0,
3,44016914,12,0,
3,44016946,25,7,
3,44017056,86,16,
3,44017095,11,1,
3,44017098,20,6,
3,44017126,5,0,
3,44017317,20,4,
3,44017472,19,3,
3,44017547,7,1,
3,44017560,3,0,
3,44017592,110,41,
3,44017682,57,4,
3,44017692,147,44,
3,44017832,34,29,
3,44017907,9,2,
3,44017913,330,193,28
3,44018095,7,1,
3,44018259,7,3,
3,44018283,62,26,
3,44018301,185,112,
3,44018319,27,12,
3,44018386,79,57,
3,44018400,60,43,
3,44018479,11,6,
3,44018662,41,4,
3,44018741,79,11,
3,44018745,10,1,
3,44018857,11,5,
3,44018886,129,97,
3,44019042,20,1,
3,44019104,4,1,
3,44019143,12,4,
3,44019193,11,14,
3,44019386,136,76,
3,44019791,13,6,
3,44019917,6,0,
3,44020019,54,10,
3,44020050,17,11,
3,44020129,11,1,
3,44020158,13,4,
3,44020240,17,3,
3,44020293,13,2,
3,44020295,29,6,
3,44020315,77,3,
3,44020356,87,138,
3,44020469,26,4,
3,44020574,52,21,
3,44020591,750,433,2
3,44020626,133,57,
3,44020734,174,68,25
3,44020782,6,3,
3,44020832,7,0,
3,44020914,46,21,
3,44020975,59,58,29
3,44021028,125,36,
3,44021191,60,19,
3,44021607,5,1,
3,44021644,28,4,
3,44021758,4,0,
3,44021792,136,92,
3,44021824,154,76,
3,44021883,52,8,
3,44021885,10,3,
3,44022136,35,54,
3,44022215,99,117,
3,44022225,181,16,13
3,44022233,59,15,
3,44022265,85,6,20
3,44022272,13,1,
3,44022322,32,10,
3,44022352,9,0,
3,44022353,293,94,6
3,44022448,268,286,4
3,44022484,52,17,24
3,44022529,16,1,
3,44022575,15,3,
3,44022677,36,22,
3,44022758,213,88,9
3,44022781,35,12,
3,44022799,12,7,
3,44022859,7,2,
3,44023081,11,4,
3,44023144,148,62,8
3,44023183,17,5,
3,44023379,15,3,
3,44023400,5,1,
3,44023423,101,51,16
3,44023471,25,9,
3,44023596,4,1,
3,44023663,47,63,
3,44023680,67,37,15
3,44023700,5,0,
3,44024055,55,7,16
3,44024173,55,48,14
3,44024242,3,0,
3,44024287,17,9,
3,44024322,11,3,
3,44024393,6,1,
3,44024449,46,42,
3,44024503,19,17,
3,44024527,14,1,
3,44024548,10,1,
3,44024759,312,74,3
3,44024784,87,30,26
3,44024842,31,12,
3,44024843,52,67,
3,44024919,48,28,
3,44025022,67,72,
3,44025127,57,62,
3,44025145,3,0,
3,44025324,43,15,21
3,44025391,8,1,
3,44025439,51,6,2
3,44025484,6,2,25
3,44025610,3,0,
3,44026018,3,0,
3,44026202,4,0,22
3,44026237,5,1,
3,44026301,3,1,
3,44026335,3,0,
4,43964505,135,79,
4,43964827,194,38,
4,43964896,80,27,
4,43964937,564,307,
4,43965608,173,163,
4,43966089,376,251,
4,43966471,91,32,
4,43966694,185,46,
4,43966843,164,148,
4,43967405,59,7,
4,43967962,122,10,
4,43968141,169,39,
4,43968693,76,55,
4,43968713,92,65,
4,43968897,367,74,
4,43969442,123,32,
4,43969827,851,461,
4,43970057,92,36,
4,43970363,90,60,
4,43970509,72,9,
4,43970637,121,64,
4,43970710,32,20,
4,43970768,62,16,
4,43970800,212,210,
4,43970837,564,350,
4,43970953,56,23,
4,43971068,113,70,
4,43971149,76,15,
4,43971177,293,142,
4,43971184,18,2,
4,43971185,26,3,
4,43971314,95,29,
4,43971442,55,40,
4,43971464,840,807,
4,43971515,439,701,
4,43971616,306,164,
4,43971620,311,105,
4,43971678,21,4,
4,43971685,66,17,
4,43971688,144,77,
4,43971716,415,259,
4,43971754,15,1,
4,43971791,119,109,
4,43971853,684,139,
4,43971941,78,32,
4,43971944,30,15,
4,43972004,105,67,
4,43972083,34,1,
4,43972154,30,5,
4,43972334,207,92,
4,43972425,215,120,
4,43972449,68,26,
4,43972485,211,77,
4,43972535,346,212,
4,43972669,168,59,
4,43972757,77,182,
4,43972927,74,11,
4,43973167,48,4,
4,43973395,444,413,
4,43973502,40,11,
4,43973677,71,7,
4,43973721,354,200,
4,43973887,11,0,
4,43973964,31,6,
4,43974005,194,81,
4,43974026,52,24,
4,43974344,45,22,
4,43974461,153,65,
4,43974599,27,3,
4,43974872,129,59,
4,43974891,419,212,
4,43975143,57,6,
4,43975352,351,546,
4,43975404,69,10,
4,43975423,236,107,
4,43975782,107,18,
4,43976274,85,18,
4,43976504,89,12,
4,43976557,242,547,
4,43976574,61,138,
4,43976700,9,1,
4,43976886,16,1,
4,43976895,180,37,
4,43977147,104,28,
4,43977515,46,10,
4,43977539,11,2,
4,43977648,18,2,
4,43977821,9,4,
4,43977896,48,18,
4,43977901,17,15,
4,43978155,39,17,
4,43978357,256,126,
4,43978435,453,393,
4,43978476,75,16,
4,43979063,175,71,
4,43979322,23,1,
4,43979546,33,17,
4,43979916,138,30,
4,43980036,283,358,
4,43980760,450,60,
4,43980845,492,353,
4,43981170,410,166,
4,43981198,87,287,
4,43981680,309,121,
4,43981861,22,3,
4,43981971,144,52,
4,43982238,117,105,
4,43982495,102,91,
4,43982777,386,224,
4,43982784,89,71,
4,43982892,93,44,
4,43983159,274,261,
4,43983196,94,58,
4,43983201,65,41,
4,43983297,32,18,
4,43983455,119,124,
4,43983627,49,6,
4,43983871,796,336,
4,43983928,117,205,
4,43984097,185,44,
4,43984275,149,81,
4,43984297,406,313,
4,43984770,123,33,
4,43984860,146,83,
4,43985489,1019,264,
4,43985513,942,354,
4,43985527,51,22,
4,43985624,159,52,
4,43985861,181,424,
4,43985971,399,144,
4,43985994,46,33,
4,43986229,14,3,
4,43986424,182,143,
4,43986821,60,44,
4,43986833,92,50,
4,43987367,97,30,
4,43987647,23,3,
4,43987742,23,12,
4,43987814,41,5,
4,43987852,33,6,
4,43988070,31,6,
4,43988116,36,6,
4,43988315,204,227,
4,43988381,223,51,
4,43988518,17,1,
4,43988533,176,172,
4,43988753,46,7,
4,43988975,49,22,
4,43989497,240,272,
4,43990262,44,4,
4,43990515,26,28,
4,43991091,102,25,
4,43991185,64,7,
4,43991221,111,39,
4,43991256,370,254,
4,43991396,722,266,
4,43991500,32,2,
4,43991554,22,27,
4,43991962,75,82,
4,43992100,70,11,
4,43992242,32,0,
4,43993374,18,7,
4,43993707,162,128,
4,43993711,329,283,
4,43993897,114,73,
4,43993982,50,87,
4,43994190,81,42,
4,43994306,90,47,
4,43994333,155,46,
4,43994486,36,12,
4,43994765,373,366,
4,43994791,24,3,
4,43994827,143,51,
4,43994987,176,52,
4,43995005,260,47,
4,43995067,104,40,1
4,43995094,18,8,
4,43995122,42,41,
4,43995144,78,6,
4,43995302,184,111,
4,43995501,74,9,
4,43995700,13,5,
4,43995767,23,2,
4,43996031,55,16,
4,43996071,75,62,
4,43996226,23,0,
4,43996243,44,14,
4,43996251,115,98,
4,43996307,414,492,
4,43996419,65,70,
4,43996431,482,205,
4,43996555,143,100,
4,43996597,24,19,
4,43996601,28,1,
4,43996770,11,1,13
4,43996796,37,7,
4,43997071,30,18,
4,43997135,139,27,
4,43997286,58,29,
4,43997467,44,13,
4,43997636,1225,520,
4,43997717,14,0,
4,43997728,71,129,
4,43997812,82,37,
4,43997830,193,143,
4,43997932,125,87,
4,43998008,90,79,
4,43998049,189,59,
4,43998115,140,37,
4,43998341,28,14,
4,43998423,94,31,
4,43998472,439,315,
4,43998485,21,9,
4,43998707,170,23,
4,43998945,36,2,
4,43999380,13,1,
4,43999439,10,0,
4,43999492,187,248,
4,43999748,424,162,
4,43999897,182,19,25
4,43999919,28,0,
4,44000700,339,86,
4,44000724,99,54,
4,44000759,226,167,
4,44000778,10,4,
4,44001087,350,83,
4,44001391,92,23,
4,44001734,47,8,
4,44001765,196,471,
4,44001803,12,0,
4,44002333,338,308,
4,44002422,9,2,
4,44002639,37,1,
4,44002694,18,1,
4,44003184,29,14,
4,44003347,77,38,
4,44003445,287,284,
4,44003447,121,15,
4,44003449,117,112,
4,44003700,356,217,
4,44003741,196,68,
4,44003778,4,0,
4,44003928,25,2,22
4,44004224,39,23,
4,44004388,507,189,
4,44004625,274,119,
4,44004827,85,35,
4,44005008,243,404,
4,44005110,109,85,
4,44005195,161,35,
4,44005413,12,3,
4,44005668,114,34,
4,44005692,60,16,11
4,44005899,58,25,
4,44006231,243,101,
4,44006345,499,426,
4,44006381,250,446,
4,44006426,376,197,
4,44006735,75,31,
4,44006824,194,60,
4,44007065,68,22,
4,44007625,8,4,
4,44007652,6,0,
4,44007714,51,11,
4,44007854,33,7,
4,44008005,33,6,
4,44008313,3,0,
4,44008412,74,43,
4,44008449,3,0,
4,44008597,12,0,
4,44008843,666,423,
4,44009185,60,11,19
4,44009321,270,40,
4,44009464,192,42,
4,44009521,3,0,
4,44009562,4,0,
4,44009574,4,1,
4,44009621,41,12,
4,44009689,22,4,
4,44009731,4,0,
4,44009848,483,343,
4,44009894,68,8,
4,44009999,309,332,
4,44010007,23,19,
4,44010096,18,0,4
4,44010659,29,6,
4,44010684,12,0,10
4,44010694,23,3,
4,44010705,113,144,
4,44010922,68,22,
4,44010927,7,0,
4,44011139,37,4,
4,44011254,79,23,
4,44011381,186,209,
4,44011489,191,33,
4,44011515,192,61,
4,44011569,31,10,
4,44011645,20,10,
4,44011654,114,89,
4,44011711,5,0,
4,44011757,14,7,
4,44011997,14,1,
4,44012074,46,13,
4,44012219,5,0,
4,44012227,321,223,
4,44012247,46,20,
4,44012283,9,0,
4,44012418,9,0,
4,44012495,13,5,
4,44012538,13,0,17
4,44012549,13,5,
4,44012615,182,62,
4,44012729,107,4,
4,44012838,16,1,
4,44012846,3,0,
4,44013000,3,0,
4,44013046,38,7,
4,44013069,11,1,
4,44013122,18,4,
4,44013154,69,35,
4,44013157,528,193,
4,44013181,91,12,
4,44013201,41,7,29
4,44013205,6,1,
4,44013240,3,0,
4,44013266,54,8,
4,44013276,16,9,
4,44013322,3,1,
4,44013387,54,11,
4,44013405,14,14,
4,44013470,29,10,
4,44013517,58,23,
4,44013525,9,1,
4,44013671,66,20,
4,44013674,5,0,
4,44013781,3,1,
4,44013868,5,0,
4,44013913,228,153,
4,44013933,88,3,
4,44013956,18,7,
4,44014011,22,1,
4,44014024,12,2,
4,44014046,330,67,
4,44014106,20,7,
4,44014272,5,2,
4,44014323,3,0,
4,44014330,3,0,
4,44014343,29,0,
4,44014384,55,55,
4,44014535,12,0,
4,44014587,217,50,
4,44014661,28,0,
4,44014808,463,206,
4,44014847,7,2,
4,44014939,7,0,
4,44015144,330,242,
4,44015162,18,2,
4,44015367,251,70,
4,44015407,10,0,
4,44015486,9,5,
4,44015557,33,6,
4,44015614,18,2,
4,44015649,138,82,
4,44015657,99,44,
4,44015748,7,0,
4,44015872,238,128,
4,44015880,6,0,
4,44015904,12,1,
4,44015907,12,0,
4,44016037,377,44,27
4,44016059,4,0,
4,44016177,12,0,
4,44016265,45,3,
4,44016273,20,1,
4,44016289,43,16,
4,44016325,26,4,
4,44016329,26,13,
4,44016336,181,61,
4,44016416,5,0,
4,44016530,107,48,
4,44016564,127,16,
4,44016621,136,113,
4,44016646,10,0,
4,44016914,12,0,
4,44016946,26,7,
4,44017056,86,16,
4,44017095,11,1,
4,44017098,21,6,
4,44017126,5,0,
4,44017317,20,4,
4,44017472,19,3,
4,44017547,7,1,
4,44017560,3,0,
4,44017592,110,41,
4,44017682,57,4,
4,44017692,147,44,
4,44017832,34,29,
4,44017907,9,2,
4,44017913,330,198,
4,44018095,7,1,
4,44018283,63,26,
4,44018301,185,112,
4,44018319,27,12,
4,44018386,79,57,
4,44018400,60,43,
4,44018479,11,6,
4,44018662,41,4,
4,44018741,79,11,
4,44018745,10,1,
4,44018857,11,5,
4,44018886,130,99,
4,44019042,20,1,
4,44019104,4,1,
4,44019143,12,4,
4,44019193,12,14,
4,44019386,139,76,
4,44019791,13,6,
4,44019917,6,0,
4,44020019,54,10,
4,44020050,17,11,
4,44020129,11,1,
4,44020158,13,4,
4,44020240,17,3,
4,44020293,13,2,
4,44020295,30,6,
4,44020315,80,3,
4,44020469,26,4,
4,44020574,54,21,
4,44020591,776,437,3
4,44020626,134,58,
4,44020734,175,68,28
4,44020782,6,3,
4,44020832,7,1,
4,44020914,46,21,
4,44020975,59,58,
4,44021028,126,37,
4,44021191,61,20,
4,44021607,6,1,
4,44021644,28,4,
4,44021758,4,0,
4,44021792,136,92,
4,44021824,156,77,
4,44021883,53,8,
4,44021885,10,3,
4,44022136,35,54,
4,44022215,100,123,
4,44022225,190,16,12
4,44022233,61,16,
4,44022265,89,7,23
4,44022272,13,1,
4,44022352,9,0,
4,44022353,302,95,7
4,44022448,285,299,5
4,44022484,55,17,26
4,44022529,16,1,
4,44022575,15,3,
4,44022677,36,22,
4,44022758,220,91,8
4,44022781,35,12,
4,44022799,12,7,
4,44022859,7,2,
4,44023081,11,4,
4,44023144,153,69,9
4,44023183,17,5,
4,44023379,15,3,
4,44023400,5,1,
4,44023423,103,56,20
4,44023471,25,9,
4,44023596,4,1,
4,44023663,49,63,
4,44023680,73,39,17
4,44023700,5,0,
4,44024055,59,7,18
4,44024173,60,50,16
4,44024242,3,0,
4,44024287,17,9,
4,44024322,13,4,
4,44024393,7,1,
4,44024449,48,42,
4,44024503,21,17,
4,44024527,15,2,
4,44024548,10,1,
4,44024605,6,3,
4,44024687,19,3,
4,44024718,3,0,
4,44024756,4,0,
4,44024759,332,76,6
4,44024784,93,33,
4,44024842,36,13,
4,44024843,54,67,
4,44024867,3,1,
4,44024919,48,28,
4,44024927,4,3,
4,44024987,5,0,
4,44025022,69,75,
4,44025127,59,65,
4,44025145,3,0,
4,44025263,6,4,
4,44025299,4,0,
4,44025324,50,20,24
4,44025380,5,0,
4,44025391,8,1,
4,44025439,74,8,2
4,44025484,17,5,17
4,44025610,4,0,
4,44025619,8,4,
4,44025851,18,4,
4,44026018,5,0,
4,44026170,9,1,9
4,44026182,3,0,
4,44026201,20,6,3
4,44026202,36,11,13
4,44026237,7,3,
4,44026367,4,1,
5,43964505,135,80,
5,43964827,194,38,
5,43964896,80,27,
5,43964937,564,307,
5,43965608,173,163,
5,43966089,376,251,
5,43966471,91,32,
5,43966694,185,46,
5,43966843,164,148,
5,43967405,59,7,
5,43967962,122,10,
5,43968141,169,39,
5,43968693,76,55,
5,43968897,367,74,
5,43969442,123,32,
5,43969827,851,461,
5,43970057,92,36,
5,43970363,90,60,
5,43970509,72,9,
5,43970637,121,64,
5,43970710,32,20,
5,43970768,62,16,
5,43970800,212,210,
5,43970837,564,350,
5,43970953,56,23,
5,43971068,113,70,
5,43971149,76,15,
5,43971177,294,142,
5,43971185,26,3,
5,43971314,95,29,
5,43971442,55,40,
5,43971464,840,808,
5,43971515,439,701,
5,43971616,306,164,
5,43971620,311,105,
5,43971678,21,4,
5,43971685,66,17,
5,43971688,144,77,
5,43971716,415,259,
5,43971754,15,1,
5,43971791,119,109,
5,43971853,684,139,
5,43971941,78,32,
5,43971944,30,15,
5,43972004,105,67,
5,43972083,34,1,
5,43972154,30,5,
5,43972334,207,92,
5,43972425,215,120,
5,43972449,68,26,
5,43972485,211,77,
5,43972535,346,212,
5,43972669,168,59,
5,43972757,77,182,
5,43972927,74,11,
5,43973167,48,4,
5,43973395,444,413,
5,43973502,40,11,
5,43973677,71,7,
5,43973721,354,200,
5,43973887,11,0,
5,43973964,31,6,
5,43974005,194,81,
5,43974026,52,24,
5,43974344,45,22,
5,43974461,153,65,
5,43974599,27,3,
5,43974872,129,59,
5,43974891,419,212,
5,43975143,57,6,
5,43975352,351,546,
5,43975404,69,10,
5,43975423,236,107,
5,43975782,107,18,
5,43976274,85,18,
5,43976504,89,12,
5,43976557,242,547,
5,43976700,9,1,
5,43976886,16,1,
5,43976895,180,37,
5,43977147,104,28,
5,43977515,46,10,
5,43977539,11,2,
5,43977648,18,2,
5,43977821,9,4,
5,43977896,48,18,
5,43977901,17,15,
5,43978155,39,17,
5,43978357,256,126,
5,43978435,453,393,
5,43978476,75,16,
5,43979063,175,71,
5,43979322,23,1,
5,43979546,33,17,
5,43979916,138,30,
5,43980036,283,358,
5,43980760,450,60,
5,43980845,492,353,
5,43981170,410,166,
5,43981198,87,287,
5,43981680,309,121,
5,43981861,22,3,
5,43981971,144,52,
5,43982238,117,105,
5,43982495,102,93,
5,43982777,386,224,
5,43982784,89,71,
5,43982892,93,44,
5,43983159,274,261,
5,43983196,94,59,
5,43983201,66,41,
5,43983455,119,124,
5,43983627,49,6,
5,43983871,796,336,
5,43983928,117,205,
5,43984097,185,44,
5,43984275,149,81,
5,43984297,406,313,
5,43984770,123,34,
5,43984860,146,83,
5,43985489,1019,264,
5,43985513,944,356,
5,43985527,51,22,
5,43985624,159,52,
5,43985861,181,424,
5,43985971,399,144,
5,43985994,46,33,
5,43986229,14,3,
5,43986424,182,143,
5,43986821,60,44,
5,43986833,92,50,
5,43987367,97,30,
5,43987814,41,5,
5,43987852,33,6,
5,43988070,31,6,
5,43988116,36,6,
5,43988315,204,227,
5,43988381,223,51,
5,43988518,17,1,
5,43988533,176,172,
5,43988753,46,7,
5,43988975,49,22,
5,43989497,240,272,
5,43990262,46,4,
5,43990515,26,28,
5,43991091,102,25,
5,43991185,64,7,
5,43991221,111,39,
5,43991256,370,254,
5,43991396,722,266,
5,43991500,32,2,
5,43991554,22,27,
5,43991962,76,82,
5,43992100,70,11,
5,43992242,32,0,
5,43993374,18,7,
5,43993707,162,128,
5,43993711,332,283,
5,43993897,114,73,
5,43993982,50,87,
5,43994190,82,42,
5,43994306,90,47,
5,43994333,155,46,
5,43994486,36,12,
5,43994765,373,366,
5,43994791,24,3,
5,43994827,143,51,
5,43994987,176,52,
5,43995005,260,47,
5,43995067,126,59,1
5,43995094,18,8,
5,43995122,42,41,
5,43995144,78,6,
5,43995302,184,111,
5,43995501,74,9,
5,43995700,13,5,
5,43995767,23,2,
5,43996031,55,16,
5,43996071,75,62,
5,43996226,23,0,
5,43996243,44,14,
5,43996251,115,98,
5,43996307,414,492,
5,43996419,65,70,
5,43996431,482,205,
5,43996555,143,100,
5,43996597,24,19,
5,43996601,28,1,
5,43996770,14,3,15
5,43996796,37,7,
5,43997071,30,18,
5,43997135,139,27,
5,43997286,58,29,
5,43997467,44,13,
5,43997636,1227,520,
5,43997728,71,129,
5,43997812,82,37,
5,43997830,193,143,
5,43997932,125,87,
5,43998008,90,79,
5,43998049,189,60,
5,43998115,140,37,
5,43998341,28,14,
5,43998423,94,31,
5,43998472,439,317,
5,43998485,21,9,
5,43998707,170,23,
5,43998945,36,2,
5,43999380,13,1,
5,43999439,10,0,
5,43999492,187,248,
5,43999748,424,162,
5,43999897,190,23,24
5,43999919,28,0,
5,44000700,339,86,
5,44000724,99,54,
5,44000759,226,167,
5,44000778,10,4,
5,44001087,350,83,
5,44001391,92,23,
5,44001734,47,8,
5,44001765,197,472,
5,44001803,12,0,
5,44002333,338,309,
5,44002422,9,2,
5,44002639,37,1,
5,44002694,18,1,
5,44003184,29,14,
5,44003347,77,38,
5,44003445,287,284,
5,44003447,121,15,
5,44003449,117,112,
5,44003700,356,217,
5,44003741,196,68,
5,44003778,4,0,
5,44003928,28,2,27
5,44004224,39,23,
5,44004388,507,189,
5,44004625,274,119,
5,44004827,85,35,
5,44005008,243,404,
5,44005110,109,85,
5,44005195,161,35,
5,44005413,12,3,
5,44005668,114,34,
5,44005692,61,17,14
5,44005899,58,25,
5,44006231,243,101,
5,44006345,499,426,
5,44006381,250,446,
5,44006426,376,197,
5,44006735,75,31,
5,44006824,194,60,
5,44007065,68,22,
5,44007652,6,0,
5,44007714,51,11,
5,44007854,33,7,
5,44008005,34,6,
5,44008412,74,43,
5,44008449,3,0,
5,44008597,12,0,
5,44008843,670,423,
5,44009185,63,11,21
5,44009321,270,40,
5,44009464,192,42,
5,44009521,3,0,
5,44009562,4,0,
5,44009574,4,1,
5,44009621,41,12,
5,44009689,22,4,
5,44009731,4,0,
5,44009848,483,343,
5,44009894,68,8,
5,44009999,309,333,
5,44010007,23,19,
5,44010096,24,0,5
5,44010659,29,6,
5,44010684,14,0,10
5,44010694,23,3,
5,44010705,113,144,
5,44010922,68,22,
5,44010927,7,0,
5,44011139,37,4,
5,44011232,12,0,
5,44011254,79,23,
5,44011381,186,209,
5,44011489,191,33,
5,44011515,192,61,
5,44011569,31,10,
5,44011645,20,10,
5,44011654,114,89,
5,44011711,5,0,
5,44011757,14,7,
5,44012074,46,13,
5,44012219,5,0,
5,44012227,321,224,
5,44012247,46,20,
5,44012283,9,0,
5,44012418,9,0,
5,44012495,13,5,
5,44012538,14,0,18
5,44012549,13,5,
5,44012615,183,62,
5,44012729,107,4,
5,44012838,16,1,
5,44012846,3,0,
5,44013000,3,0,
5,44013046,38,7,
5,44013069,11,1,
5,44013122,18,4,
5,44013154,69,35,
5,44013157,530,193,
5,44013181,92,12,
5,44013201,42,7,
5,44013205,6,1,
5,44013240,3,0,
5,44013266,54,8,
5,44013276,16,9,
5,44013322,4,1,
5,44013387,54,11,
5,44013405,14,14,
5,44013470,31,10,
5,44013517,58,23,
5,44013525,9,1,
5,44013671,66,20,
5,44013674,5,0,
5,44013781,3,1,
5,44013868,6,0,
5,44013913,229,153,
5,44013933,88,3,
5,44013956,18,7,
5,44014011,22,1,
5,44014024,12,2,
5,44014046,330,67,
5,44014106,20,7,
5,44014272,5,2,
5,44014323,3,0,
5,44014330,3,0,
5,44014343,29,0,
5,44014384,55,55,
5,44014535,12,0,
5,44014587,217,50,
5,44014661,28,0,
5,44014808,464,206,
5,44015144,331,242,
5,44015162,18,2,
5,44015367,252,70,
5,44015407,10,0,
5,44015486,9,5,
5,44015557,33,6,
5,44015614,18,2,
5,44015649,138,82,
5,44015657,99,44,
5,44015748,7,0,
5,44015872,238,130,
5,44015880,7,0,
5,44015904,12,1,
5,44015907,12,0,
5,44016037,379,44,29
5,44016059,4,0,
5,44016177,12,0,
5,44016265,45,3,
5,44016273,20,1,
5,44016289,44,16,
5,44016325,26,4,
5,44016329,26,13,
5,44016336,181,61,
5,44016416,5,0,
5,44016530,107,48,
5,44016564,127,16,
5,44016621,136,113,
5,44016646,10,0,
5,44016914,12,0,
5,44016946,26,7,
5,44017056,86,16,
5,44017095,11,1,
5,44017098,22,6,
5,44017317,20,4,
5,44017472,19,3,
5,44017547,7,1,
5,44017560,3,0,
5,44017592,110,41,
5,44017682,57,4,
5,44017692,147,44,
5,44017832,34,29,
5,44017907,9,2,
5,44017913,332,202,
5,44018095,7,1,
5,44018283,63,26,
5,44018301,185,113,
5,44018319,27,12,
5,44018386,79,57,
5,44018400,60,43,
5,44018479,11,6,
5,44018662,41,4,
5,44018741,79,11,
5,44018745,10,1,
5,44018857,11,5,
5,44018886,130,100,
5,44019042,20,1,
5,44019104,4,1,
5,44019143,12,4,
5,44019193,14,14,
5,44019386,139,76,
5,44019791,13,6,
5,44019917,6,0,
5,44020019,54,10,
5,44020050,18,11,
5,44020129,11,1,
5,44020240,17,3,
5,44020293,13,2,
5,44020295,30,6,
5,44020315,80,3,
5,44020469,26,4,
5,44020574,54,21,
5,44020591,796,439,4
5,44020626,136,58,
5,44020734,178,70,30
5,44020782,6,3,
5,44020832,7,1,
5,44020914,46,21,
5,44020975,61,58,
5,44021028,127,38,
5,44021191,62,20,
5,44021607,6,1,
5,44021644,28,4,
5,44021758,4,0,
5,44021792,136,92,
5,44021824,158,79,
5,44021883,53,10,
5,44021885,10,3,
5,44022136,35,54,
5,44022215,107,135,25
5,44022225,200,17,13
5,44022233,61,16,
5,44022265,92,8,24
5,44022272,13,1,
5,44022352,9,0,
5,44022353,313,95,8
5,44022448,296,306,6
5,44022484,58,18,26
5,44022529,16,1,
5,44022575,15,3,
5,44022677,36,22,
5,44022758,229,92,10
5,44022781,35,12,
5,44022799,12,7,
5,44022859,8,2,
5,44023081,11,4,
5,44023144,164,74,11
5,44023183,17,5,
5,44023379,15,3,
5,44023400,5,1,
5,44023423,108,58,21
5,44023471,25,9,
5,44023596,4,1,
5,44023663,49,63,
5,44023680,80,40,19
5,44023700,5,0,
5,44024055,65,7,20
5,44024173,68,52,18
5,44024242,3,0,
5,44024287,17,9,
5,44024322,13,4,
5,44024393,9,1,
5,44024449,49,45,
5,44024503,21,17,
5,44024527,15,2,
5,44024548,10,1,
5,44024605,7,3,
5,44024687,19,3,
5,44024718,5,0,
5,44024756,4,0,
5,44024759,355,78,9
5,44024784,99,38,
5,44024842,39,15,
5,44024843,55,70,
5,44024867,3,1,
5,44024896,5,2,
5,44024919,50,28,
5,44024927,4,3,
5,44024987,6,0,
5,44025022,70,75,
5,44025127,59,65,
5,44025145,3,0,
5,44025263,6,5,
5,44025299,4,0,
5,44025324,60,26,28
5,44025380,5,0,
5,44025391,9,1,
5,44025439,91,14,3
5,44025484,23,9,16
5,44025610,4,0,
5,44025619,9,4,
5,44025851,22,4,
5,44026018,8,0,
5,44026170,19,3,7
5,44026182,4,0,
5,44026201,37,19,2
5,44026202,44,26,13
5,44026237,7,4,
5,44026294,6,3,
5,44026367,7,1,
5,44026414,7,3,15
5,44026638,4,0,
6,43964505,135,80,
6,43964827,194,38,
6,43964896,80,27,
6,43964937,565,307,
6,43965608,173,163,
6,43966089,376,251,
6,43966471,91,32,
6,43966694,185,46,
6,43966843,164,148,
6,43967405,59,7,
6,43967962,122,10,
6,43968141,169,39,
6,43968693,76,55,
6,43968897,367,74,
6,43969442,123,32,
6,43969827,851,461,
6,43970057,92,36,
6,43970363,90,60,
6,43970509,72,9,
6,43970637,121,64,
6,43970710,32,20,
6,43970768,62,16,
6,43970800,212,210,
6,43970837,564,350,
6,43970953,56,23,
6,43971068,113,70,
6,43971149,76,15,
6,43971177,294,142,
6,43971184,18,2,
6,43971185,26,3,
6,43971314,95,29,
6,43971442,55,40,
6,43971464,841,809,
6,43971515,439,701,
6,43971616,306,164,
6,43971620,311,105,
6,43971678,21,4,
6,43971685,66,17,
6,43971688,144,77,
6,43971716,415,259,
6,43971754,15,1,
6,43971791,119,109,
6,43971853,684,139,
6,43971941,78,32,
6,43971944,30,15,
6,43972004,105,67,
6,43972083,34,1,
6,43972154,30,5,
6,43972334,207,93,
6,43972425,215,120,
6,43972449,68,26,
6,43972485,211,78,
6,43972535,346,212,
6,43972669,168,59,
6,43972757,77,182,
6,43972927,74,11,
6,43973167,48,4,
6,43973395,444,413,
6,43973502,40,11,
6,43973677,71,7,
6,43973721,354,200,
6,43973887,11,0,
6,43973964,31,6,
6,43974005,194,81,
6,43974026,52,24,
6,43974344,45,22,
6,43974461,153,65,
6,43974599,27,3,
6,43974872,130,59,
6,43974891,419,212,
6,43975143,57,6,
6,43975352,351,546,
6,43975404,69,10,
6,43975423,236,107,
6,43975782,107,18,
6,43976274,85,18,
6,43976504,89,12,
6,43976557,242,547,
6,43976700,9,1,
6,43976886,16,1,
6,43976895,180,37,
6,43977147,104,28,
6,43977515,46,10,
6,43977539,11,2,
6,43977648,18,2,
6,43977821,9,4,
6,43977896,48,18,
6,43977901,17,15,
6,43978155,39,17,
6,43978357,256,126,
6,43978435,453,393,
6,43978476,75,16,
6,43979063,175,71,
6,43979322,23,1,
6,43979546,33,17,
6,43979916,138,30,
6,43980036,283,358,
6,43980760,450,60,
6,43980845,492,353,
6,43981170,410,166,
6,43981198,87,287,
6,43981680,309,121,
6,43981861,22,3,
6,43981971,144,52,
6,43982238,117,105,
6,43982495,103,93,
6,43982777,386,224,
6,43982784,89,71,
6,43982892,93,44,
6,43983159,274,261,
6,43983196,94,59,
6,43983201,66,42,
6,43983455,119,124,
6,43983627,49,6,
6,43983871,796,336,
6,43983928,117,205,
6,43984097,185,44,
6,43984275,149,81,
6,43984297,406,313,
6,43984770,123,34,
6,43984860,146,83,
6,43985489,1021,264,
6,43985513,948,357,
6,43985527,51,22,
6,43985624,159,52,
6,43985861,181,424,
6,43985971,399,144,
6,43985994,46,33,
6,43986229,14,3,
6,43986424,182,143,
6,43986821,60,44,
6,43986833,92,50,
6,43987367,98,30,
6,43987814,41,5,
6,43987852,33,6,
6,43988070,31,6,
6,43988116,36,6,
6,43988315,204,227,
6,43988381,223,51,
6,43988518,17,1,
6,43988533,176,172,
6,43988753,46,7,
6,43988975,49,22,
6,43989497,240,272,
6,43990262,46,4,
6,43990515,26,28,
6,43991091,102,25,
6,43991185,64,7,
6,43991221,112,39,
6,43991256,370,254,
6,43991396,722,266,
6,43991500,32,2,
6,43991554,22,27,
6,43991962,76,82,
6,43992100,70,11,
6,43992242,32,0,
6,43993311,9,0,9
6,43993374,18,7,
6,43993707,162,128,
6,43993711,332,283,
6,43993897,114,73,
6,43993982,51,87,
6,43994190,82,42,
6,43994306,90,47,
6,43994333,155,46,
6,43994486,36,12,
6,43994765,373,366,
6,43994791,24,3,
6,43994827,143,51,
6,43994987,176,52,
6,43995005,260,47,
6,43995067,144,70,1
6,43995094,18,8,
6,43995122,42,41,
6,43995144,78,6,
6,43995302,184,111,
6,43995501,74,9,
6,43995700,13,5,
6,43995767,23,2,
6,43996031,55,16,
6,43996071,75,62,
6,43996226,23,0,
6,43996243,44,14,
6,43996251,115,98,
6,43996307,414,492,
6,43996419,65,70,
6,43996431,482,205,
6,43996555,143,100,
6,43996597,24,19,
6,43996601,28,1,
6,43996770,17,5,18
6,43996796,37,7,
6,43997071,30,18,
6,43997135,140,27,
6,43997286,58,29,
6,43997467,44,13,
6,43997636,1227,522,
6,43997728,71,129,
6,43997812,82,37,
6,43997830,193,143,
6,43997932,125,87,
6,43998008,90,79,
6,43998049,189,61,
6,43998115,140,37,
6,43998341,28,14,
6,43998423,94,31,
6,43998472,439,317,
6,43998485,21,9,
6,43998707,170,23,
6,43998945,36,2,
6,43999380,13,1,
6,43999439,10,0,
6,43999492,187,248,
6,43999748,425,163,
6,43999897,193,23,25
6,43999919,28,0,
6,44000700,340,86,
6,44000724,99,54,
6,44000759,226,167,
6,44000778,10,4,
6,44001087,350,83,
6,44001391,92,23,
6,44001734,47,8,
6,44001765,197,472,
6,44001803,12,0,
6,44002333,338,312,
6,44002422,9,2,
6,44002639,38,1,
6,44002694,18,1,
6,44003184,29,14,
6,44003347,77,38,
6,44003445,287,284,
6,44003447,121,15,
6,44003449,117,112,
6,44003700,356,217,
6,44003741,196,68,
6,44003778,4,0,
6,44003928,28,2,
6,44004224,39,23,
6,44004388,507,189,
6,44004625,274,119,
6,44004827,85,35,
6,44005008,243,404,
6,44005110,109,85,
6,44005195,161,35,
6,44005413,12,3,
6,44005668,114,34,
6,44005692,62,21,17
6,44005899,58,25,
6,44006231,243,101,
6,44006345,499,426,
6,44006381,250,446,
6,44006426,376,197,
6,44006735,75,31,
6,44006824,194,60,
6,44007065,68,22,
6,44007652,6,0,
6,44007714,51,11,
6,44007854,33,7,
6,44008005,34,6,
6,44008412,74,43,
6,44008449,3,0,
6,44008597,12,0,
6,44008843,672,424,
6,44009185,68,11,21
6,44009321,270,40,
6,44009464,192,42,
6,44009521,3,0,
6,44009562,4,0,
6,44009574,4,1,
6,44009621,41,12,
6,44009689,22,4,
6,44009731,4,0,
6,44009848,483,344,
6,44009894,68,8,
6,44009999,310,333,
6,44010007,23,19,
6,44010096,25,0,6
6,44010659,29,6,
6,44010684,16,0,14
6,44010694,23,3,
6,44010705,113,144,
6,44010922,68,22,
6,44010927,7,0,
6,44011139,37,4,
6,44011232,15,0,
6,44011254,79,23,
6,44011381,186,209,
6,44011489,191,33,
6,44011515,192,61,
6,44011569,31,10,
6,44011645,20,10,
6,44011654,114,91,
6,44011711,6,0,
6,44011757,14,7,
6,44012074,46,13,
6,44012219,5,0,
6,44012227,321,224,
6,44012247,46,20,
6,44012283,9,0,
6,44012418,9,0,
6,44012495,13,5,
6,44012538,16,0,24
6,44012549,13,5,
6,44012615,183,62,
6,44012729,107,4,
6,44012838,16,1,
6,44012846,3,0,
6,44013000,3,0,
6,44013046,38,7,
6,44013069,11,1,
6,44013122,18,4,
6,44013154,69,35,
6,44013157,531,193,
6,44013181,92,12,
6,44013201,43,7,
6,44013205,6,1,
6,44013240,3,0,
6,44013266,54,8,
6,44013276,16,9,
6,44013322,4,1,
6,44013387,54,11,
6,44013405,14,14,
6,44013470,31,10,
6,44013517,58,23,
6,44013525,9,1,
6,44013671,66,20,
6,44013674,5,0,
6,44013781,3,1,
6,44013868,6,0,
6,44013913,230,153,
6,44013933,88,3,
6,44013956,18,7,
6,44014011,22,1,
6,44014024,12,2,
6,44014046,332,68,
6,44014272,5,2,
6,44014323,3,0,
6,44014330,3,0,
6,44014343,29,0,
6,44014384,55,56,
6,44014535,12,0,
6,44014587,218,50,
6,44014661,28,0,
6,44014808,464,206,
6,44015144,331,242,
6,44015162,18,2,
6,44015367,253,71,
6,44015407,10,0,
6,44015486,9,5,
6,44015557,33,6,
6,44015614,18,2,
6,44015649,138,82,
6,44015657,99,44,
6,44015748,7,0,
6,44015872,238,130,
6,44015880,7,0,
6,44015904,12,1,
6,44015907,12,0,
6,44016037,389,44,27
6,44016059,4,0,
6,44016177,12,0,
6,44016265,45,3,
6,44016273,20,1,
6,44016289,45,16,
6,44016325,26,4,
6,44016329,26,13,
6,44016336,181,61,
6,44016416,5,0,
6,44016530,107,49,
6,44016564,128,16,
6,44016621,137,113,
6,44016646,10,0,
6,44016914,12,0,
6,44016946,26,7,
6,44017056,86,16,
6,44017095,11,1,
6,44017098,22,6,
6,44017317,20,4,
6,44017472,19,3,
6,44017547,7,1,
6,44017560,3,0,
6,44017592,110,41,
6,44017682,57,4,
6,44017692,147,44,
6,44017832,34,29,
6,44017907,9,2,
6,44017913,332,202,
6,44018095,8,2,
6,44018283,63,26,
6,44018301,185,114,
6,44018319,28,12,
6,44018386,79,57,
6,44018400,60,43,
6,44018479,11,6,
6,44018662,42,4,
6,44018741,79,11,
6,44018857,11,5,
6,44018886,130,101,
6,44019042,20,1,
6,44019104,4,1,
6,44019143,12,4,
6,44019193,14,14,
6,44019386,140,76,
6,44019791,13,6,
6,44019917,6,0,
6,44020019,54,10,
6,44020050,19,11,
6,44020129,11,1,
6,44020240,17,3,
6,44020293,13,2,
6,44020295,30,6,
6,44020315,80,3,
6,44020469,26,4,
6,44020574,56,21,
6,44020591,825,441,4
6,44020626,137,58,
6,44020734,183,73,30
6,44020782,6,3,
6,44020832,7,1,
6,44020914,46,21,
6,44020975,62,59,
6,44021028,128,38,
6,44021191,64,20,
6,44021607,6,1,
6,44021644,28,4,
6,44021758,4,0,
6,44021792,136,93,
6,44021824,161,79,
6,44021883,54,13,
6,44021885,10,3,
6,44022136,35,56,
6,44022215,123,164,24
6,44022225,210,19,15
6,44022233,61,16,
6,44022265,92,8,27
6,44022272,14,1,
6,44022352,9,0,
6,44022353,320,97,8
6,44022448,310,324,6
6,44022484,62,18,28
6,44022529,16,1,
6,44022575,15,3,
6,44022677,36,22,
6,44022758,240,103,11
6,44022781,35,12,
6,44022799,12,7,
6,44022859,8,2,
6,44023081,11,4,
6,44023144,170,92,12
6,44023183,17,5,
6,44023379,15,3,
6,44023400,5,1,
6,44023423,110,58,23
6,44023471,25,9,
6,44023596,4,1,
6,44023663,49,63,
6,44023680,84,41,19
6,44023700,5,0,
6,44024055,65,7,21
6,44024173,74,55,18
6,44024242,3,0,
6,44024287,17,9,
6,44024322,13,4,
6,44024393,9,2,
6,44024449,49,45,
6,44024503,22,17,
6,44024548,10,1,
6,44024605,7,3,
6,44024687,19,3,
6,44024718,5,0,
6,44024756,5,0,
6,44024759,379,84,10
6,44024784,101,41,
6,44024842,41,17,
6,44024843,55,70,
6,44024867,3,2,
6,44024896,6,2,
6,44024919,51,30,
6,44024987,6,0,
6,44025022,70,78,
6,44025127,60,65,
6,44025263,6,5,
6,44025299,4,0,
6,44025324,69,29,30
6,44025380,5,0,
6,44025391,9,1,
6,44025439,103,14,4
6,44025484,38,22,12
6,44025610,4,0,
6,44025619,9,4,
6,44026018,11,0,
6,44026170,33,10,6
6,44026182,4,0,
6,44026201,46,34,2
6,44026202,45,32,
6,44026237,7,4,
6,44026294,7,3,
6,44026367,8,1,
6,44026414,13,8,10
6,44026531,5,2,
6,44026638,5,0,
6,44026799,31,5,1
7,43964505,135,80,
7,43964827,194,38,
7,43964896,80,27,
7,43964937,565,307,
7,43965608,173,163,
7,43966089,376,251,
7,43966471,91,32,
7,43966694,185,46,
7,43966843,164,148,
7,43967405,59,7,
7,43967962,122,10,
7,43968141,169,39,
7,43968693,76,55,
7,43968713,92,65,
7,43968897,367,74,
7,43969442,123,32,
7,43969827,852,461,
7,43970057,92,36,
7,43970363,90,60,
7,43970509,72,9,
7,43970637,121,64,
7,43970710,32,20,
7,43970768,62,16,
7,43970800,212,210,
7,43970837,565,350,
7,43970953,56,23,
7,43971068,113,70,
7,43971149,76,15,
7,43971177,295,142,
7,43971184,18,2,
7,43971185,26,3,
7,43971314,95,29,
7,43971442,55,40,
7,43971464,841,809,
7,43971515,439,702,
7,43971616,306,164,
7,43971620,311,105,
7,43971678,21,4,
7,43971685,66,17,
7,43971688,144,77,
7,43971716,415,259,
7,43971754,15,1,
7,43971791,119,109,
7,43971853,684,139,
7,43971941,78,32,
7,43971944,30,15,
7,43972004,105,67,
7,43972083,34,1,
7,43972154,30,5,
7,43972334,207,93,
7,43972425,215,120,
7,43972449,68,26,
7,43972485,211,79,
7,43972535,346,212,
7,43972669,169,59,
7,43972757,77,182,
7,43972927,74,11,
7,43973167,48,4,
7,43973395,444,413,
7,43973502,40,11,
7,43973677,71,8,
7,43973721,354,200,
7,43973887,11,0,
7,43973964,31,6,
7,43974005,194,81,
7,43974026,52,24,
7,43974344,45,22,
7,43974461,153,65,
7,43974599,27,3,
7,43974872,130,59,
7,43974891,420,212,
7,43975143,57,6,
7,43975352,351,547,
7,43975404,69,10,
7,43975423,236,107,
7,43975782,107,18,
7,43976274,85,18,
7,43976504,89,12,
7,43976557,242,547,
7,43976700,9,1,
7,43976886,16,1,
7,43976895,180,37,
7,43977147,104,28,
7,43977515,46,10,
7,43977539,11,2,
7,43977648,18,2,
7,43977821,9,4,
7,43977896,48,18,
7,43977901,17,15,
7,43978155,39,17,
7,43978357,256,126,
7,43978435,454,394,
7,43978476,75,16,
7,43979063,175,71,
7,43979322,23,1,
7,43979546,33,17,
7,43979916,138,30,
7,43980036,283,358,
7,43980760,452,60,
7,43980845,493,353,
7,43981170,410,166,
7,43981198,87,289,
7,43981680,309,121,
7,43981861,22,3,
7,43981971,144,52,
7,43982238,117,106,
7,43982495,103,93,
7,43982777,386,224,
7,43982784,89,71,
7,43982892,93,44,
7,43983159,274,261,
7,43983196,95,59,
7,43983201,66,42,
7,43983455,119,124,
7,43983627,49,6,
7,43983871,796,336,
7,43983928,117,205,
7,43984097,185,44,
7,43984275,149,81,
7,43984297,407,313,
7,43984770,124,34,
7,43984860,146,83,
7,43985489,1021,264,
7,43985513,952,359,
7,43985527,51,22,
7,43985624,159,52,
7,43985861,181,424,
7,43985971,399,144,
7,43985994,46,33,
7,43986229,14,4,
7,43986424,182,143,
7,43986821,60,44,
7,43986833,92,50,
7,43987367,98,31,
7,43987814,41,5,
7,43987852,33,6,
7,43988070,31,6,
7,43988116,36,6,
7,43988315,204,227,
7,43988381,223,51,
7,43988518,17,1,
7,43988533,176,172,
7,43988753,46,7,
7,43988975,50,23,
7,43989497,240,272,
7,43990262,47,4,
7,43990515,26,28,
7,43991091,102,28,
7,43991185,65,7,
7,43991221,112,41,
7,43991256,370,254,
7,43991396,722,266,
7,43991500,32,2,
7,43991554,22,27,
7,43991962,76,83,
7,43992100,70,11,
7,43992242,32,0,
7,43993311,21,0,9
7,43993374,18,7,
7,43993707,162,129,
7,43993711,332,284,
7,43993897,114,73,
7,43993982,52,89,
7,43994190,83,42,
7,43994306,90,47,
7,43994333,155,46,
7,43994486,36,12,
7,43994765,373,366,
7,43994791,24,3,
7,43994827,143,51,
7,43994987,176,52,
7,43995005,260,47,
7,43995067,163,75,2
7,43995094,18,8,
7,43995122,42,41,
7,43995144,78,6,
7,43995302,184,111,
7,43995501,74,9,
7,43995700,13,5,
7,43995767,23,2,
7,43996031,55,16,
7,43996071,75,62,
7,43996226,23,0,
7,43996243,44,14,
7,43996251,115,98,
7,43996307,415,494,
7,43996419,65,70,
7,43996431,482,205,
7,43996555,143,100,
7,43996597,24,19,
7,43996601,28,1,
7,43996770,18,6,21
7,43996796,37,7,
7,43997071,30,18,
7,43997135,140,27,
7,43997286,58,29,
7,43997467,44,13,
7,43997636,1227,522,
7,43997728,71,129,
7,43997812,82,37,
7,43997830,193,143,
7,43997932,125,88,
7,43998008,90,79,
7,43998049,189,61,
7,43998115,140,37,
7,43998341,28,14,
7,43998423,94,31,
7,43998472,439,317,
7,43998485,21,9,
7,43998707,171,23,
7,43998945,36,2,
7,43999380,13,1,
7,43999439,10,0,
7,43999492,187,248,
7,43999748,426,163,
7,43999897,197,23,27
7,43999919,28,0,
7,44000700,340,86,
7,44000724,99,54,
7,44000759,226,167,
7,44000778,10,4,
7,44001087,350,83,
7,44001391,92,23,
7,44001734,47,8,
7,44001765,197,472,
7,44001803,12,0,
7,44002333,338,312,
7,44002422,9,2,
7,44002639,38,1,
7,44002694,18,1,
7,44003184,29,14,
7,44003347,77,38,
7,44003445,287,284,
7,44003447,121,15,
7,44003449,117,112,
7,44003700,356,217,
7,44003741,196,68,
7,44003778,4,0,
7,44003928,28,2,
7,44004224,39,23,
7,44004388,508,189,
7,44004625,274,119,
7,44004827,85,35,
7,44005008,243,404,
7,44005110,109,85,
7,44005195,161,35,
7,44005413,12,3,
7,44005668,114,34,
7,44005692,67,21,18
7,44005899,58,25,
7,44006231,243,101,
7,44006345,499,426,
7,44006381,250,446,
7,44006426,376,197,
7,44006735,75,31,
7,44006824,194,60,
7,44007065,68,22,
7,44007652,6,0,
7,44007714,51,11,
7,44007854,33,7,
7,44008005,34,6,
7,44008313,3,0,
7,44008412,74,43,
7,44008449,3,0,
7,44008597,12,0,
7,44008843,675,424,
7,44009185,73,12,22
7,44009321,270,40,
7,44009464,192,42,
7,44009521,3,0,
7,44009562,4,0,
7,44009574,4,1,
7,44009621,41,12,
7,44009689,22,4,
7,44009731,4,0,
7,44009848,483,344,
7,44009894,68,8,
7,44009999,310,333,
7,44010007,23,19,
7,44010096,29,0,10
7,44010659,29,6,
7,44010684,17,0,16
7,44010694,23,3,
7,44010705,113,144,
7,44010922,68,22,
7,44010927,7,0,
7,44011139,37,4,
7,44011232,19,2,
7,44011254,79,23,
7,44011381,187,209,
7,44011489,191,33,
7,44011515,192,61,
7,44011569,31,10,
7,44011645,20,10,
7,44011654,115,92,
7,44011711,6,0,
7,44011757,14,7,
7,44012074,46,13,
7,44012219,5,0,
7,44012227,321,224,
7,44012247,47,20,
7,44012283,28,3,4
7,44012418,9,0,
7,44012495,13,5,
7,44012538,16,0,26
7,44012549,13,5,
7,44012615,183,62,
7,44012729,108,4,
7,44012838,16,1,
7,44012846,3,0,
7,44013000,3,0,
7,44013046,38,7,
7,44013069,11,1,
7,44013122,18,4,
7,44013154,69,35,
7,44013157,532,193,
7,44013181,92,12,
7,44013201,44,7,
7,44013205,6,1,
7,44013240,3,0,
7,44013266,54,8,
7,44013276,16,9,
7,44013322,4,1,
7,44013387,54,11,
7,44013405,14,14,
7,44013470,31,10,
7,44013517,58,23,
7,44013525,9,1,
7,44013671,66,20,
7,44013674,5,0,
7,44013781,3,1,
7,44013868,6,0,
7,44013913,230,153,
7,44013933,88,3,
7,44013956,18,7,
7,44014011,22,1,
7,44014024,12,2,
7,44014046,333,68,
7,44014272,5,2,
7,44014323,3,0,
7,44014330,3,0,
7,44014343,29,0,
7,44014384,55,57,
7,44014535,12,0,
7,44014587,218,51,
7,44014661,28,0,
7,44014808,466,207,
7,44015144,333,242,
7,44015162,18,2,
7,44015367,253,71,
7,44015407,10,0,
7,44015486,10,5,
7,44015557,33,6,
7,44015614,18,2,
7,44015649,139,82,
7,44015657,99,44,
7,44015748,7,0,
7,44015872,238,131,
7,44015880,7,0,
7,44015904,12,1,
7,44015907,12,0,
7,44016037,392,44,28
7,44016059,4,0,
7,44016177,12,0,
7,44016265,45,3,
7,44016273,20,1,
7,44016289,45,16,
7,44016325,26,4,
7,44016329,26,13,
7,44016336,182,61,
7,44016416,5,0,
7,44016530,107,50,
7,44016564,128,16,
7,44016621,138,114,
7,44016646,10,0,
7,44016914,12,0,
7,44016946,26,7,
7,44017056,86,16,
7,44017095,11,1,
7,44017098,22,6,
7,44017317,20,4,
7,44017472,19,3,
7,44017547,7,1,
7,44017560,3,0,
7,44017592,111,41,
7,44017682,57,4,
7,44017692,147,44,
7,44017832,34,29,
7,44017907,9,2,
7,44017913,334,203,
7,44018095,8,2,
7,44018283,63,26,
7,44018301,185,114,
7,44018319,28,12,
7,44018386,79,57,
7,44018400,60,43,
7,44018479,11,6,
7,44018662,42,4,
7,44018741,79,11,
7,44018857,11,5,
7,44018886,131,101,
7,44019042,20,1,
7,44019104,4,1,
7,44019143,12,4,
7,44019193,14,14,
7,44019386,141,77,
7,44019791,13,6,
7,44019917,6,0,
7,44020019,54,10,
7,44020050,19,11,
7,44020129,11,1,
7,44020240,17,3,
7,44020293,13,2,
7,44020295,30,6,
7,44020315,82,4,
7,44020469,26,4,
7,44020574,56,21,
7,44020591,847,448,3
7,44020626,138,59,
7,44020734,184,74,
7,44020782,6,3,
7,44020832,32,20,3
7,44020914,46,21,
7,44020975,62,59,
7,44021028,128,38,
7,44021191,65,20,
7,44021607,6,1,
7,44021644,28,5,
7,44021758,4,0,
7,44021792,136,93,
7,44021824,164,82,
7,44021883,54,13,
7,44021885,10,3,
7,44022136,35,56,
7,44022215,140,216,22
7,44022225,215,21,15
7,44022233,61,16,
7,44022265,93,8,30
7,44022272,14,1,
7,44022352,9,0,
7,44022353,329,100,7
7,44022448,321,344,6
7,44022484,64,18,29
7,44022529,16,1,
7,44022575,15,3,
7,44022677,36,22,
7,44022758,249,111,12
7,44022781,36,12,
7,44022799,12,7,
7,44022859,8,2,
7,44023081,11,4,
7,44023144,182,103,17
7,44023183,18,5,
7,44023379,15,3,
7,44023400,5,1,
7,44023423,112,62,24
7,44023471,25,9,
7,44023634,11,1,7
7,44023663,50,64,
7,44023680,90,42,19
7,44023700,5,0,
7,44024055,66,7,23
7,44024173,80,55,19
7,44024242,3,0,
7,44024287,17,9,
7,44024322,14,4,
7,44024393,11,2,
7,44024449,50,45,
7,44024461,5,0,
7,44024503,22,17,
7,44024548,10,1,
7,44024605,7,3,
7,44024687,19,3,
7,44024718,5,0,
7,44024756,6,0,
7,44024759,408,95,11
7,44024784,103,44,
7,44024842,45,21,
7,44024843,57,72,
7,44024867,4,2,
7,44024896,6,2,
7,44024919,52,30,
7,44024987,6,1,
7,44025022,71,80,
7,44025127,61,67,
7,44025263,7,5,
7,44025299,4,0,
7,44025324,73,32,
7,44025380,5,0,
7,44025391,9,1,
7,44025439,116,18,5
7,44025484,49,37,12
7,44025610,4,0,
7,44025619,9,4,
7,44026018,13,1,
7,44026170,44,17,7
7,44026182,4,0,
7,44026201,52,49,3
7,44026202,45,36,
7,44026237,7,4,
7,44026294,9,3,
7,44026367,9,1,
7,44026531,5,3,
7,44026638,5,0,
7,44026722,5,0,
7,44026799,57,13,1
7,44026959,5,0,
7,44027008,6,0,27
8,43964505,135,80,
8,43964827,194,38,
8,43964896,80,27,
8,43964937,565,307,
8,43965608,173,163,
8,43966089,376,251,
8,43966471,91,32,
8,43966694,185,46,
8,43966843,164,148,
8,43967405,59,7,
8,43967962,122,10,
8,43968141,169,39,
8,43968693,76,55,
8,43968713,92,65,
8,43968897,367,74,
8,43969442,123,32,
8,43969827,852,461,
8,43970057,92,36,
8,43970363,90,60,
8,43970509,72,9,
8,43970637,121,64,
8,43970710,32,20,
8,43970768,62,16,
8,43970800,212,210,
8,43970837,565,350,
8,43970953,56,23,
8,43971068,113,70,
8,43971149,76,15,
8,43971177,295,142,
8,43971184,18,2,
8,43971185,26,3,
8,43971314,95,29,
8,43971442,55,40,
8,43971464,841,809,
8,43971515,439,702,
8,43971616,306,164,
8,43971620,311,105,
8,43971678,21,4,
8,43971685,66,17,
8,43971688,144,77,
8,43971716,415,259,
8,43971754,15,1,
8,43971791,119,109,
8,43971853,684,139,
8,43971941,78,32,
8,43971944,30,15,
8,43972004,105,67,
8,43972083,34,1,
8,43972154,30,5,
8,43972334,207,93,
8,43972425,215,120,
8,43972449,68,26,
8,43972485,211,79,
8,43972535,346,212,
8,43972669,169,59,
8,43972757,77,182,
8,43972927,74,11,
8,43973167,48,4,
8,43973395,444,413,
8,43973502,40,11,
8,43973677,71,8,
8,43973721,354,200,
8,43973887,11,0,
8,43973964,31,6,
8,43974005,194,81,
8,43974026,52,24,
8,43974344,45,22,
8,43974461,153,65,
8,43974599,27,3,
8,43974872,130,59,
8,43974891,420,212,
8,43975143,57,6,
8,43975352,351,547,
8,43975404,69,10,
8,43975423,236,107,
8,43975782,107,18,
8,43976274,85,18,
8,43976504,89,12,
8,43976557,242,547,
8,43976700,9,1,
8,43976886,16,1,
8,43976895,180,37,
8,43977147,104,28,
8,43977515,46,10,
8,43977539,11,2,
8,43977648,18,2,
8,43977821,9,4,
8,43977896,48,18,
8,43977901,17,15,
8,43978155,39,17,
8,43978357,256,126,
8,43978435,454,394,
8,43978476,75,16,
8,43979063,175,71,
8,43979322,23,1,
8,43979546,33,17,
8,43979916,138,30,
8,43980036,283,360,
8,43980760,452,60,
8,43980845,493,353,
8,43981170,410,166,
8,43981198,88,291,
8,43981680,309,121,
8,43981861,22,3,
8,43981971,144,52,
8,43982238,117,107,
8,43982495,103,93,
8,43982777,386,224,
8,43982784,89,71,
8,43982892,93,44,
8,43983159,274,261,
8,43983196,95,59,
8,43983201,66,42,
8,43983455,119,124,
8,43983627,49,6,
8,43983871,796,336,
8,43983928,117,205,
8,43984097,185,44,
8,43984275,149,81,
8,43984297,407,313,
8,43984770,124,34,
8,43984860,146,83,
8,43985489,1021,264,
8,43985513,954,360,
8,43985527,51,22,
8,43985624,159,52,
8,43985861,182,424,
8,43985971,399,144,
8,43985994,46,33,
8,43986229,14,4,
8,43986424,182,143,
8,43986821,60,44,
8,43986833,92,50,
8,43987367,98,31,
8,43987814,41,5,
8,43987852,33,6,
8,43988070,31,6,
8,43988116,36,6,
8,43988315,204,227,
8,43988381,223,51,
8,43988518,17,1,
8,43988533,176,172,
8,43988753,46,7,
8,43988975,51,23,
8,43989497,240,272,
8,43990262,47,4,
8,43990515,26,28,
8,43991091,102,28,
8,43991185,65,7,
8,43991221,112,41,
8,43991256,370,254,
8,43991396,722,266,
8,43991500,32,2,
8,43991554,22,27,
8,43991962,76,83,
8,43992100,70,11,
8,43992242,32,0,
8,43993311,28,0,11
8,43993374,18,7,
8,43993707,162,130,
8,43993711,332,284,
8,43993897,114,73,
8,43993982,55,89,
8,43994190,83,42,
8,43994306,90,47,
8,43994333,155,46,
8,43994486,36,12,
8,43994765,373,366,
8,43994791,24,3,
8,43994827,143,51,
8,43994987,176,52,
8,43995005,260,47,
8,43995067,168,82,3
8,43995094,18,8,
8,43995122,42,41,
8,43995144,78,6,
8,43995302,184,111,
8,43995501,75,9,
8,43995700,13,5,
8,43995767,23,2,
8,43996031,55,16,
8,43996071,75,62,
8,43996226,23,0,
8,43996243,44,14,
8,43996251,115,98,
8,43996307,415,494,
8,43996419,65,70,
8,43996422,4,3,19
8,43996431,482,205,
8,43996555,143,100,
8,43996597,24,19,
8,43996601,28,1,
8,43996770,20,8,27
8,43996796,37,7,
8,43997071,30,18,
8,43997135,140,27,
8,43997286,58,29,
8,43997467,44,13,
8,43997636,1227,522,
8,43997728,71,129,
8,43997812,82,37,
8,43997830,193,143,
8,43997932,125,88,
8,43998008,90,79,
8,43998049,189,61,
8,43998115,140,37,
8,43998341,28,14,
8,43998423,94,31,
8,43998472,439,317,
8,43998485,21,9,
8,43998707,171,23,
8,43998945,36,2,
8,43999380,13,1,
8,43999439,10,0,
8,43999492,187,248,
8,43999748,426,163,
8,43999897,201,25,28
8,43999919,28,0,
8,44000700,340,86,
8,44000724,99,54,
8,44000759,226,167,
8,44000778,10,4,
8,44001087,350,83,
8,44001391,92,23,
8,44001734,47,8,
8,44001765,197,472,
8,44001803,12,0,
8,44002333,338,312,
8,44002422,9,2,
8,44002639,38,1,
8,44002694,18,1,
8,44003184,29,14,
8,44003347,77,38,
8,44003445,287,284,
8,44003447,121,15,
8,44003449,117,112,
8,44003700,356,217,
8,44003741,196,68,
8,44003778,4,0,
8,44003928,28,2,
8,44004224,39,23,
8,44004388,508,189,
8,44004625,274,119,
8,44004827,85,35,
8,44005008,243,405,
8,44005110,109,85,
8,44005195,161,35,
8,44005413,12,3,
8,44005668,114,34,
8,44005692,72,21,23
8,44005899,58,25,
8,44006231,243,101,
8,44006345,500,426,
8,44006381,250,446,
8,44006426,376,197,
8,44006735,75,31,
8,44006824,194,60,
8,44007065,68,22,
8,44007652,6,0,
8,44007714,51,11,
8,44007854,33,7,
8,44008005,34,7,
8,44008412,74,43,
8,44008597,12,0,
8,44008843,676,424,
8,44009185,75,13,24
8,44009321,270,40,
8,44009464,192,42,
8,44009521,3,0,
8,44009562,4,0,
8,44009574,4,1,
8,44009621,41,12,
8,44009689,22,4,
8,44009731,4,0,
8,44009848,483,344,
8,44009894,68,8,
8,44009999,310,333,
8,44010007,23,19,
8,44010096,30,0,11
8,44010659,29,6,
8,44010684,19,0,17
8,44010694,23,3,
8,44010705,113,144,
8,44010922,68,22,
8,44010927,7,0,
8,44011139,37,4,
8,44011232,19,2,
8,44011254,79,23,
8,44011381,187,209,
8,44011489,191,33,
8,44011515,192,61,
8,44011569,31,10,
8,44011645,20,10,
8,44011654,115,92,
8,44011711,6,0,
8,44011757,14,7,
8,44012074,46,13,
8,44012219,5,0,
8,44012227,321,227,
8,44012247,47,20,
8,44012283,49,12,4
8,44012418,9,0,
8,44012495,13,5,
8,44012538,16,0,
8,44012549,13,5,
8,44012615,183,62,
8,44012729,108,4,
8,44012838,16,1,
8,44012846,3,0,
8,44013000,3,0,
8,44013046,38,7,
8,44013069,11,1,
8,44013122,18,4,
8,44013154,69,35,
8,44013157,534,193,
8,44013181,92,12,
8,44013201,45,7,
8,44013205,6,1,
8,44013240,3,0,
8,44013266,54,8,
8,44013276,16,9,
8,44013322,4,1,
8,44013387,54,11,
8,44013470,31,10,
8,44013517,58,23,
8,44013525,9,1,
8,44013671,66,20,
8,44013674,5,0,
8,44013781,3,1,
8,44013868,6,0,
8,44013913,230,155,
8,44013933,88,3,
8,44013956,18,7,
8,44014011,22,1,
8,44014024,12,2,
8,44014046,335,68,
8,44014272,5,2,
8,44014323,3,0,
8,44014330,3,0,
8,44014343,29,0,
8,44014384,55,57,
8,44014535,12,0,
8,44014587,218,52,
8,44014661,28,0,
8,44014808,466,207,
8,44015144,334,243,
8,44015162,18,2,
8,44015367,254,72,
8,44015407,10,0,
8,44015486,10,5,
8,44015557,33,6,
8,44015614,18,2,
8,44015649,139,82,
8,44015657,99,44,
8,44015872,239,135,
8,44015880,7,0,
8,44015904,12,1,
8,44015907,12,0,
8,44016037,393,44,29
8,44016059,4,0,
8,44016177,12,0,
8,44016265,45,3,
8,44016273,20,1,
8,44016289,45,16,
8,44016325,26,4,
8,44016329,26,13,
8,44016336,182,61,
8,44016416,5,0,
8,44016530,107,50,
8,44016564,128,16,
8,44016621,138,114,
8,44016646,10,0,
8,44016914,12,0,
8,44016946,26,7,
8,44017056,86,16,
8,44017095,11,1,
8,44017098,22,6,
8,44017317,20,4,
8,44017472,19,3,
8,44017547,7,1,
8,44017560,3,0,
8,44017592,111,41,
8,44017682,57,4,
8,44017692,147,44,
8,44017832,34,29,
8,44017907,9,2,
8,44017913,334,203,
8,44018095,8,2,
8,44018283,63,26,
8,44018301,186,114,
8,44018319,28,12,
8,44018386,79,57,
8,44018400,60,43,
8,44018479,11,6,
8,44018662,42,4,
8,44018741,79,11,
8,44018857,11,5,
8,44018886,132,101,
8,44019104,4,1,
8,44019143,12,4,
8,44019193,14,14,
8,44019386,141,78,
8,44019791,13,6,
8,44019917,6,0,
8,44020019,54,10,
8,44020050,19,11,
8,44020129,11,1,
8,44020240,17,3,
8,44020293,13,2,
8,44020295,30,6,
8,44020315,82,4,
8,44020469,26,4,
8,44020574,56,21,
8,44020591,858,454,6
8,44020626,138,59,
8,44020734,186,74,
8,44020832,71,50,2
8,44020914,46,21,
8,44020975,64,60,
8,44021028,129,38,
8,44021191,67,21,
8,44021607,6,1,
8,44021644,28,5,
8,44021758,4,0,
8,44021792,136,93,
8,44021824,169,82,
8,44021883,55,13,
8,44021885,10,3,
8,44021920,3,0,
8,44021993,3,0,
8,44022215,163,246,22
8,44022225,217,25,16
8,44022233,63,16,
8,44022265,93,8,
8,44022272,14,1,
8,44022352,10,0,
8,44022353,333,101,10
8,44022384,6,0,
8,44022448,332,364,8
8,44022484,65,19,30
8,44022529,17,1,
8,44022575,16,3,
8,44022677,36,25,
8,44022758,253,113,15
8,44022781,36,12,
8,44022799,13,7,
8,44022859,8,2,
8,44022876,5,1,
8,44023081,12,4,
8,44023144,186,105,21
8,44023183,18,6,
8,44023354,5,0,
8,44023379,16,4,
8,44023400,5,1,
8,44023423,113,62,26
8,44023471,25,11,
8,44023634,17,8,2
8,44023635,5,2,
8,44023663,50,64,
8,44023680,94,42,19
8,44023700,6,0,
8,44023881,3,0,
8,44023995,3,2,
8,44024055,70,7,25
8,44024173,81,58,20
8,44024242,5,0,
8,44024245,4,1,
8,44024322,14,4,
8,44024393,12,3,
8,44024449,50,46,
8,44024461,5,0,
8,44024503,22,17,
8,44024548,10,1,
8,44024605,8,3,
8,44024687,19,3,
8,44024718,5,0,
8,44024756,6,0,
8,44024759,435,110,12
8,44024784,103,47,
8,44024842,45,21,
8,44024843,58,74,
8,44024867,4,2,
8,44024896,6,2,
8,44024919,53,30,
8,44024987,7,1,
8,44025022,71,80,
8,44025127,62,67,
8,44025263,7,5,
8,44025299,4,0,
8,44025324,77,34,
8,44025380,5,0,
8,44025391,9,1,
8,44025439,126,21,7
8,44025484,55,39,13
8,44025610,4,0,
8,44025912,3,1,
8,44026018,15,1,
8,44026170,53,23,9
8,44026182,4,0,
8,44026201,57,52,18
8,44026202,45,40,
8,44026237,7,5,
8,44026294,11,4,
8,44026367,9,1,
8,44026456,3,2,
8,44026638,5,0,
8,44026722,5,0,
8,44026799,70,18,1
8,44026811,6,6,
8,44026959,6,1,
8,44027008,7,0,
8,44027095,4,1,
8,44027100,3,0,
8,44027379,6,2,7
9,43964505,135,80,
9,43964827,194,38,
9,43964896,80,27,
9,43964937,565,308,
9,43965608,173,163,
9,43966089,376,251,
9,43966471,91,32,
9,43966694,185,46,
9,43966843,164,148,
9,43967405,59,7,
9,43967962,122,10,
9,43968141,169,39,
9,43968693,76,55,
9,43968897,367,74,
9,43969442,123,32,
9,43969827,852,461,
9,43970057,92,36,
9,43970363,90,60,
9,43970509,72,9,
9,43970637,121,64,
9,43970710,32,20,
9,43970768,62,16,
9,43970800,212,210,
9,43970837,565,350,
9,43970953,56,23,
9,43971068,113,70,
9,43971149,76,15,
9,43971177,296,142,
9,43971185,26,3,
9,43971314,95,29,
9,43971442,55,40,
9,43971464,841,810,
9,43971515,439,702,
9,43971616,306,164,
9,43971620,312,105,
9,43971678,21,4,
9,43971685,66,17,
9,43971688,144,77,
9,43971716,416,259,
9,43971754,15,1,
9,43971791,119,109,
9,43971853,684,139,
9,43971941,78,32,
9,43971944,30,15,
9,43972004,105,67,
9,43972083,34,1,
9,43972154,30,5,
9,43972334,207,93,
9,43972425,215,120,
9,43972449,68,26,
9,43972485,211,79,
9,43972535,346,212,
9,43972669,169,59,
9,43972757,77,182,
9,43972927,74,11,
9,43973167,48,4,
9,43973395,444,413,
9,43973502,40,11,
9,43973677,72,8,
9,43973721,354,200,
9,43973887,11,0,
9,43973964,31,6,
9,43974005,194,81,
9,43974026,52,24,
9,43974344,45,22,
9,43974461,153,65,
9,43974599,27,3,
9,43974872,130,59,
9,43974891,420,212,
9,43975143,57,6,
9,43975352,352,548,
9,43975404,69,10,
9,43975423,236,107,
9,43975782,107,18,
9,43976274,85,18,
9,43976504,89,12,
9,43976557,242,547,
9,43976886,16,1,
9,43976895,180,37,
9,43977147,104,28,
9,43977515,46,10,
9,43977539,11,2,
9,43977648,18,2,
9,43977821,9,4,
9,43977896,48,18,
9,43977901,17,15,
9,43978155,39,17,
9,43978357,256,126,
9,43978435,454,394,
9,43978476,75,16,
9,43979063,175,71,
9,43979322,23,1,
9,43979546,33,17,
9,43979916,138,30,
9,43980036,284,360,
9,43980760,452,60,
9,43980845,493,354,
9,43981170,411,166,
9,43981198,88,291,
9,43981680,309,121,
9,43981861,22,3,
9,43981971,144,52,
9,43982238,117,108,
9,43982495,103,94,
9,43982777,386,224,
9,43982784,89,71,
9,43982892,93,44,
9,43983159,274,261,
9,43983196,95,59,
9,43983201,66,42,
9,43983455,119,124,
9,43983627,49,6,
9,43983871,796,336,
9,43983928,117,205,
9,43984097,185,44,
9,43984275,149,81,
9,43984297,407,313,
9,43984770,125,34,
9,43984860,146,83,
9,43985489,1021,264,
9,43985513,956,360,
9,43985527,51,22,
9,43985624,159,52,
9,43985861,182,424,
9,43985971,399,144,
9,43985994,46,33,
9,43986229,14,4,
9,43986424,182,143,
9,43986821,60,44,
9,43986833,92,50,
9,43987367,98,31,
9,43987814,41,5,
9,43987852,33,6,
9,43988070,31,6,
9,43988116,36,6,
9,43988315,204,227,
9,43988381,223,51,
9,43988518,17,1,
9,43988533,176,172,
9,43988753,46,7,
9,43988975,51,24,
9,43989497,240,272,
9,43990262,48,4,
9,43990515,26,28,
9,43991091,102,28,
9,43991185,65,7,
9,43991221,112,41,
9,43991256,371,254,
9,43991396,722,266,
9,43991500,32,2,
9,43991554,22,27,
9,43991962,76,83,
9,43992100,70,11,
9,43992242,32,0,
9,43993311,32,0,12
9,43993374,18,7,
9,43993707,162,131,
9,43993711,334,284,
9,43993897,114,73,
9,43993982,56,90,
9,43994190,83,42,
9,43994306,90,47,
9,43994333,155,46,
9,43994486,36,14,
9,43994765,373,366,
9,43994791,24,3,
9,43994827,143,51,
9,43994987,176,52,
9,43995005,260,47,
9,43995067,178,85,4
9,43995094,18,8,
9,43995122,42,41,
9,43995144,78,6,
9,43995302,184,111,
9,43995501,76,9,
9,43995700,13,5,
9,43995767,23,2,
9,43996031,55,16,
9,43996071,75,62,
9,43996226,23,0,
9,43996243,44,14,
9,43996251,115,98,
9,43996307,416,494,
9,43996419,65,70,
9,43996422,4,5,26
9,43996431,482,205,
9,43996555,144,100,
9,43996597,24,19,
9,43996601,28,1,
9,43996770,20,9,
9,43996796,37,7,
9,43997071,30,18,
9,43997135,140,27,
9,43997286,58,29,
9,43997467,44,13,
9,43997636,1228,522,
9,43997728,71,129,
9,43997812,82,37,
9,43997830,193,143,
9,43997932,125,89,
9,43998008,90,79,
9,43998049,189,61,
9,43998115,140,37,
9,43998341,28,14,
9,43998423,94,31,
9,43998472,439,317,
9,43998485,21,9,
9,43998707,171,23,
9,43998945,36,2,
9,43999492,187,248,
9,43999748,426,163,
9,43999897,204,25,29
9,43999919,28,0,
9,44000700,340,86,
9,44000724,99,54,
9,44000759,226,167,
9,44000778,10,4,
9,44001087,351,83,
9,44001391,92,23,
9,44001734,47,8,
9,44001765,197,472,
9,44001803,12,0,
9,44002333,339,312,
9,44002639,38,1,
9,44002694,18,1,
9,44003184,29,14,
9,44003347,77,38,
9,44003445,288,284,
9,44003447,121,15,
9,44003449,117,112,
9,44003700,356,217,
9,44003741,196,68,
9,44003778,4,0,
9,44003928,29,2,
9,44004224,39,23,
9,44004388,509,189,
9,44004625,274,119,
9,44004827,85,35,
9,44005008,243,405,
9,44005110,109,85,
9,44005195,161,35,
9,44005413,12,3,
9,44005668,114,34,
9,44005692,73,22,24
9,44005899,58,25,
9,44006231,243,101,
9,44006345,500,426,
9,44006381,250,446,
9,44006426,377,198,
9,44006735,75,31,
9,44006824,194,60,
9,44007065,68,22,
9,44007652,6,0,
9,44007714,51,11,
9,44007854,33,7,
9,44008005,34,8,
9,44008412,74,43,
9,44008597,12,0,
9,44008843,676,424,
9,44009185,76,14,26
9,44009321,270,40,
9,44009464,193,42,
9,44009621,41,12,
9,44009848,483,344,
9,44009894,68,8,
9,44009999,311,333,
9,44010007,23,19,
9,44010096,34,0,15
9,44010659,29,6,
9,44010684,21,0,18
9,44010694,23,3,
9,44010705,113,144,
9,44010922,68,22,
9,44010927,7,0,
9,44011139,37,4,
9,44011232,19,3,
9,44011254,79,23,
9,44011381,188,209,
9,44011489,191,33,
9,44011515,193,61,
9,44011569,31,10,
9,44011645,20,10,
9,44011654,115,92,
9,44011711,6,0,
9,44011757,14,7,
9,44012074,46,13,
9,44012219,5,0,
9,44012227,323,227,
9,44012247,47,20,
9,44012283,83,29,3
9,44012418,13,0,16
9,44012495,13,5,
9,44012538,16,0,
9,44012549,13,5,
9,44012615,184,62,
9,44012729,108,4,
9,44012838,16,1,
9,44012846,3,0,
9,44013000,3,0,
9,44013046,38,7,
9,44013069,11,1,
9,44013122,18,4,
9,44013154,69,35,
9,44013157,535,193,
9,44013181,92,12,
9,44013201,47,7,
9,44013205,6,1,
9,44013240,3,0,
9,44013266,54,8,
9,44013276,16,9,
9,44013322,4,1,
9,44013387,54,11,
9,44013470,32,10,
9,44013517,58,23,
9,44013671,66,20,
9,44013674,5,0,
9,44013781,3,1,
9,44013868,6,0,
9,44013913,230,155,
9,44013933,88,3,
9,44013956,18,7,
9,44014011,22,1,
9,44014024,12,2,
9,44014046,336,69,
9,44014272,5,2,
9,44014323,3,0,
9,44014330,3,0,
9,44014343,29,0,
9,44014384,55,58,
9,44014535,12,0,
9,44014587,218,52,
9,44014661,28,0,
9,44014808,466,207,
9,44015144,334,243,
9,44015162,18,2,
9,44015367,254,72,
9,44015407,10,0,
9,44015486,10,5,
9,44015557,33,6,
9,44015614,18,2,
9,44015649,139,82,
9,44015657,99,44,
9,44015872,239,135,
9,44015880,7,0,
9,44015904,12,1,
9,44015907,12,0,
9,44016037,398,45,28
9,44016059,4,0,
9,44016177,12,0,
9,44016265,45,3,
9,44016273,20,1,
9,44016289,45,16,
9,44016329,26,13,
9,44016336,182,61,
9,44016416,5,0,
9,44016530,107,50,
9,44016564,128,16,
9,44016621,138,114,
9,44016646,10,0,
9,44016914,12,0,
9,44016946,26,7,
9,44017056,86,16,
9,44017095,11,1,
9,44017098,22,6,
9,44017317,20,4,
9,44017472,19,3,
9,44017547,7,1,
9,44017560,3,0,
9,44017592,111,41,
9,44017682,57,4,
9,44017692,147,44,
9,44017832,34,29,
9,44017913,336,204,
9,44018095,8,2,
9,44018283,63,26,
9,44018301,186,114,
9,44018319,28,12,
9,44018386,80,57,
9,44018400,60,44,
9,44018479,11,6,
9,44018662,42,4,
9,44018741,79,11,
9,44018857,11,5,
9,44018886,133,101,
9,44019143,12,4,
9,44019193,15,14,
9,44019386,141,78,
9,44019791,13,6,
9,44019917,6,0,
9,44020019,54,10,
9,44020050,20,11,
9,44020129,11,1,
9,44020240,17,3,
9,44020293,13,2,
9,44020295,30,7,
9,44020315,82,4,
9,44020469,26,4,
9,44020526,4,0,
9,44020574,56,21,
9,44020588,3,0,
9,44020591,872,458,6
9,44020626,138,59,
9,44020734,189,76,
9,44020832,97,89,2
9,44020914,47,23,
9,44020975,65,60,
9,44021028,130,38,
9,44021191,69,21,
9,44021358,5,0,
9,44021607,7,1,
9,44021629,3,0,
9,44021644,28,5,
9,44021758,4,0,
9,44021791,4,0,
9,44021792,136,93,
9,44021824,170,82,
9,44021883,56,13,
9,44021920,3,0,
9,44021993,3,0,
9,44022059,4,0,
9,44022188,3,0,
9,44022215,178,283,19
9,44022225,222,25,17
9,44022233,63,16,
9,44022265,93,8,
9,44022272,14,1,
9,44022352,10,0,
9,44022353,338,102,10
9,44022384,7,0,
9,44022448,343,384,9
9,44022484,66,21,
9,44022529,17,1,
9,44022575,16,3,
9,44022677,36,25,
9,44022758,258,116,15
9,44022781,38,12,
9,44022799,13,7,
9,44022859,8,2,
9,44022876,5,1,
9,44023081,12,4,
9,44023144,194,110,21
9,44023183,18,6,
9,44023354,5,0,
9,44023379,16,4,
9,44023400,5,1,
9,44023423,117,63,27
9,44023471,25,11,
9,44023634,19,21,3
9,44023635,5,2,
9,44023663,50,68,
9,44023680,98,45,20
9,44023700,6,0,
9,44023881,3,0,
9,44023995,3,2,
9,44024055,72,9,25
9,44024173,83,59,23
9,44024242,5,0,
9,44024245,4,1,
9,44024322,14,4,
9,44024393,12,3,
9,44024461,7,0,
9,44024503,22,17,
9,44024548,11,1,
9,44024605,9,3,
9,44024687,19,3,
9,44024718,5,0,
9,44024756,8,0,
9,44024759,454,126,13
9,44024784,108,48,
9,44024842,45,21,
9,44024843,58,75,
9,44024867,5,2,
9,44024896,6,2,
9,44024919,54,31,
9,44024987,7,2,
9,44025022,72,80,
9,44025127,63,67,
9,44025263,7,5,
9,44025299,4,0,
9,44025324,80,35,
9,44025380,5,0,
9,44025391,9,1,
9,44025439,136,23,7
9,44025484,60,42,11
9,44025610,4,0,
9,44025912,4,1,
9,44026018,15,1,
9,44026170,60,27,11
9,44026182,4,0,
9,44026201,58,57,19
9,44026202,45,42,
9,44026237,7,5,
9,44026294,11,4,
9,44026367,10,1,
9,44026456,3,2,
9,44026638,5,0,
9,44026722,5,0,
9,44026799,86,25,1
9,44026811,6,6,
9,44026959,6,1,
9,44027008,8,0,
9,44027095,7,1,
9,44027100,7,0,
9,44027379,18,13,4
10,43964505,135,80,
10,43964827,194,38,
10,43964896,80,27,
10,43964937,565,308,
10,43965608,173,163,
10,43966089,376,251,
10,43966471,91,32,
10,43966694,185,46,
10,43966843,164,148,
10,43967405,59,7,
10,43967962,122,10,
10,43968141,169,39,
10,43968693,76,55,
10,43968897,367,74,
10,43969442,123,32,
10,43969827,852,461,
10,43970057,92,36,
10,43970363,90,60,
10,43970509,72,9,
10,43970637,121,64,
10,43970710,32,20,
10,43970768,62,16,
10,43970800,212,210,
10,43970837,565,350,
10,43970953,56,23,
10,43971068,113,70,
10,43971149,76,15,
10,43971177,296,142,
10,43971185,26,3,
10,43971314,95,29,
10,43971442,55,40,
10,43971464,841,810,
10,43971515,439,704,
10,43971616,306,164,
10,43971620,312,105,
10,43971678,21,4,
10,43971685,66,17,
10,43971688,144,77,
10,43971716,416,259,
10,43971754,15,1,
10,43971791,119,109,
10,43971853,684,139,
10,43971941,78,32,
10,43971944,30,15,
10,43972004,105,67,
10,43972083,34,1,
10,43972154,31,5,
10,43972334,207,93,
10,43972425,215,120,
10,43972449,68,26,
10,43972485,211,79,
10,43972535,346,212,
10,43972669,169,59,
10,43972757,77,182,
10,43972927,74,11,
10,43973167,48,4,
10,43973395,444,414,
10,43973502,40,11,
10,43973677,72,8,
10,43973721,354,200,
10,43973887,11,0,
10,43973964,31,6,
10,43974005,194,81,
10,43974026,52,24,
10,43974344,45,22,
10,43974461,153,65,
10,43974599,27,3,
10,43974872,130,59,
10,43974891,420,212,
10,43975143,57,6,
10,43975352,352,548,
10,43975404,69,10,
10,43975423,236,107,
10,43975782,107,18,
10,43976274,85,18,
10,43976504,89,12,
10,43976557,242,547,
10,43976886,16,1,
10,43976895,180,37,
10,43977147,104,28,
10,43977515,46,10,
10,43977539,11,2,
10,43977648,18,2,
10,43977821,9,4,
10,43977896,48,18,
10,43977901,17,15,
10,43978155,39,17,
10,43978357,256,126,
10,43978435,454,395,
10,43978476,75,16,
10,43979063,175,71,
10,43979322,23,1,
10,43979546,33,17,
10,43979916,138,30,
10,43980036,284,360,
10,43980760,452,60,
10,43980845,493,354,
10,43981170,411,166,
10,43981198,88,293,
10,43981680,309,121,
10,43981861,22,3,
10,43981971,144,52,
10,43982238,117,108,
10,43982495,103,94,
10,43982777,386,224,
10,43982784,89,71,
10,43982892,93,44,
10,43983159,274,261,
10,43983196,95,59,
10,43983201,66,42,
10,43983455,119,124,
10,43983627,49,6,
10,43983871,796,336,
10,43983928,117,205,
10,43984097,185,44,
10,43984275,149,81,
10,43984297,407,313,
10,43984770,125,34,
10,43984860,147,83,
10,43985489,1021,264,
10,43985513,958,361,
10,43985527,51,22,
10,43985624,159,52,
10,43985861,182,424,
10,43985971,399,144,
10,43985994,46,33,
10,43986229,14,4,
10,43986424,182,143,
10,43986821,60,44,
10,43986833,92,50,
10,43987367,98,31,
10,43987814,41,5,
10,43987852,33,6,
10,43988070,31,6,
10,43988315,204,227,
10,43988381,223,51,
10,43988518,17,1,
10,43988533,176,172,
10,43988753,46,7,
10,43988975,51,24,
10,43989497,240,272,
10,43990262,48,4,
10,43990515,26,28,
10,43991091,103,28,
10,43991185,65,7,
10,43991221,112,41,
10,43991256,371,254,
10,43991396,722,266,
10,43991500,32,2,
10,43991554,22,27,
10,43991962,76,83,
10,43992100,70,11,
10,43992242,32,0,
10,43993311,43,0,13
10,43993374,18,7,
10,43993707,162,135,
10,43993711,336,287,
10,43993897,114,73,
10,43993982,56,90,
10,43994190,83,42,
10,43994306,90,47,
10,43994333,155,46,
10,43994486,36,14,
10,43994765,373,366,
10,43994791,24,3,
10,43994827,143,51,
10,43994987,176,52,
10,43995005,260,47,
10,43995067,184,87,5
10,43995094,18,8,
10,43995122,42,41,
10,43995144,78,6,
10,43995302,184,111,
10,43995501,76,9,
10,43995700,13,5,
10,43996031,55,16,
10,43996071,75,62,
10,43996226,23,0,
10,43996243,44,14,
10,43996251,115,98,
10,43996307,416,494,
10,43996419,65,70,
10,43996422,8,6,26
10,43996431,482,205,
10,43996555,144,100,
10,43996597,24,19,
10,43996601,28,1,
10,43996770,20,10,
10,43996796,37,7,
10,43997071,30,18,
10,43997135,140,27,
10,43997286,58,29,
10,43997467,44,13,
10,43997636,1228,523,
10,43997728,71,129,
10,43997830,193,143,
10,43997932,125,89,
10,43998008,90,79,
10,43998049,189,61,
10,43998115,140,37,
10,43998341,28,14,
10,43998423,94,31,
10,43998472,439,317,
10,43998485,21,9,
10,43998707,171,23,
10,43998858,3,0,22
10,43998945,36,2,
10,43999492,187,248,
10,43999748,426,163,
10,43999897,207,25,
10,43999919,28,0,
10,44000700,340,86,
10,44000724,99,54,
10,44000759,226,167,
10,44000778,10,4,
10,44001087,351,83,
10,44001391,92,23,
10,44001734,47,8,
10,44001765,197,472,
10,44001803,12,0,
10,44002333,339,312,
10,44002639,38,1,
10,44002694,18,1,
10,44003184,29,14,
10,44003347,77,38,
10,44003445,288,284,
10,44003447,121,15,
10,44003449,117,112,
10,44003700,356,217,
10,44003741,196,68,
10,44003928,30,2,
10,44004224,39,23,
10,44004388,510,189,
10,44004625,274,119,
10,44004827,85,35,
10,44005008,243,405,
10,44005110,109,85,
10,44005195,161,35,
10,44005413,12,3,
10,44005668,115,34,
10,44005692,76,22,26
10,44005899,58,25,
10,44006231,243,101,
10,44006345,501,426,
10,44006381,251,446,
10,44006426,377,198,
10,44006735,75,31,
10,44006824,195,60,
10,44007065,68,22,
10,44007652,6,0,
10,44007714,51,11,
10,44007854,33,7,
10,44008005,34,8,
10,44008412,74,43,
10,44008597,12,0,
10,44008843,676,424,
10,44009185,82,15,29
10,44009321,270,40,
10,44009464,193,42,
10,44009621,41,12,
10,44009848,483,344,
10,44009894,68,8,
10,44009999,312,341,
10,44010007,23,19,
10,44010096,38,1,17
10,44010659,29,6,
10,44010684,24,0,23
10,44010694,23,3,
10,44010705,113,143,
10,44010922,68,22,
10,44010927,7,0,
10,44011139,37,4,
10,44011232,20,4,
10,44011254,79,23,
10,44011381,188,210,
10,44011489,191,33,
10,44011515,193,61,
10,44011569,31,10,
10,44011645,20,10,
10,44011654,115,92,
10,44011711,6,0,
10,44011757,14,7,
10,44012074,46,13,
10,44012219,5,0,
10,44012227,325,227,
10,44012247,47,20,
10,44012283,102,46,3
10,44012418,17,0,17
10,44012495,13,5,
10,44012538,16,0,
10,44012549,13,5,
10,44012615,184,62,
10,44012729,109,5,
10,44012838,16,1,
10,44012846,3,0,
10,44013000,3,0,
10,44013046,38,7,
10,44013069,11,1,
10,44013154,69,35,
10,44013157,536,193,
10,44013181,92,12,
10,44013201,48,10,
10,44013205,6,1,
10,44013240,3,0,
10,44013266,54,8,
10,44013322,4,1,
10,44013387,54,11,
10,44013470,32,10,
10,44013517,58,23,
10,44013671,66,20,
10,44013674,5,0,
10,44013781,3,1,
10,44013868,6,0,
10,44013913,230,155,
10,44013933,88,3,
10,44013956,18,7,
10,44014011,22,1,
10,44014024,12,2,
10,44014046,336,70,
10,44014272,5,2,
10,44014323,3,0,
10,44014330,3,0,
10,44014343,29,0,
10,44014384,55,59,
10,44014535,12,0,
10,44014587,218,52,
10,44014661,28,0,
10,44014808,466,208,
10,44015144,335,243,
10,44015162,18,2,
10,44015367,254,72,
10,44015407,10,0,
10,44015486,10,5,
10,44015557,33,6,
10,44015614,18,2,
10,44015649,139,83,
10,44015657,99,44,
10,44015872,239,135,
10,44015880,7,0,
10,44015904,12,1,
10,44015907,12,0,
10,44016037,400,45,
10,44016059,4,0,
10,44016177,12,0,
10,44016265,45,3,
10,44016273,20,1,
10,44016289,45,16,
10,44016329,26,13,
10,44016336,182,61,
10,44016416,5,0,
10,44016530,107,50,
10,44016564,128,16,
10,44016621,138,114,
10,44016914,12,0,
10,44016946,26,7,
10,44017056,86,16,
10,44017098,22,6,
10,44017317,21,4,
10,44017472,19,3,
10,44017547,7,1,
10,44017560,3,0,
10,44017592,111,42,
10,44017682,57,4,
10,44017692,147,44,
10,44017832,34,29,
10,44017913,336,206,
10,44018095,8,2,
10,44018283,63,26,
10,44018301,186,114,
10,44018319,28,12,
10,44018386,80,57,
10,44018400,60,44,
10,44018479,11,6,
10,44018662,42,4,
10,44018741,80,12,
10,44018857,11,5,
10,44018886,134,101,
10,44019143,12,4,
10,44019193,16,14,
10,44019386,141,78,
10,44019418,4,0,
10,44019791,13,6,
10,44019917,7,0,
10,44020019,55,10,
10,44020050,20,11,
10,44020129,11,1,
10,44020240,17,3,
10,44020293,13,2,
10,44020295,30,7,
10,44020315,83,4,
10,44020469,26,4,
10,44020526,4,0,
10,44020574,56,21,
10,44020588,3,0,
10,44020591,887,463,7
10,44020626,140,59,
10,44020734,191,76,
10,44020832,124,115,2
10,44020914,47,23,
10,44020975,65,60,
10,44021028,130,39,
10,44021191,70,21,
10,44021358,5,0,
10,44021607,7,1,
10,44021629,3,0,
10,44021644,28,6,
10,44021758,4,0,
10,44021791,4,0,
10,44021792,136,93,
10,44021824,172,82,
10,44021883,56,13,
10,44021920,3,0,
10,44021993,3,0,
10,44022059,4,0,
10,44022188,3,0,
10,44022215,195,325,22
10,44022225,227,26,21
10,44022233,63,16,
10,44022265,94,8,
10,44022272,14,1,
10,44022352,10,0,
10,44022353,342,102,13
10,44022384,8,0,
10,44022448,350,392,11
10,44022484,66,21,
10,44022529,17,1,
10,44022575,16,3,
10,44022677,36,27,
10,44022758,266,120,18
10,44022781,38,12,
10,44022799,13,7,
10,44022859,8,2,
10,44022876,5,1,
10,44023081,12,4,
10,44023144,197,114,25
10,44023183,18,6,
10,44023354,5,0,
10,44023379,16,4,
10,44023400,5,1,
10,44023423,117,64,30
10,44023471,25,11,
10,44023634,20,26,9
10,44023635,5,2,
10,44023663,50,68,
10,44023680,101,46,24
10,44023881,3,0,
10,44023995,3,3,
10,44024055,76,11,28
10,44024173,87,60,26
10,44024242,5,0,
10,44024245,4,1,
10,44024322,14,4,
10,44024393,12,3,
10,44024461,8,0,
10,44024483,4,1,
10,44024503,22,17,
10,44024548,11,1,
10,44024605,9,3,
10,44024687,20,4,
10,44024718,5,0,
10,44024756,8,1,
10,44024759,476,143,16
10,44024784,109,52,
10,44024842,46,23,
10,44024843,58,76,
10,44024867,5,2,
10,44024896,6,2,
10,44024919,54,31,
10,44024987,7,2,
10,44025022,72,80,
10,44025127,63,68,
10,44025263,7,5,
10,44025299,4,0,
10,44025324,83,36,
10,44025380,5,0,
10,44025391,9,1,
10,44025439,147,25,10
10,44025484,68,46,15
10,44025610,4,0,
10,44025912,4,1,
10,44026018,15,1,
10,44026170,64,29,15
10,44026182,4,0,
10,44026201,59,58,
10,44026202,47,42,
10,44026237,7,5,
10,44026294,11,4,
10,44026335,14,5,
10,44026367,11,1,
10,44026456,3,2,
10,44026638,5,0,
10,44026722,5,0,
10,44026799,102,27,1
10,44026811,6,6,
10,44026959,7,2,
10,44027008,8,0,
10,44027095,10,1,
10,44027100,9,0,
10,44027379,28,33,6
10,44027495,3,2,
10,44027722,22,22,4
10,44027768,14,1,4
10,44027808,9,2,
10,44027849,7,2,
10,44027867,33,3,1
10,44028153,9,1,
11,43964505,135,80,
11,43964827,194,38,
11,43964896,80,27,
11,43964937,566,309,
11,43965608,173,163,
11,43966089,376,251,
11,43966471,91,32,
11,43966694,185,46,
11,43966843,164,148,
11,43967405,59,7,
11,43967962,122,10,
11,43968141,169,39,
11,43968693,76,55,
11,43968897,367,74,
11,43969442,123,32,
11,43969827,852,461,
11,43970057,92,36,
11,43970363,90,60,
11,43970509,72,9,
11,43970637,121,64,
11,43970710,32,21,
11,43970768,62,16,
11,43970800,212,210,
11,43970837,566,350,
11,43970953,56,23,
11,43971068,113,70,
11,43971149,76,15,
11,43971177,296,142,
11,43971185,26,3,
11,43971314,95,29,
11,43971442,55,40,
11,43971464,841,810,
11,43971515,439,704,
11,43971616,307,164,
11,43971620,312,105,
11,43971678,21,4,
11,43971685,66,17,
11,43971688,144,77,
11,43971716,416,259,
11,43971754,15,1,
11,43971791,119,109,
11,43971853,685,139,
11,43971941,78,32,
11,43971944,30,15,
11,43972004,105,67,
11,43972083,34,1,
11,43972154,31,5,
11,43972334,207,93,
11,43972425,215,120,
11,43972449,68,26,
11,43972485,211,79,
11,43972535,346,212,
11,43972669,169,59,
11,43972757,77,182,
11,43972927,74,11,
11,43973167,48,4,
11,43973395,444,414,
11,43973502,40,11,
11,43973677,72,8,
11,43973721,355,200,
11,43973887,11,0,
11,43973964,31,6,
11,43974005,194,81,
11,43974026,52,24,
11,43974344,45,22,
11,43974461,153,65,
11,43974599,27,3,
11,43974872,130,59,
11,43974891,420,212,
11,43975143,57,6,
11,43975352,353,548,
11,43975404,69,10,
11,43975423,236,107,
11,43975782,107,18,
11,43976274,85,18,
11,43976504,89,12,
11,43976557,242,548,
11,43976886,16,1,
11,43976895,180,37,
11,43977147,104,28,
11,43977515,46,10,
11,43977539,11,2,
11,43977648,18,2,
11,43977821,9,4,
11,43977896,48,18,
11,43977901,17,15,
11,43978155,39,17,
11,43978357,256,126,
11,43978435,454,395,
11,43978476,75,16,
11,43979063,175,71,
11,43979322,23,1,
11,43979546,33,17,
11,43979916,138,30,
11,43980036,284,360,
11,43980760,452,60,
11,43980845,493,354,
11,43981170,411,166,
11,43981198,88,293,
11,43981680,309,121,
11,43981861,22,3,
11,43981971,144,52,
11,43982238,117,108,
11,43982495,103,94,
11,43982777,386,224,
11,43982784,89,71,
11,43982892,93,44,
11,43983159,274,261,
11,43983196,95,59,
11,43983201,66,42,
11,43983455,119,124,
11,43983627,49,6,
11,43983871,797,336,
11,43983928,117,205,
11,43984097,185,44,
11,43984275,149,81,
11,43984297,407,313,
11,43984770,125,34,
11,43984860,147,83,
11,43985489,1021,264,
11,43985513,964,361,
11,43985527,51,22,
11,43985624,159,52,
11,43985861,182,424,
11,43985971,399,144,
11,43985994,46,33,
11,43986229,14,4,
11,43986424,182,143,
11,43986821,60,44,
11,43986833,92,50,
11,43987367,98,31,
11,43987814,41,5,
11,43987852,33,6,
11,43988070,31,6,
11,43988315,204,227,
11,43988381,223,51,
11,43988518,17,1,
11,43988533,176,172,
11,43988753,46,7,
11,43988975,51,24,
11,43989497,240,272,
11,43990262,50,5,
11,43990515,26,28,
11,43991091,103,28,
11,43991185,66,7,
11,43991221,113,41,
11,43991256,371,254,
11,43991396,722,266,
11,43991500,32,2,
11,43991554,23,27,
11,43991962,76,83,
11,43992100,70,11,
11,43992242,32,0,
11,43993311,56,0,14
11,43993374,18,7,
11,43993707,162,135,
11,43993711,338,289,
11,43993897,114,73,
11,43993982,56,90,
11,43994190,83,42,
11,43994306,90,47,
11,43994333,155,46,
11,43994486,36,14,
11,43994765,373,366,
11,43994791,24,3,
11,43994827,143,51,
11,43994987,176,52,
11,43995005,260,47,
11,43995067,187,96,7
11,43995094,18,8,
11,43995122,42,41,
11,43995144,78,6,
11,43995302,184,111,
11,43995501,76,9,
11,43995700,13,5,
11,43996031,55,16,
11,43996071,75,62,
11,43996226,23,0,
11,43996243,44,14,
11,43996251,115,98,
11,43996307,416,494,
11,43996422,12,7,26
11,43996431,482,205,
11,43996555,144,100,
11,43996597,24,19,
11,43996601,28,1,
11,43996770,20,11,
11,43996796,37,7,
11,43997071,30,18,
11,43997135,141,27,
11,43997286,58,29,
11,43997467,44,13,
11,43997636,1228,523,
11,43997728,71,129,
11,43997830,193,143,
11,43997932,125,89,
11,43998008,90,79,
11,43998049,189,61,
11,43998115,140,38,
11,43998341,28,14,
11,43998423,94,31,
11,43998472,439,317,
11,43998485,21,9,
11,43998707,171,23,
11,43998858,3,0,25
11,43998945,36,2,
11,43999492,187,248,
11,43999748,426,164,
11,43999897,209,25,
11,43999919,28,0,
11,44000700,340,86,
11,44000724,99,54,
11,44000759,226,167,
11,44000778,10,4,
11,44001087,351,83,
11,44001391,92,23,
11,44001734,47,8,
11,44001765,197,473,
11,44001803,12,0,
11,44002333,339,312,
11,44002639,38,1,
11,44002694,18,1,
11,44003184,29,14,
11,44003347,77,38,
11,44003445,288,284,
11,44003447,121,15,
11,44003449,117,112,
11,44003700,356,217,
11,44003741,196,68,
11,44003928,30,2,
11,44004388,510,189,
11,44004625,274,119,
11,44004827,85,35,
11,44005008,243,406,
11,44005110,109,85,
11,44005195,161,35,
11,44005413,12,3,
11,44005668,115,34,
11,44005692,83,21,27
11,44005899,58,25,
11,44006231,243,101,
11,44006345,501,426,
11,44006381,251,446,
11,44006426,378,198,
11,44006735,75,31,
11,44006824,195,60,
11,44007065,68,22,
11,44007652,6,0,
11,44007714,51,11,
11,44007854,33,7,
11,44008005,34,8,
11,44008412,74,43,
11,44008597,12,0,
11,44008843,676,424,
11,44009185,82,15,
11,44009321,270,40,
11,44009464,193,42,
11,44009521,5,0,21
11,44009621,41,12,
11,44009848,484,347,
11,44009894,69,8,
11,44009999,313,341,
11,44010007,23,19,
11,44010096,38,2,17
11,44010659,29,6,
11,44010684,25,0,23
11,44010694,23,3,
11,44010705,113,143,
11,44010922,68,22,
11,44010927,7,0,
11,44011139,37,4,
11,44011232,20,4,
11,44011254,79,23,
11,44011381,188,210,
11,44011489,192,33,
11,44011515,193,61,
11,44011569,31,10,
11,44011645,20,10,
11,44011654,115,93,
11,44011711,6,0,
11,44011757,14,7,
11,44012074,46,13,
11,44012219,5,0,
11,44012227,326,228,
11,44012247,47,20,
11,44012283,106,49,
11,44012418,26,0,15
11,44012495,13,5,
11,44012538,16,0,
11,44012549,13,5,
11,44012615,185,62,
11,44012729,110,5,
11,44012846,3,0,
11,44013000,3,0,
11,44013046,39,7,
11,44013069,12,1,
11,44013154,69,35,
11,44013157,538,193,
11,44013181,92,12,
11,44013201,48,11,
11,44013205,6,1,
11,44013240,3,0,
11,44013266,54,8,
11,44013322,4,1,
11,44013387,54,11,
11,44013470,32,10,
11,44013517,58,23,
11,44013671,66,20,
11,44013674,5,0,
11,44013781,3,1,
11,44013868,6,0,
11,44013913,230,157,
11,44013933,88,3,
11,44013956,18,7,
11,44014011,22,1,
11,44014024,12,2,
11,44014046,337,71,
11,44014272,5,2,
11,44014323,3,0,
11,44014330,3,0,
11,44014343,29,0,
11,44014384,55,59,
11,44014587,218,52,
11,44014661,28,0,
11,44014808,469,209,
11,44015144,336,244,
11,44015162,18,2,
11,44015367,254,72,
11,44015407,10,0,
11,44015486,10,5,
11,44015557,33,6,
11,44015614,18,2,
11,44015649,139,84,
11,44015657,99,44,
11,44015872,239,137,
11,44015880,7,0,
11,44015907,12,0,
11,44016037,402,45,30
11,44016059,4,0,
11,44016177,12,0,
11,44016265,45,3,
11,44016273,20,1,
11,44016289,45,16,
11,44016329,26,13,
11,44016336,182,61,
11,44016416,5,0,
11,44016530,107,50,
11,44016564,128,16,
11,44016621,138,114,
11,44016914,12,0,
11,44016946,26,7,
11,44017056,86,16,
11,44017098,22,6,
11,44017317,21,4,
11,44017472,19,3,
11,44017547,7,1,
11,44017560,3,0,
11,44017592,111,42,
11,44017682,57,4,
11,44017692,148,44,
11,44017832,34,29,
11,44017913,336,206,
11,44018095,8,2,
11,44018283,63,26,
11,44018301,186,114,
11,44018319,28,13,
11,44018386,80,57,
11,44018400,60,45,
11,44018479,11,6,
11,44018662,42,4,
11,44018741,80,12,
11,44018857,11,5,
11,44018886,134,103,
11,44019143,12,4,
11,44019193,16,14,
11,44019386,142,78,
11,44019418,4,0,
11,44019791,13,6,
11,44019917,7,0,
11,44020019,56,10,
11,44020050,20,11,
11,44020129,11,1,
11,44020240,17,3,
11,44020293,13,2,
11,44020295,30,7,
11,44020315,84,4,
11,44020439,9,2,
11,44020469,26,4,
11,44020526,4,0,
11,44020574,56,21,
11,44020588,3,0,
11,44020591,896,469,9
11,44020626,140,59,
11,44020734,191,75,
11,44020832,146,136,3
11,44020914,47,23,
11,44020975,65,61,
11,44021028,130,39,
11,44021191,70,24,
11,44021358,5,0,
11,44021629,3,0,
11,44021644,28,6,
11,44021758,4,0,
11,44021791,4,0,
11,44021792,136,96,
11,44021824,172,84,
11,44021883,57,13,
11,44021920,3,0,
11,44021993,3,0,
11,44022059,4,0,
11,44022188,3,0,
11,44022215,219,368,20
11,44022225,231,27,19
11,44022233,64,16,
11,44022265,94,8,
11,44022272,14,1,
11,44022352,10,0,
11,44022353,346,103,13
11,44022384,9,0,
11,44022448,356,400,11
11,44022484,67,21,
11,44022529,17,1,
11,44022575,16,3,
11,44022677,37,27,
11,44022758,270,122,18
11,44022781,38,12,
11,44022799,13,7,
11,44022859,8,2,
11,44022876,5,1,
11,44023081,13,4,
11,44023144,205,120,29
11,44023183,18,6,
11,44023354,5,0,
11,44023379,16,4,
11,44023400,5,1,
11,44023423,118,65,
11,44023471,25,11,
11,44023634,25,30,12
11,44023635,5,2,
11,44023663,51,68,
11,44023680,103,46,24
11,44023881,3,0,
11,44023995,3,4,
11,44024055,76,11,
11,44024173,88,61,28
11,44024242,5,0,
11,44024245,4,1,
11,44024322,14,4,
11,44024393,12,3,
11,44024461,9,0,
11,44024483,4,1,
11,44024503,22,17,
11,44024548,11,1,
11,44024605,9,3,
11,44024687,21,4,
11,44024718,6,0,
11,44024756,8,1,
11,44024759,498,152,16
11,44024784,110,53,
11,44024842,47,24,
11,44024843,59,76,
11,44024867,5,2,
11,44024896,6,2,
11,44024919,55,32,
11,44024987,8,2,
11,44025022,72,80,
11,44025127,64,68,
11,44025263,7,5,
11,44025299,4,0,
11,44025324,84,36,
11,44025380,5,0,
11,44025391,9,1,
11,44025439,154,29,10
11,44025484,81,56,16
11,44025610,4,0,
11,44025912,6,1,
11,44026018,15,1,
11,44026170,72,34,15
11,44026182,4,0,
11,44026201,61,61,
11,44026202,48,43,
11,44026237,7,5,
11,44026294,11,4,
11,44026335,15,5,
11,44026367,11,1,
11,44026456,3,2,
11,44026722,5,0,
11,44026799,112,31,3
11,44026811,6,6,
11,44026959,7,2,
11,44027008,8,0,
11,44027095,11,1,
11,44027100,9,0,
11,44027379,35,46,8
11,44027495,3,2,
11,44027722,36,40,5
11,44027768,23,2,5
11,44027808,13,2,
11,44027849,16,7,
11,44027867,56,14,1
11,44028139,4,3,
11,44028153,122,88,1
11,44028250,23,3,1
11,44028384,9,1,9
11,44028435,3,0,
11,44028526,4,1,
11,44028587,8,3,20
12,43964505,135,81,
12,43964827,194,38,
12,43964896,80,27,
12,43964937,566,309,
12,43965608,173,163,
12,43966089,376,251,
12,43966471,91,32,
12,43966694,185,46,
12,43966843,164,148,
12,43967405,59,7,
12,43967962,122,10,
12,43968141,169,39,
12,43968693,76,55,
12,43968897,367,74,
12,43969442,123,32,
12,43969827,852,461,
12,43970057,92,36,
12,43970363,90,60,
12,43970509,72,9,
12,43970637,121,64,
12,43970710,32,21,
12,43970768,62,16,
12,43970800,212,210,
12,43970837,566,350,
12,43970953,56,23,
12,43971068,113,70,
12,43971149,76,15,
12,43971177,296,142,
12,43971185,26,3,
12,43971314,95,29,
12,43971442,55,40,
12,43971464,842,810,
12,43971515,439,704,
12,43971616,307,164,
12,43971620,312,105,
12,43971678,21,4,
12,43971685,66,17,
12,43971688,144,77,
12,43971716,416,259,
12,43971791,119,109,
12,43971853,685,139,
12,43971941,78,32,
12,43971944,30,15,
12,43972004,105,67,
12,43972083,34,1,
12,43972154,31,5,
12,43972334,208,93,
12,43972425,215,120,
12,43972449,68,26,
12,43972485,211,79,
12,43972535,346,212,
12,43972669,169,59,
12,43972757,77,182,
12,43972927,74,11,
12,43973167,48,4,
12,43973395,444,414,
12,43973502,40,11,
12,43973677,72,8,
12,43973721,355,200,
12,43973964,31,6,
12,43974005,194,81,
12,43974026,52,24,
12,43974344,45,22,
12,43974461,153,65,
12,43974599,27,3,
12,43974872,130,59,
12,43974891,420,212,
12,43975143,57,6,
12,43975352,353,548,
12,43975404,69,10,
12,43975423,236,107,
12,43975782,107,18,
12,43976274,85,18,
12,43976504,89,12,
12,43976557,242,548,
12,43976886,16,1,
12,43976895,180,37,
12,43977147,104,28,
12,43977515,46,10,
12,43977539,11,2,
12,43977648,18,2,
12,43977821,9,4,
12,43977896,48,18,
12,43977901,17,15,
12,43978155,39,17,
12,43978357,256,126,
12,43978435,454,395,
12,43978476,75,16,
12,43979063,175,71,
12,43979322,23,1,
12,43979546,33,17,
12,43979916,138,30,
12,43980036,284,360,
12,43980760,452,60,
12,43980845,493,356,
12,43981170,411,166,
12,43981198,88,294,
12,43981680,309,121,
12,43981861,22,3,
12,43981971,144,52,
12,43982238,117,108,
12,43982495,103,94,
12,43982777,386,224,
12,43982784,89,71,
12,43982892,93,44,
12,43983159,274,261,
12,43983196,95,59,
12,43983201,67,42,
12,43983455,119,124,
12,43983627,49,6,
12,43983871,797,336,
12,43984097,185,44,
12,43984275,149,81,
12,43984297,407,313,
12,43984770,125,34,
12,43984860,147,83,
12,43985489,1021,264,
12,43985513,964,363,
12,43985527,51,22,
12,43985624,159,52,
12,43985861,182,424,
12,43985971,399,144,
12,43985994,46,33,
12,43986229,14,4,
12,43986424,182,143,
12,43986821,60,44,
12,43986833,93,50,
12,43987367,98,31,
12,43987814,41,5,
12,43987852,33,6,
12,43988070,31,6,
12,43988315,204,227,
12,43988381,224,51,
12,43988518,17,1,
12,43988533,176,172,
12,43988753,46,7,
12,43988975,51,25,
12,43989497,240,272,
12,43990262,50,5,
12,43990515,26,28,
12,43991091,103,28,
12,43991185,66,7,
12,43991221,113,41,
12,43991256,371,254,
12,43991396,722,267,
12,43991500,33,2,
12,43991554,23,27,
12,43991962,76,83,
12,43992100,70,11,
12,43992242,32,0,
12,43993311,68,0,10
12,43993374,18,7,
12,43993707,162,135,
12,43993711,338,289,
12,43993897,114,73,
12,43993982,56,90,
12,43994190,85,42,
12,43994306,90,47,
12,43994333,155,46,
12,43994486,36,14,
12,43994765,373,366,
12,43994791,24,3,
12,43994827,143,51,
12,43994987,176,52,
12,43995005,260,47,
12,43995067,193,98,8
12,43995094,18,8,
12,43995122,42,41,
12,43995144,78,6,
12,43995302,184,111,
12,43995501,76,9,
12,43995700,13,5,
12,43996031,55,16,
12,43996071,75,62,
12,43996226,23,0,
12,43996243,44,14,
12,43996251,115,98,
12,43996307,416,494,
12,43996422,17,13,26
12,43996431,482,205,
12,43996515,6,0,15
12,43996555,144,100,
12,43996597,24,19,
12,43996601,28,1,
12,43996770,20,13,
12,43996796,37,7,
12,43997071,30,18,
12,43997135,141,27,
12,43997286,58,29,
12,43997467,44,13,
12,43997636,1229,523,
12,43997728,71,129,
12,43997830,193,143,
12,43997932,125,89,
12,43998008,90,79,
12,43998049,189,61,
12,43998115,141,38,
12,43998341,29,14,
12,43998423,94,31,
12,43998472,439,317,
12,43998485,21,9,
12,43998707,171,23,
12,43998858,3,0,
12,43998945,36,2,
12,43999492,187,248,
12,43999748,426,164,
12,43999897,210,25,
12,43999919,28,0,
12,44000700,340,86,
12,44000724,99,54,
12,44000759,226,167,
12,44000778,10,4,
12,44001087,351,83,
12,44001391,92,23,
12,44001765,197,473,
12,44001803,12,0,
12,44002333,339,312,
12,44002639,39,1,
12,44002694,18,1,
12,44003184,29,14,
12,44003347,77,38,
12,44003445,288,285,
12,44003447,121,15,
12,44003449,117,112,
12,44003700,356,217,
12,44003741,196,68,
12,44003928,30,2,
12,44004388,510,189,
12,44004625,274,119,
12,44004827,85,35,
12,44005008,244,406,
12,44005110,109,85,
12,44005195,161,35,
12,44005413,12,3,
12,44005668,115,34,
12,44005692,89,25,29
12,44005899,58,25,
12,44006231,243,101,
12,44006345,501,426,
12,44006381,251,446,
12,44006426,378,198,
12,44006735,76,31,
12,44006824,195,60,
12,44007065,68,22,
12,44007652,6,0,
12,44007714,51,11,
12,44007854,33,7,
12,44008005,34,8,
12,44008412,74,43,
12,44008597,12,0,
12,44008843,676,425,
12,44009185,83,16,
12,44009321,270,40,
12,44009464,193,42,
12,44009521,6,0,30
12,44009621,41,12,
12,44009848,484,347,
12,44009894,69,8,
12,44009999,314,342,
12,44010007,23,19,
12,44010096,41,4,25
12,44010659,29,6,
12,44010684,28,0,30
12,44010694,23,3,
12,44010705,113,143,
12,44010922,68,22,
12,44011139,37,4,
12,44011232,20,4,
12,44011254,79,23,
12,44011381,188,210,
12,44011489,193,33,
12,44011515,193,62,
12,44011569,31,10,
12,44011645,20,10,
12,44011654,115,93,
12,44011711,6,0,
12,44011757,14,7,
12,44012074,46,13,
12,44012219,5,0,
12,44012227,326,228,
12,44012247,48,20,
12,44012283,106,50,25
12,44012418,28,0,16
12,44012495,13,5,
12,44012538,17,0,
12,44012549,13,5,
12,44012615,185,62,
12,44012729,110,5,
12,44012846,3,0,
12,44013000,3,0,
12,44013046,40,7,
12,44013069,12,1,
12,44013154,69,35,
12,44013157,538,193,
12,44013181,92,12,
12,44013201,48,11,
12,44013205,6,1,
12,44013240,3,0,
12,44013266,54,8,
12,44013322,4,1,
12,44013387,54,11,
12,44013470,32,10,
12,44013517,58,23,
12,44013671,66,20,
12,44013674,5,0,
12,44013781,3,1,
12,44013868,6,0,
12,44013913,230,157,
12,44013933,88,3,
12,44014011,22,1,
12,44014024,12,2,
12,44014046,337,72,
12,44014272,5,2,
12,44014323,3,0,
12,44014330,3,0,
12,44014343,29,0,
12,44014384,55,59,
12,44014587,218,52,
12,44014661,28,0,
12,44014808,470,209,
12,44015144,337,245,
12,44015162,18,2,
12,44015367,254,72,
12,44015407,10,0,
12,44015486,10,5,
12,44015557,33,6,
12,44015614,18,2,
12,44015649,139,83,
12,44015657,99,44,
12,44015872,239,137,
12,44015880,7,0,
12,44016037,404,45,
12,44016059,4,0,
12,44016177,12,0,
12,44016265,45,3,
12,44016273,20,1,
12,44016289,45,16,
12,44016329,26,13,
12,44016336,182,61,
12,44016416,5,0,
12,44016530,107,50,
12,44016564,129,16,
12,44016621,138,114,
12,44016914,12,0,
12,44016946,26,7,
12,44017056,86,16,
12,44017098,22,6,
12,44017317,21,4,
12,44017472,19,3,
12,44017547,7,1,
12,44017560,3,0,
12,44017592,112,42,
12,44017682,57,4,
12,44017692,148,44,
12,44017832,34,29,
12,44017913,336,206,
12,44018095,8,2,
12,44018283,63,27,
12,44018301,186,114,
12,44018319,28,13,
12,44018386,80,57,
12,44018400,60,46,
12,44018479,11,6,
12,44018662,42,4,
12,44018741,80,12,
12,44018857,11,5,
12,44018886,134,104,
12,44019143,12,4,
12,44019193,16,14,
12,44019386,142,80,
12,44019418,4,0,
12,44019791,13,6,
12,44019917,7,0,
12,44020019,57,10,
12,44020050,20,11,
12,44020129,11,1,
12,44020240,17,3,
12,44020293,13,2,
12,44020295,30,7,
12,44020315,86,4,
12,44020439,9,2,
12,44020469,26,4,
12,44020526,4,0,
12,44020574,56,21,
12,44020588,3,0,
12,44020591,906,469,9
12,44020626,140,59,
12,44020734,191,75,
12,44020832,173,173,3
12,44020914,48,23,
12,44020975,65,62,
12,44021028,130,39,
12,44021191,70,25,
12,44021358,5,0,
12,44021629,3,0,
12,44021644,28,6,
12,44021758,4,0,
12,44021791,4,0,
12,44021792,136,96,
12,44021824,176,84,
12,44021883,57,13,
12,44021920,3,0,
12,44021993,3,0,
12,44022059,4,0,
12,44022188,4,0,
12,44022215,243,439,21
12,44022225,237,29,23
12,44022233,64,16,
12,44022265,94,8,
12,44022272,14,1,
12,44022352,10,0,
12,44022353,348,109,17
12,44022384,10,0,
12,44022448,364,416,13
12,44022484,67,22,
12,44022529,17,1,
12,44022575,16,3,
12,44022677,37,27,
12,44022758,277,123,24
12,44022781,38,12,
12,44022799,13,7,
12,44022859,8,2,
12,44022876,5,1,
12,44023081,13,4,
12,44023144,206,120,
12,44023183,18,6,
12,44023354,5,0,
12,44023379,16,4,
12,44023400,5,1,
12,44023423,119,67,
12,44023471,25,11,
12,44023634,28,36,13
12,44023635,5,2,
12,44023663,53,68,
12,44023680,110,48,28
12,44023881,3,0,
12,44023995,3,4,
12,44024055,76,11,
12,44024173,90,63,
12,44024242,5,0,
12,44024245,4,1,
12,44024322,14,4,
12,44024393,12,3,
12,44024461,10,0,
12,44024483,4,1,
12,44024503,22,17,
12,44024548,11,1,
12,44024605,9,3,
12,44024687,21,4,
12,44024718,6,0,
12,44024756,8,1,
12,44024759,511,166,22
12,44024784,111,57,
12,44024842,48,24,
12,44024843,59,77,
12,44024867,5,2,
12,44024896,6,2,
12,44024919,55,32,
12,44024987,8,2,
12,44025022,72,80,
12,44025127,64,69,
12,44025263,7,5,
12,44025299,4,0,
12,44025324,87,37,
12,44025380,5,0,
12,44025391,9,1,
12,44025439,165,31,11
12,44025484,94,58,15
12,44025610,4,0,
12,44025912,6,1,
12,44026018,16,2,
12,44026170,79,38,20
12,44026182,4,0,
12,44026201,62,62,
12,44026202,48,44,
12,44026237,8,6,
12,44026294,11,4,
12,44026335,15,7,
12,44026367,11,1,
12,44026456,3,2,
12,44026799,117,35,4
12,44026959,7,2,
12,44027008,8,0,
12,44027095,12,1,
12,44027100,9,0,
12,44027379,36,47,24
12,44027495,3,2,
12,44027722,39,53,26
12,44027768,26,4,6
12,44027808,16,2,
12,44027849,22,13,
12,44027867,75,32,2
12,44027997,25,10,5
12,44028139,4,4,
12,44028153,171,123,15
12,44028250,43,9,1
12,44028384,40,38,2
12,44028435,35,16,6
12,44028483,8,0,9
12,44028526,4,1,
12,44028536,3,0,
12,44028566,27,0,19
12,44028587,17,7,18
12,44028810,3,1,
13,43964505,135,81,
13,43964827,194,38,
13,43964896,80,27,
13,43964937,567,309,
13,43965608,173,163,
13,43966089,376,251,
13,43966471,91,32,
13,43966694,185,46,
13,43966843,164,148,
13,43967405,59,7,
13,43967962,122,10,
13,43968141,169,39,
13,43968693,76,55,
13,43968897,367,74,
13,43969442,123,32,
13,43969827,852,462,
13,43970057,92,36,
13,43970363,90,60,
13,43970509,72,9,
13,43970637,121,64,
13,43970710,32,21,
13,43970768,62,16,
13,43970800,212,210,
13,43970837,566,350,
13,43970953,56,23,
13,43971068,113,70,
13,43971149,76,15,
13,43971177,296,142,
13,43971185,26,3,
13,43971314,95,29,
13,43971442,55,40,
13,43971464,844,810,
13,43971515,439,704,
13,43971616,307,166,
13,43971620,312,105,
13,43971678,21,4,
13,43971685,66,17,
13,43971688,144,77,
13,43971716,416,259,
13,43971791,119,109,
13,43971853,686,139,
13,43971941,78,32,
13,43971944,30,15,
13,43972004,105,68,
13,43972083,34,1,
13,43972154,31,5,
13,43972334,208,93,
13,43972425,215,120,
13,43972449,68,26,
13,43972485,211,79,
13,43972535,346,212,
13,43972669,169,59,
13,43972757,77,182,
13,43972927,74,11,
13,43973167,48,4,
13,43973395,444,414,
13,43973502,40,11,
13,43973677,72,8,
13,43973721,355,200,
13,43973964,31,6,
13,43974005,194,81,
13,43974026,52,24,
13,43974344,45,22,
13,43974461,153,65,
13,43974599,27,3,
13,43974872,130,59,
13,43974891,420,212,
13,43975143,57,6,
13,43975352,353,548,
13,43975404,69,10,
13,43975423,236,108,
13,43975782,107,18,
13,43976274,85,18,
13,43976504,89,12,
13,43976557,242,548,
13,43976886,16,1,
13,43976895,180,37,
13,43977147,104,28,
13,43977515,46,10,
13,43977539,11,2,
13,43977648,18,2,
13,43977821,9,4,
13,43977896,48,18,
13,43977901,17,15,
13,43978155,39,17,
13,43978357,256,126,
13,43978435,454,395,
13,43978476,75,16,
13,43979063,175,71,
13,43979322,23,1,
13,43979546,33,17,
13,43979916,138,30,
13,43980036,284,360,
13,43980760,452,60,
13,43980845,493,357,
13,43981170,411,166,
13,43981198,88,295,
13,43981680,309,121,
13,43981861,22,3,
13,43981971,144,52,
13,43982238,117,108,
13,43982495,103,94,
13,43982777,386,224,
13,43982784,89,71,
13,43982892,93,44,
13,43983159,274,261,
13,43983196,95,60,
13,43983201,67,42,
13,43983455,119,124,
13,43983627,49,6,
13,43983871,798,336,
13,43984097,185,44,
13,43984275,149,81,
13,43984297,407,313,
13,43984770,126,36,
13,43984860,147,83,
13,43985489,1022,265,
13,43985513,969,363,
13,43985527,51,22,
13,43985624,159,52,
13,43985861,182,424,
13,43985971,399,144,
13,43985994,46,33,
13,43986229,15,4,
13,43986424,182,143,
13,43986821,60,44,
13,43986833,93,50,
13,43987367,99,31,
13,43987814,41,5,
13,43987852,34,6,
13,43988070,31,6,
13,43988315,204,227,
13,43988381,224,51,
13,43988518,17,1,
13,43988533,176,172,
13,43988753,46,7,
13,43988975,51,25,
13,43989497,240,272,
13,43990262,50,5,
13,43990515,26,28,
13,43991091,103,28,
13,43991185,66,7,
13,43991221,113,41,
13,43991256,371,254,
13,43991396,723,267,
13,43991500,33,2,
13,43991554,23,27,
13,43991962,78,83,
13,43992100,70,11,
13,43992242,32,0,
13,43993311,76,1,12
13,43993374,18,7,
13,43993707,163,136,
13,43993711,339,289,
13,43993897,114,73,
13,43993982,56,91,
13,43994190,85,42,
13,43994306,91,47,
13,43994333,155,46,
13,43994486,36,14,
13,43994765,373,366,
13,43994791,24,3,
13,43994827,143,51,
13,43994987,176,52,
13,43995005,260,47,
13,43995067,201,101,10
13,43995094,18,8,
13,43995122,42,41,
13,43995144,78,6,
13,43995302,184,111,
13,43995501,76,9,
13,43995700,13,5,
13,43996031,55,16,
13,43996071,75,62,
13,43996226,23,0,
13,43996243,44,14,
13,43996251,116,98,
13,43996307,416,496,
13,43996422,17,16,
13,43996431,482,205,
13,43996515,13,0,18
13,43996555,144,100,
13,43996597,24,19,
13,43996601,28,1,
13,43996770,20,20,
13,43996796,37,7,
13,43997071,30,18,
13,43997135,141,27,
13,43997286,58,29,
13,43997467,44,13,
13,43997636,1231,523,
13,43997728,71,129,
13,43997830,193,143,
13,43997932,125,89,
13,43998008,90,79,
13,43998049,189,61,
13,43998115,141,38,
13,43998341,29,14,
13,43998423,94,31,
13,43998472,439,317,
13,43998485,21,9,
13,43998707,171,23,
13,43998858,3,0,
13,43998945,36,2,
13,43999492,187,249,
13,43999748,426,164,
13,43999897,212,26,
13,43999919,28,0,
13,44000700,340,86,
13,44000724,99,54,
13,44000759,226,167,
13,44000778,10,4,
13,44001087,351,83,
13,44001391,92,23,
13,44001765,197,473,
13,44001803,12,0,
13,44002333,339,312,
13,44002639,39,1,
13,44002694,18,1,
13,44003184,29,14,
13,44003347,77,38,
13,44003445,288,285,
13,44003447,121,15,
13,44003449,117,112,
13,44003700,356,217,
13,44003741,196,68,
13,44003928,30,2,
13,44004388,510,189,
13,44004625,274,119,
13,44004827,85,35,
13,44005008,244,407,
13,44005110,109,85,
13,44005195,161,35,
13,44005668,115,34,
13,44005692,91,32,
13,44005899,58,25,
13,44006231,243,101,
13,44006345,501,428,
13,44006381,251,446,
13,44006426,378,198,
13,44006735,76,31,
13,44006824,195,60,
13,44007065,68,22,
13,44007652,6,0,
13,44007714,51,11,
13,44007854,33,7,
13,44008005,34,8,
13,44008412,74,43,
13,44008597,12,0,
13,44008843,677,425,
13,44009185,83,16,
13,44009321,270,40,
13,44009464,193,42,
13,44009521,6,0,
13,44009621,41,12,
13,44009848,484,347,
13,44009894,69,8,
13,44009999,314,342,
13,44010007,23,19,
13,44010096,45,4,30
13,44010659,29,6,
13,44010684,29,0,
13,44010694,23,3,
13,44010705,113,143,
13,44010922,68,21,
13,44011139,37,4,
13,44011232,20,4,
13,44011254,79,23,
13,44011381,188,210,
13,44011489,193,33,
13,44011515,193,62,
13,44011569,31,10,
13,44011645,20,10,
13,44011654,115,93,
13,44011711,6,0,
13,44011757,14,7,
13,44012074,46,13,
13,44012219,5,0,
13,44012227,326,228,
13,44012247,48,20,
13,44012283,117,51,26
13,44012418,32,0,18
13,44012495,13,5,
13,44012538,17,0,
13,44012549,13,5,
13,44012615,185,62,
13,44012729,110,5,
13,44012846,3,0,
13,44013000,3,0,
13,44013046,40,7,
13,44013069,12,1,
13,44013154,69,35,
13,44013157,540,193,
13,44013181,92,12,
13,44013201,48,11,
13,44013205,6,1,
13,44013240,3,0,
13,44013266,54,8,
13,44013322,4,1,
13,44013387,54,11,
13,44013470,32,10,
13,44013517,58,23,
13,44013671,66,20,
13,44013674,5,0,
13,44013781,3,1,
13,44013868,19,10,9
13,44013913,230,159,
13,44013933,88,3,
13,44014011,22,1,
13,44014024,12,2,
13,44014046,337,72,
13,44014272,5,2,
13,44014323,3,0,
13,44014330,3,0,
13,44014343,29,0,
13,44014384,55,59,
13,44014587,219,52,
13,44014661,28,0,
13,44014808,470,209,
13,44015144,339,246,
13,44015162,18,2,
13,44015367,255,72,
13,44015486,10,5,
13,44015557,33,6,
13,44015614,18,2,
13,44015649,139,83,
13,44015657,99,44,
13,44015872,240,138,
13,44015880,7,0,
13,44016037,407,45,
13,44016059,4,0,
13,44016177,12,0,
13,44016265,45,3,
13,44016273,20,1,
13,44016289,45,16,
13,44016329,26,13,
13,44016336,182,61,
13,44016416,5,0,
13,44016530,107,50,
13,44016564,129,16,
13,44016621,138,114,
13,44016914,12,0,
13,44016946,26,7,
13,44017056,86,16,
13,44017098,22,6,
13,44017317,21,4,
13,44017472,19,3,
13,44017547,7,1,
13,44017560,3,0,
13,44017592,113,42,
13,44017682,57,4,
13,44017692,148,45,
13,44017832,34,29,
13,44017913,338,207,
13,44018095,8,2,
13,44018283,63,28,
13,44018301,186,114,
13,44018319,28,13,
13,44018400,60,46,
13,44018479,11,6,
13,44018662,42,4,
13,44018741,80,12,
13,44018857,11,5,
13,44018886,135,105,
13,44019143,12,4,
13,44019193,16,14,
13,44019386,142,80,
13,44019418,4,0,
13,44019791,13,6,
13,44019917,7,0,
13,44020019,58,10,
13,44020050,20,11,
13,44020129,11,1,
13,44020240,17,3,
13,44020293,13,2,
13,44020295,30,7,
13,44020315,86,4,
13,44020439,9,2,
13,44020469,26,4,
13,44020526,4,0,
13,44020574,56,22,
13,44020588,3,0,
13,44020591,915,472,
13,44020626,140,59,
13,44020734,193,75,
13,44020832,214,202,4
13,44020914,48,23,
13,44020975,65,62,
13,44021028,130,39,
13,44021191,70,26,
13,44021358,5,0,
13,44021629,3,0,
13,44021644,28,6,
13,44021758,4,0,
13,44021791,4,0,
13,44021792,136,96,
13,44021824,176,84,
13,44021883,57,13,
13,44021920,3,0,
13,44021993,3,0,
13,44022059,4,0,
13,44022188,4,0,
13,44022215,269,501,22
13,44022225,243,29,27
13,44022233,64,16,
13,44022265,96,8,
13,44022272,14,1,
13,44022352,10,0,
13,44022353,354,114,20
13,44022384,10,0,
13,44022448,373,432,14
13,44022484,67,22,
13,44022529,17,1,
13,44022575,16,3,
13,44022677,37,30,
13,44022758,286,126,28
13,44022781,38,12,
13,44022799,13,7,
13,44022859,8,2,
13,44022876,5,1,
13,44023081,13,4,
13,44023144,209,120,
13,44023183,18,6,
13,44023354,5,0,
13,44023379,16,4,
13,44023400,5,1,
13,44023423,120,67,
13,44023471,25,11,
13,44023634,32,40,14
13,44023635,5,2,
13,44023663,54,68,
13,44023680,113,50,
13,44023881,3,0,
13,44023995,3,4,
13,44024055,77,11,
13,44024173,91,65,
13,44024242,5,0,
13,44024245,4,1,
13,44024322,14,5,
13,44024393,12,3,
13,44024461,10,0,
13,44024483,4,1,
13,44024503,23,17,
13,44024548,11,1,
13,44024605,9,3,
13,44024687,21,4,
13,44024718,6,0,
13,44024756,8,1,
13,44024759,529,173,25
13,44024784,123,67,23
13,44024842,49,25,
13,44024843,60,77,
13,44024867,5,2,
13,44024896,6,2,
13,44024919,55,33,
13,44024987,8,2,
13,44025022,72,81,
13,44025127,66,70,
13,44025263,7,5,
13,44025299,4,0,
13,44025324,90,39,
13,44025380,5,0,
13,44025391,9,1,
13,44025439,177,31,11
13,44025484,106,64,16
13,44025610,4,0,
13,44025912,6,1,
13,44026018,16,2,
13,44026170,81,42,
13,44026182,4,0,
13,44026201,65,64,19
13,44026202,49,47,
13,44026294,12,6,
13,44026367,12,1,
13,44026456,3,2,
13,44026799,123,40,7
13,44026959,7,2,
13,44027008,8,0,
13,44027095,13,1,
13,44027100,11,0,
13,44027379,39,50,27
13,44027495,4,2,
13,44027722,44,58,
13,44027768,29,6,8
13,44027808,17,2,
13,44027849,27,27,
13,44027867,98,51,4
13,44028076,5,1,
13,44028139,5,6,
13,44028153,306,168,1
13,44028250,66,12,1
13,44028384,67,71,9
13,44028435,50,28,5
13,44028483,18,0,8
13,44028526,4,1,
13,44028536,4,0,
13,44028566,58,24,16
13,44028587,24,17,23
13,44028810,5,2,
13,44028825,9,1,
13,44029142,36,5,3
13,44029191,5,0,
13,44029713,10,1,17
14,43964505,135,81,
14,43964827,194,38,
14,43964896,80,27,
14,43964937,567,309,
14,43965608,173,163,
14,43966089,376,251,
14,43966471,91,32,
14,43966694,185,46,
14,43966843,164,148,
14,43967405,59,7,
14,43967962,122,10,
14,43968141,169,39,
14,43968693,76,55,
14,43968897,367,74,
14,43969442,123,32,
14,43969827,852,463,
14,43970057,92,36,
14,43970363,90,60,
14,43970509,72,9,
14,43970637,121,64,
14,43970710,32,21,
14,43970768,62,16,
14,43970800,212,210,
14,43970837,566,350,
14,43970953,56,23,
14,43971068,113,70,
14,43971149,76,15,
14,43971177,296,142,
14,43971185,26,3,
14,43971314,95,29,
14,43971442,55,40,
14,43971464,844,811,
14,43971515,439,704,
14,43971616,307,166,
14,43971620,312,105,
14,43971678,21,4,
14,43971685,66,17,
14,43971688,144,77,
14,43971716,416,259,
14,43971791,119,109,
14,43971853,686,139,
14,43971941,78,32,
14,43971944,30,15,
14,43972004,105,68,
14,43972083,34,1,
14,43972154,31,5,
14,43972334,209,93,
14,43972425,215,120,
14,43972449,68,26,
14,43972485,211,80,
14,43972535,346,212,
14,43972669,169,59,
14,43972757,77,182,
14,43972927,74,11,
14,43973167,48,4,
14,43973395,444,414,
14,43973502,40,11,
14,43973677,72,8,
14,43973721,355,200,
14,43973964,31,6,
14,43974005,194,81,
14,43974026,52,24,
14,43974344,45,22,
14,43974461,154,65,
14,43974599,27,3,
14,43974872,130,59,
14,43974891,420,212,
14,43975143,57,6,
14,43975352,353,548,
14,43975404,69,10,
14,43975423,236,108,
14,43975782,107,18,
14,43976274,85,18,
14,43976504,89,12,
14,43976557,242,548,
14,43976886,16,1,
14,43976895,180,37,
14,43977147,104,28,
14,43977515,46,10,
14,43977539,11,2,
14,43977648,21,2,
14,43977821,9,4,
14,43977896,48,18,
14,43977901,17,15,
14,43978155,39,17,
14,43978357,256,126,
14,43978435,454,395,
14,43978476,75,16,
14,43979063,176,71,
14,43979322,23,1,
14,43979546,33,17,
14,43979916,138,30,
14,43980036,284,360,
14,43980760,452,60,
14,43980845,493,357,
14,43981170,412,166,
14,43981198,88,298,
14,43981680,309,121,
14,43981861,22,3,
14,43981971,144,52,
14,43982238,117,108,
14,43982495,103,94,
14,43982777,386,224,
14,43982784,89,71,
14,43982892,93,44,
14,43983159,274,262,
14,43983196,95,61,
14,43983201,67,42,
14,43983455,119,124,
14,43983627,49,6,
14,43983871,799,336,
14,43984097,185,44,
14,43984275,149,81,
14,43984297,408,313,
14,43984770,126,36,
14,43984860,147,83,
14,43985489,1022,265,
14,43985513,971,366,
14,43985527,51,22,
14,43985624,159,52,
14,43985861,182,424,
14,43985971,399,144,
14,43985994,46,33,
14,43986229,15,4,
14,43986424,182,143,
14,43986821,60,44,
14,43986833,93,50,
14,43987367,99,31,
14,43987814,41,5,
14,43987852,34,6,
14,43988070,31,6,
14,43988315,204,227,
14,43988381,224,51,
14,43988518,17,1,
14,43988533,176,172,
14,43988753,46,7,
14,43988975,51,25,
14,43989497,240,272,
14,43990262,52,5,
14,43990515,26,28,
14,43991091,103,28,
14,43991185,66,7,
14,43991221,113,41,
14,43991256,371,254,
14,43991396,723,267,
14,43991500,33,2,
14,43991554,24,27,
14,43991962,78,83,
14,43992100,70,11,
14,43992242,32,0,
14,43993311,88,2,13
14,43993374,18,7,
14,43993707,163,138,
14,43993711,339,291,
14,43993897,114,73,
14,43993982,56,92,
14,43994190,85,42,
14,43994306,91,47,
14,43994333,155,46,
14,43994486,36,14,
14,43994765,374,366,
14,43994791,24,3,
14,43994827,143,51,
14,43994987,176,52,
14,43995005,260,47,
14,43995067,207,106,11
14,43995094,18,9,
14,43995122,42,41,
14,43995144,78,6,
14,43995302,184,111,
14,43995501,77,9,
14,43995700,13,5,
14,43996031,55,16,
14,43996071,75,62,
14,43996226,23,0,
14,43996243,44,14,
14,43996251,116,98,
14,43996307,416,496,
14,43996422,19,17,
14,43996431,482,205,
14,43996515,21,1,10
14,43996555,144,100,
14,43996597,24,19,
14,43996601,28,1,
14,43996770,20,22,
14,43996796,37,7,
14,43997071,30,18,
14,43997135,141,27,
14,43997286,58,29,
14,43997467,44,13,
14,43997636,1232,524,
14,43997728,71,129,
14,43997830,193,143,
14,43997932,125,89,
14,43998008,90,79,
14,43998049,189,61,
14,43998075,10,3,10
14,43998115,141,38,
14,43998341,29,14,
14,43998423,94,31,
14,43998472,439,317,
14,43998485,21,10,
14,43998707,171,23,
14,43998858,3,0,
14,43998945,36,3,
14,43999492,187,249,
14,43999748,426,164,
14,43999897,213,26,
14,43999919,28,0,
14,44000700,340,86,
14,44000724,99,54,
14,44000759,226,167,
14,44000778,10,4,
14,44001087,351,83,
14,44001391,92,23,
14,44001653,6,0,
14,44001765,197,473,
14,44001803,12,0,
14,44002333,339,313,
14,44002639,40,1,
14,44002694,18,1,
14,44003184,29,14,
14,44003347,77,38,
14,44003445,288,287,
14,44003447,121,15,
14,44003449,117,112,
14,44003700,356,217,
14,44003741,196,68,
14,44003928,30,2,
14,44004388,510,189,
14,44004625,274,119,
14,44004827,85,35,
14,44005008,244,407,
14,44005110,109,85,
14,44005195,161,35,
14,44005368,4,0,
14,44005413,12,3,
14,44005668,115,34,
14,44005692,91,32,
14,44005899,58,25,
14,44006231,243,101,
14,44006345,501,436,
14,44006381,251,446,
14,44006426,378,198,
14,44006735,76,31,
14,44006824,195,60,
14,44007065,68,22,
14,44007652,6,0,
14,44007714,51,11,
14,44007854,33,7,
14,44008005,34,8,
14,44008412,74,43,
14,44008597,12,0,
14,44008843,678,426,
14,44009185,85,16,
14,44009321,270,40,
14,44009464,193,42,
14,44009521,6,0,
14,44009621,41,12,
14,44009848,484,349,
14,44009894,69,8,
14,44009999,314,342,
14,44010007,23,19,
14,44010096,46,7,29
14,44010659,29,7,
14,44010684,29,0,
14,44010694,23,3,
14,44010705,113,143,
14,44010922,68,21,
14,44011139,37,5,
14,44011232,20,4,
14,44011254,79,24,
14,44011381,188,210,
14,44011489,193,33,
14,44011515,193,62,
14,44011569,31,10,
14,44011645,20,10,
14,44011654,115,93,
14,44011711,6,0,
14,44011757,14,7,
14,44012074,46,13,
14,44012219,5,0,
14,44012227,326,228,
14,44012247,48,20,
14,44012283,124,56,25
14,44012418,36,0,20
14,44012495,13,5,
14,44012538,18,0,
14,44012549,13,5,
14,44012615,185,62,
14,44012729,111,5,
14,44012846,3,0,
14,44013000,3,0,
14,44013046,40,7,
14,44013069,12,1,
14,44013154,69,35,
14,44013157,540,193,
14,44013181,92,12,
14,44013201,48,11,
14,44013205,6,1,
14,44013240,3,0,
14,44013266,54,8,
14,44013290,4,0,
14,44013322,4,1,
14,44013387,55,11,
14,44013470,32,10,
14,44013517,58,23,
14,44013671,66,20,
14,44013674,5,0,
14,44013781,3,1,
14,44013868,44,38,6
14,44013913,230,159,
14,44013933,88,3,
14,44014011,22,1,
14,44014024,12,2,
14,44014046,338,73,
14,44014272,5,2,
14,44014323,3,0,
14,44014330,3,0,
14,44014343,29,0,
14,44014384,55,59,
14,44014587,220,52,
14,44014661,28,0,
14,44014808,470,209,
14,44015144,340,246,
14,44015162,18,2,
14,44015367,255,72,
14,44015486,10,5,
14,44015557,33,6,
14,44015614,18,2,
14,44015649,139,83,
14,44015657,100,44,
14,44015872,240,138,
14,44015880,7,0,
14,44016037,409,45,
14,44016059,4,0,
14,44016177,12,0,
14,44016265,45,3,
14,44016273,20,1,
14,44016289,45,16,
14,44016329,26,13,
14,44016336,182,61,
14,44016416,5,0,
14,44016530,107,50,
14,44016564,130,16,
14,44016621,138,114,
14,44016946,26,7,
14,44017056,86,16,
14,44017098,22,6,
14,44017317,21,4,
14,44017472,19,3,
14,44017547,7,1,
14,44017560,3,0,
14,44017592,113,42,
14,44017682,57,4,
14,44017692,148,45,
14,44017832,34,30,
14,44017913,338,207,
14,44018095,8,2,
14,44018283,63,29,
14,44018301,186,114,
14,44018319,28,13,
14,44018400,60,46,
14,44018479,11,6,
14,44018662,42,4,
14,44018741,80,12,
14,44018857,11,5,
14,44018886,136,107,
14,44019143,12,4,
14,44019193,16,15,
14,44019386,142,80,
14,44019418,4,0,
14,44019791,13,6,
14,44019917,7,0,
14,44020019,58,10,
14,44020050,20,11,
14,44020129,11,1,
14,44020240,17,3,
14,44020293,13,2,
14,44020295,30,7,
14,44020315,86,4,
14,44020469,26,4,
14,44020526,4,0,
14,44020574,56,22,
14,44020588,3,0,
14,44020591,918,477,30
14,44020626,141,60,
14,44020734,193,76,
14,44020832,259,234,3
14,44020914,48,23,
14,44020975,67,62,
14,44021028,131,39,
14,44021191,71,26,
14,44021358,5,0,
14,44021629,3,0,
14,44021644,28,6,
14,44021758,4,0,
14,44021791,4,0,
14,44021792,136,96,
14,44021824,177,84,
14,44021883,58,14,
14,44021920,3,0,
14,44021993,3,0,
14,44022059,4,0,
14,44022188,4,0,
14,44022215,280,573,21
14,44022225,248,31,26
14,44022233,66,16,
14,44022265,96,8,
14,44022272,14,1,
14,44022352,10,0,
14,44022353,361,117,18
14,44022384,10,0,
14,44022448,385,447,15
14,44022484,67,22,
14,44022529,17,1,
14,44022575,16,3,
14,44022677,37,31,
14,44022758,296,131,24
14,44022781,39,12,
14,44022799,13,7,
14,44022859,8,2,
14,44022876,5,1,
14,44023081,13,4,
14,44023144,211,120,
14,44023183,18,7,
14,44023354,5,0,
14,44023379,16,4,
14,44023400,5,1,
14,44023423,121,68,
14,44023471,25,11,
14,44023634,37,41,18
14,44023635,5,2,
14,44023663,55,70,
14,44023680,120,54,28
14,44023881,3,0,
14,44023995,3,4,
14,44024055,77,11,
14,44024173,91,65,
14,44024242,5,0,
14,44024245,4,1,
14,44024322,15,5,
14,44024393,13,3,
14,44024461,11,0,
14,44024483,4,1,
14,44024503,23,17,
14,44024548,11,1,
14,44024605,9,4,
14,44024687,21,4,
14,44024718,6,0,
14,44024756,8,1,
14,44024759,540,178,23
14,44024784,134,75,21
14,44024842,49,26,
14,44024843,60,77,
14,44024867,5,2,
14,44024896,6,2,
14,44024919,55,33,
14,44024987,8,2,
14,44025022,73,81,
14,44025263,7,5,
14,44025299,4,0,
14,44025324,96,40,
14,44025380,5,0,
14,44025391,9,1,
14,44025439,193,37,12
14,44025484,124,74,16
14,44025610,4,0,
14,44025912,9,1,
14,44026018,17,2,
14,44026170,82,43,
14,44026182,4,0,
14,44026201,79,76,17
14,44026202,50,49,
14,44026294,12,6,
14,44026367,12,1,
14,44026456,3,2,
14,44026799,129,43,7
14,44026959,7,2,
14,44027008,8,0,
14,44027095,14,1,
14,44027100,11,0,
14,44027379,43,59,30
14,44027495,4,2,
14,44027722,47,62,
14,44027768,36,6,9
14,44027808,19,2,
14,44027849,37,38,
14,44027867,123,63,5
14,44028076,5,1,
14,44028139,6,6,
14,44028153,435,233,1
14,44028250,74,19,2
14,44028384,80,85,19
14,44028435,70,51,5
14,44028483,38,2,4
14,44028526,5,1,
14,44028536,4,0,
14,44028587,31,21,22
14,44028810,5,3,
14,44028825,10,0,
14,44029142,69,8,1
14,44029191,42,8,18
14,44029713,18,4,23
15,43964505,135,81,
15,43964827,194,38,
15,43964896,80,27,
15,43964937,567,309,
15,43965608,173,163,
15,43966089,376,251,
15,43966471,91,32,
15,43966694,185,46,
15,43966843,164,148,
15,43967405,59,7,
15,43967962,122,10,
15,43968141,169,39,
15,43968693,76,55,
15,43968897,367,74,
15,43969442,123,32,
15,43969827,852,463,
15,43970057,92,36,
15,43970363,90,60,
15,43970509,72,9,
15,43970637,121,64,
15,43970710,32,21,
15,43970768,62,16,
15,43970800,212,210,
15,43970837,566,350,
15,43970953,56,23,
15,43971068,113,70,
15,43971149,76,15,
15,43971177,296,143,
15,43971185,26,3,
15,43971314,95,29,
15,43971442,55,40,
15,43971464,844,812,
15,43971515,439,704,
15,43971616,307,166,
15,43971620,312,105,
15,43971678,21,4,
15,43971685,66,17,
15,43971688,144,77,
15,43971716,416,259,
15,43971791,119,109,
15,43971853,686,139,
15,43971941,78,32,
15,43971944,30,15,
15,43972004,105,68,
15,43972083,34,1,
15,43972154,31,5,
15,43972334,209,93,
15,43972425,215,120,
15,43972449,68,26,
15,43972485,211,80,
15,43972535,346,212,
15,43972669,169,59,
15,43972757,77,182,
15,43972927,74,11,
15,43973167,48,4,
15,43973395,444,414,
15,43973502,40,11,
15,43973677,72,8,
15,43973721,355,200,
15,43973964,31,6,
15,43974005,194,81,
15,43974026,52,24,
15,43974344,45,22,
15,43974461,154,65,
15,43974599,27,3,
15,43974872,130,59,
15,43974891,420,212,
15,43975143,57,6,
15,43975352,354,548,
15,43975404,69,10,
15,43975423,236,108,
15,43975782,107,18,
15,43976274,85,18,
15,43976504,89,12,
15,43976557,242,548,
15,43976886,16,1,
15,43976895,180,37,
15,43977147,104,28,
15,43977515,46,10,
15,43977539,11,2,
15,43977648,21,2,
15,43977821,9,4,
15,43977896,48,18,
15,43977901,17,15,
15,43978155,39,17,
15,43978357,256,126,
15,43978435,455,396,
15,43978476,75,16,
15,43979063,176,71,
15,43979322,23,1,
15,43979546,33,17,
15,43979916,138,30,
15,43980036,284,360,
15,43980760,452,60,
15,43980845,493,358,
15,43981170,412,166,
15,43981198,88,298,
15,43981680,309,121,
15,43981861,22,3,
15,43981971,144,52,
15,43982238,117,108,
15,43982495,103,94,
15,43982777,386,224,
15,43982784,89,71,
15,43982892,93,44,
15,43983159,274,262,
15,43983196,95,61,
15,43983201,68,42,
15,43983455,119,124,
15,43983627,49,6,
15,43983871,799,336,
15,43984097,185,44,
15,43984275,149,81,
15,43984297,408,313,
15,43984770,126,36,
15,43984860,147,83,
15,43985489,1022,265,
15,43985513,973,366,
15,43985527,51,22,
15,43985624,159,52,
15,43985861,182,424,
15,43985971,399,144,
15,43985994,46,33,
15,43986229,15,4,
15,43986424,182,143,
15,43986821,60,44,
15,43986833,93,50,
15,43987367,99,32,
15,43987814,41,5,
15,43987852,34,6,
15,43988070,31,6,
15,43988315,204,227,
15,43988381,224,51,
15,43988518,17,1,
15,43988533,176,172,
15,43988753,46,7,
15,43988975,51,26,
15,43989497,240,272,
15,43990262,53,5,
15,43990515,26,28,
15,43991091,103,28,
15,43991185,66,7,
15,43991221,113,41,
15,43991256,371,254,
15,43991396,723,267,
15,43991500,33,2,
15,43991554,24,27,
15,43991962,78,84,
15,43992100,71,11,
15,43992242,32,0,
15,43993311,108,2,12
15,43993374,18,7,
15,43993707,163,139,
15,43993711,340,291,
15,43993897,114,73,
15,43993982,56,94,
15,43994190,85,42,
15,43994306,91,47,
15,43994333,155,46,
15,43994486,36,14,
15,43994765,374,366,
15,43994791,24,3,
15,43994827,143,51,
15,43994987,176,52,
15,43995005,260,47,
15,43995067,218,112,13
15,43995094,18,9,
15,43995122,42,41,
15,43995144,78,6,
15,43995302,184,111,
15,43995501,78,10,
15,43995700,13,5,
15,43996031,55,16,
15,43996071,75,62,
15,43996226,23,0,
15,43996243,44,14,
15,43996251,116,98,
15,43996307,416,496,
15,43996422,20,21,
15,43996431,482,205,
15,43996515,28,3,10
15,43996555,144,100,
15,43996597,24,19,
15,43996601,28,1,
15,43996770,21,24,
15,43996796,37,7,
15,43997071,30,18,
15,43997135,141,27,
15,43997286,58,29,
15,43997467,44,13,
15,43997636,1232,524,
15,43997728,71,129,
15,43997830,193,143,
15,43997932,125,89,
15,43998008,90,79,
15,43998049,189,61,
15,43998075,25,17,6
15,43998115,141,38,
15,43998341,29,14,
15,43998423,94,31,
15,43998472,439,317,
15,43998485,21,10,
15,43998707,171,23,
15,43998858,3,0,
15,43998945,36,2,
15,43999492,187,249,
15,43999748,426,164,
15,43999897,213,26,
15,43999919,28,0,
15,44000700,340,86,
15,44000724,99,54,
15,44000759,226,167,
15,44000778,10,4,
15,44001087,351,83,
15,44001391,92,23,
15,44001765,197,473,
15,44001803,12,0,
15,44002333,340,313,
15,44002639,40,1,
15,44002694,18,1,
15,44003184,29,14,
15,44003347,77,38,
15,44003445,288,287,
15,44003447,121,15,
15,44003449,117,112,
15,44003700,357,217,
15,44003741,196,68,
15,44003928,31,2,
15,44004388,510,189,
15,44004625,274,119,
15,44004827,85,35,
15,44005008,244,408,
15,44005110,109,85,
15,44005195,161,35,
15,44005668,115,34,
15,44005692,92,32,
15,44005899,58,25,
15,44006231,243,101,
15,44006345,502,436,
15,44006381,251,449,
15,44006426,379,199,
15,44006735,76,31,
15,44006824,195,60,
15,44007065,68,22,
15,44007652,6,0,
15,44007714,51,11,
15,44007854,33,7,
15,44008005,34,8,
15,44008412,74,43,
15,44008597,12,0,
15,44008843,682,426,
15,44009125,6,1,17
15,44009185,85,16,
15,44009321,270,40,
15,44009464,193,42,
15,44009521,6,0,
15,44009621,41,12,
15,44009848,484,350,
15,44009894,69,8,
15,44009999,314,343,
15,44010007,23,19,
15,44010096,49,8,28
15,44010659,29,7,
15,44010684,29,1,
15,44010694,23,3,
15,44010705,113,142,
15,44010922,68,19,
15,44011139,37,5,
15,44011232,21,4,
15,44011254,79,24,
15,44011381,188,210,
15,44011489,193,33,
15,44011515,193,62,
15,44011645,20,10,
15,44011654,115,94,
15,44011711,6,0,
15,44011757,14,7,
15,44012074,46,13,
15,44012219,5,0,
15,44012227,326,229,
15,44012247,48,20,
15,44012283,129,62,26
15,44012418,41,0,20
15,44012495,13,5,
15,44012538,18,0,
15,44012549,13,5,
15,44012615,185,62,
15,44012729,111,5,
15,44012846,3,0,
15,44013000,3,0,
15,44013046,40,7,
15,44013069,12,1,
15,44013154,69,35,
15,44013157,540,193,
15,44013181,92,12,
15,44013201,49,11,
15,44013205,6,1,
15,44013240,3,0,
15,44013266,54,8,
15,44013290,4,0,
15,44013322,4,1,
15,44013387,55,11,
15,44013470,32,10,
15,44013517,58,23,
15,44013671,66,20,
15,44013674,5,0,
15,44013781,3,1,
15,44013868,46,54,
15,44013913,230,159,
15,44013933,88,3,
15,44014011,22,1,
15,44014024,12,2,
15,44014046,338,73,
15,44014272,5,2,
15,44014323,3,0,
15,44014330,3,0,
15,44014343,29,0,
15,44014384,55,59,
15,44014587,220,52,
15,44014661,28,0,
15,44014808,472,209,
15,44015144,341,246,
15,44015162,19,2,
15,44015367,255,72,
15,44015486,10,5,
15,44015557,33,6,
15,44015614,18,2,
15,44015649,139,83,
15,44015657,100,44,
15,44015872,240,138,
15,44015880,7,0,
15,44016037,410,45,
15,44016059,4,0,
15,44016177,12,0,
15,44016265,45,3,
15,44016273,20,1,
15,44016289,45,16,
15,44016329,26,13,
15,44016336,182,61,
15,44016416,5,0,
15,44016530,107,51,
15,44016564,131,16,
15,44016621,138,114,
15,44016946,26,7,
15,44017056,86,16,
15,44017098,22,6,
15,44017317,21,4,
15,44017472,19,3,
15,44017547,7,1,
15,44017560,3,0,
15,44017592,113,42,
15,44017682,58,4,
15,44017692,149,45,
15,44017832,35,30,
15,44017913,341,207,
15,44018095,8,2,
15,44018283,64,29,
15,44018301,186,114,
15,44018319,28,15,
15,44018400,60,46,
15,44018479,11,6,
15,44018662,42,4,
15,44018741,80,12,
15,44018857,11,5,
15,44018886,137,108,
15,44019143,12,4,
15,44019193,16,15,
15,44019386,144,80,
15,44019418,4,0,
15,44019791,13,6,
15,44019917,7,0,
15,44020019,58,10,
15,44020050,20,11,
15,44020129,11,1,
15,44020240,17,3,
15,44020293,13,2,
15,44020295,30,7,
15,44020315,86,4,
15,44020469,26,4,
15,44020574,56,22,
15,44020591,931,479,30
15,44020626,142,60,
15,44020734,195,77,
15,44020832,305,272,4
15,44020914,48,23,
15,44020975,68,62,
15,44021028,131,39,
15,44021191,71,27,
15,44021358,5,0,
15,44021629,3,0,
15,44021644,28,6,
15,44021758,4,0,
15,44021791,4,0,
15,44021792,136,100,
15,44021824,179,84,
15,44021883,58,14,
15,44021993,3,0,
15,44022059,5,0,
15,44022188,4,0,
15,44022215,285,606,
15,44022225,255,35,27
15,44022233,66,16,
15,44022265,98,8,
15,44022272,14,1,
15,44022352,10,0,
15,44022353,370,121,19
15,44022384,10,0,
15,44022448,405,455,14
15,44022484,67,22,
15,44022529,17,1,
15,44022575,16,3,
15,44022677,37,33,
15,44022758,306,140,24
15,44022781,40,12,
15,44022799,13,7,
15,44022859,8,2,
15,44022876,5,1,
15,44023081,13,4,
15,44023144,211,120,
15,44023183,18,7,
15,44023354,5,0,
15,44023379,16,4,
15,44023400,5,1,
15,44023423,122,70,
15,44023471,25,11,
15,44023634,39,45,18
15,44023635,5,2,
15,44023663,56,73,
15,44023680,124,54,29
15,44023881,3,0,
15,44023995,3,5,
15,44024055,78,11,
15,44024173,91,66,
15,44024242,5,0,
15,44024245,4,1,
15,44024322,15,5,
15,44024393,14,4,
15,44024461,11,0,
15,44024483,4,1,
15,44024503,23,17,
15,44024548,11,1,
15,44024605,9,4,
15,44024687,22,4,
15,44024718,6,0,
15,44024756,8,1,
15,44024759,558,181,23
15,44024784,147,87,21
15,44024842,50,29,
15,44024843,60,77,
15,44024867,5,2,
15,44024896,6,2,
15,44024919,55,33,
15,44024987,8,2,
15,44025022,73,81,
15,44025263,7,5,
15,44025299,4,0,
15,44025324,98,41,
15,44025380,6,0,
15,44025391,9,1,
15,44025439,207,48,11
15,44025484,143,88,15
15,44025610,4,0,
15,44025912,10,1,
15,44026018,17,2,
15,44026170,84,44,
15,44026182,4,0,
15,44026201,91,83,17
15,44026202,50,53,
15,44026294,13,6,
15,44026367,12,1,
15,44026456,3,2,
15,44026799,137,48,5
15,44026959,8,2,
15,44027008,8,1,
15,44027095,14,1,
15,44027100,11,0,
15,44027379,45,64,
15,44027495,4,2,
15,44027722,47,64,
15,44027768,44,6,9
15,44027808,21,2,
15,44027849,38,45,
15,44027867,160,84,3
15,44028076,5,1,
15,44028106,6,7,
15,44028139,6,7,
15,44028153,487,278,6
15,44028250,83,28,2
15,44028384,94,106,25
15,44028435,73,54,
15,44028483,39,2,7
15,44028526,5,1,
15,44028536,4,0,
15,44028587,38,23,22
15,44028810,6,4,
15,44029142,102,13,1
15,44029191,55,14,
15,44029288,7,0,
15,44029435,24,1,7
15,44029566,12,0,
15,44029619,9,3,12
15,44029631,13,2,
15,44030157,3,0,
15,44030337,4,1,
15,44030343,4,7,
15,44030354,5,2,
15,44030412,16,11,23
15,44030469,27,4,11
15,44030492,35,12,2
15,44030683,14,0,
15,44030696,6,0,7
15,44030850,76,18,1
15,44030873,14,7,13
16,43964505,135,81,
16,43964827,195,38,
16,43964896,80,27,
16,43965608,173,163,
16,43966089,376,251,
16,43966471,91,32,
16,43966694,185,46,
16,43966843,164,148,
16,43967405,59,7,
16,43967962,122,10,
16,43968141,169,39,
16,43968693,76,55,
16,43968897,367,74,
16,43969442,123,32,
16,43969827,853,463,
16,43970057,92,36,
16,43970363,90,60,
16,43970509,72,9,
16,43970710,32,21,
16,43970768,62,16,
16,43970800,212,210,
16,43970837,566,350,
16,43970953,56,23,
16,43971068,113,70,
16,43971149,76,15,
16,43971177,297,143,
16,43971185,26,3,
16,43971314,95,29,
16,43971442,55,40,
16,43971464,844,812,
16,43971515,439,704,
16,43971616,307,166,
16,43971620,312,105,
16,43971678,21,4,
16,43971685,66,17,
16,43971688,144,77,
16,43971716,416,259,
16,43971791,119,109,
16,43971853,686,139,
16,43971941,78,32,
16,43971944,30,15,
16,43972004,105,68,
16,43972083,34,1,
16,43972154,31,5,
16,43972334,209,93,
16,43972425,215,120,
16,43972449,68,26,
16,43972485,211,80,
16,43972535,346,212,
16,43972669,169,59,
16,43972757,77,182,
16,43972927,74,11,
16,43973167,48,4,
16,43973395,444,414,
16,43973502,40,11,
16,43973677,72,8,
16,43973721,355,200,
16,43973964,31,6,
16,43974005,194,81,
16,43974026,52,24,
16,43974344,45,22,
16,43974461,154,65,
16,43974599,27,3,
16,43974872,130,59,
16,43974891,420,212,
16,43975143,57,6,
16,43975352,354,548,
16,43975404,69,10,
16,43975423,236,108,
16,43975782,107,18,
16,43976274,85,18,
16,43976504,89,12,
16,43976557,242,548,
16,43976886,16,1,
16,43976895,180,37,
16,43977147,104,28,
16,43977515,46,10,
16,43977539,11,2,
16,43977821,9,4,
16,43977896,48,18,
16,43977901,17,15,
16,43978155,39,17,
16,43978357,256,126,
16,43978435,455,396,
16,43978476,75,16,
16,43979063,176,71,
16,43979916,138,30,
16,43980036,284,360,
16,43980760,452,60,
16,43980845,493,358,
16,43981170,412,166,
16,43981198,88,299,
16,43981680,309,121,
16,43981971,144,52,
16,43982238,118,108,
16,43982495,103,94,
16,43982777,386,224,
16,43982784,89,71,
16,43982892,94,44,
16,43983159,274,262,
16,43983196,95,61,
16,43983201,68,42,
16,43983455,119,124,
16,43983627,49,6,
16,43983871,799,336,
16,43984097,185,44,
16,43984275,149,81,
16,43984297,408,313,
16,43984770,126,36,
16,43984860,148,83,
16,43985489,1022,265,
16,43985513,976,366,
16,43985527,51,22,
16,43985624,159,52,
16,43985861,182,424,
16,43985971,399,144,
16,43985994,46,33,
16,43986229,15,4,
16,43986424,182,143,
16,43986821,60,44,
16,43986833,93,50,
16,43987367,101,32,
16,43987814,41,5,
16,43987852,34,6,
16,43988070,31,6,
16,43988315,204,227,
16,43988381,224,51,
16,43988518,17,1,
16,43988533,176,172,
16,43988753,46,7,
16,43988975,51,26,
16,43989497,240,272,
16,43990262,53,5,
16,43990515,26,28,
16,43991185,66,7,
16,43991221,113,41,
16,43991256,371,254,
16,43991396,723,267,
16,43991500,33,2,
16,43991554,24,27,
16,43991962,78,84,
16,43992100,71,11,
16,43992242,32,0,
16,43993311,118,2,19
16,43993374,18,7,
16,43993707,163,140,
16,43993711,340,291,
16,43993897,114,73,
16,43993982,56,95,
16,43994190,85,42,
16,43994306,91,47,
16,43994333,155,46,
16,43994486,36,14,
16,43994765,374,367,
16,43994791,24,3,
16,43994827,143,51,
16,43994987,176,52,
16,43995005,260,47,
16,43995067,223,118,20
16,43995094,18,9,
16,43995122,42,41,
16,43995144,78,6,
16,43995302,184,111,
16,43995501,78,10,
16,43995700,13,5,
16,43996031,55,16,
16,43996071,75,62,
16,43996226,23,0,
16,43996243,44,14,
16,43996251,116,98,
16,43996307,417,496,
16,43996422,21,22,
16,43996431,482,205,
16,43996515,34,4,18
16,43996555,144,100,
16,43996597,24,19,
16,43996601,28,1,
16,43996770,21,25,
16,43996796,37,7,
16,43997071,30,18,
16,43997135,141,27,
16,43997286,58,29,
16,43997467,44,13,
16,43997636,1232,524,
16,43997728,71,129,
16,43997830,193,143,
16,43997932,125,89,
16,43998008,90,79,
16,43998049,189,61,
16,43998075,29,26,10
16,43998115,141,38,
16,43998341,30,14,
16,43998423,94,31,
16,43998472,439,317,
16,43998485,21,10,
16,43998707,171,23,
16,43998858,3,0,
16,43998945,36,2,
16,43999492,187,249,
16,43999748,426,164,
16,43999897,214,26,27
16,43999919,28,0,
16,44000700,340,86,
16,44000724,99,57,
16,44000759,226,167,
16,44000778,10,4,
16,44001087,351,83,
16,44001391,92,23,
16,44001765,197,473,
16,44001803,12,0,
16,44002333,340,314,
16,44002639,40,1,
16,44002694,18,1,
16,44003184,29,14,
16,44003347,77,38,
16,44003445,288,287,
16,44003447,121,15,
16,44003449,117,112,
16,44003700,357,217,
16,44003741,196,68,
16,44003928,31,2,
16,44004388,510,189,
16,44004625,274,119,
16,44004827,85,35,
16,44005008,245,408,
16,44005110,109,85,
16,44005195,161,35,
16,44005668,115,34,
16,44005692,94,33,
16,44005899,58,25,
16,44006231,243,101,
16,44006345,502,436,
16,44006381,251,449,
16,44006426,379,199,
16,44006735,76,31,
16,44006824,195,60,
16,44007065,68,22,
16,44007714,51,11,
16,44007854,33,7,
16,44008005,34,8,
16,44008412,75,43,
16,44008597,12,0,
16,44008843,685,427,
16,44009125,11,2,25
16,44009185,85,16,
16,44009321,270,40,
16,44009464,193,42,
16,44009521,6,0,
16,44009621,41,12,
16,44009848,485,350,
16,44009894,69,8,
16,44009999,315,343,
16,44010007,23,19,
16,44010096,49,8,
16,44010659,29,7,
16,44010684,29,1,
16,44010694,23,3,
16,44010705,113,142,
16,44010922,68,19,
16,44011139,37,5,
16,44011232,21,4,
16,44011254,79,24,
16,44011381,188,210,
16,44011489,193,33,
16,44011515,193,63,
16,44011645,20,10,
16,44011654,115,93,
16,44011711,6,0,
16,44011757,14,7,
16,44012074,46,13,
16,44012227,326,229,
16,44012247,48,20,
16,44012283,129,62,
16,44012418,42,0,27
16,44012495,13,5,
16,44012538,18,0,
16,44012549,13,5,
16,44012615,186,62,
16,44012729,111,5,
16,44012846,3,0,
16,44013000,3,0,
16,44013046,40,7,
16,44013069,12,1,
16,44013154,69,35,
16,44013157,541,195,
16,44013181,92,12,
16,44013201,49,11,
16,44013205,6,1,
16,44013240,3,0,
16,44013266,54,8,
16,44013290,4,0,
16,44013322,20,18,13
16,44013387,55,11,
16,44013470,32,10,
16,44013517,58,23,
16,44013671,66,20,
16,44013674,5,0,
16,44013781,3,1,
16,44013868,46,57,
16,44013913,230,159,
16,44013933,88,3,
16,44014011,22,1,
16,44014024,12,2,
16,44014046,338,73,
16,44014272,5,2,
16,44014323,3,0,
16,44014330,3,0,
16,44014343,29,0,
16,44014384,55,59,
16,44014587,220,52,
16,44014661,28,0,
16,44014808,473,209,
16,44015144,341,247,
16,44015162,19,2,
16,44015367,255,72,
16,44015486,10,5,
16,44015557,33,6,
16,44015614,18,2,
16,44015649,139,83,
16,44015657,100,44,
16,44015872,240,138,
16,44015880,7,0,
16,44016037,413,45,
16,44016059,4,0,
16,44016265,45,3,
16,44016273,20,1,
16,44016289,45,16,
16,44016329,26,13,
16,44016336,182,61,
16,44016416,5,0,
16,44016530,107,51,
16,44016564,131,16,
16,44016621,138,114,
16,44016946,26,7,
16,44017056,86,16,
16,44017098,22,6,
16,44017317,21,4,
16,44017472,19,3,
16,44017547,7,1,
16,44017560,3,0,
16,44017592,113,42,
16,44017682,58,4,
16,44017692,149,45,
16,44017832,35,30,
16,44017913,341,207,
16,44018095,8,2,
16,44018283,64,29,
16,44018301,186,114,
16,44018319,28,15,
16,44018479,11,6,
16,44018662,42,4,
16,44018741,80,12,
16,44018886,137,108,
16,44019143,12,4,
16,44019193,16,15,
16,44019386,144,80,
16,44019418,4,0,
16,44019791,13,6,
16,44019917,7,0,
16,44020019,58,10,
16,44020050,20,11,
16,44020129,11,1,
16,44020240,17,3,
16,44020293,13,2,
16,44020295,30,7,
16,44020315,86,4,
16,44020469,26,4,
16,44020526,5,0,
16,44020574,56,22,
16,44020591,937,486,
16,44020626,142,60,
16,44020734,195,77,
16,44020832,339,310,7
16,44020914,48,24,
16,44020975,70,62,
16,44021028,131,39,
16,44021191,71,27,
16,44021629,3,0,
16,44021644,28,6,
16,44021758,4,0,
16,44021791,4,0,
16,44021792,136,100,
16,44021824,179,84,
16,44021883,58,14,
16,44021993,3,0,
16,44022059,5,0,
16,44022188,4,0,
16,44022215,290,648,
16,44022225,259,36,30
16,44022233,66,16,
16,44022265,99,8,
16,44022272,14,1,
16,44022352,10,0,
16,44022353,373,127,26
16,44022384,10,0,
16,44022448,424,471,22
16,44022484,68,22,
16,44022529,18,1,
16,44022575,16,3,
16,44022677,37,33,
16,44022758,312,143,
16,44022781,40,12,
16,44022799,14,7,
16,44022859,9,2,
16,44022876,6,1,
16,44023081,13,4,
16,44023144,213,127,
16,44023183,18,7,
16,44023354,5,0,
16,44023379,16,4,
16,44023400,5,1,
16,44023423,123,70,
16,44023471,25,11,
16,44023634,39,47,
16,44023635,5,2,
16,44023663,56,73,
16,44023680,126,55,
16,44023881,3,0,
16,44023995,3,5,
16,44024055,78,11,
16,44024173,91,68,
16,44024242,5,0,
16,44024245,4,1,
16,44024322,15,6,
16,44024393,14,4,
16,44024461,11,0,
16,44024483,4,1,
16,44024503,23,17,
16,44024548,11,1,
16,44024605,9,4,
16,44024687,22,4,
16,44024718,6,0,
16,44024756,8,1,
16,44024759,568,183,29
16,44024784,155,100,28
16,44024842,51,29,
16,44024843,60,77,
16,44024867,5,2,
16,44024896,6,2,
16,44024919,55,33,
16,44024987,8,1,
16,44025022,74,81,
16,44025263,7,5,
16,44025299,4,0,
16,44025324,100,43,
16,44025380,6,0,
16,44025439,220,65,17
16,44025484,155,101,23
16,44025610,4,0,
16,44025912,10,1,
16,44026018,17,2,
16,44026170,85,46,
16,44026182,4,0,
16,44026201,100,87,24
16,44026202,50,54,
16,44026294,13,6,
16,44026367,12,1,
16,44026456,3,2,
16,44026799,143,52,14
16,44026959,8,2,
16,44027008,8,1,
16,44027095,15,1,
16,44027100,12,0,
16,44027379,46,67,
16,44027495,4,2,
16,44027722,47,64,
16,44027768,50,7,16
16,44027808,23,2,
16,44027849,39,49,
16,44027867,179,95,5
16,44028076,5,1,
16,44028106,7,9,
16,44028139,7,7,
16,44028153,515,304,15
16,44028250,92,35,4
16,44028384,103,117,
16,44028435,74,54,
16,44028526,5,1,
16,44028536,5,0,
16,44028587,42,29,
16,44028810,7,5,
16,44029142,121,17,3
16,44029288,8,0,
16,44029435,46,6,9
16,44029566,52,3,28
16,44029619,19,4,12
16,44029631,20,2,
16,44029951,6,0,
16,44030051,4,0,
16,44030070,3,1,
16,44030105,3,0,
16,44030157,5,0,
16,44030337,7,2,
16,44030343,9,12,
16,44030354,15,3,
16,44030412,50,39,16
16,44030417,15,2,19
16,44030443,6,2,23
16,44030469,42,13,11
16,44030492,79,24,2
16,44030505,7,3,
16,44030560,16,5,9
16,44030683,20,2,
16,44030696,19,2,5
16,44030786,9,4,
16,44030850,220,80,1
16,44030873,65,33,8
16,44030923,6,0,
16,44031000,48,18,3
16,44031009,36,6,3
16,44031144,11,3,8
16,44031232,5,0,
16,44031297,21,2,5
16,44031364,3,0,
16,44031385,27,3,7
16,44031387,9,0,
16,44031432,43,9,13
17,43964505,135,81,
17,43964827,195,38,
17,43964896,80,27,
17,43966089,376,251,
17,43966471,91,32,
17,43966694,185,46,
17,43967405,59,7,
17,43967962,122,10,
17,43968141,169,39,
17,43968693,76,55,
17,43968897,367,74,
17,43969442,123,32,
17,43969827,853,463,
17,43970057,92,36,
17,43970363,90,60,
17,43970509,72,9,
17,43970710,32,21,
17,43970768,62,16,
17,43970800,212,210,
17,43970837,566,350,
17,43970953,56,23,
17,43971068,113,70,
17,43971149,76,15,
17,43971177,297,143,
17,43971185,26,3,
17,43971314,95,29,
17,43971442,55,40,
17,43971464,845,812,
17,43971515,440,704,
17,43971616,307,166,
17,43971620,312,105,
17,43971678,21,4,
17,43971685,66,17,
17,43971688,144,77,
17,43971716,416,259,
17,43971791,119,109,
17,43971853,686,139,
17,43971941,78,32,
17,43971944,30,15,
17,43972004,105,68,
17,43972083,34,1,
17,43972154,31,5,
17,43972334,210,93,
17,43972425,215,120,
17,43972449,68,26,
17,43972485,211,80,
17,43972535,346,212,
17,43972669,169,59,
17,43972757,77,182,
17,43972927,74,11,
17,43973167,48,4,
17,43973395,444,414,
17,43973677,74,8,
17,43973721,355,200,
17,43973964,31,6,
17,43974005,194,81,
17,43974026,52,24,
17,43974344,45,22,
17,43974461,154,65,
17,43974599,27,3,
17,43974872,131,59,
17,43974891,420,212,
17,43975143,57,6,
17,43975352,355,550,
17,43975404,69,10,
17,43975423,236,108,
17,43975782,107,18,
17,43976274,85,18,
17,43976504,89,12,
17,43976557,242,548,
17,43976886,16,1,
17,43976895,180,37,
17,43977147,104,28,
17,43977515,46,10,
17,43977821,9,4,
17,43977896,48,18,
17,43977901,17,15,
17,43978155,39,17,
17,43978357,256,126,
17,43978435,455,396,
17,43978476,75,16,
17,43979063,176,71,
17,43979916,138,30,
17,43980036,284,360,
17,43980760,452,60,
17,43980845,493,358,
17,43981170,412,166,
17,43981198,88,300,
17,43981680,309,121,
17,43981971,144,52,
17,43982238,118,108,
17,43982495,103,94,
17,43982777,386,224,
17,43982784,89,71,
17,43982892,94,44,
17,43983159,274,262,
17,43983196,95,61,
17,43983201,68,42,
17,43983455,119,124,
17,43983627,49,6,
17,43983871,799,336,
17,43984097,185,44,
17,43984297,408,313,
17,43984770,127,36,
17,43984860,148,83,
17,43985489,1023,265,
17,43985513,978,367,
17,43985527,51,22,
17,43985624,159,52,
17,43985861,182,424,
17,43985971,399,144,
17,43985994,46,33,
17,43986229,15,4,
17,43986424,182,143,
17,43986821,60,44,
17,43986833,93,50,
17,43987367,102,32,
17,43987814,41,5,
17,43987852,34,6,
17,43988070,31,6,
17,43988381,224,51,
17,43988518,17,1,
17,43988533,176,172,
17,43988753,46,7,
17,43988975,51,27,
17,43989497,240,272,
17,43990262,54,5,
17,43990515,26,28,
17,43991185,66,7,
17,43991221,113,41,
17,43991256,371,254,
17,43991396,724,267,
17,43991500,33,2,
17,43991554,24,27,
17,43991962,78,85,
17,43992100,71,11,
17,43992242,32,0,
17,43993311,129,2,29
17,43993707,163,140,
17,43993711,343,291,
17,43993897,114,73,
17,43993982,57,95,
17,43994190,87,43,
17,43994306,91,47,
17,43994333,155,46,
17,43994486,36,14,
17,43994765,374,367,
17,43994791,24,3,
17,43994827,143,51,
17,43994987,176,52,
17,43995005,260,47,
17,43995067,227,125,30
17,43995094,18,9,
17,43995122,42,41,
17,43995144,78,6,
17,43995302,184,111,
17,43995501,78,10,
17,43995700,13,5,
17,43996031,55,16,
17,43996071,75,62,
17,43996226,23,0,
17,43996243,44,14,
17,43996251,116,98,
17,43996307,417,496,
17,43996422,21,23,
17,43996431,483,205,
17,43996515,38,6,22
17,43996555,144,100,
17,43996601,28,1,
17,43996770,22,25,
17,43996796,37,7,
17,43997071,30,18,
17,43997135,141,27,
17,43997286,58,29,
17,43997467,44,13,
17,43997636,1233,524,
17,43997728,71,129,
17,43997830,194,143,
17,43997932,125,89,
17,43998008,90,79,
17,43998049,189,61,
17,43998075,35,35,21
17,43998115,142,38,
17,43998341,30,14,
17,43998423,94,31,
17,43998472,439,317,
17,43998485,21,10,
17,43998707,171,23,
17,43998858,3,0,
17,43998945,36,2,
17,43999492,188,249,
17,43999748,426,164,
17,43999897,217,26,26
17,43999919,28,0,
17,44000700,340,86,
17,44000724,99,58,
17,44000759,227,167,
17,44001087,352,83,
17,44001391,92,23,
17,44001696,22,4,9
17,44001765,197,473,
17,44001803,12,0,
17,44002333,341,314,
17,44002639,40,1,
17,44002694,18,1,
17,44003184,29,14,
17,44003347,77,38,
17,44003445,289,287,
17,44003447,122,15,
17,44003449,117,112,
17,44003700,357,217,
17,44003741,197,68,
17,44003928,32,2,
17,44004388,511,189,
17,44004625,275,119,
17,44004827,85,35,
17,44005008,246,408,
17,44005110,110,85,
17,44005195,162,35,
17,44005668,115,34,
17,44005692,96,34,
17,44005899,58,25,
17,44006231,243,101,
17,44006345,504,436,
17,44006381,251,449,
17,44006426,380,199,
17,44006735,76,31,
17,44006824,196,60,
17,44007065,68,22,
17,44007714,51,11,
17,44007854,33,7,
17,44008005,34,8,
17,44008412,75,43,
17,44008597,12,0,
17,44008843,688,431,
17,44009125,12,3,
17,44009185,85,16,
17,44009321,271,40,
17,44009464,193,42,
17,44009521,6,0,
17,44009621,41,12,
17,44009848,487,350,
17,44009894,69,8,
17,44009999,315,343,
17,44010007,23,19,
17,44010096,49,8,
17,44010659,29,7,
17,44010684,30,1,
17,44010694,23,3,
17,44010705,113,142,
17,44010922,68,19,
17,44011139,37,5,
17,44011232,21,4,
17,44011254,79,24,
17,44011381,189,210,
17,44011489,194,33,
17,44011515,193,63,
17,44011645,20,10,
17,44011654,115,92,
17,44011711,6,0,
17,44011757,14,7,
17,44012074,46,13,
17,44012227,326,230,
17,44012247,48,20,
17,44012283,130,64,
17,44012418,45,0,
17,44012495,13,5,
17,44012538,18,0,
17,44012549,13,5,
17,44012615,186,62,
17,44012729,111,5,
17,44013000,3,0,
17,44013046,40,7,
17,44013069,12,1,
17,44013154,69,35,
17,44013157,544,195,
17,44013181,92,12,
17,44013201,50,11,
17,44013205,6,1,
17,44013240,3,0,
17,44013266,54,8,
17,44013290,4,0,
17,44013322,33,53,14
17,44013387,55,11,
17,44013470,32,10,
17,44013517,58,23,
17,44013671,67,20,
17,44013674,5,0,
17,44013781,3,1,
17,44013868,46,65,
17,44013913,231,160,
17,44013933,88,3,
17,44014011,22,1,
17,44014024,12,2,
17,44014046,338,73,
17,44014272,5,2,
17,44014323,3,0,
17,44014330,3,0,
17,44014343,29,0,
17,44014384,55,59,
17,44014587,220,52,
17,44014661,28,0,
17,44014808,475,209,
17,44015144,342,247,
17,44015162,19,2,
17,44015367,256,72,
17,44015486,11,5,
17,44015557,33,6,
17,44015614,18,2,
17,44015649,140,83,
17,44015657,100,44,
17,44015872,240,138,
17,44015880,7,0,
17,44016037,417,45,
17,44016059,4,0,
17,44016265,45,3,
17,44016289,45,16,
17,44016329,26,13,
17,44016336,182,61,
17,44016416,5,0,
17,44016530,107,51,
17,44016564,132,16,
17,44016621,138,114,
17,44016946,26,7,
17,44017056,86,16,
17,44017098,23,6,
17,44017317,21,4,
17,44017547,7,1,
17,44017560,3,0,
17,44017592,113,42,
17,44017682,58,4,
17,44017692,149,45,
17,44017832,35,30,
17,44017913,343,208,
17,44018095,8,2,
17,44018283,64,29,
17,44018301,186,115,
17,44018319,28,15,
17,44018479,11,6,
17,44018662,42,4,
17,44018741,80,12,
17,44018886,138,110,
17,44019193,17,15,
17,44019386,144,80,
17,44019418,4,0,
17,44019791,13,6,
17,44020019,58,10,
17,44020050,20,11,
17,44020129,11,1,
17,44020240,17,3,
17,44020293,13,2,
17,44020295,30,7,
17,44020315,86,4,
17,44020469,26,4,
17,44020526,5,0,
17,44020574,56,22,
17,44020591,940,487,
17,44020626,143,60,
17,44020734,195,78,
17,44020832,365,344,11
17,44020914,48,24,
17,44020975,70,62,
17,44021028,131,41,
17,44021191,72,27,
17,44021792,136,99,
17,44021824,180,84,
17,44021883,58,14,
17,44021993,3,0,
17,44022059,5,0,
17,44022188,4,0,
17,44022215,296,662,
17,44022225,259,37,
17,44022233,66,16,
17,44022265,99,9,
17,44022272,14,2,
17,44022352,10,0,
17,44022353,373,127,
17,44022384,10,0,
17,44022448,428,481,
17,44022484,68,22,
17,44022529,18,1,
17,44022677,37,33,
17,44022758,312,144,
17,44022781,40,12,
17,44022799,14,7,
17,44022859,9,2,
17,44022876,7,1,
17,44023081,13,4,
17,44023144,214,128,
17,44023183,18,7,
17,44023354,5,0,
17,44023379,16,4,
17,44023400,5,1,
17,44023423,123,70,
17,44023471,25,11,
17,44023634,39,48,
17,44023635,5,2,
17,44023663,56,73,
17,44023680,129,56,
17,44023881,3,0,
17,44023995,4,5,
17,44024055,78,11,
17,44024173,94,69,
17,44024242,5,0,
17,44024245,4,1,
17,44024322,16,6,
17,44024393,14,4,
17,44024461,11,0,
17,44024483,4,1,
17,44024503,23,17,
17,44024548,11,1,
17,44024605,9,4,
17,44024687,22,4,
17,44024718,6,0,
17,44024756,8,1,
17,44024759,578,189,
17,44024784,156,102,
17,44024842,51,30,
17,44024843,60,78,
17,44024867,5,2,
17,44024896,6,2,
17,44024919,56,34,
17,44024987,8,1,
17,44025022,75,82,
17,44025263,7,5,
17,44025299,4,0,
17,44025324,103,46,
17,44025380,6,0,
17,44025439,231,69,24
17,44025484,161,111,
17,44025610,4,0,
17,44025912,10,1,
17,44026018,17,2,
17,44026170,85,46,
17,44026182,4,0,
17,44026201,105,89,
17,44026202,52,57,
17,44026294,13,6,
17,44026367,12,1,
17,44026456,3,2,
17,44026799,145,54,23
17,44026959,8,2,
17,44027008,8,1,
17,44027095,15,2,
17,44027100,12,0,
17,44027379,47,69,
17,44027495,4,2,
17,44027722,47,64,
17,44027768,53,8,26
17,44027808,23,2,
17,44027849,40,51,
17,44027867,189,102,15
17,44028076,6,1,
17,44028106,8,9,
17,44028139,7,7,
17,44028153,544,313,28
17,44028250,99,36,9
17,44028384,110,119,
17,44028435,76,54,
17,44028526,5,1,
17,44028536,5,0,
17,44028587,43,30,
17,44028640,7,0,
17,44028767,5,0,
17,44028909,6,4,
17,44028990,3,0,
17,44029142,127,18,6
17,44029288,8,0,
17,44029343,3,0,
17,44029435,55,7,17
17,44029517,4,0,
17,44029566,66,6,29
17,44029619,24,6,19
17,44029631,25,3,
17,44029951,6,0,
17,44030051,5,0,
17,44030070,5,2,
17,44030105,3,0,
17,44030157,6,0,
17,44030337,9,2,
17,44030343,10,12,
17,44030354,18,3,
17,44030412,54,53,
17,44030443,10,3,
17,44030469,45,16,
17,44030492,105,36,2
17,44030505,8,5,
17,44030560,31,7,9
17,44030683,21,3,
17,44030696,25,3,10
17,44030786,10,12,
17,44030850,296,115,1
17,44030873,99,50,12
17,44030923,7,0,
17,44031000,76,45,17
17,44031009,63,21,4
17,44031144,32,11,7
17,44031232,10,0,
17,44031281,7,0,
17,44031297,94,83,3
17,44031344,27,2,
17,44031364,4,1,
17,44031385,242,130,1
17,44031387,41,19,19
17,44031432,90,40,11
17,44031474,7,2,
17,44031529,25,4,27
17,44031532,5,0,
17,44031535,4,0,
17,44031553,6,0,
17,44031641,3,0,8
17,44031656,7,1,
17,44031742,13,1,24
17,44031917,31,6,23
17,44032124,14,1,22
17,44032326,3,0,
18,43964505,135,81,
18,43964827,195,38,
18,43964896,80,27,
18,43966089,376,251,
18,43966471,91,32,
18,43966694,185,46,
18,43967405,59,7,
18,43968141,169,39,
18,43968693,76,55,
18,43968897,367,74,
18,43969442,123,32,
18,43969827,853,463,
18,43970057,92,36,
18,43970363,90,60,
18,43970710,32,21,
18,43970768,62,16,
18,43970800,212,210,
18,43970837,567,350,
18,43970953,56,23,
18,43971068,113,70,
18,43971149,76,15,
18,43971177,297,143,
18,43971185,26,3,
18,43971314,95,29,
18,43971442,55,40,
18,43971464,845,812,
18,43971515,440,704,
18,43971616,307,166,
18,43971620,312,105,
18,43971678,21,4,
18,43971685,66,17,
18,43971688,144,77,
18,43971716,416,259,
18,43971791,119,109,
18,43971853,687,139,
18,43971941,78,32,
18,43971944,30,15,
18,43972004,105,68,
18,43972083,34,1,
18,43972154,31,5,
18,43972334,210,93,
18,43972425,215,120,
18,43972449,68,26,
18,43972485,211,80,
18,43972535,346,212,
18,43972669,169,59,
18,43972757,78,182,
18,43972927,74,11,
18,43973167,48,4,
18,43973395,444,414,
18,43973677,74,8,
18,43973721,355,200,
18,43973964,31,6,
18,43974005,194,81,
18,43974026,52,24,
18,43974344,45,22,
18,43974461,154,65,
18,43974599,27,3,
18,43974872,132,59,
18,43974891,420,212,
18,43975143,57,6,
18,43975352,355,550,
18,43975404,69,10,
18,43975423,236,108,
18,43975782,107,18,
18,43976274,85,18,
18,43976504,89,12,
18,43976557,242,548,
18,43976886,16,1,
18,43976895,180,37,
18,43977147,104,28,
18,43977515,46,10,
18,43977821,9,4,
18,43977896,48,18,
18,43977901,17,15,
18,43978357,256,126,
18,43978435,455,396,
18,43978476,75,16,
18,43979063,177,71,
18,43979916,138,30,
18,43980036,284,360,
18,43980760,452,60,
18,43980845,493,358,
18,43981170,412,166,
18,43981198,88,300,
18,43981680,309,121,
18,43981971,144,52,
18,43982238,118,108,
18,43982495,103,94,
18,43982777,386,224,
18,43982784,89,71,
18,43982892,94,44,
18,43983159,274,262,
18,43983196,95,62,
18,43983201,68,42,
18,43983455,119,124,
18,43983627,49,6,
18,43983871,799,336,
18,43984097,185,44,
18,43984297,408,313,
18,43984770,127,36,
18,43984860,148,83,
18,43985489,1023,265,
18,43985513,982,367,
18,43985527,51,22,
18,43985624,159,52,
18,43985861,182,424,
18,43985971,399,144,
18,43985994,46,33,
18,43986229,15,4,
18,43986424,182,143,
18,43986821,60,44,
18,43986833,93,50,
18,43987367,102,32,
18,43987814,41,5,
18,43987852,34,6,
18,43988070,31,6,
18,43988381,224,51,
18,43988518,17,1,
18,43988533,176,172,
18,43988753,46,7,
18,43988975,51,27,
18,43989497,240,273,
18,43990262,54,5,
18,43990515,26,28,
18,43991185,66,7,
18,43991221,113,41,
18,43991256,371,254,
18,43991396,725,267,
18,43991500,33,2,
18,43991554,24,27,
18,43991962,78,86,
18,43992100,71,11,
18,43992242,32,0,
18,43993311,133,2,30
18,43993707,163,140,
18,43993711,343,291,
18,43993897,114,73,
18,43993982,57,95,
18,43994190,87,43,
18,43994306,91,47,
18,43994333,155,46,
18,43994486,36,14,
18,43994765,374,367,
18,43994791,24,3,
18,43994827,143,51,
18,43994987,176,52,
18,43995005,260,47,
18,43995067,229,126,
18,43995094,18,9,
18,43995122,42,41,
18,43995144,78,6,
18,43995302,185,111,
18,43995501,78,10,
18,43995700,13,5,
18,43996031,55,16,
18,43996071,75,62,
18,43996226,23,0,
18,43996243,44,14,
18,43996251,116,98,
18,43996307,417,497,
18,43996422,22,24,
18,43996431,483,205,
18,43996515,42,6,25
18,43996555,144,100,
18,43996770,22,25,
18,43996796,37,7,
18,43997071,30,18,
18,43997135,141,27,
18,43997286,58,29,
18,43997467,45,13,
18,43997636,1233,524,
18,43997728,71,129,
18,43997830,194,143,
18,43997932,125,89,
18,43998008,90,79,
18,43998049,189,61,
18,43998075,38,38,24
18,43998115,142,38,
18,43998341,30,14,
18,43998423,94,31,
18,43998472,439,317,
18,43998485,21,10,
18,43998707,171,23,
18,43998858,3,0,
18,43998945,36,2,
18,43999492,188,249,
18,43999748,426,164,
18,43999897,224,29,28
18,43999919,28,0,
18,44000700,340,86,
18,44000724,100,58,
18,44000759,227,167,
18,44001087,352,83,
18,44001391,92,23,
18,44001696,39,13,9
18,44001765,197,473,
18,44001803,12,0,
18,44002333,341,314,
18,44002639,40,1,
18,44002694,18,1,
18,44003184,29,14,
18,44003347,77,38,
18,44003445,289,287,
18,44003447,122,15,
18,44003449,117,112,
18,44003700,358,217,
18,44003741,197,68,
18,44003928,32,2,
18,44004388,511,189,
18,44004625,275,119,
18,44004827,85,35,
18,44005008,246,408,
18,44005110,110,85,
18,44005157,10,2,12
18,44005195,162,35,
18,44005668,115,34,
18,44005692,97,34,
18,44005899,58,25,
18,44006231,243,101,
18,44006345,504,436,
18,44006381,251,449,
18,44006426,381,199,
18,44006735,76,31,
18,44006824,196,60,
18,44007065,68,22,
18,44007714,51,11,
18,44007854,33,7,
18,44008005,34,8,
18,44008412,75,43,
18,44008597,12,0,
18,44008843,688,431,
18,44009125,12,3,
18,44009185,85,16,
18,44009321,271,40,
18,44009464,193,42,
18,44009521,6,0,
18,44009621,41,12,
18,44009848,487,350,
18,44009894,69,8,
18,44009999,315,343,
18,44010007,23,19,
18,44010096,49,8,
18,44010659,29,7,
18,44010684,31,1,
18,44010694,23,3,
18,44010705,113,142,
18,44010922,69,19,
18,44011139,37,5,
18,44011232,22,4,
18,44011254,79,24,
18,44011381,189,210,
18,44011489,194,33,
18,44011515,193,64,
18,44011645,20,10,
18,44011654,115,92,
18,44011711,6,0,
18,44011757,14,7,
18,44012074,46,13,
18,44012227,326,230,
18,44012247,48,20,
18,44012283,130,67,
18,44012418,48,0,
18,44012495,13,5,
18,44012538,18,0,
18,44012549,13,5,
18,44012615,186,62,
18,44012729,111,5,
18,44013046,40,7,
18,44013069,12,1,
18,44013154,69,35,
18,44013157,544,195,
18,44013181,92,12,
18,44013201,50,11,
18,44013205,6,1,
18,44013266,54,8,
18,44013322,36,66,
18,44013387,55,11,
18,44013470,32,10,
18,44013517,58,23,
18,44013671,67,21,
18,44013868,46,65,
18,44013913,231,160,
18,44013933,88,3,
18,44014011,22,1,
18,44014024,12,2,
18,44014046,338,73,
18,44014272,5,2,
18,44014323,3,0,
18,44014330,3,0,
18,44014343,29,0,
18,44014384,55,59,
18,44014587,220,52,
18,44014661,28,0,
18,44014808,477,209,
18,44015144,342,247,
18,44015162,19,2,
18,44015367,257,72,
18,44015486,11,5,
18,44015557,33,6,
18,44015614,18,2,
18,44015649,140,84,
18,44015657,100,44,
18,44015872,240,138,
18,44015880,7,0,
18,44016037,417,45,
18,44016059,4,0,
18,44016265,45,3,
18,44016289,45,16,
18,44016329,26,13,
18,44016336,182,61,
18,44016416,5,0,
18,44016530,107,51,
18,44016564,132,16,
18,44016621,138,114,
18,44016946,26,7,
18,44017056,86,16,
18,44017098,23,6,
18,44017317,21,4,
18,44017547,7,1,
18,44017560,3,0,
18,44017592,113,42,
18,44017682,58,4,
18,44017692,149,45,
18,44017832,35,30,
18,44017913,343,208,
18,44018095,8,2,
18,44018283,64,30,
18,44018301,186,116,
18,44018319,28,15,
18,44018479,11,6,
18,44018662,42,4,
18,44018741,80,12,
18,44018886,139,110,
18,44019193,17,15,
18,44019386,145,80,
18,44019418,4,0,
18,44019791,13,6,
18,44020019,58,10,
18,44020050,20,11,
18,44020129,11,1,
18,44020240,17,3,
18,44020293,13,2,
18,44020295,30,7,
18,44020315,87,4,
18,44020469,26,4,
18,44020574,56,22,
18,44020591,943,487,
18,44020626,144,60,
18,44020734,196,79,
18,44020832,383,359,11
18,44020914,48,24,
18,44020975,71,62,
18,44021028,131,41,
18,44021191,72,27,
18,44021824,181,84,
18,44021883,58,14,
18,44021993,3,0,
18,44022059,5,0,
18,44022188,4,0,
18,44022215,296,674,
18,44022225,260,37,
18,44022233,66,16,
18,44022265,99,9,
18,44022272,14,2,
18,44022352,10,0,
18,44022353,373,127,
18,44022384,10,0,
18,44022448,431,489,
18,44022484,68,22,
18,44022529,18,1,
18,44022677,38,33,
18,44022758,314,147,
18,44022781,40,12,
18,44022799,14,7,
18,44022859,9,2,
18,44022876,7,1,
18,44023081,13,4,
18,44023144,215,130,
18,44023354,5,0,
18,44023400,5,1,
18,44023423,125,70,
18,44023471,25,11,
18,44023634,39,48,
18,44023635,5,2,
18,44023663,56,73,
18,44023680,129,59,
18,44023881,3,0,
18,44023995,4,5,
18,44024055,78,11,
18,44024173,94,69,
18,44024242,5,0,
18,44024245,4,1,
18,44024322,16,6,
18,44024393,14,4,
18,44024461,11,0,
18,44024483,4,1,
18,44024503,23,17,
18,44024548,11,1,
18,44024605,10,4,
18,44024687,22,4,
18,44024718,6,0,
18,44024756,8,1,
18,44024759,582,190,
18,44024784,162,111,
18,44024842,52,31,
18,44024843,60,78,
18,44024867,6,3,
18,44024896,6,2,
18,44024919,56,34,
18,44024987,8,1,
18,44025022,75,82,
18,44025263,7,5,
18,44025299,4,0,
18,44025324,105,49,
18,44025380,6,0,
18,44025439,242,74,27
18,44025484,166,114,
18,44025610,4,0,
18,44025912,10,1,
18,44026018,17,2,
18,44026170,85,46,
18,44026182,4,0,
18,44026201,106,90,
18,44026202,52,57,
18,44026294,13,6,
18,44026367,12,1,
18,44026456,3,2,
18,44026799,146,54,26
18,44026959,8,2,
18,44027008,8,1,
18,44027095,15,2,
18,44027100,12,0,
18,44027379,47,72,
18,44027495,4,2,
18,44027722,48,64,
18,44027768,58,9,29
18,44027808,23,2,
18,44027849,41,57,
18,44027867,199,113,15
18,44028076,6,1,
18,44028106,8,10,
18,44028139,7,10,
18,44028153,559,320,
18,44028250,103,42,14
18,44028384,111,122,
18,44028435,77,55,
18,44028526,5,1,
18,44028536,5,0,
18,44028587,46,33,
18,44028640,7,0,
18,44028767,5,0,
18,44028909,7,5,
18,44028990,3,0,
18,44029142,135,21,7
18,44029288,8,0,
18,44029343,3,0,
18,44029435,68,9,17
18,44029517,4,0,
18,44029566,78,6,
18,44029619,31,9,22
18,44029631,27,3,
18,44029951,7,0,
18,44030051,7,0,
18,44030070,5,2,
18,44030105,4,0,
18,44030157,6,0,
18,44030337,9,2,
18,44030343,10,12,
18,44030354,18,3,
18,44030412,60,59,
18,44030443,13,3,
18,44030469,46,16,
18,44030492,126,44,3
18,44030505,8,5,
18,44030560,43,14,10
18,44030683,23,3,
18,44030696,27,4,13
18,44030786,15,14,
18,44030850,357,129,2
18,44030873,127,74,16
18,44030923,8,0,
18,44030932,6,0,
18,44031000,92,64,19
18,44031009,86,27,4
18,44031144,47,28,6
18,44031232,14,0,
18,44031281,7,0,
18,44031297,141,135,5
18,44031344,40,4,
18,44031385,455,257,1
18,44031387,51,54,18
18,44031432,131,73,12
18,44031529,67,22,21
18,44031532,6,0,
18,44031535,37,6,12
18,44031553,7,0,
18,44031656,8,1,
18,44031742,18,2,
18,44031917,66,50,23
18,44032326,5,3,
18,44032470,48,7,3
18,44032510,29,14,24
18,44032717,30,4,17
18,44032777,37,14,6
19,43964505,135,81,
19,43964827,195,38,
19,43964896,80,27,
19,43966089,376,251,
19,43966471,91,32,
19,43966694,185,46,
19,43967405,59,7,
19,43968141,169,39,
19,43968693,76,55,
19,43968897,367,74,
19,43969442,123,32,
19,43969827,853,463,
19,43970057,92,37,
19,43970363,90,60,
19,43970710,32,21,
19,43970768,62,16,
19,43970800,212,210,
19,43970837,567,350,
19,43970953,56,23,
19,43971068,113,70,
19,43971149,76,15,
19,43971177,297,143,
19,43971185,26,3,
19,43971314,95,29,
19,43971442,55,40,
19,43971464,845,812,
19,43971515,441,704,
19,43971616,307,166,
19,43971620,312,105,
19,43971678,21,4,
19,43971685,66,17,
19,43971688,144,77,
19,43971716,416,259,
19,43971791,119,109,
19,43971853,688,139,
19,43971941,78,32,
19,43971944,30,15,
19,43972004,105,68,
19,43972083,34,1,
19,43972154,31,5,
19,43972334,210,93,
19,43972425,215,120,
19,43972449,68,26,
19,43972485,211,80,
19,43972535,346,212,
19,43972669,169,59,
19,43972757,78,182,
19,43972927,74,11,
19,43973167,48,4,
19,43973395,445,414,
19,43973677,74,8,
19,43973721,355,200,
19,43973964,31,6,
19,43974005,194,81,
19,43974026,52,24,
19,43974344,45,22,
19,43974461,154,65,
19,43974599,27,3,
19,43974872,132,59,
19,43974891,420,212,
19,43975143,57,6,
19,43975352,355,550,
19,43975404,69,10,
19,43975423,236,108,
19,43975782,107,18,
19,43976274,85,18,
19,43976504,89,12,
19,43976557,242,549,
19,43976886,16,1,
19,43976895,180,37,
19,43977147,104,28,
19,43977515,46,10,
19,43977821,9,4,
19,43977896,48,18,
19,43977901,17,15,
19,43978357,256,126,
19,43978435,455,396,
19,43978476,75,16,
19,43979063,177,71,
19,43979916,138,30,
19,43980036,284,360,
19,43980760,454,60,
19,43980845,493,358,
19,43981170,412,166,
19,43981198,88,301,
19,43981680,309,121,
19,43981971,145,52,
19,43982238,118,108,
19,43982495,103,94,
19,43982777,386,224,
19,43982784,89,71,
19,43982892,94,44,
19,43983159,274,262,
19,43983196,95,62,
19,43983201,68,42,
19,43983455,119,124,
19,43983627,49,6,
19,43983871,799,336,
19,43984097,185,44,
19,43984297,408,313,
19,43984770,127,36,
19,43984860,149,83,
19,43985489,1025,265,
19,43985513,984,368,
19,43985527,51,22,
19,43985624,159,52,
19,43985861,182,424,
19,43985971,399,144,
19,43985994,46,34,
19,43986229,15,4,
19,43986424,182,143,
19,43986821,60,44,
19,43986833,93,50,
19,43987367,102,32,
19,43987814,41,5,
19,43987852,34,6,
19,43988070,31,6,
19,43988381,224,51,
19,43988518,17,1,
19,43988533,176,172,
19,43988753,46,7,
19,43988975,51,27,
19,43989497,240,273,
19,43990262,54,5,
19,43990515,26,28,
19,43991185,66,7,
19,43991221,113,41,
19,43991256,371,254,
19,43991396,725,268,
19,43991500,33,2,
19,43991554,24,27,
19,43991962,78,86,
19,43992100,71,11,
19,43992242,32,0,
19,43993311,138,2,30
19,43993707,163,142,
19,43993711,344,291,
19,43993897,114,73,
19,43993982,57,95,
19,43994190,87,43,
19,43994306,91,47,
19,43994333,155,46,
19,43994486,36,14,
19,43994765,374,367,
19,43994791,24,3,
19,43994827,143,51,
19,43994987,176,52,
19,43995005,260,47,
19,43995067,230,127,
19,43995094,18,9,
19,43995122,42,41,
19,43995144,78,6,
19,43995302,185,111,
19,43995501,78,10,
19,43995700,13,5,
19,43996031,55,16,
19,43996071,75,62,
19,43996226,23,0,
19,43996243,44,14,
19,43996251,116,98,
19,43996307,417,497,
19,43996422,22,24,
19,43996431,483,205,
19,43996515,43,8,26
19,43996555,145,100,
19,43996770,22,25,
19,43996796,37,7,
19,43997071,30,18,
19,43997135,141,27,
19,43997286,58,29,
19,43997467,45,13,
19,43997636,1233,524,
19,43997728,71,129,
19,43997830,194,143,
19,43997932,125,89,
19,43998008,90,79,
19,43998049,189,61,
19,43998075,41,45,29
19,43998115,142,38,
19,43998341,30,14,
19,43998423,94,31,
19,43998472,439,317,
19,43998485,21,10,
19,43998707,172,23,
19,43998858,3,0,
19,43998945,36,2,
19,43999492,188,249,
19,43999748,426,164,
19,43999897,230,29,27
19,43999919,28,0,
19,44000700,340,86,
19,44000724,100,58,
19,44000759,227,167,
19,44001087,352,83,
19,44001391,92,23,
19,44001696,69,28,7
19,44001765,197,473,
19,44001803,12,0,
19,44002333,341,314,
19,44002639,40,1,
19,44002694,18,1,
19,44003184,48,18,12
19,44003347,77,38,
19,44003445,289,287,
19,44003447,122,15,
19,44003449,117,112,
19,44003700,359,217,
19,44003741,197,68,
19,44003928,32,2,
19,44004388,511,189,
19,44004625,275,119,
19,44004827,85,35,
19,44005008,246,408,
19,44005110,110,85,
19,44005157,19,2,18
19,44005195,162,35,
19,44005668,115,34,
19,44005692,97,34,
19,44005899,58,25,
19,44006231,243,101,
19,44006345,504,436,
19,44006381,251,449,
19,44006426,381,199,
19,44006735,76,31,
19,44006824,196,60,
19,44007065,68,22,
19,44007714,51,11,
19,44007854,33,7,
19,44008005,34,8,
19,44008412,75,43,
19,44008597,12,0,
19,44008843,689,431,
19,44009125,12,6,
19,44009185,85,16,
19,44009321,271,40,
19,44009464,193,42,
19,44009521,7,0,
19,44009621,41,12,
19,44009848,487,350,
19,44009894,69,8,
19,44009999,315,346,
19,44010007,23,19,
19,44010096,49,8,
19,44010659,29,7,
19,44010684,31,1,
19,44010694,23,3,
19,44010705,113,143,
19,44010922,69,19,
19,44011139,37,5,
19,44011232,22,4,
19,44011254,79,24,
19,44011381,189,210,
19,44011489,194,33,
19,44011515,193,64,
19,44011645,20,10,
19,44011654,115,92,
19,44011711,6,0,
19,44011757,14,7,
19,44012074,46,13,
19,44012227,326,230,
19,44012247,48,20,
19,44012283,131,68,
19,44012418,49,0,
19,44012495,13,5,
19,44012538,18,0,
19,44012549,13,5,
19,44012615,186,62,
19,44012729,111,5,
19,44013046,40,7,
19,44013069,12,1,
19,44013154,69,35,
19,44013157,544,195,
19,44013181,92,12,
19,44013201,50,11,
19,44013205,6,1,
19,44013266,54,8,
19,44013322,37,74,
19,44013387,55,11,
19,44013470,32,10,
19,44013517,58,23,
19,44013671,67,22,
19,44013868,46,65,
19,44013913,231,160,
19,44013933,88,3,
19,44014011,22,1,
19,44014024,12,2,
19,44014046,338,73,
19,44014343,29,0,
19,44014384,55,59,
19,44014587,220,52,
19,44014661,28,0,
19,44014808,478,209,
19,44015144,343,247,
19,44015162,19,2,
19,44015367,257,72,
19,44015486,11,5,
19,44015557,33,6,
19,44015614,18,2,
19,44015649,141,84,
19,44015657,100,44,
19,44015872,240,139,
19,44015880,7,0,
19,44016037,418,45,
19,44016059,4,0,
19,44016265,45,3,
19,44016289,45,16,
19,44016329,26,13,
19,44016336,182,61,
19,44016416,5,0,
19,44016530,107,51,
19,44016564,132,16,
19,44016621,138,114,
19,44016946,26,7,
19,44017056,86,16,
19,44017098,23,6,
19,44017317,21,4,
19,44017547,7,1,
19,44017560,3,0,
19,44017592,113,42,
19,44017682,58,4,
19,44017692,149,45,
19,44017832,35,30,
19,44017913,344,208,
19,44018095,8,2,
19,44018283,64,31,
19,44018301,186,116,
19,44018319,28,15,
19,44018479,11,6,
19,44018662,43,4,
19,44018741,80,12,
19,44018886,140,110,
19,44019193,17,16,
19,44019386,145,80,
19,44019418,4,0,
19,44019791,13,6,
19,44020019,58,10,
19,44020050,20,11,
19,44020240,17,3,
19,44020293,13,2,
19,44020295,30,7,
19,44020315,87,4,
19,44020469,26,4,
19,44020574,56,22,
19,44020591,943,491,
19,44020626,144,60,
19,44020734,196,79,
19,44020832,396,374,14
19,44020914,48,24,
19,44020975,72,62,
19,44021028,131,41,
19,44021191,72,27,
19,44021824,181,84,
19,44021883,58,14,
19,44021993,3,0,
19,44022059,5,0,
19,44022188,4,0,
19,44022215,299,681,
19,44022225,260,37,
19,44022233,66,16,
19,44022265,99,9,
19,44022272,14,2,
19,44022352,10,0,
19,44022353,373,128,
19,44022384,10,0,
19,44022448,432,492,
19,44022484,69,22,
19,44022529,18,1,
19,44022677,39,33,
19,44022758,314,147,
19,44022781,40,12,
19,44022799,14,7,
19,44022859,9,2,
19,44022876,7,1,
19,44023081,13,4,
19,44023144,217,131,
19,44023400,5,1,
19,44023423,125,70,
19,44023471,25,11,
19,44023634,39,50,
19,44023635,5,2,
19,44023663,56,73,
19,44023680,130,59,
19,44023881,3,0,
19,44023995,4,5,
19,44024055,78,11,
19,44024173,95,70,
19,44024242,5,0,
19,44024245,4,1,
19,44024322,16,6,
19,44024393,14,4,
19,44024461,11,0,
19,44024483,4,1,
19,44024503,23,17,
19,44024548,11,1,
19,44024605,10,4,
19,44024687,22,4,
19,44024718,6,0,
19,44024756,8,1,
19,44024759,584,192,
19,44024784,165,115,
19,44024842,53,31,
19,44024867,6,3,
19,44024896,6,2,
19,44024919,56,35,
19,44024987,8,1,
19,44025022,75,82,
19,44025263,7,5,
19,44025299,4,0,
19,44025324,105,51,
19,44025380,6,0,
19,44025439,245,74,28
19,44025484,168,115,
19,44025610,4,0,
19,44025912,10,1,
19,44026018,17,2,
19,44026170,85,46,
19,44026182,4,0,
19,44026201,106,90,
19,44026202,52,57,
19,44026294,13,6,
19,44026367,12,1,
19,44026456,3,2,
19,44026799,146,54,29
19,44026959,8,2,
19,44027008,8,1,
19,44027095,15,2,
19,44027100,12,0,
19,44027379,48,75,
19,44027495,4,2,
19,44027722,49,64,
19,44027768,58,9,
19,44027808,23,2,
19,44027849,41,58,
19,44027867,207,116,19
19,44028076,6,1,
19,44028106,9,13,
19,44028139,8,11,
19,44028153,564,324,
19,44028250,107,45,16
19,44028384,112,125,
19,44028435,77,57,
19,44028526,5,1,
19,44028536,6,0,
19,44028587,46,33,
19,44028640,8,0,
19,44028767,5,0,
19,44028909,7,5,
19,44028990,3,0,
19,44029142,145,22,12
19,44029167,3,0,
19,44029288,8,0,
19,44029343,3,0,
19,44029435,77,12,21
19,44029517,4,0,
19,44029566,83,7,
19,44029619,38,10,24
19,44029631,29,3,
19,44029951,8,0,
19,44030051,7,0,
19,44030070,5,2,
19,44030105,5,0,
19,44030157,7,1,
19,44030337,10,2,
19,44030343,11,12,
19,44030354,18,4,
19,44030412,61,59,
19,44030443,15,3,
19,44030469,46,16,
19,44030492,135,47,4
19,44030505,9,5,
19,44030560,53,31,15
19,44030683,25,3,
19,44030696,28,5,26
19,44030786,16,15,
19,44030850,401,149,2
19,44030873,153,88,20
19,44030923,8,1,
19,44030932,8,1,
19,44031000,95,68,
19,44031009,101,33,5
19,44031144,60,35,10
19,44031232,15,0,
19,44031281,7,0,
19,44031297,174,181,7
19,44031344,54,6,
19,44031385,607,359,1
19,44031387,54,58,
19,44031432,154,90,24
19,44031529,93,33,22
19,44031532,6,0,
19,44031535,64,10,9
19,44031553,7,0,
19,44031656,8,2,
19,44031742,19,3,
19,44031917,68,69,
19,44032124,44,15,14
19,44032326,6,3,
19,44032470,84,20,3
19,44032510,59,62,23
19,44032717,79,13,15
19,44032777,88,42,4
19,44033310,14,5,8
19,44033606,6,0,
19,44033708,4,1,
20,43964505,135,81,
20,43964827,195,38,
20,43964896,80,27,
20,43966089,376,251,
20,43966471,91,32,
20,43966694,185,46,
20,43967405,59,7,
20,43968141,169,39,
20,43968693,76,55,
20,43968897,367,74,
20,43969442,123,32,
20,43969827,853,463,
20,43970057,92,37,
20,43970363,90,60,
20,43970710,32,21,
20,43970768,62,16,
20,43970800,212,210,
20,43970837,567,350,
20,43970953,56,23,
20,43971068,113,70,
20,43971149,76,15,
20,43971177,297,143,
20,43971185,26,3,
20,43971314,95,29,
20,43971442,55,40,
20,43971464,845,813,
20,43971515,441,704,
20,43971616,307,166,
20,43971620,312,105,
20,43971678,21,4,
20,43971685,66,17,
20,43971688,144,77,
20,43971716,416,259,
20,43971791,119,109,
20,43971853,688,139,
20,43971941,78,32,
20,43971944,30,15,
20,43972004,105,68,
20,43972083,34,1,
20,43972154,31,5,
20,43972334,210,93,
20,43972425,215,120,
20,43972449,68,26,
20,43972485,211,80,
20,43972535,346,212,
20,43972669,169,59,
20,43972757,78,183,
20,43972927,74,11,
20,43973395,445,414,
20,43973677,74,8,
20,43973721,355,200,
20,43973964,31,6,
20,43974005,194,81,
20,43974026,52,24,
20,43974344,45,22,
20,43974461,154,65,
20,43974599,27,3,
20,43974872,132,59,
20,43974891,420,212,
20,43975143,57,6,
20,43975352,355,550,
20,43975404,69,10,
20,43975423,236,108,
20,43975782,107,18,
20,43976274,86,18,
20,43976504,89,12,
20,43976557,242,549,
20,43976886,16,1,
20,43976895,180,37,
20,43977147,104,28,
20,43977515,46,10,
20,43977821,9,4,
20,43977896,48,19,
20,43977901,17,15,
20,43978357,256,126,
20,43978435,455,396,
20,43978476,75,16,
20,43979063,177,71,
20,43979916,138,30,
20,43980036,284,360,
20,43980760,454,60,
20,43980845,493,358,
20,43981170,412,166,
20,43981198,88,301,
20,43981680,309,121,
20,43981971,145,52,
20,43982238,118,108,
20,43982495,103,94,
20,43982777,386,224,
20,43982784,89,71,
20,43982892,94,44,
20,43983159,274,262,
20,43983196,95,62,
20,43983201,68,42,
20,43983455,119,124,
20,43983627,49,6,
20,43983871,799,336,
20,43984097,185,44,
20,43984297,408,314,
20,43984770,128,36,
20,43984860,149,83,
20,43985489,1025,265,
20,43985513,984,368,
20,43985527,51,22,
20,43985624,159,52,
20,43985861,182,424,
20,43985971,399,144,
20,43985994,46,34,
20,43986229,15,4,
20,43986424,182,143,
20,43986821,60,44,
20,43986833,93,50,
20,43987367,102,32,
20,43987852,34,6,
20,43988070,31,6,
20,43988381,224,51,
20,43988518,17,1,
20,43988533,176,172,
20,43988753,46,7,
20,43988975,51,27,
20,43989497,240,273,
20,43990262,54,5,
20,43990515,26,28,
20,43991185,67,7,
20,43991221,113,41,
20,43991256,372,254,
20,43991396,726,269,
20,43991500,33,2,
20,43991554,24,27,
20,43991962,78,86,
20,43992100,71,11,
20,43992242,32,0,
20,43993311,139,2,
20,43993707,163,142,
20,43993711,345,291,
20,43993897,114,73,
20,43993982,57,95,
20,43994190,87,43,
20,43994306,91,47,
20,43994333,155,46,
20,43994486,36,14,
20,43994765,374,367,
20,43994791,24,3,
20,43994827,143,51,
20,43994987,176,52,
20,43995005,261,47,
20,43995067,233,128,
20,43995094,18,9,
20,43995122,42,41,
20,43995144,78,6,
20,43995302,185,111,
20,43995501,78,10,
20,43995700,13,5,
20,43996031,55,16,
20,43996071,75,62,
20,43996226,23,0,
20,43996243,44,14,
20,43996251,116,98,
20,43996307,417,497,
20,43996422,23,24,
20,43996431,483,205,
20,43996515,46,8,29
20,43996555,145,100,
20,43996770,22,27,
20,43996796,37,7,
20,43997071,30,18,
20,43997135,141,27,
20,43997286,58,29,
20,43997467,45,13,
20,43997636,1233,524,
20,43997728,71,129,
20,43997830,194,143,
20,43997932,125,89,
20,43998008,90,79,
20,43998049,189,61,
20,43998075,42,45,27
20,43998115,142,38,
20,43998341,30,14,
20,43998423,94,31,
20,43998472,439,317,
20,43998485,21,10,
20,43998707,172,23,
20,43998858,4,0,
20,43998945,36,2,
20,43999492,188,249,
20,43999748,427,164,
20,43999897,234,29,30
20,43999919,28,0,
20,44000700,340,86,
20,44000724,100,58,
20,44000759,227,167,
20,44001087,352,83,
20,44001391,92,23,
20,44001696,81,38,9
20,44001765,197,473,
20,44001803,12,0,
20,44002333,341,314,
20,44002639,40,1,
20,44002694,18,1,
20,44003184,71,25,8
20,44003347,77,38,
20,44003445,289,288,
20,44003447,122,15,
20,44003449,117,112,
20,44003700,359,217,
20,44003741,197,68,
20,44003928,32,2,
20,44004388,511,189,
20,44004625,275,119,
20,44004827,85,35,
20,44005008,246,408,
20,44005110,110,85,
20,44005157,28,2,16
20,44005195,162,35,
20,44005668,115,34,
20,44005692,98,34,
20,44005899,58,25,
20,44006231,243,101,
20,44006345,504,436,
20,44006381,251,449,
20,44006426,381,199,
20,44006735,76,31,
20,44006824,196,60,
20,44007065,68,22,
20,44007714,51,11,
20,44007854,33,7,
20,44008005,34,8,
20,44008412,75,43,
20,44008597,12,0,
20,44008793,15,2,11
20,44008843,689,431,
20,44009125,12,6,
20,44009185,85,17,
20,44009321,271,40,
20,44009464,193,42,
20,44009521,7,0,
20,44009621,41,12,
20,44009848,487,350,
20,44009894,69,8,
20,44009999,315,346,
20,44010007,23,19,
20,44010096,49,8,
20,44010659,29,7,
20,44010684,31,1,
20,44010694,23,3,
20,44010705,113,143,
20,44010922,69,20,
20,44011139,37,5,
20,44011232,22,4,
20,44011254,79,24,
20,44011381,190,210,
20,44011489,194,33,
20,44011515,193,64,
20,44011645,20,10,
20,44011654,115,92,
20,44011757,14,7,
20,44012074,46,13,
20,44012227,326,230,
20,44012247,48,20,
20,44012283,131,69,
20,44012418,51,0,
20,44012495,13,5,
20,44012538,18,0,
20,44012549,13,5,
20,44012615,186,62,
20,44012729,111,5,
20,44013046,40,7,
20,44013069,12,1,
20,44013154,69,35,
20,44013157,546,195,
20,44013181,92,12,
20,44013201,51,11,
20,44013205,6,1,
20,44013266,54,8,
20,44013322,37,88,
20,44013387,55,11,
20,44013470,32,10,
20,44013517,58,23,
20,44013671,67,22,
20,44013868,46,67,
20,44013913,231,160,
20,44013933,88,3,
20,44014011,22,1,
20,44014024,12,2,
20,44014046,338,73,
20,44014343,29,0,
20,44014384,55,59,
20,44014587,221,52,
20,44014661,28,0,
20,44014808,478,209,
20,44015144,344,247,
20,44015162,19,2,
20,44015367,257,72,
20,44015486,11,6,
20,44015557,33,6,
20,44015614,18,2,
20,44015649,141,84,
20,44015657,100,44,
20,44015872,240,140,
20,44015880,7,0,
20,44016037,420,45,
20,44016059,4,0,
20,44016265,45,3,
20,44016289,45,16,
20,44016329,26,13,
20,44016336,182,61,
20,44016416,5,0,
20,44016530,107,51,
20,44016564,132,16,
20,44016621,138,114,
20,44016946,26,7,
20,44017056,86,16,
20,44017098,23,6,
20,44017317,21,4,
20,44017547,7,1,
20,44017560,3,0,
20,44017592,113,42,
20,44017682,58,4,
20,44017692,149,45,
20,44017832,35,30,
20,44017913,344,208,
20,44018095,8,2,
20,44018283,64,31,
20,44018301,187,116,
20,44018319,28,15,
20,44018479,11,6,
20,44018662,43,4,
20,44018741,80,12,
20,44018886,142,111,
20,44019193,17,16,
20,44019386,145,80,
20,44019418,4,0,
20,44019791,13,6,
20,44020019,58,10,
20,44020050,20,11,
20,44020240,17,3,
20,44020295,30,7,
20,44020315,87,4,
20,44020469,26,4,
20,44020574,56,22,
20,44020591,948,491,
20,44020626,145,61,
20,44020734,197,79,
20,44020832,408,385,17
20,44020914,48,24,
20,44020975,72,62,
20,44021028,131,41,
20,44021191,72,27,
20,44021824,182,84,
20,44021883,58,14,
20,44021993,3,0,
20,44022059,5,0,
20,44022188,4,0,
20,44022215,302,690,
20,44022225,261,37,
20,44022233,66,16,
20,44022265,99,9,
20,44022272,14,2,
20,44022352,10,0,
20,44022353,375,128,
20,44022384,10,0,
20,44022448,433,495,
20,44022484,69,22,
20,44022529,18,1,
20,44022677,39,35,
20,44022758,315,147,
20,44022781,40,12,
20,44022799,14,7,
20,44022859,9,2,
20,44022876,7,1,
20,44023081,13,4,
20,44023144,218,133,
20,44023400,5,1,
20,44023423,126,72,
20,44023471,25,11,
20,44023634,39,50,
20,44023635,5,2,
20,44023663,56,73,
20,44023680,132,59,
20,44023995,4,5,
20,44024055,78,11,
20,44024173,96,70,
20,44024242,5,0,
20,44024245,4,1,
20,44024322,16,6,
20,44024393,14,4,
20,44024461,11,0,
20,44024483,4,1,
20,44024503,23,17,
20,44024548,11,1,
20,44024605,10,4,
20,44024687,22,4,
20,44024718,6,0,
20,44024756,8,1,
20,44024759,589,194,
20,44024784,168,119,
20,44024842,53,32,
20,44024867,7,3,
20,44024896,6,2,
20,44024919,56,35,
20,44024987,8,1,
20,44025022,76,82,
20,44025263,7,5,
20,44025299,4,0,
20,44025324,105,52,
20,44025380,6,0,
20,44025439,247,75,
20,44025484,169,117,
20,44025610,4,0,
20,44025912,10,1,
20,44026018,17,2,
20,44026170,85,46,
20,44026182,4,0,
20,44026201,107,91,
20,44026202,52,58,
20,44026294,13,6,
20,44026367,12,1,
20,44026456,3,2,
20,44026799,148,54,
20,44026959,8,2,
20,44027008,9,1,
20,44027095,15,2,
20,44027100,12,0,
20,44027379,49,75,
20,44027495,4,2,
20,44027722,49,65,
20,44027768,59,9,
20,44027808,23,2,
20,44027849,42,60,
20,44027867,214,119,20
20,44028076,6,1,
20,44028106,10,14,
20,44028139,8,11,
20,44028153,579,331,
20,44028250,110,48,19
20,44028384,113,125,
20,44028435,77,58,
20,44028526,5,1,
20,44028536,7,1,
20,44028587,48,34,
20,44028640,11,0,
20,44028767,6,0,
20,44028909,7,5,
20,44028990,3,0,
20,44029142,152,23,11
20,44029167,5,0,
20,44029288,8,0,
20,44029343,3,0,
20,44029435,85,12,22
20,44029517,4,0,
20,44029566,89,7,
20,44029619,44,12,25
20,44029631,30,4,
20,44029951,8,0,
20,44030051,7,0,
20,44030070,5,2,
20,44030105,6,0,
20,44030157,7,1,
20,44030337,10,2,
20,44030343,11,12,
20,44030354,18,4,
20,44030394,5,4,
20,44030412,63,59,
20,44030443,18,4,
20,44030469,47,17,
20,44030492,143,51,5
20,44030505,9,5,
20,44030560,61,43,16
20,44030683,27,4,
20,44030696,28,5,
20,44030786,18,19,
20,44030850,450,163,2
20,44030873,165,94,22
20,44030923,8,1,
20,44030932,10,2,
20,44031000,97,71,
20,44031009,113,46,6
20,44031144,69,43,13
20,44031232,17,0,
20,44031281,7,0,
20,44031297,194,206,15
20,44031344,67,7,
20,44031385,739,462,1
20,44031387,62,72,27
20,44031432,176,107,5
20,44031529,124,47,24
20,44031532,6,0,
20,44031535,96,17,8
20,44031553,9,0,
20,44031656,9,2,
20,44031742,20,3,
20,44031917,98,113,25
20,44032115,11,0,
20,44032238,4,2,
20,44032326,9,5,
20,44032470,117,25,3
20,44032510,62,86,
20,44032717,129,48,14
20,44032777,124,66,3
20,44033009,5,2,27
20,44033310,39,10,7
20,44033606,8,0,
20,44033620,3,0,
20,44033708,7,2,
20,44033711,9,1,
20,44033979,8,0,
20,44034052,4,0,
20,44034138,9,1,
20,44034306,5,1,
21,43964505,135,81,
21,43964896,80,27,
21,43966089,376,251,
21,43966471,91,32,
21,43966694,185,46,
21,43967405,59,7,
21,43968141,169,39,
21,43968693,76,55,
21,43968897,367,74,
21,43969442,123,32,
21,43969827,853,463,
21,43970057,92,37,
21,43970363,90,60,
21,43970710,32,21,
21,43970768,62,16,
21,43970800,212,210,
21,43970837,567,350,
21,43970953,56,23,
21,43971068,113,70,
21,43971149,76,15,
21,43971177,297,143,
21,43971185,26,3,
21,43971314,95,29,
21,43971442,55,40,
21,43971464,846,813,
21,43971515,441,704,
21,43971616,307,166,
21,43971620,312,105,
21,43971678,21,4,
21,43971685,66,17,
21,43971688,144,77,
21,43971716,416,259,
21,43971791,119,109,
21,43971853,688,139,
21,43971941,78,32,
21,43971944,30,15,
21,43972083,34,1,
21,43972154,31,5,
21,43972334,210,93,
21,43972425,215,120,
21,43972449,68,26,
21,43972485,211,80,
21,43972535,346,212,
21,43972669,169,59,
21,43972757,78,183,
21,43972927,74,11,
21,43973395,445,414,
21,43973677,74,8,
21,43973721,355,200,
21,43973964,31,6,
21,43974005,194,81,
21,43974026,52,24,
21,43974344,45,22,
21,43974461,154,65,
21,43974599,27,3,
21,43974872,132,59,
21,43974891,420,212,
21,43975143,57,6,
21,43975352,355,550,
21,43975404,69,10,
21,43975423,236,108,
21,43975782,107,18,
21,43976274,87,18,
21,43976504,89,12,
21,43976557,242,549,
21,43976886,16,1,
21,43976895,180,37,
21,43977147,104,28,
21,43977515,46,10,
21,43977896,48,19,
21,43977901,17,15,
21,43978357,256,126,
21,43978435,455,396,
21,43978476,75,16,
21,43979063,177,71,
21,43979916,138,30,
21,43980036,284,360,
21,43980760,454,60,
21,43980845,493,358,
21,43981170,412,166,
21,43981198,88,302,
21,43981680,309,121,
21,43981971,145,52,
21,43982238,118,108,
21,43982495,103,94,
21,43982777,386,224,
21,43982784,89,71,
21,43982892,94,44,
21,43983159,274,262,
21,43983196,95,62,
21,43983201,68,42,
21,43983455,119,124,
21,43983871,799,336,
21,43984097,185,44,
21,43984297,408,314,
21,43984770,128,36,
21,43984860,149,83,
21,43985489,1025,265,
21,43985513,985,370,
21,43985527,51,22,
21,43985624,159,52,
21,43985861,182,424,
21,43985971,399,144,
21,43985994,46,34,
21,43986229,15,4,
21,43986424,182,143,
21,43986821,60,44,
21,43986833,93,50,
21,43987367,104,32,
21,43987852,34,6,
21,43988070,31,6,
21,43988381,224,51,
21,43988518,17,1,
21,43988533,176,172,
21,43988753,46,7,
21,43988975,51,28,
21,43989497,240,273,
21,43990262,54,5,
21,43990515,26,28,
21,43991185,67,7,
21,43991221,113,41,
21,43991256,372,254,
21,43991396,726,269,
21,43991500,33,2,
21,43991554,24,27,
21,43991962,79,86,
21,43992100,71,11,
21,43992242,32,0,
21,43993311,140,2,
21,43993707,163,142,
21,43993711,346,291,
21,43993897,114,73,
21,43993982,57,95,
21,43994190,87,43,
21,43994306,91,47,
21,43994333,155,46,
21,43994486,36,14,
21,43994765,374,367,
21,43994791,24,3,
21,43994827,143,51,
21,43994987,176,52,
21,43995005,261,47,
21,43995067,233,129,
21,43995094,18,9,
21,43995122,42,41,
21,43995144,78,6,
21,43995302,185,111,
21,43995501,78,10,
21,43995700,13,5,
21,43996031,55,16,
21,43996071,75,62,
21,43996226,23,0,
21,43996243,44,14,
21,43996251,116,98,
21,43996307,417,497,
21,43996422,24,24,
21,43996431,483,205,
21,43996515,46,8,
21,43996555,145,100,
21,43996770,22,30,
21,43996796,37,7,
21,43997071,30,18,
21,43997135,141,27,
21,43997286,58,29,
21,43997467,45,13,
21,43997636,1234,524,
21,43997728,71,129,
21,43997830,194,143,
21,43997932,125,89,
21,43998008,90,79,
21,43998049,189,61,
21,43998075,45,46,30
21,43998115,142,38,
21,43998341,30,14,
21,43998423,94,31,
21,43998472,439,317,
21,43998485,21,10,
21,43998707,172,23,
21,43998858,4,0,
21,43998945,36,2,
21,43999492,188,249,
21,43999748,427,164,
21,43999897,237,29,
21,44000700,340,86,
21,44000724,100,58,
21,44000759,227,167,
21,44001087,352,83,
21,44001391,92,23,
21,44001696,91,43,11
21,44001765,197,473,
21,44001803,12,0,
21,44002333,341,314,
21,44002639,40,1,
21,44002694,18,1,
21,44003184,95,34,9
21,44003347,77,38,
21,44003445,289,288,
21,44003447,122,15,
21,44003449,117,112,
21,44003700,359,217,
21,44003741,197,68,
21,44003928,32,2,
21,44004388,511,189,
21,44004625,275,119,
21,44004827,85,35,
21,44005008,246,408,
21,44005110,110,85,
21,44005157,38,3,18
21,44005195,162,35,
21,44005668,115,34,
21,44005692,98,35,
21,44005899,58,25,
21,44006231,243,101,
21,44006345,504,437,
21,44006381,252,449,
21,44006426,381,199,
21,44006735,76,31,
21,44006824,196,60,
21,44007065,68,22,
21,44007714,51,11,
21,44007854,33,7,
21,44008005,34,8,
21,44008412,75,43,
21,44008597,12,0,
21,44008793,26,11,7
21,44008843,690,431,
21,44009125,12,6,
21,44009185,85,17,
21,44009321,271,40,
21,44009464,193,42,
21,44009521,7,0,
21,44009621,41,12,
21,44009848,487,350,
21,44009894,69,8,
21,44009999,315,347,
21,44010007,23,19,
21,44010096,51,8,
21,44010659,29,7,
21,44010684,31,1,
21,44010694,23,3,
21,44010705,113,143,
21,44010922,69,20,
21,44011139,37,5,
21,44011232,22,4,
21,44011254,79,24,
21,44011381,190,210,
21,44011489,194,33,
21,44011515,194,64,
21,44011645,20,10,
21,44011654,115,92,
21,44011757,14,7,
21,44012074,46,13,
21,44012227,326,230,
21,44012247,48,20,
21,44012283,132,70,
21,44012418,52,1,
21,44012495,13,5,
21,44012538,18,0,
21,44012549,13,5,
21,44012615,186,62,
21,44012729,111,5,
21,44013046,40,7,
21,44013069,12,1,
21,44013154,69,35,
21,44013157,546,195,
21,44013181,92,12,
21,44013201,51,11,
21,44013205,6,1,
21,44013266,54,8,
21,44013322,37,90,
21,44013470,32,10,
21,44013517,58,23,
21,44013671,67,23,
21,44013868,46,67,
21,44013913,231,160,
21,44013933,88,3,
21,44014011,22,1,
21,44014024,12,2,
21,44014046,338,73,
21,44014323,7,2,12
21,44014343,29,0,
21,44014384,55,59,
21,44014587,221,52,
21,44014661,28,0,
21,44014808,479,209,
21,44015144,345,247,
21,44015162,19,2,
21,44015367,257,72,
21,44015486,11,6,
21,44015557,33,6,
21,44015614,18,2,
21,44015649,141,84,
21,44015657,101,44,
21,44015872,241,140,
21,44015880,7,0,
21,44016037,421,45,
21,44016059,4,0,
21,44016265,45,3,
21,44016289,45,16,
21,44016329,26,13,
21,44016336,182,61,
21,44016416,5,0,
21,44016530,107,51,
21,44016564,132,16,
21,44016621,138,114,
21,44016946,26,7,
21,44017056,86,16,
21,44017098,23,6,
21,44017317,21,4,
21,44017547,7,1,
21,44017560,3,0,
21,44017592,113,42,
21,44017682,58,4,
21,44017692,149,45,
21,44017832,35,30,
21,44017913,345,208,
21,44018095,8,2,
21,44018283,64,31,
21,44018301,187,116,
21,44018319,28,15,
21,44018479,11,6,
21,44018662,43,4,
21,44018741,80,12,
21,44018886,142,111,
21,44019193,17,16,
21,44019386,145,80,
21,44019418,4,0,
21,44019791,13,6,
21,44020019,59,10,
21,44020050,20,11,
21,44020240,17,3,
21,44020295,30,7,
21,44020315,87,5,
21,44020469,27,5,
21,44020574,56,22,
21,44020591,951,491,
21,44020626,145,61,
21,44020734,199,79,
21,44020832,423,399,19
21,44020914,48,24,
21,44020975,73,63,
21,44021028,131,41,
21,44021191,72,27,
21,44021824,183,84,
21,44021883,58,14,
21,44021993,3,0,
21,44022188,4,0,
21,44022215,304,695,
21,44022225,262,37,
21,44022233,66,16,
21,44022265,100,9,
21,44022272,14,2,
21,44022352,10,0,
21,44022353,375,128,
21,44022384,10,0,
21,44022448,436,498,
21,44022484,69,22,
21,44022529,18,1,
21,44022677,39,35,
21,44022758,316,148,
21,44022781,40,12,
21,44022799,14,7,
21,44022859,9,2,
21,44022876,7,1,
21,44023081,13,4,
21,44023144,220,133,
21,44023400,5,1,
21,44023423,126,72,
21,44023471,25,12,
21,44023634,40,51,
21,44023635,5,2,
21,44023663,56,73,
21,44023680,132,59,
21,44023995,5,5,
21,44024055,80,11,
21,44024173,96,70,
21,44024322,16,6,
21,44024393,14,4,
21,44024461,12,0,
21,44024483,4,1,
21,44024503,23,17,
21,44024548,11,1,
21,44024605,10,4,
21,44024687,22,4,
21,44024718,6,0,
21,44024756,8,1,
21,44024759,591,195,
21,44024784,172,119,
21,44024842,53,32,
21,44024867,8,3,
21,44024896,6,2,
21,44024919,56,35,
21,44024987,8,1,
21,44025022,76,82,
21,44025263,7,5,
21,44025299,4,0,
21,44025324,105,53,
21,44025380,6,0,
21,44025439,248,75,
21,44025484,172,117,
21,44025610,4,0,
21,44025912,10,1,
21,44026018,17,2,
21,44026170,85,47,
21,44026182,4,0,
21,44026201,107,91,
21,44026202,52,58,
21,44026294,13,6,
21,44026367,12,1,
21,44026456,3,2,
21,44026799,149,55,
21,44026959,8,3,
21,44027008,9,1,
21,44027095,15,2,
21,44027100,12,0,
21,44027379,51,75,
21,44027495,4,2,
21,44027722,49,65,
21,44027768,59,9,
21,44027808,25,2,
21,44027849,44,62,
21,44027867,226,125,21
21,44028076,6,1,
21,44028106,10,14,
21,44028139,8,11,
21,44028153,590,334,
21,44028250,110,49,20
21,44028384,113,125,
21,44028435,77,58,
21,44028526,5,1,
21,44028536,7,1,
21,44028587,48,34,
21,44028640,12,0,
21,44028767,7,0,
21,44028909,7,5,
21,44028990,3,0,
21,44029142,156,23,13
21,44029167,6,0,
21,44029288,8,0,
21,44029343,3,0,
21,44029435,97,14,24
21,44029517,4,0,
21,44029566,92,7,
21,44029619,47,14,28
21,44029631,32,3,
21,44029951,9,0,
21,44030051,7,0,
21,44030070,5,2,
21,44030105,9,0,
21,44030157,7,1,
21,44030337,11,2,
21,44030343,11,13,
21,44030354,19,5,
21,44030394,6,4,
21,44030412,66,61,
21,44030443,18,3,
21,44030469,47,17,
21,44030492,147,53,5
21,44030505,9,5,
21,44030560,70,49,23
21,44030683,27,4,
21,44030696,28,5,
21,44030786,19,20,
21,44030850,494,171,2
21,44030873,179,100,26
21,44030923,8,1,
21,44030932,12,2,
21,44031000,98,73,
21,44031009,126,53,7
21,44031144,77,50,16
21,44031232,20,0,
21,44031281,7,0,
21,44031297,226,229,16
21,44031344,80,8,
21,44031385,864,547,1
21,44031387,69,72,29
21,44031432,220,129,4
21,44031529,150,57,27
21,44031532,7,0,
21,44031535,121,20,10
21,44031553,9,0,
21,44031656,10,2,
21,44031742,21,3,
21,44031917,136,172,23
21,44032115,14,0,
21,44032238,4,2,
21,44032326,9,5,
21,44032470,133,28,4
21,44032510,65,91,
21,44032717,168,69,15
21,44032777,166,87,3
21,44033009,12,6,22
21,44033310,61,15,6
21,44033606,10,0,
21,44033620,3,0,
21,44033711,14,1,
21,44033979,12,0,
21,44034052,6,0,
21,44034138,16,3,
21,44034226,5,0,
21,44034329,9,1,30
21,44034488,4,0,
21,44034526,8,0,
21,44034528,18,0,
21,44034536,35,11,23
21,44034569,4,0,
21,44034620,5,0,
21,44034722,6,1,
21,44034918,36,2,4
21,44035021,6,1,
22,43964505,135,81,
22,43964896,80,27,
22,43966089,376,251,
22,43966471,91,32,
22,43966694,185,46,
22,43967405,59,7,
22,43968141,169,39,
22,43968693,76,55,
22,43968897,367,74,
22,43969442,123,32,
22,43969827,853,463,
22,43970057,92,37,
22,43970363,90,60,
22,43970710,32,21,
22,43970768,62,16,
22,43970800,212,210,
22,43970837,568,350,
22,43970953,56,23,
22,43971068,113,70,
22,43971149,76,15,
22,43971177,297,143,
22,43971185,26,3,
22,43971314,95,29,
22,43971442,55,40,
22,43971464,846,813,
22,43971515,442,704,
22,43971616,307,166,
22,43971620,312,105,
22,43971678,21,4,
22,43971685,66,17,
22,43971688,144,77,
22,43971716,416,259,
22,43971791,119,109,
22,43971853,688,139,
22,43971941,78,32,
22,43971944,30,15,
22,43972083,34,1,
22,43972154,31,5,
22,43972334,210,93,
22,43972425,215,120,
22,43972449,68,26,
22,43972485,211,80,
22,43972535,346,212,
22,43972669,169,59,
22,43972757,78,183,
22,43972927,74,11,
22,43973395,446,414,
22,43973677,74,8,
22,43973721,355,200,
22,43973964,31,6,
22,43974005,194,81,
22,43974026,52,24,
22,43974344,45,22,
22,43974461,154,65,
22,43974599,27,3,
22,43974872,132,59,
22,43974891,420,212,
22,43975143,57,6,
22,43975352,355,550,
22,43975404,69,10,
22,43975423,236,108,
22,43975782,107,18,
22,43976274,87,18,
22,43976504,89,12,
22,43976557,242,549,
22,43976886,16,1,
22,43976895,180,37,
22,43977147,104,28,
22,43977515,46,10,
22,43977539,11,2,
22,43977648,24,2,
22,43977821,9,4,
22,43977896,48,19,
22,43977901,17,15,
22,43978155,39,17,
22,43978357,256,126,
22,43978435,455,396,
22,43978476,75,16,
22,43979063,177,71,
22,43979322,23,1,
22,43979546,33,17,
22,43979916,138,30,
22,43980036,284,360,
22,43980760,454,60,
22,43980845,493,358,
22,43981170,412,166,
22,43981198,88,302,
22,43981680,309,121,
22,43981861,22,3,
22,43981971,146,52,
22,43982238,118,108,
22,43982495,103,94,
22,43982777,386,224,
22,43982784,89,71,
22,43982892,94,44,
22,43983159,274,262,
22,43983196,95,62,
22,43983201,68,42,
22,43983455,119,124,
22,43983627,49,6,
22,43983871,799,336,
22,43983928,117,205,
22,43984097,185,44,
22,43984275,149,81,
22,43984297,408,314,
22,43984770,128,36,
22,43984860,149,83,
22,43985489,1026,265,
22,43985513,987,371,
22,43985527,51,22,
22,43985624,159,52,
22,43985861,182,424,
22,43985971,399,144,
22,43985994,46,34,
22,43986229,15,4,
22,43986424,182,143,
22,43986821,60,44,
22,43986833,93,50,
22,43987367,104,32,
22,43987814,41,5,
22,43987852,34,6,
22,43988070,31,6,
22,43988315,204,227,
22,43988381,224,51,
22,43988518,17,1,
22,43988533,176,172,
22,43988753,46,7,
22,43988975,51,28,
22,43989497,240,273,
22,43990262,55,5,
22,43990515,26,28,
22,43991091,103,28,
22,43991185,67,7,
22,43991221,113,41,
22,43991256,372,254,
22,43991396,726,269,
22,43991500,33,2,
22,43991554,24,27,
22,43991962,79,86,
22,43992100,71,11,
22,43992242,32,0,
22,43993311,143,2,
22,43993374,18,7,
22,43993707,163,142,
22,43993711,347,291,
22,43993897,114,73,
22,43993982,57,95,
22,43994190,87,43,
22,43994306,91,47,
22,43994333,155,46,
22,43994486,36,14,
22,43994765,374,367,
22,43994791,24,3,
22,43994827,143,51,
22,43994987,176,52,
22,43995005,261,47,
22,43995067,233,129,
22,43995094,18,9,
22,43995122,42,41,
22,43995144,78,6,
22,43995302,185,112,
22,43995501,78,10,
22,43995700,13,5,
22,43996031,55,16,
22,43996071,75,62,
22,43996226,23,0,
22,43996243,44,14,
22,43996251,116,98,
22,43996307,417,497,
22,43996422,24,24,
22,43996431,483,205,
22,43996515,46,8,
22,43996555,146,100,
22,43996597,24,19,
22,43996601,28,1,
22,43996770,22,31,
22,43996796,37,7,
22,43997071,30,18,
22,43997135,141,27,
22,43997286,58,29,
22,43997467,45,13,
22,43997636,1234,527,
22,43997728,71,129,
22,43997830,194,143,
22,43997932,125,89,
22,43998008,90,79,
22,43998049,189,61,
22,43998075,48,48,
22,43998115,142,38,
22,43998341,30,14,
22,43998423,94,31,
22,43998472,439,317,
22,43998485,21,10,
22,43998707,172,23,
22,43998858,4,0,
22,43998945,36,2,
22,43999492,188,249,
22,43999748,427,164,
22,43999897,238,30,
22,43999919,28,0,
22,44000700,340,86,
22,44000724,100,58,
22,44000759,227,167,
22,44000778,10,4,
22,44001087,352,83,
22,44001391,92,23,
22,44001696,95,52,12
22,44001765,197,473,
22,44001803,12,0,
22,44002333,341,314,
22,44002639,40,1,
22,44002694,18,1,
22,44003184,119,41,9
22,44003347,77,38,
22,44003445,289,288,
22,44003447,122,15,
22,44003449,117,112,
22,44003700,359,217,
22,44003741,197,68,
22,44003928,32,2,
22,44004388,511,189,
22,44004625,275,119,
22,44004827,85,35,
22,44005008,246,408,
22,44005110,110,85,
22,44005157,45,3,19
22,44005195,162,35,
22,44005668,115,34,
22,44005692,98,35,
22,44005899,58,25,
22,44006231,243,101,
22,44006345,505,438,
22,44006381,252,449,
22,44006426,381,199,
22,44006634,5,1,
22,44006735,76,31,
22,44006824,196,60,
22,44007065,68,22,
22,44007652,6,0,
22,44007714,51,11,
22,44007854,33,7,
22,44008005,34,8,
22,44008412,75,43,
22,44008597,12,0,
22,44008793,37,17,7
22,44008843,690,431,
22,44009125,12,6,
22,44009185,85,18,
22,44009321,271,40,
22,44009464,193,42,
22,44009521,8,0,
22,44009621,41,12,
22,44009848,487,350,
22,44009894,69,8,
22,44009999,316,348,
22,44010007,23,19,
22,44010096,51,8,
22,44010659,29,7,
22,44010684,31,1,
22,44010694,23,3,
22,44010705,113,143,
22,44010922,69,20,
22,44011139,37,5,
22,44011232,22,4,
22,44011254,79,24,
22,44011381,190,210,
22,44011489,194,33,
22,44011515,194,64,
22,44011645,20,10,
22,44011654,115,92,
22,44011711,6,0,
22,44011757,14,7,
22,44012074,46,13,
22,44012227,326,230,
22,44012247,48,20,
22,44012283,133,71,
22,44012418,53,2,
22,44012495,13,5,
22,44012538,18,0,
22,44012549,13,5,
22,44012615,186,62,
22,44012729,111,5,
22,44012846,3,0,
22,44013000,8,2,15
22,44013046,40,7,
22,44013069,12,1,
22,44013154,69,35,
22,44013157,546,196,
22,44013181,92,12,
22,44013201,51,11,
22,44013205,6,1,
22,44013240,3,0,
22,44013266,54,8,
22,44013290,4,0,
22,44013322,37,94,
22,44013387,55,11,
22,44013470,32,10,
22,44013517,58,23,
22,44013671,67,23,
22,44013674,5,0,
22,44013781,3,1,
22,44013868,46,67,
22,44013913,231,160,
22,44013933,88,3,
22,44014011,22,1,
22,44014024,12,2,
22,44014046,338,73,
22,44014272,5,2,
22,44014323,10,6,14
22,44014330,3,0,
22,44014343,29,0,
22,44014384,55,59,
22,44014587,221,53,
22,44014661,28,0,
22,44014808,479,209,
22,44015144,346,247,
22,44015162,19,2,
22,44015367,257,72,
22,44015486,11,6,
22,44015557,33,6,
22,44015614,18,2,
22,44015649,141,84,
22,44015657,101,44,
22,44015872,242,142,
22,44015880,7,0,
22,44016037,422,45,
22,44016059,4,0,
22,44016265,45,3,
22,44016273,20,1,
22,44016289,45,16,
22,44016329,26,13,
22,44016336,182,61,
22,44016416,5,0,
22,44016530,107,51,
22,44016564,132,16,
22,44016621,138,114,
22,44016946,26,7,
22,44017056,86,16,
22,44017098,23,6,
22,44017317,21,4,
22,44017472,19,3,
22,44017547,7,1,
22,44017560,3,0,
22,44017592,113,42,
22,44017682,58,4,
22,44017692,149,45,
22,44017832,35,30,
22,44017913,345,209,
22,44018095,8,2,
22,44018283,64,31,
22,44018301,189,116,
22,44018319,28,15,
22,44018479,11,6,
22,44018662,43,4,
22,44018741,80,12,
22,44018886,143,112,
22,44019193,17,16,
22,44019386,145,80,
22,44019418,4,0,
22,44019791,13,6,
22,44020019,59,10,
22,44020050,20,11,
22,44020129,11,1,
22,44020240,17,3,
22,44020293,13,2,
22,44020295,30,7,
22,44020315,87,5,
22,44020469,27,5,
22,44020574,56,22,
22,44020591,953,493,
22,44020626,145,61,
22,44020734,199,79,
22,44020832,426,401,20
22,44020914,48,24,
22,44020975,74,64,
22,44021028,131,41,
22,44021191,72,27,
22,44021824,184,85,
22,44021883,58,14,
22,44021993,3,0,
22,44022059,5,0,
22,44022188,4,0,
22,44022215,304,703,
22,44022225,262,37,
22,44022233,66,16,
22,44022265,101,9,
22,44022272,14,2,
22,44022352,10,0,
22,44022353,375,128,
22,44022384,11,0,
22,44022448,437,500,
22,44022484,69,22,
22,44022529,18,1,
22,44022677,39,35,
22,44022758,318,148,
22,44022781,41,12,
22,44022799,14,7,
22,44022859,9,2,
22,44022876,7,1,
22,44023081,13,4,
22,44023144,220,133,
22,44023354,5,0,
22,44023400,5,1,
22,44023423,126,72,
22,44023471,25,12,
22,44023634,40,52,
22,44023635,5,2,
22,44023663,56,73,
22,44023680,133,59,
22,44023881,3,0,
22,44023995,5,5,
22,44024055,80,11,
22,44024173,96,73,
22,44024242,5,0,
22,44024245,4,1,
22,44024322,16,6,
22,44024393,15,4,
22,44024461,12,0,
22,44024483,4,1,
22,44024503,23,17,
22,44024548,11,1,
22,44024605,10,4,
22,44024687,22,4,
22,44024718,6,0,
22,44024756,8,1,
22,44024759,591,196,
22,44024784,172,121,
22,44024842,53,33,
22,44024867,8,3,
22,44024896,6,2,
22,44024919,56,35,
22,44024987,8,1,
22,44025022,76,82,
22,44025263,7,5,
22,44025299,4,0,
22,44025324,105,54,
22,44025380,6,0,
22,44025439,248,75,
22,44025484,172,117,
22,44025610,4,0,
22,44025912,10,1,
22,44026018,17,2,
22,44026170,85,47,
22,44026182,4,0,
22,44026201,109,91,
22,44026202,52,59,
22,44026294,14,7,
22,44026367,12,1,
22,44026456,3,2,
22,44026799,149,55,
22,44026959,8,3,
22,44027008,9,1,
22,44027095,15,2,
22,44027100,12,0,
22,44027379,53,76,
22,44027495,4,2,
22,44027722,49,66,
22,44027768,59,9,
22,44027808,25,2,
22,44027849,44,63,
22,44027867,230,127,24
22,44028076,6,1,
22,44028106,10,14,
22,44028139,9,11,
22,44028153,594,336,
22,44028250,113,51,25
22,44028384,114,125,
22,44028435,77,58,
22,44028526,5,1,
22,44028536,7,1,
22,44028587,48,34,
22,44028640,12,0,
22,44028767,7,0,
22,44028909,8,5,
22,44028990,3,0,
22,44029142,160,23,13
22,44029167,6,0,
22,44029288,8,0,
22,44029343,3,0,
22,44029435,106,19,27
22,44029517,5,0,
22,44029566,95,8,
22,44029619,51,14,
22,44029631,35,3,
22,44029951,9,0,
22,44030051,7,0,
22,44030070,5,2,
22,44030105,10,0,
22,44030157,8,2,
22,44030337,11,2,
22,44030343,11,13,
22,44030354,19,5,
22,44030394,7,6,
22,44030412,67,61,
22,44030443,18,3,
22,44030469,47,18,
22,44030492,154,55,6
22,44030505,9,6,
22,44030560,71,51,
22,44030683,27,4,
22,44030696,28,5,
22,44030786,20,20,
22,44030850,521,173,3
22,44030873,184,104,
22,44030923,8,1,
22,44030932,13,2,
22,44031000,99,76,
22,44031009,132,56,11
22,44031144,83,53,22
22,44031232,21,0,
22,44031281,7,0,
22,44031297,247,250,17
22,44031344,90,10,
22,44031385,948,588,1
22,44031387,73,76,
22,44031432,256,144,5
22,44031529,173,68,30
22,44031532,7,0,
22,44031535,146,23,10
22,44031553,10,0,
22,44031656,10,2,
22,44031742,22,3,
22,44031917,179,211,23
22,44032115,20,0,
22,44032238,4,2,
22,44032326,10,5,
22,44032470,140,29,15
22,44032510,66,94,
22,44032717,189,89,18
22,44032777,194,95,4
22,44033009,16,12,24
22,44033310,82,22,8
22,44033361,6,0,
22,44033606,10,1,
22,44033620,3,0,
22,44033711,15,1,
22,44033979,13,0,
22,44034052,7,0,
22,44034226,5,0,
22,44034329,21,1,16
22,44034488,6,0,
22,44034526,9,0,
22,44034528,28,2,
22,44034536,68,49,21
22,44034569,4,0,
22,44034620,6,0,
22,44034641,5,1,
22,44034722,6,1,
22,44034918,102,38,2
22,44035158,86,19,1
22,44035186,9,0,
22,44035233,4,0,
22,44035274,7,0,29
22,44035312,7,0,
23,43974599,27,3,
23,43974872,132,59,
23,43974891,420,212,
23,43975143,57,6,
23,43975352,355,550,
23,43975404,69,10,
23,43975423,236,108,
23,43975782,107,18,
23,43976274,87,18,
23,43976504,89,12,
23,43976557,242,549,
23,43976886,16,1,
23,43976895,180,37,
23,43977147,104,28,
23,43977515,46,10,
23,43977539,11,2,
23,43977648,24,2,
23,43977821,9,4,
23,43977896,48,19,
23,43977901,17,15,
23,43978155,39,17,
23,43978357,256,126,
23,43978435,455,396,
23,43978476,75,16,
23,43979063,177,71,
23,43979322,23,1,
23,43979546,33,17,
23,43979916,138,30,
23,43980036,284,360,
23,43980760,454,60,
23,43980845,493,358,
23,43981170,412,166,
23,43981198,88,302,
23,43981680,309,121,
23,43981861,22,3,
23,43981971,146,52,
23,43982238,118,108,
23,43982495,103,94,
23,43982777,386,224,
23,43982784,89,71,
23,43982892,94,44,
23,43983159,274,262,
23,43983196,95,62,
23,43983201,68,42,
23,43983455,119,124,
23,43983627,49,6,
23,43983871,799,336,
23,43984097,185,44,
23,43984275,149,81,
23,43984297,408,314,
23,43984770,129,36,
23,43984860,149,83,
23,43985489,1026,265,
23,43985513,987,373,
23,43985527,51,22,
23,43985624,159,52,
23,43985861,182,424,
23,43985971,399,144,
23,43985994,46,34,
23,43986229,15,4,
23,43986424,182,143,
23,43986821,60,44,
23,43986833,93,50,
23,43987367,104,32,
23,43987814,41,5,
23,43987852,34,6,
23,43988070,31,6,
23,43988315,204,227,
23,43988381,224,51,
23,43988518,17,1,
23,43988533,176,172,
23,43988753,46,7,
23,43988975,51,28,
23,43989497,240,274,
23,43990262,55,5,
23,43990515,26,28,
23,43991091,103,28,
23,43991185,68,7,
23,43991221,114,41,
23,43991256,372,254,
23,43991396,726,269,
23,43991500,33,2,
23,43991554,24,27,
23,43991962,79,86,
23,43992100,71,11,
23,43992242,32,0,
23,43993311,144,2,
23,43993374,18,7,
23,43993707,163,142,
23,43993711,347,291,
23,43993897,114,73,
23,43993982,58,96,
23,43994190,87,43,
23,43994306,91,47,
23,43994333,155,46,
23,43994486,36,14,
23,43994765,374,367,
23,43994791,24,3,
23,43994827,143,51,
23,43994987,176,52,
23,43995005,261,47,
23,43995067,233,129,
23,43995094,18,9,
23,43995122,42,41,
23,43995144,78,6,
23,43995302,185,112,
23,43995501,78,10,
23,43995700,13,5,
23,43996031,55,16,
23,43996071,75,62,
23,43996226,23,0,
23,43996243,44,14,
23,43996251,116,98,
23,43996307,417,497,
23,43996422,24,24,
23,43996431,484,205,
23,43996515,46,8,
23,43996555,146,100,
23,43996597,24,19,
23,43996601,28,1,
23,43996770,22,32,
23,43996796,37,7,
23,43997071,30,18,
23,43997135,141,27,
23,43997286,58,29,
23,43997467,45,13,
23,43997636,1235,527,
23,43997728,71,129,
23,43997830,194,143,
23,43997932,125,89,
23,43998008,90,79,
23,43998049,189,61,
23,43998075,49,49,
23,43998115,142,38,
23,43998341,30,14,
23,43998423,94,31,
23,43998472,440,317,
23,43998485,21,10,
23,43998707,172,23,
23,43998858,4,0,
23,43998945,36,2,
23,43999492,188,249,
23,43999748,427,164,
23,43999897,241,30,
23,43999919,28,0,
23,44000700,340,86,
23,44000724,100,58,
23,44000759,227,167,
23,44000778,10,4,
23,44001087,352,83,
23,44001391,92,23,
23,44001696,104,58,13
23,44001765,197,473,
23,44001803,12,0,
23,44002333,341,314,
23,44002639,40,1,
23,44002694,18,1,
23,44003184,132,47,9
23,44003347,77,38,
23,44003445,289,288,
23,44003447,122,15,
23,44003449,117,112,
23,44003700,359,217,
23,44003741,197,68,
23,44003928,32,2,
23,44004388,511,189,
23,44004625,275,119,
23,44004827,85,35,
23,44005008,246,408,
23,44005110,110,85,
23,44005157,51,3,22
23,44005195,162,35,
23,44005668,115,34,
23,44005692,99,35,
23,44005899,58,25,
23,44006231,243,101,
23,44006345,505,443,
23,44006381,252,449,
23,44006426,381,199,
23,44006634,14,3,17
23,44006735,76,31,
23,44006824,196,60,
23,44007065,68,22,
23,44007714,51,11,
23,44007854,33,7,
23,44008005,34,8,
23,44008412,75,43,
23,44008597,12,0,
23,44008793,39,25,12
23,44008843,690,431,
23,44009125,12,6,
23,44009185,85,19,
23,44009321,271,40,
23,44009464,193,42,
23,44009521,8,0,
23,44009621,41,12,
23,44009848,487,350,
23,44009894,70,8,
23,44009999,316,348,
23,44010007,23,19,
23,44010096,52,8,
23,44010659,29,7,
23,44010684,31,1,
23,44010694,23,3,
23,44010705,113,143,
23,44010922,69,20,
23,44010927,7,0,
23,44011139,37,5,
23,44011232,22,4,
23,44011254,79,24,
23,44011381,190,210,
23,44011489,194,33,
23,44011515,194,64,
23,44011645,20,10,
23,44011654,115,92,
23,44011711,6,0,
23,44011757,14,7,
23,44012074,46,13,
23,44012227,326,230,
23,44012247,48,20,
23,44012283,133,72,
23,44012418,53,2,
23,44012495,13,5,
23,44012538,19,0,
23,44012549,13,5,
23,44012615,186,62,
23,44012729,111,5,
23,44012846,3,0,
23,44013000,15,7,14
23,44013046,40,7,
23,44013069,12,1,
23,44013154,69,35,
23,44013157,547,196,
23,44013181,92,12,
23,44013201,51,11,
23,44013205,6,1,
23,44013240,3,0,
23,44013266,54,8,
23,44013290,4,0,
23,44013322,38,102,
23,44013387,55,11,
23,44013470,32,10,
23,44013517,58,23,
23,44013671,67,23,
23,44013674,5,0,
23,44013781,3,1,
23,44013868,46,67,
23,44013913,231,160,
23,44013933,88,3,
23,44014011,22,1,
23,44014024,12,2,
23,44014046,338,73,
23,44014272,5,2,
23,44014323,11,7,20
23,44014330,3,0,
23,44014343,29,0,
23,44014384,55,59,
23,44014587,221,53,
23,44014661,28,0,
23,44014808,479,210,
23,44015144,346,247,
23,44015162,19,2,
23,44015367,258,73,
23,44015486,11,6,
23,44015557,33,6,
23,44015614,18,2,
23,44015649,141,84,
23,44015657,101,44,
23,44015872,242,142,
23,44015880,7,0,
23,44016037,422,45,
23,44016059,4,0,
23,44016265,45,3,
23,44016273,20,1,
23,44016289,45,16,
23,44016329,26,13,
23,44016336,182,61,
23,44016416,5,0,
23,44016530,107,51,
23,44016564,132,16,
23,44016621,138,114,
23,44016946,26,7,
23,44017056,86,16,
23,44017098,23,6,
23,44017317,21,4,
23,44017547,7,1,
23,44017560,3,0,
23,44017592,113,42,
23,44017682,58,4,
23,44017692,149,45,
23,44017832,36,30,
23,44017913,345,209,
23,44018095,8,2,
23,44018283,64,31,
23,44018301,189,116,
23,44018319,28,15,
23,44018479,11,6,
23,44018662,43,4,
23,44018741,80,12,
23,44018886,144,112,
23,44019193,17,16,
23,44019386,145,80,
23,44019418,4,0,
23,44019791,13,6,
23,44020019,59,10,
23,44020050,20,11,
23,44020129,11,1,
23,44020240,17,3,
23,44020293,13,2,
23,44020295,30,7,
23,44020315,87,4,
23,44020469,28,5,
23,44020574,57,22,
23,44020591,956,494,
23,44020626,145,61,
23,44020734,199,80,
23,44020832,428,403,
23,44020914,48,24,
23,44020975,75,64,
23,44021028,131,41,
23,44021191,72,27,
23,44021824,184,86,
23,44021883,58,14,
23,44021993,3,0,
23,44022059,5,0,
23,44022188,4,0,
23,44022215,304,710,
23,44022225,262,37,
23,44022233,67,16,
23,44022265,102,9,
23,44022272,14,2,
23,44022352,10,0,
23,44022353,375,128,
23,44022384,11,0,
23,44022448,438,509,
23,44022484,69,22,
23,44022529,18,1,
23,44022677,39,35,
23,44022758,319,148,
23,44022781,41,12,
23,44022799,14,7,
23,44022859,9,2,
23,44022876,7,1,
23,44023081,13,4,
23,44023144,221,133,
23,44023354,5,0,
23,44023400,5,1,
23,44023423,126,72,
23,44023471,25,12,
23,44023634,40,52,
23,44023635,5,2,
23,44023663,56,73,
23,44023680,133,59,
23,44023881,3,0,
23,44023995,5,5,
23,44024055,80,11,
23,44024173,97,73,
23,44024242,5,0,
23,44024245,4,1,
23,44024322,16,6,
23,44024393,15,4,
23,44024461,12,0,
23,44024483,4,1,
23,44024503,23,17,
23,44024548,11,1,
23,44024605,10,4,
23,44024687,22,4,
23,44024718,6,0,
23,44024756,8,1,
23,44024759,591,195,
23,44024784,172,123,
23,44024842,53,33,
23,44024867,8,3,
23,44024896,6,2,
23,44024919,56,35,
23,44024987,8,1,
23,44025022,76,82,
23,44025263,7,5,
23,44025299,4,0,
23,44025324,105,54,
23,44025380,6,0,
23,44025439,248,75,
23,44025484,174,118,
23,44025610,4,0,
23,44025912,10,1,
23,44026018,17,2,
23,44026170,85,47,
23,44026182,4,0,
23,44026201,109,92,
23,44026202,52,59,
23,44026294,14,7,
23,44026367,12,1,
23,44026456,3,2,
23,44026799,150,55,
23,44026959,8,3,
23,44027008,9,1,
23,44027095,15,2,
23,44027100,12,0,
23,44027379,53,77,
23,44027495,4,2,
23,44027722,49,66,
23,44027768,60,9,
23,44027808,25,2,
23,44027849,45,64,
23,44027867,236,128,25
23,44028076,6,1,
23,44028106,11,14,
23,44028139,10,11,
23,44028153,599,338,
23,44028250,115,53,26
23,44028384,114,125,
23,44028435,77,58,
23,44028526,5,1,
23,44028536,7,1,
23,44028587,48,34,
23,44028640,13,0,
23,44028767,7,0,
23,44028909,8,5,
23,44028990,3,0,
23,44029142,162,23,15
23,44029167,7,0,
23,44029288,8,0,
23,44029343,3,0,
23,44029435,113,21,27
23,44029517,5,0,
23,44029566,100,9,
23,44029619,51,14,
23,44029631,35,3,
23,44029951,9,0,
23,44030051,7,0,
23,44030070,5,2,
23,44030105,11,0,
23,44030157,8,2,
23,44030337,11,2,
23,44030343,11,13,
23,44030354,20,5,
23,44030394,7,6,
23,44030412,67,61,
23,44030443,18,3,
23,44030469,47,18,
23,44030492,163,56,7
23,44030505,9,6,
23,44030560,72,52,
23,44030683,27,4,
23,44030696,28,5,
23,44030786,20,20,
23,44030850,538,175,4
23,44030873,187,108,
23,44030923,8,1,
23,44030932,13,3,
23,44031000,100,77,
23,44031009,138,60,11
23,44031144,87,59,29
23,44031232,21,0,
23,44031281,7,0,
23,44031297,260,270,19
23,44031344,92,10,
23,44031385,991,627,2
23,44031387,76,89,
23,44031432,278,167,5
23,44031529,185,79,30
23,44031532,8,0,
23,44031535,169,26,10
23,44031553,10,0,
23,44031656,10,2,
23,44031742,22,3,
23,44031917,206,243,24
23,44032115,23,0,
23,44032238,4,2,
23,44032326,10,5,
23,44032470,150,30,17
23,44032510,66,99,
23,44032717,200,101,21
23,44032777,215,107,6
23,44033009,18,12,28
23,44033042,4,0,
23,44033099,3,0,
23,44033310,102,25,8
23,44033361,7,0,
23,44033519,3,0,
23,44033579,3,0,
23,44033606,11,1,
23,44033616,4,0,
23,44033620,3,0,
23,44033711,17,2,
23,44033899,5,0,
23,44033910,4,0,
23,44033933,4,0,
23,44033979,15,0,
23,44034052,8,0,
23,44034127,4,0,
23,44034226,5,0,
23,44034264,3,0,
23,44034306,10,1,
23,44034320,3,0,
23,44034329,29,3,16
23,44034459,8,0,
23,44034488,6,0,
23,44034496,6,0,
23,44034526,10,0,
23,44034528,32,2,
23,44034536,82,73,
23,44034569,4,0,
23,44034620,7,0,
23,44034641,6,2,
23,44034722,6,1,
23,44034918,132,65,3
23,44034930,4,0,
23,44034967,7,1,
23,44035055,4,0,
23,44035158,177,54,1
23,44035186,13,0,
23,44035233,4,0,
23,44035312,11,2,
23,44035427,5,1,27
23,44035764,18,4,30
23,44035793,10,1,13
23,44035876,15,0,4
