hour,id,score,comments,best_rank
1,49869441,68,25,353
1,49869574,319,138,420
1,49869773,133,43,392
1,49869995,99,10,413
1,49870070,187,74,475
1,49870295,358,118,445
1,49870367,2010,1120,220
1,49870376,193,110,400
1,49870760,37,20,447
1,49871018,186,101,271
1,49871992,65,17,450
1,49872612,85,48,344
1,49872723,1090,458,462
1,49872883,170,461,326
1,49873241,177,84,385
1,49875142,182,34,356
1,49875308,147,50,408
1,49875801,152,62,396
1,49875913,328,190,407
1,49876052,154,84,361
1,49876148,176,84,380
1,49877678,312,407,297
1,49877988,584,544,378
1,49878093,86,26,383
1,49878857,379,93,334
1,49878900,85,25,422
1,49879000,366,306,440
1,49879346,82,23,300
1,49879401,224,97,346
1,49879577,171,88,393
1,49879645,942,946,411
1,49879697,484,257,449
1,49879702,295,92,441
1,49879758,83,20,359
1,49879883,230,299,432
1,49880036,707,382,391
1,49880411,354,50,132
1,49880601,198,42,367
1,49881370,43,3,470
1,49881505,36,17,479
1,49881850,884,613,471
1,49882419,51,15,460
1,49882754,179,243,234
1,49882781,283,113,434
1,49883159,56,25,499
1,49883471,629,277,401
1,49883536,128,57,360
1,49883539,389,987,355
1,49883635,101,41,397
1,49883760,308,121,398
1,49883844,575,225,463
1,49883913,90,7,328
1,49883970,322,128,308
1,49884346,82,25,375
1,49884625,150,31,453
1,49886195,133,47,469
1,49886278,37,19,421
1,49886482,188,54,478
1,49886535,132,72,292
1,49887343,282,108,216
1,49888182,171,195,279
1,49889140,125,23,305
1,49889633,48,26,486
1,49890051,168,66,431
1,49890226,425,141,324
1,49890707,133,32,307
1,49890732,411,301,232
1,49890733,327,401,321
1,49891203,213,10,402
1,49891290,242,95,423
1,49891295,833,738,433
1,49891480,518,304,477
1,49891769,67,16,459
1,49892120,294,158,415
1,49892175,150,92,370
1,49892245,592,336,341
1,49893002,307,113,338
1,49893157,466,882,358
1,49893509,778,740,251
1,49893519,62,35,252
1,49893653,238,148,448
1,49893909,22,2,456
1,49894143,17,2,480
1,49894351,167,111,280
1,49894430,285,25,146
1,49895221,36,9,386
1,49895304,350,254,376
1,49895864,151,79,362
1,49895970,48,6,414
1,49896586,1065,952,410
1,49896604,766,646,259
1,49896712,304,143,342
1,49896757,116,41,221
1,49896975,218,268,467
1,49897993,389,304,288
1,49898050,210,125,406
1,49898778,407,112,329
1,49898931,56,10,454
1,49899004,20,3,491
1,49899047,18,4,496
1,49899090,281,169,350
1,49899932,24,0,468
1,49901149,73,7,438
1,49901736,922,392,225
1,49901999,46,25,350
1,49902019,151,190,191
1,49902093,61,10,357
1,49902382,204,88,303
1,49903713,123,223,210
1,49903862,130,50,322
1,49903993,89,38,497
1,49904314,322,253,169
1,49905644,146,44,249
1,49906100,275,125,147
1,49906295,15,7,443
1,49906432,465,498,369
1,49906637,680,362,230
1,49907802,30,1,390
1,49908055,13,1,333
1,49908394,339,641,291
1,49908570,96,21,63
1,49908962,180,72,244
1,49909005,58,2,257
1,49909056,243,51,311
1,49909583,394,171,254
1,49909610,105,27,256
1,49909908,86,25,277
1,49910328,39,35,481
1,49910425,13,0,97
1,49910462,438,403,60
1,49910465,94,99,24
1,49910613,69,37,314
1,49911472,12,0,331
1,49911500,119,41,211
1,49911534,83,21,294
1,49911757,130,78,384
1,49911995,194,99,177
1,49912048,108,34,243
1,49912091,53,5,168
1,49912094,33,14,427
1,49912444,228,106,320
1,49912792,303,59,263
1,49912955,253,98,302
1,49913106,44,4,113
1,49913192,249,129,274
1,49913350,192,11,325
1,49913364,121,91,455
1,49913571,1697,1185,108
1,49913604,54,11,316
1,49913724,17,2,489
1,49913886,20,1,488
1,49913975,99,47,446
1,49914657,41,3,371
1,49915060,58,18,412
1,49915082,306,162,262
1,49915119,31,2,387
1,49915126,274,111,268
1,49916007,22,15,267
1,49916753,41,9,25
1,49916997,33,17,430
1,49917536,213,179,19
1,49918161,89,194,304
1,49918480,14,0,243
1,49919676,166,154,80
1,49919910,189,111,160
1,49920160,628,177,175
1,49920234,411,377,250
1,49920896,278,170,150
1,49920932,394,440,231
1,49921050,210,160,345
1,49921798,212,62,131
1,49921825,54,28,163
1,49921834,15,0,253
1,49921923,290,112,137
1,49922074,49,100,90
1,49922155,12,8,482
1,49922212,92,31,286
1,49922278,286,225,282
1,49922437,176,51,161
1,49922515,158,49,189
1,49922568,129,508,183
1,49922569,265,285,188
1,49922594,59,6,235
1,49922674,287,67,227
1,49922729,187,106,319
1,49922736,82,28,276
1,49923056,213,143,318
1,49923466,394,116,116
1,49923602,41,9,106
1,49923638,88,7,239
1,49923692,634,217,148
1,49923873,268,63,75
1,49923944,25,0,365
1,49924121,19,1,213
1,49924179,568,536,186
1,49924275,66,10,379
1,49924543,37,11,394
1,49924618,202,270,136
1,49924795,20,0,258
1,49924943,49,9,301
1,49925036,126,49,214
1,49925184,666,169,100
1,49925261,52,79,285
1,49925602,128,75,159
1,49925653,57,37,203
1,49925742,124,21,184
1,49925812,87,70,247
1,49925969,505,72,212
1,49925974,435,97,122
1,49926069,1680,599,207
1,49926185,31,15,309
1,49926411,368,182,120
1,49926512,149,76,205
1,49926536,404,177,200
1,49926581,18,7,437
1,49926609,59,5,157
1,49926628,262,233,128
1,49926691,11,12,382
1,49926773,104,19,173
1,49926792,23,1,351
1,49926917,226,79,237
1,49926986,13,2,395
1,49927100,235,193,338
1,49927212,166,48,167
1,49927295,32,9,149
1,49927514,36,5,107
1,49927587,41,28,287
1,49927686,15,6,473
1,49927747,347,339,164
1,49927754,799,398,83
1,49927760,576,128,170
1,49927844,27,5,354
1,49927854,32,15,218
1,49927872,32,9,264
1,49928011,10,5,403
1,49928054,35,72,490
1,49928118,18,3,409
1,49928121,575,407,143
1,49928148,35,14,343
1,49928152,78,19,255
1,49928192,215,34,89
1,49928196,41,2,103
1,49928215,98,8,144
1,49928218,61,2,419
1,49928361,171,36,70
1,49928566,382,112,141
1,49928740,14,6,442
1,49928862,16,1,323
1,49928873,6,0,498
1,49928963,137,121,295
1,49929113,254,365,465
1,49929312,39,6,112
1,49929381,21,1,284
1,49929391,336,128,138
1,49929461,5,2,405
1,49929489,413,220,156
1,49929925,23,2,317
1,49930047,307,82,96
1,49930439,166,23,13
1,49930872,15,3,312
1,49931031,151,50,140
1,49931195,34,7,236
1,49931725,33,14,174
1,49931993,88,29,85
1,49932079,89,50,154
1,49932147,402,82,115
1,49932191,80,76,134
1,49932236,15,3,9
1,49932340,94,20,124
1,49932350,11,4,36
1,49932402,254,261,162
1,49932509,33,9,192
1,49932610,84,66,404
1,49932694,24,4,283
1,49932911,86,18,123
1,49933035,4,0,452
1,49933069,15,3,66
1,49933230,170,59,185
1,49933235,310,186,204
1,49933251,76,59,484
1,49933288,13,3,334
1,49933381,26,3,349
1,49933461,162,73,15
1,49933476,28,8,417
1,49933587,35,0,219
1,49933740,286,148,153
1,49933755,8,4,43
1,49933810,10,3,330
1,49933869,265,203,133
1,49934012,23,3,315
1,49934078,71,36,16
1,49934084,8,0,494
1,49934125,24,7,381
1,49934261,59,12,101
1,49934351,10,1,176
1,49934399,53,20,296
1,49934569,50,23,444
1,49934620,228,180,180
1,49934631,46,28,493
1,49934784,218,117,198
1,49935038,76,41,37
1,49935097,71,10,74
1,49935250,29,11,50
1,49935751,110,26,248
1,49935797,44,11,196
1,49935867,229,173,476
1,49935872,25,1,266
1,49936017,71,12,46
1,49936094,5,1,435
1,49936105,8,0,363
1,49936398,23,4,290
1,49936499,41,5,209
1,49936575,359,102,145
1,49936641,33,11,416
1,49936671,51,18,187
1,49936725,100,37,273
1,49936909,42,36,364
1,49936952,6,1,429
1,49936964,37,16,201
1,49937146,80,16,127
1,49937193,11,5,388
1,49937239,20,7,500
1,49937276,560,337,111
1,49937304,113,46,77
1,49937352,10,1,427
1,49937387,35,38,426
1,49937388,11,0,425
1,49937504,248,109,94
1,49937510,11,5,424
1,49937540,221,131,87
1,49937571,23,6,270
1,49937631,309,219,166
1,49937718,142,101,337
1,49937916,154,50,121
1,49938047,131,117,222
1,49938270,3,0,464
1,49938306,106,150,181
1,49938326,41,1,86
1,49938399,149,30,72
1,49938412,5,0,306
1,49938477,148,42,265
1,49938521,266,207,371
1,49938616,164,109,193
1,49938748,13,3,374
1,49938783,26,3,233
1,49938815,51,7,327
1,49938916,3,3,457
1,49939265,24,0,486
1,49939308,12,2,24
1,49939513,21,6,246
1,49939637,61,12,33
1,49939788,54,6,347
1,49939814,12,1,474
1,49940044,9,3,18
1,49940152,49,11,152
1,49940219,211,78,238
1,49940233,33,3,199
1,49940267,17,1,298
1,49940309,7,0,399
1,49940317,18,6,275
1,49940394,457,136,99
1,49940467,47,27,272
1,49940482,67,33,68
1,49940736,15,3,313
1,49940877,81,16,94
1,49941091,201,95,155
1,49941114,511,126,119
1,49941447,186,116,125
1,49941572,26,21,197
1,49941641,68,25,82
1,49941764,26,4,117
1,49942008,10,7,483
1,49942103,89,53,71
1,49942130,107,71,31
1,49942429,36,2,142
1,49942434,76,64,293
1,49942706,655,326,73
1,49942818,74,94,278
1,49943451,152,166,310
1,49943637,76,11,2
1,49943685,28,18,114
1,49943699,15,5,472
1,49944127,73,60,495
1,49944227,457,772,78
1,49944369,37,6,109
1,49944899,8,0,451
1,49944912,195,74,59
1,49945193,6,0,340
1,49945323,162,152,61
1,49945352,48,39,84
1,49945618,9,0,466
1,49945838,15,4,377
1,49945904,1,0,56
1,49945933,350,216,55
1,49945978,7,0,269
1,49945985,8,1,461
1,49946076,75,54,190
1,49946148,59,42,44
1,49946228,383,712,57
1,49946303,9,0,492
1,49946321,116,166,135
1,49946355,312,187,30
1,49946393,355,87,33
1,49946403,227,265,130
1,49946526,125,176,48
1,49946567,231,155,151
1,49946576,31,2,369
1,49946622,6,0,485
1,49946707,58,7,69
1,49946827,62,34,222
1,49946845,69,10,91
1,49946895,461,96,49
1,49947051,210,191,41
1,49947176,60,8,202
1,49947472,132,72,27
1,49947527,9,2,438
1,49947559,5,2,436
1,49947565,55,48,23
1,49947631,227,107,39
1,49947799,20,1,332
1,49947816,6,0,289
1,49948161,12,1,368
1,49948254,474,265,110
1,49948615,11,0,418
1,49948738,21,7,41
1,49948770,11,2,48
1,49949235,588,297,44
1,49949438,818,177,10
1,49949496,11,7,389
1,49949588,148,88,65
1,49949914,6,0,176
1,49949946,4,0,240
1,49949990,16,0,261
1,49950052,156,402,76
1,49950108,9,8,366
1,49950288,20,19,220
1,49950554,278,288,21
1,49950653,3,1,223
1,49950818,10,6,46
1,49950938,11,2,299
1,49951139,72,28,126
1,49951218,129,30,29
1,49951615,4,0,189
1,49951641,56,45,53
1,49951881,164,187,206
1,49951891,50,15,12
1,49951966,29,53,173
1,49952029,103,16,35
1,49952111,139,66,17
1,49952207,12,2,241
1,49952956,6,0,458
1,49953116,102,77,118
1,49953179,11,0,260
1,49953191,14,0,165
1,49953288,80,19,20
1,49953495,614,289,1
1,49953509,13,4,81
1,49953777,57,145,32
1,49954243,21,7,171
1,49954499,28,38,105
1,49954755,6,0,242
1,49954875,13,3,38
1,49955297,70,69,139
1,49955544,14,3,104
1,49955572,20,4,281
1,49955600,5,0,217
1,49956003,52,2,11
1,49956035,38,31,14
1,49956092,42,63,178
1,49956148,33,8,64
1,49956183,11,1,215
1,49956275,10,2,336
1,49956396,8,2,186
1,49956574,32,10,62
1,49956681,90,29,4
1,49956736,10,0,229
1,49956771,26,10,22
1,49957028,10,3,39
1,49957068,243,354,7
1,49957116,361,222,3
1,49957117,56,19,9
1,49957275,5,0,129
1,49957334,5,1,348
1,49957388,7,0,97
1,49957496,21,1,47
1,49957570,10,2,225
1,49957792,7,6,93
1,49957812,25,2,3
1,49957831,7,0,208
1,49957870,7,7,87
1,49958109,7,0,92
1,49958261,14,1,58
1,49958358,13,9,89
1,49958569,63,15,5
1,49958577,7,2,172
1,49958586,4,1,79
1,49958850,31,28,4
1,49958958,6,0,51
1,49959020,8,0,158
1,49959056,8,1,57
1,49959070,6,0,105
1,49959361,8,3,55
1,49959583,13,7,15
2,49869441,68,25,355
2,49869574,319,138,421
2,49869773,133,43,392
2,49869995,99,10,414
2,49870070,187,74,477
2,49870295,358,118,445
2,49870367,2010,1120,219
2,49870376,193,110,401
2,49870760,37,20,451
2,49871018,186,101,271
2,49871992,65,17,454
2,49872612,85,48,343
2,49872723,1090,458,463
2,49872883,170,461,330
2,49873241,177,84,380
2,49875142,182,34,357
2,49875308,147,50,407
2,49875801,152,62,396
2,49875913,328,190,406
2,49876052,154,84,363
2,49876148,176,84,377
2,49877678,312,407,297
2,49877988,584,544,376
2,49878093,86,26,379
2,49878857,379,93,334
2,49878900,85,25,425
2,49879000,366,306,441
2,49879346,82,23,301
2,49879401,224,97,347
2,49879577,171,88,395
2,49879645,942,946,413
2,49879697,484,257,452
2,49879702,295,92,443
2,49879758,83,20,362
2,49879883,230,299,436
2,49880036,707,382,391
2,49880411,354,50,132
2,49880601,198,42,365
2,49881370,43,3,470
2,49881505,36,17,481
2,49881850,884,613,472
2,49882419,51,15,461
2,49882754,179,243,233
2,49882781,283,113,438
2,49883471,629,277,402
2,49883536,128,57,361
2,49883539,389,987,356
2,49883635,101,41,397
2,49883760,308,121,398
2,49883844,575,225,465
2,49883913,90,7,331
2,49883970,322,128,310
2,49884346,82,25,374
2,49884625,150,31,455
2,49886195,133,47,468
2,49886278,37,19,424
2,49886482,188,54,480
2,49886535,132,72,292
2,49887343,282,108,214
2,49888182,171,195,278
2,49889140,125,23,307
2,49889633,48,26,486
2,49890051,168,66,433
2,49890226,425,141,327
2,49890707,133,32,309
2,49890732,411,301,230
2,49890733,327,401,319
2,49891203,213,10,404
2,49891290,242,95,426
2,49891295,833,738,437
2,49891480,518,304,479
2,49891769,67,16,461
2,49892120,294,158,419
2,49892175,150,92,370
2,49892245,592,336,338
2,49893002,307,113,337
2,49893157,467,882,359
2,49893509,778,740,249
2,49893519,62,35,252
2,49893653,238,148,453
2,49893909,22,2,460
2,49894143,17,2,482
2,49894351,167,111,280
2,49894430,285,25,147
2,49895221,36,9,386
2,49895304,350,254,373
2,49895864,151,79,364
2,49895970,48,6,416
2,49896586,1066,952,412
2,49896604,766,646,258
2,49896712,304,143,340
2,49896757,116,41,221
2,49896975,218,268,467
2,49897993,389,304,286
2,49898050,210,125,408
2,49898778,407,112,333
2,49898931,56,10,456
2,49899004,20,3,494
2,49899047,18,4,500
2,49899090,281,169,350
2,49899932,24,0,470
2,49901149,73,7,439
2,49901736,922,392,222
2,49901999,46,25,352
2,49902019,151,190,191
2,49902093,61,10,359
2,49902382,204,88,304
2,49903713,123,223,210
2,49903862,130,50,323
2,49903993,89,38,499
2,49904314,322,253,167
2,49905644,146,44,248
2,49906100,275,125,148
2,49906295,15,7,446
2,49906432,465,499,369
2,49906637,680,362,229
2,49907802,30,1,393
2,49908055,13,1,337
2,49908394,339,641,293
2,49908570,96,21,63
2,49908962,180,72,242
2,49909005,58,2,256
2,49909056,243,51,311
2,49909583,394,171,253
2,49909610,105,27,254
2,49909908,86,25,276
2,49910328,39,35,484
2,49910425,13,0,102
2,49910462,445,403,60
2,49910465,97,101,25
2,49910613,69,37,313
2,49911472,12,0,336
2,49911500,119,41,212
2,49911534,83,21,295
2,49911757,130,78,384
2,49911995,194,99,177
2,49912048,108,34,241
2,49912091,53,5,171
2,49912094,33,14,428
2,49912444,228,106,321
2,49912792,303,59,264
2,49912955,253,98,302
2,49913106,44,4,114
2,49913192,249,129,273
2,49913350,192,11,328
2,49913364,121,91,459
2,49913571,1697,1185,107
2,49913604,54,11,314
2,49913724,17,2,490
2,49913886,20,1,488
2,49913975,99,47,448
2,49914657,41,3,372
2,49915060,58,18,417
2,49915082,306,162,262
2,49915119,31,2,390
2,49915126,274,111,270
2,49916007,22,15,271
2,49916753,47,9,24
2,49916997,33,17,433
2,49917536,230,195,20
2,49918161,89,194,306
2,49918480,14,0,244
2,49919676,166,154,83
2,49919910,189,111,157
2,49920160,628,177,174
2,49920234,411,377,250
2,49920896,278,170,151
2,49920932,394,440,230
2,49921050,210,160,349
2,49921798,212,62,133
2,49921825,54,28,164
2,49921834,15,0,260
2,49921923,290,112,137
2,49922074,49,101,92
2,49922155,12,8,487
2,49922212,92,31,290
2,49922278,286,225,284
2,49922437,176,51,160
2,49922515,158,49,190
2,49922568,129,508,179
2,49922569,265,286,188
2,49922594,59,6,235
2,49922674,287,67,225
2,49922729,187,106,324
2,49922736,82,28,277
2,49923056,213,143,322
2,49923466,394,116,116
2,49923602,41,9,108
2,49923638,88,7,238
2,49923692,634,217,150
2,49923873,269,63,76
2,49923944,25,0,367
2,49924121,19,1,216
2,49924179,568,536,184
2,49924275,66,10,381
2,49924543,37,11,398
2,49924618,202,270,135
2,49924795,20,0,261
2,49924943,49,9,304
2,49925036,126,49,214
2,49925184,666,169,101
2,49925261,52,79,289
2,49925602,128,75,162
2,49925653,57,38,205
2,49925742,124,21,180
2,49925812,87,70,247
2,49925969,505,72,213
2,49925974,435,97,124
2,49926069,1680,599,208
2,49926185,31,15,312
2,49926411,368,182,120
2,49926512,149,76,205
2,49926536,404,177,201
2,49926581,18,7,440
2,49926609,59,5,157
2,49926628,262,233,129
2,49926691,11,12,385
2,49926773,104,19,172
2,49926792,23,1,353
2,49926917,226,79,237
2,49926986,13,2,403
2,49927100,235,193,342
2,49927212,166,48,168
2,49927295,32,9,152
2,49927514,36,5,109
2,49927587,41,28,291
2,49927686,15,6,476
2,49927747,347,340,165
2,49927754,799,399,84
2,49927760,576,128,170
2,49927844,27,5,358
2,49927854,32,15,216
2,49927872,32,9,265
2,49928011,10,5,409
2,49928054,35,72,492
2,49928118,18,3,414
2,49928121,575,407,144
2,49928148,35,14,345
2,49928152,78,19,257
2,49928192,215,34,88
2,49928196,41,2,105
2,49928215,98,8,145
2,49928218,61,2,421
2,49928361,171,36,68
2,49928566,382,113,143
2,49928740,14,6,448
2,49928862,16,1,329
2,49928963,137,121,298
2,49929113,254,365,466
2,49929312,39,6,118
2,49929381,21,1,287
2,49929391,336,128,140
2,49929461,5,2,415
2,49929489,413,220,155
2,49929925,23,2,319
2,49930047,307,82,96
2,49930439,168,24,14
2,49930690,9,0,10
2,49930872,15,3,317
2,49931031,151,50,141
2,49931195,34,7,236
2,49931725,33,14,175
2,49931993,88,29,86
2,49932079,89,50,158
2,49932147,402,82,117
2,49932191,80,76,134
2,49932236,38,8,5
2,49932340,94,20,127
2,49932350,11,4,40
2,49932402,254,261,163
2,49932509,33,9,195
2,49932610,84,66,411
2,49932694,24,4,286
2,49932911,86,18,126
2,49933035,4,0,457
2,49933069,15,3,69
2,49933230,170,59,185
2,49933235,310,186,204
2,49933251,76,59,488
2,49933288,13,3,339
2,49933381,26,3,354
2,49933461,163,74,18
2,49933476,28,8,422
2,49933587,35,0,220
2,49933740,286,148,154
2,49933755,8,4,51
2,49933810,10,3,335
2,49933869,265,203,136
2,49934012,23,3,318
2,49934078,74,38,16
2,49934084,8,0,497
2,49934125,24,7,387
2,49934261,59,12,103
2,49934351,10,1,185
2,49934399,53,20,300
2,49934569,50,23,450
2,49934620,228,180,178
2,49934631,46,28,496
2,49934784,218,117,198
2,49935038,76,42,36
2,49935097,71,10,77
2,49935250,30,11,52
2,49935751,110,26,251
2,49935797,44,11,196
2,49935867,229,173,482
2,49935872,25,1,268
2,49936017,73,12,48
2,49936094,5,1,441
2,49936105,8,0,366
2,49936398,23,4,294
2,49936499,41,5,211
2,49936575,359,102,147
2,49936641,33,11,420
2,49936671,51,18,187
2,49936725,100,37,276
2,49936909,42,36,368
2,49936952,6,1,435
2,49936964,37,16,202
2,49937146,80,16,130
2,49937193,11,5,394
2,49937276,560,337,111
2,49937304,113,46,79
2,49937352,10,1,432
2,49937387,35,38,431
2,49937388,11,0,430
2,49937504,248,109,95
2,49937510,11,5,429
2,49937540,221,131,89
2,49937571,23,6,274
2,49937631,309,219,169
2,49937718,142,101,343
2,49937916,154,50,123
2,49938047,131,117,224
2,49938270,3,0,471
2,49938306,106,150,182
2,49938326,41,1,91
2,49938399,149,30,70
2,49938412,5,0,314
2,49938477,148,42,267
2,49938521,266,207,373
2,49938616,164,109,193
2,49938748,13,3,378
2,49938783,26,3,234
2,49938815,51,7,332
2,49938916,3,3,464
2,49939265,24,0,492
2,49939308,16,3,25
2,49939513,21,6,245
2,49939637,61,12,34
2,49939788,54,6,351
2,49939814,12,1,483
2,49940044,11,3,21
2,49940152,49,11,153
2,49940219,211,78,240
2,49940233,33,3,199
2,49940267,17,1,303
2,49940309,7,0,405
2,49940317,18,6,283
2,49940394,457,136,99
2,49940467,47,27,278
2,49940482,67,33,65
2,49940736,15,3,320
2,49940877,81,16,96
2,49941091,201,95,160
2,49941114,512,126,121
2,49941447,186,116,128
2,49941572,26,21,200
2,49941641,68,25,85
2,49941764,26,4,124
2,49942008,10,7,491
2,49942103,90,53,74
2,49942130,107,72,32
2,49942429,36,2,146
2,49942434,76,64,296
2,49942706,655,326,72
2,49942818,74,94,285
2,49943451,152,166,321
2,49943637,85,13,4
2,49943685,29,18,112
2,49943699,15,5,475
2,49944227,460,775,80
2,49944369,37,6,113
2,49944899,8,0,458
2,49944912,196,75,59
2,49945193,6,0,347
2,49945323,162,152,60
2,49945352,48,39,88
2,49945618,9,0,474
2,49945838,15,4,389
2,49945904,1,0,61
2,49945933,352,231,56
2,49945978,7,0,277
2,49945985,8,1,468
2,49946076,75,54,193
2,49946148,61,42,40
2,49946228,385,719,58
2,49946303,9,0,498
2,49946321,116,166,142
2,49946355,316,189,29
2,49946393,355,87,33
2,49946403,227,265,135
2,49946526,126,178,49
2,49946567,232,155,156
2,49946576,31,2,377
2,49946622,6,0,495
2,49946707,58,7,71
2,49946827,62,34,225
2,49946845,69,10,93
2,49946895,464,96,50
2,49947051,210,192,43
2,49947176,60,8,209
2,49947472,138,73,26
2,49947527,9,2,445
2,49947559,5,2,444
2,49947565,59,52,26
2,49947631,228,111,41
2,49947799,20,1,346
2,49947816,6,0,297
2,49948161,12,1,376
2,49948254,475,265,115
2,49948615,11,0,427
2,49948738,22,7,41
2,49948770,12,2,49
2,49949235,593,297,45
2,49949438,824,179,12
2,49949496,11,7,406
2,49949588,149,90,65
2,49949914,6,0,180
2,49949946,4,0,245
2,49949990,16,0,269
2,49950052,157,403,78
2,49950108,9,8,381
2,49950288,20,19,227
2,49950554,282,290,22
2,49950653,3,1,228
2,49950818,11,6,53
2,49950938,11,2,311
2,49951139,73,28,134
2,49951218,132,32,30
2,49951615,4,0,197
2,49951641,57,45,52
2,49951881,165,188,220
2,49951891,53,16,15
2,49951966,29,54,183
2,49952029,103,16,35
2,49952111,142,66,19
2,49952207,12,2,251
2,49952956,6,0,476
2,49953116,102,78,131
2,49953179,11,0,273
2,49953191,14,0,177
2,49953288,83,20,21
2,49953495,630,296,1
2,49953509,13,4,82
2,49953777,59,151,37
2,49954243,21,7,191
2,49954499,28,39,113
2,49954755,6,0,263
2,49954875,13,3,44
2,49955297,70,69,168
2,49955544,14,3,115
2,49955572,20,4,308
2,49955600,5,0,231
2,49956003,60,2,13
2,49956035,42,34,16
2,49956092,43,63,186
2,49956148,34,8,71
2,49956183,11,1,234
2,49956275,11,2,370
2,49956396,8,2,207
2,49956574,32,11,66
2,49956681,99,43,6
2,49956736,11,1,248
2,49956771,27,10,28
2,49957028,11,3,36
2,49957068,260,374,9
2,49957116,396,260,7
2,49957117,60,22,11
2,49957275,5,0,166
2,49957334,5,1,400
2,49957388,8,0,94
2,49957496,21,1,57
2,49957570,10,2,249
2,49957792,8,7,100
2,49957812,39,4,2
2,49957831,8,0,239
2,49957870,7,7,104
2,49958109,8,0,98
2,49958261,15,1,64
2,49958358,15,9,87
2,49958569,74,19,8
2,49958577,7,2,217
2,49958586,5,1,91
2,49958850,53,53,3
2,49958958,6,0,67
2,49959020,10,0,173
2,49959056,8,1,81
2,49959070,11,1,110
2,49959361,11,4,46
2,49959583,19,12,37
2,49959869,49,21,1
3,49869441,68,25,357
3,49869574,319,138,424
3,49869773,133,43,393
3,49869995,99,10,414
3,49870070,187,74,479
3,49870295,358,118,449
3,49870367,2010,1120,218
3,49870376,193,110,402
3,49870760,37,20,455
3,49871018,186,101,271
3,49871992,65,17,457
3,49872612,85,48,343
3,49872723,1090,458,467
3,49872883,170,462,332
3,49873241,177,84,382
3,49875142,182,34,361
3,49875308,147,50,409
3,49875801,152,62,398
3,49875913,328,190,408
3,49876052,154,84,368
3,49876148,176,84,380
3,49877678,312,407,298
3,49877988,584,544,379
3,49878093,86,26,381
3,49878857,379,93,337
3,49878900,85,25,427
3,49879000,366,306,444
3,49879346,82,23,303
3,49879401,224,97,351
3,49879577,171,88,395
3,49879645,943,946,412
3,49879697,484,257,454
3,49879702,295,92,445
3,49879758,83,20,366
3,49879883,230,299,436
3,49880036,707,382,394
3,49880411,354,50,132
3,49880601,198,42,370
3,49881370,43,3,473
3,49881505,36,17,483
3,49881850,884,613,475
3,49882419,51,15,464
3,49882754,179,243,234
3,49882781,283,113,441
3,49883471,629,277,403
3,49883536,128,57,365
3,49883539,389,987,359
3,49883635,101,41,400
3,49883760,308,121,399
3,49883844,575,225,468
3,49883913,90,7,335
3,49883970,322,128,314
3,49884346,82,25,378
3,49884625,150,31,460
3,49886195,133,47,472
3,49886278,37,19,426
3,49886482,188,54,482
3,49886535,132,72,291
3,49887343,282,108,213
3,49888182,171,195,274
3,49889140,125,23,309
3,49889633,48,26,488
3,49890051,168,66,432
3,49890226,425,141,328
3,49890707,133,32,313
3,49890732,411,301,231
3,49890733,327,401,319
3,49891203,213,10,406
3,49891290,242,95,430
3,49891295,833,738,440
3,49891480,518,304,481
3,49891769,67,16,466
3,49892120,295,158,421
3,49892175,150,92,372
3,49892245,592,336,340
3,49893002,307,113,339
3,49893157,467,882,363
3,49893509,778,740,248
3,49893519,62,35,252
3,49893653,238,148,456
3,49893909,22,2,464
3,49894143,17,2,486
3,49894351,167,111,276
3,49894430,285,25,144
3,49895221,36,9,388
3,49895304,350,254,377
3,49895864,151,79,369
3,49895970,48,6,419
3,49896586,1066,952,413
3,49896604,766,646,257
3,49896712,304,143,341
3,49896757,116,41,222
3,49896975,219,269,471
3,49897993,389,304,285
3,49898050,210,125,410
3,49898778,407,112,336
3,49898931,56,10,461
3,49899004,20,3,496
3,49899090,281,169,353
3,49899932,24,0,474
3,49901149,73,7,443
3,49901736,922,392,223
3,49901999,46,25,354
3,49902019,151,190,186
3,49902093,61,10,364
3,49902382,204,88,307
3,49903713,123,223,210
3,49903862,130,50,321
3,49903993,89,38,500
3,49904314,322,253,169
3,49905644,146,44,247
3,49906100,275,125,146
3,49906295,15,7,450
3,49906432,465,499,373
3,49906637,680,362,230
3,49907802,30,1,396
3,49908055,13,1,345
3,49908394,339,641,294
3,49908570,96,21,63
3,49908962,180,72,242
3,49909005,58,2,256
3,49909056,243,51,315
3,49909583,394,171,250
3,49909610,105,27,251
3,49909908,86,25,275
3,49910328,39,35,487
3,49910425,13,0,104
3,49910462,446,403,57
3,49910465,100,102,29
3,49910613,69,37,316
3,49911472,12,0,346
3,49911500,119,41,211
3,49911534,83,21,297
3,49911757,130,78,384
3,49911995,194,99,176
3,49912048,108,34,241
3,49912091,53,5,173
3,49912094,33,14,431
3,49912444,228,106,320
3,49912792,303,59,264
3,49912955,253,98,305
3,49913106,44,4,116
3,49913192,249,129,272
3,49913350,192,11,331
3,49913364,121,91,463
3,49913571,1697,1185,107
3,49913604,54,11,318
3,49913724,17,2,492
3,49913886,20,1,491
3,49913975,99,47,451
3,49914657,41,3,376
3,49915060,58,18,420
3,49915082,306,162,263
3,49915119,31,2,392
3,49915126,274,111,268
3,49916007,22,15,273
3,49916550,5,1,13
3,49916753,50,10,27
3,49916997,33,17,433
3,49917536,243,213,20
3,49918161,89,194,308
3,49918480,14,0,244
3,49919676,166,155,84
3,49919910,189,111,156
3,49920160,628,177,175
3,49920234,411,377,249
3,49920896,278,170,149
3,49920932,394,440,233
3,49921050,210,160,352
3,49921798,212,62,134
3,49921825,54,28,168
3,49921834,15,0,259
3,49921923,290,112,136
3,49922074,49,102,95
3,49922155,12,8,493
3,49922212,92,31,290
3,49922278,286,225,283
3,49922437,176,51,160
3,49922515,158,49,187
3,49922568,129,510,179
3,49922569,265,287,185
3,49922594,59,6,236
3,49922674,287,67,225
3,49922729,187,106,326
3,49922736,82,28,278
3,49923056,213,143,322
3,49923466,394,116,114
3,49923602,41,9,109
3,49923638,88,7,240
3,49923692,635,217,147
3,49923873,270,64,75
3,49923944,25,0,371
3,49924121,19,1,220
3,49924179,568,536,182
3,49924275,66,10,385
3,49924543,37,11,404
3,49924618,202,270,135
3,49924795,20,0,262
3,49924943,49,9,310
3,49925036,126,49,215
3,49925184,667,169,99
3,49925261,52,79,289
3,49925602,128,75,162
3,49925653,57,38,208
3,49925742,124,21,180
3,49925812,87,70,245
3,49925969,505,72,212
3,49925974,435,97,124
3,49926069,1680,599,209
3,49926185,31,15,316
3,49926411,368,182,119
3,49926512,149,76,205
3,49926536,404,177,200
3,49926581,18,7,446
3,49926609,59,5,158
3,49926628,262,233,128
3,49926691,11,12,387
3,49926773,104,19,174
3,49926792,23,1,356
3,49926917,226,79,238
3,49926986,13,2,407
3,49927100,235,193,346
3,49927212,166,48,170
3,49927295,32,9,157
3,49927514,36,5,112
3,49927587,41,28,295
3,49927686,15,6,479
3,49927747,347,340,166
3,49927754,799,401,85
3,49927760,576,128,172
3,49927844,27,5,366
3,49927854,32,15,219
3,49927872,32,9,267
3,49928011,10,5,415
3,49928054,35,72,495
3,49928118,18,3,418
3,49928121,575,407,140
3,49928148,35,14,349
3,49928152,78,19,258
3,49928192,215,34,89
3,49928196,41,2,105
3,49928215,98,8,145
3,49928218,61,2,425
3,49928361,172,36,66
3,49928566,382,113,142
3,49928740,14,6,452
3,49928862,16,1,334
3,49928963,137,121,302
3,49929113,254,365,475
3,49929312,39,6,120
3,49929381,21,1,292
3,49929391,336,128,141
3,49929461,5,2,423
3,49929489,413,220,155
3,49929925,23,2,323
3,49930047,307,82,96
3,49930439,172,25,17
3,49930690,25,2,6
3,49930872,15,3,321
3,49931031,151,50,139
3,49931195,34,7,239
3,49931725,33,14,177
3,49931993,88,29,90
3,49932079,89,50,161
3,49932147,402,82,117
3,49932191,80,76,137
3,49932236,52,10,5
3,49932340,94,20,126
3,49932350,11,4,44
3,49932402,254,261,164
3,49932509,33,9,195
3,49932610,84,66,415
3,49932694,24,4,291
3,49932911,87,18,123
3,49933035,4,0,462
3,49933069,15,3,77
3,49933230,171,59,184
3,49933235,310,186,207
3,49933251,76,59,494
3,49933288,13,3,347
3,49933381,26,3,360
3,49933461,170,74,21
3,49933476,28,8,428
3,49933587,35,0,221
3,49933740,286,148,157
3,49933755,8,4,57
3,49933810,10,3,341
3,49933869,265,203,138
3,49934012,23,3,322
3,49934078,77,38,20
3,49934125,24,7,389
3,49934261,59,12,101
3,49934351,10,1,194
3,49934399,53,20,305
3,49934569,50,23,453
3,49934620,228,180,179
3,49934784,218,117,198
3,49935038,76,42,37
3,49935097,71,10,80
3,49935250,30,11,52
3,49935751,110,26,255
3,49935797,44,11,193
3,49935867,229,173,488
3,49935872,25,1,270
3,49936017,73,12,49
3,49936094,5,1,448
3,49936105,8,0,372
3,49936398,23,4,299
3,49936499,41,5,214
3,49936575,359,102,150
3,49936641,33,11,426
3,49936671,51,18,188
3,49936725,100,37,279
3,49936909,42,36,374
3,49936952,6,1,442
3,49936964,37,16,203
3,49937146,80,16,133
3,49937193,11,5,402
3,49937276,560,337,111
3,49937304,114,46,79
3,49937352,10,1,439
3,49937387,35,38,438
3,49937388,11,0,437
3,49937504,248,109,94
3,49937510,11,5,435
3,49937540,222,131,86
3,49937571,23,6,277
3,49937631,309,219,171
3,49937718,142,101,349
3,49937916,154,50,122
3,49938047,131,117,224
3,49938270,3,0,477
3,49938306,106,151,182
3,49938326,41,1,92
3,49938399,149,30,70
3,49938412,5,0,326
3,49938477,148,42,269
3,49938521,266,208,381
3,49938616,164,109,191
3,49938748,13,3,384
3,49938783,26,3,237
3,49938815,51,7,338
3,49938916,3,3,470
3,49939265,24,0,497
3,49939308,18,4,26
3,49939513,21,6,246
3,49939637,61,12,37
3,49939788,54,6,358
3,49939814,12,1,489
3,49940044,15,4,19
3,49940152,49,11,154
3,49940219,211,78,243
3,49940233,33,3,199
3,49940267,17,1,312
3,49940309,7,0,409
3,49940317,18,6,284
3,49940394,457,136,98
3,49940467,47,27,280
3,49940482,67,33,65
3,49940736,15,3,327
3,49940877,81,16,97
3,49941091,201,95,163
3,49941114,512,126,121
3,49941447,186,116,130
3,49941572,26,21,201
3,49941641,68,25,87
3,49941764,26,4,129
3,49942008,10,7,498
3,49942103,91,53,74
3,49942130,108,73,33
3,49942429,37,2,152
3,49942434,76,64,303
3,49942706,657,326,71
3,49942818,74,94,294
3,49943451,152,166,330
3,49943637,89,14,4
3,49943685,29,18,113
3,49943699,15,5,482
3,49944227,463,777,80
3,49944369,38,6,110
3,49944899,8,0,468
3,49944912,198,75,56
3,49945193,6,0,356
3,49945323,162,152,61
3,49945352,48,39,91
3,49945618,9,0,481
3,49945838,15,4,396
3,49945904,1,0,66
3,49945933,353,234,54
3,49945978,7,0,286
3,49945985,8,1,478
3,49946076,75,54,196
3,49946148,62,42,40
3,49946228,388,725,55
3,49946321,116,167,150
3,49946355,320,189,30
3,49946393,356,87,72
3,49946403,227,265,140
3,49946526,131,178,47
3,49946567,232,156,165
3,49946576,31,2,388
3,49946622,6,0,500
3,49946707,58,7,72
3,49946827,62,34,227
3,49946845,69,10,93
3,49946895,464,96,49
3,49947051,212,194,44
3,49947176,60,8,213
3,49947472,141,73,28
3,49947527,9,2,455
3,49947559,5,2,453
3,49947565,62,53,31
3,49947631,230,111,41
3,49947799,20,1,353
3,49947816,6,0,307
3,49948161,12,1,390
3,49948254,477,265,118
3,49948615,11,0,433
3,49948738,22,7,43
3,49948770,12,2,50
3,49949235,596,298,46
3,49949438,832,179,13
3,49949496,11,7,418
3,49949588,149,90,68
3,49949914,6,0,188
3,49949946,4,0,252
3,49949990,16,0,282
3,49950052,157,404,82
3,49950108,9,8,392
3,49950288,20,19,230
3,49950554,282,294,25
3,49950653,3,1,234
3,49950818,11,6,59
3,49950938,11,2,328
3,49951139,73,28,143
3,49951218,133,32,32
3,49951615,4,0,205
3,49951641,57,45,53
3,49951881,165,188,228
3,49951891,59,16,16
3,49951966,29,54,192
3,49952029,103,16,36
3,49952111,144,66,23
3,49952207,12,2,264
3,49952956,6,0,495
3,49953116,102,79,146
3,49953179,11,0,298
3,49953191,14,0,187
3,49953288,90,20,24
3,49953495,646,303,2
3,49953509,14,4,86
3,49953777,61,162,39
3,49954243,21,7,202
3,49954499,28,39,123
3,49954755,6,0,276
3,49954875,14,4,47
3,49955297,71,70,177
3,49955544,14,3,127
3,49955572,20,4,336
3,49955600,5,0,247
3,49956003,62,2,15
3,49956035,42,39,18
3,49956092,43,63,199
3,49956148,35,8,77
3,49956183,11,1,250
3,49956275,11,2,406
3,49956396,8,2,225
3,49956574,33,11,67
3,49956681,109,46,7
3,49956736,11,0,273
3,49956771,28,10,34
3,49957028,12,4,41
3,49957068,274,394,12
3,49957116,419,270,10
3,49957117,62,25,14
3,49957275,5,0,183
3,49957334,5,1,431
3,49957388,8,0,103
3,49957496,21,1,64
3,49957570,10,2,285
3,49957792,8,7,106
3,49957812,53,4,3
3,49957831,8,0,267
3,49957870,7,7,116
3,49958109,8,0,110
3,49958261,17,1,78
3,49958358,15,9,103
3,49958569,86,22,11
3,49958577,7,2,244
3,49958586,5,5,99
3,49958850,56,57,54
3,49958958,7,0,84
3,49959018,6,0,245
3,49959020,10,0,211
3,49959056,8,1,98
3,49959070,12,2,147
3,49959361,12,5,53
3,49959583,21,12,35
3,49959623,3,1,63
3,49959865,13,4,5
3,49959869,88,41,1
3,49960084,46,17,4
4,49869441,68,25,354
4,49869574,319,138,421
4,49869773,133,43,390
4,49869995,99,10,413
4,49870070,187,74,478
4,49870295,358,118,447
4,49870367,2010,1120,214
4,49870376,193,110,399
4,49870760,37,20,452
4,49871018,186,101,263
4,49871992,65,17,453
4,49872612,85,48,342
4,49872723,1090,458,466
4,49872883,170,462,327
4,49873241,177,84,381
4,49875142,182,34,356
4,49875308,147,50,408
4,49875801,152,62,394
4,49875913,328,190,407
4,49876052,154,84,366
4,49876148,176,84,380
4,49877678,312,407,292
4,49877988,584,544,378
4,49878093,86,26,381
4,49878857,379,93,336
4,49878900,85,25,424
4,49879000,366,306,442
4,49879346,82,23,295
4,49879401,224,97,348
4,49879577,171,88,393
4,49879645,943,946,411
4,49879697,484,257,451
4,49879702,295,92,443
4,49879758,83,20,363
4,49879883,230,299,433
4,49880036,707,382,391
4,49880411,354,50,128
4,49880601,198,42,370
4,49881370,43,3,470
4,49881505,36,17,482
4,49881850,884,613,473
4,49882419,51,15,462
4,49882754,179,243,230
4,49882781,283,113,436
4,49883159,56,25,500
4,49883471,629,277,400
4,49883536,128,57,359
4,49883539,389,987,355
4,49883635,101,41,398
4,49883760,308,121,396
4,49883844,575,225,468
4,49883913,90,7,333
4,49883970,322,128,307
4,49884346,82,25,379
4,49884625,150,31,457
4,49886195,133,47,469
4,49886278,37,19,422
4,49886482,188,54,481
4,49886535,132,72,282
4,49887343,282,108,207
4,49888182,171,195,269
4,49889140,125,23,302
4,49889633,48,26,486
4,49890051,168,66,431
4,49890226,425,141,325
4,49890707,133,32,306
4,49890732,411,301,227
4,49890733,327,401,318
4,49891203,213,10,404
4,49891290,242,95,426
4,49891295,833,738,435
4,49891480,518,304,480
4,49891769,67,16,463
4,49892120,296,158,420
4,49892175,150,92,371
4,49892245,592,336,339
4,49893002,307,113,338
4,49893157,467,882,358
4,49893509,778,740,245
4,49893519,62,35,251
4,49893653,238,148,454
4,49893909,22,2,465
4,49894143,17,2,485
4,49894351,167,111,270
4,49894430,285,25,141
4,49895221,36,9,386
4,49895304,350,254,376
4,49895864,151,79,369
4,49895970,48,6,415
4,49896586,1066,952,412
4,49896604,766,646,252
4,49896712,304,144,341
4,49896757,117,41,218
4,49896975,219,269,470
4,49897993,389,304,279
4,49898050,210,125,409
4,49898778,407,112,335
4,49898931,56,10,458
4,49899004,20,3,493
4,49899047,18,4,500
4,49899090,281,169,352
4,49899932,24,0,472
4,49901149,73,7,441
4,49901736,922,392,220
4,49901999,46,25,353
4,49902019,151,190,181
4,49902093,61,10,360
4,49902382,204,88,299
4,49903713,123,223,206
4,49903862,130,50,319
4,49903993,89,38,499
4,49904314,322,253,165
4,49905644,146,44,246
4,49906100,275,125,142
4,49906295,15,7,449
4,49906432,465,499,373
4,49906637,680,362,225
4,49907802,30,1,395
4,49908055,13,1,345
4,49908394,339,641,284
4,49908570,97,21,60
4,49908962,180,72,238
4,49909005,58,2,253
4,49909056,243,51,313
4,49909583,394,171,249
4,49909610,105,27,250
4,49909908,86,25,271
4,49910328,39,35,484
4,49910425,13,0,105
4,49910462,446,404,57
4,49910465,111,103,28
4,49910613,69,37,315
4,49911472,12,0,347
4,49911500,119,41,208
4,49911534,83,21,293
4,49911757,130,78,383
4,49911995,194,99,175
4,49912048,108,34,239
4,49912091,53,5,172
4,49912094,33,14,430
4,49912444,228,106,320
4,49912792,303,59,261
4,49912955,253,98,298
4,49913106,44,4,115
4,49913192,249,129,268
4,49913350,192,11,328
4,49913364,121,91,464
4,49913571,1697,1185,103
4,49913604,54,11,317
4,49913724,17,2,491
4,49913886,20,1,490
4,49913975,99,47,450
4,49914657,41,3,374
4,49915060,58,18,419
4,49915082,306,162,260
4,49915119,31,2,391
4,49915126,274,111,262
4,49916007,22,15,272
4,49916550,6,1,12
4,49916753,53,10,28
4,49916997,33,17,433
4,49917536,255,233,21
4,49918161,89,194,303
4,49918480,14,0,244
4,49919676,166,155,82
4,49919910,189,111,153
4,49920160,628,177,174
4,49920234,411,377,248
4,49920896,278,170,144
4,49920932,394,440,229
4,49921050,210,160,351
4,49921798,212,62,132
4,49921825,54,28,167
4,49921834,15,0,257
4,49921923,290,112,134
4,49922074,53,102,86
4,49922155,12,8,493
4,49922212,92,31,285
4,49922278,286,225,278
4,49922437,176,51,157
4,49922515,158,49,185
4,49922568,129,511,177
4,49922569,265,287,183
4,49922594,59,6,232
4,49922674,287,67,222
4,49922729,187,106,322
4,49922736,82,28,274
4,49923056,213,143,321
4,49923466,394,116,112
4,49923602,41,9,106
4,49923638,88,7,236
4,49923692,635,217,143
4,49923873,271,64,73
4,49923944,25,0,371
4,49924121,19,1,219
4,49924179,568,536,180
4,49924275,66,10,384
4,49924543,37,11,402
4,49924618,202,270,133
4,49924795,20,0,259
4,49924943,49,9,305
4,49925036,126,49,211
4,49925184,667,169,100
4,49925261,52,79,283
4,49925602,128,75,160
4,49925653,57,38,203
4,49925742,124,21,178
4,49925812,87,70,243
4,49925969,505,72,209
4,49925974,435,97,124
4,49926069,1680,599,204
4,49926185,31,15,316
4,49926411,368,183,116
4,49926512,149,76,200
4,49926536,404,177,195
4,49926581,18,7,446
4,49926609,59,5,157
4,49926628,262,233,127
4,49926691,11,12,388
4,49926773,104,19,173
4,49926792,23,1,356
4,49926917,226,79,235
4,49926986,13,2,409
4,49927100,235,193,344
4,49927212,166,48,169
4,49927295,32,9,161
4,49927514,36,5,110
4,49927587,41,28,286
4,49927686,15,6,479
4,49927747,347,340,164
4,49927754,799,401,83
4,49927760,576,128,170
4,49927844,27,5,367
4,49927854,32,15,216
4,49927872,32,9,264
4,49928011,10,5,416
4,49928054,35,72,496
4,49928118,18,3,418
4,49928121,575,407,138
4,49928148,35,14,347
4,49928152,78,19,256
4,49928192,217,34,87
4,49928196,41,2,104
4,49928215,98,8,145
4,49928218,61,2,425
4,49928361,172,36,64
4,49928566,382,113,140
4,49928740,14,6,452
4,49928862,16,1,334
4,49928963,137,121,297
4,49929113,254,365,476
4,49929312,39,6,123
4,49929381,21,1,288
4,49929391,336,128,139
4,49929461,5,2,422
4,49929489,413,220,154
4,49929925,23,2,323
4,49930047,307,82,95
4,49930439,176,26,17
4,49930690,44,9,6
4,49930872,15,3,326
4,49931031,151,50,137
4,49931195,34,7,237
4,49931725,33,14,176
4,49931993,89,29,88
4,49932079,89,50,159
4,49932147,402,82,114
4,49932191,80,76,135
4,49932236,74,15,7
4,49932340,95,20,126
4,49932350,12,5,46
4,49932402,254,261,163
4,49932509,33,9,192
4,49932610,84,66,415
4,49932694,24,4,287
4,49932911,87,18,123
4,49933035,4,0,461
4,49933069,15,3,79
4,49933230,171,59,182
4,49933235,310,186,202
4,49933251,76,59,494
4,49933288,13,3,346
4,49933381,26,3,362
4,49933461,177,76,19
4,49933476,28,8,429
4,49933587,35,0,221
4,49933740,286,148,156
4,49933755,9,4,59
4,49933810,10,3,343
4,49933869,265,203,136
4,49934012,23,3,324
4,49934078,81,39,21
4,49934125,24,7,389
4,49934261,59,12,101
4,49934351,10,1,197
4,49934399,53,20,301
4,49934569,50,23,455
4,49934620,228,180,179
4,49934784,218,117,193
4,49935038,77,42,37
4,49935097,71,10,80
4,49935250,30,11,52
4,49935751,110,26,254
4,49935797,44,11,191
4,49935867,229,173,489
4,49935872,25,1,267
4,49936017,74,12,50
4,49936094,5,1,447
4,49936105,8,0,374
4,49936398,23,4,296
4,49936499,41,5,212
4,49936575,359,102,149
4,49936641,33,11,428
4,49936671,51,18,186
4,49936725,100,37,277
4,49936909,42,36,376
4,49936952,6,1,443
4,49936964,37,16,201
4,49937146,80,16,131
4,49937193,11,5,403
4,49937276,560,337,108
4,49937304,114,47,76
4,49937352,10,1,440
4,49937387,35,38,439
4,49937388,11,0,438
4,49937504,248,109,93
4,49937510,11,5,436
4,49937540,222,131,85
4,49937571,23,6,275
4,49937631,309,219,170
4,49937718,142,101,349
4,49937916,154,50,121
4,49938047,131,117,224
4,49938270,3,0,477
4,49938306,107,151,184
4,49938326,41,1,93
4,49938399,149,30,66
4,49938412,5,0,331
4,49938477,148,42,266
4,49938521,266,208,385
4,49938616,164,109,189
4,49938748,13,3,386
4,49938783,26,3,234
4,49938815,51,7,338
4,49938916,3,3,473
4,49939265,24,0,497
4,49939308,25,4,23
4,49939513,21,6,246
4,49939637,61,12,38
4,49939788,54,6,361
4,49939814,12,1,490
4,49940044,20,4,18
4,49940152,49,11,155
4,49940219,211,78,241
4,49940233,33,3,196
4,49940267,17,1,308
4,49940309,7,0,411
4,49940317,18,6,281
4,49940394,457,136,99
4,49940467,47,27,279
4,49940482,68,33,63
4,49940736,15,3,328
4,49940877,81,16,98
4,49941091,201,95,162
4,49941114,512,126,120
4,49941447,186,116,128
4,49941572,26,22,203
4,49941641,68,27,88
4,49941764,26,4,129
4,49942008,10,7,498
4,49942103,92,53,67
4,49942130,108,74,34
4,49942429,37,2,150
4,49942434,76,64,304
4,49942706,659,326,65
4,49942818,74,94,291
4,49943451,152,166,332
4,49943637,97,14,5
4,49943685,32,18,16
4,49943699,15,5,487
4,49944227,464,780,77
4,49944369,38,6,109
4,49944899,8,0,469
4,49944912,198,77,56
4,49945193,6,0,360
4,49945323,163,153,58
4,49945352,48,39,90
4,49945618,9,0,484
4,49945838,15,4,404
4,49945904,1,0,69
4,49945933,354,238,53
4,49945978,7,0,287
4,49945985,8,1,479
4,49946076,75,54,194
4,49946148,62,43,43
4,49946228,389,731,55
4,49946321,116,167,150
4,49946355,322,190,31
4,49946393,356,87,71
4,49946403,227,265,143
4,49946526,132,182,47
4,49946567,232,157,165
4,49946576,31,2,392
4,49946707,58,7,72
4,49946827,62,34,227
4,49946845,69,10,95
4,49946895,466,97,48
4,49947051,214,196,42
4,49947176,60,8,216
4,49947472,142,76,29
4,49947527,9,2,460
4,49947559,5,2,458
4,49947565,62,52,32
4,49947631,232,111,39
4,49947799,20,1,359
4,49947816,6,0,311
4,49948161,12,1,394
4,49948254,479,266,117
4,49948615,11,0,441
4,49948738,23,7,92
4,49948770,13,2,47
4,49949235,598,299,45
4,49949438,837,180,13
4,49949496,11,7,423
4,49949588,149,90,66
4,49949914,6,0,188
4,49949946,4,0,257
4,49949990,16,0,284
4,49950052,158,407,78
4,49950108,9,8,402
4,49950288,20,19,232
4,49950554,286,298,25
4,49950653,3,1,236
4,49950818,11,6,60
4,49950938,11,2,334
4,49951139,73,28,151
4,49951218,134,32,32
4,49951615,4,0,207
4,49951641,59,45,43
4,49951881,166,188,226
4,49951891,69,16,16
4,49951966,29,54,195
4,49952029,104,16,36
4,49952111,146,66,23
4,49952207,12,2,266
4,49953116,102,79,160
4,49953179,11,0,303
4,49953191,14,0,192
4,49953288,95,26,24
4,49953495,661,307,2
4,49953509,14,4,220
4,49953777,63,166,40
4,49954243,21,7,209
4,49954755,6,0,294
4,49954875,14,5,51
4,49955297,72,70,181
4,49955544,15,3,134
4,49955572,20,4,352
4,49955600,5,0,260
4,49956003,65,6,15
4,49956035,43,40,20
4,49956092,44,65,213
4,49956148,35,9,76
4,49956183,11,1,263
4,49956275,11,2,427
4,49956396,8,2,233
4,49956574,35,11,68
4,49956681,127,47,6
4,49956736,11,0,298
4,49956771,29,11,35
4,49957028,12,4,42
4,49957068,301,417,9
4,49957116,448,280,8
4,49957117,65,29,14
4,49957275,5,0,200
4,49957334,5,1,451
4,49957388,9,0,108
4,49957496,23,1,70
4,49957570,10,2,314
4,49957792,8,7,112
4,49957812,70,6,3
4,49957831,8,0,297
4,49957870,7,7,131
4,49958109,9,0,102
4,49958261,19,1,84
4,49958358,16,9,113
4,49958569,96,27,11
4,49958577,7,2,270
4,49958586,5,5,103
4,49958850,59,65,63
4,49958958,7,0,96
4,49959018,6,0,281
4,49959020,10,0,235
4,49959056,8,1,107
4,49959070,12,2,175
4,49959361,12,6,62
4,49959623,5,1,82
4,49959654,19,2,8
4,49959865,16,6,34
4,49959869,127,59,1
4,49960084,102,56,4
4,49960353,3,0,40
5,49869441,68,25,353
5,49869574,319,138,421
5,49869773,133,43,388
5,49869995,99,10,410
5,49870070,187,74,477
5,49870295,358,118,446
5,49870367,2010,1120,211
5,49870376,193,110,399
5,49870760,37,20,453
5,49871018,186,101,263
5,49871992,65,17,452
5,49872612,85,48,337
5,49872723,1090,458,462
5,49872883,170,462,320
5,49873241,177,84,380
5,49875142,182,34,355
5,49875308,147,50,405
5,49875801,152,62,394
5,49875913,328,190,404
5,49876052,154,84,363
5,49876148,176,84,377
5,49877678,312,407,284
5,49877988,584,544,376
5,49878093,86,26,382
5,49878857,379,93,331
5,49878900,85,25,424
5,49879000,366,306,438
5,49879346,82,23,293
5,49879401,224,97,340
5,49879577,171,88,392
5,49879645,943,946,409
5,49879697,484,257,451
5,49879702,295,92,439
5,49879758,83,20,362
5,49879883,230,299,433
5,49880036,707,382,391
5,49880411,354,50,123
5,49880601,198,42,368
5,49881370,43,3,469
5,49881505,36,17,480
5,49881850,884,613,472
5,49882419,51,15,460
5,49882754,179,243,227
5,49882781,283,113,436
5,49883159,56,25,500
5,49883471,629,277,400
5,49883536,128,57,358
5,49883539,389,987,354
5,49883635,101,41,398
5,49883760,308,121,396
5,49883844,575,225,468
5,49883913,90,7,326
5,49883970,322,128,304
5,49884346,83,25,378
5,49884625,150,31,457
5,49886195,133,47,470
5,49886278,37,19,423
5,49886482,188,54,481
5,49886535,132,72,277
5,49887343,282,108,205
5,49888182,171,195,267
5,49889140,125,23,299
5,49889633,48,26,484
5,49890051,168,66,432
5,49890226,425,141,316
5,49890707,133,32,303
5,49890732,411,301,226
5,49890733,327,401,312
5,49891203,213,10,401
5,49891290,242,95,425
5,49891295,833,738,434
5,49891480,518,304,479
5,49891769,67,16,461
5,49892120,296,158,415
5,49892175,150,92,371
5,49892245,592,336,335
5,49893002,307,113,334
5,49893157,467,883,359
5,49893509,778,740,243
5,49893519,62,35,251
5,49893653,238,148,454
5,49893909,22,2,464
5,49894143,17,2,485
5,49894351,167,111,268
5,49894430,285,25,138
5,49895221,36,9,385
5,49895304,350,254,375
5,49895864,151,79,367
5,49895970,48,6,414
5,49896586,1066,952,411
5,49896604,766,646,252
5,49896712,304,144,338
5,49896757,117,41,215
5,49896975,219,269,471
5,49897993,389,304,274
5,49898050,210,125,407
5,49898778,407,112,328
5,49898931,56,10,459
5,49899004,20,3,491
5,49899090,281,169,349
5,49899932,24,0,473
5,49901149,73,7,437
5,49901736,922,392,216
5,49901999,46,25,352
5,49902019,151,190,182
5,49902093,61,10,360
5,49902382,204,88,296
5,49903713,123,223,202
5,49903862,130,50,313
5,49903993,89,38,499
5,49904314,322,253,161
5,49905644,146,44,244
5,49906100,275,125,139
5,49906295,15,7,449
5,49906432,465,499,372
5,49906637,680,362,225
5,49907802,30,1,396
5,49908055,13,1,346
5,49908394,339,641,278
5,49908570,100,21,61
5,49908962,180,72,236
5,49909005,58,2,253
5,49909056,243,51,307
5,49909583,394,171,247
5,49909610,105,27,248
5,49909908,86,25,270
5,49910328,39,35,483
5,49910425,13,0,108
5,49910462,450,404,59
5,49910465,117,104,26
5,49910613,69,37,309
5,49911472,12,0,348
5,49911500,119,41,207
5,49911534,83,22,288
5,49911757,130,78,383
5,49911995,194,99,176
5,49912048,108,34,237
5,49912091,53,5,173
5,49912094,33,14,430
5,49912444,228,106,314
5,49912792,303,59,257
5,49912955,253,98,295
5,49913106,44,4,113
5,49913192,249,129,265
5,49913350,192,11,323
5,49913364,121,91,463
5,49913571,1697,1185,103
5,49913604,54,11,310
5,49913724,17,2,489
5,49913886,20,1,488
5,49913975,99,47,450
5,49914657,41,3,374
5,49915060,58,18,417
5,49915082,306,162,256
5,49915119,31,2,393
5,49915126,274,111,262
5,49916007,22,15,272
5,49916550,10,1,12
5,49916753,58,10,28
5,49916997,33,17,434
5,49917536,266,243,20
5,49918161,89,194,300
5,49918480,14,0,246
5,49919676,166,156,80
5,49919910,189,111,151
5,49920160,628,177,175
5,49920234,411,377,246
5,49920332,7,0,10
5,49920896,278,170,144
5,49920932,394,440,228
5,49921050,210,160,351
5,49921798,212,62,127
5,49921825,54,28,166
5,49921834,15,0,257
5,49921923,290,112,131
5,49922074,53,103,87
5,49922155,12,8,497
5,49922212,92,31,280
5,49922278,286,225,275
5,49922437,176,51,154
5,49922515,158,49,185
5,49922568,129,514,177
5,49922569,265,287,183
5,49922594,59,6,232
5,49922674,287,67,221
5,49922729,187,106,318
5,49922736,82,28,271
5,49923056,213,143,317
5,49923466,394,116,108
5,49923602,41,9,107
5,49923638,88,7,235
5,49923692,635,217,143
5,49923873,271,64,72
5,49923944,25,0,372
5,49924121,19,1,219
5,49924179,568,536,181
5,49924275,66,10,384
5,49924543,37,11,402
5,49924618,202,270,130
5,49924795,20,0,259
5,49924943,49,9,305
5,49925036,126,49,211
5,49925184,668,169,98
5,49925261,52,79,281
5,49925602,128,76,166
5,49925653,57,38,201
5,49925742,124,21,179
5,49925812,87,70,244
5,49925969,505,72,209
5,49925974,436,97,120
5,49926069,1680,599,199
5,49926185,31,15,311
5,49926411,368,183,114
5,49926512,149,76,197
5,49926536,404,177,192
5,49926581,18,7,445
5,49926609,59,5,156
5,49926628,262,233,122
5,49926691,11,12,386
5,49926773,104,19,174
5,49926792,23,1,357
5,49926917,226,79,233
5,49926986,13,2,411
5,49927100,235,193,341
5,49927212,166,48,167
5,49927295,32,9,163
5,49927514,36,5,111
5,49927587,41,28,282
5,49927686,15,6,482
5,49927747,348,340,164
5,49927754,799,401,83
5,49927760,577,128,170
5,49927844,27,5,366
5,49927854,32,15,214
5,49927872,32,9,264
5,49928011,10,5,421
5,49928054,35,72,495
5,49928118,18,3,419
5,49928121,575,407,136
5,49928148,35,14,343
5,49928152,78,19,254
5,49928192,217,34,86
5,49928196,42,2,104
5,49928215,98,8,145
5,49928218,61,2,426
5,49928361,172,36,65
5,49928566,383,113,140
5,49928740,14,6,456
5,49928862,16,1,329
5,49928963,137,121,298
5,49929113,254,366,475
5,49929312,39,6,124
5,49929381,21,1,287
5,49929391,336,128,141
5,49929461,5,2,427
5,49929489,413,220,152
5,49929925,23,2,319
5,49930047,307,83,92
5,49930439,180,26,18
5,49930872,15,3,324
5,49931031,151,50,137
5,49931195,34,7,239
5,49931725,33,14,178
5,49931993,89,29,89
5,49932079,89,50,158
5,49932147,402,82,112
5,49932191,80,76,134
5,49932236,87,17,6
5,49932340,95,20,121
5,49932350,13,7,52
5,49932402,255,261,160
5,49932509,33,9,192
5,49932610,84,66,419
5,49932694,24,4,286
5,49932911,88,18,119
5,49933035,4,0,466
5,49933069,15,4,82
5,49933230,172,59,184
5,49933235,310,186,200
5,49933251,76,59,495
5,49933288,13,3,347
5,49933381,26,3,363
5,49933461,180,76,27
5,49933476,28,8,429
5,49933587,35,0,219
5,49933740,286,148,155
5,49933755,10,4,62
5,49933810,10,3,342
5,49933869,266,203,135
5,49934012,23,3,322
5,49934078,82,41,21
5,49934125,24,7,392
5,49934261,60,12,102
5,49934351,10,1,204
5,49934399,53,20,302
5,49934569,50,23,457
5,49934620,228,180,180
5,49934784,218,117,191
5,49935038,79,45,37
5,49935097,71,10,79
5,49935250,31,11,54
5,49935751,110,26,255
5,49935797,44,11,189
5,49935867,229,173,490
5,49935872,25,1,267
5,49936017,75,12,50
5,49936094,5,1,448
5,49936105,8,0,378
5,49936398,23,4,297
5,49936499,41,5,213
5,49936575,359,102,146
5,49936641,33,11,428
5,49936671,51,18,187
5,49936725,100,37,275
5,49936909,42,36,381
5,49936952,6,1,444
5,49936964,37,16,198
5,49937146,80,16,129
5,49937193,11,5,405
5,49937276,561,337,106
5,49937304,114,47,76
5,49937352,10,1,441
5,49937387,35,38,440
5,49937388,11,0,439
5,49937504,249,109,91
5,49937510,11,5,437
5,49937540,222,131,85
5,49937571,23,6,273
5,49937631,309,219,171
5,49937718,142,101,350
5,49937916,154,50,117
5,49938047,131,117,223
5,49938270,3,0,478
5,49938306,107,151,186
5,49938326,42,1,93
5,49938399,149,30,67
5,49938412,5,0,333
5,49938477,148,42,266
5,49938521,267,208,388
5,49938616,164,109,188
5,49938748,13,3,389
5,49938783,26,3,234
5,49938815,51,7,339
5,49938916,3,3,474
5,49939265,24,0,498
5,49939308,26,5,18
5,49939513,21,6,248
5,49939637,61,12,39
5,49939788,54,6,364
5,49939814,12,1,493
5,49940044,27,9,17
5,49940152,49,11,156
5,49940219,211,78,241
5,49940233,33,3,195
5,49940267,17,1,307
5,49940309,7,0,416
5,49940317,18,6,283
5,49940394,457,136,99
5,49940467,47,27,279
5,49940482,68,33,63
5,49940736,15,3,327
5,49940877,81,16,96
5,49941091,202,95,162
5,49941114,513,126,116
5,49941447,186,116,126
5,49941572,26,22,206
5,49941641,69,27,88
5,49941764,26,4,133
5,49942103,92,53,69
5,49942130,108,75,35
5,49942429,37,2,149
5,49942434,76,64,303
5,49942706,659,327,66
5,49942818,74,94,291
5,49943451,152,166,330
5,49943637,110,15,4
5,49943685,33,18,14
5,49943699,15,5,491
5,49944227,467,781,75
5,49944369,38,6,109
5,49944899,8,0,476
5,49944912,198,77,58
5,49945193,6,0,367
5,49945323,165,154,60
5,49945352,48,39,90
5,49945618,9,0,492
5,49945838,15,4,409
5,49945904,1,0,68
5,49945933,357,253,54
5,49945978,7,0,290
5,49945985,8,1,486
5,49946076,75,54,194
5,49946148,63,43,16
5,49946228,393,735,57
5,49946321,116,167,150
5,49946355,323,190,31
5,49946393,357,87,71
5,49946403,227,265,148
5,49946526,133,185,45
5,49946567,233,157,169
5,49946576,31,2,401
5,49946707,58,7,73
5,49946827,62,34,230
5,49946845,69,10,94
5,49946895,468,97,48
5,49947051,217,199,41
5,49947176,60,8,218
5,49947472,143,79,30
5,49947527,9,2,461
5,49947559,5,2,460
5,49947565,64,53,17
5,49947631,233,111,40
5,49947799,20,1,369
5,49947816,6,0,311
5,49948161,12,1,404
5,49948254,481,267,116
5,49948615,11,0,446
5,49948738,23,7,97
5,49948770,13,2,51
5,49949235,601,299,44
5,49949438,849,181,13
5,49949496,11,7,430
5,49949588,151,91,74
5,49949914,6,0,190
5,49949946,4,0,261
5,49949990,16,0,294
5,49950052,159,409,77
5,49950108,9,8,414
5,49950288,20,19,238
5,49950554,290,300,25
5,49950653,3,1,240
5,49950818,12,6,64
5,49950938,11,2,342
5,49951139,73,28,157
5,49951218,134,32,33
5,49951615,4,0,214
5,49951641,59,46,46
5,49951881,166,188,231
5,49951891,72,22,19
5,49951966,29,54,199
5,49952029,104,16,38
5,49952111,148,66,23
5,49952207,12,2,279
5,49953116,102,79,171
5,49953179,11,0,318
5,49953191,14,0,198
5,49953288,107,31,22
5,49953495,687,318,1
5,49953509,14,4,226
5,49953777,63,169,42
5,49954243,22,7,221
5,49954755,6,0,310
5,49954875,14,6,55
5,49955297,72,71,196
5,49955544,15,3,153
5,49955572,20,4,377
5,49955600,5,0,278
5,49956003,69,9,16
5,49956035,44,42,49
5,49956092,47,66,24
5,49956148,36,9,83
5,49956183,11,1,292
5,49956275,11,2,447
5,49956396,8,2,254
5,49956574,37,12,67
5,49956681,149,55,7
5,49956736,12,0,327
5,49956771,33,11,36
5,49957028,13,5,47
5,49957068,329,445,10
5,49957116,478,300,9
5,49957117,66,30,15
5,49957275,5,0,222
5,49957334,5,1,477
5,49957388,9,0,121
5,49957496,23,1,78
5,49957570,10,2,344
5,49957792,8,7,128
5,49957812,90,9,2
5,49957831,8,0,330
5,49957870,7,7,160
5,49958109,9,0,115
5,49958261,19,1,95
5,49958358,17,9,132
5,49958569,107,30,11
5,49958577,8,2,314
5,49958586,5,5,123
5,49958850,70,72,5
5,49958958,7,0,105
5,49959018,6,0,335
5,49959020,10,0,270
5,49959056,8,1,131
5,49959070,12,2,208
5,49959361,13,6,79
5,49959623,6,1,100
5,49959654,36,8,3
5,49959869,159,92,1
5,49960084,151,105,4
5,49960353,5,1,53
5,49960628,8,1,29
5,49960725,5,2,32
6,49869441,68,25,352
6,49869574,319,138,419
6,49869773,133,43,387
6,49869995,99,10,409
6,49870070,187,74,476
6,49870295,358,118,446
6,49870367,2010,1120,208
6,49870376,193,110,399
6,49870760,37,20,453
6,49871018,186,101,261
6,49871992,65,17,452
6,49872612,85,48,335
6,49872723,1090,458,462
6,49872883,170,462,319
6,49873241,177,84,379
6,49875142,182,34,354
6,49875308,147,50,404
6,49875801,152,62,393
6,49875913,328,190,403
6,49876052,154,84,361
6,49876148,176,84,377
6,49877678,312,407,284
6,49877988,584,544,376
6,49878093,86,26,381
6,49878857,379,93,330
6,49878900,85,25,424
6,49879000,366,306,438
6,49879346,82,23,290
6,49879401,224,97,339
6,49879577,171,88,391
6,49879645,943,946,408
6,49879697,484,257,451
6,49879702,295,92,439
6,49879758,83,20,360
6,49879883,230,299,433
6,49880036,707,382,388
6,49880411,354,50,124
6,49880601,198,42,366
6,49881370,43,3,469
6,49881505,36,17,480
6,49881850,884,613,472
6,49882419,51,15,460
6,49882754,179,243,227
6,49882781,283,113,435
6,49883159,56,25,499
6,49883471,629,277,400
6,49883536,128,57,357
6,49883539,389,987,353
6,49883635,101,41,398
6,49883760,308,121,395
6,49883844,575,225,466
6,49883913,90,7,325
6,49883970,322,128,303
6,49884346,83,25,378
6,49884625,150,31,455
6,49886195,133,47,470
6,49886278,37,19,423
6,49886482,188,54,481
6,49886535,132,72,277
6,49887343,282,108,205
6,49888182,171,195,266
6,49889140,125,23,297
6,49889633,48,26,483
6,49890051,168,66,431
6,49890226,425,141,316
6,49890707,133,32,302
6,49890732,411,301,225
6,49890733,327,401,311
6,49891203,213,10,401
6,49891290,242,95,425
6,49891295,833,738,434
6,49891480,518,304,479
6,49891769,67,16,461
6,49892120,296,158,415
6,49892175,150,92,370
6,49892245,592,336,334
6,49893002,307,113,332
6,49893157,467,883,358
6,49893509,778,740,242
6,49893519,62,35,251
6,49893653,238,148,454
6,49893909,22,2,464
6,49894143,17,2,485
6,49894351,167,111,267
6,49894430,285,25,138
6,49895221,36,9,385
6,49895304,350,254,374
6,49895864,151,79,365
6,49895970,48,6,414
6,49896586,1066,952,410
6,49896604,766,646,250
6,49896712,304,144,336
6,49896757,117,41,216
6,49896975,219,269,471
6,49897993,389,304,272
6,49898050,210,125,407
6,49898778,407,112,328
6,49898931,56,10,458
6,49899004,20,3,489
6,49899090,281,169,348
6,49899932,24,0,473
6,49901149,73,7,437
6,49901736,922,392,217
6,49901999,46,25,351
6,49902019,151,190,184
6,49902093,61,10,359
6,49902382,204,88,295
6,49903713,123,223,202
6,49903862,130,50,313
6,49903993,89,38,498
6,49904314,322,253,161
6,49905644,146,44,234
6,49906100,275,125,138
6,49906295,15,7,369
6,49906432,466,499,325
6,49906563,18,28,425
6,49906637,680,362,221
6,49907057,216,199,437
6,49907601,31,15,469
6,49907802,30,1,340
6,49908055,13,1,312
6,49908394,339,641,264
6,49908570,101,21,64
6,49908962,180,72,227
6,49909005,58,2,243
6,49909015,8,0,431
6,49909056,243,51,285
6,49909583,394,171,240
6,49909610,105,27,242
6,49909900,10,0,317
6,49909908,86,25,256
6,49909913,24,16,406
6,49910328,39,35,385
6,49910425,13,0,111
6,49910462,455,412,62
6,49910465,122,105,35
6,49910613,69,37,287
6,49911472,12,0,315
6,49911500,119,41,206
6,49911520,36,2,466
6,49911534,83,22,271
6,49911743,30,5,451
6,49911757,130,78,333
6,49911995,194,99,175
6,49912048,108,34,229
6,49912091,53,5,174
6,49912094,33,14,360
6,49912444,228,106,292
6,49912782,17,0,418
6,49912792,303,59,250
6,49912955,253,98,275
6,49913106,44,4,115
6,49913192,249,129,254
6,49913255,126,51,401
6,49913331,20,0,491
6,49913350,192,11,296
6,49913364,121,91,375
6,49913458,120,104,432
6,49913571,1698,1185,104
6,49913604,54,11,290
6,49913724,17,2,387
6,49913731,94,16,421
6,49913886,20,1,386
6,49913975,99,47,370
6,49914005,15,7,419
6,49914236,111,61,443
6,49914516,29,1,485
6,49914657,41,3,328
6,49915060,58,18,349
6,49915082,306,162,249
6,49915119,31,2,337
6,49915126,274,111,253
6,49915888,4,0,495
6,49916007,22,15,263
6,49916550,12,1,16
6,49916753,62,10,36
6,49916865,12,1,430
6,49916997,33,17,361
6,49917039,3,3,487
6,49917102,31,1,492
6,49917536,278,246,27
6,49917900,5,0,482
6,49918147,25,9,494
6,49918161,89,194,279
6,49918480,14,0,246
6,49919333,6,0,472
6,49919676,166,156,81
6,49919910,189,111,147
6,49920090,6,0,410
6,49920160,628,177,174
6,49920173,3,0,468
6,49920234,411,378,241
6,49920329,4,0,433
6,49920332,14,0,11
6,49920582,6,0,464
6,49920650,36,34,476
6,49920785,3,1,462
6,49920804,3,0,460
6,49920896,278,170,142
6,49920932,394,440,222
6,49921050,210,160,314
6,49921051,90,65,452
6,49921254,3,0,459
6,49921798,213,62,127
6,49921825,54,28,166
6,49921834,15,0,251
6,49921923,290,112,131
6,49922074,53,105,93
6,49922075,34,6,417
6,49922155,12,8,394
6,49922212,92,31,267
6,49922278,286,225,261
6,49922437,176,51,153
6,49922515,158,49,186
6,49922568,129,514,179
6,49922569,266,288,185
6,49922594,59,6,223
6,49922674,287,67,217
6,49922729,187,106,294
6,49922736,82,28,260
6,49922772,5,1,456
6,49923056,213,143,293
6,49923125,5,0,13
6,49923466,394,116,108
6,49923602,41,9,107
6,49923638,88,7,228
6,49923692,636,217,140
6,49923873,271,64,74
6,49923944,25,0,327
6,49924121,19,1,216
6,49924179,568,536,181
6,49924275,66,10,334
6,49924301,8,1,426
6,49924385,36,11,413
6,49924543,37,11,343
6,49924570,17,17,499
6,49924618,202,270,129
6,49924726,4,1,423
6,49924795,20,0,252
6,49924943,49,9,284
6,49925036,126,49,208
6,49925184,669,169,99
6,49925261,52,79,268
6,49925602,128,76,165
6,49925606,20,0,470
6,49925653,57,38,204
6,49925742,124,21,180
6,49925812,87,70,236
6,49925969,505,72,207
6,49925974,436,97,121
6,49926069,1681,601,200
6,49926185,31,15,291
6,49926189,12,0,496
6,49926411,368,183,114
6,49926512,149,76,199
6,49926536,404,177,194
6,49926581,18,7,367
6,49926609,59,5,155
6,49926628,262,234,123
6,49926641,15,1,479
6,49926691,11,12,335
6,49926726,62,49,420
6,49926773,104,19,173
6,49926792,23,1,319
6,49926917,226,79,225
6,49926986,13,2,347
6,49927100,235,193,309
6,49927212,166,48,164
6,49927295,32,9,165
6,49927514,36,5,113
6,49927587,41,28,270
6,49927652,8,6,409
6,49927682,12,2,407
6,49927686,15,6,384
6,49927747,348,340,162
6,49927754,800,402,85
6,49927760,578,128,169
6,49927844,27,5,321
6,49927854,32,15,211
6,49927872,32,9,255
6,49927981,11,8,405
6,49928011,10,5,354
6,49928054,35,72,390
6,49928099,14,0,471
6,49928118,18,3,351
6,49928121,575,407,135
6,49928148,35,14,311
6,49928152,78,19,247
6,49928192,219,34,87
6,49928196,44,2,105
6,49928215,98,8,145
6,49928218,61,2,356
6,49928361,172,36,66
6,49928550,17,1,454
6,49928565,5,1,402
6,49928566,383,113,140
6,49928740,14,6,373
6,49928862,16,1,303
6,49928873,6,0,400
6,49928904,12,2,497
6,49928963,137,121,280
6,49929113,255,366,380
6,49929278,12,7,493
6,49929312,39,6,125
6,49929381,21,1,274
6,49929391,336,128,141
6,49929461,5,2,357
6,49929489,413,220,151
6,49929925,23,2,295
6,49930027,22,7,445
6,49930047,307,83,95
6,49930061,18,6,467
6,49930225,3,0,428
6,49930364,19,3,461
6,49930439,184,26,23
6,49930872,15,3,300
6,49931031,151,50,136
6,49931067,4,0,422
6,49931195,34,7,231
6,49931596,16,6,453
6,49931725,33,14,181
6,49931993,90,29,90
6,49932079,89,50,158
6,49932141,3,0,412
6,49932147,402,82,112
6,49932191,80,76,132
6,49932236,105,25,8
6,49932340,95,20,122
6,49932350,14,7,59
6,49932362,5,0,411
6,49932402,255,261,159
6,49932509,33,9,195
6,49932610,84,66,353
6,49932694,24,4,273
6,49932911,88,18,119
6,49933035,4,0,376
6,49933069,15,4,86
6,49933230,172,59,187
6,49933235,310,186,203
6,49933251,76,59,393
6,49933288,13,3,313
6,49933381,26,3,322
6,49933461,183,76,34
6,49933476,28,8,359
6,49933587,35,0,215
6,49933740,286,148,155
6,49933755,10,4,72
6,49933810,10,3,310
6,49933869,266,203,135
6,49934012,23,3,298
6,49934078,85,42,29
6,49934084,8,0,398
6,49934125,24,7,341
6,49934228,212,108,498
6,49934261,60,12,102
6,49934351,10,1,213
6,49934399,53,20,283
6,49934511,114,89,488
6,49934569,50,23,374
6,49934620,228,180,183
6,49934631,46,28,399
6,49934784,218,117,193
6,49935038,80,45,42
6,49935097,73,10,84
6,49935250,31,11,57
6,49935300,9,1,489
6,49935751,110,26,248
6,49935797,44,11,192
6,49935867,229,173,388
6,49935872,25,1,259
6,49936017,76,12,53
6,49936094,5,1,371
6,49936105,8,0,331
6,49936398,23,4,281
6,49936499,41,5,209
6,49936575,359,102,146
6,49936641,33,11,358
6,49936671,51,18,189
6,49936717,7,1,480
6,49936725,100,37,265
6,49936909,42,36,332
6,49936952,6,1,368
6,49936964,37,16,201
6,49937035,9,0,442
6,49937120,6,0,478
6,49937146,80,16,128
6,49937193,11,5,344
6,49937239,20,8,404
6,49937276,562,337,106
6,49937304,115,47,79
6,49937352,10,1,366
6,49937387,35,38,365
6,49937388,11,0,364
6,49937504,249,109,94
6,49937510,11,5,363
6,49937540,222,131,88
6,49937571,23,6,262
6,49937631,309,219,170
6,49937718,142,101,316
6,49937916,154,50,117
6,49937995,16,8,429
6,49938047,131,117,219
6,49938270,3,0,383
6,49938271,9,1,439
6,49938306,107,151,188
6,49938326,42,1,97
6,49938399,149,30,70
6,49938412,5,0,307
6,49938443,17,1,448
6,49938477,148,42,258
6,49938521,267,208,338
6,49938616,164,109,191
6,49938748,13,3,339
6,49938783,26,3,230
6,49938815,51,7,308
6,49938916,3,3,381
6,49939265,24,0,396
6,49939300,6,0,465
6,49939308,31,7,20
6,49939513,21,6,245
6,49939637,62,12,44
6,49939788,54,6,323
6,49939814,12,1,391
6,49939963,8,0,458
6,49940044,31,10,17
6,49940152,50,11,150
6,49940201,11,0,440
6,49940219,211,78,233
6,49940233,33,3,197
6,49940267,17,1,289
6,49940277,7,0,486
6,49940309,7,0,352
6,49940317,18,6,272
6,49940394,457,136,100
6,49940467,47,27,269
6,49940482,70,33,65
6,49940505,67,73,474
6,49940517,7,1,483
6,49940539,9,0,438
6,49940736,15,3,301
6,49940826,9,0,450
6,49940866,7,4,477
6,49940877,81,16,98
6,49940955,13,30,416
6,49941091,202,95,160
6,49941114,513,126,116
6,49941447,186,116,126
6,49941572,26,22,210
6,49941641,69,28,92
6,49941764,26,4,134
6,49942008,10,7,397
6,49942103,92,53,71
6,49942130,110,76,40
6,49942208,6,4,441
6,49942429,37,2,149
6,49942434,76,64,286
6,49942706,666,327,68
6,49942818,74,94,276
6,49942939,41,15,446
6,49943066,7,0,481
6,49943451,152,166,304
6,49943637,122,19,6
6,49943685,37,21,18
6,49943699,15,5,392
6,49943862,8,5,436
6,49943964,6,0,435
6,49944127,75,60,414
6,49944227,470,784,78
6,49944369,38,6,110
6,49944899,8,0,382
6,49944912,200,77,60
6,49945030,11,0,457
6,49945156,3,2,455
6,49945193,6,0,326
6,49945323,165,155,63
6,49945352,48,40,188
6,49945618,9,0,395
6,49945630,13,1,424
6,49945838,15,4,350
6,49945860,5,0,449
6,49945904,1,0,67
6,49945933,359,256,55
6,49945978,7,0,277
6,49945985,8,1,389
6,49946016,6,1,447
6,49946076,75,54,198
6,49946148,65,47,15
6,49946228,398,742,58
6,49946303,9,0,415
6,49946321,116,167,152
6,49946355,323,191,38
6,49946393,358,87,73
6,49946394,6,2,444
6,49946403,228,265,148
6,49946526,135,185,50
6,49946567,233,157,170
6,49946576,31,2,345
6,49946622,6,0,408
6,49946707,58,7,76
6,49946827,62,34,226
6,49946845,69,10,96
6,49946873,63,64,500
6,49946895,472,97,52
6,49946917,11,0,475
6,49947051,217,199,47
6,49947176,60,8,218
6,49947472,143,79,37
6,49947527,9,2,378
6,49947559,5,2,377
6,49947565,69,58,19
6,49947631,236,111,45
6,49947799,20,1,329
6,49947816,6,0,297
6,49948161,12,1,348
6,49948254,483,267,120
6,49948300,31,4,5
6,49948438,98,19,484
6,49948615,11,0,372
6,49948738,23,7,103
6,49948770,13,2,56
6,49949235,603,301,49
6,49949438,854,182,13
6,49949457,5,0,434
6,49949496,11,7,362
6,49949588,153,91,51
6,49949914,6,0,196
6,49949946,4,0,257
6,49949990,16,0,282
6,49950052,159,412,82
6,49950108,9,9,355
6,49950197,7,0,490
6,49950226,12,3,473
6,49950288,20,19,235
6,49950554,295,304,33
6,49950653,3,1,243
6,49950771,4,1,238
6,49950818,12,6,75
6,49950938,11,2,318
6,49951139,73,28,162
6,49951218,136,32,39
6,49951615,4,0,220
6,49951641,59,46,46
6,49951881,167,189,80
6,49951891,75,25,25
6,49951966,29,55,209
6,49952029,105,16,43
6,49952111,150,67,28
6,49952207,12,2,278
6,49952956,6,0,427
6,49953116,102,79,177
6,49953179,11,0,305
6,49953191,14,0,211
6,49953288,113,36,26
6,49953495,740,329,1
6,49953509,14,4,232
6,49953777,66,171,48
6,49954243,22,7,224
6,49954499,28,40,463
6,49954755,6,1,306
6,49954875,16,9,61
6,49955297,76,71,31
6,49955544,15,3,169
6,49955572,20,4,346
6,49955600,5,0,288
6,49956003,75,10,17
6,49956035,47,43,32
6,49956092,59,78,24
6,49956148,36,9,91
6,49956183,11,1,299
6,49956275,11,2,379
6,49956396,8,2,262
6,49956574,37,12,77
6,49956681,166,63,9
6,49956736,12,0,320
6,49956771,35,11,41
6,49957028,14,5,54
6,49957068,354,458,12
6,49957116,515,322,10
6,49957117,70,34,22
6,49957275,5,0,232
6,49957334,5,1,403
6,49957388,10,0,133
6,49957496,24,1,89
6,49957570,10,2,336
6,49957792,8,7,147
6,49957812,109,10,2
6,49957831,8,0,330
6,49957870,7,7,178
6,49958109,9,0,130
6,49958261,20,2,101
6,49958358,17,10,154
6,49958569,121,30,14
6,49958577,8,2,324
6,49958586,5,5,144
6,49958850,98,98,5
6,49958958,7,0,118
6,49959018,6,0,342
6,49959020,10,0,301
6,49959056,8,1,159
6,49959070,12,2,228
6,49959361,14,6,83
6,49959623,7,1,109
6,49959654,62,26,4
6,49959869,178,111,7
6,49960084,187,150,3
6,49960353,5,1,69
6,49960628,16,6,30
6,49960793,10,5,193
6,49960901,33,4,1
6,49961057,40,34,6
6,49961124,10,4,46
7,49905644,146,44,233
7,49906100,275,125,136
7,49906295,15,7,369
7,49906432,466,499,324
7,49906563,18,28,424
7,49906637,680,362,218
7,49907057,216,199,434
7,49907601,31,15,468
7,49907802,30,1,337
7,49908055,13,1,311
7,49908394,339,641,263
7,49908570,101,21,69
7,49908962,180,72,225
7,49909005,58,2,240
7,49909015,8,0,431
7,49909056,243,51,283
7,49909583,395,171,236
7,49909610,105,27,237
7,49909900,10,0,316
7,49909908,86,25,257
7,49909913,24,16,405
7,49910328,39,35,385
7,49910425,13,0,124
7,49910462,456,412,65
7,49910465,123,106,34
7,49910613,69,37,286
7,49911472,12,0,314
7,49911500,119,41,206
7,49911520,36,2,464
7,49911534,83,22,271
7,49911743,30,5,447
7,49911757,130,78,331
7,49911995,194,99,173
7,49912048,108,35,227
7,49912091,53,5,175
7,49912094,33,14,359
7,49912444,228,106,292
7,49912782,17,0,416
7,49912792,303,59,249
7,49912955,253,98,275
7,49913106,44,4,120
7,49913192,249,129,255
7,49913255,126,51,401
7,49913331,20,0,488
7,49913350,192,11,295
7,49913364,121,91,375
7,49913458,120,104,432
7,49913571,1698,1185,107
7,49913604,54,11,288
7,49913724,17,2,387
7,49913731,94,16,420
7,49913886,20,1,386
7,49913975,99,47,370
7,49914005,15,7,418
7,49914236,111,61,443
7,49914516,29,1,484
7,49914657,41,3,326
7,49914804,9,0,500
7,49915060,58,18,346
7,49915082,306,162,248
7,49915119,31,2,335
7,49915126,274,111,253
7,49915888,4,0,495
7,49916007,22,15,266
7,49916550,12,1,29
7,49916753,62,10,37
7,49916865,12,1,428
7,49916997,33,17,361
7,49917039,3,3,485
7,49917102,31,1,491
7,49917536,287,257,24
7,49917900,5,0,480
7,49918147,25,9,494
7,49918161,89,195,278
7,49918480,14,0,244
7,49919333,6,0,471
7,49919676,166,156,81
7,49919910,189,111,146
7,49920090,6,0,407
7,49920160,628,177,172
7,49920173,3,0,467
7,49920234,411,378,238
7,49920329,4,0,433
7,49920332,20,0,9
7,49920582,6,0,463
7,49920650,36,34,474
7,49920785,3,1,461
7,49920804,3,0,460
7,49920896,278,170,140
7,49920932,394,440,221
7,49921050,210,160,310
7,49921051,90,65,450
7,49921254,3,0,459
7,49921798,213,62,128
7,49921825,54,28,165
7,49921834,15,0,251
7,49921923,290,112,131
7,49922074,53,105,94
7,49922075,34,6,417
7,49922155,12,8,393
7,49922212,92,31,267
7,49922278,286,225,262
7,49922437,176,51,147
7,49922515,158,49,184
7,49922568,129,514,178
7,49922569,266,291,182
7,49922594,59,6,224
7,49922674,287,67,214
7,49922729,187,106,294
7,49922736,82,28,260
7,49922772,5,1,455
7,49923056,213,143,293
7,49923125,7,0,20
7,49923466,394,116,111
7,49923602,41,13,112
7,49923638,88,7,228
7,49923692,636,217,139
7,49923873,272,64,77
7,49923944,25,0,325
7,49924121,19,1,216
7,49924179,568,536,180
7,49924275,66,10,333
7,49924301,8,1,425
7,49924385,36,11,410
7,49924543,37,11,342
7,49924570,17,17,498
7,49924618,202,271,129
7,49924726,4,1,422
7,49924795,20,0,252
7,49924943,49,9,284
7,49925036,126,49,208
7,49925184,669,169,103
7,49925261,52,79,268
7,49925602,128,76,163
7,49925606,20,0,469
7,49925653,57,38,205
7,49925742,124,21,179
7,49925812,87,70,235
7,49925969,505,72,207
7,49925974,436,97,122
7,49926069,1681,601,200
7,49926185,31,15,291
7,49926189,12,0,496
7,49926411,368,183,117
7,49926512,149,76,199
7,49926536,404,177,194
7,49926581,18,7,367
7,49926609,59,5,153
7,49926628,262,234,125
7,49926641,15,1,477
7,49926691,11,12,334
7,49926726,62,49,421
7,49926773,104,19,171
7,49926792,23,1,317
7,49926917,226,79,226
7,49926986,13,2,345
7,49927100,235,193,305
7,49927212,166,48,162
7,49927295,32,9,168
7,49927514,36,5,118
7,49927587,41,28,269
7,49927652,8,6,408
7,49927682,12,2,406
7,49927686,15,6,383
7,49927747,348,340,161
7,49927754,800,403,84
7,49927760,578,128,167
7,49927844,27,5,321
7,49927854,32,15,210
7,49927872,32,9,256
7,49927981,11,8,403
7,49928011,10,5,353
7,49928054,35,72,389
7,49928099,14,0,470
7,49928118,18,3,348
7,49928121,575,407,134
7,49928148,35,14,309
7,49928152,78,19,245
7,49928192,220,34,89
7,49928196,44,2,109
7,49928215,98,8,143
7,49928218,61,2,356
7,49928361,172,36,71
7,49928550,17,1,454
7,49928565,5,1,402
7,49928566,383,113,141
7,49928740,14,6,373
7,49928862,16,1,302
7,49928873,6,0,400
7,49928904,12,2,497
7,49928963,137,121,280
7,49929113,255,366,379
7,49929278,12,7,492
7,49929312,39,6,132
7,49929381,21,1,274
7,49929391,336,128,142
7,49929461,5,2,360
7,49929489,413,222,148
7,49929925,23,2,296
7,49930027,22,7,444
7,49930047,307,83,97
7,49930061,18,6,466
7,49930225,3,0,427
7,49930364,19,3,462
7,49930439,189,26,22
7,49930872,15,3,298
7,49931031,151,50,137
7,49931067,4,0,423
7,49931195,34,7,231
7,49931596,16,6,453
7,49931725,33,14,185
7,49931993,90,29,92
7,49932079,89,50,156
7,49932141,3,0,412
7,49932147,402,82,114
7,49932191,80,76,135
7,49932236,118,32,7
7,49932340,95,20,126
7,49932350,14,7,68
7,49932362,5,0,409
7,49932402,255,261,159
7,49932509,33,9,196
7,49932610,84,66,349
7,49932694,24,4,273
7,49932911,88,18,123
7,49933035,4,0,376
7,49933069,15,4,98
7,49933230,172,59,187
7,49933235,310,186,204
7,49933251,76,59,392
7,49933288,13,3,313
7,49933381,26,3,322
7,49933461,184,78,40
7,49933476,31,8,14
7,49933587,35,0,212
7,49933740,286,148,154
7,49933755,10,5,82
7,49933810,10,3,308
7,49933869,267,203,138
7,49934012,23,3,297
7,49934078,89,42,26
7,49934084,8,0,397
7,49934125,24,7,340
7,49934228,212,108,499
7,49934261,60,12,108
7,49934351,10,1,215
7,49934399,53,22,282
7,49934511,114,89,489
7,49934569,50,23,374
7,49934620,228,180,181
7,49934631,46,28,398
7,49934784,218,117,195
7,49935038,80,45,45
7,49935097,73,10,91
7,49935250,31,11,64
7,49935300,9,1,490
7,49935751,110,26,247
7,49935797,44,11,193
7,49935867,229,173,388
7,49935872,25,1,258
7,49936017,76,12,59
7,49936094,5,1,371
7,49936105,8,0,330
7,49936398,23,4,281
7,49936499,41,5,209
7,49936575,359,102,145
7,49936641,33,11,358
7,49936671,51,18,189
7,49936717,7,1,481
7,49936725,100,37,265
7,49936909,42,36,332
7,49936952,6,1,368
7,49936964,37,16,202
7,49937035,9,0,442
7,49937120,6,0,479
7,49937146,80,16,133
7,49937193,11,5,343
7,49937239,20,8,404
7,49937276,562,337,110
7,49937304,115,47,80
7,49937352,10,1,366
7,49937387,35,38,365
7,49937388,11,0,364
7,49937504,250,110,96
7,49937510,11,5,362
7,49937540,222,131,90
7,49937571,23,6,264
7,49937631,309,219,169
7,49937718,142,102,318
7,49937916,154,50,119
7,49937995,16,8,429
7,49938047,131,117,220
7,49938270,3,0,382
7,49938271,9,1,439
7,49938306,107,151,190
7,49938326,42,1,102
7,49938399,149,30,73
7,49938412,5,0,307
7,49938443,17,1,449
7,49938477,148,42,259
7,49938521,267,208,338
7,49938616,164,109,192
7,49938748,13,3,339
7,49938783,26,3,230
7,49938815,51,7,306
7,49938916,3,3,380
7,49939265,24,0,396
7,49939300,6,0,465
7,49939308,35,8,21
7,49939513,21,6,243
7,49939637,62,13,49
7,49939788,54,6,323
7,49939814,12,1,391
7,49939963,8,0,458
7,49940044,34,10,16
7,49940152,50,11,150
7,49940201,11,0,440
7,49940219,211,78,234
7,49940233,33,3,197
7,49940267,17,1,290
7,49940277,7,0,486
7,49940309,7,0,351
7,49940317,18,6,272
7,49940394,457,136,104
7,49940467,47,27,270
7,49940482,70,33,70
7,49940505,67,73,473
7,49940517,7,1,483
7,49940539,9,0,438
7,49940736,15,3,301
7,49940826,9,0,451
7,49940866,7,4,478
7,49940877,81,16,106
7,49940955,13,30,419
7,49941091,203,95,160
7,49941114,513,126,121
7,49941447,186,116,130
7,49941572,26,22,211
7,49941641,69,28,93
7,49941764,26,4,144
7,49942008,10,7,399
7,49942103,92,53,74
7,49942130,110,76,42
7,49942208,6,4,441
7,49942429,37,2,151
7,49942434,76,64,289
7,49942706,666,327,72
7,49942818,74,94,277
7,49942939,41,15,445
7,49943066,7,0,482
7,49943451,152,166,304
7,49943637,124,20,8
7,49943685,40,21,18
7,49943699,15,5,394
7,49943862,8,5,437
7,49943964,6,0,436
7,49944127,75,60,413
7,49944227,471,786,79
7,49944369,38,6,116
7,49944899,8,0,384
7,49944912,201,77,62
7,49945030,11,0,457
7,49945156,3,2,456
7,49945193,6,0,327
7,49945323,165,155,63
7,49945352,48,40,191
7,49945618,9,0,395
7,49945630,13,1,426
7,49945838,15,4,352
7,49945860,5,0,452
7,49945904,1,0,76
7,49945933,362,256,60
7,49945978,7,0,279
7,49945985,8,1,390
7,49946016,6,1,448
7,49946076,75,54,201
7,49946148,69,49,17
7,49946228,399,749,61
7,49946303,9,0,414
7,49946321,116,166,157
7,49946355,324,191,38
7,49946393,358,87,75
7,49946394,6,2,446
7,49946403,228,265,152
7,49946526,137,185,52
7,49946567,233,156,174
7,49946576,31,2,347
7,49946622,6,0,411
7,49946707,58,7,78
7,49946827,62,34,229
7,49946845,69,10,101
7,49946895,472,98,56
7,49946917,11,0,476
7,49947051,217,199,50
7,49947176,60,8,219
7,49947472,144,81,36
7,49947527,9,2,378
7,49947559,5,2,377
7,49947565,70,66,19
7,49947631,236,111,47
7,49947799,20,1,329
7,49947816,6,0,300
7,49948161,12,1,350
7,49948254,483,267,127
7,49948300,61,7,4
7,49948438,98,19,487
7,49948615,11,0,372
7,49948738,23,7,113
7,49948770,13,2,66
7,49949235,605,301,53
7,49949438,861,184,12
7,49949457,5,0,435
7,49949496,11,7,363
7,49949588,154,91,55
7,49949914,6,0,203
7,49949946,4,0,261
7,49949990,16,0,287
7,49950052,159,411,86
7,49950108,9,9,357
7,49950197,7,0,493
7,49950226,12,3,475
7,49950288,20,19,241
7,49950554,296,310,31
7,49950653,3,1,246
7,49950771,4,1,242
7,49950818,13,6,83
7,49950938,11,2,320
7,49951139,73,28,170
7,49951218,136,32,41
7,49951615,4,0,222
7,49951641,60,46,48
7,49951881,167,192,85
7,49951891,80,26,23
7,49951966,29,55,213
7,49952029,106,16,46
7,49952111,151,67,33
7,49952207,12,2,285
7,49952956,6,0,430
7,49953116,102,79,188
7,49953179,11,0,312
7,49953191,14,0,217
7,49953288,117,36,25
7,49953495,757,339,1
7,49953509,14,4,239
7,49953777,67,181,54
7,49954243,22,7,232
7,49954499,28,40,472
7,49954755,6,1,315
7,49954875,16,9,67
7,49955297,79,72,30
7,49955544,15,3,183
7,49955572,20,4,355
7,49955600,5,0,299
7,49956003,76,10,28
7,49956035,48,43,35
7,49956092,67,96,39
7,49956148,36,9,100
7,49956183,11,1,303
7,49956275,11,2,381
7,49956396,8,2,276
7,49956574,37,12,88
7,49956681,183,66,6
7,49956736,12,0,328
7,49956771,35,12,43
7,49957028,14,7,58
7,49957068,363,469,13
7,49957116,530,344,11
7,49957117,70,36,32
7,49957275,5,0,250
7,49957334,5,1,415
7,49957388,10,0,164
7,49957496,24,1,99
7,49957570,10,2,344
7,49957792,8,7,176
7,49957812,116,14,2
7,49957831,8,0,341
7,49957870,7,7,198
7,49958109,9,0,166
7,49958261,20,2,115
7,49958358,17,10,186
7,49958569,125,31,15
7,49958577,8,2,336
7,49958586,5,5,177
7,49958850,99,112,51
7,49958958,7,0,158
7,49959018,6,0,354
7,49959020,11,0,319
7,49959056,9,1,149
7,49959070,13,2,254
7,49959361,14,6,95
7,49959623,7,1,155
7,49959654,78,45,3
7,49959869,182,132,10
7,49960084,197,167,27
7,49960353,5,1,105
7,49960628,16,6,87
7,49960793,10,5,223
7,49960901,44,15,5
7,49961057,58,53,57
7,49961124,15,4,44
8,49905644,146,44,231
8,49906100,275,125,135
8,49906295,15,7,368
8,49906432,466,499,322
8,49906563,18,28,421
8,49906637,681,362,216
8,49907057,216,199,433
8,49907601,31,15,467
8,49907802,30,1,335
8,49908055,13,1,18
8,49908394,339,641,261
8,49908570,102,21,67
8,49908962,180,72,223
8,49909005,58,2,238
8,49909015,8,0,429
8,49909056,243,51,282
8,49909583,395,171,235
8,49909610,105,27,236
8,49909900,10,0,314
8,49909908,86,25,254
8,49909913,24,16,403
8,49910328,39,35,382
8,49910425,13,0,124
8,49910462,456,413,65
8,49910465,126,107,34
8,49910613,69,37,284
8,49911472,12,0,312
8,49911500,119,41,204
8,49911520,36,2,463
8,49911534,83,22,269
8,49911743,30,5,446
8,49911757,130,78,327
8,49911995,194,99,166
8,49912048,108,35,224
8,49912091,53,5,171
8,49912094,33,14,355
8,49912444,228,106,287
8,49912782,17,0,414
8,49912792,303,59,246
8,49912955,253,98,274
8,49913106,44,4,118
8,49913192,249,129,253
8,49913255,126,51,397
8,49913331,20,0,485
8,49913350,192,11,294
8,49913364,121,91,374
8,49913458,120,104,431
8,49913571,1698,1186,106
8,49913604,54,11,285
8,49913724,17,2,386
8,49913731,94,16,418
8,49913886,20,1,385
8,49913975,99,47,369
8,49914005,15,7,415
8,49914236,111,61,441
8,49914403,6,1,500
8,49914516,29,1,482
8,49914657,41,3,325
8,49914804,9,0,498
8,49915060,58,18,342
8,49915082,306,162,245
8,49915119,31,2,334
8,49915126,274,111,251
8,49915888,4,0,493
8,49916007,22,15,267
8,49916550,14,1,33
8,49916753,63,10,37
8,49916865,12,1,427
8,49916997,33,17,359
8,49917039,3,3,484
8,49917102,31,1,489
8,49917536,296,260,23
8,49917900,5,0,477
8,49918147,25,9,492
8,49918161,89,195,275
8,49918480,14,0,243
8,49919333,6,0,470
8,49919676,166,156,81
8,49919910,189,111,145
8,49920090,6,0,406
8,49920160,628,177,168
8,49920173,3,0,465
8,49920234,411,378,237
8,49920329,4,0,432
8,49920332,30,2,6
8,49920582,6,0,462
8,49920650,36,34,472
8,49920785,3,1,460
8,49920804,3,0,459
8,49920896,278,170,138
8,49920932,394,440,220
8,49921050,210,160,309
8,49921051,90,65,448
8,49921254,3,0,457
8,49921798,213,62,127
8,49921825,54,28,163
8,49921834,15,0,249
8,49921923,290,112,129
8,49922074,53,105,93
8,49922075,34,6,415
8,49922155,12,8,392
8,49922212,92,31,264
8,49922278,286,226,260
8,49922437,176,51,146
8,49922515,158,49,181
8,49922568,129,514,174
8,49922569,266,293,179
8,49922594,59,6,222
8,49922674,287,67,212
8,49922729,187,106,293
8,49922736,82,28,256
8,49922772,5,1,454
8,49923056,213,143,292
8,49923125,11,0,24
8,49923466,394,116,111
8,49923602,41,13,112
8,49923638,88,7,226
8,49923692,636,217,137
8,49923873,273,64,77
8,49923944,25,0,324
8,49924121,19,1,214
8,49924179,568,536,177
8,49924275,66,10,330
8,49924301,8,1,424
8,49924385,36,11,409
8,49924543,37,11,339
8,49924570,17,17,497
8,49924618,202,271,128
8,49924726,4,1,420
8,49924795,21,0,240
8,49924943,49,9,283
8,49925036,126,49,206
8,49925184,669,169,101
8,49925261,52,79,265
8,49925602,128,76,160
8,49925606,20,0,468
8,49925653,57,38,202
8,49925742,124,21,176
8,49925812,87,70,233
8,49925969,505,72,205
8,49925974,436,97,120
8,49926069,1683,601,198
8,49926185,31,15,288
8,49926189,12,0,495
8,49926411,368,183,114
8,49926512,149,76,196
8,49926536,406,177,193
8,49926581,18,7,366
8,49926609,59,5,151
8,49926628,262,234,123
8,49926641,15,1,474
8,49926691,11,12,333
8,49926726,62,49,419
8,49926773,104,19,167
8,49926792,23,1,314
8,49926917,226,79,225
8,49926986,13,2,343
8,49927100,235,193,302
8,49927212,166,48,159
8,49927295,32,9,164
8,49927514,36,5,116
8,49927587,41,28,268
8,49927652,8,6,407
8,49927682,12,2,405
8,49927686,15,6,381
8,49927747,348,340,158
8,49927754,800,403,82
8,49927760,580,128,162
8,49927844,27,5,318
8,49927854,32,15,209
8,49927872,32,9,255
8,49927981,11,8,402
8,49928011,10,5,350
8,49928054,35,72,388
8,49928099,14,0,469
8,49928118,18,3,344
8,49928121,576,407,133
8,49928148,35,14,305
8,49928152,78,19,242
8,49928192,221,34,85
8,49928196,44,2,109
8,49928215,98,8,142
8,49928218,61,2,353
8,49928361,172,36,70
8,49928550,17,1,453
8,49928565,5,1,401
8,49928566,383,113,140
8,49928740,14,6,371
8,49928862,16,1,301
8,49928873,6,0,398
8,49928904,12,2,496
8,49928963,137,121,277
8,49929113,255,366,378
8,49929278,12,7,491
8,49929312,39,6,132
8,49929381,21,1,273
8,49929391,336,128,141
8,49929461,5,2,357
8,49929489,413,222,147
8,49929925,23,2,295
8,49930027,22,7,443
8,49930047,307,83,95
8,49930061,18,6,466
8,49930225,3,0,426
8,49930364,19,3,461
8,49930439,195,28,20
8,49930872,15,3,297
8,49931031,151,50,136
8,49931067,4,0,423
8,49931195,34,7,229
8,49931596,16,6,452
8,49931725,33,14,183
8,49931993,90,29,91
8,49932079,89,50,153
8,49932141,3,0,410
8,49932147,402,82,113
8,49932191,80,76,134
8,49932236,127,40,7
8,49932340,95,20,125
8,49932350,15,7,69
8,49932362,5,0,408
8,49932402,255,261,156
8,49932509,33,9,195
8,49932610,84,66,348
8,49932694,24,4,272
8,49932911,88,18,122
8,49933035,4,0,375
8,49933069,15,4,96
8,49933230,172,59,184
8,49933235,310,186,200
8,49933251,76,59,390
8,49933288,13,3,311
8,49933381,26,3,319
8,49933461,186,78,41
8,49933476,52,12,14
8,49933587,35,0,211
8,49933740,287,148,152
8,49933755,10,5,83
8,49933810,10,3,307
8,49933869,267,203,139
8,49934012,23,3,296
8,49934078,90,43,30
8,49934084,8,0,396
8,49934125,24,7,338
8,49934228,212,108,499
8,49934261,60,12,107
8,49934351,10,1,215
8,49934399,53,22,281
8,49934511,114,89,487
8,49934569,50,23,372
8,49934620,228,180,181
8,49934631,46,28,397
8,49934784,218,117,194
8,49935038,80,45,44
8,49935097,73,10,90
8,49935250,31,12,64
8,49935300,9,1,488
8,49935751,110,26,245
8,49935797,44,11,192
8,49935867,229,173,387
8,49935872,25,1,257
8,49936017,76,13,60
8,49936094,5,1,370
8,49936105,8,0,328
8,49936398,23,4,280
8,49936499,41,5,208
8,49936575,359,102,143
8,49936641,33,11,356
8,49936671,51,18,186
8,49936717,7,1,480
8,49936725,100,37,265
8,49936909,42,36,329
8,49936952,6,1,367
8,49936964,37,16,200
8,49937035,9,0,441
8,49937120,6,0,475
8,49937146,80,16,131
8,49937193,11,5,341
8,49937239,20,8,404
8,49937276,563,337,110
8,49937304,115,47,80
8,49937352,10,1,364
8,49937387,35,38,363
8,49937388,11,0,362
8,49937504,250,110,94
8,49937510,11,5,361
8,49937540,222,131,89
8,49937571,23,6,263
8,49937631,309,219,165
8,49937718,142,102,316
8,49937916,154,50,117
8,49937995,16,8,428
8,49938047,131,117,217
8,49938270,3,0,380
8,49938271,9,1,436
8,49938306,107,151,187
8,49938326,42,1,102
8,49938399,150,30,74
8,49938412,5,0,308
8,49938443,17,1,447
8,49938477,148,42,258
8,49938521,267,208,336
8,49938616,164,109,191
8,49938748,13,3,337
8,49938783,26,3,227
8,49938815,51,7,304
8,49938916,3,3,379
8,49939265,24,0,395
8,49939300,6,0,464
8,49939308,38,11,21
8,49939513,21,6,241
8,49939637,62,13,49
8,49939788,54,6,321
8,49939814,12,1,389
8,49939963,8,0,457
8,49940044,41,11,15
8,49940152,50,11,148
8,49940201,11,0,439
8,49940219,211,78,232
8,49940233,33,3,196
8,49940267,17,1,291
8,49940277,7,0,486
8,49940309,7,0,349
8,49940317,18,6,271
8,49940394,458,136,103
8,49940467,47,27,270
8,49940482,70,34,72
8,49940505,67,73,473
8,49940517,7,1,483
8,49940539,9,0,437
8,49940736,15,3,300
8,49940826,9,0,450
8,49940866,7,4,476
8,49940877,81,16,105
8,49940955,13,30,417
8,49941091,203,95,157
8,49941114,514,126,119
8,49941447,187,116,130
8,49941572,26,22,210
8,49941641,69,28,92
8,49941764,26,4,144
8,49942008,10,7,399
8,49942103,92,53,75
8,49942130,110,76,42
8,49942208,6,4,440
8,49942429,37,2,149
8,49942434,76,64,288
8,49942706,669,327,72
8,49942818,74,94,276
8,49942939,41,15,444
8,49943066,7,0,481
8,49943451,153,167,303
8,49943637,131,20,8
8,49943685,41,22,19
8,49943699,15,5,393
8,49943862,8,5,436
8,49943964,6,0,434
8,49944127,76,60,412
8,49944227,473,790,79
8,49944369,38,6,115
8,49944899,8,0,383
8,49944912,202,77,62
8,49945030,11,0,456
8,49945156,3,2,455
8,49945193,6,0,326
8,49945323,165,155,63
8,49945352,48,40,190
8,49945618,9,0,394
8,49945630,13,1,425
8,49945838,15,4,351
8,49945860,5,0,451
8,49945904,1,0,71
8,49945933,363,257,58
8,49945978,7,0,278
8,49945985,8,1,390
8,49946016,6,1,449
8,49946076,75,54,199
8,49946148,74,52,16
8,49946228,399,754,61
8,49946303,9,0,413
8,49946321,116,166,154
8,49946355,325,192,38
8,49946393,358,87,76
8,49946394,6,2,445
8,49946403,229,265,150
8,49946526,138,186,51
8,49946567,234,156,170
8,49946576,31,2,345
8,49946622,6,0,411
8,49946707,59,7,78
8,49946827,62,34,228
8,49946845,69,10,100
8,49946895,472,98,56
8,49946917,11,0,477
8,49947051,217,200,50
8,49947176,60,8,218
8,49947472,145,81,35
8,49947527,9,2,377
8,49947559,5,2,376
8,49947565,72,68,18
8,49947631,236,111,46
8,49947799,20,1,329
8,49947816,6,0,298
8,49948161,12,1,351
8,49948254,483,267,126
8,49948300,88,10,3
8,49948438,98,19,489
8,49948615,11,0,373
8,49948738,24,7,99
8,49948770,13,2,66
8,49949235,606,302,53
8,49949438,866,187,12
8,49949457,5,0,435
8,49949496,11,7,365
8,49949588,156,91,55
8,49949914,6,0,204
8,49949946,4,0,262
8,49949990,16,0,287
8,49950052,159,413,86
8,49950108,9,9,356
8,49950197,7,0,494
8,49950226,12,3,478
8,49950288,20,19,240
8,49950554,296,312,28
8,49950653,3,1,248
8,49950771,4,1,244
8,49950818,13,6,84
8,49950938,11,2,320
8,49951139,73,28,172
8,49951218,136,32,40
8,49951615,4,0,221
8,49951641,61,47,48
8,49951881,167,193,85
8,49951891,82,29,22
8,49951966,29,56,213
8,49952029,106,16,45
8,49952111,151,67,31
8,49952207,12,2,286
8,49952956,6,0,430
8,49953116,102,83,188
8,49953179,11,0,313
8,49953191,14,0,219
8,49953288,119,38,25
8,49953495,786,352,1
8,49953509,14,4,239
8,49953777,70,191,54
8,49954243,22,7,233
8,49954499,28,40,471
8,49954755,6,1,316
8,49954875,16,9,67
8,49955297,82,79,29
8,49955544,15,3,185
8,49955572,20,4,354
8,49955600,5,0,299
8,49956003,80,10,26
8,49956035,48,45,36
8,49956092,71,105,39
8,49956148,36,9,101
8,49956183,11,1,305
8,49956275,11,2,384
8,49956396,8,2,279
8,49956574,38,12,88
8,49956681,209,70,4
8,49956736,13,0,331
8,49956771,36,12,43
8,49957028,15,7,57
8,49957068,379,488,13
8,49957116,555,372,10
8,49957117,71,37,32
8,49957275,5,0,252
8,49957334,5,1,421
8,49957388,10,0,168
8,49957496,24,1,98
8,49957570,10,2,346
8,49957792,8,7,178
8,49957812,128,14,2
8,49957831,8,0,341
8,49957870,7,7,203
8,49958109,9,0,171
8,49958261,21,2,120
8,49958358,17,10,189
8,49958569,134,31,17
8,49958577,8,2,340
8,49958586,5,5,180
8,49958850,100,114,52
8,49958958,7,0,162
8,49959018,6,0,355
8,49959020,11,0,322
8,49959056,9,1,155
8,49959070,13,2,259
8,49959361,15,6,97
8,49959623,7,1,161
8,49959654,90,71,6
8,49959869,188,157,11
8,49960084,209,186,27
8,49960353,5,1,108
8,49960793,10,5,230
8,49960901,54,22,5
8,49961057,66,58,59
8,49961124,16,5,47
8,49961861,23,13,1
8,49961890,19,8,4
9,49905644,146,44,233
9,49906100,276,126,133
9,49906295,15,7,368
9,49906432,466,499,322
9,49906563,18,29,420
9,49906637,681,362,215
9,49907057,216,199,435
9,49907601,31,15,468
9,49907802,30,1,335
9,49908055,17,1,20
9,49908394,339,641,261
9,49908570,103,21,67
9,49908962,180,72,225
9,49909005,58,2,239
9,49909015,8,0,430
9,49909056,243,51,278
9,49909583,395,171,235
9,49909610,105,27,236
9,49909900,10,0,316
9,49909908,86,25,255
9,49909913,24,16,404
9,49910328,39,35,382
9,49910425,13,0,127
9,49910462,458,416,66
9,49910465,126,110,34
9,49910613,69,37,281
9,49911472,12,0,314
9,49911500,119,42,204
9,49911520,36,2,464
9,49911534,83,22,266
9,49911743,30,5,447
9,49911757,130,78,327
9,49911995,194,99,166
9,49912048,108,35,226
9,49912091,53,5,172
9,49912094,33,14,355
9,49912444,229,106,286
9,49912782,17,0,413
9,49912792,303,59,245
9,49912955,253,98,273
9,49913106,44,4,125
9,49913192,249,129,254
9,49913255,126,51,398
9,49913331,20,0,483
9,49913350,192,11,294
9,49913364,121,91,376
9,49913458,120,104,432
9,49913571,1698,1186,106
9,49913604,54,11,284
9,49913724,17,2,386
9,49913731,94,16,418
9,49913886,20,1,385
9,49913975,99,47,369
9,49914005,15,7,414
9,49914236,111,61,442
9,49914403,6,1,499
9,49914516,29,1,481
9,49914657,41,3,324
9,49914804,9,0,497
9,49915060,58,18,343
9,49915082,306,162,244
9,49915119,31,2,334
9,49915126,274,111,250
9,49915888,4,0,493
9,49916007,23,15,268
9,49916550,15,1,42
9,49916753,63,10,39
9,49916865,12,1,427
9,49916997,33,17,357
9,49917039,3,3,482
9,49917102,31,1,486
9,49917536,310,266,21
9,49917900,5,0,477
9,49918147,25,9,491
9,49918161,89,195,276
9,49918480,14,0,245
9,49919333,6,0,472
9,49919676,166,156,82
9,49919910,189,111,148
9,49920090,6,0,406
9,49920160,628,177,168
9,49920173,3,0,466
9,49920234,411,378,238
9,49920329,4,0,433
9,49920332,35,9,6
9,49920582,6,0,463
9,49920650,36,34,473
9,49920785,6,1,12
9,49920804,3,0,460
9,49920896,278,170,138
9,49920932,394,440,220
9,49921050,210,160,309
9,49921051,90,65,449
9,49921254,3,0,457
9,49921798,213,62,128
9,49921825,54,28,165
9,49921834,15,0,252
9,49921923,290,112,130
9,49922074,53,105,98
9,49922075,34,6,416
9,49922155,12,8,392
9,49922212,92,31,262
9,49922278,287,226,260
9,49922437,176,51,149
9,49922515,158,49,179
9,49922568,129,518,174
9,49922569,266,294,178
9,49922594,59,6,224
9,49922674,287,67,212
9,49922729,187,106,293
9,49922736,82,28,257
9,49922772,5,1,456
9,49923056,213,143,291
9,49923125,14,0,29
9,49923466,394,116,113
9,49923602,41,13,115
9,49923638,88,7,228
9,49923692,636,217,139
9,49923873,273,64,79
9,49923944,25,0,325
9,49924121,19,1,216
9,49924179,568,536,177
9,49924275,67,10,331
9,49924301,8,1,425
9,49924385,36,11,411
9,49924543,37,11,340
9,49924570,17,17,498
9,49924618,202,271,129
9,49924726,4,1,422
9,49924795,21,0,240
9,49924943,49,9,285
9,49925036,126,49,206
9,49925184,670,169,102
9,49925261,52,79,263
9,49925602,128,76,163
9,49925606,20,0,470
9,49925653,57,38,203
9,49925742,124,21,175
9,49925812,87,70,234
9,49925969,505,72,205
9,49925974,436,97,120
9,49926069,1683,601,198
9,49926185,31,15,287
9,49926189,12,0,494
9,49926411,368,183,117
9,49926512,149,76,196
9,49926536,407,179,188
9,49926581,18,7,363
9,49926609,59,5,153
9,49926628,262,235,123
9,49926641,15,1,475
9,49926691,11,12,333
9,49926726,62,49,420
9,49926773,104,19,167
9,49926792,23,1,315
9,49926917,226,79,227
9,49926986,13,2,344
9,49927100,235,193,305
9,49927212,166,48,160
9,49927295,32,9,170
9,49927514,36,5,123
9,49927587,41,28,267
9,49927652,8,6,408
9,49927682,12,2,407
9,49927686,15,6,382
9,49927747,348,340,162
9,49927754,800,403,84
9,49927760,581,128,164
9,49927844,27,5,318
9,49927854,32,15,210
9,49927872,32,9,256
9,49927981,11,8,405
9,49928011,10,5,348
9,49928054,35,72,389
9,49928099,14,0,471
9,49928118,18,3,345
9,49928121,576,408,134
9,49928148,35,14,306
9,49928152,78,19,241
9,49928192,221,34,85
9,49928196,44,2,112
9,49928215,99,8,143
9,49928218,61,2,352
9,49928361,172,36,70
9,49928550,17,1,455
9,49928565,5,1,403
9,49928566,383,113,142
9,49928740,14,6,373
9,49928862,16,1,303
9,49928873,6,0,399
9,49928904,12,2,496
9,49928963,137,121,277
9,49929113,255,368,379
9,49929278,12,7,492
9,49929312,40,6,142
9,49929381,21,1,272
9,49929391,336,128,144
9,49929461,5,2,358
9,49929489,413,222,150
9,49929925,23,2,295
9,49930027,22,7,445
9,49930047,308,83,94
9,49930061,18,6,467
9,49930225,3,0,428
9,49930364,19,3,464
9,49930439,199,29,22
9,49930872,15,3,299
9,49931031,151,50,137
9,49931067,4,0,424
9,49931195,34,7,231
9,49931596,16,6,453
9,49931725,33,14,182
9,49931993,90,30,90
9,49932079,89,50,157
9,49932141,3,0,412
9,49932147,402,82,116
9,49932191,80,76,138
9,49932236,140,49,8
9,49932340,95,20,126
9,49932350,15,7,76
9,49932362,5,0,410
9,49932402,255,261,158
9,49932509,33,9,199
9,49932610,85,66,342
9,49932694,24,4,271
9,49932911,88,18,122
9,49933035,4,0,377
9,49933069,15,4,100
9,49933230,172,59,183
9,49933235,311,186,201
9,49933251,76,59,390
9,49933288,13,3,311
9,49933381,26,3,320
9,49933461,190,78,43
9,49933476,64,15,14
9,49933587,35,0,213
9,49933740,287,149,155
9,49933755,10,5,90
9,49933810,10,3,308
9,49933869,267,203,141
9,49934012,23,3,297
9,49934078,91,43,35
9,49934084,8,0,400
9,49934125,24,7,339
9,49934228,212,108,500
9,49934261,60,12,111
9,49934351,10,1,222
9,49934399,53,22,282
9,49934511,114,89,488
9,49934569,50,23,374
9,49934620,228,180,180
9,49934631,46,28,401
9,49934784,218,117,193
9,49935038,80,45,48
9,49935097,73,10,94
9,49935250,31,12,68
9,49935300,9,1,489
9,49935751,110,26,247
9,49935797,44,11,191
9,49935867,229,173,388
9,49935872,25,1,258
9,49936017,76,13,61
9,49936094,5,1,372
9,49936105,8,0,329
9,49936398,23,4,280
9,49936499,41,5,209
9,49936575,359,102,147
9,49936641,34,11,348
9,49936671,51,18,184
9,49936717,7,1,480
9,49936725,100,37,265
9,49936909,42,36,330
9,49936952,6,1,367
9,49936964,37,16,202
9,49937035,9,0,444
9,49937120,6,0,476
9,49937146,80,16,134
9,49937193,11,5,342
9,49937239,20,8,408
9,49937276,563,337,114
9,49937304,115,47,83
9,49937352,10,1,366
9,49937387,35,38,365
9,49937388,11,0,364
9,49937504,250,110,96
9,49937510,11,5,362
9,49937540,222,132,89
9,49937571,23,6,263
9,49937631,309,219,168
9,49937718,142,102,317
9,49937916,154,50,119
9,49937995,16,8,429
9,49938047,131,117,218
9,49938270,3,0,384
9,49938271,9,1,437
9,49938306,107,152,186
9,49938326,42,1,105
9,49938399,151,30,73
9,49938412,5,0,312
9,49938443,17,1,450
9,49938477,148,43,259
9,49938521,267,208,337
9,49938616,164,109,190
9,49938748,13,3,338
9,49938783,26,3,230
9,49938815,51,7,307
9,49938916,4,3,360
9,49939265,24,0,396
9,49939300,6,0,468
9,49939308,41,11,27
9,49939513,21,6,242
9,49939637,63,13,53
9,49939788,54,6,321
9,49939814,12,1,391
9,49939963,8,0,459
9,49940044,48,18,15
9,49940152,50,11,151
9,49940201,11,0,441
9,49940219,212,79,237
9,49940233,33,3,197
9,49940267,17,1,290
9,49940277,7,0,487
9,49940309,7,0,349
9,49940317,18,6,273
9,49940394,459,136,103
9,49940467,47,27,270
9,49940482,70,34,74
9,49940505,68,73,474
9,49940517,7,1,484
9,49940539,9,0,438
9,49940736,15,3,302
9,49940826,9,0,451
9,49940866,7,4,478
9,49940877,81,16,107
9,49940955,13,30,423
9,49941091,203,95,161
9,49941114,515,127,121
9,49941447,188,117,136
9,49941572,26,22,213
9,49941641,69,28,96
9,49941764,26,4,151
9,49942008,11,7,388
9,49942103,92,53,77
9,49942130,113,76,46
9,49942208,6,4,443
9,49942429,37,2,155
9,49942434,76,64,290
9,49942706,672,327,71
9,49942818,74,94,279
9,49942939,42,15,431
9,49943066,8,0,450
9,49943451,154,167,310
9,49943637,137,21,8
9,49943685,44,23,22
9,49943699,15,5,395
9,49943862,9,5,417
9,49943964,6,0,436
9,49944127,76,60,416
9,49944227,474,793,80
9,49944369,38,6,118
9,49944899,8,0,385
9,49944912,202,77,63
9,49945030,12,0,436
9,49945156,4,2,435
9,49945193,6,0,328
9,49945323,165,155,65
9,49945352,48,40,192
9,49945618,9,0,397
9,49945630,13,1,426
9,49945838,15,4,350
9,49945860,6,0,427
9,49945904,1,0,72
9,49945933,364,260,60
9,49945978,7,0,283
9,49945985,8,1,394
9,49946016,6,1,452
9,49946076,75,54,205
9,49946148,78,57,18
9,49946228,401,757,62
9,49946303,9,0,419
9,49946321,117,166,159
9,49946355,325,192,38
9,49946393,358,87,78
9,49946394,6,2,448
9,49946403,229,265,153
9,49946526,138,187,55
9,49946567,234,156,171
9,49946576,31,2,347
9,49946622,6,0,413
9,49946707,59,7,81
9,49946827,62,34,232
9,49946845,69,10,100
9,49946895,476,99,57
9,49946917,12,0,470
9,49947051,217,201,51
9,49947176,60,8,220
9,49947472,147,81,35
9,49947527,9,2,379
9,49947559,5,2,378
9,49947565,75,76,20
9,49947631,236,112,50
9,49947799,20,1,332
9,49947816,6,0,302
9,49948161,12,1,352
9,49948254,483,267,129
9,49948300,111,14,6
9,49948438,98,19,494
9,49948615,11,0,375
9,49948738,25,7,93
9,49948770,13,2,70
9,49949235,610,302,56
9,49949438,874,188,12
9,49949457,6,0,440
9,49949496,12,7,370
9,49949588,157,94,58
9,49949914,6,0,208
9,49949946,4,0,269
9,49949990,16,0,294
9,49950052,160,416,87
9,49950108,9,9,360
9,49950197,7,0,500
9,49950226,12,3,482
9,49950288,21,19,247
9,49950554,301,316,30
9,49950653,4,1,217
9,49950771,4,1,249
9,49950818,13,6,92
9,49950938,11,2,326
9,49951139,73,29,174
9,49951218,136,35,44
9,49951615,4,0,229
9,49951641,61,50,52
9,49951881,169,194,88
9,49951891,86,31,26
9,49951966,29,56,219
9,49952029,107,16,49
9,49952111,153,69,31
9,49952207,12,2,298
9,49952956,6,0,434
9,49953116,102,84,211
9,49953179,12,0,297
9,49953191,15,0,223
9,49953288,121,38,25
9,49953495,805,355,2
9,49953509,14,4,250
9,49953777,70,194,59
9,49954243,22,7,243
9,49954499,28,40,483
9,49954755,6,1,323
9,49954875,17,9,69
9,49955297,90,98,29
9,49955544,15,3,191
9,49955572,20,4,361
9,49955600,5,0,306
9,49956003,83,11,28
9,49956035,48,48,41
9,49956092,73,107,43
9,49956148,36,9,110
9,49956183,11,1,318
9,49956275,11,2,393
9,49956396,8,2,295
9,49956574,42,12,89
9,49956681,239,74,5
9,49956736,16,0,341
9,49956771,36,12,47
9,49957028,15,8,64
9,49957068,395,516,17
9,49957116,573,396,11
9,49957117,75,39,33
9,49957275,5,0,264
9,49957334,5,1,431
9,49957388,10,0,181
9,49957496,24,1,107
9,49957570,11,2,357
9,49957792,8,8,189
9,49957812,137,17,4
9,49957831,8,0,354
9,49957870,7,8,212
9,49958109,9,0,183
9,49958261,21,2,132
9,49958358,18,11,173
9,49958569,139,32,19
9,49958577,10,2,351
9,49958586,5,6,195
9,49958850,103,122,132
9,49958958,7,0,178
9,49959018,8,0,320
9,49959020,12,0,319
9,49959056,10,1,146
9,49959070,13,2,278
9,49959361,15,6,99
9,49959623,7,1,184
9,49959654,93,89,40
9,49959869,200,168,13
9,49960084,223,203,37
9,49960353,6,1,103
9,49960793,10,5,271
9,49960901,66,26,10
9,49961057,70,60,86
9,49961124,23,7,54
9,49961861,57,32,1
9,49961890,52,78,3
9,49962012,73,33,1
9,49962726,3,1,15
10,49905487,522,391,500
10,49905644,146,44,233
10,49906100,276,126,131
10,49906295,15,7,367
10,49906432,466,499,318
10,49906563,18,29,417
10,49906637,681,362,213
10,49907057,216,199,438
10,49907601,31,15,468
10,49907802,30,1,333
10,49908055,24,1,19
10,49908394,339,641,260
10,49908570,104,21,68
10,49908962,180,72,221
10,49909005,58,2,240
10,49909015,8,0,430
10,49909056,243,51,276
10,49909583,395,171,234
10,49909610,105,27,235
10,49909900,10,0,315
10,49909908,86,25,254
10,49909913,24,16,403
10,49910328,39,35,380
10,49910425,13,0,134
10,49910462,459,418,67
10,49910465,127,111,35
10,49910613,69,37,278
10,49911472,12,0,312
10,49911500,119,42,198
10,49911520,36,2,463
10,49911534,83,22,264
10,49911743,30,5,450
10,49911757,130,78,324
10,49911995,194,99,166
10,49912048,108,35,222
10,49912091,53,5,172
10,49912094,33,14,353
10,49912444,229,106,285
10,49912782,17,0,413
10,49912792,303,59,244
10,49912955,253,98,270
10,49913106,44,4,126
10,49913192,249,129,251
10,49913255,126,51,395
10,49913331,20,0,483
10,49913350,192,11,291
10,49913364,121,91,376
10,49913458,120,104,434
10,49913571,1699,1186,103
10,49913604,54,11,281
10,49913724,17,2,386
10,49913731,94,16,416
10,49913886,20,1,385
10,49913975,99,47,366
10,49914005,15,7,414
10,49914236,111,61,443
10,49914403,6,1,498
10,49914516,29,1,479
10,49914657,41,3,320
10,49914804,9,0,495
10,49915060,58,18,343
10,49915082,306,162,243
10,49915119,31,2,330
10,49915126,274,111,248
10,49915888,4,0,491
10,49916007,23,15,268
10,49916550,15,1,46
10,49916753,64,10,40
10,49916865,12,1,427
10,49916997,33,17,356
10,49917039,3,3,482
10,49917102,31,1,485
10,49917536,316,273,21
10,49917900,5,0,476
10,49918147,25,9,490
10,49918161,89,195,275
10,49918480,14,0,247
10,49919333,6,0,473
10,49919676,166,156,83
10,49919910,189,111,146
10,49920090,6,0,406
10,49920160,629,177,167
10,49920173,3,0,466
10,49920234,411,378,238
10,49920329,4,0,435
10,49920332,40,18,9
10,49920582,6,0,462
10,49920650,36,34,474
10,49920785,13,7,12
10,49920804,3,0,461
10,49920896,279,171,135
10,49920932,394,440,217
10,49921050,210,160,306
10,49921051,90,65,452
10,49921254,3,0,460
10,49921798,213,62,128
10,49921825,54,28,165
10,49921834,15,0,250
10,49921923,290,112,129
10,49922074,53,105,97
10,49922075,34,6,415
10,49922155,12,8,392
10,49922212,92,31,262
10,49922278,287,226,258
10,49922437,176,51,148
10,49922515,158,49,178
10,49922568,129,519,173
10,49922569,266,294,177
10,49922594,59,6,220
10,49922674,287,67,211
10,49922729,187,106,289
10,49922736,82,28,256
10,49922772,5,1,458
10,49923056,213,143,288
10,49923125,20,1,15
10,49923466,395,116,112
10,49923602,41,13,117
10,49923638,88,7,225
10,49923692,636,217,136
10,49923873,274,64,79
10,49923944,25,0,322
10,49924121,19,1,215
10,49924179,569,536,176
10,49924275,67,10,326
10,49924301,8,1,424
10,49924385,36,11,410
10,49924543,37,11,341
10,49924570,17,17,497
10,49924618,202,271,130
10,49924726,4,1,420
10,49924795,21,0,242
10,49924943,49,9,284
10,49925036,126,49,203
10,49925184,670,169,100
10,49925261,52,79,263
10,49925602,128,76,164
10,49925606,20,0,470
10,49925653,57,38,198
10,49925742,124,21,174
10,49925812,87,70,236
10,49925969,505,72,201
10,49925974,436,96,120
10,49926069,1683,601,194
10,49926185,31,15,287
10,49926189,12,0,493
10,49926411,368,184,118
10,49926512,149,76,191
10,49926536,407,179,186
10,49926581,18,7,360
10,49926609,59,5,151
10,49926628,262,235,121
10,49926641,15,1,475
10,49926691,11,12,331
10,49926726,62,49,419
10,49926773,104,19,168
10,49926792,23,1,312
10,49926917,226,79,226
10,49926986,13,2,345
10,49927100,235,193,303
10,49927212,166,48,158
10,49927295,32,9,171
10,49927514,36,5,127
10,49927587,41,28,266
10,49927652,8,6,408
10,49927682,12,2,407
10,49927686,15,6,382
10,49927747,348,340,160
10,49927754,801,403,85
10,49927760,581,128,163
10,49927844,27,5,317
10,49927854,32,15,207
10,49927872,32,9,257
10,49927981,11,8,404
10,49928011,10,5,347
10,49928054,35,72,389
10,49928099,14,0,472
10,49928118,18,3,346
10,49928121,576,408,133
10,49928148,35,14,305
10,49928152,78,19,241
10,49928192,222,35,86
10,49928196,44,2,114
10,49928215,100,8,142
10,49928218,61,2,351
10,49928361,172,36,69
10,49928550,17,1,457
10,49928565,5,1,402
10,49928566,383,113,140
10,49928740,14,6,374
10,49928862,16,1,299
10,49928873,6,0,398
10,49928904,12,2,494
10,49928963,137,121,277
10,49929113,255,368,379
10,49929278,12,7,491
10,49929312,40,6,145
10,49929381,21,1,272
10,49929391,336,128,143
10,49929461,5,2,357
10,49929489,413,223,149
10,49929925,23,2,293
10,49930027,22,7,448
10,49930047,308,83,91
10,49930061,18,6,467
10,49930225,3,0,428
10,49930364,19,3,465
10,49930439,201,30,23
10,49930872,17,5,19
10,49931031,151,50,138
10,49931067,4,0,423
10,49931195,34,7,231
10,49931596,16,6,456
10,49931725,33,14,182
10,49931993,90,32,90
10,49932079,89,50,156
10,49932141,3,0,412
10,49932147,402,82,115
10,49932191,80,77,139
10,49932236,160,52,7
10,49932340,95,20,125
10,49932350,15,7,82
10,49932362,5,0,411
10,49932402,255,261,159
10,49932509,33,9,196
10,49932610,85,66,342
10,49932694,24,4,271
10,49932911,88,18,122
10,49933035,4,0,378
10,49933069,15,4,104
10,49933230,172,59,181
10,49933235,311,186,197
10,49933251,76,59,391
10,49933288,13,3,311
10,49933381,26,3,319
10,49933461,189,79,44
10,49933476,73,22,18
10,49933587,35,0,212
10,49933740,287,149,153
10,49933755,10,5,97
10,49933810,10,3,307
10,49933869,268,204,141
10,49934012,23,3,294
10,49934078,93,43,36
10,49934084,8,0,399
10,49934125,24,7,339
10,49934261,60,12,109
10,49934351,10,1,224
10,49934399,53,22,283
10,49934511,114,89,486
10,49934569,50,23,375
10,49934620,228,180,180
10,49934631,46,28,400
10,49934784,218,117,189
10,49935038,81,45,47
10,49935097,73,10,93
10,49935250,31,12,72
10,49935300,9,1,488
10,49935751,110,26,246
10,49935797,44,11,188
10,49935867,229,173,390
10,49935872,25,1,259
10,49936017,76,13,65
10,49936094,5,1,370
10,49936105,8,0,327
10,49936398,23,4,281
10,49936499,41,5,207
10,49936575,359,103,147
10,49936641,34,11,348
10,49936671,51,18,183
10,49936717,7,1,481
10,49936725,100,37,267
10,49936909,42,36,328
10,49936952,6,1,368
10,49936964,37,16,200
10,49937035,9,0,446
10,49937120,6,0,478
10,49937146,81,16,137
10,49937193,11,5,344
10,49937239,20,8,409
10,49937276,563,337,113
10,49937304,116,47,84
10,49937352,10,1,365
10,49937387,35,38,364
10,49937388,11,0,363
10,49937504,250,110,92
10,49937510,11,5,361
10,49937540,223,132,87
10,49937571,23,6,265
10,49937631,309,219,170
10,49937718,142,102,316
10,49937916,154,50,119
10,49937995,16,8,433
10,49938047,131,117,216
10,49938270,3,0,384
10,49938271,9,1,439
10,49938306,107,152,184
10,49938326,42,1,105
10,49938399,151,30,71
10,49938412,5,0,314
10,49938443,17,1,454
10,49938477,148,43,261
10,49938521,267,208,338
10,49938616,164,109,187
10,49938748,13,3,340
10,49938783,26,3,230
10,49938815,51,7,308
10,49938916,4,3,358
10,49939265,24,0,395
10,49939300,6,0,469
10,49939308,45,11,28
10,49939513,21,6,245
10,49939637,63,13,53
10,49939788,54,6,322
10,49939814,12,1,393
10,49939963,8,0,464
10,49940044,52,20,14
10,49940152,50,11,150
10,49940201,11,0,444
10,49940219,212,79,239
10,49940233,33,3,195
10,49940267,17,1,290
10,49940277,7,0,487
10,49940309,7,0,349
10,49940317,18,6,274
10,49940394,459,136,101
10,49940467,47,27,269
10,49940482,70,34,73
10,49940505,68,73,477
10,49940517,7,1,484
10,49940539,9,0,440
10,49940736,15,3,298
10,49940826,9,0,455
10,49940866,7,4,480
10,49940877,82,16,107
10,49940955,13,30,425
10,49941091,203,95,162
10,49941114,515,127,124
10,49941447,190,118,144
10,49941572,26,22,214
10,49941641,69,28,94
10,49941764,26,4,155
10,49942008,11,7,388
10,49942103,92,54,77
10,49942130,113,76,45
10,49942208,6,4,448
10,49942429,37,2,154
10,49942434,76,65,292
10,49942706,676,329,70
10,49942818,74,94,280
10,49942939,42,15,432
10,49943066,8,0,451
10,49943451,154,167,310
10,49943637,142,24,8
10,49943685,45,23,24
10,49943699,15,5,396
10,49943862,9,5,419
10,49943964,6,0,441
10,49944127,76,60,422
10,49944227,476,794,81
10,49944369,38,6,123
10,49944899,8,0,387
10,49944912,203,77,63
10,49945030,12,0,437
10,49945156,4,2,436
10,49945193,6,0,331
10,49945323,166,155,66
10,49945352,48,40,190
10,49945618,9,0,401
10,49945630,13,1,431
10,49945838,15,4,353
10,49945860,6,0,429
10,49945904,1,0,73
10,49945933,365,262,61
10,49945978,7,0,286
10,49945985,8,1,394
10,49946016,6,1,459
10,49946076,76,54,206
10,49946148,81,58,16
10,49946228,403,765,62
10,49946303,9,0,426
10,49946321,117,166,161
10,49946355,325,192,37
10,49946393,358,87,78
10,49946394,6,2,453
10,49946403,230,265,155
10,49946526,141,189,55
10,49946567,235,156,175
10,49946576,31,2,350
10,49946622,6,0,418
10,49946707,60,7,80
10,49946827,62,34,237
10,49946845,69,10,102
10,49946895,476,101,58
10,49946917,12,0,471
10,49947051,217,202,52
10,49947176,60,8,219
10,49947472,147,81,33
10,49947527,9,2,382
10,49947559,5,2,381
10,49947565,77,78,22
10,49947631,236,112,49
10,49947799,20,1,337
10,49947816,6,0,302
10,49948161,12,1,355
10,49948254,485,267,132
10,49948300,137,20,5
10,49948438,99,19,498
10,49948615,11,0,377
10,49948738,25,7,96
10,49948770,13,2,76
10,49949235,612,304,57
10,49949438,879,190,12
10,49949457,6,0,446
10,49949496,12,7,372
10,49949588,157,94,59
10,49949914,6,0,209
10,49949946,4,0,273
10,49949990,16,0,295
10,49950052,161,416,88
10,49950108,9,9,359
10,49950226,12,3,489
10,49950288,21,19,249
10,49950554,304,321,29
10,49950653,4,1,218
10,49950771,5,2,252
10,49950818,13,6,98
10,49950938,11,2,326
10,49951139,73,29,179
10,49951218,137,35,43
10,49951615,4,0,232
10,49951641,61,50,54
10,49951881,171,196,89
10,49951891,86,33,27
10,49951966,29,56,223
10,49952029,107,16,50
10,49952111,153,69,34
10,49952207,12,2,297
10,49952956,6,0,442
10,49953116,104,88,224
10,49953179,12,0,299
10,49953191,15,0,229
10,49953288,123,38,25
10,49953495,817,361,3
10,49953509,14,4,255
10,49953777,72,196,60
10,49954243,22,7,253
10,49954499,28,40,496
10,49954755,6,2,336
10,49954875,18,9,75
10,49955297,91,110,30
10,49955544,15,3,202
10,49955572,20,4,372
10,49955600,5,0,318
10,49956003,83,12,31
10,49956035,49,49,41
10,49956092,79,115,39
10,49956148,36,9,110
10,49956183,11,1,325
10,49956275,11,2,405
10,49956396,9,2,303
10,49956574,42,13,95
10,49956681,256,88,6
10,49956736,16,0,352
10,49956771,36,12,48
10,49957028,16,9,64
10,49957068,402,532,17
10,49957116,596,406,11
10,49957117,76,41,38
10,49957275,5,0,279
10,49957334,5,1,444
10,49957496,24,1,111
10,49957570,11,2,370
10,49957792,8,8,205
10,49957812,146,17,4
10,49957831,8,0,362
10,49957870,8,8,227
10,49958109,9,0,192
10,49958261,22,2,147
10,49958358,18,11,185
10,49958569,145,32,26
10,49958577,10,2,366
10,49958586,5,6,210
10,49958958,7,0,193
10,49959018,8,0,328
10,49959020,12,0,327
10,49959056,10,1,169
10,49959070,13,2,298
10,49959361,15,7,108
10,49959623,7,1,204
10,49959654,96,93,48
10,49959869,217,188,15
10,49960084,233,209,42
10,49960353,6,1,116
10,49960793,10,6,309
10,49960901,70,35,10
10,49961057,72,61,101
10,49961124,27,7,56
10,49961861,71,47,2
10,49961890,62,99,32
10,49962012,151,104,1
10,49962857,20,6,3
11,49905487,522,391,500
11,49905644,146,44,233
11,49906100,276,126,134
11,49906295,15,7,367
11,49906432,466,499,319
11,49906563,19,29,404
11,49906637,682,362,213
11,49907057,216,199,438
11,49907601,32,15,465
11,49907802,30,1,332
11,49908055,29,1,26
11,49908394,339,641,259
11,49908570,104,21,72
11,49908962,180,72,223
11,49909005,58,2,241
11,49909015,8,0,431
11,49909056,243,51,279
11,49909583,395,171,234
11,49909610,105,27,235
11,49909900,10,0,316
11,49909908,86,25,254
11,49909913,24,16,405
11,49910328,39,35,382
11,49910425,13,0,145
11,49910462,460,418,70
11,49910465,131,111,36
11,49910613,69,37,281
11,49911472,12,0,314
11,49911500,119,42,198
11,49911520,36,2,464
11,49911534,83,22,267
11,49911743,30,5,451
11,49911757,130,78,325
11,49911995,194,99,168
11,49912048,108,35,224
11,49912091,53,5,174
11,49912094,33,14,354
11,49912444,229,106,286
11,49912782,17,0,414
11,49912792,303,59,246
11,49912955,253,98,272
11,49913106,44,4,128
11,49913192,249,129,252
11,49913255,126,51,396
11,49913331,20,0,485
11,49913350,192,11,291
11,49913364,121,91,376
11,49913458,120,104,433
11,49913571,1699,1186,107
11,49913604,54,11,282
11,49913724,17,2,388
11,49913731,94,16,418
11,49913886,20,1,385
11,49913975,99,47,365
11,49914005,15,7,415
11,49914236,111,61,443
11,49914403,6,1,499
11,49914516,29,1,480
11,49914657,41,3,321
11,49914804,9,0,497
11,49915060,58,18,345
11,49915082,306,162,245
11,49915119,31,2,330
11,49915126,274,111,251
11,49915888,4,0,491
11,49916007,23,15,271
11,49916550,15,1,48
11,49916753,66,11,42
11,49916865,12,1,428
11,49916997,33,17,356
11,49917039,3,3,484
11,49917102,31,1,486
11,49917536,329,282,22
11,49917900,5,0,478
11,49918147,25,9,489
11,49918161,89,195,277
11,49918480,14,0,250
11,49919333,6,0,473
11,49919676,166,156,83
11,49919910,189,111,148
11,49920090,6,0,407
11,49920160,629,178,169
11,49920173,3,0,468
11,49920234,411,378,238
11,49920329,4,0,437
11,49920332,45,22,11
11,49920582,6,0,465
11,49920650,36,34,476
11,49920785,20,13,16
11,49920804,3,0,463
11,49920896,279,171,136
11,49920932,394,442,218
11,49921050,210,160,306
11,49921051,90,65,454
11,49921254,3,0,462
11,49921798,213,62,130
11,49921825,54,28,170
11,49921834,15,0,253
11,49921923,290,112,131
11,49922074,53,106,99
11,49922075,34,6,417
11,49922155,12,8,394
11,49922212,92,31,265
11,49922278,287,226,260
11,49922437,176,51,150
11,49922515,158,49,180
11,49922568,129,521,173
11,49922569,266,296,179
11,49922594,59,6,222
11,49922674,287,67,210
11,49922729,187,106,292
11,49922736,82,28,257
11,49922772,5,1,460
11,49923056,213,143,290
11,49923125,27,2,15
11,49923466,395,116,112
11,49923602,41,13,120
11,49923638,88,7,226
11,49923692,636,217,138
11,49923873,274,64,81
11,49923944,25,0,322
11,49924121,19,1,217
11,49924179,570,536,177
11,49924275,67,10,326
11,49924301,8,1,423
11,49924385,36,11,411
11,49924543,37,11,339
11,49924570,17,17,498
11,49924618,202,271,132
11,49924726,4,1,421
11,49924795,22,0,247
11,49924943,49,9,287
11,49925036,126,49,203
11,49925184,670,170,102
11,49925261,52,79,266
11,49925602,128,76,167
11,49925606,20,0,471
11,49925653,57,38,200
11,49925742,124,21,176
11,49925812,87,70,237
11,49925969,506,72,201
11,49925974,436,96,123
11,49926069,1683,601,194
11,49926185,31,15,288
11,49926189,12,0,494
11,49926411,369,184,119
11,49926512,149,76,192
11,49926536,408,179,188
11,49926581,18,7,361
11,49926609,59,5,154
11,49926628,262,235,122
11,49926641,15,1,477
11,49926691,11,12,331
11,49926726,62,49,420
11,49926773,104,19,171
11,49926792,23,1,313
11,49926917,226,79,227
11,49926986,13,2,348
11,49927100,235,193,302
11,49927212,166,48,160
11,49927295,32,9,175
11,49927514,36,5,129
11,49927587,41,28,268
11,49927652,8,6,409
11,49927682,12,2,408
11,49927686,15,6,383
11,49927747,348,340,163
11,49927754,801,403,87
11,49927760,582,128,164
11,49927844,27,5,318
11,49927854,32,15,206
11,49927872,32,9,258
11,49927981,11,8,406
11,49928011,10,5,349
11,49928054,35,72,390
11,49928099,14,0,474
11,49928118,18,3,347
11,49928121,576,408,135
11,49928148,35,14,305
11,49928152,78,19,244
11,49928192,222,35,89
11,49928196,44,2,115
11,49928215,101,8,143
11,49928218,61,2,352
11,49928361,172,36,73
11,49928550,17,1,459
11,49928565,5,1,403
11,49928566,384,113,142
11,49928740,14,6,373
11,49928862,16,1,299
11,49928873,6,0,399
11,49928904,12,2,496
11,49928963,137,121,280
11,49929113,255,369,381
11,49929278,12,7,493
11,49929312,40,6,151
11,49929381,21,1,275
11,49929391,337,128,144
11,49929461,5,2,360
11,49929489,415,223,152
11,49929925,23,2,295
11,49930027,22,7,448
11,49930047,308,83,93
11,49930061,18,6,470
11,49930225,3,0,429
11,49930364,19,3,467
11,49930439,206,32,24
11,49930872,18,9,18
11,49931031,151,50,139
11,49931067,4,0,425
11,49931195,34,7,232
11,49931596,16,6,458
11,49931725,33,14,185
11,49931993,90,32,92
11,49932079,89,50,158
11,49932141,3,0,413
11,49932147,403,82,118
11,49932191,80,77,141
11,49932236,169,59,9
11,49932340,95,20,127
11,49932350,15,7,88
11,49932362,5,0,412
11,49932402,255,261,162
11,49932509,33,10,197
11,49932610,85,66,342
11,49932694,24,4,274
11,49932911,88,18,124
11,49933035,4,0,379
11,49933069,16,4,109
11,49933230,172,59,184
11,49933235,311,186,199
11,49933251,76,59,393
11,49933288,13,3,310
11,49933381,26,3,320
11,49933461,190,81,45
11,49933476,88,31,19
11,49933587,36,0,214
11,49933740,288,149,156
11,49933755,10,5,102
11,49933810,10,3,307
11,49933869,268,204,147
11,49934012,23,3,296
11,49934078,93,43,39
11,49934084,8,0,401
11,49934125,25,7,338
11,49934261,60,12,111
11,49934351,10,1,230
11,49934399,53,22,285
11,49934511,114,89,488
11,49934569,50,23,375
11,49934620,228,180,182
11,49934631,46,28,402
11,49934784,218,117,191
11,49935038,81,45,50
11,49935097,73,10,98
11,49935250,31,12,78
11,49935300,9,1,490
11,49935751,110,26,249
11,49935797,44,11,190
11,49935867,229,173,392
11,49935872,25,1,262
11,49936017,77,13,67
11,49936094,5,1,370
11,49936105,8,0,327
11,49936398,23,4,283
11,49936499,41,5,208
11,49936575,359,103,149
11,49936641,34,11,350
11,49936671,51,18,186
11,49936717,7,1,483
11,49936725,100,37,270
11,49936909,42,36,329
11,49936952,6,1,369
11,49936964,37,16,202
11,49937035,9,0,446
11,49937120,6,0,481
11,49937146,81,16,140
11,49937193,11,5,346
11,49937239,20,8,410
11,49937276,563,337,113
11,49937304,116,47,86
11,49937352,10,1,367
11,49937387,35,38,365
11,49937388,11,0,364
11,49937504,250,110,94
11,49937510,11,5,363
11,49937540,223,132,90
11,49937571,23,6,269
11,49937631,309,219,172
11,49937718,142,102,317
11,49937916,155,50,121
11,49937995,16,8,434
11,49938047,131,117,219
11,49938270,3,0,387
11,49938271,9,1,441
11,49938306,107,152,187
11,49938326,42,1,108
11,49938399,151,30,76
11,49938412,5,0,315
11,49938443,17,1,455
11,49938477,148,43,263
11,49938521,267,208,336
11,49938616,164,109,189
11,49938748,13,3,339
11,49938783,26,3,231
11,49938815,51,7,308
11,49938916,4,3,359
11,49939265,24,0,397
11,49939300,6,0,472
11,49939308,47,12,30
11,49939513,21,6,248
11,49939637,63,13,59
11,49939788,54,6,323
11,49939814,12,1,395
11,49939963,8,0,466
11,49940044,54,24,19
11,49940152,50,11,155
11,49940201,11,0,445
11,49940219,212,79,242
11,49940233,33,3,195
11,49940267,17,1,293
11,49940277,7,0,492
11,49940309,7,0,351
11,49940317,18,6,276
11,49940394,459,136,105
11,49940467,47,27,273
11,49940482,71,34,77
11,49940505,68,73,479
11,49940517,7,1,487
11,49940539,9,0,442
11,49940736,15,3,300
11,49940826,9,0,457
11,49940866,7,4,482
11,49940877,82,16,110
11,49940955,13,30,426
11,49941091,203,95,165
11,49941114,515,127,125
11,49941447,190,118,146
11,49941501,5,1,459
11,49941572,27,22,216
11,49941641,69,28,96
11,49941764,26,4,161
11,49942008,11,7,391
11,49942103,92,54,79
11,49942130,114,77,46
11,49942208,6,4,449
11,49942429,37,2,159
11,49942434,76,65,297
11,49942706,677,330,74
11,49942818,74,94,284
11,49942939,42,15,436
11,49943066,8,0,453
11,49943451,154,167,312
11,49943479,8,0,17
11,49943637,145,26,10
11,49943685,50,29,25
11,49943699,15,5,400
11,49943862,9,5,422
11,49943964,6,0,444
11,49944127,76,61,430
11,49944227,476,794,82
11,49944369,38,6,126
11,49944899,8,0,389
11,49944912,204,78,66
11,49945030,12,0,440
11,49945156,4,2,439
11,49945193,6,0,333
11,49945323,166,155,69
11,49945352,48,40,193
11,49945618,9,0,404
11,49945630,13,1,435
11,49945838,15,4,355
11,49945860,6,0,432
11,49945904,1,0,71
11,49945933,365,262,64
11,49945978,7,0,289
11,49945985,8,1,398
11,49946016,6,1,461
11,49946076,76,54,205
11,49946148,83,59,20
11,49946228,405,772,65
11,49946303,9,0,427
11,49946321,117,167,166
11,49946355,325,192,38
11,49946393,359,87,80
11,49946394,6,2,456
11,49946403,231,266,157
11,49946526,141,189,58
11,49946567,235,157,178
11,49946576,31,2,353
11,49946622,6,0,424
11,49946707,61,7,85
11,49946827,62,34,242
11,49946845,69,10,106
11,49946895,481,101,61
11,49946917,12,0,475
11,49947051,217,203,56
11,49947176,60,8,225
11,49947472,149,83,34
11,49947527,9,2,386
11,49947559,5,2,384
11,49947565,77,80,31
11,49947631,238,113,51
11,49947799,20,1,337
11,49947816,6,0,304
11,49948161,12,1,357
11,49948254,485,267,137
11,49948300,158,22,7
11,49948615,11,0,380
11,49948738,25,7,101
11,49948770,13,2,84
11,49949235,613,305,60
11,49949438,886,191,14
11,49949457,6,0,450
11,49949496,12,7,372
11,49949588,159,94,62
11,49949914,6,0,210
11,49949946,4,0,278
11,49949990,16,0,298
11,49950052,162,417,91
11,49950108,9,9,362
11,49950226,12,3,495
11,49950288,21,20,255
11,49950554,304,324,32
11,49950653,4,1,221
11,49950771,5,2,256
11,49950818,13,6,103
11,49950938,11,2,334
11,49951139,73,30,183
11,49951218,137,35,44
11,49951615,4,0,240
11,49951641,62,50,57
11,49951881,171,197,97
11,49951891,89,35,29
11,49951966,29,56,229
11,49952029,107,16,53
11,49952111,154,69,37
11,49952207,12,2,301
11,49952956,6,0,447
11,49953116,104,88,228
11,49953179,12,0,303
11,49953191,15,0,239
11,49953288,126,38,27
11,49953495,826,365,4
11,49953509,14,4,264
11,49953777,72,197,63
11,49954243,22,7,261
11,49954755,6,2,341
11,49954875,20,9,75
11,49955297,94,118,33
11,49955544,15,3,209
11,49955572,20,4,377
11,49955600,5,0,324
11,49956003,83,12,35
11,49956035,50,54,43
11,49956092,82,123,41
11,49956148,36,9,116
11,49956183,11,1,335
11,49956275,11,2,416
11,49956396,9,2,309
11,49956574,42,13,100
11,49956681,277,91,8
11,49956736,16,0,358
11,49956771,37,12,55
11,49957028,16,10,68
11,49957068,413,546,21
11,49957116,623,417,13
11,49957117,78,43,40
11,49957275,5,0,294
11,49957334,5,1,452
11,49957496,24,1,117
11,49957570,11,2,378
11,49957792,8,8,212
11,49957812,161,19,6
11,49957831,8,0,371
11,49957870,8,8,236
11,49958109,9,0,204
11,49958261,22,2,153
11,49958358,18,11,196
11,49958569,155,33,28
11,49958577,10,2,374
11,49958586,5,6,220
11,49958958,7,0,207
11,49959018,8,0,344
11,49959020,12,0,343
11,49959056,10,1,181
11,49959070,13,2,311
11,49959361,15,7,114
11,49959623,7,1,215
11,49959654,98,96,54
11,49959869,228,197,17
11,49960084,238,212,47
11,49960353,6,1,133
11,49960793,10,6,328
11,49960901,78,40,12
11,49961057,74,62,95
11,49961124,33,9,49
11,49961861,79,54,3
11,49961890,67,102,52
11,49962012,209,155,1
11,49962857,54,23,2
11,49963094,18,8,5
11,49963171,43,13,2
11,49963366,45,17,1
12,49905644,146,44,233
12,49906100,276,126,137
12,49906295,15,7,368
12,49906432,466,499,322
12,49906563,19,29,404
12,49906637,682,362,213
12,49907057,216,199,443
12,49907601,32,15,465
12,49907802,30,1,333
12,49908055,32,2,21
12,49908394,339,641,261
12,49908570,104,21,77
12,49908962,180,72,224
12,49909005,58,2,243
12,49909015,8,0,433
12,49909056,243,51,284
12,49909583,395,171,236
12,49909610,105,27,237
12,49909900,10,0,321
12,49909908,86,25,258
12,49909913,24,16,410
12,49910328,39,35,386
12,49910425,13,0,153
12,49910462,461,420,75
12,49910465,132,113,39
12,49910613,69,37,285
12,49911472,12,0,317
12,49911500,120,42,200
12,49911520,36,2,470
12,49911534,83,22,271
12,49911743,30,5,453
12,49911757,130,78,329
12,49911995,194,99,168
12,49912048,108,35,226
12,49912091,53,5,179
12,49912094,33,14,357
12,49912444,229,106,289
12,49912782,17,0,420
12,49912792,303,59,248
12,49912955,253,98,275
12,49913106,44,4,135
12,49913192,249,129,257
12,49913255,126,51,401
12,49913331,20,0,487
12,49913350,192,11,295
12,49913364,121,91,376
12,49913458,120,104,437
12,49913571,1699,1187,105
12,49913604,54,11,288
12,49913724,17,2,390
12,49913731,94,16,422
12,49913886,20,1,389
12,49913975,99,47,367
12,49914005,15,7,421
12,49914236,111,61,447
12,49914516,29,1,483
12,49914657,41,3,324
12,49914804,9,0,499
12,49915060,58,18,345
12,49915082,306,162,246
12,49915119,31,2,331
12,49915126,274,111,254
12,49915888,4,0,493
12,49916007,23,15,278
12,49916550,16,1,51
12,49916753,67,11,44
12,49916865,12,1,431
12,49916997,33,17,361
12,49917039,3,3,486
12,49917102,31,1,490
12,49917536,336,293,28
12,49917900,6,0,13
12,49918147,25,9,492
12,49918161,89,195,282
12,49918480,14,0,256
12,49919333,6,0,477
12,49919676,166,156,85
12,49919910,189,111,150
12,49920090,6,0,413
12,49920160,629,178,171
12,49920173,3,0,473
12,49920234,411,378,241
12,49920329,4,0,440
12,49920332,48,26,16
12,49920582,6,0,471
12,49920650,36,34,480
12,49920785,26,16,15
12,49920804,3,0,468
12,49920896,279,171,139
12,49920932,394,442,218
12,49921050,210,160,309
12,49921051,90,65,456
12,49921254,3,0,467
12,49921798,213,62,132
12,49921825,54,28,174
12,49921834,15,0,259
12,49921923,290,112,133
12,49922074,54,106,100
12,49922075,34,6,423
12,49922155,12,8,399
12,49922212,92,31,269
12,49922278,287,226,264
12,49922437,176,51,151
12,49922515,158,49,183
12,49922568,130,520,177
12,49922569,266,298,182
12,49922594,59,6,223
12,49922674,287,67,211
12,49922729,187,106,297
12,49922736,82,28,260
12,49922772,5,1,461
12,49923056,213,143,296
12,49923125,29,4,20
12,49923466,396,116,115
12,49923602,41,13,122
12,49923638,88,7,227
12,49923692,636,217,140
12,49923873,274,64,84
12,49923944,25,0,327
12,49924121,19,1,220
12,49924179,570,536,180
12,49924275,67,10,330
12,49924301,8,1,426
12,49924385,36,11,416
12,49924543,37,11,339
12,49924618,202,271,134
12,49924726,4,1,425
12,49924795,22,0,251
12,49924943,49,9,292
12,49925036,126,49,205
12,49925184,670,170,103
12,49925261,52,79,270
12,49925602,128,77,175
12,49925606,20,0,476
12,49925653,57,38,203
12,49925742,124,21,178
12,49925812,87,70,240
12,49925969,506,72,201
12,49925974,437,96,125
12,49926069,1684,602,197
12,49926185,31,15,293
12,49926189,12,0,498
12,49926411,369,185,119
12,49926512,150,76,196
12,49926536,408,179,191
12,49926581,18,7,366
12,49926609,59,5,156
12,49926628,262,235,123
12,49926641,15,1,482
12,49926691,11,12,334
12,49926726,62,49,424
12,49926773,104,19,172
12,49926792,23,1,316
12,49926917,226,79,228
12,49926986,13,2,351
12,49927100,235,193,307
12,49927212,166,48,161
12,49927295,32,9,181
12,49927514,36,5,136
12,49927587,41,28,272
12,49927652,8,6,415
12,49927682,12,2,414
12,49927686,15,6,388
12,49927747,348,340,165
12,49927754,802,405,90
12,49927760,582,128,166
12,49927844,27,5,319
12,49927854,33,15,207
12,49927872,32,9,262
12,49927981,11,8,412
12,49928011,10,5,352
12,49928054,35,72,394
12,49928099,14,0,478
12,49928118,18,3,350
12,49928121,576,408,138
12,49928148,35,14,308
12,49928152,78,19,247
12,49928192,225,35,91
12,49928196,44,2,118
12,49928215,102,8,146
12,49928218,61,2,354
12,49928361,172,36,78
12,49928550,17,1,462
12,49928565,5,1,406
12,49928566,384,113,145
12,49928740,14,6,377
12,49928862,16,1,305
12,49928873,6,0,402
12,49928904,12,2,500
12,49928963,137,121,287
12,49929113,255,369,387
12,49929278,12,7,496
12,49929312,40,6,155
12,49929381,22,1,281
12,49929391,337,128,147
12,49929461,5,2,365
12,49929489,415,223,154
12,49929925,23,2,300
12,49930027,22,7,452
12,49930047,308,83,95
12,49930061,18,6,475
12,49930225,3,0,435
12,49930364,19,3,472
12,49930439,211,33,29
12,49930872,25,10,27
12,49931031,151,50,141
12,49931067,4,0,427
12,49931195,34,7,234
12,49931596,16,6,460
12,49931725,33,14,187
12,49931993,90,32,97
12,49932079,89,50,159
12,49932141,3,0,419
12,49932147,404,82,117
12,49932191,80,77,142
12,49932236,175,63,12
12,49932340,95,20,129
12,49932350,15,7,93
12,49932362,5,0,418
12,49932402,255,261,164
12,49932509,33,10,204
12,49932610,85,66,344
12,49932694,24,4,280
12,49932911,88,18,127
12,49933035,4,0,380
12,49933069,16,4,113
12,49933230,172,59,186
12,49933235,311,186,202
12,49933251,76,59,397
12,49933288,13,3,315
12,49933381,26,3,325
12,49933461,191,81,50
12,49933476,96,34,26
12,49933587,36,0,214
12,49933740,288,149,158
12,49933755,10,5,109
12,49933810,10,3,311
12,49933869,268,204,148
12,49934012,23,3,301
12,49934078,93,44,43
12,49934084,8,0,405
12,49934125,25,7,340
12,49934261,60,12,114
12,49934351,10,1,242
12,49934399,53,22,290
12,49934511,114,89,494
12,49934569,50,23,378
12,49934620,228,180,185
12,49934631,46,28,407
12,49934784,218,117,195
12,49935038,82,45,54
12,49935097,73,10,102
12,49935250,31,12,87
12,49935300,9,1,495
12,49935751,110,26,253
12,49935797,44,11,192
12,49935867,229,174,398
12,49935872,25,1,265
12,49936017,77,13,71
12,49936094,5,1,375
12,49936105,8,0,332
12,49936398,23,4,291
12,49936499,41,5,209
12,49936575,359,103,152
12,49936641,34,11,353
12,49936671,51,18,188
12,49936717,7,1,489
12,49936725,100,37,274
12,49936909,42,36,335
12,49936952,6,1,373
12,49936964,37,16,206
12,49937035,9,0,451
12,49937120,6,0,485
12,49937146,81,16,143
12,49937193,11,5,348
12,49937239,20,8,417
12,49937276,563,337,116
12,49937304,116,47,89
12,49937352,10,1,371
12,49937387,35,38,370
12,49937388,12,0,346
12,49937504,250,110,98
12,49937510,11,5,369
12,49937540,224,133,94
12,49937571,23,6,273
12,49937631,309,219,176
12,49937718,142,102,320
12,49937916,156,50,126
12,49937995,16,8,438
12,49938047,131,117,219
12,49938270,3,0,391
12,49938271,9,1,446
12,49938306,107,153,190
12,49938326,42,1,111
12,49938399,151,30,80
12,49938412,5,0,323
12,49938443,17,1,459
12,49938477,148,43,267
12,49938521,267,208,341
12,49938616,164,109,193
12,49938748,13,3,342
12,49938783,26,3,235
12,49938815,51,7,313
12,49938916,4,3,364
12,49939265,24,0,403
12,49939300,6,0,479
12,49939308,49,12,35
12,49939513,21,6,252
12,49939637,63,13,62
12,49939788,54,6,328
12,49939814,12,1,400
12,49939963,8,0,474
12,49940044,55,26,25
12,49940152,50,11,157
12,49940201,11,0,450
12,49940219,212,79,244
12,49940233,33,3,198
12,49940267,17,1,299
12,49940277,7,0,497
12,49940309,7,0,355
12,49940317,18,6,283
12,49940394,460,136,104
12,49940467,47,27,279
12,49940482,71,34,81
12,49940505,68,73,484
12,49940517,7,1,491
12,49940539,9,0,448
12,49940736,15,3,306
12,49940826,9,0,464
12,49940866,7,4,488
12,49940877,83,16,112
12,49940955,13,30,430
12,49941091,203,95,167
12,49941114,516,127,128
12,49941447,190,118,149
12,49941501,5,1,463
12,49941572,27,22,221
12,49941641,70,28,99
12,49941764,26,4,169
12,49942008,11,7,396
12,49942103,92,54,82
12,49942130,114,77,49
12,49942208,6,4,454
12,49942429,37,2,162
12,49942434,76,65,302
12,49942706,677,330,79
12,49942818,74,94,294
12,49942939,42,15,441
12,49943066,8,0,458
12,49943451,154,168,318
12,49943479,19,0,9
12,49943637,148,27,14
12,49943685,51,31,36
12,49943699,15,5,408
12,49943862,9,5,428
12,49943964,6,0,449
12,49944127,76,61,436
12,49944227,477,794,86
12,49944369,38,6,131
12,49944899,8,0,395
12,49944912,204,79,68
12,49945030,12,0,445
12,49945156,4,2,444
12,49945193,6,0,337
12,49945323,166,155,73
12,49945352,48,40,199
12,49945618,9,0,411
12,49945630,14,1,442
12,49945838,15,4,362
12,49945860,6,0,439
12,49945904,1,0,72
12,49945933,365,262,66
12,49945978,7,0,298
12,49945985,8,1,409
12,49946016,6,1,469
12,49946076,76,54,210
12,49946148,85,60,22
12,49946228,405,777,67
12,49946303,9,0,434
12,49946321,117,167,173
12,49946355,325,192,41
12,49946393,359,87,83
12,49946394,6,2,466
12,49946403,232,266,163
12,49946526,142,192,60
12,49946567,235,157,184
12,49946576,32,2,360
12,49946622,6,0,429
12,49946707,61,7,88
12,49946827,62,34,245
12,49946845,69,10,106
12,49946895,481,102,64
12,49946917,12,0,481
12,49947051,217,203,56
12,49947176,60,8,230
12,49947472,149,84,38
12,49947527,9,2,393
12,49947559,5,2,392
12,49947565,80,80,34
12,49947631,239,114,53
12,49947799,20,1,343
12,49947816,6,0,310
12,49948161,12,1,363
12,49948254,486,267,144
12,49948300,176,26,10
12,49948615,11,0,383
12,49948738,25,7,107
12,49948770,13,2,92
12,49949235,615,305,63
12,49949438,893,193,17
12,49949457,6,0,455
12,49949496,12,7,379
12,49949588,160,94,69
12,49949914,6,0,215
12,49949946,4,0,286
12,49949990,16,0,304
12,49950052,163,417,96
12,49950108,9,9,374
12,49950288,21,20,263
12,49950554,310,325,32
12,49950653,4,1,229
12,49950771,5,2,268
12,49950818,13,6,110
12,49950938,11,2,338
12,49951139,73,30,189
12,49951218,138,35,47
12,49951615,4,0,249
12,49951641,62,50,59
12,49951881,173,199,101
12,49951891,92,36,33
12,49951966,29,56,239
12,49952029,107,16,55
12,49952111,154,70,40
12,49952207,12,2,312
12,49952956,6,0,457
12,49953116,104,88,238
12,49953179,12,0,314
12,49953191,15,0,250
12,49953288,130,39,30
12,49953495,835,368,7
12,49953509,15,4,277
12,49953777,72,197,70
12,49954243,22,7,276
12,49954755,6,2,349
12,49954875,22,9,76
12,49955297,95,120,37
12,49955544,15,3,216
12,49955572,20,4,382
12,49955600,5,0,336
12,49956003,83,12,42
12,49956035,51,54,48
12,49956092,84,123,46
12,49956148,36,9,124
12,49956183,11,1,347
12,49956275,11,2,432
12,49956396,9,2,326
12,49956574,43,14,108
12,49956681,286,96,11
12,49956736,16,0,372
12,49956771,37,12,57
12,49957028,17,10,74
12,49957068,427,565,24
12,49957116,632,429,18
12,49957117,78,45,45
12,49957275,6,0,266
12,49957496,25,1,120
12,49957570,11,3,385
12,49957602,25,5,208
12,49957792,8,8,225
12,49957812,169,19,8
12,49957831,8,0,381
12,49957870,8,8,255
12,49958109,9,0,217
12,49958261,22,2,170
12,49958358,18,12,212
12,49958569,163,34,31
12,49958577,10,2,384
12,49958586,5,6,231
12,49958958,7,0,222
12,49959018,8,0,359
12,49959020,12,0,358
12,49959056,10,1,194
12,49959070,14,2,303
12,49959361,15,7,130
12,49959623,7,1,232
12,49959654,98,97,65
12,49959869,237,202,23
12,49960084,244,226,52
12,49960353,7,1,160
12,49960793,10,7,356
12,49960901,82,42,19
12,49961057,77,63,121
12,49961124,37,9,58
12,49961861,85,56,5
12,49961890,71,105,61
12,49962012,233,184,4
12,49962857,70,33,3
12,49963094,32,9,6
12,49963171,84,41,2
12,49963366,101,50,1
13,49905644,146,44,233
13,49906100,277,126,138
13,49906295,15,7,370
13,49906432,466,499,323
13,49906563,19,30,406
13,49906637,682,362,214
13,49907057,216,199,444
13,49907601,32,16,465
13,49907802,30,1,334
13,49908055,44,2,20
13,49908394,339,641,263
13,49908570,105,21,78
13,49908962,180,72,224
13,49909005,58,2,243
13,49909015,8,0,435
13,49909056,243,51,286
13,49909583,395,171,236
13,49909610,105,27,237
13,49909900,10,0,324
13,49909908,86,25,260
13,49909913,24,16,411
13,49910328,39,38,386
13,49910425,13,0,156
13,49910462,463,424,77
13,49910465,134,114,41
13,49910613,69,37,287
13,49911472,12,0,319
13,49911500,121,42,200
13,49911520,36,2,471
13,49911534,83,22,270
13,49911743,30,5,455
13,49911757,130,78,331
13,49911995,194,99,168
13,49912048,108,35,226
13,49912091,53,5,181
13,49912094,33,14,358
13,49912444,229,106,291
13,49912782,17,0,422
13,49912792,303,59,248
13,49912955,253,98,277
13,49913106,44,4,136
13,49913192,249,129,258
13,49913255,126,51,403
13,49913331,20,0,489
13,49913350,192,11,297
13,49913364,121,91,378
13,49913458,120,104,439
13,49913571,1699,1187,107
13,49913604,54,11,288
13,49913724,17,2,392
13,49913731,94,16,424
13,49913886,21,1,391
13,49913975,99,47,369
13,49914005,15,7,423
13,49914236,111,61,448
13,49914516,29,1,485
13,49914657,41,3,326
13,49915060,58,18,347
13,49915082,306,162,247
13,49915119,32,2,333
13,49915126,274,111,255
13,49915888,4,0,495
13,49916007,23,15,278
13,49916550,16,1,53
13,49916753,69,11,46
13,49916865,12,1,433
13,49916997,33,17,359
13,49917039,3,3,488
13,49917102,31,1,492
13,49917536,362,312,27
13,49917900,29,1,10
13,49918147,25,9,493
13,49918161,89,195,281
13,49918480,14,0,257
13,49919333,6,0,479
13,49919676,167,156,85
13,49919910,189,111,150
13,49920090,6,0,414
13,49920160,629,178,171
13,49920173,3,0,475
13,49920234,411,378,240
13,49920329,4,0,441
13,49920332,52,35,22
13,49920582,6,0,473
13,49920650,36,34,482
13,49920785,36,29,15
13,49920804,3,0,470
13,49920896,279,171,141
13,49920932,394,444,218
13,49921050,210,160,311
13,49921051,90,65,457
13,49921254,3,0,469
13,49921798,213,62,132
13,49921825,54,28,175
13,49921834,15,0,261
13,49921923,290,112,133
13,49922074,55,111,102
13,49922075,34,6,425
13,49922155,12,8,401
13,49922212,92,31,269
13,49922278,287,226,265
13,49922437,176,51,153
13,49922515,158,49,185
13,49922568,130,524,178
13,49922569,266,301,184
13,49922594,59,6,224
13,49922674,288,67,213
13,49922729,187,106,299
13,49922736,82,28,262
13,49922772,5,1,462
13,49923056,213,143,298
13,49923125,36,6,23
13,49923466,397,116,116
13,49923602,41,13,124
13,49923638,88,7,228
13,49923692,638,217,142
13,49923873,274,64,87
13,49923944,25,0,328
13,49924121,19,1,221
13,49924179,570,536,182
13,49924275,67,10,332
13,49924301,8,1,429
13,49924385,36,11,418
13,49924543,37,11,340
13,49924618,202,271,134
13,49924726,4,1,427
13,49924795,24,0,17
13,49924943,49,9,295
13,49925036,126,49,205
13,49925184,671,170,104
13,49925261,52,79,271
13,49925602,128,77,176
13,49925606,20,0,478
13,49925653,57,38,205
13,49925742,124,21,180
13,49925812,87,70,239
13,49925969,506,72,202
13,49925974,437,96,125
13,49926069,1684,602,198
13,49926185,31,15,294
13,49926189,12,0,500
13,49926411,369,185,121
13,49926512,150,76,197
13,49926536,409,179,192
13,49926581,18,7,368
13,49926609,59,5,157
13,49926628,262,235,122
13,49926641,15,1,484
13,49926691,11,12,336
13,49926726,62,49,426
13,49926773,106,19,172
13,49926792,24,1,317
13,49926917,226,79,229
13,49926986,13,2,352
13,49927100,235,193,309
13,49927212,166,48,162
13,49927295,32,9,183
13,49927514,36,5,139
13,49927587,41,28,274
13,49927652,8,6,417
13,49927682,12,2,416
13,49927686,15,6,390
13,49927747,348,340,166
13,49927754,802,405,90
13,49927760,582,129,166
13,49927844,27,5,321
13,49927854,33,15,209
13,49927872,32,9,264
13,49927981,11,8,413
13,49928011,10,5,354
13,49928054,35,72,396
13,49928099,14,0,480
13,49928118,18,3,350
13,49928121,576,408,140
13,49928148,35,14,310
13,49928152,78,19,250
13,49928192,225,35,93
13,49928196,44,2,120
13,49928215,102,8,148
13,49928218,61,2,356
13,49928361,173,36,79
13,49928550,17,1,464
13,49928565,5,1,407
13,49928566,384,113,146
13,49928740,14,6,379
13,49928862,16,1,305
13,49928873,6,0,404
13,49928963,137,121,289
13,49929113,255,369,388
13,49929278,12,7,497
13,49929312,40,6,158
13,49929381,22,1,282
13,49929391,337,128,149
13,49929461,5,2,367
13,49929489,415,223,155
13,49929925,23,2,302
13,49930027,22,7,454
13,49930047,309,83,96
13,49930061,18,6,477
13,49930225,3,0,436
13,49930364,19,3,474
13,49930439,216,34,31
13,49930872,35,11,21
13,49931031,151,50,143
13,49931067,4,0,430
13,49931195,34,7,234
13,49931596,16,6,463
13,49931725,33,14,189
13,49931993,90,32,99
13,49932079,89,50,161
13,49932141,3,0,421
13,49932147,405,82,119
13,49932191,80,77,144
13,49932236,193,69,14
13,49932340,95,20,130
13,49932350,16,7,95
13,49932362,5,0,420
13,49932402,257,261,164
13,49932509,33,10,208
13,49932610,85,66,345
13,49932694,24,4,281
13,49932911,88,18,127
13,49933035,4,0,382
13,49933069,16,4,117
13,49933230,172,59,188
13,49933235,311,186,204
13,49933251,76,59,399
13,49933288,13,3,316
13,49933381,26,3,327
13,49933461,191,82,52
13,49933476,113,40,27
13,49933587,36,0,215
13,49933740,288,149,160
13,49933755,11,5,106
13,49933810,10,3,312
13,49933869,268,206,151
13,49934012,23,3,303
13,49934078,95,46,45
13,49934084,8,0,408
13,49934125,25,7,341
13,49934261,60,12,115
13,49934351,10,1,245
13,49934399,53,22,292
13,49934511,114,89,496
13,49934569,50,23,380
13,49934620,229,180,187
13,49934631,46,28,409
13,49934784,218,117,196
13,49935038,84,45,56
13,49935097,74,10,103
13,49935250,32,12,89
13,49935300,9,1,498
13,49935751,110,26,256
13,49935797,44,11,194
13,49935867,229,174,400
13,49935872,25,1,267
13,49936017,77,13,74
13,49936094,5,1,377
13,49936105,8,0,335
13,49936398,23,4,293
13,49936499,41,5,210
13,49936575,359,103,154
13,49936641,34,11,355
13,49936671,51,18,190
13,49936717,7,1,490
13,49936725,100,37,276
13,49936909,43,36,337
13,49936952,6,1,374
13,49936964,37,16,207
13,49937035,9,0,453
13,49937120,6,0,487
13,49937146,81,16,145
13,49937193,11,5,349
13,49937239,20,8,419
13,49937276,564,337,118
13,49937304,116,47,91
13,49937352,10,1,373
13,49937387,35,38,372
13,49937388,12,0,348
13,49937504,250,110,99
13,49937510,11,5,371
13,49937540,224,133,96
13,49937571,23,6,275
13,49937631,309,219,177
13,49937718,143,102,322
13,49937916,156,50,126
13,49937995,17,8,428
13,49938047,131,118,220
13,49938270,3,0,393
13,49938271,9,1,449
13,49938306,107,153,193
13,49938326,42,1,113
13,49938399,152,30,82
13,49938412,5,0,325
13,49938443,17,1,461
13,49938477,148,43,268
13,49938521,268,208,342
13,49938616,164,109,195
13,49938748,13,3,344
13,49938783,26,3,235
13,49938815,51,7,314
13,49938916,4,3,364
13,49939265,24,0,405
13,49939300,6,0,481
13,49939308,51,13,37
13,49939513,21,6,254
13,49939637,63,14,63
13,49939788,54,6,329
13,49939814,12,1,402
13,49939963,8,0,476
13,49940044,62,30,28
13,49940152,50,11,159
13,49940201,11,0,452
13,49940219,212,79,246
13,49940233,33,3,200
13,49940267,17,1,301
13,49940277,7,0,499
13,49940309,7,0,357
13,49940317,18,6,285
13,49940394,460,136,106
13,49940467,47,27,280
13,49940482,73,34,83
13,49940505,68,73,486
13,49940517,7,1,494
13,49940539,9,0,450
13,49940736,15,3,306
13,49940826,9,0,467
13,49940866,7,5,491
13,49940877,83,16,114
13,49940955,13,30,432
13,49941091,203,95,169
13,49941114,516,127,129
13,49941447,191,118,152
13,49941501,5,1,466
13,49941572,27,22,223
13,49941641,70,28,101
13,49941764,26,4,172
13,49942008,11,7,398
13,49942103,92,54,84
13,49942130,116,78,51
13,49942208,6,4,456
13,49942429,37,2,163
13,49942434,76,65,304
13,49942706,679,330,80
13,49942818,74,94,296
13,49942939,42,15,443
13,49943066,8,0,459
13,49943451,154,168,320
13,49943479,46,5,7
13,49943637,153,30,16
13,49943685,52,33,38
13,49943699,15,5,410
13,49943862,9,5,431
13,49943964,6,0,451
13,49944127,76,61,440
13,49944227,477,798,88
13,49944369,38,6,135
13,49944899,8,0,397
13,49944912,204,79,70
13,49945030,12,0,447
13,49945156,4,2,446
13,49945193,6,0,338
13,49945323,167,155,75
13,49945352,48,40,202
13,49945618,9,0,415
13,49945630,14,1,445
13,49945838,15,4,363
13,49945860,6,0,442
13,49945904,1,0,68
13,49945933,368,265,68
13,49945978,7,0,300
13,49945985,8,1,412
13,49946016,6,1,472
13,49946076,76,54,211
13,49946148,95,65,24
13,49946228,405,792,69
13,49946303,9,0,437
13,49946321,117,168,174
13,49946355,326,193,43
13,49946393,362,87,85
13,49946394,6,2,468
13,49946403,233,266,165
13,49946526,144,194,61
13,49946567,236,157,186
13,49946576,33,2,360
13,49946622,6,0,434
13,49946707,61,7,90
13,49946827,62,34,249
13,49946845,70,10,108
13,49946895,482,102,65
13,49946917,12,0,483
13,49947051,217,207,58
13,49947176,60,8,232
13,49947472,151,86,40
13,49947527,9,2,395
13,49947559,5,2,394
13,49947565,81,80,36
13,49947631,240,114,55
13,49947799,20,1,346
13,49947816,6,0,313
13,49948161,12,1,365
13,49948254,486,268,147
13,49948300,207,34,10
13,49948615,11,0,385
13,49948738,25,7,109
13,49948770,13,2,94
13,49949235,615,305,64
13,49949438,906,197,18
13,49949457,6,0,458
13,49949496,12,7,381
13,49949588,160,94,72
13,49949914,6,0,217
13,49949946,4,0,290
13,49949990,16,0,307
13,49950052,163,423,98
13,49950108,9,9,376
13,49950288,21,20,266
13,49950554,312,327,34
13,49950653,4,1,231
13,49950771,5,2,272
13,49950818,13,6,112
13,49950938,11,2,343
13,49951139,73,30,191
13,49951218,138,36,48
13,49951615,4,0,251
13,49951641,63,52,60
13,49951881,174,199,104
13,49951891,93,37,35
13,49951966,29,56,243
13,49952029,107,16,57
13,49952111,156,71,42
13,49952207,12,2,315
13,49952956,6,0,460
13,49953116,106,88,231
13,49953179,12,0,318
13,49953191,15,0,253
13,49953288,132,40,32
13,49953495,849,383,8
13,49953509,15,4,284
13,49953777,73,203,73
13,49954243,23,7,279
13,49954755,6,2,353
13,49954875,23,9,79
13,49955297,101,127,39
13,49955544,15,3,219
13,49955572,20,4,384
13,49955600,5,0,339
13,49956003,83,12,44
13,49956035,52,55,50
13,49956092,89,123,47
13,49956148,37,9,128
13,49956183,11,1,351
13,49956275,11,2,438
13,49956396,9,2,330
13,49956574,43,14,110
13,49956681,307,101,11
13,49956736,16,0,375
13,49956771,39,13,59
13,49957028,18,10,76
13,49957068,455,591,25
13,49957116,662,450,19
13,49957117,78,47,47
13,49957275,6,0,273
13,49957496,25,1,123
13,49957570,11,3,389
13,49957602,25,6,212
13,49957792,9,8,230
13,49957812,181,20,9
13,49957831,8,0,383
13,49957870,8,8,259
13,49958109,9,0,222
13,49958261,22,2,176
13,49958358,18,12,216
13,49958569,167,35,33
13,49958577,10,2,387
13,49958586,5,6,238
13,49958958,7,0,227
13,49959018,8,0,362
13,49959020,12,0,361
13,49959056,10,1,199
13,49959070,14,2,308
13,49959361,15,8,137
13,49959623,7,1,242
13,49959654,101,100,67
13,49959869,251,215,25
13,49960084,253,240,54
13,49960353,7,1,170
13,49960793,10,7,364
13,49960901,91,48,27
13,49961057,81,65,118
13,49961124,38,9,62
13,49961861,100,62,5
13,49961890,74,107,66
13,49962012,272,221,2
13,49962857,101,77,3
13,49963044,3,0,81
13,49963094,60,18,5
13,49963171,124,66,3
13,49963366,178,144,1
13,49964018,18,3,13
13,49964045,12,2,19
13,49964248,33,76,17
13,49964265,16,7,3
13,49964303,46,26,1
14,49905644,146,44,234
14,49906100,277,126,137
14,49906295,15,7,372
14,49906432,466,499,322
14,49906563,19,30,409
14,49906637,682,362,217
14,49907057,216,199,446
14,49907601,32,16,465
14,49907802,30,1,338
14,49908055,47,2,24
14,49908394,339,641,266
14,49908570,105,21,81
14,49908962,180,72,224
14,49909005,58,2,244
14,49909015,8,0,436
14,49909056,243,51,286
14,49909583,395,171,236
14,49909610,105,27,237
14,49909900,10,0,328
14,49909908,86,25,260
14,49909913,24,16,413
14,49910328,39,38,388
14,49910425,13,0,162
14,49910462,464,428,84
14,49910465,135,114,42
14,49910613,69,37,288
14,49911472,12,0,320
14,49911500,121,42,203
14,49911520,36,2,474
14,49911534,83,22,271
14,49911743,30,5,459
14,49911757,130,78,333
14,49911995,194,99,171
14,49912048,108,35,227
14,49912091,53,5,185
14,49912094,33,14,359
14,49912444,229,106,291
14,49912782,17,0,426
14,49912792,303,59,248
14,49912955,253,98,278
14,49913106,44,4,139
14,49913192,249,129,257
14,49913255,126,51,406
14,49913331,20,0,491
14,49913350,192,11,298
14,49913364,121,91,381
14,49913458,120,104,442
14,49913571,1699,1187,110
14,49913604,54,11,290
14,49913724,17,2,393
14,49913731,94,16,429
14,49913886,21,1,392
14,49913975,99,47,371
14,49914005,15,7,427
14,49914236,112,61,453
14,49914516,29,1,489
14,49914657,41,3,326
14,49915060,58,18,349
14,49915082,306,162,247
14,49915119,32,2,337
14,49915126,274,111,254
14,49915888,4,0,499
14,49916007,23,15,282
14,49916550,16,1,57
14,49916753,69,11,50
14,49916865,12,1,435
14,49916997,33,17,362
14,49917039,3,3,492
14,49917102,31,1,495
14,49917536,380,331,26
14,49917900,54,4,8
14,49918147,25,9,498
14,49918161,89,195,281
14,49918480,14,0,261
14,49919333,6,0,484
14,49919676,167,156,89
14,49919910,189,111,152
14,49920090,6,0,416
14,49920160,629,178,174
14,49920173,3,0,478
14,49920234,411,378,241
14,49920329,4,0,444
14,49920332,54,37,32
14,49920582,6,0,477
14,49920650,36,34,487
14,49920785,41,45,15
14,49920804,3,0,475
14,49920896,279,171,142
14,49920932,394,444,220
14,49921050,210,160,313
14,49921051,90,65,461
14,49921254,3,0,472
14,49921798,213,62,134
14,49921825,54,28,177
14,49921834,15,0,263
14,49921923,290,112,135
14,49922074,55,112,107
14,49922075,34,6,430
14,49922155,12,8,406
14,49922212,92,31,270
14,49922278,287,226,267
14,49922437,176,51,155
14,49922515,158,49,187
14,49922568,130,528,182
14,49922569,266,303,186
14,49922594,59,6,226
14,49922674,288,67,216
14,49922729,187,106,303
14,49922736,82,28,265
14,49922772,5,1,466
14,49923056,213,143,301
14,49923125,38,6,29
14,49923466,397,116,118
14,49923602,41,11,130
14,49923638,88,7,230
14,49923692,638,217,143
14,49923873,275,64,92
14,49923944,26,0,329
14,49924121,19,1,224
14,49924179,571,536,184
14,49924275,67,10,336
14,49924301,8,1,432
14,49924385,36,11,422
14,49924543,37,11,343
14,49924618,202,271,136
14,49924726,4,1,431
14,49924795,38,2,17
14,49924943,49,9,297
14,49925036,126,49,207
14,49925184,671,172,109
14,49925261,52,79,273
14,49925602,128,77,178
14,49925606,20,0,483
14,49925653,57,38,209
14,49925742,124,21,183
14,49925812,87,70,242
14,49925969,506,72,204
14,49925974,437,96,128
14,49926069,1684,602,202
14,49926185,31,15,295
14,49926411,369,185,125
14,49926512,150,76,201
14,49926536,409,179,196
14,49926581,18,7,370
14,49926609,59,5,161
14,49926628,262,236,127
14,49926641,15,1,488
14,49926691,11,12,339
14,49926726,62,50,431
14,49926773,106,19,176
14,49926792,24,1,317
14,49926917,226,79,231
14,49926986,13,2,356
14,49927100,235,194,311
14,49927212,166,48,164
14,49927295,32,9,188
14,49927514,36,5,145
14,49927587,41,28,275
14,49927652,8,6,421
14,49927682,12,2,420
14,49927686,15,6,391
14,49927747,348,341,171
14,49927754,804,406,94
14,49927760,582,129,169
14,49927844,27,5,321
14,49927854,33,15,213
14,49927872,32,9,268
14,49927981,11,8,418
14,49928011,10,5,358
14,49928054,35,72,397
14,49928099,14,0,485
14,49928118,18,3,355
14,49928121,576,408,141
14,49928148,35,14,312
14,49928152,78,19,250
14,49928192,226,35,95
14,49928196,45,2,126
14,49928215,102,9,151
14,49928218,61,2,357
14,49928361,173,36,80
14,49928550,17,1,468
14,49928565,5,1,412
14,49928566,385,113,149
14,49928740,14,6,382
14,49928862,17,1,20
14,49928873,6,0,410
14,49928963,137,121,292
14,49929113,255,369,389
14,49929312,40,6,165
14,49929381,22,1,284
14,49929391,337,127,152
14,49929461,5,2,368
14,49929489,415,226,158
14,49929925,23,2,304
14,49930027,22,7,456
14,49930047,309,83,99
14,49930061,18,6,482
14,49930225,3,0,440
14,49930364,19,3,479
14,49930439,218,35,33
14,49930872,46,13,23
14,49931031,151,50,147
14,49931067,4,0,434
14,49931195,34,7,239
14,49931596,16,6,469
14,49931725,33,14,195
14,49931993,90,32,103
14,49932079,89,50,166
14,49932141,3,0,428
14,49932147,405,82,124
14,49932191,80,77,148
14,49932236,207,75,16
14,49932340,95,20,132
14,49932350,16,7,104
14,49932362,5,0,424
14,49932402,257,262,168
14,49932509,33,10,211
14,49932610,85,66,348
14,49932694,24,4,283
14,49932911,88,18,131
14,49933035,4,0,387
14,49933069,16,4,123
14,49933230,172,59,192
14,49933235,311,186,207
14,49933251,76,59,403
14,49933288,13,3,318
14,49933381,26,3,330
14,49933461,191,84,55
14,49933476,129,45,27
14,49933587,36,0,219
14,49933740,288,149,163
14,49933755,11,5,108
14,49933810,10,3,315
14,49933869,268,206,159
14,49934012,23,3,307
14,49934078,95,46,48
14,49934084,8,0,413
14,49934125,25,7,345
14,49934261,60,12,121
14,49934351,10,1,251
14,49934399,53,22,296
14,49934569,50,23,383
14,49934620,230,180,191
14,49934631,46,28,415
14,49934784,218,117,200
14,49935038,85,45,58
14,49935097,74,10,111
14,49935250,32,12,98
14,49935751,110,26,256
14,49935797,44,11,198
14,49935867,229,174,405
14,49935872,25,1,270
14,49936017,77,13,76
14,49936094,5,1,379
14,49936105,8,0,340
14,49936398,23,4,299
14,49936499,41,5,215
14,49936575,359,104,157
14,49936641,34,11,359
14,49936671,51,18,194
14,49936717,7,1,496
14,49936725,100,37,279
14,49936909,43,36,341
14,49936952,6,1,376
14,49936964,37,16,210
14,49937035,9,0,458
14,49937120,6,0,494
14,49937146,81,16,150
14,49937193,11,5,354
14,49937239,20,8,424
14,49937276,564,337,122
14,49937304,117,47,95
14,49937352,10,1,375
14,49937387,35,38,374
14,49937388,12,0,352
14,49937504,250,112,102
14,49937510,11,5,373
14,49937540,224,133,101
14,49937571,24,6,267
14,49937631,309,219,181
14,49937718,145,102,325
14,49937916,156,50,129
14,49937995,17,8,433
14,49938047,131,118,223
14,49938270,3,0,395
14,49938271,9,1,454
14,49938306,107,153,197
14,49938326,42,1,115
14,49938399,152,30,85
14,49938412,5,0,332
14,49938443,17,1,465
14,49938477,148,43,273
14,49938521,270,208,346
14,49938616,164,109,200
14,49938748,13,3,347
14,49938783,26,3,240
14,49938815,51,7,316
14,49938916,4,3,367
14,49939265,24,0,411
14,49939300,6,0,486
14,49939308,53,13,40
14,49939513,21,6,255
14,49939637,63,14,67
14,49939788,54,6,334
14,49939814,12,1,408
14,49939963,8,0,481
14,49940044,67,30,30
14,49940152,51,11,162
14,49940201,11,0,456
14,49940219,212,79,249
14,49940233,33,3,205
14,49940267,17,1,305
14,49940309,7,0,361
14,49940317,18,6,287
14,49940394,461,136,111
14,49940467,47,27,285
14,49940482,74,34,84
14,49940505,68,73,493
14,49940517,7,1,500
14,49940539,9,0,455
14,49940736,16,3,302
14,49940826,9,0,470
14,49940866,7,5,497
14,49940877,83,16,116
14,49940955,13,30,438
14,49941091,204,95,175
14,49941114,516,128,133
14,49941447,192,118,156
14,49941501,5,1,471
14,49941572,27,22,229
14,49941641,70,28,106
14,49941764,26,4,177
14,49942008,11,7,402
14,49942103,92,54,91
14,49942130,116,80,52
14,49942208,6,4,461
14,49942429,37,2,168
14,49942434,76,65,309
14,49942706,682,330,83
14,49942818,74,94,302
14,49942939,42,15,448
14,49943066,8,0,463
14,49943451,154,168,324
14,49943479,68,12,9
14,49943637,160,33,18
14,49943685,53,33,43
14,49943699,15,5,416
14,49943862,9,5,437
14,49943964,6,0,457
14,49944127,76,62,444
14,49944227,479,799,93
14,49944369,38,6,138
14,49944899,8,0,403
14,49944912,205,79,72
14,49945030,12,0,452
14,49945156,4,2,451
14,49945193,6,0,343
14,49945323,167,155,78
14,49945352,48,40,211
14,49945618,9,0,422
14,49945630,14,1,449
14,49945838,15,4,366
14,49945860,6,0,447
14,49945904,1,0,66
14,49945933,368,272,70
14,49945978,7,0,306
14,49945985,8,1,417
14,49946016,6,1,479
14,49946076,77,55,218
14,49946148,102,69,24
14,49946228,405,797,71
14,49946303,10,0,443
14,49946321,118,168,179
14,49946355,327,194,44
14,49946393,363,87,90
14,49946394,6,2,474
14,49946403,233,264,173
14,49946526,144,195,64
14,49946567,237,157,190
14,49946576,33,2,365
14,49946622,6,0,440
14,49946707,61,7,96
14,49946827,62,34,253
14,49946845,71,10,114
14,49946895,483,102,68
14,49946917,12,0,490
14,49947051,220,207,61
14,49947176,60,8,234
14,49947472,151,86,41
14,49947527,9,2,399
14,49947559,5,2,398
14,49947565,81,82,40
14,49947631,242,115,57
14,49947799,20,1,351
14,49947816,6,0,318
14,49948161,12,1,368
14,49948254,488,268,154
14,49948300,219,37,13
14,49948615,11,0,389
14,49948738,25,7,116
14,49948770,13,2,99
14,49949235,615,305,66
14,49949438,912,199,20
14,49949457,6,0,463
14,49949496,12,7,386
14,49949588,161,94,73
14,49949914,6,0,222
14,49949946,4,0,297
14,49949990,16,0,314
14,49950052,164,423,104
14,49950108,9,9,380
14,49950288,21,20,275
14,49950554,314,331,36
14,49950653,5,1,214
14,49950771,5,2,277
14,49950818,13,6,118
14,49950938,11,2,349
14,49951139,73,30,198
14,49951218,138,37,51
14,49951615,4,0,259
14,49951641,64,52,63
14,49951881,174,201,112
14,49951891,94,38,39
14,49951966,29,56,248
14,49952029,107,16,62
14,49952111,156,71,45
14,49952207,12,2,323
14,49952956,6,0,470
14,49953116,106,92,239
14,49953179,12,0,329
14,49953191,15,0,261
14,49953288,132,40,34
14,49953495,862,386,10
14,49953509,15,4,291
14,49953777,73,206,77
14,49954243,23,7,290
14,49954755,6,2,363
14,49954875,23,10,86
14,49955297,102,132,37
14,49955544,15,4,230
14,49955572,20,4,393
14,49955600,5,0,351
14,49956003,83,12,47
14,49956035,52,57,54
14,49956092,90,123,49
14,49956148,37,9,141
14,49956183,11,1,361
14,49956275,11,2,449
14,49956396,9,2,340
14,49956574,44,15,117
14,49956681,324,104,14
14,49956736,16,0,383
14,49956771,39,13,65
14,49957028,18,10,82
14,49957068,473,611,26
14,49957116,684,456,21
14,49957117,78,49,53
14,49957275,6,0,286
14,49957496,25,1,138
14,49957570,12,3,397
14,49957602,25,6,221
14,49957792,9,8,243
14,49957812,188,21,12
14,49957831,8,0,395
14,49957870,8,8,269
14,49958109,9,0,233
14,49958261,22,3,188
14,49958358,18,12,228
14,49958569,171,36,38
14,49958577,10,2,398
14,49958586,5,6,254
14,49958958,7,0,242
14,49959018,9,0,374
14,49959020,12,0,373
14,49959056,10,1,213
14,49959070,14,2,321
14,49959361,15,8,155
14,49959623,7,1,258
14,49959654,101,105,79
14,49959869,263,223,29
14,49960084,263,247,59
14,49960353,7,1,190
14,49960793,10,7,380
14,49960901,94,54,34
14,49961057,83,67,129
14,49961124,39,10,70
14,49961861,107,66,6
14,49961890,74,109,71
14,49962012,302,236,3
14,49962857,121,103,11
14,49963044,6,0,75
14,49963094,83,24,4
14,49963171,161,90,3
14,49963287,5,0,93
14,49963366,221,199,2
14,49963385,8,0,29
14,49963394,6,0,23
14,49963895,8,10,10
14,49964018,34,10,21
14,49964045,37,20,15
14,49964248,37,95,308
14,49964265,44,21,3
14,49964303,123,76,1
14,49964537,36,34,11
14,49965042,6,1,36
15,49905644,146,44,238
15,49906100,277,126,143
15,49906295,15,7,376
15,49906432,466,499,327
15,49906563,19,30,414
15,49906637,682,362,223
15,49907057,216,199,450
15,49907601,32,16,468
15,49907802,30,1,342
15,49908055,50,3,26
15,49908394,339,641,271
15,49908570,105,21,85
15,49908962,180,72,229
15,49909005,58,2,248
15,49909015,8,0,441
15,49909056,243,51,292
15,49909583,395,171,241
15,49909610,105,27,242
15,49909900,10,0,332
15,49909908,86,25,264
15,49909913,24,16,416
15,49910328,39,38,393
15,49910425,13,0,172
15,49910462,466,431,89
15,49910465,135,114,46
15,49910613,69,37,294
15,49911472,12,0,325
15,49911500,121,42,209
15,49911520,36,2,478
15,49911534,83,22,276
15,49911743,30,5,462
15,49911757,130,78,335
15,49911995,194,99,176
15,49912048,108,35,233
15,49912091,53,5,191
15,49912094,33,14,362
15,49912444,229,106,296
15,49912782,17,0,429
15,49912792,303,59,251
15,49912955,253,98,283
15,49913106,44,4,144
15,49913192,249,129,262
15,49913255,126,51,409
15,49913331,20,0,495
15,49913350,192,11,303
15,49913364,121,91,384
15,49913458,120,104,446
15,49913571,1699,1187,114
15,49913604,54,11,295
15,49913724,17,2,398
15,49913731,94,16,434
15,49913886,21,1,397
15,49913975,99,47,373
15,49914005,15,7,432
15,49914236,112,61,457
15,49914516,29,1,494
15,49914657,41,3,328
15,49915060,58,18,353
15,49915082,306,162,250
15,49915119,32,2,341
15,49915126,275,111,257
15,49916007,23,15,288
15,49916550,16,1,63
15,49916753,72,11,54
15,49916865,12,1,440
15,49916997,33,17,366
15,49917039,3,3,496
15,49917102,31,1,500
15,49917536,396,346,29
15,49917784,8,0,16
15,49917900,73,11,8
15,49918161,89,195,287
15,49918480,14,0,265
15,49919333,6,0,489
15,49919676,167,156,92
15,49919910,189,111,157
15,49920090,6,0,421
15,49920160,629,178,179
15,49920173,3,0,483
15,49920234,411,378,246
15,49920329,4,0,448
15,49920332,55,39,36
15,49920582,6,0,480
15,49920650,36,34,492
15,49920785,42,45,115
15,49920804,3,0,479
15,49920896,279,171,147
15,49920932,394,444,227
15,49921050,210,160,318
15,49921051,90,65,466
15,49921254,3,0,477
15,49921798,214,62,141
15,49921825,54,28,183
15,49921834,15,0,267
15,49921923,291,112,140
15,49922074,55,114,112
15,49922075,34,6,435
15,49922155,12,8,411
15,49922212,92,31,277
15,49922278,287,227,273
15,49922437,176,51,160
15,49922515,158,49,193
15,49922568,130,529,187
15,49922569,266,305,192
15,49922594,59,6,231
15,49922674,288,67,221
15,49922729,187,106,307
15,49922736,82,28,270
15,49922772,5,1,470
15,49923056,213,143,305
15,49923125,41,8,32
15,49923466,397,116,122
15,49923602,41,11,137
15,49923638,88,7,234
15,49923692,638,217,148
15,49923873,275,65,95
15,49923944,26,0,333
15,49924121,19,1,232
15,49924179,572,536,190
15,49924275,67,10,340
15,49924301,8,1,437
15,49924385,36,11,427
15,49924543,37,11,346
15,49924618,202,271,142
15,49924726,4,1,436
15,49924795,46,3,19
15,49924943,49,9,304
15,49925036,126,49,212
15,49925184,671,172,113
15,49925261,52,79,279
15,49925602,128,77,184
15,49925606,20,0,488
15,49925653,57,38,215
15,49925742,124,21,189
15,49925812,87,70,247
15,49925969,506,72,210
15,49925974,437,96,134
15,49926069,1684,602,208
15,49926185,31,15,299
15,49926411,369,185,131
15,49926512,150,76,205
15,49926536,409,179,201
15,49926581,18,7,372
15,49926609,59,5,166
15,49926628,262,236,133
15,49926641,15,1,493
15,49926691,11,12,343
15,49926726,62,50,442
15,49926773,106,19,181
15,49926792,24,1,322
15,49926917,226,79,235
15,49926986,13,2,360
15,49927100,236,194,316
15,49927212,166,48,170
15,49927295,32,9,194
15,49927514,36,5,150
15,49927587,41,28,281
15,49927652,8,6,425
15,49927682,12,2,424
15,49927686,15,6,396
15,49927747,349,341,178
15,49927754,804,410,99
15,49927760,583,129,174
15,49927844,27,5,326
15,49927854,33,15,219
15,49927872,32,9,274
15,49927981,11,8,422
15,49928011,10,5,363
15,49928054,35,72,401
15,49928099,14,0,490
15,49928118,18,3,358
15,49928121,576,409,146
15,49928148,36,14,317
15,49928152,78,19,252
15,49928192,227,35,100
15,49928196,45,2,132
15,49928215,102,9,158
15,49928218,61,2,361
15,49928361,173,36,83
15,49928550,17,1,473
15,49928565,5,1,417
15,49928566,386,113,155
15,49928740,14,6,386
15,49928862,33,6,16
15,49928873,6,0,415
15,49928963,137,121,297
15,49929113,255,369,394
15,49929312,40,6,173
15,49929381,22,1,290
15,49929391,337,127,159
15,49929461,5,2,374
15,49929489,415,226,164
15,49929925,23,2,311
15,49930027,22,7,461
15,49930047,309,83,104
15,49930061,18,6,487
15,49930225,3,0,445
15,49930364,19,3,484
15,49930439,218,36,35
15,49930872,56,21,23
15,49931031,152,50,149
15,49931067,4,0,439
15,49931195,34,7,244
15,49931596,16,6,474
15,49931725,33,14,200
15,49931993,90,32,108
15,49932079,89,50,171
15,49932141,3,0,433
15,49932147,405,82,129
15,49932191,80,77,154
15,49932236,212,84,16
15,49932340,95,20,138
15,49932350,16,7,111
15,49932362,5,0,430
15,49932402,257,262,175
15,49932509,33,10,217
15,49932610,86,66,352
15,49932694,24,4,289
15,49932911,89,18,136
15,49933035,4,0,390
15,49933069,16,4,130
15,49933230,172,59,197
15,49933235,311,186,214
15,49933251,77,59,405
15,49933288,13,3,323
15,49933381,26,3,334
15,49933461,191,84,58
15,49933476,141,54,28
15,49933587,36,0,225
15,49933740,289,149,169
15,49933755,11,5,116
15,49933810,10,3,320
15,49933869,268,206,165
15,49934012,23,3,314
15,49934078,95,46,52
15,49934084,8,0,419
15,49934125,25,7,348
15,49934261,60,12,124
15,49934351,10,1,258
15,49934399,53,22,302
15,49934569,50,23,387
15,49934620,230,180,195
15,49934631,46,28,420
15,49934784,218,117,206
15,49935038,85,45,62
15,49935097,74,10,119
15,49935250,32,12,103
15,49935751,110,26,261
15,49935797,44,11,204
15,49935867,229,174,408
15,49935872,25,1,278
15,49936017,77,13,78
15,49936094,5,1,381
15,49936105,8,0,344
15,49936398,23,4,306
15,49936499,41,5,220
15,49936575,359,104,163
15,49936641,34,11,364
15,49936644,9,0,366
15,49936671,51,18,199
15,49936725,100,37,284
15,49936909,43,36,345
15,49936952,6,1,380
15,49936964,37,16,216
15,49937035,9,0,464
15,49937120,6,0,498
15,49937146,81,16,156
15,49937193,11,5,357
15,49937239,20,8,431
15,49937276,564,337,128
15,49937304,118,47,101
15,49937352,10,1,379
15,49937387,35,38,378
15,49937388,12,0,356
15,49937504,250,112,107
15,49937510,11,5,377
15,49937540,224,133,105
15,49937571,24,6,272
15,49937631,310,219,185
15,49937718,145,103,329
15,49937916,156,50,135
15,49937995,17,8,438
15,49938047,131,118,228
15,49938270,3,0,399
15,49938271,9,1,459
15,49938306,107,153,202
15,49938326,43,1,121
15,49938399,152,30,87
15,49938412,5,0,336
15,49938443,17,1,471
15,49938477,148,43,280
15,49938521,270,208,350
15,49938616,164,109,213
15,49938748,13,3,351
15,49938783,26,3,245
15,49938815,51,7,321
15,49938916,4,3,371
15,49939265,24,0,418
15,49939300,6,0,491
15,49939308,53,13,45
15,49939513,21,6,260
15,49939637,63,14,73
15,49939788,54,6,339
15,49939814,12,1,413
15,49939963,8,0,486
15,49940044,68,32,34
15,49940152,52,11,168
15,49940201,11,0,463
15,49940219,212,80,253
15,49940233,33,3,211
15,49940267,17,1,312
15,49940309,7,0,365
15,49940317,18,6,293
15,49940394,461,136,117
15,49940467,47,27,291
15,49940482,74,34,88
15,49940505,68,73,499
15,49940539,9,0,460
15,49940584,5,0,400
15,49940736,16,3,308
15,49940826,9,0,475
15,49940877,83,16,123
15,49940955,13,30,443
15,49941091,204,95,182
15,49941114,516,128,139
15,49941447,192,118,162
15,49941501,5,1,476
15,49941572,27,22,237
15,49941641,71,28,110
15,49941764,26,4,188
15,49942008,11,7,406
15,49942103,92,54,94
15,49942130,119,81,56
15,49942208,6,4,467
15,49942429,37,2,177
15,49942434,78,65,315
15,49942706,685,330,86
15,49942818,74,94,310
15,49942939,43,16,393
15,49942949,3,0,376
15,49943066,8,0,469
15,49943451,154,168,330
15,49943479,85,30,9
15,49943598,4,0,371
15,49943637,165,33,22
15,49943685,54,33,48
15,49943699,15,5,423
15,49943862,9,5,444
15,49943964,6,0,465
15,49944127,76,62,454
15,49944227,480,800,97
15,49944369,38,6,145
15,49944451,4,0,366
15,49944899,8,0,410
15,49944912,207,79,76
15,49945030,12,0,458
15,49945156,4,2,455
15,49945193,6,0,349
15,49945323,167,155,81
15,49945352,48,40,218
15,49945445,3,1,353
15,49945618,9,0,428
15,49945630,14,1,453
15,49945838,15,4,370
15,49945860,6,0,452
15,49945904,1,0,61
15,49945933,369,276,74
15,49945978,7,0,313
15,49945985,8,1,426
15,49946016,6,1,485
15,49946076,77,55,224
15,49946148,108,73,27
15,49946228,407,803,75
15,49946303,10,0,449
15,49946321,118,168,186
15,49946355,328,198,47
15,49946393,363,87,93
15,49946394,6,2,482
15,49946403,233,264,180
15,49946526,145,198,69
15,49946567,237,157,196
15,49946576,33,2,369
15,49946622,6,0,447
15,49946707,61,7,102
15,49946827,62,34,259
15,49946845,71,10,118
15,49946895,485,103,71
15,49946917,12,0,497
15,49947051,223,208,64
15,49947176,60,9,243
15,49947472,151,86,42
15,49947527,9,2,404
15,49947559,5,2,403
15,49947565,83,84,50
15,49947631,243,117,61
15,49947799,20,1,355
15,49947816,6,0,324
15,49948161,12,1,375
15,49948254,490,269,161
15,49948300,238,38,13
15,49948615,11,0,395
15,49948738,25,7,125
15,49948770,13,2,106
15,49949235,615,305,70
15,49949438,914,200,59
15,49949457,6,0,472
15,49949496,12,7,391
15,49949588,161,94,77
15,49949914,6,0,230
15,49949946,4,0,309
15,49949990,16,0,319
15,49950052,164,424,109
15,49950108,9,9,385
15,49950288,21,20,282
15,49950554,317,334,40
15,49950653,6,1,206
15,49950771,5,2,286
15,49950818,13,6,127
15,49950938,11,2,354
15,49951139,73,31,207
15,49951218,141,37,55
15,49951615,4,0,266
15,49951641,66,52,68
15,49951693,3,0,271
15,49951881,174,203,120
15,49951891,95,40,42
15,49951966,29,56,256
15,49952029,107,16,66
15,49952111,158,71,49
15,49952207,12,2,331
15,49952956,6,0,481
15,49953116,106,92,263
15,49953179,12,0,337
15,49953191,15,0,269
15,49953288,136,41,37
15,49953495,873,391,10
15,49953509,15,4,301
15,49953777,75,217,80
15,49954243,23,7,300
15,49954379,3,1,224
15,49954755,6,2,367
15,49954875,23,10,91
15,49955297,104,140,41
15,49955544,15,4,239
15,49955572,20,4,400
15,49955600,5,0,359
15,49956003,83,12,51
15,49956035,53,59,57
15,49956092,92,128,53
15,49956148,38,9,152
15,49956183,11,1,368
15,49956275,11,2,456
15,49956290,78,71,3
15,49956396,9,2,347
15,49956574,44,17,126
15,49956681,335,111,14
15,49956736,16,0,388
15,49956771,40,13,72
15,49957028,18,10,90
15,49957068,478,633,30
15,49957116,705,467,24
15,49957117,78,49,60
15,49957275,6,0,298
15,49957496,26,1,151
15,49957570,12,3,407
15,49957602,26,7,236
15,49957792,9,9,254
15,49957812,201,25,12
15,49957831,8,0,402
15,49957870,8,8,285
15,49958109,9,0,249
15,49958261,22,3,198
15,49958358,18,12,240
15,49958569,174,37,44
15,49958577,10,2,412
15,49958586,5,6,268
15,49958958,7,0,255
15,49959018,10,0,383
15,49959020,13,0,382
15,49959056,10,1,226
15,49959070,14,2,338
15,49959361,15,8,167
15,49959623,7,1,275
15,49959654,103,110,96
15,49959869,268,228,33
15,49960084,267,254,65
15,49960353,7,1,203
15,49960793,10,8,392
15,49960901,95,57,39
15,49961057,88,69,135
15,49961124,40,10,79
15,49961861,122,71,5
15,49961890,76,112,84
15,49962012,329,249,3
15,49962857,139,123,17
15,49963044,7,0,82
15,49963094,115,25,4
15,49963171,201,107,3
15,49963287,5,0,98
15,49963366,277,243,2
15,49963385,50,16,10
15,49963386,4,1,31
15,49963394,12,2,18
15,49963895,25,59,7
15,49964018,49,20,20
15,49964045,70,29,15
15,49964248,45,104,389
15,49964265,53,27,11
15,49964303,225,122,1
15,49964537,47,68,25
15,49965042,15,17,29
15,49965047,16,1,28
15,49965308,15,0,5
15,49965497,68,70,14
15,49965833,6,5,37
15,49965894,8,0,4
15,49965895,5,2,35
16,49905644,146,44,247
16,49906100,277,126,152
16,49906295,15,7,389
16,49906432,466,499,336
16,49906563,19,31,427
16,49906637,682,362,230
16,49907057,216,199,467
16,49907601,32,16,486
16,49907802,30,1,352
16,49908055,51,3,34
16,49908394,339,641,276
16,49908570,105,21,90
16,49908962,180,72,237
16,49909005,58,2,254
16,49909015,8,0,460
16,49909056,244,51,297
16,49909583,395,171,248
16,49909610,105,27,249
16,49909900,10,0,342
16,49909908,86,25,270
16,49909913,24,16,432
16,49910328,39,38,410
16,49910425,14,0,189
16,49910462,466,433,95
16,49910465,136,115,47
16,49910613,69,37,299
16,49911472,12,0,338
16,49911500,121,42,218
16,49911520,36,2,493
16,49911534,83,22,285
16,49911743,30,5,478
16,49911757,130,78,343
16,49911995,194,99,180
16,49912048,108,35,238
16,49912091,53,5,201
16,49912094,33,14,375
16,49912444,229,106,307
16,49912782,17,0,446
16,49912792,303,59,260
16,49912955,253,98,292
16,49913106,44,4,157
16,49913192,249,129,265
16,49913255,126,51,420
16,49913350,192,11,311
16,49913364,121,91,400
16,49913458,120,104,462
16,49913571,1699,1187,116
16,49913604,54,11,304
16,49913724,17,2,414
16,49913731,94,16,450
16,49913886,21,1,413
16,49913975,99,47,386
16,49914005,15,7,447
16,49914236,112,61,473
16,49914657,41,3,339
16,49915060,58,18,362
16,49915082,306,162,259
16,49915119,32,2,350
16,49915126,275,111,264
16,49916007,23,15,301
16,49916550,16,1,75
16,49916753,72,11,62
16,49916865,12,1,459
16,49916997,33,17,380
16,49917536,396,350,31
16,49917784,20,9,13
16,49917900,86,14,11
16,49918161,89,194,295
16,49918480,14,0,273
16,49919676,167,156,94
16,49919910,189,111,162
16,49920090,6,0,438
16,49920160,629,178,184
16,49920173,3,0,499
16,49920234,411,377,251
16,49920329,4,0,466
16,49920332,58,39,43
16,49920582,6,0,498
16,49920785,42,44,129
16,49920804,3,0,495
16,49920896,279,171,154
16,49920932,394,444,236
16,49921050,210,160,329
16,49921051,90,65,484
16,49921254,3,0,492
16,49921798,214,63,147
16,49921825,54,28,192
16,49921834,15,0,275
16,49921923,291,112,145
16,49922074,55,115,133
16,49922075,34,6,454
16,49922155,12,8,425
16,49922212,92,31,286
16,49922278,288,227,280
16,49922437,176,51,167
16,49922515,158,49,200
16,49922568,130,532,191
16,49922569,266,308,199
16,49922594,59,6,239
16,49922674,288,67,231
16,49922729,187,106,315
16,49922736,82,28,277
16,49922772,5,1,487
16,49923056,213,143,313
16,49923125,45,8,36
16,49923466,397,116,127
16,49923602,41,11,148
16,49923638,88,7,242
16,49923692,638,217,156
16,49923873,275,65,97
16,49923944,26,0,341
16,49924121,19,1,241
16,49924179,572,536,196
16,49924275,67,10,351
16,49924301,8,1,456
16,49924385,36,11,443
16,49924543,37,11,357
16,49924618,202,271,146
16,49924726,4,1,455
16,49924795,56,4,21
16,49924943,49,9,313
16,49925036,126,49,220
16,49925184,672,172,117
16,49925261,52,79,287
16,49925602,128,77,193
16,49925653,57,38,224
16,49925742,124,21,195
16,49925812,87,70,253
16,49925969,506,72,226
16,49925974,437,96,140
16,49926069,1684,603,216
16,49926185,31,15,310
16,49926411,369,185,135
16,49926512,150,76,212
16,49926536,410,179,209
16,49926581,18,7,387
16,49926609,59,5,175
16,49926628,262,236,137
16,49926691,11,12,353
16,49926726,62,50,461
16,49926773,106,19,186
16,49926792,24,1,332
16,49926917,226,79,243
16,49926986,13,2,374
16,49927100,236,194,328
16,49927212,166,48,176
16,49927295,32,10,205
16,49927514,36,5,161
16,49927587,41,28,291
16,49927652,8,6,442
16,49927682,12,2,441
16,49927686,15,6,415
16,49927747,349,341,183
16,49927754,804,410,99
16,49927760,583,131,181
16,49927844,27,5,337
16,49927854,33,15,228
16,49927872,32,9,284
16,49927981,11,8,439
16,49928011,10,5,377
16,49928054,35,72,418
16,49928118,18,3,367
16,49928121,576,409,155
16,49928148,37,14,330
16,49928152,78,19,261
16,49928192,227,35,98
16,49928196,45,2,142
16,49928215,102,9,164
16,49928218,61,2,376
16,49928361,173,36,88
16,49928550,17,1,488
16,49928565,5,1,433
16,49928566,387,113,161
16,49928740,14,6,402
16,49928862,47,8,14
16,49928873,6,0,431
16,49928963,137,121,308
16,49929113,255,369,411
16,49929312,40,6,187
16,49929381,22,1,299
16,49929391,337,127,166
16,49929461,5,2,391
16,49929489,415,226,168
16,49929925,23,2,319
16,49930027,22,7,479
16,49930047,309,83,107
16,49930225,3,0,464
16,49930364,19,3,500
16,49930439,220,36,38
16,49930872,61,23,26
16,49931031,152,50,158
16,49931067,4,0,458
16,49931195,34,7,252
16,49931596,16,6,489
16,49931725,33,14,210
16,49931993,91,32,112
16,49932079,89,50,179
16,49932141,3,0,452
16,49932147,405,82,134
16,49932191,80,77,160
16,49932236,223,89,23
16,49932340,95,20,148
16,49932350,16,8,120
16,49932362,5,0,449
16,49932402,259,262,182
16,49932509,33,10,227
16,49932610,86,66,365
16,49932694,24,4,298
16,49932911,89,18,143
16,49933035,4,0,406
16,49933069,16,4,145
16,49933230,172,59,207
16,49933235,311,186,221
16,49933251,77,59,421
16,49933288,13,3,335
16,49933381,26,3,343
16,49933461,191,85,67
16,49933476,145,62,32
16,49933587,36,0,235
16,49933740,289,149,176
16,49933755,11,5,124
16,49933810,10,3,331
16,49933869,269,206,171
16,49934012,23,3,325
16,49934078,95,46,60
16,49934084,8,0,436
16,49934125,25,7,359
16,49934261,60,12,131
16,49934351,10,1,272
16,49934399,53,22,312
16,49934569,50,23,403
16,49934620,231,180,204
16,49934631,46,28,437
16,49934784,218,117,215
16,49935038,85,45,70
16,49935097,74,10,122
16,49935250,34,12,109
16,49935751,110,26,267
16,49935797,44,11,213
16,49935867,229,174,424
16,49935872,26,2,17
16,49936017,77,13,85
16,49936094,5,1,399
16,49936105,8,0,355
16,49936398,23,4,316
16,49936499,41,5,232
16,49936575,360,104,170
16,49936641,34,11,379
16,49936644,9,0,373
16,49936671,51,18,208
16,49936725,100,37,294
16,49936909,43,36,356
16,49936952,6,1,398
16,49936964,37,16,225
16,49937035,9,0,481
16,49937146,82,16,164
16,49937193,11,5,370
16,49937239,20,8,451
16,49937276,566,337,132
16,49937304,118,47,105
16,49937352,10,1,397
16,49937387,35,38,396
16,49937388,12,0,368
16,49937504,250,112,111
16,49937510,11,5,394
16,49937540,224,133,108
16,49937571,25,6,283
16,49937631,310,219,194
16,49937718,145,103,345
16,49937916,157,50,141
16,49937995,17,8,457
16,49938047,131,118,240
16,49938270,3,0,417
16,49938271,9,1,476
16,49938306,107,153,211
16,49938326,43,1,126
16,49938399,152,30,91
16,49938412,5,0,349
16,49938443,17,1,490
16,49938477,149,43,290
16,49938521,270,208,361
16,49938616,164,109,223
16,49938748,13,3,363
16,49938783,26,3,255
16,49938815,51,7,333
16,49938916,4,3,385
16,49939265,24,0,435
16,49939308,53,13,53
16,49939513,21,6,266
16,49939637,63,14,79
16,49939788,54,6,348
16,49939814,12,1,430
16,49940044,70,32,37
16,49940152,52,11,178
16,49940201,11,0,481
16,49940219,212,80,262
16,49940233,33,3,222
16,49940267,17,1,322
16,49940309,7,0,381
16,49940317,18,6,305
16,49940394,461,136,119
16,49940467,47,27,302
16,49940482,74,34,92
16,49940539,9,0,477
16,49940584,5,0,407
16,49940736,16,3,317
16,49940826,9,0,495
16,49940877,83,16,130
16,49940955,13,30,463
16,49941091,204,95,188
16,49941114,516,128,151
16,49941447,192,118,168
16,49941501,5,1,497
16,49941572,27,22,246
16,49941641,71,28,114
16,49941764,26,4,201
16,49942008,11,7,426
16,49942103,92,55,99
16,49942130,119,81,63
16,49942208,6,4,485
16,49942429,37,2,185
16,49942434,78,65,327
16,49942706,685,330,89
16,49942818,74,94,318
16,49942939,43,16,401
16,49942949,3,0,383
16,49943066,8,0,491
16,49943451,154,169,346
16,49943479,102,57,10
16,49943598,4,0,378
16,49943637,168,35,27
16,49943685,54,33,54
16,49943699,15,5,444
16,49943862,9,5,465
16,49943964,6,0,483
16,49944127,76,62,472
16,49944227,481,804,101
16,49944369,39,6,158
16,49944451,4,0,366
16,49944899,8,0,429
16,49944912,207,79,82
16,49945030,12,0,475
16,49945156,4,2,474
16,49945193,6,0,364
16,49945323,167,155,86
16,49945352,48,40,250
16,49945445,3,1,359
16,49945618,9,0,453
16,49945630,14,1,471
16,49945838,15,4,388
16,49945860,6,0,470
16,49945904,1,0,64
16,49945933,369,276,81
16,49945978,7,0,326
16,49945985,8,1,446
16,49946076,77,56,234
16,49946148,111,77,30
16,49946228,408,807,82
16,49946303,10,0,469
16,49946321,119,168,198
16,49946355,331,198,46
16,49946393,363,87,96
16,49946403,233,266,190
16,49946526,145,198,73
16,49946567,237,157,206
16,49946576,33,2,384
16,49946622,6,0,468
16,49946707,61,7,106
16,49946827,63,34,269
16,49946845,71,10,121
16,49946895,485,104,78
16,49947051,224,208,71
16,49947176,60,9,256
16,49947472,151,86,44
16,49947527,9,2,422
16,49947559,5,2,420
16,49947565,83,86,56
16,49947631,244,119,68
16,49947799,20,1,371
16,49947816,6,0,340
16,49948161,12,1,394
16,49948254,491,269,172
16,49948300,256,38,18
16,49948615,11,0,416
16,49948738,25,7,136
16,49948770,13,2,113
16,49949235,617,305,76
16,49949438,917,201,64
16,49949457,6,0,494
16,49949496,12,7,409
16,49949588,163,94,84
16,49949914,6,0,244
16,49949946,4,0,321
16,49949990,16,0,334
16,49950052,164,425,113
16,49950108,9,9,404
16,49950288,22,20,296
16,49950554,317,335,42
16,49950653,6,1,214
16,49950771,6,2,304
16,49950818,13,6,139
16,49950938,11,2,372
16,49951139,74,31,219
16,49951218,141,40,61
16,49951615,4,0,282
16,49951641,66,52,74
16,49951693,3,0,279
16,49951881,174,204,123
16,49951891,95,41,49
16,49951966,29,56,271
16,49952029,107,16,72
16,49952111,160,71,52
16,49952207,12,2,347
16,49953116,107,93,278
16,49953179,12,0,354
16,49953191,15,0,288
16,49953288,136,42,40
16,49953495,891,399,12
16,49953509,15,4,320
16,49953777,75,224,87
16,49954243,23,8,321
16,49954379,3,1,233
16,49954755,6,2,390
16,49954875,23,10,100
16,49955297,105,145,48
16,49955544,15,4,258
16,49955572,20,4,425
16,49955600,5,0,382
16,49956003,84,12,57
16,49956035,53,59,66
16,49956092,93,128,59
16,49956148,38,9,171
16,49956183,11,1,392
16,49956275,11,2,480
16,49956290,127,104,5
16,49956396,9,2,367
16,49956574,45,17,138
16,49956681,349,117,21
16,49956736,16,0,412
16,49956771,40,14,80
16,49957028,18,13,104
16,49957068,484,639,35
16,49957116,713,476,29
16,49957117,78,49,68
16,49957275,7,0,324
16,49957496,27,1,174
16,49957570,12,3,440
16,49957602,27,9,257
16,49957792,9,9,274
16,49957812,210,26,13
16,49957831,8,0,434
16,49957870,9,8,309
16,49958109,9,0,268
16,49958261,22,3,217
16,49958358,18,12,263
16,49958569,176,39,50
16,49958577,10,2,445
16,49958586,5,6,293
16,49958958,7,0,280
16,49959018,10,0,408
16,49959020,13,0,393
16,49959056,10,1,245
16,49959070,14,2,358
16,49959361,15,8,195
16,49959623,7,1,303
16,49959654,104,115,118
16,49959869,270,230,39
16,49960084,270,259,76
16,49960353,7,1,229
16,49960793,10,8,419
16,49960901,95,60,55
16,49961057,102,79,185
16,49961124,41,10,89
16,49961861,129,79,9
16,49961890,77,113,107
16,49962012,355,259,4
16,49962572,27,29,20
16,49962857,147,142,28
16,49963044,8,0,94
16,49963094,128,26,18
16,49963171,253,125,2
16,49963287,5,0,123
16,49963366,293,273,14
16,49963385,95,36,5
16,49963386,6,2,27
16,49963394,20,4,22
16,49963895,25,61,132
16,49964018,57,33,25
16,49964045,91,43,19
16,49964248,48,106,400
16,49964303,277,150,7
16,49964537,50,73,116
16,49965042,23,43,32
16,49965047,45,25,19
16,49965308,45,2,3
16,49965497,80,102,128
16,49965833,10,9,34
16,49965894,64,35,1
16,49965895,38,42,13
16,49966163,14,7,7
16,49966182,6,3,46
16,49966271,6,4,33
16,49966293,3,0,45
16,49966826,4,3,204
17,49905644,146,44,248
17,49906100,277,126,151
17,49906295,15,7,391
17,49906432,466,499,338
17,49906563,19,31,427
17,49906637,682,362,231
17,49907057,216,199,469
17,49907601,32,16,489
17,49907802,30,1,352
17,49908055,51,3,36
17,49908394,339,641,273
17,49908570,106,21,92
17,49908962,180,72,240
17,49909005,58,2,255
17,49909015,8,0,463
17,49909056,244,51,298
17,49909583,395,171,249
17,49909610,105,27,250
17,49909900,10,0,347
17,49909908,86,25,270
17,49909913,24,16,433
17,49910328,39,38,411
17,49910425,14,0,193
17,49910462,468,435,95
17,49910465,137,117,47
17,49910613,69,37,299
17,49911472,12,0,342
17,49911500,121,42,219
17,49911520,36,2,496
17,49911534,84,22,284
17,49911743,30,5,480
17,49911757,130,78,345
17,49911995,194,99,181
17,49912048,108,35,241
17,49912091,53,5,202
17,49912094,33,14,376
17,49912444,229,106,308
17,49912782,17,0,447
17,49912792,303,59,261
17,49912955,253,98,293
17,49913106,44,4,158
17,49913192,250,129,267
17,49913255,127,51,422
17,49913350,192,11,311
17,49913364,121,91,402
17,49913458,121,104,465
17,49913571,1699,1187,115
17,49913604,54,11,306
17,49913724,17,2,416
17,49913731,95,16,449
17,49913886,21,1,414
17,49913975,99,47,387
17,49914005,15,7,448
17,49914236,112,61,474
17,49914657,41,3,341
17,49915060,58,18,362
17,49915082,306,162,260
17,49915119,32,2,351
17,49915126,275,111,266
17,49916007,23,15,304
17,49916550,16,1,77
17,49916753,72,11,60
17,49916865,12,1,462
17,49916997,33,17,383
17,49917536,397,355,70
17,49917784,30,24,11
17,49917900,97,21,9
17,49918161,89,194,297
17,49918480,14,0,275
17,49919676,168,156,93
17,49919910,189,111,161
17,49920090,6,0,439
17,49920160,629,178,185
17,49920234,412,377,252
17,49920329,4,0,470
17,49920332,60,39,45
17,49920582,6,0,499
17,49920785,42,46,135
17,49920804,3,0,497
17,49920896,280,171,154
17,49920932,395,444,235
17,49921050,210,160,332
17,49921051,90,65,485
17,49921254,3,0,495
17,49921798,214,64,147
17,49921825,54,28,195
17,49921834,15,0,278
17,49921923,292,112,144
17,49922074,55,115,134
17,49922075,34,6,454
17,49922155,12,8,428
17,49922212,92,31,286
17,49922278,290,227,281
17,49922437,176,51,168
17,49922515,159,49,201
17,49922568,130,533,192
17,49922569,266,311,199
17,49922594,59,6,242
17,49922674,289,67,232
17,49922729,188,106,315
17,49922736,82,28,276
17,49922772,5,1,490
17,49923056,214,143,314
17,49923125,49,8,37
17,49923466,399,116,127
17,49923602,41,11,150
17,49923638,88,7,244
17,49923692,638,217,156
17,49923873,275,65,99
17,49923944,26,0,344
17,49924121,19,1,245
17,49924179,572,536,198
17,49924275,67,10,353
17,49924301,8,1,459
17,49924385,36,11,444
17,49924543,37,11,360
17,49924618,202,271,146
17,49924726,4,1,458
17,49924795,59,7,23
17,49924943,49,9,317
17,49925036,126,49,220
17,49925184,672,172,118
17,49925261,52,79,289
17,49925602,129,77,194
17,49925653,57,38,223
17,49925742,125,21,197
17,49925812,87,70,253
17,49925969,506,72,227
17,49925974,437,96,140
17,49926069,1684,603,217
17,49926185,31,15,312
17,49926411,370,187,137
17,49926512,151,76,213
17,49926536,410,179,210
17,49926581,18,7,389
17,49926609,59,5,174
17,49926628,262,236,138
17,49926691,11,12,356
17,49926726,62,50,464
17,49926773,106,19,187
17,49926792,24,1,335
17,49926917,226,79,246
17,49926986,13,2,375
17,49927100,237,194,330
17,49927212,166,48,177
17,49927295,32,10,207
17,49927514,36,5,163
17,49927587,41,28,290
17,49927652,8,6,443
17,49927682,12,2,442
17,49927686,15,6,417
17,49927747,350,341,186
17,49927754,804,410,98
17,49927760,583,131,183
17,49927844,27,5,339
17,49927854,33,15,230
17,49927872,32,9,285
17,49927981,11,8,441
17,49928011,10,5,380
17,49928054,35,72,421
17,49928118,18,3,369
17,49928121,576,409,155
17,49928148,37,14,333
17,49928152,79,19,262
17,49928192,228,35,97
17,49928196,45,2,145
17,49928215,102,9,165
17,49928218,61,2,378
17,49928361,173,36,88
17,49928550,17,1,491
17,49928565,5,1,435
17,49928566,387,113,162
17,49928740,14,6,406
17,49928862,63,13,12
17,49928873,6,0,432
17,49928963,138,121,310
17,49929113,256,369,413
17,49929312,40,6,189
17,49929381,22,1,303
17,49929391,337,127,167
17,49929461,5,2,393
17,49929489,415,226,169
17,49929925,23,2,321
17,49930027,22,7,482
17,49930047,309,83,108
17,49930225,3,0,466
17,49930439,223,37,38
17,49930872,71,26,26
17,49931031,152,50,157
17,49931067,4,0,461
17,49931175,9,6,498
17,49931195,35,7,256
17,49931596,16,6,492
17,49931725,33,14,212
17,49931993,92,32,113
17,49932079,89,50,182
17,49932141,3,0,455
17,49932147,405,82,133
17,49932191,80,77,160
17,49932236,239,95,22
17,49932340,95,20,149
17,49932350,16,8,122
17,49932362,5,0,451
17,49932402,260,262,184
17,49932509,33,10,229
17,49932610,87,66,366
17,49932694,24,4,302
17,49932911,89,18,142
17,49933035,4,0,409
17,49933069,16,4,153
17,49933230,173,59,208
17,49933235,312,186,221
17,49933251,77,59,423
17,49933288,13,3,337
17,49933381,26,3,346
17,49933461,192,85,64
17,49933476,148,65,34
17,49933587,36,0,236
17,49933740,289,149,178
17,49933755,11,5,126
17,49933810,10,3,334
17,49933869,270,206,172
17,49934012,23,3,325
17,49934078,96,46,58
17,49934084,8,0,437
17,49934125,25,7,361
17,49934261,60,12,130
17,49934351,10,1,277
17,49934399,53,22,316
17,49934569,50,23,407
17,49934620,231,180,205
17,49934631,46,28,438
17,49934784,218,117,216
17,49935038,85,45,69
17,49935097,74,10,124
17,49935250,34,12,111
17,49935751,111,26,269
17,49935797,44,11,215
17,49935867,230,174,424
17,49935872,26,2,18
17,49936017,77,13,85
17,49936094,5,1,404
17,49936105,8,0,357
17,49936398,23,4,318
17,49936499,41,5,233
17,49936575,360,104,171
17,49936641,34,11,381
17,49936644,9,0,373
17,49936671,51,18,211
17,49936725,100,37,296
17,49936909,43,36,358
17,49936952,6,1,400
17,49936964,37,16,228
17,49937035,9,0,483
17,49937146,82,16,166
17,49937193,11,5,372
17,49937239,20,8,453
17,49937276,566,338,131
17,49937304,118,47,104
17,49937352,10,1,397
17,49937387,35,38,395
17,49937388,12,0,370
17,49937504,250,112,110
17,49937510,11,6,394
17,49937540,225,133,109
17,49937571,25,6,282
17,49937631,310,219,196
17,49937718,146,103,348
17,49937916,158,50,141
17,49937995,17,8,460
17,49938047,131,118,243
17,49938270,3,0,420
17,49938271,9,1,478
17,49938306,107,153,214
17,49938326,43,1,128
17,49938399,152,30,91
17,49938412,5,0,354
17,49938443,17,1,493
17,49938477,150,43,292
17,49938521,272,208,364
17,49938616,164,109,224
17,49938748,13,3,365
17,49938783,26,3,258
17,49938815,51,7,336
17,49938916,4,3,388
17,49939265,24,0,436
17,49939308,53,13,51
17,49939513,21,6,268
17,49939637,63,14,79
17,49939788,54,6,350
17,49939814,12,1,430
17,49940044,72,32,39
17,49940152,52,11,179
17,49940201,11,0,484
17,49940219,212,80,264
17,49940233,33,3,222
17,49940267,17,1,323
17,49940309,7,0,384
17,49940317,18,6,307
17,49940394,461,137,120
17,49940467,47,27,305
17,49940482,74,34,94
17,49940539,9,0,481
17,49940584,5,0,410
17,49940736,16,3,319
17,49940826,9,0,498
17,49940877,83,16,129
17,49940955,13,30,467
17,49941091,204,95,190
17,49941114,516,128,151
17,49941447,192,118,170
17,49941501,5,1,500
17,49941572,27,22,251
17,49941641,71,28,117
17,49941764,26,4,203
17,49942008,11,7,429
17,49942103,92,55,101
17,49942130,120,85,61
17,49942208,6,4,488
17,49942429,37,2,188
17,49942434,78,65,331
17,49942706,689,330,90
17,49942818,74,94,322
17,49942939,43,16,405
17,49942949,3,0,385
17,49943066,8,0,494
17,49943451,154,170,349
17,49943479,107,75,10
17,49943598,4,0,382
17,49943637,175,36,27
17,49943685,54,34,52
17,49943699,15,5,446
17,49943862,9,5,468
17,49943964,6,0,486
17,49944127,76,62,476
17,49944196,4,2,377
17,49944227,482,804,102
17,49944369,39,6,159
17,49944451,5,0,20
17,49944899,8,0,431
17,49944912,207,79,82
17,49945030,12,0,479
17,49945156,4,2,477
17,49945193,6,0,367
17,49945323,167,155,87
17,49945352,49,40,254
17,49945445,3,1,363
17,49945618,9,0,456
17,49945630,14,1,475
17,49945838,15,4,392
17,49945860,6,0,473
17,49945904,1,0,65
17,49945933,369,280,81
17,49945978,7,0,328
17,49945985,8,1,450
17,49946076,77,56,238
17,49946148,116,79,30
17,49946228,409,808,83
17,49946303,10,0,472
17,49946321,119,168,200
17,49946355,331,198,86
17,49946393,363,88,100
17,49946403,233,266,191
17,49946526,145,203,72
17,49946567,237,157,209
17,49946576,33,2,390
17,49946577,4,0,360
17,49946622,6,0,471
17,49946707,61,7,106
17,49946827,63,34,272
17,49946845,71,11,123
17,49946895,486,104,76
17,49947051,225,209,68
17,49947176,60,9,259
17,49947472,153,86,44
17,49947527,9,2,426
17,49947559,5,2,425
17,49947565,84,86,54
17,49947631,245,120,66
17,49947799,20,1,374
17,49947816,6,0,343
17,49948161,12,1,398
17,49948254,493,270,173
17,49948300,265,41,17
17,49948615,11,0,419
17,49948738,25,7,139
17,49948770,13,2,119
17,49949235,620,305,75
17,49949438,921,202,63
17,49949496,12,7,412
17,49949588,163,94,84
17,49949914,6,0,247
17,49949946,4,0,324
17,49949990,16,0,340
17,49950052,165,426,116
17,49950108,9,9,408
17,49950288,22,20,300
17,49950554,319,336,43
17,49950653,6,1,218
17,49950771,6,2,309
17,49950818,13,6,142
17,49950938,11,2,379
17,49951139,74,31,225
17,49951218,144,41,57
17,49951615,4,0,288
17,49951641,67,52,74
17,49951693,3,0,283
17,49951881,175,204,125
17,49951891,96,44,48
17,49951966,30,56,274
17,49952029,107,16,71
17,49952111,160,72,50
17,49952207,12,2,355
17,49952464,3,0,272
17,49953116,107,93,291
17,49953179,12,0,359
17,49953191,15,0,295
17,49953288,136,43,40
17,49953495,893,405,31
17,49953509,15,4,326
17,49953777,75,228,89
17,49954243,23,8,327
17,49954379,3,1,237
17,49954755,6,2,396
17,49954875,23,10,103
17,49955297,110,146,46
17,49955544,15,4,265
17,49955572,20,4,434
17,49955600,5,0,386
17,49956003,84,12,55
17,49956035,55,60,62
17,49956092,94,131,57
17,49956148,39,10,176
17,49956183,11,1,401
17,49956275,11,2,487
17,49956290,159,123,6
17,49956396,9,2,377
17,49956574,45,17,141
17,49956681,360,118,20
17,49956736,16,0,418
17,49956771,42,14,80
17,49957028,19,13,105
17,49957068,493,651,35
17,49957116,724,486,29
17,49957117,79,49,67
17,49957275,7,0,329
17,49957496,27,1,180
17,49957570,12,3,452
17,49957602,27,9,263
17,49957792,9,9,287
17,49957812,220,26,14
17,49957831,8,0,445
17,49957870,9,8,320
17,49958109,9,0,279
17,49958261,23,3,221
17,49958358,19,12,271
17,49958569,178,40,49
17,49958577,10,2,457
17,49958586,6,6,301
17,49958958,7,0,294
17,49959018,10,0,415
17,49959020,13,0,403
17,49959056,10,1,257
17,49959070,14,2,368
17,49959361,15,8,204
17,49959623,7,1,313
17,49959654,104,116,121
17,49959869,276,232,41
17,49960084,278,268,78
17,49960353,7,1,239
17,49960793,10,8,440
17,49960901,98,62,56
17,49961057,144,97,12
17,49961124,41,10,96
17,49961861,143,82,7
17,49961890,79,119,114
17,49962012,387,277,4
17,49962572,51,35,11
17,49962857,161,152,28
17,49963044,8,0,107
17,49963171,316,162,1
17,49963287,5,0,136
17,49963366,311,287,16
17,49963385,141,64,5
17,49963394,24,16,25
17,49963895,26,62,164
17,49964018,60,44,53
17,49964045,95,54,73
17,49964248,54,109,399
17,49964303,309,171,7
17,49964537,55,74,132
17,49965042,27,51,280
17,49965047,72,31,15
17,49965118,11,1,21
17,49965145,10,1,34
17,49965152,18,6,15
17,49965308,72,8,2
17,49965497,87,114,175
17,49965833,34,41,27
17,49965894,87,49,21
17,49965895,45,61,112
17,49966163,41,23,2
17,49966182,13,5,31
17,49966271,10,5,42
17,49966293,27,3,24
17,49966718,5,5,52
17,49966826,5,2,234
17,49967444,62,29,4
18,49905644,146,44,254
18,49906100,277,126,154
18,49906295,15,7,400
18,49906432,466,499,347
18,49906563,19,31,436
18,49906637,682,362,237
18,49907057,216,199,480
18,49907601,32,16,499
18,49907802,30,1,361
18,49908055,52,3,44
18,49908394,339,641,282
18,49908570,106,21,101
18,49908962,180,72,244
18,49909005,58,2,262
18,49909015,8,0,472
18,49909056,244,51,305
18,49909583,395,171,256
18,49909610,105,27,257
18,49909900,10,0,358
18,49909908,86,25,275
18,49909913,24,16,442
18,49910328,39,38,422
18,49910425,14,0,206
18,49910462,468,435,105
18,49910465,137,117,53
18,49910613,69,38,307
18,49911472,12,0,352
18,49911500,121,42,226
18,49911534,84,22,289
18,49911743,30,5,491
18,49911757,130,78,355
18,49911995,194,99,185
18,49912048,108,35,247
18,49912091,53,5,210
18,49912094,33,14,383
18,49912444,229,106,313
18,49912782,17,0,456
18,49912792,303,59,268
18,49912955,253,98,298
18,49913106,44,4,165
18,49913192,250,129,274
18,49913255,127,51,434
18,49913350,192,11,318
18,49913364,121,91,411
18,49913458,121,104,476
18,49913571,1699,1188,122
18,49913604,54,11,311
18,49913724,17,2,425
18,49913731,95,16,458
18,49913886,21,1,423
18,49913975,99,47,398
18,49914005,15,7,457
18,49914236,112,62,488
18,49914657,41,3,351
18,49915060,58,18,373
18,49915082,306,162,267
18,49915119,32,2,360
18,49915126,275,111,271
18,49916007,24,15,314
18,49916550,16,1,87
18,49916753,72,11,66
18,49916865,12,1,470
18,49916997,33,17,391
18,49917536,398,358,79
18,49917784,37,29,14
18,49917900,107,24,10
18,49918161,89,194,302
18,49918480,14,0,284
18,49919676,168,156,100
18,49919910,189,111,166
18,49920090,6,0,447
18,49920160,629,178,190
18,49920234,413,377,261
18,49920329,4,0,481
18,49920332,61,40,72
18,49920785,42,47,187
18,49920896,280,171,160
18,49920932,395,444,242
18,49921050,210,160,340
18,49921051,90,65,497
18,49921798,214,64,151
18,49921825,54,28,203
18,49921834,15,0,285
18,49921923,292,112,149
18,49922074,55,115,142
18,49922075,34,6,461
18,49922155,12,8,438
18,49922212,92,31,292
18,49922278,290,227,286
18,49922437,177,51,171
18,49922515,159,49,208
18,49922568,130,534,198
18,49922569,266,313,207
18,49922594,59,6,248
18,49922674,289,67,240
18,49922729,188,106,324
18,49922736,82,28,283
18,49923056,214,143,323
18,49923125,49,9,42
18,49923466,399,116,132
18,49923602,41,11,157
18,49923638,88,7,251
18,49923692,638,217,162
18,49923873,275,65,107
18,49923944,26,0,354
18,49924121,19,1,253
18,49924179,572,536,205
18,49924275,67,10,363
18,49924301,8,1,469
18,49924385,36,11,454
18,49924543,37,11,371
18,49924618,202,271,150
18,49924726,4,1,465
18,49924795,63,8,26
18,49924943,49,9,325
18,49925036,126,49,228
18,49925184,672,172,124
18,49925261,52,79,294
18,49925602,129,77,200
18,49925653,57,38,231
18,49925742,125,21,201
18,49925812,87,70,263
18,49925969,507,73,232
18,49925974,437,96,146
18,49926069,1684,603,223
18,49926185,31,15,320
18,49926411,370,187,143
18,49926512,151,76,221
18,49926536,410,179,216
18,49926581,18,7,399
18,49926609,59,5,180
18,49926628,262,236,144
18,49926691,11,12,365
18,49926726,62,50,475
18,49926773,106,19,194
18,49926792,25,1,345
18,49926917,226,79,252
18,49926986,13,2,385
18,49927100,238,194,339
18,49927212,166,48,182
18,49927295,32,10,215
18,49927514,36,5,175
18,49927587,41,28,297
18,49927652,8,6,453
18,49927682,12,2,452
18,49927686,15,6,427
18,49927747,350,341,193
18,49927754,804,411,106
18,49927760,584,131,189
18,49927844,27,5,350
18,49927854,33,15,238
18,49927872,32,9,293
18,49927981,11,8,451
18,49928011,10,5,390
18,49928054,35,72,431
18,49928118,18,3,380
18,49928121,576,409,161
18,49928148,37,14,341
18,49928152,79,19,270
18,49928192,228,35,104
18,49928196,45,2,152
18,49928215,102,9,172
18,49928218,61,2,387
18,49928361,173,36,97
18,49928565,5,1,445
18,49928566,387,113,167
18,49928740,14,6,415
18,49928862,70,18,18
18,49928873,6,0,443
18,49928963,138,121,319
18,49929113,256,370,424
18,49929312,40,6,199
18,49929381,22,1,310
18,49929391,337,127,173
18,49929461,5,2,405
18,49929489,415,226,176
18,49929925,23,2,329
18,49930027,22,7,494
18,49930047,309,83,116
18,49930225,3,0,478
18,49930439,224,37,45
18,49930872,76,27,29
18,49931031,152,50,164
18,49931067,4,0,473
18,49931195,35,7,264
18,49931725,33,14,220
18,49931993,92,32,120
18,49932079,89,50,188
18,49932141,3,0,463
18,49932147,405,82,141
18,49932191,80,78,168
18,49932236,247,98,24
18,49932340,95,20,153
18,49932350,16,8,131
18,49932362,5,0,460
18,49932402,260,262,191
18,49932509,33,10,239
18,49932610,87,66,376
18,49932694,24,4,309
18,49932911,89,18,148
18,49933035,4,0,420
18,49933069,16,4,163
18,49933230,173,60,214
18,49933235,312,186,230
18,49933251,77,59,435
18,49933288,13,3,348
18,49933381,26,3,357
18,49933461,192,85,71
18,49933476,149,66,41
18,49933587,36,0,243
18,49933740,289,149,184
18,49933755,11,5,136
18,49933810,10,3,344
18,49933869,270,206,179
18,49934012,23,3,333
18,49934078,96,48,64
18,49934084,8,0,448
18,49934125,25,7,374
18,49934261,60,12,139
18,49934351,10,1,291
18,49934399,53,22,326
18,49934569,50,23,416
18,49934620,231,180,213
18,49934631,46,28,450
18,49934784,218,117,225
18,49935038,86,45,78
18,49935097,74,10,133
18,49935250,34,12,121
18,49935751,111,26,276
18,49935797,44,11,224
18,49935867,230,175,437
18,49935872,29,2,21
18,49936017,77,13,94
18,49936094,5,1,413
18,49936105,8,0,368
18,49936398,23,4,327
18,49936499,41,5,241
18,49936575,360,104,177
18,49936641,34,11,392
18,49936644,9,0,384
18,49936671,51,18,218
18,49936725,100,37,304
18,49936909,43,36,370
18,49936952,6,1,409
18,49936964,37,16,235
18,49937035,9,0,495
18,49937146,82,16,174
18,49937193,11,5,382
18,49937239,20,8,462
18,49937276,566,338,138
18,49937304,118,47,112
18,49937352,10,1,408
18,49937387,35,38,407
18,49937388,12,0,381
18,49937504,250,112,119
18,49937510,11,6,406
18,49937540,226,133,118
18,49937571,25,6,290
18,49937631,311,219,204
18,49937718,147,103,359
18,49937916,158,50,147
18,49937995,17,8,474
18,49938047,131,118,250
18,49938270,3,0,428
18,49938271,9,1,489
18,49938306,107,153,222
18,49938326,43,1,135
18,49938399,152,30,99
18,49938412,5,0,366
18,49938477,150,43,299
18,49938521,272,208,375
18,49938616,164,110,233
18,49938748,13,3,377
18,49938783,26,3,265
18,49938815,51,7,346
18,49938916,4,3,401
18,49939265,24,0,449
18,49939308,54,13,59
18,49939513,21,6,277
18,49939637,63,14,88
18,49939788,54,6,362
18,49939814,12,1,444
18,49940044,72,33,46
18,49940152,52,11,186
18,49940201,11,0,496
18,49940219,212,80,273
18,49940233,33,3,234
18,49940267,17,1,331
18,49940309,7,0,395
18,49940317,18,6,317
18,49940394,461,137,127
18,49940467,47,27,312
18,49940482,74,34,103
18,49940539,9,0,493
18,49940584,5,0,421
18,49940736,16,3,328
18,49940877,83,16,140
18,49940955,13,30,479
18,49941091,204,95,197
18,49941114,517,128,156
18,49941447,192,118,178
18,49941572,27,22,260
18,49941641,71,28,123
18,49941764,26,4,211
18,49942008,11,7,440
18,49942103,93,55,109
18,49942130,120,86,65
18,49942208,6,4,500
18,49942429,38,2,193
18,49942434,78,65,342
18,49942617,3,0,19
18,49942706,691,330,98
18,49942818,74,94,330
18,49942939,43,16,417
18,49942949,3,0,397
18,49943451,154,171,364
18,49943479,114,80,28
18,49943598,4,0,394
18,49943637,176,37,33
18,49943685,55,34,58
18,49943699,15,5,459
18,49943862,9,5,482
18,49943964,6,0,498
18,49944127,76,62,486
18,49944196,4,2,386
18,49944227,483,805,111
18,49944369,39,6,169
18,49944899,8,0,446
18,49944912,207,79,90
18,49945030,12,0,492
18,49945156,4,2,490
18,49945193,6,0,379
18,49945323,167,156,96
18,49945352,49,40,266
18,49945445,3,1,378
18,49945618,9,0,467
18,49945630,14,1,487
18,49945838,15,4,404
18,49945860,6,0,485
18,49945904,1,0,68
18,49945933,369,280,91
18,49945978,7,0,336
18,49945985,8,1,464
18,49946076,77,56,245
18,49946148,116,81,37
18,49946228,410,811,92
18,49946303,10,0,484
18,49946321,119,168,209
18,49946355,331,198,95
18,49946393,363,88,108
18,49946403,233,266,202
18,49946526,145,203,80
18,49946567,238,157,219
18,49946576,33,2,403
18,49946577,4,0,367
18,49946622,6,0,483
18,49946707,61,7,114
18,49946827,63,34,281
18,49946845,71,11,129
18,49946895,488,104,83
18,49947051,225,209,76
18,49947176,60,9,269
18,49947472,153,86,51
18,49947527,9,2,441
18,49947559,5,2,439
18,49947565,84,87,60
18,49947631,245,120,74
18,49947799,20,1,389
18,49947816,6,0,356
18,49948161,12,1,410
18,49948254,494,270,181
18,49948300,281,43,22
18,49948615,11,0,430
18,49948738,25,7,155
18,49948770,13,2,128
18,49949235,620,305,84
18,49949438,923,202,70
18,49949496,12,7,426
18,49949588,163,94,93
18,49949914,6,0,259
18,49949946,4,0,335
18,49949990,16,0,353
18,49950052,165,426,125
18,49950108,9,9,419
18,49950288,22,20,315
18,49950554,321,336,49
18,49950653,6,1,229
18,49950771,6,2,321
18,49950818,13,6,159
18,49950938,11,2,393
18,49951139,74,31,236
18,49951218,145,41,62
18,49951615,4,0,300
18,49951641,67,52,82
18,49951693,3,0,295
18,49951881,175,204,134
18,49951891,96,45,54
18,49951966,30,56,287
18,49952029,107,16,81
18,49952111,161,72,55
18,49952148,21,1,7
18,49952207,12,2,369
18,49952464,3,0,279
18,49953116,107,93,303
18,49953179,12,0,372
18,49953191,15,0,306
18,49953288,136,44,47
18,49953495,896,406,38
18,49953509,15,4,337
18,49953777,75,229,102
18,49954243,23,9,338
18,49954379,3,1,249
18,49954755,6,2,412
18,49954875,23,10,113
18,49955297,111,148,52
18,49955544,15,4,280
18,49955572,20,4,455
18,49955600,5,0,402
18,49956003,85,12,61
18,49956035,56,62,69
18,49956092,96,133,63
18,49956148,39,10,192
18,49956183,11,1,414
18,49956290,180,135,9
18,49956396,9,2,396
18,49956574,45,17,158
18,49956681,364,123,23
18,49956736,16,0,432
18,49956771,44,14,86
18,49957028,19,14,115
18,49957068,497,659,43
18,49957116,734,494,35
18,49957117,79,49,75
18,49957275,7,0,343
18,49957496,27,1,196
18,49957570,12,3,471
18,49957602,27,9,278
18,49957792,9,9,301
18,49957812,226,30,19
18,49957831,8,0,466
18,49957870,9,8,334
18,49958109,9,0,296
18,49958261,23,3,227
18,49958358,19,13,288
18,49958569,180,41,56
18,49958577,10,2,477
18,49958586,7,6,322
18,49958958,7,0,308
18,49959018,10,0,429
18,49959020,13,0,418
18,49959056,10,1,272
18,49959070,14,2,388
18,49959361,15,8,217
18,49959623,7,1,332
18,49959654,104,117,137
18,49959869,276,234,50
18,49960084,285,283,89
18,49960353,8,1,255
18,49960793,11,8,468
18,49960901,98,63,67
18,49961057,216,172,11
18,49961124,43,11,110
18,49961861,151,89,8
18,49961890,80,120,130
18,49962012,405,293,6
18,49962572,65,36,15
18,49962857,162,154,36
18,49963044,8,0,126
18,49963171,351,175,2
18,49963287,6,0,170
18,49963366,318,296,25
18,49963385,171,92,7
18,49963394,25,21,32
18,49963895,26,62,212
18,49964018,62,46,73
18,49964045,95,54,117
18,49964248,54,111,433
18,49964303,337,185,11
18,49964537,55,75,183
18,49965042,28,54,349
18,49965047,87,35,20
18,49965118,25,6,13
18,49965145,16,1,40
18,49965152,30,15,16
18,49965227,7,2,39
18,49965308,94,16,3
18,49965497,93,115,246
18,49965625,5,1,40
18,49965833,38,60,145
18,49965894,94,52,30
18,49965895,46,68,258
18,49966163,84,43,1
18,49966182,20,6,32
18,49966271,13,10,48
18,49966293,35,16,27
18,49966718,6,14,57
18,49966826,5,2,316
18,49967444,128,98,4
18,49967447,10,0,51
18,49967579,12,0,31
18,49968105,68,36,4
18,49968177,8,0,85
18,49968324,8,0,62
18,49968402,5,0,36
18,49968708,4,2,21
19,49905644,146,44,260
19,49906100,277,126,158
19,49906295,15,7,406
19,49906432,466,499,352
19,49906563,19,31,440
19,49906637,682,362,242
19,49907057,216,199,484
19,49907802,30,1,366
19,49908055,53,3,49
19,49908394,339,641,285
19,49908570,107,21,107
19,49908962,181,72,250
19,49909005,58,2,265
19,49909015,8,0,476
19,49909056,244,51,309
19,49909583,395,171,261
19,49909610,105,27,262
19,49909900,10,0,363
19,49909908,86,25,279
19,49909913,24,16,443
19,49910328,39,38,428
19,49910425,14,0,214
19,49910462,469,435,112
19,49910465,137,117,55
19,49910613,69,38,311
19,49911472,12,0,357
19,49911500,122,42,232
19,49911534,84,22,293
19,49911743,30,5,495
19,49911757,130,78,359
19,49911995,194,99,189
19,49912048,108,35,252
19,49912091,53,5,215
19,49912094,33,14,389
19,49912444,229,106,317
19,49912782,17,0,460
19,49912792,303,59,271
19,49912955,253,98,301
19,49913106,44,4,171
19,49913192,251,129,278
19,49913255,127,51,438
19,49913350,192,11,323
19,49913364,121,91,416
19,49913458,121,104,482
19,49913571,1699,1188,127
19,49913604,54,11,314
19,49913724,17,2,430
19,49913731,95,16,463
19,49913886,21,1,429
19,49913975,99,47,404
19,49914005,15,7,461
19,49914236,112,62,494
19,49914657,41,3,356
19,49915060,58,18,378
19,49915082,306,162,272
19,49915119,32,2,365
19,49915126,275,111,276
19,49916007,24,15,319
19,49916550,16,1,91
19,49916753,73,11,70
19,49916865,12,1,474
19,49916997,33,17,395
19,49917536,399,360,82
19,49917784,47,30,17
19,49917900,113,25,13
19,49918161,89,194,307
19,49918480,14,0,291
19,49919676,168,156,105
19,49919910,189,111,170
19,49920090,6,0,452
19,49920160,629,178,195
19,49920234,413,377,264
19,49920329,4,0,486
19,49920332,62,40,77
19,49920785,42,47,200
19,49920896,280,171,162
19,49920932,395,444,248
19,49921050,210,160,345
19,49921798,214,64,156
19,49921825,54,28,208
19,49921834,15,0,290
19,49921923,292,112,154
19,49922074,55,116,149
19,49922075,34,6,467
19,49922155,12,8,442
19,49922212,92,31,295
19,49922278,290,227,292
19,49922437,177,51,175
19,49922515,159,49,213
19,49922568,131,536,202
19,49922569,268,315,212
19,49922594,59,6,253
19,49922674,289,67,245
19,49922729,188,106,328
19,49922736,82,28,288
19,49923056,214,143,326
19,49923125,50,9,45
19,49923466,399,116,137
19,49923602,41,11,161
19,49923638,88,7,255
19,49923692,638,217,164
19,49923873,275,65,113
19,49923944,26,0,358
19,49924121,19,1,259
19,49924179,572,536,206
19,49924275,67,10,367
19,49924301,8,1,472
19,49924385,36,11,459
19,49924543,37,11,376
19,49924618,202,271,155
19,49924726,4,1,471
19,49924795,66,9,28
19,49924943,49,9,329
19,49925036,126,49,233
19,49925184,672,172,129
19,49925261,52,79,299
19,49925602,129,77,205
19,49925653,57,38,238
19,49925742,125,21,204
19,49925812,87,70,266
19,49925969,507,74,237
19,49925974,437,96,152
19,49926069,1684,603,228
19,49926185,31,15,325
19,49926411,370,189,148
19,49926512,151,76,226
19,49926536,410,179,221
19,49926581,18,7,405
19,49926609,59,5,184
19,49926628,262,236,147
19,49926691,11,12,369
19,49926726,62,50,480
19,49926773,106,19,198
19,49926792,25,1,350
19,49926917,226,79,257
19,49926986,13,2,391
19,49927100,238,194,342
19,49927212,166,48,187
19,49927295,32,10,220
19,49927514,36,5,179
19,49927587,41,28,302
19,49927652,8,6,458
19,49927682,12,2,457
19,49927686,15,6,432
19,49927747,350,341,197
19,49927754,804,413,111
19,49927760,584,131,192
19,49927844,27,5,355
19,49927854,33,15,243
19,49927872,32,9,297
19,49927981,11,8,456
19,49928011,10,5,396
19,49928054,35,72,435
19,49928118,18,3,386
19,49928121,576,410,165
19,49928148,37,14,346
19,49928152,79,19,275
19,49928192,228,35,110
19,49928196,45,2,159
19,49928215,102,9,176
19,49928218,61,2,392
19,49928361,173,36,103
19,49928565,5,1,450
19,49928566,387,113,172
19,49928740,14,6,420
19,49928862,72,19,19
19,49928873,6,0,446
19,49928963,138,121,324
19,49929113,256,370,431
19,49929312,40,6,207
19,49929381,22,1,316
19,49929391,337,127,177
19,49929461,5,2,411
19,49929489,415,226,180
19,49929925,23,2,334
19,49930027,22,7,500
19,49930047,309,83,121
19,49930225,3,0,483
19,49930439,226,39,48
19,49930872,77,28,32
19,49931031,152,50,168
19,49931067,4,0,477
19,49931195,35,7,269
19,49931725,33,14,225
19,49931993,92,32,125
19,49932079,89,50,193
19,49932141,3,0,469
19,49932147,405,82,146
19,49932191,80,78,173
19,49932236,250,103,27
19,49932340,95,20,157
19,49932350,16,8,138
19,49932362,5,0,465
19,49932402,260,262,196
19,49932509,33,10,246
19,49932610,87,66,382
19,49932694,24,4,315
19,49932911,89,18,153
19,49933035,4,0,424
19,49933069,16,4,169
19,49933230,173,61,219
19,49933235,312,186,235
19,49933251,77,59,441
19,49933288,13,3,354
19,49933381,26,3,361
19,49933461,192,85,75
19,49933476,149,69,44
19,49933587,36,0,249
19,49933740,289,149,190
19,49933755,11,5,143
19,49933810,10,3,349
19,49933869,270,206,183
19,49934012,23,3,337
19,49934078,96,49,68
19,49934084,8,0,453
19,49934125,25,7,379
19,49934261,60,12,144
19,49934351,10,1,298
19,49934399,53,22,330
19,49934569,50,23,421
19,49934620,232,180,218
19,49934631,46,28,455
19,49934784,219,117,231
19,49935038,87,45,81
19,49935097,75,10,134
19,49935250,34,12,128
19,49935751,111,26,282
19,49935797,44,11,229
19,49935867,230,175,444
19,49935872,34,8,22
19,49936017,77,13,101
19,49936094,5,1,418
19,49936105,8,0,372
19,49936398,23,4,332
19,49936499,41,5,247
19,49936575,361,104,181
19,49936641,34,11,397
19,49936644,9,0,390
19,49936671,51,18,222
19,49936725,100,37,308
19,49936909,43,36,374
19,49936952,6,1,415
19,49936964,37,16,241
19,49937146,82,16,178
19,49937193,11,5,388
19,49937239,20,8,468
19,49937276,566,338,142
19,49937304,118,47,117
19,49937352,10,1,414
19,49937387,35,38,413
19,49937388,12,0,387
19,49937504,250,112,124
19,49937510,11,6,412
19,49937540,226,133,123
19,49937571,25,6,294
19,49937631,311,219,208
19,49937718,147,103,364
19,49937916,159,50,151
19,49937995,17,8,478
19,49938047,131,118,254
19,49938270,3,0,434
19,49938271,9,1,496
19,49938306,107,153,230
19,49938326,43,1,140
19,49938399,152,30,106
19,49938412,5,0,371
19,49938477,151,43,303
19,49938521,273,208,381
19,49938616,164,110,239
19,49938748,13,3,383
19,49938783,26,3,270
19,49938815,51,7,353
19,49938916,4,3,407
19,49939265,24,0,454
19,49939308,54,13,62
19,49939513,21,6,283
19,49939637,63,14,90
19,49939788,54,6,368
19,49939814,12,1,449
19,49940044,72,35,50
19,49940152,52,11,191
19,49940219,212,80,251
19,49940233,33,3,240
19,49940267,17,1,336
19,49940309,7,0,401
19,49940317,18,6,320
19,49940394,461,137,132
19,49940467,47,27,318
19,49940482,74,34,108
19,49940539,9,0,499
19,49940584,5,0,427
19,49940736,16,3,333
19,49940877,83,16,145
19,49940955,13,30,485
19,49941091,204,95,201
19,49941114,517,128,160
19,49941447,192,118,182
19,49941572,27,22,268
19,49941641,71,28,130
19,49941764,26,4,217
19,49942008,11,7,445
19,49942103,93,55,115
19,49942130,120,87,67
19,49942429,38,2,194
19,49942434,78,65,348
19,49942617,4,0,18
19,49942706,692,330,104
19,49942818,74,94,335
19,49942939,43,16,423
19,49942949,3,0,403
19,49943451,154,171,370
19,49943479,121,86,31
19,49943598,4,0,399
19,49943637,177,37,34
19,49943685,55,34,60
19,49943699,15,5,464
19,49943862,9,5,488
19,49944049,8,0,11
19,49944127,76,62,492
19,49944196,4,2,393
19,49944227,485,807,116
19,49944369,39,6,174
19,49944899,8,0,451
19,49944912,207,79,92
19,49945030,12,0,498
19,49945156,4,2,497
19,49945193,6,0,385
19,49945323,167,157,102
19,49945352,50,40,259
19,49945445,3,1,384
19,49945618,9,0,473
19,49945630,14,1,493
19,49945838,15,4,410
19,49945860,6,0,491
19,49945904,1,0,73
19,49945933,369,281,93
19,49945978,7,0,341
19,49945985,8,1,470
19,49946076,77,56,251
19,49946148,116,82,39
19,49946228,410,816,94
19,49946303,10,0,490
19,49946321,119,168,216
19,49946355,331,199,100
19,49946393,364,88,114
19,49946403,234,266,210
19,49946526,145,205,84
19,49946567,239,158,223
19,49946576,33,2,408
19,49946577,4,0,373
19,49946622,6,0,489
19,49946707,61,7,120
19,49946827,63,34,289
19,49946845,71,11,136
19,49946895,489,104,86
19,49947051,225,209,79
19,49947176,60,9,274
19,49947472,154,86,99
19,49947527,9,2,448
19,49947559,5,2,447
19,49947565,84,88,64
19,49947631,245,120,76
19,49947799,20,1,394
19,49947816,6,0,362
19,49948161,12,1,417
19,49948254,494,270,188
19,49948300,287,43,24
19,49948615,11,0,436
19,49948738,25,7,163
19,49948770,13,2,133
19,49949235,622,305,87
19,49949438,926,206,71
19,49949496,12,7,433
19,49949588,163,94,96
19,49949914,6,0,263
19,49949946,4,0,338
19,49949990,16,0,360
19,49950052,165,428,131
19,49950108,9,9,426
19,49950288,22,21,322
19,49950554,321,342,97
19,49950653,6,1,234
19,49950771,6,2,327
19,49950818,13,8,167
19,49950938,11,2,400
19,49951139,74,31,244
19,49951218,146,41,63
19,49951615,4,0,305
19,49951641,67,52,85
19,49951693,3,0,304
19,49951881,175,205,139
19,49951891,96,45,56
19,49951966,30,56,296
19,49952029,108,16,83
19,49952111,161,72,58
19,49952148,36,4,5
19,49952207,12,2,375
19,49952464,3,0,284
19,49953116,107,94,310
19,49953179,12,0,380
19,49953191,15,0,313
19,49953288,136,44,51
19,49953495,900,406,40
19,49953509,16,4,344
19,49953777,76,229,109
19,49954243,23,9,347
19,49954379,3,1,256
19,49954755,6,2,419
19,49954875,23,10,119
19,49955297,112,155,54
19,49955544,15,4,286
19,49955572,20,4,462
19,49955600,5,0,409
19,49956003,85,13,65
19,49956035,57,62,72
19,49956092,97,134,66
19,49956148,39,10,199
19,49956183,11,1,422
19,49956290,194,146,10
19,49956396,9,2,402
19,49956574,46,18,166
19,49956681,373,126,26
19,49956736,16,0,439
19,49956771,44,14,89
19,49957028,19,14,122
19,49957068,502,666,43
19,49957116,736,506,38
19,49957117,79,49,80
19,49957275,7,0,351
19,49957496,27,1,203
19,49957570,12,3,481
19,49957602,28,10,287
19,49957792,9,9,312
19,49957812,228,30,21
19,49957831,8,0,475
19,49957870,9,8,340
19,49958109,9,0,306
19,49958261,23,3,236
19,49958358,19,13,300
19,49958569,181,41,59
19,49958577,10,2,487
19,49958586,7,6,331
19,49958958,7,0,321
19,49959018,10,0,437
19,49959020,13,0,425
19,49959056,10,1,280
19,49959070,14,2,398
19,49959361,15,8,224
19,49959623,7,1,339
19,49959654,105,120,150
19,49959869,277,236,53
19,49960084,287,291,95
19,49960353,8,1,267
19,49960793,12,8,479
19,49960901,98,63,73
19,49961057,290,226,11
19,49961124,43,11,118
19,49961861,157,95,9
19,49961890,80,123,141
19,49962012,420,304,6
19,49962280,6,0,98
19,49962572,79,37,16
19,49962857,164,158,42
19,49963044,8,0,135
19,49963171,381,187,2
19,49963287,6,0,185
19,49963366,323,301,29
19,49963385,202,114,7
19,49963394,27,22,33
19,49963895,27,63,216
19,49964018,62,52,88
19,49964045,96,56,126
19,49964248,55,112,446
19,49964303,358,199,14
19,49964537,56,77,211
19,49965042,31,58,352
19,49965047,101,41,23
19,49965118,51,10,10
19,49965145,19,1,44
19,49965152,46,30,15
19,49965227,9,2,46
19,49965308,106,18,3
19,49965497,95,120,258
19,49965625,6,1,41
19,49965833,43,70,186
19,49965894,98,53,35
19,49965895,47,68,281
19,49966163,108,70,1
19,49966182,24,7,37
19,49966271,14,10,52
19,49966293,43,28,30
19,49966718,10,21,57
19,49966826,5,2,343
19,49967444,166,132,8
19,49967447,17,0,69
19,49967579,17,2,36
19,49968105,162,93,4
19,49968110,5,2,66
19,49968177,10,1,78
19,49968324,14,3,61
19,49968402,30,4,16
19,49968708,16,9,20
19,49968819,7,0,27
19,49968906,25,5,2
19,49968964,35,109,1
19,49969070,17,3,19
19,49969073,6,2,7
19,49969095,4,0,91
19,49969183,59,17,1
20,49905644,146,44,276
20,49906100,277,126,169
20,49906295,15,7,419
20,49906432,466,499,364
20,49906563,19,31,455
20,49906637,682,362,256
20,49907057,216,199,497
20,49907802,30,1,382
20,49908055,53,4,63
20,49908394,339,641,301
20,49908570,108,21,117
20,49908962,181,72,266
20,49909005,58,2,283
20,49909015,8,0,489
20,49909056,244,51,321
20,49909583,395,171,278
20,49909610,105,27,279
20,49909900,10,0,380
20,49909908,86,25,296
20,49909913,24,16,457
20,49910328,39,38,442
20,49910425,14,0,230
20,49910462,469,435,124
20,49910465,137,118,64
20,49910613,69,38,323
20,49911472,12,0,375
20,49911500,122,42,246
20,49911534,84,22,305
20,49911757,130,78,373
20,49911995,194,99,202
20,49912048,108,35,269
20,49912091,53,5,227
20,49912094,33,14,404
20,49912444,229,106,328
20,49912782,17,0,477
20,49912792,303,59,287
20,49912955,253,98,314
20,49913106,44,4,184
20,49913192,251,129,291
20,49913255,127,51,453
20,49913350,192,11,334
20,49913364,121,91,432
20,49913458,121,104,494
20,49913571,1699,1188,138
20,49913604,54,11,326
20,49913724,17,2,447
20,49913731,95,16,479
20,49913886,21,1,445
20,49913975,99,47,418
20,49914005,15,7,478
20,49914657,41,3,369
20,49915060,58,18,393
20,49915082,306,163,288
20,49915119,32,2,378
20,49915126,275,111,293
20,49916007,24,15,333
20,49916550,17,1,101
20,49916753,73,12,82
20,49916865,12,1,488
20,49916997,33,17,410
20,49917536,399,363,91
20,49917784,53,34,21
20,49917900,119,26,18
20,49918161,89,194,320
20,49918480,14,0,308
20,49919676,168,156,114
20,49919910,189,111,179
20,49920090,6,0,464
20,49920160,629,178,207
20,49920234,413,377,282
20,49920329,4,0,498
20,49920332,62,40,90
20,49920785,42,47,236
20,49920896,280,171,172
20,49920932,395,444,265
20,49921050,210,161,359
20,49921798,214,64,168
20,49921825,54,28,221
20,49921834,15,0,304
20,49921923,292,112,165
20,49922074,55,116,163
20,49922075,34,6,480
20,49922155,12,8,458
20,49922212,92,31,309
20,49922278,290,227,303
20,49922437,177,51,183
20,49922515,159,49,223
20,49922568,132,539,215
20,49922569,268,315,222
20,49922594,59,6,270
20,49922674,289,67,258
20,49922729,188,106,341
20,49922736,82,28,302
20,49923056,214,143,340
20,49923125,50,9,73
20,49923466,399,116,147
20,49923602,41,11,177
20,49923638,88,7,273
20,49923692,639,217,174
20,49923873,275,65,125
20,49923944,26,0,374
20,49924121,19,1,277
20,49924179,573,536,218
20,49924275,67,10,384
20,49924301,8,1,486
20,49924385,36,11,476
20,49924543,37,11,391
20,49924618,202,271,166
20,49924726,4,1,485
20,49924795,68,9,37
20,49924943,49,9,344
20,49925036,126,49,247
20,49925184,672,172,141
20,49925261,52,79,311
20,49925602,129,77,219
20,49925653,57,38,249
20,49925742,125,21,217
20,49925812,87,70,284
20,49925969,507,74,248
20,49925974,437,96,162
20,49926069,1684,603,241
20,49926185,31,15,337
20,49926411,370,190,161
20,49926512,151,76,240
20,49926536,410,179,233
20,49926581,18,7,420
20,49926609,59,5,199
20,49926628,264,236,160
20,49926691,11,12,386
20,49926726,62,50,495
20,49926773,106,19,211
20,49926792,25,1,361
20,49926917,227,79,275
20,49926986,13,2,409
20,49927100,238,194,355
20,49927212,166,48,201
20,49927295,32,10,238
20,49927514,36,5,196
20,49927587,42,28,307
20,49927652,8,6,475
20,49927682,12,2,474
20,49927686,15,6,448
20,49927747,350,341,213
20,49927754,805,413,121
20,49927760,585,131,205
20,49927844,27,5,370
20,49927854,33,15,259
20,49927872,32,9,312
20,49927981,11,8,468
20,49928011,10,5,412
20,49928054,35,72,452
20,49928118,18,3,400
20,49928121,577,410,175
20,49928148,37,14,357
20,49928152,79,19,292
20,49928192,228,35,120
20,49928196,45,2,176
20,49928215,102,9,186
20,49928218,61,2,407
20,49928361,173,36,118
20,49928565,5,1,461
20,49928566,387,113,181
20,49928740,14,6,437
20,49928862,81,24,26
20,49928873,6,0,459
20,49928963,138,121,339
20,49929113,256,371,449
20,49929312,40,6,226
20,49929381,22,1,331
20,49929391,338,127,190
20,49929461,5,2,427
20,49929489,415,226,193
20,49929925,23,2,347
20,49930047,309,83,130
20,49930225,3,0,496
20,49930439,229,41,56
20,49930872,79,28,42
20,49931031,152,50,178
20,49931067,4,0,492
20,49931195,35,7,285
20,49931725,33,14,242
20,49931993,93,32,139
20,49932079,89,50,208
20,49932141,3,0,482
20,49932147,405,84,158
20,49932191,80,78,182
20,49932236,255,105,35
20,49932340,95,20,171
20,49932350,16,8,156
20,49932362,5,0,481
20,49932402,260,264,212
20,49932509,33,10,261
20,49932610,87,66,396
20,49932694,24,4,330
20,49932911,89,18,167
20,49933035,4,0,441
20,49933069,16,4,194
20,49933230,173,61,234
20,49933235,312,187,252
20,49933251,77,59,456
20,49933288,13,3,372
20,49933381,26,3,377
20,49933461,192,85,84
20,49933476,150,70,60
20,49933587,36,0,268
20,49933740,289,149,203
20,49933755,12,5,150
20,49933810,10,3,362
20,49933869,270,207,200
20,49934012,23,3,353
20,49934078,98,49,86
20,49934084,8,0,467
20,49934125,25,7,394
20,49934261,60,12,157
20,49934351,11,2,319
20,49934399,53,22,345
20,49934569,50,23,438
20,49934620,232,180,231
20,49934631,46,28,471
20,49934784,219,117,243
20,49935038,87,45,89
20,49935097,75,10,149
20,49935250,34,12,144
20,49935751,111,26,297
20,49935797,44,11,244
20,49935867,230,175,460
20,49935872,38,10,29
20,49936017,77,13,112
20,49936094,5,1,434
20,49936105,8,0,388
20,49936398,23,4,348
20,49936499,41,5,262
20,49936575,361,104,195
20,49936641,34,11,413
20,49936644,9,0,408
20,49936671,51,18,237
20,49936725,100,37,322
20,49936909,43,36,390
20,49936952,6,1,433
20,49936964,37,16,254
20,49937146,82,16,192
20,49937193,11,5,406
20,49937239,20,8,483
20,49937276,566,338,155
20,49937304,118,47,129
20,49937352,10,1,431
20,49937387,35,38,430
20,49937388,12,0,403
20,49937504,250,112,134
20,49937510,11,6,428
20,49937540,226,133,135
20,49937571,26,6,300
20,49937631,311,219,220
20,49937718,147,103,381
20,49937916,162,51,164
20,49937995,17,8,493
20,49938047,131,118,274
20,49938270,14,7,16
20,49938306,107,153,245
20,49938326,43,1,154
20,49938399,152,30,115
20,49938412,5,0,389
20,49938477,151,43,317
20,49938521,273,208,397
20,49938616,164,110,251
20,49938748,13,3,398
20,49938783,26,3,290
20,49938815,51,7,368
20,49938916,4,3,423
20,49939265,24,0,472
20,49939308,55,13,71
20,49939513,21,6,299
20,49939637,63,14,105
20,49939788,54,6,385
20,49939814,12,1,463
20,49940044,72,35,61
20,49940152,52,11,206
20,49940219,212,80,260
20,49940233,33,3,253
20,49940267,17,1,352
20,49940309,7,0,415
20,49940317,18,6,335
20,49940394,461,137,143
20,49940467,47,27,332
20,49940482,74,34,119
20,49940584,5,0,443
20,49940736,16,3,349
20,49940877,83,16,159
20,49940955,13,30,499
20,49941091,204,95,216
20,49941114,517,128,173
20,49941447,192,118,197
20,49941572,27,22,289
20,49941641,71,28,142
20,49941764,26,4,232
20,49942008,11,7,462
20,49942103,94,55,127
20,49942130,120,87,78
20,49942429,38,2,210
20,49942434,78,65,360
20,49942617,9,1,24
20,49942706,693,332,113
20,49942818,74,94,351
20,49942939,43,16,439
20,49942949,3,0,421
20,49943451,154,171,387
20,49943479,122,90,41
20,49943598,4,0,416
20,49943637,177,38,44
20,49943685,56,34,68
20,49943699,15,5,484
20,49944049,39,9,7
20,49944196,4,2,411
20,49944227,485,807,128
20,49944369,39,6,191
20,49944899,8,0,470
20,49944912,207,79,102
20,49945193,6,0,402
20,49945323,167,157,110
20,49945352,50,40,271
20,49945445,3,1,399
20,49945618,9,0,491
20,49945838,15,4,429
20,49945904,1,0,76
20,49945933,370,281,104
20,49945978,7,0,358
20,49945985,8,1,487
20,49946076,77,56,272
20,49946148,116,84,50
20,49946228,410,817,103
20,49946321,119,168,228
20,49946355,331,199,111
20,49946393,364,88,126
20,49946403,234,267,224
20,49946526,145,206,93
20,49946567,239,158,239
20,49946576,33,2,426
20,49946577,4,0,392
20,49946707,61,7,131
20,49946827,63,34,306
20,49946845,71,11,148
20,49946895,489,104,96
20,49947051,225,209,88
20,49947176,60,9,294
20,49947472,154,86,108
20,49947527,9,2,466
20,49947559,5,2,465
20,49947565,84,89,74
20,49947631,246,120,85
20,49947799,20,1,414
20,49947816,6,0,383
20,49948161,12,1,436
20,49948254,494,270,209
20,49948300,295,48,34
20,49948615,11,0,454
20,49948738,25,7,185
20,49948770,13,2,152
20,49949235,623,305,98
20,49949438,926,206,79
20,49949496,12,7,451
20,49949588,163,96,106
20,49949914,6,0,286
20,49949946,4,0,356
20,49949990,16,0,379
20,49950052,165,428,145
20,49950108,9,9,446
20,49950288,22,21,342
20,49950554,321,345,107
20,49950653,6,1,257
20,49950771,6,2,346
20,49950818,13,8,187
20,49950938,11,2,417
20,49951139,74,31,263
20,49951218,146,41,72
20,49951615,4,0,327
20,49951641,67,52,97
20,49951693,3,0,325
20,49951881,175,205,151
20,49951891,97,45,66
20,49951966,30,56,318
20,49952029,108,16,94
20,49952111,161,73,67
20,49952148,48,5,9
20,49952207,12,2,395
20,49952464,3,0,310
20,49953116,108,94,324
20,49953179,12,0,401
20,49953191,15,0,338
20,49953288,138,44,59
20,49953495,906,407,51
20,49953509,16,4,363
20,49953777,76,237,122
20,49954243,23,9,367
20,49954379,3,1,281
20,49954755,6,2,440
20,49954875,24,12,132
20,49955297,114,158,62
20,49955544,15,4,315
20,49955572,20,4,490
20,49955600,5,0,435
20,49956003,85,13,77
20,49956035,58,63,81
20,49956092,98,135,75
20,49956148,39,10,225
20,49956183,11,1,444
20,49956290,210,168,19
20,49956396,9,2,425
20,49956574,46,18,188
20,49956681,387,128,32
20,49956736,16,0,469
20,49956771,44,16,100
20,49957028,19,14,137
20,49957068,510,666,53
20,49957116,741,506,49
20,49957117,79,49,92
20,49957275,7,0,376
20,49957496,27,1,229
20,49957602,28,10,316
20,49957792,9,9,343
20,49957812,237,30,27
20,49957870,9,8,366
20,49958109,9,0,336
20,49958261,23,3,264
20,49958358,19,13,329
20,49958569,187,42,70
20,49958586,7,6,354
20,49958958,7,0,350
20,49959018,10,0,473
20,49959020,13,0,450
20,49959056,10,1,313
20,49959070,14,2,424
20,49959361,15,8,255
20,49959623,7,1,371
20,49959654,105,122,189
20,49959869,278,238,65
20,49960084,287,297,109
20,49960353,8,1,298
20,49960901,98,63,87
20,49961057,361,288,14
20,49961124,43,11,140
20,49961861,163,98,15
20,49961890,80,126,198
20,49962012,442,316,13
20,49962280,6,0,123
20,49962572,92,40,22
20,49962857,168,163,57
20,49963044,8,0,170
20,49963171,411,200,5
20,49963287,6,0,235
20,49963366,324,321,40
20,49963385,213,128,25
20,49963394,28,26,48
20,49963895,27,63,250
20,49964018,66,55,116
20,49964045,96,57,180
20,49964248,56,113,500
20,49964303,378,211,23
20,49964537,57,80,267
20,49965042,31,61,405
20,49965047,110,44,36
20,49965118,71,13,10
20,49965145,21,1,58
20,49965152,74,49,45
20,49965227,11,2,55
20,49965308,109,22,8
20,49965497,99,124,295
20,49965625,8,1,39
20,49965808,4,0,146
20,49965833,43,74,280
20,49965894,99,53,54
20,49965895,48,69,365
20,49966163,128,84,6
20,49966182,28,8,52
20,49966271,17,10,69
20,49966293,45,31,43
20,49966718,12,32,83
20,49966826,5,2,422
20,49967444,182,175,28
20,49967579,25,3,46
20,49968105,224,158,11
20,49968110,7,3,95
20,49968177,10,1,136
20,49968302,3,1,204
20,49968324,14,6,99
20,49968402,71,41,17
20,49968696,5,0,80
20,49968708,40,20,20
20,49968906,131,59,2
20,49968947,11,0,38
20,49968964,38,155,214
20,49969070,70,18,12
20,49969095,4,0,153
20,49969183,152,43,1
20,49969256,22,2,4
20,49969375,21,6,31
20,49969590,3,1,133
20,49969932,3,1,47
20,49969933,26,9,30
20,49969961,44,28,3
20,49970507,4,0,33
21,49905644,146,44,277
21,49906100,277,126,169
21,49906295,15,7,420
21,49906432,466,499,365
21,49906563,19,31,455
21,49906637,682,362,255
21,49907057,216,199,498
21,49907802,30,1,379
21,49908055,54,4,62
21,49908394,339,641,300
21,49908570,108,21,117
21,49908962,181,72,266
21,49909005,58,2,284
21,49909015,8,0,491
21,49909056,244,51,320
21,49909583,395,171,278
21,49909610,105,27,279
21,49909900,10,0,381
21,49909908,86,25,298
21,49909913,24,16,458
21,49910328,39,38,443
21,49910425,14,0,232
21,49910462,469,436,125
21,49910465,137,118,65
21,49910613,69,38,323
21,49911472,12,0,375
21,49911500,122,42,245
21,49911534,84,22,306
21,49911757,130,78,372
21,49911995,194,99,203
21,49912048,108,35,269
21,49912091,53,5,229
21,49912094,33,14,403
21,49912444,229,106,328
21,49912782,17,0,477
21,49912792,303,59,287
21,49912955,253,98,314
21,49913106,44,4,186
21,49913192,251,129,292
21,49913255,127,51,454
21,49913350,192,11,334
21,49913364,121,91,430
21,49913458,121,104,495
21,49913571,1699,1188,137
21,49913604,54,11,326
21,49913724,17,2,447
21,49913731,95,16,480
21,49913886,21,1,445
21,49913975,99,47,418
21,49914005,15,7,478
21,49914657,41,3,367
21,49915060,58,18,393
21,49915082,306,163,289
21,49915119,32,2,378
21,49915126,275,111,295
21,49916007,24,15,335
21,49916550,17,1,104
21,49916753,73,12,83
21,49916865,12,1,490
21,49916997,33,17,410
21,49917536,401,365,91
21,49917784,57,39,19
21,49917900,119,27,15
21,49918161,90,194,315
21,49918480,14,0,309
21,49919676,168,156,115
21,49919910,189,111,181
21,49920090,6,0,465
21,49920160,630,178,206
21,49920234,413,377,283
21,49920329,4,0,500
21,49920332,62,41,74
21,49920785,45,48,18
21,49920896,280,172,172
21,49920932,395,444,265
21,49921050,210,161,359
21,49921254,4,0,500
21,49921798,214,64,167
21,49921825,54,28,223
21,49921834,15,0,307
21,49921923,292,112,165
21,49922074,55,116,215
21,49922075,34,6,481
21,49922155,12,8,459
21,49922212,92,31,310
21,49922278,290,227,305
21,49922437,177,51,183
21,49922515,159,49,224
21,49922568,132,541,216
21,49922569,269,315,222
21,49922594,59,6,270
21,49922674,289,67,257
21,49922729,188,106,341
21,49922736,82,28,303
21,49923056,214,143,339
21,49923125,50,9,74
21,49923466,399,116,148
21,49923602,41,11,179
21,49923638,88,7,273
21,49923692,640,217,173
21,49923873,275,65,124
21,49923944,26,0,374
21,49924121,19,1,281
21,49924179,573,536,219
21,49924275,67,10,383
21,49924301,8,1,488
21,49924385,36,11,475
21,49924543,37,11,391
21,49924618,202,272,166
21,49924726,4,1,487
21,49924795,69,9,38
21,49924943,49,9,344
21,49925036,126,49,247
21,49925184,673,172,140
21,49925261,52,79,311
21,49925602,129,77,220
21,49925653,57,38,250
21,49925742,125,21,217
21,49925812,87,70,286
21,49925969,507,74,249
21,49925974,437,96,163
21,49926069,1684,603,241
21,49926185,31,15,337
21,49926411,370,190,162
21,49926512,151,76,239
21,49926536,410,179,233
21,49926581,18,7,421
21,49926609,59,5,200
21,49926628,264,236,161
21,49926691,11,12,387
21,49926726,62,50,497
21,49926773,106,19,210
21,49926792,25,1,362
21,49926917,227,79,276
21,49926986,13,2,409
21,49927100,238,194,355
21,49927212,166,48,202
21,49927295,32,10,237
21,49927514,37,5,188
21,49927587,42,28,308
21,49927652,8,6,474
21,49927682,12,2,473
21,49927686,15,6,449
21,49927747,350,341,213
21,49927754,805,413,121
21,49927760,585,131,205
21,49927844,27,5,369
21,49927854,33,16,258
21,49927872,32,9,313
21,49927981,11,8,468
21,49928011,10,5,412
21,49928054,35,72,453
21,49928118,18,3,400
21,49928121,577,410,175
21,49928148,37,14,357
21,49928152,79,19,294
21,49928192,228,35,119
21,49928196,45,2,177
21,49928215,102,9,187
21,49928218,61,2,407
21,49928361,174,36,118
21,49928565,5,1,462
21,49928566,387,113,182
21,49928740,14,6,438
21,49928862,91,25,25
21,49928873,6,0,460
21,49928963,138,122,338
21,49929113,256,371,450
21,49929312,40,6,227
21,49929381,22,1,331
21,49929391,338,127,188
21,49929461,5,2,427
21,49929489,415,226,193
21,49929925,23,2,347
21,49930047,309,83,131
21,49930225,3,0,499
21,49930439,230,41,55
21,49930872,79,28,43
21,49931031,152,50,180
21,49931067,4,0,492
21,49931195,35,7,288
21,49931725,33,14,242
21,49931993,93,32,139
21,49932079,89,50,208
21,49932141,3,0,483
21,49932147,405,84,158
21,49932191,80,78,184
21,49932236,255,105,35
21,49932340,95,20,170
21,49932350,16,8,159
21,49932362,5,0,482
21,49932402,260,264,211
21,49932509,33,10,262
21,49932610,87,66,396
21,49932694,24,4,330
21,49932911,89,18,168
21,49933035,4,0,441
21,49933069,16,4,196
21,49933230,173,61,234
21,49933235,312,187,252
21,49933251,77,59,457
21,49933288,13,3,371
21,49933381,26,3,376
21,49933461,192,85,85
21,49933476,150,70,58
21,49933587,36,0,268
21,49933740,289,149,204
21,49933755,12,5,152
21,49933810,10,3,363
21,49933869,270,207,201
21,49934012,23,3,354
21,49934078,98,49,87
21,49934084,8,0,469
21,49934125,25,7,395
21,49934261,60,12,157
21,49934351,11,2,322
21,49934399,53,22,345
21,49934569,50,23,439
21,49934620,232,180,231
21,49934631,46,28,470
21,49934784,219,117,243
21,49935038,87,45,90
21,49935097,76,10,149
21,49935250,34,12,146
21,49935751,111,26,299
21,49935797,44,11,244
21,49935867,230,175,461
21,49935872,42,10,31
21,49936017,77,13,113
21,49936094,5,1,435
21,49936105,8,0,389
21,49936398,23,4,348
21,49936499,41,5,263
21,49936575,361,104,197
21,49936641,34,11,413
21,49936644,9,0,408
21,49936671,51,19,236
21,49936725,100,37,324
21,49936909,43,36,391
21,49936952,6,1,433
21,49936964,37,16,254
21,49937146,82,16,194
21,49937193,11,5,406
21,49937239,20,8,484
21,49937276,566,338,155
21,49937304,119,47,130
21,49937352,10,1,430
21,49937387,35,38,429
21,49937388,12,0,404
21,49937504,250,112,134
21,49937510,11,6,428
21,49937540,226,133,135
21,49937571,26,6,302
21,49937631,312,219,221
21,49937718,147,103,380
21,49937916,163,51,164
21,49937995,17,8,495
21,49938047,131,118,275
21,49938270,44,29,3
21,49938306,107,155,246
21,49938326,43,1,156
21,49938399,152,30,116
21,49938412,5,0,390
21,49938477,151,43,318
21,49938521,273,208,398
21,49938616,164,110,251
21,49938748,13,3,399
21,49938783,26,3,291
21,49938815,52,7,364
21,49938916,4,3,423
21,49939265,24,0,471
21,49939308,55,13,72
21,49939513,21,6,301
21,49939637,63,14,105
21,49939788,54,6,386
21,49939814,12,1,464
21,49940044,72,35,61
21,49940152,52,11,207
21,49940219,212,80,261
21,49940233,33,3,253
21,49940267,17,1,353
21,49940309,7,0,416
21,49940317,18,6,336
21,49940394,461,137,144
21,49940467,47,27,333
21,49940482,74,34,120
21,49940584,5,0,444
21,49940736,16,3,350
21,49940877,83,16,160
21,49941091,204,95,218
21,49941114,517,128,174
21,49941447,192,118,199
21,49941572,27,22,293
21,49941641,71,28,143
21,49941764,26,4,235
21,49942008,11,8,463
21,49942103,94,55,127
21,49942130,120,87,76
21,49942429,38,2,212
21,49942434,78,65,361
21,49942617,10,1,24
21,49942706,694,334,114
21,49942818,74,94,351
21,49942939,43,16,440
21,49942949,3,0,422
21,49943451,154,171,388
21,49943479,124,96,22
21,49943598,4,0,417
21,49943637,178,38,47
21,49943685,56,35,70
21,49943699,15,5,485
21,49944049,66,14,4
21,49944196,4,2,411
21,49944227,485,808,129
21,49944369,39,6,192
21,49944392,10,56,23
21,49944899,8,0,472
21,49944912,207,79,101
21,49945193,6,0,402
21,49945323,167,157,110
21,49945352,50,40,271
21,49945445,3,1,401
21,49945618,9,0,493
21,49945838,15,4,431
21,49945904,1,0,81
21,49945933,370,281,103
21,49945978,7,0,360
21,49945985,8,1,489
21,49946076,77,56,272
21,49946148,116,86,50
21,49946228,410,820,102
21,49946321,119,168,230
21,49946355,331,200,112
21,49946393,364,88,126
21,49946403,234,267,225
21,49946526,145,206,93
21,49946567,239,158,238
21,49946576,33,2,426
21,49946577,4,0,394
21,49946707,61,7,133
21,49946827,64,34,304
21,49946845,71,11,149
21,49946895,489,104,96
21,49947051,225,209,88
21,49947176,60,9,297
21,49947472,154,87,109
21,49947527,9,2,467
21,49947559,5,2,466
21,49947565,84,89,76
21,49947631,246,120,86
21,49947799,20,1,415
21,49947816,6,0,385
21,49948161,12,1,436
21,49948254,495,270,209
21,49948300,296,49,34
21,49948615,11,0,456
21,49948738,25,7,189
21,49948770,13,2,154
21,49949235,624,305,98
21,49949438,927,206,80
21,49949496,12,7,451
21,49949588,163,96,106
21,49949914,6,0,290
21,49949946,4,0,358
21,49949990,16,0,382
21,49950052,165,430,145
21,49950108,9,9,448
21,49950288,22,21,343
21,49950554,321,347,108
21,49950653,6,1,256
21,49950771,6,2,349
21,49950818,13,8,191
21,49950938,11,2,419
21,49951139,74,31,264
21,49951218,147,41,73
21,49951615,4,0,329
21,49951641,67,52,97
21,49951693,8,3,9
21,49951881,175,205,151
21,49951891,97,45,67
21,49951966,30,56,320
21,49952029,108,17,95
21,49952111,162,73,68
21,49952148,58,8,8
21,49952207,12,2,397
21,49952464,3,0,312
21,49953116,108,94,325
21,49953179,12,0,405
21,49953191,15,0,342
21,49953288,138,44,57
21,49953495,907,407,52
21,49953509,16,4,366
21,49953777,76,239,123
21,49954243,23,9,368
21,49954379,3,1,285
21,49954755,6,2,442
21,49954875,24,12,136
21,49955297,115,163,60
21,49955544,15,4,317
21,49955572,20,4,494
21,49955600,5,0,437
21,49956003,85,14,78
21,49956035,58,64,82
21,49956092,98,135,79
21,49956148,39,12,228
21,49956183,11,1,446
21,49956290,216,175,17
21,49956396,9,2,425
21,49956574,46,18,195
21,49956681,390,128,32
21,49956736,16,0,476
21,49956771,45,16,100
21,49957028,19,14,138
21,49957068,513,670,54
21,49957116,747,511,49
21,49957117,79,49,94
21,49957275,7,0,377
21,49957496,28,1,226
21,49957602,28,10,319
21,49957792,9,9,346
21,49957812,241,31,29
21,49957870,9,8,370
21,49958109,9,0,340
21,49958261,23,3,267
21,49958358,19,13,332
21,49958569,188,42,71
21,49958586,7,6,356
21,49958958,7,0,352
21,49959018,10,0,479
21,49959020,13,0,452
21,49959056,10,1,316
21,49959070,14,2,424
21,49959361,15,8,259
21,49959623,7,1,373
21,49959654,106,124,49
21,49959869,280,241,66
21,49960084,291,301,111
21,49960353,9,1,280
21,49960901,99,63,84
21,49961057,402,331,10
21,49961124,43,11,141
21,49961861,165,102,13
21,49961890,81,126,190
21,49962012,449,324,27
21,49962280,6,1,128
21,49962572,101,41,19
21,49962857,174,166,15
21,49963044,8,0,178
21,49963171,440,204,3
21,49963287,7,0,220
21,49963366,324,334,44
21,49963385,221,147,26
21,49963394,29,27,51
21,49963895,27,63,260
21,49964018,66,56,122
21,49964045,97,58,171
21,49964248,57,113,486
21,49964303,383,223,23
21,49964537,58,80,274
21,49965042,32,62,414
21,49965047,111,45,40
21,49965118,79,16,7
21,49965145,23,1,64
21,49965152,83,50,16
21,49965227,12,3,59
21,49965308,115,25,6
21,49965497,103,125,296
21,49965625,9,1,42
21,49965808,4,0,153
21,49965833,46,78,274
21,49965894,101,54,56
21,49965895,49,72,379
21,49966163,130,98,36
21,49966182,32,8,53
21,49966271,17,11,75
21,49966293,56,42,12
21,49966718,12,37,89
21,49966826,5,2,434
21,49967444,192,205,37
21,49967579,33,3,48
21,49968105,240,173,33
21,49968110,7,4,99
21,49968177,11,1,132
21,49968302,4,1,176
21,49968324,14,6,107
21,49968402,97,58,16
21,49968637,4,0,44
21,49968696,7,0,69
21,49968708,47,27,18
21,49968906,163,81,28
21,49968947,18,1,39
21,49968964,39,169,248
21,49969047,4,0,83
21,49969070,88,40,22
21,49969095,5,0,142
21,49969183,198,56,1
21,49969256,53,21,9
21,49969375,42,27,14
21,49969590,3,1,147
21,49969929,5,0,72
21,49969932,5,1,46
21,49969933,50,56,16
21,49969961,75,52,5
21,49970073,10,8,12
21,49970507,22,7,19
21,49970667,96,84,1
21,49970871,13,0,3
22,49905644,146,44,280
22,49906100,277,126,173
22,49906295,15,7,427
22,49906432,466,499,369
22,49906563,19,31,462
22,49906637,682,362,257
22,49907802,30,1,384
22,49908055,55,4,65
22,49908394,339,641,304
22,49908570,108,21,126
22,49908962,181,72,269
22,49909005,58,2,286
22,49909015,8,0,498
22,49909056,244,51,328
22,49909583,395,171,281
22,49909610,105,27,282
22,49909900,10,0,386
22,49909908,86,25,301
22,49909913,24,16,464
22,49910328,39,38,446
22,49910425,14,0,241
22,49910462,470,436,132
22,49910465,137,118,70
22,49910613,69,38,329
22,49911472,12,0,380
22,49911500,122,42,252
22,49911534,84,22,311
22,49911757,130,78,377
22,49911995,194,99,202
22,49912048,108,35,272
22,49912091,53,5,233
22,49912094,33,14,407
22,49912444,229,107,336
22,49912782,17,0,481
22,49912792,303,59,290
22,49912955,253,98,320
22,49913106,44,4,191
22,49913192,251,129,295
22,49913255,127,51,460
22,49913350,192,11,340
22,49913364,121,91,433
22,49913571,1699,1188,143
22,49913604,54,11,333
22,49913724,17,2,450
22,49913731,95,16,486
22,49913886,21,1,449
22,49913975,99,47,426
22,49914005,15,7,484
22,49914657,41,3,373
22,49915060,58,18,399
22,49915082,306,163,291
22,49915119,32,2,383
22,49915126,275,111,300
22,49916007,24,15,342
22,49916550,17,1,113
22,49916753,73,12,90
22,49916865,12,1,499
22,49916997,33,17,416
22,49917536,402,366,100
22,49917784,57,41,57
22,49917900,124,29,23
22,49918161,90,194,322
22,49918480,14,0,318
22,49919676,168,156,119
22,49919910,189,111,185
22,49920090,6,0,472
22,49920160,630,178,210
22,49920234,413,377,285
22,49920332,62,41,79
22,49920785,53,53,19
22,49920896,280,172,177
22,49920932,395,444,270
22,49921050,210,161,364
22,49921798,214,64,172
22,49921825,54,28,230
22,49921834,15,0,316
22,49921923,292,112,170
22,49922074,55,117,220
22,49922075,34,6,487
22,49922155,12,8,468
22,49922212,92,31,317
22,49922278,291,227,310
22,49922437,177,51,187
22,49922515,159,49,228
22,49922568,132,542,219
22,49922569,269,316,227
22,49922594,59,6,274
22,49922674,289,67,262
22,49922729,188,106,347
22,49922736,82,28,308
22,49923056,214,143,345
22,49923125,50,9,85
22,49923466,399,116,154
22,49923602,41,11,183
22,49923638,88,7,276
22,49923692,640,217,179
22,49923873,275,65,130
22,49923944,26,0,378
22,49924121,19,1,284
22,49924179,573,536,222
22,49924275,67,10,387
22,49924301,8,1,495
22,49924385,36,11,481
22,49924543,37,11,396
22,49924618,202,272,171
22,49924726,4,1,492
22,49924795,69,9,41
22,49924943,49,9,349
22,49925036,126,49,254
22,49925184,673,175,146
22,49925261,52,79,319
22,49925602,129,77,225
22,49925653,57,38,256
22,49925742,125,21,221
22,49925812,87,70,287
22,49925969,507,74,255
22,49925974,437,96,168
22,49926069,1684,603,247
22,49926185,31,15,344
22,49926411,370,190,166
22,49926512,151,76,245
22,49926536,410,179,240
22,49926581,18,7,428
22,49926609,59,5,203
22,49926628,265,236,161
22,49926691,11,12,390
22,49926773,106,19,213
22,49926792,25,1,368
22,49926917,227,79,277
22,49926986,13,2,417
22,49927100,238,194,360
22,49927212,166,48,205
22,49927295,32,11,245
22,49927514,37,5,193
22,49927587,42,28,315
22,49927652,8,6,478
22,49927682,12,2,477
22,49927686,15,6,452
22,49927747,350,341,216
22,49927754,805,414,127
22,49927760,585,131,208
22,49927844,27,5,374
22,49927854,33,16,264
22,49927872,32,9,321
22,49927981,11,8,474
22,49928011,10,5,420
22,49928054,35,72,458
22,49928118,18,3,405
22,49928121,577,410,180
22,49928148,37,14,363
22,49928152,80,19,292
22,49928192,228,35,125
22,49928196,45,2,182
22,49928215,102,9,190
22,49928218,61,2,414
22,49928361,174,36,124
22,49928565,5,1,470
22,49928566,387,113,188
22,49928740,14,6,443
22,49928862,95,25,26
22,49928873,6,0,468
22,49928963,138,122,346
22,49929113,256,371,453
22,49929312,40,6,234
22,49929381,22,1,338
22,49929391,338,127,192
22,49929461,5,2,434
22,49929489,415,226,194
22,49929925,23,2,352
22,49930047,309,83,137
22,49930439,230,40,62
22,49930872,80,28,46
22,49931031,152,50,184
22,49931195,35,7,294
22,49931725,33,14,250
22,49931993,93,33,145
22,49932079,89,50,211
22,49932141,3,0,490
22,49932147,405,84,163
22,49932191,80,78,189
22,49932236,256,105,38
22,49932340,95,20,176
22,49932350,16,8,167
22,49932362,5,0,489
22,49932402,260,264,215
22,49932509,33,10,267
22,49932610,88,66,394
22,49932694,25,4,325
22,49932911,89,18,174
22,49933035,4,0,447
22,49933069,16,4,204
22,49933230,173,61,242
22,49933235,312,187,258
22,49933251,77,59,466
22,49933288,13,3,375
22,49933381,26,3,382
22,49933461,192,86,93
22,49933476,151,70,67
22,49933587,36,0,273
22,49933740,289,149,209
22,49933755,12,5,157
22,49933810,10,3,371
22,49933869,270,207,206
22,49934012,23,3,359
22,49934078,98,51,97
22,49934084,8,0,475
22,49934125,25,7,402
22,49934261,60,12,164
22,49934351,11,2,334
22,49934399,53,22,350
22,49934569,51,23,444
22,49934620,232,180,237
22,49934631,46,28,476
22,49934784,219,117,249
22,49935038,87,45,99
22,49935097,76,10,153
22,49935250,34,12,152
22,49935751,111,26,305
22,49935797,44,11,251
22,49935867,231,174,461
22,49935872,47,10,33
22,49936017,78,13,121
22,49936094,5,1,442
22,49936105,8,0,395
22,49936398,23,4,354
22,49936499,42,5,263
22,49936575,361,104,196
22,49936641,34,11,422
22,49936644,9,0,415
22,49936671,51,19,244
22,49936725,100,37,331
22,49936909,43,36,397
22,49936952,6,1,439
22,49936964,37,16,261
22,49937146,82,16,198
22,49937193,11,5,412
22,49937239,20,8,491
22,49937276,566,338,158
22,49937304,119,47,136
22,49937352,10,1,436
22,49937387,35,38,434
22,49937388,12,0,410
22,49937504,250,112,140
22,49937510,12,6,409
22,49937540,226,133,142
22,49937571,26,6,306
22,49937631,312,219,229
22,49937718,147,103,385
22,49937916,163,51,169
22,49937995,18,8,488
22,49938047,131,118,277
22,49938270,55,40,10
22,49938306,107,155,253
22,49938326,43,1,160
22,49938399,152,30,123
22,49938412,5,0,398
22,49938477,151,43,326
22,49938521,273,208,403
22,49938616,164,110,259
22,49938748,13,3,404
22,49938783,26,3,297
22,49938815,52,7,372
22,49938916,4,3,431
22,49939265,24,0,479
22,49939308,55,13,80
22,49939513,21,6,307
22,49939637,63,14,112
22,49939788,54,6,392
22,49939814,12,1,473
22,49940044,72,35,68
22,49940152,52,11,212
22,49940219,212,81,266
22,49940233,33,3,260
22,49940267,17,1,358
22,49940309,7,0,424
22,49940317,18,6,343
22,49940394,461,137,149
22,49940467,47,27,341
22,49940482,74,34,128
22,49940584,5,0,448
22,49940736,16,3,355
22,49940877,83,16,165
22,49941091,204,95,224
22,49941114,517,128,181
22,49941447,192,118,200
22,49941572,27,22,299
22,49941641,71,28,148
22,49941764,26,4,243
22,49942008,12,8,459
22,49942103,94,55,134
22,49942130,120,87,82
22,49942429,38,2,217
22,49942434,78,65,367
22,49942617,12,2,28
22,49942706,694,333,120
22,49942818,75,94,357
22,49942939,45,16,445
22,49942949,3,0,430
22,49943451,154,175,400
22,49943479,128,98,22
22,49943598,4,0,425
22,49943637,178,39,49
22,49943685,56,36,77
22,49943699,15,5,494
22,49944049,87,18,6
22,49944196,4,2,421
22,49944227,485,807,135
22,49944369,40,6,195
22,49944392,18,59,22
22,49944899,8,0,485
22,49944912,207,79,108
22,49945193,6,0,411
22,49945323,167,157,117
22,49945352,50,40,314
22,49945445,3,1,407
22,49945618,10,0,471
22,49945838,15,4,438
22,49945904,1,0,83
22,49945933,371,282,110
22,49945978,7,0,365
22,49946076,77,56,279
22,49946148,116,88,54
22,49946228,410,820,109
22,49946303,11,0,497
22,49946321,119,168,238
22,49946355,331,201,118
22,49946393,364,88,131
22,49946403,234,267,232
22,49946526,145,206,101
22,49946567,239,159,247
22,49946576,33,2,436
22,49946577,5,0,360
22,49946707,61,7,139
22,49946827,64,34,312
22,49946845,71,11,155
22,49946895,489,104,104
22,49947051,225,209,96
22,49947176,60,9,302
22,49947472,154,87,116
22,49947527,9,2,481
22,49947559,5,2,479
22,49947565,84,89,84
22,49947631,247,121,92
22,49947799,20,1,423
22,49947816,6,0,391
22,49948161,13,1,432
22,49948254,495,271,214
22,49948300,299,49,36
22,49948615,11,0,464
22,49948738,25,7,198
22,49948770,13,2,159
22,49949235,626,305,105
22,49949438,928,207,88
22,49949496,12,7,457
22,49949588,163,96,114
22,49949914,6,0,298
22,49949946,4,0,366
22,49949990,16,0,389
22,49950052,165,430,150
22,49950108,9,9,454
22,49950288,22,21,351
22,49950554,321,347,115
22,49950653,6,1,265
22,49950771,7,2,309
22,49950818,13,8,199
22,49950938,11,2,429
22,49951139,75,31,268
22,49951218,147,41,77
22,49951615,4,0,339
22,49951641,67,52,106
22,49951693,27,23,5
22,49951881,176,205,157
22,49951891,97,46,73
22,49951966,31,56,288
22,49952029,108,17,102
22,49952111,162,73,74
22,49952148,67,10,14
22,49952207,13,2,405
22,49952464,3,0,323
22,49953116,109,94,324
22,49953179,12,0,417
22,49953191,16,0,337
22,49953195,6,0,15
22,49953288,138,44,63
22,49953495,908,408,56
22,49953509,16,4,376
22,49953777,76,240,133
22,49954243,23,12,379
22,49954379,3,1,295
22,49954755,6,2,449
22,49954875,24,12,143
22,49955297,115,164,65
22,49955544,15,4,329
22,49955600,6,0,411
22,49956003,86,14,81
22,49956035,58,68,89
22,49956092,100,136,87
22,49956148,39,12,236
22,49956183,11,1,455
22,49956290,230,176,24
22,49956396,9,2,440
22,49956574,46,18,201
22,49956681,390,128,69
22,49956736,17,0,467
22,49956771,45,16,111
22,49957028,19,14,146
22,49957068,513,670,61
22,49957116,752,517,53
22,49957117,79,49,103
22,49957275,7,0,390
22,49957496,28,1,235
22,49957570,13,3,494
22,49957602,29,10,311
22,49957792,10,9,331
22,49957812,242,31,31
22,49957870,9,8,381
22,49958109,9,0,353
22,49958261,24,3,275
22,49958358,19,13,348
22,49958569,189,43,76
22,49958586,7,6,368
22,49958958,7,0,362
22,49959018,11,0,491
22,49959020,13,0,463
22,49959056,10,1,332
22,49959070,14,2,441
22,49959361,15,8,269
22,49959623,7,1,385
22,49959654,106,126,47
22,49959869,280,241,75
22,49960084,292,302,122
22,49960353,9,1,290
22,49960793,13,8,497
22,49960901,100,63,94
22,49961057,455,382,10
22,49961124,43,11,151
22,49961861,169,105,17
22,49961890,81,128,218
22,49962012,455,325,32
22,49962280,6,1,140
22,49962572,115,45,20
22,49962857,180,173,16
22,49963044,9,0,173
22,49963171,460,210,5
22,49963287,7,1,224
22,49963366,325,336,51
22,49963385,226,152,35
22,49963394,31,28,55
22,49963895,27,63,280
22,49964045,99,58,197
22,49964102,13,18,111
22,49964303,389,231,30
22,49964537,58,81,301
22,49965042,33,62,414
22,49965047,117,46,42
22,49965118,87,17,12
22,49965145,24,1,72
22,49965152,101,56,16
22,49965227,15,3,44
22,49965308,120,27,8
22,49965497,104,125,352
22,49965625,11,1,40
22,49965808,4,0,176
22,49965833,46,77,285
22,49965894,101,54,71
22,49965895,49,73,396
22,49966163,132,100,52
22,49966182,33,9,63
22,49966271,18,11,92
22,49966293,60,51,27
22,49966826,5,2,456
22,49967444,194,212,54
22,49967579,38,4,59
22,49968105,250,180,42
22,49968110,8,4,118
22,49968177,12,1,155
22,49968302,4,1,227
22,49968324,14,7,136
22,49968402,110,65,20
22,49968637,6,0,45
22,49968696,8,0,95
22,49968708,56,35,27
22,49968906,169,84,37
22,49968947,21,1,46
22,49968964,39,176,314
22,49969047,4,0,105
22,49969070,91,52,33
22,49969095,5,1,179
22,49969183,236,64,1
22,49969256,69,33,13
22,49969375,56,46,26
22,49969590,3,2,195
22,49969929,6,0,80
22,49969932,7,1,56
22,49969933,54,74,187
22,49969961,89,61,11
22,49970073,18,28,8
22,49970507,26,8,50
22,49970667,137,111,3
22,49970871,57,5,2
22,49970888,14,1,88
22,49970990,5,0,60
22,49971230,42,8,3
22,49971473,8,1,38
22,49971523,9,0,29
23,49905644,146,44,287
23,49906100,277,126,181
23,49906295,15,7,436
23,49906432,466,499,378
23,49906563,19,31,471
23,49906637,682,362,266
23,49907802,30,1,393
23,49908055,55,4,71
23,49908394,339,641,312
23,49908570,108,21,138
23,49908962,181,72,277
23,49909005,58,2,295
23,49909056,244,51,335
23,49909583,395,171,290
23,49909610,105,27,291
23,49909900,10,0,397
23,49909908,86,25,310
23,49909913,24,16,472
23,49910328,39,38,456
23,49910425,14,0,250
23,49910462,471,436,142
23,49910465,138,118,77
23,49910613,69,38,338
23,49911472,12,0,389
23,49911500,122,42,259
23,49911534,84,22,318
23,49911757,130,78,385
23,49911995,194,99,206
23,49912048,108,35,280
23,49912091,53,5,240
23,49912094,33,14,415
23,49912444,229,107,341
23,49912782,17,0,489
23,49912792,303,59,297
23,49912955,253,98,329
23,49913106,44,4,200
23,49913192,251,129,302
23,49913255,127,51,468
23,49913350,192,11,347
23,49913364,121,91,443
23,49913571,1699,1188,151
23,49913604,54,11,340
23,49913724,17,2,459
23,49913731,95,16,494
23,49913886,21,1,458
23,49913975,99,47,434
23,49914005,15,7,491
23,49914657,41,3,381
23,49915060,59,18,408
23,49915082,306,163,298
23,49915119,32,2,391
23,49915126,275,111,305
23,49916007,24,15,352
23,49916550,17,1,123
23,49916753,74,12,96
23,49916997,33,17,423
23,49917536,402,367,102
23,49917784,57,41,62
23,49917900,130,29,28
23,49918161,90,194,332
23,49918480,14,0,328
23,49919676,168,156,130
23,49919910,189,111,192
23,49920090,6,0,479
23,49920160,630,178,216
23,49920234,413,377,294
23,49920332,62,41,87
23,49920785,57,54,24
23,49920896,280,172,186
23,49920932,395,444,278
23,49921050,210,161,371
23,49921798,214,64,182
23,49921825,54,28,237
23,49921834,15,0,322
23,49921923,292,112,178
23,49922074,55,117,230
23,49922075,34,6,497
23,49922155,12,8,477
23,49922212,92,31,324
23,49922278,291,227,317
23,49922437,177,51,195
23,49922515,159,49,235
23,49922568,132,546,226
23,49922569,269,317,233
23,49922594,59,6,282
23,49922674,289,67,271
23,49922729,188,106,355
23,49922736,82,28,316
23,49923056,214,143,354
23,49923125,50,9,94
23,49923466,399,116,161
23,49923602,41,11,193
23,49923638,88,7,284
23,49923692,640,217,187
23,49923873,275,65,140
23,49923944,26,0,386
23,49924121,19,1,293
23,49924179,573,536,229
23,49924275,68,10,395
23,49924385,36,11,490
23,49924543,37,11,406
23,49924618,202,272,180
23,49924795,70,9,46
23,49924943,49,9,357
23,49925036,126,49,261
23,49925184,673,175,155
23,49925261,52,79,326
23,49925602,129,77,234
23,49925653,57,38,265
23,49925742,125,21,228
23,49925812,87,70,296
23,49925969,507,74,264
23,49925974,438,96,177
23,49926069,1684,603,255
23,49926185,31,15,350
23,49926411,370,190,175
23,49926512,151,76,253
23,49926536,410,179,245
23,49926581,18,7,437
23,49926609,59,5,208
23,49926628,265,236,171
23,49926691,11,12,398
23,49926773,106,19,220
23,49926792,25,1,376
23,49926917,227,79,285
23,49926986,13,2,426
23,49927100,238,194,368
23,49927212,166,48,209
23,49927295,32,11,254
23,49927514,37,5,202
23,49927587,42,28,320
23,49927652,8,6,487
23,49927682,12,2,485
23,49927686,15,6,461
23,49927747,350,341,222
23,49927754,805,414,137
23,49927760,585,132,215
23,49927844,27,5,382
23,49927854,33,16,272
23,49927872,32,9,331
23,49927981,11,8,483
23,49928011,10,5,429
23,49928054,35,72,466
23,49928118,18,3,414
23,49928121,577,410,188
23,49928148,37,14,370
23,49928152,80,19,300
23,49928192,228,35,134
23,49928196,45,2,191
23,49928215,102,9,198
23,49928218,61,2,422
23,49928361,174,36,135
23,49928565,5,1,478
23,49928566,387,113,196
23,49928740,14,6,453
23,49928862,98,25,31
23,49928873,6,0,475
23,49928963,138,122,356
23,49929113,256,371,463
23,49929312,40,6,241
23,49929381,22,1,345
23,49929391,338,127,199
23,49929461,5,2,446
23,49929489,415,226,201
23,49929925,23,2,359
23,49930047,309,83,146
23,49930439,231,40,67
23,49930872,80,28,53
23,49931031,152,50,190
23,49931195,35,7,301
23,49931725,33,14,258
23,49931993,93,36,154
23,49932079,89,50,218
23,49932141,3,0,500
23,49932147,405,84,172
23,49932191,81,78,197
23,49932236,258,105,41
23,49932340,95,20,185
23,49932350,16,8,183
23,49932362,5,0,499
23,49932402,260,264,221
23,49932509,33,10,276
23,49932610,88,66,403
23,49932694,25,4,333
23,49932911,90,18,184
23,49933035,4,0,457
23,49933069,16,4,214
23,49933230,173,61,249
23,49933235,312,187,267
23,49933251,77,59,473
23,49933288,13,3,384
23,49933381,26,3,392
23,49933461,192,86,99
23,49933476,152,70,72
23,49933587,36,0,281
23,49933740,289,149,217
23,49933755,12,5,168
23,49933810,10,3,379
23,49933869,270,207,210
23,49934012,23,3,365
23,49934078,98,51,101
23,49934084,8,0,484
23,49934125,25,7,410
23,49934261,60,12,173
23,49934351,11,2,343
23,49934399,53,22,358
23,49934569,51,23,454
23,49934620,232,180,243
23,49934631,46,28,488
23,49934784,219,117,257
23,49935038,87,45,103
23,49935097,76,10,163
23,49935250,34,12,162
23,49935751,111,26,313
23,49935797,44,11,260
23,49935867,231,174,470
23,49935872,47,10,36
23,49936017,78,13,132
23,49936094,5,1,450
23,49936105,8,0,405
23,49936398,23,4,362
23,49936499,42,5,273
23,49936575,362,104,204
23,49936641,34,11,430
23,49936644,9,0,424
23,49936671,51,19,251
23,49936725,100,37,339
23,49936909,43,36,407
23,49936952,6,1,448
23,49936964,37,16,270
23,49937146,82,16,231
23,49937193,11,5,420
23,49937276,566,338,166
23,49937304,119,47,147
23,49937352,10,1,445
23,49937387,35,38,444
23,49937388,12,0,419
23,49937504,250,112,149
23,49937510,12,6,418
23,49937540,226,133,150
23,49937571,26,6,314
23,49937631,312,219,236
23,49937718,147,103,396
23,49937916,163,51,179
23,49937995,18,8,498
23,49938047,131,118,286
23,49938306,107,155,262
23,49938326,43,1,169
23,49938399,152,30,133
23,49938412,5,0,409
23,49938477,151,43,336
23,49938521,273,208,412
23,49938616,164,110,268
23,49938748,13,3,413
23,49938783,26,3,304
23,49938815,52,7,380
23,49938916,4,3,440
23,49939265,24,0,492
23,49939308,55,13,89
23,49939513,21,6,315
23,49939637,63,14,121
23,49939788,54,6,399
23,49939814,12,1,482
23,49940044,72,35,73
23,49940152,52,11,219
23,49940219,212,81,274
23,49940233,33,3,269
23,49940267,17,1,366
23,49940309,7,0,432
23,49940317,18,6,353
23,49940394,461,137,157
23,49940467,47,27,349
23,49940482,74,34,139
23,49940584,5,0,460
23,49940736,16,3,363
23,49940877,83,16,176
23,49941091,204,95,232
23,49941114,517,128,189
23,49941447,192,118,207
23,49941572,27,22,308
23,49941641,71,28,158
23,49941764,26,4,252
23,49942008,12,8,469
23,49942103,94,55,143
23,49942130,121,87,88
23,49942429,38,2,225
23,49942434,78,65,377
23,49942617,13,2,34
23,49942706,694,334,131
23,49942818,75,94,367
23,49942939,45,16,455
23,49942949,3,0,438
23,49943451,154,176,411
23,49943479,132,102,27
23,49943598,4,0,435
23,49943637,179,39,52
23,49943685,57,36,85
23,49944049,92,20,8
23,49944196,4,2,431
23,49944227,486,808,144
23,49944369,40,6,205
23,49944392,24,63,29
23,49944899,8,0,496
23,49944912,207,79,116
23,49945193,6,0,421
23,49945323,167,157,127
23,49945352,50,40,325
23,49945445,3,1,417
23,49945618,10,0,481
23,49945838,15,4,449
23,49945904,1,0,78
23,49945933,371,285,118
23,49945978,7,0,373
23,49946076,77,56,288
23,49946148,116,88,107
23,49946228,410,820,117
23,49946321,119,168,244
23,49946355,331,201,129
23,49946393,364,88,141
23,49946403,234,267,239
23,49946526,145,206,105
23,49946567,239,159,256
23,49946576,33,2,447
23,49946577,5,0,369
23,49946707,61,7,148
23,49946827,64,34,321
23,49946845,71,11,164
23,49946895,489,104,110
23,49947051,225,209,100
23,49947176,61,9,311
23,49947472,154,87,125
23,49947527,9,2,495
23,49947559,5,2,493
23,49947565,85,89,90
23,49947631,247,121,97
23,49947799,20,1,433
23,49947816,6,0,401
23,49948161,13,1,441
23,49948254,495,271,224
23,49948300,301,49,38
23,49948615,11,0,474
23,49948738,25,7,211
23,49948770,13,2,170
23,49949235,627,307,113
23,49949438,929,209,92
23,49949496,12,7,467
23,49949588,163,96,122
23,49949914,6,0,307
23,49949946,4,0,375
23,49949990,16,0,400
23,49950052,165,430,160
23,49950108,9,9,464
23,49950288,22,21,360
23,49950554,321,347,124
23,49950653,7,1,18
23,49950771,7,2,319
23,49950818,13,8,212
23,49950938,11,2,439
23,49951139,75,31,279
23,49951218,147,41,83
23,49951615,4,0,351
23,49951641,67,52,114
23,49951693,38,36,6
23,49951881,176,205,174
23,49951891,98,47,79
23,49951966,31,56,299
23,49952029,108,17,109
23,49952111,163,73,78
23,49952148,68,11,20
23,49952207,13,2,416
23,49952464,3,0,334
23,49953116,109,94,337
23,49953179,12,0,428
23,49953191,16,0,348
23,49953195,18,2,10
23,49953288,139,44,69
23,49953495,910,410,111
23,49953509,16,4,388
23,49953777,76,241,145
23,49954243,23,12,390
23,49954379,3,1,306
23,49954755,6,2,462
23,49954875,25,12,152
23,49955297,116,164,70
23,49955544,15,5,342
23,49955600,6,0,427
23,49956003,86,15,91
23,49956035,58,70,95
23,49956092,100,136,93
23,49956148,39,12,247
23,49956183,11,1,465
23,49956290,236,179,30
23,49956396,9,2,451
23,49956574,46,18,213
23,49956681,391,129,74
23,49956736,17,0,480
23,49956771,45,16,120
23,49957028,19,14,156
23,49957068,514,670,64
23,49957116,755,517,59
23,49957117,79,49,112
23,49957275,7,0,404
23,49957496,28,1,246
23,49957602,29,10,330
23,49957792,10,9,344
23,49957812,242,32,68
23,49957870,9,8,394
23,49958109,9,0,364
23,49958261,24,3,289
23,49958358,19,13,361
23,49958569,189,44,85
23,49958586,7,6,383
23,49958958,7,0,374
23,49959020,13,0,476
23,49959056,10,1,346
23,49959070,14,2,452
23,49959361,15,8,283
23,49959623,7,1,402
23,49959654,106,126,54
23,49959869,280,242,81
23,49960084,292,302,136
23,49960353,9,1,309
23,49960901,101,63,98
23,49961057,482,407,13
23,49961124,43,11,165
23,49961861,172,112,23
23,49961890,82,128,238
23,49962012,460,327,33
23,49962280,6,1,153
23,49962572,119,45,26
23,49962857,191,177,22
23,49963044,9,0,194
23,49963171,471,214,7
23,49963287,7,2,242
23,49963366,326,335,56
23,49963382,5,1,17
23,49963385,228,155,43
23,49963394,31,29,61
23,49963895,27,63,303
23,49964045,99,58,223
23,49964102,13,18,119
23,49964303,392,246,35
23,49964537,58,81,327
23,49965042,33,64,442
23,49965047,118,46,50
23,49965118,89,21,16
23,49965145,26,3,84
23,49965152,112,59,21
23,49965227,17,3,51
23,49965308,125,29,14
23,49965497,106,125,372
23,49965625,11,1,49
23,49965808,4,0,203
23,49965833,47,77,292
23,49965894,101,54,82
23,49965895,49,73,425
23,49966163,132,101,63
23,49966182,33,9,76
23,49966271,19,11,106
23,49966293,60,49,37
23,49966826,5,2,486
23,49967444,196,217,66
23,49967579,39,4,65
23,49968105,253,171,42
23,49968110,8,4,126
23,49968177,13,1,167
23,49968302,4,1,263
23,49968324,15,10,159
23,49968402,125,75,25
23,49968637,6,0,57
23,49968696,8,0,115
23,49968708,59,37,32
23,49968906,169,84,47
23,49968947,24,1,55
23,49968964,40,187,387
23,49969047,7,0,118
23,49969070,94,53,40
23,49969095,5,1,227
23,49969183,267,71,1
23,49969256,74,39,19
23,49969375,58,55,60
23,49969590,4,2,248
23,49969929,8,0,104
23,49969932,8,1,75
23,49969933,57,81,323
23,49969961,92,62,18
23,49970073,24,37,11
23,49970507,29,8,58
23,49970667,170,128,2
23,49970871,69,5,3
23,49970888,18,1,108
23,49970990,8,0,45
23,49971230,71,18,2
23,49971356,19,0,8
23,49971473,13,3,44
23,49971523,38,4,16
23,49971678,5,0,19
23,49971782,6,2,14
23,49971794,5,0,45
23,49971826,7,0,38
23,49971846,23,1,6
23,49971895,3,0,12
23,49971921,26,18,3
23,49971952,15,2,7
23,49972008,4,0,8
23,49972027,7,0,39
