hour,id,score,comments,best_rank
0,44561328,359,301,
0,44561895,104,22,
0,44566748,202,135,
0,44567683,231,442,
0,44567857,1755,1624,
0,44568147,109,48,
0,44571692,154,26,
0,44576183,74,69,
0,44576312,212,114,
0,44577210,129,62,
0,44578070,218,145,
0,44578143,216,164,
0,44580567,158,182,
0,44581725,117,71,
0,44582662,191,65,
0,44582730,64,59,
0,44583316,195,30,
0,44584372,517,386,
0,44584414,98,40,
0,44584830,38,67,13
0,44585370,71,40,
0,44587116,300,231,
0,44590034,88,104,
0,44590391,117,30,
0,44590671,46,21,
0,44591305,307,24,
0,44591439,72,46,
0,44591605,132,35,3
0,44591775,174,70,
0,44592377,331,253,
0,44592413,443,104,
0,44592797,90,54,
0,44593628,83,3,
0,44594156,657,146,
0,44594165,107,16,
0,44594486,50,46,
0,44594584,224,111,
0,44594808,561,173,
0,44595492,680,484,
0,44595824,100,83,
0,44597037,40,23,
0,44597727,54,11,
0,44598090,291,165,
0,44598578,91,48,
0,44599549,258,177,
0,44600043,33,6,
0,44600070,60,11,
0,44600594,308,198,
0,44600899,55,33,
0,44601023,446,198,
0,44601045,250,257,
0,44602197,67,42,
0,44602227,36,5,
0,44602532,151,44,
0,44602609,197,118,
0,44603066,261,147,
0,44603349,418,211,
0,44604024,88,13,
0,44604050,349,169,
0,44604125,34,5,
0,44604127,41,2,
0,44604311,97,22,
0,44604808,23,6,
0,44605169,115,38,
0,44605245,117,71,
0,44606184,932,897,
0,44606653,77,23,
0,44607403,127,65,
0,44607838,332,516,
0,44607961,163,98,
0,44608295,317,139,
0,44608312,122,21,
0,44608754,309,215,
0,44608840,92,54,
0,44608856,237,133,
0,44609130,365,353,
0,44609154,46,39,
0,44609893,82,13,
0,44610468,268,23,
0,44610925,74,30,
0,44611298,75,52,
0,44612023,179,86,
0,44612151,601,205,
0,44612313,96,43,8
0,44612487,859,508,
0,44612643,102,36,
0,44612736,49,55,
0,44613268,98,83,
0,44613361,31,19,
0,44613419,77,75,
0,44613438,168,39,
0,44613486,191,58,
0,44613594,19,3,
0,44613625,492,309,
0,44613791,73,131,
0,44613840,476,698,
0,44613901,17,15,
0,44614370,431,132,
0,44614372,79,16,
0,44614510,74,11,
0,44614747,34,10,
0,44614837,35,51,
0,44615033,135,122,
0,44615801,570,215,
0,44615862,17,5,
0,44616158,60,32,
0,44616405,66,4,
0,44616479,522,397,
0,44616688,60,31,
0,44618335,208,186,
0,44618509,62,9,
0,44618535,256,442,
0,44618687,360,120,
0,44618762,196,164,
0,44618844,24,0,
0,44619020,38,2,
0,44619206,450,264,
0,44619258,41,106,
0,44619485,52,11,
0,44619709,97,68,
0,44619835,58,13,
0,44620002,378,192,
0,44620020,51,87,24
0,44620577,18,4,
0,44620606,204,613,
0,44621487,130,52,
0,44621712,8,1,
0,44622360,14,1,
0,44622454,205,94,
0,44622543,41,5,
0,44622608,414,24,
0,44622637,193,77,
0,44622953,413,788,
0,44622954,22,11,
0,44622973,152,31,
0,44622999,56,27,
0,44623207,419,254,
0,44623361,314,439,
0,44623581,207,33,
0,44623953,587,408,
0,44624114,254,179,
0,44625292,609,331,
0,44625360,85,12,
0,44626359,82,49,15
0,44626363,248,122,
0,44626807,17,2,
0,44627158,105,22,
0,44627211,89,38,
0,44627732,8,0,10
0,44627793,166,90,
0,44627828,184,128,
0,44628082,132,76,
0,44628930,386,316,
0,44629074,148,192,
0,44629134,334,294,
0,44629206,401,121,
0,44629299,211,99,
0,44629710,791,427,
0,44629962,91,25,
0,44630551,39,8,
0,44630648,203,86,
0,44630724,177,80,
0,44630760,174,526,
0,44630801,32,6,
0,44630927,237,106,
0,44631042,142,44,
0,44631594,151,64,
0,44631934,7,1,
0,44632045,49,15,26
0,44632218,20,1,
0,44632240,121,105,
0,44632314,16,6,
0,44632904,13,4,
0,44633384,58,59,
0,44633549,14,4,
0,44633933,243,51,
0,44634340,231,210,
0,44635075,20,32,
0,44635403,79,18,
0,44635676,18,6,
0,44635745,546,418,
0,44635808,601,145,
0,44635867,193,185,
0,44635919,177,66,
0,44636204,243,108,
0,44636277,26,4,
0,44636691,136,36,
0,44636774,62,24,
0,44636850,48,8,
0,44636886,26,20,
0,44636896,116,76,
0,44637128,72,34,
0,44637151,104,50,
0,44637191,524,242,
0,44637352,519,147,
0,44637457,69,42,
0,44637464,46,3,
0,44637523,62,3,
0,44637635,41,34,
0,44637715,324,72,
0,44637716,158,49,
0,44637802,21,1,
0,44637815,84,45,
0,44638076,92,29,
0,44638178,24,3,
0,44638300,148,65,
0,44638304,91,39,
0,44638509,170,294,
0,44638510,79,28,
0,44638580,499,291,
0,44638634,19,2,
0,44638689,74,27,
0,44638710,141,29,
0,44638948,87,129,
0,44639135,161,154,
0,44639421,130,52,
0,44639524,190,25,
0,44639802,23,3,
0,44639828,55,5,25
0,44639880,19,7,
0,44640143,9,0,
0,44640178,80,100,
0,44640233,45,89,
0,44640331,50,51,
0,44640471,14,5,
0,44640477,20,14,
0,44640525,20,2,
0,44640992,53,50,
0,44641021,16,2,
0,44641117,185,107,
0,44641464,269,203,
0,44641521,503,170,
0,44641669,129,111,
0,44641961,374,528,
0,44642085,48,13,
0,44642349,255,162,
0,44642357,14,0,
0,44642749,31,35,
0,44642760,5,0,
0,44642796,144,72,
0,44642927,15,2,
0,44643055,117,10,
0,44643564,553,325,
0,44644404,48,29,
0,44644718,5,1,
0,44645353,757,459,
0,44645355,6,0,
0,44645375,9,0,
0,44645393,8,0,
0,44645427,6,0,
0,44645597,77,28,
0,44645768,16,0,
0,44645796,10,0,
0,44645846,107,29,
0,44646065,125,13,
0,44646151,173,159,
0,44646363,10,0,
0,44646780,23,12,
0,44646797,148,184,
0,44646801,396,232,
0,44646869,220,174,
0,44646901,170,57,
0,44646925,169,59,
0,44647034,18,1,
0,44647112,607,846,
0,44647190,246,152,
0,44647504,25,3,
0,44647572,89,24,
0,44647600,59,13,
0,44647609,50,26,
0,44647632,28,31,
0,44647772,11,4,
0,44648144,215,328,
0,44648700,85,84,
0,44648725,5,0,
0,44648728,355,223,
0,44648772,149,109,
0,44648926,38,6,
0,44648957,37,9,
0,44649013,16,8,
0,44649036,123,160,
0,44649115,25,10,
0,44649319,152,42,
0,44649531,15,0,
0,44649651,143,39,
0,44649653,107,29,
0,44649817,110,103,
0,44650427,20,2,
0,44650567,120,67,
0,44650622,82,21,
0,44650694,69,82,
0,44650840,193,40,
0,44651024,72,33,
0,44651066,586,135,
0,44651092,324,119,
0,44651142,15,0,
0,44651485,288,352,
0,44651536,148,47,
0,44651539,308,66,
0,44651558,4,0,
0,44651616,167,172,
0,44651655,4,0,
0,44651661,62,56,
0,44651686,37,0,
0,44651718,6,1,
0,44651744,7,1,
0,44651753,6,0,
0,44651766,269,180,
0,44651770,397,43,
0,44651904,7,0,
0,44652140,16,7,
0,44652172,8,0,
0,44652187,6,0,
0,44652308,17,3,
0,44652374,398,399,
0,44652482,64,50,
0,44652777,18,4,
0,44653072,724,329,
0,44653136,70,29,19
0,44653164,15,2,
0,44653246,5,1,
0,44653477,20,6,
0,44653531,15,2,
0,44653586,77,34,
0,44653890,6,1,
0,44653965,276,55,
0,44653981,7,1,
0,44654022,76,17,
0,44654031,9,0,
0,44654071,6,2,
0,44654299,80,13,
0,44654302,25,17,
0,44654416,10,0,
0,44654423,8,0,
0,44654444,223,104,
0,44654494,137,65,
0,44654569,22,6,
0,44654770,22,7,
0,44654857,7,0,
0,44654862,9,2,
0,44654869,17,1,
0,44654936,4,0,
0,44655011,13,0,
0,44655125,8,1,
0,44655128,79,12,
0,44655385,172,73,
0,44655401,40,1,
0,44655492,7,1,
0,44655515,129,152,
0,44655565,277,74,
0,44655569,9,1,
0,44655600,93,81,
0,44655632,82,67,
0,44655660,64,38,
0,44655741,15,0,
0,44655742,29,33,
0,44655804,48,68,
0,44655921,160,172,
0,44656073,133,35,
0,44656105,111,22,
0,44656627,8,1,
0,44656681,10,3,
0,44656795,3,1,
0,44656840,7,3,
0,44656908,3,1,
0,44656962,6,1,
0,44657109,7,0,
0,44657149,4,1,
0,44657213,9,1,
0,44657291,272,276,
0,44657433,73,18,
0,44657527,18,3,
0,44657556,73,44,7
0,44657692,5,0,
0,44657727,344,144,
0,44657914,8,0,
0,44658103,118,152,
0,44658213,11,15,
0,44658323,8,1,
0,44658353,5,0,
0,44658438,6,0,
0,44658465,7,1,
0,44658547,95,83,
0,44658593,7,0,
0,44658722,6,1,
0,44658770,112,87,
0,44658771,19,11,
0,44658772,19,9,
0,44658798,38,4,
0,44658820,83,36,
0,44658875,9,0,
0,44658908,417,322,17
0,44658909,136,37,30
0,44658960,10,0,
0,44658973,68,13,
0,44658978,101,40,28
0,44658988,15,6,
0,44659019,196,117,14
0,44659137,69,7,
0,44659251,135,154,23
0,44659261,12,0,
0,44659432,11,0,
0,44659452,10,0,
0,44659464,11,0,
0,44659494,4,0,
0,44659547,32,5,
0,44659661,25,13,
0,44659676,19,17,
0,44659712,41,40,
0,44659714,15,4,
0,44659765,27,1,
0,44659822,268,169,
0,44659921,233,146,10
0,44660041,33,6,
0,44660096,4,0,
0,44660177,13,2,
0,44660215,4,0,
0,44660323,152,158,8
0,44660341,24,5,
0,44660437,239,160,4
0,44660439,31,49,
0,44660484,6,1,
0,44660505,9,1,
0,44660519,484,230,23
0,44660530,7,1,
0,44660547,9,0,
0,44660675,9,6,
0,44660736,78,19,22
0,44660788,18,8,
0,44660823,5,0,
0,44660863,56,80,
0,44661053,14,0,
0,44661284,12,1,
0,44661347,6,0,
0,44661402,5,0,
0,44661414,6,0,
0,44661527,58,2,16
0,44661568,7,3,
0,44661571,5,0,
0,44661607,53,8,21
0,44661682,227,89,2
0,44661720,12,0,
0,44661744,3,0,
0,44661785,70,17,
0,44661828,6,0,
0,44661831,6,0,
0,44661846,355,67,1
0,44661862,70,5,12
0,44661906,7,1,
0,44661912,51,57,
0,44661914,22,5,
0,44662037,26,14,
0,44662045,19,1,
0,44662110,5,0,
0,44662167,5,0,
0,44662260,13,1,
0,44662270,11,1,
0,44662280,13,6,
0,44662295,9,0,
0,44662308,10,2,
0,44662364,10,2,
0,44662376,15,3,
0,44662378,5,0,
0,44662427,5,2,
0,44662452,4,2,
0,44662476,5,0,
0,44662497,60,11,11
0,44662542,132,140,
0,44662548,15,0,
0,44662603,8,1,
0,44662672,7,9,
0,44662690,162,78,29
0,44662730,7,6,
0,44662757,202,158,5
0,44662825,6,0,
0,44662998,5,0,
0,44663003,225,217,
0,44663016,32,15,
0,44663072,11,1,
0,44663074,14,4,
0,44663084,6,0,
0,44663173,14,4,
0,44663216,8,2,
0,44663227,64,41,
0,44663261,5,0,
0,44663321,3,0,
0,44663329,12,1,
0,44663381,9,2,
0,44663546,35,1,
0,44663608,7,1,
0,44663676,5,0,
0,44663684,31,5,18
0,44663778,12,1,
0,44663860,3,0,
0,44663990,18,1,
0,44664026,11,2,
0,44664218,3,2,
0,44664468,5,9,
0,44664628,7,1,
0,44664782,7,0,
0,44664873,255,57,6
0,44664998,7,1,
0,44665020,3,0,
0,44665191,6,1,
0,44665373,30,4,2
0,44665450,3,0,
1,44561328,360,301,
1,44561895,104,22,
1,44566748,202,135,
1,44567683,231,442,
1,44567857,1755,1624,
1,44568147,109,48,
1,44571692,154,26,
1,44576183,74,69,
1,44576312,212,114,
1,44577210,129,62,
1,44578070,218,145,
1,44578143,216,164,
1,44580567,158,182,
1,44581725,117,71,
1,44582662,191,65,
1,44582730,64,59,
1,44583316,195,30,
1,44584372,518,386,
1,44584414,98,40,
1,44584830,42,68,20
1,44585370,71,40,
1,44587116,300,231,
1,44590034,88,104,
1,44590391,117,30,
1,44590671,46,21,
1,44591305,307,24,
1,44591439,72,46,
1,44591605,148,42,5
1,44591775,174,70,
1,44592377,331,253,
1,44592413,443,104,
1,44592797,90,54,
1,44593628,83,3,
1,44594156,657,146,
1,44594165,107,16,
1,44594486,50,46,
1,44594584,224,111,
1,44594808,561,173,
1,44595492,681,484,
1,44595824,100,83,
1,44597037,40,23,
1,44597727,54,11,
1,44598090,292,165,
1,44598578,91,48,
1,44599549,258,177,
1,44600043,33,6,
1,44600070,60,11,
1,44600594,308,198,
1,44600899,55,33,
1,44601023,446,198,
1,44601045,250,257,
1,44602197,67,42,
1,44602227,36,5,
1,44602532,151,44,
1,44602609,197,118,
1,44603066,261,147,
1,44603349,418,211,
1,44604024,88,13,
1,44604050,349,169,
1,44604125,34,5,
1,44604127,41,2,
1,44604311,97,22,
1,44604808,23,6,
1,44605169,115,38,
1,44605245,118,71,
1,44606184,932,897,
1,44606653,77,23,
1,44607403,127,65,
1,44607838,332,516,
1,44607961,163,98,
1,44608295,317,139,
1,44608312,122,21,
1,44608754,309,215,
1,44608840,92,54,
1,44609130,365,353,
1,44609154,46,39,
1,44609893,82,13,
1,44610468,268,23,
1,44610925,74,30,
1,44611298,75,52,
1,44612023,179,86,
1,44612151,601,205,
1,44612313,104,49,12
1,44612487,859,508,
1,44612643,102,36,
1,44612736,49,55,
1,44613268,99,84,
1,44613361,31,19,
1,44613419,77,75,
1,44613438,168,39,
1,44613486,191,58,
1,44613594,19,3,
1,44613625,492,309,
1,44613791,74,131,
1,44613840,476,698,
1,44613901,17,15,
1,44614370,431,132,
1,44614372,79,16,
1,44614510,74,11,
1,44614747,34,10,
1,44614837,35,51,
1,44615033,135,122,
1,44615801,570,215,
1,44615862,17,5,
1,44616158,60,32,
1,44616405,66,4,
1,44616479,522,397,
1,44616688,60,31,
1,44618335,208,186,
1,44618509,62,9,
1,44618535,256,442,
1,44618687,360,120,
1,44618762,196,164,
1,44618844,24,0,
1,44619020,38,2,
1,44619206,451,264,
1,44619258,41,106,
1,44619485,52,11,
1,44619709,97,68,
1,44619835,58,13,
1,44620002,378,192,
1,44620020,59,95,29
1,44620577,18,4,
1,44620606,204,613,
1,44621487,130,52,
1,44621712,8,1,
1,44622360,14,1,
1,44622454,205,94,
1,44622543,41,5,
1,44622608,414,24,
1,44622637,193,77,
1,44622953,413,788,
1,44622954,23,11,
1,44622973,152,31,
1,44622994,15,0,11
1,44622999,56,27,
1,44623207,419,254,
1,44623361,314,439,
1,44623581,207,33,
1,44623953,587,408,
1,44624114,254,179,
1,44625292,609,331,
1,44625360,85,12,
1,44626359,90,57,19
1,44626363,248,122,
1,44626807,17,2,
1,44627158,105,22,
1,44627211,89,38,
1,44627732,12,2,18
1,44627793,166,90,
1,44627828,184,128,
1,44628082,132,76,
1,44628930,387,316,
1,44629074,148,192,
1,44629134,334,294,
1,44629206,402,121,
1,44629299,211,99,
1,44629710,792,427,
1,44629962,91,25,
1,44630551,39,8,
1,44630648,203,86,
1,44630724,177,80,
1,44630760,174,526,
1,44630801,33,6,
1,44630927,237,106,
1,44631042,142,45,
1,44631594,151,64,
1,44631934,7,1,
1,44632045,53,16,
1,44632218,20,1,
1,44632240,121,105,
1,44632314,16,6,
1,44632904,13,4,
1,44633384,58,59,
1,44633549,14,4,
1,44633933,244,51,
1,44634340,231,210,
1,44635075,20,32,
1,44635403,79,18,
1,44635676,18,6,
1,44635745,546,418,
1,44635808,602,145,
1,44635867,193,185,
1,44635919,177,66,
1,44636204,243,108,
1,44636277,26,4,
1,44636691,136,36,
1,44636774,62,24,
1,44636850,48,8,
1,44636886,26,20,
1,44636896,116,76,
1,44637128,72,34,
1,44637151,104,50,
1,44637191,524,242,
1,44637352,519,147,
1,44637457,69,42,
1,44637464,46,3,
1,44637523,62,3,
1,44637635,41,34,
1,44637715,324,72,
1,44637716,158,49,
1,44637802,21,1,
1,44637815,84,45,
1,44638076,92,29,
1,44638178,24,3,
1,44638300,148,65,
1,44638304,91,39,
1,44638509,170,294,
1,44638510,79,28,
1,44638580,500,291,
1,44638634,19,2,
1,44638689,74,27,
1,44638710,141,29,
1,44638948,87,129,
1,44639135,161,154,
1,44639421,130,52,
1,44639524,190,25,
1,44639802,23,3,
1,44639828,58,6,30
1,44639880,21,7,
1,44640143,9,0,
1,44640178,80,100,
1,44640233,45,89,
1,44640331,50,51,
1,44640471,14,5,
1,44640477,20,14,
1,44640525,20,2,
1,44640992,53,50,
1,44641021,16,2,
1,44641117,185,107,
1,44641464,269,203,
1,44641521,504,170,
1,44641669,130,111,
1,44641961,375,528,
1,44642349,255,163,
1,44642357,14,0,
1,44642749,31,35,
1,44642760,5,0,
1,44642796,144,74,
1,44642927,15,2,
1,44643055,117,10,
1,44643564,553,325,
1,44644404,48,29,
1,44644718,5,1,
1,44645353,760,459,
1,44645355,6,0,
1,44645375,9,0,
1,44645393,8,0,
1,44645427,6,0,
1,44645597,77,28,
1,44645768,16,0,
1,44645796,10,0,
1,44645846,107,29,
1,44646065,125,13,
1,44646151,173,159,
1,44646363,10,0,
1,44646780,23,12,
1,44646797,148,185,
1,44646801,397,233,
1,44646869,220,174,
1,44646901,170,57,
1,44646925,169,59,
1,44647034,18,1,
1,44647112,608,850,
1,44647190,247,152,
1,44647504,25,3,
1,44647572,89,24,
1,44647600,59,13,
1,44647609,50,26,
1,44647632,28,31,
1,44647772,11,4,
1,44648144,215,328,
1,44648700,85,84,
1,44648725,5,0,
1,44648728,355,223,
1,44648772,150,109,
1,44648926,38,6,
1,44648957,37,9,
1,44649013,16,8,
1,44649036,123,161,
1,44649115,25,10,
1,44649319,152,42,
1,44649531,15,0,
1,44649651,143,39,
1,44649653,107,29,
1,44649817,110,103,
1,44650427,20,2,
1,44650567,120,67,
1,44650622,82,21,
1,44650694,69,82,
1,44650840,194,40,
1,44651024,73,33,
1,44651066,587,135,
1,44651092,325,119,
1,44651142,15,0,
1,44651485,288,352,
1,44651536,148,47,
1,44651539,308,66,
1,44651558,4,0,
1,44651616,168,172,
1,44651655,4,0,
1,44651661,62,56,
1,44651686,37,0,
1,44651718,6,1,
1,44651744,7,1,
1,44651753,6,0,
1,44651766,269,180,
1,44651770,397,43,
1,44651904,7,0,
1,44652172,8,0,
1,44652187,6,0,
1,44652374,398,399,
1,44652482,64,50,
1,44652777,18,4,
1,44653072,724,329,
1,44653136,76,29,26
1,44653164,15,2,
1,44653246,5,1,
1,44653477,20,6,
1,44653531,15,2,
1,44653586,77,34,
1,44653890,6,1,
1,44653965,276,55,
1,44653981,7,1,
1,44654022,77,18,
1,44654031,9,0,
1,44654071,6,2,
1,44654299,80,13,
1,44654302,25,17,
1,44654416,10,0,
1,44654423,8,0,
1,44654444,223,104,
1,44654494,137,66,
1,44654569,22,6,
1,44654770,22,7,
1,44654857,7,0,
1,44654862,9,2,
1,44654869,17,1,
1,44654936,4,0,
1,44655011,13,0,
1,44655125,8,1,
1,44655128,79,13,
1,44655385,176,73,
1,44655401,40,1,
1,44655492,7,1,
1,44655515,129,155,
1,44655565,280,74,
1,44655569,9,1,
1,44655600,93,81,
1,44655632,82,67,
1,44655660,64,38,
1,44655741,15,0,
1,44655742,29,33,
1,44655804,48,68,
1,44655921,162,174,
1,44656073,133,35,
1,44656105,112,22,
1,44656627,8,1,
1,44656681,10,3,
1,44656840,7,3,
1,44656908,3,1,
1,44656962,6,1,
1,44657109,7,0,
1,44657149,4,1,
1,44657213,9,1,
1,44657291,273,276,
1,44657433,75,18,
1,44657527,18,3,
1,44657556,78,51,13
1,44657692,5,0,
1,44657727,344,144,
1,44657914,8,0,
1,44658103,118,153,
1,44658213,11,15,
1,44658323,8,1,
1,44658353,5,0,
1,44658438,6,0,
1,44658465,7,1,
1,44658547,95,85,
1,44658593,7,0,
1,44658722,6,1,
1,44658770,112,88,
1,44658771,19,11,
1,44658772,21,9,
1,44658798,38,4,
1,44658820,83,37,
1,44658875,9,0,
1,44658908,432,329,22
1,44658909,137,37,
1,44658960,10,0,
1,44658973,68,14,
1,44658978,106,40,
1,44658988,15,6,
1,44659019,200,121,16
1,44659137,70,7,
1,44659251,142,163,28
1,44659261,12,0,
1,44659432,11,0,
1,44659452,10,0,
1,44659464,11,0,
1,44659494,4,0,
1,44659547,32,5,
1,44659661,25,13,
1,44659676,19,19,
1,44659712,57,42,24
1,44659714,15,4,
1,44659765,27,1,
1,44659822,268,169,
1,44659921,241,148,9
1,44660041,33,6,
1,44660096,4,0,
1,44660177,13,2,
1,44660215,4,0,
1,44660323,181,182,8
1,44660341,24,5,
1,44660437,242,165,6
1,44660439,31,50,
1,44660484,6,1,
1,44660505,9,1,
1,44660519,493,232,
1,44660547,9,0,
1,44660675,9,6,
1,44660736,80,20,
1,44660788,19,8,
1,44660823,5,0,
1,44660863,57,81,
1,44661053,14,0,
1,44661284,13,1,
1,44661347,6,0,
1,44661402,5,0,
1,44661527,60,3,25
1,44661568,7,3,
1,44661571,5,0,
1,44661607,60,8,27
1,44661682,238,98,4
1,44661720,13,0,
1,44661744,3,0,
1,44661785,72,17,
1,44661828,6,0,
1,44661831,7,0,
1,44661846,384,68,2
1,44661862,73,5,23
1,44661906,8,1,
1,44661912,52,57,
1,44661944,7,1,
1,44662037,28,15,
1,44662045,19,1,
1,44662110,5,0,
1,44662167,5,0,
1,44662260,13,1,
1,44662270,11,1,
1,44662280,13,6,
1,44662295,9,0,
1,44662308,10,3,
1,44662364,10,2,
1,44662376,15,4,
1,44662378,5,1,
1,44662427,5,2,
1,44662452,4,2,
1,44662476,6,0,
1,44662497,71,13,15
1,44662542,135,145,
1,44662548,16,0,
1,44662603,9,1,
1,44662672,7,9,
1,44662690,168,79,
1,44662730,7,6,
1,44662757,218,172,10
1,44662825,7,0,
1,44662998,5,0,
1,44663003,229,224,
1,44663016,33,16,
1,44663072,12,1,
1,44663074,16,5,
1,44663084,6,0,
1,44663173,14,4,
1,44663216,8,2,
1,44663227,78,61,7
1,44663261,5,0,
1,44663321,3,0,
1,44663329,13,1,
1,44663381,9,2,
1,44663546,35,1,
1,44663608,7,1,
1,44663676,7,1,
1,44663684,44,6,17
1,44663705,4,0,
1,44663778,12,1,
1,44663804,3,0,
1,44663860,3,0,
1,44663990,18,1,
1,44664026,12,2,
1,44664176,5,0,
1,44664218,3,2,
1,44664330,8,0,
1,44664468,5,9,
1,44664628,10,1,
1,44664782,8,0,
1,44664873,301,73,14
1,44664998,16,1,
1,44665020,3,0,
1,44665070,11,9,
1,44665191,6,2,
1,44665352,4,0,
1,44665373,108,45,1
1,44665450,6,1,
1,44665704,11,6,3
1,44665815,8,3,
1,44665845,21,5,
1,44665941,3,0,
1,44665984,3,0,
2,44561328,360,301,
2,44561895,104,22,
2,44566748,202,135,
2,44567683,231,442,
2,44567857,1755,1624,
2,44571692,154,26,
2,44576183,74,69,
2,44576312,212,114,
2,44577210,129,62,
2,44578070,218,145,
2,44578143,216,164,
2,44580567,158,182,
2,44581725,117,71,
2,44582662,191,65,
2,44582730,64,59,
2,44583316,195,30,
2,44584372,518,386,
2,44584414,98,40,
2,44584830,46,69,22
2,44585370,71,40,
2,44587116,300,231,
2,44590034,88,104,
2,44590391,117,30,
2,44590671,46,21,
2,44591305,307,24,
2,44591439,72,46,
2,44591605,155,48,6
2,44591775,174,70,
2,44592377,331,253,
2,44592413,443,104,
2,44592797,90,54,
2,44593628,83,3,
2,44594156,657,146,
2,44594165,107,16,
2,44594486,50,46,
2,44594584,224,111,
2,44594808,561,173,
2,44595492,681,484,
2,44595824,100,83,
2,44597037,40,23,
2,44597727,54,11,
2,44598090,292,165,
2,44598578,91,48,
2,44599549,258,177,
2,44600043,33,6,
2,44600070,60,11,
2,44600594,308,198,
2,44600899,55,33,
2,44601023,446,198,
2,44601045,250,257,
2,44602197,67,42,
2,44602227,36,5,
2,44602532,151,44,
2,44602609,197,118,
2,44603066,261,147,
2,44603349,418,211,
2,44604024,89,13,
2,44604050,349,169,
2,44604125,34,5,
2,44604127,41,2,
2,44604311,97,22,
2,44604808,23,6,
2,44605169,115,38,
2,44605245,118,71,
2,44606184,933,897,
2,44606653,77,23,
2,44607403,127,65,
2,44607838,332,516,
2,44607961,163,98,
2,44608295,317,139,
2,44608312,122,21,
2,44608754,309,215,
2,44608840,92,54,
2,44609130,365,353,
2,44609154,46,39,
2,44609893,82,13,
2,44610468,268,23,
2,44610925,74,30,
2,44611298,75,52,
2,44612023,179,86,
2,44612151,601,205,
2,44612313,119,59,11
2,44612487,859,508,
2,44612643,102,36,
2,44612736,49,55,
2,44613268,99,84,
2,44613361,31,19,
2,44613419,77,75,
2,44613438,169,39,
2,44613486,191,58,
2,44613594,19,3,
2,44613625,492,309,
2,44613791,74,131,
2,44613840,476,698,
2,44613901,17,15,
2,44614370,431,132,
2,44614372,79,16,
2,44614510,74,11,
2,44614747,34,10,
2,44614837,35,51,
2,44615033,135,122,
2,44615801,570,215,
2,44615862,17,5,
2,44616158,60,32,
2,44616405,66,4,
2,44616479,522,397,
2,44616688,60,31,
2,44618335,208,186,
2,44618509,62,9,
2,44618535,256,442,
2,44618687,360,120,
2,44619020,38,2,
2,44619206,451,264,
2,44619258,41,106,
2,44619485,52,11,
2,44619709,97,68,
2,44619835,58,13,
2,44620002,378,193,
2,44620020,59,100,
2,44620577,19,4,
2,44620606,204,614,
2,44621487,130,52,
2,44621712,8,1,
2,44622360,14,1,
2,44622454,205,94,
2,44622543,41,5,
2,44622608,414,24,
2,44622637,194,78,
2,44622953,413,788,
2,44622954,25,11,
2,44622973,152,31,
2,44622994,22,2,8
2,44622999,56,27,
2,44623207,419,254,
2,44623361,314,439,
2,44623581,207,33,
2,44623953,587,409,
2,44624114,254,179,
2,44625292,609,331,
2,44625360,85,12,
2,44626359,92,60,21
2,44626363,248,122,
2,44626807,17,2,
2,44627158,105,22,
2,44627211,89,38,
2,44627732,14,6,28
2,44627793,166,90,
2,44627828,184,128,
2,44628082,132,76,
2,44628930,387,316,
2,44629074,148,192,
2,44629134,334,294,
2,44629206,403,121,
2,44629299,211,99,
2,44629710,793,427,
2,44629962,91,25,
2,44630551,39,8,
2,44630648,203,86,
2,44630724,177,80,
2,44630760,174,526,
2,44630801,34,7,
2,44630901,27,10,19
2,44630927,237,106,
2,44631042,143,45,
2,44631594,151,64,
2,44631934,7,1,
2,44632045,53,16,
2,44632218,20,1,
2,44632240,122,105,
2,44632314,16,6,
2,44632904,13,4,
2,44633384,58,59,
2,44633549,14,4,
2,44633933,244,51,
2,44634340,231,210,
2,44635075,21,32,
2,44635403,79,18,
2,44635676,18,6,
2,44635745,546,418,
2,44635808,602,145,
2,44635867,193,185,
2,44635919,177,66,
2,44636204,243,108,
2,44636277,26,4,
2,44636691,136,36,
2,44636774,62,24,
2,44636850,48,8,
2,44636886,26,20,
2,44636896,116,76,
2,44637128,72,34,
2,44637151,104,50,
2,44637191,524,242,
2,44637352,520,147,
2,44637457,69,42,
2,44637464,46,3,
2,44637523,62,3,
2,44637635,41,34,
2,44637715,324,72,
2,44637716,158,49,
2,44637802,21,1,
2,44637815,84,45,
2,44638076,92,29,
2,44638178,24,3,
2,44638300,148,65,
2,44638304,92,40,
2,44638509,170,294,
2,44638510,79,28,
2,44638580,500,291,
2,44638634,19,2,
2,44638689,74,27,
2,44638710,141,29,
2,44638948,87,129,
2,44639135,161,154,
2,44639421,130,52,
2,44639524,190,25,
2,44639802,23,3,
2,44639828,60,6,
2,44639880,22,8,
2,44640143,9,0,
2,44640178,80,100,
2,44640233,45,89,
2,44640471,14,5,
2,44640477,20,14,
2,44640525,20,2,
2,44640992,53,50,
2,44641021,16,2,
2,44641117,185,107,
2,44641464,270,203,
2,44641521,504,170,
2,44641669,130,111,
2,44641961,375,529,
2,44642349,255,163,
2,44642357,14,0,
2,44642796,144,74,
2,44642927,15,2,
2,44643055,117,10,
2,44643564,553,325,
2,44644404,48,29,
2,44644718,5,1,
2,44645353,760,459,
2,44645393,8,0,
2,44645597,77,28,
2,44645768,16,0,
2,44645796,11,0,
2,44645846,107,29,
2,44646065,125,13,
2,44646151,173,159,
2,44646363,10,0,
2,44646780,23,12,
2,44646797,149,185,
2,44646801,398,233,
2,44646854,7,0,
2,44646869,220,174,
2,44646901,170,57,
2,44646925,170,59,
2,44647034,19,1,
2,44647112,609,850,
2,44647190,248,152,
2,44647504,25,3,
2,44647572,89,24,
2,44647600,59,13,
2,44647609,50,26,
2,44647632,28,31,
2,44647772,11,4,
2,44648144,215,328,
2,44648700,85,84,
2,44648725,5,0,
2,44648728,355,224,
2,44648772,151,109,
2,44648926,38,6,
2,44648957,37,9,
2,44649013,16,8,
2,44649036,123,161,
2,44649115,25,10,
2,44649319,152,42,
2,44649531,15,0,
2,44649651,143,39,
2,44649653,107,29,
2,44649817,110,103,
2,44650427,21,2,
2,44650567,120,67,
2,44650622,82,21,
2,44650694,69,82,
2,44650840,194,40,
2,44651024,73,33,
2,44651066,587,135,
2,44651092,326,119,
2,44651142,15,0,
2,44651485,289,352,
2,44651536,148,48,
2,44651539,308,66,
2,44651558,4,0,
2,44651616,170,174,
2,44651655,4,0,
2,44651686,37,0,
2,44651718,6,1,
2,44651744,7,1,
2,44651753,6,0,
2,44651766,269,180,
2,44651770,398,44,
2,44651904,7,0,
2,44652172,8,0,
2,44652187,6,0,
2,44652374,398,399,
2,44652482,64,50,
2,44652777,18,4,
2,44653072,725,331,
2,44653136,84,29,24
2,44653164,15,2,
2,44653246,5,1,
2,44653477,20,6,
2,44653531,15,2,
2,44653586,77,34,
2,44653890,6,1,
2,44653965,278,55,
2,44653981,7,1,
2,44654022,77,18,
2,44654071,6,2,
2,44654299,81,13,
2,44654302,25,17,
2,44654416,10,0,
2,44654423,8,0,
2,44654444,223,104,
2,44654494,137,66,
2,44654569,22,6,
2,44654770,22,7,
2,44654857,7,0,
2,44654862,9,2,
2,44654869,17,1,
2,44654936,4,0,
2,44655011,13,0,
2,44655125,8,1,
2,44655128,79,13,
2,44655385,177,73,
2,44655401,40,1,
2,44655492,7,1,
2,44655515,130,156,
2,44655565,283,74,
2,44655569,9,1,
2,44655600,94,82,
2,44655632,83,67,
2,44655660,65,39,
2,44655741,15,0,
2,44655742,29,33,
2,44655804,48,68,
2,44655921,164,176,
2,44656073,133,36,
2,44656105,112,22,
2,44656627,8,1,
2,44656681,10,3,
2,44656840,7,3,
2,44656908,3,1,
2,44657109,7,0,
2,44657149,4,1,
2,44657188,3,0,
2,44657213,10,1,
2,44657291,275,277,
2,44657433,75,19,
2,44657527,18,3,
2,44657556,83,55,13
2,44657692,5,0,
2,44657727,346,144,
2,44657914,8,0,
2,44658103,119,158,
2,44658213,11,15,
2,44658323,8,1,
2,44658353,5,0,
2,44658438,6,0,
2,44658465,7,2,
2,44658547,95,85,
2,44658593,7,0,
2,44658722,6,1,
2,44658770,112,89,
2,44658771,19,11,
2,44658772,22,9,
2,44658798,38,4,
2,44658820,84,37,
2,44658875,9,0,
2,44658908,444,335,23
2,44658909,138,37,
2,44658960,11,0,
2,44658973,68,14,
2,44658978,107,43,
2,44658988,15,6,
2,44659019,205,126,18
2,44659137,71,8,
2,44659251,148,165,30
2,44659261,12,0,
2,44659432,11,0,
2,44659452,10,0,
2,44659464,11,0,
2,44659494,4,0,
2,44659547,33,5,
2,44659661,26,13,
2,44659676,19,21,
2,44659712,60,45,27
2,44659765,27,1,
2,44659822,269,170,
2,44659921,248,149,10
2,44660041,33,6,
2,44660096,4,0,
2,44660177,13,2,
2,44660215,4,0,
2,44660323,195,209,9
2,44660341,24,5,
2,44660437,245,169,7
2,44660439,31,50,
2,44660484,6,1,
2,44660505,9,1,
2,44660519,495,235,
2,44660547,9,0,
2,44660675,9,6,
2,44660736,85,23,
2,44660788,19,9,
2,44660823,5,0,
2,44660863,57,81,
2,44661053,14,0,
2,44661284,13,1,
2,44661347,6,0,
2,44661402,5,0,
2,44661527,65,3,26
2,44661568,7,3,
2,44661571,5,0,
2,44661607,63,8,
2,44661682,253,106,4
2,44661720,13,0,
2,44661744,3,0,
2,44661785,72,17,
2,44661828,6,0,
2,44661831,7,0,
2,44661846,418,72,2
2,44661862,74,6,29
2,44661906,9,2,
2,44661912,52,57,
2,44661944,7,1,
2,44662037,28,15,
2,44662045,19,1,
2,44662110,5,0,
2,44662167,5,0,
2,44662260,14,1,
2,44662270,11,1,
2,44662280,14,6,
2,44662295,9,0,
2,44662308,10,3,
2,44662364,10,2,
2,44662376,16,5,
2,44662378,5,1,
2,44662427,5,2,
2,44662452,4,2,
2,44662476,6,0,
2,44662497,77,16,17
2,44662542,135,149,
2,44662548,17,0,
2,44662603,10,1,
2,44662672,7,9,
2,44662690,171,80,
2,44662730,8,6,
2,44662757,240,180,14
2,44662825,8,1,
2,44662998,5,0,
2,44663003,232,227,
2,44663016,35,16,
2,44663072,14,1,
2,44663074,17,6,
2,44663084,7,0,
2,44663173,14,4,
2,44663216,9,2,
2,44663227,110,89,5
2,44663261,5,0,
2,44663321,3,0,
2,44663329,13,1,
2,44663381,10,2,
2,44663546,37,1,
2,44663608,8,1,
2,44663676,8,1,
2,44663684,54,7,16
2,44663705,4,0,
2,44663778,12,1,
2,44663804,3,0,
2,44663860,3,0,
2,44663990,20,1,
2,44664026,12,2,
2,44664176,9,0,
2,44664218,4,2,
2,44664330,8,0,
2,44664468,5,10,
2,44664628,11,1,
2,44664643,5,1,
2,44664782,9,0,
2,44664873,350,80,20
2,44664998,21,1,
2,44665020,3,0,
2,44665070,17,16,
2,44665191,6,2,
2,44665352,8,1,
2,44665373,139,74,12
2,44665450,8,1,
2,44665667,4,0,
2,44665704,19,12,15
2,44665788,5,2,
2,44665815,29,8,3
2,44665845,44,22,
2,44665899,6,0,
2,44665941,14,0,
2,44665984,32,8,1
2,44666024,9,0,
3,44561328,360,301,
3,44561895,104,22,
3,44566748,202,135,
3,44567683,231,442,
3,44567857,1755,1624,
3,44571692,154,26,
3,44576183,74,69,
3,44576312,212,114,
3,44577210,129,62,
3,44578070,218,145,
3,44578143,216,164,
3,44580567,158,182,
3,44581725,117,71,
3,44582662,191,65,
3,44582730,64,59,
3,44583316,195,30,
3,44584372,518,386,
3,44584414,98,40,
3,44584830,49,70,26
3,44585370,71,40,
3,44587116,300,231,
3,44590034,88,104,
3,44590391,117,30,
3,44590671,46,21,
3,44591305,307,24,
3,44591439,72,46,
3,44591605,164,51,7
3,44591775,174,70,
3,44592413,443,104,
3,44592797,91,54,
3,44593628,83,3,
3,44594156,657,146,
3,44594165,107,16,
3,44594486,50,46,
3,44594584,224,111,
3,44594808,561,173,
3,44595492,681,484,
3,44595824,100,83,
3,44597037,40,23,
3,44597727,54,11,
3,44598090,292,165,
3,44598578,91,48,
3,44599549,258,177,
3,44600043,33,6,
3,44600070,60,11,
3,44600594,308,198,
3,44600899,55,33,
3,44601023,446,198,
3,44601045,250,257,
3,44602197,67,42,
3,44602227,36,5,
3,44602532,151,44,
3,44602609,197,118,
3,44603066,261,147,
3,44603349,418,211,
3,44604024,89,13,
3,44604050,349,169,
3,44604125,34,5,
3,44604127,41,2,
3,44604311,97,22,
3,44604808,23,6,
3,44605169,115,38,
3,44605245,118,71,
3,44606184,933,897,
3,44606653,77,23,
3,44607403,127,65,
3,44607838,332,516,
3,44607961,163,98,
3,44608295,317,139,
3,44608312,122,21,
3,44608754,309,215,
3,44608840,92,54,
3,44609130,365,353,
3,44609154,46,39,
3,44609893,82,13,
3,44610468,268,23,
3,44610925,74,30,
3,44611298,75,52,
3,44612023,179,86,
3,44612151,601,205,
3,44612313,130,66,11
3,44612487,859,508,
3,44612643,102,36,
3,44612736,49,55,
3,44613268,99,84,
3,44613361,31,19,
3,44613419,77,75,
3,44613438,169,39,
3,44613486,191,58,
3,44613594,19,3,
3,44613625,492,309,
3,44613791,74,131,
3,44613840,476,698,
3,44613901,17,15,
3,44614370,431,132,
3,44614372,79,16,
3,44614510,74,11,
3,44614747,34,10,
3,44614837,35,51,
3,44615033,135,122,
3,44615801,570,215,
3,44615862,17,5,
3,44616158,60,32,
3,44616405,66,4,
3,44616479,522,397,
3,44616688,60,31,
3,44618335,208,186,
3,44618509,63,9,
3,44618535,256,442,
3,44618687,360,120,
3,44619020,38,2,
3,44619206,451,264,
3,44619258,41,106,
3,44619485,53,11,
3,44619709,97,68,
3,44619835,58,14,
3,44620002,378,193,
3,44620020,61,102,
3,44620577,19,4,
3,44620606,204,614,
3,44621487,130,52,
3,44621712,8,1,
3,44622360,14,1,
3,44622454,205,94,
3,44622543,41,5,
3,44622608,414,24,
3,44622637,194,79,
3,44622953,413,788,
3,44622954,26,11,
3,44622973,152,31,
3,44622994,25,3,9
3,44622999,56,27,
3,44623207,419,254,
3,44623361,314,439,
3,44623581,207,33,
3,44623953,587,409,
3,44624114,254,179,
3,44625292,609,331,
3,44625360,85,13,
3,44626359,99,63,20
3,44626363,248,122,
3,44626807,17,2,
3,44627158,105,22,
3,44627211,89,38,
3,44627732,14,7,
3,44627793,166,90,
3,44627828,184,128,
3,44628082,132,76,
3,44628930,387,316,
3,44629074,148,193,
3,44629134,334,294,
3,44629206,403,121,
3,44629299,211,99,
3,44629710,793,427,
3,44629805,6,0,16
3,44629962,91,25,
3,44630551,39,8,
3,44630648,203,86,
3,44630724,177,80,
3,44630760,174,526,
3,44630801,34,7,
3,44630901,39,21,23
3,44630927,237,106,
3,44631042,143,45,
3,44631594,151,64,
3,44631934,8,1,
3,44632045,53,16,
3,44632218,21,1,
3,44632240,122,105,
3,44632314,16,6,
3,44632904,13,4,
3,44633384,58,59,
3,44633549,14,4,
3,44633933,244,51,
3,44634340,231,210,
3,44635075,21,33,
3,44635403,79,18,
3,44635676,18,6,
3,44635745,546,419,
3,44635808,602,145,
3,44635867,193,185,
3,44635919,177,66,
3,44636204,243,108,
3,44636277,26,4,
3,44636691,136,36,
3,44636774,62,24,
3,44636850,48,8,
3,44636886,26,20,
3,44636896,116,76,
3,44637128,72,34,
3,44637151,104,50,
3,44637191,524,242,
3,44637352,520,147,
3,44637457,70,42,
3,44637464,46,3,
3,44637523,62,3,
3,44637635,41,34,
3,44637715,324,72,
3,44637716,158,49,
3,44637802,21,1,
3,44637815,84,45,
3,44638076,92,29,
3,44638178,24,3,
3,44638300,148,65,
3,44638304,92,41,
3,44638509,170,294,
3,44638510,79,28,
3,44638580,500,291,
3,44638634,19,2,
3,44638689,74,27,
3,44638710,141,29,
3,44638948,87,129,
3,44639135,161,154,
3,44639421,130,52,
3,44639524,190,25,
3,44639802,23,3,
3,44639828,62,6,
3,44639880,25,8,
3,44640178,80,100,
3,44640233,45,89,
3,44640477,20,14,
3,44640525,20,2,
3,44640992,53,50,
3,44641021,16,2,
3,44641117,185,107,
3,44641464,270,203,
3,44641521,504,170,
3,44641669,130,111,
3,44641961,375,529,
3,44642349,255,164,
3,44642357,14,0,
3,44642796,144,74,
3,44642927,15,2,
3,44643055,117,10,
3,44643564,553,326,
3,44644404,48,29,
3,44644718,5,1,
3,44645353,761,459,
3,44645393,8,0,
3,44645597,77,28,
3,44645768,16,0,
3,44645796,11,0,
3,44645846,107,29,
3,44646065,125,13,
3,44646151,173,159,
3,44646363,10,0,
3,44646780,23,12,
3,44646797,149,185,
3,44646801,398,233,
3,44646854,7,0,
3,44646869,221,174,
3,44646901,170,57,
3,44646925,170,59,
3,44647034,19,1,
3,44647112,609,855,
3,44647190,248,152,
3,44647504,25,3,
3,44647572,89,24,
3,44647600,59,13,
3,44647609,50,26,
3,44647632,28,31,
3,44647772,11,4,
3,44648144,215,331,
3,44648700,85,84,
3,44648725,5,0,
3,44648728,356,225,
3,44648772,151,109,
3,44648926,38,6,
3,44648957,37,9,
3,44649013,16,8,
3,44649036,123,161,
3,44649115,25,10,
3,44649319,152,42,
3,44649531,15,0,
3,44649651,143,39,
3,44649653,107,29,
3,44649817,110,103,
3,44650427,21,2,
3,44650567,120,67,
3,44650622,82,21,
3,44650694,69,82,
3,44650840,195,40,
3,44651024,73,33,
3,44651066,588,135,
3,44651092,326,120,
3,44651142,15,0,
3,44651485,289,354,
3,44651536,148,48,
3,44651539,308,66,
3,44651558,4,0,
3,44651616,170,174,
3,44651655,4,0,
3,44651686,37,0,
3,44651718,6,1,
3,44651744,7,1,
3,44651753,6,0,
3,44651766,269,181,
3,44651770,398,44,
3,44651904,7,0,
3,44652172,8,0,
3,44652187,6,0,
3,44652374,398,399,
3,44652482,64,50,
3,44652777,18,4,
3,44653072,726,331,
3,44653136,93,29,25
3,44653164,15,2,
3,44653246,5,1,
3,44653477,20,6,
3,44653586,77,34,
3,44653890,6,1,
3,44653965,278,55,
3,44653981,7,1,
3,44654022,77,18,
3,44654071,6,2,
3,44654299,81,13,
3,44654302,25,18,
3,44654416,10,0,
3,44654423,8,0,
3,44654444,223,104,
3,44654494,137,66,
3,44654569,22,6,
3,44654770,23,7,
3,44654857,7,0,
3,44654862,9,2,
3,44654869,17,1,
3,44654936,4,0,
3,44655011,13,0,
3,44655125,8,1,
3,44655128,79,13,
3,44655385,179,73,
3,44655401,40,1,
3,44655492,7,1,
3,44655515,130,156,
3,44655565,283,74,
3,44655569,9,1,
3,44655600,94,82,
3,44655632,83,67,
3,44655660,65,39,
3,44655741,15,0,
3,44655742,29,33,
3,44655804,48,68,
3,44655921,165,177,
3,44656073,133,37,
3,44656105,112,23,
3,44656627,8,1,
3,44656681,10,3,
3,44656840,7,3,
3,44656908,3,1,
3,44657109,7,0,
3,44657149,4,1,
3,44657188,3,0,
3,44657213,10,1,
3,44657291,275,278,
3,44657433,75,21,
3,44657527,18,3,
3,44657556,91,61,14
3,44657692,5,0,
3,44657727,349,144,
3,44657914,8,0,
3,44658103,119,159,
3,44658213,11,15,
3,44658323,8,1,
3,44658353,5,0,
3,44658438,6,0,
3,44658465,7,2,
3,44658547,95,85,
3,44658593,7,0,
3,44658722,6,1,
3,44658770,113,89,
3,44658771,20,11,
3,44658772,22,9,
3,44658798,38,4,
3,44658820,84,38,
3,44658875,9,0,
3,44658908,455,343,22
3,44658909,138,37,
3,44658960,11,0,
3,44658973,70,14,
3,44658978,110,43,
3,44658988,15,6,
3,44659019,206,128,17
3,44659137,71,8,
3,44659251,152,171,29
3,44659261,12,0,
3,44659432,11,0,
3,44659452,10,0,
3,44659464,11,0,
3,44659494,4,0,
3,44659547,33,5,
3,44659661,26,15,
3,44659676,19,21,
3,44659712,62,45,30
3,44659765,27,1,
3,44659822,271,172,
3,44659921,255,150,8
3,44660041,34,6,
3,44660096,4,0,
3,44660177,14,2,
3,44660215,4,0,
3,44660323,219,246,10
3,44660341,24,5,
3,44660437,245,170,6
3,44660439,32,50,
3,44660484,6,1,
3,44660505,9,1,
3,44660519,500,236,
3,44660547,9,0,
3,44660675,9,6,
3,44660736,86,23,
3,44660788,21,9,
3,44660823,5,0,
3,44660863,57,81,
3,44661053,14,0,
3,44661284,13,1,
3,44661347,6,0,
3,44661402,5,0,
3,44661527,69,3,27
3,44661568,8,3,
3,44661571,5,0,
3,44661607,64,8,
3,44661682,264,113,3
3,44661720,13,0,
3,44661744,4,0,
3,44661785,72,17,
3,44661828,6,0,
3,44661831,8,0,
3,44661846,455,75,1
3,44661862,75,6,
3,44661906,9,2,
3,44661944,7,1,
3,44662037,28,15,
3,44662045,19,1,
3,44662110,5,0,
3,44662167,5,0,
3,44662260,14,1,
3,44662270,12,1,
3,44662280,14,6,
3,44662295,11,0,
3,44662308,10,3,
3,44662364,10,2,
3,44662376,16,5,
3,44662378,5,1,
3,44662427,5,2,
3,44662452,4,2,
3,44662476,7,0,
3,44662497,91,19,17
3,44662542,136,149,
3,44662548,17,0,
3,44662603,11,1,
3,44662672,8,10,
3,44662690,175,83,
3,44662730,8,6,
3,44662757,252,187,12
3,44662825,8,1,
3,44662998,5,0,
3,44663003,241,227,
3,44663016,36,16,
3,44663072,16,2,
3,44663074,17,6,
3,44663084,7,0,
3,44663173,14,4,
3,44663216,9,2,
3,44663227,152,132,5
3,44663261,5,0,
3,44663329,15,2,
3,44663381,11,3,
3,44663546,38,1,
3,44663573,3,0,
3,44663608,8,1,
3,44663676,9,1,
3,44663684,64,7,14
3,44663705,4,0,
3,44663778,12,1,
3,44663804,3,0,
3,44663860,3,0,
3,44663990,20,1,
3,44664026,12,2,
3,44664176,9,0,
3,44664218,4,2,
3,44664330,8,0,
3,44664468,5,10,
3,44664628,15,1,
3,44664643,5,2,
3,44664782,11,0,
3,44664873,391,88,22
3,44664998,26,1,
3,44665020,3,0,
3,44665070,17,16,
3,44665191,6,2,
3,44665352,9,1,
3,44665365,3,0,
3,44665373,164,87,15
3,44665450,8,1,
3,44665506,4,0,
3,44665525,4,1,
3,44665667,4,0,
3,44665704,27,13,19
3,44665788,10,2,
3,44665815,42,10,2
3,44665845,49,30,
3,44665899,6,0,
3,44665928,25,8,4
3,44665941,27,1,
3,44665984,48,18,4
3,44666024,10,2,
3,44666157,42,25,1
3,44666305,6,0,
4,44561328,360,301,
4,44566748,202,135,
4,44567683,231,442,
4,44567857,1756,1624,
4,44571692,154,26,
4,44576183,74,69,
4,44576312,212,114,
4,44577210,129,62,
4,44578070,218,145,
4,44578143,216,164,
4,44580567,158,182,
4,44581725,117,71,
4,44582662,191,65,
4,44582730,64,60,
4,44583316,195,30,
4,44584372,518,386,
4,44584414,98,40,
4,44584830,54,70,24
4,44585370,71,40,
4,44587116,300,231,
4,44590034,88,104,
4,44590391,117,30,
4,44590671,46,21,
4,44591305,307,24,
4,44591439,72,46,
4,44591605,170,51,8
4,44591775,174,70,
4,44592413,443,104,
4,44592797,91,54,
4,44593628,83,3,
4,44594156,657,146,
4,44594165,107,16,
4,44594486,50,46,
4,44594584,224,111,
4,44594808,561,173,
4,44595492,681,484,
4,44595824,100,83,
4,44597037,40,23,
4,44597727,54,11,
4,44598090,292,165,
4,44598578,91,48,
4,44599549,258,177,
4,44600043,33,6,
4,44600070,60,11,
4,44600899,55,33,
4,44601023,446,198,
4,44601045,250,257,
4,44602197,67,42,
4,44602227,36,5,
4,44602532,151,44,
4,44602609,197,118,
4,44603066,261,147,
4,44603349,418,211,
4,44604024,89,13,
4,44604050,349,169,
4,44604125,34,5,
4,44604127,41,2,
4,44604311,97,22,
4,44604808,23,6,
4,44605169,115,38,
4,44605245,118,74,
4,44606184,933,897,
4,44606653,77,23,
4,44607403,127,65,
4,44607838,332,516,
4,44607961,163,98,
4,44608295,317,139,
4,44608312,122,21,
4,44608754,309,215,
4,44608840,92,54,
4,44609130,365,353,
4,44609154,46,39,
4,44609893,82,13,
4,44610468,268,23,
4,44610925,74,30,
4,44611298,75,52,
4,44612023,179,86,
4,44612151,601,205,
4,44612313,145,83,27
4,44612487,859,508,
4,44612643,102,36,
4,44612736,49,55,
4,44613268,99,84,
4,44613361,31,19,
4,44613419,77,75,
4,44613438,169,39,
4,44613594,19,3,
4,44613625,492,309,
4,44613791,74,131,
4,44613840,476,698,
4,44613901,17,15,
4,44614370,431,132,
4,44614372,79,16,
4,44614510,74,11,
4,44614747,34,10,
4,44614837,35,51,
4,44615033,135,122,
4,44615801,570,215,
4,44615862,17,5,
4,44616158,60,32,
4,44616405,66,4,
4,44616479,523,397,
4,44616688,60,31,
4,44618335,208,186,
4,44618509,63,9,
4,44618535,256,442,
4,44618687,360,120,
4,44619020,38,2,
4,44619206,451,264,
4,44619258,41,106,
4,44619485,53,11,
4,44619709,97,68,
4,44619835,58,14,
4,44620002,378,193,
4,44620020,63,102,
4,44620577,19,4,
4,44620606,204,615,
4,44621487,130,52,
4,44621712,8,1,
4,44622360,14,1,
4,44622454,205,94,
4,44622543,41,5,
4,44622608,414,24,
4,44622637,194,79,
4,44622953,413,788,
4,44622954,27,11,
4,44622973,152,31,
4,44622994,27,4,12
4,44622999,56,27,
4,44623207,419,254,
4,44623361,314,439,
4,44623581,207,33,
4,44623953,587,409,
4,44624114,254,179,
4,44625292,609,331,
4,44625360,85,14,
4,44626359,110,63,18
4,44626363,248,122,
4,44626807,17,2,
4,44627158,105,22,
4,44627211,89,38,
4,44627732,14,8,
4,44627793,166,90,
4,44627828,184,128,
4,44628082,132,76,
4,44628930,387,316,
4,44629074,148,193,
4,44629134,334,294,
4,44629206,403,121,
4,44629299,211,99,
4,44629710,793,427,
4,44629805,16,0,13
4,44629962,91,25,
4,44630551,39,8,
4,44630648,203,86,
4,44630724,177,80,
4,44630760,174,526,
4,44630801,34,7,
4,44630901,51,25,24
4,44630927,237,106,
4,44631042,144,45,
4,44631594,151,64,
4,44631934,8,1,
4,44632045,55,16,
4,44632218,21,1,
4,44632240,122,105,
4,44632314,16,6,
4,44632365,3,0,22
4,44632904,13,4,
4,44633384,58,59,
4,44633933,244,51,
4,44634340,231,210,
4,44635075,21,33,
4,44635403,79,18,
4,44635676,18,6,
4,44635745,546,419,
4,44635808,602,145,
4,44635867,193,186,
4,44635919,177,66,
4,44636204,243,108,
4,44636277,26,4,
4,44636691,136,36,
4,44636774,62,24,
4,44636850,48,8,
4,44636886,26,20,
4,44636896,116,76,
4,44637128,72,34,
4,44637151,104,50,
4,44637191,524,242,
4,44637352,520,147,
4,44637457,70,42,
4,44637464,46,3,
4,44637523,62,3,
4,44637635,41,34,
4,44637715,324,72,
4,44637716,158,49,
4,44637802,21,1,
4,44637815,84,45,
4,44638076,92,29,
4,44638178,24,3,
4,44638300,148,65,
4,44638304,94,41,
4,44638509,171,294,
4,44638510,79,28,
4,44638580,500,291,
4,44638634,19,2,
4,44638689,74,27,
4,44638710,141,29,
4,44638948,87,129,
4,44639135,161,154,
4,44639421,130,52,
4,44639524,190,25,
4,44639802,23,3,
4,44639828,63,6,
4,44639880,26,8,
4,44640178,80,100,
4,44640233,45,89,
4,44640477,20,14,
4,44640525,20,2,
4,44640992,53,50,
4,44641021,16,2,
4,44641117,185,107,
4,44641464,270,203,
4,44641521,504,170,
4,44641669,130,111,
4,44641961,375,529,
4,44642349,255,164,
4,44642357,14,0,
4,44642796,144,74,
4,44642927,15,2,
4,44643055,117,10,
4,44643564,553,326,
4,44644404,48,29,
4,44644718,5,1,
4,44645353,762,459,
4,44645393,8,0,
4,44645597,77,28,
4,44645768,16,0,
4,44645796,11,0,
4,44645846,107,29,
4,44646065,125,13,
4,44646151,173,159,
4,44646363,10,0,
4,44646780,23,12,
4,44646797,149,185,
4,44646801,398,233,
4,44646854,7,0,
4,44646869,221,174,
4,44646901,170,57,
4,44646925,170,59,
4,44647034,19,1,
4,44647112,609,857,
4,44647190,248,153,
4,44647504,25,3,
4,44647572,89,24,
4,44647600,59,13,
4,44647609,50,26,
4,44647632,29,31,
4,44647772,12,4,
4,44648144,216,331,
4,44648700,85,84,
4,44648725,5,0,
4,44648728,357,225,
4,44648772,151,109,
4,44648926,38,6,
4,44648957,37,9,
4,44649036,123,161,
4,44649115,25,10,
4,44649319,152,42,
4,44649531,15,0,
4,44649651,143,39,
4,44649653,107,29,
4,44649817,110,103,
4,44650427,21,2,
4,44650567,120,67,
4,44650622,82,21,
4,44650694,69,82,
4,44650840,195,40,
4,44651024,74,33,
4,44651066,588,135,
4,44651092,326,120,
4,44651142,15,0,
4,44651485,289,354,
4,44651536,148,48,
4,44651539,308,66,
4,44651558,4,0,
4,44651616,170,174,
4,44651655,4,0,
4,44651686,37,0,
4,44651718,6,1,
4,44651744,7,1,
4,44651753,6,0,
4,44651766,269,181,
4,44651770,398,44,
4,44651904,7,0,
4,44652172,8,0,
4,44652187,6,0,
4,44652374,398,400,
4,44652482,64,50,
4,44653072,728,332,
4,44653136,102,29,22
4,44653164,15,2,
4,44653246,5,1,
4,44653477,20,6,
4,44653586,77,34,
4,44653890,6,1,
4,44653965,278,56,
4,44653981,7,1,
4,44654022,77,18,
4,44654071,6,2,
4,44654299,81,13,
4,44654302,25,18,
4,44654416,10,0,
4,44654423,8,0,
4,44654444,223,104,
4,44654494,137,67,
4,44654569,22,6,
4,44654770,23,7,
4,44654857,7,0,
4,44654862,9,2,
4,44654869,17,1,
4,44654936,4,0,
4,44655011,13,0,
4,44655125,8,1,
4,44655128,79,13,
4,44655385,180,73,
4,44655401,40,1,
4,44655492,7,1,
4,44655515,131,160,
4,44655565,284,75,
4,44655600,94,82,
4,44655632,83,67,
4,44655660,65,39,
4,44655741,15,0,
4,44655742,29,33,
4,44655804,48,68,
4,44655921,166,178,
4,44656073,133,37,
4,44656105,112,23,
4,44656627,8,1,
4,44656681,10,3,
4,44656840,7,3,
4,44656908,3,1,
4,44657109,7,0,
4,44657149,4,1,
4,44657188,3,0,
4,44657213,10,1,
4,44657291,275,280,
4,44657433,77,22,
4,44657527,18,3,
4,44657556,97,66,14
4,44657692,5,0,
4,44657727,349,145,
4,44657914,8,0,
4,44658103,119,159,
4,44658213,11,15,
4,44658323,8,1,
4,44658353,5,0,
4,44658438,6,0,
4,44658465,7,2,
4,44658547,95,85,
4,44658593,7,0,
4,44658722,6,1,
4,44658770,113,89,
4,44658771,20,11,
4,44658772,22,9,
4,44658798,38,4,
4,44658820,84,38,
4,44658875,9,0,
4,44658908,463,350,21
4,44658909,140,37,
4,44658960,11,0,
4,44658973,70,14,
4,44658978,110,48,
4,44658988,15,6,
4,44659019,213,128,15
4,44659137,71,8,
4,44659251,161,177,23
4,44659261,12,0,
4,44659432,11,0,
4,44659452,10,0,
4,44659464,11,0,
4,44659494,4,0,
4,44659547,35,5,
4,44659661,26,15,
4,44659676,19,23,
4,44659712,64,47,29
4,44659765,27,1,
4,44659822,271,172,
4,44659921,261,150,10
4,44660041,34,6,
4,44660096,4,0,
4,44660177,14,2,
4,44660215,4,0,
4,44660323,239,269,11
4,44660341,24,5,
4,44660437,247,171,7
4,44660439,32,50,
4,44660484,6,1,
4,44660505,9,1,
4,44660519,504,240,
4,44660547,9,0,
4,44660675,9,7,
4,44660736,86,23,
4,44660788,22,9,
4,44660823,5,0,
4,44660863,57,81,
4,44661053,14,0,
4,44661284,13,1,
4,44661347,6,0,
4,44661402,5,0,
4,44661527,70,4,26
4,44661568,8,3,
4,44661571,5,0,
4,44661607,68,9,
4,44661682,269,116,6
4,44661720,13,0,
4,44661744,4,0,
4,44661785,73,17,
4,44661828,6,0,
4,44661831,9,0,
4,44661846,485,81,1
4,44661862,77,6,
4,44661906,9,2,
4,44661944,7,1,
4,44662037,28,16,
4,44662045,19,1,
4,44662110,5,0,
4,44662167,5,0,
4,44662260,14,1,
4,44662270,12,1,
4,44662280,15,6,
4,44662295,11,0,
4,44662308,10,3,
4,44662364,10,2,
4,44662376,17,5,
4,44662378,5,1,
4,44662427,5,2,
4,44662452,4,2,
4,44662476,7,0,
4,44662497,101,21,17
4,44662542,137,149,
4,44662548,18,0,
4,44662603,11,1,
4,44662672,9,10,
4,44662690,177,84,
4,44662757,262,198,18
4,44662825,8,1,
4,44662998,5,0,
4,44663003,244,227,
4,44663016,36,16,
4,44663072,16,2,
4,44663074,17,6,
4,44663084,7,0,
4,44663173,14,4,
4,44663216,9,2,
4,44663227,192,149,5
4,44663261,5,0,
4,44663329,15,2,
4,44663381,11,3,
4,44663546,38,1,
4,44663573,3,0,
4,44663608,8,1,
4,44663676,9,1,
4,44663684,77,8,13
4,44663705,4,0,
4,44663778,12,1,
4,44663804,3,0,
4,44663860,3,0,
4,44663990,21,1,
4,44664026,13,2,
4,44664176,9,0,
4,44664218,4,2,
4,44664330,8,0,
4,44664628,16,1,
4,44664643,5,2,
4,44664782,11,0,
4,44664873,419,94,25
4,44664998,27,1,
4,44665020,3,0,
4,44665070,18,17,
4,44665191,6,2,
4,44665352,9,1,
4,44665365,6,0,
4,44665373,188,92,7
4,44665450,9,1,
4,44665506,5,1,
4,44665525,4,1,
4,44665667,4,0,
4,44665704,33,16,16
4,44665788,13,2,
4,44665815,60,13,3
4,44665845,53,37,
4,44665899,7,0,
4,44665928,43,36,2
4,44665941,30,6,
4,44665984,53,20,7
4,44666024,11,2,
4,44666157,114,110,1
4,44666176,5,3,
4,44666225,5,0,
4,44666305,6,0,
4,44666518,6,0,
4,44666719,4,1,
4,44666778,6,0,
5,44561328,360,301,
5,44566748,202,135,
5,44567683,231,442,
5,44567857,1757,1625,
5,44571692,154,26,
5,44576183,74,69,
5,44576312,212,114,
5,44577210,129,62,
5,44578070,218,145,
5,44578143,216,164,
5,44580567,158,182,
5,44581725,117,71,
5,44582662,191,65,
5,44582730,64,60,
5,44583316,195,30,
5,44584372,518,386,
5,44584414,98,40,
5,44584830,56,71,25
5,44585370,71,40,
5,44587116,300,232,
5,44590034,88,104,
5,44590391,117,30,
5,44590671,46,21,
5,44591305,307,24,
5,44591439,72,46,
5,44591605,183,52,10
5,44591775,174,70,
5,44592413,443,104,
5,44592797,91,54,
5,44593628,83,3,
5,44594156,657,146,
5,44594165,107,16,
5,44594486,50,46,
5,44594584,224,111,
5,44594808,561,173,
5,44595492,681,484,
5,44595824,100,83,
5,44597037,40,23,
5,44597727,54,11,
5,44598090,292,165,
5,44598578,91,48,
5,44599549,259,177,
5,44600043,33,6,
5,44600070,60,11,
5,44600899,55,33,
5,44601023,446,198,
5,44601045,250,257,
5,44602197,67,42,
5,44602227,36,5,
5,44602532,151,44,
5,44602609,197,118,
5,44603066,261,147,
5,44603349,418,211,
5,44604024,89,13,
5,44604050,349,169,
5,44604125,34,5,
5,44604127,41,2,
5,44604311,97,22,
5,44604808,23,6,
5,44605169,115,38,
5,44605245,118,74,
5,44606184,934,897,
5,44606653,77,23,
5,44607403,127,65,
5,44607838,332,516,
5,44607961,163,98,
5,44608312,122,21,
5,44608754,309,215,
5,44608840,92,54,
5,44609130,365,353,
5,44609154,46,39,
5,44609893,82,13,
5,44610468,268,23,
5,44610925,74,30,
5,44611298,75,52,
5,44612151,601,205,
5,44612313,150,84,
5,44612487,860,507,
5,44612643,102,36,
5,44612736,49,55,
5,44613268,99,84,
5,44613361,31,19,
5,44613419,77,75,
5,44613438,169,39,
5,44613594,19,3,
5,44613625,492,309,
5,44613791,74,131,
5,44613840,476,698,
5,44613901,17,15,
5,44614370,431,132,
5,44614372,79,17,
5,44614510,74,11,
5,44614747,34,10,
5,44614837,35,51,
5,44615033,135,122,
5,44615801,570,215,
5,44615862,17,5,
5,44616158,60,32,
5,44616405,66,4,
5,44616479,523,397,
5,44616688,60,31,
5,44618335,208,186,
5,44618509,63,9,
5,44618535,256,442,
5,44618687,360,120,
5,44619020,38,2,
5,44619206,451,264,
5,44619258,41,106,
5,44619485,53,11,
5,44619709,97,68,
5,44619835,58,14,
5,44620002,378,193,
5,44620020,66,104,
5,44620577,19,4,
5,44620606,204,615,
5,44621487,130,52,
5,44621712,8,1,
5,44622360,14,1,
5,44622454,205,94,
5,44622543,41,5,
5,44622608,414,24,
5,44622637,197,80,
5,44622953,413,788,
5,44622954,27,11,
5,44622973,152,31,
5,44622994,31,4,15
5,44622999,56,27,
5,44623207,420,254,
5,44623361,314,439,
5,44623581,207,33,
5,44623953,587,409,
5,44624114,254,179,
5,44625292,610,331,
5,44625360,85,14,
5,44626359,115,63,19
5,44626363,248,122,
5,44626807,17,2,
5,44627158,105,22,
5,44627211,89,38,
5,44627732,14,9,
5,44627793,166,90,
5,44627828,184,128,
5,44628082,132,76,
5,44628930,387,316,
5,44629074,148,193,
5,44629123,5,0,20
5,44629134,334,294,
5,44629206,403,121,
5,44629299,211,99,
5,44629710,794,427,
5,44629805,34,3,8
5,44629962,91,25,
5,44630551,39,8,
5,44630648,203,86,
5,44630724,177,80,
5,44630760,174,527,
5,44630801,34,7,
5,44630901,61,36,27
5,44630927,237,106,
5,44631042,144,47,
5,44631594,151,64,
5,44631934,8,1,
5,44632045,55,16,
5,44632218,21,1,
5,44632240,122,105,
5,44632314,16,6,
5,44632365,3,0,
5,44632904,13,4,
5,44633384,58,59,
5,44633933,244,51,
5,44634340,231,210,
5,44635075,21,33,
5,44635403,79,18,
5,44635676,18,6,
5,44635745,547,419,
5,44635808,602,145,
5,44635867,193,186,
5,44635919,177,66,
5,44636204,243,108,
5,44636277,26,4,
5,44636691,136,36,
5,44636774,62,24,
5,44636850,48,8,
5,44636886,26,20,
5,44636896,116,76,
5,44637128,72,34,
5,44637151,104,50,
5,44637191,524,242,
5,44637352,521,148,
5,44637457,70,42,
5,44637464,46,3,
5,44637523,62,3,
5,44637635,41,34,
5,44637715,324,72,
5,44637716,158,49,
5,44637802,21,1,
5,44637815,84,45,
5,44638076,92,29,
5,44638178,24,3,
5,44638300,148,65,
5,44638304,94,42,
5,44638509,171,294,
5,44638510,79,28,
5,44638580,501,291,
5,44638634,19,2,
5,44638689,74,27,
5,44638710,141,29,
5,44638948,87,129,
5,44639135,161,154,
5,44639421,130,52,
5,44639524,190,25,
5,44639802,23,3,
5,44639828,64,6,
5,44639880,27,8,
5,44640178,80,100,
5,44640233,45,89,
5,44640477,20,14,
5,44640525,20,2,
5,44640992,53,50,
5,44641021,16,2,
5,44641117,185,107,
5,44641464,270,203,
5,44641521,504,170,
5,44641669,130,111,
5,44641961,375,529,
5,44642349,256,164,
5,44642357,14,0,
5,44642796,144,74,
5,44642927,15,2,
5,44643055,117,10,
5,44643564,554,327,
5,44644404,48,29,
5,44644718,5,1,
5,44645353,763,459,
5,44645393,8,0,
5,44645597,77,28,
5,44645768,16,0,
5,44645796,11,0,
5,44645846,107,29,
5,44646065,125,13,
5,44646151,174,159,
5,44646363,10,0,
5,44646780,23,12,
5,44646797,149,185,
5,44646801,398,233,
5,44646854,7,0,
5,44646869,221,174,
5,44646901,170,57,
5,44646925,170,60,
5,44647112,610,857,
5,44647190,248,153,
5,44647504,25,3,
5,44647572,89,24,
5,44647600,59,13,
5,44647609,50,26,
5,44647632,29,31,
5,44647772,12,4,
5,44648144,216,331,
5,44648700,85,84,
5,44648725,5,0,
5,44648728,357,225,
5,44648772,151,109,
5,44648926,38,6,
5,44648957,37,9,
5,44649036,123,161,
5,44649115,25,10,
5,44649319,152,42,
5,44649531,15,0,
5,44649651,143,39,
5,44649653,107,29,
5,44649817,110,103,
5,44650427,21,2,
5,44650567,120,67,
5,44650622,82,21,
5,44650694,69,82,
5,44650840,195,40,
5,44651024,74,34,
5,44651066,588,135,
5,44651092,326,121,
5,44651142,15,0,
5,44651485,289,354,
5,44651536,148,48,
5,44651539,308,66,
5,44651558,4,0,
5,44651616,170,174,
5,44651655,4,0,
5,44651686,37,0,
5,44651718,6,1,
5,44651744,7,1,
5,44651753,6,0,
5,44651766,269,181,
5,44651770,399,44,
5,44651904,7,0,
5,44652172,8,0,
5,44652187,6,0,
5,44652374,398,400,
5,44652482,64,50,
5,44653072,729,334,
5,44653136,110,30,21
5,44653164,15,2,
5,44653246,5,1,
5,44653477,20,6,
5,44653586,77,34,
5,44653890,6,1,
5,44653965,278,56,
5,44653981,7,1,
5,44654022,78,18,
5,44654071,6,2,
5,44654299,81,13,
5,44654302,25,18,
5,44654416,10,0,
5,44654423,8,0,
5,44654444,223,104,
5,44654494,137,68,
5,44654569,22,6,
5,44654770,23,8,
5,44654857,7,0,
5,44654869,17,1,
5,44654936,4,0,
5,44655011,13,0,
5,44655125,8,1,
5,44655128,79,13,
5,44655385,180,73,
5,44655401,40,1,
5,44655492,7,1,
5,44655515,131,161,
5,44655565,285,75,
5,44655600,94,82,
5,44655632,83,67,
5,44655660,65,39,
5,44655741,15,0,
5,44655742,29,33,
5,44655804,48,68,
5,44655921,168,178,
5,44656073,135,37,
5,44656105,112,23,
5,44656681,10,3,
5,44656840,7,3,
5,44656908,3,1,
5,44657109,7,0,
5,44657149,4,1,
5,44657188,3,0,
5,44657213,10,1,
5,44657291,276,280,
5,44657433,78,23,
5,44657527,18,3,
5,44657556,106,68,16
5,44657692,5,0,
5,44657727,351,145,
5,44658103,119,159,
5,44658213,11,15,
5,44658323,8,1,
5,44658353,5,0,
5,44658438,6,0,
5,44658465,7,2,
5,44658547,96,85,
5,44658593,7,0,
5,44658722,6,1,
5,44658770,115,89,
5,44658771,20,11,
5,44658772,22,9,
5,44658798,38,4,
5,44658820,87,38,
5,44658875,9,0,
5,44658908,476,354,22
5,44658909,140,37,
5,44658960,11,0,
5,44658973,71,14,
5,44658978,113,49,
5,44658988,15,6,
5,44659019,222,143,18
5,44659137,71,8,
5,44659251,172,180,22
5,44659261,12,0,
5,44659291,6,0,
5,44659432,12,0,
5,44659452,10,0,
5,44659464,11,0,
5,44659494,4,0,
5,44659547,35,5,
5,44659661,26,15,
5,44659676,19,23,
5,44659712,67,49,27
5,44659765,27,1,
5,44659822,273,172,
5,44659921,268,151,11
5,44660041,34,6,
5,44660096,4,0,
5,44660177,15,2,
5,44660215,4,0,
5,44660323,254,286,12
5,44660341,24,5,
5,44660437,247,172,8
5,44660439,33,50,
5,44660484,6,1,
5,44660505,9,1,
5,44660519,509,244,
5,44660547,9,0,
5,44660675,9,7,
5,44660736,86,23,
5,44660788,23,9,
5,44660823,5,0,
5,44660863,59,81,
5,44661053,15,0,
5,44661284,13,1,
5,44661347,6,0,
5,44661402,5,0,
5,44661527,73,4,29
5,44661568,8,3,
5,44661571,5,0,
5,44661607,72,9,
5,44661682,276,120,5
5,44661744,4,0,
5,44661785,74,17,
5,44661828,6,0,
5,44661831,9,0,
5,44661846,532,83,1
5,44661862,79,7,
5,44661906,9,2,
5,44661944,7,1,
5,44662037,29,16,
5,44662045,19,1,
5,44662110,5,0,
5,44662167,5,0,
5,44662260,15,1,
5,44662270,13,1,
5,44662280,15,6,
5,44662295,11,0,
5,44662308,11,3,
5,44662364,11,2,
5,44662376,17,5,
5,44662378,5,1,
5,44662427,6,2,
5,44662452,4,2,
5,44662476,9,0,
5,44662497,113,22,25
5,44662542,137,150,
5,44662548,19,0,
5,44662603,12,1,
5,44662672,9,10,
5,44662690,178,85,
5,44662757,269,202,19
5,44662825,9,1,
5,44662998,6,0,
5,44663003,246,228,
5,44663016,37,16,
5,44663072,16,1,
5,44663074,18,6,
5,44663084,7,0,
5,44663173,14,4,
5,44663216,9,2,
5,44663227,226,177,3
5,44663261,6,0,
5,44663329,16,2,
5,44663381,13,3,
5,44663546,39,1,
5,44663573,3,0,
5,44663608,8,2,
5,44663676,10,1,
5,44663684,85,9,16
5,44663705,4,0,
5,44663778,13,1,
5,44663804,3,0,
5,44663990,22,1,
5,44664026,14,2,
5,44664176,9,0,
5,44664218,4,2,
5,44664322,7,1,
5,44664330,8,0,
5,44664628,18,1,
5,44664643,5,2,
5,44664782,11,0,
5,44664861,3,1,
5,44664873,470,103,6
5,44664875,4,0,
5,44664998,33,1,
5,44665020,3,0,
5,44665034,4,0,
5,44665070,21,18,
5,44665191,6,2,
5,44665352,10,1,
5,44665365,7,1,
5,44665373,197,94,7
5,44665450,9,1,
5,44665506,6,1,
5,44665525,4,1,
5,44665536,4,0,
5,44665667,5,0,
5,44665704,38,16,23
5,44665788,15,2,
5,44665815,85,15,2
5,44665845,56,40,
5,44665899,7,0,
5,44665928,55,59,7
5,44665941,33,9,
5,44665984,60,22,13
5,44666024,11,2,
5,44666123,7,0,
5,44666157,143,175,3
5,44666176,5,3,
5,44666225,5,0,
5,44666305,7,0,
5,44666518,6,0,
5,44666719,6,1,
5,44666778,7,0,
5,44666896,8,0,5
5,44667063,3,2,
6,44561328,360,301,
6,44566748,202,135,
6,44567683,231,442,
6,44567857,1757,1625,
6,44571692,154,26,
6,44576183,74,69,
6,44576312,212,114,
6,44577210,129,62,
6,44578070,218,145,
6,44578143,216,164,
6,44580567,158,182,
6,44581725,117,71,
6,44582662,191,65,
6,44582730,64,60,
6,44583316,195,30,
6,44584372,518,386,
6,44584414,98,40,
6,44584830,65,74,26
6,44585370,71,40,
6,44587116,300,232,
6,44590034,88,104,
6,44590391,117,30,
6,44590671,46,21,
6,44591305,307,24,
6,44591439,72,46,
6,44591605,188,54,13
6,44591775,174,70,
6,44592413,443,104,
6,44592797,91,54,
6,44593628,83,3,
6,44594156,657,146,
6,44594165,107,16,
6,44594486,50,46,
6,44594584,224,111,
6,44594808,561,173,
6,44595492,681,484,
6,44595824,100,83,
6,44597037,40,23,
6,44597727,54,11,
6,44598090,292,165,
6,44598578,91,48,
6,44599549,259,177,
6,44600043,33,6,
6,44600070,60,11,
6,44600899,55,33,
6,44601023,446,198,
6,44601045,250,257,
6,44602197,67,42,
6,44602227,36,5,
6,44602532,151,44,
6,44602609,197,118,
6,44603066,261,147,
6,44603349,418,211,
6,44604024,89,13,
6,44604050,349,169,
6,44604125,34,5,
6,44604127,41,2,
6,44604311,97,22,
6,44604808,23,6,
6,44605169,115,38,
6,44605245,118,74,
6,44606184,935,897,
6,44606653,77,23,
6,44607403,127,65,
6,44607838,332,516,
6,44607961,163,98,
6,44608312,122,21,
6,44608754,309,215,
6,44608840,92,54,
6,44609130,365,353,
6,44609154,46,39,
6,44609893,82,13,
6,44610468,268,23,
6,44610925,74,30,
6,44611298,75,52,
6,44612151,601,205,
6,44612313,152,84,
6,44612487,860,507,
6,44612643,102,36,
6,44612736,49,55,
6,44613268,99,84,
6,44613361,31,19,
6,44613419,77,75,
6,44613438,169,40,
6,44613594,19,3,
6,44613625,492,309,
6,44613791,74,131,
6,44613840,476,698,
6,44613901,17,15,
6,44614370,431,132,
6,44614372,79,17,
6,44614510,74,11,
6,44614747,34,10,
6,44614837,35,51,
6,44615033,135,122,
6,44615801,570,215,
6,44615862,17,5,
6,44616158,60,32,
6,44616405,66,4,
6,44616479,523,397,
6,44616688,60,31,
6,44618335,208,186,
6,44618509,63,9,
6,44618535,256,442,
6,44618687,360,120,
6,44619020,38,2,
6,44619206,451,264,
6,44619258,41,106,
6,44619485,53,11,
6,44619709,97,68,
6,44619835,60,15,
6,44620002,378,193,
6,44620020,66,104,
6,44620577,19,4,
6,44620606,204,615,
6,44621487,130,52,
6,44621712,8,1,
6,44622360,14,1,
6,44622454,205,94,
6,44622543,41,5,
6,44622608,415,24,
6,44622637,197,80,
6,44622953,413,788,
6,44622954,30,11,
6,44622973,152,31,
6,44622994,37,6,14
6,44622999,56,27,
6,44623207,420,255,
6,44623361,314,439,
6,44623581,207,33,
6,44623953,587,409,
6,44624114,254,179,
6,44625292,610,331,
6,44625360,85,14,
6,44626359,122,63,19
6,44626363,248,122,
6,44626807,17,2,
6,44627158,105,22,
6,44627211,89,38,
6,44627732,14,11,
6,44627793,166,90,
6,44627828,184,128,
6,44628082,132,76,
6,44628930,387,316,
6,44629074,148,193,
6,44629123,5,0,27
6,44629134,334,294,
6,44629206,403,121,
6,44629299,211,99,
6,44629710,796,427,
6,44629805,44,4,6
6,44629962,91,25,
6,44630551,39,8,
6,44630648,203,86,
6,44630724,177,80,
6,44630760,174,527,
6,44630801,34,7,
6,44630901,63,41,
6,44630927,237,106,
6,44631042,145,49,
6,44631594,151,64,
6,44631934,9,2,
6,44632045,55,16,
6,44632218,21,1,
6,44632240,122,105,
6,44632314,16,6,
6,44632365,3,0,
6,44632739,6,0,17
6,44632904,13,4,
6,44633384,58,59,
6,44633933,245,51,
6,44634340,231,210,
6,44635075,21,33,
6,44635403,79,18,
6,44635676,18,6,
6,44635745,547,419,
6,44635808,602,145,
6,44635867,193,186,
6,44635919,177,66,
6,44636204,243,108,
6,44636277,26,4,
6,44636691,136,36,
6,44636774,62,24,
6,44636850,48,8,
6,44636886,26,20,
6,44636896,116,76,
6,44637128,72,34,
6,44637151,104,50,
6,44637191,524,242,
6,44637352,521,148,
6,44637457,70,42,
6,44637464,46,3,
6,44637523,62,3,
6,44637635,41,34,
6,44637715,324,72,
6,44637716,158,49,
6,44637802,21,1,
6,44637815,84,45,
6,44638076,92,29,
6,44638178,24,3,
6,44638300,148,65,
6,44638304,94,42,
6,44638509,171,294,
6,44638510,79,28,
6,44638580,501,291,
6,44638634,19,2,
6,44638689,74,27,
6,44638710,141,29,
6,44638948,87,129,
6,44639135,161,154,
6,44639421,130,52,
6,44639524,190,25,
6,44639802,23,3,
6,44639828,65,6,
6,44639880,27,8,
6,44640178,80,100,
6,44640233,45,89,
6,44640477,20,14,
6,44640525,20,2,
6,44640992,53,52,
6,44641021,16,2,
6,44641117,185,107,
6,44641464,271,203,
6,44641521,504,170,
6,44641669,130,111,
6,44641961,375,530,
6,44642349,256,164,
6,44642357,14,0,
6,44642796,144,74,
6,44642927,15,2,
6,44643055,117,10,
6,44643564,554,328,
6,44644404,48,29,
6,44644718,5,1,
6,44645353,765,459,
6,44645393,8,0,
6,44645597,79,30,
6,44645768,16,0,
6,44645796,11,0,
6,44645846,107,29,
6,44646065,125,13,
6,44646151,174,159,
6,44646363,10,0,
6,44646780,23,12,
6,44646797,149,185,
6,44646801,399,233,
6,44646869,222,175,
6,44646901,170,57,
6,44646925,170,60,
6,44647112,610,858,
6,44647190,248,153,
6,44647504,25,3,
6,44647572,89,24,
6,44647600,59,13,
6,44647609,50,26,
6,44647632,29,31,
6,44647772,12,4,
6,44648144,217,331,
6,44648700,85,84,
6,44648725,5,0,
6,44648728,360,225,
6,44648772,151,110,
6,44648926,38,6,
6,44648957,37,9,
6,44649036,123,161,
6,44649115,25,10,
6,44649319,152,42,
6,44649531,15,0,
6,44649651,143,39,
6,44649653,107,29,
6,44649817,110,103,
6,44650427,21,2,
6,44650567,121,67,
6,44650622,82,21,
6,44650694,69,82,
6,44650840,196,40,
6,44651024,74,34,
6,44651066,588,135,
6,44651092,326,121,
6,44651142,15,0,
6,44651485,289,356,
6,44651536,149,48,
6,44651539,309,66,
6,44651558,4,0,
6,44651616,171,174,
6,44651655,4,0,
6,44651686,37,0,
6,44651718,6,1,
6,44651744,7,1,
6,44651753,6,0,
6,44651766,269,181,
6,44651770,401,44,
6,44651904,7,0,
6,44652172,8,0,
6,44652187,6,0,
6,44652374,398,402,
6,44652482,64,50,
6,44653072,730,335,
6,44653136,123,30,19
6,44653164,15,2,
6,44653246,5,1,
6,44653477,20,6,
6,44653586,77,34,
6,44653890,6,1,
6,44653965,278,56,
6,44653981,7,1,
6,44654022,78,18,
6,44654071,6,2,
6,44654299,81,13,
6,44654302,25,18,
6,44654423,8,0,
6,44654444,224,104,
6,44654494,137,68,
6,44654569,22,6,
6,44654770,24,8,
6,44654857,7,0,
6,44654869,17,1,
6,44654936,4,0,
6,44655011,13,0,
6,44655125,8,1,
6,44655128,80,13,
6,44655385,181,73,
6,44655492,7,1,
6,44655515,135,163,
6,44655565,286,75,
6,44655600,94,83,
6,44655632,83,67,
6,44655660,65,39,
6,44655741,15,0,
6,44655742,30,33,
6,44655804,48,68,
6,44655921,168,179,
6,44656073,135,37,
6,44656105,112,23,
6,44656681,11,3,
6,44656840,7,3,
6,44656908,3,1,
6,44657109,8,0,
6,44657149,4,1,
6,44657188,4,0,
6,44657213,10,1,
6,44657291,281,280,
6,44657433,79,23,
6,44657527,18,3,
6,44657556,120,69,17
6,44657692,5,0,
6,44657727,354,146,
6,44658103,119,159,
6,44658213,11,15,
6,44658438,6,0,
6,44658465,7,2,
6,44658547,96,85,
6,44658593,7,0,
6,44658722,6,1,
6,44658770,115,89,
6,44658771,20,11,
6,44658772,22,9,
6,44658798,38,4,
6,44658820,89,38,
6,44658875,9,0,
6,44658908,487,362,23
6,44658909,141,37,
6,44658960,12,0,
6,44658973,71,15,
6,44658978,113,50,
6,44658988,15,6,
6,44659019,228,146,18
6,44659137,72,8,
6,44659251,179,183,22
6,44659261,12,0,
6,44659291,6,0,
6,44659432,12,0,
6,44659452,10,0,
6,44659464,11,0,
6,44659494,4,0,
6,44659547,37,5,
6,44659661,26,15,
6,44659676,19,23,
6,44659712,71,50,25
6,44659765,27,1,
6,44659822,276,172,
6,44659921,276,153,11
6,44660041,34,6,
6,44660096,4,0,
6,44660177,15,2,
6,44660215,4,0,
6,44660323,266,309,12
6,44660341,24,5,
6,44660437,248,173,9
6,44660439,33,50,
6,44660484,6,1,
6,44660505,9,1,
6,44660519,513,244,
6,44660547,9,0,
6,44660675,9,8,
6,44660736,86,24,
6,44660788,23,9,
6,44660823,5,0,
6,44660863,59,81,
6,44661053,15,0,
6,44661284,13,1,
6,44661347,6,0,
6,44661402,5,0,
6,44661527,76,4,26
6,44661568,8,3,
6,44661571,5,0,
6,44661607,73,10,
6,44661682,284,123,7
6,44661744,4,0,
6,44661785,74,17,
6,44661828,6,0,
6,44661831,9,0,
6,44661846,583,92,1
6,44661862,81,8,29
6,44661906,10,2,
6,44661944,7,1,
6,44662037,29,16,
6,44662045,19,1,
6,44662110,5,0,
6,44662167,5,0,
6,44662260,15,1,
6,44662270,13,1,
6,44662280,15,6,
6,44662295,11,0,
6,44662308,11,3,
6,44662364,11,2,
6,44662376,17,6,
6,44662378,5,1,
6,44662427,6,2,
6,44662452,4,2,
6,44662476,9,0,
6,44662497,117,23,
6,44662542,139,150,
6,44662548,19,0,
6,44662603,12,1,
6,44662672,9,10,
6,44662690,178,85,
6,44662757,275,204,24
6,44662825,9,1,
6,44662998,6,0,
6,44663003,249,230,
6,44663016,39,16,
6,44663072,19,2,
6,44663074,18,6,
6,44663084,7,0,
6,44663173,14,4,
6,44663216,9,2,
6,44663227,263,235,3
6,44663261,6,0,
6,44663329,17,2,
6,44663381,13,3,
6,44663546,39,1,
6,44663573,4,0,
6,44663608,8,2,
6,44663676,10,1,
6,44663684,98,11,15
6,44663705,4,0,
6,44663778,13,1,
6,44663804,3,0,
6,44663990,22,1,
6,44664026,14,2,
6,44664176,10,0,
6,44664218,4,2,
6,44664322,7,1,
6,44664330,8,0,
6,44664628,19,1,
6,44664643,5,2,
6,44664669,5,4,
6,44664723,5,0,
6,44664782,11,0,
6,44664861,3,1,
6,44664873,523,121,8
6,44664875,5,0,
6,44664998,36,2,
6,44665020,3,0,
6,44665034,4,0,
6,44665070,21,18,
6,44665191,6,2,
6,44665352,10,1,
6,44665365,10,1,
6,44665373,216,99,9
6,44665450,9,1,
6,44665506,6,1,
6,44665525,5,1,
6,44665536,5,0,
6,44665667,5,0,
6,44665704,40,16,25
6,44665788,16,3,
6,44665815,99,18,2
6,44665845,58,46,
6,44665899,7,0,
6,44665928,66,73,20
6,44665941,35,16,
6,44665984,66,24,14
6,44666024,11,2,
6,44666123,7,0,
6,44666157,170,212,4
6,44666176,6,4,
6,44666225,5,0,
6,44666305,7,0,
6,44666518,6,0,
6,44666719,6,1,
6,44666778,8,0,
6,44666896,30,4,3
6,44667063,4,2,
6,44667191,8,2,
6,44667472,3,1,8
6,44667484,4,0,
7,44561328,360,301,
7,44566748,202,135,
7,44567683,231,442,
7,44567857,1758,1625,
7,44571692,154,26,
7,44576183,74,69,
7,44576312,212,114,
7,44577210,129,62,
7,44578070,218,145,
7,44578143,216,164,
7,44580567,158,182,
7,44581725,117,71,
7,44582662,191,65,
7,44582730,64,60,
7,44583316,195,30,
7,44584372,518,386,
7,44584414,98,40,
7,44584830,71,76,27
7,44585370,71,40,
7,44587116,300,232,
7,44590034,88,104,
7,44590391,117,30,
7,44590671,46,21,
7,44591305,307,24,
7,44591439,72,46,
7,44591605,196,57,14
7,44591775,174,70,
7,44592413,443,104,
7,44592797,91,54,
7,44593628,83,3,
7,44594156,657,146,
7,44594165,107,16,
7,44594486,50,46,
7,44594584,224,111,
7,44594808,561,173,
7,44595492,681,484,
7,44595824,100,83,
7,44597037,40,23,
7,44597727,54,11,
7,44598090,292,165,
7,44598578,91,48,
7,44599549,259,177,
7,44600043,33,6,
7,44600070,60,11,
7,44600899,55,33,
7,44601023,446,198,
7,44601045,250,257,
7,44602227,36,5,
7,44602532,151,44,
7,44602609,197,118,
7,44603066,261,147,
7,44603349,418,211,
7,44604024,89,13,
7,44604050,349,169,
7,44604125,34,5,
7,44604127,41,2,
7,44604311,97,22,
7,44604808,23,6,
7,44605169,115,38,
7,44605245,118,74,
7,44606184,935,897,
7,44606653,77,23,
7,44607403,127,65,
7,44607838,332,516,
7,44607961,163,98,
7,44608312,122,21,
7,44608754,309,215,
7,44608840,92,54,
7,44609130,365,353,
7,44609154,46,39,
7,44609893,82,13,
7,44610468,268,23,
7,44610925,74,30,
7,44611298,75,52,
7,44612151,601,205,
7,44612313,155,84,
7,44612487,860,507,
7,44612643,102,36,
7,44612736,49,55,
7,44613268,99,84,
7,44613361,31,20,
7,44613419,77,75,
7,44613438,169,40,
7,44613594,19,3,
7,44613625,492,309,
7,44613791,74,131,
7,44613840,476,698,
7,44613901,17,15,
7,44614370,431,132,
7,44614372,79,17,
7,44614510,74,11,
7,44614747,34,10,
7,44614837,35,51,
7,44615033,135,122,
7,44615801,570,215,
7,44615862,17,5,
7,44616158,60,32,
7,44616405,66,4,
7,44616479,523,397,
7,44616688,60,31,
7,44618335,208,187,
7,44618509,63,9,
7,44618535,256,442,
7,44618687,360,120,
7,44619020,38,2,
7,44619206,451,264,
7,44619258,41,106,
7,44619485,53,11,
7,44619709,97,68,
7,44619835,61,15,
7,44620002,379,193,
7,44620020,66,105,
7,44620577,19,4,
7,44620606,204,616,
7,44621487,130,52,
7,44621712,8,1,
7,44622360,14,3,
7,44622454,205,94,
7,44622543,41,5,
7,44622608,415,24,
7,44622637,197,80,
7,44622953,413,788,
7,44622954,30,11,
7,44622973,152,31,
7,44622994,39,6,17
7,44622999,56,27,
7,44623207,420,255,
7,44623361,314,439,
7,44623581,207,33,
7,44623953,587,409,
7,44624114,254,179,
7,44625292,610,331,
7,44625360,85,14,
7,44626359,125,63,22
7,44626363,248,122,
7,44626807,17,2,
7,44627158,105,22,
7,44627211,89,38,
7,44627732,14,11,
7,44627793,166,90,
7,44627828,184,129,
7,44628082,132,76,
7,44628930,387,317,
7,44629074,148,193,
7,44629123,6,0,
7,44629134,334,294,
7,44629206,403,121,
7,44629299,211,99,
7,44629710,796,427,
7,44629805,52,14,7
7,44629962,91,25,
7,44630551,39,8,
7,44630648,203,86,
7,44630724,177,80,
7,44630760,174,527,
7,44630801,34,7,
7,44630901,68,42,
7,44630927,237,106,
7,44631042,147,49,
7,44631594,151,64,
7,44631934,9,2,
7,44632045,55,16,
7,44632218,22,1,
7,44632240,122,105,
7,44632314,16,6,
7,44632365,3,0,
7,44632739,10,2,15
7,44632904,13,4,
7,44633384,58,59,
7,44633933,245,51,
7,44634340,231,210,
7,44634756,8,0,18
7,44635075,21,33,
7,44635676,18,6,
7,44635745,547,419,
7,44635808,602,145,
7,44635867,193,186,
7,44635919,177,66,
7,44636204,243,108,
7,44636277,26,4,
7,44636691,136,36,
7,44636774,62,24,
7,44636850,48,8,
7,44636886,26,20,
7,44636896,116,76,
7,44637128,72,34,
7,44637151,104,51,
7,44637191,524,242,
7,44637352,521,148,
7,44637457,70,42,
7,44637464,46,3,
7,44637523,62,3,
7,44637635,41,34,
7,44637715,324,72,
7,44637716,158,49,
7,44637802,21,1,
7,44637815,84,45,
7,44638076,92,29,
7,44638300,148,65,
7,44638304,94,42,
7,44638509,171,296,
7,44638510,79,28,
7,44638580,501,291,
7,44638634,19,2,
7,44638689,74,27,
7,44638710,141,29,
7,44638948,87,129,
7,44639135,161,154,
7,44639421,130,52,
7,44639524,190,25,
7,44639802,24,3,
7,44639828,68,6,
7,44639880,27,9,
7,44640178,80,100,
7,44640233,45,89,
7,44640477,20,14,
7,44640525,20,2,
7,44640992,53,52,
7,44641021,16,2,
7,44641117,185,107,
7,44641464,271,203,
7,44641521,504,170,
7,44641669,130,111,
7,44641961,375,530,
7,44642349,256,164,
7,44642357,14,0,
7,44642796,144,74,
7,44642927,15,2,
7,44643055,117,10,
7,44643564,554,329,
7,44644404,48,29,
7,44644718,5,1,
7,44645353,765,459,
7,44645393,8,0,
7,44645597,79,30,
7,44645768,16,0,
7,44645796,11,0,
7,44645846,107,29,
7,44646065,125,13,
7,44646151,174,159,
7,44646363,10,0,
7,44646780,23,12,
7,44646797,149,185,
7,44646801,399,233,
7,44646869,222,175,
7,44646901,170,57,
7,44646925,172,61,
7,44647112,611,858,
7,44647190,248,153,
7,44647504,25,3,
7,44647572,89,24,
7,44647600,59,13,
7,44647609,50,26,
7,44647632,29,31,
7,44647772,12,4,
7,44648144,217,331,
7,44648700,85,84,
7,44648725,5,0,
7,44648728,360,225,
7,44648772,151,110,
7,44648926,38,6,
7,44648957,37,9,
7,44649036,123,161,
7,44649115,25,10,
7,44649319,152,43,
7,44649531,15,0,
7,44649651,143,39,
7,44649653,107,29,
7,44649817,110,103,
7,44650427,21,2,
7,44650567,121,67,
7,44650622,82,22,
7,44650694,69,82,
7,44650840,196,40,
7,44651024,74,34,
7,44651066,588,135,
7,44651092,326,121,
7,44651142,15,0,
7,44651485,290,358,
7,44651536,149,48,
7,44651539,309,66,
7,44651558,4,0,
7,44651616,171,174,
7,44651655,4,0,
7,44651686,37,0,
7,44651718,6,1,
7,44651744,7,1,
7,44651753,6,0,
7,44651766,269,181,
7,44651770,401,44,
7,44651904,7,0,
7,44652172,8,0,
7,44652187,6,0,
7,44652374,398,403,
7,44652482,64,50,
7,44653072,730,337,
7,44653136,140,33,21
7,44653164,15,2,
7,44653246,5,1,
7,44653477,20,6,
7,44653586,77,34,
7,44653890,6,1,
7,44653965,279,56,
7,44653981,7,1,
7,44654022,79,18,
7,44654071,6,2,
7,44654299,82,13,
7,44654302,25,18,
7,44654423,8,0,
7,44654444,224,104,
7,44654494,137,70,
7,44654569,22,6,
7,44654770,24,8,
7,44654857,7,0,
7,44654869,17,1,
7,44654936,4,0,
7,44655011,13,0,
7,44655125,8,1,
7,44655128,80,13,
7,44655385,181,73,
7,44655492,7,1,
7,44655515,136,164,
7,44655565,286,77,
7,44655600,94,83,
7,44655632,83,67,
7,44655660,65,39,
7,44655741,15,0,
7,44655742,30,33,
7,44655804,49,68,
7,44655921,169,180,
7,44656073,135,37,
7,44656105,112,23,
7,44656681,11,3,
7,44656840,7,3,
7,44656908,3,1,
7,44657188,4,0,
7,44657213,10,1,
7,44657291,282,281,
7,44657433,79,23,
7,44657527,18,3,
7,44657556,129,70,18
7,44657692,5,0,
7,44657727,354,146,
7,44658103,119,159,
7,44658213,11,15,
7,44658438,6,0,
7,44658465,7,3,
7,44658547,96,86,
7,44658593,7,0,
7,44658770,115,91,
7,44658771,20,11,
7,44658772,22,9,
7,44658798,38,4,
7,44658820,91,39,
7,44658875,9,0,
7,44658908,499,370,24
7,44658909,142,37,
7,44658960,12,0,
7,44658973,71,15,
7,44658978,113,51,
7,44658988,16,6,
7,44659019,232,149,19
7,44659137,73,8,
7,44659251,188,193,23
7,44659261,12,0,
7,44659291,6,0,
7,44659432,12,0,
7,44659452,10,0,
7,44659464,11,0,
7,44659494,4,0,
7,44659547,37,5,
7,44659661,26,15,
7,44659676,19,23,
7,44659712,72,56,28
7,44659765,27,1,
7,44659822,276,172,
7,44659921,278,156,11
7,44660041,34,6,
7,44660096,4,0,
7,44660177,15,2,
7,44660215,4,0,
7,44660323,276,351,12
7,44660341,24,5,
7,44660437,251,174,11
7,44660439,33,50,
7,44660484,6,1,
7,44660505,9,1,
7,44660519,520,247,
7,44660547,9,0,
7,44660675,9,8,
7,44660736,86,25,
7,44660788,25,9,
7,44660823,5,0,
7,44660863,59,81,
7,44661053,15,0,
7,44661284,13,1,
7,44661347,7,0,
7,44661402,5,0,
7,44661527,79,4,26
7,44661568,8,3,
7,44661571,5,0,
7,44661607,73,10,
7,44661682,296,125,8
7,44661744,4,0,
7,44661785,74,17,
7,44661828,6,0,
7,44661831,9,0,
7,44661846,617,103,1
7,44661862,84,8,
7,44661906,10,2,
7,44661944,7,1,
7,44662037,29,16,
7,44662045,19,1,
7,44662110,5,0,
7,44662167,5,0,
7,44662260,15,1,
7,44662270,13,1,
7,44662280,16,6,
7,44662295,11,0,
7,44662308,11,3,
7,44662364,11,2,
7,44662376,17,6,
7,44662378,5,1,
7,44662427,6,2,
7,44662452,4,2,
7,44662476,9,0,
7,44662497,123,23,30
7,44662542,140,152,
7,44662548,19,0,
7,44662690,180,85,
7,44662757,280,206,25
7,44662825,9,1,
7,44662998,6,0,
7,44663003,250,232,
7,44663016,41,17,
7,44663072,20,2,
7,44663074,18,6,
7,44663084,7,0,
7,44663173,14,4,
7,44663216,9,2,
7,44663227,295,293,3
7,44663261,6,0,
7,44663329,17,2,
7,44663381,14,3,
7,44663546,39,1,
7,44663573,4,0,
7,44663608,8,2,
7,44663676,10,1,
7,44663684,112,12,16
7,44663705,4,0,
7,44663778,13,1,
7,44663804,3,0,
7,44663990,22,1,
7,44664176,11,0,
7,44664218,4,2,
7,44664322,8,1,
7,44664330,8,0,
7,44664628,19,1,
7,44664643,5,2,
7,44664669,5,4,
7,44664723,6,0,
7,44664782,11,0,
7,44664861,3,1,
7,44664873,562,137,9
7,44664875,7,0,
7,44664998,37,2,
7,44665020,3,0,
7,44665034,4,0,
7,44665070,23,18,
7,44665191,7,2,
7,44665352,10,1,
7,44665365,11,1,
7,44665373,238,105,10
7,44665450,9,1,
7,44665506,6,1,
7,44665525,6,2,
7,44665536,6,0,
7,44665667,5,0,
7,44665704,42,17,29
7,44665788,16,4,
7,44665815,122,23,2
7,44665845,58,49,
7,44665899,7,0,
7,44665928,68,81,
7,44665941,36,17,
7,44665984,74,24,20
7,44666024,11,2,
7,44666123,7,0,
7,44666157,204,249,5
7,44666176,7,4,
7,44666225,5,0,
7,44666305,7,0,
7,44666518,6,0,
7,44666719,6,1,
7,44666778,8,0,
7,44666827,3,0,
7,44666896,43,10,3
7,44667063,5,2,
7,44667191,8,2,
7,44667472,7,1,5
7,44667484,7,1,
7,44667548,5,0,
7,44667667,56,23,8
8,44561328,360,301,
8,44561895,104,22,
8,44566748,202,135,
8,44567683,231,442,
8,44567857,1758,1625,
8,44571692,154,26,
8,44573887,221,42,
8,44576183,74,69,
8,44576312,212,114,
8,44577210,129,62,
8,44578070,218,145,
8,44578143,216,164,
8,44580567,158,182,
8,44581725,117,71,
8,44582662,191,65,
8,44582730,64,60,
8,44583316,195,30,
8,44584372,518,386,
8,44584414,98,40,
8,44584830,72,76,
8,44585370,71,40,
8,44587116,300,232,
8,44590034,88,104,
8,44590391,117,30,
8,44590671,46,21,
8,44591305,307,24,
8,44591439,72,46,
8,44591605,200,59,16
8,44591775,174,70,
8,44592413,443,104,
8,44592797,91,54,
8,44593628,83,3,
8,44594156,657,146,
8,44594165,107,16,
8,44594486,50,46,
8,44594584,224,111,
8,44594808,561,173,
8,44595492,681,484,
8,44595824,100,83,
8,44597037,40,23,
8,44597727,54,11,
8,44598090,292,165,
8,44598578,91,48,
8,44599549,259,177,
8,44600043,33,6,
8,44600070,60,11,
8,44600899,55,33,
8,44601023,446,198,
8,44601045,250,257,
8,44602227,36,5,
8,44602532,151,44,
8,44602609,198,118,
8,44603066,261,147,
8,44603349,418,211,
8,44604024,90,13,
8,44604050,349,169,
8,44604125,34,5,
8,44604127,41,2,
8,44604311,98,22,
8,44604808,23,6,
8,44605169,116,38,
8,44605245,118,74,
8,44606184,936,897,
8,44606653,77,23,
8,44607403,127,65,
8,44607838,332,516,
8,44607961,163,98,
8,44608312,122,21,
8,44608754,309,215,
8,44608840,92,54,
8,44609130,365,353,
8,44609154,46,39,
8,44609893,82,13,
8,44610468,268,23,
8,44610925,74,30,
8,44611298,75,52,
8,44612151,601,205,
8,44612313,158,93,
8,44612487,860,507,
8,44612643,102,36,
8,44612736,49,55,
8,44613268,100,85,
8,44613361,31,20,
8,44613419,77,75,
8,44613438,169,40,
8,44613594,19,3,
8,44613625,492,309,
8,44613791,75,132,
8,44613840,476,698,
8,44613901,17,15,
8,44614370,431,132,
8,44614372,79,17,
8,44614510,74,11,
8,44614747,34,10,
8,44614837,35,51,
8,44615033,135,122,
8,44615801,570,215,
8,44615862,17,5,
8,44616158,60,32,
8,44616405,66,4,
8,44616479,523,397,
8,44616688,60,31,
8,44618335,208,187,
8,44618509,63,9,
8,44618535,256,442,
8,44618687,360,120,
8,44619020,38,2,
8,44619206,451,264,
8,44619258,41,106,
8,44619485,55,11,
8,44619709,97,68,
8,44619835,63,15,
8,44620002,379,193,
8,44620020,70,105,
8,44620577,19,4,
8,44620606,204,616,
8,44621487,130,52,
8,44621712,8,1,
8,44622360,14,3,
8,44622454,205,94,
8,44622543,41,5,
8,44622608,415,24,
8,44622637,198,80,
8,44622953,413,788,
8,44622954,31,12,
8,44622973,152,31,
8,44622994,43,6,20
8,44622999,56,27,
8,44623207,420,255,
8,44623361,314,439,
8,44623581,207,33,
8,44623953,587,409,
8,44624114,254,179,
8,44625292,610,331,
8,44625360,85,14,
8,44625493,9,2,5
8,44626359,129,64,25
8,44626363,248,123,
8,44626807,17,2,
8,44627158,105,22,
8,44627211,89,38,
8,44627732,16,11,
8,44627793,166,90,
8,44627828,185,130,
8,44628082,132,76,
8,44628930,387,317,
8,44629074,148,193,
8,44629123,7,0,
8,44629134,334,294,
8,44629206,403,121,
8,44629299,211,99,
8,44629710,796,427,
8,44629805,60,23,7
8,44629962,91,25,
8,44630551,39,8,
8,44630648,203,86,
8,44630724,178,80,
8,44630760,174,527,
8,44630801,34,7,
8,44630901,69,45,
8,44630927,237,106,
8,44631042,151,49,
8,44631594,151,64,
8,44631934,9,4,
8,44632045,56,17,
8,44632218,22,1,
8,44632240,122,106,
8,44632314,16,6,
8,44632365,3,0,
8,44632739,14,4,18
8,44632904,13,4,
8,44633384,58,59,
8,44633933,245,51,
8,44634340,231,210,
8,44634756,15,1,11
8,44635075,21,33,
8,44635676,18,6,
8,44635745,547,419,
8,44635808,602,145,
8,44635867,193,186,
8,44635919,177,66,
8,44636204,243,108,
8,44636277,26,4,
8,44636691,136,36,
8,44636774,62,24,
8,44636850,48,8,
8,44636886,26,20,
8,44636896,116,76,
8,44637128,72,34,
8,44637151,104,51,
8,44637191,524,242,
8,44637352,521,148,
8,44637457,70,42,
8,44637464,46,3,
8,44637523,62,3,
8,44637635,41,34,
8,44637715,324,72,
8,44637716,158,49,
8,44637802,21,1,
8,44637815,84,45,
8,44638076,92,29,
8,44638300,148,65,
8,44638304,94,42,
8,44638509,171,298,
8,44638510,79,28,
8,44638580,501,291,
8,44638634,19,2,
8,44638689,74,27,
8,44638710,141,29,
8,44638948,87,129,
8,44639135,161,154,
8,44639421,130,52,
8,44639524,190,25,
8,44639802,24,3,
8,44639828,69,6,
8,44639880,28,9,
8,44640178,80,100,
8,44640233,45,89,
8,44640477,20,14,
8,44640525,20,2,
8,44640992,53,52,
8,44641021,16,2,
8,44641117,185,107,
8,44641464,271,203,
8,44641521,504,170,
8,44641669,130,111,
8,44641961,375,530,
8,44642349,257,164,
8,44642357,14,0,
8,44642796,144,74,
8,44642927,15,2,
8,44643055,117,10,
8,44643564,554,331,
8,44644404,48,29,
8,44644718,5,1,
8,44645353,765,460,
8,44645393,8,0,
8,44645597,79,30,
8,44645768,16,0,
8,44645796,11,0,
8,44645846,107,29,
8,44646065,126,13,
8,44646151,174,159,
8,44646363,10,0,
8,44646780,23,12,
8,44646797,149,185,
8,44646801,400,233,
8,44646869,222,175,
8,44646901,170,57,
8,44646925,172,61,
8,44647112,611,858,
8,44647190,248,153,
8,44647504,25,3,
8,44647572,89,24,
8,44647600,59,13,
8,44647609,50,26,
8,44647632,29,31,
8,44647772,12,4,
8,44648144,218,333,
8,44648700,85,84,
8,44648725,5,0,
8,44648728,362,225,
8,44648772,152,110,
8,44648926,38,6,
8,44648957,37,9,
8,44649036,123,161,
8,44649115,25,10,
8,44649319,152,43,
8,44649531,15,0,
8,44649651,143,39,
8,44649653,107,29,
8,44649817,110,103,
8,44650427,21,2,
8,44650567,121,67,
8,44650622,83,22,
8,44650694,69,82,
8,44650840,196,40,
8,44651024,74,34,
8,44651066,588,135,
8,44651092,327,121,
8,44651142,15,0,
8,44651485,292,359,
8,44651536,150,48,
8,44651539,309,66,
8,44651558,4,0,
8,44651616,171,174,
8,44651655,4,0,
8,44651686,37,0,
8,44651718,6,1,
8,44651744,7,1,
8,44651753,6,0,
8,44651766,269,182,
8,44651770,401,44,
8,44651904,7,0,
8,44652172,8,0,
8,44652187,6,0,
8,44652374,399,403,
8,44652482,64,51,
8,44653072,732,337,
8,44653136,160,38,19
8,44653246,5,1,
8,44653477,20,6,
8,44653586,77,34,
8,44653890,6,1,
8,44653965,282,58,
8,44653981,7,1,
8,44654022,80,18,
8,44654071,6,2,
8,44654299,82,13,
8,44654302,25,18,
8,44654423,8,0,
8,44654444,224,105,
8,44654494,137,70,
8,44654569,22,6,
8,44654770,25,8,
8,44654857,7,0,
8,44654936,4,0,
8,44655011,13,0,
8,44655125,8,1,
8,44655128,80,13,
8,44655385,182,73,
8,44655492,7,1,
8,44655515,136,164,
8,44655565,288,77,
8,44655600,94,84,
8,44655632,83,67,
8,44655660,66,39,
8,44655741,15,0,
8,44655742,30,33,
8,44655804,49,68,
8,44655921,170,181,
8,44656073,136,38,
8,44656105,113,25,
8,44656681,11,3,
8,44656840,7,3,
8,44656908,3,1,
8,44657188,4,0,
8,44657213,11,1,
8,44657291,283,286,
8,44657433,80,23,
8,44657527,18,3,
8,44657556,139,75,18
8,44657692,5,0,
8,44657727,356,146,
8,44658103,119,160,
8,44658213,11,15,
8,44658438,6,0,
8,44658465,8,3,
8,44658547,96,86,
8,44658593,7,0,
8,44658770,115,93,
8,44658771,20,11,
8,44658772,23,9,
8,44658798,38,4,
8,44658820,92,39,
8,44658875,9,0,
8,44658908,514,386,26
8,44658909,144,37,
8,44658960,12,0,
8,44658973,71,15,
8,44658978,114,51,
8,44658988,17,6,
8,44659019,239,152,19
8,44659137,74,8,
8,44659251,198,202,23
8,44659261,12,0,
8,44659291,7,0,
8,44659432,13,0,
8,44659464,11,0,
8,44659494,4,0,
8,44659547,37,5,
8,44659661,28,15,
8,44659676,19,24,
8,44659712,78,61,28
8,44659765,27,1,
8,44659822,278,172,
8,44659921,287,156,13
8,44660041,34,6,
8,44660096,4,0,
8,44660177,15,3,
8,44660215,4,0,
8,44660323,287,369,11
8,44660341,24,5,
8,44660437,257,174,12
8,44660439,33,50,
8,44660484,6,1,
8,44660505,9,1,
8,44660519,525,249,
8,44660547,9,0,
8,44660675,9,8,
8,44660736,86,25,
8,44660788,25,9,
8,44660823,5,0,
8,44660863,59,81,
8,44661053,15,0,
8,44661284,13,1,
8,44661347,7,0,
8,44661402,5,0,
8,44661527,81,5,29
8,44661568,8,3,
8,44661571,5,0,
8,44661607,77,10,
8,44661682,304,128,8
8,44661744,4,0,
8,44661785,74,18,
8,44661828,6,0,
8,44661831,9,0,
8,44661846,663,111,1
8,44661862,84,8,
8,44661906,10,2,
8,44661944,7,1,
8,44662037,31,16,
8,44662045,20,1,
8,44662110,5,0,
8,44662167,5,0,
8,44662260,15,1,
8,44662270,13,1,
8,44662280,16,6,
8,44662295,11,0,
8,44662308,12,3,
8,44662364,12,2,
8,44662376,17,6,
8,44662378,5,1,
8,44662427,6,2,
8,44662452,4,2,
8,44662476,9,0,
8,44662497,129,23,30
8,44662542,143,154,
8,44662548,19,0,
8,44662690,185,85,
8,44662757,281,209,27
8,44662825,9,1,
8,44662998,7,0,
8,44663003,254,232,
8,44663016,42,17,
8,44663072,20,2,
8,44663074,18,6,
8,44663084,7,0,
8,44663173,14,4,
8,44663216,9,2,
8,44663227,329,343,3
8,44663261,6,0,
8,44663329,17,2,
8,44663381,15,3,
8,44663546,39,1,
8,44663573,4,0,
8,44663608,8,2,
8,44663676,10,1,
8,44663684,126,14,15
8,44663704,4,0,
8,44663705,4,0,
8,44663778,13,1,
8,44663804,3,0,
8,44663990,23,1,
8,44664176,12,0,
8,44664218,4,2,
8,44664322,9,2,
8,44664330,8,0,
8,44664628,19,1,
8,44664643,5,2,
8,44664669,5,4,
8,44664723,7,0,
8,44664782,11,0,
8,44664861,3,1,
8,44664873,605,151,10
8,44664875,9,1,
8,44664998,38,2,
8,44665020,3,0,
8,44665034,4,0,
8,44665070,23,19,
8,44665191,7,2,
8,44665352,10,1,
8,44665365,11,1,
8,44665373,257,113,13
8,44665450,9,1,
8,44665506,6,1,
8,44665525,7,3,
8,44665536,6,0,
8,44665667,5,0,
8,44665704,43,18,
8,44665788,16,4,
8,44665815,145,25,2
8,44665845,62,49,
8,44665899,7,0,
8,44665928,70,87,
8,44665941,39,18,
8,44665984,83,25,23
8,44666024,11,2,
8,44666123,7,0,
8,44666157,236,285,5
8,44666176,7,4,
8,44666225,5,0,
8,44666305,7,0,
8,44666518,6,0,
8,44666719,6,1,
8,44666778,9,0,
8,44666827,3,0,
8,44666896,53,18,3
8,44667063,6,2,
8,44667191,9,2,
8,44667472,10,1,9
8,44667484,7,2,
8,44667548,9,0,
8,44667667,105,70,6
9,44561328,360,301,
9,44561895,104,22,
9,44566748,202,135,
9,44567683,231,442,
9,44567857,1759,1625,
9,44571692,154,26,
9,44573887,221,42,
9,44576183,74,69,
9,44576312,212,114,
9,44577210,129,62,
9,44578070,218,145,
9,44578143,216,164,
9,44580567,158,182,
9,44581725,117,71,
9,44582662,191,65,
9,44582730,64,60,
9,44583316,195,30,
9,44584372,518,386,
9,44584414,98,40,
9,44584830,73,76,
9,44585370,71,40,
9,44586723,456,683,
9,44587116,300,232,
9,44590034,88,104,
9,44590391,117,30,
9,44590671,46,21,
9,44591305,307,24,
9,44591439,72,46,
9,44591605,204,62,16
9,44591775,174,70,
9,44592377,331,253,
9,44592413,443,104,
9,44592797,91,54,
9,44593628,83,3,
9,44594156,657,146,
9,44594165,107,16,
9,44594486,50,46,
9,44594584,224,111,
9,44594808,561,173,
9,44595492,681,484,
9,44595824,100,83,
9,44597037,40,23,
9,44597727,54,11,
9,44598090,292,165,
9,44598578,91,48,
9,44599549,259,177,
9,44600043,33,6,
9,44600070,60,11,
9,44600594,308,198,
9,44600899,55,33,
9,44601023,446,198,
9,44601045,250,257,
9,44602227,36,5,
9,44602532,151,44,
9,44602609,199,118,
9,44603066,261,147,
9,44603349,418,211,
9,44604024,90,13,
9,44604050,349,169,
9,44604125,34,5,
9,44604127,41,2,
9,44604311,98,22,
9,44604808,23,6,
9,44605169,116,38,
9,44605245,118,74,
9,44606184,936,897,
9,44606653,77,23,
9,44607403,127,65,
9,44607838,332,516,
9,44607961,163,98,
9,44608295,317,139,
9,44608312,122,21,
9,44608754,309,215,
9,44608840,92,54,
9,44609130,365,353,
9,44609154,46,39,
9,44609893,82,13,
9,44610468,268,23,
9,44610925,74,30,
9,44611298,75,52,
9,44612151,601,205,
9,44612313,159,93,
9,44612487,860,507,
9,44612643,102,36,
9,44612736,49,58,
9,44613268,100,85,
9,44613361,31,20,
9,44613419,77,75,
9,44613438,169,40,
9,44613594,19,3,
9,44613625,492,309,
9,44613791,75,132,
9,44613840,476,698,
9,44613901,17,15,
9,44614370,431,132,
9,44614372,79,17,
9,44614510,74,11,
9,44614747,34,10,
9,44614837,35,51,
9,44615033,135,122,
9,44615801,570,215,
9,44615862,17,5,
9,44616158,60,32,
9,44616405,66,4,
9,44616479,523,397,
9,44616688,60,31,
9,44618335,208,187,
9,44618509,63,9,
9,44618535,256,442,
9,44618687,360,120,
9,44619020,38,2,
9,44619206,451,264,
9,44619258,41,106,
9,44619485,55,11,
9,44619709,97,68,
9,44619835,63,15,
9,44620002,379,193,
9,44620020,70,108,
9,44620577,19,4,
9,44620606,204,616,
9,44621487,130,52,
9,44621712,8,1,
9,44622360,14,3,
9,44622454,205,94,
9,44622543,41,5,
9,44622608,415,24,
9,44622637,198,80,
9,44622953,413,788,
9,44622954,31,14,
9,44622973,152,31,
9,44622994,44,6,21
9,44622999,56,27,
9,44623207,420,255,
9,44623361,314,439,
9,44623581,207,33,
9,44623953,588,409,
9,44624114,254,179,
9,44625292,610,331,
9,44625360,85,14,
9,44625493,17,14,7
9,44625846,7,2,14
9,44626359,133,67,24
9,44626363,248,123,
9,44626807,17,2,
9,44627158,105,22,
9,44627211,89,38,
9,44627732,17,11,
9,44627793,166,90,
9,44627828,185,130,
9,44628082,132,76,
9,44628930,387,317,
9,44629074,148,193,
9,44629123,7,0,
9,44629134,334,294,
9,44629206,403,121,
9,44629299,211,99,
9,44629710,796,427,
9,44629805,75,31,5
9,44629962,91,25,
9,44630551,39,8,
9,44630648,203,86,
9,44630724,178,80,
9,44630760,174,527,
9,44630801,34,7,
9,44630901,69,45,
9,44630927,237,106,
9,44631042,152,49,
9,44631594,151,64,
9,44631934,10,5,
9,44632045,56,17,
9,44632218,22,1,
9,44632240,122,106,
9,44632314,16,6,
9,44632365,3,0,
9,44632739,15,4,22
9,44632904,13,4,
9,44633384,58,59,
9,44633933,245,51,
9,44634340,231,210,
9,44634756,24,3,13
9,44635075,21,33,
9,44635676,18,6,
9,44635745,547,419,
9,44635808,602,146,
9,44635867,193,186,
9,44635919,177,66,
9,44636204,243,108,
9,44636277,26,4,
9,44636691,136,36,
9,44636774,62,24,
9,44636850,48,8,
9,44636886,26,20,
9,44636896,116,76,
9,44637128,72,34,
9,44637151,105,51,
9,44637191,524,242,
9,44637352,521,148,
9,44637457,70,42,
9,44637464,46,3,
9,44637523,62,3,
9,44637635,41,34,
9,44637715,324,72,
9,44637716,158,49,
9,44637802,21,1,
9,44637815,84,45,
9,44638076,92,29,
9,44638300,148,65,
9,44638304,94,42,
9,44638509,171,298,
9,44638510,79,28,
9,44638580,501,292,
9,44638634,19,2,
9,44638689,74,27,
9,44638710,141,29,
9,44638948,87,129,
9,44639135,161,154,
9,44639421,130,52,
9,44639524,190,25,
9,44639802,24,3,
9,44639828,70,6,
9,44639880,29,9,
9,44640178,80,100,
9,44640233,45,89,
9,44640477,20,14,
9,44640525,20,2,
9,44640992,53,52,
9,44641021,16,2,
9,44641117,185,107,
9,44641464,271,203,
9,44641521,504,170,
9,44641669,130,111,
9,44641961,375,530,
9,44642349,257,164,
9,44642357,14,0,
9,44642796,144,74,
9,44642927,15,2,
9,44643055,117,10,
9,44643564,554,331,
9,44644404,48,29,
9,44644718,5,1,
9,44645353,765,460,
9,44645393,8,0,
9,44645597,79,30,
9,44645768,16,0,
9,44645796,11,0,
9,44645846,107,29,
9,44646065,126,13,
9,44646363,10,0,
9,44646780,23,12,
9,44646797,149,185,
9,44646801,400,233,
9,44646869,222,175,
9,44646901,170,57,
9,44646925,172,61,
9,44647112,612,859,
9,44647190,249,153,
9,44647504,25,3,
9,44647572,89,24,
9,44647600,59,13,
9,44647609,50,26,
9,44647632,29,31,
9,44647772,12,4,
9,44648144,218,333,
9,44648700,85,84,
9,44648725,5,0,
9,44648728,362,225,
9,44648772,152,110,
9,44648926,38,6,
9,44648957,37,9,
9,44649036,123,161,
9,44649115,25,10,
9,44649319,152,43,
9,44649531,15,0,
9,44649651,143,39,
9,44649653,107,29,
9,44649817,110,103,
9,44650427,21,2,
9,44650567,121,67,
9,44650622,83,22,
9,44650694,69,82,
9,44650840,196,40,
9,44651024,74,34,
9,44651066,589,135,
9,44651092,327,121,
9,44651142,15,0,
9,44651485,296,359,
9,44651536,150,48,
9,44651539,309,66,
9,44651558,4,0,
9,44651616,172,174,
9,44651655,4,0,
9,44651686,37,0,
9,44651718,6,1,
9,44651744,7,1,
9,44651753,6,0,
9,44651766,269,182,
9,44651770,401,44,
9,44651904,7,0,
9,44652172,8,0,
9,44652187,6,0,
9,44652374,400,406,
9,44652482,64,51,
9,44653072,734,337,
9,44653136,169,39,18
9,44653246,5,1,
9,44653477,20,6,
9,44653586,77,34,
9,44653890,6,1,
9,44653965,282,58,
9,44653981,7,1,
9,44654022,81,18,
9,44654071,6,2,
9,44654299,82,13,
9,44654302,25,18,
9,44654423,8,0,
9,44654444,224,105,
9,44654494,137,70,
9,44654569,22,6,
9,44654770,25,8,
9,44654857,7,0,
9,44654936,4,0,
9,44655011,13,0,
9,44655125,8,1,
9,44655128,80,13,
9,44655385,182,73,
9,44655492,7,1,
9,44655515,137,165,
9,44655565,288,79,
9,44655600,94,85,
9,44655632,83,67,
9,44655660,66,39,
9,44655741,15,0,
9,44655742,30,33,
9,44655804,49,68,
9,44655921,170,182,
9,44656073,136,38,
9,44656105,113,25,
9,44656681,11,3,
9,44656840,7,3,
9,44656908,3,1,
9,44657188,4,0,
9,44657213,11,1,
9,44657291,283,286,
9,44657433,80,23,
9,44657527,18,3,
9,44657556,149,79,18
9,44657692,5,0,
9,44657727,356,146,
9,44658103,119,161,
9,44658213,12,17,
9,44658438,6,0,
9,44658465,8,3,
9,44658593,7,0,
9,44658770,116,96,
9,44658771,20,11,
9,44658772,24,9,
9,44658798,38,4,
9,44658820,92,40,
9,44658875,9,0,
9,44658908,527,393,25
9,44658909,145,37,
9,44658960,12,0,
9,44658973,71,16,
9,44658978,115,51,
9,44658988,17,6,
9,44659019,243,154,20
9,44659137,74,8,
9,44659251,202,205,23
9,44659261,12,0,
9,44659291,7,0,
9,44659432,13,0,
9,44659464,11,0,
9,44659494,4,0,
9,44659547,39,5,
9,44659661,28,15,
9,44659676,19,25,
9,44659712,81,64,28
9,44659765,27,1,
9,44659822,278,173,
9,44659921,288,158,12
9,44660041,34,6,
9,44660177,15,3,
9,44660215,4,0,
9,44660323,291,389,11
9,44660341,24,5,
9,44660437,264,175,12
9,44660439,33,50,
9,44660484,6,1,
9,44660505,9,1,
9,44660519,528,250,
9,44660547,9,0,
9,44660675,9,8,
9,44660736,86,25,
9,44660788,27,9,
9,44660823,5,0,
9,44660863,59,81,
9,44661053,15,0,
9,44661284,13,1,
9,44661347,7,0,
9,44661402,5,0,
9,44661527,82,5,29
9,44661568,8,3,
9,44661571,5,0,
9,44661607,77,10,
9,44661682,318,132,7
9,44661744,4,0,
9,44661785,75,18,
9,44661828,6,0,
9,44661831,9,1,
9,44661846,710,119,1
9,44661862,85,8,
9,44661906,10,2,
9,44661944,7,1,
9,44662037,31,16,
9,44662045,21,1,
9,44662110,5,0,
9,44662167,5,0,
9,44662260,15,1,
9,44662280,16,6,
9,44662295,11,0,
9,44662308,12,3,
9,44662364,12,2,
9,44662376,17,6,
9,44662378,5,1,
9,44662427,6,2,
9,44662452,4,2,
9,44662476,9,0,
9,44662497,136,26,30
9,44662542,143,154,
9,44662548,19,0,
9,44662690,185,85,
9,44662757,284,211,27
9,44662825,9,1,
9,44662998,7,0,
9,44663003,255,232,
9,44663016,43,17,
9,44663072,21,2,
9,44663074,19,6,
9,44663084,7,0,
9,44663173,14,4,
9,44663216,9,2,
9,44663227,359,386,3
9,44663261,6,0,
9,44663329,17,2,
9,44663381,15,3,
9,44663546,39,1,
9,44663573,4,0,
9,44663608,8,2,
9,44663676,10,1,
9,44663684,133,15,16
9,44663704,4,0,
9,44663705,4,0,
9,44663804,3,0,
9,44663990,23,1,
9,44664176,14,1,
9,44664218,4,2,
9,44664322,10,2,
9,44664330,8,0,
9,44664628,19,1,
9,44664643,5,2,
9,44664669,5,4,
9,44664723,9,1,
9,44664782,11,0,
9,44664861,3,1,
9,44664873,651,163,8
9,44664875,11,1,
9,44664998,40,2,
9,44665020,3,0,
9,44665034,4,0,
9,44665070,24,19,
9,44665191,7,2,
9,44665352,11,1,
9,44665365,14,1,
9,44665373,265,127,14
9,44665450,9,1,
9,44665506,7,1,
9,44665525,8,3,
9,44665536,6,0,
9,44665667,6,0,
9,44665704,43,18,
9,44665788,16,4,
9,44665815,165,28,2
9,44665845,63,49,
9,44665899,8,0,
9,44665928,71,87,
9,44665941,42,20,
9,44665984,89,25,24
9,44665993,5,0,
9,44666024,11,2,
9,44666157,254,332,5
9,44666176,7,4,
9,44666225,5,0,
9,44666305,7,0,
9,44666518,6,0,
9,44666719,7,2,
9,44666778,9,0,
9,44666827,3,0,
9,44666896,59,20,4
9,44667063,6,2,
9,44667191,9,2,
9,44667472,14,1,9
9,44667484,7,2,
9,44667548,10,0,
9,44667667,117,81,
10,44561328,360,301,
10,44561895,104,22,
10,44566748,202,135,
10,44567683,231,442,
10,44567857,1759,1625,
10,44568147,109,48,
10,44571692,154,26,
10,44573887,221,42,
10,44576183,74,69,
10,44576312,212,114,
10,44577210,129,62,
10,44578070,218,145,
10,44578143,216,164,
10,44580567,158,182,
10,44581725,117,71,
10,44582662,191,65,
10,44582730,64,60,
10,44583316,195,30,
10,44584372,518,386,
10,44584414,98,40,
10,44584830,74,77,
10,44585370,71,40,
10,44586723,456,683,
10,44587116,300,232,
10,44590034,88,104,
10,44590391,117,30,
10,44590671,46,21,
10,44591305,307,24,
10,44591439,72,46,
10,44591605,207,63,15
10,44591775,174,70,
10,44592377,331,253,
10,44592413,443,104,
10,44592797,91,54,
10,44593628,83,3,
10,44594156,657,146,
10,44594165,107,16,
10,44594486,50,46,
10,44594584,224,111,
10,44594808,561,173,
10,44595492,681,484,
10,44595824,100,83,
10,44597037,40,23,
10,44597727,54,11,
10,44598090,292,165,
10,44598578,91,48,
10,44599549,259,177,
10,44600043,33,6,
10,44600070,60,11,
10,44600594,308,198,
10,44600899,55,33,
10,44601023,446,198,
10,44601045,250,257,
10,44602227,36,5,
10,44602532,151,44,
10,44602609,199,118,
10,44603066,261,147,
10,44603349,418,211,
10,44604024,91,13,
10,44604050,349,169,
10,44604125,34,5,
10,44604127,41,2,
10,44604311,98,22,
10,44604808,23,6,
10,44605169,116,38,
10,44605245,118,74,
10,44606184,936,899,
10,44606653,77,23,
10,44607403,127,65,
10,44607838,332,516,
10,44607961,163,98,
10,44608295,317,139,
10,44608312,122,21,
10,44608754,309,215,
10,44608840,92,54,
10,44609130,365,353,
10,44609154,46,39,
10,44609893,82,13,
10,44610468,268,23,
10,44610925,74,30,
10,44611298,76,52,
10,44612023,179,86,
10,44612151,601,205,
10,44612313,160,94,
10,44612487,860,507,
10,44612643,102,36,
10,44612736,49,58,
10,44613268,100,86,
10,44613361,31,20,
10,44613419,77,75,
10,44613438,169,40,
10,44613594,19,3,
10,44613625,492,309,
10,44613791,75,132,
10,44613840,476,698,
10,44613901,17,15,
10,44614370,431,132,
10,44614372,79,17,
10,44614510,74,11,
10,44614747,34,10,
10,44614837,35,51,
10,44615033,135,123,
10,44615801,570,215,
10,44615862,17,5,
10,44616158,60,32,
10,44616405,66,4,
10,44616479,523,397,
10,44616688,60,31,
10,44618335,208,187,
10,44618509,63,9,
10,44618535,256,442,
10,44618687,360,120,
10,44619020,38,2,
10,44619206,452,264,
10,44619258,41,106,
10,44619485,55,11,
10,44619709,97,68,
10,44619835,63,15,
10,44620002,379,193,
10,44620020,70,113,
10,44620577,19,4,
10,44620606,204,616,
10,44621487,130,52,
10,44621712,8,1,
10,44622360,14,3,
10,44622454,205,94,
10,44622543,41,5,
10,44622608,415,24,
10,44622637,198,80,
10,44622953,413,788,
10,44622954,31,14,
10,44622973,152,31,
10,44622994,46,7,22
10,44622999,56,27,
10,44623207,420,255,
10,44623361,314,439,
10,44623581,207,33,
10,44623953,588,409,
10,44624114,254,179,
10,44625292,610,331,
10,44625360,85,14,
10,44625493,20,26,8
10,44625846,13,4,16
10,44626359,134,68,25
10,44626363,248,123,
10,44626807,17,2,
10,44627158,105,22,
10,44627211,89,38,
10,44627732,17,12,
10,44627793,166,90,
10,44627828,185,130,
10,44628082,132,76,
10,44628930,387,317,
10,44629074,148,193,
10,44629123,7,0,
10,44629134,334,295,
10,44629206,403,121,
10,44629299,211,99,
10,44629710,797,427,
10,44629805,82,38,5
10,44629962,91,25,
10,44630028,7,8,5
10,44630551,39,8,
10,44630648,203,86,
10,44630724,178,80,
10,44630760,174,527,
10,44630801,34,7,
10,44630901,70,45,
10,44630927,237,106,
10,44631042,153,49,
10,44631594,151,67,
10,44631934,10,6,
10,44632045,57,17,
10,44632218,22,1,
10,44632240,122,106,
10,44632314,16,6,
10,44632365,3,0,
10,44632739,16,3,24
10,44632904,13,4,
10,44633384,58,59,
10,44633933,245,51,
10,44634340,231,210,
10,44634756,29,6,17
10,44635075,21,33,
10,44635676,18,6,
10,44635745,547,419,
10,44635808,602,146,
10,44635867,193,186,
10,44635919,177,66,
10,44636204,243,108,
10,44636277,26,4,
10,44636691,136,36,
10,44636774,62,24,
10,44636850,48,8,
10,44636886,26,20,
10,44636896,116,76,
10,44637128,72,34,
10,44637151,105,51,
10,44637191,524,242,
10,44637352,521,148,
10,44637457,70,42,
10,44637464,46,3,
10,44637523,62,3,
10,44637635,41,34,
10,44637715,324,72,
10,44637716,158,49,
10,44637802,21,1,
10,44637815,84,45,
10,44638076,92,29,
10,44638300,148,65,
10,44638304,94,42,
10,44638509,171,299,
10,44638510,79,28,
10,44638580,501,292,
10,44638634,19,2,
10,44638689,75,27,
10,44638710,141,29,
10,44638948,88,129,
10,44639135,161,154,
10,44639421,130,52,
10,44639524,190,25,
10,44639802,24,3,
10,44639828,71,6,
10,44639880,30,9,
10,44640178,80,100,
10,44640233,45,89,
10,44640477,20,14,
10,44640525,20,2,
10,44640992,53,52,
10,44641021,16,2,
10,44641117,185,107,
10,44641464,271,203,
10,44641521,505,170,
10,44641669,130,111,
10,44641961,376,532,
10,44642349,258,164,
10,44642357,14,0,
10,44642796,145,74,
10,44642927,15,2,
10,44643055,117,10,
10,44643564,554,331,
10,44644404,48,29,
10,44644718,5,1,
10,44645353,766,460,
10,44645393,8,0,
10,44645597,79,30,
10,44645768,16,0,
10,44645796,11,0,
10,44645846,107,29,
10,44646065,126,13,
10,44646363,10,0,
10,44646780,23,12,
10,44646797,149,185,
10,44646801,401,233,
10,44646869,222,175,
10,44646901,170,57,
10,44646925,172,61,
10,44647112,612,860,
10,44647190,249,153,
10,44647504,25,3,
10,44647572,89,24,
10,44647600,59,13,
10,44647609,50,26,
10,44647632,29,31,
10,44647772,12,4,
10,44648144,218,333,
10,44648700,85,84,
10,44648725,5,0,
10,44648728,363,225,
10,44648772,152,110,
10,44648926,38,6,
10,44648957,37,9,
10,44649036,123,161,
10,44649115,25,10,
10,44649319,152,43,
10,44649531,15,0,
10,44649651,143,39,
10,44649653,107,29,
10,44649817,110,103,
10,44650567,121,67,
10,44650622,83,22,
10,44650694,69,82,
10,44650840,196,40,
10,44651024,74,34,
10,44651066,590,135,
10,44651092,327,122,
10,44651142,15,0,
10,44651485,296,359,
10,44651536,150,48,
10,44651539,309,66,
10,44651558,4,0,
10,44651616,172,174,
10,44651655,4,0,
10,44651686,37,0,
10,44651718,6,1,
10,44651744,8,2,
10,44651753,6,0,
10,44651766,269,182,
10,44651770,401,44,
10,44651904,7,0,
10,44652172,8,0,
10,44652187,6,0,
10,44652374,400,406,
10,44652482,64,51,
10,44653072,735,339,
10,44653136,182,41,18
10,44653246,5,1,
10,44653477,20,6,
10,44653586,77,34,
10,44653890,6,1,
10,44653965,282,58,
10,44653981,7,1,
10,44654022,81,18,
10,44654071,6,2,
10,44654299,82,13,
10,44654302,25,18,
10,44654423,8,0,
10,44654444,224,105,
10,44654494,137,70,
10,44654569,22,6,
10,44654770,25,8,
10,44654857,7,0,
10,44654936,4,0,
10,44655011,13,0,
10,44655128,80,13,
10,44655385,182,73,
10,44655492,7,1,
10,44655515,137,165,
10,44655565,288,79,
10,44655600,94,85,
10,44655632,83,67,
10,44655660,66,39,
10,44655741,15,0,
10,44655742,30,33,
10,44655804,49,68,
10,44655921,171,187,
10,44656073,136,38,
10,44656105,114,25,
10,44656681,11,3,
10,44656840,7,3,
10,44656908,3,1,
10,44657188,4,0,
10,44657213,11,1,
10,44657291,283,287,
10,44657433,81,23,
10,44657527,18,3,
10,44657556,163,84,19
10,44657692,5,0,
10,44657727,357,147,
10,44658103,120,161,
10,44658213,12,17,
10,44658438,6,0,
10,44658465,8,3,
10,44658593,7,0,
10,44658770,116,97,
10,44658771,20,11,
10,44658772,24,9,
10,44658798,38,4,
10,44658820,92,40,
10,44658875,9,0,
10,44658908,545,405,26
10,44658909,145,37,
10,44658960,12,0,
10,44658973,71,16,
10,44658978,116,51,
10,44658988,17,6,
10,44659019,248,160,21
10,44659137,75,9,
10,44659251,206,222,23
10,44659261,12,0,
10,44659291,7,0,
10,44659432,13,0,
10,44659464,11,0,
10,44659494,4,0,
10,44659547,39,5,
10,44659661,28,16,
10,44659676,20,25,
10,44659712,84,65,29
10,44659765,27,1,
10,44659822,279,174,
10,44659921,292,160,11
10,44660041,34,6,
10,44660177,15,3,
10,44660323,306,406,10
10,44660341,24,5,
10,44660437,266,176,13
10,44660439,33,50,
10,44660484,6,1,
10,44660519,532,250,
10,44660675,9,8,
10,44660736,87,25,
10,44660788,27,9,
10,44660823,5,0,
10,44660863,59,81,
10,44661053,15,0,
10,44661284,13,1,
10,44661347,7,0,
10,44661402,5,0,
10,44661527,82,5,30
10,44661568,8,3,
10,44661571,5,0,
10,44661607,79,10,
10,44661682,330,135,7
10,44661744,4,0,
10,44661785,75,18,
10,44661828,6,0,
10,44661831,9,1,
10,44661846,749,122,1
10,44661862,85,8,
10,44661906,10,2,
10,44661944,7,1,
10,44662037,32,16,
10,44662045,22,1,
10,44662110,5,0,
10,44662167,5,0,
10,44662260,15,1,
10,44662280,16,6,
10,44662295,11,0,
10,44662308,12,3,
10,44662364,12,2,
10,44662376,17,6,
10,44662378,5,1,
10,44662427,6,2,
10,44662452,4,2,
10,44662476,9,0,
10,44662497,138,30,
10,44662542,143,154,
10,44662548,19,0,
10,44662690,187,87,
10,44662757,288,213,28
10,44662825,9,1,
10,44662998,7,0,
10,44663003,256,234,
10,44663016,43,17,
10,44663072,22,2,
10,44663074,19,6,
10,44663084,7,0,
10,44663173,14,4,
10,44663216,9,2,
10,44663227,380,420,3
10,44663261,6,0,
10,44663329,17,2,
10,44663381,15,3,
10,44663546,39,1,
10,44663573,4,0,
10,44663608,8,2,
10,44663676,10,1,
10,44663684,142,21,15
10,44663704,4,0,
10,44663705,4,0,
10,44663804,3,0,
10,44663990,23,1,
10,44664176,14,1,
10,44664218,4,2,
10,44664322,10,2,
10,44664330,8,0,
10,44664628,19,1,
10,44664643,5,2,
10,44664669,5,4,
10,44664723,9,1,
10,44664782,11,0,
10,44664861,3,1,
10,44664873,693,171,9
10,44664875,12,1,
10,44664998,41,2,
10,44665020,3,0,
10,44665034,4,0,
10,44665070,24,19,
10,44665191,7,2,
10,44665352,11,1,
10,44665365,16,1,
10,44665373,275,135,14
10,44665450,9,1,
10,44665506,7,1,
10,44665525,8,3,
10,44665536,7,0,
10,44665569,3,0,
10,44665667,6,0,
10,44665704,45,18,
10,44665788,17,4,
10,44665815,187,29,2
10,44665845,64,49,
10,44665899,8,0,
10,44665928,72,90,
10,44665941,43,20,
10,44665984,94,27,27
10,44665993,5,0,
10,44666024,11,2,
10,44666157,275,352,6
10,44666176,8,4,
10,44666225,5,0,
10,44666305,7,0,
10,44666719,7,2,
10,44666778,9,0,
10,44666827,3,0,
10,44666896,72,25,4
10,44667063,8,2,
10,44667191,9,2,
10,44667472,16,1,12
10,44667484,7,2,
10,44667548,12,0,
10,44667667,125,90,
10,44668842,10,0,
10,44669131,3,0,23
11,44561328,360,301,
11,44561895,104,22,
11,44566748,202,135,
11,44567683,231,442,
11,44567857,1759,1625,
11,44568147,109,48,
11,44571692,154,26,
11,44573887,221,42,
11,44576183,74,69,
11,44576312,212,114,
11,44577210,129,62,
11,44578070,218,145,
11,44578143,216,164,
11,44580567,158,182,
11,44581725,117,71,
11,44582662,191,65,
11,44582730,64,60,
11,44583316,195,30,
11,44584372,518,386,
11,44584414,98,40,
11,44584830,78,77,
11,44585370,71,40,
11,44586723,456,683,
11,44587116,300,232,
11,44590034,88,104,
11,44590391,117,30,
11,44590671,46,21,
11,44591305,307,24,
11,44591439,72,46,
11,44591605,212,68,17
11,44591775,174,70,
11,44592377,331,253,
11,44592413,443,104,
11,44592797,91,54,
11,44593628,83,3,
11,44593972,449,352,
11,44594156,657,146,
11,44594165,107,16,
11,44594486,50,46,
11,44594584,224,111,
11,44594808,561,173,
11,44595492,681,484,
11,44595824,100,83,
11,44597037,40,23,
11,44597727,54,11,
11,44598090,292,165,
11,44598578,91,48,
11,44599549,259,177,
11,44600043,33,6,
11,44600070,60,11,
11,44600594,308,198,
11,44600899,55,33,
11,44601023,446,198,
11,44601045,250,257,
11,44602227,36,5,
11,44602532,151,44,
11,44602609,200,118,
11,44603066,261,147,
11,44603349,418,211,
11,44604024,91,13,
11,44604050,349,169,
11,44604125,34,5,
11,44604127,41,2,
11,44604311,98,22,
11,44604808,23,6,
11,44605169,116,38,
11,44605245,118,74,
11,44606184,936,899,
11,44606653,77,23,
11,44607403,127,65,
11,44607838,332,516,
11,44607961,163,98,
11,44608295,317,139,
11,44608312,122,21,
11,44608754,309,215,
11,44608840,92,54,
11,44609130,365,353,
11,44609154,46,39,
11,44609893,82,13,
11,44610468,268,23,
11,44610925,74,30,
11,44611298,76,52,
11,44612023,179,86,
11,44612151,601,205,
11,44612313,165,97,27
11,44612487,860,507,
11,44612643,102,36,
11,44612736,49,58,
11,44613268,101,86,
11,44613361,31,20,
11,44613419,77,75,
11,44613438,169,40,
11,44613486,191,58,
11,44613594,19,3,
11,44613625,492,309,
11,44613791,75,132,
11,44613840,476,698,
11,44613901,17,15,
11,44614370,431,132,
11,44614372,79,17,
11,44614510,74,11,
11,44614747,34,10,
11,44614837,35,51,
11,44615033,135,123,
11,44615801,570,215,
11,44615862,17,5,
11,44616158,60,32,
11,44616405,66,4,
11,44616479,523,397,
11,44616688,60,31,
11,44618335,208,187,
11,44618509,63,9,
11,44618535,256,442,
11,44618687,360,120,
11,44619020,38,2,
11,44619206,452,265,
11,44619258,41,106,
11,44619485,55,11,
11,44619709,97,68,
11,44619835,63,15,
11,44620002,379,193,
11,44620020,71,115,
11,44620577,19,4,
11,44620606,204,616,
11,44621487,130,52,
11,44621712,8,1,
11,44622360,14,3,
11,44622454,205,94,
11,44622543,41,5,
11,44622608,415,24,
11,44622637,198,80,
11,44622953,413,789,
11,44622954,31,15,
11,44622973,152,31,
11,44622994,48,9,24
11,44622999,56,27,
11,44623207,420,256,
11,44623361,314,439,
11,44623581,207,33,
11,44623953,589,409,
11,44624114,254,179,
11,44625292,610,331,
11,44625360,85,14,
11,44625493,26,32,8
11,44625846,19,6,19
11,44626359,138,71,27
11,44626363,249,123,
11,44626807,17,2,
11,44627158,105,22,
11,44627211,89,38,
11,44627732,17,12,
11,44627793,166,90,
11,44627828,185,130,
11,44628082,132,76,
11,44628930,387,317,
11,44629074,148,193,
11,44629123,7,0,
11,44629134,334,295,
11,44629206,404,121,
11,44629299,211,99,
11,44629300,15,11,5
11,44629710,797,427,
11,44629805,90,42,5
11,44629962,91,25,
11,44630028,8,15,7
11,44630551,39,8,
11,44630648,203,86,
11,44630724,178,80,
11,44630760,174,528,
11,44630801,34,7,
11,44630901,70,46,
11,44630927,237,106,
11,44631042,153,49,
11,44631594,151,67,
11,44631934,10,6,
11,44632045,58,17,
11,44632218,22,1,
11,44632240,122,106,
11,44632314,16,6,
11,44632365,3,1,
11,44632739,20,3,29
11,44632904,13,4,
11,44633384,58,59,
11,44633933,245,51,
11,44634340,231,210,
11,44634756,31,9,18
11,44635075,21,34,
11,44635676,18,6,
11,44635745,547,419,
11,44635808,602,146,
11,44635867,193,186,
11,44635919,177,66,
11,44636204,243,108,
11,44636277,26,4,
11,44636691,136,36,
11,44636774,62,24,
11,44636850,48,8,
11,44636886,26,20,
11,44636896,116,76,
11,44637128,72,34,
11,44637151,105,51,
11,44637191,524,242,
11,44637352,521,148,
11,44637457,70,42,
11,44637464,46,3,
11,44637523,62,3,
11,44637635,41,34,
11,44637715,324,72,
11,44637716,159,49,
11,44637802,21,1,
11,44637815,84,45,
11,44638076,92,29,
11,44638300,148,65,
11,44638304,95,42,
11,44638509,171,299,
11,44638510,79,28,
11,44638580,501,292,
11,44638634,19,2,
11,44638689,75,27,
11,44638710,142,29,
11,44638948,88,129,
11,44639135,161,154,
11,44639421,130,52,
11,44639524,190,25,
11,44639802,24,3,
11,44639828,72,6,
11,44639880,30,10,
11,44640178,80,100,
11,44640233,45,89,
11,44640477,20,14,
11,44640525,20,2,
11,44640992,54,52,
11,44641021,16,2,
11,44641117,185,107,
11,44641464,271,203,
11,44641521,505,170,
11,44641669,130,111,
11,44641961,376,532,
11,44642349,258,164,
11,44642357,14,0,
11,44642796,145,74,
11,44642927,15,2,
11,44643055,117,10,
11,44643564,554,331,
11,44644404,48,29,
11,44644718,5,1,
11,44645353,766,460,
11,44645393,8,0,
11,44645597,79,31,
11,44645768,16,0,
11,44645796,11,0,
11,44645846,108,29,
11,44646065,126,13,
11,44646363,10,0,
11,44646780,23,12,
11,44646797,149,185,
11,44646801,401,233,
11,44646869,222,175,
11,44646901,170,57,
11,44646925,172,61,
11,44647112,612,860,
11,44647190,250,153,
11,44647504,25,3,
11,44647572,90,24,
11,44647600,59,13,
11,44647609,50,26,
11,44647632,29,32,
11,44647772,12,4,
11,44648144,218,333,
11,44648700,85,84,
11,44648725,5,0,
11,44648728,363,225,
11,44648772,152,110,
11,44648926,38,6,
11,44648957,37,9,
11,44649036,123,161,
11,44649115,25,10,
11,44649319,152,43,
11,44649531,15,0,
11,44649651,143,39,
11,44649653,107,29,
11,44649817,110,103,
11,44650567,121,67,
11,44650622,84,22,
11,44650694,69,82,
11,44650840,196,40,
11,44651024,74,34,
11,44651066,591,136,
11,44651092,327,122,
11,44651142,15,0,
11,44651485,296,359,
11,44651536,151,48,
11,44651539,309,66,
11,44651558,4,0,
11,44651616,172,174,
11,44651655,4,0,
11,44651686,37,0,
11,44651718,6,1,
11,44651744,8,2,
11,44651753,6,0,
11,44651766,269,182,
11,44651770,401,44,
11,44651904,7,0,
11,44652172,8,0,
11,44652187,6,0,
11,44652374,400,406,
11,44652482,64,51,
11,44653072,735,340,
11,44653136,194,41,21
11,44653246,5,1,
11,44653477,20,6,
11,44653586,77,34,
11,44653890,6,1,
11,44653965,282,58,
11,44653981,7,1,
11,44654022,81,18,
11,44654071,6,2,
11,44654299,82,13,
11,44654302,25,18,
11,44654423,8,0,
11,44654444,224,105,
11,44654494,137,70,
11,44654569,22,6,
11,44654770,25,8,
11,44654857,7,0,
11,44654936,4,0,
11,44655011,13,0,
11,44655128,80,13,
11,44655385,182,74,
11,44655492,7,1,
11,44655515,139,166,
11,44655565,288,79,
11,44655600,94,85,
11,44655632,83,67,
11,44655660,66,39,
11,44655741,15,0,
11,44655742,30,33,
11,44655804,49,68,
11,44655921,173,189,
11,44656073,138,38,
11,44656105,114,25,
11,44656681,11,3,
11,44656840,7,3,
11,44656908,3,1,
11,44657188,4,0,
11,44657213,11,1,
11,44657291,283,287,
11,44657433,81,24,
11,44657527,18,3,
11,44657556,174,88,19
11,44657692,5,0,
11,44657727,358,147,
11,44658103,120,161,
11,44658213,12,18,
11,44658465,8,3,
11,44658770,117,97,
11,44658771,20,11,
11,44658772,24,9,
11,44658798,38,4,
11,44658820,92,41,
11,44658875,9,0,
11,44658908,558,416,26
11,44658909,146,37,
11,44658960,12,0,
11,44658973,73,17,
11,44658978,117,51,
11,44658988,17,6,
11,44659019,254,163,23
11,44659137,75,9,
11,44659251,213,227,25
11,44659261,12,0,
11,44659291,7,0,
11,44659432,13,0,
11,44659494,4,0,
11,44659547,40,6,
11,44659661,28,16,
11,44659676,20,25,
11,44659712,86,65,
11,44659765,27,1,
11,44659822,280,175,
11,44659921,297,161,13
11,44660041,34,6,
11,44660177,15,3,
11,44660323,317,422,10
11,44660341,24,5,
11,44660437,268,177,14
11,44660439,33,53,
11,44660484,6,1,
11,44660519,535,252,
11,44660675,9,8,
11,44660736,87,25,
11,44660788,27,9,
11,44661053,15,0,
11,44661284,13,1,
11,44661347,7,0,
11,44661402,5,0,
11,44661527,82,5,
11,44661568,8,3,
11,44661571,5,0,
11,44661607,80,10,
11,44661682,337,136,7
11,44661744,4,0,
11,44661785,75,18,
11,44661828,6,0,
11,44661831,9,1,
11,44661846,778,130,1
11,44661862,86,8,
11,44661906,10,2,
11,44661944,7,1,
11,44662037,32,16,
11,44662045,22,1,
11,44662110,5,0,
11,44662167,5,0,
11,44662260,15,1,
11,44662280,16,6,
11,44662295,11,0,
11,44662308,12,3,
11,44662364,12,2,
11,44662376,17,6,
11,44662378,5,1,
11,44662427,6,2,
11,44662452,4,2,
11,44662476,9,0,
11,44662497,140,30,
11,44662542,143,155,
11,44662548,19,0,
11,44662690,188,87,
11,44662757,296,215,28
11,44662825,9,1,
11,44662998,7,0,
11,44663003,257,234,
11,44663016,44,17,
11,44663072,22,2,
11,44663074,19,6,
11,44663084,7,0,
11,44663173,14,4,
11,44663216,9,2,
11,44663227,409,473,3
11,44663261,6,0,
11,44663329,17,2,
11,44663381,15,3,
11,44663546,39,1,
11,44663573,4,0,
11,44663608,8,2,
11,44663676,10,1,
11,44663684,149,21,15
11,44663704,4,0,
11,44663705,4,0,
11,44663804,3,0,
11,44663990,23,1,
11,44664176,14,2,
11,44664218,4,2,
11,44664322,10,2,
11,44664330,9,0,
11,44664628,20,1,
11,44664643,5,2,
11,44664669,5,4,
11,44664723,9,1,
11,44664782,11,0,
11,44664861,3,1,
11,44664873,727,182,10
11,44664875,14,1,
11,44664998,43,2,
11,44665020,3,0,
11,44665034,4,0,
11,44665070,25,20,
11,44665191,7,2,
11,44665352,11,1,
11,44665365,16,2,
11,44665373,282,140,16
11,44665450,9,1,
11,44665506,7,1,
11,44665525,8,4,
11,44665536,7,0,
11,44665569,3,0,
11,44665667,6,0,
11,44665704,47,18,
11,44665788,17,4,
11,44665815,205,30,2
11,44665845,65,49,
11,44665899,8,0,
11,44665928,72,95,
11,44665941,43,22,
11,44665984,98,28,30
11,44665993,5,0,
11,44666024,11,2,
11,44666157,301,385,6
11,44666176,10,6,
11,44666225,5,0,
11,44666305,7,0,
11,44666656,4,0,
11,44666719,7,2,
11,44666778,9,0,
11,44666827,3,0,
11,44666896,83,34,4
11,44667063,8,2,
11,44667191,9,2,
11,44667472,21,2,12
11,44667484,7,3,
11,44667548,12,0,
11,44667667,127,100,
11,44668842,13,0,
11,44669131,12,3,12
11,44669365,4,0,
12,44561328,360,301,
12,44561895,104,22,
12,44566748,202,135,
12,44567683,231,442,
12,44567857,1759,1625,
12,44568147,109,48,
12,44571692,154,26,
12,44572377,604,107,
12,44573887,221,42,
12,44576183,74,69,
12,44576312,212,114,
12,44577210,129,62,
12,44578070,218,145,
12,44578143,216,164,
12,44580567,158,182,
12,44581725,117,71,
12,44582662,191,65,
12,44582730,64,60,
12,44583316,195,30,
12,44584372,518,386,
12,44584414,98,40,
12,44584830,79,77,
12,44585370,71,40,
12,44586723,456,683,
12,44587116,301,232,
12,44590034,88,104,
12,44590391,117,30,
12,44590671,46,21,
12,44591305,307,24,
12,44591439,72,46,
12,44591605,217,71,18
12,44591775,174,70,
12,44592377,331,253,
12,44592413,443,104,
12,44592797,91,54,
12,44593628,83,3,
12,44593972,449,353,
12,44594156,657,146,
12,44594165,107,16,
12,44594486,50,47,
12,44594584,224,111,
12,44594808,561,173,
12,44595492,681,484,
12,44595824,100,83,
12,44597037,40,23,
12,44597727,54,11,
12,44598090,292,165,
12,44598578,91,48,
12,44599549,259,177,
12,44600043,33,6,
12,44600070,60,11,
12,44600594,308,198,
12,44600899,55,33,
12,44601023,446,198,
12,44601045,250,257,
12,44602227,36,5,
12,44602532,151,44,
12,44602609,200,118,
12,44603066,261,147,
12,44603349,418,211,
12,44604024,91,13,
12,44604050,349,169,
12,44604125,34,5,
12,44604127,41,2,
12,44604311,98,22,
12,44604808,23,6,
12,44605169,116,38,
12,44605245,118,74,
12,44606184,936,899,
12,44606653,77,23,
12,44607403,127,65,
12,44607838,332,516,
12,44607961,163,98,
12,44608295,317,139,
12,44608312,122,21,
12,44608754,309,216,
12,44608840,92,54,
12,44608856,237,133,
12,44609130,365,353,
12,44609154,46,39,
12,44609893,82,13,
12,44610468,268,23,
12,44610925,74,30,
12,44611298,76,52,
12,44612023,179,86,
12,44612151,601,205,
12,44612313,173,102,27
12,44612487,860,507,
12,44612643,102,36,
12,44612736,49,58,
12,44613268,102,86,
12,44613361,31,20,
12,44613419,77,75,
12,44613438,171,40,
12,44613486,191,58,
12,44613594,19,3,
12,44613625,492,309,
12,44613791,75,132,
12,44613840,476,698,
12,44613901,17,15,
12,44614370,431,132,
12,44614372,79,17,
12,44614510,74,11,
12,44614747,34,10,
12,44614837,35,51,
12,44615033,135,123,
12,44615801,570,215,
12,44615862,17,5,
12,44616158,60,32,
12,44616405,66,4,
12,44616479,523,397,
12,44616688,60,31,
12,44618335,208,187,
12,44618509,63,9,
12,44618535,256,442,
12,44618687,360,120,
12,44619020,38,2,
12,44619206,452,265,
12,44619258,41,106,
12,44619485,55,11,
12,44619709,97,68,
12,44619835,63,15,
12,44620002,379,193,
12,44620020,71,121,
12,44620577,19,4,
12,44620606,204,616,
12,44621487,130,52,
12,44621712,8,1,
12,44622360,14,3,
12,44622454,205,94,
12,44622543,41,5,
12,44622608,415,24,
12,44622637,198,80,
12,44622953,413,789,
12,44622954,33,15,
12,44622973,152,31,
12,44622994,49,10,27
12,44622999,56,27,
12,44623207,420,256,
12,44623361,314,439,
12,44623581,207,33,
12,44623953,589,410,
12,44624114,254,179,
12,44625292,610,331,
12,44625360,85,14,
12,44625493,33,41,12
12,44625846,22,8,23
12,44626359,142,72,
12,44626363,249,123,
12,44626807,17,2,
12,44627158,105,22,
12,44627211,89,38,
12,44627732,17,13,
12,44627793,166,90,
12,44627828,185,130,
12,44628082,132,76,
12,44628930,387,317,
12,44629074,148,195,
12,44629123,7,0,
12,44629134,334,295,
12,44629206,404,121,
12,44629299,211,99,
12,44629300,24,25,6
12,44629710,798,427,
12,44629805,101,49,8
12,44629962,91,25,
12,44630028,10,16,17
12,44630551,39,8,
12,44630648,203,86,
12,44630724,178,80,
12,44630760,174,536,
12,44630801,34,7,
12,44630901,73,46,
12,44630927,237,106,
12,44631042,154,49,
12,44631594,151,67,
12,44631934,10,6,
12,44632045,58,17,
12,44632218,22,1,
12,44632240,122,106,
12,44632314,29,12,18
12,44632365,3,1,
12,44632739,22,3,
12,44632904,13,4,
12,44633384,58,59,
12,44633933,245,51,
12,44634340,231,211,
12,44634756,39,14,24
12,44635075,21,34,
12,44635676,18,6,
12,44635745,547,420,
12,44635808,602,146,
12,44635867,193,186,
12,44635919,177,66,
12,44636204,243,108,
12,44636277,26,4,
12,44636691,136,36,
12,44636774,62,24,
12,44636850,48,8,
12,44636886,26,20,
12,44636896,116,76,
12,44637128,72,34,
12,44637151,105,51,
12,44637191,524,242,
12,44637352,521,148,
12,44637457,70,42,
12,44637464,46,3,
12,44637523,62,3,
12,44637635,41,34,
12,44637715,324,72,
12,44637716,159,49,
12,44637802,21,1,
12,44637815,84,45,
12,44638076,92,29,
12,44638300,148,65,
12,44638304,96,44,
12,44638509,172,299,
12,44638510,79,28,
12,44638580,501,292,
12,44638634,19,2,
12,44638689,75,27,
12,44638710,142,29,
12,44638948,88,129,
12,44639135,161,154,
12,44639421,130,52,
12,44639524,190,25,
12,44639802,24,3,
12,44639828,74,6,
12,44639880,30,11,
12,44640178,80,100,
12,44640233,45,89,
12,44640477,20,14,
12,44640525,20,2,
12,44640992,54,53,
12,44641021,16,2,
12,44641117,185,107,
12,44641464,271,203,
12,44641521,505,170,
12,44641669,130,111,
12,44641961,377,532,
12,44642349,258,164,
12,44642357,14,0,
12,44642796,145,74,
12,44642927,15,2,
12,44643055,117,10,
12,44643564,554,331,
12,44644404,48,29,
12,44644718,5,1,
12,44645353,766,461,
12,44645393,8,0,
12,44645597,79,31,
12,44645768,16,0,
12,44645796,11,0,
12,44645846,108,29,
12,44646065,126,13,
12,44646363,10,0,
12,44646780,23,12,
12,44646801,401,233,
12,44646869,222,175,
12,44646901,170,57,
12,44646925,172,61,
12,44647112,612,860,
12,44647190,251,157,
12,44647504,25,3,
12,44647572,90,24,
12,44647600,59,13,
12,44647609,50,26,
12,44647632,29,32,
12,44647772,12,4,
12,44648144,218,334,
12,44648700,85,84,
12,44648725,5,0,
12,44648728,363,225,
12,44648772,152,110,
12,44648926,38,6,
12,44648957,37,9,
12,44649036,123,161,
12,44649115,25,10,
12,44649319,153,43,
12,44649531,15,0,
12,44649651,143,39,
12,44649653,107,29,
12,44649817,110,103,
12,44650567,121,67,
12,44650622,85,22,
12,44650694,69,82,
12,44650840,196,40,
12,44651024,74,34,
12,44651066,592,136,
12,44651092,327,123,
12,44651142,15,0,
12,44651485,296,359,
12,44651536,152,48,
12,44651539,309,66,
12,44651558,4,0,
12,44651616,172,174,
12,44651655,4,0,
12,44651686,37,0,
12,44651718,6,1,
12,44651744,8,2,
12,44651753,6,0,
12,44651766,269,182,
12,44651770,401,44,
12,44651904,7,0,
12,44652172,8,0,
12,44652187,6,0,
12,44652374,401,407,
12,44652482,64,51,
12,44653072,735,340,
12,44653136,203,51,21
12,44653246,5,1,
12,44653586,77,34,
12,44653890,6,1,
12,44653965,282,58,
12,44653981,7,1,
12,44654022,81,18,
12,44654071,6,2,
12,44654299,82,13,
12,44654302,25,18,
12,44654423,8,0,
12,44654444,224,105,
12,44654494,137,70,
12,44654569,22,6,
12,44654770,25,8,
12,44654857,7,0,
12,44654936,4,0,
12,44655128,81,13,
12,44655385,182,74,
12,44655492,7,1,
12,44655515,139,169,
12,44655565,288,79,
12,44655600,94,85,
12,44655632,83,67,
12,44655660,66,39,
12,44655741,15,0,
12,44655742,30,33,
12,44655804,50,68,
12,44655921,174,190,
12,44656073,138,38,
12,44656105,114,25,
12,44656681,11,3,
12,44656840,7,3,
12,44656908,3,1,
12,44657188,4,0,
12,44657213,11,1,
12,44657291,284,287,
12,44657433,81,25,
12,44657527,18,3,
12,44657556,182,93,17
12,44657692,6,0,
12,44657727,358,147,
12,44658103,120,161,
12,44658213,12,18,
12,44658465,8,3,
12,44658770,117,98,
12,44658771,20,11,
12,44658772,24,9,
12,44658798,38,4,
12,44658820,92,41,
12,44658908,567,421,30
12,44658909,146,37,
12,44658960,12,0,
12,44658973,74,17,
12,44658978,118,51,
12,44659019,258,165,25
12,44659137,75,9,
12,44659251,226,234,25
12,44659261,12,0,
12,44659291,7,0,
12,44659432,13,0,
12,44659494,4,0,
12,44659547,40,6,
12,44659661,28,17,
12,44659676,20,25,
12,44659712,89,66,
12,44659765,27,1,
12,44659822,280,175,
12,44659921,301,162,14
12,44660041,34,6,
12,44660177,15,3,
12,44660323,336,437,12
12,44660341,24,5,
12,44660437,270,180,16
12,44660439,33,54,
12,44660484,6,1,
12,44660519,537,254,
12,44660675,9,8,
12,44660736,87,26,
12,44660788,27,9,
12,44661053,15,0,
12,44661284,13,2,
12,44661402,5,0,
12,44661527,83,5,
12,44661568,8,3,
12,44661571,5,0,
12,44661607,80,10,
12,44661682,349,143,10
12,44661744,4,0,
12,44661785,75,18,
12,44661828,6,0,
12,44661831,9,1,
12,44661846,822,134,2
12,44661862,87,8,
12,44661906,10,2,
12,44661944,7,1,
12,44662037,32,16,
12,44662045,22,1,
12,44662110,5,0,
12,44662167,5,0,
12,44662260,15,1,
12,44662280,16,6,
12,44662295,11,0,
12,44662308,12,3,
12,44662364,12,2,
12,44662376,17,6,
12,44662378,5,1,
12,44662427,6,2,
12,44662452,4,2,
12,44662476,9,0,
12,44662497,141,32,
12,44662542,145,157,
12,44662548,19,0,
12,44662690,190,92,
12,44662757,297,218,
12,44662825,9,1,
12,44662998,7,0,
12,44663003,259,236,
12,44663016,45,17,
12,44663072,22,2,
12,44663074,19,6,
12,44663084,7,0,
12,44663173,14,4,
12,44663216,9,2,
12,44663227,448,510,3
12,44663261,6,0,
12,44663329,17,2,
12,44663381,16,4,
12,44663546,39,1,
12,44663573,4,0,
12,44663608,8,2,
12,44663676,10,1,
12,44663684,158,23,15
12,44663704,4,0,
12,44663705,4,0,
12,44663804,3,0,
12,44663990,23,1,
12,44664176,15,2,
12,44664218,4,2,
12,44664322,10,2,
12,44664330,10,0,
12,44664628,20,1,
12,44664643,5,2,
12,44664669,5,4,
12,44664723,10,1,
12,44664782,11,0,
12,44664861,3,1,
12,44664873,765,197,11
12,44664875,20,1,
12,44664998,45,2,
12,44665020,3,0,
12,44665034,4,0,
12,44665070,25,20,
12,44665191,7,2,
12,44665352,11,1,
12,44665365,18,3,
12,44665373,304,148,20
12,44665450,9,1,
12,44665506,7,1,
12,44665525,8,4,
12,44665536,7,0,
12,44665569,3,0,
12,44665667,6,0,
12,44665704,48,18,
12,44665788,17,5,
12,44665815,216,33,4
12,44665845,66,49,
12,44665899,8,0,
12,44665928,74,103,
12,44665941,44,22,
12,44665984,101,29,
12,44665993,5,0,
12,44666024,11,2,
12,44666157,341,430,9
12,44666176,10,6,
12,44666225,5,0,
12,44666305,7,0,
12,44666656,4,0,
12,44666719,7,2,
12,44666778,9,0,
12,44666827,3,0,
12,44666896,94,39,6
12,44667063,9,2,
12,44667191,9,2,
12,44667472,26,3,14
12,44667484,7,3,
12,44667548,13,0,
12,44667667,137,112,
12,44667975,3,0,
12,44668842,16,0,
12,44669131,12,5,18
12,44669365,27,7,1
12,44669368,37,14,2
12,44669602,5,1,
13,44561328,360,301,
13,44561895,104,22,
13,44566748,202,135,
13,44567683,231,442,
13,44567857,1759,1625,
13,44568147,109,48,
13,44571692,155,26,
13,44572377,604,107,
13,44573887,221,42,
13,44576183,74,69,
13,44576312,212,114,
13,44577210,129,62,
13,44578070,218,145,
13,44578143,216,164,
13,44580567,158,182,
13,44581725,117,71,
13,44582662,191,65,
13,44582730,64,60,
13,44583316,195,30,
13,44584372,518,386,
13,44584414,98,40,
13,44584830,79,77,
13,44585370,71,40,
13,44586723,456,683,
13,44587116,302,232,
13,44590034,88,104,
13,44590391,117,30,
13,44590671,46,21,
13,44591305,307,24,
13,44591439,72,46,
13,44591605,221,73,23
13,44591775,174,70,
13,44592377,331,253,
13,44592413,443,104,
13,44592797,91,54,
13,44593628,83,3,
13,44593972,449,353,
13,44594156,657,146,
13,44594165,107,16,
13,44594486,50,47,
13,44594584,224,111,
13,44594808,561,173,
13,44595492,681,484,
13,44595824,100,83,
13,44597037,40,23,
13,44597727,54,11,
13,44598090,292,165,
13,44598578,91,48,
13,44599549,259,177,
13,44600043,33,6,
13,44600070,60,11,
13,44600594,308,198,
13,44600899,55,33,
13,44601023,446,198,
13,44601045,250,257,
13,44602227,36,5,
13,44602532,151,44,
13,44602609,200,118,
13,44603066,261,147,
13,44603349,418,211,
13,44604024,91,13,
13,44604050,349,169,
13,44604125,34,5,
13,44604127,41,2,
13,44604311,98,22,
13,44604808,23,6,
13,44605169,116,38,
13,44605245,118,74,
13,44606184,936,899,
13,44606653,77,23,
13,44607403,127,65,
13,44607838,332,516,
13,44607961,163,98,
13,44608295,317,139,
13,44608312,122,21,
13,44608754,309,216,
13,44608840,92,54,
13,44608856,237,133,
13,44609130,365,353,
13,44609154,46,39,
13,44609893,82,13,
13,44610468,268,23,
13,44610925,74,30,
13,44611298,76,52,
13,44612023,179,86,
13,44612151,602,205,
13,44612313,179,119,
13,44612487,860,507,
13,44612643,102,36,
13,44612736,49,58,
13,44613268,102,86,
13,44613361,31,20,
13,44613419,77,75,
13,44613438,171,40,
13,44613486,191,58,
13,44613594,19,3,
13,44613625,492,309,
13,44613791,75,132,
13,44613840,476,698,
13,44613901,17,15,
13,44614370,431,132,
13,44614372,79,17,
13,44614510,74,11,
13,44614747,34,10,
13,44614837,35,51,
13,44615033,136,123,
13,44615801,570,215,
13,44615862,17,5,
13,44616158,60,32,
13,44616405,66,4,
13,44616479,523,397,
13,44616688,60,31,
13,44618335,209,187,
13,44618509,63,9,
13,44618535,256,442,
13,44618687,360,120,
13,44619020,38,2,
13,44619206,452,265,
13,44619258,41,106,
13,44619485,55,11,
13,44619709,97,68,
13,44619835,63,15,
13,44620002,379,193,
13,44620020,72,123,
13,44620577,19,4,
13,44620606,204,616,
13,44621487,130,52,
13,44621712,8,1,
13,44622360,14,3,
13,44622454,205,94,
13,44622543,41,5,
13,44622608,415,24,
13,44622637,199,80,
13,44622953,413,789,
13,44622954,33,16,
13,44622973,152,31,
13,44622994,49,10,
13,44622999,56,27,
13,44623207,420,256,
13,44623361,315,439,
13,44623581,207,33,
13,44623953,590,410,
13,44624114,254,179,
13,44625292,610,331,
13,44625360,85,14,
13,44625493,34,42,
13,44625846,33,14,20
13,44626359,142,73,
13,44626363,249,123,
13,44626807,17,2,
13,44627158,105,22,
13,44627211,89,38,
13,44627732,17,13,
13,44627793,166,90,
13,44627828,185,130,
13,44628082,132,76,
13,44628930,387,317,
13,44629074,148,195,
13,44629123,7,0,
13,44629134,334,295,
13,44629206,404,121,
13,44629299,211,99,
13,44629300,34,40,10
13,44629710,798,427,
13,44629805,113,55,12
13,44629962,91,25,
13,44630551,39,8,
13,44630648,203,86,
13,44630724,179,80,
13,44630760,174,536,
13,44630801,34,7,
13,44630901,73,47,
13,44630927,237,106,
13,44631042,155,49,
13,44631594,151,67,
13,44631934,10,6,
13,44632045,58,17,
13,44632218,22,1,
13,44632240,122,106,
13,44632314,51,21,13
13,44632365,3,1,
13,44632739,22,5,
13,44632904,13,4,
13,44633384,58,59,
13,44633933,246,51,
13,44634340,232,211,
13,44634756,46,15,24
13,44635075,22,34,
13,44635676,18,6,
13,44635745,548,420,
13,44635808,603,146,
13,44635867,193,186,
13,44635919,177,66,
13,44636204,243,108,
13,44636240,9,2,10
13,44636277,26,4,
13,44636691,136,36,
13,44636774,62,24,
13,44636850,48,8,
13,44636886,26,20,
13,44636896,116,76,
13,44637128,72,34,
13,44637151,105,51,
13,44637191,525,242,
13,44637352,521,148,
13,44637457,70,42,
13,44637464,46,3,
13,44637523,62,3,
13,44637635,41,34,
13,44637715,326,72,
13,44637716,159,49,
13,44637802,21,1,
13,44637815,84,45,
13,44638076,92,29,
13,44638300,148,65,
13,44638304,96,44,
13,44638509,172,299,
13,44638510,79,28,
13,44638580,501,292,
13,44638634,19,2,
13,44638689,75,27,
13,44638710,143,29,
13,44638948,89,129,
13,44639135,161,154,
13,44639421,130,52,
13,44639524,190,25,
13,44639802,24,3,
13,44639828,75,6,
13,44639880,31,11,
13,44640178,80,100,
13,44640233,45,89,
13,44640477,20,14,
13,44640525,20,2,
13,44640992,54,53,
13,44641021,16,2,
13,44641117,185,107,
13,44641464,271,203,
13,44641521,505,171,
13,44641669,130,111,
13,44641961,377,532,
13,44642349,258,164,
13,44642357,14,0,
13,44642796,145,74,
13,44642927,15,2,
13,44643055,117,10,
13,44643564,555,331,
13,44644404,48,29,
13,44644718,5,1,
13,44645353,767,461,
13,44645393,8,0,
13,44645597,79,31,
13,44645768,16,0,
13,44645796,11,0,
13,44645846,108,29,
13,44646065,126,13,
13,44646363,10,0,
13,44646780,23,12,
13,44646801,403,233,
13,44646869,223,176,
13,44646901,171,57,
13,44646925,173,61,
13,44647112,612,860,
13,44647190,252,158,
13,44647504,25,3,
13,44647572,90,24,
13,44647600,59,13,
13,44647609,50,26,
13,44647632,29,32,
13,44647772,12,4,
13,44648144,218,335,
13,44648700,85,84,
13,44648725,5,0,
13,44648728,364,225,
13,44648772,152,110,
13,44648926,38,6,
13,44648957,37,9,
13,44649036,123,161,
13,44649115,25,10,
13,44649319,153,43,
13,44649531,15,0,
13,44649651,143,39,
13,44649653,107,29,
13,44649817,110,103,
13,44650567,121,67,
13,44650622,86,22,
13,44650694,69,82,
13,44650840,196,40,
13,44651024,74,34,
13,44651066,593,136,
13,44651092,327,123,
13,44651142,15,0,
13,44651485,297,360,
13,44651536,152,48,
13,44651539,310,66,
13,44651558,4,0,
13,44651616,172,174,
13,44651655,4,0,
13,44651686,37,0,
13,44651718,6,1,
13,44651744,8,2,
13,44651753,6,0,
13,44651766,269,182,
13,44651770,401,44,
13,44651904,7,0,
13,44652172,8,0,
13,44652187,6,0,
13,44652374,401,407,
13,44652482,64,51,
13,44653072,736,340,
13,44653136,218,54,26
13,44653246,5,1,
13,44653586,77,34,
13,44653890,6,1,
13,44653965,282,58,
13,44653981,7,1,
13,44654022,81,18,
13,44654071,6,2,
13,44654299,82,13,
13,44654302,25,18,
13,44654423,8,0,
13,44654444,224,105,
13,44654494,137,70,
13,44654569,22,6,
13,44654770,25,8,
13,44654857,7,0,
13,44654936,4,0,
13,44655128,81,13,
13,44655385,183,74,
13,44655492,7,1,
13,44655515,140,170,
13,44655565,288,80,
13,44655600,94,85,
13,44655632,83,67,
13,44655741,15,0,
13,44655742,30,33,
13,44655804,50,69,
13,44655921,174,192,
13,44656073,139,39,
13,44656105,114,25,
13,44656681,11,3,
13,44656840,7,3,
13,44656908,3,1,
13,44657188,4,0,
13,44657213,11,1,
13,44657291,286,287,
13,44657433,81,25,
13,44657527,18,3,
13,44657556,196,102,25
13,44657692,8,0,
13,44657727,358,147,
13,44658103,121,161,
13,44658213,12,19,
13,44658465,8,3,
13,44658770,117,99,
13,44658771,20,11,
13,44658772,24,9,
13,44658798,38,4,
13,44658820,92,42,
13,44658908,572,426,
13,44658909,147,37,
13,44658960,12,0,
13,44658973,74,17,
13,44658978,120,51,
13,44659019,259,166,
13,44659137,75,9,
13,44659251,233,245,
13,44659291,7,0,
13,44659432,13,0,
13,44659494,4,0,
13,44659547,41,6,
13,44659661,28,17,
13,44659676,20,25,
13,44659712,90,66,
13,44659765,27,1,
13,44659822,280,176,
13,44659921,310,163,21
13,44660041,34,6,
13,44660177,15,3,
13,44660323,354,463,16
13,44660341,24,5,
13,44660437,276,183,27
13,44660439,33,54,
13,44660484,7,1,
13,44660519,540,256,
13,44660675,9,8,
13,44660736,87,26,
13,44660788,27,9,
13,44661053,15,0,
13,44661284,13,2,
13,44661402,5,0,
13,44661527,83,5,
13,44661568,8,3,
13,44661571,5,0,
13,44661607,82,10,
13,44661682,354,145,15
13,44661744,4,0,
13,44661785,75,18,
13,44661828,6,0,
13,44661831,9,1,
13,44661846,846,139,6
13,44661862,87,8,
13,44661906,10,2,
13,44662037,32,16,
13,44662045,24,1,
13,44662260,15,1,
13,44662280,16,6,
13,44662295,11,0,
13,44662308,12,3,
13,44662364,12,2,
13,44662376,18,6,
13,44662378,5,1,
13,44662427,6,2,
13,44662452,4,2,
13,44662476,9,0,
13,44662497,142,33,
13,44662542,145,163,
13,44662548,19,0,
13,44662690,191,92,
13,44662757,298,220,
13,44662825,9,1,
13,44662998,7,0,
13,44663003,259,237,
13,44663016,48,18,
13,44663072,23,2,
13,44663074,19,6,
13,44663084,7,0,
13,44663173,14,4,
13,44663216,9,2,
13,44663227,478,553,7
13,44663261,6,0,
13,44663329,17,2,
13,44663381,16,4,
13,44663546,40,1,
13,44663573,4,0,
13,44663608,8,2,
13,44663676,10,1,
13,44663684,174,24,19
13,44663704,4,0,
13,44663705,4,0,
13,44663804,3,0,
13,44663990,23,1,
13,44664176,17,3,
13,44664218,4,2,
13,44664322,10,2,
13,44664330,10,0,
13,44664628,20,1,
13,44664643,5,2,
13,44664669,5,4,
13,44664723,10,1,
13,44664782,11,0,
13,44664861,3,1,
13,44664873,812,210,18
13,44664875,21,2,
13,44664998,45,2,
13,44665020,3,0,
13,44665034,4,0,
13,44665070,26,21,
13,44665191,7,2,
13,44665352,11,1,
13,44665365,20,3,
13,44665373,323,162,27
13,44665450,9,1,
13,44665506,7,1,
13,44665525,8,5,
13,44665536,8,0,
13,44665569,3,0,
13,44665667,6,0,
13,44665704,49,19,
13,44665788,19,5,
13,44665815,221,33,8
13,44665845,66,54,
13,44665899,8,0,
13,44665928,74,111,
13,44665941,47,25,
13,44665984,103,29,
13,44665993,5,0,
13,44666024,11,2,
13,44666157,367,481,14
13,44666176,10,6,
13,44666225,5,0,
13,44666305,7,0,
13,44666656,4,0,
13,44666719,7,2,
13,44666778,9,0,
13,44666827,3,0,
13,44666896,105,45,10
13,44667063,10,2,
13,44667191,9,2,
13,44667472,31,3,22
13,44667484,7,3,
13,44667548,14,0,
13,44667667,147,124,
13,44667975,3,0,
13,44668654,3,0,
13,44668842,19,0,
13,44668910,4,0,
13,44669131,14,5,
13,44669214,3,0,
13,44669318,5,0,20
13,44669365,45,24,2
13,44669368,61,39,4
13,44669393,3,0,16
13,44669496,6,1,
13,44669589,3,0,
13,44669602,7,1,
13,44669610,5,0,
13,44669680,5,0,
13,44669810,6,1,
13,44669853,82,69,1
13,44669858,48,28,2
13,44669998,22,13,1
13,44670315,6,0,17
13,44670338,5,1,
14,44561328,360,301,
14,44561895,104,22,
14,44566748,202,135,
14,44567683,231,442,
14,44567857,1759,1625,
14,44568147,109,48,
14,44571692,155,26,
14,44573887,221,42,
14,44576183,74,69,
14,44576312,212,114,
14,44577210,129,62,
14,44578070,218,145,
14,44578143,216,164,
14,44580567,158,182,
14,44581725,117,71,
14,44582662,191,65,
14,44582730,64,61,
14,44583316,195,30,
14,44584372,518,386,
14,44584414,98,40,
14,44584830,79,77,
14,44585370,71,40,
14,44586723,456,683,
14,44587116,302,232,
14,44590034,88,104,
14,44590391,117,30,
14,44590671,46,21,
14,44591305,307,24,
14,44591439,72,46,
14,44591605,225,76,25
14,44591775,175,70,
14,44592377,331,253,
14,44592413,443,104,
14,44592797,91,54,
14,44593628,83,3,
14,44594156,658,146,
14,44594165,107,16,
14,44594486,50,47,
14,44594584,224,111,
14,44594808,562,173,
14,44595492,682,484,
14,44595824,100,83,
14,44597037,40,23,
14,44597727,54,11,
14,44598090,292,165,
14,44598578,91,48,
14,44599549,259,177,
14,44600043,33,6,
14,44600070,60,11,
14,44600594,308,198,
14,44600899,55,33,
14,44601023,446,198,
14,44601045,250,257,
14,44602227,36,5,
14,44602532,151,44,
14,44602609,200,118,
14,44603066,261,147,
14,44603349,418,211,
14,44604024,91,13,
14,44604050,349,169,
14,44604125,34,5,
14,44604127,41,2,
14,44604311,98,22,
14,44604808,23,6,
14,44605169,116,38,
14,44605245,118,74,
14,44606184,936,899,
14,44606653,77,23,
14,44607403,127,65,
14,44607838,332,516,
14,44607961,163,98,
14,44608295,317,139,
14,44608312,122,21,
14,44608754,309,216,
14,44608840,92,54,
14,44609130,365,353,
14,44609154,46,39,
14,44609893,82,13,
14,44610468,268,23,
14,44610925,74,30,
14,44611298,76,52,
14,44612023,179,86,
14,44612151,602,205,
14,44612313,186,129,
14,44612487,861,507,
14,44612643,102,36,
14,44612736,49,60,
14,44613268,102,87,
14,44613361,31,20,
14,44613419,77,75,
14,44613438,171,40,
14,44613594,19,3,
14,44613625,492,309,
14,44613791,76,132,
14,44613840,476,698,
14,44613901,17,15,
14,44614370,431,132,
14,44614372,79,17,
14,44614510,74,11,
14,44614747,34,10,
14,44614837,35,51,
14,44615033,136,123,
14,44615801,570,215,
14,44615862,17,5,
14,44616158,60,32,
14,44616405,66,4,
14,44616479,523,397,
14,44616688,60,31,
14,44618335,209,187,
14,44618509,63,9,
14,44618535,256,442,
14,44618687,360,120,
14,44619020,38,2,
14,44619206,452,265,
14,44619258,41,106,
14,44619485,55,11,
14,44619709,97,68,
14,44619835,63,15,
14,44620002,379,193,
14,44620020,73,123,
14,44620577,19,4,
14,44620606,204,616,
14,44621487,130,52,
14,44621712,8,1,
14,44622360,14,3,
14,44622454,205,94,
14,44622543,41,5,
14,44622608,415,24,
14,44622637,199,81,
14,44622953,413,789,
14,44622954,33,16,
14,44622973,153,31,
14,44622994,50,10,
14,44622999,56,27,
14,44623207,420,256,
14,44623361,315,439,
14,44623581,207,33,
14,44623953,590,410,
14,44624114,254,179,
14,44625292,610,331,
14,44625360,85,14,
14,44625493,34,43,
14,44625846,37,15,22
14,44626359,145,76,
14,44626363,249,124,
14,44626807,17,2,
14,44627158,105,22,
14,44627211,89,38,
14,44627732,17,13,
14,44627793,166,90,
14,44628082,132,76,
14,44628930,387,317,
14,44629074,148,193,
14,44629123,7,0,
14,44629134,334,295,
14,44629206,405,121,
14,44629299,211,100,
14,44629300,39,46,11
14,44629710,799,427,
14,44629805,125,59,13
14,44629962,91,25,
14,44630551,39,8,
14,44630648,203,86,
14,44630724,179,80,
14,44630760,174,537,
14,44630801,35,7,
14,44630901,73,49,
14,44630927,237,106,
14,44631042,156,51,
14,44631594,151,67,
14,44631934,10,6,
14,44632045,59,17,
14,44632218,22,1,
14,44632240,122,106,
14,44632314,91,28,9
14,44632365,3,1,
14,44632739,22,5,
14,44632890,3,0,20
14,44632904,13,4,
14,44633384,58,59,
14,44633933,246,52,
14,44634340,232,211,
14,44634756,47,17,29
14,44635075,22,33,
14,44635676,18,6,
14,44635745,548,420,
14,44635808,603,146,
14,44635867,193,186,
14,44635919,177,66,
14,44636204,243,108,
14,44636240,30,6,8
14,44636277,26,4,
14,44636691,136,36,
14,44636774,62,24,
14,44636850,48,8,
14,44636886,26,20,
14,44636896,116,76,
14,44637128,73,34,
14,44637151,105,51,
14,44637191,525,242,
14,44637352,521,148,
14,44637464,46,3,
14,44637523,62,3,
14,44637635,41,34,
14,44637715,326,72,
14,44637716,159,49,
14,44637802,21,1,
14,44637815,84,45,
14,44638076,92,29,
14,44638300,148,65,
14,44638304,96,44,
14,44638509,172,299,
14,44638510,79,28,
14,44638580,501,293,
14,44638634,19,2,
14,44638689,75,27,
14,44638710,143,29,
14,44638948,89,129,
14,44639135,161,154,
14,44639421,130,52,
14,44639524,190,25,
14,44639802,24,3,
14,44639828,75,6,
14,44639880,31,11,
14,44640178,80,100,
14,44640233,45,89,
14,44640477,20,14,
14,44640525,20,2,
14,44640992,54,54,
14,44641021,16,2,
14,44641117,185,107,
14,44641464,271,203,
14,44641521,505,171,
14,44641669,130,111,
14,44641961,377,532,
14,44642349,258,164,
14,44642357,14,0,
14,44642796,145,74,
14,44642927,15,2,
14,44643055,117,10,
14,44643564,555,331,
14,44644404,48,29,
14,44644718,5,1,
14,44645353,767,461,
14,44645393,8,0,
14,44645597,80,31,
14,44645768,16,0,
14,44645796,11,0,
14,44645846,108,29,
14,44646065,126,13,
14,44646363,10,0,
14,44646780,23,12,
14,44646801,403,233,
14,44646869,223,176,
14,44646901,171,57,
14,44646925,173,61,
14,44647112,612,860,
14,44647190,252,158,
14,44647572,90,24,
14,44647600,59,13,
14,44647609,50,26,
14,44647632,29,31,
14,44647772,12,4,
14,44648144,218,335,
14,44648700,85,84,
14,44648725,5,0,
14,44648728,364,226,
14,44648772,152,110,
14,44648926,38,6,
14,44648957,37,9,
14,44649036,123,161,
14,44649115,25,10,
14,44649319,153,43,
14,44649531,15,0,
14,44649651,143,39,
14,44649653,107,29,
14,44649817,110,103,
14,44650567,121,67,
14,44650622,86,22,
14,44650694,69,82,
14,44650840,196,40,
14,44651024,74,34,
14,44651066,593,136,
14,44651092,327,123,
14,44651142,15,0,
14,44651485,297,360,
14,44651536,152,48,
14,44651539,310,66,
14,44651616,172,175,
14,44651686,37,0,
14,44651718,6,1,
14,44651744,8,2,
14,44651753,6,0,
14,44651766,269,182,
14,44651770,402,44,
14,44651904,7,0,
14,44652172,8,0,
14,44652187,6,0,
14,44652374,401,409,
14,44652482,64,51,
14,44653072,737,340,
14,44653136,231,57,27
14,44653246,5,1,
14,44653586,77,34,
14,44653890,6,1,
14,44653965,282,58,
14,44653981,7,1,
14,44654022,81,18,
14,44654071,6,2,
14,44654299,83,13,
14,44654302,25,18,
14,44654423,8,0,
14,44654444,226,106,
14,44654494,137,70,
14,44654569,22,6,
14,44654770,25,8,
14,44654857,7,0,
14,44654936,4,0,
14,44655128,81,13,
14,44655385,183,74,
14,44655492,7,1,
14,44655515,140,170,
14,44655565,289,81,
14,44655600,94,87,
14,44655632,83,67,
14,44655741,15,0,
14,44655742,30,33,
14,44655804,50,70,
14,44655921,174,193,
14,44656073,139,39,
14,44656105,114,25,
14,44656681,11,3,
14,44656840,7,3,
14,44656908,3,1,
14,44657188,5,0,
14,44657213,11,1,
14,44657291,286,287,
14,44657433,81,25,
14,44657527,18,3,
14,44657556,196,103,
14,44657692,8,0,
14,44657727,358,147,
14,44658103,121,162,
14,44658213,13,20,
14,44658465,8,3,
14,44658770,117,99,
14,44658771,20,11,
14,44658772,24,9,
14,44658798,38,4,
14,44658820,92,42,
14,44658908,578,428,
14,44658909,149,37,
14,44658960,12,0,
14,44658973,74,18,
14,44658978,120,51,
14,44659019,261,168,
14,44659137,75,9,
14,44659251,235,254,
14,44659291,7,0,
14,44659432,13,0,
14,44659494,4,0,
14,44659547,41,6,
14,44659661,28,17,
14,44659676,20,25,
14,44659712,90,66,
14,44659765,27,1,
14,44659822,281,177,
14,44659921,316,164,22
14,44660041,34,6,
14,44660177,15,3,
14,44660323,366,479,17
14,44660341,24,5,
14,44660437,279,185,28
14,44660439,33,55,
14,44660484,7,1,
14,44660519,544,259,
14,44660675,9,8,
14,44660736,87,26,
14,44660788,27,9,
14,44661053,15,0,
14,44661284,13,2,
14,44661402,5,0,
14,44661527,84,5,
14,44661568,8,3,
14,44661571,5,0,
14,44661607,82,10,
14,44661682,360,150,16
14,44661744,5,0,
14,44661785,76,18,
14,44661828,6,0,
14,44661831,10,1,
14,44661846,864,145,5
14,44661862,88,8,
14,44661906,10,2,
14,44662037,33,16,
14,44662045,24,1,
14,44662260,15,1,
14,44662280,16,6,
14,44662295,11,0,
14,44662308,12,3,
14,44662364,12,2,
14,44662376,18,6,
14,44662476,9,0,
14,44662497,143,33,
14,44662542,146,169,
14,44662548,19,0,
14,44662690,192,92,
14,44662757,300,221,
14,44662825,9,1,
14,44662998,7,0,
14,44663003,262,240,
14,44663016,49,18,
14,44663072,23,2,
14,44663074,19,6,
14,44663084,7,0,
14,44663173,14,4,
14,44663216,9,2,
14,44663227,528,602,6
14,44663261,6,0,
14,44663329,17,2,
14,44663381,17,4,
14,44663546,40,2,
14,44663573,4,0,
14,44663608,8,2,
14,44663676,10,1,
14,44663684,184,26,21
14,44663704,4,0,
14,44663705,4,0,
14,44663804,3,0,
14,44663990,23,1,
14,44664176,17,5,
14,44664218,4,3,
14,44664322,10,2,
14,44664330,10,0,
14,44664643,5,2,
14,44664669,5,4,
14,44664723,10,1,
14,44664782,11,0,
14,44664861,3,1,
14,44664873,840,217,20
14,44664875,21,2,
14,44664998,45,2,
14,44665020,3,0,
14,44665034,4,0,
14,44665070,29,22,
14,44665191,7,2,
14,44665352,11,1,
14,44665365,21,3,
14,44665373,344,175,30
14,44665450,9,1,
14,44665506,7,1,
14,44665525,9,5,
14,44665536,8,0,
14,44665569,3,0,
14,44665667,7,0,
14,44665704,49,19,
14,44665788,20,5,
14,44665815,235,35,7
14,44665845,66,57,
14,44665899,8,0,
14,44665928,74,122,
14,44665941,48,25,
14,44665984,104,30,
14,44665993,5,0,
14,44666024,11,2,
14,44666157,386,518,14
14,44666176,10,5,
14,44666225,5,0,
14,44666305,7,0,
14,44666656,5,0,
14,44666719,7,2,
14,44666778,9,0,
14,44666827,3,0,
14,44666896,107,53,10
14,44667063,10,2,
14,44667472,32,3,26
14,44667484,7,3,
14,44667548,14,0,
14,44667667,191,159,23
14,44667975,3,0,
14,44668654,4,0,
14,44668842,19,0,
14,44668910,5,0,
14,44669131,16,5,
14,44669214,3,0,
14,44669318,13,1,13
14,44669365,56,36,2
14,44669368,69,54,
14,44669393,4,0,
14,44669496,8,1,
14,44669589,3,0,
14,44669602,7,1,
14,44669610,7,1,
14,44669680,7,1,
14,44669810,7,1,
14,44669853,130,106,4
14,44669858,79,46,2
14,44669998,74,52,1
14,44670315,23,5,15
14,44670338,5,5,
14,44670374,7,0,
14,44670590,45,23,7
14,44670624,78,60,2
14,44670727,15,1,
14,44670878,8,3,
14,44671036,7,3,
14,44671284,3,0,
15,44561328,360,301,
15,44561895,104,22,
15,44566748,202,135,
15,44567683,231,442,
15,44567857,1759,1625,
15,44568147,109,48,
15,44571692,155,26,
15,44573887,221,42,
15,44576183,74,69,
15,44576312,212,114,
15,44577210,129,62,
15,44578070,218,145,
15,44578143,216,164,
15,44580567,158,182,
15,44581725,117,71,
15,44582662,191,65,
15,44582730,64,61,
15,44583316,195,30,
15,44584372,518,386,
15,44584414,98,40,
15,44584830,79,77,
15,44585370,71,40,
15,44586723,456,683,
15,44587116,302,232,
15,44590034,88,104,
15,44590391,117,30,
15,44590671,46,21,
15,44591305,307,24,
15,44591439,72,46,
15,44591605,231,80,28
15,44591775,175,70,
15,44592377,331,253,
15,44592413,443,104,
15,44592797,91,54,
15,44593628,83,3,
15,44594156,658,146,
15,44594165,107,16,
15,44594486,50,47,
15,44594584,224,111,
15,44594808,562,173,
15,44595492,683,484,
15,44595824,100,83,
15,44597037,40,23,
15,44597727,54,11,
15,44598090,292,165,
15,44598578,91,48,
15,44599549,259,177,
15,44600043,33,6,
15,44600070,60,11,
15,44600594,308,198,
15,44600899,55,33,
15,44601023,446,198,
15,44601045,250,257,
15,44602227,36,5,
15,44602532,151,44,
15,44602609,200,118,
15,44603066,261,147,
15,44603349,419,211,
15,44604024,91,13,
15,44604050,349,170,
15,44604125,34,5,
15,44604127,41,2,
15,44604311,98,22,
15,44604808,23,6,
15,44605169,116,38,
15,44605245,118,74,
15,44606184,936,899,
15,44606653,77,23,
15,44607403,127,65,
15,44607838,332,516,
15,44607961,163,98,
15,44608295,317,139,
15,44608312,122,21,
15,44608754,309,216,
15,44608840,92,54,
15,44609130,365,353,
15,44609154,46,39,
15,44609893,82,13,
15,44610468,268,23,
15,44610925,74,30,
15,44611298,76,52,
15,44612023,179,86,
15,44612151,602,205,
15,44612313,188,133,
15,44612487,862,507,
15,44612643,102,36,
15,44612736,49,60,
15,44613268,102,87,
15,44613361,31,20,
15,44613419,77,75,
15,44613438,171,42,
15,44613594,19,3,
15,44613625,492,309,
15,44613791,76,132,
15,44613840,476,698,
15,44613901,17,15,
15,44614370,431,132,
15,44614372,79,17,
15,44614510,74,11,
15,44614747,34,10,
15,44614837,35,51,
15,44615033,136,125,
15,44615801,570,215,
15,44615862,17,5,
15,44616158,60,32,
15,44616405,66,4,
15,44616479,523,397,
15,44616688,60,31,
15,44618335,210,187,
15,44618509,63,9,
15,44618535,256,442,
15,44618687,360,120,
15,44619020,38,2,
15,44619206,452,265,
15,44619258,41,107,
15,44619485,55,11,
15,44619709,97,68,
15,44619835,63,15,
15,44620002,379,193,
15,44620020,74,126,
15,44620577,19,4,
15,44620606,204,617,
15,44621487,130,52,
15,44621712,8,1,
15,44622360,14,3,
15,44622454,205,94,
15,44622543,41,5,
15,44622608,415,24,
15,44622637,199,82,
15,44622953,413,789,
15,44622954,33,16,
15,44622973,153,31,
15,44622994,52,11,
15,44622999,56,27,
15,44623207,420,256,
15,44623361,315,442,
15,44623581,207,33,
15,44623953,591,410,
15,44624114,254,179,
15,44625292,610,331,
15,44625360,85,14,
15,44625493,34,44,
15,44625846,43,20,24
15,44626359,148,77,
15,44626363,249,124,
15,44626807,17,2,
15,44627158,105,22,
15,44627211,89,38,
15,44627732,17,13,
15,44627793,166,90,
15,44628082,132,76,
15,44628930,387,317,
15,44629074,148,193,
15,44629123,7,0,
15,44629134,334,296,
15,44629206,405,121,
15,44629299,211,100,
15,44629300,43,56,17
15,44629710,799,427,
15,44629805,134,63,18
15,44629962,91,25,
15,44630551,39,8,
15,44630648,203,86,
15,44630724,179,80,
15,44630760,174,537,
15,44630801,35,7,
15,44630901,74,50,
15,44630927,237,106,
15,44631042,156,51,
15,44631594,151,67,
15,44631934,10,6,
15,44632045,59,21,
15,44632218,22,1,
15,44632240,122,106,
15,44632314,125,46,10
15,44632365,3,1,
15,44632739,22,5,
15,44632890,6,1,29
15,44632904,13,4,
15,44633384,58,59,
15,44633933,246,52,
15,44634208,26,3,6
15,44634340,233,211,
15,44634756,49,19,
15,44635075,22,33,
15,44635676,18,6,
15,44635745,548,421,
15,44635808,604,146,
15,44635867,193,186,
15,44635919,177,66,
15,44636204,243,108,
15,44636240,46,12,7
15,44636277,26,4,
15,44636691,136,36,
15,44636774,62,24,
15,44636850,48,8,
15,44636886,26,20,
15,44636896,116,76,
15,44637128,73,34,
15,44637151,105,51,
15,44637191,525,242,
15,44637352,521,148,
15,44637464,46,3,
15,44637523,62,3,
15,44637635,41,34,
15,44637715,326,72,
15,44637716,159,49,
15,44637802,21,1,
15,44637815,84,45,
15,44638076,92,29,
15,44638300,148,65,
15,44638304,96,44,
15,44638509,172,302,
15,44638510,79,28,
15,44638580,501,293,
15,44638634,19,2,
15,44638689,75,27,
15,44638710,143,29,
15,44638948,90,129,
15,44639135,161,154,
15,44639421,130,52,
15,44639524,190,25,
15,44639802,24,3,
15,44639828,77,6,
15,44639880,31,11,
15,44640178,80,100,
15,44640233,45,89,
15,44640477,20,14,
15,44640525,20,2,
15,44640992,54,55,
15,44641021,16,2,
15,44641117,185,107,
15,44641464,271,203,
15,44641521,505,171,
15,44641669,130,111,
15,44641961,378,534,
15,44642349,258,164,
15,44642357,14,0,
15,44642796,145,74,
15,44642927,15,2,
15,44643055,117,10,
15,44643564,555,331,
15,44644404,48,29,
15,44644718,5,1,
15,44645353,770,462,
15,44645597,80,31,
15,44645768,16,0,
15,44645796,11,0,
15,44645846,108,29,
15,44646065,126,13,
15,44646363,10,0,
15,44646780,23,12,
15,44646801,403,233,
15,44646869,223,176,
15,44646901,171,57,
15,44646925,175,61,
15,44647112,612,861,
15,44647190,252,158,
15,44647572,90,24,
15,44647600,59,13,
15,44647609,50,26,
15,44647632,29,31,
15,44647772,12,4,
15,44648144,218,337,
15,44648700,85,84,
15,44648725,5,0,
15,44648728,364,226,
15,44648772,152,110,
15,44648926,38,6,
15,44648957,37,9,
15,44649036,125,161,
15,44649115,25,10,
15,44649319,153,43,
15,44649531,15,0,
15,44649651,143,39,
15,44649653,107,29,
15,44649817,110,103,
15,44650567,122,67,
15,44650622,86,22,
15,44650694,69,82,
15,44650840,196,40,
15,44651024,74,34,
15,44651066,594,136,
15,44651092,327,123,
15,44651142,15,0,
15,44651485,297,360,
15,44651536,152,48,
15,44651539,310,66,
15,44651616,172,175,
15,44651686,37,0,
15,44651718,6,1,
15,44651744,8,2,
15,44651753,6,0,
15,44651766,269,182,
15,44651770,402,44,
15,44651904,7,0,
15,44652172,8,0,
15,44652187,6,0,
15,44652374,401,411,
15,44652482,64,51,
15,44653072,738,341,
15,44653136,242,60,27
15,44653246,5,1,
15,44653586,77,34,
15,44653890,6,1,
15,44653965,282,58,
15,44653981,7,1,
15,44654022,81,18,
15,44654071,6,2,
15,44654299,83,13,
15,44654302,25,18,
15,44654423,8,0,
15,44654444,226,106,
15,44654494,137,70,
15,44654569,22,6,
15,44654770,25,8,
15,44654857,7,0,
15,44654936,4,0,
15,44655128,81,13,
15,44655385,184,74,
15,44655492,7,1,
15,44655515,140,170,
15,44655565,290,83,
15,44655600,94,87,
15,44655632,84,67,
15,44655741,15,0,
15,44655742,30,33,
15,44655804,50,71,
15,44655921,174,194,
15,44656073,139,39,
15,44656105,114,25,
15,44656681,11,3,
15,44656840,7,3,
15,44656908,3,1,
15,44657188,5,0,
15,44657213,11,1,
15,44657291,286,287,
15,44657433,81,25,
15,44657527,18,3,
15,44657556,197,104,
15,44657692,8,0,
15,44657727,358,148,
15,44658103,121,162,
15,44658213,13,21,
15,44658465,8,3,
15,44658770,117,99,
15,44658771,20,11,
15,44658772,24,9,
15,44658798,38,4,
15,44658820,92,42,
15,44658908,581,429,
15,44658909,150,37,
15,44658960,12,0,
15,44658973,74,18,
15,44658978,121,53,
15,44659019,262,171,
15,44659137,76,9,
15,44659251,237,258,
15,44659291,7,0,
15,44659432,13,0,
15,44659494,4,0,
15,44659547,42,6,
15,44659661,29,17,
15,44659676,20,25,
15,44659712,90,66,
15,44659765,27,1,
15,44659822,281,177,
15,44659921,320,165,26
15,44660041,34,6,
15,44660177,15,3,
15,44660323,376,520,21
15,44660341,24,5,
15,44660437,284,189,30
15,44660439,33,55,
15,44660519,546,259,
15,44660736,88,26,
15,44660788,27,9,
15,44661053,15,0,
15,44661284,13,2,
15,44661402,5,0,
15,44661527,84,5,
15,44661568,8,3,
15,44661571,5,0,
15,44661607,83,10,
15,44661682,368,152,20
15,44661744,5,0,
15,44661785,76,18,
15,44661828,6,0,
15,44661831,11,1,
15,44661846,895,152,5
15,44661862,88,8,
15,44661906,10,2,
15,44662037,33,16,
15,44662045,24,1,
15,44662260,15,1,
15,44662280,16,6,
15,44662295,11,0,
15,44662308,12,3,
15,44662364,12,2,
15,44662376,18,6,
15,44662476,9,0,
15,44662497,145,33,
15,44662542,146,172,
15,44662548,19,0,
15,44662690,193,93,
15,44662757,300,226,
15,44662825,9,1,
15,44663003,262,241,
15,44663016,49,18,
15,44663072,24,2,
15,44663074,19,6,
15,44663084,7,0,
15,44663216,9,2,
15,44663227,577,646,7
15,44663261,6,0,
15,44663329,17,2,
15,44663381,17,4,
15,44663546,40,2,
15,44663573,4,0,
15,44663608,8,2,
15,44663676,10,1,
15,44663684,192,27,24
15,44663704,4,0,
15,44663705,4,0,
15,44663804,3,0,
15,44663990,23,1,
15,44664176,17,5,
15,44664218,4,3,
15,44664322,10,3,
15,44664330,10,0,
15,44664643,5,2,
15,44664669,5,4,
15,44664723,10,1,
15,44664782,11,0,
15,44664861,3,1,
15,44664873,874,222,23
15,44664875,21,2,
15,44664998,45,2,
15,44665020,3,0,
15,44665034,4,0,
15,44665070,29,20,
15,44665191,7,2,
15,44665352,11,1,
15,44665365,23,4,
15,44665373,352,186,
15,44665450,9,1,
15,44665506,7,1,
15,44665525,9,5,
15,44665536,8,0,
15,44665569,3,0,
15,44665667,7,0,
15,44665704,49,19,
15,44665788,20,5,
15,44665815,250,36,13
15,44665845,66,57,
15,44665899,8,0,
15,44665928,74,125,
15,44665941,49,27,
15,44665984,108,32,
15,44665993,5,0,
15,44666024,11,2,
15,44666157,418,573,18
15,44666176,11,5,
15,44666225,5,0,
15,44666305,7,0,
15,44666656,6,0,
15,44666719,7,2,
15,44666778,9,0,
15,44666827,3,0,
15,44666882,9,0,
15,44666896,113,54,14
15,44667472,32,3,30
15,44667484,7,3,
15,44667667,217,184,
15,44667975,4,0,
15,44668654,4,0,
15,44668842,19,0,
15,44668910,5,0,
15,44669131,16,5,
15,44669214,4,0,
15,44669318,16,1,15
15,44669365,66,42,11
15,44669368,72,59,
15,44669393,4,0,
15,44669496,9,1,
15,44669589,3,0,
15,44669602,9,1,
15,44669610,8,1,
15,44669680,7,1,
15,44669716,12,5,
15,44669810,9,1,
15,44669853,167,128,4
15,44669858,114,72,4
15,44669998,105,84,1
15,44670319,9,2,22
15,44670338,5,7,
15,44670374,7,0,
15,44670590,69,76,3
15,44670624,126,125,8
15,44670878,11,3,
15,44671036,7,3,
15,44671284,8,0,22
15,44671373,65,5,1
15,44671375,3,1,
15,44671472,11,7,16
15,44671484,39,27,2
15,44671584,9,0,10
15,44671804,14,1,5
15,44672003,15,0,3
16,44561328,360,301,
16,44561895,104,22,
16,44566748,202,135,
16,44567683,231,442,
16,44567857,1760,1625,
16,44568147,109,48,
16,44571692,155,26,
16,44573887,221,42,
16,44576183,74,69,
16,44576312,212,114,
16,44577210,129,62,
16,44578070,218,145,
16,44578143,216,164,
16,44580567,158,182,
16,44581725,117,71,
16,44582662,191,65,
16,44582730,64,61,
16,44583316,195,30,
16,44584372,518,386,
16,44584414,98,40,
16,44584830,79,77,
16,44585370,71,40,
16,44586723,456,683,
16,44587116,302,232,
16,44590034,88,104,
16,44590391,117,30,
16,44591305,307,24,
16,44591439,72,46,
16,44591605,233,81,
16,44591775,175,70,
16,44592377,332,253,
16,44592413,443,104,
16,44592797,91,54,
16,44593628,83,3,
16,44594156,658,146,
16,44594165,107,16,
16,44594486,50,47,
16,44594584,224,111,
16,44594808,562,173,
16,44595492,683,484,
16,44595824,100,83,
16,44597037,40,23,
16,44598090,292,165,
16,44598578,91,48,
16,44599549,259,177,
16,44600043,33,6,
16,44600070,60,11,
16,44600594,308,198,
16,44600899,55,33,
16,44601023,446,198,
16,44601045,250,257,
16,44602227,36,5,
16,44602532,151,44,
16,44602609,200,118,
16,44603066,261,147,
16,44603349,419,211,
16,44604024,91,13,
16,44604050,349,170,
16,44604125,34,5,
16,44604127,41,2,
16,44604311,98,22,
16,44604808,23,6,
16,44605169,116,38,
16,44605245,118,74,
16,44606184,936,899,
16,44606653,77,23,
16,44607403,127,65,
16,44607838,332,516,
16,44607961,163,98,
16,44608312,122,21,
16,44608754,309,216,
16,44608840,92,54,
16,44609154,46,39,
16,44609893,82,13,
16,44610468,268,23,
16,44610925,74,30,
16,44611298,77,52,
16,44612151,602,205,
16,44612313,191,137,
16,44612487,863,509,
16,44612643,102,36,
16,44612736,49,60,
16,44613268,103,87,
16,44613361,31,20,
16,44613419,77,75,
16,44613438,171,42,
16,44613594,19,3,
16,44613625,492,309,
16,44613791,76,132,
16,44613840,476,698,
16,44613901,17,15,
16,44614370,431,132,
16,44614372,79,17,
16,44614510,74,11,
16,44614747,34,10,
16,44614837,35,51,
16,44615033,136,125,
16,44615801,570,215,
16,44615862,17,5,
16,44616158,60,32,
16,44616405,66,4,
16,44616479,523,397,
16,44616688,60,31,
16,44618335,210,187,
16,44618509,63,9,
16,44618535,256,442,
16,44618687,360,120,
16,44619020,38,2,
16,44619206,452,265,
16,44619485,55,11,
16,44619709,97,68,
16,44619835,63,15,
16,44620002,379,193,
16,44620020,75,135,
16,44620577,19,4,
16,44620606,204,618,
16,44621487,130,52,
16,44621712,8,1,
16,44622360,14,3,
16,44622454,205,94,
16,44622543,41,5,
16,44622608,415,24,
16,44622637,200,83,
16,44622953,413,789,
16,44622954,33,16,
16,44622973,153,31,
16,44622994,54,11,
16,44622999,56,27,
16,44623207,420,256,
16,44623361,315,442,
16,44623581,207,33,
16,44623953,591,410,
16,44624114,254,179,
16,44625292,611,331,
16,44625360,85,14,
16,44625493,34,45,
16,44625846,51,21,28
16,44626359,149,77,
16,44626363,249,125,
16,44626807,17,2,
16,44627158,105,22,
16,44627211,89,38,
16,44627732,17,13,
16,44627793,166,90,
16,44628082,132,76,
16,44628930,387,317,
16,44629074,148,193,
16,44629123,7,0,
16,44629134,334,296,
16,44629206,405,121,
16,44629299,213,100,
16,44629300,48,68,26
16,44629710,799,427,
16,44629805,137,68,23
16,44629962,91,25,
16,44630551,39,8,
16,44630648,203,86,
16,44630724,179,80,
16,44630760,174,537,
16,44630801,35,7,
16,44630901,76,52,
16,44630927,237,106,
16,44631042,157,51,
16,44631594,151,67,
16,44631934,10,7,
16,44632045,59,21,
16,44632218,22,1,
16,44632240,122,106,
16,44632314,144,52,12
16,44632365,3,1,
16,44632739,22,5,
16,44632890,7,1,
16,44632904,13,4,
16,44633384,58,59,
16,44633809,6,0,22
16,44633933,246,52,
16,44634208,44,18,7
16,44634340,233,211,
16,44634756,50,19,
16,44635075,22,33,
16,44635676,18,6,
16,44635745,548,421,
16,44635808,604,146,
16,44635867,193,186,
16,44635919,177,66,
16,44636204,243,108,
16,44636240,64,20,8
16,44636277,26,4,
16,44636691,136,36,
16,44636774,62,24,
16,44636850,48,8,
16,44636886,26,20,
16,44636896,116,76,
16,44637151,106,51,
16,44637191,526,242,
16,44637352,521,148,
16,44637464,46,3,
16,44637523,62,3,
16,44637635,41,34,
16,44637715,326,72,
16,44637716,159,49,
16,44637802,21,1,
16,44637815,84,45,
16,44638076,92,29,
16,44638300,149,65,
16,44638304,96,44,
16,44638509,172,302,
16,44638510,79,28,
16,44638580,501,293,
16,44638634,19,2,
16,44638689,75,27,
16,44638710,144,29,
16,44638948,90,129,
16,44639135,161,154,
16,44639421,130,52,
16,44639524,190,25,
16,44639802,24,3,
16,44639828,77,6,
16,44639880,31,11,
16,44640178,80,100,
16,44640233,45,89,
16,44640477,20,14,
16,44640525,20,2,
16,44640992,54,55,
16,44641021,16,2,
16,44641117,185,107,
16,44641464,271,203,
16,44641521,505,171,
16,44641669,130,111,
16,44641961,378,534,
16,44642349,259,164,
16,44642357,14,0,
16,44642796,145,74,
16,44642927,15,2,
16,44643055,117,10,
16,44643564,555,331,
16,44644404,48,29,
16,44644718,5,1,
16,44645353,770,464,
16,44645597,80,31,
16,44645768,16,0,
16,44645796,11,0,
16,44645846,108,29,
16,44646065,126,13,
16,44646363,10,0,
16,44646780,23,12,
16,44646801,403,233,
16,44646869,223,176,
16,44646901,172,57,
16,44646925,176,61,
16,44647112,613,865,
16,44647190,253,158,
16,44647572,90,24,
16,44647600,59,13,
16,44647609,50,26,
16,44647632,30,31,
16,44647772,12,4,
16,44648144,218,338,
16,44648700,85,84,
16,44648725,5,0,
16,44648728,364,226,
16,44648772,152,110,
16,44648926,38,6,
16,44648957,37,9,
16,44649036,125,161,
16,44649115,25,10,
16,44649319,154,43,
16,44649531,15,0,
16,44649651,143,39,
16,44649653,107,29,
16,44649817,110,103,
16,44650567,122,67,
16,44650622,86,22,
16,44650694,69,82,
16,44650840,196,40,
16,44651024,74,34,
16,44651066,595,136,
16,44651092,328,123,
16,44651142,15,0,
16,44651485,297,360,
16,44651536,152,48,
16,44651539,310,66,
16,44651616,173,175,
16,44651718,6,1,
16,44651744,8,2,
16,44651753,6,0,
16,44651766,269,182,
16,44651770,403,44,
16,44651904,7,0,
16,44652172,8,0,
16,44652187,6,0,
16,44652374,401,413,
16,44652482,64,51,
16,44653072,743,344,
16,44653136,245,62,
16,44653246,5,1,
16,44653586,77,35,
16,44653890,6,1,
16,44653965,283,58,
16,44653981,7,1,
16,44654022,81,18,
16,44654071,6,2,
16,44654299,83,13,
16,44654302,25,18,
16,44654423,8,0,
16,44654444,227,106,
16,44654494,137,70,
16,44654569,22,6,
16,44654770,25,8,
16,44654857,7,0,
16,44654936,4,0,
16,44655128,81,13,
16,44655385,184,74,
16,44655492,7,1,
16,44655515,142,170,
16,44655565,291,84,
16,44655600,94,87,
16,44655632,84,67,
16,44655741,15,0,
16,44655742,30,33,
16,44655804,50,71,
16,44655921,174,195,
16,44656073,139,39,
16,44656105,114,25,
16,44656681,11,3,
16,44656840,7,3,
16,44656908,3,1,
16,44657188,6,0,
16,44657213,11,1,
16,44657291,286,287,
16,44657433,81,25,
16,44657527,18,3,
16,44657556,199,104,
16,44657692,8,0,
16,44657727,358,148,
16,44658103,121,162,
16,44658213,13,21,
16,44658465,8,3,
16,44658770,118,100,
16,44658771,20,11,
16,44658772,24,11,
16,44658798,38,4,
16,44658820,92,43,
16,44658908,589,437,
16,44658909,151,37,
16,44658960,12,0,
16,44658973,74,18,
16,44658978,123,53,
16,44659019,264,179,
16,44659137,76,9,
16,44659251,239,264,
16,44659291,7,0,
16,44659432,14,0,
16,44659494,4,0,
16,44659547,42,6,
16,44659661,29,17,
16,44659676,20,26,
16,44659712,91,66,
16,44659765,27,1,
16,44659822,281,177,
16,44659921,321,168,
16,44660041,34,6,
16,44660177,15,3,
16,44660323,387,542,27
16,44660341,24,5,
16,44660437,285,189,
16,44660439,33,55,
16,44660519,547,260,
16,44660736,89,26,
16,44660788,27,9,
16,44661053,15,0,
16,44661284,13,2,
16,44661402,5,0,
16,44661527,85,5,
16,44661568,8,3,
16,44661571,5,0,
16,44661607,84,10,
16,44661682,370,154,25
16,44661744,5,0,
16,44661785,76,19,
16,44661828,6,0,
16,44661831,11,3,
16,44661846,924,157,9
16,44661862,88,8,
16,44661906,10,2,
16,44662037,33,16,
16,44662045,24,1,
16,44662260,15,1,
16,44662280,16,6,
16,44662295,11,0,
16,44662308,13,4,
16,44662364,13,2,
16,44662376,18,6,
16,44662476,9,0,
16,44662497,146,33,
16,44662542,146,175,
16,44662548,20,0,
16,44662690,194,96,
16,44662757,300,227,
16,44662825,9,1,
16,44663003,263,247,
16,44663016,50,18,
16,44663072,24,2,
16,44663074,19,6,
16,44663084,7,0,
16,44663216,9,2,
16,44663227,613,694,10
16,44663261,6,0,
16,44663329,17,2,
16,44663381,17,4,
16,44663546,40,2,
16,44663573,4,0,
16,44663608,8,2,
16,44663676,10,1,
16,44663684,197,30,30
16,44663704,4,0,
16,44663705,4,0,
16,44663990,23,1,
16,44664176,19,5,
16,44664218,4,3,
16,44664322,10,3,
16,44664330,10,0,
16,44664643,5,2,
16,44664669,5,4,
16,44664723,10,1,
16,44664782,11,0,
16,44664861,3,1,
16,44664873,892,230,29
16,44664875,21,2,
16,44664998,46,2,
16,44665020,3,0,
16,44665034,4,0,
16,44665070,31,21,
16,44665191,7,2,
16,44665352,11,1,
16,44665365,23,4,
16,44665373,357,195,
16,44665450,9,1,
16,44665506,7,1,
16,44665525,9,5,
16,44665536,8,0,
16,44665569,3,0,
16,44665667,7,0,
16,44665704,49,19,
16,44665788,20,5,
16,44665815,258,38,16
16,44665845,71,57,
16,44665899,8,0,
16,44665928,75,129,
16,44665941,51,26,
16,44665984,110,32,
16,44665993,5,0,
16,44666024,11,2,
16,44666157,436,606,24
16,44666176,11,5,
16,44666225,5,0,
16,44666305,7,0,
16,44666656,6,0,
16,44666719,8,2,
16,44666778,9,0,
16,44666827,3,0,
16,44666882,9,1,
16,44666896,117,57,19
16,44667472,32,3,
16,44667484,7,3,
16,44667667,236,203,
16,44667975,4,0,
16,44668654,4,0,
16,44668842,19,0,
16,44668910,5,0,
16,44669131,16,5,
16,44669214,4,0,
16,44669318,17,1,21
16,44669365,72,44,18
16,44669368,73,63,
16,44669393,4,0,
16,44669496,9,1,
16,44669589,3,0,
16,44669602,9,1,
16,44669610,9,2,
16,44669680,7,1,
16,44669716,14,6,
16,44669810,10,1,
16,44669853,187,154,11
16,44669858,121,80,18
16,44669998,112,102,5
16,44670319,41,11,9
16,44670338,5,7,
16,44670374,7,0,
16,44670590,70,96,
16,44670624,168,153,15
16,44670878,11,3,
16,44671036,9,4,
16,44671373,109,20,1
16,44671375,5,1,17
16,44671472,33,45,13
16,44671484,71,66,3
16,44671584,20,1,6
16,44671804,52,10,4
16,44672003,89,25,2
16,44672145,20,17,5
16,44672165,5,4,
16,44672329,34,9,
16,44672414,111,44,1
16,44672450,8,0,
16,44672521,6,1,
17,44561328,360,301,
17,44561895,104,22,
17,44566748,202,135,
17,44567683,231,442,
17,44567857,1760,1625,
17,44568147,109,48,
17,44571692,155,26,
17,44573887,221,42,
17,44576183,74,69,
17,44576312,212,114,
17,44577210,129,62,
17,44578070,218,145,
17,44578143,216,164,
17,44581725,117,71,
17,44582662,191,65,
17,44582730,64,61,
17,44583316,195,30,
17,44584372,518,386,
17,44584414,98,40,
17,44584830,80,77,
17,44585370,71,40,
17,44586723,456,683,
17,44587116,302,233,
17,44590034,88,104,
17,44590391,117,30,
17,44591305,307,24,
17,44591439,72,46,
17,44591605,238,83,
17,44591775,175,70,
17,44592377,332,253,
17,44592413,443,104,
17,44592797,91,54,
17,44593628,83,3,
17,44594156,658,146,
17,44594165,107,16,
17,44594486,50,47,
17,44594584,224,111,
17,44594808,562,173,
17,44595492,683,484,
17,44595824,100,83,
17,44597037,40,23,
17,44598090,292,165,
17,44598578,91,48,
17,44599549,259,177,
17,44600043,33,6,
17,44600070,60,11,
17,44600594,308,198,
17,44600899,55,33,
17,44601023,446,198,
17,44601045,250,260,
17,44602227,36,5,
17,44602532,151,44,
17,44602609,200,119,
17,44603066,261,147,
17,44603349,419,211,
17,44604024,91,13,
17,44604050,349,170,
17,44604125,34,5,
17,44604127,41,2,
17,44604311,98,22,
17,44604808,23,6,
17,44605169,116,38,
17,44605245,118,74,
17,44606184,936,899,
17,44606653,77,23,
17,44607403,127,65,
17,44607838,332,516,
17,44607961,163,98,
17,44608312,122,21,
17,44608754,309,216,
17,44608840,92,54,
17,44609154,46,39,
17,44609893,82,13,
17,44610468,268,23,
17,44610925,74,30,
17,44611298,77,52,
17,44612151,602,205,
17,44612313,195,141,
17,44612487,863,509,
17,44612643,102,36,
17,44612736,49,60,
17,44613268,103,88,
17,44613361,31,20,
17,44613419,77,75,
17,44613438,171,42,
17,44613594,19,3,
17,44613625,493,309,
17,44613791,76,132,
17,44613840,476,698,
17,44613901,17,15,
17,44614370,432,132,
17,44614372,79,17,
17,44614510,74,11,
17,44614747,34,10,
17,44614837,35,51,
17,44615033,136,126,
17,44615801,570,215,
17,44615862,17,5,
17,44616158,60,32,
17,44616405,66,4,
17,44616479,523,397,
17,44616688,60,31,
17,44618335,210,187,
17,44618509,63,9,
17,44618535,256,442,
17,44618687,360,120,
17,44619020,38,2,
17,44619206,453,265,
17,44619485,55,11,
17,44619709,97,68,
17,44619835,63,15,
17,44620002,379,193,
17,44620020,76,136,
17,44620577,19,4,
17,44620606,204,618,
17,44621487,130,52,
17,44621712,8,1,
17,44622360,14,3,
17,44622454,205,94,
17,44622543,41,5,
17,44622608,415,24,
17,44622637,200,83,
17,44622953,413,790,
17,44622954,33,16,
17,44622973,154,31,
17,44622994,54,11,
17,44622999,56,27,
17,44623207,420,256,
17,44623361,315,442,
17,44623581,207,33,
17,44623953,591,410,
17,44624114,254,179,
17,44625292,611,331,
17,44625360,85,14,
17,44625493,34,45,
17,44625846,54,22,
17,44626359,151,77,
17,44626363,249,125,
17,44626807,17,2,
17,44627158,105,22,
17,44627211,89,38,
17,44627732,17,13,
17,44627793,166,90,
17,44628082,132,76,
17,44628930,387,317,
17,44629074,148,193,
17,44629123,7,0,
17,44629134,334,296,
17,44629206,405,121,
17,44629299,214,100,
17,44629300,51,71,30
17,44629710,800,427,
17,44629805,144,73,25
17,44629962,91,25,
17,44630551,39,8,
17,44630648,203,86,
17,44630724,179,80,
17,44630760,174,537,
17,44630801,35,7,
17,44630901,76,54,
17,44630927,237,106,
17,44631042,158,51,
17,44631594,151,67,
17,44631934,10,7,
17,44632045,59,23,
17,44632218,22,1,
17,44632240,122,106,
17,44632314,158,66,13
17,44632365,3,1,
17,44632674,23,4,7
17,44632739,22,5,
17,44632890,8,1,
17,44632904,13,4,
17,44633384,58,59,
17,44633809,12,1,21
17,44633933,246,52,
17,44634208,53,22,8
17,44634340,234,211,
17,44634756,52,19,
17,44635075,22,33,
17,44635676,18,6,
17,44635745,548,421,
17,44635808,604,146,
17,44635867,193,186,
17,44635919,177,66,
17,44636204,243,108,
17,44636240,76,26,10
17,44636277,26,4,
17,44636691,136,36,
17,44636774,62,24,
17,44636850,48,8,
17,44636886,26,20,
17,44636896,116,76,
17,44637151,106,51,
17,44637191,526,242,
17,44637352,521,148,
17,44637464,46,3,
17,44637523,62,3,
17,44637635,41,34,
17,44637715,326,72,
17,44637716,159,49,
17,44637802,21,1,
17,44637815,84,45,
17,44638076,92,29,
17,44638300,149,65,
17,44638304,96,45,
17,44638509,172,302,
17,44638510,79,28,
17,44638580,501,293,
17,44638634,19,2,
17,44638689,75,27,
17,44638710,144,29,
17,44638948,90,129,
17,44639135,161,154,
17,44639421,130,52,
17,44639524,190,25,
17,44639802,24,3,
17,44639828,77,6,
17,44639880,31,11,
17,44640178,80,100,
17,44640233,45,89,
17,44640477,20,14,
17,44640525,20,2,
17,44640992,54,55,
17,44641021,16,2,
17,44641117,185,107,
17,44641464,271,203,
17,44641521,505,171,
17,44641669,130,111,
17,44641961,378,534,
17,44642349,259,164,
17,44642357,14,0,
17,44642796,145,74,
17,44642927,15,2,
17,44643055,117,10,
17,44643564,555,331,
17,44644404,48,29,
17,44644718,5,1,
17,44645353,771,464,
17,44645597,80,31,
17,44645768,16,0,
17,44645796,11,0,
17,44645846,108,29,
17,44646065,126,13,
17,44646780,23,12,
17,44646801,403,235,
17,44646869,223,176,
17,44646901,172,57,
17,44646925,176,61,
17,44647112,613,865,
17,44647190,253,158,
17,44647572,90,24,
17,44647600,59,13,
17,44647609,50,26,
17,44647632,30,31,
17,44647772,12,4,
17,44648144,218,338,
17,44648700,85,84,
17,44648725,5,0,
17,44648728,364,227,
17,44648772,152,110,
17,44648926,38,6,
17,44648957,37,9,
17,44649036,125,161,
17,44649115,25,10,
17,44649319,154,43,
17,44649531,15,0,
17,44649651,143,39,
17,44649653,107,29,
17,44649817,110,103,
17,44650567,122,67,
17,44650622,86,22,
17,44650694,69,82,
17,44650840,196,40,
17,44651024,74,34,
17,44651066,595,137,
17,44651092,328,123,
17,44651142,15,0,
17,44651485,297,360,
17,44651536,153,48,
17,44651539,310,66,
17,44651616,173,175,
17,44651718,6,1,
17,44651744,8,2,
17,44651753,6,0,
17,44651766,269,182,
17,44651770,403,44,
17,44651904,7,0,
17,44652172,8,0,
17,44652187,6,0,
17,44652374,401,413,
17,44652482,64,51,
17,44653072,743,345,
17,44653136,249,66,
17,44653586,77,35,
17,44653890,6,1,
17,44653965,283,58,
17,44653981,7,1,
17,44654022,81,18,
17,44654071,6,2,
17,44654299,83,13,
17,44654302,25,18,
17,44654423,8,0,
17,44654444,227,106,
17,44654494,138,70,
17,44654569,22,6,
17,44654770,25,8,
17,44654857,7,0,
17,44654936,4,0,
17,44655128,81,13,
17,44655385,185,74,
17,44655492,7,1,
17,44655515,142,170,
17,44655565,292,84,
17,44655600,94,87,
17,44655632,84,67,
17,44655741,15,0,
17,44655742,30,34,
17,44655804,50,71,
17,44655921,174,195,
17,44656073,140,39,
17,44656105,114,25,
17,44656681,11,3,
17,44656840,7,3,
17,44656908,3,1,
17,44657188,6,0,
17,44657213,11,1,
17,44657291,287,288,
17,44657433,81,26,
17,44657527,18,3,
17,44657556,203,105,
17,44657692,8,0,
17,44657727,359,149,
17,44658103,121,162,
17,44658213,13,21,
17,44658465,8,3,
17,44658770,118,100,
17,44658771,20,11,
17,44658772,24,11,
17,44658798,38,4,
17,44658820,92,44,
17,44658908,593,438,
17,44658909,151,37,
17,44658960,12,0,
17,44658973,74,18,
17,44658978,124,53,
17,44659019,265,181,
17,44659137,77,9,
17,44659251,242,268,
17,44659291,7,0,
17,44659432,14,0,
17,44659494,4,0,
17,44659547,42,6,
17,44659661,29,17,
17,44659676,21,27,
17,44659712,91,66,
17,44659765,27,1,
17,44659822,281,177,
17,44659921,324,168,
17,44660041,35,6,
17,44660177,15,3,
17,44660323,389,559,
17,44660341,24,5,
17,44660437,286,189,
17,44660439,33,58,
17,44660519,548,261,
17,44660736,90,26,
17,44660788,27,9,
17,44661053,15,0,
17,44661284,13,2,
17,44661402,5,0,
17,44661527,86,5,
17,44661568,8,3,
17,44661571,5,0,
17,44661607,86,10,
17,44661682,374,165,28
17,44661744,5,0,
17,44661785,76,19,
17,44661831,12,3,
17,44661846,937,161,11
17,44661862,88,8,
17,44661906,10,2,
17,44662037,33,16,
17,44662045,24,1,
17,44662260,15,1,
17,44662280,16,6,
17,44662295,11,0,
17,44662308,13,4,
17,44662364,13,2,
17,44662376,18,6,
17,44662476,9,0,
17,44662497,147,33,
17,44662542,146,177,
17,44662548,20,0,
17,44662690,194,96,
17,44662757,305,231,
17,44662825,9,1,
17,44663003,263,247,
17,44663016,51,18,
17,44663072,26,2,
17,44663074,27,192,11
17,44663084,7,0,
17,44663216,9,2,
17,44663227,634,712,12
17,44663261,6,0,
17,44663381,17,4,
17,44663546,40,2,
17,44663573,4,0,
17,44663608,8,2,
17,44663676,10,1,
17,44663684,200,31,
17,44663704,4,0,
17,44663705,4,0,
17,44663990,23,1,
17,44664176,19,5,
17,44664322,10,3,
17,44664330,10,0,
17,44664643,6,2,
17,44664669,5,4,
17,44664723,10,1,
17,44664782,11,0,
17,44664861,3,1,
17,44664873,904,240,
17,44664875,21,2,
17,44664998,46,2,
17,44665020,3,0,
17,44665034,4,0,
17,44665070,32,21,
17,44665191,7,2,
17,44665352,11,1,
17,44665365,23,4,
17,44665373,358,199,
17,44665450,9,1,
17,44665506,7,1,
17,44665525,10,5,
17,44665536,8,0,
17,44665569,3,0,
17,44665667,7,0,
17,44665704,49,19,
17,44665788,20,5,
17,44665815,263,39,18
17,44665845,71,59,
17,44665899,8,0,
17,44665928,75,129,
17,44665941,52,26,
17,44665984,110,32,
17,44665993,5,0,
17,44666024,11,2,
17,44666157,465,633,27
17,44666176,11,5,
17,44666225,5,0,
17,44666305,7,0,
17,44666656,6,0,
17,44666719,8,2,
17,44666778,9,0,
17,44666827,3,0,
17,44666882,9,1,
17,44666896,118,63,22
17,44667472,33,3,
17,44667484,7,3,
17,44667667,247,227,
17,44667975,5,0,
17,44668654,4,0,
17,44668842,20,0,
17,44668910,6,0,
17,44669131,16,5,
17,44669214,5,0,
17,44669318,19,2,23
17,44669365,73,50,21
17,44669368,73,64,
17,44669393,4,0,
17,44669496,9,1,
17,44669589,3,1,
17,44669602,10,1,
17,44669610,9,2,
17,44669680,7,1,
17,44669716,14,7,
17,44669810,10,1,
17,44669853,201,166,17
17,44669858,127,84,26
17,44669998,121,113,9
17,44670319,55,18,14
17,44670326,44,11,3
17,44670338,5,7,
17,44670590,81,107,27
17,44670624,188,178,16
17,44670878,11,3,
17,44671036,9,5,
17,44671373,135,34,2
17,44671375,8,1,20
17,44671472,37,59,20
17,44671484,87,86,3
17,44671584,35,5,5
17,44671601,9,8,15
17,44671804,71,15,6
17,44672003,144,81,1
17,44672145,38,37,4
17,44672165,7,5,
17,44672414,178,132,1
17,44672450,22,1,
17,44672521,13,1,
17,44672590,5,0,
17,44672859,31,11,4
17,44672960,5,1,
17,44673148,35,82,7
18,44561328,360,301,
18,44561895,104,22,
18,44566748,202,135,
18,44567683,231,442,
18,44567857,1760,1626,
18,44568147,109,48,
18,44571692,155,26,
18,44573887,221,42,
18,44576183,74,69,
18,44576312,212,114,
18,44577210,129,62,
18,44578070,218,145,
18,44578143,216,164,
18,44580567,158,182,
18,44581725,117,71,
18,44582662,191,65,
18,44582730,64,61,
18,44583316,195,30,
18,44584372,518,386,
18,44584414,98,40,
18,44584830,80,78,
18,44585370,71,40,
18,44586723,456,683,
18,44587116,302,233,
18,44590034,88,104,
18,44590391,117,30,
18,44591305,307,24,
18,44591439,72,46,
18,44591605,240,84,
18,44591775,175,70,
18,44592377,332,253,
18,44592413,443,104,
18,44592797,91,54,
18,44593628,83,3,
18,44594156,658,146,
18,44594165,107,16,
18,44594486,50,47,
18,44594584,224,111,
18,44594808,562,173,
18,44595492,683,484,
18,44595824,101,83,
18,44597037,40,23,
18,44598090,292,165,
18,44598578,91,48,
18,44599549,259,177,
18,44600043,33,6,
18,44600070,60,11,
18,44600594,308,198,
18,44600899,55,33,
18,44601023,446,198,
18,44601045,250,261,
18,44602227,36,5,
18,44602532,151,44,
18,44602609,200,119,
18,44603066,261,147,
18,44603349,419,211,
18,44604024,91,13,
18,44604050,349,170,
18,44604125,34,5,
18,44604127,41,2,
18,44604311,98,22,
18,44604808,23,6,
18,44605169,116,38,
18,44605245,118,74,
18,44606184,936,899,
18,44606653,77,23,
18,44607403,127,65,
18,44607838,332,516,
18,44607961,163,98,
18,44608312,122,21,
18,44608754,309,216,
18,44608840,92,54,
18,44609154,46,39,
18,44609893,82,13,
18,44610468,268,23,
18,44610925,74,30,
18,44611298,77,52,
18,44612151,602,205,
18,44612313,198,145,
18,44612487,863,509,
18,44612643,102,36,
18,44612736,49,60,
18,44613268,103,88,
18,44613361,31,20,
18,44613419,77,75,
18,44613438,171,42,
18,44613594,19,3,
18,44613625,493,309,
18,44613791,76,132,
18,44613840,476,698,
18,44613901,17,15,
18,44614370,432,133,
18,44614372,79,17,
18,44614510,74,11,
18,44614747,34,10,
18,44614837,35,51,
18,44615033,136,127,
18,44615801,570,215,
18,44615862,17,5,
18,44616158,60,32,
18,44616405,66,4,
18,44616479,523,398,
18,44616688,60,31,
18,44618335,210,187,
18,44618509,63,9,
18,44618535,256,442,
18,44618687,360,120,
18,44619020,38,2,
18,44619206,453,265,
18,44619485,56,11,
18,44619709,97,68,
18,44619835,63,15,
18,44620002,379,193,
18,44620020,77,136,
18,44620577,19,4,
18,44620606,204,618,
18,44621487,130,52,
18,44621712,8,1,
18,44622360,14,3,
18,44622454,205,94,
18,44622543,41,5,
18,44622608,415,24,
18,44622637,201,83,
18,44622953,413,790,
18,44622954,34,16,
18,44622973,154,31,
18,44622994,54,11,
18,44622999,56,27,
18,44623207,420,256,
18,44623361,315,442,
18,44623581,207,33,
18,44623953,591,410,
18,44624114,254,179,
18,44625292,611,331,
18,44625360,85,14,
18,44625493,34,45,
18,44625846,57,22,
18,44626359,153,77,
18,44626363,250,125,
18,44626807,17,2,
18,44627158,105,22,
18,44627211,89,38,
18,44627732,17,13,
18,44627793,166,90,
18,44628082,132,76,
18,44628930,387,317,
18,44629074,148,193,
18,44629123,7,0,
18,44629134,334,296,
18,44629206,405,121,
18,44629299,214,100,
18,44629300,52,74,
18,44629710,801,428,
18,44629805,151,73,25
18,44629962,91,25,
18,44630551,39,8,
18,44630648,203,86,
18,44630724,179,80,
18,44630760,174,537,
18,44630801,35,7,
18,44630901,76,57,
18,44630927,237,106,
18,44631042,158,51,
18,44631594,151,67,
18,44631934,10,8,
18,44632045,59,24,
18,44632218,22,1,
18,44632240,122,106,
18,44632314,175,76,16
18,44632365,3,1,
18,44632674,57,9,3
18,44632739,22,5,
18,44632783,13,1,10
18,44632890,9,1,
18,44632904,13,4,
18,44633384,58,59,
18,44633809,14,1,22
18,44633933,246,52,
18,44634208,73,30,8
18,44634340,234,211,
18,44634756,55,24,
18,44635075,23,33,
18,44635676,18,6,
18,44635745,548,421,
18,44635808,604,146,
18,44635867,194,186,
18,44635919,178,66,
18,44636204,243,108,
18,44636240,89,39,12
18,44636277,27,4,
18,44636691,136,36,
18,44636774,62,24,
18,44636850,48,8,
18,44636886,26,20,
18,44637151,106,51,
18,44637191,526,242,
18,44637352,522,148,
18,44637464,46,3,
18,44637523,62,3,
18,44637635,41,34,
18,44637715,327,72,
18,44637716,159,49,
18,44637802,21,1,
18,44637815,84,45,
18,44638076,92,29,
18,44638300,149,65,
18,44638304,96,45,
18,44638509,172,303,
18,44638510,79,28,
18,44638580,501,293,
18,44638634,19,2,
18,44638689,75,27,
18,44638710,144,29,
18,44638948,90,129,
18,44639135,161,154,
18,44639421,130,52,
18,44639524,190,25,
18,44639802,24,3,
18,44639828,79,6,
18,44639880,32,11,
18,44640178,80,100,
18,44640233,45,89,
18,44640477,20,14,
18,44640525,20,2,
18,44640992,55,55,
18,44641021,16,2,
18,44641117,185,107,
18,44641464,271,203,
18,44641521,505,171,
18,44641669,130,111,
18,44641961,378,534,
18,44642349,260,164,
18,44642357,14,0,
18,44642796,145,74,
18,44642927,15,2,
18,44643055,117,10,
18,44643564,556,332,
18,44644404,48,29,
18,44644718,5,1,
18,44645353,772,465,
18,44645597,80,31,
18,44645768,16,0,
18,44645796,11,0,
18,44645846,108,29,
18,44646065,126,13,
18,44646780,23,12,
18,44646801,403,235,
18,44646869,224,176,
18,44646901,172,57,
18,44646925,176,61,
18,44647112,614,866,
18,44647190,254,159,
18,44647572,90,24,
18,44647600,59,13,
18,44647609,50,26,
18,44647632,30,32,
18,44647772,12,4,
18,44648144,218,337,
18,44648700,85,84,
18,44648725,5,0,
18,44648728,365,227,
18,44648772,152,110,
18,44648926,38,6,
18,44648957,37,9,
18,44649036,125,161,
18,44649115,25,10,
18,44649319,154,43,
18,44649531,15,0,
18,44649651,143,40,
18,44649653,108,29,
18,44649817,110,103,
18,44650567,122,67,
18,44650622,86,22,
18,44650694,69,82,
18,44650840,199,40,
18,44651024,74,34,
18,44651066,596,137,
18,44651092,328,123,
18,44651142,15,0,
18,44651485,297,361,
18,44651536,153,48,
18,44651539,310,66,
18,44651616,173,175,
18,44651718,6,1,
18,44651744,8,2,
18,44651753,6,0,
18,44651766,269,182,
18,44651770,403,44,
18,44651904,7,0,
18,44652172,8,0,
18,44652187,6,0,
18,44652374,401,414,
18,44652482,64,51,
18,44653072,743,345,
18,44653136,254,66,
18,44653586,77,35,
18,44653965,283,58,
18,44653981,7,1,
18,44654022,81,18,
18,44654071,6,2,
18,44654299,83,13,
18,44654302,25,18,
18,44654423,8,0,
18,44654444,228,107,
18,44654494,138,70,
18,44654569,22,6,
18,44654770,25,8,
18,44654857,7,0,
18,44654936,4,0,
18,44655128,81,13,
18,44655385,186,74,
18,44655492,7,1,
18,44655515,143,170,
18,44655565,294,84,
18,44655600,94,87,
18,44655632,85,67,
18,44655741,15,0,
18,44655742,30,34,
18,44655804,50,71,
18,44655921,174,196,
18,44656073,143,39,
18,44656105,114,25,
18,44656681,11,3,
18,44656840,7,3,
18,44656908,3,1,
18,44657188,6,0,
18,44657213,11,1,
18,44657291,287,288,
18,44657433,81,26,
18,44657527,18,3,
18,44657556,208,106,
18,44657692,8,0,
18,44657727,359,149,
18,44658103,121,162,
18,44658213,14,21,
18,44658465,8,3,
18,44658770,120,100,
18,44658771,20,11,
18,44658772,24,11,
18,44658798,38,4,
18,44658820,92,45,
18,44658908,598,438,
18,44658909,151,37,
18,44658960,12,0,
18,44658973,74,18,
18,44658978,127,53,
18,44659019,268,182,
18,44659137,80,9,
18,44659251,244,268,
18,44659291,7,0,
18,44659432,14,0,
18,44659494,4,0,
18,44659547,43,7,
18,44659661,29,17,
18,44659676,21,27,
18,44659712,91,66,
18,44659765,27,1,
18,44659822,281,180,
18,44659921,328,168,
18,44660041,35,6,
18,44660177,15,3,
18,44660323,394,571,
18,44660341,24,5,
18,44660437,288,189,
18,44660439,33,58,
18,44660519,548,262,
18,44660736,90,26,
18,44660788,27,9,
18,44661053,15,0,
18,44661284,13,2,
18,44661402,5,0,
18,44661527,86,6,
18,44661568,8,3,
18,44661571,5,0,
18,44661607,87,10,
18,44661682,377,168,29
18,44661744,5,0,
18,44661785,76,19,
18,44661831,12,3,
18,44661846,955,162,12
18,44661862,88,8,
18,44661906,10,2,
18,44662037,33,16,
18,44662045,24,1,
18,44662260,15,1,
18,44662280,16,6,
18,44662295,11,0,
18,44662364,13,2,
18,44662376,18,6,
18,44662497,147,33,
18,44662542,148,177,
18,44662548,20,0,
18,44662690,195,96,
18,44662757,307,233,
18,44662825,9,1,
18,44663003,263,249,
18,44663016,53,18,
18,44663072,27,2,
18,44663074,70,234,5
18,44663084,7,0,
18,44663216,9,2,
18,44663227,651,733,11
18,44663261,6,0,
18,44663381,17,4,
18,44663546,40,3,
18,44663573,4,0,
18,44663608,8,2,
18,44663676,10,1,
18,44663684,200,31,
18,44663704,4,0,
18,44663705,4,0,
18,44663990,23,1,
18,44664176,19,5,
18,44664322,10,3,
18,44664330,10,0,
18,44664643,6,2,
18,44664723,10,1,
18,44664782,11,0,
18,44664873,917,243,
18,44664875,22,2,
18,44664998,46,2,
18,44665020,3,0,
18,44665034,4,0,
18,44665070,33,21,
18,44665191,7,2,
18,44665352,11,1,
18,44665365,24,4,
18,44665373,365,202,
18,44665450,9,1,
18,44665506,7,1,
18,44665525,10,5,
18,44665536,8,0,
18,44665569,3,0,
18,44665667,7,0,
18,44665704,50,21,
18,44665788,20,5,
18,44665815,271,41,20
18,44665845,71,59,
18,44665899,8,0,
18,44665928,75,133,
18,44665941,52,26,
18,44665984,111,32,
18,44665993,5,0,
18,44666024,11,2,
18,44666157,482,682,26
18,44666176,11,5,
18,44666225,5,0,
18,44666305,7,0,
18,44666656,6,0,
18,44666719,8,2,
18,44666778,9,0,
18,44666827,3,0,
18,44666882,9,1,
18,44666896,122,66,24
18,44667472,36,3,
18,44667484,7,4,
18,44667667,264,237,
18,44667975,5,0,
18,44668654,4,0,
18,44668842,20,0,
18,44668910,7,0,
18,44669131,16,5,
18,44669214,5,0,
18,44669318,22,2,27
18,44669365,73,50,
18,44669368,74,70,
18,44669393,5,0,
18,44669496,10,1,
18,44669589,3,1,
18,44669602,10,1,
18,44669610,10,2,
18,44669680,8,1,
18,44669716,15,11,
18,44669810,10,1,
18,44669853,214,177,21
18,44669858,130,84,
18,44669998,126,118,17
18,44670319,70,22,14
18,44670326,92,42,2
18,44670338,6,7,
18,44670499,14,4,
18,44670590,120,149,25
18,44670878,11,5,
18,44671036,11,9,
18,44671373,164,64,1
18,44671375,11,1,23
18,44671472,60,81,18
18,44671484,121,109,2
18,44671584,44,9,8
18,44671601,17,22,8
18,44671804,75,19,
18,44672003,179,142,1
18,44672145,42,45,
18,44672165,7,5,
18,44672414,201,173,11
18,44672450,52,17,21
18,44672521,23,6,
18,44672546,9,2,
18,44672590,9,1,
18,44672859,52,24,4
18,44672960,14,2,
18,44673121,6,2,
18,44673148,39,113,
18,44673296,18,0,
18,44673499,5,0,19
18,44673804,4,2,
19,44561328,360,301,
19,44561895,104,22,
19,44566748,202,135,
19,44567683,231,442,
19,44567857,1760,1626,
19,44568147,109,48,
19,44571692,155,26,
19,44573887,221,42,
19,44576183,74,69,
19,44576312,212,114,
19,44577210,129,62,
19,44578070,218,145,
19,44578143,216,164,
19,44580567,158,182,
19,44581725,117,71,
19,44582662,191,65,
19,44582730,64,61,
19,44583316,195,30,
19,44584372,518,386,
19,44584414,98,40,
19,44584830,81,81,
19,44585370,71,40,
19,44586723,456,683,
19,44587116,302,233,
19,44590034,88,104,
19,44590391,117,30,
19,44591305,307,24,
19,44591439,72,46,
19,44591605,240,84,
19,44591775,175,70,
19,44592377,332,253,
19,44592413,443,104,
19,44592797,91,54,
19,44593628,83,3,
19,44594156,658,146,
19,44594165,107,16,
19,44594486,50,47,
19,44594584,224,111,
19,44594808,562,173,
19,44595492,683,484,
19,44595824,101,83,
19,44597037,40,23,
19,44598090,292,165,
19,44598578,91,48,
19,44599549,259,177,
19,44600043,33,6,
19,44600070,60,11,
19,44600594,308,198,
19,44600899,55,33,
19,44601023,446,198,
19,44601045,250,262,
19,44602227,36,5,
19,44602532,151,44,
19,44602609,200,119,
19,44603066,261,147,
19,44603349,419,211,
19,44604024,91,13,
19,44604050,350,170,
19,44604125,34,5,
19,44604127,41,2,
19,44604311,98,22,
19,44604808,23,6,
19,44605169,116,38,
19,44605245,118,74,
19,44606184,936,899,
19,44606653,77,23,
19,44607403,127,65,
19,44607838,332,516,
19,44607961,163,98,
19,44608295,317,139,
19,44608312,122,21,
19,44608754,309,216,
19,44608840,92,54,
19,44609154,46,39,
19,44609893,82,13,
19,44610468,268,23,
19,44610925,74,30,
19,44611298,77,52,
19,44612151,602,205,
19,44612313,202,145,
19,44612487,863,509,
19,44612643,102,36,
19,44612736,49,60,
19,44613268,103,88,
19,44613361,31,20,
19,44613419,77,75,
19,44613438,171,43,
19,44613594,19,3,
19,44613625,493,309,
19,44613791,76,132,
19,44613840,476,698,
19,44613901,17,15,
19,44614370,432,133,
19,44614372,79,17,
19,44614510,74,11,
19,44614747,34,10,
19,44614837,35,51,
19,44615033,136,127,
19,44615801,570,215,
19,44615862,17,5,
19,44616158,60,32,
19,44616405,66,4,
19,44616479,523,398,
19,44616688,60,31,
19,44618335,210,187,
19,44618509,63,9,
19,44618535,256,442,
19,44618687,360,120,
19,44619020,38,2,
19,44619206,453,266,
19,44619485,56,11,
19,44619709,97,68,
19,44619835,63,15,
19,44620002,379,193,
19,44620020,77,136,
19,44620577,19,4,
19,44620606,204,618,
19,44621487,130,52,
19,44621712,8,1,
19,44622360,14,3,
19,44622454,205,94,
19,44622543,41,5,
19,44622608,415,24,
19,44622637,202,84,
19,44622953,413,790,
19,44622954,34,16,
19,44622973,154,31,
19,44622994,55,11,
19,44622999,56,27,
19,44623207,420,256,
19,44623361,315,442,
19,44623581,207,33,
19,44623953,591,410,
19,44624114,254,179,
19,44625292,611,331,
19,44625360,85,14,
19,44625493,34,45,
19,44625846,58,22,
19,44626359,157,79,
19,44626363,250,125,
19,44626807,17,2,
19,44627158,105,22,
19,44627211,89,40,
19,44627732,17,14,
19,44627793,166,90,
19,44628082,132,76,
19,44628930,387,317,
19,44629074,148,193,
19,44629123,7,0,
19,44629134,334,296,
19,44629206,405,121,
19,44629299,214,100,
19,44629300,54,75,
19,44629710,801,428,
19,44629805,156,73,30
19,44629962,91,25,
19,44630551,39,8,
19,44630648,203,86,
19,44630724,179,80,
19,44630760,174,537,
19,44630801,35,7,
19,44630901,76,57,
19,44630927,237,106,
19,44631042,158,51,
19,44631594,151,67,
19,44631934,10,8,
19,44632045,59,24,
19,44632218,22,1,
19,44632240,122,106,
19,44632314,195,85,19
19,44632365,3,1,
19,44632674,90,28,2
19,44632739,22,5,
19,44632783,24,4,8
19,44632890,10,1,
19,44632904,13,4,
19,44633384,58,59,
19,44633758,31,26,6
19,44633933,246,52,
19,44634208,82,33,11
19,44634340,235,211,
19,44634756,55,24,
19,44635075,23,33,
19,44635676,18,6,
19,44635745,548,421,
19,44635808,604,146,
19,44635867,194,186,
19,44635919,178,66,
19,44636204,243,108,
19,44636240,98,44,18
19,44636277,27,4,
19,44636691,136,36,
19,44636774,62,24,
19,44636850,48,8,
19,44636886,26,20,
19,44637151,106,51,
19,44637191,526,242,
19,44637352,522,148,
19,44637464,46,3,
19,44637523,62,3,
19,44637635,41,34,
19,44637715,327,72,
19,44637716,159,49,
19,44637802,21,1,
19,44637815,84,45,
19,44638076,92,29,
19,44638300,149,65,
19,44638304,96,46,
19,44638509,173,303,
19,44638510,79,28,
19,44638580,501,293,
19,44638689,75,27,
19,44638710,144,29,
19,44638948,90,129,
19,44639135,161,154,
19,44639421,130,52,
19,44639524,190,25,
19,44639802,24,3,
19,44639828,80,6,
19,44639880,32,11,
19,44640178,80,100,
19,44640233,45,89,
19,44640477,20,14,
19,44640525,20,2,
19,44640992,55,55,
19,44641021,16,2,
19,44641117,185,107,
19,44641464,271,203,
19,44641521,505,171,
19,44641669,130,111,
19,44641961,378,534,
19,44642349,260,164,
19,44642357,14,0,
19,44642796,145,74,
19,44642927,15,2,
19,44643055,117,10,
19,44643564,556,332,
19,44644404,48,29,
19,44644718,5,1,
19,44645353,772,465,
19,44645597,80,31,
19,44645768,16,0,
19,44645796,11,0,
19,44645846,108,29,
19,44646065,126,13,
19,44646780,23,15,
19,44646801,404,237,
19,44646869,224,176,
19,44646901,172,57,
19,44646925,176,61,
19,44647112,614,866,
19,44647190,254,160,
19,44647572,90,24,
19,44647600,59,13,
19,44647609,50,26,
19,44647632,30,32,
19,44647772,12,4,
19,44648144,218,337,
19,44648700,85,84,
19,44648725,5,0,
19,44648728,365,227,
19,44648772,152,110,
19,44648926,38,6,
19,44648957,37,9,
19,44649036,125,161,
19,44649115,25,10,
19,44649319,154,43,
19,44649531,15,0,
19,44649651,143,40,
19,44649653,108,29,
19,44649817,110,103,
19,44650567,122,67,
19,44650622,86,22,
19,44650694,69,82,
19,44650840,199,40,
19,44651024,74,34,
19,44651066,596,137,
19,44651092,329,123,
19,44651142,15,0,
19,44651485,297,362,
19,44651536,153,48,
19,44651539,310,66,
19,44651616,173,175,
19,44651718,6,1,
19,44651744,8,2,
19,44651753,6,0,
19,44651766,269,182,
19,44651770,404,44,
19,44651904,7,0,
19,44652172,8,0,
19,44652187,6,0,
19,44652374,401,414,
19,44652482,64,51,
19,44653072,744,345,
19,44653136,258,66,
19,44653586,77,35,
19,44653965,283,58,
19,44653981,7,1,
19,44654022,81,18,
19,44654299,83,13,
19,44654302,25,18,
19,44654423,8,0,
19,44654444,228,107,
19,44654494,138,70,
19,44654569,22,6,
19,44654770,25,8,
19,44654857,7,0,
19,44654936,4,0,
19,44655128,81,13,
19,44655385,187,74,
19,44655492,7,1,
19,44655515,144,172,
19,44655565,295,84,
19,44655600,94,87,
19,44655632,85,67,
19,44655741,15,0,
19,44655742,30,34,
19,44655804,50,71,
19,44655921,176,196,
19,44656073,143,39,
19,44656105,114,25,
19,44656681,11,3,
19,44656840,7,3,
19,44656908,3,1,
19,44657188,6,0,
19,44657213,11,1,
19,44657291,287,288,
19,44657433,82,26,
19,44657527,18,3,
19,44657556,211,109,
19,44657692,8,0,
19,44657727,359,149,
19,44658103,121,162,
19,44658213,14,21,
19,44658465,8,3,
19,44658770,120,100,
19,44658771,20,11,
19,44658772,24,11,
19,44658798,38,4,
19,44658820,92,45,
19,44658908,600,443,
19,44658909,151,37,
19,44658960,12,0,
19,44658973,74,19,
19,44658978,128,53,
19,44659019,270,183,
19,44659137,80,9,
19,44659251,245,268,
19,44659291,7,0,
19,44659432,14,0,
19,44659494,4,0,
19,44659547,43,7,
19,44659661,29,17,
19,44659676,21,28,
19,44659712,91,69,
19,44659765,27,1,
19,44659822,281,180,
19,44659921,329,171,
19,44660041,35,6,
19,44660177,15,3,
19,44660323,395,575,
19,44660341,24,5,
19,44660437,289,189,
19,44660519,550,262,
19,44660736,90,26,
19,44660788,27,9,
19,44661053,15,0,
19,44661284,13,2,
19,44661402,5,0,
19,44661527,86,6,
19,44661568,8,3,
19,44661571,5,0,
19,44661607,87,10,
19,44661682,381,170,
19,44661744,5,0,
19,44661785,76,19,
19,44661831,12,3,
19,44661846,962,166,15
19,44661862,89,8,
19,44661906,10,2,
19,44662037,33,16,
19,44662045,24,1,
19,44662260,15,1,
19,44662280,16,6,
19,44662295,11,0,
19,44662364,13,2,
19,44662376,18,6,
19,44662497,149,33,
19,44662542,148,177,
19,44662548,20,0,
19,44662690,197,96,
19,44662757,309,236,
19,44662825,9,1,
19,44663003,263,251,
19,44663016,54,18,
19,44663072,29,2,
19,44663074,104,276,4
19,44663216,9,2,
19,44663227,666,752,14
19,44663261,6,0,
19,44663381,17,4,
19,44663546,41,3,
19,44663573,4,0,
19,44663608,8,2,
19,44663676,10,1,
19,44663684,202,31,
19,44663704,4,0,
19,44663705,4,0,
19,44663990,23,1,
19,44664176,19,6,
19,44664322,10,3,
19,44664330,10,0,
19,44664643,6,2,
19,44664723,10,1,
19,44664873,924,247,
19,44664875,24,2,
19,44664998,46,2,
19,44665070,33,21,
19,44665352,11,1,
19,44665365,24,4,
19,44665373,366,206,
19,44665450,9,1,
19,44665506,7,1,
19,44665525,10,5,
19,44665536,8,0,
19,44665569,3,0,
19,44665667,7,0,
19,44665704,50,21,
19,44665788,20,5,
19,44665815,275,42,25
19,44665845,71,59,
19,44665899,8,0,
19,44665928,76,134,
19,44665941,52,26,
19,44665984,111,32,
19,44665993,5,0,
19,44666024,11,2,
19,44666157,487,700,
19,44666176,11,5,
19,44666225,5,0,
19,44666305,7,0,
19,44666656,6,0,
19,44666719,8,2,
19,44666778,9,0,
19,44666827,3,0,
19,44666882,9,1,
19,44666896,123,67,29
19,44667472,36,3,
19,44667484,7,4,
19,44667667,267,253,
19,44667975,5,0,
19,44668654,4,0,
19,44668842,20,0,
19,44668910,7,0,
19,44669131,16,5,
19,44669214,5,0,
19,44669318,24,3,
19,44669365,74,50,
19,44669368,75,71,
19,44669393,5,0,
19,44669496,10,1,
19,44669589,3,1,
19,44669602,10,1,
19,44669610,10,2,
19,44669680,8,1,
19,44669716,16,12,
19,44669810,10,1,
19,44669853,222,186,28
19,44669858,139,92,10
19,44669998,141,124,6
19,44670319,83,26,17
19,44670326,122,61,7
19,44670338,6,7,
19,44670499,14,6,
19,44670590,163,191,27
19,44670878,11,5,
19,44671036,12,10,
19,44671373,178,84,1
19,44671375,18,1,25
19,44671472,80,96,20
19,44671484,151,141,2
19,44671584,48,16,16
19,44671601,22,27,13
19,44671804,77,20,
19,44672003,200,170,12
19,44672145,53,53,9
19,44672165,7,5,
19,44672414,213,197,22
19,44672450,71,32,24
19,44672521,27,7,
19,44672546,11,6,
19,44672590,9,2,
19,44672859,67,31,4
19,44672960,15,2,
19,44672976,8,0,
19,44673121,6,3,
19,44673296,38,7,
19,44673499,14,0,18
19,44673613,7,2,28
19,44673804,4,2,
19,44674239,5,5,
19,44674379,4,0,
19,44674707,4,1,
19,44674826,5,1,
19,44674911,5,0,
19,44674960,40,12,9
19,44675026,13,1,25
19,44675099,3,0,
20,44561328,360,301,
20,44561895,104,22,
20,44566748,202,135,
20,44567683,231,442,
20,44567857,1760,1626,
20,44568147,109,48,
20,44571692,155,26,
20,44573887,221,42,
20,44576183,74,69,
20,44576312,212,114,
20,44577210,129,62,
20,44578070,218,145,
20,44578143,216,165,
20,44580567,158,182,
20,44581725,117,71,
20,44582662,191,65,
20,44582730,64,61,
20,44583316,195,30,
20,44584372,518,386,
20,44584414,98,40,
20,44584830,81,81,
20,44585370,71,40,
20,44586723,456,683,
20,44587116,302,233,
20,44590034,88,104,
20,44590391,117,30,
20,44591305,307,24,
20,44591439,72,46,
20,44591605,241,85,
20,44591775,175,70,
20,44592377,332,253,
20,44592413,443,104,
20,44592797,91,54,
20,44593628,83,3,
20,44594156,658,146,
20,44594165,107,16,
20,44594486,50,47,
20,44594584,224,111,
20,44594808,562,173,
20,44595492,683,484,
20,44595824,101,83,
20,44597037,40,23,
20,44598090,292,165,
20,44598578,91,48,
20,44599549,259,177,
20,44600043,33,6,
20,44600070,60,11,
20,44600594,308,198,
20,44600899,56,33,
20,44601023,446,198,
20,44601045,250,262,
20,44602227,36,5,
20,44602532,151,44,
20,44602609,201,120,
20,44603066,261,147,
20,44603349,420,211,
20,44604024,91,13,
20,44604050,350,170,
20,44604125,34,5,
20,44604127,41,2,
20,44604311,98,22,
20,44604808,23,6,
20,44605169,117,38,
20,44605245,118,74,
20,44606184,936,899,
20,44606653,77,23,
20,44607403,127,65,
20,44607838,332,516,
20,44607961,163,98,
20,44608312,122,21,
20,44608754,309,216,
20,44608840,92,54,
20,44609154,46,40,
20,44609893,82,13,
20,44610468,268,23,
20,44610925,74,30,
20,44611298,77,52,
20,44612151,602,205,
20,44612313,202,146,
20,44612487,863,509,
20,44612643,102,36,
20,44612736,49,60,
20,44613268,104,88,
20,44613361,31,20,
20,44613419,77,75,
20,44613438,171,43,
20,44613594,19,3,
20,44613625,493,309,
20,44613791,76,132,
20,44613840,476,698,
20,44613901,17,15,
20,44614370,432,133,
20,44614372,79,17,
20,44614510,74,11,
20,44614747,34,10,
20,44614837,35,51,
20,44615033,136,128,
20,44615801,570,215,
20,44615862,17,5,
20,44616158,60,32,
20,44616405,66,4,
20,44616479,523,399,
20,44616688,60,31,
20,44618335,210,187,
20,44618509,63,9,
20,44618535,256,442,
20,44618687,360,120,
20,44619020,38,2,
20,44619206,454,267,
20,44619485,56,11,
20,44619709,97,68,
20,44619835,63,15,
20,44620002,379,193,
20,44620020,77,137,
20,44620577,19,4,
20,44620606,204,618,
20,44621487,130,52,
20,44621712,8,1,
20,44622360,14,3,
20,44622454,205,94,
20,44622543,41,5,
20,44622608,415,24,
20,44622637,203,84,
20,44622953,413,791,
20,44622954,34,16,
20,44622973,155,31,
20,44622994,55,11,
20,44622999,56,27,
20,44623207,420,256,
20,44623361,315,442,
20,44623581,207,33,
20,44623953,591,410,
20,44624114,255,179,
20,44625292,611,331,
20,44625360,85,14,
20,44625493,34,45,
20,44625846,58,22,
20,44626359,157,81,
20,44626363,250,125,
20,44626807,17,2,
20,44627158,105,22,
20,44627211,89,40,
20,44627732,17,14,
20,44627793,166,90,
20,44628082,132,76,
20,44628930,387,317,
20,44629074,148,193,
20,44629123,7,0,
20,44629134,334,296,
20,44629206,405,121,
20,44629299,214,100,
20,44629300,54,78,
20,44629710,801,428,
20,44629805,157,73,
20,44629962,91,25,
20,44630551,39,8,
20,44630648,203,86,
20,44630724,179,80,
20,44630760,174,537,
20,44630801,35,7,
20,44630901,76,57,
20,44630927,237,106,
20,44631042,158,51,
20,44631594,151,67,
20,44631934,10,8,
20,44632045,60,24,
20,44632218,22,1,
20,44632240,122,106,
20,44632314,213,92,17
20,44632365,3,1,
20,44632674,116,33,3
20,44632739,22,5,
20,44632783,33,8,10
20,44632890,10,1,
20,44632904,13,4,
20,44633384,58,59,
20,44633758,53,44,4
20,44633933,246,52,
20,44634208,91,39,12
20,44634340,235,211,
20,44634756,55,24,
20,44635075,23,33,
20,44635676,18,6,
20,44635745,549,421,
20,44635808,604,146,
20,44635867,194,187,
20,44635919,178,66,
20,44636204,243,108,
20,44636240,105,51,19
20,44636277,27,4,
20,44636691,136,36,
20,44636774,62,24,
20,44636850,48,8,
20,44636886,26,20,
20,44637151,107,51,
20,44637191,526,242,
20,44637352,522,148,
20,44637464,46,3,
20,44637523,62,3,
20,44637635,41,34,
20,44637715,327,72,
20,44637716,159,49,
20,44637802,21,1,
20,44637815,84,45,
20,44638076,92,29,
20,44638300,149,65,
20,44638304,96,46,
20,44638509,173,303,
20,44638510,79,28,
20,44638580,501,293,
20,44638689,75,27,
20,44638710,144,29,
20,44638948,90,129,
20,44639135,161,154,
20,44639421,130,52,
20,44639524,190,25,
20,44639802,24,3,
20,44639828,81,6,
20,44639880,32,11,
20,44640178,80,102,
20,44640233,45,89,
20,44640471,15,9,22
20,44640477,20,14,
20,44640525,20,2,
20,44640992,55,55,
20,44641021,16,2,
20,44641117,185,107,
20,44641464,271,203,
20,44641521,505,171,
20,44641669,130,111,
20,44641961,378,535,
20,44642349,260,164,
20,44642357,14,0,
20,44642796,145,74,
20,44642927,15,2,
20,44643564,557,332,
20,44644404,48,29,
20,44644718,5,1,
20,44645353,772,465,
20,44645597,80,31,
20,44645768,16,0,
20,44645796,11,0,
20,44645846,108,29,
20,44646065,126,13,
20,44646780,23,15,
20,44646801,404,237,
20,44646869,224,176,
20,44646901,172,57,
20,44646925,177,62,
20,44647112,614,866,
20,44647190,254,160,
20,44647572,90,24,
20,44647600,59,13,
20,44647609,50,26,
20,44647632,31,32,
20,44647772,12,4,
20,44648144,219,338,
20,44648700,85,84,
20,44648725,5,0,
20,44648728,365,227,
20,44648772,152,110,
20,44648926,38,6,
20,44648957,37,9,
20,44649036,125,161,
20,44649115,25,10,
20,44649319,154,43,
20,44649531,15,0,
20,44649651,143,41,
20,44649653,108,29,
20,44649817,110,103,
20,44650567,122,67,
20,44650622,86,22,
20,44650694,69,82,
20,44650840,199,40,
20,44651024,74,34,
20,44651066,597,137,
20,44651092,329,123,
20,44651142,15,0,
20,44651485,297,362,
20,44651536,153,48,
20,44651539,310,66,
20,44651616,173,175,
20,44651718,6,1,
20,44651744,8,2,
20,44651753,6,0,
20,44651766,269,182,
20,44651770,405,44,
20,44651904,7,0,
20,44652172,8,0,
20,44652187,6,0,
20,44652374,401,414,
20,44652482,64,51,
20,44653072,744,345,
20,44653136,262,66,
20,44653586,77,35,
20,44653965,283,58,
20,44653981,7,1,
20,44654022,81,18,
20,44654299,83,13,
20,44654423,8,0,
20,44654444,228,107,
20,44654494,138,70,
20,44654569,22,6,
20,44654770,25,8,
20,44654857,7,0,
20,44654936,4,0,
20,44655128,81,13,
20,44655385,187,74,
20,44655492,7,1,
20,44655515,144,173,
20,44655565,296,85,
20,44655600,94,87,
20,44655632,85,67,
20,44655741,15,0,
20,44655742,30,35,
20,44655804,50,71,
20,44655921,176,196,
20,44656073,144,39,
20,44656105,114,25,
20,44656681,11,3,
20,44656840,7,3,
20,44656908,3,1,
20,44657188,6,0,
20,44657213,11,1,
20,44657291,287,288,
20,44657433,82,26,
20,44657527,18,3,
20,44657556,212,112,
20,44657692,8,0,
20,44657727,360,149,
20,44658103,121,162,
20,44658213,14,21,
20,44658465,8,3,
20,44658770,120,100,
20,44658771,20,11,
20,44658772,24,11,
20,44658798,38,4,
20,44658820,92,45,
20,44658908,603,446,
20,44658909,151,37,
20,44658960,12,0,
20,44658973,74,19,
20,44658978,128,53,
20,44659019,270,184,
20,44659137,81,9,
20,44659251,245,268,
20,44659291,7,0,
20,44659432,14,0,
20,44659494,4,0,
20,44659547,43,7,
20,44659661,29,17,
20,44659676,21,28,
20,44659712,91,69,
20,44659765,27,1,
20,44659822,281,180,
20,44659921,330,172,
20,44660041,35,6,
20,44660177,15,3,
20,44660323,396,578,
20,44660341,24,5,
20,44660437,289,191,
20,44660519,552,265,
20,44660736,90,26,
20,44660788,27,9,
20,44661053,15,0,
20,44661284,13,2,
20,44661402,5,0,
20,44661527,86,6,
20,44661568,8,3,
20,44661571,5,0,
20,44661607,87,10,
20,44661682,382,173,
20,44661744,5,0,
20,44661785,76,19,
20,44661831,12,3,
20,44661846,970,167,15
20,44661862,89,8,
20,44661906,10,2,
20,44662037,33,16,
20,44662045,24,1,
20,44662260,15,1,
20,44662280,16,6,
20,44662295,11,0,
20,44662364,13,2,
20,44662376,18,6,
20,44662497,149,33,
20,44662542,148,178,
20,44662548,20,0,
20,44662690,197,96,
20,44662757,309,239,
20,44662825,9,1,
20,44663003,263,251,
20,44663016,54,18,
20,44663072,29,2,
20,44663074,140,299,4
20,44663216,9,2,
20,44663227,687,767,14
20,44663381,17,4,
20,44663546,41,3,
20,44663573,4,0,
20,44663676,10,1,
20,44663684,204,31,
20,44663704,4,0,
20,44663705,4,0,
20,44663990,23,1,
20,44664176,19,6,
20,44664322,10,3,
20,44664330,10,0,
20,44664643,6,2,
20,44664723,10,1,
20,44664873,932,252,
20,44664875,26,2,
20,44664998,47,2,
20,44665070,34,21,
20,44665352,11,1,
20,44665365,24,4,
20,44665373,371,207,
20,44665450,9,1,
20,44665506,7,1,
20,44665525,11,5,
20,44665569,3,0,
20,44665667,7,0,
20,44665704,50,21,
20,44665788,20,5,
20,44665815,278,42,27
20,44665899,8,0,
20,44665928,76,136,
20,44665941,52,26,
20,44665984,113,32,
20,44665993,5,0,
20,44666024,11,2,
20,44666157,492,705,
20,44666176,11,5,
20,44666225,5,0,
20,44666305,7,0,
20,44666656,6,0,
20,44666719,8,2,
20,44666778,9,0,
20,44666827,3,0,
20,44666882,9,1,
20,44666896,124,67,
20,44667472,36,3,
20,44667484,7,4,
20,44667667,272,257,
20,44667975,5,0,
20,44668654,4,0,
20,44668842,20,0,
20,44668910,7,0,
20,44669131,16,5,
20,44669214,5,0,
20,44669318,25,3,
20,44669365,74,52,
20,44669368,75,73,
20,44669393,5,0,
20,44669496,10,1,
20,44669589,3,1,
20,44669602,10,1,
20,44669610,11,2,
20,44669680,8,1,
20,44669716,16,12,
20,44669810,10,1,
20,44669853,226,188,
20,44669858,158,103,11
20,44669998,148,130,8
20,44670319,89,27,24
20,44670326,148,69,9
20,44670338,7,8,
20,44670564,7,1,
20,44670590,185,239,28
20,44670878,11,5,
20,44671036,12,10,
20,44671373,194,97,2
20,44671375,25,1,28
20,44671472,92,114,22
20,44671484,164,174,4
20,44671584,55,18,21
20,44671601,33,34,15
20,44671804,78,20,
20,44672003,210,183,18
20,44672145,60,61,13
20,44672165,7,5,
20,44672414,220,204,26
20,44672450,79,47,30
20,44672521,30,8,
20,44672546,11,6,
20,44672590,9,4,
20,44672859,80,35,7
20,44672960,15,2,
20,44672976,8,0,
20,44673121,7,4,
20,44673296,52,14,
20,44673499,20,2,20
20,44673613,8,2,
20,44673804,6,2,
20,44674034,5,0,
20,44674123,36,52,10
20,44674239,5,8,
20,44674379,5,0,
20,44674707,4,1,
20,44674763,6,0,
20,44674826,7,1,
20,44674830,33,3,6
20,44674960,170,153,1
20,44675099,5,0,
20,44675119,38,26,2
20,44675152,6,2,
20,44675186,5,1,
20,44675553,8,1,10
20,44675557,16,4,16
20,44675691,5,0,
21,44561328,360,301,
21,44561895,104,22,
21,44566748,202,135,
21,44567683,231,442,
21,44567857,1760,1626,
21,44568147,109,48,
21,44571692,155,26,
21,44573887,221,42,
21,44576183,74,69,
21,44576312,212,114,
21,44577210,129,62,
21,44578070,218,145,
21,44578143,216,165,
21,44581725,117,71,
21,44582662,191,65,
21,44582730,64,61,
21,44583316,195,30,
21,44584372,518,386,
21,44584414,98,40,
21,44584830,81,81,
21,44585370,71,40,
21,44586723,456,683,
21,44587116,302,233,
21,44590034,88,104,
21,44590391,117,30,
21,44591305,307,24,
21,44591439,72,46,
21,44591605,241,86,
21,44591775,175,70,
21,44592377,332,253,
21,44592413,443,104,
21,44592797,91,54,
21,44593628,83,3,
21,44594156,658,146,
21,44594165,107,16,
21,44594486,50,47,
21,44594584,224,111,
21,44594808,562,173,
21,44595492,683,484,
21,44595824,101,83,
21,44597037,40,23,
21,44598090,292,165,
21,44598578,91,48,
21,44599549,259,177,
21,44600043,33,6,
21,44600070,60,11,
21,44600594,308,198,
21,44600899,56,33,
21,44601023,447,198,
21,44601045,250,262,
21,44602227,36,5,
21,44602532,151,44,
21,44602609,201,120,
21,44603066,262,147,
21,44603349,420,211,
21,44604024,91,13,
21,44604050,350,170,
21,44604125,34,5,
21,44604127,41,2,
21,44604311,98,22,
21,44604808,23,6,
21,44605169,117,38,
21,44605245,118,74,
21,44606184,936,899,
21,44606653,77,23,
21,44607403,127,65,
21,44607838,332,516,
21,44607961,163,98,
21,44608754,309,216,
21,44608840,92,54,
21,44609154,46,40,
21,44609893,82,13,
21,44610468,268,23,
21,44610925,74,30,
21,44611298,77,52,
21,44612151,602,205,
21,44612313,202,147,
21,44612487,863,509,
21,44612643,102,36,
21,44612736,49,60,
21,44613268,104,88,
21,44613361,31,20,
21,44613419,77,75,
21,44613438,171,43,
21,44613594,19,3,
21,44613625,493,309,
21,44613791,76,132,
21,44613840,476,698,
21,44613901,17,15,
21,44614370,432,133,
21,44614372,79,17,
21,44614510,74,11,
21,44614747,34,10,
21,44614837,35,51,
21,44615033,136,128,
21,44615801,570,215,
21,44615862,17,5,
21,44616158,60,32,
21,44616405,66,4,
21,44616479,523,401,
21,44616688,60,31,
21,44618509,63,9,
21,44618535,256,442,
21,44618687,360,120,
21,44619020,38,2,
21,44619206,454,267,
21,44619485,56,11,
21,44619709,97,68,
21,44619835,63,15,
21,44620002,379,193,
21,44620020,77,137,
21,44620577,19,4,
21,44620606,204,618,
21,44621487,130,52,
21,44621712,8,1,
21,44622360,14,3,
21,44622454,205,94,
21,44622543,41,5,
21,44622608,415,24,
21,44622637,203,84,
21,44622953,413,791,
21,44622954,34,16,
21,44622973,155,31,
21,44622994,56,11,
21,44622999,56,27,
21,44623207,421,256,
21,44623361,315,442,
21,44623581,207,33,
21,44623953,591,410,
21,44624114,255,179,
21,44625292,611,331,
21,44625360,85,14,
21,44625493,34,45,
21,44625846,58,22,
21,44626359,157,82,
21,44626363,250,125,
21,44626807,17,2,
21,44627158,105,22,
21,44627211,90,40,
21,44627732,17,14,
21,44627793,166,90,
21,44628082,132,76,
21,44628930,387,317,
21,44629074,148,194,
21,44629123,7,0,
21,44629134,334,296,
21,44629206,405,121,
21,44629299,214,100,
21,44629300,55,78,
21,44629710,801,428,
21,44629805,158,73,
21,44629962,91,25,
21,44630648,203,86,
21,44630724,179,80,
21,44630760,174,537,
21,44630801,35,7,
21,44630901,76,57,
21,44630927,237,106,
21,44631042,158,51,
21,44631594,151,67,
21,44631934,10,8,
21,44632045,60,24,
21,44632218,22,1,
21,44632240,122,106,
21,44632314,227,96,23
21,44632365,3,1,
21,44632674,138,43,3
21,44632739,24,5,
21,44632783,44,11,13
21,44632890,10,1,
21,44632904,13,4,
21,44633758,63,59,21
21,44633933,246,52,
21,44634030,11,4,18
21,44634208,102,42,19
21,44634340,236,211,
21,44634576,11,1,15
21,44634598,20,2,16
21,44634756,55,25,
21,44635075,23,33,
21,44635676,18,6,
21,44635745,549,421,
21,44635808,604,146,
21,44635867,194,187,
21,44635919,178,66,
21,44636204,243,108,
21,44636240,107,55,
21,44636277,27,4,
21,44636691,136,36,
21,44636774,62,24,
21,44636850,48,8,
21,44636886,26,20,
21,44637151,107,51,
21,44637191,526,242,
21,44637352,523,148,
21,44637464,46,3,
21,44637523,62,3,
21,44637635,41,34,
21,44637715,327,72,
21,44637716,159,49,
21,44637802,21,1,
21,44637815,84,45,
21,44638076,92,29,
21,44638300,150,65,
21,44638304,96,46,
21,44638509,173,303,
21,44638510,79,28,
21,44638580,501,293,
21,44638689,75,27,
21,44638710,144,29,
21,44638948,90,129,
21,44639135,161,154,
21,44639421,130,52,
21,44639524,190,25,
21,44639828,81,6,
21,44639880,32,11,
21,44640178,80,102,
21,44640233,45,89,
21,44640471,22,13,29
21,44640477,20,14,
21,44640525,20,2,
21,44640992,56,55,
21,44641021,16,2,
21,44641117,185,107,
21,44641464,271,203,
21,44641521,505,171,
21,44641669,130,111,
21,44641961,378,535,
21,44642349,260,164,
21,44642357,14,0,
21,44642796,145,74,
21,44642927,15,2,
21,44643564,557,332,
21,44644404,48,29,
21,44644718,5,1,
21,44645353,773,465,
21,44645597,80,31,
21,44645768,16,0,
21,44645796,11,0,
21,44645846,108,29,
21,44646065,126,13,
21,44646780,23,15,
21,44646801,404,237,
21,44646869,224,176,
21,44646901,172,57,
21,44646925,177,62,
21,44647112,614,866,
21,44647190,254,160,
21,44647572,90,24,
21,44647600,59,13,
21,44647609,50,26,
21,44647632,31,32,
21,44647772,12,4,
21,44648144,219,338,
21,44648700,85,84,
21,44648728,365,228,
21,44648772,152,110,
21,44648926,38,6,
21,44648957,37,9,
21,44649036,125,161,
21,44649115,25,10,
21,44649319,154,43,
21,44649531,15,0,
21,44649651,143,41,
21,44649653,108,29,
21,44649817,110,103,
21,44650567,122,67,
21,44650622,86,22,
21,44650694,69,82,
21,44650840,199,40,
21,44651024,74,34,
21,44651066,597,137,
21,44651092,329,123,
21,44651142,15,0,
21,44651485,297,362,
21,44651536,153,48,
21,44651539,310,67,
21,44651616,173,175,
21,44651718,6,1,
21,44651744,8,2,
21,44651753,6,0,
21,44651766,269,182,
21,44651770,405,44,
21,44651904,7,0,
21,44652172,8,0,
21,44652187,6,0,
21,44652374,401,414,
21,44652482,64,51,
21,44653072,745,345,
21,44653136,268,66,
21,44653586,77,35,
21,44653965,283,58,
21,44653981,7,1,
21,44654022,81,18,
21,44654299,83,13,
21,44654423,8,0,
21,44654444,228,108,
21,44654494,138,70,
21,44654569,22,6,
21,44654770,25,8,
21,44654857,7,0,
21,44654936,4,0,
21,44655128,81,13,
21,44655385,187,74,
21,44655492,7,1,
21,44655515,144,173,
21,44655565,296,85,
21,44655600,94,87,
21,44655632,85,67,
21,44655741,15,0,
21,44655742,30,36,
21,44655804,50,71,
21,44655921,176,196,
21,44656073,144,39,
21,44656105,114,25,
21,44656681,11,3,
21,44656840,7,3,
21,44656908,3,1,
21,44657188,6,0,
21,44657213,11,1,
21,44657291,288,288,
21,44657433,82,26,
21,44657527,18,3,
21,44657556,214,112,
21,44657692,8,0,
21,44657727,360,149,
21,44658103,121,162,
21,44658213,14,21,
21,44658465,8,3,
21,44658770,120,100,
21,44658771,20,11,
21,44658772,24,11,
21,44658798,38,4,
21,44658820,92,45,
21,44658908,604,447,
21,44658909,151,37,
21,44658960,12,0,
21,44658973,74,19,
21,44658978,129,54,
21,44659019,271,187,
21,44659137,81,9,
21,44659251,248,272,
21,44659291,7,0,
21,44659432,14,0,
21,44659494,4,0,
21,44659547,43,7,
21,44659661,29,17,
21,44659676,24,29,
21,44659712,91,69,
21,44659765,27,1,
21,44659822,281,181,
21,44659921,331,172,
21,44660041,35,6,
21,44660177,15,3,
21,44660323,401,582,
21,44660341,24,5,
21,44660437,289,191,
21,44660519,553,265,
21,44660736,90,26,
21,44660788,27,9,
21,44661053,15,0,
21,44661284,13,2,
21,44661402,5,0,
21,44661527,86,6,
21,44661571,5,0,
21,44661607,87,11,
21,44661682,386,174,
21,44661744,5,0,
21,44661785,76,19,
21,44661831,12,3,
21,44661846,979,169,22
21,44661862,89,8,
21,44661906,10,2,
21,44662037,33,16,
21,44662045,25,1,
21,44662260,15,1,
21,44662280,16,6,
21,44662295,11,0,
21,44662364,13,2,
21,44662376,18,6,
21,44662497,150,33,
21,44662542,148,178,
21,44662548,20,0,
21,44662690,198,96,
21,44662757,312,242,
21,44662825,9,1,
21,44663003,264,251,
21,44663016,55,18,
21,44663072,30,2,
21,44663074,168,332,2
21,44663216,9,2,
21,44663227,691,772,20
21,44663381,17,4,
21,44663573,4,0,
21,44663684,205,33,
21,44663704,4,0,
21,44663705,4,0,
21,44663990,23,1,
21,44664176,19,6,
21,44664322,10,3,
21,44664330,10,0,
21,44664643,6,2,
21,44664723,10,1,
21,44664873,934,255,
21,44664875,26,3,
21,44664998,47,2,
21,44665070,35,21,
21,44665352,11,1,
21,44665365,24,4,
21,44665373,372,210,
21,44665450,9,1,
21,44665506,7,1,
21,44665525,11,5,
21,44665569,3,0,
21,44665667,7,0,
21,44665704,50,21,
21,44665788,20,5,
21,44665815,280,42,
21,44665899,8,0,
21,44665928,76,136,
21,44665941,52,27,
21,44665984,114,32,
21,44666024,11,2,
21,44666157,493,709,
21,44666176,12,5,
21,44666225,5,0,
21,44666305,7,0,
21,44666656,6,0,
21,44666719,8,2,
21,44666778,9,0,
21,44666827,3,0,
21,44666882,9,1,
21,44666896,124,67,
21,44667472,36,3,
21,44667484,7,4,
21,44667667,275,261,
21,44667975,5,0,
21,44668654,4,0,
21,44668842,20,0,
21,44668910,7,0,
21,44669131,16,5,
21,44669318,25,3,
21,44669365,74,53,
21,44669368,75,75,
21,44669393,5,0,
21,44669496,10,1,
21,44669602,10,1,
21,44669610,11,2,
21,44669680,8,1,
21,44669716,16,12,
21,44669810,10,1,
21,44669853,228,191,
21,44669858,169,116,13
21,44669998,155,143,9
21,44670319,104,29,25
21,44670326,161,72,12
21,44670338,8,8,
21,44670564,7,1,
21,44670590,190,273,
21,44670878,11,7,
21,44671036,12,10,
21,44671373,207,106,4
21,44671375,34,3,28
21,44671472,108,127,27
21,44671484,178,190,5
21,44671584,59,20,26
21,44671601,37,39,16
21,44671804,80,20,
21,44672003,216,191,
21,44672145,65,67,17
21,44672165,7,5,
21,44672414,226,210,
21,44672450,87,53,
21,44672521,30,9,
21,44672546,11,6,
21,44672590,9,4,
21,44672859,87,44,8
21,44672960,16,2,
21,44672976,9,0,
21,44673121,7,4,
21,44673296,61,21,
21,44673499,27,3,25
21,44673613,10,4,
21,44673804,6,2,
21,44673835,9,1,
21,44674034,7,0,
21,44674123,37,68,
21,44674239,5,12,
21,44674379,5,0,
21,44674707,4,2,
21,44674763,6,0,
21,44674826,10,1,
21,44674830,64,12,4
21,44674960,223,221,1
21,44675099,6,0,
21,44675119,53,45,7
21,44675152,7,2,
21,44675186,9,2,
21,44675330,4,5,
21,44675553,33,2,1
21,44675557,32,8,15
21,44675691,46,28,7
21,44675697,42,20,10
21,44675708,76,62,1
21,44675965,52,79,2
21,44676066,26,10,6
21,44676162,4,1,
21,44676348,3,0,
21,44676424,5,0,
21,44676518,5,0,
21,44676555,8,2,
21,44676559,12,1,
21,44676591,4,0,
22,44561328,360,301,
22,44561895,104,22,
22,44566748,202,135,
22,44567683,231,442,
22,44567857,1760,1626,
22,44571692,155,26,
22,44573887,221,42,
22,44576183,74,69,
22,44576312,212,114,
22,44577210,129,62,
22,44578070,218,145,
22,44578143,216,165,
22,44581725,118,71,
22,44582662,191,65,
22,44582730,64,61,
22,44583316,195,30,
22,44584372,518,386,
22,44584414,98,40,
22,44584830,81,81,
22,44585370,71,40,
22,44586723,456,683,
22,44587116,303,233,
22,44590034,88,104,
22,44590391,117,30,
22,44591305,307,24,
22,44591439,72,46,
22,44591605,241,87,
22,44591775,175,70,
22,44592377,332,253,
22,44592413,443,104,
22,44592797,91,54,
22,44593628,83,3,
22,44594156,658,146,
22,44594165,107,16,
22,44594486,50,47,
22,44594584,224,111,
22,44594808,562,173,
22,44595492,683,484,
22,44595824,101,83,
22,44597037,40,23,
22,44598090,292,165,
22,44598578,91,48,
22,44599549,259,177,
22,44600043,33,6,
22,44600070,60,11,
22,44600899,56,33,
22,44601023,447,198,
22,44601045,250,262,
22,44602227,36,5,
22,44602532,152,44,
22,44602609,201,120,
22,44603066,262,147,
22,44603349,420,211,
22,44604024,91,13,
22,44604050,350,170,
22,44604125,34,5,
22,44604127,41,2,
22,44604311,98,22,
22,44604808,23,6,
22,44605169,117,38,
22,44605245,118,74,
22,44606184,936,899,
22,44606653,77,23,
22,44607403,127,65,
22,44607838,332,516,
22,44607961,163,98,
22,44608754,309,216,
22,44608840,92,54,
22,44609154,46,40,
22,44609893,82,13,
22,44610468,268,23,
22,44610925,74,30,
22,44611298,77,52,
22,44612151,602,205,
22,44612313,204,148,
22,44612487,863,509,
22,44612643,102,36,
22,44612736,49,60,
22,44613268,104,88,
22,44613361,31,20,
22,44613419,77,75,
22,44613438,171,43,
22,44613594,19,3,
22,44613625,493,309,
22,44613791,76,132,
22,44613840,476,698,
22,44613901,17,15,
22,44614370,432,133,
22,44614372,79,17,
22,44614510,74,11,
22,44614747,34,10,
22,44614837,35,51,
22,44615033,136,128,
22,44615801,570,215,
22,44615862,17,5,
22,44616158,60,32,
22,44616405,66,4,
22,44616479,523,402,
22,44616688,60,31,
22,44618509,63,9,
22,44618535,256,442,
22,44618687,360,120,
22,44619020,38,2,
22,44619206,454,267,
22,44619485,56,11,
22,44619709,97,68,
22,44619835,64,15,
22,44620002,379,193,
22,44620020,77,137,
22,44620577,19,4,
22,44620606,204,618,
22,44621487,130,52,
22,44622360,14,3,
22,44622454,205,94,
22,44622543,41,5,
22,44622608,415,24,
22,44622637,203,84,
22,44622953,413,791,
22,44622954,34,16,
22,44622973,155,31,
22,44622994,56,12,
22,44622999,56,27,
22,44623207,421,256,
22,44623361,315,442,
22,44623581,207,33,
22,44623953,591,410,
22,44624114,255,179,
22,44625292,611,331,
22,44625360,85,14,
22,44625493,38,47,23
22,44625846,58,22,
22,44626359,157,82,
22,44626363,250,125,
22,44626807,17,2,
22,44627158,105,22,
22,44627211,90,40,
22,44627732,17,14,
22,44627793,166,90,
22,44628082,132,76,
22,44628930,387,317,
22,44629074,148,194,
22,44629123,7,0,
22,44629134,334,296,
22,44629206,405,121,
22,44629299,214,100,
22,44629300,55,78,
22,44629710,801,428,
22,44629805,159,73,
22,44629962,91,25,
22,44630648,203,86,
22,44630724,179,80,
22,44630760,174,537,
22,44630801,35,7,
22,44630901,76,57,
22,44630927,237,106,
22,44631042,158,51,
22,44631594,151,67,
22,44631934,10,8,
22,44632045,60,24,
22,44632218,22,1,
22,44632240,122,106,
22,44632314,235,102,26
22,44632365,3,1,
22,44632674,172,51,3
22,44632739,24,5,
22,44632783,49,17,19
22,44632890,10,1,
22,44632904,13,4,
22,44633522,6,0,16
22,44633758,64,61,
22,44633933,246,52,
22,44634030,13,9,14
22,44634208,108,44,22
22,44634340,236,211,
22,44634576,21,2,6
22,44634598,55,23,2
22,44634756,55,26,
22,44635075,23,34,
22,44635676,18,6,
22,44635745,549,421,
22,44635808,605,146,
22,44635867,194,187,
22,44635919,178,66,
22,44636204,243,108,
22,44636240,110,57,17
22,44636277,27,4,
22,44636691,136,36,
22,44636774,62,24,
22,44636850,48,8,
22,44636886,26,20,
22,44637151,108,51,
22,44637191,526,242,
22,44637352,523,148,
22,44637464,46,3,
22,44637523,62,3,
22,44637635,41,34,
22,44637715,327,72,
22,44637716,159,49,
22,44637802,21,1,
22,44637815,84,45,
22,44638076,92,29,
22,44638300,150,65,
22,44638304,96,46,
22,44638509,173,303,
22,44638510,79,28,
22,44638580,501,293,
22,44638689,75,27,
22,44638710,144,29,
22,44638948,90,129,
22,44639135,161,155,
22,44639421,130,52,
22,44639524,190,25,
22,44639828,82,6,
22,44639880,32,11,
22,44640178,80,102,
22,44640233,45,89,
22,44640471,27,15,27
22,44640477,20,14,
22,44640525,20,2,
22,44641021,16,2,
22,44641117,185,107,
22,44641464,271,203,
22,44641521,505,171,
22,44641669,130,111,
22,44641961,378,535,
22,44642349,260,164,
22,44642357,14,0,
22,44642796,145,74,
22,44642927,15,2,
22,44643564,557,332,
22,44644404,48,29,
22,44645353,774,465,
22,44645597,80,31,
22,44645768,16,0,
22,44645796,11,0,
22,44645846,108,29,
22,44646065,126,13,
22,44646780,23,15,
22,44646801,404,237,
22,44646869,224,176,
22,44646901,172,57,
22,44646925,177,62,
22,44647112,614,867,
22,44647190,254,160,
22,44647572,90,24,
22,44647600,59,13,
22,44647609,50,26,
22,44647632,32,32,
22,44647772,12,4,
22,44648144,219,338,
22,44648700,85,84,
22,44648728,365,228,
22,44648772,152,110,
22,44648926,38,6,
22,44648957,37,9,
22,44649036,125,161,
22,44649115,25,10,
22,44649319,154,43,
22,44649531,15,0,
22,44649651,143,41,
22,44649653,108,29,
22,44649817,110,103,
22,44650567,122,67,
22,44650622,86,22,
22,44650694,69,82,
22,44650840,199,40,
22,44651024,74,34,
22,44651066,598,137,
22,44651092,329,123,
22,44651142,15,0,
22,44651485,297,362,
22,44651536,153,48,
22,44651539,310,67,
22,44651616,173,175,
22,44651718,6,1,
22,44651744,8,2,
22,44651753,6,0,
22,44651766,269,182,
22,44651770,405,44,
22,44651904,7,0,
22,44652172,8,0,
22,44652187,6,0,
22,44652374,401,414,
22,44652482,64,51,
22,44653072,746,350,
22,44653136,268,66,
22,44653586,78,35,
22,44653965,283,58,
22,44653981,7,1,
22,44654022,81,18,
22,44654299,83,13,
22,44654423,8,0,
22,44654444,228,108,
22,44654494,138,70,
22,44654569,22,6,
22,44654770,25,8,
22,44654857,7,0,
22,44655128,81,13,
22,44655385,187,74,
22,44655492,7,1,
22,44655515,144,174,
22,44655565,297,85,
22,44655600,94,87,
22,44655632,85,67,
22,44655741,15,0,
22,44655742,30,36,
22,44655804,50,71,
22,44655921,177,196,
22,44656073,144,39,
22,44656105,114,25,
22,44656681,11,3,
22,44656840,7,3,
22,44656908,3,1,
22,44657188,6,0,
22,44657213,11,1,
22,44657291,289,292,
22,44657433,82,26,
22,44657527,18,3,
22,44657556,214,112,
22,44657692,8,0,
22,44657727,361,149,
22,44658103,122,162,
22,44658213,14,21,
22,44658465,8,3,
22,44658770,120,100,
22,44658771,20,11,
22,44658772,24,11,
22,44658798,38,4,
22,44658820,92,45,
22,44658908,607,449,
22,44658909,151,37,
22,44658960,12,0,
22,44658973,74,19,
22,44658978,129,54,
22,44659019,271,188,
22,44659137,81,9,
22,44659251,248,273,
22,44659291,7,0,
22,44659432,14,0,
22,44659494,4,0,
22,44659547,43,7,
22,44659661,29,17,
22,44659676,24,29,
22,44659712,92,69,
22,44659765,27,1,
22,44659822,281,181,
22,44659921,332,172,
22,44660041,35,6,
22,44660177,15,3,
22,44660323,401,582,
22,44660341,24,5,
22,44660437,289,191,
22,44660519,553,265,
22,44660736,90,26,
22,44660788,27,9,
22,44661053,15,0,
22,44661284,13,2,
22,44661402,5,0,
22,44661527,87,6,
22,44661571,5,0,
22,44661607,87,11,
22,44661682,387,174,
22,44661744,5,0,
22,44661785,76,19,
22,44661831,12,3,
22,44661846,984,170,
22,44661862,89,8,
22,44661906,10,2,
22,44662037,33,16,
22,44662045,25,1,
22,44662280,16,6,
22,44662364,13,2,
22,44662376,18,6,
22,44662497,152,33,
22,44662542,148,178,
22,44662548,20,0,
22,44662690,198,96,
22,44662757,312,242,
22,44662825,9,1,
22,44663003,264,251,
22,44663016,55,18,
22,44663072,30,2,
22,44663074,193,378,2
22,44663216,9,2,
22,44663227,692,778,
22,44663381,17,4,
22,44663573,4,0,
22,44663684,206,33,
22,44663704,4,0,
22,44663705,4,0,
22,44663990,23,1,
22,44664176,19,6,
22,44664322,10,3,
22,44664643,6,2,
22,44664723,10,1,
22,44664873,938,256,
22,44664875,26,3,
22,44664998,47,2,
22,44665070,36,21,
22,44665352,11,1,
22,44665365,24,4,
22,44665373,374,212,
22,44665450,9,1,
22,44665506,7,1,
22,44665525,11,5,
22,44665569,3,0,
22,44665667,7,0,
22,44665704,51,21,
22,44665788,20,5,
22,44665815,280,42,
22,44665899,8,0,
22,44665928,76,137,
22,44665941,53,27,
22,44665984,114,32,
22,44666157,494,712,
22,44666176,12,5,
22,44666656,6,0,
22,44666719,8,2,
22,44666778,9,0,
22,44666827,3,0,
22,44666882,10,1,
22,44666896,124,67,
22,44667472,36,3,
22,44667484,7,4,
22,44667667,281,273,
22,44667975,5,0,
22,44668654,4,0,
22,44668842,20,0,
22,44668910,7,0,
22,44669131,16,5,
22,44669318,25,3,
22,44669365,74,54,
22,44669368,75,79,
22,44669393,5,0,
22,44669496,10,1,
22,44669602,10,1,
22,44669610,11,2,
22,44669680,8,1,
22,44669716,17,13,
22,44669810,10,1,
22,44669853,228,191,
22,44669858,181,121,16
22,44669998,161,150,11
22,44670319,108,30,29
22,44670326,170,76,17
22,44670338,8,8,
22,44670564,7,1,
22,44670590,194,286,
22,44670878,11,7,
22,44671036,12,10,
22,44671373,217,108,5
22,44671375,34,3,
22,44671472,112,142,
22,44671484,195,201,8
22,44671584,61,21,
22,44671601,44,42,24
22,44671804,81,20,
22,44672003,222,204,
22,44672145,71,68,24
22,44672165,7,5,
22,44672414,229,211,
22,44672450,88,57,
22,44672521,32,11,
22,44672546,11,6,
22,44672590,9,4,
22,44672859,97,46,20
22,44672960,16,2,
22,44672976,10,0,
22,44673004,11,4,
22,44673121,7,4,
22,44673296,71,28,
22,44673499,29,5,
22,44673613,10,4,
22,44673804,6,2,
22,44673835,9,1,
22,44674034,7,0,
22,44674123,53,86,8
22,44674239,5,13,
22,44674379,5,0,
22,44674707,4,2,
22,44674763,7,0,
22,44674826,11,1,
22,44674960,238,237,30
22,44675099,6,0,
22,44675119,60,49,28
22,44675186,9,2,
22,44675330,4,6,
22,44675553,58,6,1
22,44675557,42,11,21
22,44675691,60,36,10
22,44675708,87,70,18
22,44675965,92,148,11
22,44676066,31,13,13
22,44676162,6,4,
22,44676315,6,0,22
22,44676348,12,1,7
22,44676424,6,0,
22,44676518,9,2,
22,44676555,12,3,
22,44676559,88,36,4
22,44676591,8,2,
22,44676714,5,1,15
22,44676817,10,0,6
22,44676829,9,1,
22,44676961,3,2,14
23,44561328,360,301,
23,44566748,202,135,
23,44567683,231,442,
23,44567857,1761,1626,
23,44571692,155,26,
23,44573887,221,42,
23,44576183,74,69,
23,44576312,212,114,
23,44577210,129,62,
23,44578070,218,145,
23,44578143,216,165,
23,44581725,118,71,
23,44582662,191,65,
23,44582730,64,61,
23,44583316,195,30,
23,44584372,518,386,
23,44584414,98,40,
23,44584830,81,81,
23,44585370,71,40,
23,44586723,456,683,
23,44587116,303,233,
23,44590034,88,104,
23,44590391,117,30,
23,44591305,307,24,
23,44591439,72,46,
23,44591605,242,88,
23,44591775,175,70,
23,44592377,332,253,
23,44592413,443,104,
23,44592797,91,54,
23,44593628,83,3,
23,44594156,658,146,
23,44594165,107,16,
23,44594486,50,47,
23,44594584,225,111,
23,44594808,562,173,
23,44595492,683,483,
23,44595824,101,83,
23,44597037,40,23,
23,44598090,292,165,
23,44598578,91,48,
23,44599549,259,177,
23,44600043,33,6,
23,44600070,60,11,
23,44600899,56,33,
23,44601023,447,198,
23,44601045,250,262,
23,44602227,36,5,
23,44602532,152,44,
23,44602609,201,120,
23,44603066,262,147,
23,44603349,420,211,
23,44604024,91,13,
23,44604050,350,170,
23,44604125,34,5,
23,44604127,41,2,
23,44604311,98,22,
23,44604808,23,6,
23,44605169,117,38,
23,44605245,118,74,
23,44606184,936,899,
23,44606653,77,23,
23,44607403,127,65,
23,44607838,332,516,
23,44607961,163,98,
23,44608754,309,216,
23,44609154,46,40,
23,44609893,82,13,
23,44610468,268,23,
23,44610925,74,30,
23,44611298,77,52,
23,44612151,602,205,
23,44612313,204,150,
23,44612487,863,509,
23,44612643,102,36,
23,44612736,49,60,
23,44613268,104,88,
23,44613361,31,21,
23,44613419,77,75,
23,44613438,171,44,
23,44613594,19,3,
23,44613625,493,309,
23,44613791,76,132,
23,44613840,476,698,
23,44613901,17,15,
23,44614370,432,133,
23,44614372,79,17,
23,44614510,74,11,
23,44614747,34,10,
23,44614837,35,51,
23,44615033,136,128,
23,44615801,570,215,
23,44615862,17,5,
23,44616158,60,32,
23,44616405,66,4,
23,44616479,523,402,
23,44616688,60,31,
23,44618509,63,9,
23,44618535,256,442,
23,44618687,360,120,
23,44619020,38,2,
23,44619206,455,267,
23,44619485,56,11,
23,44619709,97,68,
23,44619835,64,15,
23,44620002,379,193,
23,44620020,79,138,
23,44620577,19,4,
23,44620606,204,618,
23,44621487,130,52,
23,44622360,14,3,
23,44622454,205,94,
23,44622543,41,5,
23,44622608,415,24,
23,44622637,204,85,
23,44622953,413,791,
23,44622954,34,16,
23,44622973,155,31,
23,44622994,57,12,
23,44622999,56,27,
23,44623207,421,256,
23,44623361,315,442,
23,44623581,207,33,
23,44623953,591,410,
23,44624114,255,179,
23,44625292,611,331,
23,44625360,85,14,
23,44625493,44,52,24
23,44625846,59,22,
23,44626359,160,82,
23,44626363,250,125,
23,44626807,17,2,
23,44627158,105,22,
23,44627211,90,40,
23,44627732,17,14,
23,44627793,166,90,
23,44628082,132,76,
23,44628930,387,317,
23,44629123,7,0,
23,44629134,334,296,
23,44629206,405,121,
23,44629299,214,100,
23,44629300,55,78,
23,44629710,801,428,
23,44629805,160,75,
23,44629962,91,25,
23,44630648,203,86,
23,44630724,179,80,
23,44630760,174,537,
23,44630801,35,7,
23,44630901,76,57,
23,44630927,237,106,
23,44631042,159,51,
23,44631594,151,67,
23,44631934,10,9,
23,44632045,60,24,
23,44632218,22,1,
23,44632240,122,106,
23,44632314,244,107,30
23,44632365,3,1,
23,44632674,195,53,4
23,44632739,25,5,
23,44632783,55,17,21
23,44632890,11,1,
23,44632904,13,4,
23,44633522,11,1,19
23,44633758,65,63,
23,44633933,246,52,
23,44634030,19,18,21
23,44634110,7,2,20
23,44634208,115,46,25
23,44634340,237,211,
23,44634576,32,3,7
23,44634598,75,39,3
23,44634756,56,26,
23,44635075,23,35,
23,44635676,18,6,
23,44635745,549,421,
23,44635808,605,146,
23,44635867,194,187,
23,44635919,178,66,
23,44636204,243,108,
23,44636240,118,59,18
23,44636277,27,4,
23,44636691,136,36,
23,44636774,62,24,
23,44636850,48,8,
23,44636886,26,20,
23,44637151,108,51,
23,44637191,526,242,
23,44637352,523,148,
23,44637464,46,3,
23,44637523,62,3,
23,44637635,41,34,
23,44637715,327,72,
23,44637716,159,49,
23,44637802,21,1,
23,44637815,84,45,
23,44638076,92,29,
23,44638300,150,65,
23,44638304,96,48,
23,44638509,173,303,
23,44638510,79,28,
23,44638580,501,293,
23,44638689,75,27,
23,44638710,144,29,
23,44638948,90,129,
23,44639135,161,155,
23,44639421,130,53,
23,44639524,190,25,
23,44639828,82,6,
23,44639880,32,11,
23,44640178,80,102,
23,44640233,45,89,
23,44640471,29,17,
23,44640477,20,14,
23,44640525,20,2,
23,44641021,16,2,
23,44641117,185,107,
23,44641464,271,203,
23,44641521,505,171,
23,44641669,130,111,
23,44641961,378,536,
23,44642349,260,164,
23,44642357,14,0,
23,44642796,145,74,
23,44642927,15,2,
23,44643564,557,332,
23,44644404,48,29,
23,44645353,774,467,
23,44645597,80,31,
23,44645768,16,0,
23,44645796,11,0,
23,44645846,108,29,
23,44646065,126,13,
23,44646780,23,15,
23,44646801,404,237,
23,44646869,224,176,
23,44646901,172,57,
23,44646925,178,62,
23,44647112,614,869,
23,44647190,254,160,
23,44647572,90,24,
23,44647600,59,13,
23,44647609,50,26,
23,44647632,32,32,
23,44647772,12,4,
23,44648144,219,338,
23,44648700,85,84,
23,44648728,365,228,
23,44648772,152,110,
23,44648926,38,6,
23,44648957,37,9,
23,44649036,125,161,
23,44649115,25,10,
23,44649319,154,43,
23,44649531,15,0,
23,44649651,144,41,
23,44649653,108,29,
23,44649817,110,103,
23,44650567,122,67,
23,44650622,86,22,
23,44650694,69,82,
23,44650840,199,40,
23,44651024,74,34,
23,44651066,598,137,
23,44651092,329,123,
23,44651142,15,0,
23,44651485,298,362,
23,44651536,154,48,
23,44651539,310,67,
23,44651616,173,175,
23,44651718,6,1,
23,44651744,8,2,
23,44651753,6,0,
23,44651766,269,182,
23,44651770,405,44,
23,44651904,7,0,
23,44652172,8,0,
23,44652187,6,0,
23,44652374,401,414,
23,44652482,64,51,
23,44653072,746,351,
23,44653136,269,66,
23,44653586,79,35,
23,44653965,283,58,
23,44653981,7,1,
23,44654022,81,18,
23,44654299,83,13,
23,44654423,8,0,
23,44654444,228,108,
23,44654494,138,70,
23,44654569,22,6,
23,44654770,25,8,
23,44654857,7,0,
23,44655128,81,13,
23,44655385,189,74,
23,44655492,7,1,
23,44655515,144,174,
23,44655565,297,86,
23,44655600,94,87,
23,44655632,85,67,
23,44655741,15,0,
23,44655742,30,36,
23,44655804,50,71,
23,44655921,178,196,
23,44656073,144,39,
23,44656105,114,25,
23,44656681,11,3,
23,44656840,7,3,
23,44656908,3,1,
23,44657188,6,0,
23,44657213,11,1,
23,44657291,289,292,
23,44657433,82,26,
23,44657527,18,3,
23,44657556,218,113,
23,44657692,8,0,
23,44657727,361,151,
23,44658103,122,162,
23,44658213,14,21,
23,44658465,8,3,
23,44658770,120,100,
23,44658771,20,11,
23,44658772,24,11,
23,44658798,38,4,
23,44658820,93,45,
23,44658908,607,449,
23,44658909,151,37,
23,44658960,12,0,
23,44658973,74,19,
23,44658978,129,54,
23,44659019,272,189,
23,44659137,81,9,
23,44659251,250,273,
23,44659291,7,0,
23,44659432,14,0,
23,44659494,4,0,
23,44659547,43,7,
23,44659661,29,17,
23,44659676,24,29,
23,44659712,93,69,
23,44659765,27,1,
23,44659822,281,182,
23,44659921,335,172,
23,44660041,35,6,
23,44660177,15,3,
23,44660323,403,583,
23,44660341,24,5,
23,44660437,290,192,
23,44660519,557,265,
23,44660736,90,26,
23,44660788,28,9,
23,44661284,13,2,
23,44661402,5,0,
23,44661527,89,6,
23,44661571,5,0,
23,44661607,87,11,
23,44661682,388,174,
23,44661744,5,0,
23,44661785,76,19,
23,44661831,12,3,
23,44661846,985,170,
23,44661862,89,8,
23,44661906,10,2,
23,44662037,33,16,
23,44662045,25,1,
23,44662280,16,6,
23,44662364,13,2,
23,44662376,18,6,
23,44662497,154,35,
23,44662542,148,179,
23,44662548,20,0,
23,44662690,198,96,
23,44662757,312,242,
23,44663003,264,251,
23,44663016,55,18,
23,44663072,30,2,
23,44663074,217,403,6
23,44663227,693,781,
23,44663381,17,4,
23,44663573,4,0,
23,44663684,207,33,
23,44663704,4,0,
23,44663705,4,0,
23,44663990,23,1,
23,44664176,19,6,
23,44664322,10,3,
23,44664643,6,2,
23,44664723,10,1,
23,44664873,941,256,
23,44664875,28,3,
23,44664998,47,2,
23,44665070,36,21,
23,44665352,11,1,
23,44665365,25,4,
23,44665373,377,213,
23,44665450,9,1,
23,44665506,7,1,
23,44665525,11,5,
23,44665569,4,0,
23,44665667,7,0,
23,44665704,51,21,
23,44665788,20,5,
23,44665815,283,44,
23,44665899,8,0,
23,44665928,76,139,
23,44665941,53,28,
23,44665984,115,32,
23,44666157,496,715,
23,44666176,12,5,
23,44666656,6,0,
23,44666719,8,2,
23,44666778,9,0,
23,44666827,3,0,
23,44666882,10,1,
23,44666896,126,67,
23,44667472,37,3,
23,44667484,7,4,
23,44667667,285,278,
23,44667975,5,0,
23,44668654,4,0,
23,44668842,20,0,
23,44668910,7,0,
23,44669131,16,5,
23,44669318,28,3,
23,44669365,76,54,
23,44669368,75,81,
23,44669393,5,0,
23,44669496,10,1,
23,44669602,10,1,
23,44669610,11,2,
23,44669680,8,1,
23,44669716,17,13,
23,44669810,10,1,
23,44669853,230,191,
23,44669858,195,124,15
23,44669998,168,155,13
23,44670319,112,32,
23,44670326,181,77,20
23,44670338,8,8,
23,44670564,9,1,
23,44670590,203,294,
23,44670878,11,7,
23,44671036,12,10,
23,44671373,229,109,9
23,44671375,35,4,
23,44671472,115,146,
23,44671484,213,213,11
23,44671584,65,21,
23,44671601,48,43,
23,44671804,81,20,
23,44672003,229,214,
23,44672145,76,70,29
23,44672165,7,5,
23,44672414,233,214,
23,44672450,90,58,
23,44672521,34,11,
23,44672546,11,6,
23,44672590,9,4,
23,44672859,101,47,27
23,44672960,17,2,
23,44672976,10,0,
23,44673004,11,4,
23,44673121,7,4,
23,44673296,76,29,
23,44673499,32,5,
23,44673613,11,4,
23,44673804,7,2,
23,44673835,10,1,
23,44674034,8,0,
23,44674123,70,110,12
23,44674239,7,13,
23,44674379,6,0,
23,44674458,3,0,
23,44674525,6,0,
23,44674707,4,2,
23,44674763,8,0,
23,44674826,11,2,
23,44674960,246,241,
23,44675099,8,0,
23,44675119,63,57,
23,44675186,9,2,
23,44675330,4,6,
23,44675553,73,14,2
23,44675557,47,12,
23,44675691,77,52,15
23,44675708,98,78,29
23,44675771,5,0,
23,44675827,4,0,
23,44675965,130,217,10
23,44676066,40,17,21
23,44676162,9,7,
23,44676315,25,0,9
23,44676348,31,3,7
23,44676424,8,0,
23,44676518,11,2,
23,44676555,13,5,
23,44676559,153,67,4
23,44676591,12,2,
23,44676691,8,1,25
23,44676714,9,1,26
23,44676817,85,26,1
23,44676829,15,2,
23,44676918,8,0,
23,44676961,13,7,11
23,44677472,6,2,
23,44677591,10,0,
