hour,id,score,comments,best_rank
0,49172319,99,84,
0,49173107,169,40,
0,49173175,33,3,
0,49174017,48,29,
0,49177765,34,17,
0,49178476,138,40,
0,49178868,30,6,
0,49179434,57,79,
0,49181584,67,25,
0,49182772,40,4,
0,49183917,101,50,
0,49184220,223,121,
0,49184755,864,933,
0,49184960,953,600,
0,49189457,443,105,
0,49191000,60,47,
0,49191130,72,64,
0,49193533,29,2,
0,49194856,168,18,
0,49195231,1185,169,
0,49196581,112,56,
0,49196657,86,33,
0,49197565,167,76,
0,49198464,237,156,
0,49199346,702,547,
0,49201953,378,58,
0,49201970,945,721,
0,49202912,141,31,
0,49203105,222,36,
0,49203626,69,42,
0,49204173,36,9,
0,49204352,811,432,
0,49205082,125,27,
0,49206200,104,48,
0,49207236,516,497,
0,49208296,427,104,
0,49208393,220,63,
0,49208693,174,56,
0,49209132,81,31,
0,49209539,1100,1331,
0,49209918,435,67,
0,49210199,81,8,
0,49210740,9,3,13
0,49211530,34,14,
0,49212449,116,29,
0,49213029,206,195,
0,49213111,32,44,
0,49213660,212,72,
0,49214008,795,474,
0,49215111,43,18,
0,49215117,19,8,
0,49215786,300,225,
0,49216946,354,166,
0,49218040,258,256,
0,49218190,51,11,
0,49218463,26,3,
0,49218514,15,1,
0,49219679,132,174,
0,49220126,447,130,
0,49220609,433,434,
0,49221169,38,9,
0,49221668,440,167,
0,49221990,11,1,
0,49222189,934,581,
0,49222824,172,71,
0,49223082,513,294,
0,49223964,39,0,12
0,49223965,213,88,
0,49224802,30,23,
0,49224997,104,83,
0,49226563,128,137,
0,49226623,327,302,
0,49226636,540,252,
0,49226742,382,44,
0,49226923,261,167,
0,49227505,102,20,
0,49227610,41,9,
0,49227709,9,1,
0,49227718,111,84,
0,49228350,135,128,
0,49228426,57,72,
0,49230022,104,86,
0,49230477,436,374,
0,49230514,164,105,
0,49230630,106,190,
0,49230891,121,19,
0,49231315,28,1,
0,49231809,292,69,
0,49232039,111,23,
0,49232138,667,594,
0,49232253,393,284,
0,49232312,90,13,
0,49233423,317,1169,
0,49233448,189,91,
0,49234675,823,544,
0,49235349,174,211,
0,49235641,133,93,
0,49236596,23,57,
0,49236811,40,9,19
0,49237292,8,7,
0,49237407,58,11,
0,49238050,151,31,
0,49238561,386,200,
0,49238818,191,60,
0,49238831,39,5,
0,49238851,211,89,
0,49239751,691,397,
0,49241559,149,55,
0,49241679,1199,637,
0,49241846,240,59,
0,49241942,45,20,
0,49242297,169,159,
0,49242475,79,30,
0,49242653,289,144,
0,49242698,145,70,
0,49242739,628,207,
0,49243029,192,111,
0,49243270,39,1,
0,49243397,233,198,
0,49243474,228,174,
0,49243687,101,22,
0,49243880,639,601,
0,49244085,156,24,
0,49244250,68,14,
0,49244308,124,235,
0,49244339,107,40,
0,49244569,153,174,
0,49244696,21,0,21
0,49245023,407,603,
0,49245251,187,71,
0,49245318,72,33,
0,49245359,111,78,
0,49245421,43,9,
0,49245437,164,90,
0,49245491,190,80,
0,49245936,260,188,
0,49246057,77,51,
0,49246704,130,71,
0,49246804,527,182,
0,49247070,279,177,
0,49247477,222,114,
0,49248845,12,8,
0,49249111,35,14,
0,49249555,171,62,
0,49250090,76,29,
0,49250109,446,416,
0,49250836,933,970,
0,49250894,152,60,
0,49251179,290,123,
0,49251411,665,758,
0,49251702,301,62,
0,49252179,439,97,
0,49252462,120,49,
0,49253721,73,45,
0,49254376,29,3,
0,49254788,20,1,
0,49254880,1054,508,
0,49254881,46,54,
0,49255496,383,513,
0,49255710,354,177,
0,49256057,194,30,
0,49257160,520,483,
0,49257377,560,403,
0,49257853,55,2,
0,49257876,694,306,
0,49257947,121,32,
0,49258011,106,77,
0,49258202,104,102,
0,49258428,56,21,
0,49258764,167,89,
0,49258970,124,206,
0,49259309,47,46,
0,49259339,305,41,
0,49259611,164,101,
0,49259799,9,0,
0,49260250,189,536,
0,49261128,426,241,
0,49261133,434,527,
0,49261192,47,20,
0,49261417,131,22,
0,49261514,342,326,
0,49261895,117,36,
0,49261987,17,0,
0,49262172,56,76,
0,49262211,163,135,
0,49262811,182,24,
0,49263260,53,15,
0,49263340,261,136,
0,49263461,121,234,
0,49263497,659,288,
0,49264366,26,2,
0,49264548,12,3,
0,49264583,72,33,
0,49264896,19,4,
0,49265031,65,7,
0,49265051,274,86,
0,49265190,11,0,
0,49265879,209,159,
0,49266277,224,193,
0,49266921,105,31,
0,49267108,192,92,
0,49267362,11,2,
0,49267527,71,49,
0,49267928,360,162,
0,49268564,473,203,
0,49269090,154,35,
0,49269429,147,139,
0,49269809,21,4,
0,49269818,476,338,
0,49269830,10,1,
0,49269917,12,0,
0,49270015,21,4,
0,49270022,259,156,
0,49270027,9,0,
0,49270040,308,45,
0,49270194,20,0,
0,49270283,8,0,
0,49270311,7,10,
0,49270437,5,0,
0,49270445,7,0,
0,49270615,19,3,
0,49270621,178,144,
0,49270726,679,837,
0,49270761,9,0,
0,49270766,60,35,
0,49270779,23,0,
0,49270795,8,3,
0,49270833,12,11,
0,49270953,507,141,
0,49271050,26,5,
0,49271105,43,2,
0,49271126,196,2,
0,49271382,6,2,
0,49271390,19,3,
0,49271423,11,1,
0,49271440,4,1,
0,49271757,241,59,
0,49271994,962,888,
0,49272048,22,9,
0,49272132,49,0,
0,49272252,11,18,
0,49272264,14,7,
0,49272282,69,23,
0,49272341,4,0,
0,49272484,127,63,
0,49272549,331,68,
0,49272569,300,224,
0,49272620,117,50,
0,49272631,4,0,
0,49272655,295,36,
0,49272694,4,0,
0,49272747,9,2,
0,49272758,6,0,
0,49272766,4,0,
0,49272784,29,7,
0,49272832,1174,227,
0,49272891,9,0,
0,49272986,7,0,
0,49272994,5,1,
0,49273010,5,2,
0,49273072,12,0,
0,49273113,6,1,
0,49273165,616,369,
0,49273175,110,35,
0,49273187,4,3,
0,49273330,127,195,
0,49273346,4,3,
0,49273478,700,168,
0,49273530,19,6,
0,49273538,6,0,
0,49273848,11,2,
0,49273886,9,0,
0,49273922,27,7,
0,49273970,11,0,
0,49274018,65,10,
0,49274027,622,603,
0,49274160,5,1,
0,49274374,13,1,
0,49274420,31,1,
0,49274489,12,3,
0,49274600,1017,440,
0,49274672,46,7,
0,49274713,11,2,
0,49274757,163,370,
0,49274776,9,0,
0,49274837,12,3,
0,49274854,70,65,
0,49274858,157,196,
0,49274894,57,16,
0,49274960,43,28,
0,49275132,108,23,
0,49275175,4,0,
0,49275335,245,193,
0,49275385,336,400,
0,49275746,28,17,
0,49276344,33,3,
0,49276534,128,173,
0,49276574,659,243,
0,49276673,29,13,
0,49277288,17,0,
0,49277437,9,0,
0,49277799,156,51,
0,49277952,9,0,
0,49278098,28,10,
0,49278341,16,0,
0,49278603,5,1,
0,49278916,7,2,
0,49279013,179,297,
0,49279146,4,0,
0,49279197,66,25,
0,49279207,11,2,
0,49279311,7,2,
0,49279352,10,10,
0,49279396,13,10,
0,49279498,15,2,
0,49279500,9,3,
0,49279627,71,61,
0,49279628,14,9,
0,49279638,83,36,
0,49279739,4,0,
0,49279928,269,145,
0,49279949,12,0,
0,49279951,70,18,
0,49280047,101,30,
0,49280061,192,204,
0,49280088,6,1,
0,49280103,115,48,
0,49280184,33,12,
0,49280221,22,4,
0,49280486,55,28,
0,49280558,26,7,
0,49280926,33,24,
0,49280945,35,4,
0,49281087,14,5,
0,49281251,7,2,
0,49281311,16,5,
0,49281352,6,0,
0,49281556,25,2,
0,49281675,23,7,
0,49281711,17,2,
0,49281835,18,2,
0,49281859,6,0,
0,49281916,443,298,
0,49281960,50,8,
0,49282344,4,1,
0,49282762,35,17,
0,49282962,10,1,
0,49282985,7,3,
0,49283047,10,0,
0,49283063,81,51,24
0,49283344,54,6,
0,49283401,8,2,
0,49283416,3,0,
0,49283485,15,6,
0,49283563,85,78,
0,49283840,81,117,
0,49283944,14,4,
0,49284368,8,1,
0,49284774,378,407,
0,49285036,6,1,
0,49285075,6,0,
0,49285160,120,46,
0,49285244,544,239,6
0,49285268,55,52,
0,49285292,25,9,
0,49285327,175,71,27
0,49285414,47,2,
0,49285418,231,127,18
0,49285442,4,0,
0,49285556,3,1,
0,49285604,153,191,
0,49285620,8,0,
0,49285712,10,1,
0,49285741,10,4,
0,49285750,14,1,
0,49285770,202,106,25
0,49285909,70,52,
0,49285948,11,1,
0,49285982,381,194,29
0,49285983,4,5,
0,49286030,48,14,
0,49286057,32,37,
0,49286073,53,35,
0,49286172,23,4,
0,49286211,21,5,
0,49286270,117,114,
0,49286341,484,138,8
0,49286357,66,44,
0,49286390,11,2,
0,49286424,57,11,
0,49286485,153,69,22
0,49286644,34,12,
0,49286654,35,64,
0,49286662,205,283,
0,49287153,95,83,26
0,49287176,6,7,
0,49287380,10,0,
0,49287481,3,0,
0,49287525,4,2,
0,49287554,12,0,
0,49287604,15,0,
0,49287609,7,4,
0,49287645,7,0,
0,49287766,7,1,
0,49287829,4,0,
0,49287881,21,3,
0,49287957,7,0,
0,49288011,9,2,
0,49288033,13,0,
0,49288051,34,10,
0,49288092,3,0,
0,49288124,7,1,
0,49288129,9,0,
0,49288138,8,0,
0,49288146,7,1,
0,49288155,6,1,
0,49288198,9,0,
0,49288201,5,0,
0,49288226,3,1,
0,49288293,86,43,23
0,49288296,51,13,
0,49288324,31,84,
0,49288325,6,0,
0,49288454,5,0,
0,49288607,36,22,
0,49288664,12,0,
0,49288687,13,4,
0,49288778,14,3,
0,49288810,22,4,
0,49288889,244,93,7
0,49288914,9,0,
0,49288918,5,0,
0,49288940,15,7,
0,49289000,8,0,
0,49289026,57,13,25
0,49289101,42,15,
0,49289112,588,330,1
0,49289133,5,1,
0,49289158,15,3,
0,49289236,7,1,
0,49289256,7,18,
0,49289304,35,13,
0,49289340,10,1,
0,49289374,8,0,
0,49289411,3,0,
0,49289424,45,5,
0,49289465,183,79,5
0,49289512,233,123,9
0,49289516,10,1,
0,49289522,11,1,
0,49289532,124,93,13
0,49289559,5,0,
0,49289585,62,49,
0,49289654,93,34,16
0,49289724,6,2,
0,49289831,6,3,
0,49289844,402,170,2
0,49289851,5,1,
0,49289898,13,0,
0,49289910,11,0,
0,49290009,13,2,
0,49290013,8,3,
0,49290043,11,5,
0,49290078,15,1,
0,49290095,6,3,
0,49290100,5,0,
0,49290130,4,0,
0,49290139,3,0,
0,49290166,13,5,
0,49290180,14,0,
0,49290215,141,91,15
0,49290264,5,1,
0,49290273,15,4,
0,49290299,185,94,4
0,49290470,3,1,
0,49290521,41,14,
0,49290539,5,0,
0,49290545,24,9,
0,49290693,5,0,
0,49290713,6,17,
0,49290724,12,2,
0,49290751,25,2,
0,49290768,64,34,14
0,49290785,10,4,
0,49290840,4,6,
0,49290919,14,3,
0,49290958,6,1,
0,49290969,61,32,11
0,49291008,12,0,
0,49291196,13,0,
0,49291268,131,82,3
0,49291420,4,0,
0,49291685,3,0,
0,49291698,3,3,
0,49291782,32,0,
0,49291962,5,0,
0,49291987,4,3,
0,49292409,7,0,
0,49292567,45,59,
0,49292684,4,0,
0,49292843,42,10,17
0,49292932,35,14,7
0,49292982,5,0,
0,49293087,6,1,
0,49293277,4,0,
0,49293292,4,0,
0,49293294,6,1,
0,49293324,31,1,2
1,49172319,99,84,
1,49173107,169,40,
1,49173175,33,3,
1,49177765,34,17,
1,49178476,138,40,
1,49178868,30,6,
1,49179434,57,79,
1,49181584,67,25,
1,49182772,40,4,
1,49183917,101,50,
1,49184220,223,121,
1,49184755,864,933,
1,49184960,953,600,
1,49189457,443,105,
1,49191000,60,47,
1,49191130,72,64,
1,49193533,29,2,
1,49194856,168,18,
1,49195231,1185,169,
1,49196581,112,56,
1,49196657,86,33,
1,49197565,167,77,
1,49198464,237,156,
1,49199346,702,547,
1,49201953,378,58,
1,49201970,945,721,
1,49202912,141,31,
1,49203105,222,36,
1,49204173,36,9,
1,49204352,811,432,
1,49205082,126,27,
1,49206200,104,48,
1,49207236,516,497,
1,49208296,427,104,
1,49208393,220,63,
1,49208693,174,56,
1,49209132,81,31,
1,49209539,1100,1332,
1,49209918,435,67,
1,49210199,81,8,
1,49210740,15,4,13
1,49211530,34,14,
1,49212449,116,29,
1,49213029,206,195,
1,49213111,32,44,
1,49213660,212,72,
1,49214008,795,474,
1,49215111,43,18,
1,49215117,19,8,
1,49215786,300,225,
1,49218040,260,258,
1,49218190,51,11,
1,49218463,26,3,
1,49218514,17,1,
1,49219679,132,174,
1,49220126,447,130,
1,49220609,433,434,
1,49221169,38,9,
1,49221668,440,167,
1,49221990,11,1,
1,49222189,934,581,
1,49222824,172,71,
1,49223082,513,294,
1,49223964,46,1,13
1,49223965,213,88,
1,49224802,31,23,
1,49224997,105,85,
1,49226563,128,137,
1,49226623,327,302,
1,49226636,540,252,
1,49226742,382,44,
1,49226923,261,167,
1,49227505,102,20,
1,49227610,41,9,
1,49227709,9,1,
1,49227718,111,84,
1,49228350,135,128,
1,49230022,104,86,
1,49230477,436,374,
1,49230514,164,105,
1,49230630,106,190,
1,49230891,121,19,
1,49231315,28,1,
1,49231809,292,69,
1,49232039,111,23,
1,49232138,667,594,
1,49232253,393,284,
1,49232312,90,13,
1,49233423,317,1169,
1,49233448,189,91,
1,49234675,823,544,
1,49235349,174,211,
1,49235641,133,93,
1,49236596,24,57,
1,49236811,40,9,25
1,49237292,8,7,
1,49237407,58,11,
1,49238050,151,31,
1,49238561,386,200,
1,49238818,191,60,
1,49238831,39,5,
1,49238851,211,89,
1,49239751,691,397,
1,49240615,31,6,21
1,49241559,149,55,
1,49241679,1200,637,
1,49241846,240,59,
1,49241942,45,20,
1,49242297,169,159,
1,49242475,79,30,
1,49242653,289,144,
1,49242698,145,70,
1,49242739,628,207,
1,49243029,192,111,
1,49243270,39,1,
1,49243397,233,198,
1,49243474,228,174,
1,49243687,102,22,
1,49243880,639,601,
1,49244085,156,24,
1,49244250,68,14,
1,49244308,124,235,
1,49244339,107,40,
1,49244569,153,174,
1,49244696,22,0,24
1,49245023,407,603,
1,49245251,187,72,
1,49245318,72,33,
1,49245359,111,78,
1,49245421,43,9,
1,49245437,165,90,
1,49245491,190,80,
1,49245936,260,188,
1,49246057,77,51,
1,49246704,130,71,
1,49246804,527,182,
1,49247070,279,177,
1,49247477,222,114,
1,49249111,35,14,
1,49249555,171,62,
1,49250090,76,29,
1,49250109,446,416,
1,49250836,933,970,
1,49250894,152,60,
1,49251179,290,123,
1,49251411,666,758,
1,49251702,301,62,
1,49252179,439,97,
1,49252462,120,49,
1,49253721,73,45,
1,49254376,29,3,
1,49254788,20,1,
1,49254880,1054,508,
1,49254881,46,54,
1,49255496,383,513,
1,49255710,354,177,
1,49256057,194,30,
1,49257160,520,483,
1,49257377,560,403,
1,49257853,55,2,
1,49257876,694,306,
1,49257947,121,32,
1,49258011,106,77,
1,49258202,104,102,
1,49258428,56,21,
1,49258764,167,89,
1,49258970,124,206,
1,49259309,47,46,
1,49259339,305,41,
1,49259611,165,101,
1,49259799,9,0,
1,49260250,189,536,
1,49261128,426,241,
1,49261133,434,527,
1,49261192,47,20,
1,49261417,132,22,
1,49261514,342,326,
1,49261895,117,36,
1,49261987,17,0,
1,49262172,56,76,
1,49262211,163,135,
1,49262811,182,24,
1,49263260,53,15,
1,49263340,261,136,
1,49263461,122,234,
1,49263497,659,288,
1,49264366,26,2,
1,49264548,12,3,
1,49264583,72,33,
1,49264896,19,4,
1,49265031,65,7,
1,49265051,274,86,
1,49265190,11,0,
1,49265879,209,159,
1,49266277,224,193,
1,49266921,105,31,
1,49267108,192,92,
1,49267362,11,2,
1,49267527,71,49,
1,49267928,360,162,
1,49268564,474,203,
1,49269090,155,35,
1,49269429,147,141,
1,49269809,22,4,
1,49269818,476,338,
1,49269830,10,1,
1,49269917,12,0,
1,49270015,21,4,
1,49270022,259,156,
1,49270027,9,0,
1,49270040,308,45,
1,49270194,20,0,
1,49270283,8,0,
1,49270311,7,10,
1,49270437,5,0,
1,49270445,7,0,
1,49270615,19,3,
1,49270621,178,144,
1,49270726,683,839,
1,49270761,9,0,
1,49270766,60,35,
1,49270779,23,0,
1,49270795,8,3,
1,49270833,12,11,
1,49270953,507,141,
1,49271050,26,5,
1,49271105,43,2,
1,49271126,196,2,
1,49271382,6,2,
1,49271390,20,3,
1,49271423,11,1,
1,49271440,4,1,
1,49271757,241,59,
1,49271994,963,890,
1,49272048,22,9,
1,49272132,49,0,
1,49272252,11,18,
1,49272264,14,7,
1,49272282,69,23,
1,49272341,4,0,
1,49272484,127,63,
1,49272549,331,68,
1,49272569,300,224,
1,49272620,117,50,
1,49272655,295,36,
1,49272694,4,0,
1,49272747,9,2,
1,49272758,6,0,
1,49272766,4,0,
1,49272784,29,7,
1,49272832,1176,227,
1,49272891,9,0,
1,49272986,7,0,
1,49272994,5,1,
1,49273010,5,2,
1,49273072,12,0,
1,49273113,6,1,
1,49273165,617,372,
1,49273175,110,35,
1,49273187,4,3,
1,49273330,127,195,
1,49273346,4,3,
1,49273478,700,168,
1,49273530,19,6,
1,49273538,6,0,
1,49273848,11,2,
1,49273886,9,0,
1,49273922,27,7,
1,49273970,11,0,
1,49274018,65,10,
1,49274027,622,603,
1,49274160,5,1,
1,49274374,13,1,
1,49274420,31,1,
1,49274489,12,3,
1,49274600,1017,440,
1,49274672,46,7,
1,49274713,11,2,
1,49274757,164,370,
1,49274776,9,0,
1,49274837,12,3,
1,49274854,70,65,
1,49274858,159,196,
1,49274894,57,16,
1,49274960,43,28,
1,49275132,108,23,
1,49275175,4,0,
1,49275335,245,193,
1,49275385,336,401,
1,49275746,28,17,
1,49276344,33,3,
1,49276534,128,173,
1,49276574,660,243,
1,49276673,29,13,
1,49277288,17,0,
1,49277437,9,0,
1,49277799,157,51,
1,49277952,9,0,
1,49278098,28,10,
1,49278341,16,0,
1,49278603,5,1,
1,49278916,7,2,
1,49279013,180,296,
1,49279146,4,0,
1,49279197,66,25,
1,49279207,11,2,
1,49279311,7,2,
1,49279352,10,10,
1,49279498,15,2,
1,49279500,9,3,
1,49279627,72,63,
1,49279628,14,9,
1,49279638,83,36,
1,49279739,4,0,
1,49279928,270,148,
1,49279949,12,0,
1,49279951,70,19,
1,49280047,101,30,
1,49280061,192,208,
1,49280088,6,1,
1,49280103,116,48,
1,49280184,33,12,
1,49280221,22,4,
1,49280486,55,28,
1,49280558,26,7,
1,49280926,33,24,
1,49280945,35,4,
1,49281087,14,5,
1,49281251,7,2,
1,49281311,16,5,
1,49281352,6,0,
1,49281556,25,2,
1,49281675,23,7,
1,49281711,17,2,
1,49281835,18,2,
1,49281859,7,0,
1,49281916,444,300,
1,49281960,50,8,
1,49282344,4,1,
1,49282762,36,17,
1,49282962,10,1,
1,49282985,7,3,
1,49283047,10,0,
1,49283063,84,54,28
1,49283344,54,6,
1,49283485,15,6,
1,49283563,86,78,
1,49283840,81,117,
1,49283944,14,4,
1,49284368,8,1,
1,49284774,380,409,
1,49285036,6,1,
1,49285075,6,0,
1,49285160,121,46,
1,49285244,558,242,6
1,49285268,55,53,
1,49285292,25,9,
1,49285327,177,73,
1,49285414,47,2,
1,49285418,246,135,20
1,49285442,4,0,
1,49285556,3,1,
1,49285604,153,197,
1,49285620,8,0,
1,49285712,10,1,
1,49285741,10,4,
1,49285750,14,1,
1,49285770,212,117,28
1,49285909,72,52,
1,49285948,11,1,
1,49285982,384,194,
1,49285983,4,5,
1,49286030,48,15,
1,49286057,32,37,
1,49286073,53,35,
1,49286172,23,4,
1,49286211,22,5,
1,49286270,120,121,
1,49286341,496,138,10
1,49286357,66,44,
1,49286390,11,2,
1,49286424,59,11,
1,49286485,156,69,25
1,49286644,34,12,
1,49286654,38,65,
1,49286662,209,287,
1,49287153,98,99,30
1,49287176,6,7,
1,49287380,10,0,
1,49287481,3,0,
1,49287525,4,3,
1,49287554,12,0,
1,49287604,17,0,
1,49287609,7,4,
1,49287645,8,0,
1,49287766,7,1,
1,49287829,4,0,
1,49287881,21,3,
1,49287957,7,0,
1,49288011,9,2,
1,49288033,13,0,
1,49288051,34,10,
1,49288092,3,0,
1,49288124,7,1,
1,49288129,9,0,
1,49288138,8,0,
1,49288146,7,1,
1,49288155,6,1,
1,49288198,9,0,
1,49288201,5,0,
1,49288293,91,47,27
1,49288296,52,13,
1,49288325,6,0,
1,49288454,5,0,
1,49288607,37,22,
1,49288664,12,0,
1,49288687,13,4,
1,49288778,17,4,
1,49288810,22,4,
1,49288844,3,0,
1,49288889,252,99,9
1,49288914,10,0,
1,49288918,6,0,
1,49288920,4,0,
1,49288940,15,7,
1,49289000,8,0,
1,49289026,58,15,
1,49289101,44,19,
1,49289112,619,346,1
1,49289133,5,1,
1,49289158,16,3,
1,49289221,3,0,
1,49289236,7,1,
1,49289256,7,20,
1,49289260,22,2,14
1,49289304,35,13,
1,49289340,12,1,
1,49289372,7,0,22
1,49289374,8,0,
1,49289411,3,0,
1,49289424,47,5,
1,49289465,188,79,7
1,49289512,253,136,10
1,49289516,10,1,
1,49289522,11,1,
1,49289532,133,114,14
1,49289559,5,0,
1,49289585,62,50,
1,49289654,106,41,17
1,49289724,6,2,
1,49289831,6,3,
1,49289844,421,174,3
1,49289851,5,1,
1,49289898,17,0,
1,49289910,11,0,
1,49290009,13,2,
1,49290013,8,3,
1,49290043,11,5,
1,49290078,15,1,
1,49290095,6,3,
1,49290100,5,0,
1,49290130,4,0,
1,49290139,4,0,
1,49290166,22,7,12
1,49290180,14,1,
1,49290215,147,95,18
1,49290264,5,1,
1,49290273,15,4,
1,49290299,206,112,6
1,49290470,3,1,
1,49290521,42,13,
1,49290539,5,0,
1,49290545,24,9,
1,49290684,4,0,
1,49290693,5,0,
1,49290713,6,18,
1,49290724,13,2,
1,49290751,25,3,
1,49290768,66,37,16
1,49290785,13,4,
1,49290840,4,6,
1,49290919,14,3,
1,49290958,6,1,
1,49290969,71,35,15
1,49291008,12,0,
1,49291196,13,0,
1,49291268,149,91,4
1,49291420,4,0,
1,49291665,3,0,
1,49291685,3,0,
1,49291698,4,3,
1,49291782,37,0,
1,49291962,6,0,
1,49291987,4,3,
1,49292409,8,0,
1,49292480,4,1,
1,49292488,5,2,
1,49292567,47,60,
1,49292684,5,0,
1,49292855,7,2,
1,49292932,76,46,5
1,49292982,5,0,
1,49293087,12,1,24
1,49293215,3,0,
1,49293277,5,0,
1,49293292,11,4,
1,49293294,34,6,3
1,49293324,63,14,2
1,49293492,4,0,
1,49293654,5,0,
2,49172319,99,84,
2,49173107,169,40,
2,49173175,33,3,
2,49177765,34,17,
2,49178476,138,40,
2,49178868,30,6,
2,49179434,57,79,
2,49181584,67,25,
2,49182772,40,4,
2,49183917,101,50,
2,49184220,223,121,
2,49184960,953,600,
2,49189457,443,105,
2,49191000,60,47,
2,49191130,72,64,
2,49193533,29,2,
2,49194856,168,18,
2,49195231,1185,169,
2,49196581,112,56,
2,49196657,86,33,
2,49197565,167,77,
2,49198464,237,156,
2,49199346,702,547,
2,49201953,378,58,
2,49201970,945,721,
2,49202912,141,31,
2,49203105,222,36,
2,49204173,36,9,
2,49204352,811,432,
2,49205082,126,27,
2,49206200,104,49,
2,49207236,516,497,
2,49208296,427,104,
2,49208393,220,63,
2,49208693,174,56,
2,49209132,81,31,
2,49209539,1100,1332,
2,49209918,435,67,
2,49210199,81,8,
2,49210740,17,4,23
2,49211530,34,14,
2,49212449,116,29,
2,49213029,206,195,
2,49213111,32,44,
2,49213660,212,72,
2,49214008,795,474,
2,49215111,43,18,
2,49215117,19,8,
2,49215786,300,225,
2,49218040,263,260,
2,49218190,51,11,
2,49218463,26,3,
2,49218514,17,0,
2,49219679,132,174,
2,49220126,447,130,
2,49220609,433,434,
2,49221169,38,9,
2,49221668,440,167,
2,49221990,11,1,
2,49222189,935,581,
2,49222824,172,71,
2,49223082,513,294,
2,49223964,53,1,14
2,49223965,213,88,
2,49224802,31,23,
2,49224997,105,85,
2,49226563,128,137,
2,49226623,327,302,
2,49226636,540,252,
2,49226742,382,44,
2,49226923,261,167,
2,49227505,102,20,
2,49227610,41,9,
2,49227709,9,1,
2,49227718,111,84,
2,49228350,135,128,
2,49230022,105,86,
2,49230477,436,374,
2,49230514,164,105,
2,49230630,106,190,
2,49230891,121,19,
2,49231315,28,1,
2,49231809,292,69,
2,49232039,111,23,
2,49232138,667,594,
2,49232253,393,284,
2,49232312,90,13,
2,49233423,317,1169,
2,49233448,189,91,
2,49235349,174,211,
2,49235641,133,93,
2,49236596,25,59,
2,49236811,42,10,27
2,49237292,8,7,
2,49237407,58,11,
2,49238050,151,31,
2,49238561,386,200,
2,49238818,191,60,
2,49238831,39,5,
2,49238851,211,89,
2,49239751,691,397,
2,49240615,35,9,22
2,49241559,149,55,
2,49241679,1200,637,
2,49241846,240,59,
2,49241942,45,20,
2,49242297,169,159,
2,49242475,79,30,
2,49242653,289,144,
2,49242698,146,70,
2,49242739,628,207,
2,49243029,192,111,
2,49243270,39,1,
2,49243397,233,198,
2,49243474,228,174,
2,49243687,102,22,
2,49243860,6,1,24
2,49243880,639,601,
2,49244085,156,24,
2,49244250,68,14,
2,49244308,124,235,
2,49244339,107,40,
2,49244569,153,174,
2,49244696,22,1,
2,49245023,407,603,
2,49245251,187,72,
2,49245318,72,33,
2,49245421,43,9,
2,49245437,165,90,
2,49245491,190,80,
2,49245936,260,188,
2,49246057,77,51,
2,49246704,130,71,
2,49246804,527,182,
2,49247070,279,177,
2,49247477,222,114,
2,49249111,35,14,
2,49249555,171,62,
2,49250090,76,29,
2,49250109,446,416,
2,49250836,933,971,
2,49250894,152,60,
2,49251179,291,123,
2,49251411,666,758,
2,49251702,301,62,
2,49252179,439,97,
2,49252462,120,49,
2,49253721,73,45,
2,49254376,29,3,
2,49254788,20,1,
2,49254880,1054,508,
2,49254881,46,54,
2,49255496,383,513,
2,49255710,354,177,
2,49256057,194,30,
2,49257160,520,483,
2,49257377,560,403,
2,49257853,55,2,
2,49257876,694,306,
2,49257947,121,32,
2,49258011,106,77,
2,49258202,104,102,
2,49258428,56,21,
2,49258764,167,89,
2,49258970,124,206,
2,49259309,47,46,
2,49259339,305,41,
2,49259611,165,101,
2,49260250,189,536,
2,49261128,426,241,
2,49261133,436,528,
2,49261192,47,20,
2,49261417,132,22,
2,49261514,342,326,
2,49261895,117,36,
2,49261987,17,0,
2,49262172,56,76,
2,49262211,163,135,
2,49262811,182,24,
2,49263260,53,15,
2,49263340,261,136,
2,49263461,122,236,
2,49263497,659,288,
2,49264366,26,2,
2,49264583,72,33,
2,49264896,19,4,
2,49265031,65,7,
2,49265051,274,86,
2,49265190,11,0,
2,49265879,209,159,
2,49266277,224,193,
2,49266921,105,31,
2,49267108,192,92,
2,49267362,11,2,
2,49267527,71,49,
2,49267928,360,162,
2,49268564,474,203,
2,49269090,155,35,
2,49269429,148,141,
2,49269809,22,4,
2,49269818,476,338,
2,49269830,10,1,
2,49269917,12,0,
2,49270015,21,4,
2,49270022,259,156,
2,49270027,9,0,
2,49270040,308,45,
2,49270194,20,0,
2,49270283,8,0,
2,49270311,7,10,
2,49270437,5,0,
2,49270445,7,0,
2,49270615,19,3,
2,49270621,178,144,
2,49270726,684,843,
2,49270761,9,0,
2,49270766,60,35,
2,49270779,23,0,
2,49270795,8,3,
2,49270833,12,11,
2,49270953,507,141,
2,49271050,26,5,
2,49271105,43,2,
2,49271126,196,2,
2,49271382,6,2,
2,49271390,20,3,
2,49271423,11,1,
2,49271440,4,1,
2,49271757,241,60,
2,49271994,965,892,
2,49272048,22,9,
2,49272132,49,0,
2,49272252,11,18,
2,49272264,14,7,
2,49272282,69,23,
2,49272341,4,0,
2,49272484,127,63,
2,49272549,332,68,
2,49272569,300,224,
2,49272620,117,51,
2,49272655,296,36,
2,49272747,9,2,
2,49272758,6,0,
2,49272784,29,7,
2,49272832,1176,227,
2,49272891,9,0,
2,49272986,7,0,
2,49273072,12,0,
2,49273113,6,1,
2,49273165,619,377,
2,49273175,110,35,
2,49273330,127,195,
2,49273346,4,3,
2,49273478,700,168,
2,49273848,11,2,
2,49273886,9,0,
2,49273922,29,7,
2,49273970,11,0,
2,49274018,65,10,
2,49274027,622,607,
2,49274160,5,1,
2,49274374,13,1,
2,49274420,31,1,
2,49274489,12,3,
2,49274600,1017,441,
2,49274672,46,7,
2,49274713,11,2,
2,49274757,164,372,
2,49274776,9,0,
2,49274837,12,3,
2,49274854,70,65,
2,49274858,159,196,
2,49274894,57,16,
2,49274960,43,29,
2,49275132,108,23,
2,49275175,4,0,
2,49275335,245,193,
2,49275385,336,400,
2,49275746,28,18,
2,49276344,33,3,
2,49276534,129,174,
2,49276574,660,243,
2,49276673,29,13,
2,49277288,17,0,
2,49277437,9,0,
2,49277799,157,51,
2,49277952,9,0,
2,49278098,28,10,
2,49278603,5,1,
2,49278916,7,2,
2,49279013,180,296,
2,49279146,4,0,
2,49279197,66,25,
2,49279207,11,2,
2,49279311,7,2,
2,49279352,10,10,
2,49279500,9,3,
2,49279627,73,64,
2,49279628,14,9,
2,49279638,83,36,
2,49279739,4,0,
2,49279928,270,148,
2,49279949,12,0,
2,49279951,70,19,
2,49280047,102,30,
2,49280061,192,210,
2,49280088,7,1,
2,49280103,116,49,
2,49280184,33,12,
2,49280221,22,4,
2,49280486,55,28,
2,49280558,26,7,
2,49280926,33,24,
2,49280945,35,4,
2,49281087,14,5,
2,49281311,16,5,
2,49281352,6,0,
2,49281556,25,2,
2,49281675,23,7,
2,49281835,18,2,
2,49281859,7,0,
2,49281916,446,300,
2,49281960,51,8,
2,49282344,4,1,
2,49282762,37,17,
2,49282985,7,3,
2,49283047,10,0,
2,49283063,86,56,26
2,49283344,54,6,
2,49283485,15,6,
2,49283563,86,78,
2,49283840,81,119,
2,49283944,14,4,
2,49284368,8,1,
2,49284639,3,2,
2,49284774,382,410,
2,49285036,7,1,
2,49285075,7,0,
2,49285105,5,0,
2,49285160,122,47,
2,49285244,568,248,5
2,49285268,55,53,
2,49285292,25,9,
2,49285327,179,73,30
2,49285372,3,0,
2,49285391,3,0,
2,49285414,47,2,
2,49285418,255,147,15
2,49285420,3,0,
2,49285442,5,0,
2,49285556,3,1,
2,49285604,155,197,
2,49285620,9,0,
2,49285631,5,0,
2,49285712,10,1,
2,49285741,11,4,
2,49285750,15,1,
2,49285770,228,125,25
2,49285909,72,51,
2,49285948,11,1,
2,49285982,389,199,
2,49285983,4,5,
2,49286003,3,0,
2,49286030,48,15,
2,49286039,3,9,
2,49286057,32,37,
2,49286073,55,35,
2,49286172,23,4,
2,49286211,24,5,
2,49286270,120,123,
2,49286341,508,142,9
2,49286357,68,44,
2,49286390,11,2,
2,49286424,61,11,
2,49286485,161,71,29
2,49286644,34,12,
2,49286654,40,66,
2,49286662,211,299,
2,49287153,99,103,
2,49287176,6,7,
2,49287362,3,0,
2,49287380,10,0,
2,49287481,3,0,
2,49287525,5,3,
2,49287554,12,0,
2,49287555,5,1,
2,49287604,17,0,
2,49287609,8,4,
2,49287645,8,0,
2,49287766,8,1,
2,49287829,4,0,
2,49287881,21,3,
2,49287957,7,0,
2,49287965,3,0,
2,49288011,9,2,
2,49288017,3,0,
2,49288033,13,0,
2,49288051,36,10,
2,49288055,6,0,
2,49288092,4,0,
2,49288124,7,1,
2,49288129,9,0,
2,49288138,8,0,
2,49288146,7,1,
2,49288151,6,1,
2,49288155,6,1,
2,49288198,9,0,
2,49288201,5,0,
2,49288293,94,47,28
2,49288296,52,13,
2,49288325,7,0,
2,49288454,5,0,
2,49288551,4,0,
2,49288607,39,22,
2,49288664,12,0,
2,49288687,13,4,
2,49288778,19,4,
2,49288810,22,4,
2,49288844,6,0,
2,49288889,260,103,7
2,49288914,10,0,
2,49288918,6,0,
2,49288920,4,0,
2,49288940,15,7,
2,49289000,8,0,
2,49289026,58,15,
2,49289101,48,22,
2,49289112,643,367,1
2,49289133,5,1,
2,49289158,16,3,
2,49289221,3,0,
2,49289236,7,1,
2,49289256,7,22,
2,49289260,39,9,13
2,49289304,35,13,
2,49289340,13,1,
2,49289372,7,0,
2,49289374,8,0,
2,49289411,3,0,
2,49289424,51,5,
2,49289465,197,87,12
2,49289512,269,139,10
2,49289516,10,1,
2,49289522,11,1,
2,49289532,136,124,19
2,49289559,5,0,
2,49289585,63,50,
2,49289654,112,42,18
2,49289724,6,2,
2,49289831,6,3,
2,49289844,449,188,3
2,49289851,5,1,
2,49289898,17,0,
2,49289910,11,0,
2,49290009,13,2,
2,49290013,8,3,
2,49290043,12,5,
2,49290078,15,1,
2,49290095,6,3,
2,49290130,5,0,
2,49290139,4,0,
2,49290166,35,15,6
2,49290180,14,1,
2,49290215,154,101,20
2,49290264,5,1,
2,49290273,15,4,
2,49290299,221,119,8
2,49290470,3,1,
2,49290521,45,13,
2,49290539,5,0,
2,49290545,24,9,
2,49290684,4,0,
2,49290693,5,0,
2,49290713,7,18,
2,49290724,14,2,
2,49290751,25,3,
2,49290768,71,46,16
2,49290785,15,5,
2,49290840,4,6,
2,49290919,14,3,
2,49290958,6,1,
2,49290969,76,39,21
2,49291008,12,0,
2,49291196,13,1,
2,49291268,162,102,11
2,49291420,4,0,
2,49291665,4,0,
2,49291685,3,0,
2,49291698,4,3,
2,49291782,38,0,
2,49291962,7,0,
2,49291987,4,3,
2,49292409,8,0,
2,49292480,4,1,
2,49292488,8,2,
2,49292567,50,62,
2,49292684,5,0,
2,49292855,7,2,
2,49292903,3,0,
2,49292932,88,63,
2,49292982,6,0,
2,49293087,19,3,17
2,49293215,4,0,
2,49293261,7,0,
2,49293277,5,0,
2,49293292,13,5,
2,49293294,70,13,2
2,49293324,78,18,4
2,49293492,4,0,
2,49293654,6,0,
2,49293908,3,0,
2,49293984,4,0,
2,49294049,3,2,
3,49172319,99,84,
3,49173107,169,40,
3,49173175,33,3,
3,49177765,34,17,
3,49178476,138,40,
3,49178868,30,6,
3,49179434,57,79,
3,49181584,67,25,
3,49182772,40,4,
3,49183917,101,50,
3,49184220,223,121,
3,49184960,953,600,
3,49189457,443,105,
3,49191000,60,47,
3,49191130,72,64,
3,49193533,29,2,
3,49194856,168,18,
3,49195231,1185,169,
3,49196581,112,56,
3,49196657,87,34,
3,49197565,167,77,
3,49198464,237,156,
3,49199346,702,547,
3,49201953,378,58,
3,49201970,945,721,
3,49202912,141,31,
3,49203105,222,36,
3,49204173,36,9,
3,49204352,811,432,
3,49205082,126,27,
3,49206200,104,49,
3,49207236,516,497,
3,49208296,427,104,
3,49208393,220,63,
3,49208693,174,56,
3,49209132,81,31,
3,49209539,1100,1332,
3,49209918,435,67,
3,49210199,81,8,
3,49210740,20,4,26
3,49211530,34,14,
3,49212449,116,29,
3,49213029,206,195,
3,49213111,32,44,
3,49213660,212,72,
3,49214008,795,474,
3,49215111,43,18,
3,49215117,19,8,
3,49215786,300,225,
3,49218040,267,262,
3,49218190,51,11,
3,49218463,26,3,
3,49218514,17,0,
3,49219679,132,174,
3,49220126,447,130,
3,49220609,433,434,
3,49221668,440,167,
3,49221990,11,1,
3,49222189,935,582,
3,49222824,172,71,
3,49223082,513,294,
3,49223964,58,1,16
3,49223965,213,88,
3,49224997,107,85,
3,49226563,128,137,
3,49226623,327,302,
3,49226636,540,252,
3,49226742,382,44,
3,49226923,261,167,
3,49227505,102,20,
3,49227610,41,9,
3,49227709,9,1,
3,49227718,111,84,
3,49228350,135,128,
3,49230022,105,86,
3,49230477,436,374,
3,49230514,164,106,
3,49230630,106,190,
3,49230891,121,19,
3,49231315,28,1,
3,49231809,292,69,
3,49232039,111,23,
3,49232138,667,594,
3,49232253,393,284,
3,49232312,90,13,
3,49232753,15,1,13
3,49233423,317,1169,
3,49233448,189,91,
3,49235641,133,93,
3,49236596,26,59,
3,49236811,45,10,30
3,49237292,8,7,
3,49237407,58,11,
3,49238050,151,31,
3,49238561,386,200,
3,49238818,191,60,
3,49238831,39,5,
3,49238851,211,89,
3,49239751,691,397,
3,49240615,41,10,23
3,49241559,149,55,
3,49241679,1200,637,
3,49241846,240,59,
3,49241942,45,20,
3,49242297,169,159,
3,49242475,79,30,
3,49242653,289,144,
3,49242698,146,70,
3,49242739,628,207,
3,49243029,192,111,
3,49243270,39,1,
3,49243397,233,198,
3,49243474,228,174,
3,49243687,102,22,
3,49243860,6,4,
3,49243880,639,601,
3,49244085,156,24,
3,49244250,68,14,
3,49244308,124,235,
3,49244339,107,40,
3,49244569,153,174,
3,49244696,24,1,
3,49245023,407,603,
3,49245251,187,72,
3,49245318,72,33,
3,49245421,43,9,
3,49245437,165,90,
3,49245491,190,80,
3,49245936,260,188,
3,49246057,77,51,
3,49246704,130,71,
3,49246804,527,182,
3,49247070,279,177,
3,49247477,222,114,
3,49249111,35,14,
3,49249555,171,62,
3,49250090,76,29,
3,49250109,446,416,
3,49250836,933,971,
3,49250894,152,60,
3,49251179,291,123,
3,49251411,666,758,
3,49251702,301,62,
3,49252179,439,97,
3,49252462,120,49,
3,49253721,73,45,
3,49254376,29,3,
3,49254788,20,1,
3,49254880,1054,508,
3,49254881,46,54,
3,49255496,383,513,
3,49255710,354,177,
3,49256057,194,30,
3,49257160,520,483,
3,49257377,560,403,
3,49257853,55,2,
3,49257876,694,306,
3,49257947,121,32,
3,49258011,106,77,
3,49258202,104,102,
3,49258428,56,22,
3,49258764,167,89,
3,49259309,47,46,
3,49259339,305,41,
3,49259611,165,101,
3,49260250,189,536,
3,49261128,426,241,
3,49261133,436,528,
3,49261192,47,20,
3,49261417,132,22,
3,49261514,342,326,
3,49261895,117,36,
3,49261987,17,0,
3,49262172,56,76,
3,49262211,163,135,
3,49262811,182,24,
3,49263260,53,15,
3,49263340,261,136,
3,49263461,122,236,
3,49263497,660,288,
3,49264366,26,2,
3,49264583,72,33,
3,49264896,19,4,
3,49265031,65,7,
3,49265051,274,86,
3,49265879,210,159,
3,49266277,224,193,
3,49266921,105,31,
3,49267108,192,92,
3,49267362,11,2,
3,49267527,71,49,
3,49267928,360,162,
3,49268564,474,203,
3,49269090,155,35,
3,49269429,148,143,
3,49269809,22,4,
3,49269818,476,339,
3,49269830,10,1,
3,49269917,12,0,
3,49270022,259,156,
3,49270027,9,0,
3,49270040,308,45,
3,49270194,20,0,
3,49270283,8,0,
3,49270311,7,10,
3,49270437,5,0,
3,49270445,7,0,
3,49270615,19,3,
3,49270621,178,144,
3,49270726,685,846,
3,49270761,9,0,
3,49270766,60,35,
3,49270779,23,0,
3,49270795,8,3,
3,49270833,12,11,
3,49270953,507,141,
3,49271050,26,5,
3,49271105,43,2,
3,49271126,196,2,
3,49271382,6,2,
3,49271390,20,3,
3,49271423,11,1,
3,49271440,4,1,
3,49271757,241,60,
3,49271994,966,892,
3,49272048,22,9,
3,49272132,49,0,
3,49272252,11,18,
3,49272264,14,7,
3,49272282,69,23,
3,49272341,4,0,
3,49272484,127,63,
3,49272549,332,68,
3,49272569,300,224,
3,49272620,117,51,
3,49272655,296,36,
3,49272747,9,2,
3,49272758,6,0,
3,49272784,29,7,
3,49272832,1178,227,
3,49272891,9,0,
3,49272986,7,0,
3,49273072,12,0,
3,49273113,6,1,
3,49273165,620,377,
3,49273175,110,35,
3,49273330,127,196,
3,49273346,4,3,
3,49273478,700,168,
3,49273848,11,2,
3,49273886,9,0,
3,49273922,30,7,
3,49273970,11,0,
3,49274018,65,10,
3,49274027,623,609,
3,49274160,5,1,
3,49274374,13,1,
3,49274420,31,1,
3,49274489,12,3,
3,49274600,1017,441,
3,49274672,46,7,
3,49274713,11,2,
3,49274757,164,372,
3,49274776,9,0,
3,49274854,70,65,
3,49274858,159,196,
3,49274894,57,16,
3,49274960,43,29,
3,49275132,108,23,
3,49275335,246,193,
3,49275385,336,400,
3,49276344,33,3,
3,49276534,129,174,
3,49276574,662,245,
3,49276673,29,13,
3,49277288,17,0,
3,49277437,9,0,
3,49277799,157,51,
3,49277952,9,0,
3,49278098,28,10,
3,49278603,5,1,
3,49278916,7,2,
3,49279013,183,296,
3,49279146,4,0,
3,49279197,66,25,
3,49279207,11,2,
3,49279311,7,2,
3,49279352,10,10,
3,49279500,9,3,
3,49279627,74,65,
3,49279628,14,9,
3,49279638,85,36,
3,49279739,4,0,
3,49279928,271,148,
3,49279949,12,0,
3,49279951,71,20,
3,49280047,102,30,
3,49280061,193,210,
3,49280088,7,1,
3,49280103,117,49,
3,49280184,34,12,
3,49280221,22,4,
3,49280486,55,28,
3,49280558,26,7,
3,49280926,33,24,
3,49280945,35,4,
3,49281087,14,5,
3,49281311,16,5,
3,49281352,6,0,
3,49281556,25,2,
3,49281675,24,7,
3,49281835,18,3,
3,49281859,7,0,
3,49281916,447,301,
3,49281960,52,8,
3,49282344,4,1,
3,49282762,37,18,
3,49283063,88,59,27
3,49283344,54,6,
3,49283485,15,6,
3,49283563,88,78,
3,49283840,82,121,
3,49283944,14,4,
3,49284774,385,414,
3,49285036,7,1,
3,49285075,7,0,
3,49285105,5,0,
3,49285160,122,47,
3,49285244,583,247,5
3,49285268,56,53,
3,49285292,25,9,
3,49285327,182,77,
3,49285372,3,0,
3,49285391,3,0,
3,49285414,47,2,
3,49285418,264,152,17
3,49285420,3,0,
3,49285442,5,0,
3,49285556,3,1,
3,49285604,157,197,
3,49285620,9,0,
3,49285631,5,0,
3,49285712,10,1,
3,49285741,11,4,
3,49285750,15,1,
3,49285770,243,131,25
3,49285909,72,51,
3,49285948,11,1,
3,49285982,393,199,
3,49285983,4,5,
3,49286003,3,0,
3,49286030,49,15,
3,49286039,3,9,
3,49286057,32,39,
3,49286073,56,35,
3,49286172,23,4,
3,49286211,24,5,
3,49286270,122,124,
3,49286341,522,144,8
3,49286357,68,44,
3,49286390,11,2,
3,49286424,61,11,
3,49286485,163,73,29
3,49286644,34,12,
3,49286654,41,67,
3,49286662,215,301,
3,49287153,103,103,
3,49287176,6,7,
3,49287362,3,0,
3,49287380,10,0,
3,49287481,3,0,
3,49287525,5,3,
3,49287555,5,1,
3,49287604,18,0,
3,49287609,8,4,
3,49287645,8,0,
3,49287766,8,1,
3,49287829,4,0,
3,49287881,21,3,
3,49287957,7,0,
3,49287965,3,0,
3,49288011,9,2,
3,49288017,3,0,
3,49288033,13,0,
3,49288051,36,10,
3,49288055,6,0,
3,49288092,4,0,
3,49288124,7,1,
3,49288129,9,0,
3,49288138,8,0,
3,49288146,7,1,
3,49288151,6,1,
3,49288155,6,1,
3,49288198,9,0,
3,49288201,5,0,
3,49288293,101,48,28
3,49288296,52,13,
3,49288324,34,86,
3,49288325,7,0,
3,49288454,5,0,
3,49288551,4,0,
3,49288607,39,22,
3,49288664,12,0,
3,49288687,13,6,
3,49288778,19,4,
3,49288810,22,4,
3,49288844,6,0,
3,49288889,268,106,7
3,49288914,12,0,
3,49288918,6,0,
3,49288920,4,0,
3,49288940,15,7,
3,49289000,8,0,
3,49289026,58,15,
3,49289101,50,22,
3,49289112,665,376,1
3,49289133,5,1,
3,49289158,16,3,
3,49289221,3,0,
3,49289236,7,1,
3,49289256,7,22,
3,49289260,45,8,24
3,49289304,35,13,
3,49289340,13,1,
3,49289372,9,0,
3,49289374,8,0,
3,49289411,3,0,
3,49289424,54,5,
3,49289465,202,92,12
3,49289512,282,143,9
3,49289516,10,1,
3,49289522,11,1,
3,49289532,141,128,21
3,49289559,5,0,
3,49289585,63,50,
3,49289654,121,46,19
3,49289724,6,2,
3,49289831,6,3,
3,49289844,467,198,3
3,49289851,5,1,
3,49289898,20,0,
3,49289910,11,0,
3,49290009,13,2,
3,49290013,8,3,
3,49290043,12,5,
3,49290078,15,1,
3,49290095,6,3,
3,49290130,5,0,
3,49290139,4,0,
3,49290166,51,31,6
3,49290180,14,1,
3,49290215,163,105,18
3,49290264,5,1,
3,49290273,15,4,
3,49290299,235,131,11
3,49290470,3,1,
3,49290521,46,13,
3,49290539,5,0,
3,49290545,25,9,
3,49290684,4,0,
3,49290693,5,0,
3,49290713,7,21,
3,49290724,14,2,
3,49290751,26,3,
3,49290768,77,48,20
3,49290785,15,5,
3,49290919,15,3,
3,49290958,6,1,
3,49290969,82,39,22
3,49291008,12,0,
3,49291196,14,1,
3,49291268,170,108,10
3,49291665,4,0,
3,49291685,3,0,
3,49291698,4,3,
3,49291782,38,0,
3,49291962,7,0,
3,49291987,4,3,
3,49292385,6,0,
3,49292409,8,0,
3,49292480,4,1,
3,49292488,8,2,
3,49292567,52,68,
3,49292684,5,0,
3,49292855,7,2,
3,49292903,3,0,
3,49292932,93,78,
3,49292982,9,0,
3,49293087,34,7,14
3,49293215,5,0,
3,49293261,7,0,
3,49293277,5,0,
3,49293292,17,6,
3,49293294,110,25,2
3,49293324,92,20,4
3,49293492,5,0,
3,49293654,6,0,
3,49293908,4,0,
3,49293937,5,0,
3,49293984,11,0,
3,49294025,15,1,
3,49294049,4,2,
3,49294199,102,12,15
3,49294219,10,3,
3,49294233,5,0,
4,49172319,99,84,
4,49173107,169,40,
4,49173175,33,3,
4,49177765,34,17,
4,49178476,138,40,
4,49178868,30,6,
4,49179434,57,79,
4,49181584,67,25,
4,49182772,40,4,
4,49183917,101,50,
4,49184220,223,121,
4,49184755,864,933,
4,49184960,953,600,
4,49189457,443,105,
4,49191000,60,47,
4,49191130,72,64,
4,49193533,29,2,
4,49194856,168,18,
4,49195231,1185,169,
4,49196581,112,56,
4,49196657,87,34,
4,49197565,167,77,
4,49198464,237,156,
4,49199346,702,547,
4,49201953,378,58,
4,49201970,945,721,
4,49202912,141,31,
4,49203105,222,36,
4,49204173,36,9,
4,49204352,811,432,
4,49205082,126,27,
4,49206200,104,49,
4,49207236,516,497,
4,49208296,427,104,
4,49208393,220,63,
4,49208693,174,56,
4,49209132,81,31,
4,49209539,1100,1333,
4,49209918,435,67,
4,49210199,81,8,
4,49210740,22,4,26
4,49211530,34,14,
4,49212449,116,29,
4,49213029,206,195,
4,49213111,33,44,
4,49213660,212,72,
4,49214008,795,474,
4,49215111,43,18,
4,49215117,19,8,
4,49215786,300,225,
4,49218040,270,264,
4,49218190,51,11,
4,49218463,26,3,
4,49218514,17,0,
4,49219679,132,174,
4,49220126,447,130,
4,49220609,433,434,
4,49221169,38,9,
4,49221431,8,1,22
4,49221668,440,167,
4,49221990,11,1,
4,49222189,935,582,
4,49222824,172,71,
4,49223082,513,294,
4,49223964,60,1,16
4,49223965,213,88,
4,49224997,108,85,
4,49226563,128,137,
4,49226623,327,302,
4,49226636,540,252,
4,49226742,382,44,
4,49226923,261,167,
4,49227505,102,20,
4,49227610,41,9,
4,49227709,9,1,
4,49227718,111,84,
4,49228350,135,128,
4,49230022,105,86,
4,49230477,436,374,
4,49230514,164,106,
4,49230630,106,190,
4,49230891,121,19,
4,49231315,28,1,
4,49231809,292,69,
4,49232039,113,23,
4,49232138,667,594,
4,49232253,393,284,
4,49232312,91,13,
4,49232753,23,5,12
4,49233423,317,1169,
4,49233448,189,91,
4,49235349,174,211,
4,49235641,133,93,
4,49236596,27,59,
4,49236811,48,10,29
4,49237292,8,7,
4,49237407,58,11,
4,49238050,151,31,
4,49238561,386,200,
4,49238818,191,60,
4,49238831,40,5,
4,49238851,211,89,
4,49239751,691,397,
4,49240615,46,13,23
4,49241559,149,55,
4,49241679,1200,637,
4,49241846,240,59,
4,49241942,45,20,
4,49242297,169,159,
4,49242475,79,30,
4,49242653,289,144,
4,49242698,147,70,
4,49242739,628,207,
4,49243029,192,111,
4,49243270,39,1,
4,49243397,233,198,
4,49243474,228,175,
4,49243687,102,22,
4,49243860,6,4,
4,49243880,640,601,
4,49244085,156,24,
4,49244250,68,14,
4,49244308,124,235,
4,49244339,107,40,
4,49244569,153,174,
4,49244696,24,1,
4,49245023,407,603,
4,49245251,187,72,
4,49245318,72,33,
4,49245421,43,9,
4,49245437,166,90,
4,49245491,190,80,
4,49245936,260,188,
4,49246057,77,51,
4,49246704,130,71,
4,49246804,527,182,
4,49247070,279,177,
4,49247477,222,114,
4,49249111,35,14,
4,49249555,171,62,
4,49250090,76,29,
4,49250109,446,416,
4,49250836,933,975,
4,49250894,152,60,
4,49251179,291,123,
4,49251411,666,758,
4,49251702,301,62,
4,49252179,439,97,
4,49252462,120,49,
4,49253721,73,45,
4,49254376,30,3,
4,49254788,20,1,
4,49254880,1055,508,
4,49254881,46,54,
4,49255496,383,513,
4,49255710,354,177,
4,49256057,195,30,
4,49257160,520,485,
4,49257377,560,403,
4,49257853,55,2,
4,49257876,694,306,
4,49257947,121,32,
4,49258011,106,77,
4,49258202,104,102,
4,49258428,57,22,
4,49258764,167,89,
4,49259309,47,46,
4,49259339,305,41,
4,49259611,165,101,
4,49260250,189,536,
4,49261128,426,241,
4,49261133,436,529,
4,49261192,47,20,
4,49261417,132,22,
4,49261514,343,326,
4,49261895,117,36,
4,49261987,17,0,
4,49262172,56,76,
4,49262211,163,135,
4,49262811,182,24,
4,49263260,53,15,
4,49263340,261,136,
4,49263461,123,236,
4,49263497,660,288,
4,49264366,26,2,
4,49264583,72,33,
4,49264896,19,4,
4,49265031,65,7,
4,49265051,274,86,
4,49265879,210,159,
4,49266277,224,193,
4,49266921,105,31,
4,49267108,192,92,
4,49267362,12,2,
4,49267527,71,49,
4,49267928,361,162,
4,49268564,474,203,
4,49269090,155,35,
4,49269429,149,145,
4,49269809,23,4,
4,49269818,476,339,
4,49269830,10,1,
4,49269917,12,0,
4,49270022,259,156,
4,49270027,9,0,
4,49270040,308,45,
4,49270194,20,0,
4,49270283,8,0,
4,49270311,7,10,
4,49270437,5,0,
4,49270445,7,0,
4,49270615,19,3,
4,49270621,179,144,
4,49270726,689,848,
4,49270761,9,0,
4,49270766,60,35,
4,49270779,23,0,
4,49270795,8,3,
4,49270833,12,11,
4,49270953,507,141,
4,49271050,26,5,
4,49271105,43,2,
4,49271126,196,2,
4,49271382,6,2,
4,49271390,20,3,
4,49271423,11,1,
4,49271440,4,1,
4,49271757,243,60,
4,49271994,966,896,
4,49272048,23,9,
4,49272132,49,0,
4,49272252,11,18,
4,49272264,15,7,
4,49272282,69,23,
4,49272341,4,0,
4,49272484,128,63,
4,49272549,333,68,
4,49272569,300,224,
4,49272620,117,51,
4,49272655,297,36,
4,49272747,9,2,
4,49272758,6,0,
4,49272784,29,7,
4,49272832,1180,228,
4,49272891,9,0,
4,49272986,7,0,
4,49273072,12,0,
4,49273113,6,1,
4,49273165,622,377,
4,49273175,111,35,
4,49273330,128,196,
4,49273346,4,3,
4,49273478,700,168,
4,49273848,11,2,
4,49273886,9,0,
4,49273922,30,7,
4,49273970,11,0,
4,49274018,66,10,
4,49274027,624,610,
4,49274160,5,1,
4,49274374,14,1,
4,49274420,31,1,
4,49274489,12,3,
4,49274600,1019,442,
4,49274672,47,7,
4,49274713,11,2,
4,49274757,166,374,
4,49274776,9,0,
4,49274854,70,65,
4,49274858,159,196,
4,49274894,57,16,
4,49274960,43,29,
4,49275132,108,23,
4,49275335,247,193,
4,49275385,337,401,
4,49276344,33,3,
4,49276534,130,174,
4,49276574,665,247,
4,49276673,29,13,
4,49277288,17,0,
4,49277437,9,0,
4,49277799,157,51,
4,49277952,9,0,
4,49278098,28,10,
4,49278603,5,1,
4,49278916,7,2,
4,49279013,183,299,
4,49279146,4,0,
4,49279197,66,25,
4,49279207,11,2,
4,49279311,7,2,
4,49279352,10,10,
4,49279500,9,3,
4,49279627,78,65,
4,49279628,14,9,
4,49279638,86,36,
4,49279739,4,0,
4,49279928,271,148,
4,49279949,12,0,
4,49279951,71,20,
4,49280047,103,30,
4,49280061,194,210,
4,49280088,7,1,
4,49280103,117,49,
4,49280184,35,13,
4,49280221,22,4,
4,49280486,56,29,
4,49280558,26,7,
4,49280926,33,24,
4,49280945,35,4,
4,49281311,16,5,
4,49281352,6,0,
4,49281556,25,2,
4,49281675,24,7,
4,49281835,18,3,
4,49281859,7,0,
4,49281916,450,301,
4,49281960,52,8,
4,49282344,4,1,
4,49282762,37,18,
4,49283063,91,65,28
4,49283344,55,6,
4,49283485,15,6,
4,49283563,88,79,
4,49283840,84,121,
4,49283944,15,4,
4,49284774,388,417,
4,49285036,7,1,
4,49285075,7,0,
4,49285105,5,0,
4,49285160,123,47,
4,49285244,597,251,4
4,49285268,57,54,
4,49285292,25,9,
4,49285327,186,77,
4,49285372,3,0,
4,49285391,3,0,
4,49285414,47,2,
4,49285418,274,156,14
4,49285420,3,0,
4,49285442,5,0,
4,49285556,3,1,
4,49285604,158,197,
4,49285620,10,0,
4,49285631,7,0,
4,49285712,10,1,
4,49285741,11,4,
4,49285750,15,1,
4,49285770,249,132,24
4,49285909,73,51,
4,49285948,11,1,
4,49285982,400,204,
4,49285983,4,5,
4,49286003,3,0,
4,49286030,49,15,
4,49286039,4,9,
4,49286057,34,39,
4,49286073,57,35,
4,49286172,23,5,
4,49286211,24,5,
4,49286270,122,124,
4,49286341,538,146,6
4,49286357,68,44,
4,49286390,11,2,
4,49286424,62,11,
4,49286485,165,75,
4,49286644,34,12,
4,49286654,42,67,
4,49286662,215,305,
4,49287153,106,107,
4,49287176,6,7,
4,49287362,4,0,
4,49287380,10,0,
4,49287481,3,0,
4,49287525,5,3,
4,49287555,5,1,
4,49287604,18,0,
4,49287609,8,4,
4,49287645,8,0,
4,49287766,8,1,
4,49287829,4,0,
4,49287881,23,3,
4,49287957,7,0,
4,49287965,3,0,
4,49288011,10,2,
4,49288017,3,0,
4,49288033,14,0,
4,49288051,37,10,
4,49288055,8,0,
4,49288092,4,0,
4,49288124,7,1,
4,49288129,9,0,
4,49288138,8,0,
4,49288146,7,1,
4,49288151,7,1,
4,49288155,6,1,
4,49288198,10,0,
4,49288201,5,0,
4,49288293,105,48,30
4,49288296,54,13,
4,49288324,36,86,
4,49288325,7,0,
4,49288454,5,0,
4,49288551,5,0,
4,49288607,42,22,
4,49288664,13,0,
4,49288687,14,6,
4,49288778,21,5,
4,49288810,22,4,
4,49288844,7,0,
4,49288889,279,110,7
4,49288914,12,0,
4,49288918,6,0,
4,49288920,4,0,
4,49288940,15,7,
4,49289000,8,0,
4,49289026,58,15,
4,49289101,52,22,
4,49289112,696,386,1
4,49289133,6,1,
4,49289158,16,3,
4,49289221,3,0,
4,49289236,7,1,
4,49289256,8,22,
4,49289260,50,16,25
4,49289304,35,13,
4,49289340,14,1,
4,49289372,10,0,
4,49289374,8,0,
4,49289411,3,0,
4,49289424,56,5,
4,49289465,205,93,10
4,49289512,292,146,8
4,49289516,11,1,
4,49289522,11,1,
4,49289532,146,132,19
4,49289559,5,0,
4,49289585,63,50,
4,49289654,127,48,18
4,49289724,6,2,
4,49289831,6,3,
4,49289844,496,205,2
4,49289851,5,1,
4,49289898,20,0,
4,49290009,15,2,
4,49290013,9,3,
4,49290043,13,5,
4,49290078,16,1,
4,49290095,7,3,
4,49290130,6,0,
4,49290139,4,0,
4,49290166,79,37,5
4,49290180,15,1,
4,49290215,169,108,17
4,49290264,5,1,
4,49290273,16,4,
4,49290299,250,137,9
4,49290470,3,1,
4,49290521,48,13,
4,49290539,5,0,
4,49290545,26,9,
4,49290684,4,0,
4,49290693,5,0,
4,49290713,8,22,
4,49290724,15,2,
4,49290751,28,3,
4,49290768,86,48,20
4,49290785,16,5,
4,49290919,15,3,
4,49290958,7,1,
4,49290969,85,39,21
4,49291008,13,0,
4,49291196,15,1,
4,49291268,177,111,11
4,49291665,6,0,
4,49291685,3,0,
4,49291698,4,3,
4,49291782,40,0,
4,49291962,9,0,
4,49291987,5,3,
4,49292385,10,1,
4,49292409,9,0,
4,49292480,6,1,
4,49292567,54,68,
4,49292684,6,0,
4,49292855,7,2,
4,49292903,3,0,
4,49292932,97,78,
4,49292982,9,0,
4,49293087,50,18,13
4,49293215,5,0,
4,49293261,8,0,
4,49293277,6,0,
4,49293292,18,8,
4,49293294,137,34,27
4,49293324,112,21,3
4,49293492,6,0,
4,49293654,7,0,
4,49293908,8,0,
4,49293984,20,0,
4,49294025,24,6,
4,49294049,5,2,
4,49294199,148,44,15
4,49294219,16,3,
4,49294233,9,0,
4,49294502,5,0,
4,49294674,4,0,
5,49172319,99,84,
5,49173107,169,40,
5,49173175,33,3,
5,49177765,34,17,
5,49178476,138,40,
5,49178868,30,6,
5,49179434,57,79,
5,49181584,67,25,
5,49182772,40,4,
5,49183917,101,50,
5,49184220,224,121,
5,49184755,864,933,
5,49184960,953,600,
5,49189457,443,105,
5,49191000,60,47,
5,49191130,72,64,
5,49193533,29,2,
5,49194856,168,18,
5,49195231,1185,169,
5,49196581,112,56,
5,49196657,87,34,
5,49197565,167,77,
5,49198464,237,156,
5,49199346,702,547,
5,49201953,378,58,
5,49201970,945,721,
5,49202912,141,31,
5,49203105,222,36,
5,49204173,36,9,
5,49204352,811,432,
5,49205082,126,27,
5,49206200,104,49,
5,49207236,516,497,
5,49208296,427,104,
5,49208393,220,63,
5,49208693,174,56,
5,49209132,81,31,
5,49209539,1100,1333,
5,49209918,435,68,
5,49210199,81,8,
5,49210740,25,5,25
5,49211530,34,14,
5,49212449,116,29,
5,49213029,206,195,
5,49213111,33,44,
5,49213660,212,72,
5,49214008,795,474,
5,49215111,43,18,
5,49215117,19,8,
5,49215786,300,225,
5,49218040,270,266,
5,49218190,51,11,
5,49218463,26,3,
5,49218514,17,0,
5,49219679,132,174,
5,49220126,447,130,
5,49220609,433,434,
5,49221169,38,9,
5,49221431,20,1,22
5,49221668,440,167,
5,49221990,11,1,
5,49222189,935,581,
5,49222824,172,71,
5,49223082,513,294,
5,49223964,67,2,17
5,49223965,213,88,
5,49224997,110,85,
5,49226563,128,137,
5,49226623,327,302,
5,49226636,540,252,
5,49226742,382,44,
5,49226923,261,167,
5,49227505,102,20,
5,49227610,41,9,
5,49227709,9,1,
5,49227718,111,84,
5,49228350,135,128,
5,49230022,105,86,
5,49230477,436,374,
5,49230514,164,106,
5,49230630,106,190,
5,49230891,121,19,
5,49231315,28,1,
5,49231809,292,69,
5,49232039,115,23,
5,49232138,667,594,
5,49232253,393,284,
5,49232312,91,13,
5,49232753,32,8,13
5,49233423,317,1169,
5,49233448,189,91,
5,49235349,174,211,
5,49235641,133,93,
5,49236596,28,59,
5,49236811,48,10,29
5,49237292,8,7,
5,49237407,58,11,
5,49238050,151,31,
5,49238561,386,200,
5,49238818,191,60,
5,49238831,40,5,
5,49238851,211,89,
5,49239751,691,397,
5,49240615,52,15,22
5,49241559,149,55,
5,49241679,1200,637,
5,49241846,240,59,
5,49241942,45,20,
5,49242287,12,1,13
5,49242297,169,159,
5,49242475,79,30,
5,49242653,289,145,
5,49242698,147,71,
5,49242739,628,207,
5,49243029,192,111,
5,49243270,39,1,
5,49243397,233,198,
5,49243474,228,175,
5,49243687,103,22,
5,49243860,6,4,
5,49243880,640,601,
5,49244085,156,24,
5,49244250,68,14,
5,49244308,124,235,
5,49244339,107,40,
5,49244569,153,174,
5,49244696,26,1,
5,49245023,407,603,
5,49245251,187,72,
5,49245318,72,33,
5,49245421,43,9,
5,49245437,166,90,
5,49245491,190,80,
5,49245936,260,188,
5,49246057,77,51,
5,49246704,130,71,
5,49246804,527,182,
5,49247070,279,177,
5,49247477,222,114,
5,49249111,35,14,
5,49249555,171,62,
5,49250090,76,29,
5,49250109,446,416,
5,49250836,933,975,
5,49250894,152,60,
5,49251179,291,123,
5,49251411,667,758,
5,49251702,301,62,
5,49252179,439,98,
5,49252462,120,49,
5,49253721,73,45,
5,49254376,30,3,
5,49254788,20,1,
5,49254880,1057,508,
5,49254881,46,54,
5,49255496,383,513,
5,49255710,354,177,
5,49256057,195,30,
5,49257160,520,485,
5,49257377,560,403,
5,49257853,55,2,
5,49257876,694,306,
5,49257947,121,32,
5,49258011,106,77,
5,49258202,104,102,
5,49258428,58,22,
5,49258764,167,89,
5,49259309,47,46,
5,49259339,305,41,
5,49259611,165,101,
5,49260250,189,536,
5,49261128,426,241,
5,49261133,436,529,
5,49261192,47,20,
5,49261417,132,22,
5,49261514,343,326,
5,49261895,117,36,
5,49261987,17,0,
5,49262172,56,76,
5,49262211,164,135,
5,49262811,182,24,
5,49263260,53,15,
5,49263340,261,136,
5,49263461,123,237,
5,49263497,660,288,
5,49264366,26,2,
5,49264583,72,33,
5,49264896,19,4,
5,49265031,65,7,
5,49265051,274,87,
5,49265879,210,159,
5,49266277,224,193,
5,49266921,105,31,
5,49267108,192,92,
5,49267362,12,2,
5,49267928,361,162,
5,49268564,474,203,
5,49269090,155,35,
5,49269429,149,145,
5,49269809,23,4,
5,49269818,477,339,
5,49269830,10,1,
5,49269917,12,0,
5,49270022,259,156,
5,49270027,9,0,
5,49270040,309,45,
5,49270194,20,0,
5,49270283,8,0,
5,49270311,7,10,
5,49270437,5,0,
5,49270445,7,0,
5,49270615,19,3,
5,49270621,179,144,
5,49270726,690,849,
5,49270761,9,0,
5,49270766,60,35,
5,49270779,23,0,
5,49270795,8,3,
5,49270833,12,11,
5,49270953,507,141,
5,49271050,26,5,
5,49271105,43,2,
5,49271126,196,2,
5,49271382,6,2,
5,49271390,20,3,
5,49271423,11,1,
5,49271440,4,1,
5,49271757,243,60,
5,49271994,967,897,
5,49272048,23,9,
5,49272132,49,0,
5,49272252,11,18,
5,49272264,15,7,
5,49272282,69,23,
5,49272341,4,0,
5,49272484,128,64,
5,49272549,333,68,
5,49272569,300,225,
5,49272620,117,51,
5,49272655,297,36,
5,49272747,9,2,
5,49272758,6,0,
5,49272784,29,7,
5,49272832,1180,228,
5,49272891,9,0,
5,49272986,7,0,
5,49273072,12,0,
5,49273113,6,1,
5,49273165,623,377,
5,49273175,111,35,
5,49273330,128,196,
5,49273346,4,3,
5,49273478,700,168,
5,49273848,11,2,
5,49273886,9,0,
5,49273922,30,7,
5,49273970,11,0,
5,49274018,66,10,
5,49274027,624,611,
5,49274160,5,1,
5,49274374,14,1,
5,49274420,31,1,
5,49274489,12,3,
5,49274600,1019,442,
5,49274672,47,6,
5,49274713,11,2,
5,49274757,166,374,
5,49274776,9,0,
5,49274854,70,64,
5,49274858,159,196,
5,49274894,57,16,
5,49274960,43,29,
5,49275132,108,23,
5,49275335,247,193,
5,49275385,337,401,
5,49276534,130,174,
5,49276574,665,247,
5,49276673,29,13,
5,49277288,17,0,
5,49277437,9,0,
5,49277799,157,51,
5,49277952,9,0,
5,49278098,28,10,
5,49278603,5,1,
5,49278916,7,2,
5,49279013,183,299,
5,49279146,4,0,
5,49279197,66,25,
5,49279207,11,2,
5,49279311,7,2,
5,49279352,10,10,
5,49279500,9,3,
5,49279627,81,71,
5,49279628,14,9,
5,49279638,88,36,
5,49279739,4,0,
5,49279928,272,148,
5,49279949,12,0,
5,49279951,71,20,
5,49280047,103,30,
5,49280061,194,210,
5,49280088,7,1,
5,49280103,117,49,
5,49280184,35,13,
5,49280221,22,4,
5,49280486,56,29,
5,49280558,26,7,
5,49280926,33,24,
5,49280945,35,4,
5,49281311,16,5,
5,49281352,6,0,
5,49281556,25,2,
5,49281675,24,7,
5,49281835,18,3,
5,49281859,7,0,
5,49281916,451,303,
5,49281960,52,8,
5,49282344,4,1,
5,49282762,37,18,
5,49283063,93,67,26
5,49283344,55,6,
5,49283485,15,6,
5,49283563,88,80,
5,49283840,84,121,
5,49283944,15,4,
5,49284774,393,421,
5,49285036,7,1,
5,49285075,7,0,
5,49285105,5,0,
5,49285160,124,47,
5,49285244,608,261,5
5,49285268,58,54,
5,49285292,25,10,
5,49285327,192,77,29
5,49285414,48,2,
5,49285418,282,164,14
5,49285442,5,0,
5,49285604,158,197,
5,49285620,10,0,
5,49285631,8,0,
5,49285712,11,1,
5,49285741,11,4,
5,49285750,15,1,
5,49285770,263,135,24
5,49285909,73,51,
5,49285948,11,1,
5,49285982,402,206,
5,49285983,4,5,
5,49286003,3,0,
5,49286030,49,15,
5,49286039,4,9,
5,49286057,34,39,
5,49286073,58,35,
5,49286172,23,5,
5,49286211,24,5,
5,49286270,122,126,
5,49286341,550,151,6
5,49286357,68,44,
5,49286390,11,2,
5,49286424,63,11,
5,49286485,174,75,26
5,49286644,34,12,
5,49286654,43,67,
5,49286662,215,306,
5,49287153,110,116,
5,49287176,6,7,
5,49287362,4,0,
5,49287380,10,0,
5,49287481,3,0,
5,49287525,5,3,
5,49287555,5,1,
5,49287604,18,0,
5,49287609,8,4,
5,49287645,9,0,
5,49287766,8,1,
5,49287829,4,0,
5,49287881,23,3,
5,49287957,7,0,
5,49287965,3,0,
5,49288011,10,2,
5,49288017,3,0,
5,49288033,15,0,
5,49288051,37,10,
5,49288055,8,0,
5,49288092,4,0,
5,49288124,7,1,
5,49288129,9,0,
5,49288138,8,0,
5,49288146,7,1,
5,49288151,7,1,
5,49288155,6,1,
5,49288198,10,0,
5,49288201,5,0,
5,49288293,111,51,27
5,49288296,56,13,
5,49288324,37,86,
5,49288325,7,0,
5,49288454,5,0,
5,49288551,5,0,
5,49288607,42,22,
5,49288664,13,0,
5,49288687,14,6,
5,49288778,22,5,
5,49288810,22,4,
5,49288844,7,0,
5,49288889,293,115,7
5,49288914,13,0,
5,49288918,6,0,
5,49288920,4,0,
5,49288940,16,7,
5,49289000,8,0,
5,49289026,59,15,
5,49289101,54,22,
5,49289112,732,396,1
5,49289133,6,1,
5,49289158,16,3,
5,49289221,3,0,
5,49289236,7,1,
5,49289256,8,22,
5,49289260,53,17,
5,49289304,36,13,
5,49289340,14,1,
5,49289372,10,0,
5,49289374,8,0,
5,49289411,3,0,
5,49289424,58,6,
5,49289465,212,99,11
5,49289512,302,148,9
5,49289516,11,1,
5,49289522,11,1,
5,49289532,150,141,20
5,49289559,5,0,
5,49289585,64,50,
5,49289654,137,54,16
5,49289724,6,2,
5,49289831,6,3,
5,49289844,519,217,2
5,49289851,5,1,
5,49289898,20,0,
5,49290009,15,2,
5,49290013,9,3,
5,49290043,13,5,
5,49290078,17,1,
5,49290095,7,3,
5,49290130,6,0,
5,49290139,4,0,
5,49290166,107,51,4
5,49290180,15,1,
5,49290215,178,114,15
5,49290264,5,1,
5,49290299,269,145,9
5,49290470,3,1,
5,49290521,50,13,
5,49290539,5,0,
5,49290545,27,9,
5,49290684,4,0,
5,49290693,5,0,
5,49290713,8,24,
5,49290724,15,2,
5,49290751,28,3,
5,49290768,90,50,18
5,49290785,16,5,
5,49290919,15,3,
5,49290958,7,1,
5,49290969,89,39,21
5,49290984,3,0,
5,49291008,13,0,
5,49291196,15,1,
5,49291268,183,114,8
5,49291665,6,0,
5,49291685,3,0,
5,49291782,42,0,
5,49291962,9,0,
5,49291987,5,3,
5,49292385,10,1,
5,49292409,9,0,
5,49292471,5,0,
5,49292480,6,1,
5,49292567,55,68,
5,49292684,6,0,
5,49292855,9,2,
5,49292903,4,0,
5,49292932,103,79,
5,49292982,9,0,
5,49293087,62,27,12
5,49293215,5,0,
5,49293261,9,0,
5,49293277,7,0,
5,49293292,18,8,
5,49293294,140,34,
5,49293324,122,22,3
5,49293492,6,0,
5,49293654,7,0,
5,49293908,8,1,
5,49293984,28,1,
5,49294025,35,9,
5,49294049,5,2,
5,49294219,19,3,
5,49294233,12,0,
5,49294341,4,0,
5,49294362,11,4,
5,49294370,8,0,
5,49294383,8,2,
5,49294502,12,0,
5,49294666,5,0,
5,49294674,9,0,
5,49294784,5,0,
5,49294801,6,0,
5,49294844,6,0,
5,49294846,7,0,
5,49294997,97,18,1
6,49172319,99,84,
6,49173107,169,40,
6,49173175,33,3,
6,49177765,34,17,
6,49178476,138,40,
6,49178868,30,6,
6,49179434,57,79,
6,49181584,67,25,
6,49182772,40,4,
6,49183917,101,50,
6,49184220,224,121,
6,49184755,864,933,
6,49184960,953,600,
6,49189457,443,105,
6,49191000,60,47,
6,49191130,72,64,
6,49193533,30,2,
6,49194856,168,18,
6,49195231,1185,169,
6,49196581,112,56,
6,49196657,87,34,
6,49197565,167,77,
6,49198464,237,156,
6,49199346,702,547,
6,49201953,378,58,
6,49201970,945,721,
6,49202912,141,31,
6,49203105,222,36,
6,49204173,36,9,
6,49204352,811,432,
6,49205082,126,27,
6,49206200,104,49,
6,49207236,516,497,
6,49208296,427,104,
6,49208393,220,63,
6,49208693,174,56,
6,49209132,81,31,
6,49209539,1100,1333,
6,49209918,435,68,
6,49210199,81,8,
6,49210740,27,5,30
6,49211530,34,14,
6,49212449,116,29,
6,49213029,206,195,
6,49213111,33,44,
6,49213660,212,72,
6,49214008,795,474,
6,49215111,43,18,
6,49215117,19,8,
6,49215786,300,225,
6,49218040,272,267,
6,49218190,51,11,
6,49218463,26,3,
6,49218514,18,0,
6,49219679,132,174,
6,49220126,447,130,
6,49220609,433,434,
6,49221431,32,1,26
6,49221668,440,167,
6,49221990,11,1,
6,49222189,935,581,
6,49222824,172,71,
6,49223082,513,294,
6,49223964,71,2,19
6,49223965,213,88,
6,49224997,111,87,
6,49226563,128,137,
6,49226623,327,302,
6,49226636,540,252,
6,49226742,382,44,
6,49226923,261,167,
6,49227505,102,20,
6,49227610,41,9,
6,49227709,9,1,
6,49227718,111,84,
6,49228350,135,128,
6,49230022,105,86,
6,49230477,436,374,
6,49230514,164,106,
6,49230630,106,190,
6,49230891,121,19,
6,49231315,28,1,
6,49231809,292,69,
6,49232039,116,23,
6,49232138,667,594,
6,49232253,393,284,
6,49232312,91,13,
6,49232753,39,10,15
6,49233423,317,1169,
6,49233448,189,91,
6,49235641,133,93,
6,49236596,28,59,
6,49236811,49,10,
6,49237292,8,7,
6,49237407,58,11,
6,49238050,151,31,
6,49238561,386,200,
6,49238818,191,60,
6,49238831,40,5,
6,49238851,211,89,
6,49239751,692,397,
6,49240615,56,16,23
6,49241559,149,55,
6,49241679,1200,637,
6,49241846,240,59,
6,49241942,45,20,
6,49242287,16,4,13
6,49242297,169,159,
6,49242475,79,30,
6,49242653,289,145,
6,49242698,148,72,
6,49242739,628,207,
6,49243029,192,111,
6,49243270,39,1,
6,49243397,233,198,
6,49243474,228,175,
6,49243687,103,22,
6,49243860,7,4,
6,49243880,640,601,
6,49244085,156,24,
6,49244250,68,14,
6,49244308,124,235,
6,49244339,107,40,
6,49244569,153,174,
6,49244696,26,1,
6,49245023,407,603,
6,49245251,187,72,
6,49245318,72,33,
6,49245421,43,9,
6,49245437,166,90,
6,49245491,190,80,
6,49245936,260,188,
6,49246057,77,51,
6,49246704,130,71,
6,49246804,527,182,
6,49247070,279,177,
6,49247477,222,114,
6,49248769,11,0,22
6,49249111,35,14,
6,49249555,171,62,
6,49250090,76,29,
6,49250109,446,418,
6,49250836,933,975,
6,49250894,152,60,
6,49251179,291,123,
6,49251411,667,758,
6,49251702,301,62,
6,49252179,439,98,
6,49252462,120,49,
6,49253721,73,45,
6,49254376,30,3,
6,49254788,20,1,
6,49254880,1057,508,
6,49254881,46,54,
6,49255496,383,513,
6,49255710,354,177,
6,49256057,195,30,
6,49257160,520,485,
6,49257377,560,403,
6,49257853,55,2,
6,49257876,694,306,
6,49258011,106,77,
6,49258202,104,102,
6,49258428,59,22,
6,49258764,167,89,
6,49259309,47,46,
6,49259339,305,41,
6,49259611,165,101,
6,49260250,189,536,
6,49261128,426,241,
6,49261133,436,530,
6,49261192,47,20,
6,49261417,132,22,
6,49261514,343,326,
6,49261895,117,36,
6,49261987,17,0,
6,49262172,56,76,
6,49262211,164,135,
6,49262811,182,24,
6,49263260,53,15,
6,49263340,261,136,
6,49263461,124,238,
6,49263497,660,288,
6,49264366,26,2,
6,49264583,72,33,
6,49264896,19,4,
6,49265031,65,7,
6,49265051,274,87,
6,49265879,210,159,
6,49266277,224,193,
6,49266921,105,31,
6,49267108,192,92,
6,49267362,12,2,
6,49267928,361,162,
6,49268564,474,203,
6,49269090,156,35,
6,49269429,149,145,
6,49269809,23,4,
6,49269818,477,339,
6,49269830,10,1,
6,49269917,12,0,
6,49270022,259,156,
6,49270027,9,0,
6,49270040,309,45,
6,49270194,20,0,
6,49270615,19,3,
6,49270621,179,144,
6,49270726,691,851,
6,49270761,9,0,
6,49270766,60,35,
6,49270779,23,0,
6,49270833,12,11,
6,49270953,507,141,
6,49271050,26,5,
6,49271105,43,2,
6,49271126,196,2,
6,49271382,6,2,
6,49271390,20,3,
6,49271423,11,1,
6,49271440,4,1,
6,49271757,243,60,
6,49271994,968,900,
6,49272048,23,9,
6,49272132,49,0,
6,49272252,11,18,
6,49272264,15,7,
6,49272282,69,23,
6,49272341,4,0,
6,49272484,128,64,
6,49272549,333,68,
6,49272569,301,225,
6,49272620,117,51,
6,49272655,297,36,
6,49272747,9,2,
6,49272758,6,0,
6,49272784,29,7,
6,49272832,1181,228,
6,49272891,9,0,
6,49272986,7,0,
6,49273072,12,0,
6,49273113,6,1,
6,49273165,623,377,
6,49273175,111,35,
6,49273330,128,196,
6,49273346,4,3,
6,49273478,700,169,
6,49273848,11,2,
6,49273886,9,0,
6,49273922,30,7,
6,49273970,11,0,
6,49274018,66,10,
6,49274027,624,612,
6,49274160,5,1,
6,49274374,14,1,
6,49274420,31,1,
6,49274489,12,3,
6,49274600,1020,442,
6,49274672,47,6,
6,49274713,11,2,
6,49274757,167,374,
6,49274776,9,0,
6,49274854,70,64,
6,49274858,159,196,
6,49274894,57,16,
6,49274960,43,29,
6,49275132,108,23,
6,49275335,248,194,
6,49275385,337,401,
6,49276534,130,174,
6,49276574,665,247,
6,49276673,29,13,
6,49277288,17,0,
6,49277437,9,0,
6,49277799,157,51,
6,49277952,9,0,
6,49278098,28,10,
6,49278603,5,1,
6,49278916,7,2,
6,49279013,183,299,
6,49279146,4,0,
6,49279197,66,25,
6,49279207,11,2,
6,49279311,7,2,
6,49279352,10,10,
6,49279500,9,3,
6,49279627,82,75,
6,49279628,14,9,
6,49279638,91,36,
6,49279739,4,0,
6,49279928,272,149,
6,49279949,12,0,
6,49279951,71,20,
6,49280047,103,30,
6,49280061,194,210,
6,49280088,7,1,
6,49280103,117,49,
6,49280184,35,13,
6,49280221,22,4,
6,49280486,56,29,
6,49280558,26,7,
6,49280926,33,24,
6,49280945,35,4,
6,49281311,16,5,
6,49281352,6,0,
6,49281556,25,2,
6,49281675,24,7,
6,49281835,18,3,
6,49281859,7,0,
6,49281916,451,304,
6,49281960,52,8,
6,49282344,4,1,
6,49282762,37,18,
6,49283063,95,71,29
6,49283344,55,6,
6,49283485,15,6,
6,49283563,89,80,
6,49283944,15,4,
6,49284774,396,426,
6,49285036,7,1,
6,49285075,7,0,
6,49285105,5,0,
6,49285160,124,47,
6,49285244,625,263,6
6,49285268,60,54,
6,49285292,25,10,
6,49285327,196,78,27
6,49285414,48,2,
6,49285418,294,165,14
6,49285442,5,0,
6,49285604,158,197,
6,49285620,10,0,
6,49285631,8,0,
6,49285712,11,1,
6,49285741,11,4,
6,49285750,15,1,
6,49285770,278,141,25
6,49285909,75,52,
6,49285948,11,1,
6,49285982,406,210,
6,49286003,3,0,
6,49286030,49,15,
6,49286039,4,10,
6,49286057,34,39,
6,49286073,58,35,
6,49286172,23,5,
6,49286211,24,5,
6,49286270,124,127,
6,49286341,572,152,7
6,49286357,68,45,
6,49286390,11,2,
6,49286424,64,11,
6,49286485,179,75,
6,49286644,34,12,
6,49286654,43,67,
6,49286662,216,308,
6,49287153,116,120,
6,49287176,6,7,
6,49287362,4,0,
6,49287380,10,0,
6,49287481,3,0,
6,49287525,5,3,
6,49287555,5,1,
6,49287604,19,0,
6,49287609,8,4,
6,49287645,9,0,
6,49287766,8,1,
6,49287829,4,0,
6,49287881,23,3,
6,49287957,7,0,
6,49287965,3,0,
6,49288011,10,2,
6,49288017,3,0,
6,49288033,15,0,
6,49288051,37,10,
6,49288055,8,0,
6,49288092,4,0,
6,49288124,7,1,
6,49288129,9,0,
6,49288138,8,0,
6,49288146,7,1,
6,49288151,7,1,
6,49288155,6,1,
6,49288198,10,0,
6,49288201,5,0,
6,49288293,114,52,28
6,49288296,57,13,
6,49288324,38,86,
6,49288325,7,0,
6,49288454,5,0,
6,49288551,5,0,
6,49288607,42,22,
6,49288664,13,0,
6,49288687,14,6,
6,49288778,22,5,
6,49288810,22,4,
6,49288844,7,0,
6,49288889,306,117,8
6,49288914,14,0,
6,49288918,6,0,
6,49288920,4,0,
6,49288940,16,7,
6,49289000,8,0,
6,49289026,59,15,
6,49289101,54,22,
6,49289112,768,404,2
6,49289133,6,1,
6,49289158,16,3,
6,49289221,3,0,
6,49289236,7,1,
6,49289256,8,22,
6,49289260,55,17,
6,49289304,36,13,
6,49289340,14,1,
6,49289372,11,0,
6,49289374,8,0,
6,49289411,3,0,
6,49289424,58,6,
6,49289465,218,104,12
6,49289512,315,156,9
6,49289516,11,1,
6,49289522,11,1,
6,49289532,165,144,18
6,49289559,5,0,
6,49289585,66,50,
6,49289654,146,58,16
6,49289724,6,2,
6,49289831,6,3,
6,49289844,542,225,3
6,49289851,5,1,
6,49289898,21,0,
6,49290009,16,2,
6,49290013,9,3,
6,49290043,13,5,
6,49290078,17,1,
6,49290095,7,3,
6,49290130,6,0,
6,49290139,4,0,
6,49290166,146,59,4
6,49290180,15,2,
6,49290215,188,118,21
6,49290264,5,1,
6,49290299,290,154,10
6,49290470,3,1,
6,49290521,51,14,
6,49290539,5,0,
6,49290545,27,9,
6,49290684,4,0,
6,49290693,5,0,
6,49290713,8,24,
6,49290724,16,2,
6,49290751,28,4,
6,49290768,95,52,20
6,49290785,16,5,
6,49290919,16,3,
6,49290958,7,1,
6,49290969,94,42,24
6,49290984,3,0,
6,49291008,13,0,
6,49291196,15,1,
6,49291268,192,119,11
6,49291665,6,0,
6,49291685,3,0,
6,49291782,42,0,
6,49291962,9,0,
6,49291987,5,3,
6,49292385,11,1,
6,49292409,9,0,
6,49292471,5,0,
6,49292480,6,1,
6,49292567,56,68,
6,49292684,6,0,
6,49292855,9,2,
6,49292903,4,0,
6,49292932,107,81,
6,49292982,10,0,
6,49293087,73,28,17
6,49293215,5,0,
6,49293261,9,0,
6,49293277,7,0,
6,49293292,18,8,
6,49293294,145,34,
6,49293324,138,22,5
6,49293492,6,0,
6,49293654,7,0,
6,49293908,8,1,
6,49293984,33,3,
6,49294025,41,11,
6,49294049,5,2,
6,49294219,20,3,
6,49294233,16,1,
6,49294341,4,0,
6,49294362,14,4,
6,49294370,8,0,
6,49294383,9,2,
6,49294502,15,2,
6,49294674,11,0,
6,49294778,4,0,
6,49294784,5,0,
6,49294801,6,1,
6,49294844,6,0,
6,49294846,7,0,
6,49294884,5,0,
6,49294997,212,69,1
6,49295163,15,0,
7,49172319,99,84,
7,49173107,169,40,
7,49173175,33,3,
7,49177765,34,17,
7,49178476,138,40,
7,49178868,30,6,
7,49179434,57,79,
7,49181584,67,25,
7,49182772,40,4,
7,49183917,101,50,
7,49184220,224,121,
7,49184755,864,933,
7,49184960,953,600,
7,49189457,443,105,
7,49191000,60,47,
7,49191130,72,64,
7,49193533,30,2,
7,49194856,168,18,
7,49195231,1185,169,
7,49196581,112,56,
7,49196657,87,35,
7,49197565,167,77,
7,49198464,237,156,
7,49199346,702,547,
7,49201953,378,58,
7,49201970,945,722,
7,49202912,141,31,
7,49203105,222,36,
7,49204173,36,9,
7,49204352,811,432,
7,49205082,126,27,
7,49206200,104,49,
7,49207236,516,497,
7,49208296,427,104,
7,49208393,220,63,
7,49208693,175,56,
7,49209132,81,31,
7,49209539,1100,1333,
7,49209918,435,68,
7,49210199,81,8,
7,49210740,29,5,
7,49211530,34,14,
7,49212449,116,29,
7,49213029,206,195,
7,49213111,33,44,
7,49213660,212,72,
7,49214008,795,474,
7,49215111,43,18,
7,49215117,20,8,
7,49215786,300,225,
7,49218040,275,267,
7,49218190,51,11,
7,49218463,26,3,
7,49218514,18,0,
7,49219679,132,174,
7,49220126,447,130,
7,49220609,433,434,
7,49221431,39,2,26
7,49221668,440,167,
7,49221990,11,1,
7,49222189,935,581,
7,49222824,172,71,
7,49223082,513,294,
7,49223964,73,2,21
7,49223965,213,88,
7,49224997,111,87,
7,49226563,128,137,
7,49226623,327,302,
7,49226636,540,252,
7,49226742,382,44,
7,49226923,261,167,
7,49227505,102,20,
7,49227610,41,9,
7,49227709,9,1,
7,49227718,111,84,
7,49228350,135,128,
7,49230022,105,86,
7,49230477,436,374,
7,49230514,164,106,
7,49230630,106,190,
7,49230891,121,19,
7,49231315,28,1,
7,49231809,292,69,
7,49232039,118,23,
7,49232138,667,594,
7,49232253,393,284,
7,49232312,91,13,
7,49232753,40,12,17
7,49233423,317,1170,
7,49233448,189,91,
7,49235349,174,211,
7,49235641,133,93,
7,49236596,30,60,
7,49236811,52,10,
7,49237292,8,7,
7,49237407,58,11,
7,49238050,151,31,
7,49238561,387,200,
7,49238818,191,60,
7,49238831,40,5,
7,49238851,212,89,
7,49239751,692,397,
7,49240615,59,22,24
7,49241559,149,56,
7,49241679,1201,638,
7,49241846,240,59,
7,49241942,45,20,
7,49242287,19,7,14
7,49242297,169,159,
7,49242475,79,30,
7,49242653,289,145,
7,49242698,150,72,
7,49242739,628,207,
7,49243029,192,111,
7,49243270,39,1,
7,49243397,233,198,
7,49243474,228,175,
7,49243687,104,22,
7,49243860,7,4,
7,49243880,640,601,
7,49244085,156,24,
7,49244250,68,14,
7,49244308,124,235,
7,49244339,107,40,
7,49244569,153,174,
7,49244696,27,1,
7,49245023,407,603,
7,49245251,187,72,
7,49245318,72,33,
7,49245421,43,9,
7,49245437,166,90,
7,49245491,190,80,
7,49245936,260,188,
7,49246057,77,51,
7,49246704,130,71,
7,49246804,527,182,
7,49247070,279,177,
7,49247477,222,114,
7,49248769,24,5,10
7,49249111,35,14,
7,49249555,171,62,
7,49250090,76,29,
7,49250109,446,418,
7,49250836,933,975,
7,49250894,152,60,
7,49251179,291,123,
7,49251411,667,758,
7,49251702,301,62,
7,49252179,439,98,
7,49252462,120,49,
7,49253721,73,47,
7,49254376,30,3,
7,49254788,20,1,
7,49254880,1057,508,
7,49254881,46,54,
7,49255496,383,514,
7,49255710,354,177,
7,49256057,195,30,
7,49257160,520,486,
7,49257377,560,403,
7,49257853,55,2,
7,49257876,694,306,
7,49258011,106,77,
7,49258085,16,1,7
7,49258202,104,102,
7,49258428,59,22,
7,49258764,167,89,
7,49259309,47,46,
7,49259339,305,41,
7,49259611,165,101,
7,49260250,189,536,
7,49261128,426,241,
7,49261133,436,530,
7,49261192,47,20,
7,49261417,132,22,
7,49261514,343,327,
7,49261895,117,36,
7,49261987,17,0,
7,49262172,56,76,
7,49262211,164,135,
7,49262811,182,24,
7,49263260,53,15,
7,49263340,261,136,
7,49263461,125,238,
7,49263497,660,288,
7,49264366,26,2,
7,49264583,72,33,
7,49264896,19,4,
7,49265031,65,7,
7,49265051,274,87,
7,49265879,210,159,
7,49266277,224,193,
7,49266921,105,31,
7,49267108,192,92,
7,49267362,12,2,
7,49267928,361,162,
7,49268564,475,203,
7,49269090,156,35,
7,49269429,149,145,
7,49269809,23,4,
7,49269818,477,338,
7,49269830,10,1,
7,49269917,12,0,
7,49270022,259,157,
7,49270027,9,0,
7,49270040,309,45,
7,49270194,20,0,
7,49270615,19,3,
7,49270621,179,144,
7,49270726,691,853,
7,49270761,9,0,
7,49270766,60,35,
7,49270779,23,0,
7,49270833,12,11,
7,49270953,508,141,
7,49271050,26,5,
7,49271105,43,2,
7,49271126,196,2,
7,49271382,6,2,
7,49271390,20,3,
7,49271423,11,1,
7,49271440,4,1,
7,49271757,244,60,
7,49271994,971,903,
7,49272048,23,9,
7,49272132,49,0,
7,49272252,11,18,
7,49272264,15,7,
7,49272282,69,23,
7,49272341,4,0,
7,49272484,129,64,
7,49272549,333,68,
7,49272569,301,225,
7,49272620,117,51,
7,49272655,297,36,
7,49272747,9,2,
7,49272758,6,0,
7,49272784,29,7,
7,49272832,1182,228,
7,49272891,9,0,
7,49272986,7,0,
7,49273072,12,0,
7,49273113,6,1,
7,49273165,623,377,
7,49273175,111,36,
7,49273330,128,196,
7,49273346,4,3,
7,49273478,701,169,
7,49273848,11,2,
7,49273886,9,0,
7,49273922,30,7,
7,49273970,11,0,
7,49274018,66,10,
7,49274027,625,613,
7,49274160,5,1,
7,49274374,14,1,
7,49274420,31,1,
7,49274489,12,3,
7,49274600,1021,442,
7,49274672,47,6,
7,49274713,11,2,
7,49274757,167,377,
7,49274776,9,0,
7,49274854,70,64,
7,49274858,159,196,
7,49274894,57,16,
7,49274960,43,29,
7,49275132,108,23,
7,49275335,248,194,
7,49275385,337,401,
7,49276534,130,174,
7,49276574,667,247,
7,49276673,29,13,
7,49277288,17,0,
7,49277437,9,0,
7,49277799,157,51,
7,49277952,9,0,
7,49278098,28,10,
7,49278603,5,1,
7,49278916,7,2,
7,49279013,183,299,
7,49279146,4,0,
7,49279197,66,25,
7,49279207,11,2,
7,49279311,7,2,
7,49279352,10,10,
7,49279500,9,3,
7,49279627,84,79,
7,49279628,14,9,
7,49279638,93,36,
7,49279739,4,0,
7,49279928,272,149,
7,49279949,12,0,
7,49279951,73,20,
7,49280047,103,30,
7,49280061,196,211,
7,49280088,7,1,
7,49280103,117,49,
7,49280184,36,13,
7,49280221,22,4,
7,49280486,57,29,
7,49280558,26,7,
7,49280926,33,24,
7,49280945,35,4,
7,49281311,16,5,
7,49281352,6,0,
7,49281556,25,2,
7,49281675,24,7,
7,49281835,18,3,
7,49281859,7,0,
7,49281916,453,305,
7,49281960,52,9,
7,49282344,4,1,
7,49282762,37,18,
7,49283063,97,73,28
7,49283344,55,6,
7,49283485,15,6,
7,49283563,89,82,
7,49283944,15,4,
7,49284774,399,433,
7,49285036,7,1,
7,49285075,7,0,
7,49285105,5,0,
7,49285160,124,49,
7,49285244,637,263,6
7,49285268,61,55,
7,49285292,25,10,
7,49285327,198,85,27
7,49285414,48,2,
7,49285418,298,167,15
7,49285442,5,0,
7,49285604,161,199,
7,49285620,10,0,
7,49285631,8,0,
7,49285712,11,1,
7,49285741,11,4,
7,49285750,15,1,
7,49285770,287,149,25
7,49285909,76,52,
7,49285948,11,1,
7,49285982,410,213,
7,49286003,3,0,
7,49286030,49,15,
7,49286039,4,10,
7,49286057,34,39,
7,49286073,59,35,
7,49286172,23,5,
7,49286211,24,5,
7,49286270,129,129,
7,49286341,591,153,7
7,49286357,68,46,
7,49286390,11,2,
7,49286424,65,11,
7,49286485,183,78,29
7,49286644,34,12,
7,49286654,43,67,
7,49286662,217,310,
7,49287153,119,132,30
7,49287176,6,8,
7,49287362,4,0,
7,49287380,10,0,
7,49287555,5,1,
7,49287604,20,0,
7,49287609,9,5,
7,49287645,9,0,
7,49287766,8,1,
7,49287829,4,0,
7,49287881,23,3,
7,49287957,7,0,
7,49287965,3,0,
7,49288011,10,2,
7,49288017,3,0,
7,49288033,15,0,
7,49288051,37,11,
7,49288055,8,0,
7,49288092,5,0,
7,49288124,7,1,
7,49288129,9,0,
7,49288138,8,0,
7,49288146,7,1,
7,49288151,7,1,
7,49288155,6,1,
7,49288198,10,0,
7,49288201,5,0,
7,49288293,115,53,
7,49288296,58,13,
7,49288324,40,86,
7,49288325,7,0,
7,49288454,5,0,
7,49288551,5,0,
7,49288607,42,22,
7,49288664,13,0,
7,49288687,15,6,
7,49288778,22,5,
7,49288810,22,4,
7,49288844,7,0,
7,49288889,319,129,8
7,49288914,16,0,
7,49288918,6,0,
7,49288920,4,0,
7,49288940,16,7,
7,49289000,8,0,
7,49289026,60,15,
7,49289101,57,22,
7,49289112,784,409,2
7,49289133,6,1,
7,49289158,16,3,
7,49289221,3,0,
7,49289236,7,1,
7,49289256,8,22,
7,49289260,57,17,
7,49289304,36,13,
7,49289340,14,1,
7,49289372,11,0,
7,49289374,8,0,
7,49289411,3,0,
7,49289424,59,6,
7,49289465,225,104,13
7,49289512,326,163,11
7,49289516,11,1,
7,49289522,11,1,
7,49289532,171,153,19
7,49289559,5,0,
7,49289585,66,51,
7,49289654,150,59,16
7,49289724,6,2,
7,49289831,6,3,
7,49289844,556,231,3
7,49289851,5,1,
7,49289898,22,0,
7,49290009,19,2,
7,49290013,9,3,
7,49290043,13,5,
7,49290078,17,1,
7,49290095,7,3,
7,49290130,6,0,
7,49290139,4,0,
7,49290166,171,77,4
7,49290180,15,3,
7,49290215,201,126,20
7,49290264,5,1,
7,49290299,298,160,9
7,49290470,3,1,
7,49290521,51,14,
7,49290539,5,0,
7,49290545,27,9,
7,49290684,4,0,
7,49290693,6,0,
7,49290713,8,24,
7,49290724,16,2,
7,49290751,29,4,
7,49290768,100,56,22
7,49290785,16,5,
7,49290919,16,3,
7,49290958,7,1,
7,49290969,99,42,23
7,49290984,3,0,
7,49291008,13,0,
7,49291196,15,1,
7,49291268,197,131,10
7,49291665,6,0,
7,49291685,3,0,
7,49291782,45,0,
7,49291962,9,0,
7,49291987,6,3,
7,49292385,12,1,
7,49292409,9,0,
7,49292471,6,0,
7,49292480,6,1,
7,49292567,56,68,
7,49292684,6,0,
7,49292855,9,2,
7,49292903,4,0,
7,49292932,108,82,
7,49292982,11,0,
7,49293087,85,29,17
7,49293215,5,0,
7,49293261,11,0,
7,49293292,19,8,
7,49293294,149,34,
7,49293324,152,28,5
7,49293492,6,0,
7,49293654,7,0,
7,49293908,8,1,
7,49293984,38,9,
7,49294025,50,12,
7,49294049,5,2,
7,49294219,23,3,
7,49294233,18,1,
7,49294341,4,0,
7,49294362,18,4,
7,49294370,8,0,
7,49294383,10,2,
7,49294502,17,3,
7,49294674,12,0,
7,49294778,5,0,
7,49294784,6,0,
7,49294801,6,1,
7,49294844,6,0,
7,49294846,7,0,
7,49294884,6,0,
7,49294997,300,107,1
7,49295163,26,1,
7,49295238,4,0,
7,49295369,4,0,
7,49295666,4,1,3
8,49172319,99,84,
8,49173107,169,40,
8,49173175,33,3,
8,49177765,34,17,
8,49178476,138,40,
8,49178868,30,6,
8,49179434,57,79,
8,49181584,67,25,
8,49182772,40,4,
8,49183917,101,50,
8,49184220,224,121,
8,49184755,864,933,
8,49184960,953,600,
8,49189457,443,105,
8,49191000,60,47,
8,49191130,72,64,
8,49193533,30,2,
8,49194856,168,18,
8,49195231,1185,169,
8,49196581,112,56,
8,49196657,87,35,
8,49197565,167,77,
8,49198464,237,156,
8,49199346,702,547,
8,49201953,379,58,
8,49201970,945,722,
8,49202912,141,31,
8,49203105,222,36,
8,49204173,36,9,
8,49204232,8,0,15
8,49204352,811,432,
8,49205082,126,27,
8,49206200,104,49,
8,49207236,516,497,
8,49208296,427,104,
8,49208393,220,63,
8,49208693,175,56,
8,49209132,81,31,
8,49209539,1100,1333,
8,49209918,435,68,
8,49210199,81,8,
8,49210740,31,5,
8,49211530,34,14,
8,49212449,116,29,
8,49213029,206,195,
8,49213111,33,44,
8,49213660,212,72,
8,49214008,795,474,
8,49215111,43,18,
8,49215117,20,8,
8,49215786,300,225,
8,49216946,354,166,
8,49218040,278,267,
8,49218190,51,11,
8,49218463,26,3,
8,49218514,19,0,
8,49219679,132,174,
8,49220126,447,130,
8,49220609,433,434,
8,49221169,38,9,
8,49221431,45,2,28
8,49221668,440,167,
8,49221990,11,1,
8,49222189,935,581,
8,49222824,172,71,
8,49223082,513,294,
8,49223964,74,2,25
8,49223965,213,88,
8,49224997,112,87,
8,49226563,128,137,
8,49226623,327,302,
8,49226636,540,252,
8,49226742,382,44,
8,49226923,261,167,
8,49227505,102,20,
8,49227610,41,9,
8,49227709,9,1,
8,49227718,111,84,
8,49228350,135,128,
8,49230022,105,86,
8,49230477,436,374,
8,49230514,164,106,
8,49230630,106,190,
8,49230891,121,19,
8,49231315,28,1,
8,49231809,292,69,
8,49232039,118,23,
8,49232138,667,594,
8,49232253,393,284,
8,49232312,91,13,
8,49232753,46,14,26
8,49233423,317,1170,
8,49233448,189,91,
8,49234675,823,544,
8,49235349,174,211,
8,49235641,133,93,
8,49236596,30,61,
8,49236811,53,10,
8,49237292,8,7,
8,49237407,58,11,
8,49238050,151,31,
8,49238561,387,200,
8,49238818,191,60,
8,49238831,40,5,
8,49238851,212,89,
8,49239751,692,397,
8,49240615,61,27,30
8,49241559,149,56,
8,49241679,1202,638,
8,49241846,240,59,
8,49241942,45,20,
8,49242287,22,8,23
8,49242297,169,159,
8,49242475,79,30,
8,49242653,289,145,
8,49242698,150,72,
8,49242739,628,207,
8,49243029,192,111,
8,49243270,39,1,
8,49243397,233,198,
8,49243474,228,175,
8,49243687,105,22,
8,49243860,7,4,
8,49243880,640,601,
8,49244085,156,24,
8,49244250,68,14,
8,49244308,124,235,
8,49244339,107,40,
8,49244569,153,174,
8,49244696,28,1,
8,49245023,407,603,
8,49245251,187,72,
8,49245318,72,33,
8,49245421,43,9,
8,49245437,166,90,
8,49245491,190,80,
8,49245936,260,188,
8,49246057,77,51,
8,49246704,130,71,
8,49246804,527,182,
8,49247070,279,177,
8,49247477,222,114,
8,49248769,29,8,14
8,49249111,35,14,
8,49249555,171,62,
8,49250090,76,29,
8,49250109,446,418,
8,49250836,933,976,
8,49250894,152,60,
8,49251179,291,123,
8,49251411,667,758,
8,49251702,301,62,
8,49252179,439,98,
8,49252462,120,49,
8,49253721,73,49,
8,49254376,30,3,
8,49254788,20,1,
8,49254880,1057,508,
8,49254881,46,54,
8,49255496,383,514,
8,49255710,354,177,
8,49256057,195,30,
8,49257160,520,486,
8,49257377,560,403,
8,49257853,55,2,
8,49257876,694,306,
8,49258011,106,77,
8,49258085,32,2,5
8,49258202,105,102,
8,49258428,59,22,
8,49258764,167,89,
8,49259309,47,46,
8,49259339,305,41,
8,49259611,165,101,
8,49260250,189,536,
8,49261128,426,242,
8,49261133,436,530,
8,49261192,47,20,
8,49261417,132,22,
8,49261514,343,327,
8,49261895,117,36,
8,49261987,17,0,
8,49262172,56,76,
8,49262211,164,135,
8,49262811,182,24,
8,49263260,54,15,
8,49263340,261,136,
8,49263461,125,238,
8,49263497,660,288,
8,49264366,26,2,
8,49264583,72,33,
8,49264896,19,4,
8,49265031,65,7,
8,49265051,274,87,
8,49265879,210,159,
8,49266277,224,193,
8,49266921,105,31,
8,49267108,192,92,
8,49267362,12,2,
8,49267928,361,162,
8,49268564,475,203,
8,49269090,156,35,
8,49269429,149,145,
8,49269809,23,4,
8,49269818,477,339,
8,49269830,10,1,
8,49269917,12,0,
8,49270022,259,157,
8,49270027,9,0,
8,49270040,309,45,
8,49270194,20,0,
8,49270615,19,3,
8,49270621,179,144,
8,49270726,695,854,
8,49270761,9,0,
8,49270766,60,35,
8,49270779,23,0,
8,49270833,12,11,
8,49270953,509,142,
8,49271050,26,5,
8,49271105,43,2,
8,49271126,196,2,
8,49271382,6,2,
8,49271390,20,3,
8,49271423,11,1,
8,49271440,4,1,
8,49271757,244,60,
8,49271994,971,901,
8,49272048,23,9,
8,49272132,50,0,
8,49272252,11,18,
8,49272264,15,7,
8,49272282,69,23,
8,49272341,4,0,
8,49272484,129,64,
8,49272549,333,68,
8,49272569,301,225,
8,49272620,117,51,
8,49272655,297,36,
8,49272747,9,2,
8,49272758,6,0,
8,49272784,29,7,
8,49272832,1184,228,
8,49272891,9,0,
8,49272986,7,0,
8,49273072,12,0,
8,49273113,7,1,
8,49273165,623,377,
8,49273175,111,36,
8,49273330,128,197,
8,49273346,5,3,
8,49273478,701,169,
8,49273848,11,2,
8,49273886,9,0,
8,49273922,30,7,
8,49273970,11,0,
8,49274018,66,10,
8,49274027,625,613,
8,49274160,6,1,
8,49274374,14,1,
8,49274420,31,1,
8,49274489,12,3,
8,49274600,1021,442,
8,49274672,47,6,
8,49274713,11,2,
8,49274757,167,377,
8,49274776,9,0,
8,49274854,70,65,
8,49274858,159,196,
8,49274894,57,16,
8,49274960,43,29,
8,49275132,108,23,
8,49275335,248,194,
8,49275385,337,402,
8,49276534,130,174,
8,49276574,667,248,
8,49276673,29,13,
8,49277288,17,0,
8,49277437,9,0,
8,49277799,157,51,
8,49277952,9,0,
8,49278098,28,10,
8,49278603,5,1,
8,49278916,7,2,
8,49279013,183,299,
8,49279146,5,0,
8,49279197,66,25,
8,49279207,11,2,
8,49279311,7,2,
8,49279352,10,10,
8,49279500,9,3,
8,49279627,85,82,
8,49279628,14,9,
8,49279638,94,36,
8,49279739,4,0,
8,49279928,272,151,
8,49279949,12,0,
8,49279951,73,20,
8,49280047,103,30,
8,49280061,196,211,
8,49280088,7,1,
8,49280103,119,49,
8,49280184,36,13,
8,49280221,22,4,
8,49280486,57,29,
8,49280558,26,7,
8,49280926,33,24,
8,49280945,35,4,
8,49281311,16,5,
8,49281352,6,0,
8,49281556,25,2,
8,49281675,24,7,
8,49281835,19,3,
8,49281859,7,0,
8,49281916,453,306,
8,49281960,52,9,
8,49282344,4,1,
8,49282762,37,18,
8,49283063,98,74,
8,49283344,55,7,
8,49283485,15,6,
8,49283563,89,82,
8,49283944,15,4,
8,49284774,402,438,
8,49285075,7,0,
8,49285105,5,0,
8,49285160,124,50,
8,49285244,649,271,7
8,49285268,61,57,
8,49285292,25,10,
8,49285327,202,87,
8,49285414,48,2,
8,49285418,305,172,17
8,49285442,6,0,
8,49285604,161,199,
8,49285620,10,0,
8,49285631,8,0,
8,49285712,11,1,
8,49285741,11,4,
8,49285750,15,1,
8,49285770,297,156,28
8,49285909,76,52,
8,49285948,11,1,
8,49285982,413,216,
8,49286003,3,0,
8,49286030,50,15,
8,49286039,4,10,
8,49286057,34,39,
8,49286073,59,35,
8,49286172,23,5,
8,49286211,24,5,
8,49286270,129,130,
8,49286341,609,157,9
8,49286357,68,46,
8,49286390,12,2,
8,49286424,65,11,
8,49286485,185,78,
8,49286644,34,12,
8,49286654,43,67,
8,49286662,217,311,
8,49287153,120,132,
8,49287176,6,8,
8,49287362,4,0,
8,49287380,10,0,
8,49287555,5,1,
8,49287604,20,0,
8,49287609,9,5,
8,49287645,9,0,
8,49287766,8,1,
8,49287829,4,0,
8,49287881,23,4,
8,49288011,10,2,
8,49288033,15,0,
8,49288051,37,11,
8,49288055,8,0,
8,49288092,5,0,
8,49288124,7,1,
8,49288129,9,0,
8,49288138,8,0,
8,49288146,7,1,
8,49288151,7,1,
8,49288155,6,1,
8,49288198,10,0,
8,49288201,5,0,
8,49288293,116,54,
8,49288296,58,15,
8,49288324,40,86,
8,49288325,7,0,
8,49288454,5,0,
8,49288551,5,0,
8,49288607,43,22,
8,49288664,13,0,
8,49288687,15,6,
8,49288778,22,5,
8,49288810,22,4,
8,49288844,7,0,
8,49288889,335,133,10
8,49288914,16,0,
8,49288918,6,0,
8,49288920,5,0,
8,49288940,16,7,
8,49289000,9,0,
8,49289026,62,15,
8,49289101,58,22,
8,49289112,810,425,2
8,49289133,6,1,
8,49289158,17,3,
8,49289221,3,0,
8,49289236,7,1,
8,49289256,9,22,
8,49289260,59,17,
8,49289304,36,13,
8,49289340,14,1,
8,49289372,12,0,
8,49289374,8,0,
8,49289411,3,0,
8,49289424,59,8,
8,49289465,229,105,15
8,49289512,334,169,13
8,49289516,12,1,
8,49289522,11,1,
8,49289532,178,160,21
8,49289559,5,0,
8,49289585,66,51,
8,49289654,158,61,19
8,49289724,6,2,
8,49289831,6,3,
8,49289844,575,233,3
8,49289851,5,1,
8,49289898,22,0,
8,49290009,19,2,
8,49290013,9,3,
8,49290043,13,5,
8,49290078,17,1,
8,49290095,7,3,
8,49290130,6,0,
8,49290139,4,0,
8,49290166,191,94,4
8,49290180,15,3,
8,49290215,208,132,22
8,49290264,5,1,
8,49290299,316,169,11
8,49290470,3,1,
8,49290521,51,14,
8,49290539,5,0,
8,49290545,27,9,
8,49290684,4,0,
8,49290693,6,0,
8,49290713,9,25,
8,49290724,16,2,
8,49290751,30,5,
8,49290768,105,61,24
8,49290785,16,5,
8,49290919,16,3,
8,49290958,7,1,
8,49290969,103,42,27
8,49290984,3,0,
8,49291196,15,1,
8,49291268,203,142,16
8,49291665,6,0,
8,49291685,3,0,
8,49291782,46,1,
8,49291987,6,3,
8,49292385,13,1,
8,49292409,9,0,
8,49292471,6,1,
8,49292480,6,1,
8,49292567,57,68,
8,49292684,6,0,
8,49292855,9,2,
8,49292903,4,0,
8,49292932,110,82,
8,49292982,11,0,
8,49293087,96,31,18
8,49293215,6,0,
8,49293261,12,0,
8,49293292,19,9,
8,49293294,150,34,
8,49293324,160,30,6
8,49293492,6,0,
8,49293523,7,1,6
8,49293654,7,0,
8,49293908,9,1,
8,49293984,41,10,
8,49294025,55,13,
8,49294049,5,2,
8,49294219,23,3,
8,49294233,18,1,
8,49294341,4,0,
8,49294362,22,4,
8,49294370,8,0,
8,49294383,10,2,
8,49294441,7,1,
8,49294502,19,3,
8,49294674,12,0,
8,49294778,7,0,
8,49294784,6,0,
8,49294801,6,1,
8,49294844,6,0,
8,49294846,8,0,
8,49294884,6,0,
8,49294997,385,149,1
8,49295238,20,3,8
8,49295369,6,1,
8,49295508,5,1,
8,49295515,11,0,9
8,49295681,3,0,
8,49295816,7,0,
8,49295872,7,1,
8,49295895,20,25,
9,49172319,99,84,
9,49173107,169,40,
9,49173175,33,3,
9,49177765,34,17,
9,49178476,138,40,
9,49178868,30,6,
9,49179434,57,79,
9,49181584,67,25,
9,49182772,40,4,
9,49183917,101,50,
9,49184220,224,121,
9,49184755,864,932,
9,49184960,953,600,
9,49189457,443,105,
9,49191000,60,47,
9,49191130,72,64,
9,49193533,30,2,
9,49194856,168,18,
9,49195231,1185,169,
9,49196581,112,56,
9,49196657,87,35,
9,49197565,167,77,
9,49198464,237,156,
9,49199346,702,547,
9,49201953,380,58,
9,49201970,945,721,
9,49202912,141,31,
9,49203105,222,36,
9,49204173,36,9,
9,49204232,11,2,17
9,49204352,811,432,
9,49205082,126,27,
9,49206200,104,49,
9,49207236,516,497,
9,49208296,427,104,
9,49208393,220,63,
9,49208693,175,56,
9,49209132,81,31,
9,49209539,1100,1333,
9,49209918,435,68,
9,49210199,81,8,
9,49210740,32,5,
9,49211530,34,14,
9,49212449,116,29,
9,49213029,206,195,
9,49213111,33,44,
9,49213660,213,72,
9,49214008,795,474,
9,49215111,43,18,
9,49215117,20,8,
9,49215786,300,225,
9,49216946,354,166,
9,49218040,278,268,
9,49218190,51,11,
9,49218463,26,3,
9,49218514,20,0,
9,49219679,132,174,
9,49220126,447,130,
9,49220609,433,434,
9,49221169,38,9,
9,49221431,47,3,30
9,49221668,440,167,
9,49221990,11,1,
9,49222189,935,581,
9,49222824,172,72,
9,49223082,513,294,
9,49223964,75,2,27
9,49223965,213,88,
9,49224997,112,89,
9,49226563,128,137,
9,49226623,327,302,
9,49226636,540,252,
9,49226742,382,44,
9,49226923,261,167,
9,49227505,102,20,
9,49227610,41,9,
9,49227709,9,1,
9,49227718,111,84,
9,49228350,135,128,
9,49230022,105,86,
9,49230477,436,375,
9,49230514,164,106,
9,49230630,106,190,
9,49230891,121,19,
9,49231315,28,1,
9,49231490,5,0,16
9,49231809,292,69,
9,49232039,119,24,
9,49232138,667,594,
9,49232253,393,284,
9,49232312,91,13,
9,49232753,49,15,27
9,49233423,318,1170,
9,49233448,189,91,
9,49234675,823,544,
9,49235349,174,211,
9,49235641,133,93,
9,49236596,30,66,
9,49236811,52,10,
9,49237292,8,7,
9,49237407,58,11,
9,49238050,151,31,
9,49238561,387,200,
9,49238818,191,60,
9,49238831,40,5,
9,49238851,212,89,
9,49239751,692,397,
9,49240615,64,29,
9,49241559,149,56,
9,49241679,1202,638,
9,49241846,240,59,
9,49241942,45,20,
9,49242287,24,9,22
9,49242297,169,159,
9,49242475,79,30,
9,49242653,289,145,
9,49242698,150,72,
9,49242739,628,207,
9,49243029,192,111,
9,49243270,39,1,
9,49243397,233,198,
9,49243474,228,175,
9,49243687,105,22,
9,49243860,7,4,
9,49243880,640,601,
9,49244085,156,24,
9,49244250,68,14,
9,49244308,124,235,
9,49244339,107,40,
9,49244569,153,174,
9,49244696,28,1,
9,49245023,407,603,
9,49245251,187,72,
9,49245318,72,33,
9,49245421,43,9,
9,49245437,166,90,
9,49245491,190,80,
9,49245936,260,188,
9,49246057,77,51,
9,49246704,130,71,
9,49246804,527,182,
9,49247070,279,180,
9,49247477,222,113,
9,49248769,34,9,17
9,49249111,35,14,
9,49249555,171,62,
9,49250090,76,29,
9,49250109,447,418,
9,49250836,933,976,
9,49250894,152,60,
9,49251179,291,123,
9,49251411,667,758,
9,49251702,301,62,
9,49252179,439,98,
9,49252462,120,49,
9,49253721,73,49,
9,49254376,30,3,
9,49254788,20,1,
9,49254880,1057,508,
9,49254881,46,54,
9,49255496,383,516,
9,49255710,354,177,
9,49256057,195,30,
9,49257160,520,486,
9,49257377,560,403,
9,49257853,55,2,
9,49257876,694,306,
9,49257947,121,32,
9,49258011,106,77,
9,49258085,44,8,6
9,49258202,105,102,
9,49258428,59,22,
9,49258764,168,89,
9,49259309,47,46,
9,49259339,305,41,
9,49259611,165,101,
9,49260250,189,536,
9,49261128,426,242,
9,49261133,436,530,
9,49261192,47,20,
9,49261417,132,22,
9,49261514,343,327,
9,49261895,117,36,
9,49261987,17,0,
9,49262172,56,76,
9,49262211,164,135,
9,49262811,182,24,
9,49263260,54,16,
9,49263340,261,136,
9,49263461,125,238,
9,49263497,660,288,
9,49264366,26,2,
9,49264583,72,33,
9,49264896,19,4,
9,49265031,65,7,
9,49265051,274,87,
9,49265879,210,159,
9,49266277,224,193,
9,49266921,105,31,
9,49267108,192,92,
9,49267362,12,2,
9,49267928,361,162,
9,49268564,475,203,
9,49269090,157,35,
9,49269429,149,145,
9,49269809,23,4,
9,49269818,477,339,
9,49269830,10,1,
9,49269917,12,0,
9,49270022,259,160,
9,49270027,9,0,
9,49270040,309,45,
9,49270194,20,0,
9,49270615,19,3,
9,49270621,179,145,
9,49270726,698,869,
9,49270761,9,0,
9,49270766,60,35,
9,49270779,23,0,
9,49270833,12,11,
9,49270953,509,142,
9,49271050,26,5,
9,49271105,43,2,
9,49271126,196,2,
9,49271382,6,2,
9,49271390,20,3,
9,49271423,11,1,
9,49271440,4,1,
9,49271757,244,60,
9,49271994,973,901,
9,49272048,23,9,
9,49272132,50,0,
9,49272252,11,18,
9,49272264,15,7,
9,49272282,69,23,
9,49272341,4,0,
9,49272484,129,64,
9,49272549,333,68,
9,49272569,301,225,
9,49272620,117,51,
9,49272655,297,36,
9,49272747,9,2,
9,49272758,6,0,
9,49272784,29,7,
9,49272832,1186,229,
9,49272891,9,0,
9,49272986,7,0,
9,49273072,12,0,
9,49273113,7,1,
9,49273165,625,377,
9,49273175,111,36,
9,49273330,128,197,
9,49273346,5,3,
9,49273478,702,169,
9,49273848,11,2,
9,49273886,9,0,
9,49273922,32,7,
9,49273970,11,0,
9,49274018,66,10,
9,49274027,625,606,
9,49274160,6,1,
9,49274374,14,1,
9,49274420,31,1,
9,49274489,12,3,
9,49274600,1022,443,
9,49274672,47,6,
9,49274713,11,2,
9,49274757,167,378,
9,49274776,9,0,
9,49274854,70,65,
9,49274858,159,196,
9,49274894,57,16,
9,49274960,43,29,
9,49275132,108,23,
9,49275335,248,194,
9,49275385,337,402,
9,49276534,130,173,
9,49276574,667,248,
9,49276673,29,13,
9,49277288,17,0,
9,49277437,9,0,
9,49277799,157,51,
9,49277952,9,0,
9,49278603,5,1,
9,49278916,7,2,
9,49279013,183,302,
9,49279146,5,0,
9,49279197,66,25,
9,49279207,11,2,
9,49279311,7,2,
9,49279352,10,10,
9,49279500,9,3,
9,49279627,85,84,
9,49279628,14,9,
9,49279638,95,37,
9,49279739,4,0,
9,49279928,272,151,
9,49279949,12,0,
9,49279951,73,20,
9,49280047,103,30,
9,49280061,197,211,
9,49280088,7,2,
9,49280103,119,50,
9,49280184,36,13,
9,49280221,22,4,
9,49280486,57,29,
9,49280558,26,7,
9,49280926,33,24,
9,49280945,35,4,
9,49281311,16,5,
9,49281352,6,0,
9,49281556,25,2,
9,49281675,24,7,
9,49281835,19,3,
9,49281859,7,0,
9,49281916,454,308,
9,49281960,52,10,
9,49282344,4,1,
9,49282762,37,18,
9,49283063,98,74,
9,49283344,55,7,
9,49283485,15,6,
9,49283563,89,84,
9,49283944,15,4,
9,49284774,403,443,
9,49285105,5,0,
9,49285160,124,50,
9,49285244,662,276,8
9,49285268,61,57,
9,49285292,25,10,
9,49285327,205,87,
9,49285414,48,2,
9,49285418,310,182,16
9,49285442,6,0,
9,49285604,161,199,
9,49285631,9,1,
9,49285712,11,1,
9,49285741,11,4,
9,49285750,15,1,
9,49285770,304,158,29
9,49285909,76,52,
9,49285948,11,1,
9,49285982,417,219,
9,49286003,3,0,
9,49286030,50,15,
9,49286039,4,10,
9,49286057,34,39,
9,49286073,60,36,
9,49286172,23,5,
9,49286211,24,5,
9,49286270,131,131,
9,49286341,622,161,10
9,49286357,68,46,
9,49286390,12,2,
9,49286424,65,11,
9,49286485,186,80,
9,49286644,34,12,
9,49286654,43,67,
9,49286662,221,311,
9,49287153,123,138,
9,49287176,6,8,
9,49287362,4,0,
9,49287380,10,0,
9,49287555,5,1,
9,49287604,21,1,
9,49287609,9,5,
9,49287645,9,0,
9,49287766,8,1,
9,49287829,4,0,
9,49287881,23,4,
9,49288011,10,2,
9,49288033,15,0,
9,49288051,37,11,
9,49288055,8,0,
9,49288092,5,0,
9,49288124,7,1,
9,49288129,9,0,
9,49288138,8,0,
9,49288155,6,1,
9,49288198,10,0,
9,49288293,118,55,
9,49288296,59,16,
9,49288325,7,0,
9,49288551,5,0,
9,49288607,43,22,
9,49288664,13,0,
9,49288687,15,6,
9,49288778,22,5,
9,49288810,22,4,
9,49288844,7,0,
9,49288889,351,138,11
9,49288914,18,0,
9,49288918,6,0,
9,49288920,5,0,
9,49288940,16,7,
9,49289000,9,0,
9,49289026,62,15,
9,49289101,58,23,
9,49289112,836,433,2
9,49289133,6,1,
9,49289158,17,3,
9,49289221,3,0,
9,49289236,7,1,
9,49289256,9,22,
9,49289260,60,19,
9,49289304,36,13,
9,49289340,14,1,
9,49289372,12,0,
9,49289374,8,0,
9,49289411,3,0,
9,49289424,59,8,
9,49289465,234,105,15
9,49289512,340,180,14
9,49289516,12,1,
9,49289522,11,1,
9,49289532,183,170,24
9,49289559,5,0,
9,49289585,68,54,
9,49289654,165,64,21
9,49289724,6,2,
9,49289831,6,3,
9,49289844,600,239,3
9,49289851,5,1,
9,49289898,22,0,
9,49290009,19,2,
9,49290013,9,3,
9,49290043,13,5,
9,49290078,17,1,
9,49290095,7,3,
9,49290130,6,0,
9,49290139,4,0,
9,49290166,212,106,4
9,49290180,15,3,
9,49290215,216,145,23
9,49290264,5,1,
9,49290299,332,178,12
9,49290470,3,1,
9,49290521,51,14,
9,49290539,5,0,
9,49290545,27,10,
9,49290684,4,0,
9,49290693,6,0,
9,49290713,10,25,
9,49290724,16,2,
9,49290751,30,5,
9,49290768,109,66,25
9,49290785,16,5,
9,49290919,16,3,
9,49290958,7,1,
9,49290969,104,45,30
9,49290984,4,0,
9,49291196,15,1,
9,49291268,208,143,25
9,49291665,6,0,
9,49291685,3,0,
9,49291782,46,1,
9,49291987,6,3,
9,49292385,13,1,
9,49292409,9,0,
9,49292471,6,1,
9,49292480,6,1,
9,49292567,58,69,
9,49292684,6,0,
9,49292855,9,3,
9,49292903,4,0,
9,49292932,113,86,
9,49292982,11,0,
9,49293087,102,33,20
9,49293215,6,0,
9,49293261,12,0,
9,49293292,19,9,
9,49293294,150,34,
9,49293324,165,32,8
9,49293492,6,0,
9,49293523,18,3,6
9,49293654,7,0,
9,49293908,9,1,
9,49293984,41,10,
9,49294025,58,14,
9,49294049,5,2,
9,49294219,25,3,
9,49294233,19,1,
9,49294341,4,0,
9,49294362,24,4,
9,49294370,8,0,
9,49294383,11,2,
9,49294441,7,1,
9,49294502,23,4,
9,49294674,12,0,
9,49294778,8,0,
9,49294784,6,0,
9,49294801,7,1,
9,49294844,6,0,
9,49294846,8,0,
9,49294884,6,0,
9,49294997,459,192,1
9,49295238,25,4,10
9,49295369,6,1,
9,49295508,5,1,
9,49295515,45,34,2
9,49295681,3,1,
9,49295816,8,0,
9,49295872,13,3,
9,49296044,7,0,
10,49172319,99,84,
10,49173107,169,40,
10,49173175,33,3,
10,49177765,34,17,
10,49178476,138,40,
10,49178868,30,6,
10,49179434,57,79,
10,49181584,67,25,
10,49182772,40,4,
10,49183917,101,50,
10,49184220,224,121,
10,49184755,864,932,
10,49184960,953,600,
10,49189457,443,105,
10,49191000,60,47,
10,49191130,72,64,
10,49193533,30,2,
10,49194856,168,18,
10,49195231,1185,169,
10,49196581,112,56,
10,49196657,87,35,
10,49197565,167,77,
10,49198464,237,156,
10,49199346,702,548,
10,49201953,381,58,
10,49201970,945,721,
10,49202912,141,31,
10,49203105,222,36,
10,49204173,36,9,
10,49204232,14,3,21
10,49204352,811,432,
10,49205082,126,27,
10,49206200,104,49,
10,49207236,516,497,
10,49208296,427,104,
10,49208393,220,63,
10,49208693,175,56,
10,49209132,81,31,
10,49209539,1101,1333,
10,49209918,435,68,
10,49210199,81,8,
10,49210740,33,5,
10,49211530,34,14,
10,49212449,116,29,
10,49213029,206,195,
10,49213111,33,44,
10,49213660,213,72,
10,49214008,795,474,
10,49215111,43,18,
10,49215117,20,8,
10,49215786,300,225,
10,49216946,354,166,
10,49218040,280,269,
10,49218190,51,11,
10,49218463,26,3,
10,49218514,20,0,
10,49219679,132,174,
10,49220126,447,130,
10,49220609,433,434,
10,49221169,38,9,
10,49221431,50,3,
10,49221668,440,167,
10,49221990,11,1,
10,49222189,935,581,
10,49222824,172,72,
10,49223082,513,294,
10,49223964,77,2,30
10,49223965,213,88,
10,49224997,114,89,
10,49226563,128,137,
10,49226623,327,302,
10,49226636,540,252,
10,49226742,382,44,
10,49226923,261,167,
10,49227505,102,20,
10,49227610,41,9,
10,49227709,9,1,
10,49227718,111,84,
10,49228350,135,128,
10,49230022,105,86,
10,49230477,436,375,
10,49230514,164,106,
10,49230630,106,190,
10,49230891,121,19,
10,49231315,28,1,
10,49231490,13,0,10
10,49231809,292,69,
10,49232039,120,24,
10,49232138,667,594,
10,49232253,393,284,
10,49232312,91,13,
10,49232753,50,20,
10,49233423,318,1171,
10,49233448,189,91,
10,49234675,823,544,
10,49235349,174,211,
10,49235641,133,93,
10,49236596,30,66,
10,49236811,52,10,
10,49237292,8,7,
10,49237407,58,11,
10,49238050,151,31,
10,49238561,387,200,
10,49238818,191,60,
10,49238831,40,5,
10,49238851,212,89,
10,49239751,692,397,
10,49240615,64,30,
10,49241559,149,56,
10,49241679,1202,638,
10,49241846,240,59,
10,49241942,45,20,
10,49242287,29,9,24
10,49242297,169,159,
10,49242475,79,30,
10,49242653,289,145,
10,49242698,151,73,
10,49242739,628,207,
10,49243029,192,111,
10,49243270,39,1,
10,49243397,233,198,
10,49243474,228,175,
10,49243687,105,22,
10,49243860,7,4,
10,49243880,640,601,
10,49244085,156,24,
10,49244250,68,14,
10,49244308,124,235,
10,49244339,107,40,
10,49244569,153,174,
10,49244696,28,1,
10,49245023,407,603,
10,49245251,187,72,
10,49245318,72,33,
10,49245421,43,9,
10,49245437,166,90,
10,49245491,190,80,
10,49245936,260,188,
10,49246057,77,51,
10,49246704,130,71,
10,49246804,527,182,
10,49247070,279,180,
10,49247477,222,113,
10,49247628,7,0,20
10,49248769,36,9,19
10,49249111,35,14,
10,49249555,171,62,
10,49250090,76,29,
10,49250109,447,418,
10,49250836,933,976,
10,49250894,152,60,
10,49251179,291,123,
10,49251411,667,758,
10,49251702,301,62,
10,49252179,439,98,
10,49252462,120,49,
10,49253721,73,49,
10,49254376,30,3,
10,49254788,20,1,
10,49254880,1057,508,
10,49254881,46,54,
10,49255496,383,516,
10,49255710,354,177,
10,49256057,196,30,
10,49257160,520,486,
10,49257377,560,403,
10,49257853,55,2,
10,49257876,694,306,
10,49257947,121,32,
10,49258011,106,77,
10,49258085,50,18,8
10,49258202,105,102,
10,49258428,59,22,
10,49258764,168,89,
10,49259309,47,46,
10,49259339,305,41,
10,49259611,165,101,
10,49260250,190,536,
10,49261128,426,242,
10,49261133,436,530,
10,49261192,47,20,
10,49261417,132,22,
10,49261514,343,327,
10,49261895,117,36,
10,49261987,17,0,
10,49262172,56,76,
10,49262211,164,135,
10,49262811,182,24,
10,49263260,54,16,
10,49263340,261,136,
10,49263461,125,238,
10,49263497,660,288,
10,49264366,26,2,
10,49264583,72,33,
10,49264896,19,4,
10,49265031,65,7,
10,49265051,274,87,
10,49265879,210,159,
10,49266277,224,193,
10,49266921,105,31,
10,49267108,193,92,
10,49267362,12,2,
10,49267928,361,162,
10,49268564,475,203,
10,49269090,157,35,
10,49269429,150,145,
10,49269809,23,4,
10,49269818,478,339,
10,49269830,10,1,
10,49269917,12,0,
10,49270022,259,160,
10,49270027,9,0,
10,49270040,310,45,
10,49270194,20,0,
10,49270615,19,3,
10,49270621,180,145,
10,49270726,699,876,
10,49270761,9,0,
10,49270766,61,35,
10,49270779,23,0,
10,49270833,12,11,
10,49270953,509,142,
10,49271050,26,5,
10,49271105,43,2,
10,49271126,196,2,
10,49271382,6,2,
10,49271390,20,3,
10,49271423,11,1,
10,49271440,4,1,
10,49271757,244,60,
10,49271994,973,902,
10,49272048,23,9,
10,49272132,50,0,
10,49272252,11,18,
10,49272264,15,7,
10,49272282,69,23,
10,49272341,4,0,
10,49272484,129,64,
10,49272549,333,68,
10,49272569,301,226,
10,49272620,117,51,
10,49272655,297,36,
10,49272747,9,2,
10,49272758,6,0,
10,49272784,29,8,
10,49272832,1186,229,
10,49272891,9,0,
10,49272986,7,0,
10,49273072,12,0,
10,49273113,7,1,
10,49273165,625,377,
10,49273175,111,36,
10,49273330,128,197,
10,49273346,5,3,
10,49273478,704,170,
10,49273848,11,2,
10,49273886,9,0,
10,49273922,32,8,
10,49273970,11,0,
10,49274018,66,10,
10,49274027,626,606,
10,49274160,6,1,
10,49274374,14,1,
10,49274420,31,1,
10,49274489,12,3,
10,49274600,1022,443,
10,49274672,47,6,
10,49274713,11,2,
10,49274757,167,378,
10,49274776,9,0,
10,49274854,70,65,
10,49274858,159,196,
10,49274894,57,16,
10,49274960,43,29,
10,49275132,108,23,
10,49275335,249,194,
10,49275385,338,406,
10,49276534,130,173,
10,49276574,667,248,
10,49276673,29,13,
10,49277288,17,0,
10,49277437,9,0,
10,49277799,158,51,
10,49277952,9,0,
10,49278603,5,1,
10,49278916,7,2,
10,49279013,183,304,
10,49279146,5,0,
10,49279197,67,25,
10,49279207,11,2,
10,49279311,7,2,
10,49279352,10,10,
10,49279500,9,3,
10,49279627,86,84,
10,49279628,14,9,
10,49279638,95,38,
10,49279739,4,0,
10,49279928,272,151,
10,49279949,12,0,
10,49279951,73,20,
10,49280047,103,30,
10,49280061,197,212,
10,49280088,7,2,
10,49280103,119,50,
10,49280184,36,13,
10,49280221,22,4,
10,49280486,57,29,
10,49280558,26,7,
10,49280926,33,24,
10,49280945,35,4,
10,49281311,16,5,
10,49281352,6,0,
10,49281556,26,2,
10,49281675,24,7,
10,49281835,19,3,
10,49281859,7,0,
10,49281916,456,308,
10,49281960,53,10,
10,49282344,4,1,
10,49282762,37,18,
10,49283063,99,74,
10,49283344,55,7,
10,49283485,15,6,
10,49283563,89,84,
10,49283944,15,4,
10,49284774,403,444,
10,49285105,5,0,
10,49285160,124,50,
10,49285244,672,276,9
10,49285268,61,57,
10,49285292,25,10,
10,49285327,206,87,
10,49285414,48,2,
10,49285418,319,183,18
10,49285442,6,0,
10,49285631,9,1,
10,49285712,11,1,
10,49285741,11,4,
10,49285750,15,1,
10,49285770,315,159,29
10,49285909,76,52,
10,49285948,11,1,
10,49285982,419,219,
10,49286003,3,0,
10,49286030,50,15,
10,49286039,4,10,
10,49286057,34,39,
10,49286073,61,36,
10,49286172,23,5,
10,49286211,25,5,
10,49286270,131,136,
10,49286341,635,162,11
10,49286357,68,46,
10,49286390,12,2,
10,49286424,65,11,
10,49286485,189,81,
10,49286644,34,12,
10,49286654,43,67,
10,49286662,221,311,
10,49287153,126,144,
10,49287176,6,8,
10,49287362,4,0,
10,49287380,10,0,
10,49287555,5,1,
10,49287604,21,2,
10,49287609,9,5,
10,49287645,9,0,
10,49287766,8,1,
10,49287829,4,0,
10,49287881,23,4,
10,49288011,10,2,
10,49288033,15,0,
10,49288051,38,11,
10,49288055,8,0,
10,49288092,5,0,
10,49288124,7,1,
10,49288129,9,0,
10,49288138,8,0,
10,49288155,6,1,
10,49288198,10,0,
10,49288293,119,56,
10,49288296,59,16,
10,49288325,7,0,
10,49288551,5,0,
10,49288607,43,22,
10,49288664,13,0,
10,49288687,15,6,
10,49288778,22,5,
10,49288810,22,4,
10,49288844,8,0,
10,49288889,357,144,12
10,49288914,20,1,
10,49288918,6,0,
10,49288940,16,7,
10,49289026,62,15,
10,49289101,59,25,
10,49289112,864,439,4
10,49289133,6,1,
10,49289158,17,3,
10,49289236,7,1,
10,49289256,9,22,
10,49289260,62,21,
10,49289304,36,13,
10,49289340,14,1,
10,49289372,12,0,
10,49289374,8,0,
10,49289411,3,0,
10,49289424,59,8,
10,49289465,242,108,17
10,49289512,352,191,16
10,49289516,12,1,
10,49289522,11,1,
10,49289532,189,181,27
10,49289559,5,0,
10,49289585,68,55,
10,49289654,171,67,22
10,49289724,6,2,
10,49289831,6,3,
10,49289844,618,244,5
10,49289851,5,1,
10,49289898,22,0,
10,49290009,20,2,
10,49290013,9,3,
10,49290043,13,5,
10,49290078,17,1,
10,49290095,8,3,
10,49290130,6,0,
10,49290139,4,0,
10,49290166,232,126,6
10,49290180,15,3,
10,49290215,220,152,25
10,49290264,5,1,
10,49290299,346,181,15
10,49290470,3,1,
10,49290521,51,14,
10,49290539,5,0,
10,49290545,27,10,
10,49290684,4,0,
10,49290693,6,0,
10,49290713,10,27,
10,49290724,16,2,
10,49290751,30,5,
10,49290768,111,72,28
10,49290785,16,5,
10,49290919,16,3,
10,49290958,7,1,
10,49290969,105,47,
10,49290984,4,0,
10,49291196,15,1,
10,49291268,217,153,26
10,49291665,6,0,
10,49291685,3,0,
10,49291782,46,1,
10,49291987,6,4,
10,49292385,13,1,
10,49292409,9,0,
10,49292471,6,2,
10,49292480,6,1,
10,49292567,60,69,
10,49292684,6,0,
10,49292855,10,3,
10,49292903,4,0,
10,49292932,114,86,
10,49292982,11,0,
10,49293087,109,33,23
10,49293215,6,0,
10,49293261,12,0,
10,49293292,19,9,
10,49293294,151,34,
10,49293324,167,36,10
10,49293492,6,0,
10,49293523,26,7,7
10,49293654,7,0,
10,49293908,9,1,
10,49293984,42,12,
10,49294025,70,19,
10,49294219,26,3,
10,49294233,19,1,
10,49294341,4,0,
10,49294362,25,4,
10,49294383,11,2,
10,49294441,7,1,
10,49294502,26,6,
10,49294674,12,0,
10,49294778,8,0,
10,49294784,7,0,
10,49294801,7,1,
10,49294844,6,0,
10,49294846,8,0,
10,49294884,7,0,
10,49294997,531,226,1
10,49295238,35,8,12
10,49295369,7,2,
10,49295508,5,1,
10,49295515,70,51,
10,49295681,3,1,
10,49295727,4,1,
10,49295816,10,2,
10,49295872,18,7,
10,49296044,7,0,
10,49296388,4,5,
10,49296479,4,0,
10,49296627,20,6,2
10,49296701,12,1,3
10,49296724,11,2,11
10,49296740,50,45,3
10,49296829,3,0,
10,49296939,3,0,4
11,49172319,99,84,
11,49173107,169,40,
11,49173175,33,3,
11,49177765,34,17,
11,49178476,138,40,
11,49178868,30,6,
11,49179434,57,79,
11,49181584,67,25,
11,49182772,40,4,
11,49183917,101,50,
11,49184220,224,121,
11,49184755,864,932,
11,49184960,953,600,
11,49189457,443,105,
11,49191000,60,47,
11,49191130,72,64,
11,49193533,30,2,
11,49194856,168,18,
11,49195231,1185,169,
11,49196581,112,56,
11,49196657,87,35,
11,49197565,167,77,
11,49198464,237,156,
11,49199346,702,548,
11,49201953,381,58,
11,49201970,945,721,
11,49202912,141,31,
11,49203105,222,36,
11,49204173,36,9,
11,49204232,18,3,20
11,49204352,811,432,
11,49205082,126,27,
11,49206200,104,49,
11,49207236,516,497,
11,49208296,427,104,
11,49208393,220,63,
11,49208693,175,56,
11,49209132,81,31,
11,49209539,1101,1333,
11,49209918,435,68,
11,49210199,81,8,
11,49210740,33,5,
11,49211530,34,14,
11,49212449,116,29,
11,49213029,206,195,
11,49213111,33,44,
11,49213660,213,72,
11,49213754,535,382,
11,49214008,795,474,
11,49215111,43,18,
11,49215117,20,8,
11,49215786,300,225,
11,49216946,354,166,
11,49218040,282,269,
11,49218190,51,11,
11,49218463,26,3,
11,49218514,20,0,
11,49219679,132,174,
11,49220126,447,130,
11,49220609,433,434,
11,49221169,38,9,
11,49221431,51,3,
11,49221668,440,167,
11,49221990,11,1,
11,49222189,935,581,
11,49222824,172,72,
11,49223082,513,294,
11,49223964,78,2,
11,49223965,213,88,
11,49224997,114,89,
11,49226563,128,137,
11,49226623,327,302,
11,49226636,540,252,
11,49226742,382,44,
11,49226923,261,167,
11,49227505,102,20,
11,49227610,41,9,
11,49227709,9,1,
11,49227718,111,84,
11,49228350,135,128,
11,49228426,57,72,
11,49229174,197,33,
11,49230022,105,86,
11,49230477,436,375,
11,49230514,164,106,
11,49230630,106,190,
11,49230891,121,19,
11,49231315,28,1,
11,49231490,26,0,5
11,49231809,292,69,
11,49232039,120,24,
11,49232138,667,594,
11,49232253,393,284,
11,49232312,91,13,
11,49232753,52,20,30
11,49233423,318,1171,
11,49233448,189,91,
11,49234675,823,544,
11,49235349,174,211,
11,49235641,133,93,
11,49236596,30,68,
11,49236811,54,11,
11,49237292,8,7,
11,49237407,58,11,
11,49238050,151,31,
11,49238561,387,200,
11,49238818,191,60,
11,49238831,40,5,
11,49238851,212,89,
11,49239751,692,397,
11,49240615,65,31,
11,49241559,149,56,
11,49241679,1202,638,
11,49241846,240,59,
11,49241942,45,20,
11,49242287,32,12,23
11,49242297,169,159,
11,49242475,79,30,
11,49242653,289,145,
11,49242698,151,73,
11,49242739,628,207,
11,49242867,5,3,13
11,49243029,192,111,
11,49243270,39,1,
11,49243397,233,198,
11,49243474,228,175,
11,49243687,105,22,
11,49243860,7,4,
11,49243880,640,601,
11,49244085,156,24,
11,49244250,68,14,
11,49244308,124,235,
11,49244339,107,40,
11,49244569,153,175,
11,49244696,28,1,
11,49245023,407,603,
11,49245251,187,72,
11,49245318,72,33,
11,49245421,43,9,
11,49245437,166,90,
11,49245491,190,80,
11,49245936,260,188,
11,49246057,77,51,
11,49246704,130,71,
11,49246804,527,182,
11,49247070,279,180,
11,49247477,222,113,
11,49247628,14,2,17
11,49248769,38,9,26
11,49249111,35,14,
11,49249555,171,62,
11,49250090,76,29,
11,49250109,447,418,
11,49250836,933,976,
11,49250894,152,60,
11,49251179,291,123,
11,49251411,667,758,
11,49251702,301,62,
11,49252179,439,98,
11,49252462,120,49,
11,49253721,73,49,
11,49254376,30,3,
11,49254788,20,1,
11,49254880,1057,508,
11,49254881,46,54,
11,49255496,383,516,
11,49255710,354,177,
11,49256057,196,30,
11,49257160,520,486,
11,49257377,560,403,
11,49257853,55,2,
11,49257876,694,306,
11,49258011,106,77,
11,49258085,59,32,6
11,49258202,105,102,
11,49258428,59,22,
11,49258764,168,89,
11,49259309,47,46,
11,49259339,305,41,
11,49259611,165,101,
11,49260250,190,536,
11,49261128,426,242,
11,49261133,436,530,
11,49261192,47,20,
11,49261417,132,22,
11,49261514,343,327,
11,49261895,117,36,
11,49261987,17,0,
11,49262172,56,76,
11,49262211,164,135,
11,49262811,182,24,
11,49263260,54,16,
11,49263340,261,136,
11,49263461,125,238,
11,49263497,660,289,
11,49264366,26,2,
11,49264583,72,33,
11,49264896,19,4,
11,49265031,65,7,
11,49265051,274,87,
11,49265879,210,159,
11,49266277,224,194,
11,49266921,105,31,
11,49267108,193,92,
11,49267362,12,2,
11,49267928,361,162,
11,49268564,475,203,
11,49269090,157,35,
11,49269429,152,147,
11,49269809,23,4,
11,49269818,478,340,
11,49269830,10,1,
11,49269917,12,0,
11,49270022,259,160,
11,49270027,9,0,
11,49270040,310,45,
11,49270194,20,0,
11,49270615,19,3,
11,49270621,181,145,
11,49270726,699,885,
11,49270761,9,0,
11,49270766,61,35,
11,49270779,23,0,
11,49270833,12,11,
11,49270953,509,142,
11,49271050,26,5,
11,49271105,43,2,
11,49271126,196,2,
11,49271382,6,2,
11,49271390,20,3,
11,49271423,11,1,
11,49271757,244,60,
11,49271994,976,903,
11,49272048,23,9,
11,49272132,50,0,
11,49272252,11,18,
11,49272264,15,7,
11,49272282,69,23,
11,49272341,4,0,
11,49272484,129,64,
11,49272549,333,68,
11,49272569,301,226,
11,49272620,117,51,
11,49272655,298,36,
11,49272747,9,2,
11,49272758,6,0,
11,49272784,29,8,
11,49272832,1187,229,
11,49272891,9,0,
11,49272986,7,0,
11,49273072,12,0,
11,49273113,7,1,
11,49273165,627,377,
11,49273175,111,36,
11,49273330,129,199,
11,49273346,5,3,
11,49273478,704,170,
11,49273848,11,2,
11,49273886,9,0,
11,49273922,32,8,
11,49273970,11,0,
11,49274018,66,10,
11,49274027,627,606,
11,49274160,6,1,
11,49274374,14,1,
11,49274420,31,1,
11,49274489,12,3,
11,49274600,1022,443,
11,49274672,47,6,
11,49274713,11,2,
11,49274757,168,378,
11,49274776,9,0,
11,49274854,70,65,
11,49274858,159,196,
11,49274894,57,16,
11,49274960,43,29,
11,49275132,108,23,
11,49275335,250,195,
11,49275385,339,407,
11,49276534,130,173,
11,49276574,667,249,
11,49276673,29,13,
11,49277288,17,0,
11,49277437,9,0,
11,49277799,158,51,
11,49277952,9,0,
11,49278603,5,1,
11,49278916,7,2,
11,49279013,185,307,
11,49279146,5,0,
11,49279197,67,25,
11,49279207,11,2,
11,49279311,7,2,
11,49279352,10,10,
11,49279500,9,3,
11,49279627,87,86,
11,49279628,14,9,
11,49279638,96,41,
11,49279739,4,0,
11,49279928,272,151,
11,49279949,12,0,
11,49279951,74,20,
11,49280047,103,30,
11,49280061,197,213,
11,49280088,7,2,
11,49280103,119,50,
11,49280184,36,13,
11,49280221,22,4,
11,49280486,57,29,
11,49280558,26,7,
11,49280926,33,24,
11,49280945,35,4,
11,49281311,16,5,
11,49281352,6,0,
11,49281556,26,2,
11,49281675,24,7,
11,49281859,7,0,
11,49281916,456,308,
11,49281960,53,10,
11,49282344,4,1,
11,49282762,37,18,
11,49283063,100,74,
11,49283344,55,7,
11,49283485,15,6,
11,49283563,89,84,
11,49283944,15,4,
11,49284774,404,448,
11,49285105,5,0,
11,49285160,125,50,
11,49285244,678,277,8
11,49285268,61,57,
11,49285292,25,10,
11,49285327,207,88,
11,49285414,48,2,
11,49285418,323,184,21
11,49285442,6,0,
11,49285631,9,1,
11,49285712,11,1,
11,49285741,11,4,
11,49285750,15,1,
11,49285770,322,159,29
11,49285909,77,52,
11,49285948,11,1,
11,49285982,422,219,
11,49286003,3,0,
11,49286030,50,15,
11,49286039,4,10,
11,49286057,34,39,
11,49286073,61,36,
11,49286172,23,5,
11,49286211,25,5,
11,49286270,131,137,
11,49286341,644,166,9
11,49286357,68,46,
11,49286390,12,2,
11,49286424,65,11,
11,49286485,190,82,
11,49286644,34,13,
11,49286654,43,67,
11,49286662,221,311,
11,49287153,129,145,
11,49287176,6,8,
11,49287362,4,0,
11,49287380,10,0,
11,49287555,5,1,
11,49287604,21,2,
11,49287609,10,5,
11,49287645,9,0,
11,49287766,8,1,
11,49287829,4,0,
11,49287881,23,4,
11,49288011,10,2,
11,49288033,15,0,
11,49288051,38,11,
11,49288055,8,0,
11,49288092,5,0,
11,49288124,7,1,
11,49288129,10,0,
11,49288138,8,0,
11,49288155,6,1,
11,49288198,10,0,
11,49288293,120,56,
11,49288296,59,16,
11,49288325,7,0,
11,49288551,5,0,
11,49288607,43,22,
11,49288664,13,0,
11,49288687,15,6,
11,49288778,23,5,
11,49288810,22,4,
11,49288844,9,0,
11,49288889,369,148,12
11,49288914,20,1,
11,49288918,6,0,
11,49288940,16,7,
11,49289026,64,15,
11,49289101,60,25,
11,49289112,877,445,3
11,49289133,6,1,
11,49289158,17,3,
11,49289236,7,1,
11,49289256,9,22,
11,49289260,63,23,
11,49289304,36,13,
11,49289340,14,1,
11,49289372,13,0,
11,49289374,8,0,
11,49289424,59,8,
11,49289465,247,114,19
11,49289512,364,197,16
11,49289516,12,1,
11,49289522,11,1,
11,49289532,194,185,26
11,49289585,68,55,
11,49289654,176,72,22
11,49289724,6,2,
11,49289844,635,251,4
11,49289898,22,0,
11,49290009,20,2,
11,49290043,13,5,
11,49290078,17,1,
11,49290095,9,3,
11,49290130,6,0,
11,49290139,4,0,
11,49290166,256,141,6
11,49290180,15,3,
11,49290215,227,157,24
11,49290264,5,1,
11,49290299,359,188,15
11,49290470,3,1,
11,49290521,51,14,
11,49290539,5,0,
11,49290545,27,10,
11,49290684,4,0,
11,49290693,6,0,
11,49290713,12,27,
11,49290724,16,2,
11,49290751,30,5,
11,49290768,114,83,28
11,49290785,16,5,
11,49290919,16,3,
11,49290958,7,1,
11,49290969,109,48,
11,49290984,4,0,
11,49291196,15,1,
11,49291268,220,159,
11,49291665,6,0,
11,49291685,3,0,
11,49291782,46,1,
11,49291987,6,4,
11,49292385,13,1,
11,49292409,9,0,
11,49292471,6,2,
11,49292480,6,1,
11,49292567,60,69,
11,49292684,6,0,
11,49292855,11,3,
11,49292903,4,0,
11,49292932,116,87,
11,49292982,11,0,
11,49293087,119,35,25
11,49293215,6,0,
11,49293261,12,0,
11,49293292,19,9,
11,49293294,153,35,
11,49293324,170,44,14
11,49293492,6,0,
11,49293523,31,11,10
11,49293654,7,0,
11,49293908,9,1,
11,49293984,42,12,
11,49294025,78,20,
11,49294219,26,3,
11,49294233,19,1,
11,49294341,4,0,
11,49294362,27,4,
11,49294383,11,3,
11,49294441,7,1,
11,49294502,32,6,
11,49294674,12,0,
11,49294778,8,0,
11,49294784,7,0,
11,49294801,9,1,
11,49294844,6,0,
11,49294846,8,0,
11,49294884,8,0,
11,49294997,588,292,1
11,49295238,41,10,10
11,49295369,7,3,
11,49295508,5,1,
11,49295515,72,57,
11,49295681,3,1,
11,49295727,5,1,
11,49295816,10,2,
11,49295872,21,11,
11,49296044,7,0,
11,49296324,5,1,
11,49296388,4,5,
11,49296479,5,0,
11,49296627,54,18,2
11,49296701,16,2,
11,49296724,30,15,5
11,49296740,88,90,6
11,49296829,4,0,
11,49296939,35,27,2
11,49296964,4,0,9
12,49172319,99,84,
12,49173107,169,40,
12,49173175,33,3,
12,49177765,34,17,
12,49178476,138,40,
12,49178868,30,6,
12,49179434,57,79,
12,49181584,67,25,
12,49182772,40,4,
12,49183917,101,50,
12,49184220,224,121,
12,49184755,864,932,
12,49184960,953,600,
12,49189457,443,105,
12,49191000,60,47,
12,49191130,72,64,
12,49192566,701,215,
12,49193533,30,2,
12,49194856,168,18,
12,49195231,1185,169,
12,49196581,112,56,
12,49196657,87,35,
12,49197565,167,77,
12,49198464,237,156,
12,49199346,702,548,
12,49201953,384,58,
12,49201970,945,721,
12,49202912,141,30,
12,49203105,222,36,
12,49203626,69,42,
12,49204173,36,9,
12,49204232,26,4,21
12,49204352,811,432,
12,49205082,126,27,
12,49206200,104,49,
12,49207236,516,497,
12,49208296,427,104,
12,49208393,220,63,
12,49208693,175,56,
12,49209132,81,31,
12,49209539,1101,1333,
12,49209918,435,68,
12,49210199,81,8,
12,49210740,33,6,
12,49211530,34,14,
12,49212449,116,29,
12,49213029,206,195,
12,49213111,33,44,
12,49213660,213,72,
12,49213754,535,382,
12,49214008,795,474,
12,49214098,433,112,
12,49215111,43,18,
12,49215117,20,8,
12,49215786,300,225,
12,49216946,354,166,
12,49218040,284,271,
12,49218190,51,11,
12,49218463,26,3,
12,49218514,20,0,
12,49219679,132,174,
12,49220126,447,130,
12,49220609,433,434,
12,49221169,38,9,
12,49221431,51,3,
12,49221668,440,167,
12,49221990,11,1,
12,49222189,935,581,
12,49222824,172,72,
12,49223082,513,294,
12,49223964,80,2,
12,49223965,213,88,
12,49224997,115,89,
12,49226563,128,137,
12,49226623,327,302,
12,49226636,540,252,
12,49226742,382,44,
12,49226923,261,167,
12,49227505,102,20,
12,49227610,41,9,
12,49227709,9,1,
12,49227718,111,84,
12,49228350,135,128,
12,49228426,57,72,
12,49229174,197,33,
12,49230022,105,86,
12,49230477,436,375,
12,49230514,164,106,
12,49230630,106,190,
12,49230891,121,19,
12,49231315,28,1,
12,49231490,50,3,4
12,49231809,292,69,
12,49232039,120,24,
12,49232138,667,594,
12,49232253,393,284,
12,49232312,91,13,
12,49232753,53,22,
12,49233423,318,1174,
12,49233448,189,91,
12,49234675,823,544,
12,49235349,174,211,
12,49235641,133,93,
12,49236596,30,71,
12,49236811,56,12,
12,49237292,8,7,
12,49237407,58,11,
12,49238050,151,31,
12,49238561,387,200,
12,49238818,191,60,
12,49238831,40,5,
12,49238851,213,89,
12,49239751,692,396,
12,49240615,65,31,
12,49241559,149,56,
12,49241679,1202,637,
12,49241846,240,59,
12,49241942,45,20,
12,49242287,33,15,25
12,49242297,169,159,
12,49242475,79,30,
12,49242653,289,145,
12,49242698,151,73,
12,49242739,628,207,
12,49242867,11,7,8
12,49243029,192,111,
12,49243270,39,1,
12,49243397,233,198,
12,49243474,228,175,
12,49243687,106,22,
12,49243860,7,4,
12,49243880,640,601,
12,49244085,156,24,
12,49244250,68,14,
12,49244308,124,235,
12,49244339,107,40,
12,49244569,153,175,
12,49244696,28,1,
12,49245023,407,603,
12,49245251,187,72,
12,49245318,72,33,
12,49245421,43,9,
12,49245437,166,90,
12,49245491,190,80,
12,49245936,260,188,
12,49246057,77,51,
12,49246704,130,71,
12,49246804,527,182,
12,49247070,279,180,
12,49247477,222,113,
12,49247628,21,2,13
12,49248769,42,9,28
12,49249111,35,14,
12,49249523,19,5,3
12,49249555,171,62,
12,49250090,76,29,
12,49250109,447,418,
12,49250836,933,976,
12,49250894,152,60,
12,49251179,291,123,
12,49251411,667,758,
12,49251702,301,62,
12,49252179,439,98,
12,49252462,120,49,
12,49253721,73,49,
12,49254376,30,3,
12,49254788,20,1,
12,49254880,1058,508,
12,49254881,46,54,
12,49255496,383,516,
12,49255710,354,177,
12,49256057,196,30,
12,49257160,520,486,
12,49257377,560,403,
12,49257853,55,2,
12,49257876,694,306,
12,49257947,121,32,
12,49258011,106,77,
12,49258085,69,34,7
12,49258202,105,102,
12,49258428,59,22,
12,49258764,168,89,
12,49259309,47,47,
12,49259339,305,41,
12,49259611,165,101,
12,49260250,191,537,
12,49261128,426,242,
12,49261133,436,530,
12,49261192,47,20,
12,49261417,132,22,
12,49261514,343,327,
12,49261895,117,36,
12,49261987,17,0,
12,49262172,56,76,
12,49262211,164,135,
12,49262811,182,24,
12,49263260,54,16,
12,49263340,261,136,
12,49263461,125,238,
12,49263497,661,290,
12,49264366,26,2,
12,49264583,72,33,
12,49264896,19,4,
12,49265031,65,7,
12,49265051,274,87,
12,49265879,210,159,
12,49266277,225,194,
12,49266921,105,31,
12,49267108,193,90,
12,49267362,12,2,
12,49267928,361,162,
12,49268564,475,203,
12,49269090,157,35,
12,49269429,152,147,
12,49269809,23,4,
12,49269818,478,340,
12,49269830,10,1,
12,49269917,12,0,
12,49270022,259,160,
12,49270027,9,0,
12,49270040,310,45,
12,49270194,20,0,
12,49270615,19,3,
12,49270621,181,145,
12,49270726,700,893,
12,49270761,9,0,
12,49270766,61,35,
12,49270779,23,0,
12,49270833,12,11,
12,49270953,509,142,
12,49271050,26,5,
12,49271105,43,2,
12,49271126,196,2,
12,49271382,6,2,
12,49271390,20,3,
12,49271423,11,1,
12,49271757,244,60,
12,49271994,976,904,
12,49272048,23,9,
12,49272132,50,0,
12,49272252,11,18,
12,49272264,15,7,
12,49272282,69,23,
12,49272341,4,0,
12,49272484,129,64,
12,49272549,333,68,
12,49272569,301,226,
12,49272620,117,51,
12,49272655,299,37,
12,49272747,9,2,
12,49272758,6,0,
12,49272784,29,8,
12,49272832,1188,229,
12,49272891,9,0,
12,49272986,7,0,
12,49273072,12,0,
12,49273113,7,1,
12,49273165,627,380,
12,49273175,111,35,
12,49273330,130,200,
12,49273346,5,3,
12,49273478,705,170,
12,49273848,11,2,
12,49273886,9,0,
12,49273922,32,8,
12,49273970,11,0,
12,49274018,66,10,
12,49274027,627,606,
12,49274160,6,1,
12,49274374,14,1,
12,49274420,31,1,
12,49274489,12,3,
12,49274600,1023,443,
12,49274672,47,6,
12,49274713,11,2,
12,49274757,168,378,
12,49274776,9,0,
12,49274854,70,65,
12,49274858,160,198,
12,49274894,57,16,
12,49274960,43,29,
12,49275132,108,23,
12,49275335,250,195,
12,49275385,339,407,
12,49276534,130,173,
12,49276574,667,249,
12,49276673,29,13,
12,49277288,17,0,
12,49277437,9,0,
12,49277799,158,51,
12,49277952,9,0,
12,49278603,5,1,
12,49278916,7,2,
12,49279013,185,308,
12,49279146,5,0,
12,49279197,67,25,
12,49279207,11,2,
12,49279311,7,2,
12,49279352,10,10,
12,49279500,9,3,
12,49279627,87,87,
12,49279628,14,9,
12,49279638,96,40,
12,49279739,4,0,
12,49279928,272,152,
12,49279949,12,0,
12,49279951,75,20,
12,49280047,103,30,
12,49280061,197,213,
12,49280088,7,2,
12,49280103,119,51,
12,49280184,36,13,
12,49280221,22,4,
12,49280486,57,29,
12,49280558,26,7,
12,49280926,33,24,
12,49280945,35,4,
12,49281311,16,5,
12,49281352,6,0,
12,49281556,26,2,
12,49281675,24,7,
12,49281859,7,0,
12,49281916,456,309,
12,49281960,53,10,
12,49282344,4,1,
12,49282762,37,18,
12,49283063,100,74,
12,49283344,55,7,
12,49283485,15,6,
12,49283563,90,84,
12,49283944,15,4,
12,49284774,404,451,
12,49285105,5,0,
12,49285160,125,50,
12,49285244,688,280,9
12,49285268,62,57,
12,49285292,25,10,
12,49285327,207,88,
12,49285414,48,2,
12,49285418,335,195,20
12,49285442,6,0,
12,49285631,9,1,
12,49285712,11,1,
12,49285741,11,4,
12,49285750,15,1,
12,49285770,335,164,29
12,49285909,77,52,
12,49285948,11,1,
12,49285982,423,220,
12,49286003,3,0,
12,49286030,51,15,
12,49286039,4,10,
12,49286073,61,35,
12,49286172,23,5,
12,49286211,25,5,
12,49286270,132,139,
12,49286341,659,167,10
12,49286357,68,47,
12,49286390,12,2,
12,49286424,65,11,
12,49286485,191,82,
12,49286644,34,13,
12,49286654,44,68,
12,49286662,221,312,
12,49287153,132,151,
12,49287176,7,9,
12,49287362,4,0,
12,49287380,10,0,
12,49287555,5,1,
12,49287604,22,2,
12,49287609,10,5,
12,49287645,9,0,
12,49287766,8,1,
12,49287829,4,0,
12,49287881,23,4,
12,49288011,10,2,
12,49288033,15,0,
12,49288051,38,11,
12,49288055,8,0,
12,49288092,5,0,
12,49288124,7,1,
12,49288129,10,0,
12,49288138,8,0,
12,49288155,6,1,
12,49288198,10,0,
12,49288293,120,56,
12,49288296,62,16,
12,49288325,7,0,
12,49288551,5,0,
12,49288607,43,22,
12,49288664,13,0,
12,49288687,16,6,
12,49288778,23,5,
12,49288810,22,4,
12,49288844,9,0,
12,49288889,377,152,12
12,49288914,20,1,
12,49288918,6,0,
12,49288940,16,7,
12,49289026,65,15,
12,49289101,60,26,
12,49289112,890,451,3
12,49289133,6,1,
12,49289158,17,3,
12,49289236,7,1,
12,49289256,9,22,
12,49289260,65,25,
12,49289304,36,13,
12,49289340,14,1,
12,49289372,13,0,
12,49289374,8,0,
12,49289424,59,8,
12,49289465,250,125,18
12,49289512,377,201,17
12,49289516,12,1,
12,49289522,11,1,
12,49289532,199,191,24
12,49289585,69,56,
12,49289654,181,74,22
12,49289724,6,2,
12,49289844,642,252,5
12,49289898,22,0,
12,49290009,21,2,
12,49290043,14,5,
12,49290078,17,1,
12,49290095,9,3,
12,49290130,6,0,
12,49290139,4,0,
12,49290166,275,147,6
12,49290180,15,3,
12,49290215,232,161,23
12,49290299,367,201,16
12,49290521,52,14,
12,49290539,5,0,
12,49290545,27,10,
12,49290684,4,0,
12,49290693,6,0,
12,49290713,12,27,
12,49290724,16,2,
12,49290751,30,5,
12,49290768,115,91,27
12,49290785,16,5,
12,49290919,16,3,
12,49290958,7,1,
12,49290969,109,49,
12,49290984,4,0,
12,49291196,15,1,
12,49291268,224,159,30
12,49291665,6,0,
12,49291685,3,0,
12,49291782,46,1,
12,49291987,6,4,
12,49292385,13,1,
12,49292409,9,0,
12,49292471,6,2,
12,49292480,6,1,
12,49292567,60,69,
12,49292684,6,0,
12,49292855,12,3,
12,49292903,4,0,
12,49292932,117,87,
12,49292982,11,0,
12,49293087,126,39,24
12,49293215,6,0,
12,49293261,14,0,
12,49293292,20,9,
12,49293294,156,35,
12,49293324,177,47,15
12,49293492,6,0,
12,49293523,37,12,14
12,49293654,7,0,
12,49293908,9,1,
12,49293984,42,12,
12,49294025,83,22,
12,49294219,26,3,
12,49294233,19,1,
12,49294341,4,0,
12,49294362,32,5,
12,49294383,11,4,
12,49294441,7,1,
12,49294502,36,6,
12,49294674,13,0,
12,49294778,8,0,
12,49294784,7,0,
12,49294801,9,1,
12,49294846,8,0,
12,49294884,8,0,
12,49294997,648,315,1
12,49295238,48,12,11
12,49295369,7,4,
12,49295508,5,1,
12,49295515,73,65,
12,49295681,3,1,
12,49295727,6,3,
12,49295816,10,2,
12,49295872,25,14,
12,49295895,27,44,
12,49296044,8,0,
12,49296324,5,1,
12,49296388,4,5,
12,49296479,5,0,
12,49296511,5,2,
12,49296627,83,36,2
12,49296630,4,0,
12,49296740,167,149,5
12,49296829,4,0,
12,49297487,3,0,
13,49172319,99,84,
13,49173107,169,40,
13,49173175,33,3,
13,49174017,49,29,
13,49177765,34,17,
13,49178476,138,40,
13,49178868,30,6,
13,49179434,57,79,
13,49181584,67,25,
13,49182772,40,4,
13,49183917,101,50,
13,49184220,224,121,
13,49184755,864,932,
13,49184960,953,600,
13,49189457,443,105,
13,49191000,60,47,
13,49191130,72,64,
13,49192566,701,215,
13,49193533,30,2,
13,49194856,168,18,
13,49195231,1185,169,
13,49196581,112,56,
13,49196657,87,35,
13,49197565,167,77,
13,49198464,237,156,
13,49199346,702,548,
13,49201953,384,58,
13,49201970,945,721,
13,49202912,141,30,
13,49203105,222,36,
13,49203626,69,42,
13,49204173,36,9,
13,49204232,31,6,25
13,49204352,811,432,
13,49205082,126,27,
13,49206200,104,49,
13,49207236,516,497,
13,49208296,427,104,
13,49208393,220,63,
13,49208693,175,56,
13,49209132,81,31,
13,49209539,1101,1333,
13,49209918,435,68,
13,49210199,82,9,
13,49210740,35,6,
13,49211530,34,14,
13,49212449,116,29,
13,49213029,206,195,
13,49213111,33,44,
13,49213660,213,72,
13,49213754,535,382,
13,49214008,795,474,
13,49214098,433,112,
13,49215111,43,18,
13,49215117,20,8,
13,49215786,300,225,
13,49216946,354,166,
13,49218040,285,273,
13,49218190,51,11,
13,49218463,26,3,
13,49218514,21,0,
13,49219679,132,174,
13,49220126,447,130,
13,49220609,433,434,
13,49221169,38,9,
13,49221431,53,3,
13,49221668,440,167,
13,49221990,11,1,
13,49222189,935,582,
13,49222824,172,72,
13,49223082,513,294,
13,49223964,81,3,
13,49223965,213,88,
13,49224997,115,91,
13,49225895,19,5,9
13,49226563,128,137,
13,49226623,327,304,
13,49226636,540,252,
13,49226742,382,44,
13,49226923,261,167,
13,49227505,102,20,
13,49227610,41,9,
13,49227709,9,1,
13,49227718,111,84,
13,49228350,135,128,
13,49228426,57,72,
13,49229174,197,33,
13,49230022,105,86,
13,49230477,436,375,
13,49230514,164,106,
13,49230630,106,190,
13,49230891,121,19,
13,49231315,28,1,
13,49231490,64,4,7
13,49231809,292,69,
13,49232039,121,24,
13,49232138,667,594,
13,49232253,393,284,
13,49232312,91,13,
13,49232753,54,24,
13,49233423,318,1174,
13,49233448,189,91,
13,49234675,823,544,
13,49235349,174,211,
13,49235641,133,93,
13,49236596,30,71,
13,49236811,58,12,
13,49237292,8,7,
13,49237407,58,11,
13,49238050,151,31,
13,49238561,387,200,
13,49238818,192,63,
13,49238831,40,5,
13,49238851,213,89,
13,49239751,692,396,
13,49240615,65,31,
13,49241559,149,56,
13,49241679,1202,637,
13,49241846,240,59,
13,49241942,45,20,
13,49242287,34,17,
13,49242297,169,159,
13,49242475,79,30,
13,49242653,289,145,
13,49242698,151,73,
13,49242739,628,207,
13,49242867,23,8,10
13,49243029,192,111,
13,49243270,39,1,
13,49243397,233,198,
13,49243474,228,175,
13,49243687,106,23,
13,49243860,7,4,
13,49243880,640,601,
13,49244085,156,24,
13,49244250,68,14,
13,49244308,124,235,
13,49244339,107,40,
13,49244569,153,175,
13,49244696,28,1,
13,49245023,407,603,
13,49245251,187,72,
13,49245318,72,33,
13,49245421,43,9,
13,49245437,166,90,
13,49245491,190,80,
13,49245936,260,188,
13,49246057,77,51,
13,49246704,130,71,
13,49246804,527,182,
13,49247070,279,180,
13,49247477,222,113,
13,49247628,30,3,12
13,49248769,48,9,27
13,49249111,35,14,
13,49249523,62,27,3
13,49249555,171,62,
13,49250090,76,29,
13,49250109,447,418,
13,49250836,933,976,
13,49250894,152,60,
13,49251179,291,123,
13,49251411,667,758,
13,49251702,301,62,
13,49252179,439,98,
13,49252462,120,49,
13,49253721,73,49,
13,49254376,30,3,
13,49254788,20,1,
13,49254880,1058,508,
13,49254881,46,54,
13,49255496,383,516,
13,49255710,354,177,
13,49256057,196,30,
13,49257160,520,486,
13,49257377,560,403,
13,49257853,55,2,
13,49257876,694,306,
13,49257947,121,32,
13,49258011,106,77,
13,49258085,81,40,13
13,49258202,105,102,
13,49258428,59,22,
13,49258764,168,89,
13,49259309,47,47,
13,49259339,305,41,
13,49259611,165,101,
13,49260250,191,538,
13,49261128,426,242,
13,49261133,436,530,
13,49261192,47,20,
13,49261417,132,22,
13,49261514,343,327,
13,49261895,117,36,
13,49261987,17,0,
13,49262172,56,76,
13,49262211,164,135,
13,49262811,182,24,
13,49263260,54,16,
13,49263340,261,136,
13,49263461,125,238,
13,49263497,662,290,
13,49264366,26,2,
13,49264583,72,33,
13,49264896,19,4,
13,49265031,65,7,
13,49265051,274,87,
13,49265879,210,159,
13,49266277,225,194,
13,49266921,105,31,
13,49267108,193,90,
13,49267362,12,2,
13,49267928,361,162,
13,49268564,475,203,
13,49269090,158,35,
13,49269429,152,148,
13,49269809,23,4,
13,49269818,478,340,
13,49269830,10,1,
13,49269917,12,0,
13,49270022,259,160,
13,49270027,9,0,
13,49270040,310,45,
13,49270194,20,0,
13,49270615,19,3,
13,49270621,181,145,
13,49270726,703,896,
13,49270761,9,0,
13,49270766,61,35,
13,49270779,23,0,
13,49270833,12,11,
13,49270953,509,142,
13,49271050,26,5,
13,49271105,43,2,
13,49271126,196,2,
13,49271382,6,2,
13,49271390,20,3,
13,49271423,11,1,
13,49271757,244,60,
13,49271994,978,904,
13,49272048,23,9,
13,49272132,50,0,
13,49272252,11,18,
13,49272264,15,7,
13,49272282,69,23,
13,49272341,4,0,
13,49272484,129,64,
13,49272549,333,68,
13,49272569,301,226,
13,49272620,117,51,
13,49272655,299,37,
13,49272747,9,2,
13,49272758,6,0,
13,49272784,29,8,
13,49272832,1189,229,
13,49272891,9,0,
13,49272986,7,0,
13,49273072,12,0,
13,49273113,7,1,
13,49273165,627,386,
13,49273175,111,35,
13,49273330,130,201,
13,49273346,5,3,
13,49273478,707,170,
13,49273848,11,2,
13,49273886,9,0,
13,49273922,32,8,
13,49273970,11,0,
13,49274018,66,10,
13,49274027,627,606,
13,49274160,6,1,
13,49274374,14,1,
13,49274420,31,1,
13,49274489,12,3,
13,49274600,1025,445,
13,49274672,47,6,
13,49274713,11,2,
13,49274757,168,381,
13,49274776,9,0,
13,49274854,70,66,
13,49274858,160,198,
13,49274894,57,16,
13,49274960,43,29,
13,49275132,108,23,
13,49275335,250,195,
13,49275385,339,407,
13,49276534,130,173,
13,49276574,667,249,
13,49276673,29,13,
13,49277288,17,0,
13,49277437,9,0,
13,49277799,158,51,
13,49277952,9,0,
13,49278916,7,2,
13,49279013,186,309,
13,49279146,5,0,
13,49279197,67,25,
13,49279207,11,2,
13,49279311,7,2,
13,49279352,10,10,
13,49279500,9,3,
13,49279627,87,88,
13,49279628,14,9,
13,49279638,98,40,
13,49279739,4,0,
13,49279928,273,153,
13,49279949,12,0,
13,49279951,75,20,
13,49280047,103,30,
13,49280061,197,213,
13,49280088,7,2,
13,49280103,119,52,
13,49280184,36,13,
13,49280221,22,4,
13,49280486,57,29,
13,49280558,26,7,
13,49280926,33,24,
13,49280945,35,4,
13,49281311,16,5,
13,49281352,6,0,
13,49281556,26,2,
13,49281675,24,7,
13,49281859,7,0,
13,49281916,459,312,
13,49281960,53,10,
13,49282344,4,1,
13,49282762,37,18,
13,49283063,102,74,
13,49283344,55,7,
13,49283485,15,6,
13,49283563,90,84,
13,49283944,15,4,
13,49284774,404,454,
13,49285105,5,0,
13,49285160,125,50,
13,49285244,696,282,14
13,49285268,62,57,
13,49285292,25,10,
13,49285327,208,88,
13,49285414,49,2,
13,49285418,349,201,24
13,49285442,6,0,
13,49285631,9,1,
13,49285712,11,1,
13,49285741,11,4,
13,49285750,15,1,
13,49285770,347,169,
13,49285909,77,53,
13,49285948,11,1,
13,49285982,424,220,
13,49286003,3,0,
13,49286030,51,15,
13,49286039,4,11,
13,49286073,61,35,
13,49286172,23,5,
13,49286211,25,5,
13,49286270,133,144,
13,49286341,671,168,16
13,49286357,68,47,
13,49286390,12,2,
13,49286424,66,11,
13,49286485,192,82,
13,49286644,34,13,
13,49286654,44,68,
13,49286662,221,317,
13,49287153,133,158,
13,49287176,7,9,
13,49287362,4,0,
13,49287380,10,0,
13,49287555,5,1,
13,49287604,22,2,
13,49287609,10,5,
13,49287645,9,0,
13,49287766,8,1,
13,49287881,24,4,
13,49288011,10,2,
13,49288033,15,0,
13,49288051,38,11,
13,49288055,8,0,
13,49288092,5,0,
13,49288124,7,1,
13,49288129,10,0,
13,49288138,8,0,
13,49288155,6,1,
13,49288198,10,0,
13,49288293,121,56,
13,49288296,64,16,
13,49288325,7,0,
13,49288551,5,0,
13,49288607,43,22,
13,49288664,13,0,
13,49288687,16,6,
13,49288778,23,5,
13,49288810,22,4,
13,49288844,9,0,
13,49288889,387,154,17
13,49288914,22,4,
13,49288918,6,0,
13,49288940,16,7,
13,49289026,65,15,
13,49289101,60,26,
13,49289112,910,453,5
13,49289133,6,1,
13,49289158,17,3,
13,49289236,7,1,
13,49289256,9,22,
13,49289260,65,26,
13,49289304,36,13,
13,49289340,14,1,
13,49289372,13,0,
13,49289374,8,0,
13,49289424,59,8,
13,49289465,258,129,23
13,49289512,385,217,22
13,49289516,12,1,
13,49289522,11,1,
13,49289532,206,194,28
13,49289585,70,56,
13,49289654,187,76,26
13,49289724,6,2,
13,49289844,658,259,8
13,49289898,22,1,
13,49290009,22,2,
13,49290043,14,5,
13,49290078,17,1,
13,49290095,10,3,
13,49290130,6,0,
13,49290139,4,0,
13,49290166,294,159,11
13,49290180,15,3,
13,49290215,236,178,29
13,49290299,380,205,20
13,49290521,52,15,
13,49290545,28,10,
13,49290693,6,0,
13,49290713,12,27,
13,49290724,17,2,
13,49290751,30,5,
13,49290768,117,94,30
13,49290785,16,5,
13,49290919,16,3,
13,49290958,7,1,
13,49290969,113,54,
13,49290984,4,0,
13,49291196,15,1,
13,49291268,231,159,
13,49291665,6,0,
13,49291685,3,0,
13,49291782,46,1,
13,49291987,6,4,
13,49292385,13,1,
13,49292409,9,0,
13,49292471,6,2,
13,49292480,6,1,
13,49292567,60,69,
13,49292684,6,0,
13,49292855,12,3,
13,49292903,4,0,
13,49292932,120,91,
13,49292982,11,0,
13,49293087,138,41,
13,49293215,6,0,
13,49293261,14,0,
13,49293292,20,9,
13,49293294,159,36,
13,49293324,189,52,19
13,49293492,6,0,
13,49293523,39,14,21
13,49293654,7,0,
13,49293908,9,1,
13,49293984,42,12,
13,49294025,93,23,
13,49294233,20,1,
13,49294341,4,0,
13,49294362,34,6,
13,49294383,11,4,
13,49294441,7,1,
13,49294502,38,8,
13,49294674,13,0,
13,49294778,9,0,
13,49294784,7,0,
13,49294801,9,1,
13,49294884,8,0,
13,49294997,719,365,1
13,49295238,56,15,18
13,49295369,7,4,
13,49295508,5,1,
13,49295515,77,71,
13,49295681,3,1,
13,49295727,10,4,
13,49295816,10,3,
13,49295872,28,17,
13,49296044,8,0,
13,49296324,6,1,
13,49296388,4,5,
13,49296479,5,0,
13,49296511,5,3,
13,49296627,121,55,4
13,49296630,4,0,
13,49296740,249,232,6
13,49296829,4,0,
13,49297801,55,31,15
13,49298102,5,0,
13,49298233,3,0,
13,49298303,32,13,2
14,49172319,99,84,
14,49173107,169,40,
14,49173175,33,3,
14,49177765,34,17,
14,49178476,138,40,
14,49178868,30,6,
14,49179434,57,79,
14,49181584,67,25,
14,49182772,40,4,
14,49183917,101,50,
14,49184220,224,121,
14,49184755,864,932,
14,49184960,953,600,
14,49189457,443,105,
14,49191000,60,47,
14,49191130,72,64,
14,49192566,701,215,
14,49193533,30,2,
14,49194856,168,18,
14,49195231,1185,169,
14,49196581,112,57,
14,49196657,87,35,
14,49197565,168,77,
14,49198464,237,156,
14,49199346,702,548,
14,49201953,385,58,
14,49201970,945,721,
14,49202912,141,30,
14,49203105,222,36,
14,49203626,69,42,
14,49204173,36,9,
14,49204232,41,8,24
14,49204352,811,432,
14,49205082,126,27,
14,49206200,104,49,
14,49207236,516,497,
14,49208296,427,104,
14,49208393,220,63,
14,49208693,175,56,
14,49209132,81,31,
14,49209539,1102,1333,
14,49209918,435,68,
14,49210199,82,9,
14,49210740,35,6,
14,49211530,34,14,
14,49212449,116,29,
14,49213029,206,195,
14,49213111,33,44,
14,49213660,213,72,
14,49213754,535,382,
14,49214008,795,474,
14,49214098,434,112,
14,49215111,43,18,
14,49215117,20,8,
14,49215786,300,225,
14,49216946,354,166,
14,49218040,286,274,
14,49218190,51,11,
14,49218463,26,3,
14,49218514,21,0,
14,49219679,132,174,
14,49220126,448,130,
14,49220609,433,434,
14,49221169,38,9,
14,49221431,55,3,
14,49221668,440,167,
14,49221990,11,1,
14,49222189,935,583,
14,49222824,172,72,
14,49223082,514,294,
14,49223964,83,3,
14,49223965,213,88,
14,49224997,115,91,
14,49226563,128,137,
14,49226623,327,304,
14,49226636,540,252,
14,49226742,382,44,
14,49226923,261,167,
14,49227505,102,20,
14,49227610,41,9,
14,49227709,9,1,
14,49227718,111,84,
14,49228350,135,128,
14,49228426,57,72,
14,49229174,197,33,
14,49230022,105,86,
14,49230477,436,375,
14,49230514,164,106,
14,49230630,106,190,
14,49230891,121,19,
14,49231315,28,1,
14,49231490,78,5,7
14,49231809,292,69,
14,49232039,121,25,
14,49232138,667,594,
14,49232253,393,284,
14,49232312,91,13,
14,49232753,58,24,
14,49233423,318,1177,
14,49233448,189,91,
14,49234675,823,544,
14,49235349,174,211,
14,49235641,133,93,
14,49236596,30,71,
14,49236811,59,12,
14,49237292,8,7,
14,49237407,58,11,
14,49238050,151,31,
14,49238561,387,200,
14,49238818,192,63,
14,49238831,40,5,
14,49238851,213,89,
14,49239751,692,396,
14,49240615,65,34,
14,49241559,149,56,
14,49241679,1202,637,
14,49241846,240,59,
14,49241942,45,20,
14,49242287,35,17,
14,49242297,169,159,
14,49242475,79,30,
14,49242653,289,145,
14,49242698,151,73,
14,49242739,628,207,
14,49242867,31,11,8
14,49243029,192,111,
14,49243270,39,1,
14,49243397,233,198,
14,49243474,228,175,
14,49243687,106,23,
14,49243860,7,4,
14,49243880,640,601,
14,49244085,156,24,
14,49244250,68,14,
14,49244308,124,236,
14,49244339,107,40,
14,49244569,153,175,
14,49244696,28,1,
14,49245023,407,603,
14,49245251,187,72,
14,49245318,72,33,
14,49245421,43,9,
14,49245437,166,90,
14,49245491,190,80,
14,49245936,260,188,
14,49246057,77,51,
14,49246704,130,71,
14,49246804,527,182,
14,49247070,279,180,
14,49247477,222,113,
14,49247628,44,6,10
14,49248769,57,14,28
14,49249111,35,14,
14,49249523,107,55,2
14,49249555,171,62,
14,49250090,76,29,
14,49250109,448,418,
14,49250836,933,976,
14,49250894,152,60,
14,49251179,291,123,
14,49251411,667,758,
14,49251702,301,62,
14,49252179,439,98,
14,49252462,120,49,
14,49253721,73,49,
14,49254376,30,3,
14,49254788,20,1,
14,49254880,1058,508,
14,49254881,46,54,
14,49255496,383,516,
14,49255710,354,177,
14,49256057,196,30,
14,49257160,521,486,
14,49257377,560,403,
14,49257853,55,2,
14,49257876,694,306,
14,49258011,106,77,
14,49258085,92,46,14
14,49258202,105,102,
14,49258428,59,22,
14,49258764,168,89,
14,49259309,47,47,
14,49259339,305,42,
14,49259611,165,101,
14,49260250,191,538,
14,49260628,13,0,5
14,49261128,426,242,
14,49261133,436,530,
14,49261192,47,20,
14,49261417,132,22,
14,49261514,343,327,
14,49261895,117,36,
14,49261987,17,0,
14,49262172,56,76,
14,49262211,165,135,
14,49262811,182,25,
14,49263260,54,16,
14,49263340,261,136,
14,49263461,126,239,
14,49263497,663,290,
14,49264366,26,2,
14,49264583,72,33,
14,49264896,19,4,
14,49265031,65,7,
14,49265051,274,87,
14,49265879,210,159,
14,49266277,225,195,
14,49266921,105,31,
14,49267108,194,90,
14,49267362,12,2,
14,49267928,362,162,
14,49268564,475,203,
14,49269090,158,35,
14,49269429,153,148,
14,49269809,23,4,
14,49269818,478,340,
14,49269830,10,1,
14,49269917,12,0,
14,49270022,259,160,
14,49270027,9,0,
14,49270040,311,45,
14,49270194,20,0,
14,49270615,19,3,
14,49270621,181,146,
14,49270726,704,897,
14,49270761,9,0,
14,49270766,61,35,
14,49270779,23,0,
14,49270833,12,11,
14,49270953,509,142,
14,49271050,26,5,
14,49271105,43,2,
14,49271126,196,2,
14,49271382,6,2,
14,49271390,20,3,
14,49271423,11,1,
14,49271757,244,60,
14,49271994,980,905,
14,49272048,23,9,
14,49272132,50,0,
14,49272252,11,18,
14,49272264,15,7,
14,49272282,69,23,
14,49272341,4,0,
14,49272484,129,64,
14,49272549,333,68,
14,49272569,301,226,
14,49272620,117,51,
14,49272655,299,37,
14,49272747,9,2,
14,49272758,6,0,
14,49272784,29,8,
14,49272832,1192,229,
14,49272891,9,0,
14,49272986,7,0,
14,49273072,12,0,
14,49273113,7,1,
14,49273165,627,388,
14,49273175,111,35,
14,49273330,130,201,
14,49273346,5,3,
14,49273478,708,170,
14,49273848,11,2,
14,49273886,9,0,
14,49273922,32,8,
14,49273970,11,0,
14,49274018,66,10,
14,49274027,627,607,
14,49274160,6,1,
14,49274374,14,1,
14,49274420,31,1,
14,49274489,12,3,
14,49274600,1025,445,
14,49274672,47,6,
14,49274713,11,2,
14,49274757,169,383,
14,49274776,9,0,
14,49274854,70,66,
14,49274858,160,199,
14,49274894,57,16,
14,49274960,43,29,
14,49275132,108,23,
14,49275335,251,196,
14,49275385,339,409,
14,49276534,130,174,
14,49276574,668,250,
14,49276673,29,13,
14,49277288,17,0,
14,49277437,9,0,
14,49277799,158,51,
14,49277952,9,0,
14,49278916,7,2,
14,49279013,187,312,
14,49279197,67,25,
14,49279207,11,2,
14,49279311,7,2,
14,49279352,10,10,
14,49279500,9,3,
14,49279627,87,90,
14,49279628,14,9,
14,49279638,98,41,
14,49279739,4,0,
14,49279928,275,154,
14,49279949,12,0,
14,49279951,75,20,
14,49280047,103,30,
14,49280061,198,213,
14,49280088,7,2,
14,49280103,119,52,
14,49280184,36,13,
14,49280486,57,29,
14,49280558,26,7,
14,49280926,33,25,
14,49280945,35,4,
14,49281311,16,5,
14,49281352,6,0,
14,49281556,26,2,
14,49281675,24,7,
14,49281859,7,0,
14,49281916,459,315,
14,49281960,53,10,
14,49282344,4,1,
14,49282762,37,18,
14,49283063,104,74,
14,49283344,56,7,
14,49283485,15,6,
14,49283563,90,84,
14,49283944,15,4,
14,49284774,404,454,
14,49285105,5,0,
14,49285160,126,51,
14,49285244,703,284,13
14,49285268,62,57,
14,49285292,25,11,
14,49285327,210,91,
14,49285414,49,2,
14,49285418,366,208,23
14,49285631,9,1,
14,49285712,11,1,
14,49285741,11,4,
14,49285750,15,1,
14,49285770,359,174,
14,49285909,78,53,
14,49285948,11,1,
14,49285982,425,222,
14,49286003,3,0,
14,49286030,51,15,
14,49286039,4,11,
14,49286073,62,35,
14,49286172,23,5,
14,49286211,25,5,
14,49286270,136,148,
14,49286341,678,170,15
14,49286357,68,48,
14,49286390,12,2,
14,49286424,67,11,
14,49286485,192,89,
14,49286644,34,13,
14,49286654,44,68,
14,49286662,222,317,
14,49287153,134,169,
14,49287176,7,9,
14,49287362,4,0,
14,49287380,10,0,
14,49287555,5,1,
14,49287604,22,2,
14,49287609,10,5,
14,49287645,9,0,
14,49287766,8,1,
14,49287881,24,4,
14,49288011,10,2,
14,49288033,15,0,
14,49288051,39,11,
14,49288055,8,0,
14,49288092,5,0,
14,49288129,12,0,
14,49288138,8,0,
14,49288155,6,1,
14,49288198,10,0,
14,49288293,123,56,
14,49288296,64,16,
14,49288325,7,0,
14,49288551,5,0,
14,49288607,43,22,
14,49288664,13,0,
14,49288687,16,6,
14,49288778,23,5,
14,49288810,22,4,
14,49288844,9,0,
14,49288857,3,0,18
14,49288889,390,156,16
14,49288914,22,4,
14,49288918,6,0,
14,49288940,16,7,
14,49289026,65,15,
14,49289101,60,26,
14,49289112,921,464,5
14,49289133,6,1,
14,49289158,17,3,
14,49289236,7,1,
14,49289256,9,22,
14,49289260,66,31,
14,49289304,37,13,
14,49289340,14,1,
14,49289372,13,0,
14,49289374,8,0,
14,49289424,60,8,
14,49289465,264,135,22
14,49289512,394,221,20
14,49289516,12,1,
14,49289522,11,1,
14,49289532,215,197,30
14,49289585,71,56,
14,49289654,195,81,27
14,49289724,6,2,
14,49289844,668,262,9
14,49289898,22,1,
14,49290009,22,2,
14,49290043,14,5,
14,49290078,17,1,
14,49290095,10,3,
14,49290130,6,0,
14,49290139,4,0,
14,49290166,318,167,10
14,49290180,15,3,
14,49290215,241,196,
14,49290299,398,217,19
14,49290521,53,15,
14,49290545,29,10,
14,49290693,6,0,
14,49290713,12,28,
14,49290724,17,2,
14,49290751,30,5,
14,49290768,120,94,
14,49290785,16,5,
14,49290919,16,3,
14,49290969,115,58,
14,49290984,4,0,
14,49291196,15,1,
14,49291268,234,161,
14,49291665,6,0,
14,49291685,3,0,
14,49291782,46,1,
14,49291987,6,4,
14,49292385,13,1,
14,49292409,9,0,
14,49292471,6,2,
14,49292480,6,1,
14,49292567,62,71,
14,49292684,6,0,
14,49292855,12,3,
14,49292903,4,0,
14,49292932,121,91,
14,49292982,11,0,
14,49293087,139,41,
14,49293215,6,0,
14,49293261,14,1,
14,49293292,20,9,
14,49293294,160,37,
14,49293324,199,53,18
14,49293492,6,0,
14,49293523,42,16,21
14,49293908,9,1,
14,49293984,45,13,
14,49294025,96,25,
14,49294233,21,1,
14,49294341,4,0,
14,49294362,35,6,
14,49294383,11,4,
14,49294441,8,1,
14,49294502,41,10,
14,49294662,4,1,
14,49294674,14,0,
14,49294778,9,0,
14,49294784,7,0,
14,49294884,9,1,
14,49294997,794,402,1
14,49295148,7,7,
14,49295238,64,17,17
14,49295369,7,4,
14,49295508,5,1,
14,49295515,80,72,
14,49295681,3,1,
14,49295727,11,5,
14,49295759,3,0,
14,49295816,10,3,
14,49295872,30,17,
14,49295895,32,47,
14,49296044,8,0,
14,49296324,6,2,
14,49296376,7,4,
14,49296388,4,5,
14,49296432,5,0,
14,49296479,5,0,
14,49296511,6,3,
14,49296627,152,77,2
14,49296630,4,0,
14,49296740,321,304,6
14,49296812,4,2,
14,49296829,5,0,
14,49296902,19,4,26
14,49297469,20,8,13
14,49297637,26,10,6
14,49297801,147,175,4
14,49297996,9,2,10
14,49298088,12,1,7
14,49298102,5,0,
14,49298105,5,0,
14,49298233,5,1,
14,49298303,49,30,26
14,49298360,4,0,
14,49298910,69,25,3
15,49172319,99,84,
15,49173107,169,40,
15,49173175,33,3,
15,49175067,15,1,14
15,49177765,34,17,
15,49178476,138,40,
15,49178868,30,6,
15,49179434,57,79,
15,49181584,67,25,
15,49182772,40,4,
15,49183917,101,50,
15,49184220,224,121,
15,49184755,864,933,
15,49184960,953,600,
15,49189457,443,105,
15,49191000,60,47,
15,49191130,72,64,
15,49193533,30,2,
15,49194856,168,18,
15,49195231,1185,169,
15,49196581,112,57,
15,49196657,87,35,
15,49197565,168,77,
15,49198464,237,156,
15,49199346,702,548,
15,49201953,385,58,
15,49201970,945,721,
15,49202912,141,30,
15,49203105,222,36,
15,49204173,36,9,
15,49204232,44,9,
15,49204352,811,432,
15,49205082,126,27,
15,49206200,104,49,
15,49207236,516,497,
15,49208296,428,104,
15,49208393,220,63,
15,49208693,175,56,
15,49209132,81,31,
15,49209539,1103,1333,
15,49209918,435,68,
15,49210199,82,9,
15,49210740,35,6,
15,49211530,34,14,
15,49212449,116,29,
15,49213029,206,195,
15,49213111,33,44,
15,49213660,213,72,
15,49214008,795,474,
15,49215111,43,18,
15,49215117,20,8,
15,49215786,301,225,
15,49218040,288,274,
15,49218190,51,11,
15,49218463,26,3,
15,49218514,21,0,
15,49219679,132,174,
15,49220126,448,130,
15,49220609,433,434,
15,49221431,55,3,
15,49221668,440,167,
15,49221990,11,1,
15,49222189,936,583,
15,49222824,172,72,
15,49223082,514,294,
15,49223964,84,3,
15,49223965,213,88,
15,49224997,115,91,
15,49226563,128,137,
15,49226623,327,304,
15,49226636,540,252,
15,49226742,382,45,
15,49226923,261,167,
15,49227505,102,20,
15,49227610,41,9,
15,49227709,9,1,
15,49227718,111,84,
15,49228350,135,128,
15,49230022,105,86,
15,49230477,436,375,
15,49230514,164,106,
15,49230630,106,190,
15,49230891,121,19,
15,49231315,28,1,
15,49231490,86,5,20
15,49231809,292,69,
15,49232039,122,25,
15,49232138,667,594,
15,49232253,393,284,
15,49232312,91,13,
15,49232753,59,24,
15,49233423,318,1177,
15,49233448,189,91,
15,49235349,174,211,
15,49235641,133,93,
15,49236596,30,72,
15,49236811,59,12,
15,49237292,8,7,
15,49237407,58,11,
15,49238050,151,31,
15,49238561,387,200,
15,49238818,192,63,
15,49238831,40,5,
15,49238851,213,89,
15,49239751,692,396,
15,49240615,66,35,
15,49241559,149,56,
15,49241679,1202,637,
15,49241846,240,59,
15,49241942,45,20,
15,49242287,35,18,
15,49242297,169,159,
15,49242475,79,30,
15,49242653,289,145,
15,49242698,151,73,
15,49242739,628,207,
15,49242867,36,12,25
15,49243029,192,111,
15,49243270,39,1,
15,49243397,233,198,
15,49243474,228,175,
15,49243687,106,23,
15,49243860,7,4,
15,49243880,640,601,
15,49244085,156,24,
15,49244250,68,14,
15,49244308,124,236,
15,49244339,107,40,
15,49244696,28,1,
15,49245023,407,603,
15,49245251,187,72,
15,49245318,72,33,
15,49245437,166,90,
15,49245491,190,80,
15,49245936,260,188,
15,49246057,77,51,
15,49246704,130,71,
15,49246804,527,182,
15,49247070,279,180,
15,49247477,222,113,
15,49247628,48,6,21
15,49248769,58,14,
15,49249111,35,14,
15,49249523,135,64,5
15,49249555,171,62,
15,49250090,76,29,
15,49250109,448,418,
15,49250836,933,976,
15,49250894,152,60,
15,49251179,291,123,
15,49251411,667,758,
15,49251702,301,62,
15,49252179,439,98,
15,49252462,120,49,
15,49253721,73,49,
15,49254376,30,3,
15,49254880,1058,508,
15,49254881,46,54,
15,49255496,383,516,
15,49255710,354,177,
15,49256057,196,30,
15,49257160,521,486,
15,49257377,560,403,
15,49257853,55,2,
15,49257876,694,306,
15,49258011,106,77,
15,49258085,94,51,
15,49258202,105,102,
15,49258428,59,22,
15,49258764,168,89,
15,49259309,47,47,
15,49259339,305,42,
15,49259611,165,101,
15,49260250,191,538,
15,49260628,19,1,17
15,49261128,426,242,
15,49261133,436,530,
15,49261192,47,20,
15,49261417,132,22,
15,49261514,343,328,
15,49261895,117,36,
15,49261987,17,0,
15,49262172,56,76,
15,49262211,165,135,
15,49262811,182,25,
15,49263260,54,16,
15,49263340,261,136,
15,49263461,126,239,
15,49263497,663,290,
15,49264366,26,2,
15,49264583,72,33,
15,49264896,19,4,
15,49265031,65,7,
15,49265051,274,87,
15,49265879,210,159,
15,49266277,225,195,
15,49266921,105,31,
15,49267108,194,90,
15,49267362,12,2,
15,49267928,362,162,
15,49268564,475,204,
15,49269090,158,35,
15,49269429,153,148,
15,49269809,23,4,
15,49269818,478,340,
15,49269830,10,1,
15,49269917,12,0,
15,49270022,259,160,
15,49270040,311,45,
15,49270194,20,0,
15,49270615,19,3,
15,49270621,181,146,
15,49270726,705,900,
15,49270761,9,0,
15,49270766,61,35,
15,49270779,23,0,
15,49270833,12,11,
15,49270953,509,142,
15,49271050,26,5,
15,49271105,43,2,
15,49271126,196,3,
15,49271382,6,2,
15,49271390,20,3,
15,49271423,11,1,
15,49271757,244,60,
15,49271994,982,905,
15,49272048,23,9,
15,49272132,50,0,
15,49272252,11,18,
15,49272264,15,7,
15,49272282,70,23,
15,49272484,130,64,
15,49272549,333,68,
15,49272569,302,226,
15,49272620,117,51,
15,49272655,300,37,
15,49272747,9,2,
15,49272758,6,0,
15,49272784,29,8,
15,49272832,1193,229,
15,49272986,7,0,
15,49273165,630,392,
15,49273175,111,36,
15,49273330,131,201,
15,49273478,708,170,
15,49273848,12,2,
15,49273922,32,8,
15,49273970,11,0,
15,49274018,66,10,
15,49274027,627,609,
15,49274160,6,1,
15,49274374,14,1,
15,49274420,31,1,
15,49274489,12,3,
15,49274600,1026,445,
15,49274672,47,6,
15,49274757,170,383,
15,49274854,70,66,
15,49274858,160,199,
15,49274894,57,16,
15,49274960,43,29,
15,49275132,108,23,
15,49275335,251,196,
15,49275385,340,409,
15,49276534,130,174,
15,49276574,668,250,
15,49276673,29,13,
15,49277288,17,0,
15,49277437,9,0,
15,49277799,158,51,
15,49277952,10,0,
15,49278916,7,2,
15,49279013,187,312,
15,49279197,67,25,
15,49279207,11,2,
15,49279311,7,2,
15,49279352,10,10,
15,49279500,9,3,
15,49279627,88,91,
15,49279628,14,9,
15,49279638,99,47,
15,49279928,275,154,
15,49279949,12,0,
15,49279951,75,20,
15,49280047,103,30,
15,49280061,199,213,
15,49280088,8,2,
15,49280103,120,52,
15,49280184,36,13,
15,49280483,3,0,
15,49280486,57,29,
15,49280926,33,25,
15,49280945,35,4,
15,49281311,16,5,
15,49281352,6,0,
15,49281556,26,2,
15,49281675,24,7,
15,49281859,7,0,
15,49281916,459,315,
15,49281960,53,10,
15,49282344,4,1,
15,49282347,3,0,
15,49282762,37,18,
15,49283063,104,76,
15,49283344,56,7,
15,49283563,90,84,
15,49284528,3,0,
15,49284774,404,459,
15,49285096,4,0,
15,49285105,5,0,
15,49285160,126,51,
15,49285244,704,288,
15,49285268,62,57,
15,49285292,25,11,
15,49285327,211,91,
15,49285414,49,2,
15,49285418,369,211,
15,49285631,9,1,
15,49285712,11,1,
15,49285741,11,4,
15,49285750,15,1,
15,49285770,365,178,
15,49285909,78,53,
15,49285948,11,1,
15,49285982,427,224,
15,49286003,3,0,
15,49286030,51,15,
15,49286039,4,11,
15,49286073,62,35,
15,49286172,23,5,
15,49286211,25,5,
15,49286258,5,1,
15,49286270,136,149,
15,49286341,681,171,
15,49286357,68,48,
15,49286390,12,2,
15,49286424,67,11,
15,49286485,192,89,
15,49286644,34,13,
15,49286654,45,69,
15,49286662,224,319,
15,49287153,136,172,
15,49287176,7,9,
15,49287362,4,0,
15,49287380,10,0,
15,49287555,5,1,
15,49287604,22,2,
15,49287609,10,5,
15,49287645,9,1,
15,49287766,8,1,
15,49287881,25,4,
15,49288011,10,2,
15,49288033,15,0,
15,49288051,39,11,
15,49288055,8,0,
15,49288092,5,0,
15,49288129,12,0,
15,49288138,8,0,
15,49288155,6,1,
15,49288198,10,0,
15,49288293,124,58,
15,49288296,64,16,
15,49288325,7,0,
15,49288551,5,0,
15,49288607,43,23,
15,49288664,13,0,
15,49288687,16,6,
15,49288778,23,5,
15,49288810,22,4,
15,49288844,9,0,
15,49288857,4,0,29
15,49288889,394,159,28
15,49288896,4,5,
15,49288914,24,5,
15,49288940,16,7,
15,49289026,65,15,
15,49289101,61,26,
15,49289112,931,470,16
15,49289133,6,1,
15,49289158,17,3,
15,49289256,9,22,
15,49289260,67,32,
15,49289304,37,13,
15,49289340,14,1,
15,49289372,13,0,
15,49289424,60,8,
15,49289465,265,138,
15,49289512,398,228,
15,49289516,13,1,
15,49289532,216,199,
15,49289585,72,56,
15,49289654,196,84,
15,49289724,6,2,
15,49289844,671,262,22
15,49289898,22,1,
15,49290009,22,2,
15,49290043,14,5,
15,49290078,17,1,
15,49290095,10,3,
15,49290130,6,0,
15,49290139,4,0,
15,49290166,332,176,22
15,49290180,15,3,
15,49290215,243,204,
15,49290299,403,222,
15,49290521,53,15,
15,49290545,29,10,
15,49290693,6,0,
15,49290713,12,28,
15,49290724,17,2,
15,49290751,30,6,
15,49290768,120,95,
15,49290771,3,1,
15,49290785,18,5,
15,49290919,16,3,
15,49290969,115,58,
15,49290984,4,0,
15,49291196,15,1,
15,49291268,235,165,
15,49291665,6,0,
15,49291782,46,1,
15,49292385,13,1,
15,49292409,9,0,
15,49292471,6,2,
15,49292567,62,72,
15,49292684,6,0,
15,49292855,12,3,
15,49292903,4,0,
15,49292932,122,92,
15,49292982,11,0,
15,49293087,140,41,
15,49293215,6,0,
15,49293261,14,1,
15,49293292,20,9,
15,49293294,160,37,
15,49293324,202,55,30
15,49293492,6,0,
15,49293523,42,17,
15,49293894,5,1,
15,49293908,9,1,
15,49293984,47,15,
15,49294025,96,26,
15,49294233,21,1,
15,49294341,4,0,
15,49294362,35,7,
15,49294383,11,4,
15,49294441,8,1,
15,49294502,60,13,
15,49294662,5,1,
15,49294674,14,0,
15,49294778,9,0,
15,49294784,7,0,
15,49294884,9,1,
15,49294997,845,444,2
15,49295148,7,7,
15,49295238,67,17,
15,49295369,7,4,
15,49295508,5,1,
15,49295515,80,72,
15,49295681,3,1,
15,49295727,11,5,
15,49295759,3,0,
15,49295816,10,3,
15,49295872,30,17,
15,49295895,34,49,
15,49296044,8,0,
15,49296324,6,2,
15,49296376,8,4,
15,49296388,5,5,
15,49296432,5,0,
15,49296479,5,0,
15,49296511,6,3,
15,49296627,172,95,7
15,49296630,4,0,
15,49296740,356,350,22
15,49296812,4,2,
15,49296829,6,0,
15,49296902,33,14,26
15,49297469,48,22,12
15,49297637,46,29,9
15,49297801,159,195,
15,49297996,33,9,20
15,49298088,19,3,10
15,49298102,6,0,
15,49298105,5,0,
15,49298233,7,2,
15,49298303,49,32,
15,49298360,4,0,
15,49298759,9,0,
15,49298894,9,6,
15,49298910,135,106,3
15,49299000,5,1,14
15,49299016,5,2,
15,49299044,9,1,
15,49299081,18,9,8
15,49299102,7,2,16
15,49299155,6,1,
15,49299222,324,185,1
15,49299282,66,46,2
15,49299333,4,2,
15,49299364,3,0,30
15,49299391,7,1,
15,49299429,26,4,
15,49299463,3,1,
15,49299470,6,4,
15,49299483,3,0,
15,49299564,5,1,
15,49299592,5,0,
15,49299605,47,14,11
15,49299625,5,0,
15,49299647,12,2,
15,49299667,12,1,9
15,49299675,25,6,3
15,49299684,141,59,5
15,49299688,15,0,27
15,49299746,27,1,4
15,49299775,5,0,
15,49299808,4,1,
15,49299870,5,1,
16,49172319,99,84,
16,49173107,169,40,
16,49173175,33,3,
16,49175067,25,9,20
16,49177765,34,17,
16,49178476,138,40,
16,49179434,57,79,
16,49181584,67,25,
16,49182772,40,4,
16,49183917,101,50,
16,49184220,224,121,
16,49184755,864,933,
16,49184960,953,600,
16,49189457,443,105,
16,49191000,60,47,
16,49191130,72,64,
16,49193533,31,2,
16,49194856,168,18,
16,49195231,1185,169,
16,49196581,112,57,
16,49196657,87,35,
16,49197565,168,77,
16,49198464,237,156,
16,49199346,702,548,
16,49201953,385,58,
16,49201970,945,721,
16,49202912,141,30,
16,49203105,222,36,
16,49204173,36,9,
16,49204232,45,9,
16,49204352,811,432,
16,49205082,126,27,
16,49206200,104,49,
16,49207236,516,497,
16,49208296,428,104,
16,49208393,220,63,
16,49208693,175,56,
16,49209132,81,31,
16,49209539,1104,1333,
16,49209918,435,68,
16,49210199,82,9,
16,49210740,35,6,
16,49211375,6,0,19
16,49211530,34,14,
16,49212449,116,29,
16,49213029,206,195,
16,49213111,33,44,
16,49213660,213,72,
16,49214008,795,474,
16,49215111,43,18,
16,49215117,20,8,
16,49215786,301,225,
16,49218040,288,274,
16,49218190,51,11,
16,49218463,26,3,
16,49218514,21,0,
16,49219679,132,174,
16,49220126,448,130,
16,49220609,433,434,
16,49221431,56,3,
16,49221668,440,167,
16,49221990,11,1,
16,49222189,936,583,
16,49222824,172,72,
16,49223082,515,294,
16,49223964,84,3,
16,49223965,213,88,
16,49224997,115,91,
16,49226563,128,137,
16,49226623,327,304,
16,49226636,541,252,
16,49226742,382,45,
16,49226923,261,167,
16,49227505,102,20,
16,49227610,41,9,
16,49227709,9,1,
16,49227718,111,84,
16,49228350,135,128,
16,49230022,105,86,
16,49230477,436,376,
16,49230514,164,106,
16,49230891,121,19,
16,49231315,28,1,
16,49231490,94,7,23
16,49231809,292,69,
16,49232039,122,25,
16,49232138,667,594,
16,49232253,393,284,
16,49232312,91,13,
16,49232753,60,25,
16,49233423,318,1177,
16,49233448,189,91,
16,49235641,133,93,
16,49236596,30,73,
16,49236811,59,12,
16,49237292,8,7,
16,49238050,151,31,
16,49238561,387,200,
16,49238818,192,63,
16,49238831,41,5,
16,49238851,213,89,
16,49239751,692,396,
16,49240615,68,37,
16,49241559,149,56,
16,49241679,1202,637,
16,49241846,240,59,
16,49241942,45,20,
16,49242287,36,22,
16,49242297,169,159,
16,49242475,79,30,
16,49242653,289,145,
16,49242698,151,73,
16,49242739,629,208,
16,49242867,38,13,
16,49243029,192,111,
16,49243270,39,1,
16,49243397,233,198,
16,49243474,228,175,
16,49243687,106,24,
16,49243860,7,4,
16,49243880,640,601,
16,49244085,156,24,
16,49244250,68,14,
16,49244308,124,236,
16,49244339,107,40,
16,49244696,28,1,
16,49245023,407,603,
16,49245251,187,72,
16,49245318,72,33,
16,49245437,166,90,
16,49245491,190,80,
16,49245936,260,188,
16,49246057,77,51,
16,49246804,527,182,
16,49247070,279,180,
16,49247477,222,113,
16,49247628,58,6,27
16,49248769,60,14,
16,49249111,35,14,
16,49249523,154,71,9
16,49249555,171,62,
16,49250090,76,29,
16,49250109,448,419,
16,49250836,933,977,
16,49250894,152,60,
16,49251179,292,123,
16,49251411,667,758,
16,49251702,301,62,
16,49252179,439,98,
16,49252462,120,49,
16,49253721,73,49,
16,49254376,30,3,
16,49254880,1058,508,
16,49254881,46,54,
16,49255496,384,516,
16,49255710,355,177,
16,49256057,196,30,
16,49257160,521,486,
16,49257377,560,403,
16,49257853,55,2,
16,49257876,694,306,
16,49258011,106,77,
16,49258085,95,53,
16,49258428,59,22,
16,49258764,168,89,
16,49259309,47,48,
16,49259339,305,42,
16,49259611,165,101,
16,49260250,191,539,
16,49260628,19,1,
16,49261128,426,242,
16,49261133,436,532,
16,49261192,47,20,
16,49261417,132,22,
16,49261514,343,328,
16,49261895,117,36,
16,49262172,56,76,
16,49262211,165,135,
16,49262811,182,25,
16,49263260,54,16,
16,49263340,261,136,
16,49263461,128,239,
16,49263497,663,290,
16,49264366,26,2,
16,49264583,72,33,
16,49264896,19,4,
16,49265031,65,7,
16,49265051,274,87,
16,49265879,210,159,
16,49266277,225,195,
16,49266921,105,31,
16,49267108,194,90,
16,49267362,12,2,
16,49267928,362,162,
16,49268564,475,204,
16,49269090,159,35,
16,49269429,153,148,
16,49269809,23,4,
16,49269818,478,340,
16,49269830,10,1,
16,49269917,12,0,
16,49270022,259,160,
16,49270040,311,45,
16,49270194,20,0,
16,49270621,182,146,
16,49270726,706,901,
16,49270766,61,35,
16,49270779,23,0,
16,49270833,12,11,
16,49270953,509,142,
16,49271050,26,5,
16,49271105,43,2,
16,49271126,196,3,
16,49271390,20,3,
16,49271757,244,60,
16,49271994,982,906,
16,49272048,23,9,
16,49272132,50,0,
16,49272252,11,18,
16,49272264,15,7,
16,49272282,70,23,
16,49272484,130,64,
16,49272549,333,68,
16,49272569,302,226,
16,49272620,117,51,
16,49272655,300,37,
16,49272747,9,2,
16,49272758,6,0,
16,49272784,29,8,
16,49272832,1195,229,
16,49272986,7,0,
16,49273165,632,394,
16,49273175,111,36,
16,49273330,131,201,
16,49273478,709,170,
16,49273848,12,2,
16,49273922,32,9,
16,49273970,11,0,
16,49274018,66,10,
16,49274027,629,612,
16,49274160,6,1,
16,49274374,14,1,
16,49274420,31,1,
16,49274489,12,3,
16,49274600,1027,445,
16,49274672,47,6,
16,49274757,171,383,
16,49274854,70,67,
16,49274858,161,201,
16,49274894,57,16,
16,49275132,108,23,
16,49275335,252,196,
16,49275385,340,409,
16,49276534,130,174,
16,49276574,669,251,
16,49276673,29,13,
16,49277288,17,0,
16,49277437,9,0,
16,49277799,159,51,
16,49277952,10,0,
16,49278916,7,2,
16,49279013,187,313,
16,49279197,67,25,
16,49279207,11,2,
16,49279311,7,2,
16,49279352,10,10,
16,49279500,9,3,
16,49279627,88,92,
16,49279628,14,9,
16,49279638,99,47,
16,49279928,275,155,
16,49279949,12,0,
16,49279951,75,20,
16,49280047,103,30,
16,49280061,200,213,
16,49280088,8,2,
16,49280103,120,52,
16,49280184,36,13,
16,49280486,57,29,
16,49280945,35,4,
16,49281556,26,2,
16,49281675,24,7,
16,49281859,7,0,
16,49281916,460,315,
16,49281960,53,10,
16,49282344,4,1,
16,49282347,3,0,
16,49282762,37,18,
16,49283063,104,78,
16,49283344,56,7,
16,49283563,90,84,
16,49284528,3,0,
16,49284774,405,459,
16,49285096,4,0,
16,49285105,5,0,
16,49285160,126,51,
16,49285244,709,292,
16,49285268,63,57,
16,49285292,25,11,
16,49285327,212,93,
16,49285414,50,2,
16,49285418,370,213,
16,49285631,9,1,
16,49285712,11,1,
16,49285770,368,178,
16,49285909,78,53,
16,49285982,428,224,
16,49286003,3,0,
16,49286030,51,15,
16,49286039,4,11,
16,49286073,62,35,
16,49286172,23,5,
16,49286211,25,5,
16,49286258,5,1,
16,49286270,138,152,
16,49286341,684,171,
16,49286357,69,48,
16,49286424,68,11,
16,49286485,192,89,
16,49286644,34,13,
16,49286654,45,70,
16,49286662,224,319,
16,49287153,138,172,
16,49287176,7,9,
16,49287362,4,0,
16,49287380,10,0,
16,49287555,5,1,
16,49287604,23,2,
16,49287609,10,5,
16,49287645,9,1,
16,49287766,8,1,
16,49287881,25,5,
16,49288011,10,2,
16,49288033,15,0,
16,49288051,39,11,
16,49288055,8,0,
16,49288129,12,0,
16,49288138,8,0,
16,49288198,10,0,
16,49288293,124,58,
16,49288296,67,16,
16,49288551,5,0,
16,49288607,43,23,
16,49288664,13,0,
16,49288778,23,5,
16,49288857,6,0,
16,49288889,396,160,
16,49288896,4,5,
16,49288914,24,5,
16,49288940,16,7,
16,49289026,65,15,
16,49289101,62,26,
16,49289112,935,473,
16,49289133,6,1,
16,49289158,17,3,
16,49289256,9,22,
16,49289260,68,34,
16,49289304,37,13,
16,49289340,14,1,
16,49289372,13,0,
16,49289424,61,8,
16,49289465,268,138,
16,49289512,404,234,
16,49289516,13,1,
16,49289532,219,199,
16,49289585,74,56,
16,49289654,199,84,
16,49289724,6,2,
16,49289844,685,267,
16,49289898,22,1,
16,49290009,22,2,
16,49290043,14,5,
16,49290078,17,1,
16,49290095,10,3,
16,49290130,6,0,
16,49290139,4,0,
16,49290166,340,181,
16,49290180,15,3,
16,49290215,244,206,
16,49290299,406,228,
16,49290521,54,15,
16,49290545,29,11,
16,49290693,6,0,
16,49290713,13,29,
16,49290724,17,2,
16,49290751,30,6,
16,49290768,122,95,
16,49290771,3,1,
16,49290785,18,5,
16,49290919,16,3,
16,49290969,116,59,
16,49290984,4,0,
16,49291196,15,1,
16,49291268,237,169,
16,49291665,6,0,
16,49291782,46,1,
16,49292385,14,1,
16,49292409,9,0,
16,49292471,6,2,
16,49292567,62,72,
16,49292684,6,0,
16,49292855,13,3,
16,49292903,4,0,
16,49292932,124,93,
16,49292982,11,0,
16,49293087,144,41,
16,49293215,6,0,
16,49293261,14,1,
16,49293292,20,10,
16,49293294,161,37,
16,49293324,202,57,
16,49293492,6,0,
16,49293523,44,18,
16,49293894,5,1,
16,49293908,9,1,
16,49293984,47,15,
16,49294025,99,31,
16,49294233,22,1,
16,49294341,4,0,
16,49294362,39,7,
16,49294383,11,4,
16,49294441,8,1,
16,49294502,61,13,
16,49294662,5,1,
16,49294674,14,0,
16,49294778,9,0,
16,49294784,7,0,
16,49294884,9,1,
16,49294997,894,460,4
16,49295238,69,19,
16,49295369,7,4,
16,49295508,5,1,
16,49295515,80,73,
16,49295681,3,1,
16,49295727,13,5,
16,49295759,3,0,
16,49295816,10,3,
16,49295872,31,17,
16,49295895,34,49,
16,49296044,8,0,
16,49296324,6,2,
16,49296376,9,4,
16,49296388,5,5,
16,49296432,7,0,
16,49296479,6,0,
16,49296511,6,3,
16,49296595,3,5,
16,49296627,191,105,12
16,49296630,4,0,
16,49296740,386,382,26
16,49296812,4,2,
16,49296829,7,0,
16,49296902,37,22,30
16,49296979,4,0,
16,49297013,4,3,
16,49297469,64,40,16
16,49297637,69,42,15
16,49297680,4,0,
16,49297708,6,0,
16,49297723,5,0,
16,49297762,4,0,
16,49297801,166,215,
16,49297996,45,20,25
16,49298088,26,3,17
16,49298102,6,0,
16,49298105,5,0,
16,49298211,24,10,24
16,49298233,8,2,
16,49298303,50,33,
16,49298360,4,0,
16,49298674,4,1,
16,49298759,9,0,
16,49298894,11,8,
16,49298901,3,6,
16,49298910,189,147,7
16,49298918,4,0,
16,49298924,7,0,
16,49299016,7,2,
16,49299044,10,2,
16,49299081,46,19,8
16,49299102,19,3,19
16,49299155,6,1,
16,49299222,492,277,1
16,49299282,140,120,4
16,49299333,8,5,
16,49299364,18,6,22
16,49299391,7,1,
16,49299429,38,10,
16,49299463,3,1,
16,49299470,8,8,
16,49299483,3,0,
16,49299592,5,2,
16,49299605,93,17,1
16,49299647,18,3,
16,49299667,26,9,11
16,49299675,84,29,2
16,49299684,283,105,6
16,49299688,40,0,28
16,49299746,67,20,3
16,49299775,8,0,
16,49299808,5,1,
16,49299870,34,19,29
16,49299970,9,5,
16,49299974,6,0,
16,49299982,6,3,
16,49299985,18,12,12
16,49299990,18,1,
16,49300299,3,0,
16,49300314,23,9,6
16,49300368,6,5,
16,49300393,4,0,
16,49300411,20,23,10
16,49300419,4,0,20
16,49300474,6,0,
16,49300516,4,0,
16,49300615,10,2,9
16,49300671,40,7,15
16,49300759,24,2,5
16,49300784,4,0,
16,49300884,9,0,
16,49301029,5,4,
17,49172319,99,84,
17,49173107,169,40,
17,49173175,33,3,
17,49175067,35,13,26
17,49177765,34,17,
17,49179434,57,79,
17,49181584,67,25,
17,49182772,40,4,
17,49183917,101,50,
17,49184220,224,121,
17,49184960,953,600,
17,49189457,443,105,
17,49191000,60,47,
17,49191130,72,64,
17,49193533,31,2,
17,49194856,168,18,
17,49195231,1185,169,
17,49196581,112,57,
17,49196657,87,35,
17,49197565,168,77,
17,49198464,237,156,
17,49201953,385,58,
17,49201970,945,721,
17,49202912,141,30,
17,49204173,36,9,
17,49204232,47,9,
17,49204352,811,432,
17,49205082,126,27,
17,49206200,104,49,
17,49207236,516,497,
17,49208296,428,104,
17,49208393,220,63,
17,49208693,175,56,
17,49209539,1104,1333,
17,49209918,435,68,
17,49210199,82,9,
17,49210740,35,6,
17,49211375,28,2,11
17,49211530,34,14,
17,49212449,116,29,
17,49213029,206,195,
17,49213111,33,44,
17,49213660,213,72,
17,49214008,795,474,
17,49215111,43,18,
17,49215117,20,8,
17,49215786,301,225,
17,49218040,289,275,
17,49218190,51,11,
17,49218463,26,3,
17,49218514,21,0,
17,49219679,132,174,
17,49220126,448,130,
17,49221431,56,3,
17,49221668,440,167,
17,49221990,11,1,
17,49222189,937,583,
17,49222824,172,72,
17,49223082,515,294,
17,49223964,84,3,
17,49223965,213,88,
17,49224997,115,91,
17,49226563,128,137,
17,49226623,327,304,
17,49226636,541,252,
17,49226923,261,167,
17,49227505,103,20,
17,49227610,41,9,
17,49227709,9,1,
17,49227718,111,84,
17,49228350,135,128,
17,49230022,105,86,
17,49230477,436,376,
17,49230514,164,106,
17,49230891,121,19,
17,49231315,28,1,
17,49231490,98,7,
17,49231809,292,69,
17,49232039,122,25,
17,49232138,667,594,
17,49232253,393,284,
17,49232312,91,13,
17,49232753,60,25,
17,49233423,318,1178,
17,49233448,189,91,
17,49235641,133,93,
17,49236596,30,74,
17,49236811,59,12,
17,49238050,151,31,
17,49238561,387,200,
17,49238818,192,63,
17,49238831,41,5,
17,49238851,213,89,
17,49239751,692,396,
17,49240615,68,39,
17,49241559,149,56,
17,49241679,1202,637,
17,49241846,240,59,
17,49241942,45,20,
17,49242287,37,23,
17,49242297,169,159,
17,49242475,79,30,
17,49242653,289,145,
17,49242698,151,73,
17,49242739,629,208,
17,49242867,38,13,
17,49243029,192,111,
17,49243270,39,1,
17,49243397,233,198,
17,49243474,228,175,
17,49243687,106,24,
17,49243860,7,4,
17,49243880,640,601,
17,49244085,156,24,
17,49244308,124,237,
17,49244339,107,40,
17,49244696,29,1,
17,49245023,407,603,
17,49245251,187,72,
17,49245318,72,33,
17,49245437,166,90,
17,49245491,190,80,
17,49245936,260,188,
17,49246057,77,51,
17,49246804,527,182,
17,49247070,279,180,
17,49247477,222,113,
17,49247628,60,7,
17,49248769,61,15,
17,49249111,35,14,
17,49249523,168,71,15
17,49249555,171,62,
17,49250090,76,29,
17,49250109,448,419,
17,49250836,933,981,
17,49250894,152,60,
17,49251179,292,123,
17,49251411,667,758,
17,49251702,301,62,
17,49252179,439,98,
17,49252462,120,49,
17,49253721,73,49,
17,49254376,30,3,
17,49254880,1058,509,
17,49254881,46,54,
17,49255496,384,516,
17,49255710,355,177,
17,49256057,196,30,
17,49257160,521,486,
17,49257377,560,403,
17,49257853,55,2,
17,49257876,694,306,
17,49258011,106,77,
17,49258085,96,53,
17,49258428,59,22,
17,49258764,168,89,
17,49259309,47,48,
17,49259339,305,42,
17,49259611,165,101,
17,49260250,191,539,
17,49260628,20,1,
17,49261128,426,242,
17,49261133,436,533,
17,49261192,47,20,
17,49261417,132,22,
17,49261514,343,328,
17,49261895,117,36,
17,49262172,56,76,
17,49262211,165,135,
17,49262811,182,26,
17,49263260,54,16,
17,49263340,261,136,
17,49263461,128,240,
17,49263497,663,290,
17,49264366,26,2,
17,49264583,72,33,
17,49264896,19,4,
17,49265031,65,7,
17,49265051,274,87,
17,49265879,210,159,
17,49266277,225,195,
17,49266921,105,31,
17,49267108,194,90,
17,49267362,12,2,
17,49267928,362,162,
17,49268564,475,204,
17,49269090,159,35,
17,49269240,13,0,17
17,49269429,153,149,
17,49269809,23,4,
17,49269818,478,341,
17,49269830,10,1,
17,49269917,12,0,
17,49270022,259,160,
17,49270040,311,45,
17,49270194,20,0,
17,49270621,182,146,
17,49270726,706,902,
17,49270766,61,35,
17,49270779,23,0,
17,49270833,12,11,
17,49270953,509,142,
17,49271050,26,5,
17,49271105,43,2,
17,49271126,196,3,
17,49271390,20,3,
17,49271757,244,60,
17,49271994,982,908,
17,49272048,23,9,
17,49272132,50,0,
17,49272252,11,18,
17,49272264,15,7,
17,49272282,70,23,
17,49272484,130,64,
17,49272549,333,68,
17,49272569,302,226,
17,49272620,117,51,
17,49272655,300,38,
17,49272747,9,2,
17,49272784,29,8,
17,49272832,1196,232,
17,49273165,632,394,
17,49273175,111,36,
17,49273330,131,201,
17,49273478,709,170,
17,49273848,12,2,
17,49273922,32,10,
17,49273970,11,0,
17,49274018,66,10,
17,49274027,629,613,
17,49274420,31,1,
17,49274600,1027,445,
17,49274672,47,6,
17,49274757,171,385,
17,49274854,70,67,
17,49274858,161,201,
17,49274894,57,16,
17,49275132,108,23,
17,49275335,252,196,
17,49275385,341,410,
17,49276534,130,174,
17,49276574,669,253,
17,49276673,29,13,
17,49277288,17,0,
17,49277437,9,0,
17,49277799,159,51,
17,49277952,10,0,
17,49279013,187,313,
17,49279197,67,25,
17,49279207,11,2,
17,49279500,9,3,
17,49279627,88,92,
17,49279628,14,9,
17,49279638,99,49,
17,49279928,275,155,
17,49279949,12,0,
17,49279951,75,20,
17,49280047,103,30,
17,49280061,200,213,
17,49280088,8,2,
17,49280103,120,52,
17,49280184,36,13,
17,49280486,57,32,
17,49280945,35,4,
17,49281556,26,2,
17,49281675,24,7,
17,49281916,460,315,
17,49281960,53,10,
17,49282344,4,1,
17,49282347,3,0,
17,49282762,37,18,
17,49283063,104,78,
17,49283344,56,7,
17,49283563,90,84,
17,49284528,3,0,
17,49284774,405,461,
17,49285096,4,0,
17,49285105,5,0,
17,49285160,126,51,
17,49285244,710,292,
17,49285268,63,57,
17,49285292,25,11,
17,49285327,212,94,
17,49285414,50,2,
17,49285418,370,214,
17,49285631,9,1,
17,49285712,11,1,
17,49285770,370,184,
17,49285909,78,53,
17,49285982,428,226,
17,49286003,3,0,
17,49286030,51,15,
17,49286039,4,11,
17,49286073,62,35,
17,49286172,23,5,
17,49286211,25,5,
17,49286258,5,1,
17,49286270,138,153,
17,49286341,687,171,
17,49286357,69,48,
17,49286424,69,12,
17,49286485,194,89,
17,49286644,34,13,
17,49286654,45,70,
17,49286662,225,320,
17,49287153,139,176,
17,49287176,7,9,
17,49287362,4,0,
17,49287380,10,0,
17,49287555,5,1,
17,49287604,24,2,
17,49287609,10,5,
17,49287645,9,1,
17,49287766,8,1,
17,49287881,25,5,
17,49288011,10,2,
17,49288033,15,0,
17,49288051,39,11,
17,49288055,8,0,
17,49288129,12,0,
17,49288138,8,0,
17,49288198,10,0,
17,49288293,124,58,
17,49288296,67,16,
17,49288551,5,0,
17,49288607,43,23,
17,49288664,13,0,
17,49288778,23,5,
17,49288857,6,0,
17,49288889,397,160,
17,49288896,4,5,
17,49288914,24,5,
17,49288940,16,7,
17,49289026,65,15,
17,49289101,64,26,
17,49289112,938,476,
17,49289133,6,1,
17,49289158,17,3,
17,49289260,69,36,
17,49289304,37,13,
17,49289340,14,1,
17,49289372,13,0,
17,49289424,62,8,
17,49289465,270,139,
17,49289512,410,236,
17,49289516,13,1,
17,49289532,219,202,
17,49289585,76,56,
17,49289654,200,87,
17,49289724,6,2,
17,49289844,689,268,
17,49289898,22,2,
17,49290009,22,2,
17,49290043,14,5,
17,49290078,17,1,
17,49290095,10,4,
17,49290139,4,0,
17,49290166,344,186,
17,49290180,15,4,
17,49290215,245,208,
17,49290299,407,233,
17,49290521,54,15,
17,49290545,29,11,
17,49290693,6,0,
17,49290713,13,31,
17,49290724,17,2,
17,49290751,30,6,
17,49290768,122,96,
17,49290771,3,1,
17,49290785,18,5,
17,49290919,16,3,
17,49290969,116,59,
17,49290984,4,0,
17,49291196,15,1,
17,49291268,240,171,
17,49291665,6,0,
17,49291782,46,1,
17,49292385,14,1,
17,49292409,9,0,
17,49292471,6,2,
17,49292684,6,0,
17,49292855,13,3,
17,49292903,4,0,
17,49292932,124,93,
17,49292982,11,0,
17,49293087,145,42,
17,49293215,6,0,
17,49293261,15,1,
17,49293292,20,10,
17,49293294,161,39,
17,49293324,202,59,
17,49293523,44,18,
17,49293894,5,1,
17,49293908,9,1,
17,49293984,47,16,
17,49294025,102,33,
17,49294233,22,1,
17,49294341,4,0,
17,49294362,40,7,
17,49294383,11,4,
17,49294441,8,1,
17,49294502,61,13,
17,49294662,5,1,
17,49294674,14,0,
17,49294778,9,0,
17,49294784,7,0,
17,49294884,9,1,
17,49294997,924,466,5
17,49295238,70,19,
17,49295369,7,4,
17,49295508,5,1,
17,49295515,80,75,
17,49295681,3,1,
17,49295727,13,5,
17,49295759,3,0,
17,49295816,10,3,
17,49295872,32,18,
17,49296044,8,0,
17,49296324,6,2,
17,49296376,9,4,
17,49296388,5,5,
17,49296432,7,0,
17,49296479,6,0,
17,49296511,6,3,
17,49296595,3,6,
17,49296627,206,108,17
17,49296630,4,0,
17,49296724,39,34,
17,49296740,434,425,6
17,49296812,4,2,
17,49296829,7,0,
17,49296902,42,23,
17,49296979,4,0,
17,49297013,4,3,
17,49297469,70,52,
17,49297637,78,60,20
17,49297680,4,0,
17,49297708,9,0,
17,49297723,5,0,
17,49297762,6,0,
17,49297801,171,224,
17,49297996,53,31,
17,49298088,34,4,27
17,49298102,6,0,
17,49298105,5,0,
17,49298211,67,48,18
17,49298233,9,2,
17,49298303,50,36,
17,49298360,4,0,
17,49298674,7,0,
17,49298759,9,0,
17,49298894,13,9,
17,49298901,4,6,
17,49298910,222,168,10
17,49298918,4,0,
17,49298924,8,0,
17,49299016,7,2,
17,49299044,10,3,
17,49299081,59,24,13
17,49299102,24,4,23
17,49299155,8,1,
17,49299222,551,323,9
17,49299282,153,156,
17,49299333,10,8,
17,49299364,23,12,30
17,49299391,7,1,
17,49299429,43,13,
17,49299463,3,1,
17,49299470,12,8,
17,49299483,3,0,
17,49299592,5,2,
17,49299605,297,226,1
17,49299647,20,4,
17,49299667,36,11,19
17,49299675,141,50,2
17,49299684,291,4,
17,49299688,46,1,
17,49299746,97,27,4
17,49299775,9,0,
17,49299808,8,1,
17,49299870,49,27,
17,49299974,6,0,
17,49299982,6,4,
17,49299985,33,32,25
17,49299990,36,3,
17,49300299,3,0,
17,49300314,68,50,7
17,49300368,7,6,
17,49300393,8,0,
17,49300411,37,40,16
17,49300419,7,0,
17,49300474,7,0,
17,49300516,6,0,
17,49300568,34,4,8
17,49300615,20,12,9
17,49300671,106,39,11
17,49300680,4,0,
17,49300759,58,20,3
17,49300784,5,0,
17,49300800,20,4,14
17,49300884,18,2,
17,49300954,7,2,
17,49301029,7,17,
17,49301056,6,0,
17,49301104,5,0,30
17,49301215,6,0,26
17,49301239,5,0,
17,49301260,66,18,3
17,49301342,9,1,24
17,49301417,4,0,21
17,49301431,7,0,
17,49301519,5,1,
17,49301542,6,0,
17,49301569,3,0,
18,49172319,99,84,
18,49173107,169,40,
18,49173175,33,3,
18,49175067,57,18,25
18,49177765,34,17,
18,49179434,57,80,
18,49181584,67,25,
18,49182772,40,4,
18,49183917,101,50,
18,49184220,224,121,
18,49184960,953,600,
18,49189457,443,105,
18,49191000,60,47,
18,49191130,72,64,
18,49193533,31,2,
18,49194856,168,18,
18,49195231,1185,169,
18,49196581,112,57,
18,49196657,87,35,
18,49197565,168,77,
18,49198464,237,156,
18,49201953,385,58,
18,49201970,945,721,
18,49202912,141,30,
18,49204173,36,9,
18,49204232,48,9,
18,49204352,811,432,
18,49205082,126,27,
18,49206200,104,49,
18,49207236,516,497,
18,49208296,428,104,
18,49208393,220,63,
18,49208693,175,56,
18,49209539,1104,1333,
18,49209918,435,68,
18,49210199,82,9,
18,49210740,35,6,
18,49211375,46,7,10
18,49211530,34,14,
18,49212449,116,29,
18,49213029,206,195,
18,49213111,33,44,
18,49213660,213,72,
18,49214008,795,474,
18,49215111,43,18,
18,49215117,20,8,
18,49215786,301,226,
18,49218040,291,275,
18,49218190,51,11,
18,49218463,26,3,
18,49218514,21,0,
18,49219679,132,174,
18,49220126,448,130,
18,49221431,57,3,
18,49221668,440,167,
18,49221990,11,1,
18,49222189,938,583,
18,49222824,172,72,
18,49223082,515,294,
18,49223964,84,3,
18,49223965,213,88,
18,49224997,115,91,
18,49226563,128,137,
18,49226623,328,304,
18,49226636,541,252,
18,49226923,261,167,
18,49227505,103,20,
18,49227610,41,9,
18,49227709,9,1,
18,49227718,111,84,
18,49228350,135,128,
18,49230022,105,86,
18,49230477,436,376,
18,49230514,164,106,
18,49230891,121,19,
18,49231315,28,1,
18,49231490,102,7,30
18,49231809,292,69,
18,49232039,122,25,
18,49232138,667,594,
18,49232253,393,284,
18,49232312,91,13,
18,49232753,60,25,
18,49233423,318,1178,
18,49233448,189,91,
18,49235641,133,93,
18,49236596,30,74,
18,49236811,59,12,
18,49238050,151,31,
18,49238561,387,200,
18,49238818,192,63,
18,49238831,41,5,
18,49238851,213,89,
18,49239751,692,396,
18,49240615,68,41,
18,49241559,149,56,
18,49241679,1202,637,
18,49241846,240,59,
18,49241942,45,20,
18,49242287,38,23,
18,49242297,169,159,
18,49242475,79,30,
18,49242653,289,145,
18,49242698,152,73,
18,49242739,629,208,
18,49242867,39,15,
18,49243029,192,111,
18,49243270,39,1,
18,49243397,233,198,
18,49243474,228,175,
18,49243687,107,25,
18,49243860,7,4,
18,49243880,640,601,
18,49244085,156,24,
18,49244308,124,237,
18,49244339,107,40,
18,49244696,30,1,
18,49245023,407,603,
18,49245251,187,72,
18,49245318,72,33,
18,49245437,166,90,
18,49245491,190,80,
18,49245936,260,188,
18,49246057,77,51,
18,49246804,527,182,
18,49247070,279,180,
18,49247477,222,113,
18,49247628,63,8,
18,49248769,61,15,
18,49249111,35,14,
18,49249523,176,74,18
18,49249555,171,62,
18,49250090,76,29,
18,49250109,448,419,
18,49250836,933,981,
18,49250894,152,60,
18,49251179,292,123,
18,49251411,667,759,
18,49251702,301,62,
18,49252179,439,98,
18,49252462,120,49,
18,49253721,73,49,
18,49253831,12,1,15
18,49254376,30,3,
18,49254880,1058,509,
18,49254881,46,54,
18,49255496,384,516,
18,49255710,355,177,
18,49256057,197,30,
18,49257160,522,486,
18,49257377,560,403,
18,49257853,55,2,
18,49257876,694,306,
18,49258011,106,77,
18,49258085,97,53,
18,49258428,59,22,
18,49258764,168,89,
18,49259309,47,48,
18,49259339,305,42,
18,49259611,165,101,
18,49260250,191,541,
18,49260628,37,1,
18,49261128,426,242,
18,49261133,436,533,
18,49261192,47,20,
18,49261417,132,22,
18,49261514,343,328,
18,49261895,117,36,
18,49262172,56,76,
18,49262211,165,135,
18,49262811,182,26,
18,49263260,54,16,
18,49263340,261,137,
18,49263461,129,241,
18,49263497,663,291,
18,49264366,26,2,
18,49264583,72,33,
18,49264896,19,4,
18,49265031,65,7,
18,49265051,274,88,
18,49265879,210,159,
18,49266277,225,195,
18,49266921,105,31,
18,49267108,194,90,
18,49267362,12,2,
18,49267928,362,162,
18,49268564,475,204,
18,49269090,159,35,
18,49269240,28,3,9
18,49269429,154,149,
18,49269809,23,4,
18,49269818,478,341,
18,49269830,10,1,
18,49269917,12,0,
18,49270022,259,160,
18,49270040,312,45,
18,49270194,20,0,
18,49270621,182,146,
18,49270726,707,902,
18,49270766,61,35,
18,49270779,23,0,
18,49270953,509,142,
18,49271050,26,5,
18,49271105,43,2,
18,49271126,196,3,
18,49271390,20,3,
18,49271757,244,60,
18,49271994,982,912,
18,49272048,23,9,
18,49272132,50,0,
18,49272252,11,18,
18,49272264,15,7,
18,49272282,70,23,
18,49272484,130,64,
18,49272549,333,68,
18,49272569,302,226,
18,49272620,117,51,
18,49272655,300,38,
18,49272747,9,2,
18,49272784,29,8,
18,49272832,1196,232,
18,49273165,632,394,
18,49273175,111,36,
18,49273330,131,201,
18,49273478,709,170,
18,49273848,12,2,
18,49273922,32,10,
18,49273970,11,0,
18,49274018,66,10,
18,49274027,629,614,
18,49274420,31,1,
18,49274600,1027,446,
18,49274672,47,6,
18,49274757,171,385,
18,49274854,70,67,
18,49274858,162,201,
18,49274894,57,16,
18,49275132,108,23,
18,49275335,252,196,
18,49275385,341,413,
18,49276534,130,175,
18,49276574,671,254,
18,49276673,29,14,
18,49277288,17,0,
18,49277437,9,0,
18,49277799,159,51,
18,49277952,10,0,
18,49279013,188,313,
18,49279197,67,25,
18,49279207,11,2,
18,49279627,89,93,
18,49279628,14,9,
18,49279638,99,50,
18,49279928,275,155,
18,49279949,12,0,
18,49279951,75,20,
18,49280047,103,30,
18,49280061,200,214,
18,49280088,8,2,
18,49280103,120,52,
18,49280184,36,13,
18,49280486,57,32,
18,49280945,35,4,
18,49281556,26,2,
18,49281675,24,7,
18,49281916,461,315,
18,49281960,53,10,
18,49282762,37,18,
18,49283063,105,78,
18,49283344,56,7,
18,49283563,91,84,
18,49284528,3,0,
18,49284774,407,462,
18,49285096,4,0,
18,49285105,5,0,
18,49285160,126,51,
18,49285244,713,294,
18,49285268,63,57,
18,49285292,25,11,
18,49285327,212,94,
18,49285414,50,2,
18,49285418,371,215,
18,49285631,9,1,
18,49285770,371,188,
18,49285909,78,53,
18,49285982,429,226,
18,49286003,3,0,
18,49286030,51,15,
18,49286039,4,11,
18,49286073,62,35,
18,49286172,23,5,
18,49286211,25,5,
18,49286258,5,1,
18,49286270,139,154,
18,49286341,687,171,
18,49286357,69,48,
18,49286424,69,12,
18,49286485,194,90,
18,49286644,34,13,
18,49286654,45,70,
18,49286662,226,321,
18,49287153,139,178,
18,49287176,7,9,
18,49287362,4,0,
18,49287555,5,1,
18,49287604,24,2,
18,49287609,10,5,
18,49287645,9,1,
18,49287766,8,1,
18,49287881,25,5,
18,49288011,10,2,
18,49288033,15,0,
18,49288051,39,11,
18,49288055,8,0,
18,49288129,12,0,
18,49288138,8,0,
18,49288198,10,0,
18,49288293,125,58,
18,49288296,67,16,
18,49288551,5,0,
18,49288607,43,23,
18,49288664,13,0,
18,49288778,23,5,
18,49288857,6,0,
18,49288889,399,160,
18,49288896,4,5,
18,49288914,24,5,
18,49289026,65,15,
18,49289101,65,29,
18,49289112,938,478,
18,49289133,6,1,
18,49289158,17,3,
18,49289260,69,35,
18,49289304,37,13,
18,49289340,14,1,
18,49289372,13,0,
18,49289424,63,8,
18,49289465,270,140,
18,49289512,412,237,
18,49289532,219,203,
18,49289585,76,56,
18,49289654,200,88,
18,49289844,690,269,
18,49289898,22,2,
18,49290009,22,2,
18,49290043,14,5,
18,49290078,17,1,
18,49290095,10,4,
18,49290139,4,0,
18,49290166,347,187,
18,49290180,15,4,
18,49290215,245,208,
18,49290299,412,234,
18,49290521,54,15,
18,49290545,29,11,
18,49290693,6,0,
18,49290713,13,32,
18,49290724,17,2,
18,49290751,30,6,
18,49290768,122,97,
18,49290771,3,1,
18,49290785,18,5,
18,49290969,117,59,
18,49290984,4,0,
18,49291196,15,1,
18,49291268,240,172,
18,49291665,6,0,
18,49291782,46,1,
18,49292385,14,1,
18,49292409,9,0,
18,49292471,6,2,
18,49292855,13,3,
18,49292932,127,95,
18,49292982,11,0,
18,49293087,146,43,
18,49293215,6,0,
18,49293261,15,2,
18,49293292,21,10,
18,49293294,161,39,
18,49293324,203,59,
18,49293523,44,18,
18,49293894,5,1,
18,49293908,9,1,
18,49293984,47,16,
18,49294025,104,33,
18,49294233,22,1,
18,49294341,4,0,
18,49294362,41,7,
18,49294383,12,4,
18,49294441,8,1,
18,49294502,62,13,
18,49294662,5,1,
18,49294674,14,0,
18,49294778,9,0,
18,49294784,7,0,
18,49294884,9,1,
18,49294997,946,476,6
18,49295238,70,20,
18,49295369,7,4,
18,49295508,5,1,
18,49295515,81,76,
18,49295681,3,1,
18,49295727,13,5,
18,49295759,3,0,
18,49295816,10,3,
18,49295872,33,19,
18,49296044,9,0,
18,49296324,6,2,
18,49296376,9,5,
18,49296388,5,5,
18,49296432,7,0,
18,49296479,6,0,
18,49296511,6,3,
18,49296595,3,6,
18,49296627,213,112,19
18,49296630,4,0,
18,49296724,39,41,
18,49296740,512,471,5
18,49296812,4,2,
18,49296829,7,0,
18,49296902,46,31,
18,49296979,4,0,
18,49297013,4,3,
18,49297469,74,55,
18,49297637,92,68,26
18,49297680,4,0,
18,49297708,11,0,
18,49297723,5,0,
18,49297762,8,0,
18,49297801,174,229,
18,49297996,61,48,29
18,49298024,6,2,
18,49298088,38,4,25
18,49298102,6,0,
18,49298105,5,0,
18,49298211,79,73,28
18,49298233,9,2,
18,49298303,50,36,
18,49298360,4,0,
18,49298674,10,1,
18,49298759,9,0,
18,49298894,13,9,
18,49298901,5,9,
18,49298910,246,189,16
18,49298918,4,0,
18,49298924,8,0,
18,49299016,7,2,
18,49299044,10,3,
18,49299081,74,28,11
18,49299102,34,4,22
18,49299155,8,1,
18,49299222,581,340,12
18,49299282,159,170,
18,49299333,10,9,
18,49299364,33,13,29
18,49299391,7,1,
18,49299429,43,15,
18,49299463,3,1,
18,49299470,12,8,
18,49299483,3,0,
18,49299592,5,2,
18,49299605,431,309,1
18,49299647,20,4,
18,49299667,41,15,22
18,49299675,183,72,2
18,49299688,53,1,
18,49299746,120,33,6
18,49299775,9,0,
18,49299808,9,1,
18,49299870,57,40,
18,49299974,6,0,
18,49299982,6,4,
18,49299985,35,35,
18,49299990,41,3,
18,49300227,7,1,
18,49300299,3,0,
18,49300314,91,65,17
18,49300368,8,7,
18,49300393,9,1,
18,49300411,38,45,
18,49300419,8,0,
18,49300474,8,1,
18,49300516,8,0,
18,49300568,66,5,8
18,49300615,24,14,13
18,49300671,129,68,14
18,49300680,4,0,
18,49300759,92,35,4
18,49300784,5,0,
18,49300800,53,25,8
18,49300884,30,7,
18,49300991,7,0,
18,49301029,7,20,
18,49301050,5,0,
18,49301056,7,2,
18,49301104,6,0,
18,49301215,34,6,20
18,49301239,8,0,
18,49301260,207,117,2
18,49301342,15,1,18
18,49301417,10,0,15
18,49301431,9,1,
18,49301519,7,1,
18,49301542,9,0,
18,49301569,6,0,
18,49302468,14,7,
18,49302509,4,0,
18,49302634,4,0,
18,49302748,4,1,
19,49172319,99,84,
19,49173107,169,40,
19,49173175,33,3,
19,49175067,66,21,26
19,49177765,34,17,
19,49178476,138,40,
19,49179434,57,80,
19,49181584,67,25,
19,49182772,40,4,
19,49183917,101,50,
19,49184220,224,121,
19,49184960,953,600,
19,49189457,443,105,
19,49191000,60,47,
19,49191130,72,64,
19,49193533,31,2,
19,49194856,168,18,
19,49195231,1185,169,
19,49196581,112,58,
19,49196657,87,35,
19,49197565,168,77,
19,49198464,237,156,
19,49199346,704,548,
19,49201953,386,58,
19,49201970,945,721,
19,49202912,141,30,
19,49204173,36,9,
19,49204232,49,9,
19,49204352,811,432,
19,49205082,126,27,
19,49206200,104,49,
19,49207236,516,497,
19,49208296,428,104,
19,49208393,220,63,
19,49208693,175,56,
19,49209539,1104,1333,
19,49209918,435,68,
19,49210199,82,9,
19,49210740,35,6,
19,49211375,61,9,12
19,49211530,34,14,
19,49212449,116,29,
19,49213029,206,195,
19,49213111,33,44,
19,49213660,213,72,
19,49214008,795,474,
19,49215111,43,18,
19,49215117,20,8,
19,49215786,301,226,
19,49218040,291,276,
19,49218190,51,11,
19,49218463,26,3,
19,49218514,21,0,
19,49219679,132,174,
19,49220126,448,130,
19,49221431,57,3,
19,49221668,440,167,
19,49221990,11,1,
19,49222189,938,583,
19,49222824,172,72,
19,49223082,515,294,
19,49223964,85,3,
19,49223965,213,88,
19,49224997,115,91,
19,49226563,128,137,
19,49226623,328,304,
19,49226636,541,252,
19,49226923,261,167,
19,49227505,103,20,
19,49227610,41,9,
19,49227709,9,1,
19,49227718,111,84,
19,49228350,135,128,
19,49230022,105,86,
19,49230477,436,376,
19,49230514,164,106,
19,49230891,121,19,
19,49231315,28,1,
19,49231490,105,7,
19,49231809,292,69,
19,49232039,122,25,
19,49232138,667,594,
19,49232253,393,284,
19,49232312,91,13,
19,49232753,61,25,
19,49233423,318,1178,
19,49233448,189,92,
19,49235641,133,93,
19,49236596,30,74,
19,49236811,59,12,
19,49238050,151,31,
19,49238561,387,200,
19,49238818,192,63,
19,49238831,41,5,
19,49238851,213,89,
19,49239751,692,396,
19,49240615,68,41,
19,49241559,150,56,
19,49241679,1203,637,
19,49241846,240,59,
19,49241942,45,20,
19,49242287,38,24,
19,49242297,169,159,
19,49242475,79,30,
19,49242653,289,145,
19,49242698,153,73,
19,49242739,629,208,
19,49242867,40,16,
19,49243029,192,111,
19,49243270,39,1,
19,49243397,233,198,
19,49243474,228,175,
19,49243687,107,27,
19,49243860,7,4,
19,49243880,640,601,
19,49244085,156,24,
19,49244308,124,237,
19,49244339,107,40,
19,49244696,30,1,
19,49245023,407,603,
19,49245251,187,72,
19,49245318,72,33,
19,49245437,166,90,
19,49245491,190,80,
19,49245936,261,188,
19,49246057,77,51,
19,49246804,527,182,
19,49247070,279,180,
19,49247477,222,113,
19,49247628,65,8,
19,49248769,62,16,
19,49249111,35,14,
19,49249523,184,75,18
19,49249555,171,62,
19,49250090,76,29,
19,49250109,449,419,
19,49250836,933,981,
19,49250894,152,60,
19,49251179,292,123,
19,49251411,667,759,
19,49251702,301,62,
19,49252179,439,98,
19,49252462,120,49,
19,49253721,73,49,
19,49253831,16,7,15
19,49254376,30,3,
19,49254880,1058,509,
19,49254881,46,54,
19,49255496,384,516,
19,49255710,355,177,
19,49256057,197,30,
19,49257160,522,486,
19,49257377,560,403,
19,49257853,55,2,
19,49257876,694,306,
19,49258011,106,77,
19,49258085,98,54,
19,49258428,59,22,
19,49258764,168,89,
19,49259309,47,48,
19,49259339,305,42,
19,49259611,165,101,
19,49260250,192,544,
19,49260628,37,1,
19,49261128,426,242,
19,49261133,436,533,
19,49261192,47,20,
19,49261417,132,22,
19,49261514,343,328,
19,49261895,117,36,
19,49262172,56,76,
19,49262211,165,135,
19,49262811,182,26,
19,49263260,54,16,
19,49263340,261,137,
19,49263461,129,241,
19,49263497,663,291,
19,49264366,26,2,
19,49264583,72,33,
19,49264896,19,4,
19,49265031,65,7,
19,49265051,274,88,
19,49265879,210,159,
19,49266277,225,197,
19,49266921,105,31,
19,49267108,194,90,
19,49267362,12,2,
19,49267928,362,162,
19,49268564,475,204,
19,49269090,159,35,
19,49269240,32,4,19
19,49269429,154,149,
19,49269809,28,5,19
19,49269818,478,341,
19,49269830,10,1,
19,49269917,12,0,
19,49270022,259,160,
19,49270040,312,45,
19,49270194,20,0,
19,49270621,182,146,
19,49270726,707,903,
19,49270766,61,35,
19,49270779,23,0,
19,49270953,509,142,
19,49271050,26,5,
19,49271105,43,2,
19,49271126,196,3,
19,49271390,20,3,
19,49271757,244,60,
19,49271994,982,914,
19,49272048,23,9,
19,49272132,50,0,
19,49272252,11,18,
19,49272264,15,7,
19,49272282,70,23,
19,49272484,130,64,
19,49272549,333,68,
19,49272569,302,226,
19,49272620,117,51,
19,49272655,300,38,
19,49272747,9,2,
19,49272784,29,8,
19,49272832,1196,232,
19,49273165,632,394,
19,49273175,111,36,
19,49273330,131,201,
19,49273478,709,170,
19,49273848,12,2,
19,49273922,32,10,
19,49273970,11,0,
19,49274018,66,10,
19,49274027,629,614,
19,49274420,31,1,
19,49274600,1027,446,
19,49274672,47,6,
19,49274757,171,385,
19,49274854,70,67,
19,49274858,162,201,
19,49275132,108,23,
19,49275335,252,196,
19,49275385,341,413,
19,49276534,130,176,
19,49276574,672,254,
19,49276673,29,14,
19,49277288,17,0,
19,49277437,9,0,
19,49277799,159,51,
19,49277952,10,0,
19,49279013,188,313,
19,49279197,67,25,
19,49279207,11,2,
19,49279627,89,96,
19,49279628,14,9,
19,49279638,99,50,
19,49279928,275,155,
19,49279949,12,0,
19,49279951,75,20,
19,49280047,103,30,
19,49280061,200,214,
19,49280088,8,2,
19,49280103,120,52,
19,49280184,36,13,
19,49280486,57,32,
19,49281556,26,2,
19,49281675,24,7,
19,49281916,461,315,
19,49281960,53,10,
19,49282762,37,18,
19,49283063,105,78,
19,49283344,56,7,
19,49283563,91,84,
19,49284528,3,0,
19,49284774,407,462,
19,49285096,4,0,
19,49285105,5,0,
19,49285160,126,51,
19,49285244,716,294,
19,49285268,63,57,
19,49285292,25,11,
19,49285327,213,94,
19,49285414,50,2,
19,49285418,372,217,
19,49285631,9,1,
19,49285770,372,189,
19,49285909,78,53,
19,49285982,430,226,
19,49286003,3,0,
19,49286030,51,15,
19,49286039,4,11,
19,49286073,62,35,
19,49286172,23,5,
19,49286211,25,5,
19,49286258,5,1,
19,49286270,140,157,
19,49286341,687,171,
19,49286357,69,48,
19,49286424,69,12,
19,49286485,194,90,
19,49286644,34,13,
19,49286654,45,70,
19,49286662,226,321,
19,49287153,139,179,
19,49287176,7,11,
19,49287362,4,0,
19,49287555,5,1,
19,49287604,24,2,
19,49287609,10,5,
19,49287645,9,1,
19,49287766,8,1,
19,49287881,25,5,
19,49288011,10,2,
19,49288033,15,0,
19,49288051,39,11,
19,49288055,8,0,
19,49288138,8,0,
19,49288198,10,0,
19,49288293,125,58,
19,49288296,67,16,
19,49288551,5,0,
19,49288607,43,23,
19,49288664,13,0,
19,49288778,23,5,
19,49288857,6,0,
19,49288889,400,160,
19,49288896,4,5,
19,49288914,24,5,
19,49289026,65,15,
19,49289101,65,30,
19,49289112,938,478,
19,49289133,6,1,
19,49289158,17,3,
19,49289260,69,35,
19,49289304,37,13,
19,49289340,14,1,
19,49289372,13,0,
19,49289424,63,8,
19,49289465,270,140,
19,49289512,413,237,
19,49289532,220,204,
19,49289585,76,57,
19,49289654,201,89,
19,49289844,692,269,
19,49289898,22,2,
19,49290009,22,2,
19,49290043,14,5,
19,49290078,17,1,
19,49290095,10,4,
19,49290139,4,0,
19,49290166,351,189,
19,49290180,15,4,
19,49290215,245,210,
19,49290299,414,235,
19,49290521,54,15,
19,49290545,29,11,
19,49290693,6,0,
19,49290713,13,32,
19,49290724,17,2,
19,49290751,30,6,
19,49290768,123,99,
19,49290771,3,1,
19,49290785,18,5,
19,49290969,117,59,
19,49290984,4,0,
19,49291196,15,1,
19,49291268,240,172,
19,49291665,6,0,
19,49291782,46,1,
19,49292385,14,1,
19,49292409,9,0,
19,49292471,6,2,
19,49292855,13,3,
19,49292932,128,95,
19,49292982,11,0,
19,49293087,147,43,
19,49293215,6,0,
19,49293261,15,2,
19,49293292,21,10,
19,49293294,162,39,
19,49293324,203,59,
19,49293523,44,18,
19,49293894,5,1,
19,49293908,9,1,
19,49293984,47,16,
19,49294025,105,38,
19,49294233,22,1,
19,49294362,41,7,
19,49294383,12,4,
19,49294502,62,13,
19,49294662,5,1,
19,49294674,14,0,
19,49294778,10,0,
19,49294784,7,0,
19,49294884,9,1,
19,49294997,969,483,6
19,49295238,70,22,
19,49295369,7,4,
19,49295508,5,1,
19,49295515,83,79,
19,49295681,3,1,
19,49295727,13,5,
19,49295759,3,0,
19,49295816,10,3,
19,49296044,9,0,
19,49296324,6,2,
19,49296376,9,5,
19,49296388,5,5,
19,49296432,7,0,
19,49296511,6,3,
19,49296595,4,6,
19,49296627,223,117,16
19,49296630,4,0,
19,49296724,39,41,
19,49296740,578,530,5
19,49296812,4,2,
19,49296829,7,0,
19,49296902,51,31,
19,49296979,4,0,
19,49297013,4,3,
19,49297469,76,59,
19,49297637,105,76,27
19,49297680,5,0,
19,49297708,13,3,
19,49297723,5,0,
19,49297762,9,0,
19,49297801,178,234,
19,49297996,66,50,
19,49298024,8,3,
19,49298088,40,5,30
19,49298105,5,0,
19,49298211,83,80,
19,49298233,9,2,
19,49298303,51,36,
19,49298360,4,0,
19,49298674,10,2,
19,49298759,9,0,
19,49298901,6,9,
19,49298910,266,199,23
19,49298918,4,0,
19,49298924,8,0,
19,49299016,8,2,
19,49299044,11,3,
19,49299081,86,38,13
19,49299102,40,6,25
19,49299155,8,2,
19,49299222,623,357,14
19,49299282,161,173,
19,49299333,10,9,
19,49299364,43,16,29
19,49299391,7,1,
19,49299429,43,15,
19,49299463,3,1,
19,49299470,13,8,
19,49299483,3,0,
19,49299592,5,2,
19,49299605,562,375,1
19,49299647,20,4,
19,49299667,49,15,27
19,49299675,210,92,3
19,49299688,56,3,
19,49299746,130,39,8
19,49299775,9,0,
19,49299808,10,1,
19,49299870,58,45,
19,49299974,7,0,
19,49299982,6,4,
19,49299985,36,36,
19,49299990,41,3,
19,49300129,10,3,
19,49300227,7,1,
19,49300299,3,0,
19,49300314,129,84,6
19,49300368,8,8,
19,49300393,10,1,
19,49300411,39,45,
19,49300419,10,0,
19,49300474,8,1,
19,49300516,9,1,
19,49300568,89,10,10
19,49300615,28,15,22
19,49300671,148,92,17
19,49300680,4,0,
19,49300759,125,50,4
19,49300784,5,0,
19,49300800,79,49,9
19,49300884,37,10,
19,49300991,11,0,
19,49301029,7,21,
19,49301050,5,0,
19,49301056,7,4,
19,49301104,7,0,
19,49301215,44,8,20
19,49301239,9,0,
19,49301260,330,236,2
19,49301417,14,0,21
19,49301431,10,1,
19,49301519,7,1,
19,49301542,10,0,
19,49301569,7,0,
19,49302468,29,13,
19,49302509,4,0,
19,49302572,5,0,
19,49302748,6,7,
19,49302943,11,1,
19,49303027,9,6,11
19,49303046,11,3,17
19,49303202,22,6,
19,49303237,3,0,15
19,49303350,9,4,12
19,49303384,11,3,
19,49303433,11,1,5
19,49303452,3,0,
19,49303487,3,0,
19,49303500,5,0,
19,49303592,6,2,
20,49172319,99,84,
20,49173107,169,40,
20,49173175,33,3,
20,49175067,72,22,
20,49177765,34,17,
20,49179434,57,80,
20,49181584,67,25,
20,49182772,40,4,
20,49183917,101,50,
20,49184220,224,121,
20,49184960,953,600,
20,49189457,443,105,
20,49191000,60,47,
20,49191130,72,64,
20,49193533,31,2,
20,49194856,168,18,
20,49195231,1185,169,
20,49196581,112,58,
20,49196657,87,35,
20,49197565,168,77,
20,49198464,237,156,
20,49201953,386,58,
20,49201970,945,721,
20,49202912,141,30,
20,49204173,36,9,
20,49204232,50,9,
20,49204352,811,432,
20,49205082,126,27,
20,49206200,104,49,
20,49208296,428,104,
20,49208393,220,63,
20,49208693,175,56,
20,49209539,1104,1333,
20,49209918,435,68,
20,49210199,82,9,
20,49210740,35,6,
20,49211375,67,12,12
20,49211530,34,14,
20,49212449,116,29,
20,49213111,33,44,
20,49213660,213,72,
20,49214008,795,474,
20,49215111,43,18,
20,49215117,20,8,
20,49215786,301,226,
20,49218040,293,277,
20,49218190,51,11,
20,49218463,26,3,
20,49218514,21,0,
20,49219679,132,174,
20,49220126,448,130,
20,49221431,57,3,
20,49221990,11,1,
20,49222189,938,583,
20,49222824,172,72,
20,49223082,515,294,
20,49223964,85,3,
20,49223965,213,88,
20,49224997,115,91,
20,49226563,128,137,
20,49226623,328,304,
20,49226636,541,252,
20,49226923,261,167,
20,49227505,103,20,
20,49227610,41,9,
20,49227709,9,1,
20,49227718,111,84,
20,49228350,135,128,
20,49230022,105,86,
20,49230477,436,376,
20,49230514,164,106,
20,49230891,121,19,
20,49231315,28,1,
20,49231490,107,7,
20,49231809,292,69,
20,49232039,122,25,
20,49232138,667,594,
20,49232253,393,284,
20,49232312,91,13,
20,49232753,62,25,
20,49232870,15,1,11
20,49233448,189,92,
20,49235641,133,93,
20,49236596,30,74,
20,49236811,59,12,
20,49238050,151,31,
20,49238818,192,63,
20,49238831,41,5,
20,49238851,213,89,
20,49239751,692,396,
20,49240615,70,43,
20,49241559,150,56,
20,49241679,1203,637,
20,49241846,240,59,
20,49241942,45,20,
20,49242287,38,24,
20,49242297,169,159,
20,49242475,79,30,
20,49242653,289,145,
20,49242698,153,73,
20,49242739,629,208,
20,49242867,41,16,
20,49243029,192,111,
20,49243270,39,1,
20,49243397,233,198,
20,49243474,228,175,
20,49243687,107,27,
20,49243860,7,4,
20,49243880,640,601,
20,49244085,156,24,
20,49244308,124,237,
20,49244339,107,40,
20,49244696,30,1,
20,49245023,407,603,
20,49245251,187,72,
20,49245318,72,33,
20,49245437,166,90,
20,49245491,190,80,
20,49245936,261,188,
20,49246057,77,51,
20,49246804,527,182,
20,49247070,279,180,
20,49247477,222,113,
20,49247628,66,9,
20,49248769,63,15,
20,49249523,193,80,22
20,49249555,171,62,
20,49250090,76,29,
20,49250109,449,419,
20,49250836,933,982,
20,49250894,152,60,
20,49251179,292,123,
20,49251411,667,759,
20,49251702,301,62,
20,49252179,439,98,
20,49252462,120,49,
20,49253721,73,49,
20,49253831,20,9,25
20,49254376,30,3,
20,49254880,1058,510,
20,49254881,46,54,
20,49255496,384,517,
20,49255710,355,177,
20,49256057,197,30,
20,49257160,522,487,
20,49257377,560,403,
20,49257853,55,2,
20,49257876,694,306,
20,49258011,106,77,
20,49258085,98,56,
20,49258428,59,22,
20,49258764,168,89,
20,49259309,47,48,
20,49259339,305,42,
20,49259611,165,101,
20,49260250,192,544,
20,49260628,37,1,
20,49261128,426,242,
20,49261133,437,533,
20,49261192,47,20,
20,49261417,132,22,
20,49261514,343,328,
20,49261895,117,36,
20,49262172,56,76,
20,49262211,165,135,
20,49262811,182,26,
20,49263260,54,16,
20,49263340,261,137,
20,49263461,129,241,
20,49263497,663,291,
20,49264366,26,2,
20,49264583,72,33,
20,49264896,19,4,
20,49265031,65,7,
20,49265051,274,88,
20,49265879,210,159,
20,49266277,225,203,
20,49266921,105,31,
20,49267108,194,90,
20,49267362,12,2,
20,49267928,362,162,
20,49268564,475,204,
20,49269090,159,35,
20,49269240,42,6,23
20,49269429,154,149,
20,49269809,38,9,16
20,49269818,478,341,
20,49269830,10,1,
20,49269917,12,0,
20,49270022,259,160,
20,49270040,312,45,
20,49270194,20,0,
20,49270621,182,146,
20,49270726,709,903,
20,49270766,61,35,
20,49270779,23,0,
20,49270953,509,142,
20,49271050,26,5,
20,49271105,43,2,
20,49271126,196,4,
20,49271390,20,3,
20,49271757,244,60,
20,49271994,983,914,
20,49272048,23,9,
20,49272132,50,0,
20,49272264,15,7,
20,49272282,70,23,
20,49272484,130,64,
20,49272549,333,68,
20,49272569,302,226,
20,49272620,117,51,
20,49272655,300,38,
20,49272747,9,2,
20,49272784,29,8,
20,49272832,1197,232,
20,49273165,632,394,
20,49273175,111,36,
20,49273330,131,201,
20,49273478,709,170,
20,49273848,12,2,
20,49273922,32,10,
20,49273970,11,0,
20,49274018,66,10,
20,49274027,629,614,
20,49274420,31,1,
20,49274600,1027,446,
20,49274672,47,6,
20,49274757,171,387,
20,49274854,70,67,
20,49274858,162,202,
20,49275132,108,23,
20,49275335,252,197,
20,49275385,341,413,
20,49276534,130,176,
20,49276574,672,254,
20,49276673,29,14,
20,49277288,17,0,
20,49277437,9,0,
20,49277799,159,51,
20,49277952,10,0,
20,49279013,188,314,
20,49279197,67,25,
20,49279207,11,2,
20,49279627,89,95,
20,49279628,14,9,
20,49279638,99,51,
20,49279928,275,155,
20,49279949,12,0,
20,49279951,75,20,
20,49280047,103,30,
20,49280061,200,214,
20,49280103,121,52,
20,49280184,36,13,
20,49280486,57,32,
20,49281675,24,7,
20,49281916,461,316,
20,49281960,53,10,
20,49283063,106,79,
20,49283344,56,7,
20,49283563,92,85,
20,49284528,3,0,
20,49284774,408,465,
20,49285096,4,0,
20,49285105,5,0,
20,49285160,126,51,
20,49285244,717,296,
20,49285268,63,57,
20,49285292,25,11,
20,49285327,214,94,
20,49285414,50,2,
20,49285418,374,217,
20,49285631,9,1,
20,49285770,374,191,
20,49285909,78,53,
20,49285982,430,226,
20,49286003,3,0,
20,49286030,51,15,
20,49286039,4,11,
20,49286073,62,35,
20,49286172,23,5,
20,49286211,25,5,
20,49286258,6,1,
20,49286270,141,159,
20,49286341,689,174,
20,49286357,69,48,
20,49286424,69,12,
20,49286485,194,90,
20,49286644,34,13,
20,49286654,45,70,
20,49286662,226,322,
20,49287153,139,181,
20,49287176,7,11,
20,49287362,4,0,
20,49287555,5,1,
20,49287604,25,2,
20,49287609,10,5,
20,49287645,9,1,
20,49287766,8,1,
20,49287881,25,5,
20,49288011,10,2,
20,49288033,15,0,
20,49288051,39,11,
20,49288055,8,0,
20,49288138,8,0,
20,49288198,10,0,
20,49288293,125,58,
20,49288296,67,16,
20,49288551,5,0,
20,49288607,43,23,
20,49288664,13,0,
20,49288778,23,5,
20,49288857,6,0,
20,49288889,401,160,
20,49288896,4,5,
20,49288914,24,5,
20,49289026,65,15,
20,49289101,65,30,
20,49289112,942,480,
20,49289133,6,1,
20,49289260,69,35,
20,49289304,37,13,
20,49289340,14,1,
20,49289372,13,0,
20,49289424,63,8,
20,49289465,270,142,
20,49289512,417,238,
20,49289532,220,206,
20,49289585,76,57,
20,49289654,201,89,
20,49289844,694,269,
20,49289898,22,2,
20,49290009,22,2,
20,49290043,14,5,
20,49290078,17,1,
20,49290095,10,4,
20,49290139,4,0,
20,49290166,353,190,
20,49290180,15,4,
20,49290215,245,215,
20,49290299,416,235,
20,49290521,54,15,
20,49290545,29,11,
20,49290713,13,32,
20,49290724,17,2,
20,49290751,30,6,
20,49290768,123,99,
20,49290771,3,1,
20,49290785,18,5,
20,49290969,117,59,
20,49290984,4,0,
20,49291196,15,1,
20,49291268,240,173,
20,49291665,6,0,
20,49291782,46,1,
20,49292385,14,1,
20,49292409,9,0,
20,49292471,6,2,
20,49292855,13,3,
20,49292932,129,95,
20,49292982,11,0,
20,49293087,147,43,
20,49293215,6,0,
20,49293261,15,2,
20,49293292,21,10,
20,49293294,162,39,
20,49293324,203,61,
20,49293523,44,18,
20,49293894,5,1,
20,49293908,9,1,
20,49293984,47,16,
20,49294025,105,39,
20,49294233,22,1,
20,49294362,43,7,
20,49294383,12,4,
20,49294502,62,13,
20,49294662,5,1,
20,49294674,14,0,
20,49294778,10,0,
20,49294784,7,0,
20,49294884,9,1,
20,49294997,983,491,5
20,49295238,71,22,
20,49295369,7,4,
20,49295508,5,1,
20,49295515,83,79,
20,49295681,3,1,
20,49295727,13,5,
20,49295759,3,0,
20,49295816,10,3,
20,49296044,9,0,
20,49296324,6,2,
20,49296376,9,5,
20,49296388,5,5,
20,49296432,7,0,
20,49296511,6,3,
20,49296595,4,6,
20,49296627,230,122,21
20,49296630,4,0,
20,49296740,612,577,4
20,49296812,5,2,
20,49296829,7,0,
20,49296902,60,35,
20,49296979,4,0,
20,49297013,4,3,
20,49297469,77,63,
20,49297637,112,80,25
20,49297680,5,0,
20,49297708,14,3,
20,49297723,5,0,
20,49297762,9,0,
20,49297801,181,236,
20,49297996,66,51,
20,49298024,10,3,
20,49298088,41,5,
20,49298211,89,81,
20,49298233,9,2,
20,49298303,51,37,
20,49298674,11,3,
20,49298759,9,0,
20,49298901,6,9,
20,49298910,285,212,26
20,49298918,4,0,
20,49298924,8,0,
20,49299016,8,2,
20,49299044,12,3,
20,49299081,96,39,13
20,49299102,45,8,29
20,49299155,8,2,
20,49299222,649,371,17
20,49299282,164,175,
20,49299333,10,10,
20,49299364,51,19,
20,49299391,8,1,
20,49299429,44,15,
20,49299463,3,1,
20,49299470,13,8,
20,49299483,3,0,
20,49299592,5,2,
20,49299605,647,426,1
20,49299647,20,4,
20,49299667,54,15,
20,49299675,234,99,2
20,49299688,58,3,
20,49299746,141,43,8
20,49299775,9,0,
20,49299808,10,1,
20,49299870,61,51,
20,49299974,8,0,
20,49299982,6,4,
20,49299985,36,37,
20,49299990,43,3,
20,49300129,12,3,
20,49300227,7,1,
20,49300299,3,0,
20,49300314,168,113,5
20,49300368,8,8,
20,49300393,10,1,
20,49300411,39,46,
20,49300419,11,0,
20,49300474,8,1,
20,49300516,10,1,
20,49300568,100,10,10
20,49300615,29,15,
20,49300671,172,112,24
20,49300680,4,0,
20,49300759,150,62,3
20,49300784,5,0,
20,49300800,87,61,10
20,49300884,45,12,
20,49300988,3,0,
20,49300991,11,0,
20,49301029,7,21,
20,49301050,5,0,
20,49301056,8,4,
20,49301104,7,0,
20,49301215,50,12,19
20,49301239,9,3,
20,49301260,411,287,2
20,49301417,20,0,28
20,49301431,12,1,
20,49301519,7,1,
20,49301542,10,0,
20,49301569,7,0,
20,49302468,37,21,
20,49302509,4,0,
20,49302572,6,0,
20,49302737,4,3,
20,49302748,6,7,
20,49302943,13,3,
20,49303046,20,5,14
20,49303202,40,14,
20,49303230,5,0,
20,49303237,13,0,15
20,49303292,4,0,30
20,49303350,39,51,7
20,49303380,3,0,
20,49303384,23,10,
20,49303405,6,1,18
20,49303433,24,3,17
20,49303452,11,0,
20,49303487,4,0,
20,49303499,3,0,
20,49303540,24,6,6
20,49303592,34,5,26
20,49303612,5,0,
20,49303645,5,1,
20,49303652,8,1,9
20,49303666,5,0,
20,49303774,48,33,9
20,49303957,4,0,20
21,49172319,99,84,
21,49173107,169,40,
21,49175067,72,25,
21,49177765,34,17,
21,49179434,57,80,
21,49181584,67,25,
21,49182772,40,4,
21,49183917,101,50,
21,49184220,224,121,
21,49189457,443,105,
21,49191000,60,47,
21,49191130,72,64,
21,49193533,31,2,
21,49194856,168,18,
21,49195231,1185,169,
21,49196581,112,58,
21,49196657,87,35,
21,49197565,168,77,
21,49198464,237,156,
21,49201953,386,58,
21,49201970,945,721,
21,49202912,141,30,
21,49204173,36,9,
21,49204232,51,9,
21,49204352,811,432,
21,49205082,126,27,
21,49206200,104,49,
21,49208296,428,104,
21,49208393,220,63,
21,49208693,175,56,
21,49209539,1104,1333,
21,49209918,435,68,
21,49210199,82,9,
21,49210740,35,6,
21,49211375,81,15,8
21,49211530,34,14,
21,49212449,116,29,
21,49213111,33,44,
21,49213660,213,72,
21,49214008,795,474,
21,49215111,43,18,
21,49215117,20,8,
21,49215786,301,226,
21,49218040,293,278,
21,49218190,51,11,
21,49218463,26,3,
21,49218514,21,0,
21,49219679,132,174,
21,49220126,448,130,
21,49221431,57,3,
21,49221990,11,1,
21,49222189,938,583,
21,49222824,172,72,
21,49223082,515,294,
21,49223964,85,3,
21,49223965,213,88,
21,49224997,115,91,
21,49226563,128,137,
21,49226623,328,304,
21,49226636,541,252,
21,49227505,103,20,
21,49227610,41,9,
21,49227709,9,1,
21,49227718,111,84,
21,49228350,135,128,
21,49230022,105,86,
21,49230477,436,376,
21,49230514,164,106,
21,49230891,121,19,
21,49231315,28,1,
21,49231490,107,7,
21,49231809,292,69,
21,49232039,122,25,
21,49232138,667,594,
21,49232253,393,284,
21,49232312,91,13,
21,49232753,63,25,
21,49232870,30,5,9
21,49233448,189,92,
21,49235641,133,93,
21,49236596,31,74,
21,49236811,59,12,
21,49238050,151,31,
21,49238818,192,63,
21,49238831,41,5,
21,49238851,213,89,
21,49239751,692,396,
21,49240615,70,44,
21,49240708,6,1,20
21,49241559,150,56,
21,49241679,1203,638,
21,49241846,240,59,
21,49241942,45,20,
21,49242287,38,24,
21,49242297,169,159,
21,49242475,79,30,
21,49242653,289,145,
21,49242698,154,73,
21,49242739,630,208,
21,49242867,41,16,
21,49243029,192,111,
21,49243270,39,1,
21,49243397,233,198,
21,49243474,228,175,
21,49243687,107,27,
21,49243860,7,4,
21,49243880,640,601,
21,49244085,156,24,
21,49244308,124,237,
21,49244339,107,40,
21,49244696,30,1,
21,49245023,407,603,
21,49245251,187,72,
21,49245318,72,33,
21,49245437,166,90,
21,49245491,190,80,
21,49245936,261,188,
21,49246057,77,51,
21,49246804,527,182,
21,49247070,279,180,
21,49247477,222,113,
21,49247628,66,9,
21,49248769,64,15,
21,49249523,200,81,22
21,49249555,171,62,
21,49250090,76,29,
21,49250109,449,419,
21,49250836,933,982,
21,49250894,152,60,
21,49251179,292,123,
21,49251411,667,759,
21,49251702,301,62,
21,49252179,439,98,
21,49252462,120,49,
21,49253721,73,49,
21,49253831,22,10,21
21,49254376,30,3,
21,49254880,1058,510,
21,49254881,46,54,
21,49255496,384,517,
21,49255710,355,177,
21,49256057,197,30,
21,49257160,522,487,
21,49257377,560,403,
21,49257853,55,2,
21,49257876,694,306,
21,49258011,106,77,
21,49258085,100,56,
21,49258428,59,22,
21,49258764,168,89,
21,49259309,47,48,
21,49259339,305,42,
21,49259611,165,101,
21,49260250,192,545,
21,49260628,38,1,
21,49261128,426,242,
21,49261133,437,533,
21,49261192,47,20,
21,49261417,132,22,
21,49261514,343,328,
21,49261895,117,36,
21,49262172,56,76,
21,49262211,165,135,
21,49262811,182,26,
21,49263260,54,16,
21,49263340,261,137,
21,49263461,129,241,
21,49263497,663,291,
21,49264366,26,2,
21,49264583,72,33,
21,49264896,19,4,
21,49265031,65,7,
21,49265051,274,88,
21,49265879,210,159,
21,49266277,225,203,
21,49266921,105,31,
21,49267108,194,90,
21,49267362,12,2,
21,49267928,362,162,
21,49268564,475,204,
21,49269090,159,35,
21,49269240,46,7,26
21,49269429,154,149,
21,49269809,50,13,15
21,49269818,478,341,
21,49269917,12,0,
21,49270022,259,160,
21,49270040,312,45,
21,49270194,20,0,
21,49270621,182,146,
21,49270726,709,902,
21,49270766,61,35,
21,49270779,23,0,
21,49270953,509,142,
21,49271050,26,5,
21,49271105,43,2,
21,49271126,196,4,
21,49271390,20,3,
21,49271757,244,60,
21,49271994,984,915,
21,49272048,23,9,
21,49272132,50,0,
21,49272282,70,23,
21,49272484,130,64,
21,49272549,333,68,
21,49272569,302,226,
21,49272620,117,51,
21,49272655,300,39,
21,49272784,29,8,
21,49272832,1198,232,
21,49273165,632,394,
21,49273175,111,36,
21,49273330,131,201,
21,49273478,709,170,
21,49273848,12,2,
21,49273922,32,10,
21,49273970,11,0,
21,49274018,66,10,
21,49274027,629,614,
21,49274420,31,1,
21,49274600,1027,446,
21,49274672,47,6,
21,49274757,171,387,
21,49274854,70,67,
21,49274858,162,202,
21,49275132,108,23,
21,49275335,252,197,
21,49275385,341,413,
21,49276534,130,176,
21,49276574,672,254,
21,49276673,29,14,
21,49277288,17,0,
21,49277437,9,0,
21,49277799,159,51,
21,49277952,10,0,
21,49279013,188,314,
21,49279197,67,25,
21,49279207,11,2,
21,49279627,89,95,
21,49279628,14,10,
21,49279638,99,52,
21,49279928,275,155,
21,49279949,12,0,
21,49279951,75,20,
21,49280047,103,30,
21,49280061,200,214,
21,49280103,121,52,
21,49280184,36,13,
21,49280486,57,32,
21,49281675,24,7,
21,49281916,461,316,
21,49281960,53,10,
21,49283063,106,84,
21,49283344,56,7,
21,49283563,92,86,
21,49284528,3,0,
21,49284774,408,465,
21,49285096,4,0,
21,49285105,5,0,
21,49285139,3,2,
21,49285160,126,52,
21,49285244,718,297,
21,49285268,63,57,
21,49285292,25,11,
21,49285327,215,94,
21,49285414,50,2,
21,49285418,374,218,
21,49285631,9,1,
21,49285770,375,191,
21,49285909,78,53,
21,49285982,431,226,
21,49286003,3,0,
21,49286030,51,15,
21,49286039,4,11,
21,49286073,62,35,
21,49286172,23,5,
21,49286211,25,5,
21,49286258,6,1,
21,49286270,141,159,
21,49286291,3,0,
21,49286341,690,174,
21,49286357,69,48,
21,49286424,69,12,
21,49286485,194,90,
21,49286644,34,13,
21,49286654,45,71,
21,49286662,226,322,
21,49287153,139,182,
21,49287176,7,11,
21,49287362,4,0,
21,49287555,5,1,
21,49287604,25,2,
21,49287609,10,5,
21,49287645,9,1,
21,49287766,8,1,
21,49287881,25,5,
21,49288011,10,2,
21,49288033,15,0,
21,49288051,39,11,
21,49288055,8,0,
21,49288138,8,0,
21,49288198,10,0,
21,49288293,125,58,
21,49288296,67,17,
21,49288551,5,0,
21,49288607,43,23,
21,49288664,13,0,
21,49288778,23,5,
21,49288857,6,0,
21,49288889,401,160,
21,49288896,4,5,
21,49288914,24,5,
21,49289026,65,15,
21,49289101,66,30,
21,49289112,944,480,
21,49289133,6,1,
21,49289260,69,35,
21,49289304,37,13,
21,49289340,14,1,
21,49289372,13,0,
21,49289424,63,8,
21,49289465,270,143,
21,49289512,418,238,
21,49289532,221,207,
21,49289583,3,0,
21,49289585,76,57,
21,49289654,201,90,
21,49289844,694,270,
21,49289898,22,2,
21,49290009,22,2,
21,49290043,14,5,
21,49290078,17,1,
21,49290095,10,4,
21,49290139,4,0,
21,49290166,356,193,
21,49290180,15,4,
21,49290215,248,214,
21,49290299,418,235,
21,49290521,54,15,
21,49290545,29,11,
21,49290724,17,2,
21,49290751,30,7,
21,49290768,123,102,
21,49290771,3,1,
21,49290785,18,5,
21,49290969,117,59,
21,49290984,4,0,
21,49291196,15,1,
21,49291268,240,173,
21,49291665,6,0,
21,49291782,46,1,
21,49292385,14,1,
21,49292409,9,0,
21,49292471,6,2,
21,49292855,13,3,
21,49292932,129,95,
21,49292982,11,0,
21,49293087,148,43,
21,49293215,6,0,
21,49293261,15,2,
21,49293292,21,10,
21,49293294,162,39,
21,49293324,203,61,
21,49293523,44,18,
21,49293894,5,1,
21,49293908,9,1,
21,49293984,47,16,
21,49294025,105,40,
21,49294233,22,1,
21,49294362,44,7,
21,49294383,12,4,
21,49294502,62,13,
21,49294662,5,1,
21,49294674,14,0,
21,49294778,10,0,
21,49294784,7,0,
21,49294884,10,1,
21,49294997,1000,493,24
21,49295238,72,22,
21,49295369,7,4,
21,49295508,5,1,
21,49295515,83,79,
21,49295681,3,2,
21,49295727,13,5,
21,49295759,3,0,
21,49295816,10,3,
21,49296044,9,0,
21,49296324,6,2,
21,49296376,9,5,
21,49296388,5,5,
21,49296432,7,0,
21,49296511,6,3,
21,49296595,4,6,
21,49296627,235,124,19
21,49296630,4,0,
21,49296740,665,616,4
21,49296812,5,2,
21,49296902,68,36,
21,49296979,4,0,
21,49297013,4,3,
21,49297469,80,63,
21,49297637,122,84,29
21,49297680,5,0,
21,49297708,15,3,
21,49297723,5,0,
21,49297762,9,0,
21,49297801,186,238,
21,49297996,67,53,
21,49298024,10,3,
21,49298088,41,5,
21,49298211,89,84,
21,49298303,52,37,
21,49298674,11,5,
21,49298759,9,0,
21,49298901,6,9,
21,49298910,294,219,30
21,49298918,4,0,
21,49298924,8,0,
21,49299016,9,2,
21,49299044,12,3,
21,49299081,108,50,12
21,49299102,47,8,
21,49299155,8,2,
21,49299222,680,386,18
21,49299282,168,178,
21,49299333,10,11,
21,49299364,51,20,
21,49299391,8,1,
21,49299429,44,15,
21,49299470,15,8,
21,49299483,3,0,
21,49299592,5,2,
21,49299605,727,463,1
21,49299647,20,4,
21,49299667,57,15,
21,49299675,269,111,2
21,49299688,60,4,
21,49299705,4,0,
21,49299746,151,52,7
21,49299775,9,0,
21,49299808,11,1,
21,49299870,63,53,
21,49299974,8,0,
21,49299982,6,4,
21,49299985,38,38,
21,49299990,43,3,
21,49300129,16,3,
21,49300227,7,1,
21,49300299,3,0,
21,49300314,197,127,6
21,49300368,9,8,
21,49300393,10,1,
21,49300419,12,0,
21,49300474,8,1,
21,49300516,10,1,
21,49300568,134,11,9
21,49300615,29,16,
21,49300671,186,137,25
21,49300680,4,0,
21,49300759,173,80,3
21,49300784,5,0,
21,49300800,98,67,16
21,49300884,47,12,
21,49300988,3,1,
21,49300991,12,0,
21,49301050,5,0,
21,49301056,8,4,
21,49301104,7,0,
21,49301215,55,13,17
21,49301239,10,3,
21,49301260,419,313,
21,49301417,26,0,27
21,49301431,12,1,
21,49301518,7,3,
21,49301519,7,1,
21,49301542,10,0,
21,49301569,8,0,
21,49301838,3,0,
21,49301897,3,0,
21,49302199,6,0,
21,49302235,3,0,
21,49302294,5,1,
21,49302363,5,0,
21,49302468,43,26,
21,49302477,5,0,
21,49302498,8,5,
21,49302509,6,0,
21,49302551,3,0,
21,49302562,8,0,
21,49302572,8,0,
21,49302643,3,0,
21,49302652,5,2,
21,49302737,14,7,
21,49302748,7,7,
21,49302943,21,9,
21,49302958,7,0,
21,49303035,5,3,
21,49303046,28,6,13
21,49303202,67,15,
21,49303210,6,0,
21,49303217,3,0,
21,49303220,3,0,
21,49303230,9,0,
21,49303237,17,2,20
21,49303292,7,0,
21,49303350,40,52,
21,49303380,3,0,
21,49303384,24,11,
21,49303405,23,21,7
21,49303452,24,1,
21,49303487,4,1,
21,49303499,3,0,
21,49303540,48,43,3
21,49303592,78,45,17
21,49303612,8,0,
21,49303645,6,3,
21,49303652,17,4,11
21,49303666,9,0,
21,49303774,62,50,
21,49303957,12,3,16
21,49304368,32,19,2
21,49304447,22,4,15
22,49172319,99,84,
22,49173107,169,40,
22,49175067,73,26,
22,49177765,34,17,
22,49182772,40,4,
22,49183917,101,50,
22,49184220,224,121,
22,49191130,72,64,
22,49193533,31,2,
22,49194856,168,18,
22,49195231,1185,169,
22,49196581,112,58,
22,49196657,87,35,
22,49197565,168,77,
22,49198464,237,156,
22,49201953,386,58,
22,49201970,945,721,
22,49202912,141,30,
22,49204173,36,9,
22,49204232,51,9,
22,49204352,811,432,
22,49205082,126,27,
22,49206200,104,49,
22,49208296,429,104,
22,49208393,220,63,
22,49208693,175,56,
22,49209539,1104,1333,
22,49209918,435,68,
22,49210199,82,9,
22,49210740,35,6,
22,49211375,89,18,11
22,49211530,34,14,
22,49212449,116,29,
22,49213111,33,44,
22,49213660,213,72,
22,49214008,795,474,
22,49215117,20,8,
22,49215682,12,2,7
22,49215786,301,226,
22,49218040,293,278,
22,49218190,51,11,
22,49218463,26,3,
22,49218514,21,0,
22,49219679,132,174,
22,49221431,58,3,
22,49221990,11,1,
22,49223082,515,294,
22,49223964,85,3,
22,49223965,213,88,
22,49224997,115,91,
22,49226563,128,137,
22,49226623,328,304,
22,49226636,541,252,
22,49227610,41,9,
22,49227709,9,1,
22,49227718,111,84,
22,49228350,135,128,
22,49230022,105,86,
22,49230477,436,376,
22,49230514,164,106,
22,49230891,121,19,
22,49231315,28,1,
22,49231490,110,7,
22,49232039,123,25,
22,49232138,667,594,
22,49232253,393,284,
22,49232312,91,13,
22,49232753,63,25,
22,49232870,41,7,9
22,49233448,189,92,
22,49235641,133,93,
22,49236596,31,74,
22,49236811,59,12,
22,49238050,151,31,
22,49238818,192,63,
22,49238831,41,5,
22,49238851,213,89,
22,49239751,692,396,
22,49240615,70,45,
22,49240708,9,1,17
22,49241559,150,56,
22,49241679,1203,638,
22,49241846,240,59,
22,49241942,45,20,
22,49242287,38,24,
22,49242297,169,159,
22,49242653,289,145,
22,49242698,154,73,
22,49242739,630,208,
22,49242867,42,16,
22,49243029,192,111,
22,49243270,39,1,
22,49243397,233,198,
22,49243474,228,175,
22,49243687,107,27,
22,49243860,7,4,
22,49243880,640,601,
22,49244085,156,24,
22,49244308,124,237,
22,49244339,107,40,
22,49244696,30,1,
22,49245023,407,603,
22,49245251,187,72,
22,49245437,166,90,
22,49245491,190,80,
22,49245936,261,188,
22,49246057,77,51,
22,49246804,527,182,
22,49247070,279,180,
22,49247477,222,113,
22,49247628,67,9,
22,49248769,67,15,
22,49249523,210,82,20
22,49249555,171,62,
22,49250090,76,29,
22,49250109,449,419,
22,49250836,934,982,
22,49251179,292,123,
22,49251411,667,759,
22,49251702,301,62,
22,49252179,439,98,
22,49252462,120,49,
22,49253721,73,49,
22,49253831,28,12,26
22,49254376,30,3,
22,49254880,1058,510,
22,49254881,46,54,
22,49255496,384,517,
22,49255710,355,177,
22,49256057,197,30,
22,49257160,522,487,
22,49257377,560,403,
22,49257853,55,2,
22,49257876,694,306,
22,49258011,106,77,
22,49258085,103,55,
22,49258428,59,22,
22,49258764,168,89,
22,49259309,47,48,
22,49259339,305,42,
22,49259611,165,101,
22,49260250,192,545,
22,49260628,38,1,
22,49261128,426,243,
22,49261133,437,533,
22,49261192,47,20,
22,49261417,132,22,
22,49261514,343,328,
22,49261895,117,36,
22,49262172,56,76,
22,49262211,165,135,
22,49262811,182,26,
22,49263260,54,16,
22,49263340,261,138,
22,49263461,129,241,
22,49263497,663,291,
22,49264366,26,2,
22,49264583,72,33,
22,49265031,65,7,
22,49265051,274,88,
22,49265879,210,159,
22,49266277,225,203,
22,49266921,105,31,
22,49267108,194,90,
22,49267928,362,162,
22,49268564,475,204,
22,49269090,159,35,
22,49269240,49,7,26
22,49269429,154,149,
22,49269809,55,18,16
22,49269818,478,342,
22,49270022,259,160,
22,49270040,312,45,
22,49270194,20,0,
22,49270621,182,146,
22,49270726,709,902,
22,49270766,61,35,
22,49270779,23,0,
22,49270953,510,142,
22,49271050,26,5,
22,49271105,43,2,
22,49271126,196,4,
22,49271390,20,3,
22,49271757,244,60,
22,49271994,984,916,
22,49272048,23,10,
22,49272132,50,0,
22,49272282,70,23,
22,49272484,130,64,
22,49272549,333,68,
22,49272569,302,226,
22,49272620,117,51,
22,49272655,300,39,
22,49272784,29,8,
22,49272832,1198,232,
22,49273165,632,394,
22,49273175,112,36,
22,49273330,131,201,
22,49273478,710,170,
22,49273848,12,2,
22,49273922,33,10,
22,49274018,66,10,
22,49274027,629,614,
22,49274420,31,1,
22,49274600,1027,446,
22,49274672,47,6,
22,49274757,172,387,
22,49274858,162,202,
22,49275132,108,23,
22,49275335,252,197,
22,49275385,341,413,
22,49276534,130,176,
22,49276574,672,254,
22,49276673,29,14,
22,49277288,17,0,
22,49277437,9,0,
22,49277799,159,51,
22,49279013,189,314,
22,49279197,67,25,
22,49279207,11,2,
22,49279627,89,95,
22,49279628,14,10,
22,49279638,99,52,
22,49279928,275,155,
22,49279951,75,20,
22,49280047,103,30,
22,49280061,201,214,
22,49280103,121,52,
22,49280184,36,13,
22,49280486,57,32,
22,49281675,24,7,
22,49281916,462,316,
22,49281960,53,10,
22,49283063,106,84,
22,49283344,56,7,
22,49283563,92,86,
22,49284774,408,466,
22,49285096,4,0,
22,49285105,5,0,
22,49285139,3,2,
22,49285160,126,175,
22,49285244,718,297,
22,49285268,64,57,
22,49285327,215,94,
22,49285414,50,2,
22,49285418,374,220,
22,49285631,9,1,
22,49285770,375,191,
22,49285909,78,53,
22,49285982,431,226,
22,49286003,3,0,
22,49286030,51,15,
22,49286039,4,11,
22,49286073,62,35,
22,49286172,23,5,
22,49286211,25,5,
22,49286258,6,1,
22,49286270,141,160,
22,49286291,3,0,
22,49286341,691,174,
22,49286357,69,48,
22,49286424,69,12,
22,49286485,195,90,
22,49286644,34,13,
22,49286654,45,71,
22,49286662,227,322,
22,49287153,139,182,
22,49287176,7,11,
22,49287362,4,0,
22,49287555,5,1,
22,49287604,25,2,
22,49287609,10,5,
22,49287645,9,1,
22,49287766,8,1,
22,49288011,10,2,
22,49288033,15,0,
22,49288051,39,11,
22,49288055,8,0,
22,49288138,8,0,
22,49288198,10,0,
22,49288293,125,58,
22,49288296,68,17,
22,49288551,5,0,
22,49288607,43,23,
22,49288664,13,0,
22,49288778,23,5,
22,49288857,6,0,
22,49288889,402,160,
22,49288896,4,5,
22,49288914,24,5,
22,49289026,65,15,
22,49289101,66,30,
22,49289112,946,481,
22,49289133,6,1,
22,49289260,69,35,
22,49289304,37,13,
22,49289340,14,1,
22,49289372,13,0,
22,49289424,63,8,
22,49289465,270,143,
22,49289512,419,240,
22,49289532,221,207,
22,49289583,3,0,
22,49289585,76,57,
22,49289654,201,90,
22,49289844,694,270,
22,49289898,22,2,
22,49290009,22,2,
22,49290043,14,5,
22,49290078,17,1,
22,49290139,4,0,
22,49290166,356,193,
22,49290180,15,4,
22,49290215,249,215,
22,49290299,418,235,
22,49290521,54,15,
22,49290545,29,11,
22,49290724,17,2,
22,49290751,30,7,
22,49290768,123,102,
22,49290771,3,1,
22,49290785,18,5,
22,49290969,118,59,
22,49290984,4,0,
22,49291196,15,1,
22,49291268,240,174,
22,49291665,6,0,
22,49291782,46,1,
22,49292385,14,1,
22,49292471,6,2,
22,49292855,13,3,
22,49292932,129,96,
22,49293087,148,43,
22,49293261,15,2,
22,49293292,21,10,
22,49293294,163,39,
22,49293324,204,61,
22,49293523,44,18,
22,49293894,5,1,
22,49293908,9,1,
22,49293984,47,17,
22,49294025,106,41,
22,49294233,23,1,
22,49294362,44,7,
22,49294383,12,4,
22,49294502,63,13,
22,49294645,3,0,
22,49294662,5,1,
22,49294674,14,0,
22,49294778,10,0,
22,49294784,8,0,
22,49294884,10,1,
22,49294997,1014,500,23
22,49295238,72,22,
22,49295366,3,0,
22,49295369,7,4,
22,49295515,84,79,
22,49295727,14,5,
22,49295759,4,0,
22,49295816,10,3,
22,49296044,10,0,
22,49296046,3,0,
22,49296300,3,0,
22,49296324,6,2,
22,49296376,9,5,
22,49296388,5,5,
22,49296432,7,0,
22,49296511,6,3,
22,49296560,6,1,
22,49296595,4,6,
22,49296630,4,0,
22,49296740,708,648,4
22,49296812,5,2,
22,49296902,72,36,
22,49296979,4,0,
22,49297013,4,3,
22,49297469,84,63,
22,49297637,131,92,25
22,49297680,5,0,
22,49297708,16,3,
22,49297723,5,0,
22,49297762,11,0,
22,49297801,187,238,
22,49297996,67,56,
22,49298024,11,3,
22,49298088,45,5,
22,49298211,92,98,
22,49298303,52,37,
22,49298538,4,11,
22,49298628,5,0,
22,49298674,11,5,
22,49298759,11,0,
22,49298837,3,0,
22,49298901,7,9,
22,49298910,299,228,
22,49298924,9,0,
22,49299016,10,2,
22,49299044,12,3,
22,49299081,124,55,10
22,49299102,49,8,
22,49299155,8,2,
22,49299222,699,391,22
22,49299282,169,183,
22,49299333,10,11,
22,49299364,57,21,
22,49299391,8,1,
22,49299429,45,15,
22,49299461,3,0,
22,49299470,15,8,
22,49299483,3,0,
22,49299592,5,2,
22,49299605,776,512,1
22,49299647,21,4,
22,49299667,59,15,
22,49299670,4,0,
22,49299675,279,126,15
22,49299688,63,4,
22,49299705,5,0,
22,49299746,166,56,7
22,49299775,9,0,
22,49299808,11,1,
22,49299870,65,55,
22,49299974,8,0,
22,49299982,6,4,
22,49299985,38,40,
22,49299990,44,3,
22,49300052,3,0,
22,49300129,17,3,
22,49300172,3,0,
22,49300227,7,1,
22,49300299,3,0,
22,49300314,230,141,3
22,49300368,9,8,
22,49300393,11,1,
22,49300419,12,0,
22,49300474,8,1,
22,49300516,10,1,
22,49300568,159,14,6
22,49300615,29,16,
22,49300671,194,143,
22,49300680,4,0,
22,49300711,5,0,
22,49300759,188,86,3
22,49300784,5,0,
22,49300800,107,73,13
22,49300884,55,13,
22,49300988,3,2,
22,49300991,14,0,
22,49301050,5,0,
22,49301056,8,4,
22,49301104,7,0,
22,49301215,60,13,21
22,49301239,11,4,
22,49301260,426,333,
22,49301342,20,1,
22,49301417,28,0,26
22,49301431,12,1,
22,49301518,7,3,
22,49301519,7,1,
22,49301542,10,0,
22,49301569,9,0,
22,49301615,3,0,
22,49301838,3,0,
22,49301897,3,0,
22,49302199,7,0,
22,49302235,3,0,
22,49302294,5,1,
22,49302363,5,0,
22,49302468,51,36,
22,49302472,6,0,
22,49302477,5,0,
22,49302498,8,5,
22,49302551,4,0,
22,49302562,14,0,
22,49302572,8,0,
22,49302643,4,0,
22,49302652,5,2,
22,49302737,35,13,
22,49302748,7,7,
22,49302943,35,16,21
22,49302958,11,0,
22,49302972,3,0,
22,49302985,4,0,
22,49303035,9,6,
22,49303046,34,6,13
22,49303202,164,44,15
22,49303210,6,0,
22,49303217,3,0,
22,49303220,3,0,
22,49303230,13,1,
22,49303237,19,2,28
22,49303277,3,0,
22,49303292,10,0,
22,49303350,40,52,
22,49303380,3,0,
22,49303384,24,12,
22,49303402,3,0,
22,49303405,46,46,4
22,49303452,33,1,
22,49303487,5,1,
22,49303499,4,0,
22,49303540,51,47,
22,49303581,4,0,
22,49303592,87,68,
22,49303604,4,0,
22,49303612,10,0,
22,49303645,7,3,
22,49303652,24,5,10
22,49303666,10,0,
22,49303774,64,50,
22,49303957,17,4,17
22,49303975,4,0,
22,49304259,3,0,
22,49304368,51,47,7
22,49304447,101,73,2
22,49304686,4,0,
22,49304873,9,2,
22,49304986,5,0,
22,49305005,5,0,
23,49172319,99,84,
23,49173107,169,40,
23,49175067,74,27,
23,49177765,34,17,
23,49182772,40,4,
23,49184220,224,121,
23,49191130,72,64,
23,49193533,31,2,
23,49194856,168,18,
23,49195231,1185,169,
23,49196581,112,58,
23,49196657,87,35,
23,49197565,168,77,
23,49198464,237,156,
23,49201953,387,58,
23,49201970,945,721,
23,49202912,141,30,
23,49204173,36,9,
23,49204232,52,10,
23,49204352,811,432,
23,49205082,126,27,
23,49206200,104,49,
23,49208296,429,104,
23,49208693,175,56,
23,49209539,1104,1333,
23,49209918,435,68,
23,49210199,82,9,
23,49210740,35,6,
23,49211375,96,19,11
23,49211530,34,14,
23,49212449,116,29,
23,49213111,33,44,
23,49213660,213,72,
23,49214008,795,474,
23,49215117,20,8,
23,49215682,31,2,6
23,49218040,293,278,
23,49218190,51,11,
23,49218463,26,3,
23,49218514,21,0,
23,49219679,132,174,
23,49221431,58,3,
23,49221990,11,1,
23,49223082,515,294,
23,49223964,85,3,
23,49223965,213,88,
23,49224997,115,91,
23,49226563,128,139,
23,49226623,328,304,
23,49226636,541,252,
23,49227610,41,9,
23,49227709,9,1,
23,49227718,111,84,
23,49228350,135,128,
23,49230022,105,86,
23,49230514,164,106,
23,49230891,121,19,
23,49231315,28,1,
23,49231490,113,8,
23,49232039,123,25,
23,49232138,667,594,
23,49232253,393,284,
23,49232312,91,13,
23,49232753,63,25,
23,49232870,48,12,10
23,49233448,189,92,
23,49235641,133,93,
23,49236596,31,74,
23,49236811,59,12,
23,49238050,151,31,
23,49238818,192,63,
23,49238831,41,5,
23,49238851,213,89,
23,49239751,692,396,
23,49240615,70,45,
23,49240708,10,1,17
23,49241559,150,56,
23,49241679,1203,638,
23,49241846,240,59,
23,49242287,38,25,
23,49242297,169,159,
23,49242653,289,145,
23,49242698,155,73,
23,49242739,630,208,
23,49242867,42,16,
23,49243029,192,111,
23,49243270,39,1,
23,49243397,233,198,
23,49243474,228,175,
23,49243687,107,27,
23,49243860,7,4,
23,49243880,640,601,
23,49244085,156,24,
23,49244308,124,237,
23,49244339,107,40,
23,49244696,30,1,
23,49245023,407,603,
23,49245251,187,72,
23,49245437,166,90,
23,49245491,190,80,
23,49245936,261,188,
23,49246057,77,51,
23,49246804,527,182,
23,49247070,279,180,
23,49247477,222,113,
23,49247628,68,9,
23,49248769,68,15,
23,49249523,214,84,21
23,49249555,171,62,
23,49250090,76,29,
23,49250109,449,419,
23,49250836,934,982,
23,49251179,292,123,
23,49251411,667,759,
23,49251702,301,62,
23,49252179,439,98,
23,49252462,120,49,
23,49253721,73,49,
23,49253831,32,13,26
23,49254376,30,3,
23,49254880,1058,510,
23,49254881,46,54,
23,49255496,384,517,
23,49255710,355,177,
23,49256057,197,30,
23,49257160,522,487,
23,49257377,560,403,
23,49257853,55,2,
23,49257876,694,306,
23,49258011,106,77,
23,49258085,103,55,
23,49258428,59,22,
23,49258764,168,89,
23,49259309,47,48,
23,49259339,305,42,
23,49259611,165,101,
23,49260250,192,545,
23,49260628,38,1,
23,49261128,426,243,
23,49261133,437,533,
23,49261192,47,20,
23,49261417,132,22,
23,49261514,343,328,
23,49261895,117,36,
23,49262172,56,76,
23,49262211,165,135,
23,49262811,182,26,
23,49262841,7,0,25
23,49263260,54,16,
23,49263340,261,138,
23,49263461,129,241,
23,49263497,663,291,
23,49264366,26,2,
23,49264583,72,33,
23,49265031,65,7,
23,49265051,274,88,
23,49265879,210,159,
23,49266277,225,203,
23,49266921,105,31,
23,49267108,194,90,
23,49267928,362,162,
23,49269090,159,35,
23,49269240,52,7,25
23,49269429,154,149,
23,49269809,61,19,16
23,49269818,478,342,
23,49270022,259,160,
23,49270040,312,45,
23,49270194,20,0,
23,49270621,182,146,
23,49270726,709,902,
23,49270766,61,35,
23,49270779,23,0,
23,49270953,510,142,
23,49271050,26,5,
23,49271105,43,2,
23,49271126,196,4,
23,49271390,20,3,
23,49271757,244,60,
23,49271994,984,916,
23,49272048,23,10,
23,49272132,50,0,
23,49272282,70,23,
23,49272484,130,64,
23,49272549,333,68,
23,49272569,302,226,
23,49272620,117,51,
23,49272655,300,39,
23,49272784,29,8,
23,49272832,1199,232,
23,49273165,633,394,
23,49273175,112,36,
23,49273330,131,201,
23,49273478,710,170,
23,49273922,33,10,
23,49274018,66,10,
23,49274027,629,614,
23,49274420,31,1,
23,49274600,1027,446,
23,49274672,47,6,
23,49274757,172,387,
23,49274858,162,202,
23,49275132,108,23,
23,49275335,252,197,
23,49275385,341,413,
23,49276534,130,176,
23,49276574,672,254,
23,49276673,29,14,
23,49277288,17,0,
23,49277799,159,51,
23,49279013,189,314,
23,49279197,67,25,
23,49279207,11,2,
23,49279627,89,95,
23,49279628,14,10,
23,49279638,99,52,
23,49279928,275,155,
23,49279951,75,20,
23,49280047,103,30,
23,49280061,201,215,
23,49280103,121,52,
23,49280184,36,13,
23,49280486,57,32,
23,49281675,24,7,
23,49281916,463,316,
23,49281960,53,10,
23,49283063,106,84,
23,49283344,56,7,
23,49283563,92,86,
23,49284774,408,466,
23,49285160,126,175,
23,49285244,718,298,
23,49285268,64,57,
23,49285327,215,94,
23,49285414,51,2,
23,49285418,374,220,
23,49285631,9,1,
23,49285770,376,191,
23,49285909,78,53,
23,49285982,432,226,
23,49286030,51,15,
23,49286073,62,35,
23,49286172,23,5,
23,49286211,25,5,
23,49286258,6,1,
23,49286270,141,161,
23,49286291,3,0,
23,49286341,691,174,
23,49286357,69,48,
23,49286424,69,12,
23,49286485,195,91,
23,49286644,34,13,
23,49286654,45,72,
23,49286662,228,323,
23,49287153,139,182,
23,49287176,7,11,
23,49287362,4,0,
23,49287555,5,1,
23,49287604,25,2,
23,49287609,10,5,
23,49287645,9,1,
23,49287766,8,1,
23,49288011,10,2,
23,49288033,15,0,
23,49288051,39,11,
23,49288055,8,0,
23,49288138,8,0,
23,49288198,10,0,
23,49288293,125,58,
23,49288296,68,17,
23,49288551,5,0,
23,49288607,43,23,
23,49288664,13,0,
23,49288778,23,5,
23,49288857,6,0,
23,49288889,402,160,
23,49288896,4,5,
23,49288914,24,5,
23,49289026,65,15,
23,49289101,66,30,
23,49289112,947,482,
23,49289133,6,1,
23,49289260,69,36,
23,49289304,37,13,
23,49289340,14,1,
23,49289372,13,0,
23,49289424,63,8,
23,49289465,271,143,
23,49289512,419,240,
23,49289532,221,207,
23,49289583,3,0,
23,49289585,76,57,
23,49289654,202,90,
23,49289844,695,272,
23,49289898,22,2,
23,49290009,22,2,
23,49290043,14,5,
23,49290078,17,1,
23,49290139,4,0,
23,49290166,356,194,
23,49290180,15,4,
23,49290215,253,217,
23,49290299,418,237,
23,49290521,54,15,
23,49290545,29,11,
23,49290724,17,2,
23,49290751,30,7,
23,49290768,123,103,
23,49290771,3,1,
23,49290785,18,5,
23,49290969,118,59,
23,49290984,4,0,
23,49291196,15,1,
23,49291268,240,175,
23,49291665,6,0,
23,49291782,46,1,
23,49292385,14,1,
23,49292471,6,2,
23,49292855,13,3,
23,49292932,129,96,
23,49293087,148,44,
23,49293261,15,2,
23,49293292,21,10,
23,49293294,163,39,
23,49293324,204,64,
23,49293523,44,18,
23,49293894,5,1,
23,49293984,47,17,
23,49294025,107,42,
23,49294199,241,75,
23,49294233,23,1,
23,49294362,44,7,
23,49294383,12,4,
23,49294502,63,13,
23,49294645,3,0,
23,49294662,5,1,
23,49294674,14,0,
23,49294778,10,0,
23,49294784,8,0,
23,49294997,1021,502,23
23,49295238,72,22,
23,49295366,3,0,
23,49295369,7,4,
23,49295515,84,80,
23,49295727,14,5,
23,49295759,4,0,
23,49295816,10,3,
23,49296044,10,0,
23,49296046,4,0,
23,49296300,3,0,
23,49296324,6,2,
23,49296376,9,5,
23,49296388,5,5,
23,49296432,7,0,
23,49296511,6,3,
23,49296560,6,1,
23,49296595,4,6,
23,49296630,4,0,
23,49296740,743,684,4
23,49296812,5,2,
23,49296902,73,37,
23,49296979,4,0,
23,49297013,4,3,
23,49297469,87,63,
23,49297637,136,101,
23,49297680,5,0,
23,49297708,16,3,
23,49297723,6,0,
23,49297762,11,0,
23,49297801,188,239,
23,49297996,67,56,
23,49298024,11,3,
23,49298088,45,5,
23,49298211,93,108,
23,49298303,52,37,
23,49298538,4,12,
23,49298628,5,0,
23,49298674,13,5,
23,49298759,11,0,
23,49298837,3,0,
23,49298901,8,10,
23,49298910,308,239,
23,49298924,9,0,
23,49299016,10,2,
23,49299044,12,3,
23,49299081,135,57,11
23,49299102,51,8,
23,49299155,8,2,
23,49299222,711,400,24
23,49299282,170,184,
23,49299333,10,11,
23,49299364,60,21,
23,49299429,45,15,
23,49299461,3,0,
23,49299470,16,8,
23,49299483,3,0,
23,49299592,5,2,
23,49299605,825,544,1
23,49299647,21,4,
23,49299667,59,15,
23,49299670,4,0,
23,49299675,287,128,18
23,49299688,63,4,
23,49299705,5,0,
23,49299746,171,57,8
23,49299775,9,0,
23,49299808,11,1,
23,49299870,65,56,
23,49299974,8,0,
23,49299982,6,4,
23,49299985,38,40,
23,49300052,3,0,
23,49300129,17,3,
23,49300131,5,0,
23,49300172,3,0,
23,49300299,3,0,
23,49300314,246,156,3
23,49300368,9,8,
23,49300393,11,1,
23,49300419,12,0,
23,49300474,8,1,
23,49300516,10,1,
23,49300568,176,14,7
23,49300615,29,16,
23,49300671,196,149,
23,49300680,4,0,
23,49300711,5,0,
23,49300759,202,91,5
23,49300784,5,0,
23,49300800,117,80,15
23,49300884,56,13,
23,49300988,3,2,
23,49300991,14,0,
23,49301050,5,0,
23,49301056,8,5,
23,49301104,7,0,
23,49301215,65,13,22
23,49301239,12,4,
23,49301260,427,341,
23,49301342,21,1,
23,49301417,30,0,29
23,49301431,13,1,
23,49301519,7,1,
23,49301569,9,0,
23,49301615,6,0,
23,49301838,3,0,
23,49301897,3,0,
23,49302199,7,0,
23,49302235,3,0,
23,49302294,5,1,
23,49302363,5,0,
23,49302468,56,44,
23,49302472,9,2,
23,49302477,6,0,
23,49302498,8,5,
23,49302505,3,0,
23,49302551,4,0,
23,49302561,3,0,
23,49302562,17,0,30
23,49302572,9,0,
23,49302643,4,0,
23,49302652,6,2,
23,49302737,43,15,
23,49302748,7,7,
23,49302943,45,26,16
23,49302958,12,0,
23,49302972,3,0,
23,49302985,4,0,
23,49303035,10,7,
23,49303046,42,6,14
23,49303202,265,88,10
23,49303210,6,0,
23,49303217,3,0,
23,49303220,3,0,
23,49303230,13,1,
23,49303237,21,3,28
23,49303277,3,0,
23,49303292,12,0,
23,49303350,41,53,
23,49303369,3,0,
23,49303380,5,0,
23,49303384,24,13,
23,49303390,3,0,
23,49303402,6,0,
23,49303405,49,50,28
23,49303452,38,6,
23,49303487,6,1,
23,49303499,4,0,
23,49303540,51,48,
23,49303581,5,0,
23,49303592,87,71,
23,49303604,4,0,
23,49303612,11,0,
23,49303645,7,3,
23,49303652,29,4,9
23,49303666,11,0,
23,49303774,64,50,
23,49303957,24,5,18
23,49303975,4,0,
23,49304259,3,0,
23,49304368,54,54,
23,49304447,140,91,2
23,49304604,7,1,
23,49304645,6,2,
23,49304686,4,0,
23,49304873,10,2,
23,49304986,5,0,
23,49304990,5,1,
23,49305005,5,0,
23,49305304,6,0,
23,49305492,45,16,3
23,49305536,5,2,
23,49305558,5,1,
23,49305708,4,0,
23,49305947,3,0,
