hour,id,score,comments,best_rank
0,47060334,97,16,
0,47060835,57,56,
0,47061013,28,23,
0,47061029,83,40,
0,47061062,112,82,
0,47061350,20,5,
0,47061614,778,389,
0,47061642,135,130,
0,47061920,23,1,
0,47062096,86,35,
0,47062521,278,383,
0,47062561,124,102,
0,47062748,378,217,
0,47062824,40,32,
0,47062883,88,17,
0,47063005,469,249,
0,47063663,160,83,
0,47063950,173,181,
0,47064047,319,161,
0,47064048,25,12,
0,47064490,465,153,
0,47064845,104,81,
0,47065120,62,5,
0,47065146,50,13,
0,47065179,96,22,
0,47065729,103,92,
0,47065816,25,6,
0,47065972,76,47,
0,47066241,456,294,
0,47066347,40,12,
0,47066446,77,16,
0,47066552,825,425,
0,47067031,369,178,
0,47067187,6,0,
0,47067270,476,960,
0,47067304,24,1,
0,47067395,142,51,
0,47067498,116,86,
0,47067706,21,0,
0,47067759,367,238,
0,47068320,170,133,
0,47068890,202,77,
0,47068948,288,172,
0,47069179,228,88,
0,47069299,651,790,
0,47069650,168,58,
0,47069682,14,0,
0,47069876,82,28,
0,47069918,79,13,
0,47070446,27,23,
0,47070680,100,16,
0,47071770,27,1,
0,47072444,197,94,
0,47072539,137,54,
0,47072603,82,21,
0,47072849,76,36,
0,47072863,131,65,
0,47072968,433,74,
0,47073044,142,22,
0,47073112,312,161,
0,47073237,36,3,
0,47073684,52,32,
0,47073947,119,50,
0,47074083,38,29,
0,47074178,64,7,
0,47074321,84,98,
0,47074389,310,470,
0,47074671,79,31,
0,47074735,961,910,
0,47074869,136,103,
0,47075124,651,215,
0,47075245,212,124,
0,47075295,18,1,19
0,47075400,104,97,
0,47075446,23,9,
0,47075455,389,525,
0,47075716,80,24,
0,47076052,23,5,
0,47076659,265,48,
0,47076789,47,16,27
0,47076966,697,371,
0,47077245,118,33,
0,47077358,56,27,
0,47077383,142,183,
0,47077656,65,37,
0,47077731,49,74,
0,47077743,8,0,
0,47077844,312,370,
0,47078047,42,13,
0,47078109,54,2,
0,47078112,328,114,
0,47078167,198,395,
0,47078324,518,571,
0,47078840,161,152,
0,47078941,74,22,
0,47079222,516,539,
0,47079590,88,66,
0,47079718,191,76,
0,47080267,192,128,
0,47080785,66,8,
0,47080873,57,18,
0,47081624,19,1,
0,47081657,16,1,
0,47082496,318,144,
0,47082548,124,98,
0,47082854,108,29,
0,47083086,23,20,
0,47083145,532,499,
0,47083648,216,98,
0,47083735,149,87,
0,47083882,73,15,
0,47084000,150,59,
0,47084431,11,6,
0,47085041,31,18,
0,47085061,25,5,22
0,47085370,210,151,
0,47085387,163,56,
0,47085425,243,45,
0,47085483,745,374,
0,47085790,15,0,23
0,47085899,4,2,
0,47086181,837,450,
0,47086319,142,84,
0,47086557,131,62,
0,47086900,11,14,
0,47086980,302,331,
0,47087719,311,89,
0,47087838,63,19,25
0,47088005,47,11,
0,47088037,832,225,
0,47088076,22,11,4
0,47088096,14,0,
0,47088166,258,188,
0,47088181,704,255,
0,47088307,20,6,
0,47088517,5,0,
0,47088685,440,262,
0,47089213,1519,1282,
0,47089907,202,207,
0,47089933,21,6,
0,47090261,5,0,
0,47090705,14,0,
0,47091071,122,23,
0,47091214,7,2,
0,47091419,2225,729,
0,47091469,139,61,
0,47091557,156,164,
0,47091606,233,239,
0,47091659,43,10,
0,47091748,1493,837,
0,47091763,61,49,
0,47092006,611,366,
0,47092203,312,169,
0,47092348,29,9,
0,47092578,902,432,
0,47092809,6,0,
0,47093604,13,0,
0,47093724,230,22,
0,47093978,5,0,
0,47094149,103,52,
0,47094192,640,187,
0,47094291,28,6,
0,47094429,88,60,
0,47094637,80,118,
0,47094877,194,94,
0,47095105,186,269,
0,47095134,465,295,
0,47095195,3,1,
0,47095344,54,3,
0,47095420,56,5,
0,47095429,256,90,
0,47095560,5,2,
0,47095592,20,12,
0,47095597,363,255,
0,47095972,20,26,
0,47096167,337,51,
0,47096186,5,0,
0,47096253,407,919,
0,47096379,6,1,
0,47096466,154,80,
0,47096520,228,83,
0,47096900,5,2,
0,47097405,3,0,
0,47097446,4,0,
0,47097554,14,7,
0,47097904,62,67,
0,47098029,10,3,
0,47098172,69,48,
0,47098245,1455,490,
0,47098252,72,70,
0,47098290,4,3,
0,47098296,247,148,
0,47098324,45,15,
0,47098351,5,0,
0,47098582,292,125,
0,47098593,28,2,
0,47098669,130,31,
0,47098687,235,186,
0,47098744,122,53,
0,47098785,5,0,
0,47098828,143,124,
0,47098829,9,7,
0,47098839,40,80,
0,47098978,6,1,
0,47099087,37,12,
0,47099401,4,0,
0,47099476,4,1,
0,47099485,61,4,
0,47099844,133,211,
0,47099941,4,0,
0,47099980,63,53,
0,47100190,60,6,
0,47100232,277,149,
0,47100468,44,8,
0,47100612,148,117,10
0,47100714,16,2,
0,47100935,32,15,
0,47101171,261,267,
0,47101200,222,85,
0,47101890,86,28,
0,47101951,4,0,
0,47102208,60,10,
0,47102441,6,1,
0,47102479,5,1,
0,47102576,502,219,
0,47102610,3,1,
0,47102763,72,45,
0,47102975,242,171,
0,47103136,172,508,
0,47103506,120,49,
0,47103581,43,3,
0,47103649,188,125,
0,47103661,416,249,
0,47103931,249,72,
0,47103945,111,41,
0,47103954,12,1,
0,47104019,10,0,
0,47104061,13,2,
0,47104155,11,0,
0,47104185,209,76,
0,47104223,33,18,
0,47104251,27,2,
0,47104282,17,2,
0,47104432,7,4,
0,47104433,12,6,
0,47104510,10,0,
0,47104613,31,6,
0,47104667,387,102,
0,47104953,24,4,
0,47104973,422,453,
0,47105086,11,5,
0,47105198,189,61,
0,47105821,6,4,
0,47106013,14,12,
0,47106384,5,0,
0,47106390,20,8,
0,47106547,40,1,
0,47106686,947,577,
0,47106688,7,1,
0,47106829,39,4,
0,47106866,12,2,
0,47106937,5,1,
0,47106985,154,91,
0,47107080,15,3,
0,47107165,54,36,
0,47107480,17,2,
0,47107540,4,1,
0,47107601,9,5,
0,47107781,202,32,
0,47107974,3,1,
0,47108194,3,0,
0,47108256,81,53,
0,47108516,25,16,
0,47108542,21,1,
0,47108543,52,14,
0,47108601,9,17,
0,47108614,17,0,
0,47108894,3,0,
0,47108977,106,90,
0,47108989,218,115,
0,47109802,9,3,
0,47110124,16,9,
0,47110155,14,6,
0,47110268,15,2,
0,47110473,242,61,
0,47110491,3,0,
0,47110515,640,264,
0,47110533,24,5,
0,47110549,73,83,
0,47110634,33,3,
0,47110647,37,6,
0,47110781,38,3,
0,47110812,3,0,
0,47110877,4,0,
0,47110946,41,4,
0,47111039,12,3,
0,47111042,77,15,
0,47111067,289,446,
0,47111164,3,1,
0,47111218,178,50,
0,47111325,22,3,
0,47111400,404,229,
0,47111420,49,9,
0,47111440,238,93,
0,47111495,19,3,
0,47111626,180,39,
0,47111638,5,0,
0,47111681,17,2,
0,47111751,5,1,
0,47111847,5,0,
0,47111892,4,0,
0,47111929,40,5,
0,47111981,125,58,
0,47112148,4,1,
0,47112174,268,89,
0,47112228,5,0,
0,47112252,40,12,
0,47112309,15,0,
0,47112431,45,46,
0,47112543,11,6,
0,47112619,5,0,
0,47112667,4,0,
0,47112719,32,19,
0,47112835,7,1,
0,47112892,149,76,
0,47112905,7,13,
0,47112925,149,46,
0,47112971,9,1,
0,47113044,28,3,
0,47113247,27,1,
0,47113325,104,32,
0,47113401,82,8,20
0,47113519,5,0,
0,47113527,132,64,
0,47113567,207,62,
0,47113591,7,7,
0,47113600,15,1,
0,47113618,558,373,
0,47113708,10,1,
0,47113728,1525,353,
0,47113731,162,123,
0,47113762,17,20,
0,47113769,99,124,
0,47113782,43,5,
0,47113796,298,60,
0,47113891,11,5,
0,47113892,41,64,
0,47113916,4,0,
0,47113936,42,42,
0,47113946,3,0,
0,47114014,48,9,
0,47114054,78,55,
0,47114165,4,0,
0,47114170,4,1,
0,47114235,209,241,
0,47114258,8,0,
0,47114412,67,52,
0,47114530,458,96,
0,47114579,193,180,
0,47114590,34,3,
0,47114672,59,56,
0,47114678,12,0,
0,47114830,33,14,
0,47114881,6,3,
0,47114908,31,4,
0,47115009,98,23,
0,47115051,26,5,
0,47115149,91,36,
0,47115235,3,1,
0,47115409,14,2,
0,47115544,10,0,
0,47115574,5,0,
0,47115575,111,28,
0,47115805,782,677,
0,47115811,10,1,
0,47115899,71,73,
0,47116021,111,21,
0,47116026,130,15,
0,47116050,6,0,
0,47116121,31,3,
0,47116185,61,2,
0,47116317,34,5,
0,47116461,31,2,
0,47116719,5,1,
0,47116741,32,9,
0,47116771,12,0,
0,47116853,5,0,
0,47116866,52,33,
0,47116919,18,1,
0,47116988,19,1,
0,47117087,222,226,
0,47117102,7,4,
0,47117169,71,32,
0,47117459,240,132,
0,47117725,6,4,
0,47117780,257,70,
0,47117848,8,0,
0,47117872,7,1,
0,47117886,159,53,
0,47117937,4,2,
0,47117946,73,41,
0,47117966,84,72,
0,47118055,64,35,
0,47118217,7,1,
0,47118318,5,2,
0,47118415,9,1,
0,47118507,14,4,
0,47118721,5,1,
0,47118787,7,0,
0,47118838,4,0,
0,47119141,14,0,
0,47119210,524,412,
0,47119274,351,117,13
0,47119530,520,96,8
0,47119665,3,0,
0,47119871,133,49,28
0,47120076,7,1,
0,47120079,36,42,
0,47120145,168,120,
0,47120188,197,143,
0,47120196,28,14,
0,47120201,85,18,
0,47120899,1053,576,5
0,47120901,44,59,
0,47121029,428,384,
0,47121210,85,52,
0,47121233,23,6,
0,47121246,19,2,
0,47121498,17,1,
0,47121539,116,14,26
0,47121652,13,3,
0,47121718,9,6,
0,47121864,109,94,
0,47122337,57,81,
0,47122715,1174,947,2
0,47122759,6,0,
0,47122789,220,100,27
0,47123321,53,12,
0,47123433,39,19,
0,47123590,58,55,
0,47123631,180,40,6
0,47123760,34,4,
0,47123801,22,12,
0,47123805,78,98,
0,47123894,105,37,14
0,47124064,7,0,
0,47124103,4,2,
0,47124149,174,118,15
0,47124171,15,1,
0,47124190,21,1,
0,47124289,4,0,
0,47124336,5,1,
0,47124475,60,104,
0,47124521,4,0,
0,47124877,83,89,
0,47125019,66,66,
0,47125046,106,76,
0,47125060,9,0,
0,47125286,94,126,
0,47125345,19,9,
0,47125349,243,64,16
0,47125374,76,116,
0,47125383,18,5,
0,47125415,19,5,
0,47125572,5,0,
0,47125726,39,3,
0,47126001,3,0,
0,47126156,8,3,
0,47126177,52,19,
0,47126316,8,3,
0,47126378,8,2,
0,47126614,114,111,
0,47126667,9,4,
0,47126982,22,9,
0,47127081,547,363,21
0,47127133,59,29,
0,47127396,383,161,18
0,47127532,15,6,
0,47127838,9,0,
0,47127851,8,0,
0,47127986,135,43,1
0,47128138,84,99,
0,47128170,11,1,
0,47128245,12,6,
0,47128535,45,20,7
0,47128604,10,1,
0,47128631,35,7,8
0,47128745,14,7,
0,47128799,86,45,
0,47128907,71,68,
0,47128960,228,85,
0,47129010,14,1,
0,47129361,207,160,1
0,47129472,24,1,
0,47129633,8,0,
0,47129647,57,24,18
0,47129683,12,0,
0,47129727,26,15,11
0,47129922,16,9,
0,47130208,107,64,4
0,47130670,15,2,30
0,47130897,14,1,
0,47131017,5,0,
0,47131219,5,1,22
1,47060334,97,16,
1,47060835,57,56,
1,47061013,28,23,
1,47061029,83,40,
1,47061062,112,82,
1,47061350,20,5,
1,47061614,778,389,
1,47061920,23,1,
1,47062096,86,35,
1,47062521,278,383,
1,47062561,124,102,
1,47062748,378,217,
1,47062824,40,32,
1,47062883,88,17,
1,47063005,469,249,
1,47063663,160,83,
1,47063950,173,181,
1,47064047,319,161,
1,47064048,25,12,
1,47064490,465,153,
1,47064845,104,81,
1,47065120,62,5,
1,47065146,50,13,
1,47065179,96,22,
1,47065729,103,92,
1,47065816,25,6,
1,47065972,76,47,
1,47066241,457,294,
1,47066347,40,12,
1,47066446,77,16,
1,47066552,825,425,
1,47067031,369,179,
1,47067187,6,0,
1,47067270,476,960,
1,47067304,24,1,
1,47067395,142,51,
1,47067498,116,86,
1,47067706,21,0,
1,47067759,367,238,
1,47068320,170,133,
1,47068890,202,77,
1,47068948,288,172,
1,47069179,228,88,
1,47069299,651,790,
1,47069650,168,58,
1,47069682,14,0,
1,47069876,82,28,
1,47069918,79,13,
1,47070446,27,23,
1,47070680,100,16,
1,47071770,27,1,
1,47072444,197,94,
1,47072539,137,54,
1,47072603,82,21,
1,47072849,76,36,
1,47072863,131,65,
1,47072968,433,74,
1,47073044,142,22,
1,47073112,312,161,
1,47073237,36,3,
1,47073684,52,32,
1,47073947,119,50,
1,47074083,38,29,
1,47074178,64,7,
1,47074321,84,98,
1,47074389,310,470,
1,47074671,79,31,
1,47074735,961,910,
1,47074869,136,103,
1,47075124,652,215,
1,47075245,212,124,
1,47075295,18,1,23
1,47075400,104,97,
1,47075446,23,9,
1,47075455,390,526,
1,47075716,81,24,
1,47076052,23,5,
1,47076659,265,48,
1,47076789,49,16,
1,47076966,697,371,
1,47077245,118,33,
1,47077358,56,29,
1,47077383,142,183,
1,47077656,65,37,
1,47077731,49,74,
1,47077743,8,0,
1,47077844,312,370,
1,47078047,42,13,
1,47078109,54,2,
1,47078112,332,114,
1,47078167,198,395,
1,47078324,518,571,
1,47078840,161,152,
1,47078941,74,22,
1,47079222,516,539,
1,47079590,88,66,
1,47079718,191,76,
1,47080267,192,128,
1,47080785,66,8,
1,47080873,57,18,
1,47081624,19,1,
1,47081657,16,1,
1,47082496,318,144,
1,47082548,124,98,
1,47082854,108,29,
1,47083086,23,20,
1,47083145,532,499,
1,47083648,216,98,
1,47083735,149,87,
1,47083882,73,15,
1,47084000,152,59,
1,47084431,11,6,
1,47085041,31,18,
1,47085061,25,5,27
1,47085370,210,151,
1,47085387,163,56,
1,47085425,243,45,
1,47085483,745,374,
1,47085790,17,0,
1,47086181,837,450,
1,47086319,142,84,
1,47086557,131,62,
1,47086900,11,14,
1,47087719,311,89,
1,47087838,64,20,
1,47088005,48,11,
1,47088037,832,225,
1,47088076,27,17,8
1,47088096,14,0,
1,47088166,258,188,
1,47088181,704,255,
1,47088307,20,6,
1,47088517,5,0,
1,47088685,440,262,
1,47089213,1519,1282,
1,47089907,202,207,
1,47089933,21,6,
1,47090261,5,0,
1,47090705,14,0,
1,47091071,122,23,
1,47091214,7,2,
1,47091419,2227,729,
1,47091469,139,61,
1,47091557,156,164,
1,47091606,233,239,
1,47091659,43,10,
1,47091748,1493,837,
1,47091763,61,49,
1,47092006,611,366,
1,47092203,313,169,
1,47092348,29,9,
1,47092578,902,432,
1,47092809,6,0,
1,47093604,13,0,
1,47093724,230,22,
1,47093959,10,1,19
1,47093978,5,0,
1,47094149,103,52,
1,47094192,640,187,
1,47094429,88,60,
1,47094637,80,118,
1,47094877,194,94,
1,47095105,186,269,
1,47095134,465,295,
1,47095344,54,3,
1,47095420,56,5,
1,47095429,256,90,
1,47095560,5,2,
1,47095592,20,12,
1,47095597,363,255,
1,47095972,21,27,
1,47096167,337,51,
1,47096186,5,0,
1,47096253,407,919,
1,47096379,6,1,
1,47096466,154,80,
1,47096520,228,83,
1,47096900,5,2,
1,47097405,3,0,
1,47097446,4,0,
1,47097554,14,7,
1,47097904,62,67,
1,47098029,10,3,
1,47098172,69,48,
1,47098245,1455,490,
1,47098252,72,70,
1,47098290,4,3,
1,47098296,247,148,
1,47098324,45,15,
1,47098351,5,0,
1,47098582,293,125,
1,47098593,28,2,
1,47098669,130,31,
1,47098687,235,186,
1,47098744,122,53,
1,47098785,5,0,
1,47098828,143,124,
1,47098829,9,7,
1,47098839,40,80,
1,47098978,6,1,
1,47099087,37,12,
1,47099401,4,0,
1,47099476,4,1,
1,47099485,61,4,
1,47099844,133,211,
1,47099941,4,0,
1,47099980,63,53,
1,47100190,60,6,
1,47100232,277,149,
1,47100468,44,8,
1,47100612,149,127,21
1,47100714,16,2,
1,47100935,32,15,
1,47101171,262,267,
1,47101200,222,85,
1,47101890,86,28,
1,47101951,4,0,
1,47102208,60,10,
1,47102441,6,1,
1,47102479,5,1,
1,47102576,502,219,
1,47102610,3,1,
1,47102763,72,45,
1,47102975,242,171,
1,47103136,172,508,
1,47103506,120,49,
1,47103581,43,3,
1,47103649,188,125,
1,47103661,417,250,
1,47103931,249,72,
1,47103945,111,41,
1,47103954,12,1,
1,47104019,10,0,
1,47104061,13,2,
1,47104155,11,0,
1,47104185,209,76,
1,47104223,33,18,
1,47104251,27,2,
1,47104282,17,2,
1,47104432,7,4,
1,47104433,12,6,
1,47104510,10,0,
1,47104613,31,6,
1,47104667,387,102,
1,47104953,24,4,
1,47104973,422,454,
1,47105086,11,5,
1,47105198,189,61,
1,47105821,6,4,
1,47106013,14,12,
1,47106384,5,0,
1,47106390,20,8,
1,47106547,40,1,
1,47106686,947,580,
1,47106688,7,1,
1,47106829,39,4,
1,47106866,12,2,
1,47106937,5,1,
1,47106985,154,91,
1,47107080,15,3,
1,47107165,54,36,
1,47107480,17,2,
1,47107540,4,1,
1,47107601,9,5,
1,47107781,202,32,
1,47107974,3,1,
1,47108194,3,0,
1,47108516,25,17,
1,47108542,21,1,
1,47108543,52,14,
1,47108601,9,17,
1,47108614,17,0,
1,47108894,3,0,
1,47108977,106,90,
1,47108989,218,115,
1,47109802,9,3,
1,47110124,16,9,
1,47110155,14,6,
1,47110268,15,2,
1,47110473,242,61,
1,47110491,3,0,
1,47110515,640,265,
1,47110533,24,5,
1,47110549,73,83,
1,47110634,33,3,
1,47110647,37,6,
1,47110781,38,3,
1,47110812,3,0,
1,47110877,4,0,
1,47110946,41,4,
1,47111039,12,3,
1,47111042,77,15,
1,47111067,289,446,
1,47111164,3,1,
1,47111218,178,50,
1,47111325,22,3,
1,47111400,404,229,
1,47111420,49,9,
1,47111440,238,93,
1,47111495,19,3,
1,47111626,180,39,
1,47111638,5,0,
1,47111681,17,2,
1,47111751,5,1,
1,47111892,4,0,
1,47111929,40,5,
1,47111981,126,58,
1,47112148,4,1,
1,47112174,268,89,
1,47112228,5,0,
1,47112309,15,0,
1,47112431,45,47,
1,47112543,11,6,
1,47112619,5,0,
1,47112667,4,0,
1,47112719,32,19,
1,47112835,7,1,
1,47112892,151,80,
1,47112905,7,13,
1,47112925,149,46,
1,47112971,9,1,
1,47113044,28,3,
1,47113247,27,1,
1,47113325,104,32,
1,47113401,85,10,24
1,47113519,5,0,
1,47113527,132,64,
1,47113567,207,63,
1,47113591,7,7,
1,47113600,15,1,
1,47113618,558,375,
1,47113708,10,1,
1,47113728,1526,354,
1,47113731,162,123,
1,47113762,17,20,
1,47113769,99,124,
1,47113782,43,5,
1,47113796,300,60,
1,47113891,11,5,
1,47113892,41,64,
1,47113916,4,0,
1,47113936,42,42,
1,47113946,3,0,
1,47114014,48,9,
1,47114054,78,55,
1,47114165,5,0,
1,47114170,4,1,
1,47114235,209,241,
1,47114258,8,0,
1,47114412,67,52,
1,47114530,460,96,
1,47114579,194,180,
1,47114590,34,3,
1,47114672,59,56,
1,47114678,12,0,
1,47114830,33,14,
1,47114881,6,3,
1,47114908,31,4,
1,47115009,98,23,
1,47115051,26,5,
1,47115149,92,37,
1,47115235,3,1,
1,47115409,14,2,
1,47115544,10,0,
1,47115574,5,0,
1,47115575,111,29,
1,47115805,783,680,
1,47115811,11,1,
1,47115899,71,73,
1,47116021,111,21,
1,47116026,131,15,
1,47116050,6,0,
1,47116121,31,3,
1,47116185,61,2,
1,47116317,34,5,
1,47116461,31,2,
1,47116719,5,1,
1,47116741,32,9,
1,47116771,13,0,
1,47116853,5,0,
1,47116866,52,33,
1,47116919,18,1,
1,47116988,19,1,
1,47117087,222,227,
1,47117102,7,4,
1,47117169,72,32,
1,47117459,240,132,
1,47117725,6,4,
1,47117780,257,70,
1,47117848,8,0,
1,47117872,7,1,
1,47117886,164,54,
1,47117937,4,2,
1,47117946,73,41,
1,47117966,85,72,
1,47118055,64,37,
1,47118217,7,1,
1,47118318,5,3,
1,47118415,9,1,
1,47118507,14,4,
1,47118721,5,1,
1,47118778,4,9,
1,47118787,7,0,
1,47118838,4,0,
1,47119141,14,0,
1,47119210,526,417,
1,47119274,356,120,15
1,47119530,525,96,26
1,47119665,3,0,
1,47119871,136,49,30
1,47120076,7,1,
1,47120079,37,42,
1,47120145,168,120,
1,47120188,199,143,
1,47120196,28,14,
1,47120201,86,18,
1,47120899,1074,584,6
1,47120901,44,59,
1,47121029,432,385,
1,47121210,86,52,
1,47121233,25,7,
1,47121246,19,2,
1,47121498,17,1,
1,47121539,120,14,28
1,47121652,13,3,
1,47121718,9,6,
1,47121864,109,107,
1,47122337,61,81,
1,47122715,1200,964,5
1,47122759,6,0,
1,47122789,226,106,
1,47123321,55,12,
1,47123433,39,20,
1,47123590,59,55,
1,47123631,188,44,7
1,47123760,37,4,
1,47123801,22,12,
1,47123805,79,99,
1,47123894,122,38,18
1,47124064,7,1,
1,47124103,4,2,
1,47124149,180,126,16
1,47124171,18,1,
1,47124190,22,2,
1,47124289,4,0,
1,47124336,5,1,
1,47124475,61,104,
1,47124521,4,0,
1,47124877,83,89,
1,47125019,67,66,
1,47125046,107,78,
1,47125060,9,0,
1,47125286,96,127,
1,47125345,19,9,
1,47125349,260,69,20
1,47125374,77,117,
1,47125383,18,5,
1,47125415,19,5,
1,47125484,9,5,12
1,47125572,5,0,
1,47125726,39,3,
1,47126001,4,0,
1,47126156,8,4,
1,47126177,55,20,
1,47126316,8,3,
1,47126378,9,2,
1,47126614,115,111,
1,47126667,9,4,
1,47126982,24,9,
1,47127081,583,395,29
1,47127133,63,29,
1,47127396,411,178,22
1,47127532,17,8,
1,47127838,12,1,
1,47127851,8,0,
1,47127986,139,49,3
1,47128094,5,0,
1,47128138,86,102,
1,47128170,12,1,
1,47128245,13,6,
1,47128535,56,30,13
1,47128604,10,1,
1,47128628,3,1,
1,47128631,44,7,11
1,47128745,15,8,
1,47128799,90,47,
1,47128827,6,0,
1,47128859,4,1,
1,47128907,72,69,
1,47128960,232,93,
1,47129010,14,1,
1,47129241,3,0,
1,47129324,4,0,
1,47129361,242,190,2
1,47129472,30,1,
1,47129633,9,0,
1,47129647,87,48,17
1,47129683,16,0,
1,47129727,44,26,10
1,47129922,20,14,
1,47130208,158,144,9
1,47130431,8,2,25
1,47130670,16,2,
1,47130713,4,1,
1,47130725,8,2,
1,47130860,32,1,4
1,47130962,5,2,
1,47131017,6,0,
1,47131035,4,0,
1,47131047,6,0,
1,47131173,56,25,1
1,47131219,8,15,
1,47131224,5,0,
1,47131380,6,2,
1,47131689,5,2,
2,47060334,97,16,
2,47060835,57,56,
2,47061013,28,23,
2,47061029,84,40,
2,47061062,112,82,
2,47061350,20,5,
2,47061614,778,390,
2,47061920,23,1,
2,47062096,86,35,
2,47062521,278,383,
2,47062561,124,102,
2,47062748,378,217,
2,47062824,40,32,
2,47062883,89,17,
2,47063005,469,249,
2,47063663,160,83,
2,47063950,173,181,
2,47064047,319,161,
2,47064048,25,12,
2,47064490,466,153,
2,47064845,104,81,
2,47065120,62,5,
2,47065146,50,13,
2,47065179,96,22,
2,47065729,103,92,
2,47065816,25,6,
2,47065972,76,47,
2,47066241,457,294,
2,47066347,40,12,
2,47066446,78,16,
2,47066552,826,425,
2,47067031,370,179,
2,47067187,6,0,
2,47067270,477,960,
2,47067304,24,1,
2,47067395,142,51,
2,47067498,116,86,
2,47067706,21,0,
2,47067759,367,238,
2,47068320,170,133,
2,47068890,202,77,
2,47068948,288,172,
2,47069179,228,88,
2,47069299,652,790,
2,47069650,168,58,
2,47069682,14,0,
2,47069876,82,28,
2,47069918,79,13,
2,47070446,27,23,
2,47070680,100,16,
2,47071770,27,1,
2,47072444,198,94,
2,47072539,137,54,
2,47072603,82,21,
2,47072849,76,36,
2,47072863,131,65,
2,47072968,434,74,
2,47073044,142,22,
2,47073112,312,161,
2,47073237,36,3,
2,47073684,52,32,
2,47073947,119,50,
2,47074083,38,29,
2,47074178,64,7,
2,47074321,84,98,
2,47074389,311,470,
2,47074671,79,31,
2,47074735,961,910,
2,47074869,137,103,
2,47075124,652,215,
2,47075245,212,124,
2,47075295,20,1,27
2,47075400,104,97,
2,47075446,24,9,
2,47075455,393,530,
2,47075716,81,24,
2,47076052,23,5,
2,47076659,265,48,
2,47076789,51,16,
2,47076966,697,371,
2,47077245,118,33,
2,47077358,59,30,
2,47077383,142,183,
2,47077656,65,37,
2,47077743,8,0,
2,47077844,312,370,
2,47078109,54,2,
2,47078112,332,114,
2,47078167,198,395,
2,47078324,518,571,
2,47078840,161,152,
2,47079222,516,541,
2,47079590,88,66,
2,47079718,191,76,
2,47080267,192,128,
2,47080785,66,8,
2,47080873,57,18,
2,47081624,19,1,
2,47081657,16,1,
2,47082496,318,144,
2,47082548,125,98,
2,47082854,108,29,
2,47083086,23,20,
2,47083145,532,499,
2,47083648,216,98,
2,47083735,149,87,
2,47083882,73,15,
2,47084000,152,59,
2,47085041,31,18,
2,47085061,26,5,
2,47085370,210,151,
2,47085387,164,56,
2,47085425,243,45,
2,47085483,745,374,
2,47085790,19,0,
2,47086181,838,450,
2,47086319,142,84,
2,47086557,131,62,
2,47086900,11,14,
2,47087719,311,89,
2,47087838,69,20,
2,47088005,48,11,
2,47088037,833,225,
2,47088076,31,20,9
2,47088096,14,0,
2,47088166,258,188,
2,47088181,705,255,
2,47088307,20,6,
2,47088517,5,0,
2,47088685,440,262,
2,47089213,1519,1283,
2,47089405,9,2,23
2,47089907,202,207,
2,47089933,21,6,
2,47090261,5,0,
2,47090705,14,0,
2,47091071,122,23,
2,47091214,7,2,
2,47091419,2228,729,
2,47091469,139,61,
2,47091557,156,164,
2,47091606,233,239,
2,47091748,1494,837,
2,47091763,61,49,
2,47092006,611,366,
2,47092203,314,169,
2,47092348,29,9,
2,47092578,902,432,
2,47092809,6,0,
2,47093604,13,0,
2,47093724,230,22,
2,47093959,14,1,22
2,47093978,5,0,
2,47094149,103,52,
2,47094192,640,187,
2,47094429,88,60,
2,47094637,80,118,
2,47094877,194,94,
2,47095105,187,269,
2,47095134,465,295,
2,47095344,54,3,
2,47095420,56,5,
2,47095429,256,90,
2,47095560,5,2,
2,47095592,20,12,
2,47095597,363,255,
2,47095972,21,27,
2,47096167,337,51,
2,47096253,407,920,
2,47096466,154,80,
2,47096520,228,83,
2,47097446,4,0,
2,47097554,14,7,
2,47097904,63,67,
2,47098029,10,3,
2,47098172,69,48,
2,47098245,1457,490,
2,47098252,72,70,
2,47098290,4,3,
2,47098296,247,148,
2,47098324,45,15,
2,47098351,5,0,
2,47098582,293,125,
2,47098593,28,2,
2,47098669,130,31,
2,47098687,235,186,
2,47098744,122,53,
2,47098785,5,0,
2,47098828,143,124,
2,47098829,9,7,
2,47098839,40,80,
2,47098978,6,1,
2,47099087,37,12,
2,47099401,4,0,
2,47099476,4,1,
2,47099485,61,4,
2,47099844,133,211,
2,47099941,4,0,
2,47099980,63,53,
2,47100190,60,6,
2,47100232,277,149,
2,47100468,44,8,
2,47100612,153,134,21
2,47100714,16,2,
2,47100935,32,15,
2,47101171,262,267,
2,47101200,222,85,
2,47101890,86,28,
2,47101951,4,0,
2,47102208,60,10,
2,47102441,6,1,
2,47102479,5,1,
2,47102576,502,219,
2,47102610,3,1,
2,47102763,72,45,
2,47102975,242,171,
2,47103136,172,508,
2,47103506,120,49,
2,47103581,43,3,
2,47103649,188,125,
2,47103661,418,250,
2,47103931,249,72,
2,47103945,111,41,
2,47103954,12,1,
2,47104019,10,0,
2,47104061,13,2,
2,47104155,11,0,
2,47104185,209,77,
2,47104223,33,18,
2,47104251,28,2,
2,47104282,17,2,
2,47104432,7,4,
2,47104433,12,6,
2,47104613,31,6,
2,47104667,387,102,
2,47104953,24,4,
2,47104973,423,454,
2,47105086,11,5,
2,47105198,189,61,
2,47105821,7,4,
2,47106384,5,0,
2,47106390,20,8,
2,47106547,40,1,
2,47106686,948,580,
2,47106688,7,1,
2,47106829,39,4,
2,47106937,5,1,
2,47106985,154,91,
2,47107080,15,3,
2,47107165,54,36,
2,47107480,17,2,
2,47107540,4,1,
2,47107601,9,5,
2,47107781,202,32,
2,47107974,3,1,
2,47108194,3,0,
2,47108516,25,17,
2,47108542,21,1,
2,47108543,52,14,
2,47108601,9,17,
2,47108614,17,0,
2,47108894,3,0,
2,47108977,106,90,
2,47108989,218,115,
2,47109802,9,3,
2,47110155,14,6,
2,47110268,15,2,
2,47110473,243,61,
2,47110491,3,0,
2,47110515,640,265,
2,47110533,24,5,
2,47110549,73,83,
2,47110634,33,3,
2,47110647,37,6,
2,47110781,38,3,
2,47110877,4,0,
2,47110946,41,4,
2,47111039,12,3,
2,47111042,78,15,
2,47111067,289,446,
2,47111164,3,1,
2,47111218,178,50,
2,47111325,22,3,
2,47111400,405,229,
2,47111420,49,9,
2,47111440,238,93,
2,47111495,19,3,
2,47111626,182,39,
2,47111638,5,0,
2,47111681,17,2,
2,47111751,5,1,
2,47111892,4,0,
2,47111929,40,5,
2,47111981,126,58,
2,47112148,4,1,
2,47112174,270,90,
2,47112228,5,0,
2,47112309,16,0,
2,47112431,45,47,
2,47112543,11,7,
2,47112619,5,0,
2,47112719,32,19,
2,47112835,7,1,
2,47112892,151,80,
2,47112905,7,13,
2,47112925,149,46,
2,47112971,9,1,
2,47113247,27,1,
2,47113325,105,32,
2,47113401,88,10,25
2,47113527,132,64,
2,47113567,207,63,
2,47113591,7,7,
2,47113600,15,1,
2,47113618,562,376,
2,47113708,10,1,
2,47113728,1530,355,
2,47113731,162,123,
2,47113762,17,21,
2,47113769,99,124,
2,47113782,43,5,
2,47113796,301,60,
2,47113891,11,5,
2,47113892,41,65,
2,47113916,4,0,
2,47113936,42,43,
2,47113946,3,0,
2,47114014,48,9,
2,47114054,78,55,
2,47114165,5,0,
2,47114170,4,1,
2,47114235,209,241,
2,47114258,8,0,
2,47114412,67,52,
2,47114530,465,97,
2,47114579,195,180,
2,47114590,34,3,
2,47114672,59,56,
2,47114678,12,0,
2,47114830,33,14,
2,47114881,6,3,
2,47114908,31,4,
2,47115009,98,23,
2,47115051,26,5,
2,47115149,93,37,
2,47115235,3,1,
2,47115409,14,2,
2,47115544,10,0,
2,47115574,5,0,
2,47115575,112,29,
2,47115805,788,680,
2,47115811,11,1,
2,47115899,71,73,
2,47116021,111,21,
2,47116026,132,26,
2,47116050,6,0,
2,47116121,32,4,
2,47116185,61,2,
2,47116317,35,5,
2,47116461,31,2,
2,47116719,5,1,
2,47116741,32,9,
2,47116771,13,0,
2,47116853,5,0,
2,47116866,52,33,
2,47116919,19,1,
2,47116988,19,1,
2,47117087,222,228,
2,47117102,7,4,
2,47117169,73,32,
2,47117459,240,132,
2,47117725,6,4,
2,47117780,257,70,
2,47117848,9,0,
2,47117872,7,1,
2,47117886,165,55,
2,47117937,4,2,
2,47117946,75,41,
2,47117966,87,73,
2,47118055,64,37,
2,47118217,7,1,
2,47118318,5,3,
2,47118415,9,1,
2,47118507,14,4,
2,47118721,5,1,
2,47118778,4,9,
2,47118787,7,0,
2,47118838,4,0,
2,47119141,14,0,
2,47119210,528,419,
2,47119274,364,120,
2,47119530,534,96,29
2,47119665,3,0,
2,47119871,143,52,30
2,47120076,7,1,
2,47120079,37,42,
2,47120145,169,120,
2,47120188,203,143,
2,47120196,28,14,
2,47120201,87,18,
2,47120899,1088,599,7
2,47120901,44,59,
2,47121029,434,386,
2,47121210,86,52,
2,47121233,27,7,
2,47121246,19,2,
2,47121498,18,1,
2,47121539,123,15,28
2,47121652,13,3,
2,47121718,9,6,
2,47121864,109,116,
2,47122337,61,81,
2,47122715,1225,979,5
2,47122759,6,0,
2,47122789,229,111,
2,47123321,56,12,
2,47123433,41,20,
2,47123590,60,55,
2,47123631,195,44,8
2,47123760,37,4,
2,47123801,22,12,
2,47123805,80,100,
2,47123894,128,40,12
2,47124064,9,1,
2,47124103,4,2,
2,47124149,187,128,14
2,47124171,20,1,
2,47124190,25,2,
2,47124289,4,0,
2,47124336,5,1,
2,47124475,61,104,
2,47124521,4,0,
2,47124877,83,91,
2,47125019,68,66,
2,47125046,110,78,
2,47125060,9,0,
2,47125286,96,128,
2,47125345,19,9,
2,47125349,274,74,18
2,47125374,77,118,
2,47125383,18,5,
2,47125415,19,5,
2,47125484,15,8,13
2,47125572,5,0,
2,47125726,39,3,
2,47126001,4,0,
2,47126156,8,4,
2,47126177,56,20,
2,47126316,8,3,
2,47126378,10,2,
2,47126614,116,113,
2,47126667,9,4,
2,47126982,26,11,
2,47127081,597,400,
2,47127133,64,30,
2,47127396,429,192,24
2,47127532,19,9,
2,47127838,16,1,
2,47127851,8,0,
2,47127986,151,49,4
2,47128094,5,0,
2,47128138,90,107,
2,47128170,12,1,
2,47128245,14,7,
2,47128535,64,31,10
2,47128604,11,1,
2,47128628,6,3,
2,47128631,50,7,11
2,47128745,18,11,
2,47128799,91,51,
2,47128827,9,1,
2,47128859,5,2,
2,47128907,74,71,
2,47128960,234,94,
2,47129010,14,1,
2,47129241,3,0,
2,47129324,4,0,
2,47129361,269,215,3
2,47129472,31,1,
2,47129633,10,0,
2,47129647,111,71,15
2,47129683,22,0,
2,47129727,62,35,6
2,47129922,21,16,
2,47130208,191,178,19
2,47130431,15,4,16
2,47130670,17,3,
2,47130713,11,1,
2,47130725,18,3,
2,47130860,57,3,2
2,47130962,6,3,
2,47131017,7,0,
2,47131035,7,0,
2,47131047,18,0,
2,47131057,3,1,
2,47131173,89,40,1
2,47131219,13,18,
2,47131224,6,0,
2,47131225,8,0,20
2,47131380,11,2,
2,47131506,14,0,
2,47131689,17,2,26
2,47132012,5,2,
3,47060334,97,17,
3,47060835,58,56,
3,47061013,28,23,
3,47061029,84,40,
3,47061062,112,82,
3,47061350,21,5,
3,47061614,778,390,
3,47061920,23,1,
3,47062096,86,35,
3,47062521,278,383,
3,47062561,124,102,
3,47062748,378,217,
3,47062824,40,32,
3,47062883,89,17,
3,47063005,469,249,
3,47063663,160,83,
3,47063950,173,181,
3,47064047,319,161,
3,47064048,25,12,
3,47064490,466,153,
3,47064845,104,81,
3,47065120,62,5,
3,47065146,50,13,
3,47065179,96,22,
3,47065729,104,92,
3,47065816,25,6,
3,47065972,76,47,
3,47066241,458,294,
3,47066347,40,12,
3,47066446,78,16,
3,47066552,826,425,
3,47067031,370,179,
3,47067187,6,0,
3,47067270,477,960,
3,47067304,24,1,
3,47067395,142,51,
3,47067498,116,86,
3,47067706,21,0,
3,47067759,367,238,
3,47068320,170,133,
3,47068890,202,77,
3,47068948,288,172,
3,47069179,228,88,
3,47069299,652,791,
3,47069650,168,58,
3,47069682,15,0,
3,47069876,82,28,
3,47069918,79,13,
3,47070446,27,23,
3,47070680,100,16,
3,47071770,27,1,
3,47072444,198,94,
3,47072539,137,54,
3,47072603,82,21,
3,47072849,76,36,
3,47072863,131,65,
3,47072968,434,74,
3,47073044,142,22,
3,47073112,312,161,
3,47073237,36,3,
3,47073684,52,32,
3,47073947,119,50,
3,47074083,38,29,
3,47074178,64,7,
3,47074321,84,98,
3,47074389,311,470,
3,47074671,79,31,
3,47074735,961,910,
3,47074869,137,103,
3,47075124,652,215,
3,47075245,212,124,
3,47075295,23,1,26
3,47075400,104,97,
3,47075446,24,9,
3,47075455,395,532,
3,47075716,81,24,
3,47076052,23,5,
3,47076659,265,48,
3,47076789,51,16,
3,47076966,697,371,
3,47077245,118,33,
3,47077358,59,30,
3,47077383,142,183,
3,47077656,65,37,
3,47077743,8,0,
3,47077844,312,370,
3,47078109,54,2,
3,47078112,332,114,
3,47078167,198,395,
3,47078324,518,571,
3,47078840,161,152,
3,47079222,516,541,
3,47079590,88,66,
3,47079718,191,76,
3,47080267,192,128,
3,47080785,66,8,
3,47080873,57,18,
3,47081624,19,1,
3,47081657,16,1,
3,47082496,318,144,
3,47082548,126,98,
3,47082854,108,29,
3,47083086,23,20,
3,47083145,532,499,
3,47083648,216,98,
3,47083735,149,87,
3,47083882,73,15,
3,47084000,152,59,
3,47084622,8,4,12
3,47085061,27,5,
3,47085370,210,151,
3,47085387,164,56,
3,47085425,243,45,
3,47085483,745,374,
3,47085790,19,0,
3,47086181,838,451,
3,47086319,142,84,
3,47086557,131,62,
3,47086900,11,14,
3,47087719,311,89,
3,47087838,75,21,
3,47088005,48,11,
3,47088037,833,225,
3,47088076,33,22,14
3,47088096,14,0,
3,47088166,258,188,
3,47088181,705,255,
3,47088307,20,6,
3,47088517,5,0,
3,47088685,440,260,
3,47089213,1519,1285,
3,47089405,11,4,25
3,47089907,202,207,
3,47089933,21,6,
3,47090261,5,0,
3,47090705,14,0,
3,47091071,122,23,
3,47091214,7,2,
3,47091419,2229,730,
3,47091469,139,61,
3,47091557,156,164,
3,47091606,233,239,
3,47091748,1495,837,
3,47091763,61,49,
3,47092006,611,367,
3,47092203,314,169,
3,47092348,29,9,
3,47092578,903,432,
3,47092809,6,0,
3,47093604,13,0,
3,47093724,230,22,
3,47093959,18,1,22
3,47093978,5,0,
3,47094149,103,52,
3,47094192,640,187,
3,47094429,88,60,
3,47094637,80,118,
3,47094877,194,94,
3,47095105,187,269,
3,47095134,465,295,
3,47095344,54,3,
3,47095420,56,5,
3,47095429,256,90,
3,47095560,5,2,
3,47095592,20,12,
3,47095597,363,255,
3,47095972,21,27,
3,47096167,337,51,
3,47096253,407,920,
3,47096466,154,80,
3,47096520,228,83,
3,47097554,14,7,
3,47097904,63,67,
3,47098029,10,3,
3,47098172,69,48,
3,47098245,1457,490,
3,47098252,72,70,
3,47098290,4,3,
3,47098296,247,148,
3,47098324,45,15,
3,47098351,5,0,
3,47098582,293,125,
3,47098593,28,2,
3,47098669,130,31,
3,47098687,235,186,
3,47098744,122,53,
3,47098785,5,0,
3,47098828,143,124,
3,47098829,9,7,
3,47098839,40,80,
3,47098978,6,1,
3,47099087,37,12,
3,47099401,4,0,
3,47099476,4,1,
3,47099485,61,4,
3,47099844,133,211,
3,47099941,4,0,
3,47099980,63,53,
3,47100190,60,6,
3,47100232,277,149,
3,47100468,44,8,
3,47100612,154,147,
3,47100714,16,2,
3,47100935,32,15,
3,47101171,262,267,
3,47101200,222,85,
3,47101890,86,28,
3,47101951,4,0,
3,47102208,60,10,
3,47102441,6,1,
3,47102479,5,1,
3,47102576,502,219,
3,47102610,3,1,
3,47102763,72,45,
3,47102975,243,171,
3,47103136,172,508,
3,47103506,120,49,
3,47103581,43,3,
3,47103649,188,125,
3,47103661,419,250,
3,47103931,249,72,
3,47103945,111,41,
3,47103954,12,1,
3,47104019,10,0,
3,47104061,13,2,
3,47104155,11,0,
3,47104185,209,77,
3,47104223,33,18,
3,47104251,28,2,
3,47104282,17,2,
3,47104432,7,4,
3,47104433,12,6,
3,47104613,31,6,
3,47104667,387,102,
3,47104953,24,4,
3,47104973,423,454,
3,47105086,11,5,
3,47105198,189,61,
3,47105821,7,4,
3,47106384,5,0,
3,47106390,20,8,
3,47106547,40,1,
3,47106686,948,580,
3,47106688,7,1,
3,47106829,39,4,
3,47106937,5,1,
3,47106985,154,91,
3,47107080,15,3,
3,47107165,54,36,
3,47107480,17,2,
3,47107540,4,1,
3,47107781,202,32,
3,47107974,3,1,
3,47108194,3,0,
3,47108516,25,17,
3,47108542,21,1,
3,47108543,52,14,
3,47108601,9,17,
3,47108614,17,0,
3,47108894,3,0,
3,47108977,106,90,
3,47108989,218,115,
3,47109802,9,3,
3,47110155,14,6,
3,47110268,15,2,
3,47110473,243,61,
3,47110491,3,0,
3,47110515,640,265,
3,47110533,24,5,
3,47110549,73,83,
3,47110634,33,3,
3,47110647,37,6,
3,47110781,38,3,
3,47110877,4,0,
3,47110946,41,4,
3,47111039,12,3,
3,47111042,78,15,
3,47111067,289,447,
3,47111164,3,1,
3,47111218,178,50,
3,47111325,22,3,
3,47111400,405,229,
3,47111420,49,9,
3,47111440,238,93,
3,47111495,19,3,
3,47111626,182,39,
3,47111638,5,0,
3,47111681,17,2,
3,47111751,5,1,
3,47111892,4,0,
3,47111929,40,5,
3,47111981,128,58,
3,47112148,4,1,
3,47112174,270,90,
3,47112228,5,0,
3,47112309,16,0,
3,47112431,45,47,
3,47112543,11,7,
3,47112619,5,0,
3,47112719,32,19,
3,47112835,7,1,
3,47112892,153,81,
3,47112905,7,13,
3,47112925,149,48,
3,47112971,9,1,
3,47113247,27,1,
3,47113325,105,32,
3,47113401,89,10,29
3,47113527,132,64,
3,47113567,207,63,
3,47113591,7,7,
3,47113600,15,1,
3,47113618,562,377,
3,47113708,10,1,
3,47113728,1530,355,
3,47113731,163,123,
3,47113762,17,21,
3,47113769,99,124,
3,47113782,43,5,
3,47113796,302,60,
3,47113891,11,5,
3,47113892,41,65,
3,47113916,4,0,
3,47113936,42,43,
3,47113946,3,0,
3,47114014,48,9,
3,47114054,78,55,
3,47114165,5,0,
3,47114170,4,1,
3,47114235,211,241,
3,47114258,8,0,
3,47114412,67,52,
3,47114530,466,97,
3,47114579,197,180,
3,47114590,34,3,
3,47114672,59,56,
3,47114678,12,0,
3,47114830,33,14,
3,47114881,6,3,
3,47114908,31,4,
3,47115009,98,23,
3,47115051,26,5,
3,47115149,93,37,
3,47115235,3,1,
3,47115409,14,2,
3,47115544,10,0,
3,47115574,5,0,
3,47115575,112,29,
3,47115805,788,680,
3,47115811,11,1,
3,47115899,71,73,
3,47116021,112,21,
3,47116026,133,26,
3,47116050,6,0,
3,47116121,32,4,
3,47116185,61,2,
3,47116317,35,5,
3,47116461,31,2,
3,47116719,5,1,
3,47116741,32,9,
3,47116771,13,0,
3,47116853,5,0,
3,47116866,52,33,
3,47116919,19,1,
3,47116988,19,1,
3,47117087,222,229,
3,47117102,7,4,
3,47117169,73,32,
3,47117459,241,133,
3,47117725,6,4,
3,47117780,257,70,
3,47117848,9,0,
3,47117872,7,1,
3,47117886,167,55,
3,47117937,4,2,
3,47117946,75,42,
3,47117966,87,73,
3,47118055,64,37,
3,47118217,7,1,
3,47118318,5,3,
3,47118415,9,1,
3,47118507,14,4,
3,47118721,5,1,
3,47118778,4,9,
3,47118787,7,0,
3,47118838,4,0,
3,47119141,14,0,
3,47119210,531,421,
3,47119274,365,121,
3,47119530,535,95,
3,47119665,3,0,
3,47119871,146,52,30
3,47120076,7,1,
3,47120079,37,42,
3,47120145,169,120,
3,47120188,204,143,
3,47120196,28,14,
3,47120201,87,19,
3,47120899,1106,606,8
3,47120901,44,59,
3,47121029,434,388,
3,47121210,86,52,
3,47121233,29,8,
3,47121246,19,2,
3,47121498,18,1,
3,47121539,128,15,28
3,47121652,13,3,
3,47121718,9,6,
3,47121864,109,116,
3,47122337,61,82,
3,47122715,1269,993,3
3,47122759,6,0,
3,47122789,231,111,
3,47123321,56,12,
3,47123433,41,20,
3,47123590,60,55,
3,47123631,200,47,10
3,47123689,8,0,
3,47123760,37,4,
3,47123801,22,12,
3,47123805,80,100,
3,47123894,135,40,16
3,47124064,10,1,
3,47124103,4,2,
3,47124149,191,132,20
3,47124171,21,2,
3,47124190,27,2,
3,47124289,4,0,
3,47124336,5,1,
3,47124521,4,0,
3,47124877,83,96,
3,47125019,68,66,
3,47125046,113,80,
3,47125060,9,0,
3,47125286,97,128,
3,47125345,20,9,
3,47125349,284,83,23
3,47125374,77,118,
3,47125383,18,5,
3,47125399,3,0,
3,47125415,19,5,
3,47125484,19,13,17
3,47125572,5,0,
3,47125726,39,3,
3,47126001,5,0,
3,47126156,8,4,
3,47126177,56,20,
3,47126316,8,3,
3,47126378,10,3,
3,47126614,118,116,
3,47126667,9,4,
3,47126982,27,14,
3,47127081,607,413,
3,47127133,64,30,
3,47127396,449,198,27
3,47127532,20,10,
3,47127838,17,1,
3,47127851,8,0,
3,47127986,156,50,4
3,47128094,5,0,
3,47128138,110,122,9
3,47128170,12,1,
3,47128245,14,7,
3,47128535,71,33,13
3,47128604,12,1,
3,47128628,9,7,
3,47128631,54,8,15
3,47128745,18,12,
3,47128799,93,53,
3,47128827,10,1,
3,47128859,5,2,
3,47128907,75,71,
3,47128960,234,94,
3,47129010,14,1,
3,47129241,3,0,
3,47129324,4,0,
3,47129361,294,241,5
3,47129472,33,1,
3,47129633,10,0,
3,47129647,128,98,
3,47129683,23,0,
3,47129727,82,43,6
3,47129922,22,16,
3,47130078,7,1,
3,47130208,219,207,
3,47130431,22,11,21
3,47130665,6,0,
3,47130670,18,3,
3,47130713,15,1,
3,47130725,20,3,
3,47130860,83,14,2
3,47130962,7,3,
3,47131017,8,0,
3,47131035,7,0,
3,47131047,30,0,
3,47131057,4,1,
3,47131173,119,49,1
3,47131224,6,0,
3,47131225,29,3,11
3,47131380,13,2,
3,47131506,40,6,18
3,47131689,26,6,24
3,47132012,8,4,
3,47132260,8,3,
3,47132374,6,0,
3,47132388,39,6,7
3,47132402,4,0,
4,47060334,97,17,
4,47060835,58,56,
4,47061013,28,23,
4,47061029,84,40,
4,47061062,112,82,
4,47061350,21,5,
4,47061614,778,390,
4,47061920,23,1,
4,47062096,86,35,
4,47062521,278,383,
4,47062561,124,102,
4,47062748,378,217,
4,47062824,40,32,
4,47062883,89,17,
4,47063005,469,249,
4,47063663,160,83,
4,47063950,173,181,
4,47064047,319,161,
4,47064048,25,12,
4,47064490,466,153,
4,47064845,104,81,
4,47065120,62,5,
4,47065146,50,13,
4,47065179,96,22,
4,47065729,104,92,
4,47065816,25,6,
4,47065972,76,47,
4,47066241,458,294,
4,47066347,40,12,
4,47066446,79,16,
4,47066552,826,425,
4,47067031,370,180,
4,47067187,6,0,
4,47067270,477,960,
4,47067304,24,1,
4,47067395,142,51,
4,47067498,116,86,
4,47067706,21,0,
4,47067759,367,238,
4,47068320,170,133,
4,47068890,202,77,
4,47068948,288,172,
4,47069179,228,89,
4,47069299,652,791,
4,47069650,168,58,
4,47069682,15,0,
4,47069876,82,28,
4,47069918,79,13,
4,47070446,27,23,
4,47070680,100,16,
4,47071770,27,1,
4,47072444,198,94,
4,47072539,137,54,
4,47072603,82,21,
4,47072849,76,36,
4,47072863,131,65,
4,47072968,434,74,
4,47073044,142,22,
4,47073112,312,161,
4,47073237,36,3,
4,47073684,52,32,
4,47073947,119,50,
4,47074083,38,29,
4,47074178,64,7,
4,47074321,84,98,
4,47074389,311,470,
4,47074671,79,31,
4,47074735,961,910,
4,47074869,137,103,
4,47075124,652,215,
4,47075245,212,124,
4,47075295,25,1,
4,47075400,104,97,
4,47075446,24,9,
4,47075455,396,534,
4,47075716,81,24,
4,47076052,23,5,
4,47076659,265,48,
4,47076789,52,16,
4,47076966,697,371,
4,47077245,118,33,
4,47077358,59,30,
4,47077383,142,183,
4,47077656,65,37,
4,47077743,8,0,
4,47077844,313,370,
4,47078109,54,2,
4,47078112,332,114,
4,47078167,198,395,
4,47078324,518,571,
4,47078840,161,152,
4,47079208,16,1,14
4,47079222,516,541,
4,47079590,88,66,
4,47079718,191,76,
4,47080267,192,128,
4,47080785,66,8,
4,47080873,57,18,
4,47081624,19,1,
4,47081657,16,1,
4,47082496,318,144,
4,47082548,126,98,
4,47082854,108,29,
4,47083086,23,20,
4,47083145,532,499,
4,47083648,216,98,
4,47083735,149,87,
4,47083882,73,15,
4,47084000,152,59,
4,47085061,28,5,
4,47085370,210,151,
4,47085387,164,56,
4,47085425,243,45,
4,47085483,745,374,
4,47085790,19,0,
4,47086181,838,451,
4,47086319,142,84,
4,47086557,131,62,
4,47086900,11,14,
4,47087719,311,89,
4,47087838,77,22,
4,47088005,48,11,
4,47088037,833,225,
4,47088076,36,24,21
4,47088096,14,0,
4,47088166,258,188,
4,47088181,705,255,
4,47088307,20,6,
4,47088685,440,260,
4,47089213,1519,1286,
4,47089405,13,4,
4,47089907,202,207,
4,47089933,21,6,
4,47090261,5,0,
4,47090705,14,0,
4,47091071,122,23,
4,47091214,7,2,
4,47091419,2230,730,
4,47091469,139,61,
4,47091557,157,164,
4,47091606,233,239,
4,47091748,1495,837,
4,47091763,61,49,
4,47092006,612,367,
4,47092203,314,169,
4,47092348,29,9,
4,47092578,903,432,
4,47092809,6,0,
4,47093604,13,0,
4,47093724,230,22,
4,47093959,21,1,25
4,47093978,5,0,
4,47094149,103,52,
4,47094192,640,187,
4,47094429,88,60,
4,47094637,80,118,
4,47094877,194,94,
4,47095105,187,269,
4,47095134,465,295,
4,47095344,54,3,
4,47095420,56,5,
4,47095429,256,90,
4,47095560,5,2,
4,47095592,20,12,
4,47095597,363,255,
4,47095972,21,27,
4,47096167,337,51,
4,47096253,407,920,
4,47096466,154,80,
4,47096520,228,83,
4,47097554,14,7,
4,47097904,63,67,
4,47098029,10,3,
4,47098172,69,48,
4,47098245,1457,490,
4,47098252,72,70,
4,47098290,4,3,
4,47098296,247,148,
4,47098324,45,15,
4,47098351,5,0,
4,47098582,293,125,
4,47098593,28,2,
4,47098669,130,31,
4,47098687,235,186,
4,47098744,122,53,
4,47098785,5,0,
4,47098828,143,124,
4,47098829,9,7,
4,47098839,40,81,
4,47098978,6,1,
4,47099087,37,12,
4,47099401,4,0,
4,47099476,4,1,
4,47099485,61,4,
4,47099844,133,211,
4,47099941,4,0,
4,47099980,63,54,
4,47100190,60,6,
4,47100232,277,149,
4,47100468,44,8,
4,47100612,154,150,
4,47100714,16,2,
4,47100935,32,15,
4,47101171,263,267,
4,47101200,222,86,
4,47101890,86,28,
4,47101951,4,0,
4,47102208,60,10,
4,47102441,6,1,
4,47102479,5,1,
4,47102576,503,219,
4,47102610,3,1,
4,47102763,72,45,
4,47102975,244,171,
4,47103136,172,508,
4,47103506,120,49,
4,47103581,43,3,
4,47103649,188,125,
4,47103661,419,250,
4,47103931,249,72,
4,47103945,111,41,
4,47104019,10,0,
4,47104061,13,2,
4,47104155,11,0,
4,47104185,209,77,
4,47104223,33,18,
4,47104251,28,2,
4,47104282,17,2,
4,47104432,7,4,
4,47104433,12,6,
4,47104613,31,6,
4,47104667,387,102,
4,47104953,24,4,
4,47104973,423,454,
4,47105086,11,5,
4,47105198,190,61,
4,47105821,7,4,
4,47106384,5,0,
4,47106390,20,8,
4,47106547,40,1,
4,47106686,948,580,
4,47106688,7,1,
4,47106829,39,4,
4,47106937,5,1,
4,47106985,154,91,
4,47107080,15,3,
4,47107165,54,36,
4,47107480,17,2,
4,47107540,4,1,
4,47107781,202,32,
4,47107974,3,1,
4,47108194,3,0,
4,47108516,25,17,
4,47108542,21,1,
4,47108543,52,14,
4,47108601,9,18,
4,47108614,17,0,
4,47108894,3,0,
4,47108977,106,90,
4,47108989,218,115,
4,47109802,9,3,
4,47110155,14,6,
4,47110268,15,2,
4,47110473,243,61,
4,47110491,3,0,
4,47110515,641,265,
4,47110533,24,5,
4,47110634,33,3,
4,47110647,37,6,
4,47110781,38,3,
4,47110877,4,0,
4,47110946,41,4,
4,47111039,12,3,
4,47111042,78,15,
4,47111067,289,448,
4,47111164,3,1,
4,47111218,178,50,
4,47111325,22,3,
4,47111400,408,230,
4,47111420,49,9,
4,47111440,238,93,
4,47111495,19,3,
4,47111626,182,39,
4,47111638,5,0,
4,47111681,17,2,
4,47111751,5,1,
4,47111892,4,0,
4,47111929,41,5,
4,47111981,128,58,
4,47112148,4,1,
4,47112174,270,90,
4,47112228,5,0,
4,47112309,16,0,
4,47112431,45,47,
4,47112543,11,7,
4,47112619,5,0,
4,47112719,32,19,
4,47112835,7,1,
4,47112892,153,82,
4,47112905,7,13,
4,47112925,149,48,
4,47112971,9,1,
4,47113247,27,1,
4,47113325,105,32,
4,47113401,91,11,
4,47113527,132,64,
4,47113567,207,63,
4,47113591,7,7,
4,47113600,15,1,
4,47113618,562,381,
4,47113708,10,1,
4,47113728,1534,355,
4,47113731,163,124,
4,47113762,17,21,
4,47113769,99,124,
4,47113782,43,5,
4,47113796,305,60,
4,47113891,12,6,
4,47113892,41,65,
4,47113936,42,43,
4,47113946,3,0,
4,47114014,48,9,
4,47114054,78,55,
4,47114165,5,0,
4,47114235,211,241,
4,47114258,8,0,
4,47114412,67,52,
4,47114530,472,97,
4,47114579,197,180,
4,47114590,34,3,
4,47114672,60,56,
4,47114678,13,0,
4,47114830,33,14,
4,47114881,6,3,
4,47114908,31,4,
4,47115009,98,23,
4,47115051,26,5,
4,47115149,95,37,
4,47115235,3,1,
4,47115409,14,2,
4,47115544,10,0,
4,47115574,5,0,
4,47115575,112,29,
4,47115805,789,682,
4,47115811,11,3,
4,47115899,71,73,
4,47116021,112,21,
4,47116026,133,26,
4,47116050,6,0,
4,47116121,32,4,
4,47116185,61,2,
4,47116317,35,5,
4,47116461,31,2,
4,47116719,5,1,
4,47116741,32,9,
4,47116771,13,0,
4,47116853,5,0,
4,47116866,52,33,
4,47116919,19,1,
4,47116988,19,1,
4,47117087,222,229,
4,47117102,7,4,
4,47117169,73,32,
4,47117459,241,135,
4,47117725,6,4,
4,47117780,257,70,
4,47117848,9,0,
4,47117872,7,1,
4,47117886,169,56,
4,47117937,4,2,
4,47117946,75,42,
4,47117966,88,73,
4,47118055,64,37,
4,47118217,7,1,
4,47118318,5,3,
4,47118415,9,1,
4,47118507,14,4,
4,47118778,4,9,
4,47118787,7,0,
4,47118838,4,0,
4,47119141,14,0,
4,47119210,535,424,
4,47119274,368,121,
4,47119530,539,95,
4,47119665,3,0,
4,47119871,148,52,
4,47120076,8,1,
4,47120079,37,42,
4,47120145,169,120,
4,47120188,207,143,
4,47120196,28,14,
4,47120201,87,19,
4,47120899,1124,610,16
4,47120901,44,59,
4,47121029,438,388,
4,47121210,86,52,
4,47121233,29,8,
4,47121246,19,2,
4,47121498,18,1,
4,47121539,132,15,
4,47121652,13,3,
4,47121718,9,6,
4,47121864,109,117,
4,47122337,61,84,
4,47122715,1294,1011,4
4,47122789,233,111,
4,47123321,57,12,
4,47123433,44,20,
4,47123590,61,55,
4,47123631,210,48,13
4,47123689,73,4,2
4,47123760,37,4,
4,47123801,22,12,
4,47123805,81,100,
4,47123894,138,40,23
4,47124064,10,1,
4,47124103,5,2,
4,47124149,197,132,11
4,47124171,22,2,
4,47124190,28,2,
4,47124289,4,0,
4,47124336,6,1,
4,47124521,4,0,
4,47124877,83,97,
4,47125019,70,66,
4,47125046,114,83,
4,47125060,9,0,
4,47125286,106,131,18
4,47125345,20,9,
4,47125349,301,84,29
4,47125374,94,129,27
4,47125383,18,5,
4,47125399,4,0,
4,47125415,19,5,
4,47125484,28,14,22
4,47125572,5,0,
4,47125726,39,3,
4,47125966,14,4,
4,47126001,5,0,
4,47126156,8,5,
4,47126177,59,20,
4,47126316,8,3,
4,47126378,11,3,
4,47126614,120,117,
4,47126667,9,4,
4,47126982,29,14,
4,47127081,614,420,
4,47127133,65,30,
4,47127396,462,203,
4,47127532,20,10,
4,47127838,19,1,
4,47127851,10,0,
4,47127986,160,50,6
4,47128094,5,0,
4,47128138,130,142,12
4,47128170,12,2,
4,47128245,15,7,
4,47128535,75,34,24
4,47128604,14,1,
4,47128628,10,7,
4,47128631,58,9,17
4,47128745,20,12,
4,47128799,96,53,
4,47128827,12,1,
4,47128859,5,2,
4,47128907,76,77,
4,47128960,237,94,
4,47129010,14,1,
4,47129241,3,0,
4,47129324,4,0,
4,47129361,302,255,10
4,47129472,36,1,
4,47129633,10,0,
4,47129647,144,111,26
4,47129683,27,0,
4,47129727,100,53,9
4,47129922,23,16,
4,47130078,9,1,
4,47130208,227,224,
4,47130431,26,15,28
4,47130665,7,0,
4,47130670,18,3,
4,47130713,16,1,
4,47130725,24,3,
4,47130860,107,20,3
4,47130962,7,4,
4,47131017,10,0,
4,47131035,7,0,
4,47131047,32,1,
4,47131057,6,1,
4,47131173,139,58,8
4,47131224,6,0,
4,47131225,56,7,7
4,47131380,15,2,
4,47131506,53,7,19
4,47131689,37,7,30
4,47132001,13,2,15
4,47132102,30,9,5
4,47132260,14,8,
4,47132374,6,0,
4,47132388,104,24,1
4,47132402,11,0,
5,47060334,97,17,
5,47060835,60,56,
5,47061013,28,23,
5,47061029,84,40,
5,47061062,112,82,
5,47061350,21,5,
5,47061614,778,390,
5,47061920,23,1,
5,47062096,86,35,
5,47062521,278,383,
5,47062561,124,102,
5,47062748,378,217,
5,47062824,40,32,
5,47062883,89,17,
5,47063005,469,249,
5,47063663,160,83,
5,47063950,173,181,
5,47064047,319,161,
5,47064048,25,12,
5,47064490,466,153,
5,47064845,104,81,
5,47065120,62,5,
5,47065146,50,13,
5,47065179,96,22,
5,47065729,104,93,
5,47065816,25,6,
5,47065972,76,47,
5,47066241,458,294,
5,47066347,40,12,
5,47066446,79,16,
5,47066552,826,425,
5,47067031,373,180,
5,47067187,6,0,
5,47067270,477,960,
5,47067304,24,1,
5,47067395,142,51,
5,47067498,116,86,
5,47067706,21,0,
5,47067759,367,238,
5,47068320,170,133,
5,47068890,202,77,
5,47068948,288,172,
5,47069179,228,89,
5,47069299,653,791,
5,47069650,168,58,
5,47069682,15,0,
5,47069876,82,28,
5,47069918,79,13,
5,47070446,27,23,
5,47070680,100,16,
5,47071770,27,1,
5,47072444,198,94,
5,47072539,137,54,
5,47072603,82,21,
5,47072849,76,36,
5,47072863,131,65,
5,47072968,434,74,
5,47073044,142,22,
5,47073112,312,161,
5,47073237,36,3,
5,47073684,52,32,
5,47073947,119,50,
5,47074083,38,29,
5,47074178,64,7,
5,47074321,84,99,
5,47074389,311,470,
5,47074671,79,31,
5,47074735,961,910,
5,47074869,137,103,
5,47075124,653,215,
5,47075245,212,124,
5,47075295,25,1,
5,47075400,104,97,
5,47075446,25,9,
5,47075455,398,534,
5,47075716,82,24,
5,47076052,23,5,
5,47076659,265,48,
5,47076789,52,16,
5,47076966,697,371,
5,47077245,118,33,
5,47077358,59,30,
5,47077383,142,183,
5,47077656,65,37,
5,47077743,8,0,
5,47077844,313,370,
5,47078109,54,2,
5,47078112,332,115,
5,47078167,198,395,
5,47078324,518,572,
5,47078840,161,152,
5,47079208,23,2,8
5,47079222,516,541,
5,47079590,88,66,
5,47079718,191,76,
5,47080267,192,128,
5,47080785,66,8,
5,47080873,57,18,
5,47081624,19,1,
5,47081657,16,1,
5,47082496,319,144,
5,47082548,126,98,
5,47082854,108,29,
5,47083086,24,20,
5,47083145,532,499,
5,47083648,216,98,
5,47083735,149,87,
5,47083882,73,15,
5,47084000,152,59,
5,47085061,29,5,
5,47085370,210,151,
5,47085387,164,56,
5,47085425,243,45,
5,47085483,745,374,
5,47085790,19,1,
5,47086181,838,451,
5,47086319,142,84,
5,47086557,131,62,
5,47086900,11,14,
5,47087719,311,89,
5,47087838,77,23,
5,47088005,48,11,
5,47088037,833,225,
5,47088076,36,26,27
5,47088096,14,0,
5,47088166,258,188,
5,47088181,705,255,
5,47088307,20,6,
5,47088685,440,261,
5,47089213,1520,1286,
5,47089405,13,4,
5,47089907,202,207,
5,47089933,21,6,
5,47090261,5,0,
5,47090705,14,0,
5,47091071,122,23,
5,47091214,7,2,
5,47091419,2232,729,
5,47091469,139,61,
5,47091557,157,164,
5,47091606,233,239,
5,47091748,1496,837,
5,47091763,61,49,
5,47092006,612,367,
5,47092203,314,169,
5,47092348,29,9,
5,47092578,904,432,
5,47092809,6,0,
5,47093604,13,0,
5,47093724,230,22,
5,47093959,25,1,24
5,47093978,5,0,
5,47094149,103,52,
5,47094192,641,187,
5,47094429,88,60,
5,47094637,80,118,
5,47094877,194,94,
5,47095105,187,269,
5,47095134,466,295,
5,47095344,54,3,
5,47095420,56,5,
5,47095429,256,90,
5,47095560,5,2,
5,47095592,20,12,
5,47095597,363,255,
5,47095972,21,27,
5,47096167,337,51,
5,47096253,408,920,
5,47096466,154,80,
5,47096520,228,83,
5,47097554,14,7,
5,47097904,63,67,
5,47098029,13,5,17
5,47098172,69,48,
5,47098245,1457,490,
5,47098252,72,70,
5,47098290,4,3,
5,47098296,247,148,
5,47098324,45,15,
5,47098351,5,0,
5,47098582,293,125,
5,47098593,28,2,
5,47098669,130,31,
5,47098687,235,186,
5,47098744,122,53,
5,47098785,5,0,
5,47098828,143,124,
5,47098829,9,7,
5,47098839,40,81,
5,47098978,6,1,
5,47099087,37,12,
5,47099401,4,0,
5,47099476,4,1,
5,47099485,61,4,
5,47099844,133,211,
5,47099941,4,0,
5,47099980,63,54,
5,47100190,60,6,
5,47100232,278,149,
5,47100468,44,8,
5,47100612,156,151,
5,47100714,16,2,
5,47100935,32,15,
5,47101171,263,267,
5,47101200,222,86,
5,47101890,86,28,
5,47101951,4,0,
5,47102208,60,10,
5,47102441,6,1,
5,47102479,5,1,
5,47102576,503,219,
5,47102610,3,1,
5,47102763,72,45,
5,47102975,244,171,
5,47103136,172,508,
5,47103506,120,49,
5,47103581,43,3,
5,47103649,188,125,
5,47103661,421,252,
5,47103931,249,72,
5,47103945,111,41,
5,47104019,10,0,
5,47104061,13,2,
5,47104155,11,0,
5,47104185,209,77,
5,47104223,33,18,
5,47104251,29,2,
5,47104282,17,2,
5,47104432,7,4,
5,47104433,12,6,
5,47104613,31,6,
5,47104667,387,102,
5,47104953,24,4,
5,47104973,424,454,
5,47105086,11,5,
5,47105198,192,61,
5,47105821,7,4,
5,47106384,5,0,
5,47106390,20,8,
5,47106547,40,1,
5,47106686,949,581,
5,47106688,7,1,
5,47106829,39,4,
5,47106937,5,1,
5,47106985,154,91,
5,47107080,15,3,
5,47107165,54,36,
5,47107480,17,2,
5,47107540,4,1,
5,47107781,202,32,
5,47107974,3,1,
5,47108194,3,0,
5,47108516,25,17,
5,47108542,21,1,
5,47108543,52,14,
5,47108601,9,18,
5,47108614,17,0,
5,47108894,3,0,
5,47108977,106,90,
5,47108989,218,115,
5,47109802,9,3,
5,47110155,14,6,
5,47110268,15,2,
5,47110473,243,61,
5,47110491,3,0,
5,47110515,642,265,
5,47110533,24,5,
5,47110634,33,3,
5,47110647,37,6,
5,47110781,38,3,
5,47110877,4,0,
5,47110946,41,4,
5,47111039,12,3,
5,47111042,78,15,
5,47111067,290,452,
5,47111164,3,1,
5,47111218,178,50,
5,47111325,22,3,
5,47111400,408,230,
5,47111420,49,9,
5,47111440,240,93,
5,47111495,19,3,
5,47111626,182,39,
5,47111638,5,0,
5,47111681,17,2,
5,47111751,5,1,
5,47111892,4,0,
5,47111929,41,5,
5,47111981,129,58,
5,47112148,4,1,
5,47112174,270,90,
5,47112228,5,0,
5,47112309,16,0,
5,47112431,45,47,
5,47112543,11,7,
5,47112619,5,0,
5,47112719,32,19,
5,47112835,7,1,
5,47112892,154,82,
5,47112905,7,13,
5,47112925,149,48,
5,47112971,9,1,
5,47113247,27,1,
5,47113325,105,32,
5,47113401,91,12,
5,47113527,132,64,
5,47113567,207,63,
5,47113591,7,7,
5,47113600,15,1,
5,47113618,563,382,
5,47113708,10,1,
5,47113728,1536,355,
5,47113731,163,124,
5,47113762,17,21,
5,47113769,99,124,
5,47113782,43,5,
5,47113796,305,60,
5,47113891,12,6,
5,47113892,41,65,
5,47113936,42,43,
5,47113946,3,0,
5,47114014,48,9,
5,47114054,78,55,
5,47114165,5,0,
5,47114235,211,242,
5,47114258,8,0,
5,47114412,67,52,
5,47114530,473,98,
5,47114579,199,180,
5,47114590,34,3,
5,47114672,60,56,
5,47114678,13,0,
5,47114830,33,14,
5,47114881,6,3,
5,47114908,31,4,
5,47115009,98,23,
5,47115051,26,5,
5,47115149,95,37,
5,47115235,3,1,
5,47115409,14,2,
5,47115544,10,0,
5,47115574,5,0,
5,47115575,112,29,
5,47115805,791,682,
5,47115811,11,3,
5,47115899,71,73,
5,47116021,112,21,
5,47116026,133,26,
5,47116050,6,0,
5,47116121,32,4,
5,47116185,61,2,
5,47116317,35,5,
5,47116461,31,2,
5,47116719,5,1,
5,47116741,32,9,
5,47116771,13,0,
5,47116853,5,0,
5,47116866,52,33,
5,47116919,19,1,
5,47116988,20,1,
5,47117087,222,229,
5,47117102,7,5,
5,47117169,73,32,
5,47117459,241,135,
5,47117725,7,4,
5,47117780,259,70,
5,47117848,9,0,
5,47117872,7,1,
5,47117886,172,57,
5,47117937,4,2,
5,47117946,75,42,
5,47117966,88,73,
5,47118055,65,37,
5,47118217,7,1,
5,47118318,5,3,
5,47118415,9,1,
5,47118507,14,4,
5,47118778,5,9,
5,47118787,7,0,
5,47118838,4,0,
5,47119141,14,0,
5,47119210,536,426,
5,47119274,369,122,
5,47119530,542,95,
5,47119665,3,0,
5,47119871,148,53,
5,47120076,8,1,
5,47120079,37,42,
5,47120145,169,120,
5,47120188,208,144,
5,47120196,28,14,
5,47120201,87,21,
5,47120899,1128,618,15
5,47121029,441,390,
5,47121210,86,52,
5,47121233,30,8,
5,47121246,19,2,
5,47121498,18,1,
5,47121539,132,16,
5,47121652,13,3,
5,47121718,9,6,
5,47121864,109,117,
5,47122337,61,84,
5,47122715,1328,1027,5
5,47122789,234,112,
5,47123321,58,12,
5,47123433,44,20,
5,47123590,62,55,
5,47123631,219,50,14
5,47123689,122,11,1
5,47123760,40,4,
5,47123801,22,12,
5,47123805,82,101,
5,47123894,140,41,21
5,47124064,11,1,
5,47124103,5,6,
5,47124149,201,136,12
5,47124171,24,2,
5,47124190,28,2,
5,47124289,4,0,
5,47124336,6,1,
5,47124475,64,105,
5,47124521,4,0,
5,47124877,85,99,
5,47125019,74,66,
5,47125046,114,83,
5,47125060,9,0,
5,47125286,114,133,19
5,47125345,20,9,
5,47125349,312,85,29
5,47125374,110,150,26
5,47125383,19,5,
5,47125399,5,0,
5,47125415,20,5,
5,47125484,35,19,16
5,47125572,5,0,
5,47125726,40,3,
5,47125966,15,4,
5,47126001,7,0,
5,47126156,29,22,17
5,47126177,60,20,
5,47126378,11,3,
5,47126614,120,118,
5,47126667,9,4,
5,47126982,30,14,
5,47127081,622,422,
5,47127133,66,30,
5,47127396,469,206,
5,47127532,22,11,
5,47127838,20,1,
5,47127851,10,0,
5,47127986,163,52,7
5,47128094,5,0,
5,47128138,149,167,10
5,47128170,12,2,
5,47128245,15,7,
5,47128495,9,21,
5,47128535,79,37,23
5,47128604,14,1,
5,47128628,11,7,
5,47128631,64,10,18
5,47128745,20,13,
5,47128799,97,53,
5,47128827,15,1,
5,47128859,5,2,
5,47128907,82,83,
5,47128960,241,95,
5,47129010,14,1,
5,47129241,4,0,
5,47129324,4,0,
5,47129361,319,266,12
5,47129472,38,1,
5,47129633,10,0,
5,47129647,154,126,28
5,47129683,29,0,
5,47129727,120,60,8
5,47129922,24,16,
5,47130078,10,1,
5,47130208,233,229,
5,47130431,30,19,23
5,47130665,7,0,
5,47130670,18,3,
5,47130713,16,1,
5,47130725,25,3,
5,47130860,121,21,3
5,47130962,7,4,
5,47131017,12,0,
5,47131035,7,0,
5,47131047,33,2,
5,47131057,6,1,
5,47131173,146,65,10
5,47131224,7,0,
5,47131225,83,12,6
5,47131380,16,2,
5,47131506,65,16,20
5,47131689,41,8,
5,47132102,52,14,4
5,47132260,19,11,
5,47132374,6,0,
5,47132388,142,35,1
5,47132402,12,0,
5,47132721,9,0,11
6,47060334,97,17,
6,47060835,60,56,
6,47061013,28,23,
6,47061029,84,40,
6,47061062,112,82,
6,47061350,21,5,
6,47061614,778,390,
6,47061920,23,1,
6,47062096,86,35,
6,47062521,278,383,
6,47062561,124,102,
6,47062748,378,217,
6,47062824,40,32,
6,47062883,89,17,
6,47063005,469,249,
6,47063663,160,83,
6,47063950,173,181,
6,47064047,319,161,
6,47064048,25,12,
6,47064490,466,153,
6,47064845,104,81,
6,47065120,62,5,
6,47065146,50,13,
6,47065179,96,22,
6,47065729,104,93,
6,47065816,25,6,
6,47065972,76,47,
6,47066241,458,294,
6,47066347,40,12,
6,47066446,79,16,
6,47066552,826,425,
6,47067031,373,180,
6,47067187,6,0,
6,47067270,477,955,
6,47067304,24,1,
6,47067395,142,51,
6,47067498,116,86,
6,47067706,21,0,
6,47067759,368,238,
6,47068320,170,133,
6,47068890,202,77,
6,47068948,288,172,
6,47069179,228,89,
6,47069299,653,791,
6,47069650,168,58,
6,47069682,15,0,
6,47069876,82,28,
6,47069918,80,13,
6,47070446,27,23,
6,47070680,100,16,
6,47071770,27,1,
6,47072444,198,94,
6,47072539,137,54,
6,47072603,82,21,
6,47072849,76,36,
6,47072863,131,65,
6,47072968,434,74,
6,47073044,142,22,
6,47073112,312,161,
6,47073237,36,3,
6,47073684,52,32,
6,47073947,119,50,
6,47074083,38,29,
6,47074178,64,7,
6,47074321,84,99,
6,47074389,311,470,
6,47074671,79,31,
6,47074735,961,910,
6,47074869,137,103,
6,47075124,653,215,
6,47075245,212,124,
6,47075295,27,1,
6,47075400,104,97,
6,47075446,25,9,
6,47075455,399,535,
6,47075716,82,24,
6,47076052,23,5,
6,47076659,265,48,
6,47076789,53,16,
6,47076966,698,371,
6,47077245,118,33,
6,47077358,60,30,
6,47077383,142,183,
6,47077656,65,37,
6,47077743,8,0,
6,47077844,313,370,
6,47078109,54,2,
6,47078112,332,115,
6,47078167,198,395,
6,47078324,518,572,
6,47078840,161,152,
6,47079208,39,7,7
6,47079222,516,541,
6,47079590,88,66,
6,47079718,191,76,
6,47080267,192,128,
6,47080785,66,8,
6,47080873,57,18,
6,47081624,19,1,
6,47081657,16,1,
6,47082496,320,144,
6,47082548,126,98,
6,47082854,108,29,
6,47083086,24,20,
6,47083145,532,499,
6,47083648,216,98,
6,47083735,149,87,
6,47083882,73,15,
6,47084000,152,59,
6,47085061,29,5,
6,47085370,210,151,
6,47085387,164,57,
6,47085425,243,45,
6,47085483,746,374,
6,47085790,19,1,
6,47086181,838,451,
6,47086319,142,84,
6,47086557,131,62,
6,47086900,11,14,
6,47087719,311,89,
6,47087838,78,23,
6,47088005,48,11,
6,47088037,833,224,
6,47088076,37,28,
6,47088096,14,0,
6,47088166,258,188,
6,47088181,705,255,
6,47088307,20,6,
6,47088685,440,261,
6,47089213,1521,1286,
6,47089405,14,4,
6,47089907,202,207,
6,47089933,21,6,
6,47090705,14,0,
6,47091071,122,23,
6,47091214,7,2,
6,47091419,2232,729,
6,47091469,139,61,
6,47091557,157,165,
6,47091606,233,240,
6,47091748,1496,837,
6,47092006,612,367,
6,47092203,314,169,
6,47092348,29,9,
6,47092578,904,432,
6,47092809,6,0,
6,47093604,13,0,
6,47093724,230,22,
6,47093959,28,2,23
6,47093978,5,0,
6,47094149,103,52,
6,47094192,641,187,
6,47094429,88,60,
6,47094637,80,118,
6,47094877,194,94,
6,47095105,187,269,
6,47095134,466,295,
6,47095344,54,3,
6,47095420,56,5,
6,47095429,256,90,
6,47095560,5,2,
6,47095592,20,12,
6,47095597,363,255,
6,47095972,21,27,
6,47096167,337,51,
6,47096253,408,920,
6,47096466,154,80,
6,47096520,228,83,
6,47097554,14,7,
6,47097904,63,67,
6,47098029,21,11,26
6,47098172,69,48,
6,47098245,1457,490,
6,47098252,72,70,
6,47098290,4,3,
6,47098296,247,148,
6,47098324,45,15,
6,47098351,5,0,
6,47098582,293,125,
6,47098593,28,2,
6,47098669,130,31,
6,47098687,235,186,
6,47098744,122,53,
6,47098785,5,0,
6,47098828,143,124,
6,47098829,9,7,
6,47098839,40,81,
6,47098978,6,1,
6,47099087,37,12,
6,47099401,4,0,
6,47099476,4,1,
6,47099485,61,4,
6,47099844,133,211,
6,47099941,4,0,
6,47099980,63,54,
6,47100190,60,6,
6,47100232,279,149,
6,47100468,44,8,
6,47100612,157,152,
6,47100714,16,2,
6,47100935,32,15,
6,47101171,263,267,
6,47101200,222,86,
6,47101890,86,28,
6,47101951,4,0,
6,47102208,60,10,
6,47102441,6,1,
6,47102479,5,1,
6,47102576,503,219,
6,47102610,3,1,
6,47102763,72,45,
6,47102975,244,171,
6,47103136,172,508,
6,47103506,120,49,
6,47103581,43,3,
6,47103649,188,125,
6,47103661,422,253,
6,47103931,249,73,
6,47103945,111,41,
6,47104019,10,0,
6,47104061,13,2,
6,47104155,11,0,
6,47104185,209,78,
6,47104223,33,18,
6,47104251,29,2,
6,47104282,17,2,
6,47104432,7,4,
6,47104433,12,6,
6,47104613,31,6,
6,47104667,388,102,
6,47104953,24,4,
6,47104973,425,454,
6,47105086,11,5,
6,47105198,194,62,
6,47105821,7,4,
6,47106384,5,0,
6,47106390,20,8,
6,47106547,40,1,
6,47106686,949,583,
6,47106688,7,1,
6,47106829,39,4,
6,47106937,5,1,
6,47106985,154,91,
6,47107080,15,3,
6,47107165,54,36,
6,47107480,17,2,
6,47107540,4,1,
6,47107781,202,32,
6,47107974,3,1,
6,47108194,3,0,
6,47108516,25,17,
6,47108542,21,1,
6,47108543,52,14,
6,47108601,9,19,
6,47108614,17,0,
6,47108894,3,0,
6,47108977,106,90,
6,47108989,218,115,
6,47110155,14,6,
6,47110268,15,2,
6,47110473,243,61,
6,47110491,3,0,
6,47110515,642,265,
6,47110533,24,5,
6,47110634,33,3,
6,47110647,37,6,
6,47110781,38,3,
6,47110877,4,0,
6,47110946,41,4,
6,47111039,12,3,
6,47111042,78,15,
6,47111067,290,454,
6,47111164,3,1,
6,47111218,178,50,
6,47111325,22,3,
6,47111400,409,231,
6,47111420,49,9,
6,47111440,241,95,
6,47111495,19,3,
6,47111626,182,39,
6,47111638,5,0,
6,47111681,17,2,
6,47111892,4,0,
6,47111929,41,5,
6,47111981,129,58,
6,47112148,4,1,
6,47112174,270,90,
6,47112228,5,0,
6,47112309,16,0,
6,47112431,45,47,
6,47112543,11,7,
6,47112619,5,0,
6,47112719,32,19,
6,47112835,7,1,
6,47112892,154,82,
6,47112905,7,13,
6,47112925,149,48,
6,47112971,9,1,
6,47113247,27,1,
6,47113325,105,32,
6,47113401,92,12,
6,47113527,132,64,
6,47113567,207,63,
6,47113591,7,7,
6,47113600,15,1,
6,47113618,563,382,
6,47113708,10,1,
6,47113728,1539,355,
6,47113731,163,124,
6,47113762,17,21,
6,47113769,99,124,
6,47113782,43,5,
6,47113796,305,60,
6,47113891,12,6,
6,47113892,41,65,
6,47113936,42,43,
6,47113946,3,0,
6,47114014,48,9,
6,47114054,79,55,
6,47114165,5,0,
6,47114235,212,242,
6,47114258,8,0,
6,47114412,67,52,
6,47114530,474,98,
6,47114579,201,181,
6,47114590,34,3,
6,47114672,61,56,
6,47114678,13,0,
6,47114830,33,14,
6,47114881,6,3,
6,47114908,31,4,
6,47115009,98,22,
6,47115051,26,5,
6,47115149,95,37,
6,47115235,3,1,
6,47115409,14,2,
6,47115544,10,0,
6,47115574,5,0,
6,47115575,112,29,
6,47115805,791,682,
6,47115811,11,3,
6,47115899,71,73,
6,47116021,113,21,
6,47116026,133,26,
6,47116050,6,0,
6,47116121,32,4,
6,47116185,61,2,
6,47116317,36,5,
6,47116461,31,2,
6,47116719,5,1,
6,47116741,32,9,
6,47116771,13,0,
6,47116853,5,0,
6,47116866,52,33,
6,47116919,19,1,
6,47116988,20,1,
6,47117087,223,230,
6,47117102,7,5,
6,47117169,73,32,
6,47117459,242,133,
6,47117725,7,4,
6,47117780,260,70,
6,47117848,9,0,
6,47117872,7,1,
6,47117886,174,57,
6,47117937,4,2,
6,47117946,76,42,
6,47117966,90,74,
6,47118055,66,37,
6,47118217,7,1,
6,47118318,5,3,
6,47118415,9,1,
6,47118507,14,4,
6,47118778,5,9,
6,47118787,7,0,
6,47118838,5,0,17
6,47119141,15,0,
6,47119210,540,429,
6,47119274,372,122,
6,47119530,542,95,
6,47119665,3,0,
6,47119871,153,54,
6,47120076,8,1,
6,47120079,37,42,
6,47120145,169,119,
6,47120188,208,145,
6,47120196,28,14,
6,47120201,88,22,
6,47120899,1138,623,18
6,47121029,442,390,
6,47121210,86,52,
6,47121233,31,8,
6,47121246,19,2,
6,47121498,18,1,
6,47121539,133,16,
6,47121652,13,3,
6,47121718,9,6,
6,47121864,109,117,
6,47122337,61,85,
6,47122715,1366,1045,6
6,47122789,234,112,
6,47123321,58,12,
6,47123433,44,20,
6,47123590,62,55,
6,47123631,235,50,16
6,47123689,170,38,1
6,47123760,41,4,
6,47123801,22,12,
6,47123805,82,101,
6,47123894,146,41,28
6,47124064,11,1,
6,47124103,5,6,
6,47124149,209,143,14
6,47124171,27,2,
6,47124190,28,2,
6,47124289,4,0,
6,47124336,6,1,
6,47124521,4,0,
6,47124877,85,99,
6,47125019,76,66,
6,47125046,115,83,
6,47125060,9,0,
6,47125286,122,140,19
6,47125345,20,9,
6,47125349,317,86,
6,47125374,122,171,27
6,47125383,19,5,
6,47125399,5,0,
6,47125415,20,5,
6,47125432,3,0,
6,47125484,35,20,20
6,47125572,5,0,
6,47125726,40,3,
6,47125966,16,4,
6,47126001,7,0,
6,47126156,45,53,
6,47126166,4,1,
6,47126177,61,21,
6,47126205,7,0,
6,47126378,11,3,
6,47126614,123,118,
6,47126667,9,4,
6,47126982,32,14,
6,47127081,634,423,
6,47127133,67,30,
6,47127396,479,206,
6,47127532,24,17,
6,47127838,20,1,
6,47127851,10,0,
6,47127986,165,52,9
6,47128094,5,0,
6,47128138,172,180,12
6,47128170,12,2,
6,47128245,15,7,
6,47128495,10,22,
6,47128535,88,37,26
6,47128604,14,1,
6,47128628,14,7,
6,47128631,68,11,21
6,47128745,20,13,
6,47128799,98,54,
6,47128827,15,1,
6,47128859,5,2,
6,47128907,84,86,
6,47128960,243,97,
6,47129010,14,1,
6,47129241,5,1,
6,47129324,4,0,
6,47129361,330,268,15
6,47129415,34,10,
6,47129472,40,1,
6,47129633,10,0,
6,47129647,163,131,
6,47129683,29,0,
6,47129727,131,66,10
6,47129922,24,16,
6,47130078,10,1,
6,47130208,240,232,
6,47130431,36,21,25
6,47130665,7,0,
6,47130670,19,3,
6,47130713,17,1,
6,47130725,28,3,
6,47130860,138,24,3
6,47130962,7,4,
6,47131017,12,0,
6,47131035,7,0,
6,47131047,35,2,
6,47131057,6,1,
6,47131173,155,68,13
6,47131224,7,0,
6,47131225,106,15,4
6,47131380,17,2,
6,47131506,87,22,24
6,47131689,43,9,
6,47131941,7,1,
6,47132102,78,21,5
6,47132260,19,8,
6,47132374,7,0,
6,47132388,174,53,2
6,47132402,13,0,
6,47132650,10,2,22
6,47132721,14,1,11
6,47132999,3,1,
6,47133055,13,9,6
6,47133069,9,3,
6,47133313,50,12,1
7,47060334,97,17,
7,47060835,60,56,
7,47061013,28,23,
7,47061029,84,40,
7,47061062,112,82,
7,47061350,21,5,
7,47061614,779,390,
7,47061920,23,1,
7,47062096,86,35,
7,47062521,278,383,
7,47062561,124,102,
7,47062748,379,217,
7,47062824,40,32,
7,47062883,89,17,
7,47063005,469,249,
7,47063663,160,83,
7,47063950,173,181,
7,47064047,319,161,
7,47064048,25,12,
7,47064490,466,153,
7,47064845,104,81,
7,47065120,62,5,
7,47065146,50,13,
7,47065179,96,22,
7,47065729,104,93,
7,47065816,25,6,
7,47065972,76,47,
7,47066241,458,294,
7,47066347,40,12,
7,47066446,80,16,
7,47066552,826,425,
7,47067031,373,181,
7,47067187,6,0,
7,47067270,477,955,
7,47067304,24,1,
7,47067395,142,51,
7,47067498,116,86,
7,47067706,21,0,
7,47067759,368,238,
7,47068320,170,133,
7,47068890,202,77,
7,47068948,288,172,
7,47069179,228,89,
7,47069299,653,791,
7,47069650,168,58,
7,47069682,15,0,
7,47069876,82,28,
7,47069918,80,13,
7,47070446,27,23,
7,47070680,100,16,
7,47071770,27,1,
7,47072444,198,94,
7,47072539,137,54,
7,47072603,82,21,
7,47072849,76,36,
7,47072863,131,65,
7,47072968,434,74,
7,47073044,142,22,
7,47073112,312,161,
7,47073237,36,3,
7,47073684,52,32,
7,47073947,119,50,
7,47074083,38,29,
7,47074178,64,7,
7,47074321,84,99,
7,47074389,311,470,
7,47074671,79,31,
7,47074735,961,910,
7,47074869,137,103,
7,47075124,653,215,
7,47075245,212,124,
7,47075295,28,1,
7,47075400,104,97,
7,47075446,25,9,
7,47075455,403,538,
7,47075716,82,24,
7,47076052,23,5,
7,47076659,265,48,
7,47076789,54,17,
7,47076966,698,371,
7,47077245,118,33,
7,47077358,63,31,
7,47077383,142,183,
7,47077656,65,37,
7,47077743,8,0,
7,47077844,313,370,
7,47078112,335,115,
7,47078167,198,395,
7,47078324,518,575,
7,47078840,161,152,
7,47079208,48,13,8
7,47079222,516,542,
7,47079590,88,66,
7,47079718,191,76,
7,47080267,192,128,
7,47080873,57,18,
7,47081624,19,1,
7,47081657,16,1,
7,47082496,320,144,
7,47082548,126,98,
7,47082854,108,29,
7,47083086,24,20,
7,47083145,532,499,
7,47083648,216,98,
7,47083735,149,87,
7,47083882,73,15,
7,47084000,152,59,
7,47085061,29,5,
7,47085370,210,151,
7,47085387,164,57,
7,47085425,243,45,
7,47085483,746,374,
7,47085790,19,1,
7,47086181,838,451,
7,47086319,142,84,
7,47086557,131,62,
7,47086900,11,14,
7,47087719,311,89,
7,47087838,79,23,
7,47088005,48,11,
7,47088037,833,224,
7,47088076,37,29,
7,47088096,14,0,
7,47088166,258,188,
7,47088181,705,255,
7,47088307,20,6,
7,47088685,441,261,
7,47089213,1521,1286,
7,47089405,15,4,
7,47089907,202,207,
7,47089933,21,6,
7,47090705,14,0,
7,47091071,122,23,
7,47091419,2232,729,
7,47091469,139,61,
7,47091557,157,165,
7,47091606,233,240,
7,47091748,1496,837,
7,47092006,613,367,
7,47092203,314,169,
7,47092348,29,9,
7,47092578,904,432,
7,47092809,6,0,
7,47093604,13,0,
7,47093724,230,22,
7,47093959,31,2,24
7,47093978,5,0,
7,47094149,103,52,
7,47094192,641,187,
7,47094429,88,60,
7,47094637,80,118,
7,47094877,194,94,
7,47095105,187,270,
7,47095134,466,295,
7,47095344,54,3,
7,47095420,56,5,
7,47095429,256,90,
7,47095560,5,2,
7,47095592,20,12,
7,47095597,363,255,
7,47095972,21,27,
7,47096167,337,51,
7,47096253,408,922,
7,47096466,154,80,
7,47096520,228,83,
7,47097554,14,7,
7,47097904,63,67,
7,47098029,25,14,21
7,47098172,69,48,
7,47098245,1459,490,
7,47098252,72,70,
7,47098296,247,148,
7,47098324,45,15,
7,47098351,5,0,
7,47098582,293,126,
7,47098593,28,2,
7,47098669,130,31,
7,47098687,235,186,
7,47098744,122,53,
7,47098785,5,0,
7,47098828,143,124,
7,47098829,9,7,
7,47098839,40,81,
7,47098978,6,1,
7,47099087,37,12,
7,47099401,4,0,
7,47099476,4,1,
7,47099485,61,4,
7,47099844,133,211,
7,47099941,4,0,
7,47099980,63,54,
7,47100190,60,6,
7,47100232,279,149,
7,47100468,44,8,
7,47100612,157,154,
7,47100714,29,6,14
7,47100935,32,15,
7,47101171,263,267,
7,47101200,222,86,
7,47101890,86,28,
7,47101951,4,0,
7,47102208,60,10,
7,47102441,6,1,
7,47102479,5,1,
7,47102576,503,219,
7,47102610,3,1,
7,47102763,72,45,
7,47102975,244,171,
7,47103136,172,508,
7,47103506,120,49,
7,47103581,43,3,
7,47103649,188,125,
7,47103661,422,254,
7,47103931,249,73,
7,47103945,111,41,
7,47104019,10,0,
7,47104155,11,0,
7,47104185,209,78,
7,47104223,33,18,
7,47104251,29,2,
7,47104282,17,2,
7,47104432,7,4,
7,47104613,31,6,
7,47104667,388,102,
7,47104953,24,4,
7,47104973,425,454,
7,47105086,11,5,
7,47105198,194,63,
7,47105821,7,4,
7,47106384,5,0,
7,47106390,20,8,
7,47106547,40,1,
7,47106686,949,583,
7,47106688,7,1,
7,47106829,39,4,
7,47106937,5,1,
7,47106985,154,91,
7,47107080,15,3,
7,47107165,54,36,
7,47107480,17,2,
7,47107540,4,1,
7,47107781,202,32,
7,47107974,3,1,
7,47108194,3,0,
7,47108516,25,17,
7,47108543,52,14,
7,47108601,9,19,
7,47108614,17,0,
7,47108894,3,0,
7,47108977,107,90,
7,47108989,219,115,
7,47110155,14,6,
7,47110268,15,2,
7,47110473,244,61,
7,47110491,3,0,
7,47110515,642,265,
7,47110533,24,5,
7,47110634,33,3,
7,47110647,37,6,
7,47110781,38,3,
7,47110877,4,0,
7,47110946,41,4,
7,47111039,12,3,
7,47111042,78,15,
7,47111067,290,454,
7,47111164,3,1,
7,47111218,179,50,
7,47111325,22,3,
7,47111400,409,232,
7,47111420,49,9,
7,47111440,242,96,
7,47111495,19,3,
7,47111626,182,39,
7,47111638,5,0,
7,47111681,17,2,
7,47111929,41,5,
7,47111981,130,58,
7,47112148,4,1,
7,47112174,270,90,
7,47112228,5,0,
7,47112309,16,0,
7,47112431,45,47,
7,47112543,11,7,
7,47112619,5,0,
7,47112719,32,19,
7,47112835,7,1,
7,47112892,154,82,
7,47112905,7,13,
7,47112925,149,48,
7,47112971,9,1,
7,47113247,27,1,
7,47113325,105,32,
7,47113401,92,17,
7,47113527,132,64,
7,47113567,207,63,
7,47113591,7,7,
7,47113600,15,1,
7,47113618,563,383,
7,47113708,10,1,
7,47113728,1544,355,
7,47113731,163,124,
7,47113762,17,21,
7,47113769,99,125,
7,47113782,43,5,
7,47113796,306,60,
7,47113891,12,6,
7,47113892,41,65,
7,47113936,43,43,
7,47113946,3,0,
7,47114014,49,9,
7,47114054,79,55,
7,47114165,5,0,
7,47114235,212,243,
7,47114258,8,0,
7,47114412,67,52,
7,47114530,475,98,
7,47114579,202,181,
7,47114590,34,3,
7,47114672,61,56,
7,47114678,13,0,
7,47114830,33,14,
7,47114881,6,3,
7,47114908,31,4,
7,47115009,98,22,
7,47115051,26,5,
7,47115149,95,39,
7,47115235,3,1,
7,47115409,14,2,
7,47115544,10,0,
7,47115574,5,0,
7,47115575,112,29,
7,47115805,791,683,
7,47115811,11,3,
7,47115899,71,73,
7,47116021,114,21,
7,47116026,133,26,
7,47116050,6,0,
7,47116121,32,4,
7,47116185,61,2,
7,47116317,37,5,
7,47116461,31,2,
7,47116719,5,1,
7,47116741,32,9,
7,47116771,13,0,
7,47116853,5,0,
7,47116866,52,33,
7,47116919,19,1,
7,47116988,20,1,
7,47117087,223,232,
7,47117102,7,5,
7,47117169,73,32,
7,47117459,242,133,
7,47117725,7,4,
7,47117780,261,73,
7,47117848,9,0,
7,47117872,7,1,
7,47117886,177,58,
7,47117937,4,2,
7,47117946,77,42,
7,47117966,91,76,
7,47118055,66,37,
7,47118217,7,1,
7,47118318,5,3,
7,47118415,9,1,
7,47118507,14,4,
7,47118778,5,9,
7,47118787,7,0,
7,47118838,10,3,19
7,47119141,15,0,
7,47119210,543,429,
7,47119274,377,122,
7,47119530,543,97,
7,47119665,3,0,
7,47119871,156,54,
7,47120076,8,1,
7,47120079,37,42,
7,47120145,169,119,
7,47120188,209,145,
7,47120196,28,14,
7,47120201,88,23,
7,47120899,1145,630,17
7,47121029,445,390,
7,47121210,86,52,
7,47121233,31,9,
7,47121246,19,2,
7,47121498,18,1,
7,47121539,133,16,
7,47121652,13,3,
7,47121718,9,6,
7,47121864,109,117,
7,47122337,62,85,
7,47122715,1396,1060,6
7,47122789,235,112,
7,47123321,58,12,
7,47123433,45,20,
7,47123590,62,55,
7,47123631,245,51,16
7,47123689,203,68,2
7,47123760,41,4,
7,47123801,22,12,
7,47123805,82,101,
7,47123894,149,41,29
7,47124064,11,1,
7,47124103,5,6,
7,47124149,215,149,14
7,47124171,29,2,
7,47124190,28,2,
7,47124289,4,0,
7,47124336,6,1,
7,47124521,4,0,
7,47124877,86,100,
7,47125019,76,66,
7,47125046,117,83,
7,47125060,9,0,
7,47125286,128,144,20
7,47125345,20,9,
7,47125349,324,89,
7,47125374,139,188,24
7,47125383,19,6,
7,47125399,6,0,
7,47125415,20,5,
7,47125432,3,0,
7,47125484,37,21,
7,47125572,5,0,
7,47125726,40,3,
7,47125966,17,5,
7,47126001,7,0,
7,47126156,53,58,
7,47126166,4,1,
7,47126177,63,20,
7,47126205,7,0,
7,47126378,11,3,
7,47126614,124,119,
7,47126667,9,4,
7,47126982,32,14,
7,47127081,640,427,
7,47127133,67,30,
7,47127396,487,209,
7,47127532,24,17,
7,47127838,23,2,
7,47127851,10,0,
7,47127986,170,53,10
7,47128094,5,0,
7,47128138,192,210,13
7,47128170,12,2,
7,47128245,15,7,
7,47128495,10,22,
7,47128535,102,39,22
7,47128604,14,1,
7,47128628,17,7,
7,47128631,70,12,28
7,47128745,20,13,
7,47128799,100,57,
7,47128827,19,2,
7,47128859,5,2,
7,47128907,87,86,
7,47128960,244,97,
7,47129010,14,1,
7,47129241,5,1,
7,47129324,4,0,
7,47129361,341,276,17
7,47129415,34,10,
7,47129472,40,2,
7,47129633,10,0,
7,47129647,164,141,
7,47129683,29,0,
7,47129727,140,72,10
7,47129922,26,18,
7,47130078,13,1,
7,47130208,243,240,
7,47130431,36,23,27
7,47130665,7,0,
7,47130670,19,3,
7,47130713,17,1,
7,47130725,33,3,
7,47130860,155,25,4
7,47130962,7,4,
7,47131017,13,0,
7,47131035,7,0,
7,47131047,36,3,
7,47131057,6,1,
7,47131173,166,72,15
7,47131224,7,0,
7,47131225,121,15,9
7,47131380,17,2,
7,47131506,102,23,23
7,47131689,43,10,
7,47131941,7,1,
7,47132102,94,27,5
7,47132260,19,8,
7,47132374,7,0,
7,47132388,196,71,3
7,47132402,13,0,
7,47132614,9,1,
7,47132650,15,3,21
7,47132721,16,3,12
7,47132999,4,2,
7,47133055,36,24,3
7,47133069,9,5,
7,47133313,123,72,1
7,47133561,4,0,
7,47133726,4,0,
8,47060334,97,17,
8,47060835,60,56,
8,47061013,28,23,
8,47061029,84,40,
8,47061062,112,82,
8,47061350,21,5,
8,47061614,779,390,
8,47061920,23,1,
8,47062096,86,35,
8,47062521,278,383,
8,47062561,124,102,
8,47062748,379,217,
8,47062824,40,32,
8,47062883,89,17,
8,47063005,469,249,
8,47063663,160,83,
8,47063950,173,181,
8,47064047,319,161,
8,47064048,25,12,
8,47064490,466,153,
8,47064845,104,81,
8,47065120,62,5,
8,47065146,50,13,
8,47065179,96,22,
8,47065729,104,93,
8,47065816,25,6,
8,47065972,76,47,
8,47066241,458,294,
8,47066347,40,12,
8,47066446,80,16,
8,47066552,826,425,
8,47067031,373,181,
8,47067187,6,0,
8,47067270,477,955,
8,47067304,24,1,
8,47067395,142,51,
8,47067498,116,86,
8,47067706,21,0,
8,47067759,368,238,
8,47068320,170,133,
8,47068890,202,77,
8,47068948,288,172,
8,47069179,228,89,
8,47069299,653,791,
8,47069650,168,58,
8,47069682,15,0,
8,47069876,82,28,
8,47069918,80,13,
8,47070446,27,23,
8,47070680,100,16,
8,47071770,27,1,
8,47072444,198,94,
8,47072539,137,54,
8,47072603,82,21,
8,47072849,76,36,
8,47072863,131,65,
8,47072968,434,74,
8,47073044,142,22,
8,47073112,312,161,
8,47073237,36,3,
8,47073684,52,32,
8,47073947,119,50,
8,47074083,38,29,
8,47074178,64,8,
8,47074321,84,99,
8,47074389,311,470,
8,47074671,79,31,
8,47074735,961,910,
8,47074869,137,103,
8,47075114,63,14,
8,47075124,653,215,
8,47075245,212,124,
8,47075295,28,1,
8,47075400,104,97,
8,47075446,25,9,
8,47075455,403,539,
8,47075716,83,24,
8,47076052,23,5,
8,47076128,41,1,
8,47076659,265,48,
8,47076789,54,18,
8,47076966,698,371,
8,47077245,118,33,
8,47077357,5,0,
8,47077358,64,31,
8,47077383,142,183,
8,47077656,65,37,
8,47077731,49,72,
8,47077743,8,0,
8,47077844,313,370,
8,47077849,270,168,
8,47078047,42,13,
8,47078109,54,2,
8,47078112,337,115,
8,47078167,198,395,
8,47078324,518,575,
8,47078840,161,152,
8,47078941,74,22,
8,47079208,60,15,9
8,47079222,516,543,
8,47079590,88,66,
8,47079718,191,76,
8,47080267,192,128,
8,47080785,66,8,
8,47080873,57,18,
8,47081051,5,0,
8,47081624,19,1,
8,47081657,16,1,
8,47082069,12,2,
8,47082496,320,144,
8,47082548,126,98,
8,47082854,108,29,
8,47083036,38,13,
8,47083086,24,20,
8,47083145,532,499,
8,47083648,216,98,
8,47083735,149,87,
8,47083882,73,15,
8,47084000,152,60,
8,47084365,7,1,
8,47085041,31,18,
8,47085061,30,5,
8,47085370,210,151,
8,47085387,164,57,
8,47085425,243,45,
8,47085483,746,374,
8,47085790,19,1,
8,47085899,4,2,
8,47086170,31,1,
8,47086181,838,451,
8,47086319,142,84,
8,47086392,48,22,
8,47086557,131,62,
8,47086900,11,14,
8,47086980,302,331,
8,47087687,109,110,
8,47087719,311,89,
8,47087751,8,0,
8,47087838,81,23,
8,47088005,48,11,
8,47088037,834,224,
8,47088076,38,29,
8,47088096,14,0,
8,47088166,258,188,
8,47088181,705,255,
8,47088307,20,6,
8,47088517,5,0,
8,47088685,441,261,
8,47088909,4,2,
8,47089213,1521,1286,
8,47089405,15,4,
8,47089907,202,207,
8,47089933,21,6,
8,47090261,5,0,
8,47090705,14,0,
8,47091071,122,23,
8,47091214,7,2,
8,47091419,2232,729,
8,47091469,139,61,
8,47091557,157,165,
8,47091606,233,240,
8,47091659,43,10,
8,47091748,1496,838,
8,47091763,61,49,
8,47091822,8,5,
8,47092006,613,367,
8,47092203,314,169,
8,47092348,29,9,
8,47092578,904,432,
8,47092809,6,0,
8,47093604,13,0,
8,47093724,231,22,
8,47093959,34,2,30
8,47093978,5,0,
8,47094149,103,52,
8,47094192,641,187,
8,47094291,28,6,
8,47094429,88,64,
8,47094637,80,118,
8,47094768,9,1,13
8,47094813,9,1,
8,47094877,195,94,
8,47095105,187,270,
8,47095134,466,295,
8,47095195,3,1,
8,47095344,54,3,
8,47095420,56,5,
8,47095429,256,90,
8,47095560,5,2,
8,47095592,20,12,
8,47095597,363,255,
8,47095706,24,6,
8,47095972,21,27,
8,47096167,337,51,
8,47096186,7,0,16
8,47096253,408,922,
8,47096379,6,1,
8,47096466,154,80,
8,47096520,228,83,
8,47096900,5,2,
8,47097091,43,7,
8,47097405,3,0,
8,47097446,4,0,
8,47097554,14,7,
8,47097904,63,67,
8,47098029,33,14,19
8,47098172,69,48,
8,47098245,1459,490,
8,47098252,72,70,
8,47098290,4,3,
8,47098296,247,148,
8,47098324,45,15,
8,47098351,5,0,
8,47098582,293,126,
8,47098593,28,2,
8,47098669,130,31,
8,47098687,235,186,
8,47098744,122,53,
8,47098785,5,0,
8,47098828,143,124,
8,47098829,9,7,
8,47098839,40,81,
8,47098978,6,1,
8,47099087,37,12,
8,47099401,4,0,
8,47099476,4,1,
8,47099485,61,4,
8,47099844,133,211,
8,47099941,4,0,
8,47099980,63,54,
8,47100190,60,6,
8,47100232,279,149,
8,47100468,44,8,
8,47100612,158,159,
8,47100714,42,16,11
8,47100935,32,15,
8,47101171,263,267,
8,47101200,222,87,
8,47101890,86,28,
8,47101951,4,0,
8,47102208,60,10,
8,47102441,7,1,
8,47102479,5,1,
8,47102576,503,219,
8,47102610,3,1,
8,47102763,72,45,
8,47102975,244,171,
8,47103136,172,508,
8,47103506,120,49,
8,47103581,43,3,
8,47103649,188,125,
8,47103661,423,254,
8,47103931,249,74,
8,47103945,111,41,
8,47103954,12,1,
8,47104019,10,0,
8,47104061,13,2,
8,47104155,11,0,
8,47104185,209,78,
8,47104223,33,18,
8,47104251,29,2,
8,47104282,17,2,
8,47104432,7,4,
8,47104433,12,6,
8,47104510,10,0,
8,47104613,31,6,
8,47104667,388,102,
8,47104953,24,4,
8,47104973,425,454,
8,47105086,11,5,
8,47105198,195,63,
8,47105821,7,4,
8,47106013,14,12,
8,47106384,5,0,
8,47106390,20,8,
8,47106547,40,1,
8,47106686,949,583,
8,47106688,7,1,
8,47106829,39,4,
8,47106866,12,2,
8,47106937,5,1,
8,47106985,154,91,
8,47107080,15,3,
8,47107155,10,1,
8,47107165,54,36,
8,47107480,17,2,
8,47107540,4,1,
8,47107601,9,5,
8,47107781,202,32,
8,47107974,3,1,
8,47108194,3,0,
8,47108256,81,53,
8,47108516,25,17,
8,47108542,21,2,
8,47108543,52,14,
8,47108601,9,19,
8,47108614,17,0,
8,47108894,3,0,
8,47108977,107,90,
8,47108989,219,115,
8,47109802,9,3,
8,47110124,16,9,
8,47110155,14,6,
8,47110268,15,2,
8,47110473,244,61,
8,47110491,3,0,
8,47110515,643,267,
8,47110533,24,5,
8,47110549,73,83,
8,47110634,33,3,
8,47110647,37,6,
8,47110781,38,3,
8,47110812,3,0,
8,47110877,4,0,
8,47110946,41,4,
8,47111039,12,3,
8,47111042,78,15,
8,47111067,291,454,
8,47111164,3,1,
8,47111218,179,50,
8,47111325,22,3,
8,47111400,411,232,
8,47111420,49,9,
8,47111440,242,96,
8,47111495,19,3,
8,47111626,182,39,
8,47111638,6,0,
8,47111681,17,2,
8,47111751,5,1,
8,47111847,5,0,
8,47111892,4,0,
8,47111929,41,5,
8,47111981,130,58,
8,47112148,4,1,
8,47112174,271,90,
8,47112228,5,0,
8,47112252,40,12,
8,47112309,16,0,
8,47112431,45,47,
8,47112543,11,7,
8,47112619,5,0,
8,47112667,4,0,
8,47112719,32,19,
8,47112835,7,1,
8,47112892,154,82,
8,47112905,7,13,
8,47112925,149,48,
8,47112971,9,1,
8,47113044,28,3,
8,47113247,27,1,
8,47113325,105,32,
8,47113401,94,21,
8,47113519,5,0,
8,47113527,132,64,
8,47113567,207,63,
8,47113591,7,7,
8,47113600,15,1,
8,47113618,564,383,
8,47113708,10,1,
8,47113728,1547,356,
8,47113731,163,124,
8,47113762,17,21,
8,47113769,99,125,
8,47113782,43,5,
8,47113796,306,62,
8,47113891,12,6,
8,47113892,41,65,
8,47113916,4,0,
8,47113936,43,43,
8,47113946,3,0,
8,47114014,49,9,
8,47114054,79,55,
8,47114165,5,0,
8,47114170,4,1,
8,47114235,213,243,
8,47114258,8,0,
8,47114412,67,52,
8,47114530,477,98,
8,47114579,202,181,
8,47114590,34,3,
8,47114672,61,56,
8,47114678,13,0,
8,47114830,33,14,
8,47114881,6,3,
8,47114908,31,4,
8,47115009,98,22,
8,47115051,26,5,
8,47115149,95,40,
8,47115235,3,1,
8,47115409,14,2,
8,47115544,10,0,
8,47115574,5,0,
8,47115575,112,29,
8,47115805,791,683,
8,47115811,11,3,
8,47115899,71,73,
8,47116021,115,21,
8,47116026,133,26,
8,47116050,6,0,
8,47116121,32,4,
8,47116185,61,2,
8,47116317,37,5,
8,47116461,31,2,
8,47116719,5,1,
8,47116741,32,9,
8,47116771,13,0,
8,47116853,5,0,
8,47116866,52,33,
8,47116919,19,1,
8,47116988,20,1,
8,47117087,223,232,
8,47117102,7,5,
8,47117169,73,32,
8,47117459,242,133,
8,47117725,7,4,
8,47117780,261,73,
8,47117848,9,0,
8,47117872,7,1,
8,47117886,178,59,
8,47117937,4,2,
8,47117946,77,42,
8,47117966,91,76,
8,47118055,66,38,
8,47118217,7,1,
8,47118318,5,3,
8,47118415,9,1,
8,47118507,14,4,
8,47118721,5,1,
8,47118778,5,9,
8,47118787,7,0,
8,47118838,15,4,24
8,47119141,15,0,
8,47119210,546,433,
8,47119274,379,122,
8,47119530,543,97,
8,47119665,3,0,
8,47119871,158,55,
8,47120076,8,1,
8,47120079,37,42,
8,47120145,169,119,
8,47120188,211,145,
8,47120196,28,14,
8,47120201,88,23,
8,47120899,1157,635,18
8,47120901,44,59,
8,47121029,446,390,
8,47121210,86,52,
8,47121233,32,11,
8,47121246,19,2,
8,47121498,18,1,
8,47121539,134,16,
8,47121652,13,3,
8,47121718,9,6,
8,47121864,109,117,
8,47122337,64,85,
8,47122715,1420,1078,6
8,47122789,237,112,
8,47123321,58,12,
8,47123433,45,20,
8,47123590,62,55,
8,47123631,253,51,17
8,47123689,220,82,1
8,47123760,41,4,
8,47123801,22,12,
8,47123805,82,101,
8,47123894,150,41,30
8,47124007,37,0,
8,47124064,11,1,
8,47124103,5,6,
8,47124149,226,152,15
8,47124171,29,2,
8,47124190,28,2,
8,47124289,4,0,
8,47124336,6,1,
8,47124475,65,108,
8,47124521,4,0,
8,47124877,87,99,
8,47125019,76,66,
8,47125046,120,84,
8,47125060,9,0,
8,47125286,135,150,20
8,47125345,20,9,
8,47125349,330,91,
8,47125374,155,221,25
8,47125383,19,6,
8,47125399,6,0,
8,47125415,20,5,
8,47125432,3,0,
8,47125484,41,24,
8,47125572,5,0,
8,47125726,41,3,
8,47125966,17,5,
8,47126001,8,1,
8,47126156,55,70,
8,47126166,5,1,
8,47126177,64,21,
8,47126205,7,0,
8,47126378,11,3,
8,47126614,126,120,
8,47126667,9,4,
8,47126982,32,14,
8,47127081,646,430,
8,47127133,68,30,
8,47127396,495,211,
8,47127532,24,17,
8,47127838,23,3,
8,47127851,10,0,
8,47127954,14,7,
8,47127986,173,53,11
8,47128094,5,0,
8,47128138,205,238,13
8,47128170,12,2,
8,47128245,15,7,
8,47128495,10,24,
8,47128535,110,40,24
8,47128604,14,1,
8,47128628,18,7,
8,47128631,71,14,
8,47128745,20,13,
8,47128799,101,62,
8,47128827,24,3,
8,47128859,6,2,
8,47128907,89,88,
8,47128960,246,97,
8,47129010,14,1,
8,47129241,6,2,
8,47129324,4,0,
8,47129361,350,287,20
8,47129415,34,10,
8,47129472,41,2,
8,47129633,11,0,
8,47129647,174,142,
8,47129683,31,0,
8,47129727,153,82,10
8,47129922,27,19,
8,47130078,17,1,
8,47130208,248,243,
8,47130431,36,23,
8,47130665,7,0,
8,47130670,19,3,
8,47130713,17,1,
8,47130725,33,3,
8,47130860,174,26,5
8,47130962,7,4,
8,47131017,13,0,
8,47131035,8,0,
8,47131047,37,5,
8,47131057,6,1,
8,47131173,176,76,21
8,47131224,7,0,
8,47131225,140,26,8
8,47131380,17,2,
8,47131506,115,27,28
8,47131689,44,11,
8,47131941,8,2,
8,47132102,106,39,6
8,47132260,21,9,
8,47132374,7,0,
8,47132388,223,77,4
8,47132402,13,0,
8,47132614,19,4,25
8,47132650,20,6,
8,47132721,24,10,14
8,47132999,4,2,
8,47133055,57,29,3
8,47133069,10,5,
8,47133313,183,147,1
8,47133561,5,1,
8,47133726,8,0,
8,47134063,14,2,3
9,47075114,63,14,
9,47075124,653,215,
9,47075245,212,124,
9,47075295,28,1,
9,47075400,104,97,
9,47075446,25,9,
9,47075455,404,541,
9,47075716,83,24,
9,47076052,23,5,
9,47076128,41,1,
9,47076659,265,48,
9,47076789,54,18,
9,47076966,699,371,
9,47077245,118,33,
9,47077357,5,0,
9,47077358,65,31,
9,47077383,142,183,
9,47077656,65,37,
9,47077731,49,72,
9,47077743,8,0,
9,47077844,313,370,
9,47077849,270,168,
9,47078047,42,13,
9,47078109,54,2,
9,47078112,338,115,
9,47078167,198,395,
9,47078324,518,575,
9,47078840,161,152,
9,47078941,74,22,
9,47079208,75,18,10
9,47079222,516,543,
9,47079590,88,66,
9,47079718,191,76,
9,47080267,192,128,
9,47080785,66,8,
9,47080873,57,18,
9,47081051,5,0,
9,47081624,19,1,
9,47081657,16,1,
9,47082069,12,2,
9,47082496,320,144,
9,47082548,126,98,
9,47082854,108,29,
9,47083036,38,13,
9,47083086,24,20,
9,47083145,532,499,
9,47083648,216,98,
9,47083735,149,87,
9,47083882,73,15,
9,47084000,152,60,
9,47084365,7,1,
9,47085041,31,18,
9,47085061,31,5,
9,47085370,210,151,
9,47085387,164,57,
9,47085425,243,45,
9,47085483,746,374,
9,47085790,19,1,
9,47085899,4,2,
9,47086170,31,1,
9,47086181,838,451,
9,47086319,142,84,
9,47086392,48,22,
9,47086557,131,62,
9,47086900,11,14,
9,47086980,302,331,
9,47087687,109,110,
9,47087719,311,89,
9,47087751,8,0,
9,47087838,81,23,
9,47088005,48,11,
9,47088037,834,224,
9,47088076,39,29,
9,47088096,14,0,
9,47088166,258,188,
9,47088181,705,255,
9,47088307,20,6,
9,47088517,5,0,
9,47088685,441,261,
9,47088909,4,2,
9,47089213,1521,1286,
9,47089405,15,4,
9,47089907,202,207,
9,47089933,21,6,
9,47090261,5,0,
9,47090705,14,0,
9,47091071,122,23,
9,47091214,7,2,
9,47091419,2234,729,
9,47091469,139,61,
9,47091557,157,165,
9,47091606,233,240,
9,47091659,43,10,
9,47091748,1496,838,
9,47091763,62,49,
9,47091822,8,5,
9,47092006,613,367,
9,47092203,314,169,
9,47092348,29,9,
9,47092578,904,432,
9,47092809,6,0,
9,47093604,13,0,
9,47093724,231,22,
9,47093959,36,3,
9,47093978,5,0,
9,47094149,103,52,
9,47094192,641,187,
9,47094291,28,6,
9,47094429,88,64,
9,47094637,80,118,
9,47094768,31,8,1
9,47094813,9,1,
9,47094877,195,94,
9,47095105,187,270,
9,47095134,466,295,
9,47095195,3,1,
9,47095344,54,3,
9,47095420,56,5,
9,47095429,256,90,
9,47095560,5,2,
9,47095592,20,12,
9,47095597,363,255,
9,47095706,24,6,
9,47095972,21,27,
9,47096167,337,51,
9,47096186,11,0,23
9,47096253,409,922,
9,47096379,6,1,
9,47096466,154,80,
9,47096520,228,83,
9,47096900,5,2,
9,47097091,43,7,
9,47097405,3,0,
9,47097446,4,0,
9,47097554,14,7,
9,47097904,63,67,
9,47098029,35,14,20
9,47098172,69,48,
9,47098245,1460,491,
9,47098252,72,70,
9,47098290,4,3,
9,47098296,247,148,
9,47098324,45,15,
9,47098351,5,0,
9,47098582,293,126,
9,47098593,28,2,
9,47098669,130,31,
9,47098687,235,186,
9,47098744,122,53,
9,47098785,5,0,
9,47098828,143,124,
9,47098829,9,7,
9,47098839,40,81,
9,47098978,6,1,
9,47099087,37,12,
9,47099401,4,0,
9,47099476,4,1,
9,47099485,61,4,
9,47099844,133,211,
9,47099941,4,0,
9,47099980,63,55,
9,47100190,60,6,
9,47100232,279,149,
9,47100468,44,8,
9,47100612,158,163,
9,47100714,61,18,12
9,47100935,32,15,
9,47101171,263,267,
9,47101200,222,88,
9,47101890,86,28,
9,47101951,4,0,
9,47102208,60,10,
9,47102441,7,1,
9,47102479,5,1,
9,47102576,503,219,
9,47102610,3,1,
9,47102763,72,45,
9,47102975,244,171,
9,47103136,172,508,
9,47103418,63,53,
9,47103506,120,49,
9,47103581,43,3,
9,47103649,188,125,
9,47103661,423,254,
9,47103931,249,74,
9,47103945,112,41,
9,47103954,12,1,
9,47104019,10,0,
9,47104061,13,2,
9,47104155,11,0,
9,47104185,209,78,
9,47104223,33,18,
9,47104251,29,2,
9,47104282,17,2,
9,47104432,7,4,
9,47104433,12,6,
9,47104510,10,0,
9,47104613,31,6,
9,47104667,388,102,
9,47104953,24,4,
9,47104973,425,454,
9,47105038,4,0,23
9,47105086,11,5,
9,47105198,196,63,
9,47105821,7,4,
9,47106013,14,12,
9,47106384,5,0,
9,47106390,20,8,
9,47106547,40,1,
9,47106686,949,584,
9,47106688,7,1,
9,47106829,39,4,
9,47106866,12,2,
9,47106937,5,1,
9,47106985,154,91,
9,47107080,15,3,
9,47107155,10,1,
9,47107165,54,36,
9,47107480,17,2,
9,47107540,4,1,
9,47107601,9,5,
9,47107781,202,32,
9,47107974,3,1,
9,47108194,3,0,
9,47108256,81,53,
9,47108516,25,17,
9,47108542,21,2,
9,47108543,52,14,
9,47108601,9,20,
9,47108614,17,0,
9,47108894,3,0,
9,47108977,107,90,
9,47108989,219,115,
9,47109802,9,3,
9,47110124,16,9,
9,47110155,14,6,
9,47110268,15,2,
9,47110473,244,63,
9,47110491,3,0,
9,47110515,643,267,
9,47110533,24,5,
9,47110549,73,83,
9,47110634,33,3,
9,47110647,37,6,
9,47110781,38,3,
9,47110812,3,0,
9,47110877,4,0,
9,47110946,41,4,
9,47111039,12,3,
9,47111042,78,15,
9,47111067,292,454,
9,47111164,3,1,
9,47111218,179,50,
9,47111325,22,3,
9,47111400,412,232,
9,47111420,49,9,
9,47111440,242,96,
9,47111495,19,3,
9,47111626,182,39,
9,47111638,6,0,
9,47111681,17,2,
9,47111751,5,1,
9,47111847,5,0,
9,47111892,4,0,
9,47111929,41,5,
9,47111981,130,58,
9,47112148,4,1,
9,47112174,271,90,
9,47112228,5,0,
9,47112252,40,12,
9,47112309,16,0,
9,47112431,45,47,
9,47112543,11,7,
9,47112619,5,0,
9,47112667,4,0,
9,47112719,32,19,
9,47112835,7,1,
9,47112892,154,82,
9,47112905,7,13,
9,47112925,149,48,
9,47112971,9,1,
9,47113044,28,3,
9,47113247,27,1,
9,47113325,105,32,
9,47113401,96,21,
9,47113519,5,0,
9,47113527,132,64,
9,47113567,207,63,
9,47113591,7,7,
9,47113600,15,1,
9,47113618,565,384,
9,47113708,10,1,
9,47113728,1549,357,
9,47113731,164,130,
9,47113762,17,21,
9,47113769,99,126,
9,47113782,43,5,
9,47113796,306,62,
9,47113891,12,6,
9,47113892,41,65,
9,47113916,4,0,
9,47113936,44,43,
9,47113946,3,0,
9,47114014,49,9,
9,47114054,79,55,
9,47114165,5,0,
9,47114170,4,1,
9,47114235,213,243,
9,47114258,8,0,
9,47114412,67,52,
9,47114530,479,99,
9,47114579,202,181,
9,47114590,35,3,
9,47114672,61,56,
9,47114678,13,0,
9,47114830,33,14,
9,47114881,6,3,
9,47114908,31,4,
9,47115009,98,22,
9,47115051,26,5,
9,47115149,95,40,
9,47115235,3,1,
9,47115409,14,2,
9,47115544,10,0,
9,47115574,5,0,
9,47115575,112,29,
9,47115805,791,683,
9,47115811,11,3,
9,47115899,71,73,
9,47116021,115,21,
9,47116026,133,26,
9,47116050,6,0,
9,47116121,32,4,
9,47116185,61,2,
9,47116317,37,5,
9,47116461,31,2,
9,47116719,5,1,
9,47116741,32,9,
9,47116771,13,0,
9,47116853,5,0,
9,47116866,52,33,
9,47116919,19,1,
9,47116988,20,1,
9,47117087,223,232,
9,47117102,7,5,
9,47117169,73,32,
9,47117459,242,133,
9,47117725,7,4,
9,47117780,263,72,
9,47117848,9,0,
9,47117872,7,1,
9,47117886,179,62,
9,47117937,4,2,
9,47117946,77,42,
9,47117966,92,76,
9,47118055,66,38,
9,47118217,7,1,
9,47118318,5,3,
9,47118415,9,1,
9,47118507,14,4,
9,47118721,5,1,
9,47118778,5,9,
9,47118787,7,0,
9,47118838,23,5,17
9,47119141,15,0,
9,47119210,549,435,
9,47119274,382,122,
9,47119530,544,99,
9,47119665,3,0,
9,47119871,159,55,
9,47120076,8,1,
9,47120079,37,42,
9,47120145,169,120,
9,47120188,213,145,
9,47120196,28,14,
9,47120201,88,23,
9,47120899,1169,644,18
9,47120901,44,59,
9,47121029,446,390,
9,47121210,86,52,
9,47121233,32,11,
9,47121246,19,2,
9,47121498,18,1,
9,47121539,134,16,
9,47121652,13,3,
9,47121718,9,6,
9,47121864,109,119,
9,47122337,64,85,
9,47122715,1443,1105,6
9,47122789,239,113,
9,47123321,59,12,
9,47123433,46,21,
9,47123590,62,55,
9,47123631,259,51,17
9,47123689,247,104,1
9,47123760,41,4,
9,47123801,22,12,
9,47123805,83,101,
9,47123894,154,42,29
9,47124007,38,0,
9,47124064,11,1,
9,47124103,5,6,
9,47124149,235,156,16
9,47124171,32,2,
9,47124190,28,2,
9,47124289,4,0,
9,47124336,6,1,
9,47124521,4,0,
9,47124877,87,102,
9,47125019,76,67,
9,47125046,123,84,
9,47125060,9,0,
9,47125286,141,161,19
9,47125345,20,9,
9,47125349,330,94,
9,47125374,173,237,22
9,47125383,19,6,
9,47125399,6,0,
9,47125415,21,5,
9,47125432,3,0,
9,47125484,41,26,
9,47125572,5,0,
9,47125726,41,3,
9,47125966,17,5,
9,47126001,8,1,
9,47126156,57,74,
9,47126166,5,1,
9,47126177,64,22,
9,47126205,7,0,
9,47126378,11,3,
9,47126614,128,120,
9,47126667,9,4,
9,47126982,34,14,
9,47127081,650,437,
9,47127133,68,30,
9,47127396,502,215,
9,47127532,24,17,
9,47127838,24,4,
9,47127851,10,0,
9,47127954,14,7,
9,47127986,174,53,13
9,47128094,5,0,
9,47128138,223,262,14
9,47128170,12,2,
9,47128245,15,7,
9,47128495,10,25,
9,47128535,116,43,24
9,47128604,14,1,
9,47128628,20,8,
9,47128631,72,14,
9,47128745,20,14,
9,47128799,103,65,
9,47128827,28,3,
9,47128859,6,2,
9,47128907,92,88,
9,47128960,247,97,
9,47129010,14,1,
9,47129241,6,2,
9,47129324,4,0,
9,47129361,360,293,21
9,47129415,34,10,
9,47129472,41,2,
9,47129633,11,0,
9,47129647,182,146,
9,47129683,33,0,
9,47129727,167,86,11
9,47129922,27,22,
9,47130078,19,1,
9,47130208,250,244,
9,47130431,41,23,
9,47130665,7,0,
9,47130670,19,3,
9,47130713,17,1,
9,47130725,33,3,
9,47130860,191,30,5
9,47130962,7,4,
9,47130974,8,11,
9,47131017,13,0,
9,47131035,8,0,
9,47131047,37,5,
9,47131057,6,1,
9,47131173,182,81,23
9,47131224,7,0,
9,47131225,157,37,9
9,47131380,17,2,
9,47131506,124,33,28
9,47131689,44,11,
9,47131941,8,2,
9,47132102,120,45,7
9,47132260,21,9,
9,47132374,7,0,
9,47132388,246,91,4
9,47132402,13,0,
9,47132614,24,8,27
9,47132650,22,8,
9,47132721,28,17,15
9,47132999,9,5,
9,47133055,74,36,2
9,47133069,10,5,
9,47133103,3,2,
9,47133313,226,189,2
9,47133561,5,1,
9,47133726,12,0,
9,47134452,6,1,
9,47134946,5,1,24
10,47075114,63,14,
10,47075124,653,215,
10,47075245,212,124,
10,47075295,29,1,
10,47075400,104,97,
10,47075446,25,9,
10,47075455,407,541,
10,47075716,83,24,
10,47076052,23,5,
10,47076128,41,1,
10,47076659,265,48,
10,47076789,54,18,
10,47076966,699,371,
10,47077245,118,33,
10,47077357,5,0,
10,47077358,65,31,
10,47077383,142,183,
10,47077656,65,37,
10,47077731,49,72,
10,47077743,8,0,
10,47077844,313,370,
10,47077849,270,168,
10,47078047,42,13,
10,47078109,54,2,
10,47078112,339,115,
10,47078167,198,395,
10,47078324,518,575,
10,47078840,161,152,
10,47078941,74,22,
10,47079208,85,21,9
10,47079222,516,543,
10,47079590,88,66,
10,47079718,191,76,
10,47080267,192,128,
10,47080785,66,8,
10,47080873,57,18,
10,47081051,5,0,
10,47081624,19,1,
10,47081657,16,1,
10,47082069,12,2,
10,47082496,320,144,
10,47082548,126,98,
10,47082854,108,29,
10,47083036,38,13,
10,47083086,24,20,
10,47083145,532,499,
10,47083648,216,98,
10,47083735,149,87,
10,47083882,73,15,
10,47084000,152,60,
10,47084365,7,1,
10,47085041,31,18,
10,47085061,32,6,
10,47085370,210,151,
10,47085387,164,57,
10,47085425,243,45,
10,47085483,746,374,
10,47085790,19,1,
10,47085899,4,2,
10,47086170,31,1,
10,47086181,838,451,
10,47086319,142,84,
10,47086392,48,22,
10,47086557,131,62,
10,47086900,11,14,
10,47086980,302,331,
10,47087687,109,110,
10,47087719,311,89,
10,47087838,82,23,
10,47088005,48,11,
10,47088037,834,225,
10,47088076,39,29,
10,47088096,14,0,
10,47088166,259,188,
10,47088181,705,255,
10,47088307,20,6,
10,47088517,5,0,
10,47088685,442,262,
10,47088909,4,2,
10,47089213,1521,1286,
10,47089405,15,4,
10,47089907,202,207,
10,47089933,21,6,
10,47090261,5,0,
10,47090705,14,0,
10,47091071,122,23,
10,47091214,7,2,
10,47091419,2236,729,
10,47091469,139,61,
10,47091557,157,165,
10,47091606,233,240,
10,47091659,43,10,
10,47091748,1496,838,
10,47091763,62,49,
10,47091822,8,5,
10,47092006,613,367,
10,47092203,314,169,
10,47092348,29,9,
10,47092578,905,433,
10,47092809,6,0,
10,47093604,13,0,
10,47093724,231,22,
10,47093959,37,3,
10,47093978,5,0,
10,47094149,103,52,
10,47094192,641,187,
10,47094291,28,6,
10,47094429,88,64,
10,47094637,80,118,
10,47094768,72,13,1
10,47094813,9,1,
10,47094877,195,94,
10,47095105,187,270,
10,47095134,466,295,
10,47095195,3,1,
10,47095344,54,3,
10,47095420,56,5,
10,47095429,256,90,
10,47095560,5,2,
10,47095592,20,12,
10,47095597,364,256,
10,47095706,24,6,
10,47095972,21,27,
10,47096167,337,51,
10,47096186,17,0,25
10,47096253,409,922,
10,47096379,6,1,
10,47096466,154,80,
10,47096520,228,83,
10,47096900,5,2,
10,47097091,43,7,
10,47097405,3,0,
10,47097446,4,0,
10,47097554,14,7,
10,47097904,63,67,
10,47098029,38,16,23
10,47098172,69,48,
10,47098245,1462,491,
10,47098252,72,70,
10,47098290,4,3,
10,47098296,247,148,
10,47098324,45,15,
10,47098351,5,0,
10,47098582,293,128,
10,47098593,28,2,
10,47098669,130,31,
10,47098687,235,186,
10,47098744,122,53,
10,47098785,5,0,
10,47098828,143,124,
10,47098829,9,7,
10,47098839,40,81,
10,47098978,6,1,
10,47099087,37,12,
10,47099401,15,3,4
10,47099476,4,1,
10,47099485,61,4,
10,47099844,133,211,
10,47099941,4,0,
10,47099980,63,55,
10,47100190,60,6,
10,47100232,279,149,
10,47100468,44,8,
10,47100612,160,164,30
10,47100714,77,23,12
10,47100935,32,15,
10,47101171,263,267,
10,47101200,222,88,
10,47101890,86,28,
10,47101951,4,0,
10,47102208,60,10,
10,47102441,7,1,
10,47102479,5,1,
10,47102576,503,219,
10,47102610,3,1,
10,47102763,72,45,
10,47102975,244,171,
10,47103136,172,508,
10,47103506,120,49,
10,47103581,43,3,
10,47103649,188,125,
10,47103661,423,254,
10,47103931,249,74,
10,47103945,112,41,
10,47103954,12,1,
10,47104019,10,0,
10,47104061,13,2,
10,47104155,11,0,
10,47104185,209,78,
10,47104223,33,18,
10,47104251,29,2,
10,47104282,17,2,
10,47104432,7,4,
10,47104433,12,6,
10,47104510,10,0,
10,47104613,31,6,
10,47104667,388,102,
10,47104953,24,4,
10,47104973,425,454,
10,47105038,12,0,17
10,47105086,11,5,
10,47105198,198,65,
10,47105821,7,4,
10,47106013,14,12,
10,47106384,5,0,
10,47106390,20,8,
10,47106547,40,1,
10,47106686,949,584,
10,47106688,7,1,
10,47106829,39,4,
10,47106866,12,2,
10,47106937,5,1,
10,47106985,154,91,
10,47107080,15,3,
10,47107155,10,1,
10,47107165,54,36,
10,47107480,17,2,
10,47107540,4,1,
10,47107601,9,5,
10,47107781,202,32,
10,47107974,3,1,
10,47108194,3,0,
10,47108256,81,53,
10,47108516,25,17,
10,47108542,21,2,
10,47108543,52,14,
10,47108601,9,20,
10,47108614,17,0,
10,47108894,3,0,
10,47108977,107,90,
10,47108989,219,116,
10,47109802,9,3,
10,47110124,16,9,
10,47110155,14,6,
10,47110268,15,2,
10,47110473,244,63,
10,47110491,3,0,
10,47110515,644,267,
10,47110533,24,5,
10,47110549,73,83,
10,47110634,33,3,
10,47110647,37,6,
10,47110781,38,3,
10,47110812,3,0,
10,47110877,4,0,
10,47110946,41,4,
10,47111039,12,3,
10,47111042,78,15,
10,47111067,292,454,
10,47111164,3,1,
10,47111218,179,50,
10,47111325,22,3,
10,47111400,412,232,
10,47111420,49,9,
10,47111440,242,96,
10,47111495,19,3,
10,47111626,182,39,
10,47111638,6,0,
10,47111681,17,2,
10,47111751,5,1,
10,47111892,4,0,
10,47111929,41,5,
10,47111981,131,58,
10,47112148,4,1,
10,47112174,271,90,
10,47112228,5,0,
10,47112309,16,0,
10,47112431,45,47,
10,47112543,11,7,
10,47112619,5,0,
10,47112667,4,0,
10,47112719,32,19,
10,47112835,7,1,
10,47112892,155,82,
10,47112905,7,13,
10,47112925,149,48,
10,47112971,9,1,
10,47113044,28,3,
10,47113247,27,1,
10,47113325,105,32,
10,47113401,97,21,
10,47113519,5,0,
10,47113527,132,64,
10,47113567,207,63,
10,47113591,7,7,
10,47113600,15,1,
10,47113618,565,384,
10,47113708,10,1,
10,47113728,1551,359,
10,47113731,164,131,
10,47113762,17,21,
10,47113769,99,126,
10,47113782,43,5,
10,47113796,307,62,
10,47113891,12,6,
10,47113892,41,65,
10,47113916,4,0,
10,47113936,44,43,
10,47113946,3,0,
10,47114014,49,9,
10,47114054,79,55,
10,47114165,5,0,
10,47114170,4,1,
10,47114235,213,243,
10,47114258,8,0,
10,47114412,67,52,
10,47114530,480,99,
10,47114579,202,181,
10,47114590,35,3,
10,47114672,61,56,
10,47114678,13,0,
10,47114830,33,14,
10,47114881,6,3,
10,47114908,31,4,
10,47115009,98,22,
10,47115051,26,5,
10,47115149,95,40,
10,47115235,3,1,
10,47115409,14,2,
10,47115544,10,0,
10,47115574,5,0,
10,47115575,112,29,
10,47115805,791,685,
10,47115811,11,3,
10,47115899,72,73,
10,47116021,115,21,
10,47116026,133,26,
10,47116050,6,0,
10,47116121,32,4,
10,47116185,61,2,
10,47116317,37,5,
10,47116461,31,2,
10,47116719,5,1,
10,47116741,32,9,
10,47116771,13,0,
10,47116853,5,0,
10,47116866,52,34,
10,47116919,19,1,
10,47116988,20,1,
10,47117087,223,232,
10,47117102,7,5,
10,47117169,73,32,
10,47117459,243,134,
10,47117725,7,4,
10,47117780,263,72,
10,47117848,9,0,
10,47117872,7,1,
10,47117886,181,62,
10,47117937,4,2,
10,47117946,77,42,
10,47117966,92,76,
10,47118055,66,38,
10,47118217,7,1,
10,47118318,5,3,
10,47118415,9,1,
10,47118507,14,4,
10,47118721,5,1,
10,47118778,5,9,
10,47118787,7,0,
10,47118838,31,9,16
10,47119141,16,0,
10,47119210,549,435,
10,47119274,384,123,
10,47119530,544,99,
10,47119665,3,0,
10,47119871,159,55,
10,47120076,8,1,
10,47120079,37,42,
10,47120145,204,510,28
10,47120188,214,146,
10,47120196,28,14,
10,47120201,88,23,
10,47120899,1181,650,20
10,47120901,44,59,
10,47121029,447,392,
10,47121210,86,52,
10,47121233,33,11,
10,47121246,19,2,
10,47121498,18,1,
10,47121539,134,16,
10,47121652,13,3,
10,47121718,9,6,
10,47121864,110,119,
10,47122337,64,85,
10,47122715,1470,1123,7
10,47122789,241,113,
10,47123321,59,13,
10,47123433,46,21,
10,47123590,63,55,
10,47123631,269,53,19
10,47123689,278,135,2
10,47123760,41,4,
10,47123801,22,12,
10,47123805,83,101,
10,47123894,158,45,
10,47124007,38,0,
10,47124064,11,1,
10,47124103,5,6,
10,47124149,247,165,18
10,47124171,32,2,
10,47124190,28,2,
10,47124289,4,0,
10,47124336,6,1,
10,47124521,4,0,
10,47124877,87,102,
10,47125019,76,67,
10,47125046,123,85,
10,47125060,9,0,
10,47125286,145,170,21
10,47125345,20,9,
10,47125349,334,95,
10,47125374,194,246,27
10,47125383,19,6,
10,47125399,6,0,
10,47125415,21,5,
10,47125432,3,0,
10,47125484,41,26,
10,47125572,5,0,
10,47125726,41,3,
10,47125966,17,5,
10,47126001,8,1,
10,47126156,58,75,
10,47126166,5,1,
10,47126177,64,23,
10,47126205,7,0,
10,47126378,11,3,
10,47126614,129,122,
10,47126667,9,4,
10,47126982,34,15,
10,47127081,653,439,
10,47127133,70,30,
10,47127396,508,218,
10,47127532,24,17,
10,47127838,24,4,
10,47127851,10,0,
10,47127954,14,7,
10,47127986,178,53,14
10,47128094,5,1,
10,47128138,237,288,13
10,47128170,12,2,
10,47128245,15,7,
10,47128495,10,25,
10,47128535,120,43,25
10,47128604,14,1,
10,47128628,20,8,
10,47128631,74,14,
10,47128745,20,14,
10,47128799,105,65,
10,47128827,32,3,
10,47128859,6,2,
10,47128907,95,91,
10,47128960,247,97,
10,47129010,14,1,
10,47129241,6,2,
10,47129324,4,0,
10,47129361,370,297,22
10,47129415,34,10,
10,47129472,42,3,
10,47129633,11,0,
10,47129647,186,150,
10,47129683,35,0,
10,47129727,174,97,11
10,47129922,27,22,
10,47130078,20,1,
10,47130208,251,246,
10,47130431,41,23,
10,47130665,7,0,
10,47130670,19,3,
10,47130713,18,1,
10,47130725,33,3,
10,47130860,198,37,4
10,47130962,7,4,
10,47130974,8,13,
10,47131017,13,0,
10,47131035,8,0,
10,47131047,38,5,
10,47131057,6,1,
10,47131173,187,82,27
10,47131224,7,0,
10,47131225,169,40,10
10,47131380,17,2,
10,47131506,137,35,30
10,47131689,44,11,
10,47131941,8,2,
10,47132102,131,51,8
10,47132260,21,9,
10,47132374,7,0,
10,47132388,267,101,6
10,47132402,13,0,
10,47132614,26,10,
10,47132642,5,1,
10,47132650,23,8,
10,47132721,36,26,15
10,47132766,9,7,
10,47132842,4,0,
10,47132999,9,5,
10,47133055,81,42,5
10,47133069,10,5,
10,47133103,3,2,
10,47133313,268,216,2
10,47133561,5,1,
10,47133726,13,0,
10,47134438,4,0,
10,47134452,12,3,
10,47134931,7,0,
10,47134946,21,25,1
11,47075114,63,14,
11,47075124,653,215,
11,47075245,212,124,
11,47075295,29,1,
11,47075400,104,97,
11,47075446,25,9,
11,47075455,407,542,
11,47075716,83,24,
11,47076052,23,5,
11,47076128,41,1,
11,47076659,265,48,
11,47076789,55,18,
11,47076966,699,371,
11,47077245,118,33,
11,47077357,5,0,
11,47077358,65,31,
11,47077383,142,183,
11,47077656,65,37,
11,47077731,49,72,
11,47077743,8,0,
11,47077844,313,370,
11,47077849,270,168,
11,47078047,42,13,
11,47078109,54,2,
11,47078112,339,115,
11,47078167,198,395,
11,47078324,518,575,
11,47078840,161,152,
11,47078941,74,22,
11,47079222,516,543,
11,47079590,88,66,
11,47079718,191,76,
11,47080267,192,128,
11,47080785,66,8,
11,47080873,57,18,
11,47081051,5,0,
11,47081624,19,1,
11,47081657,16,1,
11,47082069,12,2,
11,47082496,320,144,
11,47082548,126,98,
11,47082854,108,29,
11,47083036,38,13,
11,47083086,24,20,
11,47083145,532,499,
11,47083648,216,98,
11,47083735,149,87,
11,47083882,73,15,
11,47084000,152,60,
11,47084365,7,1,
11,47085041,31,18,
11,47085061,32,6,
11,47085370,210,151,
11,47085387,164,57,
11,47085425,243,45,
11,47085483,746,374,
11,47085790,19,1,
11,47085899,4,2,
11,47086170,31,1,
11,47086181,838,451,
11,47086319,142,84,
11,47086392,48,22,
11,47086557,131,62,
11,47086900,11,14,
11,47086980,302,331,
11,47087687,109,110,
11,47087719,311,89,
11,47087838,82,23,
11,47088005,48,11,
11,47088037,834,225,
11,47088076,39,30,
11,47088096,14,0,
11,47088166,259,188,
11,47088181,705,255,
11,47088307,20,6,
11,47088517,5,0,
11,47088685,443,262,
11,47088909,4,2,
11,47089213,1521,1286,
11,47089405,15,4,
11,47089907,202,207,
11,47089933,21,6,
11,47090261,5,0,
11,47090705,14,0,
11,47091071,122,23,
11,47091214,7,2,
11,47091419,2236,729,
11,47091469,139,61,
11,47091557,157,165,
11,47091606,233,240,
11,47091659,43,10,
11,47091748,1497,838,
11,47091763,62,49,
11,47091822,8,5,
11,47092006,613,367,
11,47092203,314,169,
11,47092348,29,9,
11,47092578,905,434,
11,47092809,6,0,
11,47093604,13,0,
11,47093724,231,22,
11,47093959,38,3,
11,47093978,5,0,
11,47094149,103,52,
11,47094192,641,187,
11,47094291,28,6,
11,47094429,88,64,
11,47094637,80,118,
11,47094768,105,20,1
11,47094813,9,1,
11,47094877,195,94,
11,47095105,187,270,
11,47095134,466,296,
11,47095195,3,1,
11,47095266,11,0,9
11,47095344,54,3,
11,47095420,56,5,
11,47095429,256,90,
11,47095560,5,2,
11,47095592,20,12,
11,47095597,364,257,
11,47095706,24,6,
11,47095972,21,27,
11,47096167,337,51,
11,47096186,22,0,25
11,47096253,409,922,
11,47096379,6,1,
11,47096466,154,80,
11,47096520,228,83,
11,47096900,5,2,
11,47097091,43,7,
11,47097405,3,0,
11,47097446,4,0,
11,47097554,14,7,
11,47097904,63,67,
11,47098029,42,17,23
11,47098172,69,48,
11,47098245,1463,491,
11,47098252,72,70,
11,47098290,4,3,
11,47098296,248,148,
11,47098324,45,15,
11,47098351,5,0,
11,47098582,293,129,
11,47098593,28,2,
11,47098669,131,31,
11,47098687,235,186,
11,47098744,122,53,
11,47098785,5,0,
11,47098828,143,124,
11,47098829,9,7,
11,47098839,40,81,
11,47098978,6,1,
11,47099087,37,12,
11,47099401,24,9,4
11,47099476,4,1,
11,47099485,61,4,
11,47099844,133,211,
11,47099941,4,0,
11,47099980,63,55,
11,47100190,60,6,
11,47100232,279,149,
11,47100468,44,8,
11,47100612,161,167,
11,47100714,94,31,14
11,47100935,32,15,
11,47101171,263,267,
11,47101200,222,88,
11,47101890,86,28,
11,47101951,4,0,
11,47102208,60,10,
11,47102441,7,1,
11,47102479,5,1,
11,47102576,503,219,
11,47102610,3,1,
11,47102763,72,45,
11,47102975,244,171,
11,47103136,172,508,
11,47103506,120,49,
11,47103581,43,3,
11,47103649,188,125,
11,47103661,423,254,
11,47103931,249,74,
11,47103945,112,41,
11,47103954,12,1,
11,47104019,10,0,
11,47104061,13,2,
11,47104155,11,0,
11,47104185,209,78,
11,47104223,33,18,
11,47104251,29,2,
11,47104282,17,2,
11,47104432,7,4,
11,47104433,12,6,
11,47104510,10,0,
11,47104613,31,6,
11,47104667,388,102,
11,47104953,24,4,
11,47104973,425,454,
11,47105038,15,1,17
11,47105086,11,5,
11,47105198,199,67,
11,47105821,7,4,
11,47106013,14,12,
11,47106384,5,0,
11,47106390,20,8,
11,47106547,40,1,
11,47106686,950,585,
11,47106688,7,1,
11,47106829,39,4,
11,47106866,12,2,
11,47106937,5,1,
11,47106985,154,91,
11,47107080,15,3,
11,47107155,10,1,
11,47107165,54,36,
11,47107480,17,2,
11,47107540,4,1,
11,47107601,9,5,
11,47107781,202,32,
11,47107974,3,1,
11,47108194,3,0,
11,47108256,82,53,
11,47108516,25,17,
11,47108542,21,2,
11,47108543,52,14,
11,47108601,9,20,
11,47108614,17,0,
11,47108894,3,0,
11,47108977,108,90,
11,47108989,219,116,
11,47109802,9,3,
11,47110124,16,9,
11,47110155,14,6,
11,47110268,15,2,
11,47110473,244,63,
11,47110491,3,0,
11,47110515,644,267,
11,47110533,24,5,
11,47110549,73,83,
11,47110634,33,3,
11,47110647,37,6,
11,47110781,38,3,
11,47110812,3,0,
11,47110877,4,0,
11,47110946,41,4,
11,47111039,12,3,
11,47111042,78,15,
11,47111067,292,454,
11,47111164,3,1,
11,47111218,179,50,
11,47111325,22,3,
11,47111400,412,234,
11,47111420,49,9,
11,47111440,242,96,
11,47111495,19,3,
11,47111626,183,39,
11,47111638,6,0,
11,47111681,17,2,
11,47111751,5,1,
11,47111892,4,0,
11,47111929,41,5,
11,47111981,131,59,
11,47112148,4,1,
11,47112174,271,90,
11,47112228,5,0,
11,47112309,16,0,
11,47112431,45,47,
11,47112543,11,7,
11,47112619,5,0,
11,47112667,4,0,
11,47112719,32,19,
11,47112835,7,1,
11,47112892,157,82,
11,47112905,7,13,
11,47112925,149,48,
11,47112971,9,1,
11,47113044,28,3,
11,47113247,27,1,
11,47113325,105,32,
11,47113401,97,22,
11,47113519,5,0,
11,47113527,132,64,
11,47113567,207,63,
11,47113591,7,6,
11,47113600,15,1,
11,47113618,566,384,
11,47113708,10,1,
11,47113728,1554,359,
11,47113731,164,131,
11,47113762,17,21,
11,47113769,99,126,
11,47113782,43,5,
11,47113796,307,62,
11,47113891,12,6,
11,47113892,41,65,
11,47113916,4,0,
11,47113936,44,43,
11,47113946,3,0,
11,47114014,49,9,
11,47114054,79,55,
11,47114165,5,0,
11,47114170,4,1,
11,47114235,213,243,
11,47114258,8,0,
11,47114412,68,52,
11,47114530,480,99,
11,47114579,203,181,
11,47114590,35,3,
11,47114672,61,56,
11,47114678,13,0,
11,47114830,33,14,
11,47114881,6,3,
11,47114908,31,4,
11,47115009,98,22,
11,47115051,26,5,
11,47115149,95,42,
11,47115235,3,1,
11,47115409,14,2,
11,47115544,10,0,
11,47115574,5,0,
11,47115575,112,29,
11,47115805,791,685,
11,47115811,11,3,
11,47115899,72,73,
11,47116021,116,21,
11,47116026,133,26,
11,47116050,6,0,
11,47116121,32,4,
11,47116185,61,2,
11,47116317,37,5,
11,47116461,31,2,
11,47116719,5,1,
11,47116741,32,9,
11,47116771,13,0,
11,47116853,5,0,
11,47116866,52,34,
11,47116919,19,1,
11,47116988,20,1,
11,47117087,223,232,
11,47117102,7,5,
11,47117169,73,32,
11,47117459,243,134,
11,47117725,7,4,
11,47117780,263,72,
11,47117848,9,0,
11,47117872,7,1,
11,47117886,183,62,
11,47117937,4,2,
11,47117946,77,42,
11,47117966,92,76,
11,47118055,66,38,
11,47118217,7,1,
11,47118318,5,3,
11,47118415,9,1,
11,47118507,14,4,
11,47118721,5,1,
11,47118778,5,9,
11,47118787,7,0,
11,47118838,32,14,19
11,47119141,16,0,
11,47119210,549,436,
11,47119274,384,123,
11,47119530,545,99,
11,47119665,3,0,
11,47119871,160,55,
11,47120076,8,1,
11,47120079,37,42,
11,47120145,219,521,25
11,47120188,214,146,
11,47120196,28,14,
11,47120201,88,23,
11,47120899,1187,659,21
11,47121210,86,52,
11,47121233,33,11,
11,47121246,19,2,
11,47121498,18,1,
11,47121539,134,16,
11,47121652,13,3,
11,47121718,9,6,
11,47121864,111,119,
11,47122337,64,85,
11,47122715,1490,1143,9
11,47122789,243,113,
11,47123321,61,13,
11,47123433,46,21,
11,47123590,63,55,
11,47123631,275,53,20
11,47123689,295,161,2
11,47123760,42,4,
11,47123801,22,12,
11,47123805,83,101,
11,47123894,158,45,
11,47124007,38,0,
11,47124064,11,1,
11,47124103,5,6,
11,47124149,256,169,18
11,47124171,48,3,12
11,47124190,28,2,
11,47124289,4,0,
11,47124336,6,1,
11,47124521,4,0,
11,47124877,87,102,
11,47125014,30,20,
11,47125019,76,67,
11,47125046,123,86,
11,47125060,9,0,
11,47125286,150,188,22
11,47125345,20,9,
11,47125349,335,96,
11,47125374,207,270,26
11,47125383,19,6,
11,47125399,7,0,
11,47125415,21,5,
11,47125432,3,0,
11,47125484,41,26,
11,47125572,5,0,
11,47125726,41,3,
11,47125966,17,5,
11,47126001,8,1,
11,47126156,58,78,
11,47126166,5,1,
11,47126177,64,23,
11,47126205,7,0,
11,47126378,11,3,
11,47126614,132,123,
11,47126667,9,4,
11,47126982,34,15,
11,47127081,657,440,
11,47127133,70,30,
11,47127396,511,222,
11,47127532,25,17,
11,47127838,24,4,
11,47127851,10,0,
11,47127986,182,55,13
11,47128094,5,1,
11,47128138,249,308,12
11,47128170,12,2,
11,47128245,15,7,
11,47128495,10,26,
11,47128535,125,43,28
11,47128604,14,1,
11,47128628,20,8,
11,47128631,76,14,
11,47128745,20,14,
11,47128799,105,66,
11,47128827,33,4,
11,47128859,6,2,
11,47128907,97,93,
11,47128960,249,97,
11,47129010,14,1,
11,47129241,6,2,
11,47129324,4,0,
11,47129361,378,306,24
11,47129472,43,4,
11,47129633,11,0,
11,47129647,193,152,
11,47129683,35,0,
11,47129727,187,105,11
11,47129922,28,22,
11,47130078,20,1,
11,47130208,253,247,
11,47130431,43,23,
11,47130665,7,0,
11,47130670,19,3,
11,47130713,18,1,
11,47130725,35,3,
11,47130860,211,39,4
11,47130974,8,14,
11,47131017,13,0,
11,47131035,8,0,
11,47131047,38,5,
11,47131057,6,1,
11,47131173,191,86,29
11,47131224,7,0,
11,47131225,181,43,10
11,47131380,17,2,
11,47131506,138,36,
11,47131689,45,11,
11,47131941,8,2,
11,47132102,151,55,7
11,47132260,22,9,
11,47132374,7,0,
11,47132388,281,110,7
11,47132402,13,0,
11,47132614,28,10,
11,47132642,5,1,
11,47132650,23,8,
11,47132721,41,32,14
11,47132766,10,8,
11,47132842,6,0,
11,47132999,10,5,
11,47133027,4,1,
11,47133055,94,54,3
11,47133069,11,5,
11,47133103,3,2,
11,47133313,295,241,5
11,47133561,6,1,
11,47133585,4,0,
11,47133726,14,0,
11,47133999,3,0,
11,47134057,3,0,
11,47134438,5,0,
11,47134452,16,5,
11,47134779,4,0,26
11,47134931,10,3,
11,47134946,34,71,
11,47135360,3,0,
11,47135562,25,28,17
11,47135607,3,0,
12,47075114,63,14,
12,47075124,653,215,
12,47075245,212,124,
12,47075295,29,1,
12,47075400,104,97,
12,47075446,25,9,
12,47075455,408,542,
12,47075716,83,24,
12,47076052,23,5,
12,47076128,41,1,
12,47076659,265,48,
12,47076789,55,18,
12,47076966,700,371,
12,47077245,118,33,
12,47077357,5,0,
12,47077358,65,31,
12,47077383,142,183,
12,47077656,65,37,
12,47077731,49,72,
12,47077743,8,0,
12,47077844,313,370,
12,47077849,270,168,
12,47078047,42,13,
12,47078109,54,2,
12,47078112,340,115,
12,47078167,198,395,
12,47078324,518,575,
12,47078840,161,152,
12,47078941,74,22,
12,47079222,516,543,
12,47079590,88,66,
12,47079718,191,76,
12,47080267,192,128,
12,47080785,66,8,
12,47080873,57,18,
12,47081051,5,0,
12,47081624,19,1,
12,47081657,16,1,
12,47082069,12,2,
12,47082496,320,144,
12,47082548,126,98,
12,47082854,108,29,
12,47083036,38,13,
12,47083086,24,20,
12,47083145,533,500,
12,47083648,216,98,
12,47083735,149,87,
12,47083882,73,15,
12,47084000,152,60,
12,47084365,7,1,
12,47085041,31,18,
12,47085061,32,6,
12,47085370,210,151,
12,47085387,164,57,
12,47085425,243,45,
12,47085483,746,374,
12,47085790,19,1,
12,47085899,4,2,
12,47086170,31,1,
12,47086181,838,451,
12,47086319,142,84,
12,47086557,131,62,
12,47086900,11,14,
12,47086980,302,331,
12,47087687,109,110,
12,47087719,311,89,
12,47087838,83,23,
12,47088005,48,11,
12,47088037,834,226,
12,47088076,39,31,
12,47088096,14,0,
12,47088166,259,188,
12,47088181,705,255,
12,47088307,20,6,
12,47088517,5,0,
12,47088685,443,262,
12,47089213,1521,1286,
12,47089405,15,4,
12,47089907,202,207,
12,47089933,21,6,
12,47090261,5,0,
12,47090705,14,0,
12,47091071,122,23,
12,47091214,7,2,
12,47091419,2236,729,
12,47091469,139,61,
12,47091557,157,165,
12,47091606,233,240,
12,47091659,43,10,
12,47091748,1497,838,
12,47091763,62,49,
12,47091822,8,5,
12,47092006,613,367,
12,47092203,314,169,
12,47092348,29,9,
12,47092578,905,434,
12,47092809,6,0,
12,47093604,13,0,
12,47093724,231,22,
12,47093959,38,3,
12,47093978,5,0,
12,47094149,103,52,
12,47094192,642,187,
12,47094291,28,6,
12,47094429,88,64,
12,47094637,80,118,
12,47094768,161,32,1
12,47094813,9,1,
12,47094877,195,94,
12,47095105,187,270,
12,47095134,466,296,
12,47095195,3,1,
12,47095266,38,1,2
12,47095344,54,3,
12,47095420,56,5,
12,47095429,256,90,
12,47095560,5,2,
12,47095592,20,12,
12,47095597,364,257,
12,47095972,22,27,18
12,47096167,337,51,
12,47096186,25,0,24
12,47096253,409,922,
12,47096379,6,1,
12,47096466,154,80,
12,47096520,228,83,
12,47096900,5,2,
12,47097091,43,7,
12,47097405,3,0,
12,47097446,4,0,
12,47097554,14,7,
12,47097904,63,67,
12,47098029,43,17,26
12,47098172,69,48,
12,47098245,1464,491,
12,47098252,72,70,
12,47098290,4,3,
12,47098296,248,148,
12,47098324,45,15,
12,47098351,5,0,
12,47098582,293,128,
12,47098593,28,2,
12,47098669,131,31,
12,47098687,235,186,
12,47098744,122,53,
12,47098785,5,0,
12,47098828,143,124,
12,47098829,9,7,
12,47098839,40,81,
12,47098978,6,1,
12,47099087,37,12,
12,47099401,40,14,4
12,47099476,4,1,
12,47099485,61,4,
12,47099844,133,211,
12,47099941,4,0,
12,47099980,63,55,
12,47100190,60,6,
12,47100232,279,149,
12,47100468,44,8,
12,47100612,161,168,
12,47100714,111,39,14
12,47100935,32,15,
12,47101171,263,267,
12,47101200,222,88,
12,47101890,86,28,
12,47101951,4,0,
12,47102208,60,10,
12,47102441,7,1,
12,47102479,5,1,
12,47102576,503,219,
12,47102610,3,1,
12,47102763,72,45,
12,47102975,244,171,
12,47103136,172,508,
12,47103506,120,49,
12,47103581,43,3,
12,47103649,188,125,
12,47103661,423,255,
12,47103931,249,74,
12,47103945,112,41,
12,47103954,12,1,
12,47104019,10,0,
12,47104061,13,2,
12,47104155,11,0,
12,47104185,209,78,
12,47104223,33,18,
12,47104251,29,2,
12,47104282,17,2,
12,47104432,7,4,
12,47104433,12,6,
12,47104510,10,0,
12,47104613,31,6,
12,47104667,388,102,
12,47104953,24,4,
12,47104973,425,454,
12,47105038,20,1,19
12,47105086,11,5,
12,47105198,200,67,
12,47105821,7,4,
12,47106013,14,12,
12,47106384,5,0,
12,47106390,20,8,
12,47106547,40,1,
12,47106686,950,585,
12,47106688,7,1,
12,47106829,39,4,
12,47106866,12,2,
12,47106937,5,1,
12,47106985,154,91,
12,47107080,15,3,
12,47107165,54,36,
12,47107480,17,2,
12,47107540,4,1,
12,47107601,9,5,
12,47107781,202,32,
12,47107974,3,1,
12,47108194,3,0,
12,47108256,82,53,
12,47108516,25,17,
12,47108542,21,2,
12,47108543,52,14,
12,47108601,9,20,
12,47108614,17,0,
12,47108894,3,0,
12,47108977,108,90,
12,47108989,219,116,
12,47109247,3,1,
12,47109802,9,3,
12,47110124,16,9,
12,47110155,14,6,
12,47110268,15,2,
12,47110473,244,63,
12,47110491,3,0,
12,47110515,645,267,
12,47110533,24,5,
12,47110549,73,83,
12,47110634,33,3,
12,47110647,37,6,
12,47110781,38,3,
12,47110877,4,0,
12,47110946,41,4,
12,47111039,12,3,
12,47111042,78,15,
12,47111067,292,454,
12,47111164,3,1,
12,47111218,179,50,
12,47111325,22,3,
12,47111400,413,234,
12,47111420,49,9,
12,47111440,242,96,
12,47111495,19,3,
12,47111626,183,39,
12,47111638,6,0,
12,47111681,17,2,
12,47111751,5,1,
12,47111892,4,0,
12,47111929,41,5,
12,47111981,132,59,
12,47112148,4,1,
12,47112174,271,90,
12,47112228,5,0,
12,47112309,16,0,
12,47112431,45,47,
12,47112543,11,7,
12,47112619,5,0,
12,47112719,32,19,
12,47112835,7,1,
12,47112892,157,82,
12,47112905,7,13,
12,47112925,149,48,
12,47112971,9,1,
12,47113247,27,1,
12,47113325,105,32,
12,47113401,97,22,
12,47113519,5,0,
12,47113527,132,64,
12,47113567,207,63,
12,47113591,7,6,
12,47113600,15,1,
12,47113618,566,384,
12,47113708,10,1,
12,47113728,1559,360,
12,47113731,164,131,
12,47113762,17,21,
12,47113769,99,126,
12,47113782,43,5,
12,47113796,307,62,
12,47113891,12,6,
12,47113892,41,65,
12,47113916,4,0,
12,47113936,44,43,
12,47113946,3,0,
12,47114014,49,9,
12,47114054,79,55,
12,47114165,5,0,
12,47114170,4,1,
12,47114235,213,243,
12,47114258,8,0,
12,47114412,68,53,
12,47114530,481,99,
12,47114579,204,182,
12,47114590,35,3,
12,47114672,61,56,
12,47114678,13,0,
12,47114830,33,14,
12,47114881,6,3,
12,47114908,31,4,
12,47115009,98,22,
12,47115051,26,5,
12,47115149,95,42,
12,47115235,3,1,
12,47115409,14,2,
12,47115544,10,0,
12,47115574,5,0,
12,47115575,112,29,
12,47115805,792,685,
12,47115811,11,3,
12,47115899,72,73,
12,47116021,116,21,
12,47116026,133,26,
12,47116050,6,0,
12,47116121,32,4,
12,47116185,61,2,
12,47116317,37,5,
12,47116461,31,2,
12,47116719,5,1,
12,47116741,32,9,
12,47116771,13,0,
12,47116853,5,0,
12,47116866,52,34,
12,47116919,19,1,
12,47116988,20,1,
12,47117087,223,234,
12,47117102,7,5,
12,47117169,73,32,
12,47117459,243,134,
12,47117725,7,4,
12,47117780,264,72,
12,47117848,9,0,
12,47117872,7,1,
12,47117886,184,62,
12,47117937,4,2,
12,47117946,77,42,
12,47117966,92,76,
12,47118055,67,38,
12,47118217,7,1,
12,47118318,5,3,
12,47118415,9,1,
12,47118507,14,4,
12,47118778,5,9,
12,47118787,7,0,
12,47118838,43,15,19
12,47119141,17,0,
12,47119210,550,438,
12,47119274,385,123,
12,47119530,548,99,
12,47119665,3,0,
12,47119871,161,56,
12,47120076,8,1,
12,47120079,37,42,
12,47120145,250,533,27
12,47120188,214,146,
12,47120196,28,14,
12,47120201,88,23,
12,47120899,1194,665,22
12,47121210,86,52,
12,47121233,33,11,
12,47121246,19,2,
12,47121498,18,1,
12,47121539,135,16,
12,47121652,13,3,
12,47121718,9,6,
12,47121864,111,119,
12,47122337,64,85,
12,47122715,1501,1163,10
12,47122789,245,113,
12,47123321,61,13,
12,47123433,46,21,
12,47123590,64,55,
12,47123631,279,53,20
12,47123689,325,175,2
12,47123760,42,4,
12,47123801,22,12,
12,47123805,83,101,
12,47123894,161,46,
12,47124007,38,0,
12,47124064,11,1,
12,47124103,5,6,
12,47124149,264,180,18
12,47124171,80,12,9
12,47124190,28,2,
12,47124289,4,0,
12,47124336,6,1,
12,47124521,4,0,
12,47124877,88,104,
12,47125014,31,20,
12,47125019,78,67,
12,47125046,123,87,
12,47125060,9,0,
12,47125286,155,201,23
12,47125345,20,9,
12,47125349,341,99,
12,47125374,231,289,24
12,47125383,19,6,
12,47125399,7,0,
12,47125415,21,5,
12,47125432,3,0,
12,47125484,42,26,
12,47125572,5,0,
12,47125726,41,3,
12,47125966,17,5,
12,47126001,8,1,
12,47126156,60,82,
12,47126166,5,1,
12,47126177,65,23,
12,47126205,7,0,
12,47126378,11,3,
12,47126614,134,124,
12,47126667,9,4,
12,47126982,34,15,
12,47127081,664,442,
12,47127133,71,30,
12,47127396,513,230,
12,47127532,26,19,
12,47127838,25,4,
12,47127851,10,0,
12,47127986,187,56,15
12,47128138,262,332,16
12,47128170,12,2,
12,47128245,15,7,
12,47128316,3,0,
12,47128495,11,27,
12,47128535,126,43,30
12,47128604,14,1,
12,47128628,21,8,
12,47128631,77,15,
12,47128745,20,14,
12,47128799,107,67,
12,47128827,37,4,
12,47128859,6,2,
12,47128907,98,96,
12,47128960,250,97,
12,47129010,14,1,
12,47129241,7,2,
12,47129324,4,0,
12,47129361,392,313,28
12,47129472,43,5,
12,47129633,11,0,
12,47129647,198,158,
12,47129683,35,0,
12,47129727,202,111,13
12,47129922,29,22,
12,47130078,24,3,
12,47130208,257,247,
12,47130431,43,24,
12,47130665,7,0,
12,47130670,19,3,
12,47130713,18,1,
12,47130725,35,3,
12,47130860,220,40,5
12,47130974,8,14,
12,47131017,13,0,
12,47131035,8,0,
12,47131047,39,5,
12,47131057,6,1,
12,47131173,195,86,
12,47131224,7,0,
12,47131225,202,57,11
12,47131380,17,2,
12,47131506,142,36,
12,47131689,45,11,
12,47131941,8,2,
12,47132102,166,59,7
12,47132260,22,9,
12,47132374,7,0,
12,47132388,302,114,9
12,47132402,13,0,
12,47132614,28,10,
12,47132642,5,1,
12,47132650,24,8,
12,47132687,7,0,
12,47132721,45,33,15
12,47132766,11,8,
12,47132842,7,0,
12,47132999,11,5,
12,47133027,6,1,
12,47133055,110,64,4
12,47133069,12,5,
12,47133103,3,2,
12,47133313,314,260,6
12,47133561,6,1,
12,47133585,6,0,
12,47133726,14,2,
12,47133999,3,0,
12,47134057,3,0,
12,47134438,6,0,
12,47134452,20,7,
12,47134779,7,2,20
12,47134931,12,7,
12,47134946,37,87,
12,47135360,7,0,
12,47135607,8,1,30
12,47136036,5,1,
12,47136179,25,5,
12,47136299,5,1,
13,47075114,63,14,
13,47075124,653,215,
13,47075245,212,124,
13,47075295,30,1,
13,47075400,104,97,
13,47075446,25,9,
13,47075455,409,543,
13,47075716,83,24,
13,47076052,23,5,
13,47076128,41,1,
13,47076659,265,48,
13,47076789,55,18,
13,47076966,700,371,
13,47077245,118,33,
13,47077357,5,0,
13,47077358,65,32,
13,47077383,142,183,
13,47077656,65,37,
13,47077731,49,72,
13,47077743,8,0,
13,47077844,313,370,
13,47078047,42,13,
13,47078109,54,2,
13,47078112,341,115,
13,47078167,198,395,
13,47078324,518,575,
13,47078840,161,152,
13,47078941,74,22,
13,47079222,516,543,
13,47079590,88,66,
13,47079718,191,76,
13,47080267,192,128,
13,47080785,66,8,
13,47080873,57,18,
13,47081624,19,1,
13,47081657,16,1,
13,47082069,12,2,
13,47082496,320,144,
13,47082548,126,98,
13,47082854,108,29,
13,47083036,38,13,
13,47083086,24,20,
13,47083145,533,500,
13,47083648,216,98,
13,47083735,149,87,
13,47083882,73,15,
13,47084000,152,60,
13,47084365,7,1,
13,47085041,31,18,
13,47085061,32,6,
13,47085370,210,151,
13,47085387,165,57,
13,47085425,243,45,
13,47085483,746,374,
13,47085790,19,1,
13,47085899,4,2,
13,47086170,31,1,
13,47086181,838,451,
13,47086319,142,84,
13,47086557,131,62,
13,47086900,11,14,
13,47086980,302,331,
13,47087687,110,110,
13,47087719,311,89,
13,47087838,83,24,
13,47088005,48,11,
13,47088037,836,226,
13,47088076,40,31,
13,47088096,14,0,
13,47088166,259,188,
13,47088181,705,255,
13,47088307,20,6,
13,47088517,5,0,
13,47088685,443,262,
13,47089213,1522,1286,
13,47089405,15,4,
13,47089907,202,207,
13,47089933,22,6,
13,47090261,5,0,
13,47090705,14,0,
13,47091071,122,23,
13,47091214,7,2,
13,47091419,2236,730,
13,47091469,139,61,
13,47091557,157,165,
13,47091606,233,240,
13,47091659,43,10,
13,47091748,1498,838,
13,47091763,62,49,
13,47091822,8,5,
13,47092006,613,367,
13,47092203,314,169,
13,47092348,29,9,
13,47092578,905,434,
13,47092809,6,0,
13,47093604,13,0,
13,47093724,231,22,
13,47093959,39,3,
13,47093978,5,0,
13,47094149,103,52,
13,47094192,642,187,
13,47094291,28,6,
13,47094429,88,64,
13,47094637,80,118,
13,47094768,197,39,2
13,47094813,9,1,
13,47094877,195,94,
13,47095105,187,270,
13,47095134,466,296,
13,47095195,3,1,
13,47095266,55,11,3
13,47095344,54,3,
13,47095420,56,5,
13,47095429,256,90,
13,47095560,5,2,
13,47095592,20,12,
13,47095597,365,257,
13,47095972,27,27,20
13,47096167,337,51,
13,47096186,30,0,29
13,47096253,409,923,
13,47096379,6,1,
13,47096466,154,80,
13,47096520,228,83,
13,47096900,5,2,
13,47097091,44,7,
13,47097405,3,0,
13,47097446,4,0,
13,47097554,14,7,
13,47097904,63,67,
13,47098029,45,19,
13,47098172,69,48,
13,47098245,1464,491,
13,47098252,72,70,
13,47098290,4,3,
13,47098296,249,148,
13,47098324,45,15,
13,47098351,5,0,
13,47098582,293,128,
13,47098593,28,2,
13,47098669,132,31,
13,47098687,235,186,
13,47098744,122,54,
13,47098785,5,0,
13,47098828,143,124,
13,47098829,9,7,
13,47098839,40,82,
13,47098978,6,1,
13,47099087,37,12,
13,47099401,51,16,5
13,47099476,4,1,
13,47099485,61,4,
13,47099844,133,211,
13,47099941,4,0,
13,47099980,63,55,
13,47100190,60,6,
13,47100232,279,149,
13,47100468,44,8,
13,47100612,162,170,
13,47100714,133,55,16
13,47100935,32,15,
13,47101171,263,267,
13,47101200,222,88,
13,47101890,87,28,
13,47101951,4,0,
13,47102208,60,10,
13,47102441,7,1,
13,47102479,5,1,
13,47102576,503,219,
13,47102610,3,1,
13,47102763,72,45,
13,47102975,244,172,
13,47103136,172,507,
13,47103506,120,49,
13,47103581,43,3,
13,47103649,188,126,
13,47103661,423,255,
13,47103931,249,75,
13,47103945,112,41,
13,47103954,12,1,
13,47104019,11,0,
13,47104061,13,2,
13,47104155,11,0,
13,47104185,209,78,
13,47104223,33,18,
13,47104251,29,2,
13,47104282,17,2,
13,47104432,7,4,
13,47104433,12,6,
13,47104510,10,0,
13,47104613,31,6,
13,47104667,388,102,
13,47104953,24,4,
13,47104973,425,454,
13,47105038,25,1,23
13,47105086,11,5,
13,47105198,200,67,
13,47105821,7,4,
13,47106013,14,12,
13,47106384,5,0,
13,47106390,20,8,
13,47106547,40,1,
13,47106686,951,585,
13,47106688,7,1,
13,47106829,39,4,
13,47106866,12,2,
13,47106937,5,1,
13,47106985,155,91,
13,47107080,15,3,
13,47107165,54,36,
13,47107480,17,2,
13,47107540,4,1,
13,47107601,9,5,
13,47107781,202,32,
13,47107974,3,1,
13,47108194,3,0,
13,47108516,25,17,
13,47108542,21,2,
13,47108543,52,14,
13,47108601,9,20,
13,47108614,17,0,
13,47108894,3,0,
13,47108977,108,90,
13,47108989,219,116,
13,47109247,4,1,
13,47109802,9,3,
13,47110155,14,6,
13,47110268,15,2,
13,47110473,244,63,
13,47110491,3,0,
13,47110515,645,267,
13,47110533,24,5,
13,47110549,73,83,
13,47110634,33,3,
13,47110647,37,6,
13,47110781,38,3,
13,47110877,4,0,
13,47110946,41,4,
13,47111039,12,3,
13,47111042,78,15,
13,47111067,292,454,
13,47111164,3,1,
13,47111218,179,50,
13,47111325,22,3,
13,47111400,413,234,
13,47111420,49,9,
13,47111440,242,96,
13,47111495,19,3,
13,47111626,183,39,
13,47111638,6,0,
13,47111681,17,2,
13,47111751,5,1,
13,47111892,4,0,
13,47111929,41,5,
13,47111981,132,59,
13,47112148,4,1,
13,47112174,271,90,
13,47112228,5,0,
13,47112309,16,0,
13,47112431,45,47,
13,47112543,11,8,
13,47112619,5,0,
13,47112719,32,19,
13,47112835,7,1,
13,47112892,157,82,
13,47112905,7,13,
13,47112925,149,49,
13,47112971,9,1,
13,47113247,27,1,
13,47113325,105,33,
13,47113401,97,22,
13,47113527,132,64,
13,47113567,207,63,
13,47113591,7,6,
13,47113600,15,1,
13,47113618,566,384,
13,47113708,10,1,
13,47113728,1564,361,
13,47113731,165,131,
13,47113762,17,21,
13,47113769,99,126,
13,47113782,44,5,
13,47113796,307,62,
13,47113891,12,6,
13,47113892,41,65,
13,47113936,44,43,
13,47113946,3,0,
13,47114014,49,9,
13,47114054,79,55,
13,47114165,5,0,
13,47114170,4,1,
13,47114235,213,243,
13,47114258,8,0,
13,47114412,68,53,
13,47114530,481,99,
13,47114579,207,182,
13,47114590,35,3,
13,47114672,61,56,
13,47114678,14,0,
13,47114830,33,14,
13,47114881,6,3,
13,47114908,31,4,
13,47115009,98,22,
13,47115051,26,5,
13,47115149,95,43,
13,47115235,3,1,
13,47115409,14,2,
13,47115544,10,0,
13,47115574,5,0,
13,47115575,112,29,
13,47115805,793,686,
13,47115811,11,3,
13,47115899,72,73,
13,47116021,116,21,
13,47116026,133,26,
13,47116050,6,0,
13,47116121,32,4,
13,47116185,61,2,
13,47116317,37,5,
13,47116461,31,2,
13,47116719,5,1,
13,47116741,32,9,
13,47116771,13,0,
13,47116853,5,0,
13,47116866,52,34,
13,47116919,19,1,
13,47116988,20,1,
13,47117087,223,234,
13,47117102,7,5,
13,47117169,74,32,
13,47117459,243,134,
13,47117725,7,4,
13,47117780,264,72,
13,47117848,9,0,
13,47117872,7,1,
13,47117886,186,62,
13,47117937,4,2,
13,47117946,77,42,
13,47117966,92,76,
13,47118055,67,38,
13,47118217,7,1,
13,47118318,5,3,
13,47118415,9,1,
13,47118507,14,4,
13,47118778,5,9,
13,47118787,7,0,
13,47118838,49,21,30
13,47119141,17,0,
13,47119210,553,438,
13,47119274,385,123,
13,47119530,548,99,
13,47119665,3,0,
13,47119871,162,56,
13,47120076,8,1,
13,47120079,38,42,
13,47120145,291,546,24
13,47120188,215,146,
13,47120196,28,14,
13,47120201,88,23,
13,47120899,1206,673,26
13,47121210,86,52,
13,47121233,35,11,
13,47121246,19,2,
13,47121498,19,1,
13,47121539,137,16,
13,47121652,13,3,
13,47121718,9,6,
13,47121864,111,119,
13,47122337,64,85,
13,47122715,1528,1175,12
13,47122789,246,114,
13,47123321,61,13,
13,47123433,46,21,
13,47123590,65,58,
13,47123631,286,54,22
13,47123689,349,190,4
13,47123760,42,4,
13,47123801,22,12,
13,47123805,83,103,
13,47123894,162,46,
13,47124007,38,0,
13,47124064,12,1,
13,47124103,5,6,
13,47124149,269,191,21
13,47124171,109,23,8
13,47124190,29,2,
13,47124289,4,0,
13,47124336,6,1,
13,47124521,4,0,
13,47124877,88,108,
13,47125014,32,20,
13,47125019,80,67,
13,47125046,123,90,
13,47125060,9,0,
13,47125286,162,210,27
13,47125345,20,9,
13,47125349,346,101,
13,47125374,248,323,25
13,47125383,19,6,
13,47125399,7,0,
13,47125415,21,5,
13,47125432,3,0,
13,47125484,44,26,
13,47125572,5,0,
13,47125726,42,3,
13,47125966,18,5,
13,47126001,8,1,
13,47126156,61,83,
13,47126166,6,1,
13,47126177,65,24,
13,47126205,7,0,
13,47126378,11,3,
13,47126614,137,131,
13,47126667,9,4,
13,47126982,34,16,
13,47127081,668,444,
13,47127133,71,31,
13,47127396,520,231,
13,47127532,27,20,
13,47127838,26,5,
13,47127851,10,0,
13,47127986,192,59,18
13,47128138,282,354,17
13,47128170,12,2,
13,47128245,16,7,
13,47128316,3,0,
13,47128495,11,29,
13,47128535,129,43,
13,47128604,14,1,
13,47128628,21,9,
13,47128631,79,15,
13,47128745,20,14,
13,47128799,109,71,
13,47128827,38,4,
13,47128859,6,2,
13,47128907,99,96,
13,47128960,251,98,
13,47129010,14,1,
13,47129241,8,2,
13,47129324,4,0,
13,47129361,396,320,
13,47129472,44,5,
13,47129633,13,0,
13,47129647,204,158,
13,47129683,36,0,
13,47129727,215,118,15
13,47129922,30,22,
13,47130078,31,4,
13,47130208,260,250,
13,47130431,43,24,
13,47130665,8,0,
13,47130670,19,3,
13,47130713,19,1,
13,47130725,37,3,
13,47130860,237,46,7
13,47130974,9,16,
13,47131017,13,0,
13,47131035,9,0,
13,47131047,39,7,
13,47131057,6,1,
13,47131173,200,88,
13,47131224,7,0,
13,47131225,222,65,13
13,47131380,17,2,
13,47131506,149,37,
13,47131689,46,12,
13,47131941,8,2,
13,47132102,178,63,9
13,47132260,23,9,
13,47132374,7,0,
13,47132388,324,126,11
13,47132402,13,0,
13,47132614,28,11,
13,47132642,5,1,
13,47132650,24,8,
13,47132687,7,0,
13,47132721,49,35,19
13,47132766,11,9,
13,47132842,8,1,
13,47132999,11,5,
13,47133027,7,1,
13,47133055,127,74,6
13,47133069,12,5,
13,47133103,3,2,
13,47133276,3,0,
13,47133313,336,285,14
13,47133561,6,1,
13,47133585,8,0,
13,47133726,14,2,
13,47133999,3,0,
13,47134057,4,0,
13,47134438,7,1,
13,47134452,25,10,
13,47134520,3,3,
13,47134779,13,2,28
13,47134931,15,12,
13,47134946,39,95,
13,47135360,13,1,
13,47135607,11,4,
13,47135767,8,4,
13,47136036,19,1,
13,47136179,114,9,
13,47136299,7,2,
13,47136477,9,3,
13,47136553,31,19,1
13,47136611,36,5,10
14,47075114,63,14,
14,47075124,653,215,
14,47075245,212,125,
14,47075295,30,1,
14,47075400,104,97,
14,47075446,26,9,
14,47075455,409,547,
14,47075716,84,24,
14,47076052,23,5,
14,47076128,41,1,
14,47076659,265,48,
14,47076789,56,18,
14,47076966,700,371,
14,47077245,118,33,
14,47077357,5,0,
14,47077358,65,32,
14,47077383,142,183,
14,47077656,65,37,
14,47077731,49,72,
14,47077743,8,0,
14,47077844,313,370,
14,47078047,42,13,
14,47078109,54,2,
14,47078112,342,115,
14,47078167,198,395,
14,47078324,518,575,
14,47078840,161,152,
14,47078941,74,22,
14,47079222,516,543,
14,47079590,88,66,
14,47079718,191,76,
14,47080267,192,128,
14,47080785,66,8,
14,47080873,57,18,
14,47081624,19,1,
14,47081657,16,1,
14,47082496,320,144,
14,47082548,126,98,
14,47082854,108,29,
14,47083036,38,13,
14,47083086,24,20,
14,47083145,533,500,
14,47083648,216,98,
14,47083735,149,87,
14,47083882,73,15,
14,47084000,152,60,
14,47084365,7,1,
14,47085041,31,18,
14,47085061,32,6,
14,47085370,210,151,
14,47085387,165,57,
14,47085425,243,45,
14,47085483,746,374,
14,47085790,20,1,
14,47085899,4,2,
14,47086170,31,1,
14,47086181,838,451,
14,47086319,142,84,
14,47086557,131,62,
14,47086900,11,14,
14,47086980,302,331,
14,47087687,110,110,
14,47087719,311,89,
14,47087838,83,24,
14,47088005,48,11,
14,47088037,836,226,
14,47088076,40,31,
14,47088096,14,0,
14,47088166,259,188,
14,47088181,705,255,
14,47088307,20,6,
14,47088517,5,0,
14,47088685,443,262,
14,47089213,1523,1286,
14,47089405,16,4,
14,47089907,202,207,
14,47089933,22,6,
14,47090261,5,0,
14,47090705,14,0,
14,47091071,123,23,
14,47091214,7,2,
14,47091419,2237,730,
14,47091469,139,61,
14,47091557,157,165,
14,47091606,233,240,
14,47091659,43,10,
14,47091748,1499,838,
14,47091763,62,49,
14,47092006,613,367,
14,47092203,314,169,
14,47092348,29,9,
14,47092578,905,434,
14,47092809,6,0,
14,47093604,13,0,
14,47093724,231,22,
14,47093959,39,3,
14,47093978,5,0,
14,47094149,103,52,
14,47094192,642,187,
14,47094291,28,6,
14,47094429,88,64,
14,47094637,80,118,
14,47094768,261,52,1
14,47094813,9,1,
14,47094877,196,94,
14,47095105,187,270,
14,47095134,466,296,
14,47095195,3,1,
14,47095266,72,15,2
14,47095344,54,3,
14,47095420,56,5,
14,47095429,256,90,
14,47095560,5,2,
14,47095592,20,12,
14,47095597,365,256,
14,47095972,31,28,21
14,47096167,337,51,
14,47096186,33,0,25
14,47096253,409,923,
14,47096379,6,1,
14,47096466,154,80,
14,47096520,228,83,
14,47096900,5,2,
14,47097091,44,7,
14,47097405,5,1,9
14,47097446,4,0,
14,47097554,14,7,
14,47097904,63,67,
14,47098029,48,20,
14,47098172,69,48,
14,47098245,1465,491,
14,47098252,72,70,
14,47098290,4,3,
14,47098296,250,148,
14,47098324,45,15,
14,47098351,5,0,
14,47098582,293,128,
14,47098593,28,2,
14,47098669,133,31,
14,47098687,235,186,
14,47098744,122,54,
14,47098785,5,0,
14,47098828,143,124,
14,47098829,9,7,
14,47098839,40,82,
14,47098978,6,1,
14,47099087,37,12,
14,47099401,74,27,5
14,47099476,4,1,
14,47099485,61,4,
14,47099844,133,211,
14,47099941,4,0,
14,47099980,64,55,
14,47100190,60,6,
14,47100232,279,149,
14,47100468,44,8,
14,47100612,164,171,
14,47100714,167,58,15
14,47100935,32,15,
14,47101171,263,267,
14,47101200,222,88,
14,47101890,87,28,
14,47101951,4,0,
14,47102208,60,10,
14,47102441,7,1,
14,47102479,5,1,
14,47102576,503,219,
14,47102610,3,1,
14,47102763,72,45,
14,47102975,245,172,
14,47103136,172,507,
14,47103506,120,49,
14,47103581,43,3,
14,47103649,189,126,
14,47103661,423,255,
14,47103931,249,76,
14,47103945,112,41,
14,47103954,12,1,
14,47104019,11,0,
14,47104061,13,2,
14,47104155,11,0,
14,47104185,210,78,
14,47104223,33,18,
14,47104251,29,2,
14,47104282,17,2,
14,47104432,7,4,
14,47104433,12,6,
14,47104510,10,0,
14,47104613,31,6,
14,47104667,388,102,
14,47104953,24,4,
14,47104973,425,454,
14,47105038,30,1,20
14,47105086,11,5,
14,47105198,200,67,
14,47105821,7,4,
14,47106013,14,12,
14,47106384,5,0,
14,47106390,20,8,
14,47106547,40,1,
14,47106686,951,585,
14,47106688,7,1,
14,47106829,39,4,
14,47106866,12,2,
14,47106937,5,1,
14,47106985,155,91,
14,47107080,15,3,
14,47107165,54,36,
14,47107480,17,2,
14,47107540,4,1,
14,47107601,9,5,
14,47107781,202,32,
14,47107974,3,1,
14,47108194,3,0,
14,47108516,25,17,
14,47108542,21,2,
14,47108543,52,14,
14,47108601,9,20,
14,47108614,17,0,
14,47108894,3,0,
14,47108977,108,90,
14,47108989,219,116,
14,47109247,4,1,
14,47109802,9,3,
14,47110155,14,6,
14,47110268,15,2,
14,47110473,244,63,
14,47110491,3,0,
14,47110515,645,267,
14,47110533,24,5,
14,47110634,33,3,
14,47110647,37,6,
14,47110781,38,3,
14,47110877,4,0,
14,47110946,41,4,
14,47111039,12,3,
14,47111042,78,15,
14,47111067,292,455,
14,47111164,3,1,
14,47111218,179,50,
14,47111325,22,3,
14,47111400,414,234,
14,47111420,49,9,
14,47111440,242,96,
14,47111495,19,3,
14,47111626,183,39,
14,47111638,6,0,
14,47111681,17,2,
14,47111751,5,1,
14,47111892,4,0,
14,47111929,41,5,
14,47111981,132,59,
14,47112148,4,1,
14,47112174,271,90,
14,47112228,5,0,
14,47112309,16,0,
14,47112431,45,47,
14,47112543,11,8,
14,47112619,5,0,
14,47112719,32,19,
14,47112835,7,1,
14,47112892,157,82,
14,47112905,7,13,
14,47112925,149,49,
14,47112971,9,1,
14,47113247,27,1,
14,47113325,105,33,
14,47113401,97,22,
14,47113527,132,65,
14,47113567,207,63,
14,47113591,7,6,
14,47113600,15,1,
14,47113618,566,384,
14,47113708,10,1,
14,47113728,1569,362,
14,47113731,166,131,
14,47113762,17,21,
14,47113769,99,126,
14,47113782,44,5,
14,47113796,308,63,
14,47113891,12,6,
14,47113892,41,65,
14,47113936,44,43,
14,47113946,3,0,
14,47114014,50,9,
14,47114054,79,55,
14,47114165,5,0,
14,47114235,213,243,
14,47114258,8,0,
14,47114412,68,53,
14,47114530,482,99,
14,47114579,207,182,
14,47114590,35,3,
14,47114672,61,56,
14,47114678,14,0,
14,47114830,33,14,
14,47114881,6,3,
14,47114908,31,4,
14,47115009,98,22,
14,47115051,26,5,
14,47115149,95,44,
14,47115235,3,1,
14,47115409,14,2,
14,47115544,10,0,
14,47115574,5,0,
14,47115575,112,29,
14,47115805,793,687,
14,47115811,11,3,
14,47115899,72,73,
14,47116021,116,21,
14,47116026,133,26,
14,47116050,6,0,
14,47116121,32,4,
14,47116185,61,2,
14,47116317,37,5,
14,47116461,31,2,
14,47116719,5,1,
14,47116741,32,9,
14,47116771,13,0,
14,47116853,5,0,
14,47116866,52,34,
14,47116919,19,1,
14,47116988,20,1,
14,47117087,223,234,
14,47117102,7,5,
14,47117169,74,32,
14,47117459,243,134,
14,47117725,7,4,
14,47117780,264,72,
14,47117848,9,0,
14,47117872,7,1,
14,47117886,186,62,
14,47117937,4,2,
14,47117946,78,42,
14,47117966,92,76,
14,47118055,68,38,
14,47118217,7,1,
14,47118318,5,3,
14,47118415,9,1,
14,47118507,14,4,
14,47118778,5,9,
14,47118787,7,0,
14,47118838,53,26,28
14,47119141,17,0,
14,47119210,554,438,
14,47119274,388,124,
14,47119530,548,99,
14,47119665,3,0,
14,47119871,163,56,
14,47120076,8,1,
14,47120079,40,43,
14,47120145,332,558,24
14,47120188,216,146,
14,47120196,28,14,
14,47120201,88,23,
14,47120899,1215,678,27
14,47121210,86,52,
14,47121233,36,11,
14,47121246,19,2,
14,47121498,19,1,
14,47121539,137,16,
14,47121652,13,3,
14,47121718,9,6,
14,47121864,111,119,
14,47122337,64,85,
14,47122715,1552,1189,10
14,47122789,250,114,
14,47123321,62,13,
14,47123433,46,21,
14,47123590,66,58,
14,47123631,294,54,22
14,47123689,377,202,3
14,47123760,42,4,
14,47123801,22,12,
14,47123805,83,103,
14,47123894,164,46,
14,47124007,38,0,
14,47124064,12,2,
14,47124103,5,6,
14,47124149,278,200,23
14,47124171,153,42,6
14,47124190,29,2,
14,47124289,4,0,
14,47124521,4,0,
14,47124877,88,109,
14,47125014,33,21,
14,47125019,80,67,
14,47125046,125,90,
14,47125060,9,0,
14,47125286,167,227,30
14,47125345,20,9,
14,47125349,351,101,
14,47125374,269,338,26
14,47125383,19,6,
14,47125399,7,0,
14,47125415,21,5,
14,47125432,3,0,
14,47125484,45,26,
14,47125572,5,0,
14,47125726,42,3,
14,47125966,18,5,
14,47126001,8,1,
14,47126156,63,87,
14,47126166,6,1,
14,47126177,70,25,
14,47126205,7,0,
14,47126378,11,3,
14,47126614,141,134,
14,47126667,9,4,
14,47126982,35,16,
14,47127081,672,445,
14,47127133,71,32,
14,47127396,524,234,
14,47127532,27,21,
14,47127838,26,6,
14,47127851,10,0,
14,47127986,194,60,18
14,47128138,303,370,17
14,47128170,12,2,
14,47128245,17,7,
14,47128316,3,0,
14,47128495,11,31,
14,47128535,129,43,
14,47128604,14,1,
14,47128628,21,9,
14,47128631,79,15,
14,47128745,20,14,
14,47128799,110,71,
14,47128827,40,4,
14,47128859,7,2,
14,47128907,102,98,
14,47128960,252,98,
14,47129010,14,1,
14,47129241,8,2,
14,47129324,4,0,
14,47129361,399,320,
14,47129472,45,6,
14,47129633,13,0,
14,47129647,209,162,
14,47129683,37,0,
14,47129696,32,5,
14,47129727,229,127,14
14,47129922,30,22,
14,47130078,32,10,
14,47130208,262,250,
14,47130431,45,25,
14,47130665,8,0,
14,47130670,19,3,
14,47130713,19,1,
14,47130725,38,3,
14,47130860,247,53,8
14,47130974,9,17,
14,47131017,13,0,
14,47131035,9,0,
14,47131047,39,7,
14,47131057,6,1,
14,47131173,202,90,
14,47131224,7,0,
14,47131225,240,71,12
14,47131380,17,2,
14,47131506,152,38,
14,47131689,46,12,
14,47131941,8,2,
14,47132102,193,65,9
14,47132260,24,9,
14,47132374,7,0,
14,47132388,345,134,11
14,47132402,13,0,
14,47132614,28,15,
14,47132642,5,1,
14,47132650,24,8,
14,47132687,7,0,
14,47132721,53,40,19
14,47132766,13,10,
14,47132842,8,0,
14,47132999,11,5,
14,47133027,7,1,
14,47133055,143,86,7
14,47133069,12,5,
14,47133103,3,2,
14,47133276,3,0,
14,47133313,359,304,13
14,47133561,6,1,
14,47133585,11,1,
14,47133726,15,2,
14,47133999,3,0,
14,47134057,4,0,
14,47134438,7,1,
14,47134452,32,19,
14,47134520,3,3,
14,47134779,21,3,16
14,47134931,16,14,
14,47134946,39,102,
14,47135360,15,2,
14,47135607,11,6,
14,47135767,12,10,
14,47135828,3,2,
14,47136036,51,16,19
14,47136299,7,2,
14,47136420,4,1,
14,47136477,37,44,16
14,47136537,14,6,1
14,47136604,16,4,2
14,47136611,99,42,2
15,47075114,63,14,
15,47075124,653,215,
15,47075245,212,125,
15,47075295,31,1,
15,47075400,104,97,
15,47075446,27,9,
15,47075455,409,552,
15,47075716,84,24,
15,47076052,23,5,
15,47076128,41,1,
15,47076659,265,48,
15,47076789,57,20,
15,47076966,700,371,
15,47077245,118,33,
15,47077357,5,0,
15,47077358,65,32,
15,47077383,142,183,
15,47077656,65,37,
15,47077731,49,72,
15,47077743,8,0,
15,47077844,313,370,
15,47078047,42,13,
15,47078109,54,2,
15,47078112,342,116,
15,47078167,199,395,
15,47078324,518,575,
15,47078840,161,152,
15,47078941,74,22,
15,47079222,516,543,
15,47079590,88,66,
15,47079718,192,76,
15,47080267,192,128,
15,47080785,66,8,
15,47080873,57,18,
15,47081624,19,1,
15,47081657,16,1,
15,47082496,320,144,
15,47082548,126,98,
15,47082854,108,29,
15,47083086,25,20,
15,47083145,533,500,
15,47083648,216,98,
15,47083735,149,87,
15,47083882,73,15,
15,47084000,152,60,
15,47084365,7,1,
15,47085041,31,18,
15,47085061,33,6,
15,47085370,210,151,
15,47085387,165,57,
15,47085425,243,45,
15,47085483,746,374,
15,47085790,20,1,
15,47085899,4,2,
15,47086170,31,1,
15,47086181,838,451,
15,47086319,142,84,
15,47086557,131,62,
15,47086900,11,14,
15,47086980,303,331,
15,47087719,311,89,
15,47087838,85,24,
15,47088005,48,11,
15,47088037,836,226,
15,47088076,41,31,
15,47088096,14,0,
15,47088166,261,188,
15,47088181,705,255,
15,47088307,20,6,
15,47088517,5,0,
15,47088685,444,262,
15,47089213,1523,1286,
15,47089405,16,4,
15,47089907,202,207,
15,47089933,22,6,
15,47090261,5,0,
15,47090705,14,0,
15,47091071,123,23,
15,47091214,7,2,
15,47091419,2237,730,
15,47091469,139,61,
15,47091557,157,165,
15,47091606,233,240,
15,47091659,43,10,
15,47091748,1499,838,
15,47091763,62,49,
15,47092006,613,367,
15,47092203,314,169,
15,47092348,29,9,
15,47092578,905,434,
15,47092809,6,0,
15,47093604,13,0,
15,47093724,231,22,
15,47093959,41,3,
15,47093978,5,0,
15,47094149,103,52,
15,47094192,642,187,
15,47094291,28,6,
15,47094429,88,64,
15,47094637,80,118,
15,47094768,293,64,3
15,47094813,9,1,
15,47094877,196,94,
15,47095105,187,271,
15,47095134,466,296,
15,47095195,3,1,
15,47095266,86,19,5
15,47095344,54,3,
15,47095420,56,5,
15,47095429,256,90,
15,47095560,5,2,
15,47095592,20,12,
15,47095597,365,256,
15,47095972,40,30,22
15,47096167,337,51,
15,47096186,33,1,
15,47096253,410,923,
15,47096379,6,1,
15,47096466,154,80,
15,47096520,228,83,
15,47096900,5,2,
15,47097091,44,7,
15,47097405,13,8,8
15,47097446,4,0,
15,47097554,14,7,
15,47097904,63,67,
15,47098029,48,24,
15,47098172,69,48,
15,47098245,1465,491,
15,47098252,72,70,
15,47098290,4,3,
15,47098296,250,148,
15,47098324,45,15,
15,47098351,5,0,
15,47098582,293,128,
15,47098593,28,2,
15,47098669,133,31,
15,47098687,235,186,
15,47098744,122,54,
15,47098785,5,0,
15,47098828,143,124,
15,47098829,9,7,
15,47098839,40,82,
15,47098978,6,1,
15,47099087,37,13,
15,47099401,96,32,7
15,47099476,4,1,
15,47099485,61,4,
15,47099844,133,212,
15,47099941,4,0,
15,47099980,64,55,
15,47100190,60,6,
15,47100232,279,150,
15,47100468,44,8,
15,47100612,166,176,
15,47100714,184,68,16
15,47100935,32,15,
15,47101171,263,267,
15,47101200,222,88,
15,47101890,88,28,
15,47101951,4,0,
15,47102208,60,10,
15,47102441,7,1,
15,47102479,5,1,
15,47102576,504,219,
15,47102610,3,1,
15,47102763,72,45,
15,47102975,245,172,
15,47103136,172,508,
15,47103506,120,49,
15,47103581,44,3,
15,47103649,189,126,
15,47103661,423,255,
15,47103931,249,76,
15,47103945,112,41,
15,47103954,12,1,
15,47104019,11,0,
15,47104061,13,2,
15,47104155,11,0,
15,47104185,210,78,
15,47104223,33,18,
15,47104251,29,2,
15,47104282,17,2,
15,47104432,7,4,
15,47104433,12,6,
15,47104510,10,0,
15,47104613,31,6,
15,47104667,388,102,
15,47104953,24,4,
15,47104973,425,454,
15,47105038,35,3,25
15,47105086,11,5,
15,47105198,200,67,
15,47105821,7,4,
15,47106384,5,0,
15,47106390,20,8,
15,47106547,40,1,
15,47106686,951,585,
15,47106688,7,1,
15,47106829,39,4,
15,47106937,5,1,
15,47106985,155,91,
15,47107080,15,3,
15,47107165,54,36,
15,47107480,17,2,
15,47107540,4,1,
15,47107601,9,5,
15,47107781,202,32,
15,47107974,3,1,
15,47108194,3,0,
15,47108516,25,17,
15,47108542,21,2,
15,47108543,52,14,
15,47108601,9,21,
15,47108614,17,0,
15,47108894,3,0,
15,47108977,108,90,
15,47108989,219,116,
15,47109247,4,1,
15,47109802,9,3,
15,47110155,14,6,
15,47110268,15,2,
15,47110473,244,63,
15,47110491,3,0,
15,47110515,645,267,
15,47110533,24,5,
15,47110634,33,3,
15,47110647,37,6,
15,47110781,38,3,
15,47110877,4,0,
15,47110946,41,4,
15,47111039,12,3,
15,47111042,78,15,
15,47111067,292,455,
15,47111164,3,1,
15,47111218,179,50,
15,47111325,22,3,
15,47111400,416,234,
15,47111420,49,9,
15,47111440,242,96,
15,47111495,19,3,
15,47111626,183,39,
15,47111638,6,0,
15,47111681,17,2,
15,47111751,5,1,
15,47111892,4,0,
15,47111929,41,5,
15,47111981,134,60,
15,47112148,4,1,
15,47112174,271,90,
15,47112228,5,0,
15,47112309,16,0,
15,47112431,45,47,
15,47112543,11,8,
15,47112619,5,0,
15,47112719,32,19,
15,47112835,7,1,
15,47112892,158,82,
15,47112905,7,13,
15,47112925,149,49,
15,47112971,9,1,
15,47113247,27,1,
15,47113325,105,33,
15,47113401,97,22,
15,47113527,132,65,
15,47113567,207,63,
15,47113591,7,6,
15,47113600,15,1,
15,47113618,567,385,
15,47113708,10,1,
15,47113728,1573,362,
15,47113731,167,131,
15,47113762,17,21,
15,47113769,99,126,
15,47113782,44,5,
15,47113796,309,63,
15,47113891,12,7,
15,47113892,41,65,
15,47113936,44,43,
15,47113946,3,0,
15,47114014,50,9,
15,47114054,79,55,
15,47114165,5,0,
15,47114235,213,243,
15,47114258,8,0,
15,47114412,68,53,
15,47114530,484,99,
15,47114579,208,182,
15,47114590,35,3,
15,47114672,61,56,
15,47114678,26,3,11
15,47114830,33,14,
15,47114881,6,3,
15,47114908,31,4,
15,47115009,98,22,
15,47115051,27,5,
15,47115149,95,44,
15,47115235,3,1,
15,47115409,14,2,
15,47115544,10,0,
15,47115574,5,0,
15,47115575,112,29,
15,47115805,793,687,
15,47115811,11,3,
15,47115899,72,73,
15,47116021,116,21,
15,47116026,133,26,
15,47116050,6,0,
15,47116121,32,4,
15,47116185,61,2,
15,47116317,37,5,
15,47116461,31,2,
15,47116719,5,1,
15,47116741,32,9,
15,47116771,13,0,
15,47116853,5,0,
15,47116866,52,34,
15,47116919,19,1,
15,47116988,20,1,
15,47117087,223,234,
15,47117102,7,5,
15,47117169,74,32,
15,47117459,244,134,
15,47117725,7,4,
15,47117780,264,72,
15,47117848,9,0,
15,47117872,7,1,
15,47117886,187,62,
15,47117937,4,2,
15,47117946,79,42,
15,47117966,92,76,
15,47118055,69,38,
15,47118217,7,1,
15,47118318,5,3,
15,47118415,9,1,
15,47118507,14,4,
15,47118778,5,9,
15,47118787,7,0,
15,47118838,59,28,30
15,47119141,17,0,
15,47119210,558,438,
15,47119274,388,124,
15,47119530,549,100,
15,47119665,3,0,
15,47119871,163,56,
15,47120076,8,1,
15,47120079,44,44,
15,47120145,372,571,24
15,47120188,217,146,
15,47120196,28,14,
15,47120201,88,23,
15,47120899,1226,681,29
15,47121210,86,52,
15,47121233,37,11,
15,47121246,19,2,
15,47121498,19,1,
15,47121539,138,16,
15,47121652,13,3,
15,47121718,10,6,
15,47121864,111,119,
15,47122337,64,85,
15,47122715,1585,1202,14
15,47122789,251,114,
15,47123321,62,13,
15,47123433,46,21,
15,47123590,66,58,
15,47123631,300,54,28
15,47123689,402,215,6
15,47123760,42,4,
15,47123801,22,12,
15,47123805,83,103,
15,47123894,168,46,
15,47124007,38,0,
15,47124064,12,2,
15,47124103,5,7,
15,47124149,287,207,26
15,47124171,192,55,8
15,47124190,29,2,
15,47124289,4,0,
15,47124521,4,0,
15,47124877,88,110,
15,47125014,33,21,
15,47125019,81,67,
15,47125046,126,91,
15,47125060,9,0,
15,47125286,174,238,
15,47125345,20,9,
15,47125349,353,102,
15,47125374,294,367,27
15,47125383,19,6,
15,47125399,7,0,
15,47125415,21,5,
15,47125432,3,0,
15,47125484,45,26,
15,47125572,5,0,
15,47125726,43,3,
15,47125966,18,5,
15,47126001,8,1,
15,47126156,64,88,
15,47126166,6,1,
15,47126177,70,25,
15,47126205,7,0,
15,47126378,11,3,
15,47126614,142,134,
15,47126667,9,4,
15,47126982,35,16,
15,47127081,677,455,
15,47127133,71,32,
15,47127396,527,237,
15,47127532,27,22,
15,47127838,27,6,
15,47127986,197,60,23
15,47128138,317,378,21
15,47128170,12,2,
15,47128245,18,9,
15,47128316,3,0,
15,47128495,12,31,
15,47128535,132,44,
15,47128604,15,1,
15,47128628,21,9,
15,47128631,80,15,
15,47128745,20,14,
15,47128799,110,74,
15,47128827,43,4,
15,47128859,7,2,
15,47128907,103,98,
15,47128960,253,100,
15,47129010,14,1,
15,47129241,8,2,
15,47129324,4,0,
15,47129361,404,324,
15,47129472,45,6,
15,47129633,13,0,
15,47129647,214,167,
15,47129683,37,0,
15,47129696,32,5,
15,47129727,249,136,18
15,47129922,30,23,
15,47130078,36,15,
15,47130208,264,253,
15,47130431,45,25,
15,47130665,8,0,
15,47130670,19,3,
15,47130713,20,1,
15,47130725,38,3,
15,47130860,250,53,11
15,47130974,9,17,
15,47131017,13,0,
15,47131035,10,0,
15,47131047,39,6,
15,47131057,6,1,
15,47131173,204,93,
15,47131224,7,0,
15,47131225,257,78,17
15,47131380,17,2,
15,47131506,159,40,
15,47131689,46,12,
15,47131941,8,2,
15,47132102,202,67,13
15,47132260,25,9,
15,47132374,7,0,
15,47132388,364,144,15
15,47132402,13,0,
15,47132614,29,16,
15,47132642,5,1,
15,47132650,25,8,
15,47132687,7,0,
15,47132721,55,42,
15,47132766,14,10,
15,47132842,10,1,
15,47132999,11,5,
15,47133027,7,1,
15,47133055,156,90,10
15,47133069,12,5,
15,47133103,3,2,
15,47133276,3,0,
15,47133313,387,326,19
15,47133561,6,1,
15,47133585,18,2,
15,47133726,15,2,
15,47133999,3,0,
15,47134057,4,0,
15,47134319,4,0,
15,47134438,8,1,
15,47134452,37,23,
15,47134520,3,3,
15,47134779,29,4,20
15,47134931,18,17,
15,47134946,41,105,
15,47135360,18,2,
15,47135607,11,10,
15,47135767,17,18,
15,47135828,5,2,26
15,47136036,141,47,10
15,47136299,7,2,
15,47136420,7,3,
15,47136477,43,55,
15,47136537,48,55,2
15,47136604,97,36,1
15,47136611,153,70,4
15,47137622,3,0,
15,47137864,5,1,
15,47137907,3,0,
15,47137921,4,0,
15,47138253,4,0,
16,47075114,63,14,
16,47075124,653,215,
16,47075245,212,125,
16,47075295,31,1,
16,47075400,104,97,
16,47075446,27,9,
16,47075455,409,552,
16,47075716,84,24,
16,47076052,23,5,
16,47076128,41,1,
16,47076659,265,48,
16,47076789,57,20,
16,47076966,700,371,
16,47077245,118,33,
16,47077357,5,0,
16,47077358,65,32,
16,47077383,142,183,
16,47077656,65,37,
16,47077731,49,72,
16,47077743,8,0,
16,47077844,313,370,
16,47078047,42,13,
16,47078109,54,2,
16,47078112,342,116,
16,47078167,199,395,
16,47078324,519,575,
16,47078840,161,152,
16,47078941,74,22,
16,47079222,516,543,
16,47079590,88,66,
16,47079718,192,76,
16,47080267,192,128,
16,47080785,66,8,
16,47080873,57,18,
16,47081624,19,1,
16,47081657,16,1,
16,47082496,320,144,
16,47082548,126,98,
16,47082854,108,29,
16,47083086,25,20,
16,47083145,533,500,
16,47083648,217,98,
16,47083735,150,87,
16,47083882,73,15,
16,47084000,152,60,
16,47084365,7,1,
16,47085041,31,18,
16,47085061,33,6,
16,47085370,210,151,
16,47085387,165,57,
16,47085425,243,45,
16,47085483,746,374,
16,47085790,20,1,
16,47085899,4,2,
16,47086181,838,451,
16,47086319,142,84,
16,47086557,131,62,
16,47086900,11,14,
16,47086980,303,332,
16,47087719,311,89,
16,47087838,88,24,
16,47088005,48,11,
16,47088037,836,226,
16,47088076,41,31,
16,47088096,14,0,
16,47088166,261,188,
16,47088181,705,255,
16,47088307,20,6,
16,47088517,5,0,
16,47088685,444,262,
16,47089213,1523,1286,
16,47089405,17,4,
16,47089907,202,207,
16,47089933,22,6,
16,47090261,5,0,
16,47090705,14,0,
16,47091071,123,23,
16,47091214,7,2,
16,47091419,2237,730,
16,47091469,139,61,
16,47091557,157,165,
16,47091606,234,240,
16,47091659,43,10,
16,47091748,1499,838,
16,47091763,62,49,
16,47092006,613,367,
16,47092203,314,169,
16,47092348,29,9,
16,47092578,905,434,
16,47092809,6,0,
16,47093604,13,0,
16,47093724,231,22,
16,47093959,41,3,
16,47093978,5,0,
16,47094149,103,52,
16,47094192,643,187,
16,47094291,28,6,
16,47094429,88,64,
16,47094637,80,118,
16,47094768,335,73,4
16,47094877,196,94,
16,47095105,188,271,
16,47095134,466,296,
16,47095266,97,23,7
16,47095344,54,3,
16,47095420,56,5,
16,47095429,256,90,
16,47095560,5,2,
16,47095592,20,12,
16,47095597,365,262,
16,47095972,48,30,26
16,47096167,337,51,
16,47096186,35,1,
16,47096253,410,923,
16,47096379,6,1,
16,47096466,154,80,
16,47096520,228,83,
16,47096900,5,2,
16,47097405,19,12,9
16,47097446,4,0,
16,47097554,14,7,
16,47097904,63,67,
16,47098029,49,25,
16,47098172,69,48,
16,47098245,1465,491,
16,47098252,72,70,
16,47098290,4,3,
16,47098296,251,148,
16,47098324,45,15,
16,47098351,5,0,
16,47098582,293,128,
16,47098593,28,2,
16,47098669,133,31,
16,47098687,235,186,
16,47098744,122,54,
16,47098785,5,0,
16,47098828,143,124,
16,47098829,9,7,
16,47098839,40,82,
16,47098978,6,1,
16,47099087,37,13,
16,47099401,108,34,11
16,47099476,4,1,
16,47099485,61,4,
16,47099844,133,212,
16,47099941,4,0,
16,47099980,64,56,
16,47100190,60,6,
16,47100232,279,150,
16,47100468,44,8,
16,47100612,168,177,
16,47100714,205,76,20
16,47100935,32,15,
16,47101171,263,267,
16,47101200,222,88,
16,47101890,88,28,
16,47101951,4,0,
16,47102208,60,10,
16,47102441,7,1,
16,47102479,5,1,
16,47102576,504,219,
16,47102610,3,1,
16,47102763,72,45,
16,47102975,245,172,
16,47103136,172,508,
16,47103506,120,49,
16,47103581,44,3,
16,47103649,189,126,
16,47103661,423,255,
16,47103931,249,76,
16,47103945,112,41,
16,47103954,12,1,
16,47104019,11,0,
16,47104061,13,2,
16,47104155,11,0,
16,47104185,210,78,
16,47104223,33,18,
16,47104251,29,2,
16,47104282,17,2,
16,47104432,7,4,
16,47104433,12,6,
16,47104613,31,6,
16,47104667,389,102,
16,47104953,24,4,
16,47104973,425,454,
16,47105038,38,3,
16,47105086,11,5,
16,47105198,200,67,
16,47105821,7,4,
16,47106384,5,0,
16,47106390,20,8,
16,47106547,40,1,
16,47106686,951,585,
16,47106688,7,1,
16,47106829,39,4,
16,47106937,5,1,
16,47106985,155,91,
16,47107080,15,3,
16,47107165,54,36,
16,47107480,17,2,
16,47107540,4,1,
16,47107781,202,32,
16,47107974,3,1,
16,47108194,3,0,
16,47108516,25,17,
16,47108542,21,2,
16,47108543,52,14,
16,47108601,9,21,
16,47108614,17,0,
16,47108894,3,0,
16,47108977,108,90,
16,47108989,219,116,
16,47109247,4,1,
16,47109802,9,3,
16,47110155,14,6,
16,47110268,15,2,
16,47110473,244,63,
16,47110491,3,0,
16,47110515,645,267,
16,47110533,24,5,
16,47110634,33,3,
16,47110647,37,6,
16,47110781,38,3,
16,47110877,4,0,
16,47110946,41,4,
16,47111039,12,4,
16,47111042,78,15,
16,47111067,292,455,
16,47111164,3,1,
16,47111218,180,50,
16,47111325,22,3,
16,47111400,418,234,
16,47111420,49,9,
16,47111440,242,96,
16,47111495,19,3,
16,47111626,183,39,
16,47111638,6,0,
16,47111681,17,2,
16,47111929,41,5,
16,47111981,134,60,
16,47112148,10,3,6
16,47112174,271,90,
16,47112228,5,0,
16,47112309,16,0,
16,47112431,45,47,
16,47112543,11,8,
16,47112619,5,0,
16,47112719,32,19,
16,47112835,7,1,
16,47112892,159,82,
16,47112905,7,13,
16,47112925,149,49,
16,47112971,9,1,
16,47113247,27,1,
16,47113325,105,33,
16,47113401,98,23,
16,47113527,132,65,
16,47113567,207,63,
16,47113591,7,6,
16,47113600,15,1,
16,47113618,567,386,
16,47113708,10,1,
16,47113728,1578,362,
16,47113731,167,131,
16,47113762,17,21,
16,47113769,99,126,
16,47113782,44,5,
16,47113796,309,63,
16,47113891,12,7,
16,47113892,41,65,
16,47113936,45,43,
16,47113946,3,0,
16,47114014,50,9,
16,47114054,79,55,
16,47114165,5,0,
16,47114235,213,243,
16,47114258,8,0,
16,47114412,68,53,
16,47114530,484,99,
16,47114579,211,182,
16,47114590,35,3,
16,47114672,61,56,
16,47114678,56,14,9
16,47114830,33,14,
16,47114881,6,3,
16,47114908,31,4,
16,47115009,98,22,
16,47115051,27,5,
16,47115149,95,44,
16,47115235,3,1,
16,47115409,14,2,
16,47115544,10,0,
16,47115574,6,0,
16,47115575,112,29,
16,47115805,795,688,
16,47115811,11,3,
16,47115899,72,73,
16,47116021,116,21,
16,47116026,133,26,
16,47116050,6,0,
16,47116121,32,4,
16,47116185,61,2,
16,47116317,37,5,
16,47116461,31,2,
16,47116719,5,1,
16,47116741,32,9,
16,47116771,13,0,
16,47116853,5,0,
16,47116866,52,34,
16,47116919,19,1,
16,47116988,20,1,
16,47117087,223,235,
16,47117102,7,5,
16,47117169,74,32,
16,47117459,245,134,
16,47117725,7,4,
16,47117780,264,72,
16,47117848,9,0,
16,47117872,7,1,
16,47117886,188,62,
16,47117937,4,2,
16,47117946,79,42,
16,47117966,93,76,
16,47118055,70,38,
16,47118217,7,1,
16,47118318,5,3,
16,47118415,9,1,
16,47118507,14,4,
16,47118778,5,9,
16,47118787,7,0,
16,47118838,59,30,
16,47119141,17,0,
16,47119210,560,439,
16,47119248,4,0,
16,47119274,389,124,
16,47119530,550,100,
16,47119665,3,0,
16,47119871,165,58,
16,47120076,8,1,
16,47120079,44,45,
16,47120145,405,577,27
16,47120188,218,146,
16,47120196,28,14,
16,47120201,89,23,
16,47120899,1231,685,
16,47121210,87,52,
16,47121233,37,13,
16,47121246,19,2,
16,47121352,3,0,
16,47121498,19,1,
16,47121539,140,16,
16,47121652,13,3,
16,47121718,10,6,
16,47121864,112,120,
16,47122337,64,85,
16,47122715,1606,1216,18
16,47122789,253,115,
16,47123321,64,13,
16,47123433,46,21,
16,47123590,68,58,
16,47123631,307,56,
16,47123689,412,233,8
16,47123760,42,4,
16,47123801,23,12,
16,47123805,84,103,
16,47123894,169,46,
16,47124007,38,0,
16,47124064,12,2,
16,47124103,5,8,
16,47124149,291,215,30
16,47124171,229,71,12
16,47124190,29,2,
16,47124521,4,0,
16,47124877,88,110,
16,47125014,33,21,
16,47125019,82,67,
16,47125046,126,91,
16,47125060,9,0,
16,47125263,44,10,4
16,47125286,175,241,
16,47125345,21,9,
16,47125349,354,103,
16,47125374,314,383,29
16,47125383,19,6,
16,47125399,7,0,
16,47125415,21,5,
16,47125432,3,0,
16,47125484,45,26,
16,47125572,5,0,
16,47125726,44,3,
16,47125966,18,5,
16,47126001,8,1,
16,47126156,65,94,
16,47126166,6,1,
16,47126177,71,25,
16,47126205,7,0,
16,47126378,11,3,
16,47126614,143,135,
16,47126667,9,4,
16,47126982,36,16,
16,47127081,679,459,
16,47127133,71,33,
16,47127396,533,243,
16,47127532,27,22,
16,47127838,27,6,
16,47127986,199,63,28
16,47128138,332,393,25
16,47128170,12,2,
16,47128245,18,9,
16,47128316,3,0,
16,47128495,14,32,
16,47128535,133,45,
16,47128604,15,1,
16,47128628,21,9,
16,47128631,80,15,
16,47128745,20,14,
16,47128799,110,75,
16,47128827,45,5,
16,47128859,8,2,
16,47128907,106,101,
16,47128960,253,100,
16,47129010,14,1,
16,47129241,8,2,
16,47129324,4,0,
16,47129361,407,325,
16,47129472,45,6,
16,47129633,14,0,
16,47129647,216,169,
16,47129683,37,0,
16,47129696,32,5,
16,47129727,262,144,22
16,47129922,30,23,
16,47130078,38,18,
16,47130208,271,258,
16,47130431,47,26,
16,47130665,8,0,
16,47130670,19,3,
16,47130713,21,1,
16,47130725,38,3,
16,47130860,254,55,16
16,47130974,9,17,
16,47131017,13,0,
16,47131035,10,0,
16,47131047,39,6,
16,47131057,6,1,
16,47131173,205,97,
16,47131224,7,0,
16,47131225,271,81,19
16,47131380,17,2,
16,47131506,164,41,
16,47131689,47,13,
16,47131941,8,2,
16,47132102,220,70,17
16,47132260,26,10,
16,47132374,7,0,
16,47132388,377,148,21
16,47132402,13,0,
16,47132614,29,16,
16,47132642,5,1,
16,47132650,25,9,
16,47132687,7,0,
16,47132721,58,43,
16,47132766,14,10,
16,47132842,10,1,
16,47132999,11,5,
16,47133027,7,1,
16,47133055,167,103,15
16,47133069,13,5,
16,47133103,3,2,
16,47133276,3,0,
16,47133313,411,338,23
16,47133561,6,1,
16,47133585,22,3,
16,47133726,17,3,
16,47133999,3,0,
16,47134057,4,0,
16,47134319,9,3,
16,47134438,9,1,
16,47134452,41,23,
16,47134520,3,3,
16,47134779,31,9,24
16,47134931,19,17,
16,47134946,42,110,
16,47135360,19,2,
16,47135607,14,11,
16,47135767,21,21,
16,47135828,10,6,
16,47136036,212,120,13
16,47136108,4,0,
16,47136299,8,2,
16,47136420,9,3,
16,47136477,45,57,
16,47136537,77,84,3
16,47136604,173,60,1
16,47136611,206,85,5
16,47136815,7,8,
16,47137332,5,0,
16,47137622,4,0,
16,47137711,38,18,2
16,47137864,7,1,
16,47137921,13,0,
16,47138253,8,3,
16,47138666,11,1,
16,47138718,23,26,2
16,47138776,5,1,
16,47138860,4,0,
16,47139224,4,0,10
17,47075114,63,14,
17,47075124,653,215,
17,47075245,212,125,
17,47075295,31,1,
17,47075400,104,97,
17,47075446,28,9,
17,47075455,411,552,
17,47075716,84,24,
17,47076052,23,5,
17,47076128,41,1,
17,47076659,265,48,
17,47076789,57,21,
17,47076966,700,371,
17,47077245,118,33,
17,47077357,5,0,
17,47077358,65,32,
17,47077383,142,183,
17,47077656,65,37,
17,47077731,49,72,
17,47077743,8,0,
17,47077844,313,370,
17,47078047,42,13,
17,47078109,54,2,
17,47078112,342,116,
17,47078167,199,395,
17,47078324,519,575,
17,47078840,161,152,
17,47078941,74,22,
17,47079222,516,543,
17,47079590,88,66,
17,47079718,192,76,
17,47080267,192,128,
17,47080785,66,8,
17,47080873,57,18,
17,47081624,19,1,
17,47081657,16,1,
17,47082496,320,144,
17,47082548,126,98,
17,47082854,108,29,
17,47083086,25,20,
17,47083145,534,500,
17,47083648,217,98,
17,47083735,150,87,
17,47083882,73,15,
17,47084000,152,60,
17,47085041,31,18,
17,47085061,33,6,
17,47085370,210,151,
17,47085387,165,57,
17,47085425,243,45,
17,47085483,747,374,
17,47085790,20,1,
17,47085899,4,2,
17,47086181,838,451,
17,47086319,142,84,
17,47086557,131,62,
17,47086900,11,14,
17,47086980,303,332,
17,47087719,311,89,
17,47087838,88,24,
17,47088005,48,11,
17,47088037,836,226,
17,47088076,41,31,
17,47088096,14,0,
17,47088166,261,188,
17,47088181,705,255,
17,47088307,20,6,
17,47088517,5,0,
17,47088685,444,262,
17,47089213,1523,1286,
17,47089405,17,4,
17,47089907,202,208,
17,47089933,22,6,
17,47090261,6,0,
17,47090705,14,0,
17,47091071,123,23,
17,47091214,8,2,
17,47091419,2237,730,
17,47091469,139,61,
17,47091557,157,165,
17,47091606,234,240,
17,47091659,43,10,
17,47091748,1499,838,
17,47091763,62,49,
17,47092006,613,367,
17,47092203,314,169,
17,47092348,29,9,
17,47092578,906,434,
17,47092809,6,0,
17,47093604,13,0,
17,47093724,231,22,
17,47093959,41,3,
17,47093978,5,0,
17,47094149,103,52,
17,47094192,643,187,
17,47094429,88,64,
17,47094637,80,118,
17,47094768,365,79,5
17,47094877,197,94,
17,47095105,188,271,
17,47095134,467,296,
17,47095266,112,27,10
17,47095344,54,3,
17,47095420,56,5,
17,47095429,256,90,
17,47095560,5,2,
17,47095592,21,12,
17,47095597,365,262,
17,47095972,53,32,27
17,47096167,337,51,
17,47096186,36,1,
17,47096253,411,924,
17,47096466,154,80,
17,47096520,228,83,
17,47096900,5,2,
17,47097405,27,19,13
17,47097446,4,0,
17,47097554,14,7,
17,47097904,63,67,
17,47098029,50,26,
17,47098172,69,48,
17,47098245,1467,491,
17,47098252,72,70,
17,47098290,4,3,
17,47098296,251,148,
17,47098324,45,15,
17,47098351,5,0,
17,47098582,293,128,
17,47098593,28,2,
17,47098669,133,31,
17,47098687,235,186,
17,47098744,122,54,
17,47098785,5,0,
17,47098828,143,124,
17,47098829,9,7,
17,47098839,40,82,
17,47098978,6,1,
17,47099087,37,13,
17,47099401,123,36,12
17,47099476,4,1,
17,47099485,61,4,
17,47099844,133,212,
17,47099941,4,0,
17,47099980,64,56,
17,47100190,60,6,
17,47100232,279,150,
17,47100468,44,8,
17,47100612,169,178,
17,47100714,223,81,19
17,47100935,32,15,
17,47101171,263,267,
17,47101200,222,88,
17,47101890,88,28,
17,47101951,4,0,
17,47102208,60,10,
17,47102441,12,2,20
17,47102479,5,1,
17,47102576,504,219,
17,47102610,3,1,
17,47102763,72,45,
17,47102975,245,172,
17,47103136,172,508,
17,47103506,120,49,
17,47103581,44,3,
17,47103649,189,126,
17,47103661,423,255,
17,47103931,249,77,
17,47103945,112,41,
17,47103954,12,1,
17,47104019,11,0,
17,47104061,13,2,
17,47104155,11,0,
17,47104185,210,78,
17,47104223,33,18,
17,47104251,29,2,
17,47104282,17,2,
17,47104432,7,4,
17,47104433,12,6,
17,47104613,31,6,
17,47104667,390,102,
17,47104953,24,4,
17,47104973,426,454,
17,47105038,39,3,
17,47105086,11,5,
17,47105198,201,67,
17,47105821,7,4,
17,47106384,5,0,
17,47106390,20,8,
17,47106547,40,1,
17,47106686,951,585,
17,47106688,7,1,
17,47106829,39,4,
17,47106937,5,1,
17,47106985,155,91,
17,47107080,15,3,
17,47107165,54,36,
17,47107480,17,2,
17,47107540,4,1,
17,47107781,202,32,
17,47107974,3,1,
17,47108194,3,0,
17,47108516,25,17,
17,47108542,21,2,
17,47108543,52,14,
17,47108601,9,21,
17,47108614,17,0,
17,47108894,3,0,
17,47108977,108,91,
17,47108989,219,116,
17,47109247,4,1,
17,47110155,14,6,
17,47110268,16,2,
17,47110473,244,63,
17,47110491,3,0,
17,47110515,646,267,
17,47110533,24,5,
17,47110634,33,3,
17,47110647,37,6,
17,47110781,38,3,
17,47110877,4,0,
17,47110946,41,4,
17,47111039,12,4,
17,47111042,78,15,
17,47111067,292,456,
17,47111164,3,1,
17,47111218,181,50,
17,47111325,22,3,
17,47111400,418,234,
17,47111420,49,9,
17,47111440,242,96,
17,47111495,19,3,
17,47111626,183,39,
17,47111638,6,0,
17,47111681,17,2,
17,47111929,41,5,
17,47111981,134,60,
17,47112148,28,6,4
17,47112174,271,90,
17,47112228,5,0,
17,47112309,16,0,
17,47112431,45,47,
17,47112543,11,8,
17,47112719,32,19,
17,47112835,7,1,
17,47112892,159,82,
17,47112905,7,13,
17,47112925,150,49,
17,47112971,9,1,
17,47113247,27,1,
17,47113325,105,33,
17,47113401,98,23,
17,47113527,132,65,
17,47113567,208,63,
17,47113591,7,6,
17,47113600,15,1,
17,47113618,567,386,
17,47113708,10,1,
17,47113728,1582,363,
17,47113731,168,131,
17,47113762,17,21,
17,47113769,99,126,
17,47113782,44,5,
17,47113796,310,63,
17,47113891,12,7,
17,47113892,41,65,
17,47113936,45,43,
17,47113946,3,0,
17,47114014,50,9,
17,47114054,79,55,
17,47114165,5,0,
17,47114235,213,243,
17,47114258,9,0,
17,47114412,68,53,
17,47114530,484,99,
17,47114579,213,182,
17,47114590,35,3,
17,47114672,61,56,
17,47114678,103,31,8
17,47114830,33,14,
17,47114881,6,3,
17,47114908,31,4,
17,47115009,98,22,
17,47115051,27,5,
17,47115149,96,45,
17,47115235,3,1,
17,47115409,14,2,
17,47115544,10,0,
17,47115574,6,0,
17,47115575,112,29,
17,47115805,796,688,
17,47115811,11,3,
17,47115899,72,73,
17,47116021,117,21,
17,47116026,133,26,
17,47116050,6,0,
17,47116121,32,4,
17,47116185,61,2,
17,47116317,37,5,
17,47116461,31,2,
17,47116719,5,1,
17,47116741,32,9,
17,47116771,13,0,
17,47116866,52,34,
17,47116919,19,1,
17,47116988,20,1,
17,47117087,223,235,
17,47117102,7,5,
17,47117169,74,32,
17,47117459,245,136,
17,47117725,7,4,
17,47117780,264,72,
17,47117848,9,0,
17,47117872,8,1,
17,47117886,190,63,
17,47117937,4,2,
17,47117946,79,42,
17,47117966,93,76,
17,47118055,70,38,
17,47118217,7,1,
17,47118318,5,3,
17,47118415,9,1,
17,47118507,14,4,
17,47118778,5,9,
17,47118787,7,0,
17,47118838,62,30,
17,47119141,18,0,
17,47119210,563,439,
17,47119248,4,0,
17,47119274,389,124,
17,47119530,550,100,
17,47119665,3,0,
17,47119871,165,58,
17,47120076,8,1,
17,47120079,44,45,
17,47120145,434,583,30
17,47120188,219,146,
17,47120196,28,14,
17,47120201,89,23,
17,47120899,1234,687,
17,47121210,88,52,
17,47121233,37,13,
17,47121246,19,2,
17,47121352,3,0,
17,47121498,19,1,
17,47121539,140,16,
17,47121652,13,3,
17,47121718,10,6,
17,47121864,112,120,
17,47122337,64,87,
17,47122715,1623,1227,20
17,47122789,254,115,
17,47123321,64,13,
17,47123433,46,21,
17,47123590,68,59,
17,47123631,308,57,
17,47123689,423,247,11
17,47123760,42,4,
17,47123801,23,12,
17,47123805,84,104,
17,47123894,169,46,
17,47124007,38,0,
17,47124064,12,2,
17,47124103,5,8,
17,47124149,293,217,
17,47124171,275,80,14
17,47124190,29,2,
17,47124521,4,0,
17,47124877,88,112,
17,47125014,33,23,
17,47125019,82,67,
17,47125046,126,92,
17,47125263,92,44,2
17,47125286,175,245,
17,47125345,21,9,
17,47125349,356,104,
17,47125374,322,398,
17,47125383,19,6,
17,47125399,7,0,
17,47125415,21,5,
17,47125432,3,0,
17,47125484,45,26,
17,47125572,5,0,
17,47125726,44,3,
17,47125966,19,5,
17,47126001,8,1,
17,47126156,67,97,
17,47126166,6,1,
17,47126177,72,25,
17,47126205,7,0,
17,47126378,11,3,
17,47126614,145,135,
17,47126667,9,4,
17,47126982,36,16,
17,47127081,681,460,
17,47127133,71,33,
17,47127396,536,244,
17,47127532,27,22,
17,47127838,28,7,
17,47127986,199,63,
17,47128138,344,407,26
17,47128170,12,2,
17,47128245,19,9,
17,47128316,3,0,
17,47128495,15,32,
17,47128535,135,45,
17,47128604,15,1,
17,47128628,21,9,
17,47128631,81,15,
17,47128745,20,14,
17,47128799,110,76,
17,47128827,46,5,
17,47128859,9,2,
17,47128907,107,103,
17,47128960,254,100,
17,47129010,14,1,
17,47129241,8,2,
17,47129324,5,0,
17,47129361,409,326,
17,47129472,47,10,
17,47129633,14,0,
17,47129647,216,169,
17,47129683,38,0,
17,47129696,33,5,
17,47129727,280,149,22
17,47129922,30,23,
17,47130078,41,22,
17,47130208,273,259,
17,47130431,47,26,
17,47130665,8,0,
17,47130670,19,3,
17,47130713,21,1,
17,47130725,40,3,
17,47130860,266,56,16
17,47130974,9,17,
17,47131017,13,0,
17,47131035,10,0,
17,47131047,39,6,
17,47131057,6,1,
17,47131173,207,99,
17,47131224,7,0,
17,47131225,284,83,21
17,47131380,17,2,
17,47131506,166,41,
17,47131689,47,13,
17,47131941,8,2,
17,47132102,233,72,18
17,47132260,27,10,
17,47132374,7,0,
17,47132388,394,153,24
17,47132402,13,0,
17,47132614,29,16,
17,47132642,5,1,
17,47132650,25,10,
17,47132687,7,0,
17,47132721,58,43,
17,47132766,14,10,
17,47132842,11,2,
17,47132999,11,5,
17,47133027,8,1,
17,47133055,176,111,17
17,47133069,14,5,
17,47133103,3,2,
17,47133276,4,0,
17,47133313,428,346,28
17,47133561,7,1,
17,47133585,24,3,
17,47133726,20,5,
17,47133999,4,0,
17,47134057,4,0,
17,47134319,13,4,
17,47134438,10,1,
17,47134452,46,23,
17,47134520,3,3,
17,47134779,34,11,29
17,47134931,20,17,
17,47134946,42,110,
17,47135360,21,2,
17,47135607,16,11,
17,47135767,25,30,
17,47136036,275,183,21
17,47136108,5,0,
17,47136299,9,2,
17,47136420,10,3,
17,47136477,49,58,
17,47136537,102,118,3
17,47136604,245,86,1
17,47136611,242,105,9
17,47136658,13,4,26
17,47136815,11,8,
17,47137332,8,0,
17,47137622,5,0,
17,47137711,99,82,6
17,47137864,8,1,
17,47137921,22,1,
17,47138253,15,5,
17,47138347,13,1,12
17,47138666,17,7,
17,47138718,38,52,
17,47138776,9,3,
17,47138860,23,3,
17,47139224,90,23,3
17,47139405,5,1,
17,47139519,19,8,15
17,47139675,31,9,5
17,47139690,5,0,
17,47139765,36,5,7
17,47139872,6,0,30
18,47075114,63,14,
18,47075124,653,215,
18,47075245,212,125,
18,47075295,31,1,
18,47075400,104,97,
18,47075446,28,9,
18,47075455,411,553,
18,47075716,84,24,
18,47076052,23,5,
18,47076659,265,48,
18,47076789,57,23,
18,47076966,700,371,
18,47077245,118,33,
18,47077358,65,32,
18,47077383,142,183,
18,47077656,65,37,
18,47077731,49,72,
18,47077743,8,0,
18,47077844,314,370,
18,47078047,42,13,
18,47078109,54,2,
18,47078112,342,116,
18,47078167,199,395,
18,47078324,519,575,
18,47078840,162,152,
18,47078941,74,22,
18,47079222,516,543,
18,47079590,88,66,
18,47079718,193,76,
18,47080267,192,128,
18,47080785,66,8,
18,47080873,57,18,
18,47081624,19,1,
18,47081657,16,1,
18,47082496,320,144,
18,47082548,126,98,
18,47082854,108,29,
18,47083086,25,20,
18,47083145,534,500,
18,47083648,217,98,
18,47083735,150,87,
18,47083882,73,15,
18,47084000,152,60,
18,47085041,31,18,
18,47085061,33,6,
18,47085370,210,151,
18,47085387,165,57,
18,47085425,243,45,
18,47085483,747,374,
18,47085790,20,1,
18,47085899,4,2,
18,47086181,838,452,
18,47086319,142,84,
18,47086557,131,62,
18,47086900,11,14,
18,47086980,303,332,
18,47087719,311,89,
18,47087838,88,24,
18,47088005,48,11,
18,47088037,836,226,
18,47088076,41,31,
18,47088096,14,0,
18,47088166,261,188,
18,47088181,705,255,
18,47088307,20,6,
18,47088517,5,0,
18,47088685,444,262,
18,47089213,1525,1287,
18,47089405,17,4,
18,47089907,202,208,
18,47089933,22,6,
18,47090261,9,0,
18,47090705,14,0,
18,47091071,123,23,
18,47091214,8,2,
18,47091419,2238,730,
18,47091469,140,61,
18,47091557,157,165,
18,47091606,234,240,
18,47091659,43,10,
18,47091748,1500,838,
18,47091763,62,49,
18,47092006,613,367,
18,47092203,314,169,
18,47092348,29,9,
18,47092578,907,434,
18,47092809,6,0,
18,47093604,13,0,
18,47093724,231,22,
18,47093959,42,3,
18,47093978,5,0,
18,47094149,103,52,
18,47094192,643,187,
18,47094637,80,119,
18,47094768,379,84,8
18,47094877,197,94,
18,47095105,188,271,
18,47095134,467,296,
18,47095266,118,30,13
18,47095344,54,3,
18,47095420,56,5,
18,47095429,257,90,
18,47095560,5,2,
18,47095592,21,12,
18,47095597,365,262,
18,47095972,55,34,
18,47096167,338,51,
18,47096186,37,1,
18,47096253,411,924,
18,47096466,154,80,
18,47096520,228,83,
18,47097405,31,22,18
18,47097446,4,0,
18,47097554,14,7,
18,47097904,63,67,
18,47098029,50,27,
18,47098172,69,48,
18,47098245,1469,491,
18,47098252,72,70,
18,47098290,4,3,
18,47098296,251,148,
18,47098324,45,15,
18,47098351,5,0,
18,47098582,293,128,
18,47098593,29,2,
18,47098669,133,31,
18,47098687,235,186,
18,47098744,122,54,
18,47098785,5,0,
18,47098828,143,124,
18,47098829,9,7,
18,47098839,40,82,
18,47098978,6,1,
18,47099087,37,13,
18,47099401,129,41,17
18,47099476,4,1,
18,47099485,61,4,
18,47099844,133,212,
18,47099941,4,0,
18,47099980,65,57,
18,47100190,60,6,
18,47100232,279,150,
18,47100468,44,8,
18,47100612,170,179,
18,47100714,233,83,24
18,47100935,32,15,
18,47101171,263,267,
18,47101200,222,88,
18,47101890,88,28,
18,47101951,4,0,
18,47102208,60,10,
18,47102441,17,9,19
18,47102479,5,1,
18,47102576,504,219,
18,47102610,3,1,
18,47102763,72,45,
18,47102975,245,172,
18,47103136,172,508,
18,47103506,120,49,
18,47103581,44,3,
18,47103649,189,126,
18,47103661,424,257,
18,47103931,249,77,
18,47103945,112,42,
18,47104019,11,0,
18,47104061,13,2,
18,47104155,11,0,
18,47104185,210,78,
18,47104223,33,18,
18,47104251,29,2,
18,47104282,17,2,
18,47104432,7,4,
18,47104433,12,6,
18,47104613,31,6,
18,47104667,390,102,
18,47104953,24,4,
18,47104973,426,454,
18,47105038,40,3,
18,47105086,11,5,
18,47105198,202,68,
18,47105821,7,4,
18,47106384,5,0,
18,47106390,20,8,
18,47106547,40,1,
18,47106686,952,585,
18,47106688,7,1,
18,47106829,39,4,
18,47106937,5,1,
18,47106985,155,91,
18,47107080,15,3,
18,47107165,54,36,
18,47107480,17,2,
18,47107540,4,1,
18,47107781,202,32,
18,47107974,3,1,
18,47108194,3,0,
18,47108516,25,17,
18,47108543,52,14,
18,47108601,9,21,
18,47108614,17,0,
18,47108894,3,0,
18,47108977,108,91,
18,47108989,219,116,
18,47109247,4,1,
18,47110268,16,2,
18,47110473,244,63,
18,47110491,3,0,
18,47110515,646,267,
18,47110533,24,5,
18,47110634,33,3,
18,47110647,37,6,
18,47110781,38,3,
18,47110877,4,0,
18,47110946,41,4,
18,47111039,12,4,
18,47111042,78,15,
18,47111067,292,456,
18,47111164,3,1,
18,47111218,182,50,
18,47111325,22,3,
18,47111400,418,235,
18,47111420,50,10,
18,47111440,242,96,
18,47111495,19,3,
18,47111626,184,39,
18,47111638,6,0,
18,47111681,17,2,
18,47111929,41,5,
18,47111981,134,60,
18,47112148,36,11,7
18,47112174,271,90,
18,47112228,5,0,
18,47112309,16,0,
18,47112431,45,47,
18,47112543,11,8,
18,47112719,32,19,
18,47112835,7,1,
18,47112892,159,83,
18,47112905,7,13,
18,47112925,151,49,
18,47112971,9,1,
18,47113247,27,1,
18,47113325,105,33,
18,47113401,99,23,
18,47113527,133,65,
18,47113567,208,63,
18,47113591,7,6,
18,47113600,15,1,
18,47113618,567,386,
18,47113708,10,1,
18,47113728,1583,363,
18,47113731,168,132,
18,47113762,17,21,
18,47113769,99,127,
18,47113782,44,5,
18,47113796,310,63,
18,47113891,12,7,
18,47113892,42,65,
18,47113936,45,43,
18,47113946,3,0,
18,47114014,50,9,
18,47114054,80,55,
18,47114165,5,0,
18,47114235,213,243,
18,47114258,9,0,
18,47114412,68,53,
18,47114530,484,99,
18,47114579,218,185,
18,47114590,35,3,
18,47114672,61,56,
18,47114678,136,49,10
18,47114830,33,14,
18,47114881,6,3,
18,47114908,31,4,
18,47115009,99,22,
18,47115051,27,5,
18,47115149,96,45,
18,47115235,3,1,
18,47115409,14,2,
18,47115544,10,0,
18,47115574,6,0,
18,47115575,112,29,
18,47115805,797,689,
18,47115811,11,3,
18,47115899,72,73,
18,47116021,117,21,
18,47116026,133,26,
18,47116050,6,0,
18,47116121,32,4,
18,47116185,61,2,
18,47116317,38,5,
18,47116461,31,2,
18,47116719,5,1,
18,47116741,32,9,
18,47116771,13,0,
18,47116866,52,34,
18,47116919,19,1,
18,47116988,20,1,
18,47117087,223,235,
18,47117102,7,5,
18,47117169,74,32,
18,47117459,245,136,
18,47117725,7,4,
18,47117780,264,72,
18,47117848,9,0,
18,47117872,8,1,
18,47117886,191,63,
18,47117937,4,2,
18,47117946,79,42,
18,47117966,93,76,
18,47118055,70,38,
18,47118217,7,1,
18,47118318,5,3,
18,47118415,9,1,
18,47118507,14,4,
18,47118778,5,9,
18,47118787,7,0,
18,47118838,64,31,
18,47119141,18,0,
18,47119210,564,440,
18,47119248,4,0,
18,47119274,389,126,
18,47119530,550,101,
18,47119665,3,0,
18,47119871,166,58,
18,47120076,8,1,
18,47120079,45,45,
18,47120145,439,586,
18,47120188,219,146,
18,47120196,28,14,
18,47120201,89,23,
18,47120899,1235,687,
18,47121210,88,52,
18,47121233,37,14,
18,47121246,19,2,
18,47121352,3,0,
18,47121498,19,1,
18,47121539,141,16,
18,47121652,13,3,
18,47121718,10,6,
18,47121864,112,120,
18,47122337,65,87,
18,47122715,1624,1238,
18,47122789,254,115,
18,47123321,64,13,
18,47123433,46,21,
18,47123590,68,59,
18,47123631,310,57,
18,47123689,436,258,14
18,47123760,42,4,
18,47123801,23,12,
18,47123805,84,104,
18,47123894,170,46,
18,47124007,38,0,
18,47124064,12,2,
18,47124103,5,8,
18,47124149,295,220,
18,47124171,304,89,15
18,47124190,29,2,
18,47124521,4,0,
18,47124877,88,112,
18,47125014,33,23,
18,47125019,82,66,
18,47125046,126,93,
18,47125263,129,62,4
18,47125286,177,248,
18,47125345,21,9,
18,47125349,357,104,
18,47125374,323,407,
18,47125383,19,6,
18,47125399,7,0,
18,47125415,21,5,
18,47125432,3,0,
18,47125484,45,26,
18,47125572,5,0,
18,47125726,44,3,
18,47125966,20,6,
18,47126001,8,1,
18,47126156,67,97,
18,47126166,6,1,
18,47126177,73,25,
18,47126205,7,0,
18,47126378,11,3,
18,47126614,145,137,
18,47126667,9,4,
18,47126982,36,16,
18,47127081,686,462,
18,47127133,71,33,
18,47127396,537,248,
18,47127532,27,23,
18,47127838,28,7,
18,47127986,200,63,
18,47128138,350,413,
18,47128170,12,2,
18,47128245,19,9,
18,47128316,3,0,
18,47128495,16,36,
18,47128535,135,45,
18,47128604,15,1,
18,47128628,21,9,
18,47128631,82,16,
18,47128745,20,14,
18,47128799,112,78,
18,47128827,47,5,
18,47128859,9,2,
18,47128907,109,103,
18,47128960,255,100,
18,47129010,14,1,
18,47129241,8,2,
18,47129324,5,0,
18,47129361,413,331,
18,47129472,47,10,
18,47129633,14,0,
18,47129647,217,170,
18,47129683,38,0,
18,47129696,33,5,
18,47129727,285,156,28
18,47129922,30,23,
18,47130078,42,25,
18,47130208,274,262,
18,47130431,47,26,
18,47130665,8,0,
18,47130670,19,3,
18,47130713,21,1,
18,47130725,41,3,
18,47130860,274,58,23
18,47130974,10,18,
18,47131017,13,0,
18,47131035,10,0,
18,47131047,40,6,
18,47131057,6,1,
18,47131173,207,100,
18,47131224,7,0,
18,47131225,295,85,27
18,47131380,17,2,
18,47131506,168,42,
18,47131689,48,13,
18,47131890,6,0,
18,47131941,8,2,
18,47132102,241,75,26
18,47132260,28,10,
18,47132374,7,0,
18,47132388,405,157,30
18,47132402,13,0,
18,47132614,31,16,
18,47132642,6,1,
18,47132650,25,11,
18,47132687,7,0,
18,47132721,59,44,
18,47132766,15,11,
18,47132842,11,3,
18,47132999,11,5,
18,47133027,8,1,
18,47133055,180,115,25
18,47133069,16,5,
18,47133103,3,2,
18,47133276,4,0,
18,47133313,431,353,
18,47133561,7,1,
18,47133585,26,3,
18,47133726,20,7,
18,47133999,4,0,
18,47134057,4,0,
18,47134319,18,5,
18,47134438,10,1,
18,47134452,47,25,
18,47134520,3,3,
18,47134779,34,13,
18,47134931,20,18,
18,47135360,23,2,
18,47135607,16,11,
18,47135767,27,34,
18,47136036,303,228,20
18,47136108,5,0,
18,47136299,9,2,
18,47136420,10,3,
18,47136477,49,59,
18,47136537,122,140,3
18,47136604,287,102,1
18,47136611,258,118,12
18,47136658,30,15,24
18,47136815,14,8,
18,47137332,8,0,
18,47137622,6,0,
18,47137711,124,128,11
18,47137731,9,1,
18,47137864,8,1,
18,47137921,24,1,
18,47138253,16,5,
18,47138347,27,8,21
18,47138666,21,8,
18,47138718,38,52,
18,47138776,9,3,
18,47138860,29,7,
18,47139224,126,44,6
18,47139405,6,3,
18,47139519,39,27,15
18,47139675,144,61,2
18,47139690,27,6,17
18,47139765,125,66,4
18,47139872,13,2,
18,47139951,37,28,30
18,47139984,3,0,
18,47140010,3,0,
18,47140021,4,0,
18,47140127,4,0,
18,47140133,11,3,
18,47140214,4,0,
18,47140264,4,2,
18,47140332,12,0,8
18,47140623,5,0,
18,47140632,25,10,1
18,47140734,7,0,
19,47075124,653,215,
19,47075245,212,125,
19,47075295,31,1,
19,47075400,104,97,
19,47075446,28,9,
19,47075455,411,554,
19,47075716,84,24,
19,47076052,23,5,
19,47076659,265,48,
19,47076789,57,23,
19,47076966,700,371,
19,47077245,118,33,
19,47077358,66,32,
19,47077383,142,183,
19,47077656,65,37,
19,47077743,8,0,
19,47077844,314,370,
19,47078047,42,13,
19,47078109,54,2,
19,47078112,342,116,
19,47078167,199,395,
19,47078324,520,575,
19,47078840,162,152,
19,47078941,74,22,
19,47079222,516,543,
19,47079590,88,66,
19,47079718,194,76,
19,47080267,192,128,
19,47080785,66,8,
19,47080873,57,18,
19,47081624,19,1,
19,47081657,16,1,
19,47082496,320,144,
19,47082548,126,98,
19,47082854,108,29,
19,47083086,25,20,
19,47083145,534,500,
19,47083648,217,98,
19,47083735,150,87,
19,47083882,73,15,
19,47084000,152,60,
19,47085041,31,18,
19,47085061,33,6,
19,47085370,210,151,
19,47085387,165,57,
19,47085425,243,45,
19,47085483,747,374,
19,47085790,20,1,
19,47086181,838,452,
19,47086319,142,84,
19,47086557,131,62,
19,47086900,11,14,
19,47087719,311,89,
19,47087838,88,24,
19,47088005,48,11,
19,47088037,836,226,
19,47088076,41,31,
19,47088096,14,0,
19,47088166,262,188,
19,47088181,705,255,
19,47088307,20,6,
19,47088517,5,0,
19,47088685,444,262,
19,47089213,1525,1287,
19,47089405,17,4,
19,47089907,203,208,
19,47089933,22,6,
19,47090705,14,0,
19,47091071,123,23,
19,47091214,8,2,
19,47091419,2238,731,
19,47091469,140,61,
19,47091557,158,165,
19,47091606,234,240,
19,47091748,1501,838,
19,47091763,62,49,
19,47092006,613,367,
19,47092203,315,169,
19,47092348,29,9,
19,47092578,908,434,
19,47092809,6,0,
19,47093604,13,0,
19,47093724,231,22,
19,47093959,42,3,
19,47093978,5,0,
19,47094149,103,52,
19,47094192,643,187,
19,47094637,80,119,
19,47094768,391,88,14
19,47094877,197,94,
19,47095105,189,271,
19,47095134,467,296,
19,47095266,121,35,21
19,47095344,54,3,
19,47095420,56,5,
19,47095429,257,90,
19,47095560,5,2,
19,47095592,21,12,
19,47095597,366,262,
19,47095972,55,35,
19,47096167,338,51,
19,47096186,38,1,
19,47096253,412,925,
19,47096466,154,80,
19,47096520,228,83,
19,47097405,32,24,
19,47097554,14,7,
19,47097904,63,67,
19,47098029,50,29,
19,47098172,69,48,
19,47098245,1471,491,
19,47098252,73,70,
19,47098296,251,148,
19,47098324,45,15,
19,47098351,5,0,
19,47098582,293,128,
19,47098593,29,2,
19,47098669,133,31,
19,47098687,235,186,
19,47098744,122,54,
19,47098785,5,0,
19,47098828,144,124,
19,47098829,9,7,
19,47098839,40,82,
19,47098978,6,1,
19,47099087,37,13,
19,47099401,134,47,26
19,47099476,4,1,
19,47099485,61,4,
19,47099844,133,212,
19,47099941,4,0,
19,47099980,65,57,
19,47100190,61,6,
19,47100232,279,150,
19,47100468,44,8,
19,47100612,170,179,
19,47100714,244,84,
19,47100935,32,15,
19,47101171,263,267,
19,47101200,222,88,
19,47101890,88,28,
19,47101951,4,0,
19,47102208,60,10,
19,47102441,18,10,
19,47102479,5,1,
19,47102576,505,219,
19,47102610,3,1,
19,47102763,72,45,
19,47102975,245,172,
19,47103136,172,508,
19,47103506,120,49,
19,47103581,44,3,
19,47103649,189,126,
19,47103661,424,257,
19,47103931,249,77,
19,47103945,112,42,
19,47104019,11,0,
19,47104155,11,0,
19,47104185,210,78,
19,47104223,33,18,
19,47104251,29,2,
19,47104282,17,2,
19,47104432,7,4,
19,47104613,31,6,
19,47104667,390,102,
19,47104953,24,4,
19,47104973,426,454,
19,47105038,41,3,
19,47105086,11,5,
19,47105198,202,68,
19,47105821,7,4,
19,47106384,5,0,
19,47106390,20,8,
19,47106547,40,1,
19,47106686,954,585,
19,47106688,7,1,
19,47106829,39,4,
19,47106937,5,1,
19,47106985,156,91,
19,47107080,15,3,
19,47107165,54,36,
19,47107480,17,2,
19,47107540,4,1,
19,47107781,202,32,
19,47107974,3,1,
19,47108194,3,0,
19,47108543,52,14,
19,47108601,9,21,
19,47108614,17,0,
19,47108894,3,0,
19,47108977,108,91,
19,47108989,219,116,
19,47109247,4,1,
19,47110268,16,2,
19,47110473,244,63,
19,47110491,3,0,
19,47110515,646,267,
19,47110533,24,5,
19,47110634,33,3,
19,47110647,37,6,
19,47110781,38,3,
19,47110877,4,0,
19,47110946,41,4,
19,47111039,12,4,
19,47111042,78,15,
19,47111067,292,456,
19,47111164,3,1,
19,47111218,182,50,
19,47111325,22,3,
19,47111400,418,236,
19,47111420,50,10,
19,47111440,242,96,
19,47111495,20,3,
19,47111626,184,39,
19,47111638,6,0,
19,47111681,17,2,
19,47111929,42,5,
19,47111981,134,60,
19,47112148,44,17,9
19,47112174,271,90,
19,47112228,5,0,
19,47112309,16,0,
19,47112431,45,47,
19,47112543,11,8,
19,47112719,32,19,
19,47112835,7,1,
19,47112892,159,83,
19,47112905,7,13,
19,47112925,151,49,
19,47112971,9,1,
19,47113247,27,1,
19,47113325,105,33,
19,47113401,99,23,
19,47113527,133,65,
19,47113567,208,63,
19,47113600,15,1,
19,47113618,567,386,
19,47113708,10,1,
19,47113728,1584,363,
19,47113731,168,133,
19,47113762,17,21,
19,47113769,99,127,
19,47113782,44,5,
19,47113796,311,63,
19,47113891,12,8,
19,47113892,42,65,
19,47113936,45,43,
19,47113946,3,0,
19,47114014,50,9,
19,47114054,80,55,
19,47114165,5,0,
19,47114235,213,244,
19,47114258,9,0,
19,47114412,68,53,
19,47114530,484,99,
19,47114579,219,185,
19,47114590,35,3,
19,47114672,61,56,
19,47114678,169,67,13
19,47114830,34,14,
19,47114881,6,3,
19,47114908,31,4,
19,47115009,99,22,
19,47115051,27,5,
19,47115149,96,45,
19,47115235,3,1,
19,47115409,14,2,
19,47115544,10,0,
19,47115574,6,0,
19,47115575,112,29,
19,47115805,797,689,
19,47115811,11,3,
19,47116021,118,21,
19,47116026,133,26,
19,47116050,6,0,
19,47116121,32,4,
19,47116185,61,2,
19,47116317,38,5,
19,47116461,31,2,
19,47116741,32,9,
19,47116771,13,0,
19,47116866,52,34,
19,47116919,20,1,
19,47116988,20,1,
19,47117087,224,235,
19,47117102,7,5,
19,47117169,75,32,
19,47117459,245,136,
19,47117725,7,4,
19,47117780,265,72,
19,47117848,9,0,
19,47117886,191,63,
19,47117937,4,2,
19,47117946,79,42,
19,47117966,93,76,
19,47118055,70,38,
19,47118318,5,3,
19,47118415,9,1,
19,47118507,14,4,
19,47118778,6,9,
19,47118787,7,0,
19,47118838,65,31,
19,47119141,18,0,
19,47119210,564,440,
19,47119248,4,0,
19,47119274,389,126,
19,47119530,550,103,
19,47119665,3,0,
19,47119767,4,0,19
19,47119871,167,59,
19,47120076,8,1,
19,47120079,45,45,
19,47120145,448,589,
19,47120188,219,146,
19,47120196,28,14,
19,47120201,89,23,
19,47120899,1235,692,
19,47121210,88,52,
19,47121233,37,15,
19,47121246,19,2,
19,47121352,3,0,
19,47121498,19,1,
19,47121539,141,16,
19,47121652,13,3,
19,47121718,10,6,
19,47121864,112,120,
19,47122337,65,87,
19,47122715,1627,1250,
19,47122789,255,115,
19,47123321,64,13,
19,47123433,46,21,
19,47123590,68,60,
19,47123631,311,57,
19,47123689,446,272,24
19,47123760,42,4,
19,47123801,23,12,
19,47123805,84,104,
19,47123894,171,46,
19,47124007,38,0,
19,47124064,12,2,
19,47124103,5,8,
19,47124149,298,221,
19,47124171,324,92,23
19,47124190,29,2,
19,47124521,5,0,
19,47124877,88,112,
19,47125014,34,23,
19,47125019,83,66,
19,47125046,126,93,
19,47125263,142,81,10
19,47125286,178,256,
19,47125345,21,9,
19,47125349,358,104,
19,47125374,328,417,
19,47125383,19,6,
19,47125399,7,0,
19,47125415,21,5,
19,47125432,3,0,
19,47125484,45,26,
19,47125572,5,0,
19,47125726,44,3,
19,47125966,20,6,
19,47126001,8,1,
19,47126156,67,102,
19,47126166,6,1,
19,47126177,73,25,
19,47126205,7,0,
19,47126378,11,3,
19,47126614,145,138,
19,47126667,9,4,
19,47126982,36,16,
19,47127081,687,465,
19,47127133,71,33,
19,47127396,537,250,
19,47127532,27,23,
19,47127838,28,7,
19,47127986,201,63,
19,47128138,354,418,
19,47128170,12,2,
19,47128245,20,9,
19,47128316,3,0,
19,47128495,16,37,
19,47128535,135,46,
19,47128604,15,1,
19,47128628,21,9,
19,47128631,82,16,
19,47128745,20,14,
19,47128799,112,78,
19,47128827,48,5,
19,47128859,9,2,
19,47128907,110,104,
19,47128960,255,102,
19,47129010,14,1,
19,47129241,8,2,
19,47129324,5,0,
19,47129361,413,332,
19,47129472,47,10,
19,47129633,15,0,
19,47129647,221,171,
19,47129683,39,0,
19,47129696,33,6,
19,47129727,293,160,
19,47129922,30,23,
19,47130078,42,26,
19,47130208,275,262,
19,47130431,47,26,
19,47130665,8,0,
19,47130670,19,3,
19,47130713,21,1,
19,47130725,41,3,
19,47130860,280,58,30
19,47130974,11,18,
19,47131017,13,0,
19,47131035,10,0,
19,47131047,40,6,
19,47131057,6,1,
19,47131173,207,102,
19,47131224,7,0,
19,47131225,304,87,
19,47131380,17,2,
19,47131506,168,44,
19,47131689,48,13,
19,47131890,6,0,
19,47131941,8,2,
19,47132102,245,80,
19,47132260,28,10,
19,47132374,7,0,
19,47132388,410,159,
19,47132402,13,0,
19,47132614,31,16,
19,47132642,6,1,
19,47132650,25,11,
19,47132687,7,0,
19,47132721,59,44,
19,47132766,16,14,
19,47132842,11,4,
19,47132999,11,5,
19,47133027,9,1,
19,47133055,182,117,
19,47133069,16,5,
19,47133103,3,2,
19,47133276,4,0,
19,47133313,435,362,
19,47133561,8,1,
19,47133585,26,3,
19,47133726,20,7,
19,47133999,4,0,
19,47134057,4,0,
19,47134319,20,7,
19,47134438,11,1,
19,47134452,47,27,
19,47134520,3,3,
19,47134779,34,13,
19,47134931,20,19,
19,47135360,23,2,
19,47135607,17,11,
19,47135767,29,36,
19,47136036,350,245,29
19,47136108,5,0,
19,47136179,377,78,25
19,47136272,3,0,
19,47136299,9,2,
19,47136420,10,3,
19,47136477,51,59,
19,47136537,143,163,6
19,47136604,311,110,3
19,47136611,279,123,20
19,47136658,45,35,20
19,47136815,14,8,
19,47137332,9,0,
19,47137622,7,0,
19,47137711,141,149,27
19,47137731,11,4,
19,47137864,8,1,
19,47137921,30,2,
19,47138253,17,5,
19,47138666,22,9,
19,47138776,9,3,
19,47138860,35,8,
19,47139224,154,54,16
19,47139396,7,0,
19,47139405,7,5,
19,47139515,6,1,
19,47139519,58,50,19
19,47139675,262,87,1
19,47139690,52,19,25
19,47139765,201,121,4
19,47139872,14,2,
19,47139902,28,6,6
19,47139951,70,62,
19,47139979,4,0,
19,47139984,5,0,
19,47140010,3,0,
19,47140021,4,0,
19,47140042,45,23,5
19,47140127,5,0,
19,47140133,25,5,
19,47140214,4,0,
19,47140264,6,2,
19,47140322,13,6,15
19,47140332,13,0,
19,47140612,15,13,9
19,47140623,71,30,10
19,47140632,248,73,2
19,47140657,40,6,2
19,47140734,24,3,
19,47140773,9,1,
19,47140878,48,6,28
19,47140932,116,65,4
19,47141068,6,0,
19,47141338,3,1,
20,47075124,653,215,
20,47075245,212,125,
20,47075295,31,1,
20,47075400,104,97,
20,47075446,28,9,
20,47075455,412,558,
20,47075716,84,24,
20,47076052,23,5,
20,47076659,265,48,
20,47076789,57,23,
20,47076966,700,371,
20,47077245,118,33,
20,47077358,66,32,
20,47077383,142,183,
20,47077656,65,37,
20,47077743,8,0,
20,47077844,314,370,
20,47078109,54,2,
20,47078112,343,116,
20,47078167,199,395,
20,47078324,520,575,
20,47078840,162,152,
20,47079222,516,544,
20,47079590,88,66,
20,47079718,194,76,
20,47080267,192,128,
20,47080785,66,8,
20,47080873,57,18,
20,47081624,19,1,
20,47081657,16,1,
20,47082496,320,144,
20,47082548,126,98,
20,47082854,108,29,
20,47083086,25,20,
20,47083145,534,500,
20,47083648,217,98,
20,47083735,150,87,
20,47083882,73,15,
20,47084000,152,60,
20,47085061,33,6,
20,47085370,210,151,
20,47085387,165,57,
20,47085425,243,45,
20,47085483,748,374,
20,47085790,20,1,
20,47086181,838,455,
20,47086319,142,84,
20,47086557,131,62,
20,47086900,11,14,
20,47087719,311,89,
20,47087838,89,24,
20,47088005,48,11,
20,47088037,836,226,
20,47088076,41,31,
20,47088096,14,0,
20,47088166,264,188,
20,47088181,705,255,
20,47088307,20,6,
20,47088685,444,262,
20,47089213,1525,1287,
20,47089405,17,4,
20,47089907,203,208,
20,47089933,22,6,
20,47090705,14,0,
20,47091071,123,23,
20,47091214,8,2,
20,47091419,2238,731,
20,47091469,140,61,
20,47091557,158,165,
20,47091606,234,240,
20,47091748,1502,838,
20,47092006,613,367,
20,47092203,315,169,
20,47092348,29,9,
20,47092578,908,434,
20,47092809,6,0,
20,47093604,13,0,
20,47093724,231,22,
20,47093959,43,3,
20,47093978,5,0,
20,47094149,103,52,
20,47094192,643,187,
20,47094637,80,119,
20,47094768,405,93,11
20,47094877,197,94,
20,47095105,189,271,
20,47095134,467,297,
20,47095266,124,35,20
20,47095344,54,3,
20,47095420,56,5,
20,47095429,257,92,
20,47095560,5,2,
20,47095592,21,12,
20,47095597,366,262,
20,47095972,56,35,
20,47096167,338,51,
20,47096186,38,1,
20,47096253,412,925,
20,47096466,154,80,
20,47096520,229,83,
20,47097405,33,25,
20,47097554,14,7,
20,47097904,63,67,
20,47098029,51,30,
20,47098172,69,48,
20,47098245,1472,491,
20,47098252,73,70,
20,47098296,251,148,
20,47098324,45,15,
20,47098351,5,0,
20,47098582,293,128,
20,47098593,29,2,
20,47098669,133,31,
20,47098687,235,186,
20,47098744,122,54,
20,47098828,144,124,
20,47098829,9,7,
20,47098839,40,82,
20,47098978,6,1,
20,47099087,37,13,
20,47099401,143,48,27
20,47099476,4,1,
20,47099485,61,4,
20,47099844,133,212,
20,47099941,4,0,
20,47099980,65,57,
20,47100190,61,6,
20,47100232,279,150,
20,47100468,44,8,
20,47100612,170,179,
20,47100714,248,84,
20,47100935,32,15,
20,47101034,5,0,17
20,47101171,263,267,
20,47101200,222,88,
20,47101890,88,28,
20,47101951,4,0,
20,47102208,60,10,
20,47102441,19,12,
20,47102479,5,1,
20,47102576,505,219,
20,47102610,3,1,
20,47102763,72,45,
20,47102975,245,172,
20,47103136,172,508,
20,47103506,120,49,
20,47103581,44,3,
20,47103649,189,126,
20,47103661,425,257,
20,47103931,249,77,
20,47103945,112,42,
20,47104019,11,0,
20,47104155,11,0,
20,47104185,210,78,
20,47104223,33,18,
20,47104251,29,2,
20,47104282,17,2,
20,47104432,7,4,
20,47104613,31,6,
20,47104667,390,102,
20,47104953,24,4,
20,47104973,426,456,
20,47105038,41,3,
20,47105086,11,5,
20,47105198,202,68,
20,47105821,7,4,
20,47106384,5,0,
20,47106390,20,8,
20,47106547,40,1,
20,47106686,954,585,
20,47106688,7,1,
20,47106829,39,4,
20,47106937,5,1,
20,47106985,156,91,
20,47107165,54,36,
20,47107480,17,2,
20,47107540,4,1,
20,47107781,202,32,
20,47107974,3,1,
20,47108194,3,0,
20,47108543,52,14,
20,47108601,9,21,
20,47108614,17,0,
20,47108894,3,0,
20,47108977,108,91,
20,47108989,219,116,
20,47109247,4,1,
20,47110268,16,2,
20,47110473,244,63,
20,47110491,3,0,
20,47110515,646,267,
20,47110533,24,5,
20,47110634,33,3,
20,47110647,37,6,
20,47110781,38,3,
20,47110877,4,0,
20,47110946,41,4,
20,47111039,12,4,
20,47111042,78,15,
20,47111164,3,1,
20,47111218,182,50,
20,47111325,22,3,
20,47111400,418,236,
20,47111420,50,10,
20,47111440,242,97,
20,47111495,20,3,
20,47111626,184,39,
20,47111638,7,0,
20,47111681,17,2,
20,47111929,43,5,
20,47111981,134,60,
20,47112148,46,18,11
20,47112174,271,90,
20,47112228,5,0,
20,47112309,16,0,
20,47112431,45,47,
20,47112543,11,8,
20,47112719,32,19,
20,47112835,7,1,
20,47112892,159,83,
20,47112925,151,49,
20,47112971,9,1,
20,47113247,27,1,
20,47113325,105,33,
20,47113401,99,23,
20,47113527,133,65,
20,47113567,208,63,
20,47113600,15,1,
20,47113618,567,386,
20,47113708,10,1,
20,47113728,1584,363,
20,47113731,168,133,
20,47113762,17,21,
20,47113769,99,127,
20,47113782,44,5,
20,47113796,311,63,
20,47113891,12,8,
20,47113892,42,65,
20,47113936,45,43,
20,47113946,3,0,
20,47114014,50,9,
20,47114054,80,55,
20,47114165,5,0,
20,47114235,213,244,
20,47114258,9,0,
20,47114412,68,53,
20,47114530,484,99,
20,47114579,222,187,
20,47114590,35,3,
20,47114672,61,56,
20,47114678,200,80,9
20,47114830,34,15,
20,47114881,6,3,
20,47114908,31,4,
20,47115009,99,22,
20,47115051,27,5,
20,47115149,96,44,
20,47115235,3,1,
20,47115409,14,2,
20,47115544,10,0,
20,47115574,6,0,
20,47115575,112,29,
20,47115805,797,689,
20,47115811,11,3,
20,47116021,118,21,
20,47116026,133,26,
20,47116050,6,0,
20,47116121,32,4,
20,47116185,61,2,
20,47116317,38,5,
20,47116461,31,2,
20,47116741,32,9,
20,47116771,13,0,
20,47116866,52,34,
20,47116919,20,1,
20,47116988,20,1,
20,47117087,224,235,
20,47117102,7,5,
20,47117169,75,32,
20,47117459,245,136,
20,47117725,7,4,
20,47117780,265,72,
20,47117848,9,0,
20,47117886,191,63,
20,47117937,4,2,
20,47117946,79,42,
20,47117966,93,76,
20,47118055,70,38,
20,47118318,5,3,
20,47118415,9,1,
20,47118507,14,4,
20,47118778,6,9,
20,47118787,7,0,
20,47118838,65,31,
20,47119141,18,0,
20,47119210,566,440,
20,47119248,4,0,
20,47119274,389,126,
20,47119530,550,103,
20,47119665,3,0,
20,47119767,13,2,10
20,47119871,167,59,
20,47120076,8,1,
20,47120079,46,45,
20,47120145,453,590,
20,47120188,219,146,
20,47120196,28,14,
20,47120201,89,23,
20,47120899,1238,692,
20,47121210,88,52,
20,47121233,37,16,
20,47121352,3,0,
20,47121498,19,1,
20,47121539,141,16,
20,47121652,13,3,
20,47121718,10,6,
20,47121864,112,120,
20,47122337,65,88,
20,47122715,1629,1256,
20,47122789,255,115,
20,47123321,64,13,
20,47123433,46,21,
20,47123590,68,60,
20,47123631,312,57,
20,47123689,451,277,24
20,47123760,42,4,
20,47123801,23,12,
20,47123805,84,104,
20,47123894,175,46,
20,47124064,12,2,
20,47124103,5,8,
20,47124149,300,223,
20,47124171,339,99,22
20,47124190,29,2,
20,47124521,5,0,
20,47124877,88,113,
20,47125014,34,23,
20,47125019,83,66,
20,47125046,126,93,
20,47125263,151,87,14
20,47125286,178,263,
20,47125345,21,9,
20,47125349,359,104,
20,47125374,333,422,
20,47125383,19,6,
20,47125399,7,0,
20,47125415,21,5,
20,47125432,3,0,
20,47125484,45,26,
20,47125572,5,0,
20,47125726,44,3,
20,47125966,20,6,
20,47126001,8,1,
20,47126156,67,103,
20,47126166,6,1,
20,47126177,74,25,
20,47126205,7,0,
20,47126378,11,3,
20,47126614,145,140,
20,47126667,9,4,
20,47126982,36,16,
20,47127081,689,466,
20,47127133,71,35,
20,47127396,539,250,
20,47127532,28,23,
20,47127838,28,7,
20,47127986,201,66,
20,47128138,355,422,
20,47128170,12,2,
20,47128245,20,9,
20,47128316,3,0,
20,47128495,17,38,
20,47128535,136,46,
20,47128604,15,1,
20,47128628,21,9,
20,47128631,83,16,
20,47128745,20,14,
20,47128799,112,78,
20,47128827,48,5,
20,47128859,9,2,
20,47128907,110,106,
20,47128960,255,102,
20,47129010,14,1,
20,47129241,8,3,
20,47129324,5,0,
20,47129361,414,336,
20,47129472,47,10,
20,47129633,15,0,
20,47129647,222,171,
20,47129683,39,0,
20,47129696,33,6,
20,47129727,293,160,
20,47129922,30,23,
20,47130078,42,26,
20,47130208,275,263,
20,47130431,47,26,
20,47130665,8,0,
20,47130670,19,3,
20,47130713,21,1,
20,47130725,41,3,
20,47130860,283,59,30
20,47130974,11,18,
20,47131017,13,0,
20,47131035,10,0,
20,47131047,41,6,
20,47131057,6,1,
20,47131173,208,103,
20,47131224,7,0,
20,47131225,307,87,
20,47131380,17,2,
20,47131506,169,44,
20,47131689,48,13,
20,47131890,6,0,
20,47131941,8,2,
20,47132102,248,82,
20,47132260,28,10,
20,47132374,7,0,
20,47132388,414,160,
20,47132402,13,0,
20,47132614,31,16,
20,47132642,6,2,
20,47132687,7,0,
20,47132721,59,45,
20,47132766,16,14,
20,47132842,11,4,
20,47132999,11,5,
20,47133027,9,1,
20,47133055,185,118,
20,47133069,16,5,
20,47133103,3,2,
20,47133276,4,0,
20,47133313,438,364,
20,47133561,8,1,
20,47133585,26,4,
20,47133726,20,7,
20,47133999,4,0,
20,47134057,4,0,
20,47134319,21,9,
20,47134438,11,1,
20,47134452,47,27,
20,47134520,3,3,
20,47134779,34,14,
20,47134931,20,20,
20,47134946,44,116,
20,47135360,23,2,
20,47135607,17,11,
20,47135767,29,37,
20,47136036,371,268,29
20,47136108,5,0,
20,47136179,599,114,19
20,47136272,4,0,
20,47136299,9,2,
20,47136420,10,3,
20,47136477,51,60,
20,47136537,152,172,7
20,47136604,334,124,2
20,47136611,293,131,23
20,47136658,56,48,19
20,47136815,14,9,
20,47137332,9,0,
20,47137446,4,0,
20,47137622,8,0,
20,47137711,149,158,29
20,47137731,12,5,
20,47137864,8,1,
20,47137921,33,3,
20,47138253,17,5,
20,47138666,22,10,
20,47138776,9,3,
20,47138860,41,8,
20,47139224,170,64,16
20,47139396,10,0,
20,47139405,7,5,
20,47139515,9,1,
20,47139519,75,73,28
20,47139566,10,0,
20,47139675,362,115,1
20,47139690,75,26,26
20,47139765,264,190,6
20,47139872,15,2,
20,47139902,73,19,3
20,47139951,79,73,
20,47139979,4,0,
20,47139984,5,0,
20,47140010,3,1,
20,47140021,4,0,
20,47140042,106,39,2
20,47140127,7,0,
20,47140133,42,13,
20,47140214,4,0,
20,47140264,6,2,
20,47140322,35,16,16
20,47140502,10,0,
20,47140612,31,30,5
20,47140623,128,90,11
20,47140632,302,94,17
20,47140657,76,16,8
20,47140734,40,5,
20,47140773,20,10,
20,47140878,62,11,
20,47140932,174,164,8
20,47141068,8,1,
20,47141338,3,1,
20,47141385,3,0,29
20,47141749,8,3,
20,47141797,24,8,3
20,47141992,4,0,
20,47142134,5,1,
20,47142245,4,0,
20,47142333,4,0,
20,47142458,3,0,
20,47142587,6,0,
20,47142588,3,0,
21,47075124,653,215,
21,47075245,212,125,
21,47075295,32,1,
21,47075400,104,97,
21,47075446,28,9,
21,47075455,412,559,
21,47075716,84,24,
21,47076052,23,5,
21,47076659,265,48,
21,47076789,57,23,
21,47076966,700,371,
21,47077245,118,33,
21,47077358,67,32,
21,47077383,142,183,
21,47077656,65,37,
21,47077743,8,0,
21,47077844,314,370,
21,47078112,343,116,
21,47078167,199,395,
21,47078324,520,575,
21,47078840,162,152,
21,47079222,516,544,
21,47079590,88,66,
21,47079718,194,76,
21,47080267,192,128,
21,47080873,57,18,
21,47081624,19,1,
21,47081657,16,1,
21,47082496,320,144,
21,47082548,126,98,
21,47082854,108,29,
21,47083086,25,20,
21,47083145,534,500,
21,47083648,217,98,
21,47083735,150,87,
21,47083882,73,15,
21,47084000,152,60,
21,47085061,33,6,
21,47085370,210,151,
21,47085387,165,57,
21,47085425,243,45,
21,47085483,748,374,
21,47085790,20,1,
21,47086181,838,455,
21,47086319,142,84,
21,47086557,131,62,
21,47086900,11,14,
21,47087719,311,89,
21,47087838,89,24,
21,47088005,49,11,
21,47088037,836,226,
21,47088076,41,31,
21,47088096,14,0,
21,47088166,264,188,
21,47088181,705,255,
21,47088307,20,6,
21,47088685,444,262,
21,47088711,5,0,17
21,47089213,1525,1287,
21,47089405,17,4,
21,47089907,203,208,
21,47089933,22,6,
21,47090705,14,0,
21,47091071,123,23,
21,47091419,2240,731,
21,47091469,141,61,
21,47091557,158,165,
21,47091606,234,240,
21,47091748,1502,838,
21,47092006,613,367,
21,47092203,315,169,
21,47092348,29,9,
21,47092578,908,434,
21,47092809,6,0,
21,47093604,13,0,
21,47093724,231,22,
21,47093959,43,3,
21,47094149,103,52,
21,47094192,643,187,
21,47094637,80,119,
21,47094768,423,92,13
21,47094877,197,94,
21,47095105,189,271,
21,47095134,467,297,
21,47095266,131,35,22
21,47095344,54,3,
21,47095420,56,5,
21,47095429,257,92,
21,47095560,5,2,
21,47095592,21,12,
21,47095597,366,262,
21,47095972,57,35,
21,47096167,338,51,
21,47096186,39,1,
21,47096253,412,925,
21,47096466,154,80,
21,47096520,229,83,
21,47097405,33,25,
21,47097554,14,7,
21,47097904,63,67,
21,47098029,51,30,
21,47098172,69,48,
21,47098245,1472,491,
21,47098252,73,70,
21,47098296,251,148,
21,47098324,45,15,
21,47098351,5,0,
21,47098582,293,128,
21,47098593,29,2,
21,47098669,133,31,
21,47098687,235,186,
21,47098744,122,54,
21,47098828,144,124,
21,47098829,9,7,
21,47098839,40,82,
21,47098978,6,1,
21,47099087,37,13,
21,47099401,152,49,29
21,47099485,61,4,
21,47099844,133,212,
21,47099941,4,0,
21,47099980,65,57,
21,47100190,61,6,
21,47100232,279,150,
21,47100468,44,8,
21,47100612,170,179,
21,47100714,250,87,
21,47100935,32,15,
21,47101034,23,5,9
21,47101171,263,267,
21,47101200,222,88,
21,47101890,88,28,
21,47101951,4,0,
21,47102208,60,10,
21,47102441,20,15,
21,47102479,5,1,
21,47102576,507,219,
21,47102610,3,1,
21,47102763,72,45,
21,47102975,245,172,
21,47103136,172,508,
21,47103506,120,49,
21,47103581,44,3,
21,47103649,189,126,
21,47103661,425,257,
21,47103931,249,77,
21,47103945,112,42,
21,47104019,11,0,
21,47104155,11,0,
21,47104185,210,78,
21,47104223,33,18,
21,47104251,29,2,
21,47104282,17,2,
21,47104432,7,4,
21,47104613,31,6,
21,47104667,391,102,
21,47104953,24,4,
21,47104973,426,456,
21,47105038,41,3,
21,47105086,11,5,
21,47105198,202,68,
21,47105821,7,4,
21,47106384,5,0,
21,47106390,20,8,
21,47106547,40,1,
21,47106686,954,585,
21,47106688,7,1,
21,47106829,39,4,
21,47106937,5,1,
21,47106985,156,91,
21,47107165,54,36,
21,47107480,17,2,
21,47107540,4,1,
21,47107781,202,32,
21,47107974,3,1,
21,47108194,3,0,
21,47108543,52,14,
21,47108601,9,21,
21,47108894,3,0,
21,47108977,108,91,
21,47108989,219,116,
21,47109247,4,1,
21,47110268,16,2,
21,47110473,244,63,
21,47110491,3,0,
21,47110515,646,267,
21,47110634,33,3,
21,47110647,37,6,
21,47110781,38,3,
21,47110877,4,0,
21,47110946,41,4,
21,47111039,12,4,
21,47111042,78,15,
21,47111164,4,1,
21,47111218,182,50,
21,47111325,22,3,
21,47111400,418,236,
21,47111420,50,10,
21,47111440,242,97,
21,47111495,20,3,
21,47111626,184,39,
21,47111638,7,0,
21,47111681,17,2,
21,47111929,43,5,
21,47111981,134,60,
21,47112148,51,18,16
21,47112174,271,90,
21,47112228,5,0,
21,47112309,16,0,
21,47112431,45,47,
21,47112543,11,8,
21,47112719,33,19,
21,47112835,7,1,
21,47112892,160,83,
21,47112925,151,49,
21,47112971,9,1,
21,47113247,27,1,
21,47113325,105,33,
21,47113401,101,23,
21,47113527,133,65,
21,47113567,208,63,
21,47113600,15,1,
21,47113618,567,386,
21,47113708,10,1,
21,47113728,1586,365,
21,47113731,168,135,
21,47113762,17,21,
21,47113769,99,127,
21,47113782,45,5,
21,47113796,311,63,
21,47113892,42,65,
21,47113936,45,43,
21,47113946,3,0,
21,47114014,51,9,
21,47114054,80,55,
21,47114165,5,0,
21,47114235,213,244,
21,47114258,9,0,
21,47114412,69,53,
21,47114530,484,99,
21,47114579,223,188,
21,47114590,35,3,
21,47114672,61,56,
21,47114678,232,95,11
21,47114830,34,15,
21,47114881,6,3,
21,47114908,31,4,
21,47115009,99,22,
21,47115051,27,5,
21,47115149,96,44,
21,47115235,3,1,
21,47115409,14,2,
21,47115544,10,0,
21,47115574,6,0,
21,47115575,112,29,
21,47115805,797,689,
21,47115811,11,3,
21,47116021,118,21,
21,47116026,133,26,
21,47116050,6,0,
21,47116185,61,2,
21,47116317,38,5,
21,47116461,31,2,
21,47116741,32,9,
21,47116771,13,0,
21,47116866,52,34,
21,47116919,20,1,
21,47116988,20,1,
21,47117087,225,236,
21,47117169,75,32,
21,47117459,245,136,
21,47117725,7,4,
21,47117780,265,72,
21,47117848,9,0,
21,47117886,191,63,
21,47117937,4,2,
21,47117946,80,42,
21,47117966,93,76,
21,47118055,70,38,
21,47118318,5,3,
21,47118415,9,1,
21,47118507,14,4,
21,47118778,6,9,
21,47118787,7,0,
21,47118838,68,31,
21,47119141,19,0,
21,47119210,566,440,
21,47119248,4,0,
21,47119274,389,126,
21,47119530,551,104,
21,47119665,3,0,
21,47119767,18,3,15
21,47119871,167,58,
21,47120076,8,1,
21,47120079,47,45,
21,47120145,458,591,
21,47120188,219,146,
21,47120196,28,14,
21,47120201,89,23,
21,47120899,1242,692,
21,47121210,88,52,
21,47121233,37,16,
21,47121352,3,0,
21,47121539,141,16,
21,47121652,13,3,
21,47121718,10,6,
21,47121864,112,120,
21,47122337,65,88,
21,47122662,4,0,
21,47122715,1630,1261,
21,47122789,255,115,
21,47123321,64,13,
21,47123433,46,21,
21,47123590,69,61,
21,47123631,313,57,
21,47123689,458,280,25
21,47123760,42,4,
21,47123801,23,12,
21,47123805,84,104,
21,47123894,175,46,
21,47124064,12,2,
21,47124103,5,8,
21,47124149,300,224,
21,47124171,348,106,22
21,47124190,29,2,
21,47124521,5,0,
21,47124877,88,113,
21,47125014,34,23,
21,47125019,83,67,
21,47125046,126,93,
21,47125263,157,93,20
21,47125286,179,263,
21,47125345,21,9,
21,47125349,359,104,
21,47125374,336,432,
21,47125383,19,6,
21,47125399,7,0,
21,47125415,21,5,
21,47125432,3,0,
21,47125484,45,26,
21,47125572,5,0,
21,47125726,44,3,
21,47125966,21,6,
21,47126001,8,1,
21,47126156,67,105,
21,47126166,6,1,
21,47126177,74,25,
21,47126205,7,0,
21,47126378,11,3,
21,47126614,145,140,
21,47126667,9,4,
21,47126982,36,16,
21,47127081,689,467,
21,47127133,71,35,
21,47127396,541,251,
21,47127532,28,23,
21,47127838,28,7,
21,47127986,202,67,
21,47128138,356,423,
21,47128170,12,2,
21,47128316,3,0,
21,47128495,17,39,
21,47128535,137,46,
21,47128604,15,1,
21,47128628,21,9,
21,47128631,83,17,
21,47128745,20,14,
21,47128799,112,78,
21,47128827,48,5,
21,47128859,10,2,
21,47128907,111,106,
21,47128960,255,102,
21,47129010,14,1,
21,47129241,8,3,
21,47129324,5,0,
21,47129361,415,341,
21,47129472,47,10,
21,47129633,15,0,
21,47129647,223,172,
21,47129683,39,0,
21,47129696,33,6,
21,47129727,294,160,
21,47129922,30,23,
21,47130078,45,26,
21,47130208,276,265,
21,47130431,47,26,
21,47130670,19,3,
21,47130713,21,1,
21,47130725,41,3,
21,47130860,283,59,
21,47130974,11,18,
21,47131017,13,0,
21,47131035,10,0,
21,47131047,41,6,
21,47131057,6,1,
21,47131173,210,103,
21,47131224,7,0,
21,47131225,310,87,
21,47131380,17,2,
21,47131506,171,44,
21,47131689,49,13,
21,47131890,6,0,
21,47131941,8,2,
21,47132102,252,85,
21,47132260,29,10,
21,47132374,7,0,
21,47132388,419,162,
21,47132402,13,0,
21,47132614,31,16,
21,47132642,6,2,
21,47132687,7,0,
21,47132721,60,45,
21,47132766,16,14,
21,47132842,11,4,
21,47132999,11,5,
21,47133027,10,1,
21,47133055,186,119,
21,47133069,16,5,
21,47133276,4,0,
21,47133313,443,365,
21,47133561,8,1,
21,47133585,27,5,
21,47133726,20,7,
21,47133999,4,0,
21,47134057,4,0,
21,47134319,22,11,
21,47134438,12,1,
21,47134452,50,27,
21,47134520,3,3,
21,47134779,35,14,
21,47134931,20,20,
21,47134946,53,119,
21,47135360,24,3,
21,47135607,17,11,
21,47135767,30,37,
21,47136036,379,282,
21,47136108,5,0,
21,47136179,810,182,19
21,47136272,4,0,
21,47136299,9,2,
21,47136420,11,3,
21,47136477,51,62,
21,47136537,163,179,6
21,47136604,361,131,5
21,47136611,306,140,26
21,47136658,61,59,
21,47136815,14,9,
21,47137332,9,0,
21,47137446,4,0,
21,47137622,8,0,
21,47137711,156,172,
21,47137731,12,6,
21,47137921,33,3,
21,47138253,18,5,
21,47138425,4,0,
21,47138666,24,10,
21,47138776,10,3,
21,47138860,47,9,
21,47139224,188,73,18
21,47139396,12,0,
21,47139405,7,6,
21,47139515,18,3,
21,47139519,82,79,
21,47139566,18,0,
21,47139675,453,134,1
21,47139690,91,33,28
21,47139765,296,236,17
21,47139872,16,2,
21,47139902,101,32,4
21,47139979,4,0,
21,47139984,5,0,
21,47140010,3,1,
21,47140021,5,0,
21,47140042,148,58,3
21,47140127,8,0,
21,47140133,61,26,
21,47140214,4,0,
21,47140264,6,2,
21,47140322,56,26,12
21,47140502,12,0,
21,47140612,46,44,7
21,47140623,159,135,24
21,47140632,346,109,21
21,47140657,102,29,8
21,47140734,46,5,
21,47140773,23,17,
21,47140878,72,15,
21,47140932,195,196,
21,47141052,11,1,
21,47141068,9,1,
21,47141338,4,1,
21,47141385,31,11,6
21,47141749,9,3,
21,47141797,81,17,2
21,47141806,6,2,
21,47141992,5,1,
21,47142028,7,0,
21,47142078,5,2,
21,47142134,6,2,
21,47142156,54,8,12
21,47142236,7,0,
21,47142245,12,0,
21,47142333,6,0,
21,47142458,24,7,25
21,47142587,70,47,14
21,47142588,9,1,
21,47142653,5,0,
21,47142713,7,0,
21,47142821,10,1,
21,47142915,4,0,
21,47143113,5,1,
21,47143152,64,40,1
21,47143211,37,14,3
22,47075124,653,215,
22,47075245,212,125,
22,47075295,32,1,
22,47075400,104,97,
22,47075446,28,9,
22,47075455,412,559,
22,47075716,84,24,
22,47076052,23,5,
22,47076659,265,48,
22,47076789,57,23,
22,47076966,700,371,
22,47077245,118,33,
22,47077358,67,32,
22,47077383,142,183,
22,47077844,314,370,
22,47078112,343,116,
22,47078167,199,395,
22,47078324,520,575,
22,47078840,162,152,
22,47079222,516,544,
22,47079590,88,66,
22,47079718,194,76,
22,47080267,192,128,
22,47080873,57,18,
22,47081624,19,1,
22,47081657,16,1,
22,47082496,320,144,
22,47082548,126,98,
22,47082854,108,29,
22,47083086,25,20,
22,47083145,534,500,
22,47083648,217,98,
22,47083735,150,87,
22,47083882,73,15,
22,47084000,152,60,
22,47085061,33,6,
22,47085370,210,151,
22,47085387,165,57,
22,47085425,243,45,
22,47085483,748,374,
22,47085790,20,1,
22,47086181,839,455,
22,47086319,142,84,
22,47086557,131,62,
22,47086900,11,14,
22,47087719,311,89,
22,47087838,89,24,
22,47088005,49,11,
22,47088037,836,226,
22,47088076,41,31,
22,47088096,14,0,
22,47088166,265,188,
22,47088181,705,255,
22,47088307,20,6,
22,47088685,444,262,
22,47088711,6,1,19
22,47089213,1525,1288,
22,47089405,17,4,
22,47089907,203,208,
22,47089933,22,6,
22,47090705,14,0,
22,47091071,123,23,
22,47091419,2240,731,
22,47091469,141,61,
22,47091557,158,165,
22,47091606,234,240,
22,47091748,1502,838,
22,47092006,613,367,
22,47092203,315,169,
22,47092348,29,9,
22,47092578,908,434,
22,47092809,6,0,
22,47093604,13,0,
22,47093724,232,22,
22,47093959,43,3,
22,47093978,9,2,14
22,47094149,103,52,
22,47094192,643,187,
22,47094637,80,119,
22,47094768,429,93,17
22,47094877,197,94,
22,47095105,189,270,
22,47095134,467,297,
22,47095266,137,35,23
22,47095344,54,3,
22,47095420,57,5,
22,47095429,257,92,
22,47095592,21,13,
22,47095597,366,261,
22,47095972,59,35,
22,47096167,338,51,
22,47096186,39,1,
22,47096253,412,923,
22,47096466,154,80,
22,47096520,229,83,
22,47097405,33,25,
22,47097904,63,67,
22,47098029,53,30,
22,47098172,69,48,
22,47098245,1472,491,
22,47098252,73,70,
22,47098296,251,148,
22,47098324,45,15,
22,47098351,5,0,
22,47098582,293,128,
22,47098593,29,2,
22,47098669,133,31,
22,47098687,235,186,
22,47098744,122,54,
22,47098829,9,7,
22,47098839,40,82,
22,47098978,6,1,
22,47099087,38,13,
22,47099401,152,49,
22,47099485,61,4,
22,47099844,133,212,
22,47099941,4,0,
22,47099980,65,57,
22,47100190,61,6,
22,47100232,279,149,
22,47100468,44,8,
22,47100612,170,180,
22,47100714,253,87,
22,47100935,32,15,
22,47101034,33,9,13
22,47101171,263,267,
22,47101200,222,88,
22,47101890,88,28,
22,47102208,60,10,
22,47102441,21,16,
22,47102576,507,220,
22,47102763,72,45,
22,47102975,245,172,
22,47103136,172,508,
22,47103506,120,49,
22,47103581,44,3,
22,47103649,189,126,
22,47103661,425,256,
22,47103931,249,77,
22,47103945,112,42,
22,47104019,11,0,
22,47104155,11,0,
22,47104185,210,78,
22,47104223,33,18,
22,47104251,29,2,
22,47104282,17,2,
22,47104432,7,4,
22,47104613,31,6,
22,47104667,391,101,
22,47104953,24,4,
22,47104973,426,455,
22,47105038,43,3,
22,47105086,11,5,
22,47105091,5,0,
22,47105198,202,68,
22,47105821,7,4,
22,47106384,5,0,
22,47106390,20,8,
22,47106547,40,1,
22,47106686,954,584,
22,47106688,7,1,
22,47106829,39,4,
22,47106937,5,1,
22,47106985,156,91,
22,47107165,54,36,
22,47107480,17,2,
22,47107540,4,1,
22,47107781,202,32,
22,47107974,3,1,
22,47108194,3,0,
22,47108543,53,14,
22,47108601,9,21,
22,47108894,3,0,
22,47108977,108,91,
22,47108989,220,116,
22,47109247,4,1,
22,47110268,16,2,
22,47110473,244,63,
22,47110491,3,0,
22,47110515,646,266,
22,47110634,33,3,
22,47110647,37,6,
22,47110781,38,3,
22,47110877,4,0,
22,47110946,41,4,
22,47111039,12,4,
22,47111042,79,15,
22,47111164,4,1,
22,47111218,182,50,
22,47111325,22,3,
22,47111400,418,236,
22,47111420,50,10,
22,47111440,242,96,
22,47111495,20,3,
22,47111626,184,39,
22,47111638,7,0,
22,47111681,17,2,
22,47111929,43,5,
22,47111981,134,60,
22,47112148,56,18,20
22,47112174,271,89,
22,47112228,5,0,
22,47112309,16,0,
22,47112431,45,47,
22,47112892,160,83,
22,47112925,151,49,
22,47112971,9,1,
22,47113247,27,1,
22,47113325,105,33,
22,47113401,101,22,
22,47113527,133,66,
22,47113567,208,63,
22,47113600,15,1,
22,47113618,567,385,
22,47113708,10,1,
22,47113728,1586,365,
22,47113731,168,135,
22,47113762,17,21,
22,47113769,99,127,
22,47113782,45,5,
22,47113796,311,63,
22,47113892,42,65,
22,47113936,45,43,
22,47113946,3,0,
22,47114014,51,9,
22,47114054,80,55,
22,47114165,5,0,
22,47114235,213,244,
22,47114412,69,53,
22,47114530,484,99,
22,47114579,223,188,
22,47114590,35,3,
22,47114672,61,56,
22,47114678,242,105,15
22,47114830,34,15,
22,47114881,6,3,
22,47114908,31,4,
22,47115009,99,22,
22,47115051,27,5,
22,47115149,96,44,
22,47115235,3,1,
22,47115409,14,2,
22,47115544,10,0,
22,47115574,6,0,
22,47115575,112,29,
22,47115805,797,689,
22,47116021,118,21,
22,47116026,133,26,
22,47116050,6,0,
22,47116185,61,2,
22,47116317,38,5,
22,47116461,31,2,
22,47116741,32,9,
22,47116771,13,0,
22,47116866,52,34,
22,47116919,20,1,
22,47116988,20,1,
22,47117087,225,236,
22,47117169,75,32,
22,47117459,245,136,
22,47117725,7,4,
22,47117780,265,72,
22,47117848,9,0,
22,47117886,191,62,
22,47117946,80,42,
22,47117966,93,76,
22,47118055,70,38,
22,47118318,5,3,
22,47118415,9,1,
22,47118507,14,4,
22,47118778,6,9,
22,47118787,7,0,
22,47118838,70,32,
22,47119141,19,0,
22,47119210,567,441,
22,47119248,4,0,
22,47119274,389,126,
22,47119530,551,105,
22,47119665,3,0,
22,47119767,25,2,18
22,47119871,167,57,
22,47120076,8,1,
22,47120079,47,45,
22,47120145,462,593,
22,47120188,219,146,
22,47120196,28,14,
22,47120201,89,23,
22,47120899,1247,691,
22,47121210,88,52,
22,47121233,37,17,
22,47121352,3,0,
22,47121539,142,15,
22,47121652,13,3,
22,47121718,10,6,
22,47121864,112,120,
22,47122337,65,88,
22,47122662,4,0,
22,47122715,1634,1267,
22,47122789,256,115,
22,47123321,64,13,
22,47123433,46,21,
22,47123590,69,61,
22,47123631,314,57,
22,47123689,462,280,
22,47123760,42,4,
22,47123801,23,12,
22,47123805,84,104,
22,47123894,176,45,
22,47124064,12,2,
22,47124103,5,8,
22,47124149,301,224,
22,47124171,361,107,24
22,47124190,29,2,
22,47124521,5,0,
22,47124877,88,113,
22,47125014,34,23,
22,47125019,83,67,
22,47125046,126,93,
22,47125263,160,95,30
22,47125286,179,262,
22,47125345,21,9,
22,47125349,362,104,
22,47125374,339,439,
22,47125383,19,6,
22,47125399,7,0,
22,47125415,21,5,
22,47125432,3,0,
22,47125484,45,26,
22,47125572,5,0,
22,47125726,44,3,
22,47125966,21,6,
22,47126001,8,1,
22,47126156,68,105,
22,47126166,6,1,
22,47126177,74,25,
22,47126205,7,0,
22,47126378,11,3,
22,47126614,146,142,
22,47126667,9,4,
22,47126982,36,16,
22,47127081,690,467,
22,47127133,71,35,
22,47127396,542,251,
22,47127532,29,23,
22,47127838,29,8,
22,47127986,202,67,
22,47128138,358,424,
22,47128170,12,2,
22,47128316,3,0,
22,47128495,17,39,
22,47128535,140,45,
22,47128604,15,1,
22,47128628,21,9,
22,47128631,84,17,
22,47128745,20,14,
22,47128799,112,78,
22,47128827,48,5,
22,47128859,10,2,
22,47128907,111,106,
22,47128960,255,102,
22,47129010,14,1,
22,47129241,8,2,
22,47129324,5,0,
22,47129361,419,345,
22,47129472,47,10,
22,47129647,225,172,
22,47129683,39,0,
22,47129696,33,6,
22,47129727,296,162,
22,47129922,30,23,
22,47130078,46,26,
22,47130208,279,265,
22,47130431,47,25,
22,47130670,19,3,
22,47130713,21,1,
22,47130725,41,3,
22,47130860,284,59,
22,47130974,11,18,
22,47131017,13,0,
22,47131035,10,0,
22,47131047,41,6,
22,47131057,6,1,
22,47131173,210,103,
22,47131224,7,0,
22,47131225,312,87,
22,47131380,17,2,
22,47131506,172,44,
22,47131689,49,12,
22,47131890,6,0,
22,47131941,8,2,
22,47132102,254,87,
22,47132260,30,10,
22,47132374,7,0,
22,47132388,420,163,
22,47132402,13,0,
22,47132614,31,16,
22,47132642,6,2,
22,47132721,60,45,
22,47132766,16,14,
22,47132842,11,4,
22,47132999,11,5,
22,47133027,10,1,
22,47133055,188,117,
22,47133069,16,5,
22,47133276,4,0,
22,47133313,444,370,
22,47133561,8,1,
22,47133585,27,5,
22,47133726,20,7,
22,47133999,4,0,
22,47134057,4,0,
22,47134319,25,12,
22,47134438,12,1,
22,47134452,52,27,
22,47134520,3,3,
22,47134779,36,14,
22,47134931,21,20,
22,47134946,54,123,
22,47135360,24,3,
22,47135607,17,11,
22,47135767,32,37,
22,47136036,391,291,
22,47136108,6,0,
22,47136179,969,289,21
22,47136272,5,0,
22,47136299,9,2,
22,47136420,11,3,
22,47136477,53,65,
22,47136537,171,188,13
22,47136604,368,143,8
22,47136611,319,147,29
22,47136658,62,61,
22,47136815,15,9,
22,47137332,10,0,
22,47137446,4,0,
22,47137493,7,0,
22,47137622,8,0,
22,47137711,160,176,
22,47137731,13,6,
22,47137921,35,3,
22,47138425,4,0,
22,47138666,24,10,
22,47138776,10,3,
22,47138860,49,9,
22,47139224,192,82,22
22,47139396,14,0,
22,47139405,7,6,
22,47139515,23,5,
22,47139519,86,81,
22,47139566,18,0,
22,47139675,486,148,2
22,47139690,105,37,
22,47139765,325,259,24
22,47139872,17,2,
22,47139902,108,34,7
22,47139979,4,0,
22,47139984,5,0,
22,47140010,3,1,
22,47140021,5,0,
22,47140042,172,68,5
22,47140127,8,0,
22,47140133,71,35,
22,47140214,4,0,
22,47140264,7,2,
22,47140322,71,33,6
22,47140502,13,0,
22,47140612,48,46,
22,47140623,168,144,
22,47140632,377,121,27
22,47140657,122,37,12
22,47140734,53,5,
22,47140773,29,18,
22,47140878,78,18,
22,47140932,201,209,
22,47141052,13,1,
22,47141068,10,1,
22,47141338,6,1,
22,47141385,43,21,9
22,47141389,8,1,
22,47141749,11,3,
22,47141797,112,21,3
22,47141806,6,2,
22,47141992,5,1,
22,47142028,7,0,
22,47142044,4,0,
22,47142073,5,0,
22,47142078,17,5,26
22,47142134,6,2,
22,47142147,4,0,
22,47142156,201,46,4
22,47142236,10,0,
22,47142245,15,0,
22,47142333,7,0,
22,47142458,33,9,28
22,47142587,88,71,
22,47142588,11,1,
22,47142653,6,0,
22,47142713,16,0,
22,47142821,13,2,
22,47142915,4,0,
22,47142975,5,1,28
22,47143113,6,1,
22,47143152,182,159,1
22,47143171,5,1,
22,47143211,111,70,2
22,47143553,7,1,
22,47143717,6,1,11
22,47143754,26,11,7
22,47143755,18,2,5
22,47143921,9,2,
22,47143931,6,1,
22,47143976,5,3,15
22,47144064,12,3,
22,47144191,4,0,
23,47075124,653,215,
23,47075245,212,125,
23,47075295,32,1,
23,47075400,104,97,
23,47075446,28,9,
23,47075455,412,559,
23,47075716,84,24,
23,47076052,23,5,
23,47076659,265,48,
23,47076789,57,23,
23,47076966,700,371,
23,47077245,118,33,
23,47077358,67,32,
23,47077383,142,183,
23,47077844,314,370,
23,47078112,343,117,
23,47078167,199,395,
23,47078324,520,575,
23,47078840,162,152,
23,47079222,516,544,
23,47079590,88,66,
23,47079718,194,76,
23,47080267,192,128,
23,47080873,57,18,
23,47081624,19,1,
23,47081657,16,1,
23,47082496,320,144,
23,47082548,126,98,
23,47082854,108,29,
23,47083086,25,20,
23,47083145,534,500,
23,47083648,217,98,
23,47083735,150,87,
23,47083882,73,15,
23,47084000,152,60,
23,47085061,33,6,
23,47085370,210,151,
23,47085387,165,57,
23,47085425,243,45,
23,47085483,748,374,
23,47085790,20,1,
23,47086181,839,455,
23,47086319,142,84,
23,47086557,131,62,
23,47086900,11,14,
23,47087719,311,89,
23,47087838,89,24,
23,47088005,49,11,
23,47088037,836,226,
23,47088076,41,31,
23,47088096,14,0,
23,47088166,265,188,
23,47088181,705,255,
23,47088307,20,6,
23,47088685,444,262,
23,47089213,1525,1288,
23,47089405,17,4,
23,47089907,203,208,
23,47089933,22,6,
23,47090705,14,0,
23,47091071,123,23,
23,47091419,2241,731,
23,47091469,141,61,
23,47091557,159,165,
23,47091606,234,240,
23,47091748,1502,838,
23,47092006,613,367,
23,47092203,315,169,
23,47092348,29,9,
23,47092578,908,434,
23,47093724,232,22,
23,47093959,43,3,
23,47093978,15,3,12
23,47094149,103,52,
23,47094192,643,187,
23,47094768,439,94,20
23,47094877,198,94,
23,47095105,189,270,
23,47095134,467,297,
23,47095266,143,36,28
23,47095344,54,3,
23,47095420,57,5,
23,47095429,257,92,
23,47095592,21,13,
23,47095597,366,261,
23,47095972,60,36,
23,47096167,338,51,
23,47096186,39,1,
23,47096253,412,923,
23,47096466,154,80,
23,47096520,229,83,
23,47097405,33,26,
23,47097904,63,67,
23,47098029,53,30,
23,47098172,69,48,
23,47098245,1472,491,
23,47098252,73,70,
23,47098296,251,148,
23,47098324,45,15,
23,47098582,293,128,
23,47098593,29,2,
23,47098669,133,31,
23,47098687,235,186,
23,47098744,122,54,
23,47098829,9,7,
23,47098839,40,82,
23,47098978,6,1,
23,47099087,38,13,
23,47099401,154,49,
23,47099485,61,4,
23,47099844,133,212,
23,47099941,4,0,
23,47099980,65,57,
23,47100190,61,6,
23,47100232,279,149,
23,47100468,44,8,
23,47100612,170,180,
23,47100714,255,87,
23,47100935,32,15,
23,47101034,41,12,14
23,47101171,263,267,
23,47101200,222,88,
23,47101890,88,28,
23,47102208,60,10,
23,47102441,21,16,
23,47102576,507,220,
23,47102763,72,45,
23,47102975,245,172,
23,47103136,172,508,
23,47103506,120,49,
23,47103581,44,3,
23,47103649,189,126,
23,47103661,425,256,
23,47103931,249,77,
23,47103945,112,42,
23,47104019,11,0,
23,47104155,11,0,
23,47104185,210,78,
23,47104223,33,18,
23,47104251,29,2,
23,47104282,17,2,
23,47104432,7,4,
23,47104613,31,6,
23,47104667,391,101,
23,47104953,24,4,
23,47105038,44,3,
23,47105086,11,5,18
23,47105198,202,68,
23,47105821,7,4,
23,47106384,5,0,
23,47106390,20,8,
23,47106547,40,1,
23,47106686,954,584,
23,47106688,7,1,
23,47106829,39,4,
23,47106937,5,1,
23,47106985,156,91,
23,47107165,54,36,
23,47107480,17,2,
23,47107540,4,1,
23,47107781,202,32,
23,47107974,3,1,
23,47108194,3,0,
23,47108543,53,14,
23,47108894,3,0,
23,47108977,108,91,
23,47108989,220,116,
23,47109247,4,1,
23,47110268,16,2,
23,47110473,244,63,
23,47110491,3,0,
23,47110515,646,266,
23,47110634,33,3,
23,47110647,37,6,
23,47110781,38,3,
23,47110877,4,0,
23,47110946,41,4,
23,47111039,12,4,
23,47111042,79,15,
23,47111164,4,1,
23,47111218,182,50,
23,47111325,22,3,
23,47111400,420,236,
23,47111420,50,10,
23,47111440,242,96,
23,47111495,20,3,
23,47111626,184,39,
23,47111638,7,0,
23,47111929,43,5,
23,47111981,135,60,
23,47112148,60,19,27
23,47112174,271,89,
23,47112228,5,0,
23,47112309,16,0,
23,47112431,45,47,
23,47112892,160,83,
23,47112925,152,49,
23,47112971,9,1,
23,47113247,27,1,
23,47113325,105,33,
23,47113401,101,22,
23,47113527,133,66,
23,47113567,208,63,
23,47113600,15,1,
23,47113618,567,385,
23,47113708,10,1,
23,47113728,1586,365,
23,47113731,168,135,
23,47113762,17,21,
23,47113769,99,127,
23,47113782,45,5,
23,47113796,311,63,
23,47113892,42,65,
23,47113936,45,43,
23,47113946,3,0,
23,47114014,51,9,
23,47114054,80,55,
23,47114165,5,0,
23,47114235,213,244,
23,47114412,69,53,
23,47114530,484,99,
23,47114579,224,188,
23,47114590,35,3,
23,47114672,61,56,
23,47114678,253,114,19
23,47114830,34,15,
23,47114881,6,3,
23,47114908,31,4,
23,47115009,99,22,
23,47115051,27,5,
23,47115149,96,44,
23,47115235,3,1,
23,47115409,14,2,
23,47115544,10,0,
23,47115574,6,0,
23,47115575,112,29,
23,47115805,797,689,
23,47116021,118,21,
23,47116026,134,26,
23,47116050,6,0,
23,47116185,61,2,
23,47116317,38,5,
23,47116461,31,2,
23,47116741,32,9,
23,47116771,13,0,
23,47116866,52,34,
23,47116919,20,1,
23,47116988,20,1,
23,47117087,225,236,
23,47117169,75,32,
23,47117459,245,136,
23,47117725,7,4,
23,47117780,266,72,
23,47117848,9,0,
23,47117886,191,62,
23,47117946,80,42,
23,47117966,93,76,
23,47118055,70,38,
23,47118318,5,3,
23,47118415,9,1,
23,47118507,14,4,
23,47118778,6,9,
23,47118838,71,32,
23,47119141,19,0,
23,47119210,568,441,
23,47119248,4,0,
23,47119274,389,126,
23,47119530,551,107,
23,47119665,3,0,
23,47119767,27,2,23
23,47119871,167,57,
23,47120076,8,1,
23,47120079,47,45,
23,47120145,465,594,
23,47120188,219,147,
23,47120196,28,14,
23,47120201,89,23,
23,47120899,1248,692,
23,47121210,88,52,
23,47121233,37,17,
23,47121352,3,0,
23,47121539,143,15,
23,47121652,13,3,
23,47121864,112,120,
23,47122337,65,88,
23,47122662,4,0,
23,47122715,1637,1272,
23,47122789,256,115,
23,47123321,64,13,
23,47123433,46,21,
23,47123590,69,61,
23,47123631,314,57,
23,47123689,463,281,
23,47123760,42,4,
23,47123801,23,12,
23,47123805,84,104,
23,47123894,176,45,
23,47124064,13,2,
23,47124103,5,8,
23,47124149,301,224,
23,47124171,371,114,27
23,47124190,29,2,
23,47124521,5,0,
23,47124877,88,113,
23,47125014,35,23,
23,47125019,83,67,
23,47125046,126,94,
23,47125263,163,95,
23,47125286,179,265,
23,47125349,362,104,
23,47125374,341,447,
23,47125383,19,6,
23,47125399,7,0,
23,47125415,21,5,
23,47125432,3,0,
23,47125484,45,26,
23,47125572,5,0,
23,47125726,44,3,
23,47125966,23,6,
23,47126001,8,1,
23,47126156,68,109,
23,47126166,6,1,
23,47126177,74,25,
23,47126205,7,0,
23,47126378,11,3,
23,47126614,147,143,
23,47126667,9,4,
23,47126982,36,16,
23,47127081,690,468,
23,47127133,71,35,
23,47127396,543,252,
23,47127532,29,23,
23,47127838,29,8,
23,47127986,203,67,
23,47128138,358,425,
23,47128170,12,2,
23,47128316,3,0,
23,47128495,17,39,
23,47128535,140,45,
23,47128604,15,1,
23,47128628,21,9,
23,47128631,84,17,
23,47128745,20,14,
23,47128799,112,78,
23,47128827,48,5,
23,47128859,10,2,
23,47128907,111,106,
23,47128960,255,102,
23,47129010,14,1,
23,47129241,8,2,
23,47129324,5,0,
23,47129361,420,346,
23,47129472,47,10,
23,47129647,225,172,
23,47129683,39,0,
23,47129696,34,6,
23,47129727,296,162,
23,47129922,30,23,
23,47130078,46,27,
23,47130208,280,265,
23,47130431,47,25,
23,47130670,19,3,
23,47130713,21,1,
23,47130725,42,3,
23,47130860,285,60,
23,47130974,11,19,
23,47131017,13,0,
23,47131035,10,0,
23,47131047,41,7,
23,47131057,6,1,
23,47131173,210,104,
23,47131224,7,0,
23,47131225,313,87,
23,47131380,17,2,
23,47131506,172,44,
23,47131689,49,12,
23,47131890,6,0,
23,47131941,8,2,
23,47132102,255,87,
23,47132260,30,10,
23,47132374,7,0,
23,47132388,421,163,
23,47132402,13,0,
23,47132614,32,16,
23,47132642,6,2,
23,47132721,60,46,
23,47132766,16,14,
23,47132842,11,4,
23,47132999,11,5,
23,47133027,10,1,
23,47133055,189,117,
23,47133276,4,0,
23,47133313,445,371,
23,47133561,8,1,
23,47133585,28,5,
23,47133726,20,7,
23,47134057,4,0,
23,47134319,25,12,
23,47134438,12,1,
23,47134452,54,28,
23,47134506,3,15,
23,47134520,3,3,
23,47134779,37,14,
23,47134931,21,20,
23,47134946,58,124,
23,47135360,25,3,
23,47135607,17,12,
23,47135767,33,38,
23,47136036,396,295,
23,47136108,6,0,
23,47136179,1104,397,24
23,47136272,5,0,
23,47136299,9,2,
23,47136420,12,3,
23,47136477,54,65,
23,47136537,173,191,15
23,47136604,377,147,8
23,47136611,325,147,
23,47136658,64,62,
23,47136815,15,9,
23,47137332,10,0,
23,47137446,4,0,
23,47137493,7,0,
23,47137622,9,0,
23,47137711,164,183,
23,47137731,13,7,
23,47137921,37,4,
23,47138213,6,0,22
23,47138425,5,0,
23,47138666,24,10,
23,47138776,10,3,
23,47138860,52,12,
23,47139224,196,86,
23,47139396,15,0,
23,47139515,27,5,
23,47139519,91,86,
23,47139566,22,0,
23,47139675,526,157,1
23,47139690,107,38,
23,47139765,346,286,28
23,47139872,18,2,
23,47139902,122,36,10
23,47139979,4,0,
23,47139984,6,0,
23,47140010,3,1,
23,47140021,5,0,
23,47140042,196,78,6
23,47140127,8,0,
23,47140133,81,37,
23,47140214,4,0,
23,47140264,7,2,
23,47140322,88,33,7
23,47140332,26,5,21
23,47140502,15,0,
23,47140612,49,48,
23,47140623,174,151,
23,47140632,396,124,16
23,47140657,132,43,17
23,47140734,60,11,
23,47140773,33,20,
23,47140878,80,21,
23,47140932,205,222,
23,47141052,13,1,
23,47141068,10,1,
23,47141338,6,1,
23,47141385,53,30,12
23,47141389,8,2,
23,47141749,13,3,
23,47141797,139,25,3
23,47141806,6,2,
23,47141992,5,1,
23,47142028,7,0,
23,47142044,7,0,
23,47142073,5,0,
23,47142078,25,14,26
23,47142134,6,2,
23,47142147,4,0,
23,47142156,284,86,4
23,47142232,5,0,
23,47142236,11,0,
23,47142245,16,0,
23,47142333,7,0,
23,47142458,36,9,
23,47142521,4,0,
23,47142587,93,76,
23,47142588,11,1,
23,47142653,7,0,
23,47142713,24,0,
23,47142821,15,2,
23,47142915,4,0,
23,47142975,6,2,
23,47143113,6,1,
23,47143152,256,266,1
23,47143162,5,0,
23,47143171,7,1,
23,47143211,124,83,10
23,47143553,8,1,
23,47143717,11,2,25
23,47143754,86,37,2
23,47143755,49,9,3
23,47143921,20,3,
23,47143931,18,2,
23,47143976,8,8,14
23,47144064,31,14,28
23,47144191,6,3,
23,47144325,15,7,9
23,47144582,7,3,
23,47145088,9,1,23
