hour,id,score,comments,best_rank
0,45526845,242,30,
0,45528813,115,46,
0,45529120,144,73,
0,45529255,181,91,
0,45529534,146,25,
0,45529587,1202,438,
0,45532971,48,7,
0,45535622,48,6,
0,45537698,22,4,
0,45539079,223,32,
0,45539262,251,176,
0,45540398,114,47,
0,45542245,60,22,
0,45542536,135,19,
0,45543546,64,5,
0,45544330,24,6,
0,45545017,110,56,
0,45545220,161,71,
0,45545753,46,6,
0,45545980,26,36,
0,45546250,71,9,
0,45546575,129,28,
0,45546862,31,2,
0,45547346,44,10,
0,45547566,840,185,
0,45547891,66,3,
0,45548125,10,1,19
0,45550908,18,0,
0,45550969,93,81,
0,45552358,98,42,
0,45553422,235,43,
0,45555709,155,110,
0,45555960,40,56,
0,45556104,95,93,
0,45556374,32,20,
0,45556413,28,1,
0,45556536,86,49,
0,45556772,61,16,
0,45556827,37,11,
0,45556911,147,18,
0,45557032,168,127,
0,45557157,30,6,
0,45557272,34,11,
0,45557591,111,23,
0,45557596,127,86,
0,45557599,375,158,
0,45557982,72,101,
0,45558820,45,2,
0,45558913,57,24,
0,45559040,127,36,
0,45559145,51,15,
0,45559573,87,39,
0,45559857,640,169,
0,45560738,94,24,
0,45560864,63,8,
0,45561382,56,16,
0,45562849,52,24,
0,45563021,54,11,
0,45563576,346,170,
0,45563589,57,16,
0,45564619,186,266,
0,45564696,101,47,
0,45564821,41,11,14
0,45565977,85,23,
0,45566441,146,30,
0,45566638,222,302,
0,45566644,726,635,
0,45566766,134,111,
0,45567050,113,35,
0,45567153,132,203,
0,45567382,12,8,
0,45567443,24,1,
0,45567746,91,51,
0,45567877,722,499,
0,45568700,466,321,
0,45568708,129,26,
0,45568915,487,726,
0,45569350,1518,308,
0,45569371,799,547,
0,45569692,42,15,
0,45569787,39,17,
0,45570517,96,40,
0,45570758,68,8,
0,45571423,306,67,
0,45572478,138,108,
0,45573626,89,9,
0,45574106,83,14,
0,45575127,115,93,
0,45575165,94,121,
0,45575391,542,138,
0,45575934,13,7,
0,45576536,199,61,
0,45577086,161,30,
0,45577181,214,227,
0,45577266,62,17,
0,45578016,69,18,25
0,45578080,84,31,
0,45578115,64,16,
0,45578540,178,86,
0,45578721,13,0,
0,45580347,112,103,
0,45580771,59,25,
0,45580981,408,388,
0,45581288,145,98,
0,45581602,192,144,
0,45581988,82,11,
0,45582370,35,13,
0,45582462,276,137,
0,45582958,265,139,
0,45583019,22,5,13
0,45583116,39,16,
0,45583180,536,451,
0,45583243,209,128,
0,45583336,708,474,
0,45583574,75,80,
0,45583767,26,11,
0,45583786,398,106,
0,45583787,223,160,
0,45583999,224,136,
0,45584464,356,391,
0,45584498,481,160,
0,45584680,166,77,
0,45586339,1582,629,
0,45586776,189,109,
0,45587546,101,76,
0,45588116,15,6,
0,45588594,310,72,
0,45588689,205,130,
0,45588959,170,60,
0,45589156,239,85,
0,45589327,123,116,
0,45589715,277,243,
0,45589785,49,28,
0,45590681,414,304,
0,45590743,78,79,
0,45590756,479,258,
0,45590900,489,495,
0,45590935,122,5,
0,45590949,380,101,
0,45591222,137,112,
0,45591288,73,20,
0,45591799,1260,1389,
0,45591902,370,563,
0,45592271,211,101,
0,45592401,291,68,
0,45593213,97,20,
0,45593358,281,224,
0,45594403,19,0,
0,45594920,546,365,
0,45595403,727,287,
0,45596059,134,35,
0,45597006,224,59,
0,45598590,231,105,
0,45599084,118,18,
0,45599567,339,79,
0,45599727,253,10,
0,45600132,51,16,
0,45600470,145,25,
0,45601177,94,43,
0,45601750,906,468,
0,45601834,220,70,
0,45601982,341,233,
0,45602197,77,6,
0,45602428,384,142,
0,45602676,343,319,
0,45603876,158,128,
0,45604451,120,58,
0,45604673,363,154,
0,45604700,79,49,
0,45604779,220,143,
0,45605153,136,63,
0,45605501,306,682,
0,45605556,23,4,4
0,45606070,64,33,
0,45606698,268,69,
0,45606853,96,70,9
0,45606986,186,41,
0,45607117,811,425,
0,45607758,420,268,
0,45607822,97,31,
0,45608456,241,101,
0,45609251,65,17,
0,45609922,145,110,
0,45609986,405,72,
0,45610226,1751,508,
0,45610266,140,62,
0,45610523,256,89,
0,45610996,128,32,
0,45611252,282,80,
0,45611735,191,135,
0,45611746,42,6,
0,45611851,99,67,
0,45612223,47,3,
0,45612987,110,26,
0,45613047,665,239,
0,45613567,282,181,
0,45613667,60,19,
0,45613898,425,212,
0,45614148,461,770,
0,45614547,39,37,
0,45614713,576,500,
0,45614922,1133,623,
0,45615237,428,953,
0,45615449,68,16,
0,45615863,665,377,
0,45615931,564,108,
0,45617948,296,43,
0,45618536,46,17,
0,45618790,808,195,
0,45619108,191,54,
0,45619329,1202,1100,
0,45619537,729,366,
0,45620394,256,132,
0,45620653,150,79,
0,45621020,70,50,18
0,45621074,489,253,
0,45621557,146,22,
0,45621571,84,8,
0,45621972,88,11,
0,45622365,534,145,
0,45622475,8,1,
0,45622604,135,27,
0,45622944,207,116,
0,45623509,120,74,
0,45623630,115,29,
0,45623917,147,21,
0,45624186,59,3,
0,45624888,204,77,
0,45625229,292,85,
0,45625251,186,110,
0,45625848,86,15,
0,45626010,23,6,
0,45626037,155,33,
0,45626130,398,116,
0,45626349,259,76,
0,45626910,608,579,
0,45626961,97,40,
0,45626985,291,212,
0,45627048,47,2,
0,45627324,471,112,
0,45627394,399,83,
0,45627692,279,35,
0,45627771,11,1,
0,45627889,67,11,
0,45628190,194,127,
0,45628283,109,4,
0,45628315,84,68,
0,45628348,193,37,
0,45628391,389,248,
0,45629299,110,76,
0,45629522,16,3,
0,45629643,78,11,
0,45629970,251,115,
0,45631244,11,1,
0,45631328,55,7,
0,45631503,165,94,
0,45631613,15,3,
0,45631678,144,60,
0,45632180,29,20,
0,45632429,595,103,
0,45632630,8,0,
0,45632633,21,20,
0,45632738,58,14,
0,45632836,14,1,
0,45632873,9,1,
0,45632943,57,49,
0,45632976,113,13,
0,45633081,165,81,
0,45633386,63,12,30
0,45633453,211,59,
0,45633482,425,234,
0,45633513,41,28,
0,45633591,112,16,
0,45633642,99,17,
0,45633711,104,85,
0,45633753,8,0,
0,45633815,96,22,
0,45633921,50,8,
0,45633954,10,0,
0,45633958,109,69,
0,45634026,157,159,
0,45634055,11,2,
0,45634095,989,668,
0,45634167,9,0,
0,45634310,84,11,
0,45634333,50,16,
0,45634367,362,156,
0,45634528,65,25,
0,45634638,44,18,
0,45634641,151,108,
0,45634678,118,91,
0,45634797,123,143,
0,45635069,176,42,
0,45635271,27,7,
0,45635360,25,1,
0,45635463,22,1,
0,45635530,25,3,
0,45635533,666,196,
0,45635669,14,15,
0,45635734,47,72,
0,45635870,91,54,
0,45635940,187,162,
0,45636021,6,0,
0,45636116,117,108,
0,45636123,9,5,
0,45636259,7,4,
0,45636285,400,223,
0,45636365,219,81,
0,45637049,215,72,
0,45637111,6,1,
0,45637129,7,2,
0,45637133,162,69,
0,45637548,27,15,
0,45637744,422,227,
0,45637880,232,101,
0,45638058,14,5,
0,45638096,122,163,
0,45638453,10,0,
0,45638476,9,0,
0,45638514,82,28,
0,45638588,190,83,
0,45638702,62,26,
0,45638739,20,1,
0,45638749,9,0,
0,45638966,62,20,
0,45638986,59,60,
0,45639157,71,10,
0,45639250,323,167,
0,45639391,49,29,
0,45639498,234,115,
0,45639654,161,62,
0,45639860,192,25,
0,45639995,582,52,
0,45640226,1726,394,
0,45640594,964,234,
0,45640678,145,73,
0,45640838,2218,2008,
0,45640877,343,133,
0,45641864,5,0,
0,45642051,59,5,
0,45642528,40,7,
0,45642562,123,61,
0,45642668,27,22,
0,45642874,22,5,
0,45642911,175,43,
0,45642923,132,110,
0,45642979,68,48,
0,45643040,174,204,
0,45643163,510,299,
0,45643201,22,16,
0,45643352,17,12,
0,45643357,556,188,
0,45643488,15,2,
0,45643553,62,10,
0,45643776,115,47,
0,45643976,65,43,
0,45644072,18,0,
0,45644328,441,108,
0,45644654,141,84,
0,45644921,31,18,
0,45645120,137,41,
0,45645172,511,277,
0,45645349,523,109,
0,45645366,18,15,
0,45645510,107,135,
0,45645614,23,9,
0,45645692,12,1,
0,45646414,114,177,24
0,45646559,115,17,14
0,45646561,411,134,
0,45646572,304,217,
0,45646649,256,204,
0,45646691,129,28,
0,45646958,164,24,
0,45647003,5,0,
0,45647097,22,0,
0,45647133,169,150,
0,45647166,564,377,
0,45647853,72,58,
0,45647856,6,0,
0,45648249,162,90,
0,45648258,250,157,
0,45648266,205,235,
0,45648306,14,23,
0,45648743,19,1,
0,45648892,47,5,
0,45649178,963,589,
0,45649507,12,1,
0,45649510,67,26,29
0,45649630,12,5,
0,45649734,6,1,
0,45649951,8,0,
0,45649970,7,0,
0,45650015,24,9,
0,45650617,74,59,
0,45650792,74,15,
0,45650891,20,1,
0,45651328,54,21,
0,45651364,36,16,
0,45651485,249,248,12
0,45651516,65,71,
0,45651570,15,4,
0,45651856,10,0,
0,45652000,39,30,
0,45652107,24,1,
0,45652120,12,0,
0,45652254,8,4,
0,45652282,15,3,
0,45652307,258,255,26
0,45652567,18,0,
0,45652639,32,3,
0,45652859,137,52,
0,45652955,9,1,
0,45653143,161,13,
0,45653317,11,2,
0,45653330,109,23,
0,45653350,66,81,
0,45653393,58,99,
0,45653699,7,5,
0,45653818,29,16,
0,45653841,5,0,
0,45653934,7,0,
0,45653981,25,16,
0,45654087,55,42,
0,45654102,29,7,
0,45654512,162,56,23
0,45654540,15,1,
0,45654660,192,40,
0,45654955,20,2,
0,45655161,327,97,6
0,45655177,15,0,
0,45655188,202,625,10
0,45655190,123,26,24
0,45655206,20,17,
0,45655263,102,41,28
0,45655393,20,1,
0,45655413,57,69,
0,45655485,11,10,
0,45655519,13,0,
0,45656044,207,103,
0,45656116,19,11,
0,45656223,272,154,5
0,45656247,54,32,
0,45656733,5,0,
0,45656734,23,1,
0,45656788,13,1,
0,45656836,9,2,
0,45656843,6,0,
0,45656910,8,5,
0,45656916,193,224,
0,45656952,83,36,22
0,45656995,6,5,
0,45657118,7,6,
0,45657190,8,1,
0,45657260,39,4,
0,45657287,311,203,15
0,45657302,237,120,
0,45657345,167,49,8
0,45657376,8,1,
0,45657428,144,170,
0,45657431,188,232,
0,45657499,7,2,
0,45657531,17,0,
0,45657595,33,3,
0,45657625,29,1,
0,45657706,19,10,
0,45657747,28,5,
0,45657827,350,61,2
0,45657922,94,66,
0,45658019,192,188,
0,45658056,206,217,
0,45658228,5,0,
0,45658268,31,11,
0,45658323,15,1,
0,45658479,527,511,1
0,45658687,52,4,
0,45658722,6,1,
0,45658928,30,2,
0,45659249,4,1,
0,45659812,150,74,
0,45659883,5,0,
0,45660404,29,21,
0,45660412,4,0,
0,45660422,5,0,
0,45660459,7,0,
0,45660489,11,1,
0,45660634,35,4,
0,45660753,9,1,
0,45661046,3,0,
0,45661084,175,73,7
0,45661112,10,2,
0,45661212,9,6,
0,45661253,345,268,2
0,45661272,6,3,
0,45661306,6,0,
0,45661399,13,1,
0,45661477,4,0,
0,45661479,5,0,
0,45661545,9,5,
0,45661547,31,10,17
0,45661638,77,16,1
0,45661698,57,24,17
0,45661823,5,0,
0,45661840,6,1,
0,45661865,10,0,
0,45662006,6,0,
0,45662026,5,0,
0,45662053,134,52,
0,45662136,6,1,
0,45662541,14,1,
0,45662831,22,4,3
0,45663052,4,0,
0,45663162,4,1,
0,45663398,4,0,
1,45526845,242,30,
1,45528813,115,46,
1,45529120,145,74,
1,45529255,181,91,
1,45529534,146,25,
1,45529587,1202,438,
1,45532971,48,7,
1,45535622,48,6,
1,45539079,223,32,
1,45539262,251,176,
1,45540398,114,47,
1,45542245,60,22,
1,45542536,135,19,
1,45543546,64,5,
1,45544330,24,6,
1,45545017,110,56,
1,45545220,161,71,
1,45545753,46,6,
1,45545980,26,36,
1,45546250,71,9,
1,45546575,129,28,
1,45547346,44,10,
1,45547566,840,185,
1,45547891,66,3,
1,45548125,16,1,15
1,45550908,18,0,
1,45550969,93,81,
1,45552358,98,42,
1,45553422,235,43,
1,45555709,155,110,
1,45555960,40,56,
1,45556104,95,93,
1,45556374,32,20,
1,45556413,28,1,
1,45556536,86,49,
1,45556772,62,16,
1,45556827,37,11,
1,45556911,147,18,
1,45557032,168,127,
1,45557157,30,6,
1,45557272,34,11,
1,45557591,111,23,
1,45557596,127,86,
1,45557599,376,158,
1,45557982,72,101,
1,45558820,45,2,
1,45558913,57,24,
1,45559040,127,36,
1,45559145,51,15,
1,45559573,87,39,
1,45559857,640,169,
1,45560738,94,24,
1,45560864,63,8,
1,45561382,56,16,
1,45562849,52,24,
1,45563021,54,11,
1,45563576,346,170,
1,45563589,57,16,
1,45564619,186,266,
1,45564696,101,47,
1,45564821,44,14,18
1,45565977,85,23,
1,45566441,146,30,
1,45566638,222,302,
1,45566644,726,635,
1,45566766,134,111,
1,45567050,113,35,
1,45567382,12,8,
1,45567443,27,1,19
1,45567746,91,51,
1,45567877,722,499,
1,45568700,466,321,
1,45568708,129,26,
1,45568915,487,726,
1,45569350,1518,308,
1,45569692,42,15,
1,45569787,39,17,
1,45570517,96,40,
1,45570758,68,8,
1,45571423,306,67,
1,45572478,138,108,
1,45573626,89,9,
1,45574106,83,14,
1,45575127,115,93,
1,45575165,95,121,
1,45575391,542,138,
1,45575934,13,7,
1,45576536,199,61,
1,45577086,161,31,
1,45577181,214,227,
1,45577266,62,17,
1,45578016,72,18,
1,45578080,84,31,
1,45578115,64,16,
1,45578540,178,86,
1,45578721,13,0,
1,45580347,112,103,
1,45580771,59,25,
1,45580981,408,388,
1,45581288,145,98,
1,45581602,192,144,
1,45581988,82,11,
1,45582370,35,13,
1,45582462,276,137,
1,45582958,265,139,
1,45583019,25,6,23
1,45583116,39,16,
1,45583180,536,451,
1,45583243,209,128,
1,45583336,708,474,
1,45583574,75,80,
1,45583767,26,11,
1,45583786,398,106,
1,45583787,223,160,
1,45583999,224,136,
1,45584464,356,391,
1,45584498,481,160,
1,45584680,169,77,
1,45586339,1582,629,
1,45586776,189,109,
1,45587546,101,76,
1,45588116,15,6,
1,45588594,310,72,
1,45588689,205,130,
1,45588959,170,60,
1,45589156,239,85,
1,45589327,123,116,
1,45589715,277,244,
1,45589785,49,28,
1,45590681,414,304,
1,45590743,79,79,
1,45590756,479,258,
1,45590935,122,5,
1,45590949,380,101,
1,45591222,137,112,
1,45591288,73,20,
1,45591799,1260,1389,
1,45591902,370,563,
1,45592271,211,101,
1,45593213,97,20,
1,45593358,281,224,
1,45594403,19,0,
1,45594920,546,365,
1,45595403,727,287,
1,45596059,134,35,
1,45597006,224,59,
1,45598590,231,105,
1,45599084,118,18,
1,45599567,339,79,
1,45599727,253,10,
1,45600132,51,16,
1,45600470,145,25,
1,45601177,94,43,
1,45601750,906,468,
1,45601834,220,70,
1,45601982,341,233,
1,45602197,77,6,
1,45602428,384,142,
1,45602676,343,319,
1,45603876,158,128,
1,45604451,120,58,
1,45604673,363,154,
1,45604700,79,49,
1,45604779,220,143,
1,45605153,136,63,
1,45605501,306,682,
1,45605556,40,22,4
1,45606070,64,33,
1,45606698,268,69,
1,45606853,104,72,12
1,45606986,186,41,
1,45607117,811,425,
1,45607758,420,268,
1,45607822,97,31,
1,45608456,241,101,
1,45609251,65,17,
1,45609922,145,110,
1,45609986,405,72,
1,45610226,1751,508,
1,45610266,140,62,
1,45610523,256,89,
1,45610996,128,32,
1,45611252,282,80,
1,45611735,191,135,
1,45611746,42,6,
1,45611851,99,67,
1,45612223,47,3,
1,45612987,110,26,
1,45613047,665,239,
1,45613567,282,181,
1,45613667,60,19,
1,45613898,425,212,
1,45614148,461,770,
1,45614547,39,37,
1,45614713,576,500,
1,45614922,1133,623,
1,45615237,428,953,
1,45615449,68,16,
1,45615863,665,377,
1,45615931,564,108,
1,45617948,297,43,
1,45618536,46,17,
1,45618790,808,195,
1,45619108,191,54,
1,45619329,1202,1100,
1,45619537,729,366,
1,45620394,256,132,
1,45620653,150,79,
1,45621020,74,52,17
1,45621074,489,253,
1,45621557,147,22,
1,45621571,84,9,
1,45621972,88,11,
1,45622365,534,145,
1,45622475,8,1,
1,45622604,135,27,
1,45622944,207,116,
1,45623509,120,74,
1,45623917,147,21,
1,45624186,59,3,
1,45624888,204,77,
1,45625229,292,86,
1,45625251,186,110,
1,45625848,86,15,
1,45626010,23,6,
1,45626037,155,33,
1,45626130,398,116,
1,45626349,259,76,
1,45626910,608,579,
1,45626961,97,40,
1,45626985,291,212,
1,45627048,47,2,
1,45627324,471,112,
1,45627394,399,83,
1,45627692,279,35,
1,45627889,67,11,
1,45628190,194,127,
1,45628283,109,4,
1,45628315,84,68,
1,45628348,193,37,
1,45628391,389,248,
1,45629299,110,76,
1,45629522,16,3,
1,45629643,78,11,
1,45629970,251,115,
1,45631244,11,1,
1,45631328,55,7,
1,45631503,165,94,
1,45631613,15,3,
1,45631678,144,60,
1,45632180,29,20,
1,45632429,598,104,
1,45632630,8,0,
1,45632633,21,20,
1,45632738,58,14,
1,45632836,14,1,
1,45632873,9,1,
1,45632943,57,49,
1,45632976,113,13,
1,45633081,165,81,
1,45633386,64,12,
1,45633453,211,59,
1,45633482,425,234,
1,45633513,42,28,
1,45633591,112,16,
1,45633642,99,17,
1,45633711,104,85,
1,45633753,8,0,
1,45633815,97,22,
1,45633921,50,8,
1,45633954,10,0,
1,45633958,109,69,
1,45634026,157,159,
1,45634055,11,2,
1,45634095,989,668,
1,45634167,9,0,
1,45634310,84,11,
1,45634333,50,16,
1,45634367,362,157,
1,45634528,65,25,
1,45634638,45,18,
1,45634641,151,108,
1,45634678,118,91,
1,45634797,123,143,
1,45635069,177,42,
1,45635271,27,7,
1,45635530,25,3,
1,45635533,666,196,
1,45635669,14,15,
1,45635734,47,72,
1,45635870,91,54,
1,45635940,187,162,
1,45636021,6,0,
1,45636116,117,108,
1,45636123,9,5,
1,45636259,7,4,
1,45636285,400,223,
1,45636365,219,81,
1,45637111,6,1,
1,45637129,7,2,
1,45637133,163,69,
1,45637548,27,15,
1,45637744,422,227,
1,45637880,232,101,
1,45638058,14,5,
1,45638096,122,163,
1,45638453,10,0,
1,45638476,9,0,
1,45638514,82,28,
1,45638588,190,83,
1,45638702,62,26,
1,45638739,20,1,
1,45638749,9,0,
1,45638966,62,20,
1,45638986,59,60,
1,45639157,71,10,
1,45639250,323,167,
1,45639391,49,31,
1,45639498,234,115,
1,45639654,161,63,
1,45639860,192,25,
1,45639995,582,52,
1,45640226,1728,395,
1,45640594,965,234,
1,45640678,145,73,
1,45640838,2218,2009,
1,45640877,343,133,
1,45641864,5,0,
1,45642051,59,5,
1,45642528,40,7,
1,45642562,123,61,
1,45642668,27,22,
1,45642874,22,5,
1,45642911,176,43,
1,45642923,132,110,
1,45642979,68,48,
1,45643040,174,204,
1,45643163,511,300,
1,45643201,22,16,
1,45643352,17,12,
1,45643357,557,188,
1,45643488,15,2,
1,45643553,62,10,
1,45643776,115,47,
1,45643976,65,43,
1,45644072,18,0,
1,45644328,441,108,
1,45644654,141,84,
1,45644921,32,18,
1,45645120,137,42,
1,45645172,512,279,
1,45645349,523,109,
1,45645366,18,15,
1,45645510,107,136,
1,45645614,23,9,
1,45645692,12,1,
1,45646414,118,187,21
1,45646559,121,18,14
1,45646561,412,134,
1,45646572,305,218,
1,45646649,256,204,
1,45646691,129,28,
1,45646958,164,24,
1,45647003,5,0,
1,45647097,22,0,
1,45647133,169,150,
1,45647166,564,377,
1,45647853,72,58,
1,45648249,163,90,
1,45648258,251,155,
1,45648266,206,235,
1,45648306,14,25,
1,45648743,20,1,
1,45648892,47,5,
1,45649178,965,591,
1,45649507,12,1,
1,45649510,78,32,26
1,45649734,6,1,
1,45649970,7,0,
1,45650015,24,9,
1,45650617,74,59,
1,45650792,74,15,
1,45650891,20,1,
1,45651328,54,21,
1,45651364,36,16,
1,45651485,269,270,11
1,45651516,65,72,
1,45651570,15,4,
1,45652000,39,30,
1,45652107,24,1,
1,45652120,12,0,
1,45652254,8,4,
1,45652282,16,3,
1,45652307,274,259,20
1,45652567,18,0,
1,45652621,6,0,
1,45652639,32,3,
1,45652859,139,52,
1,45652955,9,1,
1,45653143,161,13,
1,45653317,11,2,
1,45653330,109,23,
1,45653350,66,81,
1,45653393,58,99,
1,45653543,4,0,
1,45653699,7,5,
1,45653818,29,16,
1,45653841,5,0,
1,45653934,7,0,
1,45653981,25,16,
1,45654087,55,42,
1,45654102,29,7,
1,45654512,167,56,25
1,45654540,15,1,
1,45654660,194,42,
1,45654955,21,2,
1,45655161,329,99,7
1,45655177,15,0,
1,45655188,215,663,10
1,45655190,124,26,29
1,45655206,20,21,
1,45655263,103,41,
1,45655393,20,2,
1,45655413,57,69,
1,45655485,11,11,
1,45655519,13,0,
1,45656044,208,103,
1,45656116,19,11,
1,45656223,279,162,6
1,45656247,55,32,
1,45656733,7,0,
1,45656734,23,1,
1,45656788,13,1,
1,45656836,9,2,
1,45656910,8,5,
1,45656916,194,224,
1,45656952,86,36,23
1,45656995,6,5,
1,45657118,7,6,
1,45657190,8,1,
1,45657260,40,5,
1,45657287,322,214,17
1,45657302,243,122,
1,45657345,182,52,8
1,45657376,8,1,
1,45657428,149,171,
1,45657431,189,233,
1,45657499,7,2,
1,45657531,17,0,
1,45657595,33,3,
1,45657625,31,1,
1,45657706,19,10,
1,45657747,28,5,
1,45657827,369,63,14
1,45657922,95,67,
1,45658019,196,190,
1,45658056,209,222,
1,45658228,5,0,
1,45658268,32,13,
1,45658323,15,1,
1,45658479,558,532,9
1,45658687,53,4,
1,45658722,7,1,
1,45658928,31,2,
1,45659249,4,1,
1,45659481,4,0,
1,45659812,151,76,
1,45659883,6,0,
1,45660404,31,22,
1,45660412,5,0,
1,45660422,6,0,
1,45660459,8,0,
1,45660634,38,4,
1,45660753,13,1,
1,45661046,7,0,
1,45661084,180,75,11
1,45661112,11,2,
1,45661212,11,6,
1,45661253,377,296,3
1,45661272,6,3,
1,45661306,9,0,
1,45661399,14,1,
1,45661477,6,0,
1,45661479,10,0,
1,45661545,9,5,
1,45661547,35,12,21
1,45661638,102,20,1
1,45661698,70,30,28
1,45661823,5,0,
1,45661840,7,1,
1,45661865,12,0,
1,45661900,5,0,
1,45662006,8,1,
1,45662021,5,0,
1,45662026,6,0,
1,45662053,143,56,
1,45662136,9,1,
1,45662423,4,1,
1,45662431,6,0,
1,45662541,16,3,
1,45662668,9,0,29
1,45662831,78,30,1
1,45663052,5,0,
1,45663162,5,1,
1,45663219,6,0,
1,45663398,9,1,
1,45663435,39,12,2
1,45663644,15,2,
1,45663676,6,1,
1,45663679,12,0,
1,45663681,5,0,
2,45526845,242,30,
2,45528813,115,46,
2,45529120,145,74,
2,45529255,181,91,
2,45529534,146,25,
2,45529587,1202,438,
2,45532971,48,7,
2,45535622,48,6,
2,45539079,223,32,
2,45539262,251,176,
2,45540398,114,47,
2,45542245,60,22,
2,45542536,135,19,
2,45543546,64,5,
2,45544330,24,6,
2,45545017,110,56,
2,45545220,161,71,
2,45545753,46,6,
2,45545980,26,36,
2,45546250,71,9,
2,45546575,129,28,
2,45547346,44,10,
2,45547566,840,185,
2,45547891,66,3,
2,45548125,18,1,21
2,45550908,18,0,
2,45550969,93,81,
2,45552358,98,42,
2,45553422,235,43,
2,45555709,155,110,
2,45555960,40,56,
2,45556104,95,93,
2,45556374,32,20,
2,45556413,30,1,
2,45556536,86,49,
2,45556772,63,16,
2,45556827,37,11,
2,45556911,147,18,
2,45557032,168,127,
2,45557157,30,6,
2,45557272,34,11,
2,45557591,111,23,
2,45557596,127,86,
2,45557599,379,158,
2,45557982,72,101,
2,45558820,45,2,
2,45558913,57,24,
2,45559040,127,36,
2,45559145,51,15,
2,45559573,87,39,
2,45559857,640,169,
2,45560738,94,24,
2,45560864,63,8,
2,45561382,56,16,
2,45562849,52,24,
2,45563021,54,11,
2,45563576,346,170,
2,45563589,57,16,
2,45564619,186,268,
2,45564696,101,47,
2,45564821,52,19,18
2,45565977,85,23,
2,45566441,146,30,
2,45566638,222,302,
2,45566644,726,635,
2,45566766,134,111,
2,45567050,113,35,
2,45567382,12,8,
2,45567443,30,1,27
2,45567746,91,51,
2,45567877,722,499,
2,45568700,466,321,
2,45568708,129,26,
2,45568915,487,726,
2,45569350,1518,308,
2,45569692,42,15,
2,45569787,39,17,
2,45570517,96,40,
2,45570758,68,8,
2,45571423,307,67,
2,45572478,138,108,
2,45573626,89,9,
2,45574106,83,14,
2,45575127,115,93,
2,45575165,98,122,
2,45575391,542,138,
2,45575934,13,7,
2,45576536,199,61,
2,45577086,161,31,
2,45577181,214,227,
2,45577266,62,17,
2,45578016,73,18,
2,45578080,86,31,
2,45578115,64,16,
2,45578540,178,86,
2,45578721,13,0,
2,45580347,112,103,
2,45580771,59,25,
2,45580981,408,388,
2,45581288,145,98,
2,45581602,192,144,
2,45581988,82,11,
2,45582370,35,13,
2,45582415,3,0,
2,45582462,276,137,
2,45582958,266,139,
2,45583019,26,7,
2,45583116,39,16,
2,45583180,536,451,
2,45583243,209,128,
2,45583336,708,474,
2,45583574,75,80,
2,45583767,26,11,
2,45583786,398,106,
2,45583787,223,160,
2,45583999,224,136,
2,45584464,356,391,
2,45584680,171,77,
2,45586339,1582,629,
2,45586776,189,109,
2,45587546,102,76,
2,45588116,16,6,
2,45588689,205,130,
2,45588959,170,60,
2,45589156,240,85,
2,45589327,123,116,
2,45589715,278,244,
2,45590681,414,304,
2,45590743,80,80,
2,45590756,479,258,
2,45590935,122,5,
2,45590949,380,101,
2,45591222,137,112,
2,45591288,73,20,
2,45591799,1260,1389,
2,45591902,370,563,
2,45592271,211,101,
2,45593213,97,20,
2,45593358,281,224,
2,45594403,19,0,
2,45594920,546,365,
2,45595403,727,287,
2,45596059,134,35,
2,45597006,224,59,
2,45598590,231,105,
2,45599084,118,18,
2,45599567,339,79,
2,45599727,253,10,
2,45600132,51,16,
2,45600470,145,25,
2,45601177,94,43,
2,45601750,907,468,
2,45601834,220,70,
2,45601982,341,233,
2,45602197,77,6,
2,45602428,384,142,
2,45602676,343,319,
2,45603876,158,128,
2,45604451,120,58,
2,45604673,363,154,
2,45604700,79,49,
2,45604779,220,143,
2,45605153,136,63,
2,45605501,306,682,
2,45605556,70,45,1
2,45606070,64,33,
2,45606698,268,69,
2,45606853,106,73,11
2,45606986,186,41,
2,45607117,811,425,
2,45607758,420,268,
2,45607822,97,31,
2,45608456,242,101,
2,45609251,65,17,
2,45609922,145,110,
2,45609986,405,72,
2,45610226,1751,508,
2,45610266,140,62,
2,45610523,256,89,
2,45610996,128,32,
2,45611252,282,80,
2,45611735,191,135,
2,45611746,42,6,
2,45611851,99,67,
2,45612223,47,3,
2,45612987,110,26,
2,45613047,665,239,
2,45613567,282,181,
2,45613667,60,19,
2,45613898,425,212,
2,45614148,462,770,
2,45614547,39,37,
2,45614713,576,500,
2,45614922,1133,623,
2,45615237,428,953,
2,45615449,68,16,
2,45615863,665,377,
2,45615931,564,108,
2,45617948,297,43,
2,45618536,46,17,
2,45618790,808,195,
2,45619108,191,54,
2,45619329,1203,1100,
2,45619537,729,366,
2,45620394,257,132,
2,45620653,150,79,
2,45621020,80,53,28
2,45621074,489,253,
2,45621557,148,22,
2,45621571,85,9,
2,45621972,88,11,
2,45622365,534,145,
2,45622475,8,1,
2,45622604,135,27,
2,45622944,207,116,
2,45623509,120,74,
2,45623917,147,21,
2,45624186,59,3,
2,45624888,204,77,
2,45625229,292,86,
2,45625251,186,110,
2,45625848,86,15,
2,45626010,23,6,
2,45626037,155,33,
2,45626130,398,116,
2,45626349,259,76,
2,45626910,609,579,
2,45626961,97,40,
2,45626985,291,212,
2,45627048,47,2,
2,45627324,471,112,
2,45627394,399,83,
2,45627692,279,35,
2,45627889,67,11,
2,45628190,194,127,
2,45628283,109,4,
2,45628315,84,68,
2,45628348,193,37,
2,45628391,389,248,
2,45629299,110,76,
2,45629522,16,3,
2,45629643,78,11,
2,45629970,251,115,
2,45631244,11,1,
2,45631328,55,7,
2,45631503,165,94,
2,45631613,15,3,
2,45631678,144,60,
2,45632429,600,107,
2,45632630,8,0,
2,45632633,21,20,
2,45632738,58,14,
2,45632836,14,1,
2,45632873,9,1,
2,45632943,57,49,
2,45632976,113,13,
2,45633081,165,81,
2,45633386,64,13,
2,45633453,211,59,
2,45633482,425,234,
2,45633513,42,28,
2,45633591,112,16,
2,45633642,99,17,
2,45633711,104,85,
2,45633753,8,0,
2,45633815,97,22,
2,45633921,51,8,
2,45633954,10,0,
2,45633958,109,69,
2,45634026,157,159,
2,45634055,11,2,
2,45634095,990,668,
2,45634310,84,11,
2,45634333,50,16,
2,45634367,362,157,
2,45634528,65,25,
2,45634638,45,18,
2,45634641,151,108,
2,45634678,118,91,
2,45634797,123,143,
2,45635069,177,42,
2,45635271,27,7,
2,45635530,25,3,
2,45635533,668,197,
2,45635669,14,15,
2,45635734,47,72,
2,45635870,91,54,
2,45635940,187,162,
2,45636021,6,0,
2,45636116,117,108,
2,45636123,9,5,
2,45636259,7,4,
2,45636285,400,223,
2,45636365,219,81,
2,45637111,6,1,
2,45637129,7,2,
2,45637133,163,69,
2,45637548,27,15,
2,45637744,422,227,
2,45637880,232,101,
2,45638058,14,5,
2,45638096,122,163,
2,45638453,10,0,
2,45638476,9,0,
2,45638514,82,28,
2,45638588,190,83,
2,45638702,62,26,
2,45638739,20,1,
2,45638749,9,0,
2,45638966,62,20,
2,45638986,59,60,
2,45639157,71,10,
2,45639250,323,167,
2,45639391,49,31,
2,45639498,234,115,
2,45639654,161,63,
2,45639860,193,25,
2,45639995,582,52,
2,45640226,1730,395,
2,45640594,966,234,
2,45640678,145,73,
2,45640838,2221,2011,
2,45640877,344,133,
2,45641864,5,0,
2,45642051,59,5,
2,45642528,40,7,
2,45642562,123,61,
2,45642668,27,22,
2,45642874,23,5,
2,45642911,176,43,
2,45642923,132,110,
2,45642979,68,48,
2,45643163,511,302,
2,45643201,22,16,
2,45643352,17,12,
2,45643357,557,188,
2,45643553,62,10,
2,45643776,115,47,
2,45643976,65,43,
2,45644072,18,0,
2,45644328,442,109,
2,45644654,141,84,
2,45644921,32,18,
2,45645120,137,42,
2,45645172,513,279,
2,45645349,523,109,
2,45645366,18,16,
2,45645510,107,137,
2,45645614,23,9,
2,45645692,12,1,
2,45646414,120,193,22
2,45646559,126,20,16
2,45646561,413,134,
2,45646572,306,218,
2,45646649,256,205,
2,45646691,129,28,
2,45646958,164,24,
2,45647003,5,0,
2,45647097,22,0,
2,45647133,171,150,
2,45647166,564,377,
2,45647853,72,58,
2,45648249,163,91,
2,45648258,251,155,
2,45648266,206,235,
2,45648306,14,26,
2,45648743,20,1,
2,45648892,47,5,
2,45649178,966,594,
2,45649507,12,1,
2,45649510,85,34,23
2,45649734,6,1,
2,45649970,7,0,
2,45650015,24,9,
2,45650617,74,59,
2,45650792,74,15,
2,45650891,20,1,
2,45651364,36,16,
2,45651485,294,287,9
2,45651516,65,72,
2,45651570,15,4,
2,45652000,39,30,
2,45652107,24,1,
2,45652120,12,0,
2,45652254,8,4,
2,45652282,16,3,
2,45652307,290,265,20
2,45652567,18,0,
2,45652621,6,0,
2,45652639,32,3,
2,45652859,139,52,
2,45652955,9,1,
2,45653143,163,13,
2,45653317,11,2,
2,45653330,113,23,
2,45653350,66,82,
2,45653393,58,99,
2,45653543,5,0,
2,45653699,7,5,
2,45653818,29,17,
2,45653841,5,0,
2,45653934,7,0,
2,45653981,25,16,
2,45654087,55,43,
2,45654102,30,8,
2,45654512,171,58,26
2,45654540,15,1,
2,45654660,195,44,
2,45654955,21,2,
2,45655161,335,99,5
2,45655177,15,0,
2,45655188,233,692,8
2,45655190,127,26,30
2,45655206,20,21,
2,45655263,105,41,29
2,45655393,21,2,
2,45655413,57,69,
2,45655485,12,11,
2,45655519,14,0,
2,45656044,212,103,
2,45656116,19,11,
2,45656223,295,166,4
2,45656247,57,32,
2,45656733,7,0,
2,45656734,23,1,
2,45656788,13,1,
2,45656836,9,3,
2,45656910,8,5,
2,45656916,196,228,
2,45656952,87,36,24
2,45656995,7,5,
2,45657118,7,6,
2,45657190,9,1,
2,45657260,45,5,
2,45657287,333,226,19
2,45657302,248,123,
2,45657345,199,54,7
2,45657376,8,1,
2,45657428,154,176,
2,45657431,191,237,
2,45657499,8,2,
2,45657531,17,0,
2,45657595,34,3,
2,45657625,31,1,
2,45657706,19,10,
2,45657747,28,5,
2,45657827,387,63,17
2,45657922,100,68,
2,45658019,199,195,
2,45658056,211,225,
2,45658228,5,0,
2,45658268,32,13,
2,45658323,16,1,
2,45658479,572,542,10
2,45658687,54,6,
2,45658722,7,1,
2,45658928,31,2,
2,45659481,4,0,
2,45659812,155,78,
2,45659883,6,0,
2,45660404,32,26,
2,45660412,5,0,
2,45660422,7,0,
2,45660459,9,0,
2,45660634,39,4,
2,45660753,14,1,
2,45661046,8,1,
2,45661084,184,77,15
2,45661112,12,3,
2,45661212,11,7,
2,45661253,415,314,3
2,45661272,6,3,
2,45661306,12,0,
2,45661399,14,1,
2,45661477,8,0,
2,45661479,11,1,
2,45661545,10,5,
2,45661547,39,13,
2,45661638,117,26,2
2,45661698,76,31,
2,45661823,5,0,
2,45661840,7,1,
2,45661865,13,0,
2,45661900,5,0,
2,45662006,8,1,
2,45662021,5,0,
2,45662026,6,0,
2,45662053,149,59,
2,45662136,10,1,
2,45662423,5,1,
2,45662431,6,0,
2,45662541,16,3,
2,45662668,32,0,6
2,45662831,111,49,14
2,45663052,5,0,
2,45663162,5,1,
2,45663219,9,0,
2,45663398,9,1,
2,45663427,5,4,
2,45663435,66,19,12
2,45663644,20,2,
2,45663676,7,1,
2,45663681,13,1,
2,45664147,23,1,13
3,45526845,242,30,
3,45528813,115,46,
3,45529120,146,74,
3,45529255,181,91,
3,45529534,146,25,
3,45529587,1202,438,
3,45532971,48,7,
3,45535622,48,6,
3,45539079,223,32,
3,45539262,251,176,
3,45540398,114,47,
3,45542245,60,22,
3,45542536,135,19,
3,45543546,64,5,
3,45544330,24,6,
3,45545017,110,57,
3,45545220,161,71,
3,45545753,46,6,
3,45545980,26,36,
3,45546250,71,9,
3,45546575,129,28,
3,45547346,44,10,
3,45547566,840,185,
3,45547891,66,3,
3,45548125,22,1,23
3,45550908,18,0,
3,45550969,93,81,
3,45552358,98,42,
3,45553422,235,43,
3,45555709,155,110,
3,45555960,40,56,
3,45556104,95,93,
3,45556374,33,20,
3,45556413,31,2,
3,45556536,86,49,
3,45556772,65,16,
3,45556827,37,11,
3,45556911,147,18,
3,45557032,168,127,
3,45557157,30,6,
3,45557272,34,11,
3,45557591,111,23,
3,45557596,127,87,
3,45557599,389,159,26
3,45557982,72,101,
3,45558820,45,2,
3,45558913,57,24,
3,45559040,127,36,
3,45559145,51,15,
3,45559573,87,39,
3,45559857,640,169,
3,45560738,94,24,
3,45560864,63,8,
3,45561382,56,16,
3,45562849,52,24,
3,45563021,54,11,
3,45563576,346,170,
3,45563589,57,16,
3,45564619,186,268,
3,45564696,101,47,
3,45564821,56,22,18
3,45565977,85,23,
3,45566441,146,30,
3,45566638,222,302,
3,45566644,726,635,
3,45566766,134,111,
3,45567050,113,35,
3,45567382,12,8,
3,45567443,30,1,
3,45567746,91,51,
3,45567877,722,499,
3,45568700,466,321,
3,45568708,129,26,
3,45568915,487,726,
3,45569350,1518,308,
3,45569692,42,15,
3,45569787,39,17,
3,45570517,96,40,
3,45570758,68,8,
3,45571423,307,67,
3,45572478,138,108,
3,45573626,89,9,
3,45574106,83,14,
3,45575127,115,93,
3,45575165,99,124,
3,45575391,542,138,
3,45575934,13,7,
3,45576536,199,61,
3,45577086,161,31,
3,45577181,214,227,
3,45577266,62,17,
3,45578016,74,18,
3,45578080,86,31,
3,45578115,64,16,
3,45578540,178,86,
3,45578721,13,0,
3,45580347,112,103,
3,45580771,59,25,
3,45580981,408,388,
3,45581288,145,98,
3,45581602,192,144,
3,45581988,82,11,
3,45582370,35,13,
3,45582415,13,4,22
3,45582462,276,137,
3,45582958,266,139,
3,45583019,27,7,
3,45583116,40,16,
3,45583180,536,451,
3,45583243,209,128,
3,45583336,708,474,
3,45583574,75,80,
3,45583767,26,11,
3,45583786,398,106,
3,45583787,223,160,
3,45583999,224,136,
3,45584464,356,391,
3,45584680,172,78,
3,45586339,1582,629,
3,45586776,189,109,
3,45587546,102,76,
3,45588116,16,6,
3,45588689,205,130,
3,45588959,170,60,
3,45589156,240,85,
3,45589327,123,116,
3,45589715,278,244,
3,45590681,414,304,
3,45590743,80,81,
3,45590756,479,258,
3,45590935,122,5,
3,45590949,380,101,
3,45591222,137,112,
3,45591288,73,20,
3,45591799,1260,1389,
3,45591902,370,563,
3,45592271,211,101,
3,45593213,97,20,
3,45593358,281,224,
3,45594403,19,0,
3,45594920,546,365,
3,45595403,727,287,
3,45596059,134,35,
3,45597006,224,59,
3,45598590,231,105,
3,45599084,118,18,
3,45599567,339,79,
3,45599727,253,10,
3,45600132,51,16,
3,45600470,145,25,
3,45601177,94,43,
3,45601750,908,468,
3,45601834,220,70,
3,45601982,341,233,
3,45602197,77,6,
3,45602428,384,142,
3,45602676,343,319,
3,45603876,158,128,
3,45604013,8,1,20
3,45604451,120,58,
3,45604673,363,154,
3,45604700,79,49,
3,45604779,220,143,
3,45605153,136,63,
3,45605501,306,682,
3,45605556,90,56,1
3,45606070,64,33,
3,45606698,268,69,
3,45606853,110,78,12
3,45606986,186,41,
3,45607117,812,425,
3,45607758,420,268,
3,45607822,97,31,
3,45608456,242,101,
3,45609251,65,17,
3,45609922,145,110,
3,45609986,405,72,
3,45610226,1751,508,
3,45610266,140,62,
3,45610523,256,89,
3,45610996,128,32,
3,45611252,282,80,
3,45611746,42,6,
3,45611851,99,67,
3,45612223,47,3,
3,45612987,110,26,
3,45613047,665,239,
3,45613567,282,181,
3,45613667,60,19,
3,45613898,425,212,
3,45614148,462,770,
3,45614547,39,37,
3,45614713,576,501,
3,45614922,1133,623,
3,45615237,428,953,
3,45615449,68,16,
3,45615863,665,377,
3,45615931,564,108,
3,45617948,297,43,
3,45618536,46,17,
3,45618790,808,195,
3,45619108,191,54,
3,45619329,1203,1101,
3,45619537,729,367,
3,45620394,257,132,
3,45620653,150,79,
3,45621020,82,58,29
3,45621074,489,253,
3,45621557,149,22,
3,45621571,86,9,
3,45621972,88,11,
3,45622365,534,145,
3,45622475,8,1,
3,45622604,135,27,
3,45622944,207,116,
3,45623509,121,75,
3,45623917,147,21,
3,45624186,59,3,
3,45624888,204,77,
3,45625229,292,86,
3,45625251,186,110,
3,45625848,86,15,
3,45626010,23,6,
3,45626037,155,33,
3,45626130,398,116,
3,45626349,259,76,
3,45626910,609,579,
3,45626961,97,40,
3,45626985,291,212,
3,45627048,47,2,
3,45627324,471,112,
3,45627394,399,83,
3,45627692,279,35,
3,45627889,67,11,
3,45628190,194,127,
3,45628283,109,4,
3,45628315,84,68,
3,45628348,193,37,
3,45628391,389,248,
3,45629299,110,76,
3,45629522,16,3,
3,45629970,251,115,
3,45631328,55,7,
3,45631503,165,94,
3,45631613,15,3,
3,45631678,144,60,
3,45632429,600,107,
3,45632630,8,0,
3,45632633,21,20,
3,45632738,58,14,
3,45632836,14,1,
3,45632873,9,1,
3,45632943,57,49,
3,45632976,113,13,
3,45633081,165,81,
3,45633386,65,13,
3,45633453,211,59,
3,45633482,426,234,
3,45633513,42,28,
3,45633591,112,16,
3,45633642,99,17,
3,45633711,104,85,
3,45633753,8,0,
3,45633815,97,22,
3,45633921,51,8,
3,45633954,10,0,
3,45633958,109,69,
3,45634026,157,159,
3,45634055,11,2,
3,45634095,990,668,
3,45634310,84,11,
3,45634333,50,16,
3,45634367,362,158,
3,45634528,65,25,
3,45634638,45,18,
3,45634641,151,108,
3,45634678,118,91,
3,45634797,123,143,
3,45635069,177,42,
3,45635530,25,3,
3,45635533,668,197,
3,45635669,14,15,
3,45635734,47,72,
3,45635870,91,54,
3,45635940,188,162,
3,45636021,6,0,
3,45636116,117,108,
3,45636123,9,5,
3,45636259,7,4,
3,45636285,401,223,
3,45636365,219,81,
3,45637111,6,1,
3,45637129,7,2,
3,45637133,163,69,
3,45637548,27,15,
3,45637744,422,227,
3,45637880,232,101,
3,45638058,14,5,
3,45638096,122,163,
3,45638453,10,0,
3,45638476,9,0,
3,45638514,82,28,
3,45638588,190,83,
3,45638702,62,26,
3,45638739,20,1,
3,45638749,9,0,
3,45638966,62,20,
3,45638986,59,60,
3,45639157,71,10,
3,45639250,324,167,
3,45639391,49,31,
3,45639498,234,115,
3,45639654,161,63,
3,45639860,193,25,
3,45639995,582,52,
3,45640226,1732,395,
3,45640594,967,234,
3,45640678,145,73,
3,45640838,2221,2013,
3,45640877,344,133,
3,45641864,5,0,
3,45642051,59,5,
3,45642528,40,7,
3,45642562,123,61,
3,45642668,27,22,
3,45642874,25,5,
3,45642911,176,43,
3,45642923,132,110,
3,45642979,68,48,
3,45643163,511,303,
3,45643201,22,16,
3,45643352,17,12,
3,45643357,558,188,
3,45643553,62,10,
3,45643776,116,47,
3,45643976,65,43,
3,45644072,18,0,
3,45644328,444,109,
3,45644654,141,84,
3,45644921,32,18,
3,45645120,137,43,
3,45645172,514,279,
3,45645349,524,109,
3,45645366,18,16,
3,45645510,107,138,
3,45645614,23,9,
3,45645692,12,1,
3,45646414,128,208,21
3,45646559,132,24,14
3,45646561,413,135,
3,45646572,306,218,
3,45646649,256,205,
3,45646691,131,28,
3,45646958,164,24,
3,45647003,5,0,
3,45647097,22,0,
3,45647133,171,150,
3,45647166,564,377,
3,45647853,72,58,
3,45648249,164,91,
3,45648258,251,155,
3,45648266,206,235,
3,45648306,14,26,
3,45648743,20,1,
3,45648892,47,5,
3,45649178,968,598,
3,45649507,12,1,
3,45649510,90,38,22
3,45649734,6,1,
3,45649970,7,0,
3,45650015,24,9,
3,45650617,74,59,
3,45650792,74,15,
3,45650891,20,1,
3,45651364,36,16,
3,45651485,312,298,9
3,45651516,65,72,
3,45651570,15,4,
3,45652000,39,30,
3,45652107,24,1,
3,45652120,12,0,
3,45652254,8,4,
3,45652282,16,3,
3,45652307,300,275,18
3,45652567,18,0,
3,45652621,7,1,
3,45652639,32,3,
3,45652859,139,52,
3,45652955,9,1,
3,45653143,163,13,
3,45653317,11,2,
3,45653330,113,23,
3,45653350,66,82,
3,45653393,58,99,
3,45653543,5,0,
3,45653699,7,5,
3,45653818,29,17,
3,45653841,5,0,
3,45653934,7,0,
3,45653981,25,16,
3,45654087,56,44,
3,45654102,30,8,
3,45654512,175,58,25
3,45654540,15,1,
3,45654660,195,45,
3,45654955,23,2,
3,45655161,339,101,6
3,45655177,15,0,
3,45655188,241,721,9
3,45655190,128,26,29
3,45655206,20,22,
3,45655263,108,42,27
3,45655393,21,2,
3,45655413,57,69,
3,45655485,12,11,
3,45655519,14,0,
3,45656044,215,104,
3,45656116,19,12,
3,45656223,311,173,5
3,45656247,57,32,
3,45656733,7,0,
3,45656734,23,1,
3,45656788,13,1,
3,45656836,9,3,
3,45656910,8,5,
3,45656916,197,229,
3,45656952,92,36,24
3,45656995,7,5,
3,45657190,10,1,
3,45657260,48,5,
3,45657287,336,229,19
3,45657302,254,126,
3,45657345,217,56,8
3,45657428,155,177,
3,45657431,194,237,
3,45657499,8,2,
3,45657531,17,0,
3,45657595,34,3,
3,45657625,31,1,
3,45657706,19,10,
3,45657747,28,5,
3,45657827,405,64,14
3,45657922,101,69,
3,45658019,206,198,
3,45658056,216,225,
3,45658228,5,0,
3,45658268,32,13,
3,45658323,16,1,
3,45658479,589,561,11
3,45658687,55,7,
3,45658722,8,1,
3,45658928,31,2,
3,45659481,4,0,
3,45659812,158,79,
3,45659883,7,1,
3,45659893,30,9,
3,45660404,35,27,
3,45660412,5,0,
3,45660422,8,0,
3,45660459,9,0,
3,45660634,55,5,
3,45660753,16,1,
3,45661046,9,1,
3,45661084,185,81,15
3,45661112,13,3,
3,45661212,11,7,
3,45661253,456,329,3
3,45661272,6,3,
3,45661306,19,1,
3,45661399,14,1,
3,45661477,8,0,
3,45661479,12,1,
3,45661545,13,6,
3,45661547,40,13,
3,45661638,131,28,1
3,45661698,79,37,
3,45661823,5,0,
3,45661840,7,1,
3,45661865,13,0,
3,45661900,5,0,
3,45662006,9,1,
3,45662021,6,0,
3,45662026,6,0,
3,45662053,155,61,
3,45662136,10,1,
3,45662423,6,2,
3,45662431,6,0,
3,45662541,16,3,
3,45662656,6,1,
3,45662668,54,1,6
3,45662831,124,60,12
3,45663052,5,0,
3,45663162,5,1,
3,45663219,11,0,
3,45663398,10,1,
3,45663427,7,8,
3,45663435,74,20,16
3,45663644,23,2,
3,45663676,10,2,
3,45663681,15,1,
3,45664010,5,0,
3,45664147,66,9,2
3,45664323,6,0,
3,45664358,20,9,14
4,45526845,242,30,
4,45528813,115,46,
4,45529120,148,74,
4,45529255,181,91,
4,45529534,146,25,
4,45529587,1202,438,
4,45532971,48,7,
4,45535622,48,6,
4,45539079,223,32,
4,45539262,251,176,
4,45540398,114,47,
4,45542245,60,22,
4,45542536,135,19,
4,45543546,64,5,
4,45544330,24,6,
4,45545017,110,57,
4,45545220,161,71,
4,45545753,46,6,
4,45545980,26,36,
4,45546250,73,9,
4,45546575,129,28,
4,45547346,44,10,
4,45547566,840,185,
4,45547891,66,3,
4,45548125,28,1,20
4,45550908,18,0,
4,45550969,93,81,
4,45552358,98,42,
4,45553422,235,43,
4,45555709,155,110,
4,45555960,41,56,
4,45556104,95,93,
4,45556374,34,20,
4,45556413,31,2,
4,45556536,86,49,
4,45556772,66,16,
4,45556827,37,11,
4,45556911,148,18,
4,45557032,168,127,
4,45557157,30,6,
4,45557272,34,11,
4,45557591,111,23,
4,45557596,127,87,
4,45557599,396,162,27
4,45558820,45,2,
4,45558913,57,24,
4,45559040,127,36,
4,45559145,51,15,
4,45559573,87,39,
4,45559857,640,169,
4,45560738,94,24,
4,45560864,63,8,
4,45561382,56,16,
4,45562849,52,24,
4,45563021,54,11,
4,45563576,346,171,
4,45563589,57,16,
4,45564619,186,268,
4,45564696,101,47,
4,45564821,60,24,17
4,45565977,85,23,
4,45566441,146,30,
4,45566638,222,302,
4,45566644,726,635,
4,45566766,134,111,
4,45567050,113,35,
4,45567382,12,8,
4,45567443,30,1,
4,45567746,91,51,
4,45567877,722,499,
4,45568700,466,321,
4,45568708,129,26,
4,45568915,487,726,
4,45569350,1518,308,
4,45569692,42,15,
4,45569787,39,17,
4,45570517,96,40,
4,45570758,68,8,
4,45571423,307,67,
4,45572478,138,108,
4,45573626,90,9,
4,45574106,83,14,
4,45575127,115,93,
4,45575165,99,125,
4,45575391,542,138,
4,45575934,13,7,
4,45576536,199,61,
4,45577086,162,31,
4,45577181,214,227,
4,45577266,62,17,
4,45578016,76,18,
4,45578080,86,31,
4,45578115,64,16,
4,45578540,178,86,
4,45578721,13,0,
4,45580347,112,103,
4,45580559,4,0,
4,45580771,59,25,
4,45580981,408,388,
4,45581288,145,98,
4,45581602,192,144,
4,45581988,82,11,
4,45582370,35,13,
4,45582415,16,4,
4,45582462,276,137,
4,45582958,266,139,
4,45583019,27,7,
4,45583116,40,16,
4,45583180,536,451,
4,45583243,209,128,
4,45583336,708,474,
4,45583574,75,80,
4,45583767,26,11,
4,45583786,398,106,
4,45583787,223,160,
4,45583999,224,136,
4,45584464,356,391,
4,45584680,176,78,
4,45586339,1582,629,
4,45586776,189,109,
4,45587546,102,76,
4,45588116,16,6,
4,45588594,310,72,
4,45588689,205,130,
4,45588959,170,60,
4,45589156,240,85,
4,45589327,123,116,
4,45589715,278,244,
4,45590681,414,304,
4,45590743,81,81,
4,45590756,479,258,
4,45590935,122,5,
4,45590949,380,101,
4,45591222,137,112,
4,45591288,74,20,
4,45591799,1260,1389,
4,45591902,370,563,
4,45592271,211,101,
4,45593213,97,20,
4,45593358,281,224,
4,45594403,19,0,
4,45594920,546,365,
4,45595403,727,287,
4,45596059,134,35,
4,45597006,224,59,
4,45598590,231,105,
4,45599084,118,18,
4,45599567,339,79,
4,45599727,253,10,
4,45600132,51,16,
4,45600470,145,25,
4,45601177,94,43,
4,45601750,908,468,
4,45601834,220,70,
4,45601982,341,233,
4,45602197,77,6,
4,45602428,384,142,
4,45602676,343,319,
4,45603876,158,128,
4,45604013,21,4,7
4,45604451,120,58,
4,45604673,363,154,
4,45604700,79,49,
4,45604779,220,143,
4,45605153,136,63,
4,45605501,306,682,
4,45605556,116,66,1
4,45606070,64,33,
4,45606698,268,69,
4,45606853,113,78,12
4,45606986,186,41,
4,45607117,812,425,
4,45607758,420,268,
4,45607822,97,31,
4,45608456,242,101,
4,45609251,65,17,
4,45609922,145,111,
4,45609986,405,72,
4,45610226,1751,508,
4,45610266,140,62,
4,45610523,256,89,
4,45610996,128,32,
4,45611252,282,80,
4,45611735,191,135,
4,45611746,42,6,
4,45611851,99,67,
4,45612223,47,3,
4,45612987,110,26,
4,45613047,665,239,
4,45613567,282,181,
4,45613667,60,19,
4,45613898,425,212,
4,45614148,463,770,
4,45614547,39,37,
4,45614713,576,501,
4,45614922,1133,623,
4,45615237,428,953,
4,45615449,68,16,
4,45615863,665,377,
4,45615931,564,108,
4,45617948,300,43,
4,45618536,46,17,
4,45618790,808,195,
4,45619108,191,54,
4,45619329,1203,1101,
4,45619537,729,368,
4,45620394,257,132,
4,45620653,150,79,
4,45621020,86,58,
4,45621074,489,253,
4,45621557,149,22,
4,45621571,87,9,
4,45621972,88,11,
4,45622365,534,145,
4,45622475,8,1,
4,45622604,135,27,
4,45622944,207,116,
4,45623509,121,75,
4,45623917,147,21,
4,45624186,59,3,
4,45624888,204,77,
4,45625229,292,86,
4,45625251,186,110,
4,45625848,86,15,
4,45626010,23,6,
4,45626037,155,33,
4,45626130,398,116,
4,45626349,259,76,
4,45626910,609,579,
4,45626961,97,40,
4,45626985,291,212,
4,45627048,47,2,
4,45627324,471,112,
4,45627394,399,83,
4,45627692,279,35,
4,45627889,67,11,
4,45628190,194,127,
4,45628283,109,4,
4,45628315,84,68,
4,45628348,193,37,
4,45628391,389,248,
4,45629299,110,76,
4,45629522,16,3,
4,45629970,251,115,
4,45631328,55,7,
4,45631503,165,94,
4,45631613,15,3,
4,45631678,144,60,
4,45632429,600,108,
4,45632630,8,0,
4,45632633,21,20,
4,45632738,58,14,
4,45632836,14,1,
4,45632873,9,1,
4,45632943,57,49,
4,45632976,113,13,
4,45633081,165,81,
4,45633386,67,13,
4,45633453,211,59,
4,45633482,426,234,
4,45633513,42,28,
4,45633591,112,16,
4,45633642,99,17,
4,45633711,104,85,
4,45633753,8,0,
4,45633815,97,22,
4,45633921,51,8,
4,45633954,10,0,
4,45633958,109,69,
4,45634026,157,159,
4,45634055,11,2,
4,45634095,990,668,
4,45634310,84,11,
4,45634333,50,16,
4,45634367,362,159,
4,45634528,65,25,
4,45634638,45,18,
4,45634641,151,108,
4,45634678,118,91,
4,45634797,123,143,
4,45635069,177,42,
4,45635530,25,3,
4,45635533,668,197,
4,45635669,14,15,
4,45635734,47,72,
4,45635870,91,54,
4,45635940,188,162,
4,45636021,6,0,
4,45636116,117,108,
4,45636123,9,5,
4,45636259,7,4,
4,45636285,401,223,
4,45636365,219,81,
4,45637111,6,1,
4,45637129,7,2,
4,45637133,163,69,
4,45637548,27,15,
4,45637744,422,227,
4,45637880,232,101,
4,45638058,14,5,
4,45638096,122,163,
4,45638453,10,0,
4,45638476,9,0,
4,45638514,82,28,
4,45638588,190,83,
4,45638702,62,26,
4,45638739,20,1,
4,45638749,9,0,
4,45638966,62,20,
4,45638986,59,60,
4,45639157,71,10,
4,45639250,324,167,
4,45639391,49,31,
4,45639498,234,115,
4,45639654,161,63,
4,45639860,193,25,
4,45639995,583,52,
4,45640226,1734,395,
4,45640594,968,234,
4,45640678,145,73,
4,45640838,2221,2014,
4,45640877,344,133,
4,45641864,5,0,
4,45642051,59,5,
4,45642528,40,7,
4,45642562,123,61,
4,45642668,27,22,
4,45642874,26,5,
4,45642911,176,43,
4,45642923,132,110,
4,45642979,68,48,
4,45643163,511,303,
4,45643352,17,12,
4,45643357,558,188,
4,45643553,62,10,
4,45643776,116,47,
4,45643976,65,43,
4,45644072,18,0,
4,45644328,445,109,
4,45644654,141,84,
4,45644921,33,18,
4,45645120,137,43,
4,45645172,514,281,
4,45645349,526,109,
4,45645366,18,16,
4,45645510,107,139,
4,45645614,23,9,
4,45645692,12,1,
4,45646414,132,220,21
4,45646559,142,26,15
4,45646561,413,136,
4,45646572,306,218,
4,45646649,256,206,
4,45646691,131,28,
4,45646958,164,24,
4,45647003,5,0,
4,45647097,22,0,
4,45647133,171,150,
4,45647166,565,377,
4,45647853,73,58,
4,45648249,164,92,
4,45648258,253,156,
4,45648266,206,235,
4,45648306,14,27,
4,45648743,20,1,
4,45648892,47,5,
4,45649178,971,601,
4,45649507,12,1,
4,45649510,95,38,22
4,45649734,6,1,
4,45649970,7,0,
4,45650015,24,9,
4,45650617,74,59,
4,45650792,75,15,
4,45650891,20,1,
4,45651364,36,16,
4,45651485,327,301,8
4,45651516,65,72,
4,45651570,15,4,
4,45652000,39,30,
4,45652107,24,1,
4,45652120,12,0,
4,45652254,8,4,
4,45652282,17,3,
4,45652307,310,282,17
4,45652567,18,0,
4,45652621,7,1,
4,45652639,33,3,
4,45652859,141,52,
4,45652955,9,1,
4,45653143,165,13,
4,45653317,11,2,
4,45653330,113,23,
4,45653350,66,82,
4,45653393,59,100,
4,45653543,5,0,
4,45653699,7,5,
4,45653818,29,17,
4,45653841,5,0,
4,45653934,7,0,
4,45653981,25,16,
4,45654087,58,44,
4,45654102,30,8,
4,45654512,178,59,29
4,45654540,15,1,
4,45654660,195,47,
4,45654955,23,2,
4,45655161,343,103,6
4,45655177,15,0,
4,45655188,255,743,10
4,45655190,129,26,
4,45655206,20,22,
4,45655263,108,42,29
4,45655393,21,2,
4,45655413,57,69,
4,45655485,12,11,
4,45655519,16,0,
4,45656044,216,104,
4,45656116,19,12,
4,45656223,328,182,5
4,45656247,58,32,
4,45656733,8,0,
4,45656734,23,1,
4,45656788,13,1,
4,45656836,9,3,
4,45656910,8,5,
4,45656916,199,232,
4,45656952,96,36,25
4,45656995,7,5,
4,45657190,10,1,
4,45657260,54,5,
4,45657287,342,234,20
4,45657302,256,126,
4,45657345,228,58,7
4,45657428,158,179,
4,45657431,198,237,
4,45657531,19,0,
4,45657595,35,3,
4,45657625,31,1,
4,45657706,19,10,
4,45657747,28,5,
4,45657827,425,64,14
4,45657922,104,69,
4,45658019,211,200,
4,45658056,218,227,
4,45658268,32,14,
4,45658323,16,2,
4,45658479,604,580,11
4,45658687,56,7,
4,45658722,9,1,
4,45658928,34,2,
4,45659481,4,0,
4,45659812,160,79,
4,45659883,7,1,
4,45659893,31,9,
4,45660404,35,27,
4,45660412,5,0,
4,45660422,9,0,
4,45660459,9,0,
4,45660634,56,6,
4,45660753,19,1,
4,45661046,10,2,
4,45661084,193,90,16
4,45661112,14,3,
4,45661212,11,7,
4,45661253,496,355,4
4,45661272,6,3,
4,45661306,28,1,27
4,45661399,15,1,
4,45661477,8,0,
4,45661479,13,1,
4,45661545,13,6,
4,45661547,40,13,
4,45661638,141,28,2
4,45661698,80,44,
4,45661823,5,0,
4,45661840,7,1,
4,45661865,13,0,
4,45661900,5,0,
4,45662006,9,1,
4,45662021,6,0,
4,45662026,6,0,
4,45662053,158,64,
4,45662136,10,1,
4,45662423,6,2,
4,45662431,6,0,
4,45662541,16,3,
4,45662656,6,1,
4,45662668,71,1,7
4,45662831,140,65,13
4,45663052,6,0,
4,45663162,5,1,
4,45663219,12,0,
4,45663398,11,1,
4,45663427,7,8,
4,45663435,76,21,19
4,45663624,5,0,
4,45663644,23,2,
4,45663676,14,2,
4,45663681,17,1,
4,45664010,6,0,
4,45664147,93,18,3
4,45664323,8,0,
4,45664431,5,1,13
4,45664848,5,0,3
5,45526845,242,30,
5,45528813,115,46,
5,45529120,150,74,
5,45529255,181,91,
5,45529534,146,25,
5,45529587,1202,438,
5,45532971,48,7,
5,45535622,48,6,
5,45539079,223,32,
5,45539262,251,176,
5,45540398,114,47,
5,45542245,60,22,
5,45542536,135,19,
5,45543546,64,5,
5,45544330,24,6,
5,45545017,110,57,
5,45545220,161,71,
5,45545753,46,6,
5,45545980,26,36,
5,45546250,73,9,
5,45546575,129,28,
5,45547346,44,10,
5,45547566,840,185,
5,45547891,66,3,
5,45548125,29,6,23
5,45550908,18,0,
5,45550969,93,81,
5,45552358,98,42,
5,45553422,235,43,
5,45555709,155,110,
5,45555960,41,56,
5,45556104,95,93,
5,45556374,35,20,
5,45556413,31,2,
5,45556536,86,49,
5,45556772,66,16,
5,45556827,37,11,
5,45556911,148,18,
5,45557032,168,127,
5,45557157,30,6,
5,45557272,34,11,
5,45557591,111,23,
5,45557596,127,87,
5,45557599,406,165,29
5,45558820,45,2,
5,45558913,57,24,
5,45559040,127,36,
5,45559145,51,15,
5,45559573,87,39,
5,45559857,640,169,
5,45560738,94,24,
5,45560864,63,8,
5,45561382,56,16,
5,45562849,52,24,
5,45563021,54,11,
5,45563576,346,171,
5,45563589,57,16,
5,45564619,186,268,
5,45564696,101,47,
5,45564821,65,24,21
5,45565977,85,23,
5,45566441,146,30,
5,45566638,222,302,
5,45566644,726,635,
5,45566766,134,111,
5,45567050,113,35,
5,45567382,12,8,
5,45567443,31,1,
5,45567746,91,51,
5,45567877,722,499,
5,45568700,466,321,
5,45568708,129,26,
5,45568915,487,726,
5,45569350,1518,308,
5,45569692,42,15,
5,45569787,39,17,
5,45570517,96,40,
5,45570758,68,8,
5,45571423,308,67,
5,45572478,138,108,
5,45573626,90,9,
5,45574106,83,14,
5,45575127,115,93,
5,45575165,99,128,
5,45575391,542,138,
5,45575934,13,7,
5,45576536,199,61,
5,45577086,163,31,
5,45577181,214,227,
5,45577266,62,17,
5,45578016,77,18,
5,45578080,87,33,
5,45578115,64,16,
5,45578540,178,86,
5,45578721,13,0,
5,45578935,4,0,
5,45580347,112,103,
5,45580559,5,7,17
5,45580771,59,25,
5,45580981,408,388,
5,45581288,145,98,
5,45581602,192,144,
5,45581988,82,11,
5,45582370,35,13,
5,45582462,276,137,
5,45582958,266,139,
5,45583019,28,8,
5,45583116,40,16,
5,45583180,536,451,
5,45583243,209,128,
5,45583336,708,474,
5,45583574,75,80,
5,45583767,26,11,
5,45583786,398,106,
5,45583787,223,160,
5,45583999,224,136,
5,45584464,356,391,
5,45584498,481,160,
5,45584680,179,78,
5,45586339,1582,629,
5,45586776,189,109,
5,45587546,102,76,
5,45588116,16,7,
5,45588594,310,72,
5,45588689,205,130,
5,45588959,170,60,
5,45589156,240,85,
5,45589327,123,116,
5,45589715,279,244,
5,45590681,414,304,
5,45590743,81,81,
5,45590756,479,258,
5,45590935,122,5,
5,45590949,380,101,
5,45591222,137,112,
5,45591288,74,20,
5,45591799,1260,1389,
5,45591902,370,563,
5,45592271,211,101,
5,45593213,97,20,
5,45593358,281,224,
5,45594403,20,0,
5,45594920,546,365,
5,45595403,727,287,
5,45596059,134,35,
5,45597006,224,59,
5,45598590,231,105,
5,45599084,118,18,
5,45599567,339,79,
5,45599727,253,10,
5,45600132,51,16,
5,45600470,145,25,
5,45601177,94,43,
5,45601750,908,468,
5,45601834,220,70,
5,45601982,341,233,
5,45602197,77,6,
5,45602428,384,142,
5,45602676,343,319,
5,45603876,158,128,
5,45604013,35,8,5
5,45604451,120,58,
5,45604673,363,154,
5,45604700,79,49,
5,45604779,220,143,
5,45605153,136,63,
5,45605501,306,682,
5,45605556,134,86,2
5,45606070,64,33,
5,45606698,268,69,
5,45606853,121,81,14
5,45606986,186,41,
5,45607117,812,425,
5,45607758,420,268,
5,45607822,97,31,
5,45608456,242,101,
5,45609251,65,17,
5,45609922,145,111,
5,45609986,405,72,
5,45610226,1751,508,
5,45610266,140,62,
5,45610523,256,89,
5,45610996,128,32,
5,45611252,282,80,
5,45611735,191,135,
5,45611746,42,6,
5,45611851,99,67,
5,45612223,47,3,
5,45612987,110,26,
5,45613047,665,238,
5,45613567,282,181,
5,45613667,60,19,
5,45613898,425,212,
5,45614148,463,770,
5,45614547,39,37,
5,45614713,576,501,
5,45614922,1134,623,
5,45615237,428,953,
5,45615449,68,16,
5,45615863,665,377,
5,45615931,564,108,
5,45617948,300,43,
5,45618536,46,17,
5,45618790,808,195,
5,45619108,191,54,
5,45619329,1203,1101,
5,45619537,729,367,
5,45620394,257,132,
5,45620653,150,79,
5,45621020,88,60,
5,45621074,489,253,
5,45621557,149,23,
5,45621571,88,10,
5,45621972,88,11,
5,45622365,534,145,
5,45622475,8,1,
5,45622604,135,27,
5,45622944,207,116,
5,45623509,121,75,
5,45623917,147,21,
5,45624186,59,3,
5,45624888,204,77,
5,45625229,292,86,
5,45625251,186,110,
5,45625848,86,15,
5,45626010,23,6,
5,45626037,155,33,
5,45626130,398,116,
5,45626349,259,76,
5,45626910,609,579,
5,45626961,97,40,
5,45626985,291,212,
5,45627048,47,2,
5,45627324,471,112,
5,45627394,399,83,
5,45627692,279,35,
5,45627889,67,11,
5,45628190,194,127,
5,45628283,109,4,
5,45628315,84,68,
5,45628348,193,37,
5,45628391,389,248,
5,45629299,110,76,
5,45629522,16,3,
5,45629970,251,115,
5,45631328,55,7,
5,45631503,165,94,
5,45631613,15,3,
5,45631678,144,60,
5,45632429,601,108,
5,45632630,8,0,
5,45632633,21,20,
5,45632738,58,14,
5,45632836,14,1,
5,45632873,9,1,
5,45632943,57,49,
5,45632976,113,13,
5,45633081,165,81,
5,45633386,70,13,
5,45633453,211,59,
5,45633482,426,234,
5,45633513,42,28,
5,45633591,112,16,
5,45633642,99,17,
5,45633711,104,85,
5,45633753,8,0,
5,45633815,97,22,
5,45633921,51,8,
5,45633954,10,0,
5,45633958,109,69,
5,45634026,157,159,
5,45634055,11,2,
5,45634095,990,668,
5,45634310,84,11,
5,45634333,50,16,
5,45634367,362,159,
5,45634528,65,25,
5,45634638,45,18,
5,45634641,151,108,
5,45634678,118,91,
5,45634797,123,143,
5,45635069,177,42,
5,45635530,25,3,
5,45635533,668,197,
5,45635669,14,15,
5,45635734,47,72,
5,45635870,91,54,
5,45635940,188,162,
5,45636021,6,0,
5,45636116,117,108,
5,45636123,9,5,
5,45636259,7,4,
5,45636285,401,223,
5,45636365,219,81,
5,45637111,6,1,
5,45637129,7,2,
5,45637133,164,69,
5,45637548,27,15,
5,45637744,422,228,
5,45637880,232,101,
5,45638058,14,5,
5,45638096,122,163,
5,45638453,10,0,
5,45638476,9,0,
5,45638514,82,28,
5,45638588,190,83,
5,45638702,62,26,
5,45638739,20,1,
5,45638749,9,0,
5,45638966,62,20,
5,45638986,59,60,
5,45639157,72,10,
5,45639250,324,167,
5,45639391,49,31,
5,45639498,234,115,
5,45639654,161,63,
5,45639860,193,25,
5,45639995,583,53,
5,45640226,1736,395,
5,45640594,968,234,
5,45640678,145,73,
5,45640838,2223,2015,
5,45640877,344,133,
5,45641864,5,0,
5,45642051,59,5,
5,45642528,40,7,
5,45642562,123,61,
5,45642668,27,22,
5,45642874,28,5,
5,45642911,176,43,
5,45642923,132,110,
5,45642979,68,48,
5,45643163,512,304,
5,45643352,17,12,
5,45643357,558,188,
5,45643553,62,10,
5,45643776,116,47,
5,45643976,65,43,
5,45644072,18,0,
5,45644328,445,109,
5,45644654,141,84,
5,45644921,33,18,
5,45645120,137,43,
5,45645172,516,282,
5,45645349,526,110,
5,45645366,18,16,
5,45645510,109,140,
5,45645614,23,9,
5,45645692,12,1,
5,45646414,135,229,23
5,45646559,149,31,16
5,45646561,413,136,
5,45646572,306,219,
5,45646691,131,29,
5,45646958,164,24,
5,45647003,5,0,
5,45647097,22,0,
5,45647133,171,150,
5,45647166,566,377,
5,45647853,75,58,
5,45648249,164,92,
5,45648258,255,156,
5,45648266,206,235,
5,45648306,14,27,
5,45648743,20,1,
5,45648892,47,5,
5,45649178,972,602,
5,45649507,12,1,
5,45649510,99,39,25
5,45649734,6,1,
5,45650015,24,9,
5,45650617,74,59,
5,45650792,75,15,
5,45650891,20,1,
5,45651364,36,16,
5,45651485,349,306,10
5,45651516,65,72,
5,45651570,15,4,
5,45652000,39,30,
5,45652107,24,1,
5,45652120,12,0,
5,45652254,8,4,
5,45652282,17,3,
5,45652307,326,291,20
5,45652567,18,0,
5,45652621,7,1,
5,45652639,33,3,
5,45652859,141,54,
5,45652955,9,1,
5,45652968,4,0,
5,45653143,166,14,
5,45653317,11,2,
5,45653330,113,23,
5,45653350,67,82,
5,45653393,60,100,
5,45653543,5,0,
5,45653699,7,5,
5,45653818,29,17,
5,45653841,5,0,
5,45653934,7,0,
5,45653981,25,16,
5,45654087,58,44,
5,45654102,30,8,
5,45654512,179,59,
5,45654540,15,1,
5,45654660,195,48,
5,45654955,23,3,
5,45655161,348,103,9
5,45655177,15,0,
5,45655188,272,768,13
5,45655190,129,26,
5,45655206,20,22,
5,45655263,109,42,30
5,45655393,21,2,
5,45655413,57,69,
5,45655485,12,11,
5,45655519,17,0,
5,45656044,217,105,
5,45656116,19,12,
5,45656223,339,193,6
5,45656247,58,33,
5,45656733,8,0,
5,45656734,23,1,
5,45656788,13,1,
5,45656836,9,3,
5,45656910,8,5,
5,45656916,201,233,
5,45656952,101,36,27
5,45656995,7,5,
5,45657190,10,1,
5,45657260,57,5,
5,45657287,352,246,27
5,45657302,260,127,
5,45657345,247,63,8
5,45657428,162,179,
5,45657431,198,239,
5,45657531,21,0,
5,45657595,35,3,
5,45657625,31,1,
5,45657706,19,10,
5,45657747,28,5,
5,45657827,443,65,19
5,45657922,104,69,
5,45658019,213,202,
5,45658056,221,228,
5,45658268,33,14,
5,45658323,16,2,
5,45658479,622,587,15
5,45658687,58,8,
5,45658722,9,1,
5,45658928,34,2,
5,45659481,4,0,
5,45659812,160,80,
5,45659883,36,43,17
5,45660404,36,28,
5,45660412,5,0,
5,45660422,9,0,
5,45660459,9,0,
5,45660634,59,5,
5,45660753,19,1,
5,45661046,13,3,
5,45661084,196,95,24
5,45661112,16,5,
5,45661212,11,7,
5,45661253,527,369,7
5,45661272,6,3,
5,45661306,43,2,21
5,45661399,15,1,
5,45661477,8,0,
5,45661479,14,1,
5,45661545,14,7,
5,45661547,40,13,
5,45661638,148,31,2
5,45661698,81,46,
5,45661823,6,0,
5,45661840,8,1,
5,45661900,6,0,
5,45662006,10,1,
5,45662021,6,0,
5,45662026,7,0,
5,45662053,163,66,
5,45662136,10,1,
5,45662423,6,2,
5,45662431,6,0,
5,45662541,16,3,
5,45662656,7,1,
5,45662668,87,2,11
5,45662831,151,66,16
5,45663052,6,0,
5,45663162,6,1,
5,45663219,12,0,
5,45663398,12,1,
5,45663427,7,8,
5,45663435,78,22,
5,45663624,5,0,
5,45663644,23,2,
5,45663676,14,2,
5,45663681,19,1,
5,45664010,6,0,
5,45664147,119,26,4
5,45664323,8,0,
5,45664431,11,8,8
5,45664751,32,13,4
5,45664848,27,9,1
6,45526845,242,30,
6,45528813,115,46,
6,45529120,151,75,
6,45529255,181,92,
6,45529534,146,25,
6,45529587,1202,438,
6,45532971,48,7,
6,45535622,48,6,
6,45539079,223,32,
6,45539262,251,176,
6,45540398,114,47,
6,45542245,60,22,
6,45542536,135,19,
6,45543546,64,5,
6,45544330,24,6,
6,45545017,110,57,
6,45545220,161,71,
6,45545753,46,6,
6,45545980,26,36,
6,45546250,73,9,
6,45546575,129,28,
6,45547346,44,10,
6,45547566,840,185,
6,45547891,66,3,
6,45548125,32,6,24
6,45550908,18,0,
6,45550969,93,81,
6,45552358,98,42,
6,45553422,235,43,
6,45555709,155,110,
6,45555960,41,56,
6,45556104,95,93,
6,45556374,35,20,
6,45556413,31,2,
6,45556536,86,49,
6,45556772,66,16,
6,45556827,37,11,
6,45556911,148,18,
6,45557032,168,127,
6,45557157,30,6,
6,45557272,34,11,
6,45557591,111,23,
6,45557596,127,87,
6,45557599,412,168,25
6,45558820,45,2,
6,45558913,57,24,
6,45559040,127,36,
6,45559145,51,15,
6,45559573,87,39,
6,45559857,640,169,
6,45560738,94,24,
6,45560864,63,8,
6,45561382,56,16,
6,45562849,52,24,
6,45563021,54,11,
6,45563576,346,171,
6,45563589,57,16,
6,45564619,186,268,
6,45564696,101,47,
6,45564821,67,24,22
6,45565977,85,23,
6,45566441,146,30,
6,45566638,222,302,
6,45566644,726,636,
6,45566766,134,111,
6,45567050,113,35,
6,45567382,12,8,
6,45567443,32,1,
6,45567746,91,51,
6,45567877,722,499,
6,45568700,466,321,
6,45568708,129,26,
6,45568915,487,726,
6,45569350,1519,308,
6,45569692,42,15,
6,45569787,39,17,
6,45570517,96,40,
6,45570758,68,8,
6,45571423,309,67,
6,45572478,138,108,
6,45573626,90,9,
6,45574106,83,14,
6,45575127,115,93,
6,45575165,102,128,
6,45575391,542,138,
6,45575934,13,7,
6,45576536,199,61,
6,45577086,163,31,
6,45577181,214,227,
6,45577266,62,17,
6,45578016,79,18,
6,45578080,87,33,
6,45578115,64,16,
6,45578540,178,86,
6,45578721,13,0,
6,45578935,61,8,2
6,45580347,112,103,
6,45580559,10,11,22
6,45580683,3,0,
6,45580771,59,25,
6,45580981,408,388,
6,45581288,145,98,
6,45581602,192,144,
6,45581988,82,11,
6,45582370,35,13,
6,45582462,276,137,
6,45582958,266,140,
6,45583019,29,8,
6,45583116,40,16,
6,45583180,536,451,
6,45583243,209,128,
6,45583336,708,474,
6,45583574,75,80,
6,45583767,26,11,
6,45583786,398,106,
6,45583787,223,160,
6,45583999,224,136,
6,45584464,356,391,
6,45584498,481,160,
6,45584680,179,80,
6,45586339,1583,629,
6,45586776,189,109,
6,45587546,102,76,
6,45588116,16,7,
6,45588594,310,72,
6,45588689,205,130,
6,45588959,170,60,
6,45589156,240,85,
6,45589327,123,116,
6,45589715,279,244,
6,45589785,49,28,
6,45590681,414,304,
6,45590743,81,81,
6,45590756,479,258,
6,45590935,122,5,
6,45590949,380,101,
6,45591222,137,112,
6,45591288,74,20,
6,45591799,1261,1389,
6,45591902,370,563,
6,45592271,211,101,
6,45593213,97,20,
6,45593358,281,224,
6,45594403,20,0,
6,45594920,546,365,
6,45595403,727,287,
6,45596059,134,35,
6,45597006,224,59,
6,45598590,231,105,
6,45599084,118,18,
6,45599567,339,79,
6,45599727,253,10,
6,45600132,52,16,
6,45600470,145,25,
6,45601177,94,43,
6,45601750,909,468,
6,45601834,220,70,
6,45601982,341,233,
6,45602197,77,6,
6,45602428,384,142,
6,45602676,343,319,
6,45603876,158,128,
6,45604013,44,10,4
6,45604451,120,58,
6,45604673,363,154,
6,45604700,79,49,
6,45604779,220,143,
6,45605153,136,63,
6,45605501,306,682,
6,45605556,142,102,5
6,45606070,64,33,
6,45606698,268,69,
6,45606853,122,83,14
6,45606986,186,41,
6,45607117,812,425,
6,45607758,420,268,
6,45607822,97,31,
6,45608456,242,101,
6,45609251,65,17,
6,45609922,145,111,
6,45609986,405,72,
6,45610226,1751,508,
6,45610266,140,62,
6,45610523,256,89,
6,45610996,128,32,
6,45611252,283,80,
6,45611735,191,135,
6,45611746,42,6,
6,45611851,99,67,
6,45612223,47,3,
6,45612987,110,26,
6,45613047,665,238,
6,45613567,282,181,
6,45613667,60,19,
6,45613898,425,212,
6,45614148,463,770,
6,45614547,39,37,
6,45614713,576,501,
6,45614922,1135,623,
6,45615237,428,953,
6,45615449,68,16,
6,45615863,665,378,
6,45615931,564,108,
6,45617948,300,43,
6,45618536,46,17,
6,45618790,808,195,
6,45619108,191,54,
6,45619329,1204,1101,
6,45619537,729,367,
6,45620394,257,132,
6,45620653,150,79,
6,45621020,88,62,
6,45621074,489,253,
6,45621557,149,23,
6,45621571,88,10,
6,45621972,88,11,
6,45622365,534,145,
6,45622475,8,1,
6,45622604,135,27,
6,45622944,207,116,
6,45623509,121,75,
6,45623917,147,21,
6,45624186,59,3,
6,45624888,204,77,
6,45625229,292,86,
6,45625251,186,110,
6,45625848,86,15,
6,45626010,23,6,
6,45626037,155,33,
6,45626130,398,116,
6,45626349,259,76,
6,45626910,609,579,
6,45626961,97,40,
6,45626985,291,212,
6,45627048,47,2,
6,45627324,471,112,
6,45627394,399,83,
6,45627692,279,35,
6,45627889,67,11,
6,45628190,194,127,
6,45628283,109,4,
6,45628315,84,68,
6,45628348,193,37,
6,45628391,389,248,
6,45629299,110,76,
6,45629522,16,3,
6,45629970,251,115,
6,45631328,55,7,
6,45631503,165,94,
6,45631613,15,3,
6,45631678,144,60,
6,45632429,602,109,
6,45632630,8,0,
6,45632633,21,20,
6,45632738,58,14,
6,45632836,14,1,
6,45632943,57,49,
6,45632976,113,13,
6,45633081,165,81,
6,45633386,71,14,
6,45633453,211,59,
6,45633482,426,234,
6,45633513,42,28,
6,45633591,112,16,
6,45633642,99,17,
6,45633711,104,85,
6,45633753,8,0,
6,45633815,97,22,
6,45633921,51,8,
6,45633954,10,0,
6,45633958,109,69,
6,45634026,157,159,
6,45634055,11,2,
6,45634095,990,668,
6,45634310,84,11,
6,45634333,50,16,
6,45634367,362,159,
6,45634528,65,25,
6,45634638,45,18,
6,45634641,151,108,
6,45634678,118,91,
6,45634797,123,143,
6,45635069,177,42,
6,45635530,25,3,
6,45635533,668,197,
6,45635669,14,15,
6,45635734,47,72,
6,45635870,91,54,
6,45635940,188,162,
6,45636021,6,0,
6,45636116,117,108,
6,45636123,9,5,
6,45636259,7,4,
6,45636285,401,223,
6,45636365,219,81,
6,45637111,6,1,
6,45637129,7,2,
6,45637133,164,69,
6,45637548,27,15,
6,45637744,422,228,
6,45637880,233,101,
6,45638058,14,5,
6,45638096,122,163,
6,45638453,10,0,
6,45638476,9,0,
6,45638514,82,28,
6,45638588,190,83,
6,45638702,62,26,
6,45638739,20,1,
6,45638749,9,0,
6,45638966,62,20,
6,45638986,59,60,
6,45639157,72,10,
6,45639250,325,167,
6,45639391,49,31,
6,45639498,234,115,
6,45639654,161,63,
6,45639860,193,25,
6,45639995,583,53,
6,45640226,1737,396,
6,45640594,968,234,
6,45640678,145,73,
6,45640838,2225,2016,
6,45640877,344,133,
6,45641864,5,0,
6,45642051,59,5,
6,45642528,40,7,
6,45642562,123,61,
6,45642668,27,22,
6,45642874,28,7,
6,45642911,176,43,
6,45642923,132,110,
6,45642979,68,48,
6,45643163,513,304,
6,45643357,558,188,
6,45643553,62,10,
6,45643776,116,47,
6,45643976,65,43,
6,45644072,18,0,
6,45644328,445,109,
6,45644654,142,84,
6,45644921,33,18,
6,45645120,137,43,
6,45645172,516,283,
6,45645349,526,110,
6,45645366,18,16,
6,45645510,109,141,
6,45645614,23,9,
6,45645692,12,1,
6,45646414,141,243,20
6,45646559,153,32,17
6,45646561,415,137,
6,45646572,308,220,
6,45646691,131,29,
6,45646958,164,24,
6,45647003,5,0,
6,45647097,22,0,
6,45647133,172,150,
6,45647166,567,378,
6,45647853,75,58,
6,45648249,164,92,
6,45648258,255,156,
6,45648266,206,235,
6,45648306,14,27,
6,45648743,20,1,
6,45648892,47,5,
6,45649178,974,607,
6,45649507,12,1,
6,45649510,105,41,21
6,45649734,6,1,
6,45650015,24,9,
6,45650617,74,59,
6,45650792,75,15,
6,45650891,20,1,
6,45651364,36,16,
6,45651485,367,324,9
6,45651570,15,4,
6,45652000,40,30,
6,45652107,24,1,
6,45652120,12,0,
6,45652254,8,4,
6,45652282,17,3,
6,45652307,329,298,18
6,45652567,18,0,
6,45652621,7,1,
6,45652639,33,3,
6,45652859,142,54,
6,45652955,9,1,
6,45652968,4,0,
6,45653143,167,14,
6,45653317,11,2,
6,45653330,113,24,
6,45653350,67,82,
6,45653393,61,100,
6,45653543,5,0,
6,45653699,7,5,
6,45653818,29,17,
6,45653841,6,0,
6,45653934,7,0,
6,45653981,25,16,
6,45654087,58,44,
6,45654102,30,7,
6,45654512,182,59,
6,45654540,15,1,
6,45654660,195,49,
6,45654955,24,3,
6,45655161,355,104,10
6,45655177,15,0,
6,45655188,277,800,13
6,45655190,131,28,
6,45655206,20,22,
6,45655263,113,43,
6,45655393,21,2,
6,45655413,57,69,
6,45655485,12,11,
6,45655519,17,0,
6,45656044,217,105,
6,45656116,19,12,
6,45656223,352,199,5
6,45656247,59,33,
6,45656733,8,0,
6,45656734,24,1,
6,45656788,13,1,
6,45656836,9,3,
6,45656910,8,5,
6,45656916,203,236,
6,45656952,101,37,28
6,45656995,7,5,
6,45657190,10,1,
6,45657260,59,5,
6,45657287,363,261,27
6,45657302,262,130,
6,45657345,265,64,8
6,45657428,163,180,
6,45657431,202,243,
6,45657531,23,0,
6,45657595,36,3,
6,45657625,31,1,
6,45657706,19,10,
6,45657747,28,5,
6,45657827,455,68,18
6,45657922,106,69,
6,45658019,220,205,
6,45658056,224,229,
6,45658268,33,14,
6,45658323,16,2,
6,45658479,634,593,15
6,45658687,59,8,
6,45658722,10,1,
6,45658928,34,2,
6,45659481,4,0,
6,45659812,162,81,
6,45659883,40,44,19
6,45660404,37,28,
6,45660412,5,0,
6,45660422,9,0,
6,45660459,9,0,
6,45660634,63,6,
6,45660753,19,1,
6,45661046,13,5,
6,45661084,199,96,27
6,45661112,19,5,
6,45661212,11,7,
6,45661253,564,391,6
6,45661272,6,3,
6,45661306,62,4,16
6,45661399,16,1,
6,45661462,5,0,2
6,45661477,8,0,
6,45661479,14,1,
6,45661545,15,8,
6,45661547,41,13,
6,45661638,163,42,2
6,45661698,85,48,
6,45661823,6,0,
6,45661840,8,1,
6,45661900,6,0,
6,45662006,12,1,
6,45662021,6,0,
6,45662026,7,0,
6,45662053,166,76,
6,45662136,10,1,
6,45662423,6,2,
6,45662431,7,0,
6,45662541,16,3,
6,45662656,10,1,
6,45662668,94,3,12
6,45663045,7,1,
6,45663052,6,0,
6,45663162,6,1,
6,45663219,12,0,
6,45663398,13,2,
6,45663427,8,8,
6,45663435,78,22,
6,45663624,5,0,
6,45663644,23,2,
6,45663676,15,2,
6,45663681,19,1,
6,45664010,7,0,
6,45664147,147,34,7
6,45664323,9,0,
6,45664431,16,9,4
6,45664765,3,1,
6,45664848,42,16,1
6,45665311,12,2,3
7,45526845,242,30,
7,45528813,115,46,
7,45529120,151,75,
7,45529255,181,92,
7,45529534,146,25,
7,45529587,1202,438,
7,45532971,48,7,
7,45535622,48,6,
7,45539079,223,32,
7,45539262,251,176,
7,45540398,114,47,
7,45542245,60,22,
7,45542536,135,19,
7,45543546,64,5,
7,45544330,24,6,
7,45545017,110,57,
7,45545220,161,71,
7,45545753,46,6,
7,45545980,26,36,
7,45546250,73,9,
7,45546575,129,28,
7,45547346,44,10,
7,45547566,840,185,
7,45547891,66,3,
7,45548125,36,7,26
7,45550908,18,0,
7,45550969,93,81,
7,45552358,98,42,
7,45553422,235,43,
7,45555709,155,110,
7,45555960,41,56,
7,45556104,95,93,
7,45556374,35,20,
7,45556413,31,2,
7,45556536,86,49,
7,45556772,66,16,
7,45556827,37,11,
7,45556911,148,18,
7,45557032,168,127,
7,45557157,30,6,
7,45557272,34,11,
7,45557591,111,23,
7,45557596,127,87,
7,45557599,428,171,25
7,45558820,45,2,
7,45558913,57,24,
7,45559040,127,36,
7,45559145,51,15,
7,45559573,87,39,
7,45559857,640,169,
7,45560738,94,24,
7,45560864,63,8,
7,45561382,56,16,
7,45562849,52,24,
7,45563021,54,11,
7,45563576,346,171,
7,45563589,57,16,
7,45564619,186,268,
7,45564696,101,47,
7,45564821,70,25,23
7,45565977,85,23,
7,45566441,146,30,
7,45566638,222,302,
7,45566644,726,636,
7,45566766,134,111,
7,45567050,113,35,
7,45567382,12,8,
7,45567443,32,2,
7,45567746,91,51,
7,45567877,723,499,
7,45568700,466,321,
7,45568708,129,26,
7,45568915,487,726,
7,45569350,1519,308,
7,45569692,42,15,
7,45569787,39,17,
7,45570517,96,40,
7,45570758,68,8,
7,45571423,310,67,
7,45572478,138,108,
7,45573626,90,9,
7,45574106,83,14,
7,45575127,115,93,
7,45575165,102,128,
7,45575391,542,138,
7,45575934,13,7,
7,45576536,199,61,
7,45577086,163,31,
7,45577181,215,227,
7,45577266,62,17,
7,45578016,80,20,
7,45578080,87,33,
7,45578115,64,16,
7,45578540,178,86,
7,45578721,13,0,
7,45578935,74,12,22
7,45580347,112,103,
7,45580559,10,13,
7,45580683,5,0,20
7,45580771,59,25,
7,45580981,408,388,
7,45581288,145,98,
7,45581602,192,144,
7,45581988,82,11,
7,45582370,35,13,
7,45582462,276,137,
7,45582958,266,141,
7,45583019,29,9,
7,45583116,40,16,
7,45583180,536,451,
7,45583243,209,128,
7,45583336,708,474,
7,45583574,75,80,
7,45583767,26,11,
7,45583786,398,106,
7,45583787,223,160,
7,45583999,224,136,
7,45584464,356,391,
7,45584498,481,160,
7,45584680,180,81,
7,45586339,1583,629,
7,45586776,189,109,
7,45587546,102,76,
7,45588116,16,7,
7,45588594,310,72,
7,45588689,205,130,
7,45588959,170,60,
7,45589156,240,85,
7,45589327,123,116,
7,45589715,281,244,
7,45589785,50,28,
7,45590681,414,304,
7,45590743,81,81,
7,45590756,479,258,
7,45590935,122,5,
7,45590949,380,101,
7,45591222,137,112,
7,45591288,74,20,
7,45591799,1261,1389,
7,45591902,370,563,
7,45592271,211,101,
7,45593213,97,20,
7,45593358,281,224,
7,45594403,20,0,
7,45594920,546,365,
7,45595403,727,287,
7,45596059,134,35,
7,45597006,224,59,
7,45598590,231,105,
7,45599084,118,18,
7,45599567,339,79,
7,45599727,253,10,
7,45600132,52,16,
7,45600470,145,25,
7,45601177,94,43,
7,45601750,909,468,
7,45601834,220,70,
7,45601982,341,233,
7,45602197,77,6,
7,45602428,384,142,
7,45602676,343,319,
7,45603876,158,128,
7,45604013,55,11,4
7,45604451,120,58,
7,45604673,363,154,
7,45604700,79,49,
7,45604779,220,143,
7,45605153,136,63,
7,45605501,306,682,
7,45605556,145,107,11
7,45606070,64,33,
7,45606698,268,69,
7,45606853,128,85,14
7,45606986,186,41,
7,45607117,812,425,
7,45607758,420,268,
7,45607822,97,31,
7,45608456,242,101,
7,45609251,65,17,
7,45609922,145,111,
7,45609986,405,72,
7,45610226,1751,508,
7,45610266,140,62,
7,45610523,256,89,
7,45610996,128,32,
7,45611252,283,80,
7,45611735,191,135,
7,45611746,42,6,
7,45611851,99,67,
7,45612223,47,3,
7,45612987,110,26,
7,45613047,665,238,
7,45613567,282,181,
7,45613667,60,19,
7,45613898,425,212,
7,45614148,463,770,
7,45614547,39,37,
7,45614713,576,501,
7,45614922,1135,623,
7,45615237,428,953,
7,45615449,68,16,
7,45615863,665,378,
7,45615931,565,108,
7,45617948,300,43,
7,45618536,46,17,
7,45618790,808,195,
7,45619108,191,54,
7,45619329,1204,1101,
7,45619537,729,367,
7,45620394,257,132,
7,45620653,150,79,
7,45621020,89,62,
7,45621074,489,253,
7,45621557,150,23,
7,45621571,88,10,
7,45621972,88,11,
7,45622365,534,145,
7,45622475,8,1,
7,45622604,135,27,
7,45622944,207,116,
7,45623509,121,75,
7,45623917,147,21,
7,45624186,59,3,
7,45624888,204,77,
7,45625229,292,86,
7,45625251,186,110,
7,45625848,86,15,
7,45626010,23,6,
7,45626037,155,33,
7,45626130,398,116,
7,45626349,259,76,
7,45626910,609,579,
7,45626961,97,40,
7,45626985,291,212,
7,45627048,47,2,
7,45627324,471,112,
7,45627394,399,83,
7,45627692,279,35,
7,45627889,67,11,
7,45628190,194,127,
7,45628283,109,4,
7,45628315,84,68,
7,45628348,193,37,
7,45628391,389,248,
7,45629299,110,76,
7,45629522,16,3,
7,45629970,251,115,
7,45631328,55,7,
7,45631503,165,96,
7,45631613,15,3,
7,45631678,144,60,
7,45632429,603,109,
7,45632630,8,0,
7,45632633,21,20,
7,45632738,58,14,
7,45632836,14,1,
7,45632943,57,49,
7,45632976,113,13,
7,45633081,165,81,
7,45633386,72,14,
7,45633453,211,59,
7,45633482,426,234,
7,45633513,42,28,
7,45633591,112,16,
7,45633642,99,17,
7,45633711,104,85,
7,45633753,8,0,
7,45633815,97,22,
7,45633921,51,8,
7,45633954,10,0,
7,45633958,109,69,
7,45634026,157,159,
7,45634055,11,2,
7,45634095,990,668,
7,45634310,84,11,
7,45634333,50,16,
7,45634367,362,159,
7,45634528,65,25,
7,45634638,45,18,
7,45634641,151,108,
7,45634678,118,91,
7,45634797,123,143,
7,45635069,177,42,
7,45635530,25,3,
7,45635533,668,197,
7,45635669,14,15,
7,45635734,47,72,
7,45635870,91,54,
7,45635940,188,162,
7,45636116,117,108,
7,45636123,9,5,
7,45636259,7,4,
7,45636285,401,223,
7,45636365,219,81,
7,45637111,6,1,
7,45637129,7,2,
7,45637133,164,69,
7,45637548,27,15,
7,45637744,422,228,
7,45637880,233,101,
7,45638058,14,5,
7,45638096,122,163,
7,45638453,10,0,
7,45638476,9,0,
7,45638514,82,28,
7,45638588,191,83,
7,45638702,62,26,
7,45638739,20,1,
7,45638749,9,0,
7,45638966,62,20,
7,45638986,59,60,
7,45639157,72,10,
7,45639250,326,167,
7,45639391,49,31,
7,45639498,234,115,
7,45639654,161,63,
7,45639860,193,25,
7,45639995,584,53,
7,45640226,1739,396,
7,45640594,968,234,
7,45640678,145,74,
7,45640838,2228,2017,
7,45640877,344,133,
7,45641864,5,0,
7,45642051,59,5,
7,45642528,40,7,
7,45642562,124,61,
7,45642668,27,22,
7,45642874,29,7,
7,45642911,176,43,
7,45642923,132,110,
7,45642979,68,49,
7,45643163,513,305,
7,45643357,558,191,
7,45643553,62,10,
7,45643776,116,47,
7,45643976,65,43,
7,45644328,445,109,
7,45644654,142,84,
7,45644921,33,18,
7,45645120,138,43,
7,45645172,516,284,
7,45645349,528,110,
7,45645366,18,16,
7,45645510,109,141,
7,45645614,23,9,
7,45645692,12,1,
7,45646414,147,252,21
7,45646559,161,36,16
7,45646561,416,138,
7,45646572,308,220,
7,45646691,131,29,
7,45646958,164,24,
7,45647003,5,0,
7,45647097,22,0,
7,45647133,172,150,
7,45647166,567,378,
7,45647853,75,58,
7,45648249,164,92,
7,45648258,255,156,
7,45648266,206,235,
7,45648306,14,27,
7,45648743,20,1,
7,45648892,47,5,
7,45649178,976,611,
7,45649507,12,1,
7,45649510,108,43,22
7,45649734,6,1,
7,45650015,24,9,
7,45650617,74,59,
7,45650792,75,15,
7,45650891,20,1,
7,45651364,36,16,
7,45651485,386,362,7
7,45651570,15,4,
7,45652000,40,30,
7,45652107,24,1,
7,45652254,8,4,
7,45652282,17,3,
7,45652307,330,300,
7,45652567,18,0,
7,45652621,7,1,
7,45652639,33,3,
7,45652859,143,54,
7,45652955,9,1,
7,45652968,5,0,
7,45653143,168,15,
7,45653317,11,2,
7,45653330,116,24,
7,45653350,67,82,
7,45653393,61,100,
7,45653543,5,0,
7,45653818,29,17,
7,45653841,6,0,
7,45653934,7,0,
7,45653981,25,16,
7,45654087,58,44,
7,45654102,31,7,
7,45654512,184,60,
7,45654540,15,1,
7,45654660,196,51,
7,45654955,24,4,
7,45655161,365,106,10
7,45655177,15,0,
7,45655188,286,808,12
7,45655190,132,28,
7,45655206,20,22,
7,45655263,114,43,
7,45655393,21,2,
7,45655413,57,69,
7,45655485,12,11,
7,45655519,18,0,
7,45656044,217,107,
7,45656116,19,12,
7,45656223,365,212,5
7,45656247,59,33,
7,45656733,8,0,
7,45656734,24,1,
7,45656788,13,1,
7,45656836,9,3,
7,45656910,8,5,
7,45656916,204,237,
7,45656952,106,37,27
7,45656995,7,5,
7,45657190,10,1,
7,45657260,63,5,
7,45657287,370,271,27
7,45657302,264,134,
7,45657345,280,67,9
7,45657428,166,181,
7,45657431,204,245,
7,45657531,24,0,
7,45657595,36,3,
7,45657625,31,1,
7,45657706,19,10,
7,45657747,28,5,
7,45657827,471,73,18
7,45657922,107,69,
7,45658019,222,210,
7,45658056,225,230,
7,45658268,34,15,
7,45658323,16,2,
7,45658479,650,619,15
7,45658687,62,8,
7,45658722,10,1,
7,45658928,34,2,
7,45659481,5,0,
7,45659812,163,81,
7,45659883,45,53,19
7,45660404,38,28,
7,45660412,5,0,
7,45660422,10,0,
7,45660459,9,0,
7,45660634,66,6,
7,45660753,19,1,
7,45661046,13,5,
7,45661084,202,99,29
7,45661112,23,6,
7,45661253,592,397,6
7,45661272,6,3,
7,45661306,78,5,15
7,45661399,16,1,
7,45661462,18,0,2
7,45661477,9,0,
7,45661479,15,1,
7,45661545,15,8,
7,45661547,42,13,
7,45661638,175,50,3
7,45661698,86,48,
7,45661823,6,0,
7,45661840,8,1,
7,45661900,6,0,
7,45662006,14,1,
7,45662021,6,0,
7,45662026,7,0,
7,45662053,167,76,
7,45662136,10,1,
7,45662423,6,2,
7,45662431,7,0,
7,45662541,16,3,
7,45662656,11,2,
7,45662668,97,4,12
7,45663045,8,1,
7,45663052,6,0,
7,45663162,6,1,
7,45663219,12,0,
7,45663398,13,2,
7,45663427,9,8,
7,45663435,79,22,
7,45663624,7,0,
7,45663644,23,2,
7,45663676,16,4,
7,45663681,21,1,
7,45664010,9,0,
7,45664147,167,42,7
7,45664323,10,0,
7,45664431,20,9,
7,45664699,8,1,
7,45664765,4,1,
7,45664791,4,0,
7,45664848,56,25,1
7,45665217,8,0,
7,45665311,32,21,16
7,45665796,61,25,1
8,45526845,242,30,
8,45528813,115,46,
8,45529120,151,75,
8,45529255,181,92,
8,45529534,146,25,
8,45529587,1202,438,
8,45532971,48,7,
8,45535622,48,6,
8,45539079,223,32,
8,45539262,251,176,
8,45540398,114,47,
8,45542245,60,22,
8,45542536,135,19,
8,45543546,64,5,
8,45544330,24,6,
8,45545017,110,57,
8,45545220,161,71,
8,45545753,46,6,
8,45545980,26,36,
8,45546250,73,9,
8,45546575,129,28,
8,45547346,44,10,
8,45547566,840,185,
8,45547891,66,3,
8,45548125,38,7,28
8,45550908,18,0,
8,45550969,93,81,
8,45552358,98,42,
8,45553422,235,43,
8,45555709,155,110,
8,45555960,41,56,
8,45556104,95,93,
8,45556374,35,20,
8,45556413,31,2,
8,45556536,86,49,
8,45556772,66,16,
8,45556827,37,11,
8,45556911,148,18,
8,45557032,168,127,
8,45557157,30,6,
8,45557272,34,11,
8,45557591,111,23,
8,45557596,127,87,
8,45557599,439,175,25
8,45558820,45,2,
8,45558913,57,24,
8,45559040,127,36,
8,45559145,51,15,
8,45559573,87,39,
8,45559857,640,169,
8,45560738,94,24,
8,45560864,63,8,
8,45561382,56,16,
8,45562849,52,24,
8,45563021,54,11,
8,45563576,346,171,
8,45563589,57,16,
8,45564619,186,268,
8,45564696,101,47,
8,45564821,76,25,24
8,45565793,17,2,16
8,45565977,85,23,
8,45566441,146,30,
8,45566638,223,302,
8,45566644,728,636,
8,45566766,134,111,
8,45567050,113,35,
8,45567382,12,8,
8,45567443,32,2,
8,45567746,91,51,
8,45567877,723,499,
8,45568700,466,321,
8,45568708,129,26,
8,45568915,487,726,
8,45569350,1519,308,
8,45569692,42,15,
8,45569787,39,17,
8,45570517,96,40,
8,45570758,68,8,
8,45571423,310,67,
8,45572478,138,108,
8,45573626,90,9,
8,45574106,83,14,
8,45575127,115,93,
8,45575165,104,128,
8,45575391,542,138,
8,45575934,13,7,
8,45576536,199,61,
8,45577086,163,31,
8,45577181,215,227,
8,45577266,62,17,
8,45578016,83,20,
8,45578080,87,33,
8,45578115,64,16,
8,45578540,178,86,
8,45578721,13,0,
8,45578935,88,21,26
8,45580347,112,103,
8,45580559,10,14,
8,45580683,5,0,21
8,45580771,59,25,
8,45580981,408,388,
8,45581288,145,98,
8,45581602,192,144,
8,45581988,82,11,
8,45582370,35,13,
8,45582462,277,137,
8,45582958,267,141,
8,45583019,29,9,
8,45583116,40,16,
8,45583180,536,451,
8,45583243,209,128,
8,45583336,709,474,
8,45583574,75,80,
8,45583767,26,11,
8,45583786,398,106,
8,45583787,223,160,
8,45583999,224,136,
8,45584464,356,391,
8,45584498,481,160,
8,45584680,180,81,
8,45586339,1583,629,
8,45586776,189,109,
8,45587546,102,76,
8,45588116,16,7,
8,45588594,310,72,
8,45588689,205,130,
8,45588959,170,60,
8,45589156,240,85,
8,45589327,123,116,
8,45589715,281,244,
8,45589785,50,28,
8,45590681,414,304,
8,45590743,81,81,
8,45590756,479,258,
8,45590935,122,5,
8,45590949,380,101,
8,45591222,137,112,
8,45591288,74,20,
8,45591799,1261,1389,
8,45591902,370,563,
8,45592271,211,101,
8,45593213,97,20,
8,45593358,281,224,
8,45594403,20,0,
8,45594920,546,365,
8,45595403,727,287,
8,45596059,134,35,
8,45597006,224,59,
8,45598590,231,105,
8,45599084,118,18,
8,45599567,339,79,
8,45599727,253,10,
8,45600132,52,16,
8,45600470,145,25,
8,45601177,94,43,
8,45601750,909,468,
8,45601834,220,70,
8,45601982,341,233,
8,45602197,77,6,
8,45602428,384,142,
8,45602676,343,319,
8,45603876,158,128,
8,45604013,66,14,6
8,45604451,120,58,
8,45604673,363,154,
8,45604700,79,49,
8,45604779,220,143,
8,45605153,136,63,
8,45605501,306,682,
8,45605556,155,110,13
8,45606070,64,33,
8,45606698,268,69,
8,45606853,137,90,15
8,45606986,186,41,
8,45607117,812,425,
8,45607758,420,268,
8,45607822,97,31,
8,45608456,242,101,
8,45609251,65,17,
8,45609922,145,111,
8,45609986,405,72,
8,45610226,1751,508,
8,45610266,140,62,
8,45610523,256,89,
8,45610996,128,32,
8,45611252,283,80,
8,45611746,42,6,
8,45611851,99,67,
8,45612223,47,3,
8,45612987,110,26,
8,45613047,665,238,
8,45613567,282,181,
8,45613667,60,19,
8,45613898,425,212,
8,45614148,463,770,
8,45614547,39,37,
8,45614713,576,501,
8,45614922,1135,623,
8,45615237,428,954,
8,45615449,68,16,
8,45615863,665,378,
8,45615931,565,108,
8,45617948,301,43,
8,45618536,46,17,
8,45618790,808,195,
8,45619108,191,54,
8,45619329,1204,1102,
8,45619537,729,367,
8,45620394,257,132,
8,45620653,150,79,
8,45621020,89,63,
8,45621074,489,253,
8,45621557,150,23,
8,45621571,88,10,
8,45621972,88,11,
8,45622365,534,145,
8,45622475,8,1,
8,45622604,135,27,
8,45622944,207,116,
8,45623509,121,75,
8,45623917,147,21,
8,45624186,59,3,
8,45624888,204,77,
8,45625229,292,86,
8,45625251,186,110,
8,45625848,86,15,
8,45626010,23,6,
8,45626037,155,33,
8,45626130,398,116,
8,45626349,259,76,
8,45626910,609,580,
8,45626961,97,40,
8,45626985,291,212,
8,45627048,47,2,
8,45627324,471,112,
8,45627394,399,83,
8,45627692,279,35,
8,45627889,67,11,
8,45628190,194,127,
8,45628283,109,4,
8,45628315,84,68,
8,45628348,193,37,
8,45628391,389,248,
8,45629299,110,76,
8,45629522,16,3,
8,45629970,251,115,
8,45631328,55,7,
8,45631503,165,96,
8,45631613,15,3,
8,45631678,144,60,
8,45632429,603,109,
8,45632630,8,0,
8,45632633,21,20,
8,45632836,14,1,
8,45632943,57,49,
8,45632976,113,13,
8,45633081,165,81,
8,45633386,73,14,
8,45633453,211,59,
8,45633482,426,234,
8,45633513,42,28,
8,45633591,112,16,
8,45633642,99,17,
8,45633711,104,85,
8,45633753,8,0,
8,45633815,97,22,
8,45633921,51,8,
8,45633954,10,0,
8,45633958,109,69,
8,45634026,157,159,
8,45634055,11,2,
8,45634095,990,668,
8,45634310,84,11,
8,45634333,50,16,
8,45634367,362,159,
8,45634528,65,25,
8,45634638,45,18,
8,45634641,151,108,
8,45634678,118,91,
8,45634797,123,143,
8,45635069,177,42,
8,45635530,25,3,
8,45635533,668,197,
8,45635669,14,15,
8,45635734,47,72,
8,45635870,91,54,
8,45635940,188,162,
8,45636116,117,108,
8,45636259,7,4,
8,45636285,401,223,
8,45636365,219,82,
8,45637111,6,1,
8,45637129,7,2,
8,45637133,164,69,
8,45637548,27,15,
8,45637744,422,228,
8,45637880,233,101,
8,45638058,14,5,
8,45638096,122,163,
8,45638453,10,0,
8,45638476,9,0,
8,45638514,82,28,
8,45638588,191,83,
8,45638702,62,26,
8,45638739,20,1,
8,45638749,9,0,
8,45638966,62,20,
8,45638986,59,60,
8,45639157,72,10,
8,45639250,327,167,
8,45639391,49,31,
8,45639498,234,115,
8,45639654,161,63,
8,45639860,193,25,
8,45639995,584,54,
8,45640226,1740,396,
8,45640594,970,234,
8,45640678,145,74,
8,45640838,2228,2018,
8,45640877,344,133,
8,45641864,5,0,
8,45642051,59,5,
8,45642528,40,7,
8,45642562,124,61,
8,45642668,27,22,
8,45642874,31,10,
8,45642911,176,43,
8,45642923,132,110,
8,45642979,68,49,
8,45643163,513,305,
8,45643357,558,191,
8,45643553,62,10,
8,45643776,116,47,
8,45643976,65,43,
8,45644328,445,109,
8,45644654,142,84,
8,45644921,33,18,
8,45645120,138,43,
8,45645172,517,284,
8,45645349,528,110,
8,45645366,18,17,
8,45645510,109,141,
8,45645614,23,9,
8,45645692,12,1,
8,45646414,150,259,21
8,45646559,162,38,17
8,45646561,416,138,
8,45646572,308,221,
8,45646691,131,29,
8,45646958,164,24,
8,45647003,5,0,
8,45647097,22,0,
8,45647133,172,150,
8,45647166,567,380,
8,45647853,75,58,
8,45648249,164,92,
8,45648258,255,156,
8,45648266,206,235,
8,45648306,14,27,
8,45648743,20,1,
8,45648892,47,5,
8,45649178,979,612,
8,45649507,12,1,
8,45649510,113,47,22
8,45649734,6,1,
8,45650015,24,9,
8,45650617,74,59,
8,45650792,76,15,
8,45650891,20,1,
8,45651364,36,16,
8,45651485,390,375,
8,45651570,15,4,
8,45652000,40,30,
8,45652107,24,1,
8,45652254,8,4,
8,45652282,17,3,
8,45652307,331,301,
8,45652567,18,0,
8,45652621,7,1,
8,45652639,33,3,
8,45652859,143,54,
8,45652955,9,1,
8,45652968,5,0,
8,45653143,168,16,
8,45653317,11,2,
8,45653330,116,24,
8,45653350,67,82,
8,45653393,61,102,
8,45653543,6,0,
8,45653818,29,17,
8,45653934,7,0,
8,45653981,25,16,
8,45654087,58,44,
8,45654102,32,7,
8,45654512,186,60,
8,45654540,15,1,
8,45654660,196,52,
8,45654955,24,4,
8,45655161,375,111,10
8,45655177,15,0,
8,45655188,300,828,12
8,45655190,134,28,
8,45655206,21,22,
8,45655263,116,43,
8,45655393,22,2,
8,45655413,57,70,
8,45655485,12,11,
8,45655519,18,0,
8,45656044,217,107,
8,45656116,19,12,
8,45656223,372,224,7
8,45656247,59,33,
8,45656733,8,0,
8,45656734,24,1,
8,45656788,13,1,
8,45656836,9,3,
8,45656910,8,5,
8,45656916,204,237,
8,45656952,109,39,30
8,45656995,7,5,
8,45657190,10,1,
8,45657260,65,5,
8,45657287,378,283,28
8,45657302,267,134,
8,45657345,294,67,8
8,45657428,167,183,
8,45657431,207,250,
8,45657531,24,0,
8,45657595,37,3,
8,45657625,31,1,
8,45657706,19,10,
8,45657747,28,5,
8,45657827,484,76,19
8,45657922,107,69,
8,45658019,224,212,
8,45658056,228,234,
8,45658268,35,15,
8,45658323,16,2,
8,45658479,667,630,16
8,45658687,62,8,
8,45658722,11,1,
8,45658928,34,2,
8,45659481,5,0,
8,45659812,163,81,
8,45659883,50,54,22
8,45660404,38,28,
8,45660412,5,0,
8,45660422,10,0,
8,45660459,9,0,
8,45660634,69,6,
8,45660753,20,1,
8,45661046,13,6,
8,45661084,202,100,
8,45661112,25,7,
8,45661253,621,423,9
8,45661306,93,5,17
8,45661399,16,1,
8,45661462,23,1,3
8,45661477,9,0,
8,45661479,15,1,
8,45661545,15,8,
8,45661547,42,13,
8,45661638,182,57,5
8,45661698,86,51,
8,45661823,6,0,
8,45661840,8,1,
8,45661900,6,0,
8,45662006,14,2,
8,45662021,7,0,
8,45662026,7,0,
8,45662053,169,76,
8,45662136,10,1,
8,45662423,6,2,
8,45662431,7,0,
8,45662541,16,3,
8,45662656,11,2,
8,45662668,105,5,13
8,45663045,8,1,
8,45663052,6,0,
8,45663162,6,1,
8,45663219,13,0,
8,45663398,13,3,
8,45663427,9,8,
8,45663435,79,23,
8,45663624,7,0,
8,45663644,23,2,
8,45663676,16,5,
8,45663681,22,1,
8,45664010,10,0,
8,45664147,185,48,11
8,45664323,10,0,
8,45664431,20,9,
8,45664699,8,5,
8,45664765,5,1,
8,45664791,5,0,
8,45664848,67,28,2
8,45665217,12,1,
8,45665311,100,86,3
8,45665796,169,59,1
8,45666162,3,0,
9,45526845,242,30,
9,45528813,115,47,
9,45529120,151,77,
9,45529255,181,92,
9,45529534,146,25,
9,45529587,1202,438,
9,45532971,48,7,
9,45535622,48,6,
9,45539079,223,32,
9,45539262,251,176,
9,45540398,114,47,
9,45542245,60,22,
9,45542536,135,19,
9,45543546,64,5,
9,45544330,24,6,
9,45545017,110,57,
9,45545220,161,71,
9,45545753,46,6,
9,45545980,26,36,
9,45546250,73,9,
9,45546575,129,28,
9,45547346,44,10,
9,45547566,840,185,
9,45547891,66,3,
9,45548125,39,8,
9,45550908,18,0,
9,45550969,93,81,
9,45552358,98,42,
9,45553422,235,43,
9,45555709,155,110,
9,45555960,41,56,
9,45556104,95,93,
9,45556374,35,20,
9,45556413,31,2,
9,45556536,86,49,
9,45556772,66,16,
9,45556827,37,11,
9,45556911,148,18,
9,45557032,168,127,
9,45557157,30,6,
9,45557272,34,11,
9,45557591,111,23,
9,45557596,127,87,
9,45557599,450,181,27
9,45558820,45,2,
9,45558913,57,24,
9,45559040,127,36,
9,45559145,51,15,
9,45559573,87,39,
9,45559857,640,169,
9,45560738,94,24,
9,45560864,63,8,
9,45561382,56,16,
9,45562849,52,24,
9,45563021,54,11,
9,45563576,346,171,
9,45563589,57,16,
9,45564619,186,268,
9,45564696,101,47,
9,45564821,82,30,26
9,45565793,34,8,8
9,45565977,85,23,
9,45566441,146,30,
9,45566638,223,302,
9,45566644,728,636,
9,45566730,32,2,5
9,45566766,134,111,
9,45567050,113,35,
9,45567382,12,8,
9,45567443,32,2,
9,45567746,91,51,
9,45567877,723,499,
9,45568700,466,321,
9,45568708,129,26,
9,45568915,487,726,
9,45569350,1519,308,
9,45569692,42,15,
9,45569787,39,17,
9,45570517,96,40,
9,45570758,68,8,
9,45571423,311,67,
9,45572478,138,108,
9,45573626,90,9,
9,45574106,83,14,
9,45575127,115,93,
9,45575165,105,130,
9,45575391,542,138,
9,45575934,13,7,
9,45576536,199,61,
9,45577086,163,31,
9,45577181,215,227,
9,45577266,62,17,
9,45578016,83,20,
9,45578080,87,34,
9,45578115,64,16,
9,45578540,178,86,
9,45578721,13,0,
9,45578935,92,22,29
9,45580347,112,103,
9,45580559,10,18,
9,45580683,6,0,28
9,45580771,59,25,
9,45580981,408,388,
9,45581288,145,98,
9,45581602,192,144,
9,45581988,82,11,
9,45582370,35,13,
9,45582462,277,137,
9,45582958,267,141,
9,45583019,29,9,
9,45583116,40,16,
9,45583180,536,451,
9,45583243,209,128,
9,45583336,709,474,
9,45583574,75,80,
9,45583767,26,11,
9,45583786,398,106,
9,45583787,223,160,
9,45583999,224,136,
9,45584464,356,391,
9,45584680,181,83,
9,45586339,1583,629,
9,45586776,189,109,
9,45587546,102,76,
9,45588116,16,7,
9,45588594,310,72,
9,45588689,205,130,
9,45588959,170,60,
9,45589156,240,85,
9,45589327,123,116,
9,45589715,281,244,
9,45589785,50,28,
9,45590681,414,304,
9,45590743,81,81,
9,45590756,479,258,
9,45590935,122,5,
9,45590949,380,101,
9,45591222,137,112,
9,45591288,74,20,
9,45591799,1261,1389,
9,45591902,370,563,
9,45592271,211,101,
9,45593213,97,20,
9,45593358,281,224,
9,45594403,20,0,
9,45594920,546,365,
9,45595403,727,287,
9,45596059,134,35,
9,45597006,224,59,
9,45598590,231,105,
9,45599084,118,18,
9,45599567,339,79,
9,45599727,253,10,
9,45600132,52,16,
9,45600470,145,25,
9,45601177,94,43,
9,45601750,909,468,
9,45601834,220,70,
9,45601982,341,233,
9,45602197,77,6,
9,45602428,384,142,
9,45602676,343,319,
9,45603876,158,128,
9,45604013,68,16,5
9,45604451,120,58,
9,45604673,364,154,
9,45604700,79,49,
9,45604779,220,143,
9,45605153,136,63,
9,45605501,306,682,
9,45605556,162,111,16
9,45606070,64,33,
9,45606698,268,69,
9,45606853,145,98,18
9,45606986,186,41,
9,45607117,812,425,
9,45607758,420,268,
9,45607822,97,31,
9,45608456,242,101,
9,45609251,65,17,
9,45609922,145,111,
9,45609986,405,72,
9,45610226,1751,508,
9,45610266,140,62,
9,45610523,256,89,
9,45610996,128,32,
9,45611252,283,80,
9,45611746,42,6,
9,45611851,99,67,
9,45612223,47,3,
9,45612987,110,26,
9,45613047,665,238,
9,45613567,282,181,
9,45613667,60,19,
9,45613898,425,212,
9,45614148,463,770,
9,45614547,39,37,
9,45614713,576,501,
9,45614922,1135,624,
9,45615237,428,954,
9,45615449,68,16,
9,45615863,665,378,
9,45615931,565,108,
9,45617948,302,43,
9,45618536,46,17,
9,45618790,808,196,
9,45619108,191,54,
9,45619329,1204,1102,
9,45619537,729,367,
9,45620394,257,132,
9,45620653,150,79,
9,45621020,89,63,
9,45621074,489,253,
9,45621557,150,23,
9,45621571,88,10,
9,45621972,88,11,
9,45622365,534,145,
9,45622475,8,1,
9,45622604,135,27,
9,45622944,207,116,
9,45623509,121,75,
9,45623917,147,21,
9,45624186,59,3,
9,45624888,204,77,
9,45625229,292,86,
9,45625251,186,110,
9,45625848,86,15,
9,45626010,23,6,
9,45626037,155,33,
9,45626130,398,116,
9,45626349,260,76,
9,45626910,609,580,
9,45626961,97,40,
9,45626985,291,212,
9,45627048,47,2,
9,45627324,471,112,
9,45627394,399,83,
9,45627692,279,35,
9,45628190,194,127,
9,45628283,109,4,
9,45628315,84,68,
9,45628348,193,37,
9,45628391,389,248,
9,45629299,110,76,
9,45629522,16,3,
9,45629970,251,115,
9,45631328,55,7,
9,45631503,165,96,
9,45631613,15,3,
9,45631678,144,60,
9,45632429,603,109,
9,45632630,8,0,
9,45632633,21,20,
9,45632836,14,1,
9,45632943,57,49,
9,45632976,113,13,
9,45633081,165,81,
9,45633386,73,14,
9,45633453,211,59,
9,45633482,426,234,
9,45633513,42,28,
9,45633591,112,16,
9,45633642,99,17,
9,45633711,104,85,
9,45633753,8,0,
9,45633815,97,22,
9,45633921,51,8,
9,45633954,10,0,
9,45633958,109,69,
9,45634026,157,159,
9,45634055,11,2,
9,45634095,990,668,
9,45634310,84,11,
9,45634333,50,16,
9,45634367,362,159,
9,45634528,65,25,
9,45634638,45,18,
9,45634641,151,108,
9,45634678,118,91,
9,45634797,123,143,
9,45635069,177,42,
9,45635530,25,3,
9,45635533,668,197,
9,45635669,14,15,
9,45635734,47,72,
9,45635870,91,54,
9,45635940,188,162,
9,45636116,117,108,
9,45636259,7,4,
9,45636285,401,223,
9,45636365,219,82,
9,45637133,164,69,
9,45637548,27,15,
9,45637744,422,228,
9,45637880,233,101,
9,45638058,14,5,
9,45638096,122,163,
9,45638453,10,0,
9,45638476,9,0,
9,45638514,82,28,
9,45638588,191,83,
9,45638702,62,26,
9,45638739,20,1,
9,45638749,9,0,
9,45638966,62,20,
9,45638986,59,60,
9,45639157,72,10,
9,45639250,327,167,
9,45639391,49,31,
9,45639498,234,115,
9,45639654,161,63,
9,45639860,193,25,
9,45639995,584,54,
9,45640226,1742,396,
9,45640594,972,235,
9,45640678,145,74,
9,45640838,2228,2018,
9,45640877,344,133,
9,45641864,5,0,
9,45642051,59,5,
9,45642528,40,7,
9,45642562,124,61,
9,45642668,27,22,
9,45642874,31,10,
9,45642911,177,43,
9,45642923,132,110,
9,45642979,68,49,
9,45643163,513,305,
9,45643357,558,191,
9,45643553,62,10,
9,45643776,116,47,
9,45643976,65,43,
9,45644328,446,109,
9,45644654,142,84,
9,45644921,33,18,
9,45645120,138,43,
9,45645172,517,284,
9,45645349,529,110,
9,45645366,18,18,
9,45645510,110,141,
9,45645692,12,1,
9,45646414,156,268,23
9,45646559,167,39,20
9,45646561,416,138,
9,45646572,308,221,
9,45646691,131,29,
9,45646958,164,24,
9,45647003,5,0,
9,45647097,22,0,
9,45647133,172,150,
9,45647166,567,381,
9,45647853,75,58,
9,45648249,164,93,
9,45648258,256,156,
9,45648266,206,235,
9,45648306,14,27,
9,45648743,20,1,
9,45648892,47,5,
9,45649178,980,612,
9,45649507,12,1,
9,45649510,119,48,24
9,45649734,6,1,
9,45650015,24,9,
9,45650617,74,59,
9,45650792,76,15,
9,45650891,20,1,
9,45651364,36,16,
9,45651485,397,379,
9,45651570,15,4,
9,45652000,40,30,
9,45652107,24,1,
9,45652254,8,4,
9,45652282,17,3,
9,45652307,332,303,
9,45652567,18,0,
9,45652621,7,1,
9,45652639,33,3,
9,45652859,143,54,
9,45652955,9,1,
9,45652968,5,0,
9,45653143,168,16,
9,45653317,11,2,
9,45653330,116,24,
9,45653350,67,82,
9,45653393,61,104,
9,45653543,6,0,
9,45653818,29,17,
9,45653934,7,0,
9,45653981,25,16,
9,45654087,58,44,
9,45654102,32,7,
9,45654512,189,60,
9,45654540,15,1,
9,45654660,197,52,
9,45654955,24,4,
9,45655161,384,112,10
9,45655177,15,0,
9,45655188,308,845,13
9,45655190,135,28,
9,45655206,21,22,
9,45655263,116,43,
9,45655393,22,2,
9,45655413,57,70,
9,45655485,12,11,
9,45655519,19,0,
9,45656044,217,107,
9,45656116,19,12,
9,45656223,383,226,6
9,45656247,59,33,
9,45656733,8,0,
9,45656734,25,1,
9,45656788,13,1,
9,45656836,9,3,
9,45656910,8,5,
9,45656916,205,239,
9,45656952,109,49,30
9,45656995,7,5,
9,45657190,10,1,
9,45657260,67,6,
9,45657287,382,289,28
9,45657302,267,134,
9,45657345,306,69,8
9,45657428,167,186,
9,45657431,211,251,
9,45657531,24,0,
9,45657595,39,3,
9,45657625,32,1,
9,45657706,19,10,
9,45657747,28,5,
9,45657827,491,77,22
9,45657922,107,69,
9,45658019,227,221,
9,45658056,229,237,
9,45658172,3,0,
9,45658268,35,15,
9,45658323,16,2,
9,45658479,680,643,19
9,45658687,62,8,
9,45658722,11,1,
9,45658928,34,2,
9,45659481,5,0,
9,45659812,164,81,
9,45659883,56,56,25
9,45660404,38,29,
9,45660412,5,0,
9,45660422,10,0,
9,45660634,69,6,
9,45660753,21,1,
9,45661046,13,6,
9,45661084,202,100,
9,45661112,26,7,
9,45661253,647,437,9
9,45661306,103,7,19
9,45661399,17,1,
9,45661462,29,4,3
9,45661477,11,0,
9,45661479,16,1,
9,45661545,15,8,
9,45661547,43,13,
9,45661638,187,60,4
9,45661698,87,52,
9,45661823,6,0,
9,45661840,8,1,
9,45661900,6,0,
9,45662006,14,2,
9,45662021,7,0,
9,45662026,7,0,
9,45662053,169,77,
9,45662136,10,1,
9,45662423,6,2,
9,45662431,7,0,
9,45662541,16,3,
9,45662656,11,2,
9,45662668,112,8,15
9,45663045,8,1,
9,45663052,6,0,
9,45663162,6,1,
9,45663219,13,0,
9,45663398,13,3,
9,45663427,10,9,
9,45663435,80,23,
9,45663624,7,0,
9,45663644,23,2,
9,45663676,17,6,
9,45663681,23,1,
9,45664010,11,0,
9,45664147,195,57,14
9,45664323,10,0,
9,45664431,20,10,
9,45664699,9,5,
9,45664765,5,1,
9,45664791,8,0,
9,45664848,79,30,2
9,45665217,19,1,
9,45665220,4,0,
9,45665311,126,138,7
9,45665452,67,38,3
9,45665752,10,1,
9,45665796,239,100,1
9,45665830,12,7,
9,45666070,4,0,
9,45666162,7,0,
9,45666239,5,1,
9,45666327,7,6,5
10,45526845,242,30,
10,45528813,115,47,
10,45529120,152,77,
10,45529255,181,92,
10,45529534,146,25,
10,45529587,1202,438,
10,45532971,48,7,
10,45535622,48,6,
10,45539079,223,32,
10,45539262,251,176,
10,45540398,114,47,
10,45542245,60,22,
10,45542536,135,19,
10,45543546,64,5,
10,45544330,24,6,
10,45545017,110,57,
10,45545220,161,71,
10,45545753,46,6,
10,45545980,26,36,
10,45546250,73,9,
10,45546575,129,28,
10,45547346,44,10,
10,45547566,840,185,
10,45547891,66,3,
10,45548125,39,8,
10,45550908,18,0,
10,45550969,93,81,
10,45552358,98,42,
10,45553422,235,43,
10,45555709,155,110,
10,45555960,41,56,
10,45556104,95,93,
10,45556374,35,20,
10,45556413,31,2,
10,45556536,86,49,
10,45556772,67,16,
10,45556827,37,11,
10,45556911,148,18,
10,45557032,168,127,
10,45557157,30,6,
10,45557272,34,11,
10,45557591,111,23,
10,45557596,127,87,
10,45557599,452,183,26
10,45558820,45,2,
10,45558913,57,24,
10,45559040,127,36,
10,45559145,51,15,
10,45559573,87,39,
10,45559857,640,169,
10,45560738,94,24,
10,45560864,63,8,
10,45561382,56,16,
10,45562849,52,24,
10,45563021,54,11,
10,45563576,346,171,
10,45563589,57,16,
10,45564619,186,268,
10,45564696,101,47,
10,45564821,84,31,27
10,45565793,58,19,4
10,45565977,85,23,
10,45566441,146,30,
10,45566638,223,302,
10,45566644,728,636,
10,45566730,46,7,4
10,45566766,134,111,
10,45567050,113,35,
10,45567382,12,8,
10,45567443,32,2,
10,45567746,91,51,
10,45567877,723,499,
10,45568700,466,321,
10,45568708,129,26,
10,45568915,487,726,
10,45569350,1519,308,
10,45569692,42,15,
10,45569787,39,17,
10,45570517,96,40,
10,45570758,68,8,
10,45571423,312,68,
10,45572478,138,108,
10,45573626,90,9,
10,45574106,83,14,
10,45575127,115,93,
10,45575165,107,130,
10,45575391,542,138,
10,45575934,13,7,
10,45576536,199,61,
10,45577086,163,31,
10,45577181,215,227,
10,45577266,62,17,
10,45578016,83,20,
10,45578080,87,35,
10,45578115,64,16,
10,45578540,178,86,
10,45578935,95,26,
10,45580347,112,103,
10,45580559,10,18,
10,45580683,8,0,27
10,45580771,59,25,
10,45580981,408,388,
10,45581288,145,98,
10,45581602,192,145,
10,45581988,82,11,
10,45582370,35,13,
10,45582462,277,137,
10,45582958,268,141,
10,45583019,29,9,
10,45583116,40,16,
10,45583180,536,451,
10,45583243,209,128,
10,45583336,709,474,
10,45583574,75,80,
10,45583767,26,11,
10,45583786,398,106,
10,45583787,223,160,
10,45583999,224,136,
10,45584464,356,391,
10,45584680,181,85,
10,45586339,1583,629,
10,45586776,189,109,
10,45587546,102,76,
10,45588116,16,7,
10,45588594,310,72,
10,45588689,205,130,
10,45588752,10,1,8
10,45588959,170,60,
10,45589156,240,85,
10,45589327,123,116,
10,45589715,283,244,
10,45589785,50,28,
10,45590681,414,304,
10,45590743,81,82,
10,45590756,479,258,
10,45590935,122,5,
10,45590949,380,101,
10,45591222,137,112,
10,45591288,74,20,
10,45591799,1261,1389,
10,45591902,370,563,
10,45592271,211,101,
10,45593213,97,20,
10,45593358,281,224,
10,45594403,20,0,
10,45594920,546,365,
10,45595403,727,287,
10,45596059,134,35,
10,45597006,224,59,
10,45598590,231,105,
10,45599084,118,18,
10,45599567,339,79,
10,45599727,253,10,
10,45600132,52,16,
10,45600470,145,25,
10,45601177,94,43,
10,45601750,909,468,
10,45601834,220,70,
10,45601982,341,233,
10,45602197,77,6,
10,45602428,384,142,
10,45602676,343,319,
10,45603876,158,128,
10,45604013,73,16,9
10,45604451,120,58,
10,45604673,364,154,
10,45604700,79,49,
10,45604779,220,143,
10,45605153,136,63,
10,45605501,306,682,
10,45605556,168,113,16
10,45606070,64,33,
10,45606698,268,69,
10,45606853,149,98,17
10,45606986,186,41,
10,45607117,812,425,
10,45607758,420,268,
10,45607822,97,31,
10,45608456,242,101,
10,45609251,65,17,
10,45609922,145,111,
10,45609986,405,72,
10,45610226,1751,511,
10,45610266,140,62,
10,45610523,256,89,
10,45610996,128,32,
10,45611252,283,80,
10,45611746,42,6,
10,45611851,99,67,
10,45612223,47,3,
10,45612987,110,26,
10,45613047,665,238,
10,45613567,282,181,
10,45613667,60,19,
10,45613898,425,212,
10,45614148,463,770,
10,45614547,39,37,
10,45614713,577,501,
10,45614922,1136,624,
10,45615237,428,954,
10,45615449,68,16,
10,45615863,665,378,
10,45615931,565,108,
10,45617948,302,43,
10,45618536,46,17,
10,45618790,808,196,
10,45619108,191,54,
10,45619329,1204,1102,
10,45619537,729,367,
10,45620394,257,132,
10,45620653,150,79,
10,45621020,89,63,
10,45621074,489,253,
10,45621557,150,23,
10,45621571,89,10,
10,45621972,88,11,
10,45622365,534,145,
10,45622475,8,1,
10,45622604,135,27,
10,45622944,207,116,
10,45623509,121,75,
10,45623917,147,21,
10,45624186,59,3,
10,45624888,204,77,
10,45625229,292,86,
10,45625251,186,110,
10,45625848,86,15,
10,45626010,23,6,
10,45626037,155,33,
10,45626130,398,116,
10,45626349,260,76,
10,45626910,609,580,
10,45626961,97,40,
10,45626985,291,212,
10,45627048,47,2,
10,45627324,471,112,
10,45627394,399,83,
10,45627692,279,35,
10,45628190,194,127,
10,45628283,109,4,
10,45628315,84,68,
10,45628348,193,37,
10,45628391,389,248,
10,45629299,110,76,
10,45629522,16,3,
10,45629970,251,115,
10,45631328,55,7,
10,45631503,165,96,
10,45631613,15,3,
10,45631678,144,60,
10,45632429,605,109,
10,45632630,8,0,
10,45632633,21,20,
10,45632836,14,1,
10,45632943,57,49,
10,45632976,113,13,
10,45633081,165,81,
10,45633386,73,14,
10,45633453,211,59,
10,45633482,426,234,
10,45633513,42,28,
10,45633591,112,16,
10,45633642,99,17,
10,45633753,8,0,
10,45633815,97,22,
10,45633921,51,8,
10,45633954,10,0,
10,45633958,109,69,
10,45634026,157,159,
10,45634055,11,2,
10,45634095,990,668,
10,45634310,84,11,
10,45634333,50,16,
10,45634367,362,159,
10,45634528,65,25,
10,45634638,45,18,
10,45634641,151,108,
10,45634678,118,91,
10,45634797,123,143,
10,45635069,177,42,
10,45635530,25,3,
10,45635533,668,197,
10,45635669,14,15,
10,45635734,47,72,
10,45635870,91,54,
10,45635940,189,162,
10,45636116,117,108,
10,45636259,7,4,
10,45636285,401,223,
10,45636365,221,82,
10,45637133,164,69,
10,45637548,27,15,
10,45637744,422,228,
10,45637880,234,101,
10,45638058,14,5,
10,45638096,122,164,
10,45638453,10,0,
10,45638476,9,0,
10,45638514,82,28,
10,45638588,191,83,
10,45638702,62,26,
10,45638739,20,1,
10,45638749,9,0,
10,45638966,62,20,
10,45638986,59,60,
10,45639157,72,10,
10,45639250,327,167,
10,45639391,49,31,
10,45639498,234,115,
10,45639654,161,63,
10,45639860,193,25,
10,45639995,584,54,
10,45640226,1742,397,
10,45640594,973,235,
10,45640678,145,74,
10,45640838,2228,2020,
10,45640877,344,133,
10,45641864,5,0,
10,45642051,59,5,
10,45642528,40,7,
10,45642562,125,61,
10,45642874,32,12,
10,45642911,177,43,
10,45642923,133,110,
10,45642979,68,49,
10,45643163,514,305,
10,45643357,558,191,
10,45643553,62,10,
10,45643776,116,47,
10,45643976,65,43,
10,45644328,447,109,
10,45644654,142,84,
10,45644921,33,18,
10,45645120,138,43,
10,45645172,519,284,
10,45645349,531,110,
10,45645366,18,18,
10,45645510,110,141,
10,45645692,12,1,
10,45646414,164,278,25
10,45646559,172,39,20
10,45646561,416,139,
10,45646572,309,221,
10,45646691,133,29,
10,45646958,167,24,
10,45647003,5,0,
10,45647097,22,0,
10,45647133,173,150,
10,45647166,568,383,
10,45647853,75,58,
10,45648249,164,94,
10,45648258,257,156,
10,45648266,206,235,
10,45648306,14,27,
10,45648743,20,1,
10,45648892,47,5,
10,45649178,982,612,
10,45649507,12,1,
10,45649510,124,50,24
10,45649734,6,1,
10,45650015,24,9,
10,45650617,74,59,
10,45650792,76,15,
10,45651364,36,16,
10,45651485,400,383,
10,45651570,15,4,
10,45652000,40,30,
10,45652107,24,1,
10,45652254,8,4,
10,45652282,17,3,
10,45652307,333,305,
10,45652567,18,0,
10,45652621,7,1,
10,45652639,33,3,
10,45652859,144,54,
10,45652968,5,0,
10,45653143,169,16,
10,45653317,11,2,
10,45653330,116,24,
10,45653350,67,82,
10,45653393,61,104,
10,45653543,6,0,
10,45653818,29,17,
10,45653934,7,0,
10,45653981,25,16,
10,45654087,58,44,
10,45654102,32,7,
10,45654512,191,60,
10,45654540,15,1,
10,45654660,197,54,
10,45654955,25,4,
10,45655161,386,113,11
10,45655177,15,0,
10,45655188,322,866,12
10,45655190,135,28,
10,45655206,21,22,
10,45655263,117,44,
10,45655393,22,2,
10,45655413,57,70,
10,45655485,12,11,
10,45655519,22,0,
10,45656044,218,107,
10,45656223,388,230,8
10,45656247,59,33,
10,45656733,8,0,
10,45656734,25,1,
10,45656788,13,1,
10,45656836,9,3,
10,45656910,9,5,
10,45656916,206,239,
10,45656952,111,50,29
10,45656995,7,5,
10,45657190,10,1,
10,45657260,71,7,
10,45657287,386,298,29
10,45657302,268,137,
10,45657345,316,70,10
10,45657428,168,188,
10,45657431,213,252,
10,45657531,24,0,
10,45657595,39,3,
10,45657625,33,1,
10,45657706,19,10,
10,45657747,28,5,
10,45657827,500,78,24
10,45657922,107,69,
10,45658019,229,232,
10,45658056,231,240,
10,45658172,4,0,
10,45658268,35,15,
10,45658323,16,2,
10,45658479,692,654,20
10,45658687,63,8,
10,45658722,11,1,
10,45658928,34,2,
10,45659481,5,0,
10,45659812,164,81,
10,45659883,64,58,23
10,45660404,40,29,
10,45660412,5,0,
10,45660422,11,0,
10,45660634,70,6,
10,45660753,22,1,
10,45661046,13,6,
10,45661084,204,101,
10,45661112,30,8,
10,45661253,668,451,12
10,45661306,108,13,22
10,45661399,17,1,
10,45661462,35,4,4
10,45661477,12,0,
10,45661479,17,1,
10,45661545,15,8,
10,45661547,43,13,
10,45661638,197,67,7
10,45661698,87,51,
10,45661823,6,0,
10,45661840,8,1,
10,45661900,6,0,
10,45662006,14,2,
10,45662021,7,0,
10,45662026,7,0,
10,45662053,170,77,
10,45662136,10,1,
10,45662423,6,2,
10,45662431,8,0,
10,45662541,16,3,
10,45662656,12,2,
10,45662668,121,9,15
10,45663045,8,1,
10,45663052,6,0,
10,45663162,6,1,
10,45663219,13,0,
10,45663398,13,3,
10,45663427,10,11,
10,45663435,80,23,
10,45663624,7,0,
10,45663644,24,2,
10,45663676,20,8,
10,45663681,25,1,
10,45664010,11,0,
10,45664147,208,75,17
10,45664323,10,0,
10,45664431,20,10,
10,45664699,10,6,
10,45664765,9,1,
10,45664791,9,0,
10,45664848,86,31,2
10,45665217,23,1,
10,45665220,5,0,
10,45665311,131,153,28
10,45665452,125,81,2
10,45665752,11,1,
10,45665796,298,160,1
10,45665830,16,13,
10,45666058,5,0,
10,45666070,4,0,
10,45666162,9,0,
10,45666239,9,3,
10,45666327,14,25,7
11,45526845,242,30,
11,45528813,115,47,
11,45529120,152,77,
11,45529255,181,92,
11,45529534,146,25,
11,45529587,1202,438,
11,45532971,48,7,
11,45535622,48,6,
11,45539079,223,32,
11,45539262,251,177,
11,45540398,114,47,
11,45542245,60,22,
11,45542536,135,19,
11,45543546,64,5,
11,45544330,24,6,
11,45545017,110,57,
11,45545220,161,71,
11,45545753,46,6,
11,45545980,26,36,
11,45546250,73,9,
11,45546575,129,28,
11,45547346,44,10,
11,45547566,840,185,
11,45547891,66,3,
11,45548125,40,8,
11,45550908,18,0,
11,45550969,93,81,
11,45552358,98,42,
11,45553422,235,43,
11,45555709,155,110,
11,45555960,41,56,
11,45556104,95,93,
11,45556374,35,20,
11,45556413,31,2,
11,45556536,86,49,
11,45556772,67,16,
11,45556827,37,11,
11,45556911,148,18,
11,45557032,168,127,
11,45557157,30,6,
11,45557272,35,11,
11,45557591,111,23,
11,45557596,127,87,
11,45557599,457,186,
11,45558820,45,2,
11,45558913,57,24,
11,45559040,127,36,
11,45559145,51,15,
11,45559573,87,39,
11,45559857,640,169,
11,45560738,94,24,
11,45560864,63,8,
11,45561382,56,16,
11,45562849,52,24,
11,45563021,54,11,
11,45563576,346,171,
11,45563589,57,16,
11,45564619,186,268,
11,45564696,101,47,
11,45564821,88,33,28
11,45565793,76,42,5
11,45565977,85,23,
11,45566441,146,30,
11,45566638,223,302,
11,45566644,728,636,
11,45566730,63,9,4
11,45566766,134,111,
11,45567050,113,35,
11,45567382,12,8,
11,45567443,32,2,
11,45567746,91,51,
11,45567877,723,499,
11,45568700,466,321,
11,45568708,129,26,
11,45568915,487,726,
11,45569350,1519,308,
11,45569692,42,15,
11,45569787,39,17,
11,45570517,96,40,
11,45570758,68,8,
11,45571423,313,68,
11,45572478,138,108,
11,45573626,90,9,
11,45574106,83,14,
11,45575127,115,93,
11,45575165,107,132,
11,45575391,542,138,
11,45575934,13,7,
11,45576536,199,61,
11,45577086,163,31,
11,45577181,215,227,
11,45577266,62,17,
11,45578016,85,20,
11,45578080,87,35,
11,45578115,64,16,
11,45578540,178,86,
11,45578935,97,26,
11,45580347,112,103,
11,45580559,10,18,
11,45580683,11,0,27
11,45580771,59,25,
11,45580981,408,388,
11,45581288,145,98,
11,45581602,192,145,
11,45581988,82,11,
11,45582370,35,13,
11,45582462,277,137,
11,45582958,268,141,
11,45583019,29,9,
11,45583116,40,16,
11,45583180,536,451,
11,45583243,209,128,
11,45583336,709,474,
11,45583574,75,80,
11,45583767,26,11,
11,45583786,398,106,
11,45583787,223,160,
11,45583999,224,136,
11,45584464,356,391,
11,45584680,181,85,
11,45586339,1583,629,
11,45586776,189,109,
11,45587546,102,76,
11,45588116,16,7,
11,45588594,310,72,
11,45588689,205,130,
11,45588752,18,2,8
11,45588959,170,60,
11,45589156,240,85,
11,45589327,123,116,
11,45589715,283,244,
11,45589785,50,28,
11,45590681,414,304,
11,45590743,81,82,
11,45590756,479,258,
11,45590935,123,5,
11,45590949,380,101,
11,45591222,137,112,
11,45591288,74,20,
11,45591799,1261,1389,
11,45591902,370,563,
11,45592271,211,101,
11,45593213,97,20,
11,45593358,281,224,
11,45594403,20,0,
11,45594920,546,365,
11,45595403,728,287,
11,45596059,134,35,
11,45597006,224,59,
11,45598590,231,105,
11,45599084,118,18,
11,45599567,339,79,
11,45599727,253,10,
11,45600132,52,16,
11,45600470,145,25,
11,45601177,94,43,
11,45601750,909,468,
11,45601834,220,70,
11,45601982,341,233,
11,45602197,77,6,
11,45602428,384,142,
11,45602676,343,319,
11,45603876,158,128,
11,45604013,79,18,11
11,45604451,120,58,
11,45604673,364,154,
11,45604700,79,49,
11,45604779,220,143,
11,45605153,136,63,
11,45605501,306,682,
11,45605556,175,123,16
11,45606070,64,33,
11,45606698,268,69,
11,45606853,157,100,19
11,45606986,186,41,
11,45607117,813,425,
11,45607758,420,268,
11,45607822,97,31,
11,45608456,242,101,
11,45609251,65,17,
11,45609922,145,111,
11,45609986,405,72,
11,45610226,1751,511,
11,45610266,140,62,
11,45610523,256,89,
11,45610996,128,32,
11,45611252,283,80,
11,45611746,42,6,
11,45611851,99,67,
11,45612223,47,3,
11,45612987,110,26,
11,45613047,665,238,
11,45613567,283,181,
11,45613667,60,19,
11,45613898,426,212,
11,45614148,463,770,
11,45614547,39,37,
11,45614713,577,501,
11,45614922,1136,624,
11,45615237,428,954,
11,45615449,68,16,
11,45615863,665,378,
11,45615931,565,108,
11,45617948,302,43,
11,45618536,46,17,
11,45618790,808,196,
11,45619108,191,54,
11,45619329,1204,1102,
11,45619537,729,367,
11,45620330,24,3,7
11,45620394,257,132,
11,45620653,150,79,
11,45621020,89,64,
11,45621074,489,253,
11,45621557,151,23,
11,45621571,90,10,
11,45621972,88,11,
11,45622365,535,145,
11,45622475,8,1,
11,45622604,135,27,
11,45622944,207,116,
11,45623509,121,75,
11,45623917,148,21,
11,45624186,59,3,
11,45624888,204,77,
11,45625229,292,86,
11,45625251,186,110,
11,45625848,86,15,
11,45626010,23,6,
11,45626037,155,33,
11,45626130,398,116,
11,45626349,260,76,
11,45626910,609,580,
11,45626961,97,40,
11,45626985,291,212,
11,45627048,47,2,
11,45627324,471,112,
11,45627394,399,83,
11,45627692,279,35,
11,45628190,194,127,
11,45628283,109,4,
11,45628315,84,68,
11,45628348,193,37,
11,45628391,389,248,
11,45629299,110,76,
11,45629522,16,3,
11,45629970,251,115,
11,45631328,55,7,
11,45631503,165,96,
11,45631613,15,3,
11,45631678,144,60,
11,45632429,605,109,
11,45632630,8,0,
11,45632633,21,20,
11,45632836,14,1,
11,45632943,57,49,
11,45632976,113,13,
11,45633081,165,81,
11,45633386,74,15,
11,45633453,211,59,
11,45633482,426,234,
11,45633513,42,28,
11,45633591,112,16,
11,45633642,99,17,
11,45633753,8,0,
11,45633815,97,22,
11,45633921,51,8,
11,45633954,10,0,
11,45633958,109,69,
11,45634026,158,159,
11,45634055,11,2,
11,45634095,991,668,
11,45634310,84,11,
11,45634333,50,16,
11,45634367,362,159,
11,45634528,65,25,
11,45634638,45,18,
11,45634641,151,108,
11,45634678,118,91,
11,45634797,123,143,
11,45635069,178,42,
11,45635530,25,3,
11,45635533,668,197,
11,45635669,14,15,
11,45635734,47,72,
11,45635870,91,54,
11,45635940,189,162,
11,45636116,117,108,
11,45636259,7,4,
11,45636285,401,223,
11,45636365,221,82,
11,45637133,165,69,
11,45637548,27,15,
11,45637744,422,228,
11,45637880,234,101,
11,45638058,14,5,
11,45638096,122,164,
11,45638453,10,0,
11,45638476,9,0,
11,45638514,82,28,
11,45638588,191,83,
11,45638702,62,26,
11,45638739,20,1,
11,45638749,9,0,
11,45638966,62,20,
11,45638986,59,60,
11,45639157,72,10,
11,45639250,328,167,
11,45639391,49,31,
11,45639498,234,115,
11,45639654,161,63,
11,45639860,193,25,
11,45639995,584,54,
11,45640226,1745,397,
11,45640594,973,236,
11,45640678,145,74,
11,45640838,2228,2021,
11,45640877,344,133,
11,45641864,5,0,
11,45642051,59,5,
11,45642528,40,7,
11,45642562,125,61,
11,45642874,32,12,
11,45642911,177,43,
11,45642923,133,110,
11,45642979,70,49,
11,45643163,514,305,
11,45643357,559,191,
11,45643553,62,10,
11,45643776,116,47,
11,45643976,65,43,
11,45644328,448,109,
11,45644654,142,84,
11,45644921,33,18,
11,45645120,138,43,
11,45645172,520,284,
11,45645349,532,110,
11,45645366,18,18,
11,45645510,110,141,
11,45645692,12,1,
11,45646414,164,283,
11,45646559,175,39,20
11,45646561,417,139,
11,45646572,309,221,
11,45646691,134,29,
11,45646958,168,24,
11,45647003,5,0,
11,45647097,22,0,
11,45647133,173,150,
11,45647166,568,383,
11,45647853,76,58,
11,45648249,164,94,
11,45648258,257,156,
11,45648266,206,235,
11,45648306,14,27,
11,45648743,20,1,
11,45648892,47,5,
11,45649178,986,614,
11,45649507,12,1,
11,45649510,129,53,25
11,45649734,6,1,
11,45650015,24,9,
11,45650617,74,59,
11,45650792,76,15,
11,45651364,36,16,
11,45651485,401,387,
11,45651570,15,4,
11,45652000,40,30,
11,45652107,24,1,
11,45652254,8,4,
11,45652282,17,3,
11,45652307,336,305,
11,45652567,18,0,
11,45652621,7,1,
11,45652639,33,3,
11,45652859,144,54,
11,45652968,5,0,
11,45653143,171,17,
11,45653317,11,2,
11,45653330,116,24,
11,45653350,67,83,
11,45653393,61,104,
11,45653543,6,0,
11,45653818,29,17,
11,45653934,7,0,
11,45653981,25,16,
11,45654087,58,44,
11,45654102,32,7,
11,45654512,191,60,
11,45654540,15,1,
11,45654660,198,54,
11,45654955,25,4,
11,45655161,388,113,13
11,45655177,15,0,
11,45655188,329,881,14
11,45655190,135,28,
11,45655206,21,22,
11,45655263,117,44,
11,45655393,22,2,
11,45655485,12,11,
11,45655519,22,0,
11,45656044,218,107,
11,45656223,400,242,10
11,45656247,59,33,
11,45656733,8,0,
11,45656734,25,1,
11,45656788,13,1,
11,45656836,9,3,
11,45656910,9,5,
11,45656916,207,239,
11,45656952,112,50,30
11,45656995,7,5,
11,45657190,10,1,
11,45657260,77,7,
11,45657287,393,316,29
11,45657302,270,138,
11,45657345,325,74,12
11,45657428,171,192,
11,45657431,216,256,
11,45657531,24,0,
11,45657595,39,3,
11,45657625,33,1,
11,45657706,19,10,
11,45657747,28,5,
11,45657827,513,78,26
11,45657922,107,71,
11,45658019,235,234,
11,45658056,232,245,
11,45658172,5,0,
11,45658268,35,15,
11,45658323,16,2,
11,45658479,701,662,21
11,45658687,63,8,
11,45658722,13,1,
11,45658928,34,2,
11,45659481,5,0,
11,45659812,164,81,
11,45659883,68,60,23
11,45660404,40,29,
11,45660412,5,0,
11,45660422,11,0,
11,45660634,71,7,
11,45660753,22,1,
11,45661046,13,6,
11,45661084,212,106,
11,45661112,32,8,
11,45661253,686,462,15
11,45661306,117,19,22
11,45661399,17,1,
11,45661462,41,7,6
11,45661477,13,0,
11,45661479,17,1,
11,45661545,15,8,
11,45661547,44,13,
11,45661638,205,71,9
11,45661698,88,53,
11,45661823,6,0,
11,45661840,8,1,
11,45661900,6,0,
11,45662006,16,2,
11,45662021,7,0,
11,45662053,174,77,
11,45662136,10,1,
11,45662423,6,2,
11,45662431,8,0,
11,45662541,16,3,
11,45662656,12,3,
11,45662668,129,12,17
11,45663045,8,1,
11,45663052,6,0,
11,45663162,6,1,
11,45663219,14,0,
11,45663398,13,3,
11,45663427,11,11,
11,45663435,81,23,
11,45663624,7,0,
11,45663644,24,2,
11,45663676,20,10,
11,45663681,25,1,
11,45664010,11,0,
11,45664147,227,85,24
11,45664323,10,0,
11,45664431,22,10,
11,45664699,12,7,
11,45664765,9,1,
11,45664791,14,0,
11,45664848,95,33,2
11,45665217,26,3,
11,45665220,5,0,
11,45665271,3,0,
11,45665311,137,169,
11,45665452,163,118,7
11,45665752,12,1,
11,45665796,359,198,1
11,45665830,17,13,
11,45666058,6,0,
11,45666070,5,0,
11,45666162,10,0,
11,45666239,14,4,
11,45666327,24,41,3
11,45666510,62,4,2
11,45666703,5,2,
11,45666986,8,9,2
11,45667174,5,0,
11,45667253,6,1,
11,45667456,5,2,19
11,45667458,22,13,11
12,45526766,4,2,17
12,45526845,242,30,
12,45528813,115,47,
12,45529120,152,77,
12,45529255,181,92,
12,45529534,146,25,
12,45529587,1202,438,
12,45532971,48,7,
12,45535622,48,6,
12,45539079,223,32,
12,45539262,251,177,
12,45540398,114,47,
12,45542245,60,22,
12,45542536,135,19,
12,45543546,64,5,
12,45544330,24,6,
12,45545017,110,57,
12,45545220,161,71,
12,45545753,46,6,
12,45545980,26,36,
12,45546250,73,9,
12,45546575,129,28,
12,45547346,44,10,
12,45547566,840,185,
12,45547891,66,3,
12,45548125,40,8,
12,45550908,18,0,
12,45550969,93,81,
12,45552358,98,42,
12,45553422,235,43,
12,45555709,155,110,
12,45555960,41,56,
12,45556104,95,93,
12,45556374,35,20,
12,45556413,32,3,
12,45556536,86,49,
12,45556772,68,16,
12,45556827,37,11,
12,45556911,148,18,
12,45557157,30,6,
12,45557272,35,11,
12,45557591,111,23,
12,45557596,127,87,
12,45557599,457,187,
12,45558820,45,2,
12,45558913,57,24,
12,45559040,127,36,
12,45559145,51,15,
12,45559573,87,39,
12,45559857,640,169,
12,45560738,94,24,
12,45560864,63,8,
12,45561382,56,16,
12,45562849,52,24,
12,45563021,54,11,
12,45563576,346,171,
12,45563589,57,16,
12,45564619,186,268,
12,45564696,101,47,
12,45564821,92,37,30
12,45565793,86,50,9
12,45565977,85,23,
12,45566441,146,30,
12,45566638,223,302,
12,45566644,728,636,
12,45566730,79,12,6
12,45566766,134,111,
12,45567050,113,35,
12,45567382,12,8,
12,45567443,32,2,
12,45567746,91,51,
12,45567877,723,499,
12,45568700,466,321,
12,45568708,129,26,
12,45568915,487,726,
12,45569350,1519,308,
12,45569692,42,15,
12,45569787,39,17,
12,45570517,96,40,
12,45570758,68,8,
12,45571423,313,68,
12,45572478,138,108,
12,45573626,90,9,
12,45574106,83,14,
12,45575127,115,93,
12,45575165,109,133,
12,45575391,542,138,
12,45575934,13,7,
12,45576536,199,61,
12,45577086,163,31,
12,45577181,215,227,
12,45577266,62,17,
12,45578016,85,20,
12,45578080,89,35,
12,45578115,64,16,
12,45578540,178,86,
12,45578935,98,27,
12,45580347,112,103,
12,45580559,10,18,
12,45580683,16,0,29
12,45580771,59,25,
12,45580981,408,388,
12,45581288,145,98,
12,45581602,192,145,
12,45581988,82,11,
12,45582370,35,13,
12,45582462,277,137,
12,45582958,268,141,
12,45583019,29,9,
12,45583116,40,16,
12,45583180,536,451,
12,45583243,209,128,
12,45583336,709,474,
12,45583574,75,80,
12,45583767,26,11,
12,45583786,398,106,
12,45583787,223,160,
12,45583999,224,136,
12,45584464,356,391,
12,45584680,183,88,
12,45586339,1583,629,
12,45586776,189,109,
12,45587546,102,76,
12,45588116,16,7,
12,45588689,205,130,
12,45588752,19,3,8
12,45588959,170,60,
12,45589156,240,85,
12,45589327,123,116,
12,45589715,283,244,
12,45589785,50,28,
12,45590681,414,304,
12,45590743,81,82,
12,45590756,479,258,
12,45590935,123,5,
12,45590949,380,101,
12,45591222,137,112,
12,45591288,74,20,
12,45591799,1261,1389,
12,45591902,370,563,
12,45592271,211,101,
12,45593213,97,20,
12,45593358,281,224,
12,45594403,20,0,
12,45594920,546,365,
12,45595403,728,287,
12,45596059,134,35,
12,45597006,224,59,
12,45598590,231,105,
12,45599084,118,18,
12,45599567,339,79,
12,45599727,253,10,
12,45600132,52,16,
12,45600470,145,25,
12,45601177,94,43,
12,45601750,909,468,
12,45601834,220,70,
12,45601982,341,233,
12,45602197,77,6,
12,45602428,384,142,
12,45602676,343,319,
12,45603876,158,128,
12,45604013,83,21,12
12,45604451,120,58,
12,45604673,364,154,
12,45604700,79,49,
12,45604779,220,143,
12,45605153,136,63,
12,45605501,306,682,
12,45605556,186,130,15
12,45606070,64,33,
12,45606698,268,69,
12,45606853,162,101,19
12,45606986,186,41,
12,45607117,813,425,
12,45607758,420,268,
12,45607822,97,31,
12,45608456,242,101,
12,45609251,65,17,
12,45609922,145,111,
12,45609986,405,72,
12,45610226,1751,511,
12,45610266,140,62,
12,45610523,256,89,
12,45610996,128,32,
12,45611252,283,80,
12,45611746,42,6,
12,45611851,99,67,
12,45612223,47,3,
12,45612987,110,26,
12,45613047,665,238,
12,45613567,283,181,
12,45613667,60,19,
12,45613898,426,212,
12,45614148,463,770,
12,45614547,39,37,
12,45614713,577,501,
12,45614922,1136,624,
12,45615237,428,954,
12,45615449,68,16,
12,45615863,665,378,
12,45615931,565,108,
12,45617948,303,43,
12,45618536,46,17,
12,45618790,808,196,
12,45619108,191,54,
12,45619329,1204,1102,
12,45619537,730,367,
12,45620330,50,7,4
12,45620394,257,132,
12,45620653,150,79,
12,45621020,90,64,
12,45621074,489,253,
12,45621557,153,24,
12,45621571,94,10,
12,45621972,88,11,
12,45622365,535,145,
12,45622604,135,27,
12,45622944,207,116,
12,45623509,121,75,
12,45623917,148,21,
12,45624186,59,3,
12,45624888,205,77,
12,45625229,292,86,
12,45625251,186,110,
12,45625848,86,15,
12,45626010,23,6,
12,45626037,155,33,
12,45626130,398,116,
12,45626349,260,76,
12,45626910,609,580,
12,45626961,97,40,
12,45626985,291,212,
12,45627048,47,2,
12,45627324,471,112,
12,45627394,399,83,
12,45627692,279,35,
12,45628190,194,127,
12,45628283,109,4,
12,45628315,84,68,
12,45628348,193,37,
12,45628391,389,248,
12,45629299,110,76,
12,45629522,16,3,
12,45629970,251,115,
12,45631328,55,7,
12,45631503,165,96,
12,45631613,15,3,
12,45631678,144,60,
12,45632429,606,109,
12,45632630,8,0,
12,45632633,21,20,
12,45632836,14,1,
12,45632943,57,49,
12,45632976,113,13,
12,45633081,165,81,
12,45633386,75,15,
12,45633453,211,59,
12,45633482,426,234,
12,45633513,42,28,
12,45633591,112,16,
12,45633642,99,17,
12,45633815,97,22,
12,45633921,51,8,
12,45633954,10,0,
12,45633958,109,69,
12,45634026,158,159,
12,45634055,11,2,
12,45634095,991,671,
12,45634310,84,11,
12,45634333,50,16,
12,45634367,362,159,
12,45634528,65,25,
12,45634638,45,18,
12,45634641,151,108,
12,45634678,118,91,
12,45634797,123,143,
12,45635069,178,42,
12,45635530,25,3,
12,45635533,668,197,
12,45635669,14,15,
12,45635734,47,72,
12,45635870,91,54,
12,45635940,189,162,
12,45636116,117,108,
12,45636259,7,4,
12,45636285,401,223,
12,45636365,221,82,
12,45637133,165,69,
12,45637548,27,15,
12,45637744,422,228,
12,45637880,234,101,
12,45638058,14,5,
12,45638096,122,164,
12,45638453,10,0,
12,45638476,9,0,
12,45638514,82,28,
12,45638588,191,83,
12,45638702,62,26,
12,45638739,20,1,
12,45638749,9,0,
12,45638966,62,20,
12,45638986,59,60,
12,45639157,72,10,
12,45639250,328,167,
12,45639391,49,31,
12,45639498,234,115,
12,45639654,162,63,
12,45639860,194,25,
12,45639995,584,54,
12,45640226,1748,397,
12,45640594,974,237,
12,45640678,145,74,
12,45640838,2230,2021,
12,45640877,344,133,
12,45641864,5,0,
12,45642051,59,5,
12,45642528,40,7,
12,45642562,125,61,
12,45642874,33,12,
12,45642911,177,43,
12,45642923,133,110,
12,45642979,70,49,
12,45643163,514,306,
12,45643357,559,192,
12,45643553,62,10,
12,45643776,116,47,
12,45643976,65,43,
12,45644328,448,109,
12,45644654,142,84,
12,45644921,33,18,
12,45645120,138,43,
12,45645172,521,285,
12,45645349,532,110,
12,45645366,18,18,
12,45645510,110,141,
12,45645692,12,1,
12,45646414,165,285,
12,45646559,184,41,22
12,45646561,417,139,
12,45646572,309,221,
12,45646691,134,29,
12,45646958,169,24,
12,45647003,5,0,
12,45647097,22,0,
12,45647133,174,150,
12,45647166,568,383,
12,45647853,76,58,
12,45648249,164,94,
12,45648258,257,156,
12,45648266,206,235,
12,45648306,14,27,
12,45648743,20,1,
12,45648892,47,5,
12,45649178,989,615,
12,45649510,137,57,27
12,45649734,6,1,
12,45650015,24,9,
12,45650617,74,59,
12,45650792,76,15,
12,45651364,36,16,
12,45651485,404,394,
12,45651570,15,4,
12,45652000,40,30,
12,45652107,24,1,
12,45652254,8,4,
12,45652282,17,3,
12,45652307,339,309,
12,45652567,18,0,
12,45652621,7,1,
12,45652639,33,3,
12,45652859,147,54,
12,45652968,5,0,
12,45653143,171,19,
12,45653330,116,24,
12,45653350,67,83,
12,45653393,61,104,
12,45653543,6,0,
12,45653818,29,17,
12,45653934,7,0,
12,45653981,25,16,
12,45654087,59,44,
12,45654102,32,7,
12,45654512,192,60,
12,45654540,15,1,
12,45654660,201,54,
12,45654955,25,4,
12,45655161,393,113,14
12,45655177,15,0,
12,45655179,69,128,
12,45655188,347,913,15
12,45655190,136,29,
12,45655206,21,22,
12,45655263,119,47,
12,45655393,22,2,
12,45655485,12,11,
12,45655519,22,0,
12,45656044,218,107,
12,45656223,412,249,10
12,45656247,59,33,
12,45656733,8,0,
12,45656734,26,2,
12,45656788,13,1,
12,45656836,9,3,
12,45656910,9,5,
12,45656916,207,240,
12,45656952,112,50,
12,45656995,7,5,
12,45657190,10,1,
12,45657260,83,9,
12,45657287,401,325,
12,45657302,273,139,
12,45657345,339,78,13
12,45657428,171,194,
12,45657431,217,258,
12,45657531,24,0,
12,45657595,40,3,
12,45657625,33,1,
12,45657706,19,10,
12,45657747,29,5,
12,45657827,515,81,
12,45657922,108,71,
12,45658019,238,244,
12,45658056,235,246,
12,45658172,5,0,
12,45658268,35,16,
12,45658323,16,2,
12,45658479,714,679,24
12,45658687,63,8,
12,45658722,13,1,
12,45658928,34,2,
12,45659481,5,0,
12,45659812,165,81,
12,45659883,79,67,24
12,45660404,40,30,
12,45660412,5,0,
12,45660422,11,0,
12,45660634,72,8,
12,45660753,22,1,
12,45661046,13,7,
12,45661084,216,110,
12,45661112,34,9,
12,45661253,703,475,16
12,45661306,135,22,22
12,45661399,18,2,
12,45661462,49,12,11
12,45661477,14,0,
12,45661479,17,1,
12,45661545,15,8,
12,45661547,44,13,
12,45661638,209,72,9
12,45661698,88,55,
12,45661823,6,0,
12,45661840,8,1,
12,45661900,6,0,
12,45662006,16,2,
12,45662021,7,0,
12,45662053,175,79,
12,45662136,10,1,
12,45662423,6,2,
12,45662431,8,0,
12,45662541,16,3,
12,45662656,12,3,
12,45662668,141,13,18
12,45663045,8,1,
12,45663052,6,0,
12,45663162,6,1,
12,45663219,14,0,
12,45663398,13,3,
12,45663427,11,12,
12,45663435,82,23,
12,45663624,7,0,
12,45663644,24,2,
12,45663676,20,10,
12,45663681,25,1,
12,45664010,11,0,
12,45664147,239,95,26
12,45664323,11,0,
12,45664431,24,10,
12,45664699,12,7,
12,45664765,11,1,
12,45664791,15,0,
12,45664848,104,39,4
12,45665217,27,5,
12,45665220,7,0,
12,45665271,3,0,
12,45665311,147,176,10
12,45665452,217,145,2
12,45665752,12,1,
12,45665796,373,208,2
12,45665830,17,15,
12,45666058,7,0,
12,45666070,5,0,
12,45666162,11,0,
12,45666239,17,6,
12,45666327,25,46,8
12,45666510,183,30,1
12,45666703,6,5,
12,45667174,5,0,
12,45667253,8,4,
12,45667456,15,14,9
12,45667458,48,61,3
12,45667615,40,19,2
12,45667866,77,60,1
12,45667949,9,1,12
12,45668008,6,0,13
13,45526766,6,3,27
13,45526845,242,30,
13,45528813,115,47,
13,45529120,153,77,
13,45529255,181,92,
13,45529534,146,25,
13,45529587,1202,438,
13,45532971,48,7,
13,45535622,48,6,
13,45539079,223,32,
13,45539262,251,177,
13,45540398,114,47,
13,45542245,60,22,
13,45542536,135,19,
13,45543546,64,5,
13,45544330,24,6,
13,45545017,110,57,
13,45545220,161,71,
13,45545753,46,6,
13,45545980,26,36,
13,45546250,73,9,
13,45546575,129,28,
13,45547346,44,10,
13,45547566,840,185,
13,45547891,66,3,
13,45548125,40,8,
13,45550908,18,0,
13,45550969,93,81,
13,45552358,98,42,
13,45553422,235,43,
13,45555709,155,110,
13,45555960,41,56,
13,45556104,95,93,
13,45556374,35,21,
13,45556413,32,3,
13,45556536,86,49,
13,45556772,68,16,
13,45556827,37,11,
13,45556911,148,18,
13,45557157,30,6,
13,45557272,35,11,
13,45557591,111,23,
13,45557596,127,87,
13,45557599,458,188,
13,45558820,45,2,
13,45558913,58,24,
13,45559040,127,36,
13,45559145,51,15,
13,45559573,87,39,
13,45559857,640,169,
13,45560738,94,24,
13,45560864,63,8,
13,45561382,56,16,
13,45562849,52,24,
13,45563021,54,11,
13,45563576,346,171,
13,45563589,57,16,
13,45564619,186,268,
13,45564696,101,47,
13,45564821,94,41,
13,45565793,109,62,8
13,45565977,85,23,
13,45566441,146,30,
13,45566638,223,302,
13,45566644,728,636,
13,45566730,93,14,7
13,45566766,134,111,
13,45567050,114,35,
13,45567382,12,8,
13,45567443,32,2,
13,45567746,91,51,
13,45567877,723,499,
13,45568700,466,321,
13,45568708,129,26,
13,45568915,487,726,
13,45569350,1519,308,
13,45569692,42,15,
13,45569787,39,17,
13,45570517,96,40,
13,45570758,68,8,
13,45571423,313,68,
13,45572478,138,108,
13,45573626,90,9,
13,45574106,83,14,
13,45575127,115,93,
13,45575165,109,136,
13,45575391,542,138,
13,45575934,13,7,
13,45576536,199,61,
13,45577086,163,31,
13,45577181,215,227,
13,45577266,62,17,
13,45578016,85,20,
13,45578080,89,35,
13,45578115,64,16,
13,45578540,178,86,
13,45578935,102,28,
13,45580347,112,103,
13,45580559,10,18,
13,45580683,19,0,
13,45580771,59,25,
13,45580981,408,388,
13,45581288,145,98,
13,45581602,192,145,
13,45581988,82,11,
13,45582370,35,13,
13,45582462,277,137,
13,45582958,268,141,
13,45583019,30,9,
13,45583116,40,16,
13,45583180,536,451,
13,45583243,209,128,
13,45583336,709,474,
13,45583574,75,80,
13,45583767,26,11,
13,45583786,398,106,
13,45583787,223,160,
13,45583999,224,136,
13,45584464,356,391,
13,45584680,183,90,
13,45586339,1583,629,
13,45586776,189,109,
13,45587546,102,76,
13,45588116,16,7,
13,45588689,205,130,
13,45588752,21,9,18
13,45588959,170,60,
13,45589156,240,85,
13,45589327,123,116,
13,45589715,284,247,
13,45589785,50,28,
13,45590681,414,304,
13,45590743,81,82,
13,45590756,479,258,
13,45590935,123,5,
13,45590949,380,101,
13,45591222,137,112,
13,45591288,74,20,
13,45591799,1261,1389,
13,45591902,370,563,
13,45592271,211,101,
13,45593213,97,20,
13,45593358,282,224,
13,45594403,20,0,
13,45594920,546,365,
13,45595403,728,287,
13,45596059,134,35,
13,45597006,224,59,
13,45598590,231,105,
13,45599084,118,18,
13,45599567,339,79,
13,45599727,253,10,
13,45600132,52,16,
13,45600470,145,25,
13,45601177,94,43,
13,45601750,909,468,
13,45601834,220,70,
13,45601982,341,233,
13,45602197,77,6,
13,45602428,384,142,
13,45602676,343,319,
13,45603876,158,129,
13,45604013,91,22,19
13,45604451,120,58,
13,45604673,364,154,
13,45604700,79,49,
13,45604779,220,143,
13,45605153,136,63,
13,45605501,306,682,
13,45605556,196,137,16
13,45606070,64,33,
13,45606698,268,69,
13,45606853,167,102,30
13,45606986,186,41,
13,45607117,814,425,
13,45607758,420,268,
13,45607822,97,31,
13,45608456,242,101,
13,45609251,65,17,
13,45609922,145,111,
13,45609986,405,72,
13,45610226,1751,511,
13,45610266,140,62,
13,45610523,256,90,
13,45610939,9,4,15
13,45610996,128,32,
13,45611252,283,80,
13,45611851,99,67,
13,45612223,47,3,
13,45612987,110,26,
13,45613047,665,238,
13,45613567,283,181,
13,45613667,60,19,
13,45613898,426,212,
13,45614148,463,770,
13,45614547,39,37,
13,45614713,577,501,
13,45614922,1136,624,
13,45615237,428,954,
13,45615449,68,16,
13,45615863,665,378,
13,45615931,565,108,
13,45617948,303,43,
13,45618536,46,17,
13,45618790,808,196,
13,45619108,191,54,
13,45619329,1204,1103,
13,45619537,730,367,
13,45620330,78,16,3
13,45620394,257,132,
13,45620653,150,79,
13,45621020,90,66,
13,45621074,489,253,
13,45621557,153,24,
13,45621571,96,10,
13,45621972,88,11,
13,45622365,535,145,
13,45622604,135,27,
13,45622944,207,116,
13,45623509,122,75,
13,45623917,148,21,
13,45624186,59,3,
13,45624888,205,77,
13,45625229,292,86,
13,45625251,186,110,
13,45625848,86,15,
13,45626010,23,6,
13,45626037,155,33,
13,45626130,398,116,
13,45626349,261,76,
13,45626910,609,582,
13,45626961,97,40,
13,45626985,291,212,
13,45627048,47,2,
13,45627324,471,112,
13,45627394,399,83,
13,45627692,279,35,
13,45628190,194,127,
13,45628283,109,4,
13,45628315,85,68,
13,45628348,193,37,
13,45628391,389,248,
13,45629299,110,76,
13,45629522,16,3,
13,45629970,251,115,
13,45631328,55,7,
13,45631503,165,96,
13,45631613,15,3,
13,45631678,144,60,
13,45632429,606,109,
13,45632630,8,0,
13,45632633,21,20,
13,45632836,14,1,
13,45632943,57,49,
13,45632976,113,13,
13,45633081,166,81,
13,45633386,75,15,
13,45633453,211,59,
13,45633482,426,234,
13,45633513,42,28,
13,45633591,112,16,
13,45633642,99,17,
13,45633815,97,22,
13,45633921,51,8,
13,45633954,10,0,
13,45633958,109,69,
13,45634026,158,159,
13,45634055,11,2,
13,45634095,991,673,
13,45634310,84,11,
13,45634367,362,159,
13,45634528,65,25,
13,45634638,45,18,
13,45634641,151,108,
13,45634678,118,91,
13,45634797,123,143,
13,45635069,178,42,
13,45635530,25,3,
13,45635533,668,197,
13,45635669,14,15,
13,45635734,47,72,
13,45635870,91,54,
13,45635940,189,163,
13,45636116,117,108,
13,45636259,7,4,
13,45636285,401,223,
13,45636365,221,82,
13,45637133,165,69,
13,45637548,27,15,
13,45637744,422,228,
13,45637880,234,101,
13,45638058,14,5,
13,45638096,122,164,
13,45638514,82,28,
13,45638588,191,83,
13,45638702,62,26,
13,45638739,20,1,
13,45638749,9,0,
13,45638966,62,20,
13,45638986,60,60,
13,45639157,72,10,
13,45639250,328,167,
13,45639391,49,31,
13,45639498,234,115,
13,45639654,162,63,
13,45639860,194,25,
13,45639995,586,54,
13,45640226,1748,397,
13,45640594,975,237,
13,45640678,145,74,
13,45640838,2231,2023,
13,45640877,344,133,
13,45641864,5,0,
13,45642051,59,5,
13,45642528,40,7,
13,45642562,125,61,
13,45642874,33,12,
13,45642911,177,43,
13,45642923,133,112,
13,45642979,70,49,
13,45643163,514,308,
13,45643357,559,192,
13,45643553,62,10,
13,45643776,116,47,
13,45643976,65,43,
13,45644328,448,110,
13,45644654,142,84,
13,45644921,33,18,
13,45645120,138,43,
13,45645172,522,286,
13,45645349,536,110,
13,45645366,19,22,
13,45645510,110,141,
13,45645692,12,1,
13,45646414,166,289,
13,45646559,188,42,
13,45646561,417,139,
13,45646572,309,221,
13,45646691,134,29,
13,45646958,169,24,
13,45647003,5,0,
13,45647097,22,0,
13,45647133,175,150,
13,45647166,568,384,
13,45647853,77,58,
13,45648249,164,94,
13,45648258,258,156,
13,45648266,206,235,
13,45648306,15,27,
13,45648743,20,1,
13,45648892,47,5,
13,45649178,990,616,
13,45649510,138,60,
13,45649734,6,1,
13,45650015,25,9,
13,45650617,74,59,
13,45650792,76,15,
13,45651485,406,401,
13,45651570,15,4,
13,45652000,40,30,
13,45652107,24,1,
13,45652254,8,4,
13,45652282,17,3,
13,45652307,339,312,
13,45652567,18,0,
13,45652621,7,1,
13,45652639,33,3,
13,45652859,148,54,
13,45652968,5,0,
13,45653143,171,21,
13,45653330,116,24,
13,45653350,68,84,
13,45653393,62,106,
13,45653543,6,0,
13,45653818,29,17,
13,45653934,7,0,
13,45653981,25,16,
13,45654087,59,44,
13,45654512,192,60,
13,45654540,15,1,
13,45654660,201,54,
13,45654955,25,4,
13,45655161,399,114,23
13,45655177,15,0,
13,45655179,70,129,
13,45655188,360,957,21
13,45655190,136,29,
13,45655206,21,22,
13,45655263,119,47,
13,45655393,22,2,
13,45655485,12,11,
13,45655519,22,0,
13,45656044,218,107,
13,45656223,423,254,17
13,45656247,59,33,
13,45656733,8,0,
13,45656734,26,2,
13,45656788,13,1,
13,45656836,9,3,
13,45656910,9,5,
13,45656916,209,242,
13,45656952,113,50,
13,45656995,7,5,
13,45657190,10,1,
13,45657260,86,9,
13,45657287,405,335,
13,45657302,274,140,
13,45657345,346,79,20
13,45657428,175,195,
13,45657431,219,258,
13,45657531,24,0,
13,45657595,40,3,
13,45657625,33,1,
13,45657706,19,10,
13,45657747,29,5,
13,45657827,517,82,
13,45657922,108,73,
13,45658019,241,250,
13,45658056,237,247,
13,45658172,5,0,
13,45658268,35,16,
13,45658323,16,2,
13,45658479,719,688,
13,45658687,63,9,
13,45658722,13,1,
13,45658928,35,2,
13,45659481,5,0,
13,45659812,165,82,
13,45659883,82,69,
13,45660404,40,30,
13,45660412,5,0,
13,45660422,12,0,
13,45660634,71,8,
13,45660753,23,1,
13,45661046,13,7,
13,45661084,217,110,
13,45661112,34,9,
13,45661253,726,490,26
13,45661306,147,29,29
13,45661399,17,2,
13,45661462,54,17,24
13,45661477,14,0,
13,45661479,17,1,
13,45661545,15,8,
13,45661547,44,13,
13,45661638,214,76,15
13,45661698,88,55,
13,45661823,6,0,
13,45661840,8,1,
13,45661900,6,0,
13,45662006,16,2,
13,45662021,7,0,
13,45662053,176,83,
13,45662136,10,1,
13,45662423,6,2,
13,45662431,8,0,
13,45662656,12,3,
13,45662668,148,15,25
13,45663045,8,1,
13,45663052,6,0,
13,45663162,6,1,
13,45663219,14,0,
13,45663398,14,3,
13,45663427,11,12,
13,45663435,82,23,
13,45663624,7,0,
13,45663644,24,2,
13,45663676,22,10,
13,45663681,25,1,
13,45664010,12,0,
13,45664147,243,100,
13,45664323,11,0,
13,45664431,25,10,
13,45664699,13,10,
13,45664765,11,1,
13,45664791,16,0,
13,45664848,115,46,5
13,45665217,28,5,
13,45665220,7,0,
13,45665271,4,0,
13,45665311,187,235,11
13,45665452,286,175,2
13,45665752,12,1,
13,45665796,376,217,
13,45665830,19,18,
13,45665960,8,6,
13,45666058,9,0,
13,45666070,6,0,
13,45666162,11,0,
13,45666239,24,9,
13,45666327,34,60,6
13,45666510,251,43,2
13,45666703,7,5,
13,45667174,6,0,
13,45667253,8,4,
13,45667319,4,2,
13,45667456,16,17,
13,45667458,82,91,12
13,45667866,192,236,1
13,45667949,28,11,13
13,45668008,37,31,4
13,45668010,6,3,
13,45668022,33,15,6
13,45668408,33,2,1
13,45668453,10,1,5
13,45668469,13,1,14
13,45668712,4,0,
13,45668805,4,0,
13,45668882,6,2,23
14,45526766,12,5,24
14,45526845,242,30,
14,45528813,115,47,
14,45529120,153,77,
14,45529255,181,92,
14,45529534,146,25,
14,45529587,1202,438,
14,45532971,48,7,
14,45535622,48,6,
14,45539079,223,32,
14,45539262,251,177,
14,45540398,114,47,
14,45542245,60,22,
14,45542536,135,19,
14,45543546,64,5,
14,45543746,36,5,19
14,45544330,24,6,
14,45545017,110,57,
14,45545220,161,71,
14,45545753,46,6,
14,45545980,26,36,
14,45546250,73,9,
14,45546575,129,28,
14,45547346,44,10,
14,45547566,840,185,
14,45547891,66,3,
14,45548125,40,8,
14,45550908,18,0,
14,45550969,93,81,
14,45552358,98,42,
14,45553422,235,43,
14,45555709,155,110,
14,45555960,41,56,
14,45556104,95,93,
14,45556374,35,21,
14,45556413,32,3,
14,45556536,86,49,
14,45556772,68,16,
14,45556827,37,11,
14,45556911,148,18,
14,45557157,30,6,
14,45557272,35,11,
14,45557591,111,23,
14,45557596,127,87,
14,45557599,460,190,
14,45558820,45,2,
14,45558913,58,24,
14,45559040,127,36,
14,45559145,51,15,
14,45559573,87,39,
14,45559857,640,169,
14,45560738,94,24,
14,45560864,63,8,
14,45561382,56,16,
14,45562849,52,24,
14,45563021,54,11,
14,45563576,346,171,
14,45563589,57,16,
14,45564619,186,268,
14,45564696,101,47,
14,45564821,95,41,
14,45565793,133,75,8
14,45565977,85,23,
14,45566441,146,30,
14,45566638,223,302,
14,45566644,728,636,
14,45566730,110,19,11
14,45566766,134,111,
14,45567050,114,35,
14,45567382,12,8,
14,45567443,32,2,
14,45567746,91,51,
14,45567877,723,499,
14,45568700,466,321,
14,45568915,487,726,
14,45569350,1519,308,
14,45569692,42,15,
14,45569787,39,17,
14,45570517,96,40,
14,45570758,68,8,
14,45571423,313,68,
14,45572478,138,108,
14,45573626,90,9,
14,45574106,83,14,
14,45575165,109,136,
14,45575391,542,138,
14,45575934,13,7,
14,45576536,199,61,
14,45577086,163,31,
14,45577181,216,227,
14,45577266,62,17,
14,45578016,86,20,
14,45578080,89,35,
14,45578115,64,16,
14,45578540,178,86,
14,45578935,103,28,
14,45580347,112,103,
14,45580559,10,18,
14,45580683,20,0,
14,45580981,408,388,
14,45581288,145,98,
14,45581602,192,145,
14,45581988,82,11,
14,45582370,35,13,
14,45582958,268,142,
14,45583019,30,9,
14,45583116,40,16,
14,45583180,536,451,
14,45583243,209,128,
14,45583336,709,474,
14,45583574,75,80,
14,45583767,26,11,
14,45583786,398,106,
14,45583787,223,160,
14,45583999,224,136,
14,45584464,356,391,
14,45584680,184,91,
14,45586339,1583,629,
14,45586776,189,109,
14,45587546,102,76,
14,45588116,16,7,
14,45588689,205,130,
14,45588752,22,10,23
14,45588959,170,60,
14,45589156,241,85,
14,45589327,123,116,
14,45589715,284,247,
14,45590681,414,304,
14,45590743,81,82,
14,45590756,479,258,
14,45590935,123,5,
14,45590949,380,101,
14,45591288,74,20,
14,45591799,1261,1390,
14,45591902,370,563,
14,45592271,211,101,
14,45593213,97,20,
14,45593358,282,224,
14,45594403,20,0,
14,45594920,546,365,
14,45595403,728,287,
14,45596059,134,35,
14,45597006,224,59,
14,45598590,231,105,
14,45599084,118,18,
14,45599567,339,79,
14,45599727,253,10,
14,45600132,52,16,
14,45600470,145,25,
14,45601177,94,43,
14,45601750,909,468,
14,45601834,220,70,
14,45601982,341,233,
14,45602197,77,6,
14,45602428,384,142,
14,45602676,343,319,
14,45603876,158,129,
14,45604013,93,24,28
14,45604451,120,58,
14,45604673,364,154,
14,45604700,79,49,
14,45604779,220,143,
14,45605153,136,63,
14,45605501,306,682,
14,45605556,204,153,20
14,45606070,64,33,
14,45606698,268,69,
14,45606853,168,102,
14,45606986,186,41,
14,45607117,814,425,
14,45607758,420,268,
14,45607822,97,31,
14,45608456,242,101,
14,45609251,65,17,
14,45609922,145,111,
14,45609986,405,72,
14,45610226,1751,511,
14,45610266,140,62,
14,45610523,256,90,
14,45610939,16,7,21
14,45610996,128,32,
14,45611252,283,80,
14,45611851,99,67,
14,45612223,47,3,
14,45612987,111,26,
14,45613047,665,238,
14,45613567,283,181,
14,45613667,60,19,
14,45613898,426,212,
14,45614148,463,770,
14,45614547,39,37,
14,45614713,577,501,
14,45614922,1136,624,
14,45615237,428,954,
14,45615449,68,16,
14,45615863,665,378,
14,45615931,565,108,
14,45617948,303,43,
14,45618536,46,17,
14,45618790,808,196,
14,45619108,191,54,
14,45619329,1204,1103,
14,45619537,730,367,
14,45620330,102,19,4
14,45620394,257,132,
14,45620653,150,79,
14,45621020,92,66,
14,45621074,489,253,
14,45621557,154,24,
14,45621571,96,10,
14,45621972,88,11,
14,45622365,535,145,
14,45622604,135,27,
14,45622944,207,116,
14,45623509,122,75,
14,45623917,148,21,
14,45624186,59,3,
14,45624888,205,77,
14,45625229,292,86,
14,45625251,186,110,
14,45625848,86,15,
14,45626010,23,6,
14,45626037,155,33,
14,45626130,399,116,
14,45626349,261,76,
14,45626910,609,583,
14,45626961,98,40,
14,45626985,292,212,
14,45627048,47,2,
14,45627324,471,112,
14,45627394,399,83,
14,45627692,279,35,
14,45628190,194,127,
14,45628283,109,4,
14,45628391,390,248,
14,45629299,110,76,
14,45629522,16,3,
14,45629970,251,115,
14,45631328,55,7,
14,45631503,165,96,
14,45631613,15,3,
14,45631678,144,60,
14,45632429,606,109,
14,45632633,21,20,
14,45632836,14,1,
14,45632943,57,49,
14,45632976,113,13,
14,45633081,166,81,
14,45633386,75,15,
14,45633453,211,59,
14,45633482,426,234,
14,45633513,43,28,
14,45633591,112,16,
14,45633642,99,17,
14,45633815,97,22,
14,45633921,51,8,
14,45633954,10,0,
14,45633958,110,69,
14,45634026,158,159,
14,45634055,11,2,
14,45634095,991,673,
14,45634310,84,11,
14,45634367,362,159,
14,45634528,65,25,
14,45634638,45,18,
14,45634641,152,108,
14,45634678,118,91,
14,45634797,123,143,
14,45635069,178,42,
14,45635530,25,3,
14,45635533,668,197,
14,45635669,14,15,
14,45635734,47,72,
14,45635870,91,54,
14,45635940,191,163,
14,45636116,117,108,
14,45636259,7,4,
14,45636285,401,223,
14,45636365,222,82,
14,45637133,165,69,
14,45637548,27,15,
14,45637744,422,228,
14,45637880,234,101,
14,45638058,14,5,
14,45638096,122,164,
14,45638514,82,28,
14,45638588,191,83,
14,45638702,62,26,
14,45638739,20,1,
14,45638966,62,20,
14,45638986,60,60,
14,45639157,72,10,
14,45639250,328,167,
14,45639391,49,31,
14,45639498,234,115,
14,45639654,162,63,
14,45639860,194,25,
14,45639995,587,54,
14,45640226,1750,398,
14,45640594,975,237,
14,45640678,145,74,
14,45640838,2232,2023,
14,45640877,344,133,
14,45641864,5,0,
14,45642051,59,5,
14,45642528,41,7,
14,45642562,125,61,
14,45642874,33,12,
14,45642911,177,43,
14,45642923,133,112,
14,45642979,70,49,
14,45643163,515,308,
14,45643357,559,192,
14,45643553,62,10,
14,45643776,116,48,
14,45643976,65,43,
14,45644328,448,110,
14,45644654,142,84,
14,45644921,33,18,
14,45645120,138,43,
14,45645172,522,286,
14,45645349,537,110,
14,45645366,20,25,
14,45645510,110,141,
14,45645692,12,1,
14,45646414,167,292,
14,45646559,191,42,
14,45646561,418,139,
14,45646572,309,223,
14,45646691,135,29,
14,45646958,169,24,
14,45647003,5,0,
14,45647097,22,0,
14,45647133,175,150,
14,45647166,569,385,
14,45647853,77,58,
14,45648249,165,94,
14,45648258,258,156,
14,45648266,206,235,
14,45648306,15,27,
14,45648743,20,1,
14,45648892,47,5,
14,45649178,992,618,
14,45649510,140,63,
14,45649734,6,1,
14,45650015,25,9,
14,45650617,74,59,
14,45650792,76,15,
14,45651485,409,402,
14,45651570,15,4,
14,45652000,40,30,
14,45652107,24,1,
14,45652254,8,4,
14,45652282,17,3,
14,45652307,341,318,
14,45652567,18,0,
14,45652621,7,1,
14,45652639,33,3,
14,45652859,148,54,
14,45652968,5,0,
14,45653143,174,25,
14,45653330,117,24,
14,45653350,68,84,
14,45653393,62,106,
14,45653543,6,0,
14,45653818,29,17,
14,45653981,25,16,
14,45654087,60,44,
14,45654512,192,60,
14,45654540,15,1,
14,45654660,201,54,
14,45654955,25,5,
14,45655161,406,114,26
14,45655177,16,0,
14,45655179,71,129,
14,45655188,370,975,24
14,45655190,136,29,
14,45655206,21,22,
14,45655263,119,47,
14,45655393,23,2,
14,45655485,13,11,
14,45655519,23,0,
14,45656044,219,107,
14,45656223,431,258,17
14,45656247,59,33,
14,45656733,8,0,
14,45656734,26,2,
14,45656788,13,1,
14,45656836,10,3,
14,45656910,9,5,
14,45656916,211,243,
14,45656952,114,50,
14,45656995,7,5,
14,45657190,10,1,
14,45657260,90,13,
14,45657287,410,339,
14,45657302,277,140,
14,45657345,352,83,22
14,45657428,177,195,
14,45657431,220,258,
14,45657531,24,0,
14,45657595,40,3,
14,45657625,34,1,
14,45657706,19,10,
14,45657747,30,5,
14,45657827,519,84,
14,45657922,110,76,
14,45658019,242,253,
14,45658056,239,248,
14,45658172,5,0,
14,45658268,36,16,
14,45658323,16,2,
14,45658479,723,694,
14,45658687,63,9,
14,45658722,13,1,
14,45658928,35,2,
14,45659481,6,0,
14,45659812,166,82,
14,45659883,84,69,
14,45660404,43,30,
14,45660412,5,0,
14,45660422,12,0,
14,45660634,71,9,
14,45660753,24,1,
14,45661046,13,7,
14,45661084,220,113,
14,45661112,36,9,
14,45661253,739,497,29
14,45661306,152,31,
14,45661399,19,2,
14,45661462,55,19,
14,45661477,15,0,
14,45661479,17,1,
14,45661545,15,8,
14,45661547,45,13,
14,45661638,219,81,16
14,45661698,88,55,
14,45661823,6,0,
14,45661840,8,1,
14,45661900,7,0,
14,45662006,16,2,
14,45662021,7,0,
14,45662053,179,83,
14,45662136,10,1,
14,45662368,7,0,8
14,45662423,6,2,
14,45662431,9,0,
14,45662656,13,3,
14,45662668,159,17,27
14,45663045,8,1,
14,45663052,6,0,
14,45663162,7,1,
14,45663219,15,0,
14,45663398,15,3,
14,45663427,11,12,
14,45663435,82,24,
14,45663624,7,0,
14,45663644,25,2,
14,45663676,23,10,
14,45663681,26,1,
14,45664010,12,0,
14,45664147,246,101,
14,45664323,12,0,
14,45664431,25,11,
14,45664699,13,10,
14,45664765,12,1,
14,45664791,16,0,
14,45664848,116,48,9
14,45665217,31,5,
14,45665220,8,0,
14,45665271,5,0,
14,45665311,221,284,12
14,45665452,353,207,3
14,45665752,14,1,
14,45665796,378,219,
14,45665830,19,20,
14,45665960,8,6,
14,45666058,9,0,
14,45666070,6,0,
14,45666162,11,0,
14,45666239,25,9,
14,45666327,41,67,13
14,45666510,291,51,14
14,45666703,7,5,
14,45667174,6,0,
14,45667253,9,4,
14,45667319,5,2,
14,45667456,16,25,
14,45667458,104,131,15
14,45667866,250,300,5
14,45667949,32,14,
14,45667960,20,1,
14,45668008,57,66,6
14,45668010,7,6,
14,45668022,65,34,7
14,45668036,6,0,
14,45668106,11,0,
14,45668264,8,2,20
14,45668408,102,41,1
14,45668453,123,52,2
14,45668469,26,4,18
14,45668561,35,58,7
14,45668686,5,0,
14,45668712,8,0,
14,45668805,22,0,17
14,45668882,9,2,30
14,45668909,5,1,
14,45668990,64,42,5
14,45669142,28,1,2
14,45669159,4,5,9
14,45669195,26,21,15
14,45669414,15,1,26
14,45669593,15,0,3
14,45669599,4,0,
14,45669719,9,0,
14,45669796,5,1,
15,45526766,18,9,25
15,45526845,242,30,
15,45528813,115,47,
15,45529120,154,78,
15,45529255,181,92,
15,45529534,146,25,
15,45529587,1202,438,
15,45532971,48,7,
15,45535622,48,6,
15,45539079,223,32,
15,45539262,251,177,
15,45540398,114,47,
15,45542245,60,22,
15,45542536,135,19,
15,45543546,64,5,
15,45543746,52,9,20
15,45544330,24,6,
15,45545017,110,57,
15,45545220,161,71,
15,45545753,46,6,
15,45545980,26,36,
15,45546250,73,9,
15,45546575,129,28,
15,45547346,44,10,
15,45547891,66,3,
15,45548125,40,8,
15,45550969,93,81,
15,45552358,98,42,
15,45553422,235,43,
15,45555709,155,110,
15,45555960,41,56,
15,45556104,95,93,
15,45556374,35,21,
15,45556413,32,3,
15,45556772,69,16,
15,45556827,37,11,
15,45556911,148,18,
15,45557272,35,11,
15,45557591,111,23,
15,45557596,127,87,
15,45557599,463,190,
15,45558820,45,2,
15,45558913,58,24,
15,45559040,127,36,
15,45559145,51,15,
15,45559573,87,39,
15,45559857,640,169,
15,45560738,94,24,
15,45560864,63,8,
15,45561382,56,16,
15,45562849,52,24,
15,45563021,54,11,
15,45563576,346,171,
15,45563589,57,16,
15,45564696,102,47,
15,45564821,95,44,
15,45565793,144,93,13
15,45565977,85,23,
15,45566441,146,30,
15,45566638,223,302,
15,45566644,728,636,
15,45566730,124,23,17
15,45566766,134,111,
15,45567050,114,35,
15,45567443,32,2,
15,45567746,91,51,
15,45567877,723,499,
15,45568700,466,321,
15,45568915,487,726,
15,45569350,1519,308,
15,45569692,42,15,
15,45569787,39,17,
15,45570517,96,40,
15,45570758,68,8,
15,45571423,313,68,
15,45572478,138,108,
15,45573626,90,9,
15,45574106,83,14,
15,45575165,110,137,
15,45575934,13,7,
15,45576536,199,61,
15,45577086,163,31,
15,45577181,216,227,
15,45577266,62,17,
15,45578016,86,20,
15,45578080,89,35,
15,45578115,64,16,
15,45578540,178,86,
15,45578935,103,30,
15,45580347,112,103,
15,45580559,10,18,
15,45580683,20,0,
15,45580981,408,388,
15,45581288,146,98,
15,45581602,192,145,
15,45581988,82,11,
15,45582370,35,14,
15,45582958,268,142,
15,45583019,30,9,
15,45583116,40,16,
15,45583180,536,451,
15,45583243,209,128,
15,45583336,709,474,
15,45583767,26,11,
15,45583786,398,106,
15,45583787,223,160,
15,45583999,224,136,
15,45584464,356,391,
15,45584680,185,92,
15,45586339,1583,629,
15,45586776,189,109,
15,45587546,102,76,
15,45588116,16,7,
15,45588689,205,130,
15,45588752,22,10,
15,45588959,170,60,
15,45589156,241,85,
15,45589327,123,116,
15,45589715,284,247,
15,45590681,414,304,
15,45590743,81,82,
15,45590756,479,258,
15,45590935,123,5,
15,45590949,380,101,
15,45591288,74,20,
15,45591799,1261,1390,
15,45591902,370,564,
15,45593213,97,20,
15,45593358,282,224,
15,45594403,20,0,
15,45595403,728,287,
15,45596059,134,35,
15,45598590,231,105,
15,45599084,118,18,
15,45599727,253,10,
15,45600132,52,16,
15,45600470,145,25,
15,45601177,94,43,
15,45601750,909,468,
15,45601834,220,70,
15,45601982,341,233,
15,45602197,77,6,
15,45602428,385,142,
15,45602676,343,319,
15,45603876,158,129,
15,45604013,94,24,
15,45604451,120,58,
15,45604673,364,154,
15,45604700,79,49,
15,45604779,220,143,
15,45605153,136,63,
15,45605501,306,682,
15,45605556,211,158,26
15,45606698,268,69,
15,45606853,168,102,
15,45606986,186,41,
15,45607117,814,425,
15,45607758,420,268,
15,45608456,242,101,
15,45609922,145,111,
15,45609986,405,72,
15,45610226,1751,511,
15,45610266,140,62,
15,45610523,256,90,
15,45610939,19,7,23
15,45610996,128,32,
15,45611252,283,80,
15,45611851,99,67,
15,45612223,47,3,
15,45612987,111,26,
15,45613047,666,238,
15,45613567,283,181,
15,45613667,60,19,
15,45613898,426,212,
15,45614148,463,770,
15,45614547,39,37,
15,45614713,577,501,
15,45614922,1136,624,
15,45615237,428,955,
15,45615449,68,16,
15,45615863,665,378,
15,45615931,565,108,
15,45617948,303,43,
15,45618536,46,17,
15,45618790,808,196,
15,45619108,191,54,
15,45619329,1204,1103,
15,45619537,730,367,
15,45620330,121,21,6
15,45620394,257,132,
15,45620653,150,79,
15,45621020,92,66,
15,45621074,489,253,
15,45621557,154,24,
15,45621571,96,10,
15,45621972,88,11,
15,45622365,535,145,
15,45622604,135,27,
15,45622944,207,116,
15,45623509,122,75,
15,45623917,148,21,
15,45624186,59,3,
15,45624888,205,77,
15,45625229,292,86,
15,45625251,186,110,
15,45625848,86,15,
15,45626010,23,6,
15,45626037,155,33,
15,45626130,399,116,
15,45626349,261,77,
15,45626910,609,584,
15,45626961,98,40,
15,45626985,292,212,
15,45627048,47,2,
15,45627324,471,112,
15,45627394,399,83,
15,45627692,279,35,
15,45628190,194,127,
15,45628283,109,4,
15,45628391,390,248,
15,45629299,110,76,
15,45629522,16,3,
15,45629970,251,115,
15,45631328,55,7,
15,45631503,165,96,
15,45631678,144,60,
15,45632429,606,109,
15,45632633,21,20,
15,45632836,14,1,
15,45632943,57,49,
15,45632976,113,13,
15,45633081,166,81,
15,45633386,75,15,
15,45633453,211,59,
15,45633482,426,234,
15,45633513,43,28,
15,45633591,112,16,
15,45633642,99,17,
15,45633815,97,22,
15,45633921,51,8,
15,45633954,10,0,
15,45633958,110,69,
15,45634026,158,159,
15,45634055,11,2,
15,45634310,84,11,
15,45634367,362,159,
15,45634528,65,25,
15,45634638,45,18,
15,45634641,152,108,
15,45634678,118,91,
15,45634797,123,143,
15,45635069,178,42,
15,45635530,25,3,
15,45635533,668,197,
15,45635669,14,15,
15,45635734,47,72,
15,45635870,92,54,
15,45635940,192,163,
15,45636116,117,108,
15,45636259,7,4,
15,45636285,401,223,
15,45636365,222,82,
15,45637133,165,69,
15,45637548,27,15,
15,45637744,422,228,
15,45637880,234,101,
15,45638058,14,5,
15,45638096,122,164,
15,45638514,82,28,
15,45638588,191,83,
15,45638702,62,26,
15,45638739,20,1,
15,45638966,62,20,
15,45638986,60,60,
15,45639157,72,10,
15,45639250,329,167,
15,45639391,49,32,
15,45639498,234,115,
15,45639654,162,63,
15,45639860,194,25,
15,45639995,587,54,
15,45640226,1752,398,
15,45640594,975,237,
15,45640678,145,74,
15,45640838,2232,2025,
15,45640877,344,133,
15,45641864,5,0,
15,45642051,59,5,
15,45642528,41,7,
15,45642562,125,61,
15,45642911,177,43,
15,45642923,133,112,
15,45642979,70,49,
15,45643163,515,308,
15,45643357,559,192,
15,45643553,62,10,
15,45643776,116,48,
15,45643976,65,43,
15,45644328,448,110,
15,45644654,142,84,
15,45645120,138,43,
15,45645172,522,286,
15,45645349,537,110,
15,45645366,20,25,
15,45645510,110,142,
15,45645692,12,1,
15,45646414,167,296,
15,45646559,194,42,
15,45646561,419,140,
15,45646572,310,226,
15,45646691,135,29,
15,45646958,170,24,
15,45647003,5,0,
15,45647133,175,151,
15,45647166,570,385,
15,45647853,78,58,
15,45648249,165,95,
15,45648258,258,156,
15,45648266,206,238,
15,45648306,15,27,
15,45648743,20,1,
15,45648892,47,5,
15,45649178,992,620,
15,45649510,143,63,
15,45649734,6,1,
15,45650015,25,9,
15,45650617,74,59,
15,45650792,76,15,
15,45651485,415,404,
15,45651570,15,4,
15,45652000,40,30,
15,45652107,24,1,
15,45652254,9,4,
15,45652282,17,3,
15,45652307,343,322,
15,45652567,18,0,
15,45652621,7,1,
15,45652639,33,3,
15,45652766,3,0,
15,45652821,3,0,
15,45652859,148,54,
15,45652868,4,1,
15,45652968,5,0,
15,45652974,3,0,
15,45652998,3,1,
15,45653143,174,25,
15,45653330,118,24,
15,45653350,68,84,
15,45653393,62,106,
15,45653543,6,0,
15,45653639,4,0,
15,45653761,3,0,
15,45653818,29,17,
15,45653933,3,0,
15,45653981,25,16,
15,45653996,3,0,
15,45654087,60,45,
15,45654202,3,0,
15,45654512,193,61,
15,45654540,15,1,
15,45654660,201,54,
15,45654955,25,5,
15,45655161,412,115,30
15,45655177,16,0,
15,45655179,72,129,
15,45655188,377,998,29
15,45655190,136,29,
15,45655206,21,22,
15,45655263,119,47,
15,45655393,23,2,
15,45655485,13,11,
15,45655519,23,0,
15,45656044,219,107,
15,45656223,442,273,22
15,45656247,59,33,
15,45656733,8,0,
15,45656734,26,2,
15,45656788,13,1,
15,45656836,10,3,
15,45656910,9,5,
15,45656916,211,244,
15,45656952,114,50,
15,45656995,7,5,
15,45657190,10,1,
15,45657260,92,13,
15,45657287,412,341,
15,45657302,277,140,
15,45657345,357,85,28
15,45657428,177,195,
15,45657431,221,258,
15,45657531,24,0,
15,45657595,40,3,
15,45657625,34,1,
15,45657706,19,10,
15,45657747,31,5,
15,45657827,523,85,
15,45657922,110,76,
15,45658019,246,258,
15,45658056,242,250,
15,45658172,6,0,
15,45658268,36,16,
15,45658323,16,2,
15,45658479,731,697,
15,45658687,63,9,
15,45658722,13,1,
15,45658928,35,2,
15,45659481,6,0,
15,45659812,166,85,
15,45659883,84,73,
15,45660404,43,30,
15,45660412,5,0,
15,45660422,12,0,
15,45660634,71,10,
15,45660753,24,1,
15,45661046,13,8,
15,45661084,222,113,
15,45661112,36,9,
15,45661253,749,501,
15,45661306,160,34,
15,45661399,20,2,
15,45661462,55,19,
15,45661477,15,0,
15,45661479,19,1,
15,45661545,15,8,
15,45661547,45,13,
15,45661638,223,84,26
15,45661698,89,56,
15,45661823,6,0,
15,45661840,8,1,
15,45661900,7,0,
15,45662006,16,2,
15,45662021,7,0,
15,45662053,180,84,
15,45662136,10,1,
15,45662368,55,5,3
15,45662423,6,2,
15,45662431,10,0,
15,45662656,13,3,
15,45662668,161,19,
15,45663045,8,1,
15,45663052,6,0,
15,45663162,7,1,
15,45663219,16,0,
15,45663398,15,3,
15,45663427,11,12,
15,45663435,82,24,
15,45663624,7,0,
15,45663644,25,2,
15,45663676,23,10,
15,45663681,27,1,
15,45664010,12,0,
15,45664147,252,102,
15,45664323,12,0,
15,45664431,26,11,
15,45664699,13,10,
15,45664765,13,1,
15,45664791,16,0,
15,45664848,120,51,15
15,45665217,31,5,
15,45665220,8,0,
15,45665271,6,0,
15,45665311,251,328,14
15,45665452,402,250,3
15,45665752,14,1,
15,45665796,378,227,
15,45665830,19,21,
15,45665960,8,7,
15,45666058,9,0,
15,45666070,6,0,
15,45666162,11,0,
15,45666239,25,9,
15,45666327,46,70,20
15,45666510,328,58,19
15,45666703,7,5,
15,45666719,4,1,
15,45667174,10,1,
15,45667253,9,4,
15,45667319,5,3,
15,45667456,17,27,
15,45667458,118,154,23
15,45667866,311,359,9
15,45667949,37,14,
15,45667960,39,4,
15,45668008,67,76,
15,45668010,10,7,
15,45668022,112,71,10
15,45668036,10,1,
15,45668106,14,2,
15,45668160,29,6,12
15,45668254,5,0,
15,45668264,37,18,6
15,45668408,107,59,7
15,45668469,32,6,
15,45668561,41,86,
15,45668686,5,0,
15,45668712,8,0,
15,45668731,5,1,
15,45668805,41,5,18
15,45668882,9,2,
15,45668909,6,1,22
15,45668990,158,117,4
15,45669138,5,0,
15,45669142,60,8,2
15,45669195,32,56,19
15,45669414,62,82,10
15,45669593,70,16,1
15,45669599,6,1,
15,45669719,31,1,
15,45669796,48,8,16
15,45670134,8,3,
15,45670443,49,19,1
16,45526766,25,11,24
16,45526845,242,30,
16,45528813,115,47,
16,45529120,154,78,
16,45529255,181,92,
16,45529534,146,25,
16,45529587,1202,438,
16,45532971,48,7,
16,45535622,48,6,
16,45539079,223,32,
16,45539262,251,177,
16,45540398,114,47,
16,45542245,60,22,
16,45542536,135,19,
16,45543546,64,5,
16,45543746,71,12,14
16,45544330,24,6,
16,45545017,110,57,
16,45545220,161,71,
16,45545753,46,6,
16,45545980,26,36,
16,45546250,73,9,
16,45546575,129,28,
16,45547346,44,10,
16,45547891,66,3,
16,45548125,41,8,
16,45550969,93,81,
16,45552358,98,42,
16,45553422,235,43,
16,45555709,155,110,
16,45555960,41,56,
16,45556104,95,93,
16,45556374,35,23,
16,45556413,32,3,
16,45556772,69,16,
16,45556827,37,11,
16,45556911,148,18,
16,45557272,35,11,
16,45557591,111,23,
16,45557596,127,87,
16,45557599,465,190,
16,45558820,45,2,
16,45558913,58,24,
16,45559040,127,36,
16,45559145,51,15,
16,45559573,87,39,
16,45559857,640,169,
16,45560738,94,24,
16,45560864,63,8,
16,45561382,56,16,
16,45562849,52,24,
16,45563021,54,11,
16,45563576,346,171,
16,45563589,57,16,
16,45564696,102,47,
16,45564821,97,46,
16,45565793,153,110,12
16,45565977,85,23,
16,45566441,146,30,
16,45566638,223,302,
16,45566644,728,636,
16,45566730,141,33,17
16,45566766,134,111,
16,45567050,114,35,
16,45567443,33,2,
16,45567746,91,51,
16,45567877,723,499,
16,45568700,466,321,
16,45568915,487,726,
16,45569350,1519,308,
16,45569692,42,15,
16,45569787,39,17,
16,45570517,96,40,
16,45570758,68,8,
16,45571423,313,68,
16,45572478,138,108,
16,45573626,90,9,
16,45574106,83,14,
16,45575165,110,137,
16,45575934,13,7,
16,45576536,199,61,
16,45577086,163,32,
16,45577181,216,227,
16,45577266,62,17,
16,45578016,86,20,
16,45578080,89,35,
16,45578115,64,16,
16,45578540,178,86,
16,45578935,106,33,
16,45580347,112,103,
16,45580559,10,18,
16,45580683,21,0,
16,45580981,408,388,
16,45581288,146,98,
16,45581602,192,145,
16,45581988,82,11,
16,45582370,35,14,
16,45582958,269,142,
16,45583019,30,9,
16,45583116,40,16,
16,45583180,536,451,
16,45583243,209,128,
16,45583336,709,474,
16,45583767,26,11,
16,45583786,398,106,
16,45583999,225,136,
16,45584464,356,391,
16,45584680,185,92,
16,45586339,1584,629,
16,45586776,189,109,
16,45587546,102,76,
16,45588116,16,7,
16,45588689,205,130,
16,45588752,26,17,
16,45588959,170,60,
16,45589156,241,85,
16,45589327,123,116,
16,45589715,284,247,
16,45590681,414,304,
16,45590743,81,82,
16,45590756,479,258,
16,45590935,123,5,
16,45590949,380,101,
16,45591288,74,20,
16,45591799,1261,1390,
16,45591902,370,564,
16,45593358,282,224,
16,45594403,20,0,
16,45595403,728,287,
16,45596059,134,35,
16,45598590,232,105,
16,45599084,118,18,
16,45599727,253,10,
16,45600132,52,16,
16,45600470,145,25,
16,45601177,94,43,
16,45601750,909,468,
16,45601834,220,70,
16,45601855,14,4,16
16,45601982,341,233,
16,45602428,385,142,
16,45602676,343,319,
16,45604013,96,24,
16,45604451,120,58,
16,45604673,364,154,
16,45604700,79,49,
16,45604779,220,143,
16,45605153,136,63,
16,45605501,306,682,
16,45605556,219,172,27
16,45606698,268,69,
16,45606853,170,104,
16,45606986,186,41,
16,45607117,814,425,
16,45607758,420,268,
16,45608456,242,101,
16,45609922,145,111,
16,45609986,405,72,
16,45610226,1751,511,
16,45610266,140,62,
16,45610523,256,90,
16,45610939,21,7,26
16,45610996,128,32,
16,45611252,283,80,
16,45611851,99,67,
16,45612223,47,3,
16,45612987,111,26,
16,45613047,666,238,
16,45613567,283,181,
16,45613667,60,19,
16,45613898,426,212,
16,45614148,463,770,
16,45614547,39,37,
16,45614713,577,501,
16,45614922,1136,624,
16,45615237,428,955,
16,45615449,68,16,
16,45615863,665,378,
16,45615931,565,108,
16,45617948,304,43,
16,45618536,46,17,
16,45618790,808,196,
16,45619108,191,54,
16,45619329,1204,1104,
16,45619537,730,367,
16,45620330,140,27,8
16,45620394,257,132,
16,45620653,150,79,
16,45621020,93,67,
16,45621074,489,253,
16,45621557,155,24,
16,45621571,96,10,
16,45621972,88,11,
16,45622365,535,145,
16,45622604,135,27,
16,45623509,122,75,
16,45623917,148,21,
16,45624186,59,3,
16,45624888,205,77,
16,45625229,292,86,
16,45625251,186,110,
16,45625848,86,15,
16,45626037,155,33,
16,45626130,399,116,
16,45626349,261,77,
16,45626910,609,584,
16,45626961,98,40,
16,45626985,292,213,
16,45627048,47,2,
16,45627324,471,112,
16,45627394,399,83,
16,45627692,279,35,
16,45628190,194,127,
16,45628283,109,4,
16,45628391,391,248,
16,45629299,110,76,
16,45629522,16,3,
16,45629970,251,115,
16,45631328,55,7,
16,45631503,165,96,
16,45631678,144,60,
16,45632429,607,109,
16,45632633,21,20,
16,45632836,14,1,
16,45632976,113,13,
16,45633081,166,81,
16,45633386,75,15,
16,45633453,211,59,
16,45633482,426,234,
16,45633513,43,28,
16,45633591,112,16,
16,45633642,99,17,
16,45633815,97,22,
16,45633921,51,8,
16,45633958,110,69,
16,45634026,158,159,
16,45634310,84,11,
16,45634367,362,159,
16,45634528,65,25,
16,45634638,45,18,
16,45634641,152,108,
16,45634678,118,91,
16,45634797,123,143,
16,45635069,178,42,
16,45635530,25,3,
16,45635533,668,197,
16,45635669,14,15,
16,45635734,47,72,
16,45635870,92,54,
16,45635940,192,163,
16,45636116,117,108,
16,45636259,7,4,
16,45636285,401,223,
16,45636365,222,82,
16,45637133,165,69,
16,45637548,27,15,
16,45637744,422,228,
16,45637880,234,101,
16,45638096,122,164,
16,45638514,82,28,
16,45638588,191,84,
16,45638702,62,26,
16,45638739,20,1,
16,45638966,62,20,
16,45638986,60,60,
16,45639157,72,10,
16,45639250,329,167,
16,45639391,49,32,
16,45639498,234,115,
16,45639654,162,63,
16,45639860,194,25,
16,45639995,587,54,
16,45640226,1755,398,
16,45640594,975,237,
16,45640678,145,74,
16,45640838,2232,2026,
16,45640877,344,133,
16,45641864,5,0,
16,45642051,59,5,
16,45642528,41,7,
16,45642562,125,61,
16,45642911,178,43,
16,45642923,133,112,
16,45642979,70,49,
16,45643163,517,309,
16,45643357,559,192,
16,45643553,62,10,
16,45643776,116,48,
16,45643976,65,43,
16,45644328,448,110,
16,45644654,142,84,
16,45645120,139,43,
16,45645172,523,286,
16,45645349,537,110,
16,45645366,20,25,
16,45645510,110,142,
16,45645692,12,1,
16,45646414,168,299,
16,45646559,194,42,
16,45646561,420,140,
16,45646572,310,227,
16,45646691,135,29,
16,45646958,170,24,
16,45647003,5,0,
16,45647133,175,151,
16,45647166,570,385,
16,45647853,78,58,
16,45648249,165,95,
16,45648258,258,156,
16,45648266,206,239,
16,45648306,15,27,
16,45648892,47,5,
16,45649178,992,620,
16,45649510,143,63,
16,45649734,6,1,
16,45650015,25,9,
16,45650617,74,59,
16,45650792,76,15,
16,45651485,419,409,
16,45651570,15,4,
16,45652000,41,30,
16,45652107,24,1,
16,45652254,9,4,
16,45652282,17,3,
16,45652307,344,327,
16,45652567,18,0,
16,45652621,7,1,
16,45652639,33,3,
16,45652766,3,0,
16,45652821,3,0,
16,45652859,148,54,
16,45652868,4,1,
16,45652968,5,0,
16,45652974,3,0,
16,45652998,3,1,
16,45653143,174,25,
16,45653330,118,24,
16,45653350,68,87,
16,45653393,62,106,
16,45653543,6,0,
16,45653639,4,0,
16,45653761,3,0,
16,45653818,29,17,
16,45653933,3,0,
16,45653981,25,16,
16,45653996,3,0,
16,45654087,61,45,
16,45654202,3,0,
16,45654512,196,61,
16,45654540,15,1,
16,45654660,201,54,
16,45654955,25,5,
16,45655161,415,115,
16,45655177,16,0,
16,45655179,72,131,
16,45655188,385,1019,30
16,45655190,136,29,
16,45655206,21,23,
16,45655263,120,47,
16,45655393,24,2,
16,45655485,13,11,
16,45655519,24,0,
16,45656044,219,108,
16,45656223,449,275,23
16,45656247,59,33,
16,45656733,8,0,
16,45656734,26,2,
16,45656788,13,1,
16,45656836,10,3,
16,45656910,9,5,
16,45656916,212,246,
16,45656952,114,50,
16,45656995,7,5,
16,45657190,10,1,
16,45657260,95,13,
16,45657287,416,342,
16,45657302,278,140,
16,45657345,366,87,29
16,45657428,178,197,
16,45657431,223,260,
16,45657531,24,1,
16,45657595,41,3,
16,45657625,34,1,
16,45657706,19,10,
16,45657747,31,5,
16,45657827,525,85,
16,45657922,113,76,
16,45658019,247,262,
16,45658056,244,254,
16,45658172,7,1,
16,45658268,36,16,
16,45658323,16,2,
16,45658479,733,702,
16,45658687,64,10,
16,45658722,13,1,
16,45658928,35,2,
16,45659812,167,87,
16,45659883,85,78,
16,45660404,44,30,
16,45660412,5,0,
16,45660422,12,0,
16,45660634,71,10,
16,45660753,24,1,
16,45661046,14,8,
16,45661084,224,117,
16,45661112,38,10,
16,45661253,758,505,
16,45661306,166,34,
16,45661399,21,2,
16,45661462,55,21,
16,45661477,16,0,
16,45661479,19,1,
16,45661545,16,8,
16,45661547,46,13,
16,45661638,229,87,28
16,45661698,89,57,
16,45661823,6,0,
16,45661840,8,1,
16,45661900,7,0,
16,45662006,16,2,
16,45662021,7,0,
16,45662053,181,84,
16,45662136,10,1,
16,45662368,79,8,5
16,45662423,6,2,
16,45662431,10,0,
16,45662656,13,4,
16,45662668,165,21,
16,45663045,8,1,
16,45663052,6,0,
16,45663162,7,1,
16,45663219,16,0,
16,45663398,15,3,
16,45663427,11,12,
16,45663435,82,24,
16,45663624,7,0,
16,45663644,25,2,
16,45663676,23,10,
16,45663681,27,1,
16,45664010,12,0,
16,45664147,256,108,
16,45664323,13,0,
16,45664431,27,11,
16,45664699,14,10,
16,45664765,15,1,
16,45664791,18,0,
16,45664848,126,52,16
16,45665217,32,5,
16,45665220,9,0,
16,45665271,6,0,
16,45665311,279,355,11
16,45665452,460,275,4
16,45665752,14,1,
16,45665796,380,230,
16,45665830,19,21,
16,45665960,8,8,
16,45666058,13,0,
16,45666070,6,0,
16,45666162,11,0,
16,45666239,33,11,
16,45666327,53,81,22
16,45666510,366,61,19
16,45666703,7,7,
16,45666719,6,1,
16,45667174,10,1,
16,45667253,9,4,
16,45667319,5,4,
16,45667456,18,27,
16,45667458,134,177,25
16,45667866,354,402,10
16,45667949,40,15,
16,45667960,52,11,
16,45668008,72,82,
16,45668010,10,9,
16,45668022,142,126,9
16,45668036,13,2,
16,45668106,17,2,
16,45668160,54,17,7
16,45668254,7,1,
16,45668264,60,42,7
16,45668408,113,66,12
16,45668469,36,10,
16,45668561,42,89,
16,45668686,5,0,
16,45668712,8,1,
16,45668731,7,1,
16,45668805,51,18,20
16,45668882,9,2,
16,45668990,218,168,6
16,45669138,9,1,
16,45669142,84,14,3
16,45669195,32,67,
16,45669414,65,90,
16,45669593,85,27,2
16,45669599,7,1,
16,45669719,43,4,
16,45670134,9,6,
16,45670443,133,74,1
16,45670516,7,2,8
16,45670780,36,33,16
16,45670827,9,5,
16,45671218,6,6,
17,45526766,27,15,25
17,45526845,242,30,
17,45528813,115,47,
17,45529120,154,78,
17,45529255,181,92,
17,45529534,146,25,
17,45529587,1202,438,
17,45532971,48,7,
17,45535622,48,6,
17,45539079,223,32,
17,45539262,251,177,
17,45540398,114,47,
17,45542245,60,22,
17,45542536,135,19,
17,45543546,64,5,
17,45543746,91,13,13
17,45544330,24,6,
17,45545017,110,57,
17,45545220,161,71,
17,45545753,46,6,
17,45545980,26,36,
17,45546250,73,9,
17,45546575,129,28,
17,45547891,66,3,
17,45548125,41,8,
17,45550969,93,81,
17,45552358,98,42,
17,45553422,235,43,
17,45555709,155,110,
17,45555960,41,56,
17,45556104,95,93,
17,45556374,35,23,
17,45556413,32,3,
17,45556772,69,16,
17,45556827,37,11,
17,45556911,148,18,
17,45557272,35,11,
17,45557591,111,23,
17,45557596,127,87,
17,45557599,466,190,
17,45558820,45,2,
17,45558913,58,24,
17,45559040,127,36,
17,45559145,51,15,
17,45559573,87,39,
17,45559857,640,169,
17,45560738,94,24,
17,45560864,63,8,
17,45561382,56,16,
17,45562849,52,24,
17,45563021,54,11,
17,45563576,346,171,
17,45563589,57,16,
17,45564696,102,47,
17,45564821,98,48,
17,45565793,172,128,15
17,45565977,85,23,
17,45566441,146,30,
17,45566638,223,302,
17,45566644,728,636,
17,45566730,147,43,18
17,45566766,134,111,
17,45567050,114,35,
17,45567443,33,2,
17,45567746,91,51,
17,45567877,723,499,
17,45568700,466,321,
17,45568915,487,726,
17,45569350,1519,308,
17,45569692,42,15,
17,45569787,39,17,
17,45570517,96,40,
17,45570758,68,8,
17,45571423,313,68,
17,45572478,138,108,
17,45573626,90,9,
17,45574106,83,14,
17,45575165,110,137,
17,45575934,13,7,
17,45576536,199,61,
17,45577086,163,32,
17,45577181,216,227,
17,45577266,62,17,
17,45578016,86,20,
17,45578080,89,35,
17,45578115,64,16,
17,45578540,178,86,
17,45578935,107,33,
17,45580347,112,103,
17,45580559,10,18,
17,45580683,23,0,
17,45580981,408,388,
17,45581288,146,98,
17,45581602,192,145,
17,45581988,82,11,
17,45582370,35,14,
17,45582958,269,142,
17,45583019,30,9,
17,45583116,40,16,
17,45583180,536,451,
17,45583243,209,128,
17,45583336,709,474,
17,45583767,26,11,
17,45583786,398,106,
17,45583999,225,136,
17,45584464,356,391,
17,45584680,187,93,
17,45586339,1584,629,
17,45586776,189,109,
17,45587546,102,76,
17,45588116,16,7,
17,45588689,205,130,
17,45588752,26,26,
17,45588959,170,60,
17,45589156,241,85,
17,45589327,123,116,
17,45589715,284,247,
17,45590681,414,304,
17,45590743,81,82,
17,45590756,479,258,
17,45590935,123,5,
17,45590949,381,101,
17,45591288,74,20,
17,45591799,1261,1390,
17,45591902,370,564,
17,45593358,282,224,
17,45594403,20,0,
17,45595403,728,287,
17,45596059,134,35,
17,45598590,232,105,
17,45599084,118,18,
17,45599727,253,10,
17,45600132,52,16,
17,45600470,145,25,
17,45601177,94,43,
17,45601750,909,468,
17,45601834,220,70,
17,45601855,20,11,16
17,45601982,341,233,
17,45602428,385,142,
17,45602676,343,319,
17,45604013,97,26,
17,45604451,120,58,
17,45604673,364,154,
17,45604700,79,49,
17,45604779,220,143,
17,45605153,136,63,
17,45605223,6,1,21
17,45605501,306,682,
17,45605556,224,179,24
17,45606698,268,69,
17,45606853,172,105,
17,45606986,186,41,
17,45607117,814,425,
17,45607758,420,268,
17,45608456,242,101,
17,45609922,145,111,
17,45609986,405,72,
17,45610226,1751,511,
17,45610266,140,62,
17,45610523,256,90,
17,45610939,24,9,
17,45610996,128,32,
17,45611252,283,80,
17,45612223,47,3,
17,45612987,111,26,
17,45613047,666,238,
17,45613567,283,181,
17,45613667,60,19,
17,45613898,426,212,
17,45614148,463,770,
17,45614547,39,37,
17,45614713,577,501,
17,45614922,1136,624,
17,45615237,428,955,
17,45615449,68,16,
17,45615863,665,378,
17,45615931,565,108,
17,45617948,304,43,
17,45618536,46,17,
17,45618790,809,196,
17,45619108,191,54,
17,45619329,1204,1104,
17,45619537,730,367,
17,45620330,154,29,8
17,45620394,257,132,
17,45620653,150,79,
17,45621020,93,67,
17,45621074,489,253,
17,45621557,155,24,
17,45621571,96,10,
17,45621972,88,11,
17,45622365,535,145,
17,45622604,135,27,
17,45623509,122,75,
17,45623917,148,21,
17,45624186,59,3,
17,45624888,205,77,
17,45625229,292,86,
17,45625251,186,110,
17,45625848,86,15,
17,45626037,155,33,
17,45626130,399,116,
17,45626349,261,77,
17,45626910,609,585,
17,45626961,98,40,
17,45626985,292,214,
17,45627048,47,2,
17,45627324,471,112,
17,45627394,399,83,
17,45627692,279,35,
17,45628190,194,127,
17,45628283,109,4,
17,45628391,391,248,
17,45629299,110,76,
17,45629522,16,3,
17,45629970,251,115,
17,45631328,55,7,
17,45631503,165,96,
17,45631678,144,60,
17,45632429,608,109,
17,45632633,21,20,
17,45632836,14,1,
17,45632976,113,13,
17,45633081,167,81,
17,45633386,75,15,
17,45633453,211,59,
17,45633482,426,234,
17,45633513,43,28,
17,45633591,112,16,
17,45633642,99,17,
17,45633815,97,22,
17,45633921,51,8,
17,45633958,110,69,
17,45634026,158,159,
17,45634310,84,11,
17,45634367,362,159,
17,45634528,65,25,
17,45634638,45,18,
17,45634641,152,108,
17,45634678,118,91,
17,45634797,123,143,
17,45635069,178,42,
17,45635530,25,3,
17,45635533,668,198,
17,45635669,14,15,
17,45635734,48,72,
17,45635870,92,54,
17,45635940,192,163,
17,45636116,117,108,
17,45636259,7,4,
17,45636285,401,223,
17,45636365,222,82,
17,45637133,165,69,
17,45637548,27,15,
17,45637744,422,228,
17,45637880,234,101,
17,45638096,122,164,
17,45638514,82,28,
17,45638588,191,84,
17,45638702,62,26,
17,45638739,20,1,
17,45638966,62,20,
17,45638986,60,60,
17,45639157,72,10,
17,45639250,329,167,
17,45639391,50,32,
17,45639498,234,115,
17,45639654,162,63,
17,45639860,194,25,
17,45639995,587,54,
17,45640226,1756,398,
17,45640594,976,237,
17,45640678,145,74,
17,45640838,2232,2030,
17,45640877,344,133,
17,45641864,5,0,
17,45642051,59,5,
17,45642528,41,8,
17,45642562,125,61,
17,45642911,178,43,
17,45642923,133,112,
17,45642979,70,49,
17,45643163,518,309,
17,45643357,559,193,
17,45643553,62,10,
17,45643776,116,48,
17,45643976,65,43,
17,45644328,448,110,
17,45644654,142,84,
17,45645120,139,43,
17,45645172,524,286,
17,45645349,537,110,
17,45645510,111,142,
17,45645692,12,1,
17,45646414,168,305,
17,45646559,194,43,
17,45646561,420,140,
17,45646572,310,227,
17,45646691,136,29,
17,45646958,171,24,
17,45647003,5,0,
17,45647133,176,151,
17,45647166,570,385,
17,45647853,79,58,
17,45648249,165,95,
17,45648258,259,156,
17,45648266,206,239,
17,45648306,15,27,
17,45648892,47,5,
17,45649178,994,621,
17,45649510,145,63,
17,45649734,6,1,
17,45650015,25,9,
17,45650617,74,59,
17,45650792,76,15,
17,45651485,421,412,
17,45652000,41,30,
17,45652107,24,1,
17,45652254,9,4,
17,45652282,17,3,
17,45652307,345,329,
17,45652567,18,0,
17,45652621,7,1,
17,45652639,33,3,
17,45652766,3,0,
17,45652821,4,0,
17,45652859,150,54,
17,45652868,4,1,
17,45652968,5,0,
17,45652974,3,0,
17,45652998,3,1,
17,45653143,174,25,
17,45653330,118,24,
17,45653350,68,87,
17,45653393,62,106,
17,45653543,6,0,
17,45653639,4,0,
17,45653761,3,0,
17,45653818,29,17,
17,45653933,3,0,
17,45653981,25,16,
17,45653996,5,0,
17,45654087,61,45,
17,45654202,3,0,
17,45654512,198,61,
17,45654540,15,1,
17,45654660,201,54,
17,45654955,25,5,
17,45655161,415,115,
17,45655177,16,0,
17,45655179,72,132,
17,45655188,391,1026,29
17,45655190,137,29,
17,45655206,21,23,
17,45655263,120,47,
17,45655393,24,2,
17,45655485,13,11,
17,45655519,24,0,
17,45656044,219,108,
17,45656223,455,280,23
17,45656247,59,33,
17,45656733,8,0,
17,45656734,26,2,
17,45656788,13,1,
17,45656836,10,3,
17,45656910,9,5,
17,45656916,214,247,
17,45656952,115,50,
17,45656995,7,5,
17,45657190,10,1,
17,45657260,100,13,
17,45657287,419,349,
17,45657302,280,141,
17,45657345,377,91,28
17,45657428,178,197,
17,45657431,225,261,
17,45657531,24,1,
17,45657595,41,3,
17,45657625,34,1,
17,45657706,19,10,
17,45657747,31,5,
17,45657827,526,85,
17,45657922,113,76,
17,45658019,249,266,
17,45658056,244,256,
17,45658172,7,1,
17,45658268,36,17,
17,45658323,16,2,
17,45658479,735,703,
17,45658687,64,14,
17,45658722,13,1,
17,45658928,35,2,
17,45659812,167,89,
17,45659883,85,78,
17,45660404,45,30,
17,45660422,12,0,
17,45660634,71,10,
17,45660753,24,1,
17,45661046,14,8,
17,45661084,226,123,
17,45661112,39,10,
17,45661253,766,510,
17,45661306,177,36,
17,45661399,21,2,
17,45661462,55,21,
17,45661477,16,0,
17,45661479,19,1,
17,45661545,16,8,
17,45661547,46,13,
17,45661638,234,87,30
17,45661698,91,57,
17,45661823,6,0,
17,45661840,8,1,
17,45661900,7,0,
17,45662006,16,2,
17,45662021,7,0,
17,45662053,182,85,
17,45662136,10,1,
17,45662368,101,19,5
17,45662423,6,2,
17,45662431,10,0,
17,45662656,13,4,
17,45662668,167,21,
17,45663045,8,1,
17,45663052,6,0,
17,45663162,7,1,
17,45663219,16,0,
17,45663398,15,3,
17,45663427,11,12,
17,45663435,82,25,
17,45663624,7,0,
17,45663644,25,2,
17,45663676,23,10,
17,45663681,27,1,
17,45664010,12,0,
17,45664147,260,109,
17,45664323,13,0,
17,45664431,27,11,
17,45664699,14,10,
17,45664765,16,1,
17,45664791,18,0,
17,45664848,130,53,17
17,45665217,32,5,
17,45665220,9,0,
17,45665271,7,0,
17,45665311,300,384,12
17,45665452,506,308,4
17,45665752,15,1,
17,45665796,381,232,
17,45665830,21,21,
17,45665960,8,8,
17,45666058,13,0,
17,45666070,7,0,
17,45666162,11,0,
17,45666239,34,12,
17,45666327,57,99,20
17,45666510,404,62,22
17,45666703,8,7,
17,45666719,8,1,
17,45667174,10,1,
17,45667253,10,5,
17,45667319,6,4,
17,45667456,18,28,
17,45667458,147,196,27
17,45667866,396,422,10
17,45667949,41,18,
17,45667960,53,12,
17,45668008,79,82,
17,45668010,12,9,
17,45668022,162,149,19
17,45668036,15,2,
17,45668106,25,5,
17,45668160,78,27,7
17,45668254,10,1,
17,45668264,77,49,9
17,45668305,5,0,
17,45668408,117,73,21
17,45668453,137,93,
17,45668469,38,15,
17,45668561,42,91,
17,45668686,5,0,
17,45668712,8,1,
17,45668731,7,1,
17,45668805,58,34,24
17,45668882,11,2,
17,45668990,275,207,6
17,45669138,14,2,
17,45669142,104,17,3
17,45669195,33,69,
17,45669593,101,48,2
17,45669599,9,1,
17,45669719,60,14,
17,45670052,21,1,19
17,45670134,11,8,
17,45670443,199,108,1
17,45670516,19,7,11
17,45670827,9,6,
17,45671218,9,7,
17,45671282,6,4,
17,45671346,6,0,
17,45671427,11,2,
17,45671569,6,1,16
17,45671778,95,36,6
17,45671871,49,38,2
17,45672103,7,4,
17,45672199,14,1,
17,45672235,30,8,3
17,45672280,5,0,
18,45526766,28,16,
18,45526845,242,30,
18,45528813,115,47,
18,45529120,154,78,
18,45529534,146,25,
18,45529587,1202,438,
18,45532971,48,7,
18,45535622,48,6,
18,45539079,223,32,
18,45539262,251,177,
18,45540398,114,47,
18,45542245,60,22,
18,45542536,135,19,
18,45543546,64,5,
18,45543746,101,15,22
18,45544330,24,6,
18,45545017,110,57,
18,45545220,161,71,
18,45545753,46,6,
18,45545980,26,36,
18,45546250,73,9,
18,45546575,129,28,
18,45548125,41,8,
18,45550969,93,81,
18,45552358,98,42,
18,45553422,235,43,
18,45555709,155,110,
18,45555960,41,56,
18,45556104,95,93,
18,45556374,35,23,
18,45556413,32,3,
18,45556772,69,16,
18,45556827,37,11,
18,45556911,148,18,
18,45557272,35,11,
18,45557591,111,23,
18,45557596,127,87,
18,45557599,467,190,
18,45558820,45,2,
18,45558913,58,24,
18,45559040,127,36,
18,45559145,51,15,
18,45559573,87,39,
18,45559857,640,169,
18,45560738,94,24,
18,45560864,63,8,
18,45561382,56,16,
18,45562849,52,24,
18,45563021,54,11,
18,45563576,346,171,
18,45563589,57,16,
18,45564696,102,47,
18,45564821,98,48,
18,45565793,182,141,24
18,45566638,223,302,
18,45566644,728,636,
18,45566730,160,54,27
18,45567050,114,35,
18,45567443,33,2,
18,45567746,91,51,
18,45567877,723,499,
18,45568915,487,726,
18,45569350,1519,308,
18,45569692,42,15,
18,45569787,39,17,
18,45570517,96,40,
18,45570758,68,8,
18,45571423,313,68,
18,45572478,138,108,
18,45573626,90,9,
18,45574106,83,14,
18,45575165,110,140,
18,45575934,13,7,
18,45576536,199,61,
18,45577086,164,32,
18,45577181,216,227,
18,45577266,62,17,
18,45578016,86,20,
18,45578080,89,35,
18,45578115,64,16,
18,45578540,178,86,
18,45578935,108,34,
18,45580347,112,103,
18,45580559,10,18,
18,45580683,23,0,
18,45580981,408,388,
18,45581288,146,98,
18,45581602,192,145,
18,45581988,82,11,
18,45582370,35,14,
18,45582958,269,142,
18,45583019,30,9,
18,45583116,40,16,
18,45583180,536,451,
18,45583243,209,128,
18,45583336,709,474,
18,45583767,26,11,
18,45583786,398,106,
18,45583999,225,136,
18,45584464,356,391,
18,45584680,187,93,
18,45586339,1584,629,
18,45586776,189,109,
18,45587546,102,76,
18,45588116,16,7,
18,45588689,205,130,
18,45588752,26,27,
18,45588959,170,60,
18,45589156,241,85,
18,45589327,123,116,
18,45589715,284,247,
18,45590681,414,304,
18,45590743,81,82,
18,45590756,479,258,
18,45590935,123,5,
18,45590949,381,101,
18,45591288,74,20,
18,45591799,1261,1390,
18,45591902,370,564,
18,45593358,282,224,
18,45594403,20,0,
18,45595403,728,287,
18,45596059,134,35,
18,45598590,232,105,
18,45599084,118,18,
18,45599727,253,10,
18,45600132,52,16,
18,45600470,145,25,
18,45601177,94,43,
18,45601750,909,468,
18,45601834,220,70,
18,45601855,25,14,22
18,45601982,341,233,
18,45602428,385,142,
18,45604013,99,28,
18,45604451,120,58,
18,45604673,364,154,
18,45604700,79,49,
18,45604779,220,143,
18,45605153,136,63,
18,45605223,6,1,30
18,45605501,306,682,
18,45605556,235,188,28
18,45606698,268,69,
18,45606853,174,106,
18,45606986,186,41,
18,45607117,814,425,
18,45607758,420,268,
18,45608456,242,101,
18,45609922,145,111,
18,45609986,405,72,
18,45610226,1752,511,
18,45610266,140,62,
18,45610523,256,90,
18,45610939,28,10,
18,45610996,128,32,
18,45611252,283,80,
18,45612223,47,3,
18,45612987,111,26,
18,45613047,666,238,
18,45613567,283,181,
18,45613667,60,19,
18,45613898,426,212,
18,45614148,463,770,
18,45614547,39,37,
18,45614713,577,501,
18,45614922,1136,624,
18,45615237,428,955,
18,45615449,68,16,
18,45615863,665,377,
18,45615931,565,108,
18,45617948,304,43,
18,45618536,46,17,
18,45618790,809,196,
18,45619108,191,54,
18,45619329,1204,1106,
18,45619537,730,367,
18,45620330,164,30,17
18,45620394,257,132,
18,45620653,150,79,
18,45621020,93,67,
18,45621074,490,253,
18,45621557,155,24,
18,45621571,96,10,
18,45621972,88,11,
18,45622365,535,145,
18,45622604,135,27,
18,45623509,122,75,
18,45623917,148,21,
18,45624186,59,3,
18,45624888,205,77,
18,45625229,292,86,
18,45625251,186,110,
18,45625848,86,15,
18,45626037,155,33,
18,45626130,399,116,
18,45626349,261,77,
18,45626910,609,585,
18,45626961,98,40,
18,45626985,292,214,
18,45627048,47,2,
18,45627324,471,112,
18,45627394,399,83,
18,45627692,279,35,
18,45628190,194,127,
18,45628283,109,4,
18,45628391,391,248,
18,45629299,110,76,
18,45629522,16,3,
18,45629970,251,115,
18,45631328,55,7,
18,45631503,165,96,
18,45631678,144,60,
18,45632429,608,109,
18,45632633,21,20,
18,45632976,113,13,
18,45633081,167,81,
18,45633386,76,15,
18,45633453,211,59,
18,45633482,426,234,
18,45633513,43,28,
18,45633642,99,17,
18,45633815,97,22,
18,45633900,8,2,15
18,45633921,51,8,
18,45633958,110,69,
18,45634026,158,159,
18,45634310,84,11,
18,45634367,362,159,
18,45634528,65,25,
18,45634638,45,18,
18,45634641,152,108,
18,45634678,118,91,
18,45634797,123,143,
18,45635069,178,42,
18,45635530,25,3,
18,45635533,668,198,
18,45635734,48,72,
18,45635870,92,54,
18,45635940,192,163,
18,45636116,117,108,
18,45636259,7,4,
18,45636285,401,223,
18,45636365,222,82,
18,45637133,165,69,
18,45637548,27,15,
18,45637744,422,228,
18,45637880,234,101,
18,45638096,122,164,
18,45638514,82,28,
18,45638588,191,84,
18,45638702,62,26,
18,45638739,20,1,
18,45638966,62,20,
18,45638986,60,60,
18,45639157,72,10,
18,45639250,329,167,
18,45639391,50,32,
18,45639498,234,115,
18,45639654,162,63,
18,45639860,194,25,
18,45639995,587,54,
18,45640226,1758,398,
18,45640594,976,237,
18,45640678,145,74,
18,45640838,2232,2038,
18,45640877,344,133,
18,45641864,5,0,
18,45642051,59,5,
18,45642528,41,8,
18,45642562,125,61,
18,45642911,178,43,
18,45642923,133,113,
18,45642979,70,49,
18,45643163,518,310,
18,45643357,559,193,
18,45643553,62,10,
18,45643776,118,48,
18,45644328,448,110,
18,45644654,142,84,
18,45645120,139,43,
18,45645172,524,286,
18,45645349,537,110,
18,45645510,113,142,
18,45645692,12,1,
18,45646414,168,310,
18,45646559,196,43,
18,45646561,420,140,
18,45646572,310,228,
18,45646691,136,29,
18,45646958,171,24,
18,45647003,5,0,
18,45647133,176,151,
18,45647166,572,385,
18,45647853,80,58,
18,45648036,3,1,
18,45648249,165,95,
18,45648258,259,156,
18,45648266,206,239,
18,45648306,15,27,
18,45648892,47,5,
18,45649178,995,621,
18,45649510,145,65,
18,45649734,6,1,
18,45650015,25,9,
18,45650617,74,59,
18,45650792,76,15,
18,45651485,422,411,
18,45651554,3,0,
18,45652000,41,30,
18,45652107,24,1,
18,45652254,9,4,
18,45652282,17,3,
18,45652307,345,335,
18,45652567,18,0,
18,45652621,7,1,
18,45652639,33,3,
18,45652766,3,0,
18,45652821,4,0,
18,45652859,150,54,
18,45652868,4,1,
18,45652968,5,0,
18,45652974,3,0,
18,45652998,3,1,
18,45653143,174,25,
18,45653330,118,24,
18,45653350,68,87,
18,45653393,62,106,
18,45653543,6,0,
18,45653639,4,0,
18,45653761,3,0,
18,45653818,29,17,
18,45653933,3,0,
18,45653981,25,16,
18,45653996,5,0,
18,45654087,61,45,
18,45654202,3,0,
18,45654512,198,62,
18,45654540,15,1,
18,45654660,201,54,
18,45654955,25,5,
18,45655161,418,115,
18,45655177,16,0,
18,45655179,73,132,
18,45655188,394,1039,
18,45655190,137,29,
18,45655206,21,23,
18,45655263,120,47,
18,45655393,24,2,
18,45655485,13,11,
18,45655519,24,0,
18,45656044,219,108,
18,45656223,455,281,
18,45656247,59,33,
18,45656733,8,0,
18,45656734,26,2,
18,45656788,13,1,
18,45656836,10,3,
18,45656910,9,5,
18,45656916,215,247,
18,45656952,116,50,
18,45656995,7,5,
18,45657190,10,1,
18,45657260,102,13,
18,45657287,419,350,
18,45657302,280,141,
18,45657345,378,92,
18,45657428,178,197,
18,45657431,225,261,
18,45657531,24,1,
18,45657595,41,3,
18,45657625,34,1,
18,45657655,4,0,
18,45657706,19,10,
18,45657747,31,5,
18,45657827,528,85,
18,45657922,113,83,
18,45658019,249,267,
18,45658056,245,259,
18,45658172,7,1,
18,45658268,36,17,
18,45658323,16,2,
18,45658479,738,706,
18,45658687,64,14,
18,45658722,13,1,
18,45658928,35,2,
18,45659812,167,90,
18,45659883,87,78,
18,45660404,45,30,
18,45660422,12,0,
18,45660634,72,10,
18,45660753,24,1,
18,45661046,14,8,
18,45661084,226,127,
18,45661112,39,10,
18,45661253,770,511,
18,45661306,177,36,
18,45661399,21,2,
18,45661462,55,21,
18,45661477,16,0,
18,45661479,19,1,
18,45661545,16,8,
18,45661547,46,13,
18,45661638,236,90,
18,45661698,91,57,
18,45661823,6,0,
18,45661840,8,1,
18,45661900,7,0,
18,45662006,16,2,
18,45662021,7,0,
18,45662053,183,85,
18,45662136,10,1,
18,45662368,120,26,10
18,45662423,6,2,
18,45662431,11,0,
18,45662656,13,4,
18,45662668,170,21,
18,45663045,8,1,
18,45663052,6,0,
18,45663162,7,1,
18,45663219,16,0,
18,45663398,15,3,
18,45663427,11,13,
18,45663435,83,25,
18,45663454,3,0,
18,45663624,7,0,
18,45663644,25,2,
18,45663676,23,10,
18,45663681,27,1,
18,45664147,262,110,
18,45664323,13,0,
18,45664431,27,11,
18,45664699,15,10,
18,45664765,16,1,
18,45664791,19,0,
18,45664848,132,54,26
18,45665217,32,5,
18,45665220,9,0,
18,45665271,7,0,
18,45665311,313,412,21
18,45665452,544,332,8
18,45665752,16,1,
18,45665796,381,234,
18,45665830,21,21,
18,45665960,8,8,
18,45666058,13,0,
18,45666070,7,0,
18,45666162,11,0,
18,45666239,35,14,
18,45666327,58,109,28
18,45666510,424,64,
18,45666703,8,7,
18,45666719,8,1,
18,45667174,11,1,
18,45667253,11,5,
18,45667319,6,4,
18,45667456,19,28,
18,45667458,151,201,
18,45667866,424,444,15
18,45667949,41,18,
18,45668008,81,84,
18,45668010,13,12,
18,45668022,167,156,
18,45668036,18,4,
18,45668106,30,8,
18,45668118,9,0,
18,45668160,93,29,13
18,45668254,10,1,
18,45668264,88,54,16
18,45668305,5,0,
18,45668408,124,80,
18,45668453,139,96,
18,45668469,39,16,
18,45668561,42,93,
18,45668686,5,0,
18,45668712,8,1,
18,45668731,7,1,
18,45668805,63,38,
18,45668882,11,2,
18,45668990,310,234,11
18,45669138,16,2,
18,45669142,121,20,6
18,45669593,116,52,4
18,45669599,9,1,
18,45669719,61,16,
18,45669906,9,0,16
18,45670052,80,21,11
18,45670134,11,9,
18,45670443,241,126,1
18,45670516,24,11,18
18,45670827,9,7,
18,45671218,10,11,
18,45671282,21,46,18
18,45671346,8,0,
18,45671427,14,3,
18,45671569,7,1,25
18,45671778,197,125,4
18,45671871,79,84,3
18,45672199,81,54,3
18,45672235,73,37,2
18,45672280,24,6,
18,45672336,56,4,3
18,45672405,9,2,22
18,45672484,7,2,
18,45672788,9,5,6
18,45672844,17,9,27
18,45673125,5,2,
19,45526766,29,17,
19,45526845,242,30,
19,45528813,115,47,
19,45529120,154,79,
19,45529534,146,25,
19,45529587,1202,438,
19,45532971,48,7,
19,45535622,48,6,
19,45539079,223,32,
19,45539262,251,177,
19,45540398,114,47,
19,45542245,60,22,
19,45542536,135,19,
19,45543546,64,5,
19,45543746,110,17,24
19,45544330,24,6,
19,45545017,110,57,
19,45545220,161,71,
19,45545753,46,6,
19,45545980,26,36,
19,45546250,73,9,
19,45546575,129,28,
19,45548125,41,8,
19,45550969,93,81,
19,45552358,98,42,
19,45553422,235,43,
19,45555709,155,110,
19,45555960,41,56,
19,45556104,95,93,
19,45556374,36,23,
19,45556413,32,3,
19,45556772,69,16,
19,45556827,37,11,
19,45556911,148,18,
19,45557272,35,11,
19,45557591,111,23,
19,45557596,127,87,
19,45557599,467,190,
19,45558820,45,2,
19,45558913,58,24,
19,45559040,127,36,
19,45559145,51,15,
19,45559573,87,39,
19,45559857,640,169,
19,45560738,94,24,
19,45560864,63,8,
19,45561382,56,16,
19,45562849,52,24,
19,45563021,54,11,
19,45563576,346,171,
19,45563589,57,16,
19,45564696,102,47,
19,45564821,99,48,
19,45565793,196,147,27
19,45566638,223,302,
19,45566644,728,636,
19,45566730,165,58,
19,45567050,114,35,
19,45567443,33,2,
19,45567746,91,51,
19,45567877,723,499,
19,45568915,487,726,
19,45569350,1519,308,
19,45569692,42,15,
19,45569787,39,17,
19,45570517,96,40,
19,45570758,68,8,
19,45571423,313,68,
19,45572478,138,108,
19,45573626,90,9,
19,45574106,83,14,
19,45575165,110,140,
19,45575934,13,7,
19,45576536,199,61,
19,45577086,164,32,
19,45577181,216,227,
19,45577266,62,17,
19,45578016,87,20,
19,45578080,89,35,
19,45578115,64,16,
19,45578540,178,86,
19,45578935,109,34,
19,45580347,112,103,
19,45580559,10,18,
19,45580683,24,0,
19,45580981,408,388,
19,45581288,146,98,
19,45581602,192,145,
19,45581988,82,11,
19,45582370,35,14,
19,45582958,269,142,
19,45583019,30,9,
19,45583116,40,16,
19,45583180,536,451,
19,45583243,209,128,
19,45583336,709,474,
19,45583767,26,11,
19,45583786,398,106,
19,45583999,225,136,
19,45584464,356,391,
19,45584680,188,94,
19,45586339,1585,629,
19,45586776,189,109,
19,45587546,102,76,
19,45588116,16,7,
19,45588689,205,130,
19,45588752,27,27,
19,45588959,170,60,
19,45589156,241,85,
19,45589327,123,116,
19,45589715,284,248,
19,45590681,414,304,
19,45590743,81,82,
19,45590756,479,258,
19,45590935,123,5,
19,45590949,381,101,
19,45591288,74,20,
19,45591799,1261,1390,
19,45591902,370,564,
19,45593358,282,224,
19,45594403,20,0,
19,45595403,728,287,
19,45596059,134,35,
19,45598590,232,105,
19,45599084,118,18,
19,45599727,253,10,
19,45600132,52,16,
19,45600470,145,25,
19,45601750,909,468,
19,45601834,220,70,
19,45601855,33,18,25
19,45601982,341,233,
19,45602428,385,142,
19,45604013,100,28,
19,45604451,120,58,
19,45604673,364,154,
19,45604700,79,49,
19,45604779,220,143,
19,45605153,136,63,
19,45605223,6,1,
19,45605501,306,682,
19,45605556,242,193,29
19,45606518,14,2,17
19,45606698,268,69,
19,45606853,175,107,
19,45606986,186,41,
19,45607117,814,425,
19,45607758,420,268,
19,45608456,242,101,
19,45609922,145,111,
19,45609986,405,72,
19,45610226,1752,511,
19,45610266,140,62,
19,45610523,256,90,
19,45610939,31,10,
19,45610996,128,32,
19,45611252,283,80,
19,45612223,47,3,
19,45612987,111,26,
19,45613047,666,239,
19,45613567,283,181,
19,45613667,60,19,
19,45613898,426,212,
19,45614148,463,770,
19,45614547,39,37,
19,45614713,577,501,
19,45614922,1136,625,
19,45615237,428,955,
19,45615449,68,16,
19,45615863,665,377,
19,45615931,565,108,
19,45617948,304,43,
19,45618536,46,17,
19,45618790,809,196,
19,45619108,191,54,
19,45619329,1204,1106,
19,45619537,730,367,
19,45620330,172,33,20
19,45620394,257,132,
19,45620653,150,79,
19,45621020,93,67,
19,45621074,490,253,
19,45621557,155,24,
19,45621571,97,10,
19,45621972,88,11,
19,45622365,535,145,
19,45622604,135,27,
19,45623509,122,75,
19,45623917,148,21,
19,45624186,59,3,
19,45624888,205,77,
19,45625229,292,86,
19,45625251,186,110,
19,45625848,86,15,
19,45626037,155,33,
19,45626130,399,116,
19,45626349,261,77,
19,45626910,609,585,
19,45626961,98,40,
19,45626985,292,214,
19,45627048,47,2,
19,45627324,471,112,
19,45627394,399,83,
19,45627692,279,35,
19,45628190,194,127,
19,45628283,109,4,
19,45628391,391,248,
19,45629299,110,76,
19,45629522,16,3,
19,45629970,251,115,
19,45631328,55,7,
19,45631503,166,96,
19,45631678,144,60,
19,45632429,608,109,
19,45632633,21,20,
19,45632976,113,13,
19,45633081,167,81,
19,45633386,77,15,
19,45633453,211,59,
19,45633482,426,234,
19,45633513,43,28,
19,45633642,99,17,
19,45633815,97,22,
19,45633900,13,4,17
19,45633921,51,8,
19,45633958,110,69,
19,45634026,158,159,
19,45634310,84,11,
19,45634367,362,159,
19,45634528,65,25,
19,45634638,45,18,
19,45634641,153,108,
19,45634678,118,91,
19,45634797,123,143,
19,45635069,178,42,
19,45635530,25,3,
19,45635533,668,198,
19,45635734,48,72,
19,45635870,92,54,
19,45635940,192,163,
19,45636116,117,108,
19,45636285,401,223,
19,45636365,222,82,
19,45637133,165,69,
19,45637548,27,15,
19,45637744,422,228,
19,45637880,234,101,
19,45638096,122,164,
19,45638514,82,28,
19,45638588,191,84,
19,45638702,62,26,
19,45638739,20,1,
19,45638966,62,20,
19,45638986,60,60,
19,45639157,72,10,
19,45639250,329,167,
19,45639391,50,32,
19,45639498,234,115,
19,45639654,162,63,
19,45639860,194,25,
19,45639995,587,54,
19,45640226,1759,400,
19,45640594,976,237,
19,45640678,145,74,
19,45640838,2233,2041,
19,45640877,344,133,
19,45641864,5,0,
19,45642051,59,5,
19,45642528,41,8,
19,45642562,125,61,
19,45642911,179,43,
19,45642923,133,113,
19,45642979,70,49,
19,45643163,518,310,
19,45643357,559,194,
19,45643553,63,10,
19,45643776,118,48,
19,45644328,449,110,
19,45644654,142,84,
19,45644759,6,0,
19,45645120,139,43,
19,45645172,526,286,
19,45645349,537,110,
19,45645510,114,143,
19,45645692,12,2,
19,45646414,169,312,
19,45646559,197,43,
19,45646561,421,143,
19,45646572,310,228,
19,45646691,136,29,
19,45646958,171,24,
19,45647003,5,0,
19,45647133,176,151,
19,45647166,572,385,
19,45647853,80,58,
19,45648249,165,95,
19,45648258,259,156,
19,45648266,206,239,
19,45648306,15,27,
19,45648892,47,5,
19,45649178,998,622,
19,45649510,146,65,
19,45649734,6,1,
19,45650015,26,9,
19,45650617,74,59,
19,45650792,76,15,
19,45651485,423,412,
19,45651554,3,0,
19,45652000,42,30,
19,45652107,24,1,
19,45652254,9,4,
19,45652282,18,3,
19,45652307,346,337,
19,45652621,7,1,
19,45652639,33,3,
19,45652766,3,0,
19,45652821,4,0,
19,45652859,150,54,
19,45652868,4,1,
19,45652968,5,0,
19,45652974,3,0,
19,45652998,3,1,
19,45653143,175,25,
19,45653330,118,24,
19,45653350,68,90,
19,45653393,62,106,
19,45653543,6,0,
19,45653639,4,0,
19,45653761,3,0,
19,45653818,29,17,
19,45653933,3,0,
19,45653981,25,16,
19,45653996,5,0,
19,45654087,62,45,
19,45654202,3,0,
19,45654512,199,62,
19,45654540,15,1,
19,45654660,202,55,
19,45654955,26,5,
19,45655161,419,115,
19,45655177,17,0,
19,45655179,74,133,
19,45655188,395,1055,
19,45655190,137,29,
19,45655206,22,23,
19,45655263,120,48,
19,45655393,24,2,
19,45655485,14,11,
19,45655519,25,0,
19,45656044,219,108,
19,45656223,455,281,
19,45656247,60,33,
19,45656733,8,0,
19,45656734,26,2,
19,45656788,13,1,
19,45656836,10,3,
19,45656910,9,5,
19,45656916,216,247,
19,45656952,117,50,
19,45656995,7,5,
19,45657190,10,1,
19,45657260,103,13,
19,45657287,420,350,
19,45657302,280,141,
19,45657345,380,92,
19,45657428,178,197,
19,45657431,225,261,
19,45657531,25,1,
19,45657595,42,3,
19,45657625,35,1,
19,45657655,4,0,
19,45657706,19,10,
19,45657747,31,5,
19,45657827,529,85,
19,45657922,113,83,
19,45658019,252,268,
19,45658056,246,259,
19,45658172,8,1,
19,45658268,36,17,
19,45658323,17,2,
19,45658479,740,709,
19,45658687,64,14,
19,45658722,14,1,
19,45658928,36,2,
19,45659812,167,90,
19,45659883,90,78,
19,45660404,46,30,
19,45660422,12,0,
19,45660634,72,10,
19,45660753,26,1,
19,45661046,15,8,
19,45661084,226,127,
19,45661112,40,10,
19,45661253,777,513,
19,45661306,182,39,
19,45661399,22,2,
19,45661462,56,21,
19,45661477,16,0,
19,45661479,19,1,
19,45661545,16,8,
19,45661547,47,13,
19,45661617,8,1,
19,45661638,236,91,
19,45661698,91,58,
19,45661840,8,1,
19,45662006,16,2,
19,45662021,7,0,
19,45662053,183,85,
19,45662136,10,1,
19,45662368,128,30,13
19,45662423,6,2,
19,45662431,11,0,
19,45662656,13,5,
19,45662668,172,21,
19,45663045,8,1,
19,45663052,6,0,
19,45663162,7,1,
19,45663219,16,0,
19,45663398,16,3,
19,45663427,11,13,
19,45663435,83,26,
19,45663454,3,0,
19,45663624,7,0,
19,45663644,26,2,
19,45663676,24,10,
19,45663681,28,1,
19,45664147,267,115,
19,45664323,13,0,
19,45664431,27,11,
19,45664699,15,10,
19,45664765,17,1,
19,45664791,19,0,
19,45664848,134,60,30
19,45665217,35,5,
19,45665220,9,0,
19,45665271,7,0,
19,45665311,324,439,26
19,45665452,568,345,9
19,45665513,7,0,
19,45665752,16,1,
19,45665796,381,234,
19,45665830,23,23,
19,45665960,8,8,
19,45666058,14,0,
19,45666162,11,0,
19,45666239,37,16,
19,45666327,60,117,
19,45666510,436,64,
19,45666703,8,7,
19,45666719,8,2,
19,45667174,11,1,
19,45667253,11,5,
19,45667319,6,4,
19,45667456,19,29,
19,45667458,151,204,
19,45667866,446,458,19
19,45667949,41,19,
19,45668008,82,87,
19,45668010,14,13,
19,45668022,169,157,
19,45668036,19,3,
19,45668106,35,10,
19,45668118,13,0,
19,45668160,100,35,14
19,45668254,10,1,
19,45668264,100,69,16
19,45668305,5,1,
19,45668408,126,84,
19,45668469,39,16,
19,45668561,42,94,
19,45668686,5,0,
19,45668712,8,1,
19,45668731,7,1,
19,45668805,66,40,
19,45668882,12,2,
19,45668990,342,242,15
19,45669138,18,2,
19,45669142,139,25,7
19,45669593,124,58,6
19,45669599,9,1,
19,45669719,65,16,
19,45669906,18,0,13
19,45670052,160,48,5
19,45670134,11,10,
19,45670443,273,133,1
19,45670516,34,16,20
19,45670827,10,7,
19,45671218,10,11,
19,45671282,22,51,
19,45671346,10,0,
19,45671427,14,3,
19,45671569,8,1,
19,45671679,9,0,
19,45671719,4,0,
19,45671778,280,198,5
19,45671871,106,105,10
19,45671942,5,0,
19,45672181,10,1,
19,45672199,129,77,8
19,45672235,95,52,2
19,45672280,63,33,24
19,45672336,110,20,2
19,45672362,6,0,
19,45672405,10,3,22
19,45672484,10,3,
19,45672612,3,0,
19,45672788,30,12,4
19,45672844,44,70,23
19,45672945,5,0,
19,45672950,6,0,
19,45673125,9,2,
19,45673130,18,2,14
19,45673218,4,1,
19,45673479,76,63,1
19,45673542,15,2,
19,45673564,5,2,
19,45673602,4,0,
19,45673870,10,2,
19,45673913,5,0,
19,45673956,9,2,
19,45674032,6,0,
19,45674050,3,0,
20,45526766,29,18,
20,45526845,242,30,
20,45528813,115,47,
20,45529120,154,79,
20,45529534,146,25,
20,45529587,1202,438,
20,45532971,48,7,
20,45535622,48,6,
20,45539079,223,32,
20,45539262,251,177,
20,45540398,114,47,
20,45542536,135,19,
20,45543546,64,5,
20,45543746,120,17,25
20,45544330,24,6,
20,45545017,110,57,
20,45545220,161,71,
20,45545753,46,6,
20,45545980,26,36,
20,45546250,73,9,
20,45546575,129,28,
20,45548125,41,8,
20,45550969,93,81,
20,45552358,98,42,
20,45553422,235,43,
20,45555709,155,110,
20,45555960,41,56,
20,45556104,95,93,
20,45556374,36,23,
20,45556413,32,3,
20,45556772,69,16,
20,45556827,37,11,
20,45556911,148,18,
20,45557272,35,11,
20,45557591,111,23,
20,45557596,127,87,
20,45557599,467,190,
20,45558820,45,2,
20,45558913,58,24,
20,45559040,127,36,
20,45559145,51,15,
20,45559573,87,39,
20,45560738,94,24,
20,45560864,63,8,
20,45561382,56,16,
20,45562849,52,24,
20,45563021,54,11,
20,45563576,346,171,
20,45563589,57,16,
20,45564696,102,47,
20,45564821,99,48,
20,45565793,205,150,
20,45566638,223,302,
20,45566644,728,636,
20,45566730,167,66,
20,45567050,114,35,
20,45567443,33,2,
20,45567746,91,51,
20,45568915,487,726,
20,45569350,1519,308,
20,45569692,42,15,
20,45569787,39,17,
20,45570517,96,40,
20,45570758,68,8,
20,45571423,313,68,
20,45572478,138,108,
20,45573626,90,9,
20,45574106,83,14,
20,45575165,110,140,
20,45575934,13,7,
20,45576536,199,61,
20,45577086,164,32,
20,45577181,216,227,
20,45577266,62,17,
20,45578016,87,20,
20,45578080,89,36,
20,45578115,64,16,
20,45578540,178,86,
20,45578935,109,34,
20,45580347,112,103,
20,45580559,10,18,
20,45580683,24,0,
20,45580981,408,388,
20,45581288,146,98,
20,45581602,192,145,
20,45581988,82,11,
20,45582370,35,14,
20,45582958,269,142,
20,45583019,30,9,
20,45583116,40,16,
20,45583180,536,451,
20,45583243,209,128,
20,45583767,26,11,
20,45583786,398,106,
20,45583999,225,136,
20,45584680,189,95,
20,45586339,1585,629,
20,45586776,189,109,
20,45587546,102,76,
20,45588116,16,7,
20,45588689,205,130,
20,45588752,28,28,
20,45588959,170,60,
20,45589156,241,85,
20,45589715,284,249,
20,45590681,414,304,
20,45590743,81,82,
20,45590756,479,258,
20,45590935,123,5,
20,45590949,381,101,
20,45591288,74,20,
20,45591799,1261,1390,
20,45591902,370,564,
20,45593358,282,224,
20,45594403,20,0,
20,45595403,728,287,
20,45596059,134,35,
20,45598590,232,105,
20,45599727,253,10,
20,45600132,52,16,
20,45600470,145,25,
20,45601750,909,468,
20,45601834,220,70,
20,45601855,38,19,26
20,45602428,385,142,
20,45604013,101,28,
20,45604451,120,58,
20,45604673,364,154,
20,45604700,79,49,
20,45605153,136,63,
20,45605223,6,1,
20,45605501,306,682,
20,45605556,246,193,
20,45606518,37,3,10
20,45606698,268,69,
20,45606853,175,109,
20,45606986,186,41,
20,45607117,814,425,
20,45609922,145,111,
20,45609986,405,72,
20,45610226,1752,511,
20,45610266,140,62,
20,45610523,256,90,
20,45610939,31,10,
20,45610996,128,32,
20,45611252,283,80,
20,45612223,47,3,
20,45612987,111,26,
20,45613047,666,239,
20,45613567,283,181,
20,45613667,60,19,
20,45613898,426,212,
20,45614148,463,770,
20,45614713,577,501,
20,45614922,1136,625,
20,45615237,428,955,
20,45615449,68,16,
20,45615863,665,377,
20,45615931,565,108,
20,45617948,305,43,
20,45618536,46,17,
20,45618790,809,196,
20,45619108,191,54,
20,45619329,1204,1106,
20,45619537,730,367,
20,45620330,185,35,22
20,45620653,150,79,
20,45621020,93,67,
20,45621074,490,253,
20,45621557,156,24,
20,45621571,97,10,
20,45621972,88,11,
20,45622365,535,145,
20,45622604,135,27,
20,45623509,122,75,
20,45623917,148,21,
20,45624186,59,3,
20,45624888,206,77,
20,45625229,292,86,
20,45625251,186,110,
20,45625590,13,4,16
20,45625848,86,15,
20,45626037,155,33,
20,45626130,399,116,
20,45626349,261,77,
20,45626910,609,586,
20,45626961,98,40,
20,45626985,292,214,
20,45627048,47,2,
20,45627324,471,112,
20,45627394,399,83,
20,45627692,279,35,
20,45628190,194,127,
20,45628283,109,4,
20,45628391,391,248,
20,45629299,110,76,
20,45629522,16,3,
20,45629970,251,116,
20,45631328,55,7,
20,45631503,166,96,
20,45631678,144,60,
20,45632429,608,110,
20,45632633,21,20,
20,45632976,113,13,
20,45633081,167,81,
20,45633386,77,15,
20,45633453,211,59,
20,45633482,426,234,
20,45633513,43,28,
20,45633642,99,17,
20,45633815,97,22,
20,45633900,17,11,19
20,45633921,51,8,
20,45633958,110,69,
20,45634026,158,159,
20,45634310,84,11,
20,45634367,362,159,
20,45634528,65,25,
20,45634638,45,18,
20,45634641,153,108,
20,45634678,118,91,
20,45634797,123,143,
20,45635069,178,42,
20,45635530,25,3,
20,45635533,668,198,
20,45635734,48,72,
20,45635870,92,54,
20,45635940,192,163,
20,45636116,117,108,
20,45636285,401,223,
20,45636365,222,82,
20,45637133,165,69,
20,45637548,27,15,
20,45637744,422,228,
20,45637880,235,101,
20,45638096,122,164,
20,45638514,82,28,
20,45638588,191,84,
20,45638702,62,26,
20,45638739,20,1,
20,45638966,62,20,
20,45638986,60,60,
20,45639157,72,10,
20,45639250,329,167,
20,45639391,50,32,
20,45639498,234,115,
20,45639654,162,63,
20,45639860,194,25,
20,45639995,587,54,
20,45640226,1761,400,
20,45640594,976,238,
20,45640678,145,74,
20,45640838,2233,2042,
20,45640877,344,133,
20,45642051,59,5,
20,45642528,41,8,
20,45642562,125,61,
20,45642911,179,43,
20,45642923,133,114,
20,45642979,70,49,
20,45643163,518,310,
20,45643357,561,195,
20,45643553,63,10,
20,45643776,118,48,
20,45644328,449,110,
20,45644759,6,0,
20,45645120,139,43,
20,45645172,526,286,
20,45645349,537,110,
20,45645510,114,143,
20,45645692,12,2,
20,45646414,169,312,
20,45646559,197,43,
20,45646561,421,143,
20,45646572,310,228,
20,45646691,136,29,
20,45646958,171,24,
20,45647003,5,0,
20,45647133,176,151,
20,45647166,573,386,
20,45647853,80,58,
20,45648249,165,95,
20,45648258,259,156,
20,45648266,206,239,
20,45648306,15,27,
20,45648892,47,5,
20,45649178,1001,622,
20,45649510,146,65,
20,45650015,26,9,
20,45650617,74,59,
20,45650792,76,15,
20,45651485,423,416,
20,45651554,3,0,
20,45652000,42,30,
20,45652107,24,1,
20,45652254,9,4,
20,45652282,18,3,
20,45652307,346,337,
20,45652621,7,1,
20,45652639,33,3,
20,45652766,3,0,
20,45652821,4,0,
20,45652859,150,54,
20,45652868,4,1,
20,45652968,5,0,
20,45652974,3,0,
20,45652998,3,1,
20,45653143,175,25,
20,45653330,118,24,
20,45653350,68,90,
20,45653393,62,106,
20,45653543,6,0,
20,45653639,4,0,
20,45653761,3,0,
20,45653818,30,17,
20,45653933,3,0,
20,45653981,25,16,
20,45653996,5,0,
20,45654087,62,45,
20,45654202,3,0,
20,45654512,199,62,
20,45654540,15,1,
20,45654660,202,55,
20,45654955,26,5,
20,45655161,420,115,
20,45655177,17,0,
20,45655179,74,135,
20,45655188,396,1073,
20,45655190,137,29,
20,45655206,22,23,
20,45655263,120,48,
20,45655393,24,2,
20,45655485,14,11,
20,45655519,25,0,
20,45656044,219,109,
20,45656223,455,281,
20,45656247,60,33,
20,45656733,8,0,
20,45656734,26,2,
20,45656836,10,3,
20,45656916,217,247,
20,45656952,118,50,
20,45656995,7,5,
20,45657190,10,1,
20,45657260,103,13,
20,45657287,421,350,
20,45657302,281,141,
20,45657345,381,92,
20,45657428,178,197,
20,45657431,226,262,
20,45657531,25,1,
20,45657595,42,3,
20,45657625,35,1,
20,45657655,5,0,
20,45657706,19,10,
20,45657747,31,5,
20,45657827,529,85,
20,45657922,113,83,
20,45658019,254,268,
20,45658056,246,259,
20,45658172,8,1,
20,45658268,36,17,
20,45658323,17,2,
20,45658479,742,714,
20,45658687,65,14,
20,45658722,14,1,
20,45658928,36,2,
20,45659812,167,90,
20,45659883,90,79,
20,45660404,47,30,
20,45660422,13,0,
20,45660634,72,10,
20,45660753,26,1,
20,45661046,15,8,
20,45661084,227,129,
20,45661112,40,10,
20,45661253,778,525,
20,45661306,186,39,
20,45661399,22,2,
20,45661462,57,21,
20,45661477,16,0,
20,45661479,19,1,
20,45661545,16,8,
20,45661547,47,13,
20,45661617,8,1,
20,45661638,237,93,
20,45661698,91,58,
20,45661840,8,1,
20,45662006,17,2,
20,45662021,7,0,
20,45662053,184,86,
20,45662136,10,1,
20,45662368,138,32,15
20,45662431,11,0,
20,45662656,13,5,
20,45662668,175,22,
20,45663045,8,1,
20,45663219,16,0,
20,45663398,17,3,
20,45663427,11,14,
20,45663435,83,26,
20,45663454,3,0,
20,45663624,7,0,
20,45663644,26,2,
20,45663676,24,10,
20,45663681,28,1,
20,45664147,269,119,
20,45664323,13,0,
20,45664431,27,11,
20,45664699,15,10,
20,45664765,17,1,
20,45664791,19,0,
20,45664848,136,60,
20,45665217,35,5,
20,45665220,9,0,
20,45665271,7,0,
20,45665311,337,450,30
20,45665359,5,1,
20,45665452,601,354,11
20,45665513,7,0,
20,45665752,17,1,
20,45665796,382,234,
20,45665830,23,24,
20,45665960,8,8,
20,45666058,15,1,
20,45666162,11,0,
20,45666239,37,17,
20,45666327,60,120,
20,45666497,12,2,9
20,45666510,443,64,
20,45666703,8,7,
20,45666719,8,2,
20,45667174,11,1,
20,45667253,11,6,
20,45667319,6,4,
20,45667456,19,29,
20,45667458,156,210,
20,45667866,473,471,20
20,45667949,42,18,
20,45668008,82,88,
20,45668010,16,13,
20,45668022,172,159,
20,45668036,19,3,
20,45668106,37,12,
20,45668118,17,1,
20,45668160,106,41,18
20,45668254,10,1,
20,45668264,112,74,29
20,45668305,5,1,
20,45668408,127,86,
20,45668469,39,16,
20,45668561,42,95,
20,45668686,5,0,
20,45668712,8,1,
20,45668731,7,1,
20,45668805,66,42,
20,45668882,13,2,
20,45668990,364,260,16
20,45669138,19,2,
20,45669142,152,31,9
20,45669593,132,61,7
20,45669599,9,1,
20,45669719,68,18,
20,45669906,22,0,17
20,45670052,250,76,5
20,45670134,12,12,
20,45670443,306,145,1
20,45670516,40,20,23
20,45670827,10,7,
20,45671218,10,11,
20,45671282,22,55,
20,45671346,12,2,
20,45671427,15,3,
20,45671569,9,1,
20,45671679,9,0,
20,45671778,338,250,6
20,45671871,120,122,12
20,45671942,7,0,
20,45672181,14,1,28
20,45672199,171,103,6
20,45672235,122,83,3
20,45672280,101,65,16
20,45672336,147,41,2
20,45672362,7,0,
20,45672484,13,4,
20,45672504,6,0,
20,45672612,3,0,
20,45672788,37,15,24
20,45672844,45,83,
20,45672945,8,0,
20,45672950,17,8,
20,45673125,10,2,
20,45673130,79,24,3
20,45673218,6,1,
20,45673290,4,0,
20,45673479,136,135,4
20,45673542,68,25,15
20,45673564,14,2,
20,45673602,5,0,
20,45673760,10,1,
20,45673870,14,9,
20,45673913,6,0,
20,45673973,6,1,
20,45674002,6,0,
20,45674009,9,5,
20,45674032,10,0,
20,45674044,10,3,
20,45674050,6,0,
20,45674073,8,0,
20,45674126,6,2,17
20,45674128,3,0,
20,45674166,45,5,4
20,45674186,7,0,
20,45674209,30,6,20
20,45674384,4,0,
20,45674534,5,0,
20,45674568,11,1,10
21,45526766,29,19,
21,45526845,242,30,
21,45528813,115,47,
21,45529120,154,79,
21,45529534,146,25,
21,45532971,48,7,
21,45539079,223,32,
21,45539262,251,177,
21,45540398,114,47,
21,45542536,135,19,
21,45543746,124,17,
21,45544330,24,6,
21,45545017,110,57,
21,45545220,161,71,
21,45545753,46,6,
21,45546250,73,9,
21,45546575,129,28,
21,45548125,41,8,
21,45550969,93,81,
21,45552358,98,42,
21,45555709,155,110,
21,45555960,41,56,
21,45556104,95,93,
21,45556374,36,23,
21,45556413,32,3,
21,45556772,70,16,
21,45556827,37,11,
21,45556911,148,18,
21,45557272,35,11,
21,45557591,111,23,
21,45557596,127,87,
21,45557599,467,190,
21,45558820,45,2,
21,45558913,58,24,
21,45559040,127,36,
21,45559145,51,15,
21,45559573,87,39,
21,45560738,94,24,
21,45560864,63,8,
21,45561382,56,16,
21,45562849,52,24,
21,45563021,54,11,
21,45563576,346,171,
21,45563589,57,16,
21,45564696,102,47,
21,45564821,99,51,
21,45565793,208,156,
21,45566638,223,302,
21,45566644,728,636,
21,45566730,168,71,
21,45567050,114,35,
21,45567443,33,2,
21,45567746,91,51,
21,45568915,487,726,
21,45569350,1519,308,
21,45569692,42,15,
21,45569787,39,17,
21,45570517,96,40,
21,45570758,68,8,
21,45571423,314,68,
21,45573626,90,9,
21,45574106,83,14,
21,45575165,110,140,
21,45575934,13,7,
21,45576536,199,61,
21,45577086,164,32,
21,45577181,217,227,
21,45577266,62,17,
21,45578016,87,20,
21,45578080,89,36,
21,45578115,64,16,
21,45578540,178,86,
21,45578935,109,34,
21,45580347,112,103,
21,45580559,10,18,
21,45580683,24,0,
21,45580981,408,388,
21,45581602,192,145,
21,45581988,82,11,
21,45582370,35,14,
21,45582958,269,142,
21,45583019,30,9,
21,45583116,40,16,
21,45583180,536,451,
21,45583243,209,128,
21,45583786,398,106,
21,45583999,225,136,
21,45584680,189,95,
21,45586006,23,6,10
21,45586339,1585,629,
21,45586776,189,109,
21,45587546,102,76,
21,45588116,16,7,
21,45588689,205,130,
21,45588752,29,28,
21,45588959,170,60,
21,45589156,241,85,
21,45589715,284,249,
21,45590681,414,304,
21,45590743,81,82,
21,45590756,479,258,
21,45591288,74,20,
21,45591799,1261,1390,
21,45591902,370,564,
21,45593358,282,224,
21,45594403,20,0,
21,45595403,728,287,
21,45596059,134,35,
21,45598590,232,105,
21,45600132,52,16,
21,45600470,145,25,
21,45601750,909,468,
21,45601834,220,70,
21,45601855,38,19,
21,45602428,385,142,
21,45604013,101,29,
21,45604451,120,58,
21,45604673,364,154,
21,45604700,79,49,
21,45605153,136,63,
21,45605223,6,1,
21,45605501,306,682,
21,45605556,246,193,
21,45606518,63,11,9
21,45606698,268,69,
21,45606853,175,111,
21,45606986,186,41,
21,45607117,814,425,
21,45609922,145,111,
21,45609986,405,72,
21,45610226,1753,511,
21,45610266,140,62,
21,45610523,256,90,
21,45610939,31,10,
21,45610996,128,32,
21,45611252,283,80,
21,45612223,47,3,
21,45612987,111,26,
21,45613047,666,239,
21,45613567,283,181,
21,45613898,426,212,
21,45614148,463,770,
21,45614713,577,501,
21,45614922,1136,625,
21,45615237,429,958,
21,45615449,68,16,
21,45615863,665,377,
21,45615931,565,108,
21,45617948,305,43,
21,45618536,46,17,
21,45618790,809,196,
21,45619108,191,54,
21,45619329,1205,1106,
21,45619537,731,367,
21,45620330,196,36,29
21,45620653,150,79,
21,45621020,93,67,
21,45621074,490,253,
21,45621557,156,24,
21,45621571,97,10,
21,45621972,88,11,
21,45622365,535,145,
21,45622604,135,27,
21,45623509,123,75,
21,45623917,148,21,
21,45624186,59,3,
21,45624888,206,77,
21,45625229,292,86,
21,45625251,186,110,
21,45625590,27,5,12
21,45625848,86,15,
21,45626037,155,33,
21,45626130,399,116,
21,45626349,261,77,
21,45626910,609,586,
21,45626961,98,40,
21,45626985,292,214,
21,45627048,47,2,
21,45627324,471,112,
21,45627394,399,83,
21,45627692,279,35,
21,45628190,194,127,
21,45628283,109,4,
21,45628391,391,248,
21,45629299,110,76,
21,45629970,251,116,
21,45631328,55,7,
21,45631503,166,96,
21,45631678,144,60,
21,45632429,610,110,
21,45632633,21,20,
21,45632976,113,13,
21,45633081,167,81,
21,45633386,78,15,
21,45633453,211,59,
21,45633482,426,234,
21,45633513,43,28,
21,45633642,99,17,
21,45633815,97,22,
21,45633900,18,13,30
21,45633921,51,8,
21,45633958,110,69,
21,45634026,158,159,
21,45634310,84,11,
21,45634367,362,159,
21,45634528,65,25,
21,45634638,45,18,
21,45634678,118,91,
21,45634797,123,143,
21,45635069,179,42,
21,45635530,25,3,
21,45635533,668,198,
21,45635734,48,72,
21,45635870,92,54,
21,45635940,193,163,
21,45636116,117,108,
21,45636285,401,223,
21,45636365,222,82,
21,45637133,165,69,
21,45637548,27,15,
21,45637744,422,228,
21,45637880,235,101,
21,45638096,122,164,
21,45638514,82,28,
21,45638588,191,84,
21,45638702,62,26,
21,45638739,20,1,
21,45638966,62,20,
21,45638986,60,60,
21,45639157,73,10,
21,45639250,329,167,
21,45639391,50,32,
21,45639498,234,115,
21,45639654,162,63,
21,45639860,194,25,
21,45639995,587,54,
21,45640226,1763,400,
21,45640594,977,238,
21,45640678,145,74,
21,45640838,2233,2042,
21,45640877,344,133,
21,45642051,59,5,
21,45642528,41,8,
21,45642562,125,61,
21,45642911,179,43,
21,45642923,133,114,
21,45642979,70,49,
21,45643163,518,311,
21,45643357,562,195,
21,45643553,63,10,
21,45643776,118,48,
21,45644328,449,110,
21,45645120,139,43,
21,45645172,526,286,
21,45645349,537,110,
21,45645510,114,144,
21,45645692,12,2,
21,45646414,169,312,
21,45646559,197,43,
21,45646561,421,143,
21,45646572,310,229,
21,45646691,136,29,
21,45646958,171,24,
21,45647003,5,0,
21,45647133,176,151,
21,45647166,573,386,
21,45647853,80,58,
21,45648249,165,95,
21,45648258,259,156,
21,45648266,206,239,
21,45648306,15,27,
21,45648892,47,5,
21,45649178,1002,622,
21,45649510,146,65,
21,45650015,26,9,
21,45650617,74,59,
21,45650792,76,17,
21,45651485,424,416,
21,45651554,3,0,
21,45652000,42,30,
21,45652107,24,1,
21,45652254,9,4,
21,45652282,18,3,
21,45652307,346,337,
21,45652621,7,1,
21,45652639,33,3,
21,45652766,3,0,
21,45652821,4,0,
21,45652859,150,54,
21,45652868,4,1,
21,45652968,5,0,
21,45652974,3,0,
21,45652998,3,1,
21,45653143,175,25,
21,45653330,118,24,
21,45653350,68,90,
21,45653393,62,106,
21,45653543,6,0,
21,45653639,4,0,
21,45653761,3,0,
21,45653818,30,17,
21,45653933,4,0,
21,45653981,25,16,
21,45653996,5,0,
21,45654087,64,45,
21,45654202,3,0,
21,45654512,200,62,
21,45654540,16,1,
21,45654660,202,56,
21,45654955,26,5,
21,45655161,420,115,
21,45655177,17,0,
21,45655179,74,135,
21,45655188,396,1078,
21,45655190,137,29,
21,45655206,22,23,
21,45655263,120,49,
21,45655393,24,2,
21,45655485,14,11,
21,45655519,25,0,
21,45656044,219,109,
21,45656223,455,281,
21,45656247,60,33,
21,45656733,9,0,
21,45656734,26,2,
21,45656836,10,3,
21,45656916,217,247,
21,45656952,118,50,
21,45656995,7,5,
21,45657190,10,1,
21,45657260,104,13,
21,45657287,421,351,
21,45657302,281,141,
21,45657345,382,92,
21,45657428,178,197,
21,45657431,227,262,
21,45657531,25,1,
21,45657595,42,3,
21,45657625,35,1,
21,45657655,5,0,
21,45657706,19,10,
21,45657747,31,5,
21,45657827,531,85,
21,45657922,113,83,
21,45658019,255,269,
21,45658056,247,260,
21,45658172,8,1,
21,45658268,36,17,
21,45658323,17,2,
21,45658479,744,717,
21,45658687,65,14,
21,45658722,14,1,
21,45658928,36,2,
21,45659812,167,90,
21,45659883,90,80,
21,45660404,47,30,
21,45660422,13,0,
21,45660634,72,10,
21,45660753,26,1,
21,45661046,15,8,
21,45661084,228,132,
21,45661112,40,10,
21,45661253,781,529,
21,45661306,189,39,
21,45661399,22,2,
21,45661462,57,21,
21,45661477,16,0,
21,45661479,19,1,
21,45661545,16,8,
21,45661547,47,13,
21,45661617,9,1,
21,45661638,238,93,
21,45661698,91,58,
21,45662006,17,2,
21,45662021,7,0,
21,45662053,184,88,
21,45662136,10,1,
21,45662368,145,37,22
21,45662431,11,0,
21,45662656,13,5,
21,45662668,176,22,
21,45663045,8,1,
21,45663219,16,0,
21,45663398,17,3,
21,45663427,11,13,
21,45663435,83,26,
21,45663454,3,0,
21,45663624,7,0,
21,45663644,26,2,
21,45663676,24,10,
21,45663681,28,1,
21,45664147,271,119,
21,45664323,13,0,
21,45664431,27,11,
21,45664699,16,10,
21,45664765,17,1,
21,45664791,19,0,
21,45664848,136,60,
21,45665217,36,5,
21,45665220,9,0,
21,45665271,7,0,
21,45665311,343,463,
21,45665359,5,1,
21,45665452,619,368,13
21,45665513,7,0,
21,45665752,17,1,
21,45665796,383,235,
21,45665830,23,24,
21,45665960,8,8,
21,45666058,15,1,
21,45666162,11,0,
21,45666239,37,18,
21,45666327,61,128,
21,45666497,55,17,7
21,45666510,464,65,27
21,45666703,9,7,
21,45666719,8,2,
21,45667174,11,1,
21,45667253,11,6,
21,45667319,6,4,
21,45667456,19,29,
21,45667458,158,213,
21,45667615,105,76,
21,45667866,495,488,26
21,45667949,42,18,
21,45668008,84,89,
21,45668010,16,14,
21,45668022,176,164,
21,45668036,19,4,
21,45668106,41,13,
21,45668118,19,2,
21,45668160,107,49,24
21,45668254,10,1,
21,45668264,115,77,25
21,45668305,5,2,
21,45668408,128,90,
21,45668453,145,102,
21,45668469,39,16,
21,45668561,42,95,
21,45668686,5,0,
21,45668712,8,1,
21,45668731,7,1,
21,45668805,70,43,
21,45668882,15,2,
21,45668990,385,268,23
21,45669138,19,2,
21,45669142,154,32,17
21,45669593,133,64,12
21,45669599,9,1,
21,45669719,68,19,
21,45669906,24,0,27
21,45670052,326,107,6
21,45670134,12,13,
21,45670443,329,154,1
21,45670516,45,24,
21,45670827,10,7,
21,45671160,3,11,
21,45671218,10,11,
21,45671346,13,2,
21,45671427,15,3,
21,45671569,10,1,
21,45671602,5,0,
21,45671679,9,1,
21,45671778,385,291,11
21,45671871,130,138,16
21,45671942,8,0,
21,45672181,17,1,
21,45672199,181,109,
21,45672202,4,0,
21,45672235,130,93,8
21,45672280,135,89,15
21,45672336,178,63,2
21,45672362,10,2,
21,45672484,16,6,
21,45672504,7,1,
21,45672612,5,0,
21,45672788,39,17,
21,45672844,69,119,9
21,45672945,12,0,
21,45672950,24,13,
21,45673125,10,3,
21,45673130,135,35,4
21,45673218,6,1,
21,45673290,4,0,
21,45673479,159,152,25
21,45673542,102,48,17
21,45673564,14,2,
21,45673602,5,0,
21,45673760,17,1,
21,45673870,15,9,
21,45673913,6,0,
21,45673973,8,2,
21,45674002,13,0,
21,45674009,10,8,
21,45674032,10,0,
21,45674044,13,5,
21,45674073,8,0,
21,45674126,15,10,19
21,45674128,5,0,
21,45674166,170,40,1
21,45674186,9,0,
21,45674209,51,23,21
21,45674470,3,0,
21,45674534,6,0,
21,45674568,37,8,4
21,45674882,5,2,
21,45674910,7,7,
21,45674923,5,0,18
21,45674963,4,0,
21,45675032,6,0,
21,45675340,7,0,
21,45675399,3,1,
22,45526766,30,19,
22,45526845,243,30,
22,45528813,115,47,
22,45529120,154,79,
22,45529534,146,25,
22,45532971,48,7,
22,45539079,223,32,
22,45540398,114,47,
22,45542536,135,19,
22,45543746,126,17,
22,45544330,24,6,
22,45545220,161,71,
22,45545753,46,6,
22,45546250,73,9,
22,45546575,129,28,
22,45548125,41,8,
22,45550969,93,81,
22,45552358,98,42,
22,45555709,155,110,
22,45555960,41,56,
22,45556104,95,93,
22,45556374,36,23,
22,45556413,32,3,
22,45556772,70,16,
22,45556911,148,18,
22,45557272,35,11,
22,45557591,111,23,
22,45557596,127,87,
22,45557599,467,190,
22,45558820,45,2,
22,45558913,59,24,
22,45559040,127,36,
22,45559145,51,15,
22,45559573,87,39,
22,45560738,94,24,
22,45560864,63,8,
22,45561382,56,16,
22,45562849,52,24,
22,45563021,54,11,
22,45563576,346,171,
22,45563589,57,16,
22,45564696,102,47,
22,45564821,100,52,
22,45565793,212,156,
22,45566644,728,636,
22,45566730,168,72,
22,45567050,114,35,
22,45567443,33,2,
22,45567746,91,51,
22,45569350,1519,308,
22,45569692,42,15,
22,45569787,39,17,
22,45570517,96,40,
22,45570758,68,8,
22,45571423,315,68,
22,45573626,90,9,
22,45574106,83,14,
22,45575165,110,141,
22,45575934,13,7,
22,45576536,199,61,
22,45577086,164,32,
22,45577181,217,227,
22,45577266,62,17,
22,45578016,87,20,
22,45578080,89,36,
22,45578115,64,16,
22,45578540,178,86,
22,45578935,109,34,
22,45580347,112,103,
22,45580559,10,18,
22,45580683,24,0,
22,45580981,408,388,
22,45581602,192,145,
22,45581988,82,11,
22,45582370,35,14,
22,45582958,269,142,
22,45583019,30,9,
22,45583116,40,16,
22,45583180,536,451,
22,45583243,209,128,
22,45583786,398,106,
22,45583999,225,136,
22,45584680,189,95,
22,45586006,29,11,10
22,45586339,1585,629,
22,45586776,189,109,
22,45587546,102,76,
22,45588116,16,7,
22,45588689,205,130,
22,45588752,29,28,
22,45588959,170,60,
22,45589156,241,85,
22,45589715,284,249,
22,45590681,414,304,
22,45590743,81,82,
22,45590756,479,258,
22,45591288,74,20,
22,45591799,1261,1390,
22,45591902,370,564,
22,45593358,282,224,
22,45594403,20,0,
22,45595403,728,287,
22,45596059,134,35,
22,45599864,8,2,18
22,45600132,52,16,
22,45600470,145,25,
22,45601750,909,468,
22,45601834,220,70,
22,45601855,38,19,
22,45602428,385,143,
22,45604013,102,30,
22,45604451,120,58,
22,45604673,364,154,
22,45604700,79,49,
22,45605153,136,63,
22,45605223,6,1,
22,45605501,306,682,
22,45605556,248,193,
22,45606518,73,18,9
22,45606698,268,69,
22,45606853,176,112,
22,45606986,186,41,
22,45607117,814,425,
22,45609922,145,111,
22,45609986,405,72,
22,45610226,1753,511,
22,45610266,140,62,
22,45610523,256,90,
22,45610939,33,10,
22,45610996,128,32,
22,45611252,283,80,
22,45612223,47,3,
22,45612987,111,26,
22,45613047,666,239,
22,45613567,283,181,
22,45613898,426,212,
22,45614148,463,770,
22,45614713,577,501,
22,45614922,1136,625,
22,45615237,429,958,
22,45615449,68,16,
22,45615863,665,377,
22,45615931,565,108,
22,45617948,305,43,
22,45618536,46,17,
22,45618790,809,196,
22,45619108,191,54,
22,45619329,1205,1106,
22,45619537,731,367,
22,45620330,197,37,30
22,45620653,150,81,
22,45621020,93,67,
22,45621074,490,253,
22,45621557,157,24,
22,45621571,98,10,
22,45621972,88,11,
22,45622365,535,145,
22,45622604,135,27,
22,45623509,123,75,
22,45623917,148,21,
22,45624186,59,3,
22,45624888,206,77,
22,45625229,292,86,
22,45625251,186,110,
22,45625590,37,6,14
22,45625848,86,15,
22,45626037,155,33,
22,45626130,399,116,
22,45626349,261,77,
22,45626910,609,588,
22,45626961,98,40,
22,45626985,292,214,
22,45627048,47,2,
22,45627324,471,112,
22,45627394,399,83,
22,45627692,279,35,
22,45628190,194,127,
22,45628283,109,4,
22,45628391,391,248,
22,45629299,110,76,
22,45629970,251,116,
22,45631328,55,7,
22,45631503,166,96,
22,45631678,144,60,
22,45632429,610,110,
22,45632633,21,20,
22,45632976,113,13,
22,45633081,167,81,
22,45633386,78,15,
22,45633453,211,59,
22,45633482,426,234,
22,45633513,43,28,
22,45633642,99,17,
22,45633815,97,22,
22,45633900,18,13,
22,45633921,51,8,
22,45633958,110,69,
22,45634026,158,159,
22,45634310,84,11,
22,45634367,362,159,
22,45634528,65,25,
22,45634638,45,18,
22,45634678,118,91,
22,45634797,123,143,
22,45635069,179,42,
22,45635530,25,3,
22,45635533,669,198,
22,45635734,48,72,
22,45635940,193,163,
22,45636116,117,108,
22,45636285,401,223,
22,45636365,222,82,
22,45637133,165,69,
22,45637548,27,15,
22,45637744,422,228,
22,45637880,235,101,
22,45638096,122,165,
22,45638514,82,28,
22,45638588,191,84,
22,45638702,62,26,
22,45638739,20,1,
22,45638966,62,20,
22,45638986,60,60,
22,45639157,73,10,
22,45639250,329,167,
22,45639391,50,32,
22,45639498,234,115,
22,45639654,162,63,
22,45639860,194,25,
22,45639995,587,54,
22,45640226,1766,400,
22,45640594,980,239,
22,45640678,145,74,
22,45640838,2233,2042,
22,45640877,344,133,
22,45642051,59,5,
22,45642528,41,8,
22,45642562,125,61,
22,45642911,179,43,
22,45642923,133,114,
22,45642979,70,49,
22,45643163,518,311,
22,45643357,562,195,
22,45643776,118,48,
22,45644328,449,110,
22,45645120,139,43,
22,45645172,528,286,
22,45645349,537,110,
22,45645510,114,144,
22,45645692,12,2,
22,45646414,169,313,
22,45646559,197,43,
22,45646561,422,143,
22,45646572,310,230,
22,45646691,136,29,
22,45646958,171,24,
22,45647003,5,0,
22,45647133,178,153,
22,45647166,573,386,
22,45647853,81,58,
22,45648249,165,95,
22,45648258,259,156,
22,45648266,206,239,
22,45648306,15,27,
22,45648892,47,5,
22,45649178,1003,623,
22,45649510,146,65,
22,45650015,26,9,
22,45650792,76,17,
22,45651485,426,416,
22,45652000,42,30,
22,45652254,9,4,
22,45652282,18,3,
22,45652307,349,337,
22,45652621,7,1,
22,45652639,33,3,
22,45652766,3,0,
22,45652821,4,0,
22,45652859,150,54,
22,45652868,4,1,
22,45652968,5,0,
22,45652974,3,0,
22,45652998,3,1,
22,45653143,175,26,
22,45653330,118,24,
22,45653350,68,90,
22,45653393,62,106,
22,45653543,6,0,
22,45653639,4,0,
22,45653761,3,0,
22,45653818,30,18,
22,45653933,4,0,
22,45653981,25,16,
22,45653996,5,0,
22,45654087,64,45,
22,45654202,3,0,
22,45654512,200,62,
22,45654540,16,1,
22,45654660,202,56,
22,45654955,26,5,
22,45655161,420,115,
22,45655177,17,0,
22,45655179,74,136,
22,45655188,397,1085,
22,45655190,137,29,
22,45655206,22,23,
22,45655263,120,49,
22,45655393,24,2,
22,45655485,14,11,
22,45655519,25,0,
22,45656044,219,109,
22,45656223,457,282,
22,45656247,60,33,
22,45656733,9,0,
22,45656734,26,2,
22,45656836,10,3,
22,45656916,218,247,
22,45656952,118,50,
22,45656995,7,5,
22,45657190,10,1,
22,45657260,104,13,
22,45657287,422,353,
22,45657302,281,141,
22,45657345,385,92,
22,45657428,178,197,
22,45657431,228,262,
22,45657531,25,1,
22,45657595,42,3,
22,45657625,35,1,
22,45657655,5,0,
22,45657706,19,10,
22,45657747,31,5,
22,45657827,531,85,
22,45657922,114,83,
22,45658019,256,270,
22,45658056,248,260,
22,45658172,8,1,
22,45658268,36,17,
22,45658323,17,2,
22,45658479,747,717,
22,45658687,65,14,
22,45658722,14,1,
22,45658928,55,11,13
22,45659812,168,90,
22,45659883,91,80,
22,45660404,47,30,
22,45660422,13,0,
22,45660634,72,10,
22,45660753,26,1,
22,45661046,15,8,
22,45661084,228,136,
22,45661112,41,10,
22,45661253,781,530,
22,45661306,192,43,
22,45661399,22,2,
22,45661462,57,21,
22,45661477,16,0,
22,45661479,19,1,
22,45661545,16,8,
22,45661547,47,14,
22,45661617,9,1,
22,45661638,239,94,
22,45661698,92,58,
22,45662006,17,2,
22,45662021,7,0,
22,45662053,184,88,
22,45662368,151,37,24
22,45662431,11,0,
22,45662656,13,5,
22,45662668,178,22,
22,45663045,8,1,
22,45663219,16,0,
22,45663398,17,3,
22,45663427,11,13,
22,45663435,83,26,
22,45663454,3,0,
22,45663624,7,0,
22,45663644,26,2,
22,45663676,24,10,
22,45663681,28,1,
22,45664147,271,119,
22,45664323,13,0,
22,45664431,27,11,
22,45664699,16,10,
22,45664765,17,1,
22,45664791,19,0,
22,45664848,137,61,
22,45665217,36,5,
22,45665220,10,0,
22,45665271,7,0,
22,45665311,349,468,
22,45665359,5,1,
22,45665452,632,374,11
22,45665513,7,0,
22,45665752,17,1,
22,45665796,383,235,
22,45665830,23,25,
22,45665960,8,8,
22,45666058,15,1,
22,45666162,11,0,
22,45666239,38,19,
22,45666327,61,135,
22,45666497,78,33,7
22,45666510,486,68,26
22,45666703,9,7,
22,45666719,9,2,
22,45667174,11,2,
22,45667253,11,6,
22,45667319,6,5,
22,45667456,19,29,
22,45667458,162,217,
22,45667615,108,76,
22,45667866,515,501,25
22,45667949,42,20,
22,45668008,85,89,
22,45668010,16,14,
22,45668022,178,165,
22,45668036,19,4,
22,45668106,42,13,
22,45668118,22,4,
22,45668160,112,51,27
22,45668254,11,1,
22,45668264,120,78,28
22,45668305,5,2,
22,45668408,129,92,
22,45668453,146,103,
22,45668469,39,16,
22,45668561,43,95,
22,45668686,5,0,
22,45668712,8,1,
22,45668731,7,1,
22,45668805,71,45,
22,45668882,15,2,
22,45668990,389,268,
22,45669138,19,2,
22,45669142,159,32,20
22,45669593,137,66,14
22,45669599,9,1,
22,45669719,69,19,
22,45669906,28,0,29
22,45670052,366,130,6
22,45670134,12,13,
22,45670443,339,159,2
22,45670516,46,29,
22,45670827,10,7,
22,45671160,3,11,
22,45671218,10,11,
22,45671346,14,4,
22,45671427,17,4,
22,45671569,10,1,
22,45671602,5,0,
22,45671679,9,1,
22,45671778,415,333,17
22,45671871,140,157,19
22,45671942,10,0,
22,45672181,19,1,
22,45672199,188,112,
22,45672202,4,0,
22,45672235,135,98,12
22,45672280,166,102,15
22,45672336,202,81,3
22,45672362,11,3,
22,45672484,18,8,
22,45672504,7,1,
22,45672612,5,0,
22,45672788,43,18,
22,45672844,98,157,8
22,45672945,12,0,
22,45672946,4,1,
22,45672950,25,15,
22,45673125,10,3,
22,45673129,4,1,
22,45673130,169,42,4
22,45673218,6,1,
22,45673290,6,0,
22,45673479,170,168,
22,45673542,122,87,21
22,45673564,14,2,
22,45673602,5,0,
22,45673760,18,1,
22,45673870,16,10,
22,45673913,6,0,
22,45673973,9,2,
22,45674002,17,0,
22,45674009,11,10,
22,45674032,10,0,
22,45674044,14,5,
22,45674073,8,0,
22,45674126,24,19,11
22,45674128,5,0,
22,45674166,200,58,1
22,45674186,10,1,
22,45674209,69,29,23
22,45674470,4,0,
22,45674534,6,0,
22,45674568,57,19,5
22,45674910,8,10,
22,45674923,9,0,19
22,45674963,6,0,
22,45675020,6,0,
22,45675032,6,0,
22,45675239,5,0,
22,45675340,7,0,
22,45675399,3,2,
22,45675532,4,1,
22,45675716,6,2,
22,45675720,6,0,
22,45675844,3,0,
22,45675851,12,0,
22,45675990,4,2,
22,45676002,9,0,
23,45526766,30,19,
23,45526845,243,30,
23,45528813,115,47,
23,45529120,154,79,
23,45532971,48,7,
23,45539079,223,32,
23,45540398,114,47,
23,45542536,135,19,
23,45543746,126,17,
23,45544330,24,6,
23,45545220,161,71,
23,45545753,46,6,
23,45546250,73,9,
23,45546575,129,28,
23,45548125,41,8,
23,45550969,93,81,
23,45552358,98,42,
23,45555709,155,110,
23,45555960,41,56,
23,45556104,95,93,
23,45556374,36,23,
23,45556413,32,3,
23,45556772,70,16,
23,45556911,148,18,
23,45557272,35,11,
23,45557591,111,23,
23,45557596,127,87,
23,45557599,467,190,
23,45558820,45,2,
23,45558913,59,24,
23,45559040,127,36,
23,45559573,87,39,
23,45560738,94,24,
23,45560864,63,8,
23,45561382,56,16,
23,45562849,52,24,
23,45563021,54,11,
23,45563576,346,171,
23,45563589,57,16,
23,45564696,102,47,
23,45564821,99,57,
23,45565793,213,159,
23,45566644,728,636,
23,45566730,171,76,
23,45567050,114,35,
23,45567443,33,2,
23,45567746,91,51,
23,45569350,1519,308,
23,45569692,42,15,
23,45569787,39,17,
23,45570517,96,40,
23,45570758,68,8,
23,45571423,315,68,
23,45573626,90,9,
23,45574106,83,14,
23,45575165,111,143,
23,45575934,13,7,
23,45576536,199,61,
23,45577086,164,32,
23,45577181,217,227,
23,45577266,62,17,
23,45578016,87,21,
23,45578080,89,36,
23,45578115,64,16,
23,45578935,109,35,
23,45580347,112,103,
23,45580559,10,18,
23,45580683,24,0,
23,45580981,408,388,
23,45581602,192,145,
23,45581988,82,11,
23,45582370,35,14,
23,45582958,269,142,
23,45583019,30,9,
23,45583116,40,16,
23,45583180,536,451,
23,45583243,209,128,
23,45583786,398,106,
23,45583999,225,136,
23,45584680,190,96,
23,45586006,38,18,10
23,45586339,1585,629,
23,45586776,189,109,
23,45587546,102,76,
23,45588116,16,7,
23,45588689,205,130,
23,45588752,29,28,
23,45588959,170,60,
23,45589156,241,85,
23,45589715,284,249,
23,45590743,81,82,
23,45590756,479,258,
23,45591288,74,20,
23,45591799,1261,1390,
23,45593358,282,224,
23,45594403,20,0,
23,45595403,728,287,
23,45596059,134,35,
23,45599864,12,7,19
23,45600132,52,16,
23,45600470,145,25,
23,45601750,909,468,
23,45601834,220,70,
23,45601855,38,19,
23,45602428,385,143,
23,45604013,102,30,
23,45604451,120,58,
23,45604700,79,49,
23,45605153,136,63,
23,45605223,7,1,
23,45605501,306,682,
23,45605556,249,194,
23,45606518,76,24,24
23,45606853,178,113,
23,45606986,186,41,
23,45607117,814,425,
23,45609922,145,111,
23,45609986,405,72,
23,45610226,1753,511,
23,45610266,140,62,
23,45610523,256,90,
23,45610939,33,10,
23,45610996,128,32,
23,45611252,283,80,
23,45612223,47,3,
23,45612987,111,26,
23,45613047,666,239,
23,45613567,284,181,
23,45613898,426,212,
23,45614148,463,770,
23,45614713,577,501,
23,45614922,1136,625,
23,45615237,429,958,
23,45615449,68,16,
23,45615863,665,377,
23,45615931,565,108,
23,45617948,305,43,
23,45618790,809,196,
23,45619108,191,54,
23,45619329,1205,1107,
23,45619537,731,367,
23,45620330,200,37,
23,45620653,150,82,
23,45621020,93,69,
23,45621074,490,253,
23,45621557,157,24,
23,45621571,98,10,
23,45621972,88,11,
23,45622365,535,145,
23,45622604,135,27,
23,45623509,123,75,
23,45623917,148,21,
23,45624888,206,77,
23,45625229,292,86,
23,45625251,186,110,
23,45625590,41,7,18
23,45625848,86,15,
23,45626037,155,33,
23,45626130,399,116,
23,45626349,261,77,
23,45626910,609,588,
23,45626961,98,40,
23,45626985,292,214,
23,45627048,47,2,
23,45627324,471,112,
23,45627394,399,83,
23,45627692,279,35,
23,45628169,9,2,19
23,45628190,194,127,
23,45628283,109,4,
23,45628391,391,248,
23,45629299,110,76,
23,45629970,251,116,
23,45631328,55,7,
23,45631503,166,96,
23,45631678,144,60,
23,45632429,611,110,
23,45632633,21,20,
23,45632976,113,13,
23,45633081,167,81,
23,45633386,78,15,
23,45633453,211,59,
23,45633482,426,234,
23,45633513,43,28,
23,45633642,99,17,
23,45633815,97,22,
23,45633900,20,13,
23,45633921,51,8,
23,45633958,110,69,
23,45634026,158,159,
23,45634310,84,11,
23,45634367,362,159,
23,45634528,65,25,
23,45634638,45,18,
23,45634797,123,143,
23,45635069,179,42,
23,45635530,25,3,
23,45635533,669,198,
23,45635734,48,72,
23,45635940,193,163,
23,45636116,117,108,
23,45636285,401,223,
23,45636365,222,82,
23,45637133,165,69,
23,45637744,422,228,
23,45637880,235,101,
23,45638096,122,165,
23,45638588,191,84,
23,45638702,62,26,
23,45638739,20,1,
23,45638966,62,20,
23,45638986,60,60,
23,45639157,73,10,
23,45639250,329,167,
23,45639391,50,32,
23,45639498,234,115,
23,45639654,162,63,
23,45639860,194,25,
23,45639995,587,54,
23,45640226,1766,400,
23,45640594,980,239,
23,45640678,145,74,
23,45640838,2233,2043,
23,45640877,344,133,
23,45642051,59,5,
23,45642528,41,8,
23,45642562,125,61,
23,45642911,179,43,
23,45642923,133,114,
23,45642979,70,49,
23,45643163,518,311,
23,45643357,562,195,
23,45643776,118,48,
23,45644328,449,110,
23,45645120,139,43,
23,45645172,528,286,
23,45645349,537,110,
23,45645510,114,144,
23,45645692,12,2,
23,45646414,170,316,
23,45646559,197,43,
23,45646561,422,144,
23,45646572,310,230,
23,45646691,137,29,
23,45646958,171,24,
23,45647133,178,153,
23,45647166,573,386,
23,45647853,81,58,
23,45648249,165,95,
23,45648258,259,156,
23,45648266,206,239,
23,45648306,15,27,
23,45648892,47,5,
23,45649178,1003,625,
23,45649510,146,65,
23,45650015,26,9,
23,45650792,76,17,
23,45651485,426,417,
23,45652000,42,30,
23,45652254,9,4,
23,45652282,18,3,
23,45652307,349,337,
23,45652766,3,0,
23,45652821,4,0,
23,45652859,151,54,
23,45652868,4,1,
23,45652968,5,0,
23,45652974,3,0,
23,45652998,3,1,
23,45653143,175,26,
23,45653330,118,24,
23,45653350,68,90,
23,45653393,62,106,
23,45653543,6,0,
23,45653639,4,0,
23,45653761,3,0,
23,45653818,30,18,
23,45653933,4,0,
23,45653981,25,16,
23,45653996,5,0,
23,45654087,66,45,
23,45654202,3,0,
23,45654512,200,62,
23,45654540,16,1,
23,45654660,202,56,
23,45654955,26,5,
23,45655161,420,115,
23,45655177,17,0,
23,45655179,74,136,
23,45655188,398,1094,
23,45655190,137,29,
23,45655206,22,23,
23,45655263,120,49,
23,45655393,24,2,
23,45655519,25,0,
23,45656044,219,109,
23,45656223,458,282,
23,45656247,60,33,
23,45656733,9,0,
23,45656734,26,2,
23,45656836,10,3,
23,45656916,218,248,
23,45656952,118,50,
23,45656995,7,5,
23,45657260,104,14,
23,45657287,422,354,
23,45657302,282,141,
23,45657345,385,92,
23,45657428,178,197,
23,45657431,228,263,
23,45657531,25,1,
23,45657595,42,3,
23,45657625,35,1,
23,45657655,5,0,
23,45657706,19,10,
23,45657747,31,5,
23,45657827,531,85,
23,45657922,114,83,
23,45658019,257,272,
23,45658056,249,260,
23,45658172,8,1,
23,45658268,36,17,
23,45658323,17,2,
23,45658479,749,717,
23,45658687,65,14,
23,45658722,14,1,
23,45658928,77,14,13
23,45659812,168,90,
23,45659883,91,80,
23,45660404,47,30,
23,45660422,13,0,
23,45660634,72,10,
23,45660753,26,1,
23,45661046,15,8,
23,45661084,228,137,
23,45661112,41,11,
23,45661253,781,532,
23,45661306,194,43,
23,45661399,22,2,
23,45661462,57,21,
23,45661477,16,0,
23,45661479,19,1,
23,45661545,16,8,
23,45661547,47,14,
23,45661617,9,1,
23,45661638,239,94,
23,45661698,92,58,
23,45662006,17,2,
23,45662021,7,0,
23,45662053,184,88,
23,45662368,152,37,
23,45662431,11,0,
23,45662656,13,5,
23,45662668,178,22,
23,45663045,8,1,
23,45663219,16,0,
23,45663398,17,3,
23,45663427,11,14,
23,45663435,83,26,
23,45663454,3,0,
23,45663644,26,2,
23,45663676,24,10,
23,45663681,28,1,
23,45664147,271,119,
23,45664323,13,0,
23,45664431,27,11,
23,45664699,16,10,
23,45664765,17,1,
23,45664791,21,0,
23,45664848,137,61,
23,45665217,37,5,
23,45665220,10,0,
23,45665271,8,0,
23,45665311,349,472,
23,45665359,5,1,
23,45665452,641,377,15
23,45665513,7,0,
23,45665617,7,1,18
23,45665622,5,0,25
23,45665752,17,1,
23,45665796,383,235,
23,45665830,23,25,
23,45665960,8,8,
23,45666058,15,1,
23,45666162,11,0,
23,45666239,38,20,
23,45666327,63,141,
23,45666497,98,40,7
23,45666510,504,69,29
23,45666703,9,7,
23,45666719,9,2,
23,45667174,11,2,
23,45667253,11,6,
23,45667319,6,5,
23,45667456,19,29,
23,45667458,162,218,
23,45667615,109,76,
23,45667866,523,511,
23,45667949,42,20,
23,45668008,86,89,
23,45668010,16,14,
23,45668022,178,165,
23,45668036,19,4,
23,45668106,43,13,
23,45668118,23,4,
23,45668160,114,52,30
23,45668254,11,1,
23,45668264,122,78,
23,45668305,5,2,
23,45668408,129,93,
23,45668453,146,104,
23,45668469,40,16,
23,45668561,44,95,
23,45668686,5,0,
23,45668712,8,1,
23,45668731,7,1,
23,45668805,72,46,
23,45668882,15,2,
23,45668990,390,274,
23,45669138,19,2,
23,45669142,162,33,26
23,45669593,138,66,21
23,45669599,9,1,
23,45669719,69,19,
23,45669906,30,0,
23,45670052,405,140,6
23,45670134,12,13,
23,45670443,352,165,2
23,45670516,48,29,
23,45670827,10,7,
23,45671160,4,11,
23,45671218,10,11,
23,45671346,14,4,
23,45671427,17,4,
23,45671569,10,1,
23,45671602,6,0,
23,45671679,9,1,
23,45671778,432,364,27
23,45671871,148,171,25
23,45671942,11,0,
23,45672043,3,0,
23,45672181,20,1,
23,45672199,193,114,
23,45672202,5,0,
23,45672235,141,101,17
23,45672280,186,110,20
23,45672336,220,94,3
23,45672362,14,3,
23,45672484,19,8,
23,45672504,7,1,
23,45672612,5,0,
23,45672844,112,197,8
23,45672945,12,0,
23,45672946,4,1,
23,45672950,28,16,
23,45673125,10,3,
23,45673129,5,1,
23,45673130,197,45,4
23,45673218,6,1,
23,45673290,6,0,
23,45673373,3,0,
23,45673479,178,184,19
23,45673542,131,119,
23,45673564,14,2,
23,45673602,5,0,
23,45673613,4,2,
23,45673760,23,2,
23,45673870,17,10,
23,45673913,6,0,
23,45673917,9,0,
23,45673973,10,2,
23,45674002,20,1,
23,45674009,11,10,
23,45674014,7,0,
23,45674032,10,0,
23,45674044,15,5,
23,45674073,8,0,
23,45674126,30,22,14
23,45674128,7,0,
23,45674166,220,68,1
23,45674186,10,1,
23,45674209,82,33,28
23,45674470,5,0,
23,45674534,9,0,
23,45674568,79,31,4
23,45674756,6,0,
23,45674766,3,0,
23,45674910,8,10,
23,45674923,15,0,16
23,45674963,6,0,
23,45675015,49,11,7
23,45675020,18,6,9
23,45675032,7,0,
23,45675081,5,0,
23,45675088,5,2,
23,45675185,3,1,
23,45675239,6,0,
23,45675340,8,0,
23,45675399,3,2,
23,45675532,6,3,
23,45675710,3,0,
23,45675716,9,2,
23,45675720,6,0,
23,45675790,3,0,
23,45675844,4,0,
23,45675851,47,10,14
23,45675990,10,3,
23,45676002,43,3,8
23,45676162,5,0,9
23,45676205,4,0,
23,45676267,3,0,
23,45676304,11,7,
