hour,id,score,comments,best_rank
0,45405144,133,59,
0,45405815,129,36,
0,45406090,125,80,
0,45406573,123,38,
0,45406645,87,18,
0,45406804,48,18,
0,45406879,67,19,
0,45407953,500,110,
0,45408021,857,92,
0,45408229,352,69,
0,45408473,65,20,
0,45408617,242,152,
0,45409526,88,29,
0,45409552,141,41,
0,45409794,1472,563,
0,45410068,439,86,
0,45410940,341,228,
0,45411254,37,36,
0,45411291,94,55,
0,45411435,96,25,
0,45411514,96,42,
0,45411799,64,29,
0,45411831,220,45,
0,45411866,34,0,
0,45411939,57,58,
0,45412263,106,35,
0,45412419,670,732,
0,45412472,28,10,
0,45412870,250,108,
0,45412938,102,60,
0,45413059,78,67,
0,45413083,293,436,
0,45413208,13,2,
0,45413294,192,61,
0,45413525,170,79,
0,45413588,107,22,
0,45413717,46,19,
0,45414215,198,169,
0,45414479,117,32,
0,45414718,224,138,
0,45414933,124,85,
0,45415178,83,5,
0,45415196,39,32,
0,45415207,385,54,
0,45415332,137,59,
0,45415510,120,27,
0,45415519,109,196,
0,45415539,138,85,
0,45415591,121,80,
0,45415814,89,26,
0,45415962,1581,785,
0,45416080,247,361,
0,45416228,839,412,
0,45416552,45,0,
0,45416670,45,36,
0,45416706,180,58,
0,45417070,34,1,
0,45417300,49,4,
0,45417616,41,1,
0,45417637,132,112,
0,45417826,203,66,
0,45418251,146,31,
0,45418261,257,192,
0,45418675,307,991,
0,45418875,61,4,
0,45419780,116,72,
0,45420001,218,74,
0,45420173,227,79,
0,45420685,116,36,
0,45420722,346,75,
0,45421067,89,19,
0,45421302,116,61,
0,45421564,261,423,
0,45421812,160,108,
0,45422147,691,114,
0,45422315,90,18,
0,45422353,75,38,
0,45422514,150,70,
0,45422653,105,20,
0,45422717,65,96,
0,45423014,146,250,
0,45423363,122,139,
0,45423404,540,168,
0,45423917,530,334,
0,45423954,49,21,
0,45424223,62,9,
0,45424431,11,1,
0,45424648,139,206,
0,45424704,204,202,
0,45424827,262,344,
0,45424888,589,694,
0,45425061,251,308,
0,45425298,158,60,
0,45425568,307,47,
0,45425714,73,9,
0,45425746,211,116,
0,45426099,63,15,
0,45426490,936,439,
0,45426649,6,0,
0,45426680,284,117,
0,45427059,136,28,
0,45427061,31,4,
0,45427111,124,74,
0,45427197,313,548,
0,45427482,164,30,
0,45427697,173,83,
0,45427774,41,0,
0,45427972,263,251,
0,45427982,900,874,
0,45428020,46,14,
0,45428482,303,481,
0,45428832,94,111,
0,45429590,18,11,
0,45430048,122,34,
0,45430294,201,51,
0,45430498,643,378,
0,45430542,108,58,
0,45430604,286,60,
0,45431001,273,77,
0,45431115,164,30,
0,45431167,156,58,
0,45431271,143,33,
0,45431489,46,3,
0,45431526,31,6,
0,45432130,6,0,
0,45432627,76,81,
0,45432656,28,6,
0,45432977,72,57,
0,45433743,40,58,
0,45433768,386,102,
0,45433926,90,23,
0,45433936,68,103,
0,45434417,130,25,
0,45434467,29,5,
0,45434511,48,13,
0,45434678,75,8,
0,45434755,23,0,
0,45434758,13,0,
0,45434941,141,35,
0,45435016,62,88,
0,45435100,196,88,
0,45435272,82,3,
0,45435375,310,55,
0,45435422,217,83,
0,45435463,363,350,
0,45435606,267,194,25
0,45435608,97,28,
0,45435677,29,5,
0,45435681,14,0,
0,45435720,52,67,
0,45435819,23,3,
0,45435825,290,193,
0,45436010,79,50,
0,45436027,55,19,
0,45436083,28,1,
0,45436148,46,16,
0,45436289,165,135,
0,45436534,299,222,
0,45437027,86,18,
0,45437044,145,102,
0,45437112,165,114,
0,45437135,31,8,
0,45437323,85,7,
0,45437326,142,23,
0,45437594,129,36,
0,45437735,158,162,
0,45437759,382,125,
0,45437893,408,214,
0,45437903,118,59,
0,45438288,26,11,
0,45438346,768,849,
0,45438496,410,273,
0,45438501,100,341,
0,45438503,238,383,
0,45438704,78,29,
0,45438713,67,0,
0,45439670,649,365,
0,45439684,110,61,
0,45439721,107,18,
0,45439997,285,178,
0,45440028,112,139,
0,45440071,126,29,
0,45440180,100,36,
0,45440431,276,79,
0,45440571,582,307,
0,45441069,1293,189,
0,45441219,150,89,
0,45441222,168,83,
0,45441364,98,6,
0,45441539,9,0,
0,45442221,95,74,
0,45442743,144,186,
0,45442752,41,30,
0,45443200,34,30,
0,45443298,209,88,
0,45443304,144,87,
0,45443368,134,193,
0,45443441,48,28,24
0,45443462,160,37,
0,45443662,34,48,
0,45444004,48,5,
0,45444062,46,5,
0,45444694,284,136,
0,45444926,32,8,
0,45445114,166,14,
0,45445551,16,0,
0,45446654,17,1,30
0,45446834,540,158,
0,45447057,163,46,
0,45447536,526,337,
0,45447699,1186,1328,
0,45447920,42,2,
0,45448204,8,1,19
0,45448326,326,238,
0,45448416,43,1,4
0,45448772,246,60,
0,45448825,213,72,
0,45448839,208,69,
0,45449348,526,169,
0,45449670,24,4,
0,45450044,174,103,
0,45450392,60,12,9
0,45450449,252,267,
0,45450525,252,145,
0,45450694,79,182,
0,45451103,135,142,
0,45451217,19,0,
0,45451527,633,280,
0,45451547,53,27,
0,45451577,351,145,
0,45451961,86,49,
0,45451971,64,102,
0,45452033,52,44,
0,45452261,200,151,
0,45452480,63,52,26
0,45453135,165,110,
0,45453222,269,86,
0,45453299,36,23,
0,45453448,215,125,
0,45453586,550,688,
0,45453936,421,184,
0,45454163,11,5,
0,45454374,135,45,
0,45454460,269,286,
0,45454861,21,3,
0,45454940,75,53,28
0,45455164,409,251,
0,45455648,39,3,
0,45455719,106,100,
0,45455882,312,296,
0,45456003,28,18,
0,45456188,203,114,
0,45457143,10,4,29
0,45457333,650,511,
0,45457411,54,8,
0,45457460,74,40,
0,45457670,364,533,
0,45458048,21,5,
0,45458122,259,145,
0,45458249,118,18,
0,45458455,155,73,27
0,45458482,84,77,
0,45458550,99,59,
0,45458791,206,110,
0,45458948,335,155,
0,45458987,81,25,
0,45459233,351,142,
0,45461122,14,0,
0,45461500,467,222,
0,45462143,48,10,
0,45462297,182,97,
0,45462687,54,21,
0,45462713,94,30,
0,45462863,130,243,
0,45463130,8,2,
0,45463251,133,51,
0,45463319,267,20,
0,45463403,16,0,
0,45463626,131,28,
0,45463642,188,129,
0,45463656,266,214,
0,45464111,77,73,
0,45464145,23,2,
0,45464148,6,0,
0,45464269,218,93,
0,45464360,23,55,
0,45464407,9,0,
0,45464429,284,614,
0,45464611,17,0,
0,45464632,235,81,
0,45464748,68,63,
0,45464921,585,132,
0,45464984,212,343,
0,45465091,128,26,
0,45465218,4,0,
0,45465276,40,9,
0,45465392,79,32,
0,45466086,417,237,
0,45466150,18,19,
0,45466224,18,10,
0,45466449,42,12,
0,45466588,218,73,
0,45466655,52,13,
0,45466865,73,16,
0,45466980,145,54,
0,45467032,132,103,
0,45467166,161,43,
0,45467500,492,552,
0,45467503,30,3,
0,45467543,187,134,
0,45467600,5,1,
0,45467708,3,0,
0,45467716,5,0,
0,45467751,4,0,
0,45468043,20,2,
0,45468175,7,0,
0,45468320,23,12,
0,45468418,68,42,
0,45468455,12,0,
0,45468462,8,3,
0,45468579,45,23,
0,45468593,13,6,
0,45468599,35,3,
0,45468698,427,202,
0,45468781,151,107,
0,45468925,23,0,
0,45469041,4,1,
0,45469123,14,2,
0,45469285,109,25,
0,45469394,26,0,
0,45469436,179,36,
0,45469437,132,170,
0,45469468,145,137,
0,45469511,3,0,
0,45469541,24,8,
0,45469548,7,2,
0,45469579,203,81,
0,45469585,32,2,
0,45469658,16,10,
0,45470105,21,1,
0,45470206,134,110,
0,45470473,5,0,
0,45470513,68,77,
0,45470559,49,1,
0,45470578,30,2,
0,45471061,15,1,
0,45471136,253,97,
0,45471475,7,0,
0,45471573,95,112,
0,45472055,16,7,
0,45472319,284,22,
0,45472347,9,1,
0,45472487,4,1,
0,45472614,164,123,
0,45472678,188,62,
0,45472765,155,36,
0,45472862,20,1,
0,45472924,6,0,
0,45473006,55,21,
0,45473019,131,117,
0,45473033,225,203,
0,45473126,52,57,
0,45473446,37,8,
0,45473516,11,0,14
0,45473581,57,80,
0,45473585,16,2,
0,45473698,335,252,
0,45473730,257,174,
0,45473763,3,1,
0,45473772,31,5,
0,45473852,334,192,
0,45473861,284,203,
0,45473915,3,0,
0,45473947,16,5,
0,45474050,60,10,
0,45474192,10,1,
0,45474250,29,11,
0,45474346,47,82,
0,45474397,4,0,
0,45474441,110,35,
0,45474638,8,1,
0,45474757,12,5,
0,45474882,7,1,
0,45474900,99,34,
0,45474988,3,0,
0,45475220,36,7,
0,45475240,9,0,
0,45475329,34,0,
0,45475471,28,0,
0,45475528,95,38,
0,45475529,312,165,
0,45475556,4,0,
0,45475623,10,0,
0,45475675,8,0,
0,45475782,9,0,
0,45475808,219,71,
0,45476045,178,159,
0,45476071,50,9,
0,45476273,378,150,
0,45476346,3,1,
0,45476371,13,3,
0,45476460,8,1,
0,45476733,19,1,
0,45476820,192,153,
0,45476821,107,5,
0,45476914,10,5,
0,45476979,18,0,
0,45477045,13,9,
0,45477118,67,6,
0,45477162,15,4,
0,45477192,101,87,
0,45477194,5,1,
0,45477206,229,93,
0,45477394,27,3,
0,45477516,51,12,
0,45477524,12,2,
0,45477661,117,73,
0,45477691,10,0,
0,45477742,73,18,
0,45477800,8,1,
0,45477923,3,0,
0,45477971,77,40,
0,45477983,3,0,
0,45478033,114,32,
0,45478300,76,72,
0,45478502,14,18,
0,45478553,109,50,
0,45478570,8,1,
0,45478749,422,396,
0,45478780,227,27,21
0,45478905,5,0,
0,45479006,178,80,23
0,45479165,372,185,10
0,45479288,9,8,
0,45479820,152,132,
0,45480106,348,239,
0,45480317,183,83,18
0,45480354,37,23,
0,45480414,26,1,
0,45480422,58,28,
0,45480506,255,124,
0,45480510,13,4,
0,45480622,308,266,
0,45480654,6,0,
0,45480865,4,0,
0,45481008,95,24,15
0,45481237,4,0,
0,45481298,116,72,
0,45481609,245,146,
0,45481656,5,2,
0,45481700,8,0,
0,45481776,13,5,
0,45481852,5,0,
0,45481866,7,1,
0,45481885,5,0,
0,45481892,159,39,6
0,45482007,44,78,
0,45482106,223,133,
0,45482198,14,1,
0,45482216,3,0,
0,45482220,6,2,
0,45482278,4,1,
0,45482309,51,54,
0,45482333,63,29,13
0,45482467,75,62,7
0,45482484,150,141,
0,45482516,111,79,20
0,45482577,34,4,
0,45482710,5,0,
0,45482719,160,93,
0,45482726,9,0,
0,45483166,19,5,
0,45483205,34,9,19
0,45483211,6,0,
0,45483275,74,39,
0,45483386,874,404,1
0,45483423,7,4,
0,45483435,4,1,
0,45483531,103,30,12
0,45483651,37,27,15
0,45483820,5,0,
0,45483834,13,0,
0,45483924,151,41,3
0,45484028,26,6,
0,45484123,7,0,
0,45484284,41,14,5
0,45484355,10,12,
0,45484565,10,2,
0,45484737,9,1,
0,45484763,6,0,
0,45484985,10,2,
0,45485023,17,1,
0,45485089,48,32,22
0,45485175,73,30,8
0,45485232,8,0,
0,45485440,24,7,
0,45485546,55,60,4
0,45485611,9,3,
0,45485736,47,10,2
0,45485782,7,2,
0,45485806,67,45,3
0,45486031,11,0,16
0,45486061,9,0,
0,45486062,6,0,
0,45486082,5,0,
0,45486210,4,0,
0,45486376,6,3,
1,45405144,133,59,
1,45405815,129,36,
1,45406090,125,80,
1,45406573,123,38,
1,45406645,87,18,
1,45406804,48,18,
1,45406879,67,19,
1,45407953,500,110,
1,45408021,857,92,
1,45408229,352,69,
1,45408473,65,20,
1,45408617,242,152,
1,45409526,88,29,
1,45409552,141,41,
1,45409794,1472,563,
1,45410068,439,86,
1,45410940,341,228,
1,45411254,37,36,
1,45411291,94,55,
1,45411435,96,25,
1,45411514,96,42,
1,45411799,64,29,
1,45411831,220,45,
1,45411866,34,0,
1,45411939,57,58,
1,45412263,106,35,
1,45412419,670,732,
1,45412472,28,10,
1,45412870,250,108,
1,45412938,102,60,
1,45413059,78,67,
1,45413083,293,436,
1,45413208,13,2,
1,45413294,192,61,
1,45413525,170,79,
1,45413588,107,22,
1,45413717,46,19,
1,45414215,198,169,
1,45414479,117,32,
1,45414718,224,138,
1,45414933,124,85,
1,45415178,83,5,
1,45415196,39,32,
1,45415207,385,54,
1,45415332,137,59,
1,45415510,120,27,
1,45415519,109,196,
1,45415539,138,85,
1,45415591,121,80,
1,45415814,89,26,
1,45415962,1581,785,
1,45416080,247,361,
1,45416228,839,412,
1,45416552,45,0,
1,45416670,45,36,
1,45416706,180,58,
1,45417070,34,1,
1,45417300,49,4,
1,45417616,41,1,
1,45417637,132,112,
1,45417826,203,66,
1,45418251,146,31,
1,45418261,257,192,
1,45418675,307,991,
1,45418875,61,4,
1,45419780,116,72,
1,45420001,218,74,
1,45420173,227,79,
1,45420685,116,36,
1,45420722,346,75,
1,45421067,89,19,
1,45421302,116,61,
1,45421564,261,423,
1,45421812,160,108,
1,45422147,691,114,
1,45422315,90,18,
1,45422353,75,38,
1,45422514,150,70,
1,45422653,105,20,
1,45422717,65,96,
1,45423014,146,250,
1,45423363,122,139,
1,45423404,541,168,
1,45423917,530,334,
1,45423954,49,21,
1,45424223,62,9,
1,45424431,11,1,
1,45424648,139,206,
1,45424704,204,202,
1,45424827,262,344,
1,45424888,589,694,
1,45425061,251,308,
1,45425298,158,60,
1,45425568,307,47,
1,45425714,73,9,
1,45425746,211,116,
1,45426099,63,15,
1,45426490,936,439,
1,45426649,6,0,
1,45426680,284,117,
1,45427059,136,28,
1,45427061,31,4,
1,45427111,124,74,
1,45427197,313,548,
1,45427482,164,30,
1,45427697,173,83,
1,45427774,41,0,
1,45427972,263,252,
1,45427982,900,874,
1,45428020,46,14,
1,45428482,303,481,
1,45428832,94,111,
1,45429590,18,11,
1,45430048,122,34,
1,45430294,201,51,
1,45430498,643,378,
1,45430542,108,58,
1,45430604,286,60,
1,45431001,273,77,
1,45431115,164,30,
1,45431167,156,58,
1,45431271,143,33,
1,45431489,46,3,
1,45431526,31,6,
1,45432130,6,0,
1,45432627,76,81,
1,45432656,28,6,
1,45432977,72,57,
1,45433743,40,58,
1,45433768,386,102,
1,45433926,90,23,
1,45433936,68,104,
1,45434417,130,25,
1,45434467,29,5,
1,45434511,48,13,
1,45434678,75,9,
1,45434755,23,0,
1,45434758,13,0,
1,45434941,141,35,
1,45435016,62,88,
1,45435100,196,88,
1,45435272,82,3,
1,45435375,310,55,
1,45435422,217,83,
1,45435463,363,350,
1,45435606,272,196,25
1,45435608,97,28,
1,45435677,29,5,
1,45435681,14,0,
1,45435720,52,67,
1,45435819,23,3,
1,45435825,290,193,
1,45436010,79,50,
1,45436027,55,19,
1,45436083,28,1,
1,45436148,46,16,
1,45436289,165,135,
1,45436534,299,222,
1,45437027,86,18,
1,45437044,145,102,
1,45437112,165,114,
1,45437135,31,8,
1,45437323,85,7,
1,45437594,129,36,
1,45437735,158,162,
1,45437759,382,125,
1,45437893,409,214,
1,45437903,118,59,
1,45438288,27,11,
1,45438346,768,849,
1,45438496,410,273,
1,45438501,100,342,
1,45438503,238,383,
1,45438704,78,29,
1,45438713,67,0,
1,45439670,649,365,
1,45439684,114,61,
1,45439721,107,18,
1,45439997,285,178,
1,45440028,112,139,
1,45440071,126,29,
1,45440180,100,36,
1,45440431,277,79,
1,45440571,582,307,
1,45441069,1293,189,
1,45441219,150,89,
1,45441222,168,83,
1,45441364,98,6,
1,45441539,9,0,
1,45442221,95,75,
1,45442743,144,186,
1,45442752,42,30,
1,45443200,34,30,
1,45443298,209,88,
1,45443304,144,87,
1,45443368,134,193,
1,45443441,51,31,28
1,45443462,160,37,
1,45443662,34,48,
1,45444004,48,5,
1,45444062,46,5,
1,45444694,284,136,
1,45444926,32,8,
1,45445114,166,14,
1,45445551,16,0,
1,45446654,17,1,30
1,45446834,540,158,
1,45447057,163,46,
1,45447226,17,1,6
1,45447536,527,337,
1,45447699,1186,1329,
1,45447920,42,2,
1,45448204,9,1,23
1,45448326,326,238,
1,45448416,59,2,4
1,45448772,246,60,
1,45448825,213,72,
1,45448839,208,69,
1,45449348,527,169,
1,45449670,24,4,
1,45450044,174,103,
1,45450392,68,14,13
1,45450449,252,267,
1,45450525,252,145,
1,45450694,79,182,
1,45451103,135,142,
1,45451217,19,0,
1,45451527,633,281,
1,45451547,53,27,
1,45451577,351,145,
1,45451961,86,49,
1,45451971,64,102,
1,45452033,54,44,
1,45452261,200,151,
1,45452480,63,54,27
1,45453135,165,110,
1,45453222,269,86,
1,45453299,36,23,
1,45453448,215,125,
1,45453586,552,688,
1,45453936,421,184,
1,45454163,11,5,
1,45454374,135,45,
1,45454460,269,286,
1,45454861,21,3,
1,45454940,76,53,
1,45455164,410,251,
1,45455648,39,3,
1,45455719,106,100,
1,45455882,312,296,
1,45456003,28,18,
1,45456188,203,114,
1,45457143,13,5,
1,45457333,650,511,
1,45457411,54,8,
1,45457460,74,40,
1,45457670,364,533,
1,45458048,21,5,
1,45458122,259,146,
1,45458249,118,18,
1,45458455,160,77,26
1,45458550,99,59,
1,45458791,206,110,
1,45458948,335,155,
1,45458987,81,25,
1,45459233,351,142,
1,45461122,14,0,
1,45461500,468,222,
1,45462143,48,10,
1,45462297,182,97,
1,45462687,54,21,
1,45462713,94,30,
1,45462863,130,243,
1,45462877,4,0,
1,45463130,8,2,
1,45463251,133,51,
1,45463319,267,20,
1,45463403,16,0,
1,45463626,131,28,
1,45463642,188,129,
1,45463656,266,214,
1,45464111,77,73,
1,45464145,24,2,
1,45464148,6,0,
1,45464269,218,93,
1,45464360,24,55,
1,45464407,9,0,
1,45464429,285,615,
1,45464611,17,0,
1,45464632,235,81,
1,45464748,68,63,
1,45464921,586,132,
1,45464984,212,343,
1,45465091,128,26,
1,45465218,5,0,
1,45465276,40,9,
1,45465392,79,32,
1,45466086,418,237,
1,45466150,18,19,
1,45466224,18,11,
1,45466449,42,12,
1,45466588,218,73,
1,45466655,52,13,
1,45466865,73,16,
1,45466980,145,54,
1,45467032,132,103,
1,45467166,162,45,
1,45467500,493,552,
1,45467503,30,3,
1,45467543,187,134,
1,45467716,6,0,
1,45468043,20,2,
1,45468175,7,0,
1,45468320,23,12,
1,45468418,68,42,
1,45468455,12,0,
1,45468462,8,3,
1,45468579,45,23,
1,45468593,13,6,
1,45468599,35,3,
1,45468698,428,202,
1,45468781,151,107,
1,45468925,23,0,
1,45469041,4,1,
1,45469123,14,2,
1,45469285,109,25,
1,45469394,26,0,
1,45469436,179,36,
1,45469437,132,170,
1,45469468,145,137,
1,45469511,4,0,
1,45469541,24,8,
1,45469548,7,2,
1,45469579,203,81,
1,45469585,32,2,
1,45469658,16,10,
1,45470105,21,1,
1,45470206,134,110,
1,45470473,7,0,
1,45470513,68,77,
1,45470559,49,1,
1,45470578,30,2,
1,45471136,253,97,
1,45471475,7,0,
1,45471573,95,112,
1,45472055,16,7,
1,45472319,284,22,
1,45472347,9,1,
1,45472487,5,1,
1,45472614,164,123,
1,45472678,188,62,
1,45472765,155,36,
1,45472862,20,1,
1,45472924,6,0,
1,45473006,55,21,
1,45473019,131,117,
1,45473033,225,203,
1,45473126,52,57,
1,45473446,37,8,
1,45473516,17,0,11
1,45473581,57,80,
1,45473585,16,2,
1,45473698,336,252,
1,45473730,258,174,
1,45473763,4,1,
1,45473772,31,5,
1,45473852,336,192,
1,45473861,285,203,
1,45473915,4,0,
1,45473947,16,5,
1,45474050,60,10,
1,45474192,10,1,
1,45474250,29,11,
1,45474346,48,82,
1,45474397,5,0,
1,45474441,110,35,
1,45474638,8,1,
1,45474882,7,1,
1,45474900,99,35,
1,45474988,4,0,
1,45475220,38,7,
1,45475240,9,0,
1,45475329,34,0,
1,45475471,28,0,
1,45475528,95,38,
1,45475529,313,165,
1,45475556,5,0,
1,45475623,10,0,
1,45475675,8,0,
1,45475782,9,0,
1,45475808,220,72,
1,45476045,179,159,
1,45476071,50,9,
1,45476273,380,150,
1,45476346,4,1,
1,45476371,14,3,
1,45476733,19,1,
1,45476820,192,153,
1,45476821,107,5,
1,45476914,10,5,
1,45476979,18,0,
1,45477045,13,9,
1,45477118,67,6,
1,45477162,15,5,
1,45477192,104,88,
1,45477194,5,1,
1,45477206,229,93,
1,45477394,27,3,
1,45477516,51,12,
1,45477524,12,2,
1,45477661,118,73,
1,45477691,10,0,
1,45477742,73,18,
1,45477800,8,1,
1,45477923,4,0,
1,45477971,77,40,
1,45477983,4,0,
1,45478033,114,32,
1,45478300,76,72,
1,45478502,14,18,
1,45478553,109,50,
1,45478570,8,1,
1,45478749,432,404,
1,45478780,237,30,21
1,45478905,5,0,
1,45479006,184,81,24
1,45479165,380,197,12
1,45479288,9,8,
1,45479820,154,133,
1,45480106,354,244,
1,45480317,189,86,17
1,45480354,38,23,
1,45480414,27,1,
1,45480422,58,28,
1,45480506,263,125,
1,45480510,13,4,
1,45480622,314,270,
1,45480654,7,0,
1,45480865,5,0,
1,45481008,98,24,18
1,45481237,5,0,
1,45481298,117,72,
1,45481609,251,150,
1,45481656,5,2,
1,45481700,10,0,
1,45481776,13,5,
1,45481852,6,0,
1,45481866,7,1,
1,45481885,5,0,
1,45481892,175,49,6
1,45482007,44,79,
1,45482106,231,135,
1,45482198,14,1,
1,45482216,4,0,
1,45482220,6,2,
1,45482278,6,1,
1,45482309,51,55,
1,45482333,73,32,14
1,45482467,82,65,9
1,45482484,152,147,
1,45482516,131,85,19
1,45482577,34,4,
1,45482710,6,0,
1,45482719,161,96,
1,45482726,12,0,
1,45483166,19,5,
1,45483205,37,9,20
1,45483211,7,0,
1,45483275,78,44,
1,45483386,960,447,1
1,45483423,8,5,
1,45483435,4,1,
1,45483531,112,31,15
1,45483651,39,28,16
1,45483820,5,0,
1,45483834,13,0,
1,45483924,167,42,4
1,45484028,26,6,
1,45484123,8,1,
1,45484284,49,15,7
1,45484294,10,14,
1,45484355,10,12,
1,45484565,11,2,
1,45484737,9,1,
1,45484763,8,2,
1,45485023,18,1,
1,45485089,59,37,29
1,45485175,88,36,10
1,45485232,9,0,
1,45485440,27,10,
1,45485546,61,73,22
1,45485611,10,3,
1,45485736,62,21,3
1,45485782,11,2,
1,45485806,98,68,2
1,45486031,26,11,8
1,45486061,9,0,
1,45486062,11,0,
1,45486082,7,0,
1,45486210,5,0,
1,45486306,7,0,7
1,45486376,10,3,
1,45486825,6,0,30
2,45405144,133,59,
2,45405815,129,36,
2,45406090,126,80,
2,45406573,123,38,
2,45406645,87,18,
2,45406804,48,18,
2,45406879,67,19,
2,45407953,500,110,
2,45408021,857,92,
2,45408229,352,69,
2,45408473,65,20,
2,45409526,88,29,
2,45409552,141,41,
2,45409794,1472,563,
2,45410068,439,86,
2,45410940,341,228,
2,45411254,37,36,
2,45411291,94,55,
2,45411435,96,25,
2,45411514,96,42,
2,45411799,64,29,
2,45411831,220,45,
2,45411866,34,0,
2,45411939,57,58,
2,45412263,106,35,
2,45412419,670,732,
2,45412472,28,10,
2,45412870,250,108,
2,45412938,102,60,
2,45413059,78,67,
2,45413083,293,436,
2,45413208,13,2,
2,45413294,192,61,
2,45413525,170,79,
2,45413588,107,22,
2,45413717,46,19,
2,45414215,198,169,
2,45414479,117,32,
2,45414718,224,138,
2,45414933,124,85,
2,45415178,83,5,
2,45415196,39,32,
2,45415207,385,54,
2,45415332,137,59,
2,45415510,120,27,
2,45415519,110,196,
2,45415539,138,85,
2,45415591,121,80,
2,45415814,89,26,
2,45415962,1581,785,
2,45416080,247,361,
2,45416228,839,412,
2,45416552,45,0,
2,45416670,45,36,
2,45416706,180,58,
2,45417070,34,1,
2,45417616,41,1,
2,45417637,132,112,
2,45417826,203,66,
2,45418251,146,31,
2,45418261,257,192,
2,45418675,307,991,
2,45418875,61,4,
2,45419780,116,72,
2,45420001,218,74,
2,45420173,227,79,
2,45420685,116,36,
2,45420722,346,75,
2,45421067,89,19,
2,45421302,116,61,
2,45421564,261,423,
2,45421812,160,108,
2,45422147,691,114,
2,45422315,90,19,
2,45422353,75,38,
2,45422514,150,70,
2,45422653,105,20,
2,45422717,65,96,
2,45423014,146,250,
2,45423363,122,139,
2,45423404,541,168,
2,45423917,530,334,
2,45423954,49,21,
2,45424223,62,9,
2,45424431,11,1,
2,45424648,139,206,
2,45424704,204,202,
2,45424827,262,344,
2,45424888,589,694,
2,45425061,251,308,
2,45425298,158,60,
2,45425568,307,47,
2,45425714,73,9,
2,45425746,211,116,
2,45426099,63,15,
2,45426490,936,439,
2,45426649,6,0,
2,45426680,284,117,
2,45427059,136,28,
2,45427061,31,4,
2,45427111,124,74,
2,45427197,313,549,
2,45427482,164,30,
2,45427697,173,83,
2,45427774,41,0,
2,45427972,263,253,
2,45427982,900,874,
2,45428020,46,14,
2,45428482,303,481,
2,45428832,94,111,
2,45429590,18,11,
2,45430048,122,34,
2,45430294,201,51,
2,45430498,643,378,
2,45430542,108,58,
2,45430604,286,60,
2,45431001,273,77,
2,45431115,164,30,
2,45431167,156,58,
2,45431271,143,33,
2,45431489,46,3,
2,45431526,31,6,
2,45432130,6,0,
2,45432627,76,81,
2,45432656,28,6,
2,45432977,72,57,
2,45433743,40,58,
2,45433768,386,102,
2,45433926,90,23,
2,45433936,68,104,
2,45434417,130,25,
2,45434467,29,5,
2,45434511,48,13,
2,45434678,75,9,
2,45434755,23,0,
2,45434758,13,0,
2,45434941,141,35,
2,45435016,62,88,
2,45435100,196,88,
2,45435272,82,3,
2,45435375,310,55,
2,45435422,217,83,
2,45435463,363,350,
2,45435606,273,197,
2,45435608,97,28,
2,45435677,29,5,
2,45435681,14,0,
2,45435720,52,67,
2,45435819,23,3,
2,45435825,290,193,
2,45436010,79,50,
2,45436027,55,19,
2,45436083,28,1,
2,45436148,46,16,
2,45436289,165,137,
2,45436534,299,222,
2,45437027,86,18,
2,45437044,145,102,
2,45437112,165,114,
2,45437135,31,8,
2,45437323,85,7,
2,45437594,129,36,
2,45437735,158,162,
2,45437759,382,125,
2,45437893,409,214,
2,45437903,118,59,
2,45438288,27,11,
2,45438346,768,849,
2,45438496,410,273,
2,45438501,100,342,
2,45438503,238,385,
2,45438704,78,29,
2,45438713,67,0,
2,45439670,649,365,
2,45439684,115,61,
2,45439721,107,18,
2,45439997,285,178,
2,45440028,112,139,
2,45440071,126,30,
2,45440180,100,36,
2,45440431,277,79,
2,45440571,582,307,
2,45441069,1293,189,
2,45441219,150,89,
2,45441222,168,83,
2,45441364,98,6,
2,45441539,9,0,
2,45442221,95,75,
2,45442743,144,186,
2,45442752,42,30,
2,45443200,34,30,
2,45443298,209,88,
2,45443368,134,193,
2,45443441,58,32,30
2,45443462,160,37,
2,45443662,34,48,
2,45444004,48,5,
2,45444062,46,5,
2,45444694,284,136,
2,45444926,32,8,
2,45445114,166,14,
2,45445551,16,0,
2,45446654,17,1,
2,45446834,540,158,
2,45447057,163,46,
2,45447226,39,7,2
2,45447536,527,337,
2,45447699,1186,1331,
2,45447920,42,2,
2,45448204,12,1,23
2,45448326,326,238,
2,45448416,79,12,4
2,45448747,14,2,10
2,45448772,246,60,
2,45448825,213,72,
2,45448839,208,70,
2,45449348,527,169,
2,45449670,24,4,
2,45450044,174,103,
2,45450392,73,16,15
2,45450449,252,267,
2,45450525,252,145,
2,45450694,79,182,
2,45451103,135,142,
2,45451217,19,0,
2,45451527,633,281,
2,45451547,53,27,
2,45451577,351,145,
2,45451961,86,49,
2,45451971,64,102,
2,45452033,54,44,
2,45452261,200,151,
2,45452480,66,56,28
2,45453135,165,110,
2,45453222,269,86,
2,45453299,36,23,
2,45453448,215,125,
2,45453586,552,688,
2,45453936,421,184,
2,45454163,11,5,
2,45454374,135,45,
2,45454460,269,286,
2,45454861,21,3,
2,45454940,79,53,
2,45455164,411,251,
2,45455648,39,3,
2,45455719,106,100,
2,45455882,314,296,
2,45456003,28,18,
2,45456188,203,114,
2,45457143,13,6,
2,45457333,650,511,
2,45457411,54,8,
2,45457460,74,40,
2,45457670,364,533,
2,45458122,259,146,
2,45458249,118,18,
2,45458455,168,78,27
2,45458550,99,59,
2,45458791,206,110,
2,45458948,336,155,
2,45458987,81,25,
2,45459233,351,142,
2,45461122,14,0,
2,45461500,468,222,
2,45462143,48,10,
2,45462297,182,97,
2,45462687,54,21,
2,45462713,94,30,
2,45462863,130,243,
2,45462877,4,0,
2,45463130,8,2,
2,45463251,133,51,
2,45463319,267,20,
2,45463403,16,0,
2,45463626,131,28,
2,45463642,188,129,
2,45463656,266,214,
2,45464111,77,73,
2,45464145,24,2,
2,45464148,6,0,
2,45464269,218,93,
2,45464360,24,55,
2,45464407,9,0,
2,45464429,285,615,
2,45464611,17,0,
2,45464632,235,81,
2,45464748,68,65,
2,45464921,586,132,
2,45464984,212,343,
2,45465091,128,26,
2,45465218,5,0,
2,45465276,40,9,
2,45465392,79,32,
2,45466086,418,237,
2,45466150,18,20,
2,45466224,18,11,
2,45466449,42,12,
2,45466588,218,73,
2,45466655,52,13,
2,45466865,73,16,
2,45466980,145,54,
2,45467032,132,103,
2,45467166,162,46,
2,45467500,493,552,
2,45467503,30,3,
2,45467543,187,134,
2,45467716,6,0,
2,45468043,20,2,
2,45468320,23,12,
2,45468418,68,42,
2,45468455,12,0,
2,45468462,8,3,
2,45468579,45,23,
2,45468593,13,6,
2,45468599,35,3,
2,45468698,429,202,
2,45468781,151,107,
2,45468925,23,0,
2,45469041,4,1,
2,45469123,14,2,
2,45469285,109,25,
2,45469394,26,0,
2,45469436,180,36,
2,45469437,132,170,
2,45469468,145,137,
2,45469511,4,0,
2,45469541,24,8,
2,45469548,7,2,
2,45469579,203,81,
2,45469585,32,2,
2,45469658,16,10,
2,45470105,21,1,
2,45470206,134,110,
2,45470473,7,0,
2,45470513,68,77,
2,45470559,49,1,
2,45470578,30,2,
2,45471136,253,97,
2,45471475,7,0,
2,45471573,95,112,
2,45472055,16,7,
2,45472319,285,22,
2,45472347,9,1,
2,45472487,5,1,
2,45472614,164,123,
2,45472678,188,62,
2,45472765,156,36,
2,45472862,20,1,
2,45472924,6,0,
2,45473006,55,21,
2,45473019,131,117,
2,45473033,225,205,
2,45473126,52,57,
2,45473446,37,8,
2,45473516,22,0,14
2,45473581,57,80,
2,45473585,16,2,
2,45473698,338,252,
2,45473730,258,175,
2,45473763,4,1,
2,45473772,31,5,
2,45473852,336,192,
2,45473861,285,203,
2,45473915,4,0,
2,45473947,16,5,
2,45474050,60,10,
2,45474192,10,1,
2,45474250,29,11,
2,45474346,49,82,
2,45474397,5,0,
2,45474441,110,35,
2,45474638,8,1,
2,45474882,7,1,
2,45474900,99,35,
2,45474988,4,0,
2,45475220,38,7,
2,45475240,9,0,
2,45475329,34,0,
2,45475471,28,0,
2,45475528,95,38,
2,45475529,313,166,
2,45475556,5,0,
2,45475623,11,0,
2,45475675,8,0,
2,45475782,9,0,
2,45475808,220,72,
2,45476045,181,160,
2,45476071,51,9,
2,45476273,380,150,
2,45476346,4,1,
2,45476371,14,3,
2,45476733,19,1,
2,45476820,194,155,
2,45476821,107,5,
2,45476914,10,5,
2,45476979,18,0,
2,45477045,13,9,
2,45477118,67,6,
2,45477162,15,5,
2,45477192,105,88,
2,45477194,5,1,
2,45477206,229,94,
2,45477394,27,3,
2,45477516,51,12,
2,45477524,12,2,
2,45477661,120,73,
2,45477691,11,0,
2,45477742,73,18,
2,45477800,8,1,
2,45477923,4,0,
2,45477971,78,40,
2,45477983,4,0,
2,45478033,115,32,
2,45478300,77,72,
2,45478553,109,52,
2,45478749,441,408,
2,45478780,244,32,24
2,45478905,5,0,
2,45479006,189,82,25
2,45479165,389,203,
2,45479288,9,8,
2,45479820,156,134,
2,45480106,357,245,
2,45480317,190,87,20
2,45480354,38,23,
2,45480414,29,1,
2,45480422,59,28,
2,45480506,268,126,
2,45480510,13,4,
2,45480622,317,272,
2,45480654,7,0,
2,45480865,5,0,
2,45481008,99,24,21
2,45481237,5,0,
2,45481298,117,72,
2,45481609,254,150,
2,45481656,5,2,
2,45481700,10,0,
2,45481776,13,5,
2,45481852,6,0,
2,45481866,7,1,
2,45481885,5,0,
2,45481892,180,53,10
2,45482106,235,136,
2,45482198,14,1,
2,45482216,4,0,
2,45482220,6,2,
2,45482278,6,1,
2,45482309,51,56,
2,45482333,77,32,19
2,45482467,88,75,12
2,45482484,152,148,
2,45482516,145,95,23
2,45482577,34,4,
2,45482710,6,0,
2,45482719,163,98,
2,45482726,16,1,
2,45483166,19,5,
2,45483205,37,9,28
2,45483211,7,0,
2,45483275,78,44,
2,45483386,1027,484,1
2,45483423,8,5,
2,45483435,4,1,
2,45483531,118,33,18
2,45483651,40,30,22
2,45483820,6,0,
2,45483834,14,0,
2,45483924,181,43,4
2,45484028,27,6,
2,45484123,9,1,
2,45484284,53,16,11
2,45484294,10,14,
2,45484355,11,12,
2,45484565,11,2,
2,45484737,9,1,
2,45484763,8,2,
2,45485023,18,1,
2,45485089,61,41,
2,45485175,99,46,17
2,45485232,10,0,
2,45485440,30,11,
2,45485546,62,79,
2,45485611,14,5,
2,45485736,72,23,5
2,45485782,17,3,
2,45485806,127,106,3
2,45485942,5,0,
2,45486031,33,25,7
2,45486061,9,0,
2,45486062,14,1,
2,45486082,7,0,
2,45486210,5,1,
2,45486306,19,0,8
2,45486376,12,5,
2,45486449,3,2,
2,45486634,5,0,
2,45486670,6,0,
2,45486731,5,1,
2,45486825,26,3,16
2,45486829,17,9,2
2,45487099,3,0,26
3,45405144,133,59,
3,45405815,129,36,
3,45406090,126,80,
3,45406573,123,38,
3,45406645,87,18,
3,45406804,48,18,
3,45406879,67,19,
3,45407953,500,110,
3,45408021,857,92,
3,45408229,352,69,
3,45408473,65,20,
3,45409526,88,29,
3,45409552,141,41,
3,45409794,1472,563,
3,45410068,439,86,
3,45410940,341,228,
3,45411254,37,36,
3,45411291,94,55,
3,45411435,96,25,
3,45411514,96,42,
3,45411799,64,29,
3,45411831,220,45,
3,45411866,34,0,
3,45411939,57,58,
3,45412263,106,35,
3,45412419,670,732,
3,45412472,28,10,
3,45412870,250,108,
3,45412938,102,60,
3,45413059,78,67,
3,45413083,293,436,
3,45413208,13,2,
3,45413294,192,61,
3,45413525,170,79,
3,45413588,107,22,
3,45413717,46,19,
3,45414215,198,169,
3,45414479,117,32,
3,45414718,224,138,
3,45414933,124,85,
3,45415178,83,5,
3,45415196,39,32,
3,45415207,385,54,
3,45415332,137,59,
3,45415510,120,27,
3,45415519,110,196,
3,45415539,138,85,
3,45415591,121,80,
3,45415814,89,26,
3,45415962,1581,785,
3,45416080,247,361,
3,45416228,839,412,
3,45416552,45,0,
3,45416670,45,36,
3,45416706,180,58,
3,45417070,34,1,
3,45417616,41,1,
3,45417637,132,112,
3,45417826,203,66,
3,45418251,146,31,
3,45418261,257,192,
3,45418675,307,991,
3,45418875,61,4,
3,45419780,116,72,
3,45420001,219,74,
3,45420173,227,79,
3,45420685,117,36,
3,45420722,346,75,
3,45421067,89,19,
3,45421302,116,61,
3,45421564,261,423,
3,45421812,160,108,
3,45422147,691,114,
3,45422315,90,19,
3,45422353,75,38,
3,45422514,150,70,
3,45422653,105,20,
3,45422717,65,96,
3,45423014,146,250,
3,45423363,122,139,
3,45423404,541,168,
3,45423917,530,334,
3,45423954,49,21,
3,45424223,62,9,
3,45424431,11,1,
3,45424648,139,206,
3,45424704,204,202,
3,45424827,262,344,
3,45424888,589,694,
3,45425061,251,308,
3,45425298,158,60,
3,45425568,307,47,
3,45425714,73,9,
3,45425746,211,116,
3,45426099,63,15,
3,45426490,936,439,
3,45426649,6,0,
3,45426680,284,117,
3,45427059,136,28,
3,45427061,31,4,
3,45427111,124,74,
3,45427197,313,549,
3,45427482,164,30,
3,45427697,173,83,
3,45427774,41,0,
3,45427972,263,253,
3,45427982,900,874,
3,45428020,46,14,
3,45428482,303,481,
3,45428832,94,111,
3,45429590,18,11,
3,45430048,122,34,
3,45430294,201,51,
3,45430498,643,378,
3,45430542,108,58,
3,45430604,286,60,
3,45431001,273,77,
3,45431115,164,30,
3,45431167,156,58,
3,45431271,143,33,
3,45431489,47,3,
3,45431526,31,6,
3,45432130,6,0,
3,45432627,76,81,
3,45432656,28,6,
3,45432977,72,57,
3,45433743,40,58,
3,45433768,386,102,
3,45433926,90,23,
3,45433936,68,104,
3,45434417,130,25,
3,45434467,29,5,
3,45434511,48,13,
3,45434678,75,9,
3,45434755,23,0,
3,45434758,13,0,
3,45434941,141,35,
3,45435016,62,88,
3,45435100,196,88,
3,45435272,82,3,
3,45435375,310,55,
3,45435422,217,83,
3,45435463,363,350,
3,45435606,273,199,
3,45435608,97,28,
3,45435677,29,5,
3,45435681,14,0,
3,45435720,52,67,
3,45435819,23,3,
3,45435825,290,193,
3,45436010,79,50,
3,45436027,55,19,
3,45436083,28,1,
3,45436148,46,16,
3,45436289,166,137,
3,45436534,299,222,
3,45437027,86,18,
3,45437044,145,102,
3,45437112,165,114,
3,45437135,31,8,
3,45437323,85,7,
3,45437594,129,36,
3,45437735,158,162,
3,45437759,382,125,
3,45437893,409,214,
3,45437903,118,59,
3,45438288,27,11,
3,45438346,768,849,
3,45438496,410,273,
3,45438501,100,342,
3,45438503,238,388,
3,45438704,78,29,
3,45438713,67,0,
3,45439670,649,366,
3,45439684,116,61,
3,45439721,107,18,
3,45439997,285,178,
3,45440028,112,139,
3,45440071,126,30,
3,45440180,100,36,
3,45440431,277,79,
3,45440571,582,307,
3,45441069,1293,189,
3,45441219,150,89,
3,45441222,168,83,
3,45441364,98,6,
3,45441539,9,0,
3,45442221,95,75,
3,45442743,144,186,
3,45442752,43,30,
3,45443200,34,30,
3,45443298,209,88,
3,45443368,134,193,
3,45443441,59,33,
3,45443462,160,37,
3,45443662,34,48,
3,45444004,48,5,
3,45444062,46,5,
3,45444694,284,136,
3,45444926,32,8,
3,45445114,166,14,
3,45445551,16,0,
3,45446654,18,1,
3,45446834,540,158,
3,45447057,163,46,
3,45447226,60,10,3
3,45447536,527,337,
3,45447699,1187,1331,
3,45447920,42,2,
3,45448326,326,238,
3,45448416,90,19,5
3,45448747,42,8,4
3,45448772,246,60,
3,45448825,213,72,
3,45448839,208,72,
3,45449348,527,169,
3,45449670,24,4,
3,45450044,174,103,
3,45450392,77,16,15
3,45450449,252,267,
3,45450525,252,145,
3,45450694,79,182,
3,45451103,135,142,
3,45451217,19,0,
3,45451527,633,281,
3,45451547,53,28,
3,45451577,351,145,
3,45451961,86,49,
3,45451971,64,102,
3,45452033,54,44,
3,45452261,200,151,
3,45452480,68,57,29
3,45452721,4,4,19
3,45453135,165,110,
3,45453222,269,86,
3,45453299,36,23,
3,45453448,215,125,
3,45453586,552,688,
3,45453936,421,184,
3,45454374,135,45,
3,45454460,270,286,
3,45454861,21,3,
3,45454940,79,53,
3,45455164,411,251,
3,45455648,39,3,
3,45455719,106,100,
3,45455882,314,296,
3,45456003,28,18,
3,45456188,203,114,
3,45457143,13,7,
3,45457333,650,511,
3,45457411,54,8,
3,45457460,74,40,
3,45457670,364,533,
3,45458122,259,146,
3,45458249,118,18,
3,45458455,177,83,27
3,45458550,99,59,
3,45458791,206,110,
3,45458948,336,155,
3,45458987,81,25,
3,45459233,351,142,
3,45461122,14,0,
3,45461500,469,222,
3,45462143,48,10,
3,45462297,182,97,
3,45462687,54,21,
3,45462713,94,30,
3,45462863,130,243,
3,45462877,4,0,
3,45463130,8,2,
3,45463251,133,51,
3,45463319,267,20,
3,45463403,16,0,
3,45463626,131,28,
3,45463642,188,129,
3,45463656,266,214,
3,45464111,77,73,
3,45464145,24,2,
3,45464148,6,0,
3,45464269,218,93,
3,45464360,24,55,
3,45464407,9,0,
3,45464429,285,615,
3,45464611,17,0,
3,45464632,235,81,
3,45464748,68,66,
3,45464921,586,132,
3,45464984,212,344,
3,45465091,128,26,
3,45465218,5,0,
3,45465276,40,9,
3,45465392,79,32,
3,45466086,420,238,
3,45466150,18,20,
3,45466224,18,11,
3,45466449,42,12,
3,45466588,218,73,
3,45466655,52,13,
3,45466865,73,16,
3,45466980,145,54,
3,45467032,132,103,
3,45467166,162,46,
3,45467500,493,552,
3,45467503,30,3,
3,45467543,187,134,
3,45467716,6,0,
3,45468043,20,2,
3,45468320,23,12,
3,45468418,68,42,
3,45468455,12,0,
3,45468579,45,23,
3,45468593,13,6,
3,45468599,35,3,
3,45468698,429,202,
3,45468781,151,107,
3,45469041,4,1,
3,45469123,14,2,
3,45469285,109,25,
3,45469394,26,0,
3,45469436,180,36,
3,45469437,132,170,
3,45469468,145,137,
3,45469511,4,0,
3,45469541,24,8,
3,45469548,7,2,
3,45469579,204,81,
3,45469585,32,2,
3,45469658,16,10,
3,45470105,21,1,
3,45470206,134,110,
3,45470473,7,0,
3,45470513,68,77,
3,45470559,49,1,
3,45470578,30,2,
3,45471136,254,97,
3,45471475,7,0,
3,45471573,95,112,
3,45472055,16,7,
3,45472319,285,22,
3,45472347,9,1,
3,45472487,5,1,
3,45472614,165,123,
3,45472678,189,62,
3,45472765,156,36,
3,45472862,20,1,
3,45472924,6,0,
3,45473006,55,21,
3,45473019,131,117,
3,45473033,226,206,
3,45473126,52,57,
3,45473446,37,8,
3,45473516,24,0,14
3,45473581,58,80,
3,45473585,16,2,
3,45473698,339,252,
3,45473730,258,175,
3,45473763,4,1,
3,45473772,31,5,
3,45473852,336,192,
3,45473861,285,204,
3,45473915,4,0,
3,45474050,60,10,
3,45474192,11,1,
3,45474250,29,11,
3,45474346,50,83,
3,45474397,5,0,
3,45474441,110,35,
3,45474638,8,1,
3,45474882,7,1,
3,45474900,99,35,
3,45474988,4,0,
3,45475220,38,7,
3,45475240,9,0,
3,45475329,34,0,
3,45475471,28,0,
3,45475528,95,38,
3,45475529,313,166,
3,45475556,5,0,
3,45475623,11,0,
3,45475675,8,0,
3,45475782,9,0,
3,45475808,220,72,
3,45476045,182,161,
3,45476071,51,10,
3,45476273,380,150,
3,45476346,4,1,
3,45476371,14,3,
3,45476733,19,1,
3,45476820,194,155,
3,45476821,107,5,
3,45476914,10,5,
3,45476979,18,0,
3,45477045,13,9,
3,45477118,67,6,
3,45477162,15,5,
3,45477192,105,88,
3,45477194,5,1,
3,45477206,230,94,
3,45477394,27,3,
3,45477516,51,12,
3,45477524,12,2,
3,45477661,122,73,
3,45477691,11,0,
3,45477742,73,18,
3,45477800,8,1,
3,45477923,5,0,
3,45477971,78,40,
3,45477983,4,0,
3,45478033,116,33,
3,45478300,78,73,
3,45478553,109,52,
3,45478749,447,413,
3,45478780,249,35,26
3,45478905,5,0,
3,45479006,193,83,27
3,45479165,393,208,
3,45479288,9,8,
3,45479820,157,134,
3,45480106,361,247,
3,45480317,196,94,19
3,45480354,38,23,
3,45480414,29,1,
3,45480422,59,30,
3,45480506,270,128,
3,45480510,13,4,
3,45480584,3,0,
3,45480622,321,273,
3,45480654,7,1,
3,45480865,5,0,
3,45481008,101,24,22
3,45481237,5,0,
3,45481298,117,72,
3,45481609,255,155,
3,45481656,5,2,
3,45481700,10,0,
3,45481776,13,5,
3,45481852,6,0,
3,45481866,7,1,
3,45481885,6,0,
3,45481892,188,57,11
3,45482106,239,137,
3,45482198,14,1,
3,45482216,4,0,
3,45482220,6,2,
3,45482278,6,1,
3,45482309,51,56,
3,45482333,83,32,20
3,45482467,95,78,13
3,45482484,154,151,
3,45482516,159,112,25
3,45482577,34,4,
3,45482710,6,0,
3,45482719,163,99,
3,45482726,21,1,
3,45483166,19,5,
3,45483205,38,9,29
3,45483211,7,0,
3,45483275,80,44,
3,45483386,1104,500,1
3,45483423,8,5,
3,45483435,4,1,
3,45483531,126,34,16
3,45483563,6,5,
3,45483651,41,31,23
3,45483820,6,0,
3,45483834,16,0,
3,45483924,191,45,6
3,45484028,27,7,
3,45484123,11,1,
3,45484284,54,20,12
3,45484294,10,14,
3,45484355,11,12,
3,45484565,11,2,
3,45484737,11,1,
3,45484763,8,2,
3,45485023,18,1,
3,45485089,62,44,
3,45485175,111,49,17
3,45485232,11,0,
3,45485440,32,14,
3,45485546,62,83,
3,45485611,17,6,
3,45485736,79,24,7
3,45485782,18,4,
3,45485806,147,144,10
3,45485942,7,0,
3,45486031,43,35,8
3,45486061,9,0,
3,45486062,18,2,
3,45486082,9,0,
3,45486210,7,1,
3,45486306,24,2,9
3,45486376,13,6,
3,45486449,6,2,
3,45486634,8,0,
3,45486670,13,0,
3,45486731,7,3,
3,45486825,38,6,18
3,45486829,36,28,2
3,45486918,7,1,
3,45487044,40,2,2
3,45487052,6,0,
3,45487099,7,2,24
3,45487146,4,0,
4,45405144,133,59,
4,45405815,129,36,
4,45406090,126,80,
4,45406573,123,38,
4,45406645,87,18,
4,45406804,48,18,
4,45406879,67,19,
4,45407953,500,110,
4,45408021,857,92,
4,45408229,352,69,
4,45408473,65,20,
4,45409526,88,29,
4,45409552,141,41,
4,45409794,1472,563,
4,45410068,439,86,
4,45410940,341,228,
4,45411254,37,36,
4,45411291,94,55,
4,45411435,96,25,
4,45411514,96,42,
4,45411799,64,29,
4,45411831,220,45,
4,45411866,34,0,
4,45411939,57,58,
4,45412263,106,35,
4,45412419,670,732,
4,45412472,28,10,
4,45412870,250,108,
4,45412938,102,60,
4,45413059,78,67,
4,45413083,293,436,
4,45413208,13,2,
4,45413294,192,61,
4,45413525,170,79,
4,45413588,107,22,
4,45413717,46,19,
4,45414215,198,169,
4,45414479,117,32,
4,45414718,224,138,
4,45414933,124,85,
4,45415178,83,5,
4,45415196,39,32,
4,45415207,385,54,
4,45415332,137,59,
4,45415510,120,27,
4,45415519,110,196,
4,45415539,138,85,
4,45415591,121,80,
4,45415814,89,26,
4,45415962,1581,785,
4,45416080,247,361,
4,45416228,839,412,
4,45416552,45,0,
4,45416670,45,36,
4,45416706,181,58,
4,45417070,34,1,
4,45417616,41,1,
4,45417637,132,112,
4,45417826,204,66,
4,45418251,146,31,
4,45418261,257,192,
4,45418675,307,991,
4,45418875,61,4,
4,45419780,116,72,
4,45420001,219,74,
4,45420173,227,79,
4,45420685,117,36,
4,45420722,346,75,
4,45421067,89,19,
4,45421302,116,61,
4,45421564,261,423,
4,45421812,160,108,
4,45422147,691,114,
4,45422315,90,19,
4,45422353,75,38,
4,45422514,150,70,
4,45422653,105,20,
4,45422717,65,96,
4,45423014,146,250,
4,45423363,122,139,
4,45423404,543,168,
4,45423917,530,334,
4,45423954,49,21,
4,45424223,62,9,
4,45424431,11,1,
4,45424648,139,206,
4,45424704,204,202,
4,45424827,262,344,
4,45424888,589,694,
4,45425061,251,308,
4,45425298,158,60,
4,45425568,307,47,
4,45425714,73,9,
4,45425746,211,116,
4,45426099,63,15,
4,45426490,936,439,
4,45426649,6,0,
4,45426680,284,117,
4,45427059,136,28,
4,45427061,31,4,
4,45427111,124,74,
4,45427197,313,549,
4,45427482,164,30,
4,45427697,173,83,
4,45427774,41,0,
4,45427972,263,253,
4,45427982,901,875,
4,45428020,46,14,
4,45428482,303,481,
4,45428832,95,111,
4,45429590,18,11,
4,45430048,122,34,
4,45430294,201,51,
4,45430498,643,378,
4,45430542,108,58,
4,45430604,286,60,
4,45431001,273,77,
4,45431115,164,30,
4,45431167,156,58,
4,45431271,143,33,
4,45431489,47,3,
4,45431526,31,6,
4,45432130,6,0,
4,45432627,76,81,
4,45432656,28,6,
4,45432977,72,57,
4,45433743,40,58,
4,45433768,386,102,
4,45433926,90,23,
4,45433936,68,104,
4,45434417,130,25,
4,45434467,29,5,
4,45434511,48,13,
4,45434678,75,9,
4,45434755,23,0,
4,45434758,13,0,
4,45434941,141,35,
4,45435016,62,88,
4,45435100,196,88,
4,45435272,83,3,
4,45435375,310,55,
4,45435422,217,83,
4,45435463,363,350,
4,45435606,274,200,
4,45435608,97,28,
4,45435677,29,5,
4,45435681,14,0,
4,45435720,52,67,
4,45435819,23,3,
4,45435825,290,193,
4,45436010,79,50,
4,45436027,55,19,
4,45436083,28,1,
4,45436148,46,16,
4,45436289,166,137,
4,45436534,299,222,
4,45437027,86,18,
4,45437044,147,102,
4,45437112,165,114,
4,45437135,31,8,
4,45437323,85,7,
4,45437594,129,36,
4,45437735,158,162,
4,45437759,382,125,
4,45437893,409,214,
4,45437903,118,59,
4,45438288,27,11,
4,45438346,769,849,
4,45438496,410,273,
4,45438501,100,342,
4,45438503,238,388,
4,45438704,78,29,
4,45438713,67,0,
4,45439670,649,366,
4,45439684,118,61,
4,45439721,107,18,
4,45439997,285,178,
4,45440028,112,139,
4,45440071,126,30,
4,45440180,100,36,
4,45440431,277,79,
4,45440571,582,307,
4,45441069,1293,189,
4,45441219,150,89,
4,45441222,168,83,
4,45441364,98,6,
4,45441539,9,0,
4,45442221,95,75,
4,45442743,144,186,
4,45442752,44,30,
4,45443200,34,30,
4,45443298,209,88,
4,45443368,134,193,
4,45443441,60,33,30
4,45443462,160,37,
4,45443662,34,48,
4,45444004,48,5,
4,45444062,46,5,
4,45444694,284,136,
4,45444926,32,8,
4,45445114,166,14,
4,45445551,16,0,
4,45446654,19,2,
4,45446834,540,158,
4,45447057,163,48,
4,45447226,78,10,4
4,45447536,527,337,
4,45447699,1187,1331,
4,45447920,42,2,
4,45448326,326,238,
4,45448416,103,21,7
4,45448747,67,14,5
4,45448772,246,60,
4,45448825,213,72,
4,45448839,208,72,
4,45449348,527,169,
4,45449670,25,4,
4,45450044,174,103,
4,45450392,79,16,16
4,45450449,252,267,
4,45450525,252,145,
4,45450694,79,182,
4,45451103,135,142,
4,45451217,19,0,
4,45451527,633,281,
4,45451547,53,28,
4,45451577,351,145,
4,45451961,86,49,
4,45451971,64,102,
4,45452033,54,45,
4,45452261,200,151,
4,45452480,71,57,28
4,45453135,165,110,
4,45453222,269,86,
4,45453299,36,23,
4,45453448,215,125,
4,45453586,552,688,
4,45453936,421,184,
4,45454374,135,45,
4,45454460,270,286,
4,45454861,21,3,
4,45454940,83,54,
4,45455164,411,251,
4,45455356,4,0,17
4,45455648,39,3,
4,45455719,106,100,
4,45455882,314,296,
4,45456003,28,18,
4,45456188,203,114,
4,45457143,13,7,
4,45457333,650,512,
4,45457411,54,8,
4,45457460,74,40,
4,45457670,364,533,
4,45458122,259,146,
4,45458249,118,18,
4,45458455,181,85,26
4,45458550,99,59,
4,45458791,206,110,
4,45458948,336,156,
4,45458987,81,25,
4,45459233,352,142,
4,45461122,14,0,
4,45461500,469,222,
4,45462143,48,10,
4,45462297,182,97,
4,45462687,54,21,
4,45462713,94,30,
4,45462863,130,243,
4,45462877,4,0,
4,45463130,8,2,
4,45463251,133,51,
4,45463319,267,20,
4,45463403,16,0,
4,45463626,131,28,
4,45463642,188,129,
4,45463656,267,214,
4,45464111,77,73,
4,45464145,24,2,
4,45464148,6,0,
4,45464269,218,93,
4,45464360,24,55,
4,45464407,9,0,
4,45464429,285,616,
4,45464611,17,0,
4,45464632,235,81,
4,45464748,68,66,
4,45464921,586,132,
4,45464984,213,345,
4,45465091,128,26,
4,45465218,5,0,
4,45465276,41,9,
4,45465392,79,32,
4,45466086,420,238,
4,45466150,18,20,
4,45466224,18,11,
4,45466449,42,12,
4,45466588,218,73,
4,45466655,52,13,
4,45466865,73,16,
4,45466980,145,54,
4,45467032,132,104,
4,45467166,162,48,
4,45467500,493,552,
4,45467503,30,3,
4,45467543,187,134,
4,45467716,6,0,
4,45468043,20,2,
4,45468320,23,12,
4,45468418,68,42,
4,45468455,12,0,
4,45468579,45,23,
4,45468593,13,6,
4,45468599,35,3,
4,45468698,429,202,
4,45468781,151,107,
4,45469123,14,2,
4,45469285,110,25,
4,45469394,26,0,
4,45469436,180,36,
4,45469437,132,170,
4,45469468,145,137,
4,45469511,4,0,
4,45469541,24,8,
4,45469548,7,2,
4,45469579,204,81,
4,45469585,32,2,
4,45469658,16,10,
4,45470105,21,1,
4,45470206,134,110,
4,45470473,7,0,
4,45470513,68,77,
4,45470559,49,1,
4,45470578,30,2,
4,45471136,254,97,
4,45471475,7,0,
4,45471573,95,112,
4,45472055,16,7,
4,45472319,286,22,
4,45472347,9,1,
4,45472487,5,1,
4,45472614,165,123,
4,45472678,191,62,
4,45472765,156,36,
4,45472862,20,1,
4,45472924,6,0,
4,45473019,131,117,
4,45473033,227,206,
4,45473126,52,57,
4,45473446,37,8,
4,45473516,28,0,15
4,45473581,58,80,
4,45473698,339,252,
4,45473730,259,175,
4,45473763,4,1,
4,45473772,31,5,
4,45473852,337,192,
4,45473861,285,205,
4,45473915,4,0,
4,45474050,60,10,
4,45474192,11,1,
4,45474250,29,11,
4,45474346,50,83,
4,45474397,5,0,
4,45474441,111,35,
4,45474638,8,1,
4,45474882,7,1,
4,45474900,99,35,
4,45474988,4,0,
4,45475220,38,7,
4,45475240,9,0,
4,45475329,34,0,
4,45475416,3,0,
4,45475471,28,0,
4,45475528,95,38,
4,45475529,314,166,
4,45475556,5,0,
4,45475623,11,0,
4,45475675,8,0,
4,45475782,9,0,
4,45475808,220,72,
4,45476045,183,162,
4,45476071,51,10,
4,45476273,381,150,
4,45476346,4,1,
4,45476371,14,3,
4,45476733,19,1,
4,45476820,195,155,
4,45476821,108,5,
4,45476914,10,5,
4,45476979,18,0,
4,45477045,13,9,
4,45477118,67,6,
4,45477162,15,5,
4,45477192,106,89,
4,45477194,5,1,
4,45477206,230,94,
4,45477394,27,3,
4,45477516,51,12,
4,45477524,12,2,
4,45477661,123,73,
4,45477691,11,0,
4,45477742,73,18,
4,45477800,8,1,
4,45477923,5,0,
4,45477971,78,40,
4,45477983,4,0,
4,45478033,116,33,
4,45478300,78,73,
4,45478553,110,54,
4,45478749,459,417,
4,45478780,257,36,25
4,45479006,198,83,27
4,45479165,395,212,
4,45479288,9,8,
4,45479820,157,134,
4,45480106,362,247,
4,45480317,199,94,19
4,45480354,38,23,
4,45480414,29,1,
4,45480422,59,30,
4,45480506,270,131,
4,45480510,13,4,
4,45480584,4,0,
4,45480622,322,276,
4,45480654,7,1,
4,45480865,5,0,
4,45481008,102,24,22
4,45481237,5,0,
4,45481298,118,72,
4,45481609,255,157,
4,45481656,5,2,
4,45481700,10,0,
4,45481776,13,5,
4,45481852,6,0,
4,45481866,7,1,
4,45481885,7,0,
4,45481892,194,58,11
4,45482106,240,139,
4,45482198,14,1,
4,45482216,4,0,
4,45482220,6,2,
4,45482278,6,1,
4,45482309,51,56,
4,45482333,83,32,20
4,45482467,108,79,13
4,45482484,154,151,
4,45482516,171,127,24
4,45482577,34,4,
4,45482710,6,0,
4,45482719,163,99,
4,45482726,24,2,
4,45483166,19,5,
4,45483205,38,9,29
4,45483211,7,0,
4,45483275,83,44,
4,45483386,1175,531,1
4,45483423,8,5,
4,45483435,4,1,
4,45483531,130,37,17
4,45483563,8,5,
4,45483651,42,32,23
4,45483820,6,0,
4,45483834,16,0,
4,45483924,198,46,6
4,45484028,27,7,
4,45484123,12,1,
4,45484284,61,22,12
4,45484294,11,17,
4,45484355,11,12,
4,45484565,11,2,
4,45484737,12,1,
4,45484763,8,2,
4,45485023,18,1,
4,45485089,64,44,
4,45485175,118,55,18
4,45485232,11,0,
4,45485440,32,15,
4,45485546,65,89,
4,45485611,22,7,
4,45485736,82,25,8
4,45485782,19,4,
4,45485806,164,164,14
4,45485942,9,0,
4,45486031,53,43,6
4,45486061,9,0,
4,45486062,22,2,
4,45486082,9,0,
4,45486210,7,1,
4,45486306,28,2,9
4,45486376,13,6,
4,45486449,8,3,
4,45486634,12,1,
4,45486670,17,0,
4,45486731,8,3,
4,45486825,43,8,21
4,45486829,49,38,3
4,45486918,10,1,
4,45487044,98,30,2
4,45487099,9,2,
4,45487146,5,0,
4,45487247,5,0,12
4,45487452,9,0,10
4,45487476,26,1,11
4,45487531,7,0,
5,45405144,133,59,
5,45405815,129,36,
5,45406090,126,80,
5,45406573,123,38,
5,45406645,87,18,
5,45406804,48,18,
5,45406879,67,19,
5,45407953,500,110,
5,45408021,857,92,
5,45408229,352,69,
5,45408473,65,20,
5,45409526,88,29,
5,45409552,141,41,
5,45409794,1472,563,
5,45410068,439,86,
5,45410940,341,228,
5,45411254,37,36,
5,45411291,94,55,
5,45411435,96,25,
5,45411514,96,42,
5,45411799,64,29,
5,45411831,220,45,
5,45411866,34,0,
5,45411939,57,58,
5,45412263,106,35,
5,45412419,670,732,
5,45412472,28,10,
5,45412870,250,108,
5,45412938,102,60,
5,45413059,78,67,
5,45413083,293,436,
5,45413208,13,2,
5,45413294,192,61,
5,45413525,170,79,
5,45413588,107,22,
5,45413717,46,19,
5,45414215,198,169,
5,45414479,117,32,
5,45414718,224,138,
5,45414933,124,85,
5,45415178,83,5,
5,45415196,39,32,
5,45415207,385,54,
5,45415332,137,59,
5,45415510,120,27,
5,45415519,110,196,
5,45415539,138,85,
5,45415591,121,80,
5,45415814,89,26,
5,45415962,1581,785,
5,45416080,247,361,
5,45416228,839,412,
5,45416552,45,0,
5,45416670,45,36,
5,45416706,181,58,
5,45417070,34,1,
5,45417637,132,112,
5,45417826,204,66,
5,45418251,146,31,
5,45418261,257,192,
5,45418675,307,995,
5,45418875,61,4,
5,45419780,116,72,
5,45420001,219,74,
5,45420173,227,79,
5,45420685,117,36,
5,45420722,346,75,
5,45421067,89,19,
5,45421302,116,61,
5,45421564,261,423,
5,45421812,160,108,
5,45422147,691,114,
5,45422315,91,20,
5,45422353,75,38,
5,45422514,150,70,
5,45422653,105,20,
5,45422717,65,96,
5,45423014,146,250,
5,45423363,122,139,
5,45423404,545,168,
5,45423917,530,334,
5,45423954,49,21,
5,45424223,62,9,
5,45424431,11,1,
5,45424648,139,206,
5,45424704,204,202,
5,45424827,262,344,
5,45424888,589,694,
5,45425061,251,308,
5,45425298,158,60,
5,45425568,307,47,
5,45425714,73,9,
5,45425746,211,116,
5,45426099,63,15,
5,45426490,936,439,
5,45426649,6,0,
5,45426680,284,117,
5,45427059,136,28,
5,45427061,31,4,
5,45427111,124,74,
5,45427197,313,550,
5,45427482,164,30,
5,45427697,173,83,
5,45427774,41,0,
5,45427972,264,253,
5,45427982,901,875,
5,45428020,46,14,
5,45428482,303,481,
5,45428832,95,111,
5,45429590,18,11,
5,45430048,122,34,
5,45430294,202,51,
5,45430498,643,378,
5,45430542,108,58,
5,45430604,286,60,
5,45431001,273,77,
5,45431115,165,30,
5,45431167,156,58,
5,45431271,143,33,
5,45431489,47,3,
5,45431526,31,6,
5,45432130,6,0,
5,45432627,76,81,
5,45432656,28,6,
5,45432977,72,57,
5,45433743,40,58,
5,45433768,386,102,
5,45433926,90,23,
5,45433936,69,104,
5,45434417,130,25,
5,45434467,29,5,
5,45434511,48,13,
5,45434678,75,9,
5,45434755,23,0,
5,45434758,13,0,
5,45434941,141,35,
5,45435016,62,88,
5,45435100,196,88,
5,45435272,83,3,
5,45435375,310,55,
5,45435422,217,83,
5,45435463,363,350,
5,45435606,275,202,
5,45435608,97,28,
5,45435677,29,5,
5,45435681,14,0,
5,45435720,52,67,
5,45435819,24,3,
5,45435825,290,193,
5,45436010,79,50,
5,45436027,55,19,
5,45436083,28,1,
5,45436148,46,16,
5,45436289,166,137,
5,45436534,299,222,
5,45437027,86,18,
5,45437044,147,102,
5,45437112,165,114,
5,45437135,32,8,
5,45437323,85,7,
5,45437594,129,36,
5,45437735,158,162,
5,45437759,382,125,
5,45437893,409,214,
5,45437903,118,59,
5,45438288,27,11,
5,45438346,769,850,
5,45438496,410,273,
5,45438501,100,342,
5,45438503,238,389,
5,45438704,78,29,
5,45438713,67,0,
5,45439670,649,366,
5,45439684,119,61,
5,45439721,107,18,
5,45439997,285,178,
5,45440028,112,139,
5,45440071,127,30,
5,45440180,101,36,
5,45440431,277,79,
5,45440571,582,307,
5,45441069,1293,189,
5,45441219,150,89,
5,45441222,168,83,
5,45441364,98,6,
5,45441539,9,0,
5,45442221,95,75,
5,45442743,144,186,
5,45442752,44,30,
5,45443200,34,30,
5,45443298,209,88,
5,45443368,134,193,
5,45443441,60,33,
5,45443462,160,37,
5,45443662,34,48,
5,45444004,48,5,
5,45444062,46,5,
5,45444694,284,136,
5,45444926,32,8,
5,45445114,166,14,
5,45445551,18,0,
5,45446654,20,3,
5,45446834,540,158,
5,45447057,163,48,
5,45447226,97,12,4
5,45447536,528,339,
5,45447699,1188,1331,
5,45447920,42,2,
5,45448326,326,238,
5,45448416,115,25,8
5,45448747,87,23,3
5,45448772,246,60,
5,45448825,213,72,
5,45448839,208,72,
5,45449348,527,169,
5,45449670,25,4,
5,45450044,174,103,
5,45450392,84,16,16
5,45450449,252,267,
5,45450525,252,145,
5,45450694,79,182,
5,45451103,135,142,
5,45451217,19,0,
5,45451527,633,281,
5,45451547,53,28,
5,45451577,351,145,
5,45451961,86,49,
5,45451971,64,102,
5,45452033,55,45,
5,45452261,200,151,
5,45452480,72,56,
5,45453135,165,110,
5,45453222,269,86,
5,45453299,36,23,
5,45453448,215,125,
5,45453586,552,688,
5,45453936,421,184,
5,45454374,135,45,
5,45454460,270,286,
5,45454861,21,3,
5,45454940,89,54,
5,45455164,411,251,
5,45455356,5,0,18
5,45455608,4,1,18
5,45455648,39,3,
5,45455719,106,100,
5,45455882,314,296,
5,45456003,28,18,
5,45456188,203,114,
5,45457143,14,7,
5,45457333,651,512,
5,45457411,54,8,
5,45457460,74,40,
5,45457670,364,533,
5,45458122,259,146,
5,45458249,118,18,
5,45458455,188,91,30
5,45458550,100,59,
5,45458948,336,156,
5,45458987,81,25,
5,45459233,352,142,
5,45461122,14,0,
5,45461500,469,222,
5,45462143,48,10,
5,45462297,182,97,
5,45462687,54,21,
5,45462713,94,30,
5,45462863,130,243,
5,45463130,8,2,
5,45463251,133,51,
5,45463319,267,20,
5,45463403,16,0,
5,45463626,132,28,
5,45463642,188,129,
5,45463656,268,214,
5,45464111,77,73,
5,45464145,24,2,
5,45464148,6,0,
5,45464269,218,93,
5,45464360,24,55,
5,45464407,9,0,
5,45464429,286,616,
5,45464611,17,0,
5,45464632,235,81,
5,45464748,68,66,
5,45464921,586,132,
5,45464984,214,346,
5,45465091,128,26,
5,45465218,5,0,
5,45465276,41,9,
5,45465392,79,32,
5,45466086,420,238,
5,45466150,18,20,
5,45466224,18,11,
5,45466449,42,12,
5,45466588,219,73,
5,45466655,52,13,
5,45466865,73,16,
5,45466980,145,54,
5,45467032,132,105,
5,45467166,162,50,
5,45467500,493,552,
5,45467503,30,3,
5,45467543,187,134,
5,45467716,6,0,
5,45468043,20,2,
5,45468320,23,12,
5,45468418,68,42,
5,45468455,12,0,
5,45468579,45,23,
5,45468593,13,6,
5,45468599,35,3,
5,45468698,429,202,
5,45468781,151,107,
5,45469123,14,2,
5,45469285,111,25,
5,45469394,26,0,
5,45469436,180,36,
5,45469437,132,170,
5,45469468,145,137,
5,45469541,24,8,
5,45469548,7,2,
5,45469579,204,81,
5,45469585,32,2,
5,45469658,16,10,
5,45470105,21,1,
5,45470206,134,110,
5,45470473,7,0,
5,45470513,68,77,
5,45470559,49,1,
5,45470578,30,2,
5,45471136,254,97,
5,45471475,7,0,
5,45471573,95,112,
5,45472055,16,7,
5,45472319,287,22,
5,45472347,9,1,
5,45472487,5,1,
5,45472614,165,123,
5,45472678,192,62,
5,45472765,156,36,
5,45472862,20,1,
5,45472924,7,0,
5,45473019,131,117,
5,45473033,227,206,
5,45473126,52,57,
5,45473446,37,8,
5,45473516,33,0,17
5,45473581,59,80,
5,45473698,340,252,
5,45473730,260,177,
5,45473763,4,1,
5,45473772,31,5,
5,45473852,337,192,
5,45473861,285,206,
5,45473915,4,0,
5,45474050,60,10,
5,45474192,11,1,
5,45474250,29,11,
5,45474346,50,84,
5,45474397,5,0,
5,45474441,111,35,
5,45474638,8,1,
5,45474882,7,1,
5,45474900,99,35,
5,45474988,4,0,
5,45475220,38,7,
5,45475240,9,0,
5,45475329,34,0,
5,45475416,3,0,
5,45475471,28,0,
5,45475528,95,38,
5,45475529,314,166,
5,45475556,5,0,
5,45475623,11,0,
5,45475675,8,0,
5,45475782,9,0,
5,45475808,220,72,
5,45476045,183,162,
5,45476071,51,10,
5,45476273,382,150,
5,45476346,4,1,
5,45476371,14,3,
5,45476733,19,1,
5,45476820,195,155,
5,45476821,109,5,
5,45476914,10,5,
5,45476979,18,0,
5,45477045,13,9,
5,45477118,67,6,
5,45477162,15,5,
5,45477192,107,89,
5,45477194,5,1,
5,45477206,231,94,
5,45477394,27,3,
5,45477516,51,12,
5,45477524,12,2,
5,45477661,125,74,
5,45477691,11,0,
5,45477742,73,18,
5,45477923,5,0,
5,45477971,78,40,
5,45477983,4,0,
5,45478033,116,33,
5,45478300,78,73,
5,45478553,111,54,
5,45478749,472,421,
5,45478780,264,37,29
5,45479006,201,83,
5,45479165,397,221,
5,45479288,9,8,
5,45479820,157,134,
5,45480106,365,248,
5,45480317,205,95,18
5,45480354,38,23,
5,45480414,29,1,
5,45480422,61,30,
5,45480506,274,132,
5,45480510,13,5,
5,45480584,4,0,
5,45480622,324,276,
5,45480654,7,1,
5,45480865,5,0,
5,45481008,105,24,24
5,45481237,5,0,
5,45481298,119,72,
5,45481609,256,158,
5,45481656,5,2,
5,45481700,10,0,
5,45481776,13,5,
5,45481852,6,0,
5,45481866,7,1,
5,45481885,8,0,
5,45481892,201,63,11
5,45482106,245,142,
5,45482198,14,1,
5,45482216,4,0,
5,45482220,6,2,
5,45482278,6,1,
5,45482309,51,56,
5,45482333,86,32,23
5,45482467,114,84,13
5,45482484,155,153,
5,45482516,179,141,27
5,45482577,34,4,
5,45482710,7,0,
5,45482719,163,99,
5,45482726,26,3,
5,45483166,20,5,
5,45483205,38,9,
5,45483211,7,0,
5,45483275,85,44,
5,45483386,1265,558,1
5,45483423,8,5,
5,45483435,4,1,
5,45483531,133,39,25
5,45483563,8,5,
5,45483651,43,32,28
5,45483820,6,0,
5,45483834,18,0,
5,45483924,209,47,6
5,45484028,29,7,
5,45484123,14,1,
5,45484284,64,25,14
5,45484294,13,18,
5,45484355,12,12,
5,45484565,11,2,
5,45484737,12,1,
5,45484763,8,2,
5,45485023,18,1,
5,45485089,66,46,
5,45485175,128,61,22
5,45485232,11,0,
5,45485440,33,16,
5,45485546,65,90,
5,45485611,22,9,
5,45485736,88,25,10
5,45485782,19,4,
5,45485806,176,198,16
5,45485942,9,1,
5,45486031,59,47,17
5,45486061,9,0,
5,45486062,24,2,
5,45486082,11,0,
5,45486210,7,1,
5,45486306,43,6,9
5,45486376,14,6,
5,45486449,9,3,
5,45486634,13,1,
5,45486670,18,1,
5,45486731,8,3,
5,45486825,51,9,23
5,45486829,55,51,3
5,45486918,11,1,
5,45487044,150,60,2
5,45487099,10,3,
5,45487146,5,0,
5,45487247,9,0,13
5,45487412,11,0,
5,45487452,23,2,6
5,45487476,92,9,3
6,45405144,133,59,
6,45405815,129,36,
6,45406090,126,80,
6,45406573,123,38,
6,45406645,87,18,
6,45406804,48,18,
6,45406879,67,19,
6,45407953,500,110,
6,45408021,857,92,
6,45408229,352,69,
6,45408473,65,20,
6,45409526,88,29,
6,45409552,141,41,
6,45409794,1472,563,
6,45410068,439,86,
6,45410940,341,228,
6,45411254,37,36,
6,45411291,94,55,
6,45411435,96,25,
6,45411514,96,42,
6,45411799,64,29,
6,45411831,220,45,
6,45411866,34,0,
6,45411939,57,58,
6,45412263,106,35,
6,45412419,670,732,
6,45412472,28,10,
6,45412870,250,108,
6,45412938,102,60,
6,45413059,78,67,
6,45413083,293,436,
6,45413208,13,2,
6,45413294,192,61,
6,45413525,170,79,
6,45413588,107,22,
6,45413717,46,19,
6,45414215,198,169,
6,45414479,117,32,
6,45414718,224,138,
6,45414933,124,85,
6,45415178,83,5,
6,45415196,39,32,
6,45415207,385,54,
6,45415332,137,59,
6,45415510,120,27,
6,45415519,110,196,
6,45415539,138,85,
6,45415591,121,80,
6,45415814,89,26,
6,45415962,1581,785,
6,45416080,247,361,
6,45416228,839,412,
6,45416552,45,0,
6,45416670,45,36,
6,45416706,181,58,
6,45417070,34,1,
6,45417637,132,112,
6,45417826,204,70,
6,45418251,146,31,
6,45418261,257,192,
6,45418675,307,995,
6,45418875,61,4,
6,45419780,116,72,
6,45420001,219,74,
6,45420173,227,79,
6,45420685,117,36,
6,45420722,347,76,
6,45421067,89,19,
6,45421302,116,61,
6,45421564,261,423,
6,45421812,160,108,
6,45422147,691,114,
6,45422315,91,20,
6,45422353,75,38,
6,45422514,150,70,
6,45422653,105,20,
6,45422717,65,96,
6,45423014,146,250,
6,45423363,122,139,
6,45423404,545,168,
6,45423917,530,334,
6,45423954,49,21,
6,45424223,62,9,
6,45424431,11,1,
6,45424648,139,206,
6,45424704,204,202,
6,45424827,262,344,
6,45424888,589,694,
6,45425061,251,308,
6,45425298,158,60,
6,45425568,307,47,
6,45425714,73,9,
6,45425746,211,116,
6,45426099,63,15,
6,45426490,936,439,
6,45426649,6,0,
6,45426680,284,117,
6,45427059,136,28,
6,45427061,31,4,
6,45427111,124,74,
6,45427197,313,550,
6,45427482,164,30,
6,45427697,173,83,
6,45427774,41,0,
6,45427972,264,253,
6,45427982,901,875,
6,45428020,46,14,
6,45428482,303,481,
6,45428832,95,111,
6,45429590,18,11,
6,45430048,122,34,
6,45430294,203,51,
6,45430498,643,378,
6,45430542,108,58,
6,45430604,286,60,
6,45431001,273,77,
6,45431115,165,30,
6,45431167,156,58,
6,45431271,143,33,
6,45431489,47,3,
6,45431526,31,6,
6,45432130,6,0,
6,45432627,76,81,
6,45432656,28,6,
6,45432977,72,57,
6,45433743,40,58,
6,45433768,386,102,
6,45433926,90,23,
6,45433936,69,104,
6,45434417,130,25,
6,45434467,29,5,
6,45434511,48,13,
6,45434678,75,9,
6,45434755,23,0,
6,45434758,13,0,
6,45434941,141,35,
6,45435016,62,88,
6,45435100,196,88,
6,45435272,83,3,
6,45435375,310,55,
6,45435422,217,83,
6,45435463,363,350,
6,45435606,276,204,
6,45435608,97,28,
6,45435677,29,5,
6,45435681,14,0,
6,45435720,52,67,
6,45435819,24,3,
6,45435825,290,193,
6,45436010,80,50,
6,45436027,55,19,
6,45436083,28,1,
6,45436148,46,16,
6,45436289,166,137,
6,45436534,299,222,
6,45437027,86,18,
6,45437044,147,102,
6,45437112,165,114,
6,45437135,32,8,
6,45437323,85,7,
6,45437594,129,36,
6,45437735,158,162,
6,45437759,382,125,
6,45437893,409,214,
6,45437903,118,59,
6,45438288,28,11,
6,45438346,769,850,
6,45438496,410,273,
6,45438501,100,342,
6,45438503,238,390,
6,45438704,78,29,
6,45438713,67,0,
6,45439670,649,366,
6,45439684,120,61,
6,45439721,107,18,
6,45439997,285,178,
6,45440028,112,139,
6,45440071,127,30,
6,45440180,102,36,
6,45440431,277,79,
6,45440571,582,307,
6,45441069,1293,189,
6,45441219,150,89,
6,45441222,168,83,
6,45441364,98,6,
6,45441539,9,0,
6,45442221,95,75,
6,45442743,144,186,
6,45442752,44,30,
6,45443200,34,30,
6,45443298,209,88,
6,45443368,134,193,
6,45443441,61,33,
6,45443462,160,37,
6,45443662,34,48,
6,45444004,48,5,
6,45444062,46,5,
6,45444694,284,136,
6,45444926,32,8,
6,45445114,166,14,
6,45445551,18,0,
6,45446654,20,3,
6,45446834,540,158,
6,45447057,163,48,
6,45447226,113,12,6
6,45447536,528,339,
6,45447699,1188,1331,
6,45447920,42,2,
6,45448326,326,238,
6,45448416,125,32,9
6,45448747,106,29,5
6,45448772,246,60,
6,45448825,213,72,
6,45448839,208,72,
6,45449348,527,169,
6,45449670,25,4,
6,45450044,174,103,
6,45450392,90,16,19
6,45450449,252,268,
6,45450525,252,145,
6,45450694,79,182,
6,45451103,135,142,
6,45451217,19,0,
6,45451527,633,281,
6,45451547,53,28,
6,45451577,351,145,
6,45451961,86,49,
6,45451971,64,102,
6,45452033,56,45,
6,45452261,200,151,
6,45452480,72,56,
6,45453135,165,110,
6,45453222,269,86,
6,45453299,36,23,
6,45453448,215,125,
6,45453586,552,688,
6,45453936,422,184,
6,45454374,135,45,
6,45454460,270,286,
6,45454861,21,3,
6,45454940,89,54,
6,45455164,411,251,
6,45455356,9,0,22
6,45455608,7,2,13
6,45455648,39,3,
6,45455719,106,100,
6,45455882,314,296,
6,45456003,28,18,
6,45456188,203,114,
6,45457143,14,7,
6,45457333,651,512,
6,45457411,54,8,
6,45457460,74,40,
6,45457670,364,533,
6,45458122,259,146,
6,45458249,118,18,
6,45458455,191,91,
6,45458550,100,59,
6,45458948,336,158,
6,45458987,81,25,
6,45459233,352,142,
6,45461122,14,0,
6,45461500,469,222,
6,45462143,48,10,
6,45462297,182,97,
6,45462713,94,30,
6,45462863,130,244,
6,45463130,8,2,
6,45463251,133,51,
6,45463319,267,20,
6,45463403,16,0,
6,45463626,132,28,
6,45463642,188,129,
6,45463656,269,215,
6,45464111,77,73,
6,45464145,24,2,
6,45464148,6,0,
6,45464269,218,93,
6,45464360,24,55,
6,45464407,9,0,
6,45464429,286,616,
6,45464611,17,0,
6,45464632,235,81,
6,45464748,68,66,
6,45464921,586,132,
6,45464984,214,346,
6,45465091,128,26,
6,45465218,5,0,
6,45465276,41,9,
6,45465392,79,32,
6,45466086,420,238,
6,45466150,18,20,
6,45466224,18,11,
6,45466449,42,12,
6,45466588,219,73,
6,45466655,52,13,
6,45466865,73,16,
6,45466980,145,54,
6,45467032,132,106,
6,45467166,162,50,
6,45467500,493,552,
6,45467503,30,3,
6,45467543,187,134,
6,45467716,6,0,
6,45468043,20,2,
6,45468320,23,12,
6,45468418,68,42,
6,45468455,12,0,
6,45468579,45,23,
6,45468593,13,6,
6,45468599,35,3,
6,45468698,429,202,
6,45468781,151,107,
6,45469123,14,2,
6,45469285,111,25,
6,45469394,26,0,
6,45469436,180,36,
6,45469437,132,170,
6,45469468,145,137,
6,45469541,24,8,
6,45469548,7,2,
6,45469579,204,81,
6,45469585,32,2,
6,45469658,20,12,13
6,45470105,21,1,
6,45470206,134,110,
6,45470473,7,0,
6,45470513,68,77,
6,45470559,49,1,
6,45470578,30,2,
6,45471136,254,98,
6,45471475,7,0,
6,45471573,95,112,
6,45472055,16,7,
6,45472319,287,22,
6,45472347,9,1,
6,45472487,5,1,
6,45472614,165,123,
6,45472678,192,62,
6,45472765,157,36,
6,45472862,20,1,
6,45472924,7,0,
6,45473019,131,118,
6,45473033,227,206,
6,45473126,52,58,
6,45473446,37,8,
6,45473516,34,0,16
6,45473581,59,80,
6,45473698,341,252,
6,45473730,260,177,
6,45473763,4,1,
6,45473772,31,5,
6,45473852,338,192,
6,45473861,285,207,
6,45473915,4,0,
6,45474050,60,10,
6,45474192,11,1,
6,45474250,29,11,
6,45474346,51,84,
6,45474397,5,0,
6,45474441,111,35,
6,45474638,8,1,
6,45474882,8,1,
6,45474900,100,35,
6,45474988,4,0,
6,45475220,38,7,
6,45475240,9,0,
6,45475329,34,0,
6,45475416,3,0,
6,45475471,28,0,
6,45475528,95,38,
6,45475529,315,166,
6,45475556,5,0,
6,45475623,11,0,
6,45475675,8,0,
6,45475782,9,0,
6,45475808,220,72,
6,45476045,183,162,
6,45476071,51,10,
6,45476273,382,150,
6,45476346,4,1,
6,45476371,14,3,
6,45476733,19,1,
6,45476820,195,155,
6,45476821,110,5,
6,45476979,18,0,
6,45477045,13,9,
6,45477118,67,6,
6,45477162,15,5,
6,45477192,108,89,
6,45477194,5,1,
6,45477206,231,94,
6,45477394,27,3,
6,45477516,51,12,
6,45477524,12,2,
6,45477661,125,74,
6,45477691,11,0,
6,45477742,73,18,
6,45477923,5,0,
6,45477971,78,40,
6,45477983,4,0,
6,45478033,117,33,
6,45478300,78,74,
6,45478553,112,56,
6,45478749,479,421,
6,45478780,275,37,27
6,45479006,205,83,
6,45479165,398,223,
6,45479288,9,8,
6,45479820,158,137,
6,45480106,369,249,
6,45480317,209,96,20
6,45480354,38,23,
6,45480414,29,1,
6,45480422,62,30,
6,45480506,275,135,
6,45480510,13,5,
6,45480584,4,0,
6,45480622,327,280,
6,45480654,7,1,
6,45480865,5,0,
6,45481008,106,24,23
6,45481228,4,4,
6,45481237,5,0,
6,45481298,121,72,
6,45481609,257,165,
6,45481656,5,2,
6,45481700,10,0,
6,45481776,13,5,
6,45481852,6,0,
6,45481866,7,1,
6,45481885,8,0,
6,45481892,213,67,12
6,45482106,247,143,
6,45482198,14,1,
6,45482216,4,0,
6,45482220,6,2,
6,45482278,6,1,
6,45482309,51,57,
6,45482333,92,33,21
6,45482467,121,92,14
6,45482484,155,154,
6,45482516,184,159,26
6,45482577,34,4,
6,45482710,7,0,
6,45482719,163,100,
6,45482726,33,6,
6,45483166,20,5,
6,45483205,38,9,
6,45483211,7,0,
6,45483275,87,44,
6,45483386,1340,592,1
6,45483423,8,5,
6,45483435,4,1,
6,45483531,138,43,27
6,45483563,8,5,
6,45483651,44,35,29
6,45483820,6,0,
6,45483834,19,0,
6,45483924,223,52,7
6,45484028,29,7,
6,45484123,16,1,
6,45484284,67,25,15
6,45484294,13,19,
6,45484355,12,12,
6,45484565,11,2,
6,45484737,12,1,
6,45484763,8,2,
6,45485023,18,1,
6,45485089,69,47,
6,45485175,133,71,24
6,45485232,11,0,
6,45485440,35,16,
6,45485546,66,90,
6,45485611,22,10,
6,45485736,91,26,10
6,45485782,20,4,
6,45485806,190,243,16
6,45485920,3,0,
6,45485942,10,1,
6,45486031,66,51,23
6,45486061,9,0,
6,45486062,25,2,
6,45486082,11,0,
6,45486210,8,1,
6,45486306,51,8,8
6,45486376,14,6,
6,45486449,10,4,
6,45486634,17,1,
6,45486670,18,1,
6,45486731,9,3,
6,45486825,57,9,30
6,45486829,64,61,14
6,45486918,11,1,
6,45487044,201,81,2
6,45487099,11,4,
6,45487146,7,0,
6,45487247,13,2,17
6,45487412,16,0,
6,45487452,45,11,3
6,45487476,137,16,4
6,45487523,3,0,
6,45487629,15,1,9
6,45488261,7,0,4
7,45405144,133,59,
7,45405815,129,36,
7,45406090,126,80,
7,45406573,123,38,
7,45406645,87,18,
7,45406804,48,18,
7,45406879,67,19,
7,45407953,500,110,
7,45408021,857,92,
7,45408229,352,69,
7,45408473,65,20,
7,45409526,88,29,
7,45409552,141,41,
7,45409794,1472,563,
7,45410068,439,86,
7,45410940,342,228,
7,45411254,37,36,
7,45411291,94,55,
7,45411435,96,25,
7,45411514,96,42,
7,45411799,64,29,
7,45411831,220,45,
7,45411866,34,0,
7,45411939,57,58,
7,45412263,106,35,
7,45412419,670,732,
7,45412472,28,10,
7,45412870,250,108,
7,45412938,102,60,
7,45413059,78,67,
7,45413083,293,436,
7,45413208,13,2,
7,45413294,192,61,
7,45413525,170,79,
7,45413588,107,22,
7,45413717,46,19,
7,45414215,198,169,
7,45414479,117,32,
7,45414718,224,138,
7,45414933,124,85,
7,45415178,83,5,
7,45415196,39,32,
7,45415207,385,54,
7,45415332,137,59,
7,45415510,120,27,
7,45415519,110,197,
7,45415539,138,85,
7,45415591,121,80,
7,45415814,89,26,
7,45415962,1581,786,
7,45416080,247,361,
7,45416228,839,412,
7,45416552,45,0,
7,45416670,45,36,
7,45416706,181,58,
7,45417070,34,1,
7,45417637,132,112,
7,45417826,204,70,
7,45418251,146,31,
7,45418261,257,192,
7,45418675,307,995,
7,45418875,61,4,
7,45419780,116,72,
7,45420001,219,74,
7,45420173,227,79,
7,45420685,117,36,
7,45420722,347,76,
7,45421067,89,19,
7,45421302,116,61,
7,45421564,261,423,
7,45421812,160,108,
7,45422147,693,114,
7,45422315,91,20,
7,45422353,75,38,
7,45422514,150,70,
7,45422653,105,20,
7,45422717,65,96,
7,45423014,146,250,
7,45423363,122,139,
7,45423404,545,168,
7,45423917,530,334,
7,45423954,49,21,
7,45424223,62,9,
7,45424431,11,1,
7,45424648,139,206,
7,45424704,204,202,
7,45424827,262,344,
7,45424888,589,694,
7,45425061,251,308,
7,45425298,158,60,
7,45425568,307,47,
7,45425714,73,9,
7,45425746,211,116,
7,45426099,63,15,
7,45426490,936,439,
7,45426649,6,0,
7,45426680,284,117,
7,45427059,136,28,
7,45427061,31,4,
7,45427111,124,74,
7,45427197,313,550,
7,45427482,164,30,
7,45427697,173,83,
7,45427774,41,0,
7,45427972,264,254,
7,45427982,901,875,
7,45428020,46,14,
7,45428482,303,481,
7,45428832,96,111,
7,45429590,18,11,
7,45430048,122,34,
7,45430294,203,51,
7,45430498,643,378,
7,45430542,108,58,
7,45430604,286,60,
7,45431001,273,77,
7,45431115,165,30,
7,45431167,156,58,
7,45431271,143,33,
7,45431489,47,3,
7,45431526,31,6,
7,45432130,6,0,
7,45432627,76,81,
7,45432656,28,6,
7,45432977,72,57,
7,45433743,40,58,
7,45433768,386,102,
7,45433926,90,23,
7,45433936,69,104,
7,45434417,130,25,
7,45434467,29,5,
7,45434511,48,13,
7,45434678,75,9,
7,45434755,23,0,
7,45434758,13,0,
7,45434941,141,35,
7,45435016,62,88,
7,45435100,196,88,
7,45435272,83,3,
7,45435375,310,55,
7,45435422,217,83,
7,45435463,364,350,
7,45435606,276,206,
7,45435608,97,28,
7,45435677,29,5,
7,45435681,14,0,
7,45435720,52,67,
7,45435819,24,3,
7,45435825,290,193,
7,45436010,80,50,
7,45436027,55,19,
7,45436083,28,1,
7,45436148,46,16,
7,45436289,166,138,
7,45436534,299,222,
7,45437027,86,18,
7,45437044,147,102,
7,45437112,165,114,
7,45437135,32,8,
7,45437323,85,7,
7,45437594,129,36,
7,45437735,158,162,
7,45437759,382,125,
7,45437893,409,214,
7,45437903,118,59,
7,45438288,28,11,
7,45438346,770,850,
7,45438496,410,273,
7,45438501,100,343,
7,45438503,238,392,
7,45438704,78,29,
7,45438713,67,0,
7,45439670,649,366,
7,45439684,122,61,
7,45439721,107,18,
7,45439997,285,178,
7,45440028,112,139,
7,45440071,127,30,
7,45440180,102,36,
7,45440431,277,79,
7,45440571,582,307,
7,45441069,1293,189,
7,45441219,150,89,
7,45441222,168,83,
7,45441364,98,6,
7,45441539,9,0,
7,45442221,95,75,
7,45442743,144,186,
7,45442752,44,30,
7,45443200,34,30,
7,45443298,209,88,
7,45443368,134,193,
7,45443441,61,34,
7,45443462,160,37,
7,45443662,34,48,
7,45444004,48,5,
7,45444062,46,5,
7,45444694,284,136,
7,45444926,32,8,
7,45445114,166,14,
7,45445551,18,0,
7,45446654,20,3,
7,45446834,540,158,
7,45447057,163,48,
7,45447226,128,13,7
7,45447536,528,339,
7,45447699,1188,1332,
7,45447920,42,2,
7,45448326,326,238,
7,45448416,140,36,9
7,45448747,120,32,6
7,45448772,246,60,
7,45448825,213,72,
7,45448839,208,73,
7,45449348,527,169,
7,45449670,25,4,
7,45450044,174,103,
7,45450392,92,17,22
7,45450449,252,268,
7,45450525,252,145,
7,45450694,79,182,
7,45451103,135,142,
7,45451527,633,281,
7,45451547,53,28,
7,45451577,351,145,
7,45451961,86,49,
7,45451971,64,103,
7,45452033,56,45,
7,45452261,200,151,
7,45452480,72,57,
7,45453135,165,110,
7,45453222,269,87,
7,45453299,36,23,
7,45453448,215,125,
7,45453586,552,690,
7,45453936,422,184,
7,45454374,135,45,
7,45454460,270,286,
7,45454861,21,3,
7,45454940,90,54,
7,45455164,411,251,
7,45455356,9,0,24
7,45455608,16,2,13
7,45455648,39,3,
7,45455719,106,100,
7,45455882,314,296,
7,45456003,28,18,
7,45456188,203,114,
7,45457143,14,7,
7,45457333,651,512,
7,45457411,54,8,
7,45457460,74,40,
7,45457670,364,533,
7,45458122,259,146,
7,45458249,118,18,
7,45458455,192,92,
7,45458550,100,59,
7,45458948,336,159,
7,45458987,81,25,
7,45459233,352,142,
7,45461122,14,0,
7,45461500,469,222,
7,45462143,48,10,
7,45462297,182,97,
7,45462713,94,30,
7,45462863,130,244,
7,45463130,8,2,
7,45463251,133,51,
7,45463319,267,20,
7,45463403,16,0,
7,45463626,132,28,
7,45463642,188,129,
7,45463656,269,215,
7,45464111,77,73,
7,45464145,24,2,
7,45464148,6,0,
7,45464269,218,93,
7,45464360,24,55,
7,45464407,9,0,
7,45464429,286,617,
7,45464611,17,0,
7,45464632,235,81,
7,45464748,68,66,
7,45464921,588,132,
7,45464984,215,347,
7,45465091,128,26,
7,45465218,5,0,
7,45465276,41,9,
7,45465392,79,32,
7,45466086,420,238,
7,45466150,18,20,
7,45466224,18,11,
7,45466449,42,12,
7,45466588,219,73,
7,45466655,52,13,
7,45466865,73,16,
7,45466980,145,54,
7,45467032,132,106,
7,45467166,162,50,
7,45467500,493,552,
7,45467503,30,3,
7,45467543,187,134,
7,45467716,6,0,
7,45468043,20,2,
7,45468320,23,13,
7,45468418,69,42,
7,45468455,12,0,
7,45468579,45,23,
7,45468593,13,6,
7,45468599,35,3,
7,45468698,429,204,
7,45468781,151,107,
7,45469123,14,2,
7,45469285,111,25,
7,45469394,26,0,
7,45469436,180,36,
7,45469437,133,172,
7,45469468,145,137,
7,45469541,27,13,18
7,45469548,7,2,
7,45469579,204,81,
7,45469585,32,2,
7,45469658,25,18,15
7,45470105,21,1,
7,45470206,134,110,
7,45470473,7,0,
7,45470513,68,77,
7,45470559,49,1,
7,45470578,30,2,
7,45471136,254,98,
7,45471475,7,0,
7,45471573,96,112,
7,45472319,288,22,
7,45472347,9,1,
7,45472487,5,1,
7,45472614,166,123,
7,45472678,193,62,
7,45472765,158,36,
7,45472862,20,1,
7,45472924,7,0,
7,45473019,131,118,
7,45473033,227,206,
7,45473126,52,58,
7,45473446,37,8,
7,45473516,37,0,21
7,45473581,59,80,
7,45473698,342,252,
7,45473730,260,177,
7,45473763,4,1,
7,45473772,31,5,
7,45473852,338,192,
7,45473861,285,208,
7,45473915,4,0,
7,45474050,60,10,
7,45474192,12,1,
7,45474250,29,11,
7,45474346,51,84,
7,45474397,5,0,
7,45474638,8,1,
7,45474882,8,1,
7,45474900,100,35,
7,45474988,4,0,
7,45475220,38,7,
7,45475240,10,0,
7,45475329,34,0,
7,45475416,3,0,
7,45475471,28,0,
7,45475528,95,38,
7,45475529,316,166,
7,45475556,5,0,
7,45475623,11,0,
7,45475782,9,0,
7,45475808,220,72,
7,45476045,183,162,
7,45476071,51,10,
7,45476273,383,151,
7,45476346,4,1,
7,45476371,14,3,
7,45476733,19,1,
7,45476820,195,155,
7,45476821,110,5,
7,45476979,18,0,
7,45477045,13,9,
7,45477118,67,6,
7,45477162,15,5,
7,45477192,110,92,
7,45477194,5,1,
7,45477206,231,94,
7,45477394,27,3,
7,45477516,51,12,
7,45477524,12,2,
7,45477661,128,75,
7,45477691,11,0,
7,45477742,74,18,
7,45477923,5,0,
7,45477971,78,40,
7,45477983,4,0,
7,45478033,117,33,
7,45478300,80,74,
7,45478553,112,56,
7,45478749,481,421,
7,45478780,280,37,28
7,45479006,207,83,
7,45479165,398,225,
7,45479288,9,8,
7,45479820,160,137,
7,45480106,371,250,
7,45480317,213,96,23
7,45480354,39,23,
7,45480414,29,1,
7,45480422,62,30,
7,45480506,277,138,
7,45480510,13,5,
7,45480584,4,0,
7,45480622,331,283,
7,45480654,7,1,
7,45480865,5,0,
7,45481008,108,24,26
7,45481228,4,4,
7,45481237,5,0,
7,45481298,121,72,
7,45481609,258,166,
7,45481656,5,2,
7,45481700,10,0,
7,45481776,13,5,
7,45481852,6,0,
7,45481866,7,1,
7,45481885,8,0,
7,45481892,220,69,13
7,45482106,251,144,
7,45482198,14,1,
7,45482216,4,0,
7,45482220,7,2,
7,45482278,7,1,
7,45482309,51,57,
7,45482333,95,33,27
7,45482467,127,96,17
7,45482484,155,155,
7,45482516,190,175,30
7,45482577,34,4,
7,45482710,8,0,
7,45482719,163,100,
7,45482726,35,7,
7,45483166,21,5,
7,45483205,38,9,
7,45483211,7,0,
7,45483275,87,44,
7,45483386,1410,631,1
7,45483423,8,5,
7,45483435,4,1,
7,45483531,143,46,
7,45483563,9,5,
7,45483651,45,36,
7,45483820,6,0,
7,45483834,20,0,
7,45483924,242,53,8
7,45484028,29,8,
7,45484123,17,2,
7,45484284,73,27,19
7,45484294,14,20,
7,45484355,13,12,
7,45484565,12,2,
7,45484737,13,1,
7,45485023,19,1,
7,45485089,70,50,
7,45485175,138,85,29
7,45485232,13,0,
7,45485440,35,16,
7,45485546,66,92,
7,45485611,30,13,
7,45485736,98,28,10
7,45485782,20,4,
7,45485806,215,291,18
7,45485920,4,0,
7,45485942,10,1,
7,45486031,73,67,25
7,45486061,9,0,
7,45486062,26,2,
7,45486082,12,0,
7,45486210,8,1,
7,45486306,57,8,10
7,45486376,14,6,
7,45486449,10,4,
7,45486634,17,1,
7,45486670,19,1,
7,45486731,9,3,
7,45486825,58,10,
7,45486829,70,70,16
7,45486918,11,1,
7,45487044,264,122,2
7,45487099,11,4,
7,45487146,7,0,
7,45487247,14,2,20
7,45487412,20,0,
7,45487452,55,20,4
7,45487476,187,21,5
7,45487519,5,0,
7,45487523,3,0,
7,45487629,21,3,12
7,45487771,40,4,7
7,45487841,10,0,
7,45488261,60,16,1
7,45488441,15,2,4
7,45488492,5,1,
8,45405144,133,59,
8,45405815,129,36,
8,45406090,126,80,
8,45406573,123,38,
8,45406645,87,18,
8,45406804,48,18,
8,45406879,68,19,
8,45407953,500,110,
8,45408021,857,92,
8,45408229,352,69,
8,45408473,65,20,
8,45409526,88,29,
8,45409552,141,41,
8,45409794,1472,563,
8,45410068,439,86,
8,45410940,342,228,
8,45411254,37,36,
8,45411291,94,55,
8,45411435,96,25,
8,45411514,96,42,
8,45411799,64,29,
8,45411831,220,45,
8,45411866,34,0,
8,45411939,57,58,
8,45412263,106,35,
8,45412419,670,732,
8,45412472,28,10,
8,45412870,250,108,
8,45412938,102,60,
8,45413059,78,67,
8,45413083,293,436,
8,45413208,13,2,
8,45413294,192,61,
8,45413525,170,79,
8,45413588,107,22,
8,45413717,46,19,
8,45414479,117,32,
8,45414718,224,138,
8,45414933,124,85,
8,45415178,83,5,
8,45415196,39,32,
8,45415207,385,54,
8,45415332,137,59,
8,45415510,120,27,
8,45415519,110,197,
8,45415539,138,85,
8,45415591,121,80,
8,45415814,89,26,
8,45415962,1581,786,
8,45416080,247,361,
8,45416228,839,412,
8,45416552,45,0,
8,45416670,45,36,
8,45416706,181,58,
8,45417070,34,1,
8,45417637,132,112,
8,45417826,204,70,
8,45418251,146,31,
8,45418261,257,192,
8,45418675,307,996,
8,45418875,61,4,
8,45419780,116,72,
8,45420001,219,74,
8,45420173,227,79,
8,45420685,117,36,
8,45420722,347,76,
8,45421067,89,19,
8,45421302,116,61,
8,45421564,261,423,
8,45421812,160,108,
8,45422147,693,114,
8,45422315,91,21,
8,45422353,75,38,
8,45422514,150,70,
8,45422653,105,20,
8,45422717,65,96,
8,45423014,146,250,
8,45423363,122,139,
8,45423404,545,168,
8,45423917,530,334,
8,45423954,49,21,
8,45424223,62,9,
8,45424431,11,1,
8,45424648,139,206,
8,45424704,204,202,
8,45424827,262,344,
8,45424888,589,694,
8,45425061,251,308,
8,45425298,158,60,
8,45425568,307,47,
8,45425714,73,9,
8,45425746,211,116,
8,45426099,63,15,
8,45426490,936,439,
8,45426649,6,0,
8,45426680,284,117,
8,45427059,136,28,
8,45427061,31,4,
8,45427111,124,74,
8,45427197,313,550,
8,45427482,164,30,
8,45427697,173,83,
8,45427774,41,0,
8,45427972,264,256,
8,45427982,901,875,
8,45428020,46,14,
8,45428482,303,481,
8,45428832,97,111,
8,45429590,18,11,
8,45430048,122,34,
8,45430294,203,51,
8,45430498,643,378,
8,45430542,108,58,
8,45430604,286,60,
8,45431001,273,77,
8,45431115,166,30,
8,45431167,156,58,
8,45431271,143,33,
8,45431489,47,3,
8,45431526,31,6,
8,45432130,6,0,
8,45432627,76,81,
8,45432656,28,6,
8,45432977,72,57,
8,45433743,40,58,
8,45433768,386,102,
8,45433926,90,23,
8,45433936,69,105,
8,45434417,130,25,
8,45434467,29,5,
8,45434511,48,13,
8,45434678,75,9,
8,45434755,23,0,
8,45434758,13,0,
8,45434941,141,35,
8,45435016,62,88,
8,45435100,196,88,
8,45435272,83,3,
8,45435375,310,55,
8,45435422,217,83,
8,45435463,364,350,
8,45435606,276,207,
8,45435608,97,28,
8,45435677,29,5,
8,45435681,14,0,
8,45435720,52,67,
8,45435819,24,3,
8,45435825,290,193,
8,45436010,80,51,
8,45436027,55,19,
8,45436083,28,1,
8,45436148,46,16,
8,45436289,166,138,
8,45436534,299,222,
8,45437027,86,18,
8,45437044,148,102,
8,45437112,165,114,
8,45437135,32,8,
8,45437323,85,7,
8,45437594,129,36,
8,45437735,158,162,
8,45437759,382,125,
8,45437893,409,214,
8,45437903,118,59,
8,45438288,28,11,
8,45438346,771,850,
8,45438496,410,273,
8,45438501,100,345,
8,45438503,238,392,
8,45438704,78,29,
8,45438713,67,0,
8,45439670,649,366,
8,45439684,123,61,
8,45439721,107,18,
8,45439997,286,178,
8,45440028,112,139,
8,45440071,128,30,
8,45440180,102,36,
8,45440431,277,79,
8,45440571,582,307,
8,45441069,1293,189,
8,45441219,150,89,
8,45441222,168,83,
8,45441364,98,6,
8,45441539,9,0,
8,45442221,95,75,
8,45442743,144,186,
8,45442752,44,30,
8,45443200,34,30,
8,45443298,209,88,
8,45443368,134,193,
8,45443441,61,34,
8,45443462,160,37,
8,45443662,34,48,
8,45444004,48,5,
8,45444062,46,5,
8,45444694,284,136,
8,45444926,32,8,
8,45445114,166,14,
8,45445551,18,0,
8,45446654,21,3,
8,45446834,540,158,
8,45447057,163,48,
8,45447226,140,13,8
8,45447536,528,340,
8,45447699,1188,1332,
8,45447920,42,2,
8,45448326,326,238,
8,45448416,147,41,11
8,45448747,136,37,9
8,45448772,246,60,
8,45448825,213,72,
8,45448839,208,73,
8,45449348,527,169,
8,45449670,25,4,
8,45450044,174,103,
8,45450392,96,17,26
8,45450449,252,268,
8,45450525,252,145,
8,45450694,79,182,
8,45451103,135,142,
8,45451527,633,281,
8,45451547,53,28,
8,45451577,351,145,
8,45451961,86,49,
8,45451971,64,103,
8,45452033,56,45,
8,45452261,200,151,
8,45452480,75,59,
8,45453135,165,110,
8,45453222,269,87,
8,45453299,36,23,
8,45453448,215,125,
8,45453586,552,690,
8,45453936,422,184,
8,45454374,135,45,
8,45454460,270,286,
8,45454861,21,3,
8,45454940,90,55,
8,45455164,411,251,
8,45455356,9,0,
8,45455608,18,2,15
8,45455648,39,3,
8,45455719,106,100,
8,45455882,314,296,
8,45456003,28,18,
8,45456188,203,114,
8,45456965,12,3,13
8,45457143,14,7,
8,45457333,651,512,
8,45457411,54,8,
8,45457460,74,40,
8,45457670,364,533,
8,45458122,259,147,
8,45458249,118,18,
8,45458455,196,93,
8,45458550,100,59,
8,45458948,336,163,
8,45458987,81,25,
8,45459233,352,142,
8,45461122,14,0,
8,45461500,469,222,
8,45462143,48,10,
8,45462297,182,98,
8,45462713,94,30,
8,45462863,130,244,
8,45463130,8,2,
8,45463251,133,51,
8,45463319,267,20,
8,45463403,16,0,
8,45463626,132,28,
8,45463642,188,129,
8,45463656,270,215,
8,45464111,77,73,
8,45464145,24,2,
8,45464269,218,93,
8,45464360,24,55,
8,45464407,9,0,
8,45464429,286,617,
8,45464611,17,0,
8,45464632,235,81,
8,45464748,68,66,
8,45464921,588,132,
8,45464984,216,349,
8,45465091,129,27,
8,45465276,41,9,
8,45465392,79,32,
8,45466086,420,238,
8,45466150,18,20,
8,45466224,18,11,
8,45466449,42,12,
8,45466588,219,73,
8,45466655,52,13,
8,45466865,73,16,
8,45466980,145,54,
8,45467032,132,106,
8,45467166,162,50,
8,45467500,494,552,
8,45467503,30,3,
8,45467543,187,134,
8,45467716,6,0,
8,45468043,20,2,
8,45468320,23,13,
8,45468418,69,42,
8,45468455,12,0,
8,45468579,45,23,
8,45468593,13,6,
8,45468599,35,3,
8,45468698,430,204,
8,45468781,151,107,
8,45469123,14,2,
8,45469285,111,25,
8,45469394,26,0,
8,45469436,180,36,
8,45469437,133,173,
8,45469468,145,137,
8,45469541,32,14,21
8,45469548,7,2,
8,45469579,204,81,
8,45469658,28,21,16
8,45470206,134,110,
8,45470473,7,0,
8,45470513,68,77,
8,45470559,49,1,
8,45470578,30,2,
8,45471136,254,98,
8,45471475,7,0,
8,45471573,96,112,
8,45472319,288,22,
8,45472347,9,1,
8,45472487,5,1,
8,45472614,166,123,
8,45472678,194,62,
8,45472765,158,36,
8,45472862,20,1,
8,45472924,7,0,
8,45473019,131,118,
8,45473033,227,206,
8,45473126,52,58,
8,45473446,37,8,
8,45473516,41,0,25
8,45473581,59,80,
8,45473698,342,252,
8,45473730,261,177,
8,45473763,4,1,
8,45473772,31,5,
8,45473852,339,194,
8,45473861,285,209,
8,45473915,4,0,
8,45474050,60,10,
8,45474192,12,1,
8,45474250,29,11,
8,45474346,52,84,
8,45474397,5,0,
8,45474638,8,1,
8,45474882,8,1,
8,45474900,100,35,
8,45474988,4,0,
8,45475220,38,7,
8,45475240,10,0,
8,45475329,34,0,
8,45475416,3,0,
8,45475471,28,0,
8,45475528,95,38,
8,45475529,316,166,
8,45475556,5,0,
8,45475623,11,0,
8,45475808,220,72,
8,45476045,183,164,
8,45476071,51,10,
8,45476273,384,151,
8,45476346,4,1,
8,45476371,14,3,
8,45476733,19,1,
8,45476820,197,155,
8,45476821,111,5,
8,45476979,18,0,
8,45477045,13,9,
8,45477118,68,6,
8,45477162,15,5,
8,45477192,111,93,
8,45477194,5,1,
8,45477206,231,94,
8,45477394,27,3,
8,45477516,51,12,
8,45477524,12,2,
8,45477661,129,75,
8,45477691,11,0,
8,45477742,74,18,
8,45477923,5,0,
8,45477971,78,40,
8,45477983,4,0,
8,45478033,117,33,
8,45478300,82,74,
8,45478553,113,56,
8,45478749,482,424,
8,45478780,281,39,
8,45479006,208,83,
8,45479165,401,226,
8,45479288,9,8,
8,45479820,161,139,
8,45480106,372,251,
8,45480317,216,97,27
8,45480354,39,23,
8,45480414,29,1,
8,45480422,62,30,
8,45480506,278,138,
8,45480510,13,5,
8,45480584,5,0,
8,45480622,336,290,
8,45480654,7,1,
8,45480865,5,0,
8,45481008,111,24,29
8,45481228,5,6,
8,45481237,5,0,
8,45481298,122,73,
8,45481609,260,167,
8,45481656,5,2,
8,45481700,10,0,
8,45481776,13,5,
8,45481852,6,0,
8,45481866,7,1,
8,45481885,8,0,
8,45481892,231,76,14
8,45482106,251,159,
8,45482198,14,1,
8,45482216,4,0,
8,45482220,7,2,
8,45482278,7,1,
8,45482309,51,57,
8,45482333,98,33,30
8,45482467,132,98,17
8,45482484,156,155,
8,45482516,195,198,
8,45482577,34,4,
8,45482710,8,0,
8,45482719,163,101,
8,45482726,38,8,
8,45483166,21,5,
8,45483205,38,9,
8,45483211,7,0,
8,45483275,89,44,
8,45483386,1471,664,2
8,45483423,8,5,
8,45483435,4,1,
8,45483531,146,47,
8,45483563,9,5,
8,45483651,46,36,
8,45483820,6,0,
8,45483834,21,0,
8,45483924,250,57,10
8,45484028,29,9,
8,45484123,19,4,
8,45484284,79,27,22
8,45484294,14,20,
8,45484355,13,12,
8,45484565,12,2,
8,45484737,13,1,
8,45485023,19,1,
8,45485089,71,53,
8,45485175,139,87,
8,45485232,13,0,
8,45485440,37,17,
8,45485546,66,92,
8,45485611,33,13,
8,45485736,102,30,12
8,45485782,23,4,
8,45485806,231,330,20
8,45485920,4,0,
8,45485942,10,1,
8,45486031,77,68,
8,45486061,9,0,
8,45486062,28,2,
8,45486082,12,0,
8,45486210,8,1,
8,45486306,65,11,13
8,45486376,14,6,
8,45486449,10,4,
8,45486634,17,2,
8,45486670,19,1,
8,45486731,9,3,
8,45486825,62,10,
8,45486829,74,78,19
8,45486918,11,1,
8,45487044,291,143,3
8,45487099,11,4,
8,45487146,7,0,
8,45487247,14,2,28
8,45487412,20,0,
8,45487452,63,23,6
8,45487476,219,26,7
8,45487519,18,16,18
8,45487523,3,0,
8,45487629,24,6,18
8,45487771,78,18,5
8,45487841,14,0,
8,45488261,123,37,1
8,45488441,29,6,4
8,45488492,5,2,
8,45488605,20,3,20
8,45488713,14,3,3
8,45488729,55,40,6
8,45488746,12,6,
9,45405144,133,59,
9,45406090,126,80,
9,45406573,123,38,
9,45406645,87,18,
9,45406804,48,18,
9,45406879,68,19,
9,45407953,500,110,
9,45408021,857,92,
9,45408229,352,69,
9,45408473,65,20,
9,45409526,88,29,
9,45409552,141,41,
9,45409794,1472,563,
9,45410068,439,86,
9,45410940,342,228,
9,45411254,37,36,
9,45411291,94,55,
9,45411435,96,25,
9,45411514,97,42,
9,45411799,64,29,
9,45411831,220,45,
9,45411866,34,0,
9,45411939,57,58,
9,45412263,106,35,
9,45412419,670,732,
9,45412472,28,10,
9,45412870,250,108,
9,45412938,102,60,
9,45413059,78,67,
9,45413083,293,436,
9,45413208,13,2,
9,45413294,192,61,
9,45413525,170,79,
9,45413588,107,22,
9,45413717,46,19,
9,45414479,117,32,
9,45414718,224,138,
9,45414933,124,85,
9,45415178,83,5,
9,45415196,39,32,
9,45415207,385,54,
9,45415332,137,59,
9,45415510,120,27,
9,45415519,110,197,
9,45415539,138,85,
9,45415591,121,80,
9,45415814,89,26,
9,45415962,1581,786,
9,45416080,247,361,
9,45416228,839,412,
9,45416552,45,0,
9,45416670,45,36,
9,45416706,181,58,
9,45417070,34,1,
9,45417637,132,112,
9,45417826,204,70,
9,45418251,146,31,
9,45418261,257,192,
9,45418675,307,997,
9,45418875,61,4,
9,45419780,117,72,
9,45420001,219,74,
9,45420173,227,79,
9,45420685,117,36,
9,45420722,347,76,
9,45421067,89,19,
9,45421302,116,61,
9,45421564,261,423,
9,45421812,160,108,
9,45422147,693,114,
9,45422315,91,21,
9,45422353,75,38,
9,45422514,150,70,
9,45422653,105,20,
9,45422717,65,96,
9,45423014,146,250,
9,45423363,122,139,
9,45423404,545,168,
9,45423917,530,334,
9,45423954,49,21,
9,45424223,62,9,
9,45424431,11,1,
9,45424648,139,206,
9,45424704,204,202,
9,45424827,262,344,
9,45424888,589,694,
9,45425061,251,308,
9,45425298,158,60,
9,45425568,307,47,
9,45425714,73,9,
9,45425746,211,116,
9,45426099,63,15,
9,45426490,936,439,
9,45426649,6,0,
9,45426680,284,117,
9,45427059,136,28,
9,45427061,31,4,
9,45427111,124,74,
9,45427197,313,550,
9,45427482,164,30,
9,45427697,175,83,
9,45427774,41,0,
9,45427972,264,256,
9,45427982,901,875,
9,45428020,46,14,
9,45428482,303,481,
9,45428832,97,111,
9,45429590,18,11,
9,45430048,122,34,
9,45430294,203,51,
9,45430498,643,378,
9,45430542,108,58,
9,45430604,286,60,
9,45431001,273,77,
9,45431115,167,30,
9,45431167,156,58,
9,45431271,143,33,
9,45431489,47,3,
9,45431526,31,6,
9,45432130,6,0,
9,45432627,76,81,
9,45432656,28,6,
9,45432977,72,57,
9,45433743,40,58,
9,45433768,386,102,
9,45433926,90,23,
9,45433936,69,105,
9,45434417,130,25,
9,45434467,29,5,
9,45434511,48,13,
9,45434678,75,9,
9,45434755,23,0,
9,45434758,13,0,
9,45434941,141,35,
9,45435016,62,88,
9,45435100,196,88,
9,45435272,83,3,
9,45435375,310,55,
9,45435422,217,83,
9,45435463,364,350,
9,45435606,277,207,
9,45435608,97,28,
9,45435677,29,5,
9,45435681,14,0,
9,45435720,52,67,
9,45435819,24,3,
9,45435825,290,193,
9,45436010,80,51,
9,45436027,55,19,
9,45436083,28,1,
9,45436148,46,16,
9,45436289,166,138,
9,45436534,299,222,
9,45437027,86,18,
9,45437044,148,102,
9,45437112,165,114,
9,45437135,32,8,
9,45437323,85,7,
9,45437594,129,36,
9,45437735,158,162,
9,45437759,382,125,
9,45437893,409,214,
9,45437903,118,59,
9,45438288,28,11,
9,45438346,771,850,
9,45438496,410,273,
9,45438501,100,347,
9,45438503,238,392,
9,45438704,78,29,
9,45438713,68,0,
9,45439670,650,366,
9,45439684,123,61,
9,45439721,107,18,
9,45439997,286,178,
9,45440028,112,139,
9,45440071,128,30,
9,45440180,103,36,
9,45440431,277,79,
9,45440571,582,307,
9,45441069,1293,189,
9,45441219,150,89,
9,45441222,168,83,
9,45441364,98,6,
9,45441539,9,0,
9,45442221,95,75,
9,45442743,144,186,
9,45442752,44,30,
9,45443200,34,30,
9,45443298,209,88,
9,45443368,134,193,
9,45443441,63,34,
9,45443462,160,37,
9,45443662,34,48,
9,45444004,48,5,
9,45444062,46,5,
9,45444694,284,137,
9,45444926,32,8,
9,45445114,166,14,
9,45445551,18,0,
9,45446654,22,3,
9,45446834,542,158,
9,45447057,163,48,
9,45447226,150,17,6
9,45447536,529,341,
9,45447699,1188,1337,
9,45447920,42,2,
9,45448326,326,238,
9,45448416,151,49,14
9,45448747,146,41,10
9,45448772,246,60,
9,45448825,213,72,
9,45448839,208,73,
9,45449348,527,169,
9,45449670,25,4,
9,45450044,174,103,
9,45450392,98,19,27
9,45450449,252,268,
9,45450525,252,145,
9,45450694,79,182,
9,45451103,135,142,
9,45451527,633,281,
9,45451547,53,28,
9,45451577,351,145,
9,45451961,86,49,
9,45451971,65,104,
9,45452033,56,45,
9,45452261,200,151,
9,45452480,75,59,
9,45453135,165,110,
9,45453222,269,87,
9,45453299,36,23,
9,45453448,215,125,
9,45453586,552,690,
9,45453936,422,184,
9,45454374,135,45,
9,45454460,270,287,
9,45454861,21,3,
9,45454940,90,56,
9,45455164,412,251,
9,45455356,9,0,
9,45455608,19,2,19
9,45455648,39,3,
9,45455719,106,100,
9,45455882,314,296,
9,45456003,28,18,
9,45456188,204,114,
9,45456965,27,5,11
9,45457143,15,7,
9,45457333,652,512,
9,45457411,54,8,
9,45457460,74,40,
9,45457670,364,535,
9,45458122,260,147,
9,45458249,118,18,
9,45458455,198,94,
9,45458550,100,59,
9,45458948,336,163,
9,45458987,81,25,
9,45459233,353,142,
9,45459466,4,0,12
9,45461122,14,0,
9,45461500,469,222,
9,45462143,48,10,
9,45462297,182,99,
9,45462713,94,30,
9,45462863,130,244,
9,45463130,8,2,
9,45463251,133,51,
9,45463319,267,20,
9,45463403,16,0,
9,45463626,132,28,
9,45463642,188,129,
9,45463656,272,215,
9,45464111,77,73,
9,45464145,24,2,
9,45464269,218,93,
9,45464360,24,55,
9,45464407,9,0,
9,45464429,286,617,
9,45464611,17,0,
9,45464632,235,81,
9,45464748,68,66,
9,45464921,589,132,
9,45464984,216,349,
9,45465091,129,27,
9,45465276,41,9,
9,45465392,80,32,
9,45466086,420,238,
9,45466150,18,20,
9,45466224,18,11,
9,45466449,42,12,
9,45466588,219,73,
9,45466655,52,13,
9,45466865,73,16,
9,45466980,145,54,
9,45467032,132,106,
9,45467166,162,50,
9,45467500,494,552,
9,45467503,30,3,
9,45467543,187,134,
9,45467716,6,0,
9,45468043,20,2,
9,45468320,23,13,
9,45468418,69,42,
9,45468455,12,0,
9,45468579,45,23,
9,45468593,13,6,
9,45468599,35,3,
9,45468698,430,205,
9,45468781,151,107,
9,45469123,14,2,
9,45469285,111,25,
9,45469394,26,0,
9,45469436,180,36,
9,45469437,133,174,
9,45469468,145,137,
9,45469541,43,21,22
9,45469548,7,2,
9,45469579,204,81,
9,45469658,33,24,20
9,45470206,134,110,
9,45470473,7,0,
9,45470513,68,77,
9,45470559,49,1,
9,45470578,30,2,
9,45471136,254,98,
9,45471475,7,0,
9,45471573,96,115,
9,45472319,291,22,
9,45472347,9,1,
9,45472487,5,1,
9,45472614,166,123,
9,45472678,194,64,
9,45472765,158,36,
9,45472924,7,0,
9,45473019,131,118,
9,45473033,227,206,
9,45473126,52,58,
9,45473446,37,8,
9,45473516,42,0,26
9,45473581,59,80,
9,45473698,343,252,
9,45473730,261,177,
9,45473763,4,1,
9,45473772,31,5,
9,45473852,339,194,
9,45473861,285,211,
9,45473915,4,0,
9,45474050,60,10,
9,45474192,12,1,
9,45474250,29,11,
9,45474346,52,84,
9,45474397,5,0,
9,45474638,8,1,
9,45474882,8,1,
9,45474900,101,35,
9,45474988,4,0,
9,45475220,38,7,
9,45475240,10,0,
9,45475329,34,0,
9,45475416,3,0,
9,45475471,28,0,
9,45475528,95,39,
9,45475529,317,166,
9,45475556,5,0,
9,45475623,11,0,
9,45475808,220,72,
9,45476045,183,164,
9,45476071,51,10,
9,45476273,384,151,
9,45476346,4,1,
9,45476371,14,3,
9,45476733,19,1,
9,45476820,197,156,
9,45476821,111,5,
9,45476979,18,0,
9,45477045,13,9,
9,45477118,68,6,
9,45477162,15,5,
9,45477192,111,93,
9,45477194,5,1,
9,45477206,231,94,
9,45477394,27,3,
9,45477516,51,12,
9,45477524,12,2,
9,45477661,131,76,
9,45477691,11,0,
9,45477742,74,18,
9,45477923,5,0,
9,45477971,78,40,
9,45477983,4,0,
9,45478033,117,33,
9,45478300,82,74,
9,45478553,113,57,
9,45478749,484,429,
9,45478780,281,39,
9,45479006,209,83,
9,45479165,402,226,
9,45479288,9,8,
9,45479820,163,140,
9,45480106,374,256,
9,45480317,219,98,29
9,45480354,39,23,
9,45480414,29,1,
9,45480422,62,30,
9,45480506,279,144,
9,45480510,13,5,
9,45480584,5,0,
9,45480622,338,295,
9,45480654,7,1,
9,45480865,5,0,
9,45481008,114,25,
9,45481228,5,6,
9,45481237,5,0,
9,45481298,124,74,
9,45481609,261,168,
9,45481656,5,2,
9,45481700,10,0,
9,45481776,13,5,
9,45481852,6,0,
9,45481866,7,1,
9,45481885,8,0,
9,45481892,240,79,17
9,45482106,254,167,
9,45482198,14,1,
9,45482216,4,0,
9,45482220,7,2,
9,45482278,7,1,
9,45482309,51,57,
9,45482333,98,33,
9,45482467,136,107,20
9,45482484,157,156,
9,45482516,196,204,
9,45482577,34,4,
9,45482710,8,0,
9,45482719,164,102,
9,45482726,39,9,
9,45483166,21,5,
9,45483205,38,9,
9,45483211,7,0,
9,45483275,90,44,
9,45483386,1519,682,2
9,45483423,8,5,
9,45483435,4,1,
9,45483531,148,48,
9,45483563,9,5,
9,45483651,46,36,
9,45483820,6,0,
9,45483834,21,0,
9,45483924,257,60,12
9,45484028,29,9,
9,45484123,19,4,
9,45484284,82,29,22
9,45484294,15,20,
9,45484355,13,12,
9,45484565,12,2,
9,45484737,14,1,
9,45485023,20,1,
9,45485089,72,53,
9,45485175,140,87,
9,45485232,13,0,
9,45485440,37,17,
9,45485546,66,92,
9,45485611,33,16,
9,45485736,106,30,15
9,45485782,23,4,
9,45485806,243,358,24
9,45485942,10,1,
9,45486031,79,68,
9,45486061,9,0,
9,45486062,28,2,
9,45486082,12,0,
9,45486210,8,1,
9,45486306,66,12,15
9,45486376,14,6,
9,45486449,10,4,
9,45486634,17,2,
9,45486670,20,1,
9,45486731,9,4,
9,45486825,63,11,
9,45486829,80,81,25
9,45486918,11,1,
9,45487044,322,162,5
9,45487099,11,4,
9,45487146,7,0,
9,45487247,14,2,
9,45487412,20,0,
9,45487452,71,34,6
9,45487476,246,28,7
9,45487519,27,29,18
9,45487523,4,0,
9,45487604,6,1,
9,45487629,27,6,28
9,45487771,94,34,13
9,45487841,16,0,
9,45488261,179,60,1
9,45488441,42,12,4
9,45488605,28,4,23
9,45488713,33,8,3
9,45488729,79,87,21
9,45488746,18,17,
10,45405144,133,59,
10,45405815,129,36,
10,45406090,126,80,
10,45406573,123,38,
10,45406645,87,18,
10,45406804,48,18,
10,45406879,68,19,
10,45407953,500,110,
10,45408021,857,92,
10,45408229,352,69,
10,45408473,65,20,
10,45409526,88,29,
10,45409552,141,41,
10,45409794,1473,563,
10,45410068,439,86,
10,45410940,342,228,
10,45411254,37,36,
10,45411291,94,55,
10,45411435,96,25,
10,45411514,97,42,
10,45411799,64,29,
10,45411831,220,45,
10,45411866,34,0,
10,45411939,57,58,
10,45412263,106,35,
10,45412419,670,732,
10,45412472,28,10,
10,45412870,250,108,
10,45412938,102,60,
10,45413059,78,67,
10,45413083,293,436,
10,45413208,13,2,
10,45413294,192,61,
10,45413525,170,79,
10,45413588,107,22,
10,45413717,46,19,
10,45414479,117,32,
10,45414718,224,138,
10,45414933,124,85,
10,45415178,83,5,
10,45415196,39,32,
10,45415207,385,54,
10,45415332,137,59,
10,45415510,120,27,
10,45415519,110,197,
10,45415539,138,85,
10,45415591,121,80,
10,45415814,89,26,
10,45415962,1581,786,
10,45416080,247,361,
10,45416228,839,412,
10,45416552,45,0,
10,45416670,45,36,
10,45416706,181,58,
10,45417070,34,1,
10,45417637,132,112,
10,45417826,204,70,
10,45418251,146,31,
10,45418261,257,192,
10,45418675,307,997,
10,45418875,61,4,
10,45419780,117,72,
10,45420001,219,74,
10,45420173,227,79,
10,45420685,117,36,
10,45420722,347,76,
10,45421067,89,19,
10,45421302,116,61,
10,45421564,261,423,
10,45421812,160,108,
10,45422147,694,114,
10,45422315,91,21,
10,45422353,75,38,
10,45422514,150,70,
10,45422653,105,20,
10,45422717,65,96,
10,45423014,146,250,
10,45423363,122,139,
10,45423404,545,168,
10,45423917,530,334,
10,45423954,49,21,
10,45424223,62,9,
10,45424431,11,1,
10,45424648,139,206,
10,45424704,204,202,
10,45424827,262,344,
10,45424888,589,701,
10,45425061,251,308,
10,45425298,158,60,
10,45425568,307,47,
10,45425714,73,9,
10,45425746,211,117,
10,45426099,63,15,
10,45426490,936,439,
10,45426649,6,0,
10,45426680,284,117,
10,45427059,136,28,
10,45427061,31,4,
10,45427111,124,74,
10,45427197,313,550,
10,45427482,164,30,
10,45427697,175,83,
10,45427774,41,0,
10,45427972,265,257,
10,45427982,901,875,
10,45428020,46,14,
10,45428482,303,481,
10,45428832,97,111,
10,45429590,18,11,
10,45430048,122,34,
10,45430294,203,51,
10,45430498,643,378,
10,45430542,108,58,
10,45430604,286,60,
10,45431001,273,77,
10,45431115,167,30,
10,45431167,156,58,
10,45431271,143,33,
10,45431489,47,3,
10,45431526,31,6,
10,45432130,6,0,
10,45432627,76,81,
10,45432656,28,6,
10,45432977,72,57,
10,45433743,40,58,
10,45433768,386,102,
10,45433926,90,23,
10,45433936,69,105,
10,45434417,130,25,
10,45434467,29,5,
10,45434511,48,13,
10,45434678,75,9,
10,45434755,23,0,
10,45434758,13,0,
10,45434941,141,35,
10,45435016,62,88,
10,45435100,196,88,
10,45435272,83,3,
10,45435375,311,55,
10,45435422,217,83,
10,45435463,364,350,
10,45435606,278,212,
10,45435608,97,28,
10,45435677,29,5,
10,45435681,14,0,
10,45435720,52,67,
10,45435819,24,3,
10,45435825,290,193,
10,45436010,80,51,
10,45436027,55,19,
10,45436083,28,1,
10,45436148,46,16,
10,45436289,166,138,
10,45436534,299,222,
10,45437027,86,18,
10,45437044,148,102,
10,45437112,165,114,
10,45437135,32,8,
10,45437323,85,7,
10,45437594,129,36,
10,45437735,158,162,
10,45437759,382,125,
10,45437893,410,214,
10,45437903,118,59,
10,45438288,28,11,
10,45438346,771,850,
10,45438496,410,273,
10,45438501,100,347,
10,45438503,238,392,
10,45438704,78,29,
10,45438713,69,0,
10,45439670,650,366,
10,45439684,125,62,
10,45439721,107,18,
10,45439997,286,178,
10,45440028,112,139,
10,45440071,128,31,
10,45440180,104,36,
10,45440431,277,79,
10,45440571,582,307,
10,45441069,1293,189,
10,45441219,150,89,
10,45441222,168,83,
10,45441364,98,6,
10,45441539,9,0,
10,45442221,95,75,
10,45442743,144,186,
10,45442752,44,30,
10,45443200,34,30,
10,45443298,209,88,
10,45443368,134,193,
10,45443441,64,36,
10,45443462,160,37,
10,45443662,35,48,
10,45444004,48,5,
10,45444062,46,5,
10,45444694,284,137,
10,45444926,32,8,
10,45445114,166,14,
10,45445551,18,0,
10,45446654,22,3,
10,45446834,542,158,
10,45447057,163,48,
10,45447226,170,20,6
10,45447536,531,345,
10,45447699,1188,1337,
10,45447920,42,2,
10,45448326,326,238,
10,45448416,155,52,15
10,45448747,163,47,9
10,45448772,246,60,
10,45448825,213,72,
10,45448839,208,73,
10,45449348,527,169,
10,45449670,25,4,
10,45450044,174,103,
10,45450392,100,20,27
10,45450449,252,268,
10,45450525,252,145,
10,45450694,79,182,
10,45451103,135,142,
10,45451527,633,281,
10,45451547,53,28,
10,45451577,351,145,
10,45451961,86,49,
10,45451971,65,104,
10,45452033,56,45,
10,45452261,200,151,
10,45452480,77,60,
10,45453135,165,110,
10,45453222,269,87,
10,45453299,36,23,
10,45453448,215,125,
10,45453586,552,691,
10,45453936,422,184,
10,45454374,135,45,
10,45454460,270,287,
10,45454861,21,3,
10,45454940,91,56,
10,45455164,412,251,
10,45455356,9,0,
10,45455608,22,2,21
10,45455648,39,3,
10,45455719,106,100,
10,45455882,314,296,
10,45456003,28,18,
10,45456188,204,114,
10,45456965,39,10,11
10,45457143,15,7,
10,45457333,652,512,
10,45457411,54,8,
10,45457460,74,40,
10,45457670,364,535,
10,45458122,260,147,
10,45458249,118,18,
10,45458455,202,96,
10,45458550,100,59,
10,45458948,336,165,
10,45458987,81,25,
10,45459233,353,142,
10,45459466,9,0,13
10,45460307,7,5,14
10,45461122,14,0,
10,45461500,469,222,
10,45462143,48,10,
10,45462297,182,99,
10,45462713,94,30,
10,45462863,131,244,
10,45463130,8,2,
10,45463251,133,51,
10,45463319,267,20,
10,45463403,16,0,
10,45463626,133,28,
10,45463642,188,129,
10,45463656,272,215,
10,45464111,77,73,
10,45464145,24,2,
10,45464269,218,93,
10,45464360,24,55,
10,45464407,9,0,
10,45464429,286,618,
10,45464611,17,0,
10,45464632,235,81,
10,45464748,68,66,
10,45464921,589,132,
10,45464984,217,349,
10,45465091,129,27,
10,45465276,41,9,
10,45465392,80,32,
10,45466086,420,238,
10,45466150,18,20,
10,45466449,42,12,
10,45466588,219,73,
10,45466655,52,13,
10,45466865,74,16,
10,45466980,145,54,
10,45467032,132,106,
10,45467166,162,50,
10,45467500,494,553,
10,45467503,30,3,
10,45467543,187,134,
10,45467716,6,0,
10,45468043,20,2,
10,45468320,23,13,
10,45468418,69,42,
10,45468455,12,0,
10,45468579,45,23,
10,45468593,13,6,
10,45468599,35,3,
10,45468698,430,205,
10,45468781,151,107,
10,45469123,14,2,
10,45469285,111,25,
10,45469394,26,0,
10,45469436,180,36,
10,45469437,133,174,
10,45469468,145,137,
10,45469541,47,30,23
10,45469548,7,2,
10,45469579,204,81,
10,45469658,39,31,20
10,45470206,134,110,
10,45470473,7,0,
10,45470513,68,77,
10,45470559,49,1,
10,45470578,30,2,
10,45471136,254,98,
10,45471475,7,0,
10,45471573,96,115,
10,45472319,291,22,
10,45472347,9,1,
10,45472487,5,1,
10,45472614,166,123,
10,45472678,195,64,
10,45472765,159,36,
10,45472924,7,0,
10,45473019,131,118,
10,45473033,227,206,
10,45473126,52,58,
10,45473446,37,8,
10,45473516,43,0,27
10,45473581,59,80,
10,45473698,343,252,
10,45473730,262,177,
10,45473763,4,1,
10,45473772,31,5,
10,45473852,339,194,
10,45473861,285,211,
10,45473915,4,0,
10,45474050,60,10,
10,45474192,12,1,
10,45474250,29,11,
10,45474346,53,84,
10,45474397,5,0,
10,45474638,8,1,
10,45474882,8,1,
10,45474900,102,35,
10,45474988,4,0,
10,45475220,38,7,
10,45475240,10,0,
10,45475329,34,0,
10,45475416,3,0,
10,45475471,28,0,
10,45475528,95,39,
10,45475529,318,166,
10,45475556,5,0,
10,45475623,11,0,
10,45475808,221,72,
10,45476045,184,164,
10,45476071,51,10,
10,45476273,384,151,
10,45476346,4,1,
10,45476371,14,3,
10,45476733,19,1,
10,45476820,197,157,
10,45476821,112,5,
10,45476979,18,0,
10,45477118,68,6,
10,45477162,16,6,
10,45477192,111,95,
10,45477194,5,1,
10,45477206,231,94,
10,45477394,27,3,
10,45477516,51,12,
10,45477524,12,2,
10,45477661,133,79,
10,45477691,11,0,
10,45477742,74,19,
10,45477923,6,0,
10,45477971,78,40,
10,45477983,4,0,
10,45478033,117,33,
10,45478300,82,74,
10,45478553,114,57,
10,45478749,489,432,
10,45478780,284,40,
10,45479006,211,83,
10,45479165,404,228,
10,45479288,9,8,
10,45479820,163,147,
10,45480106,377,258,
10,45480317,222,101,30
10,45480354,39,23,
10,45480414,29,1,
10,45480422,62,30,
10,45480506,281,144,
10,45480510,13,5,
10,45480584,5,0,
10,45480622,340,296,
10,45480654,7,1,
10,45480865,5,0,
10,45481008,116,27,
10,45481228,5,6,
10,45481237,5,0,
10,45481298,128,75,
10,45481609,261,170,
10,45481656,5,2,
10,45481700,10,0,
10,45481776,13,5,
10,45481852,6,0,
10,45481866,7,1,
10,45481885,8,0,
10,45481892,248,82,17
10,45482106,257,170,
10,45482198,14,1,
10,45482216,4,0,
10,45482220,7,2,
10,45482278,7,1,
10,45482309,51,57,
10,45482333,100,33,
10,45482467,140,109,19
10,45482484,158,157,
10,45482516,201,208,
10,45482577,34,4,
10,45482710,8,0,
10,45482719,169,107,
10,45482726,43,9,
10,45483166,21,5,
10,45483205,38,9,
10,45483211,7,0,
10,45483275,90,46,
10,45483386,1567,704,2
10,45483423,8,5,
10,45483435,4,1,
10,45483531,149,48,
10,45483563,9,5,
10,45483651,46,36,
10,45483820,6,0,
10,45483834,24,0,
10,45483924,266,64,12
10,45484028,29,9,
10,45484123,20,4,
10,45484284,89,31,22
10,45484294,16,20,
10,45484355,13,12,
10,45484565,12,2,
10,45484737,14,1,
10,45485023,20,1,
10,45485089,73,53,
10,45485175,142,89,
10,45485232,13,0,
10,45485440,37,18,
10,45485546,66,94,
10,45485611,33,17,
10,45485736,108,32,16
10,45485782,23,4,
10,45485806,254,384,23
10,45485942,10,1,
10,45486031,82,68,
10,45486061,9,0,
10,45486062,32,2,
10,45486082,12,0,
10,45486210,8,1,
10,45486306,66,13,17
10,45486376,14,6,
10,45486449,10,4,
10,45486634,18,2,
10,45486670,20,1,
10,45486731,9,4,
10,45486825,67,11,
10,45486829,85,88,25
10,45486918,11,1,
10,45487044,367,180,4
10,45487099,11,4,
10,45487146,7,0,
10,45487247,15,2,
10,45487412,23,0,
10,45487452,84,39,7
10,45487476,276,36,7
10,45487519,35,50,14
10,45487523,4,0,
10,45487604,7,1,
10,45487629,32,7,26
10,45487771,95,36,29
10,45487841,18,0,
10,45488261,219,72,1
10,45488441,56,14,5
10,45488605,30,5,
10,45488713,49,16,3
10,45488729,88,93,
10,45488746,20,21,
10,45489533,33,5,2
10,45489581,4,1,8
10,45489657,4,0,
11,45405144,133,59,
11,45405815,129,36,
11,45406090,126,80,
11,45406573,123,38,
11,45406645,87,18,
11,45406804,48,18,
11,45406879,68,19,
11,45407953,501,110,
11,45408021,857,92,
11,45408229,352,69,
11,45408473,65,20,
11,45409526,88,29,
11,45409552,141,41,
11,45409794,1473,563,
11,45410068,439,86,
11,45410940,342,228,
11,45411254,37,36,
11,45411291,94,55,
11,45411435,96,25,
11,45411514,97,42,
11,45411799,64,29,
11,45411831,220,45,
11,45411866,34,0,
11,45411939,57,58,
11,45412263,106,35,
11,45412419,670,732,
11,45412472,28,10,
11,45412870,250,108,
11,45412938,102,60,
11,45413059,78,68,
11,45413083,293,436,
11,45413208,13,2,
11,45413294,192,61,
11,45413525,170,79,
11,45413588,107,22,
11,45413717,46,19,
11,45414479,117,32,
11,45414718,224,138,
11,45414933,124,85,
11,45415178,83,5,
11,45415196,39,32,
11,45415207,385,54,
11,45415332,137,59,
11,45415510,120,27,
11,45415519,110,197,
11,45415539,138,85,
11,45415591,121,80,
11,45415814,89,26,
11,45415962,1581,786,
11,45416080,247,361,
11,45416228,839,412,
11,45416552,45,0,
11,45416670,45,36,
11,45416706,181,58,
11,45417070,34,1,
11,45417637,132,112,
11,45417826,204,70,
11,45418251,146,31,
11,45418261,258,192,
11,45418675,307,997,
11,45418875,61,4,
11,45419780,117,72,
11,45420001,219,74,
11,45420173,227,79,
11,45420685,117,36,
11,45420722,347,76,
11,45421067,89,19,
11,45421302,116,61,
11,45421564,261,423,
11,45421812,160,108,
11,45422147,694,114,
11,45422315,91,22,
11,45422353,75,38,
11,45422514,151,70,
11,45422653,105,20,
11,45422717,65,96,
11,45423014,146,250,
11,45423363,122,139,
11,45423404,545,168,
11,45423917,530,334,
11,45423954,49,21,
11,45424223,62,9,
11,45424431,11,1,
11,45424648,139,206,
11,45424704,204,202,
11,45424827,262,344,
11,45424888,589,702,
11,45425061,251,308,
11,45425298,159,60,
11,45425568,307,47,
11,45425714,73,9,
11,45425746,211,117,
11,45426099,63,15,
11,45426490,936,439,
11,45426649,6,0,
11,45426680,284,117,
11,45427059,136,28,
11,45427061,31,4,
11,45427111,124,74,
11,45427197,313,550,
11,45427482,164,30,
11,45427697,175,83,
11,45427774,41,0,
11,45427972,265,258,
11,45427982,901,875,
11,45428020,46,14,
11,45428482,303,481,
11,45428832,97,111,
11,45429590,18,11,
11,45430048,122,34,
11,45430294,203,51,
11,45430498,643,378,
11,45430542,108,58,
11,45430604,286,60,
11,45431001,273,77,
11,45431115,167,30,
11,45431167,156,58,
11,45431271,143,33,
11,45431489,47,3,
11,45431526,31,6,
11,45432130,6,0,
11,45432627,76,81,
11,45432656,28,6,
11,45432977,72,57,
11,45433743,40,58,
11,45433768,386,102,
11,45433926,90,23,
11,45433936,70,106,
11,45434417,130,25,
11,45434467,29,5,
11,45434511,48,13,
11,45434678,75,9,
11,45434755,23,0,
11,45434758,13,0,
11,45434941,142,35,
11,45435016,62,88,
11,45435100,196,88,
11,45435272,83,3,
11,45435375,311,55,
11,45435422,217,83,
11,45435463,364,350,
11,45435606,279,213,
11,45435608,97,28,
11,45435677,29,5,
11,45435681,14,0,
11,45435720,52,67,
11,45435819,24,3,
11,45435825,290,193,
11,45436010,80,52,
11,45436027,55,19,
11,45436083,28,1,
11,45436148,46,16,
11,45436289,166,138,
11,45436534,299,222,
11,45437027,86,18,
11,45437044,148,102,
11,45437112,165,114,
11,45437135,32,8,
11,45437323,85,7,
11,45437594,129,36,
11,45437735,158,162,
11,45437759,382,125,
11,45437893,410,214,
11,45437903,118,59,
11,45438288,28,11,
11,45438346,771,852,
11,45438496,410,273,
11,45438501,100,347,
11,45438503,238,392,
11,45438704,78,29,
11,45438713,69,0,
11,45439670,650,366,
11,45439684,125,62,
11,45439721,107,18,
11,45439997,287,178,
11,45440028,112,139,
11,45440071,128,31,
11,45440180,104,36,
11,45440431,277,79,
11,45440571,582,307,
11,45441069,1293,189,
11,45441219,150,89,
11,45441222,168,83,
11,45441364,98,6,
11,45441539,9,0,
11,45442221,95,75,
11,45442743,144,186,
11,45442752,45,30,
11,45443200,34,30,
11,45443298,209,88,
11,45443368,135,193,
11,45443441,64,36,
11,45443462,160,37,
11,45443662,35,48,
11,45444004,48,5,
11,45444062,46,5,
11,45444694,284,137,
11,45444926,32,8,
11,45445114,166,14,
11,45445551,18,0,
11,45446654,22,3,
11,45446834,542,158,
11,45447057,163,48,
11,45447226,182,21,8
11,45447536,533,345,
11,45447699,1190,1337,
11,45447920,42,2,
11,45448326,326,238,
11,45448416,157,56,20
11,45448747,182,49,9
11,45448772,246,60,
11,45448825,213,72,
11,45448839,208,73,
11,45449348,527,169,
11,45449670,25,4,
11,45450044,174,103,
11,45450392,106,24,27
11,45450449,252,268,
11,45450525,252,145,
11,45450694,79,182,
11,45451103,135,142,
11,45451527,633,281,
11,45451547,53,28,
11,45451577,351,145,
11,45451961,86,49,
11,45451971,65,104,
11,45452033,56,45,
11,45452261,200,151,
11,45452480,78,67,
11,45453135,165,110,
11,45453222,269,87,
11,45453299,36,23,
11,45453448,215,125,
11,45453586,552,692,
11,45453818,5,1,18
11,45453936,422,184,
11,45454374,135,45,
11,45454460,270,287,
11,45454861,21,3,
11,45454940,92,56,
11,45455164,412,251,
11,45455356,9,0,
11,45455608,23,2,26
11,45455648,39,3,
11,45455719,106,100,
11,45455882,314,296,
11,45456003,28,18,
11,45456188,204,114,
11,45456965,53,20,7
11,45457143,15,7,
11,45457411,54,8,
11,45457460,74,40,
11,45457670,364,535,
11,45458122,260,147,
11,45458249,118,18,
11,45458455,205,96,
11,45458550,100,59,
11,45458948,336,165,
11,45458987,81,25,
11,45459233,354,143,
11,45459466,18,0,10
11,45460307,13,11,14
11,45461122,14,0,
11,45461500,469,222,
11,45462143,48,10,
11,45462297,182,99,
11,45462713,94,30,
11,45462863,131,244,
11,45463130,8,2,
11,45463251,133,51,
11,45463319,267,20,
11,45463403,16,0,
11,45463626,134,28,
11,45463642,189,129,
11,45463656,272,215,
11,45464111,77,73,
11,45464145,24,2,
11,45464269,218,93,
11,45464360,24,55,
11,45464407,9,0,
11,45464429,286,618,
11,45464611,17,0,
11,45464632,235,81,
11,45464748,68,66,
11,45464921,589,132,
11,45464984,219,350,
11,45465091,129,27,
11,45465276,41,9,
11,45465392,80,32,
11,45466086,420,238,
11,45466150,18,20,
11,45466449,42,12,
11,45466588,219,73,
11,45466655,52,13,
11,45466865,74,16,
11,45466980,145,54,
11,45467032,132,107,
11,45467166,163,50,
11,45467500,494,554,
11,45467503,30,3,
11,45467543,187,134,
11,45467716,6,0,
11,45468043,20,2,
11,45468320,23,13,
11,45468418,69,42,
11,45468455,12,0,
11,45468579,45,23,
11,45468593,13,6,
11,45468599,35,3,
11,45468698,430,205,
11,45468781,151,107,
11,45469123,14,2,
11,45469285,111,25,
11,45469394,26,0,
11,45469436,180,37,
11,45469437,133,174,
11,45469468,145,137,
11,45469541,58,37,24
11,45469548,7,2,
11,45469579,204,81,
11,45469658,48,31,21
11,45470206,134,110,
11,45470473,7,0,
11,45470513,68,77,
11,45470559,49,1,
11,45470578,30,2,
11,45471136,255,98,
11,45471475,7,0,
11,45471573,96,115,
11,45472319,292,22,
11,45472347,9,1,
11,45472487,5,1,
11,45472614,166,123,
11,45472678,195,64,
11,45472765,159,36,
11,45472924,7,0,
11,45473019,131,118,
11,45473033,228,206,
11,45473126,52,58,
11,45473446,37,8,
11,45473516,43,0,28
11,45473581,59,80,
11,45473698,344,252,
11,45473730,262,177,
11,45473763,4,1,
11,45473772,31,5,
11,45473852,339,194,
11,45473861,285,211,
11,45473915,4,0,
11,45474050,60,10,
11,45474192,12,1,
11,45474250,29,11,
11,45474346,53,85,
11,45474397,5,0,
11,45474638,8,1,
11,45474882,8,1,
11,45474900,102,35,
11,45474988,4,0,
11,45475220,39,7,
11,45475240,10,0,
11,45475329,34,0,
11,45475416,3,0,
11,45475471,28,0,
11,45475528,95,39,
11,45475529,318,166,
11,45475556,5,0,
11,45475623,11,0,
11,45475808,221,72,
11,45476045,184,164,
11,45476071,51,10,
11,45476273,384,151,
11,45476346,4,1,
11,45476371,14,3,
11,45476733,19,1,
11,45476820,198,157,
11,45476821,112,5,
11,45476979,18,0,
11,45477118,68,6,
11,45477162,16,6,
11,45477192,113,95,
11,45477194,5,1,
11,45477206,232,94,
11,45477394,27,3,
11,45477516,51,12,
11,45477524,12,2,
11,45477661,137,79,
11,45477691,11,0,
11,45477742,75,19,
11,45477923,6,0,
11,45477971,78,40,
11,45477983,5,2,
11,45478033,117,33,
11,45478300,83,74,
11,45478553,114,58,
11,45478749,495,434,
11,45478780,284,40,
11,45479006,212,83,
11,45479165,406,230,
11,45479820,163,148,
11,45480106,378,258,
11,45480317,229,101,30
11,45480354,40,24,
11,45480414,29,1,
11,45480422,62,30,
11,45480506,283,146,
11,45480510,13,5,
11,45480584,5,0,
11,45480622,341,296,
11,45480654,7,1,
11,45480865,5,0,
11,45481008,117,28,
11,45481228,5,6,
11,45481237,5,0,
11,45481298,129,75,
11,45481609,261,171,
11,45481656,5,2,
11,45481700,10,0,
11,45481776,13,5,
11,45481852,6,0,
11,45481866,7,1,
11,45481885,8,0,
11,45481892,254,84,17
11,45482106,258,176,
11,45482198,14,1,
11,45482216,4,0,
11,45482220,7,2,
11,45482278,7,1,
11,45482309,51,57,
11,45482333,102,33,
11,45482467,144,112,23
11,45482484,158,158,
11,45482516,204,214,
11,45482577,34,4,
11,45482710,8,0,
11,45482719,169,107,
11,45482726,45,9,
11,45483166,21,5,
11,45483205,38,9,
11,45483211,7,0,
11,45483275,91,47,
11,45483386,1607,725,3
11,45483423,8,5,
11,45483435,4,1,
11,45483531,150,48,
11,45483563,9,5,
11,45483651,46,36,
11,45483820,6,0,
11,45483834,24,0,
11,45483924,275,66,16
11,45484028,30,9,
11,45484123,20,4,
11,45484284,93,33,22
11,45484294,16,20,
11,45484355,13,12,
11,45484565,12,2,
11,45484737,14,1,
11,45485023,20,1,
11,45485089,74,54,
11,45485175,144,95,
11,45485232,13,0,
11,45485440,38,18,
11,45485546,66,95,
11,45485611,33,19,
11,45485736,109,34,18
11,45485782,23,5,
11,45485806,273,415,25
11,45485942,11,1,
11,45486031,87,75,
11,45486062,32,2,
11,45486082,12,0,
11,45486210,8,1,
11,45486306,71,13,19
11,45486376,14,6,
11,45486449,10,4,
11,45486634,18,2,
11,45486670,20,1,
11,45486731,9,4,
11,45486825,67,11,
11,45486829,87,98,29
11,45486918,11,1,
11,45487044,398,209,6
11,45487099,11,4,
11,45487146,7,0,
11,45487247,18,2,
11,45487412,24,0,
11,45487452,94,46,11
11,45487476,309,42,12
11,45487519,37,57,
11,45487523,4,0,
11,45487604,7,2,
11,45487629,35,8,
11,45487841,21,0,
11,45488261,244,84,2
11,45488441,68,23,5
11,45488605,33,6,
11,45488713,54,24,4
11,45488729,99,102,
11,45488746,21,29,
11,45489533,72,14,1
11,45489581,13,1,5
11,45489904,17,10,17
11,45489951,22,27,15
12,45405144,133,59,
12,45405815,129,36,
12,45406090,126,80,
12,45406573,123,38,
12,45406645,87,18,
12,45406804,48,18,
12,45406879,68,19,
12,45407953,501,110,
12,45408021,857,92,
12,45408229,352,69,
12,45408473,65,20,
12,45409526,88,29,
12,45409552,141,41,
12,45409794,1473,563,
12,45410068,439,86,
12,45410940,342,228,
12,45411254,37,36,
12,45411291,94,55,
12,45411435,96,25,
12,45411514,97,42,
12,45411799,64,29,
12,45411831,220,45,
12,45411866,34,0,
12,45411939,57,58,
12,45412263,106,35,
12,45412419,670,732,
12,45412472,28,10,
12,45412870,250,108,
12,45412938,102,60,
12,45413059,78,68,
12,45413083,293,436,
12,45413208,13,2,
12,45413294,192,61,
12,45413525,170,79,
12,45413588,107,22,
12,45413717,46,19,
12,45414215,198,169,
12,45414479,117,32,
12,45414718,224,138,
12,45414933,124,85,
12,45415178,83,5,
12,45415196,39,32,
12,45415207,385,54,
12,45415332,137,59,
12,45415510,120,27,
12,45415519,110,197,
12,45415539,138,85,
12,45415591,121,80,
12,45415814,89,26,
12,45415962,1581,786,
12,45416080,247,361,
12,45416228,839,412,
12,45416552,45,0,
12,45416670,45,36,
12,45416706,181,58,
12,45417070,34,1,
12,45417637,132,112,
12,45417826,204,70,
12,45418251,146,31,
12,45418261,258,192,
12,45418675,308,997,
12,45418875,61,4,
12,45419780,117,72,
12,45420001,219,74,
12,45420173,227,79,
12,45420685,117,36,
12,45420722,347,76,
12,45421067,89,19,
12,45421302,116,61,
12,45421564,261,423,
12,45421812,160,108,
12,45422147,694,114,
12,45422315,91,22,
12,45422353,75,38,
12,45422514,151,70,
12,45422653,105,20,
12,45422717,65,96,
12,45423014,146,250,
12,45423363,122,139,
12,45423404,545,168,
12,45423917,530,334,
12,45423954,49,21,
12,45424223,62,9,
12,45424431,11,1,
12,45424648,139,206,
12,45424704,204,202,
12,45424827,262,344,
12,45424888,589,702,
12,45425061,251,308,
12,45425298,159,60,
12,45425568,307,47,
12,45425714,73,9,
12,45425746,211,117,
12,45426099,63,15,
12,45426490,936,439,
12,45426649,6,0,
12,45426680,284,117,
12,45427059,136,28,
12,45427061,31,4,
12,45427111,124,74,
12,45427197,313,550,
12,45427482,164,30,
12,45427697,175,83,
12,45427774,41,0,
12,45427972,265,259,
12,45427982,901,875,
12,45428020,46,14,
12,45428482,303,481,
12,45428832,97,111,
12,45429590,18,11,
12,45430048,122,34,
12,45430294,203,51,
12,45430498,643,378,
12,45430542,108,58,
12,45430604,286,60,
12,45431001,273,77,
12,45431115,167,30,
12,45431167,156,58,
12,45431271,143,33,
12,45431489,47,3,
12,45431526,31,6,
12,45432130,6,0,
12,45432627,76,81,
12,45432656,28,6,
12,45432977,72,57,
12,45433743,40,58,
12,45433768,386,102,
12,45433926,90,23,
12,45433936,70,106,
12,45434417,130,25,
12,45434467,29,5,
12,45434511,48,13,
12,45434678,75,9,
12,45434755,23,0,
12,45434758,13,0,
12,45434941,142,35,
12,45435016,62,88,
12,45435100,196,88,
12,45435272,83,3,
12,45435375,311,55,
12,45435422,217,83,
12,45435463,364,350,
12,45435606,281,215,
12,45435608,97,28,
12,45435677,29,5,
12,45435681,14,0,
12,45435720,52,67,
12,45435819,24,3,
12,45435825,290,193,
12,45436010,80,52,
12,45436027,55,19,
12,45436083,28,1,
12,45436148,46,16,
12,45436289,166,138,
12,45436534,299,222,
12,45437027,86,18,
12,45437044,148,102,
12,45437112,165,114,
12,45437135,32,8,
12,45437323,85,7,
12,45437594,129,36,
12,45437735,158,162,
12,45437759,382,125,
12,45437893,410,214,
12,45437903,118,59,
12,45438288,28,11,
12,45438346,771,852,
12,45438496,410,273,
12,45438501,100,350,
12,45438503,239,394,
12,45438704,78,29,
12,45438713,70,0,
12,45439670,650,366,
12,45439684,126,63,
12,45439721,107,18,
12,45439997,288,178,
12,45440028,112,139,
12,45440071,129,31,
12,45440180,104,36,
12,45440431,277,79,
12,45440571,582,307,
12,45441069,1293,189,
12,45441219,150,89,
12,45441222,168,83,
12,45441364,98,6,
12,45441539,9,0,
12,45442221,95,75,
12,45442743,144,186,
12,45442752,46,31,
12,45443200,34,30,
12,45443298,209,88,
12,45443368,135,193,
12,45443441,65,36,
12,45443462,160,37,
12,45443662,35,48,
12,45444004,48,5,
12,45444062,46,5,
12,45444694,284,137,
12,45444926,32,8,
12,45445114,166,14,
12,45445551,19,0,
12,45446654,22,3,
12,45446834,542,158,
12,45447057,163,48,
12,45447226,195,24,10
12,45447536,534,345,
12,45447699,1191,1337,
12,45447920,42,2,
12,45448326,326,238,
12,45448416,164,58,21
12,45448747,186,52,11
12,45448772,246,60,
12,45448825,213,72,
12,45448839,208,73,
12,45449348,527,169,
12,45449670,25,4,
12,45450044,174,103,
12,45450392,109,28,29
12,45450449,252,268,
12,45450525,252,145,
12,45450694,79,182,
12,45451103,135,143,
12,45451527,633,281,
12,45451547,53,28,
12,45451577,351,145,
12,45451961,86,49,
12,45451971,65,104,
12,45452033,56,45,
12,45452261,200,151,
12,45452480,78,68,
12,45453135,165,110,
12,45453222,269,87,
12,45453299,36,23,
12,45453448,215,125,
12,45453586,552,692,
12,45453818,9,8,15
12,45453936,422,186,
12,45454374,135,45,
12,45454460,270,287,
12,45454861,21,3,
12,45454940,94,56,
12,45455164,412,251,
12,45455356,10,0,
12,45455608,28,3,28
12,45455648,39,3,
12,45455650,7,0,20
12,45455719,106,100,
12,45455882,314,296,
12,45456003,28,18,
12,45456188,204,114,
12,45456965,65,27,9
12,45457143,15,7,
12,45457411,54,8,
12,45457460,74,40,
12,45457670,364,535,
12,45458122,260,147,
12,45458249,118,18,
12,45458455,209,97,
12,45458550,100,59,
12,45458948,336,165,
12,45458987,81,25,
12,45459233,354,145,
12,45459466,27,0,8
12,45461122,14,0,
12,45461500,469,222,
12,45462143,48,10,
12,45462297,182,99,
12,45462713,94,30,
12,45462863,131,246,
12,45463130,8,2,
12,45463251,133,51,
12,45463319,267,20,
12,45463403,16,0,
12,45463626,134,28,
12,45463642,189,129,
12,45463656,273,215,
12,45464111,77,73,
12,45464145,24,2,
12,45464269,218,93,
12,45464360,24,55,
12,45464407,9,0,
12,45464429,286,622,
12,45464611,17,0,
12,45464632,235,81,
12,45464748,68,66,
12,45464921,589,132,
12,45464984,219,352,
12,45465091,129,27,
12,45465276,41,9,
12,45465392,81,32,
12,45466086,421,238,
12,45466150,18,20,
12,45466449,42,12,
12,45466588,219,73,
12,45466655,52,13,
12,45466865,74,16,
12,45466980,145,54,
12,45467032,132,107,
12,45467166,163,50,
12,45467500,494,554,
12,45467503,30,3,
12,45467543,187,136,
12,45467716,6,0,
12,45468043,20,2,
12,45468320,23,13,
12,45468418,69,42,
12,45468455,12,0,
12,45468579,45,23,
12,45468593,13,6,
12,45468599,35,3,
12,45468698,430,205,
12,45468781,151,107,
12,45469123,14,2,
12,45469285,111,25,
12,45469394,26,0,
12,45469436,180,37,
12,45469437,134,174,
12,45469468,145,137,
12,45469541,65,42,25
12,45469548,7,2,
12,45469579,204,81,
12,45469658,51,36,23
12,45470206,134,110,
12,45470473,7,0,
12,45470513,68,77,
12,45470559,49,1,
12,45470578,30,2,
12,45471136,256,98,
12,45471475,7,0,
12,45471573,96,115,
12,45472319,294,22,
12,45472347,9,1,
12,45472487,5,1,
12,45472614,166,123,
12,45472677,4,2,
12,45472678,195,64,
12,45472765,159,36,
12,45472924,7,0,
12,45473019,131,118,
12,45473033,228,206,
12,45473126,52,58,
12,45473446,37,8,
12,45473516,46,0,
12,45473581,59,80,
12,45473698,344,252,
12,45473730,262,177,
12,45473763,4,1,
12,45473772,31,5,
12,45473852,339,194,
12,45473861,285,211,
12,45473915,4,0,
12,45474050,60,10,
12,45474189,3,0,
12,45474192,12,1,
12,45474250,29,11,
12,45474346,54,85,
12,45474397,5,0,
12,45474638,8,1,
12,45474882,8,1,
12,45474900,102,35,
12,45474988,4,0,
12,45475220,39,7,
12,45475240,10,0,
12,45475329,34,0,
12,45475416,3,0,
12,45475471,28,0,
12,45475528,95,39,
12,45475529,318,166,
12,45475556,5,0,
12,45475623,11,0,
12,45475808,221,72,
12,45476045,186,164,
12,45476071,51,10,
12,45476273,384,151,
12,45476346,4,1,
12,45476371,14,3,
12,45476733,19,1,
12,45476820,198,157,
12,45476821,112,5,
12,45476979,18,0,
12,45477118,68,6,
12,45477162,16,6,
12,45477192,113,95,
12,45477194,5,1,
12,45477206,232,94,
12,45477394,27,3,
12,45477516,51,12,
12,45477661,138,79,
12,45477691,11,0,
12,45477742,76,20,
12,45477923,6,0,
12,45477971,78,40,
12,45477983,5,2,
12,45478033,117,33,
12,45478300,83,74,
12,45478553,115,58,
12,45478749,503,438,
12,45478780,287,40,
12,45479006,213,83,
12,45479165,409,232,
12,45479820,163,148,
12,45480106,380,259,
12,45480317,238,104,29
12,45480354,40,24,
12,45480414,29,1,
12,45480422,62,30,
12,45480506,287,146,
12,45480510,13,5,
12,45480584,5,0,
12,45480622,341,296,
12,45480654,7,1,
12,45481008,117,28,
12,45481228,5,7,
12,45481237,5,0,
12,45481298,129,78,
12,45481609,261,174,
12,45481656,5,2,
12,45481700,10,0,
12,45481776,13,5,
12,45481852,6,0,
12,45481866,7,1,
12,45481885,8,0,
12,45481892,258,85,18
12,45482106,261,180,
12,45482198,15,1,
12,45482216,4,0,
12,45482220,7,2,
12,45482278,7,1,
12,45482309,51,57,
12,45482333,103,33,
12,45482467,149,114,25
12,45482484,159,161,
12,45482516,211,216,
12,45482577,34,4,
12,45482710,8,0,
12,45482719,169,108,
12,45482726,45,9,
12,45483166,21,5,
12,45483205,38,9,
12,45483211,7,0,
12,45483275,92,47,
12,45483386,1643,753,3
12,45483423,8,5,
12,45483435,4,1,
12,45483531,151,52,
12,45483563,9,5,
12,45483651,46,38,
12,45483820,6,0,
12,45483834,25,0,
12,45483924,281,67,16
12,45484028,30,9,
12,45484123,20,4,
12,45484284,96,34,24
12,45484294,16,20,
12,45484355,13,12,
12,45484565,12,2,
12,45484737,14,1,
12,45485023,20,1,
12,45485089,75,55,
12,45485175,145,98,
12,45485232,14,0,
12,45485440,38,18,
12,45485546,67,95,
12,45485611,34,19,
12,45485736,114,34,19
12,45485782,24,5,
12,45485806,286,436,26
12,45485942,11,1,
12,45486031,89,77,
12,45486062,33,2,
12,45486082,12,0,
12,45486210,8,1,
12,45486306,73,15,22
12,45486376,14,6,
12,45486449,10,4,
12,45486634,18,2,
12,45486670,20,1,
12,45486731,9,4,
12,45486825,70,11,
12,45486829,89,102,
12,45486918,11,1,
12,45487044,455,232,6
12,45487099,11,4,
12,45487146,7,0,
12,45487247,19,2,
12,45487412,25,1,
12,45487452,108,57,12
12,45487476,339,45,14
12,45487519,40,61,
12,45487523,7,0,
12,45487604,8,2,
12,45487629,36,9,
12,45487841,24,1,
12,45488233,4,0,
12,45488261,281,101,2
12,45488441,87,31,4
12,45488605,41,6,
12,45488713,65,29,5
12,45488729,103,104,
12,45488746,23,34,
12,45489374,6,2,
12,45489533,120,25,1
12,45489581,18,1,6
12,45489904,21,20,18
12,45489951,38,53,13
12,45489978,35,4,14
12,45490439,6,1,8
12,45490472,12,13,17
12,45490549,35,4,9
12,45490578,28,9,1
13,45405144,133,59,
13,45406090,126,80,
13,45406573,123,38,
13,45406645,87,18,
13,45406804,48,18,
13,45406879,68,19,
13,45407953,501,110,
13,45408021,857,92,
13,45408229,352,69,
13,45408473,65,20,
13,45409526,88,29,
13,45409552,141,41,
13,45409794,1473,563,
13,45410068,439,86,
13,45410940,342,228,
13,45411254,37,36,
13,45411291,94,55,
13,45411435,96,25,
13,45411514,97,43,
13,45411799,64,29,
13,45411831,220,45,
13,45411866,34,0,
13,45411939,57,58,
13,45412263,106,35,
13,45412419,670,732,
13,45412472,28,10,
13,45412870,250,108,
13,45412938,102,60,
13,45413059,78,68,
13,45413083,293,436,
13,45413208,13,2,
13,45413294,192,61,
13,45413525,170,79,
13,45413588,107,22,
13,45413717,46,19,
13,45414479,117,32,
13,45414718,224,138,
13,45414933,124,85,
13,45415178,83,5,
13,45415196,39,32,
13,45415207,385,54,
13,45415332,137,59,
13,45415510,120,27,
13,45415519,110,197,
13,45415539,138,85,
13,45415591,121,80,
13,45415814,89,26,
13,45415962,1581,786,
13,45416080,247,361,
13,45416228,839,412,
13,45416552,45,0,
13,45416670,45,36,
13,45416706,181,58,
13,45417070,34,1,
13,45417637,132,112,
13,45417826,205,70,
13,45418251,146,31,
13,45418261,258,192,
13,45418675,308,997,
13,45418875,61,4,
13,45419780,117,72,
13,45420001,219,74,
13,45420173,227,79,
13,45420685,117,36,
13,45420722,347,76,
13,45421067,89,19,
13,45421302,116,61,
13,45421564,261,423,
13,45421812,160,108,
13,45422147,695,114,
13,45422315,91,22,
13,45422353,75,38,
13,45422514,151,70,
13,45422653,105,20,
13,45422717,65,96,
13,45423014,146,250,
13,45423363,122,139,
13,45423404,545,168,
13,45423917,530,334,
13,45423954,49,21,
13,45424223,62,9,
13,45424431,11,1,
13,45424648,139,206,
13,45424704,204,202,
13,45424827,262,344,
13,45424888,589,704,
13,45425061,251,308,
13,45425298,159,60,
13,45425568,307,47,
13,45425714,73,9,
13,45425746,211,117,
13,45426099,63,15,
13,45426490,936,439,
13,45426649,6,0,
13,45426680,284,117,
13,45427059,136,28,
13,45427061,31,4,
13,45427111,124,74,
13,45427197,313,550,
13,45427482,164,30,
13,45427697,175,83,
13,45427774,41,0,
13,45427972,265,259,
13,45427982,901,875,
13,45428020,46,14,
13,45428482,303,481,
13,45428832,97,112,
13,45429590,18,11,
13,45430048,122,34,
13,45430294,203,51,
13,45430498,643,378,
13,45430542,108,58,
13,45430604,286,61,
13,45431001,273,77,
13,45431115,167,30,
13,45431167,157,58,
13,45431271,143,33,
13,45431489,47,3,
13,45431526,31,6,
13,45432130,6,0,
13,45432627,76,81,
13,45432656,28,6,
13,45432977,72,57,
13,45433743,40,58,
13,45433768,386,102,
13,45433926,90,23,
13,45433936,70,106,
13,45434417,130,25,
13,45434467,29,5,
13,45434511,48,13,
13,45434678,75,9,
13,45434755,23,0,
13,45434758,13,0,
13,45434941,142,35,
13,45435016,62,88,
13,45435100,196,88,
13,45435272,83,3,
13,45435375,311,55,
13,45435422,217,83,
13,45435463,364,350,
13,45435606,281,217,
13,45435608,97,28,
13,45435677,29,5,
13,45435681,14,0,
13,45435720,52,67,
13,45435819,24,3,
13,45435825,290,193,
13,45436010,81,53,
13,45436027,55,19,
13,45436083,28,1,
13,45436148,46,16,
13,45436289,166,138,
13,45436534,299,222,
13,45437027,86,18,
13,45437044,148,102,
13,45437112,165,114,
13,45437135,32,8,
13,45437323,85,7,
13,45437594,129,36,
13,45437735,158,162,
13,45437759,382,125,
13,45437893,410,214,
13,45437903,118,59,
13,45438288,28,11,
13,45438346,771,852,
13,45438496,410,273,
13,45438501,100,352,
13,45438503,239,396,
13,45438704,78,29,
13,45438713,70,0,
13,45439670,650,366,
13,45439684,129,63,
13,45439721,107,18,
13,45439997,288,179,
13,45440028,112,139,
13,45440071,129,31,
13,45440180,104,36,
13,45440431,277,79,
13,45440571,582,307,
13,45441069,1293,189,
13,45441219,150,89,
13,45441222,168,83,
13,45441364,98,6,
13,45441539,9,0,
13,45442221,95,75,
13,45442743,144,186,
13,45442752,46,31,
13,45443200,34,30,
13,45443298,209,88,
13,45443368,135,193,
13,45443441,65,36,
13,45443462,160,37,
13,45443662,35,48,
13,45444004,48,5,
13,45444062,47,5,
13,45444694,284,137,
13,45444926,32,8,
13,45445114,166,14,
13,45445551,19,0,
13,45446654,22,3,
13,45446834,542,158,
13,45447057,163,50,
13,45447226,212,27,12
13,45447536,534,345,
13,45447699,1191,1338,
13,45447920,43,2,
13,45448326,326,238,
13,45448416,172,59,23
13,45448747,200,57,14
13,45448772,246,60,
13,45448825,213,72,
13,45448839,208,73,
13,45449348,527,170,
13,45449670,25,4,
13,45450044,174,103,
13,45450392,115,28,
13,45450449,252,268,
13,45450525,252,145,
13,45450694,79,182,
13,45451103,135,143,
13,45451527,633,281,
13,45451547,53,28,
13,45451577,351,145,
13,45451961,86,49,
13,45451971,65,104,
13,45452033,56,45,
13,45452261,200,151,
13,45452480,78,70,
13,45453135,165,111,
13,45453222,269,87,
13,45453299,36,23,
13,45453448,215,125,
13,45453586,553,692,
13,45453818,15,20,11
13,45453936,422,186,
13,45454374,135,45,
13,45454460,270,287,
13,45454861,21,3,
13,45454940,95,56,
13,45455164,412,251,
13,45455356,10,0,
13,45455608,28,6,
13,45455648,39,3,
13,45455650,10,2,21
13,45455719,106,100,
13,45455882,314,296,
13,45456003,28,18,
13,45456188,205,115,
13,45456965,87,38,9
13,45457143,15,7,
13,45457411,54,8,
13,45457460,74,40,
13,45457670,365,536,
13,45458122,260,147,
13,45458249,118,18,
13,45458455,215,98,
13,45458550,100,59,
13,45458948,336,165,
13,45458987,81,25,
13,45459233,354,145,
13,45459466,37,0,10
13,45461122,14,0,
13,45461500,469,223,
13,45462143,48,10,
13,45462297,182,99,
13,45462713,94,30,
13,45462863,131,247,
13,45463130,8,2,
13,45463251,133,51,
13,45463319,267,21,
13,45463403,16,0,
13,45463626,134,28,
13,45463642,189,129,
13,45463656,273,215,
13,45464111,77,73,
13,45464145,24,2,
13,45464269,218,93,
13,45464360,24,55,
13,45464407,9,0,
13,45464429,286,624,
13,45464611,17,0,
13,45464632,235,81,
13,45464748,68,66,
13,45464921,589,132,
13,45464984,220,352,
13,45465091,129,27,
13,45465276,41,9,
13,45465392,81,32,
13,45465821,7,0,7
13,45466086,421,239,
13,45466150,18,20,
13,45466449,42,12,
13,45466588,219,73,
13,45466655,52,13,
13,45466865,74,16,
13,45466980,145,54,
13,45467032,132,107,
13,45467166,163,50,
13,45467500,494,554,
13,45467503,30,3,
13,45467543,187,136,
13,45468043,20,2,
13,45468320,23,13,
13,45468418,69,42,
13,45468455,12,0,
13,45468579,45,23,
13,45468593,13,6,
13,45468599,35,3,
13,45468698,430,205,
13,45468781,151,107,
13,45469123,14,2,
13,45469285,111,25,
13,45469394,26,0,
13,45469436,180,37,
13,45469437,134,175,
13,45469468,145,137,
13,45469541,75,55,28
13,45469548,7,2,
13,45469579,204,81,
13,45469658,58,39,23
13,45470206,134,110,
13,45470473,7,0,
13,45470513,68,77,
13,45470559,49,1,
13,45470578,30,2,
13,45471136,256,98,
13,45471475,7,0,
13,45471573,96,116,
13,45472319,294,22,
13,45472347,9,1,
13,45472487,5,1,
13,45472614,166,123,
13,45472677,4,2,
13,45472678,195,66,
13,45472765,159,36,
13,45472924,7,0,
13,45473019,131,118,
13,45473033,233,206,
13,45473446,37,8,
13,45473516,46,0,
13,45473581,59,80,
13,45473698,345,252,
13,45473730,262,177,
13,45473763,4,1,
13,45473772,31,5,
13,45473852,339,194,
13,45473861,285,211,
13,45473915,4,0,
13,45474050,60,10,
13,45474189,3,0,
13,45474192,12,1,
13,45474250,29,11,
13,45474346,54,85,
13,45474397,5,0,
13,45474638,8,1,
13,45474882,8,1,
13,45474900,102,35,
13,45474988,4,0,
13,45475220,39,7,
13,45475240,10,0,
13,45475329,34,0,
13,45475416,3,0,
13,45475471,28,0,
13,45475528,95,39,
13,45475529,319,166,
13,45475556,5,0,
13,45475623,11,0,
13,45475808,221,72,
13,45476045,186,166,
13,45476071,51,10,
13,45476273,384,151,
13,45476346,4,1,
13,45476371,14,3,
13,45476733,19,1,
13,45476820,198,157,
13,45476821,112,5,
13,45476979,18,0,
13,45477118,68,6,
13,45477162,16,6,
13,45477192,114,96,
13,45477194,5,1,
13,45477206,232,94,
13,45477394,27,3,
13,45477516,51,12,
13,45477661,140,81,
13,45477691,11,0,
13,45477742,76,20,
13,45477923,6,0,
13,45477971,78,40,
13,45477983,5,2,
13,45478033,117,33,
13,45478300,85,74,
13,45478553,115,58,
13,45478749,511,439,
13,45478780,292,40,
13,45479006,213,84,
13,45479165,411,235,
13,45479820,163,148,
13,45480106,383,259,
13,45480317,244,105,30
13,45480354,40,24,
13,45480414,30,1,
13,45480422,62,30,
13,45480506,288,147,
13,45480510,13,5,
13,45480584,5,0,
13,45480622,343,299,
13,45480654,7,1,
13,45481008,117,28,
13,45481228,5,7,
13,45481298,129,78,
13,45481609,261,174,
13,45481656,5,2,
13,45481700,10,0,
13,45481776,13,5,
13,45481852,6,0,
13,45481866,7,1,
13,45481885,9,0,
13,45481892,266,92,20
13,45482106,262,182,
13,45482198,15,1,
13,45482216,4,0,
13,45482220,7,2,
13,45482278,7,1,
13,45482309,51,57,
13,45482333,106,34,
13,45482467,157,120,26
13,45482484,160,161,
13,45482516,218,220,
13,45482577,34,4,
13,45482710,8,0,
13,45482719,169,108,
13,45482726,52,9,
13,45483166,21,5,
13,45483205,38,9,
13,45483211,7,0,
13,45483275,92,47,
13,45483386,1693,771,3
13,45483423,8,5,
13,45483435,4,1,
13,45483531,152,52,
13,45483563,9,5,
13,45483651,46,38,
13,45483820,7,0,
13,45483834,27,0,
13,45483924,290,68,18
13,45484028,30,9,
13,45484123,20,4,
13,45484284,101,36,27
13,45484294,17,20,
13,45484355,13,12,
13,45484565,12,2,
13,45484737,14,1,
13,45485023,21,1,
13,45485089,76,55,
13,45485175,148,99,
13,45485232,14,0,
13,45485440,38,20,
13,45485546,67,98,
13,45485611,34,20,
13,45485736,120,35,21
13,45485782,24,5,
13,45485806,301,459,29
13,45485942,11,1,
13,45486031,92,79,
13,45486062,33,2,
13,45486082,12,0,
13,45486210,8,1,
13,45486306,75,16,25
13,45486376,14,6,
13,45486449,10,4,
13,45486634,18,3,
13,45486670,21,1,
13,45486731,9,4,
13,45486825,71,11,
13,45486829,89,105,
13,45486918,11,1,
13,45487044,496,251,6
13,45487099,11,4,
13,45487247,19,2,
13,45487412,25,1,
13,45487452,120,60,18
13,45487476,381,52,15
13,45487519,41,68,
13,45487523,7,0,
13,45487604,8,3,
13,45487629,39,9,
13,45487841,24,2,
13,45488233,9,1,
13,45488261,301,114,8
13,45488441,104,36,5
13,45488605,41,8,
13,45488713,79,36,6
13,45488729,104,112,
13,45488746,26,39,
13,45489374,7,2,
13,45489533,150,28,2
13,45489581,24,1,8
13,45489951,42,68,
13,45489978,52,7,19
13,45490439,39,13,3
13,45490549,101,74,5
13,45490578,164,67,1
13,45490825,6,2,24
14,45405144,133,59,
14,45405815,129,36,
14,45406090,126,80,
14,45406573,123,38,
14,45406645,87,18,
14,45406804,48,18,
14,45406879,68,19,
14,45407953,501,110,
14,45408021,857,92,
14,45408229,352,69,
14,45408473,65,20,
14,45409526,88,29,
14,45409552,141,41,
14,45409794,1473,563,
14,45410068,439,86,
14,45410940,342,228,
14,45411254,37,36,
14,45411291,94,55,
14,45411435,96,25,
14,45411514,97,43,
14,45411799,64,29,
14,45411831,220,45,
14,45411866,34,0,
14,45411939,57,58,
14,45412263,106,35,
14,45412419,670,732,
14,45412472,28,10,
14,45412870,250,108,
14,45412938,102,60,
14,45413059,78,68,
14,45413083,293,436,
14,45413208,13,2,
14,45413294,192,61,
14,45413525,170,79,
14,45413588,107,22,
14,45413717,46,19,
14,45414479,117,32,
14,45414718,224,138,
14,45414933,124,85,
14,45415178,83,5,
14,45415196,39,32,
14,45415207,385,54,
14,45415332,137,59,
14,45415510,120,27,
14,45415519,110,197,
14,45415539,138,85,
14,45415591,121,80,
14,45415814,89,26,
14,45415962,1581,786,
14,45416080,247,361,
14,45416228,839,412,
14,45416552,45,0,
14,45416670,45,36,
14,45416706,181,58,
14,45417070,34,1,
14,45417637,132,112,
14,45417826,205,70,
14,45418251,146,31,
14,45418261,258,192,
14,45418675,308,997,
14,45418875,61,4,
14,45419780,117,72,
14,45420001,219,74,
14,45420173,227,79,
14,45420685,117,36,
14,45420722,347,76,
14,45421067,89,19,
14,45421302,116,61,
14,45421564,261,423,
14,45421812,160,108,
14,45422147,695,114,
14,45422315,91,22,
14,45422353,75,38,
14,45422514,151,70,
14,45422653,105,20,
14,45422717,65,96,
14,45423014,146,250,
14,45423363,122,139,
14,45423404,545,168,
14,45423917,530,334,
14,45423954,49,21,
14,45424223,62,9,
14,45424431,11,2,
14,45424648,139,206,
14,45424704,204,202,
14,45424827,262,344,
14,45424888,590,704,
14,45425061,251,308,
14,45425298,159,60,
14,45425568,307,47,
14,45425714,73,9,
14,45425746,211,117,
14,45426099,63,15,
14,45426490,936,439,
14,45426649,6,0,
14,45426680,284,117,
14,45427059,136,28,
14,45427061,31,4,
14,45427111,124,74,
14,45427197,313,551,
14,45427482,164,30,
14,45427697,175,83,
14,45427774,41,0,
14,45427972,265,259,
14,45427982,901,875,
14,45428020,46,14,
14,45428482,303,481,
14,45428832,97,112,
14,45429590,18,11,
14,45430048,122,34,
14,45430294,203,51,
14,45430498,643,378,
14,45430542,108,58,
14,45430604,286,61,
14,45431001,273,77,
14,45431115,168,30,
14,45431167,158,58,
14,45431271,143,33,
14,45431489,47,3,
14,45431526,31,6,
14,45432130,6,0,
14,45432627,76,81,
14,45432656,28,6,
14,45432977,72,57,
14,45433743,40,58,
14,45433768,386,102,
14,45433926,90,23,
14,45433936,70,106,
14,45434417,130,25,
14,45434467,29,5,
14,45434511,48,14,
14,45434678,75,9,
14,45434755,23,0,
14,45434758,13,0,
14,45434941,142,35,
14,45435016,62,88,
14,45435100,196,88,
14,45435272,83,3,
14,45435375,311,55,
14,45435422,217,83,
14,45435463,365,350,
14,45435606,283,217,
14,45435608,97,28,
14,45435677,29,5,
14,45435681,14,0,
14,45435720,52,67,
14,45435819,24,3,
14,45435825,290,193,
14,45436010,81,53,
14,45436027,55,19,
14,45436083,28,1,
14,45436148,46,16,
14,45436289,166,139,
14,45436534,299,222,
14,45437027,86,18,
14,45437044,149,102,
14,45437112,165,114,
14,45437135,32,8,
14,45437323,85,7,
14,45437594,129,36,
14,45437735,158,162,
14,45437759,382,125,
14,45437893,411,214,
14,45437903,118,59,
14,45438288,28,11,
14,45438346,771,852,
14,45438496,410,273,
14,45438501,100,354,
14,45438503,239,398,
14,45438704,78,29,
14,45438713,70,0,
14,45439670,651,366,
14,45439684,129,63,
14,45439721,107,18,
14,45439997,288,179,
14,45440028,112,139,
14,45440071,129,31,
14,45440180,104,36,
14,45440431,277,79,
14,45440571,582,307,
14,45441069,1294,189,
14,45441219,150,89,
14,45441222,168,83,
14,45441364,98,6,
14,45441539,9,0,
14,45442221,95,75,
14,45442743,144,186,
14,45442752,47,31,
14,45443200,34,30,
14,45443298,209,88,
14,45443368,135,193,
14,45443441,66,36,
14,45443462,160,37,
14,45443662,35,48,
14,45444004,48,5,
14,45444062,47,5,
14,45444694,284,137,
14,45444926,32,8,
14,45445114,166,14,
14,45445551,19,0,
14,45446654,22,3,
14,45446834,542,158,
14,45447057,165,50,
14,45447226,222,31,11
14,45447536,534,345,
14,45447699,1192,1340,
14,45447920,43,2,
14,45448326,326,239,
14,45448416,182,65,22
14,45448747,216,65,12
14,45448772,246,60,
14,45448825,213,72,
14,45448839,208,74,
14,45449348,527,170,
14,45449670,25,4,
14,45450044,174,103,
14,45450392,118,28,
14,45450449,252,268,
14,45450525,252,145,
14,45450694,79,182,
14,45451103,135,143,
14,45451527,633,280,
14,45451547,53,28,
14,45451577,351,145,
14,45451961,86,49,
14,45451971,66,104,
14,45452033,56,45,
14,45452261,200,151,
14,45452472,18,7,15
14,45452480,81,71,
14,45453135,165,111,
14,45453222,269,87,
14,45453299,36,23,
14,45453448,215,125,
14,45453586,553,692,
14,45453818,22,28,11
14,45453936,422,186,
14,45454374,135,45,
14,45454460,270,287,
14,45454861,21,3,
14,45454940,96,58,
14,45455164,412,251,
14,45455356,10,0,
14,45455608,29,6,
14,45455648,39,3,
14,45455650,11,2,24
14,45455719,106,100,
14,45455882,314,296,
14,45456003,28,18,
14,45456188,205,118,
14,45456965,108,46,8
14,45457143,16,7,
14,45457411,54,8,
14,45457460,74,40,
14,45457670,365,536,
14,45458122,260,147,
14,45458249,118,18,
14,45458455,215,99,
14,45458550,100,59,
14,45458948,336,166,
14,45458987,81,25,
14,45459233,354,147,
14,45459466,52,1,9
14,45461122,14,0,
14,45461500,469,223,
14,45462143,48,10,
14,45462297,183,99,
14,45462713,94,30,
14,45462863,131,247,
14,45463130,8,2,
14,45463251,133,51,
14,45463319,268,21,
14,45463403,16,0,
14,45463626,134,28,
14,45463642,189,129,
14,45463656,273,215,
14,45464111,77,73,
14,45464145,24,2,
14,45464269,218,93,
14,45464360,24,55,
14,45464407,9,0,
14,45464429,286,625,
14,45464611,17,0,
14,45464632,235,81,
14,45464748,68,67,
14,45464921,589,132,
14,45464984,221,356,
14,45465091,129,27,
14,45465276,41,9,
14,45465392,81,32,
14,45465821,17,1,6
14,45466086,422,239,
14,45466150,18,20,
14,45466449,42,12,
14,45466588,219,73,
14,45466655,52,13,
14,45466865,74,16,
14,45466980,145,54,
14,45467032,132,107,
14,45467166,163,50,
14,45467500,494,554,
14,45467503,30,3,
14,45467543,187,136,
14,45468043,20,2,
14,45468320,23,13,
14,45468418,69,42,
14,45468455,12,0,
14,45468579,45,23,
14,45468593,13,6,
14,45468599,35,3,
14,45468698,430,205,
14,45468781,151,109,
14,45469123,14,2,
14,45469285,111,25,
14,45469394,26,0,
14,45469436,180,37,
14,45469437,134,175,
14,45469468,145,137,
14,45469541,96,63,24
14,45469548,7,2,
14,45469579,204,81,
14,45469658,64,47,21
14,45470206,134,110,
14,45470473,7,0,
14,45470513,68,77,
14,45470559,49,1,
14,45470578,30,2,
14,45471136,256,98,
14,45471475,7,0,
14,45471573,96,116,
14,45472319,294,22,
14,45472347,9,1,
14,45472487,5,1,
14,45472614,166,123,
14,45472677,4,2,
14,45472678,195,66,
14,45472765,159,36,
14,45472924,7,0,
14,45473019,131,118,
14,45473033,235,208,
14,45473446,37,8,
14,45473516,47,0,
14,45473581,59,81,
14,45473698,346,252,
14,45473730,262,179,
14,45473763,4,1,
14,45473772,31,5,
14,45473852,340,194,
14,45473861,286,211,
14,45473915,4,0,
14,45474050,60,10,
14,45474189,3,0,
14,45474192,12,1,
14,45474346,54,86,
14,45474397,5,0,
14,45474638,8,1,
14,45474882,8,1,
14,45474900,102,35,
14,45474988,4,0,
14,45475220,39,7,
14,45475240,10,0,
14,45475329,34,0,
14,45475416,3,0,
14,45475471,28,0,
14,45475528,95,39,
14,45475529,319,167,
14,45475556,5,0,
14,45475623,11,0,
14,45475808,221,72,
14,45476045,186,166,
14,45476071,51,10,
14,45476273,384,151,
14,45476346,4,1,
14,45476371,14,3,
14,45476733,19,1,
14,45476820,199,157,
14,45476821,112,5,
14,45476979,18,0,
14,45477118,68,6,
14,45477162,16,6,
14,45477192,115,96,
14,45477194,5,1,
14,45477206,233,94,
14,45477394,27,3,
14,45477516,51,12,
14,45477661,142,82,
14,45477691,11,0,
14,45477742,76,20,
14,45477923,6,0,
14,45477971,78,41,
14,45477983,5,2,
14,45478033,118,33,
14,45478300,85,76,
14,45478553,115,58,
14,45478749,516,443,
14,45478780,296,40,
14,45479006,214,85,
14,45479165,412,239,
14,45479820,165,149,
14,45480106,384,260,
14,45480317,252,105,30
14,45480354,40,24,
14,45480414,30,1,
14,45480422,63,32,
14,45480506,289,149,
14,45480510,13,5,
14,45480584,5,0,
14,45480622,344,300,
14,45480654,7,1,
14,45481008,118,29,
14,45481228,5,7,
14,45481298,129,78,
14,45481609,261,174,
14,45481656,5,2,
14,45481700,10,0,
14,45481776,13,5,
14,45481852,6,0,
14,45481866,7,1,
14,45481885,9,0,
14,45481892,275,101,19
14,45482106,264,183,
14,45482198,15,1,
14,45482216,4,0,
14,45482220,7,2,
14,45482278,7,1,
14,45482309,51,57,
14,45482333,106,36,
14,45482467,163,124,25
14,45482484,163,164,
14,45482516,222,232,
14,45482577,34,4,
14,45482710,8,0,
14,45482719,169,108,
14,45482726,54,11,
14,45483166,21,5,
14,45483205,38,9,
14,45483211,7,0,
14,45483275,92,47,
14,45483386,1752,794,4
14,45483423,8,5,
14,45483435,4,1,
14,45483531,153,53,
14,45483563,9,5,
14,45483651,47,39,
14,45483820,7,0,
14,45483834,28,0,
14,45483924,297,70,16
14,45484028,30,9,
14,45484123,20,4,
14,45484284,103,36,26
14,45484294,17,20,
14,45484355,13,13,
14,45484737,14,1,
14,45485023,22,1,
14,45485089,77,55,
14,45485175,150,101,
14,45485232,14,0,
14,45485440,39,20,
14,45485546,67,98,
14,45485611,34,20,
14,45485736,125,38,20
14,45485782,24,5,
14,45485806,327,487,27
14,45485942,11,1,
14,45486031,95,80,
14,45486062,33,2,
14,45486082,12,0,
14,45486210,8,1,
14,45486306,80,18,23
14,45486376,14,6,
14,45486449,10,4,
14,45486634,18,3,
14,45486670,21,1,
14,45486825,71,11,
14,45486829,90,110,
14,45486918,11,1,
14,45487044,533,271,16
14,45487099,11,4,
14,45487247,19,2,
14,45487412,27,1,
14,45487452,121,63,
14,45487476,421,66,14
14,45487519,41,68,
14,45487523,7,0,
14,45487604,8,3,
14,45487629,41,9,
14,45487771,148,62,
14,45487841,25,3,
14,45488233,11,3,
14,45488261,326,129,8
14,45488441,117,52,6
14,45488605,51,9,
14,45488713,87,40,5
14,45488729,109,117,
14,45489374,7,3,
14,45489533,188,35,2
14,45489581,28,1,16
14,45489951,46,71,
14,45490439,86,31,3
14,45490549,135,124,23
14,45490578,203,129,1
14,45491340,4,0,
14,45491609,43,4,1
15,45405144,133,59,
15,45406090,126,80,
15,45406573,123,38,
15,45406645,87,18,
15,45406804,48,18,
15,45406879,68,19,
15,45407953,501,110,
15,45408021,857,92,
15,45408229,352,69,
15,45408473,65,20,
15,45409526,88,29,
15,45409552,141,41,
15,45409794,1473,563,
15,45410068,439,86,
15,45410940,342,228,
15,45411254,37,36,
15,45411291,94,55,
15,45411435,96,25,
15,45411514,97,43,
15,45411799,64,29,
15,45411831,220,45,
15,45411866,34,0,
15,45411939,57,58,
15,45412263,106,35,
15,45412419,670,732,
15,45412472,28,10,
15,45412870,250,108,
15,45412938,102,60,
15,45413059,78,68,
15,45413083,293,436,
15,45413208,13,2,
15,45413294,192,61,
15,45413525,170,79,
15,45413588,107,22,
15,45413717,46,19,
15,45414479,117,32,
15,45414718,224,138,
15,45414933,124,85,
15,45415178,83,5,
15,45415196,39,32,
15,45415207,385,54,
15,45415332,137,59,
15,45415510,120,30,
15,45415519,110,197,
15,45415539,138,85,
15,45415591,121,80,
15,45415814,89,26,
15,45415962,1581,786,
15,45416080,247,361,
15,45416228,839,412,
15,45416552,45,0,
15,45416670,45,36,
15,45416706,181,58,
15,45417070,34,1,
15,45417637,132,112,
15,45417826,205,70,
15,45418251,146,31,
15,45418261,258,192,
15,45418675,308,997,
15,45418875,61,4,
15,45419780,117,72,
15,45420001,219,74,
15,45420173,227,79,
15,45420685,117,36,
15,45420722,348,76,
15,45421067,89,19,
15,45421302,116,61,
15,45421564,262,423,
15,45421812,160,108,
15,45422147,696,114,
15,45422315,91,22,
15,45422353,75,38,
15,45422514,151,70,
15,45422653,106,20,
15,45422717,65,96,
15,45423014,146,250,
15,45423363,122,139,
15,45423404,545,168,
15,45423917,530,334,
15,45423954,49,21,
15,45424223,62,9,
15,45424431,11,2,
15,45424648,139,206,
15,45424704,204,202,
15,45424827,262,344,
15,45424888,590,704,
15,45425061,251,308,
15,45425298,159,60,
15,45425568,307,47,
15,45425714,73,9,
15,45425746,211,117,
15,45426099,63,15,
15,45426490,936,439,
15,45426649,6,0,
15,45426680,284,117,
15,45427059,136,28,
15,45427061,31,4,
15,45427111,124,74,
15,45427197,314,551,
15,45427482,164,30,
15,45427697,175,83,
15,45427774,41,0,
15,45427972,265,260,
15,45427982,901,875,
15,45428020,46,14,
15,45428482,303,481,
15,45428832,97,113,
15,45429590,18,11,
15,45430048,122,34,
15,45430294,203,51,
15,45430498,644,378,
15,45430542,108,58,
15,45430604,286,61,
15,45431001,273,77,
15,45431115,168,30,
15,45431167,158,58,
15,45431271,143,33,
15,45431489,47,3,
15,45431526,31,6,
15,45432130,6,0,
15,45432627,76,81,
15,45432656,28,6,
15,45432977,72,57,
15,45433743,40,58,
15,45433768,386,102,
15,45433926,90,23,
15,45433936,70,107,
15,45434417,130,25,
15,45434467,29,5,
15,45434511,48,14,
15,45434678,75,9,
15,45434755,23,0,
15,45434758,13,0,
15,45434941,142,35,
15,45435016,62,88,
15,45435100,196,88,
15,45435272,83,3,
15,45435375,311,55,
15,45435422,217,83,
15,45435463,365,350,
15,45435606,284,219,
15,45435608,97,28,
15,45435677,29,5,
15,45435681,14,0,
15,45435720,52,67,
15,45435819,24,3,
15,45435825,290,193,
15,45436010,81,53,
15,45436027,55,19,
15,45436083,28,1,
15,45436148,46,17,
15,45436289,166,139,
15,45436534,299,222,
15,45437027,86,18,
15,45437044,150,102,
15,45437112,165,114,
15,45437135,32,8,
15,45437323,85,7,
15,45437594,129,36,
15,45437735,158,162,
15,45437759,383,125,
15,45437893,411,214,
15,45437903,118,59,
15,45438288,28,11,
15,45438346,771,852,
15,45438496,410,273,
15,45438501,100,355,
15,45438503,239,400,
15,45438704,78,29,
15,45438713,70,0,
15,45439670,651,366,
15,45439684,129,64,
15,45439721,107,18,
15,45439997,288,179,
15,45440028,112,139,
15,45440071,129,31,
15,45440180,104,36,
15,45440431,277,79,
15,45440571,583,307,
15,45441069,1295,189,
15,45441219,150,89,
15,45441222,168,83,
15,45441364,98,6,
15,45441539,9,0,
15,45442221,95,75,
15,45442743,144,186,
15,45442752,47,31,
15,45443200,34,30,
15,45443298,209,88,
15,45443368,135,193,
15,45443441,69,36,
15,45443462,160,37,
15,45443662,35,48,
15,45444062,47,5,
15,45444694,284,137,
15,45444926,32,8,
15,45445114,166,14,
15,45445551,19,0,
15,45446654,22,3,
15,45446834,542,158,
15,45447057,166,50,
15,45447226,242,35,15
15,45447536,535,345,
15,45447699,1192,1343,
15,45447920,43,3,
15,45448326,326,239,
15,45448416,188,82,24
15,45448747,235,74,14
15,45448772,246,60,
15,45448825,213,72,
15,45448839,208,74,
15,45449348,527,170,
15,45449670,25,4,
15,45450044,174,103,
15,45450392,118,28,
15,45450449,252,268,
15,45450525,252,145,
15,45450694,79,182,
15,45451103,135,143,
15,45451527,633,280,
15,45451547,53,28,
15,45451577,351,145,
15,45451961,86,49,
15,45451971,66,104,
15,45452033,56,45,
15,45452261,200,151,
15,45452472,58,54,6
15,45452480,81,71,
15,45453135,165,111,
15,45453222,269,87,
15,45453299,36,23,
15,45453448,215,125,
15,45453586,553,692,
15,45453818,30,29,11
15,45453936,422,187,
15,45454374,136,45,
15,45454460,270,287,
15,45454861,21,3,
15,45454940,96,58,
15,45455164,412,252,
15,45455356,11,0,
15,45455608,31,7,
15,45455648,39,3,
15,45455650,13,2,28
15,45455719,106,100,
15,45455882,314,296,
15,45456003,28,18,
15,45456188,205,118,
15,45456965,121,50,10
15,45457143,16,7,
15,45457411,54,8,
15,45457460,74,40,
15,45457670,365,536,
15,45458122,260,147,
15,45458249,118,18,
15,45458455,215,101,
15,45458550,100,59,
15,45458948,336,166,
15,45458987,81,25,
15,45459233,354,147,
15,45459466,83,1,9
15,45461122,14,0,
15,45461500,469,223,
15,45462143,48,10,
15,45462297,183,100,
15,45462713,94,30,
15,45462863,131,247,
15,45463130,8,2,
15,45463251,133,51,
15,45463319,268,21,
15,45463403,16,0,
15,45463626,134,28,
15,45463642,189,129,
15,45463656,274,216,
15,45464111,77,73,
15,45464145,24,2,
15,45464269,218,93,
15,45464360,24,55,
15,45464407,9,0,
15,45464429,286,625,
15,45464611,17,0,
15,45464632,235,81,
15,45464921,589,132,
15,45464984,222,358,
15,45465091,129,27,
15,45465276,41,9,
15,45465392,81,32,
15,45465821,24,3,7
15,45465824,11,0,6
15,45466086,422,239,
15,45466150,18,20,
15,45466449,42,12,
15,45466588,219,73,
15,45466655,52,13,
15,45466865,74,16,
15,45466980,145,54,
15,45467032,132,108,
15,45467166,163,50,
15,45467500,497,554,
15,45467503,30,3,
15,45467543,187,136,
15,45468043,20,2,
15,45468320,23,13,
15,45468418,69,42,
15,45468455,12,0,
15,45468579,45,23,
15,45468593,13,6,
15,45468599,36,3,
15,45468698,430,205,
15,45468781,151,109,
15,45469123,14,2,
15,45469285,111,25,
15,45469394,26,0,
15,45469436,180,37,
15,45469437,134,176,
15,45469468,145,137,
15,45469541,103,73,
15,45469548,7,2,
15,45469579,204,81,
15,45469658,66,50,
15,45470206,134,110,
15,45470473,7,0,
15,45470513,68,77,
15,45470559,49,1,
15,45470578,30,2,
15,45471136,256,98,
15,45471475,7,0,
15,45471573,96,116,
15,45472319,294,22,
15,45472347,9,1,
15,45472487,5,1,
15,45472614,166,123,
15,45472677,4,2,
15,45472678,195,66,
15,45472765,160,36,
15,45472924,7,0,
15,45473019,131,118,
15,45473033,237,208,
15,45473446,37,8,
15,45473516,47,0,
15,45473581,59,81,
15,45473698,346,252,
15,45473730,264,180,
15,45473763,4,1,
15,45473772,31,5,
15,45473852,341,195,
15,45473861,285,211,
15,45473915,4,0,
15,45474050,60,10,
15,45474189,3,0,
15,45474192,12,1,
15,45474346,55,86,
15,45474397,5,0,
15,45474638,8,1,
15,45474882,8,1,
15,45474900,103,35,
15,45474988,4,0,
15,45475220,39,7,
15,45475240,10,0,
15,45475329,34,0,
15,45475416,3,0,
15,45475471,28,0,
15,45475528,95,39,
15,45475529,319,167,
15,45475556,5,0,
15,45475623,11,0,
15,45475808,221,72,
15,45476045,186,166,
15,45476071,51,10,
15,45476273,384,151,
15,45476346,4,1,
15,45476371,14,3,
15,45476733,19,1,
15,45476820,201,158,
15,45476821,112,5,
15,45476979,18,0,
15,45477118,68,6,
15,45477162,16,6,
15,45477192,115,98,
15,45477194,5,1,
15,45477206,233,94,
15,45477394,27,3,
15,45477516,51,12,
15,45477661,144,82,
15,45477691,11,0,
15,45477742,76,20,
15,45477923,6,0,
15,45477971,78,41,
15,45477983,5,2,
15,45478033,118,33,
15,45478300,85,77,
15,45478553,116,58,
15,45478749,525,451,
15,45478780,298,40,
15,45479006,214,85,
15,45479165,414,243,
15,45479820,169,149,
15,45480106,384,261,
15,45480317,255,105,30
15,45480354,40,24,
15,45480414,30,1,
15,45480422,63,32,
15,45480506,292,149,
15,45480510,13,5,
15,45480584,5,0,
15,45480622,348,306,
15,45480654,7,1,
15,45481008,119,29,
15,45481228,5,7,
15,45481298,129,78,
15,45481609,261,175,
15,45481656,5,2,
15,45481700,10,0,
15,45481776,13,5,
15,45481866,7,1,
15,45481885,9,0,
15,45481892,284,109,22
15,45482106,266,187,
15,45482198,15,1,
15,45482216,4,0,
15,45482220,7,2,
15,45482278,7,1,
15,45482309,51,58,
15,45482333,107,36,
15,45482467,168,126,27
15,45482484,163,166,
15,45482516,225,237,
15,45482577,34,4,
15,45482710,8,0,
15,45482719,169,108,
15,45482726,55,11,
15,45483166,21,5,
15,45483205,38,9,
15,45483211,7,0,
15,45483275,92,47,
15,45483386,1804,815,4
15,45483423,8,5,
15,45483435,4,1,
15,45483531,153,53,
15,45483563,9,5,
15,45483651,47,40,
15,45483820,7,0,
15,45483834,28,0,
15,45483924,304,74,20
15,45484028,30,9,
15,45484123,21,4,
15,45484165,6,1,
15,45484284,107,39,26
15,45484294,19,21,
15,45484355,13,13,
15,45484737,14,1,
15,45485023,22,1,
15,45485089,80,55,
15,45485175,152,101,
15,45485232,14,0,
15,45485440,39,20,
15,45485546,67,99,25
15,45485611,34,20,
15,45485736,130,44,23
15,45485782,24,6,
15,45485806,348,513,28
15,45485942,11,1,
15,45486031,95,84,
15,45486062,34,3,
15,45486082,12,0,
15,45486210,8,1,
15,45486306,81,19,25
15,45486376,14,7,
15,45486449,11,4,
15,45486634,18,3,
15,45486670,22,1,
15,45486825,73,11,
15,45486829,90,115,
15,45486918,11,1,
15,45487044,576,303,19
15,45487099,11,4,
15,45487247,19,2,
15,45487412,28,1,
15,45487452,122,67,
15,45487476,461,69,17
15,45487519,43,68,
15,45487523,7,0,
15,45487604,8,3,
15,45487629,43,9,
15,45487771,195,77,18
15,45487841,28,3,
15,45488233,12,7,
15,45488261,343,133,11
15,45488441,131,60,12
15,45488605,77,11,
15,45488690,4,0,
15,45488713,95,44,6
15,45488729,112,118,
15,45489374,9,3,
15,45489533,212,39,3
15,45489581,33,1,21
15,45489951,49,72,
15,45490439,117,52,2
15,45490549,172,150,7
15,45490578,219,151,22
15,45490597,8,0,
15,45490703,8,1,
15,45491273,4,0,
15,45491609,93,9,1
15,45491621,85,20,2
15,45492086,15,7,21
15,45492175,4,1,
15,45492410,58,13,14
15,45492564,3,0,
15,45492619,4,0,
16,45405144,133,59,
16,45406090,126,80,
16,45406645,87,18,
16,45406804,48,18,
16,45406879,68,19,
16,45407953,501,110,
16,45408021,857,92,
16,45408229,352,69,
16,45408473,65,20,
16,45409526,88,29,
16,45409552,141,41,
16,45409794,1473,563,
16,45410068,439,86,
16,45410940,342,228,
16,45411254,37,36,
16,45411291,94,55,
16,45411435,96,25,
16,45411514,97,43,
16,45411799,64,29,
16,45411831,220,45,
16,45411866,34,0,
16,45411939,57,58,
16,45412263,106,35,
16,45412419,670,732,
16,45412472,28,10,
16,45412870,250,108,
16,45412938,102,60,
16,45413059,78,68,
16,45413083,293,436,
16,45413208,15,3,16
16,45413294,193,61,
16,45413525,170,79,
16,45413588,107,22,
16,45413717,46,19,
16,45414479,117,32,
16,45414718,224,138,
16,45414933,124,85,
16,45415178,83,5,
16,45415196,39,32,
16,45415207,385,54,
16,45415332,137,59,
16,45415510,120,30,
16,45415519,110,197,
16,45415539,138,85,
16,45415591,121,80,
16,45415814,89,26,
16,45415962,1581,786,
16,45416080,247,361,
16,45416228,839,412,
16,45416552,45,0,
16,45416670,45,36,
16,45416706,182,58,
16,45417070,34,1,
16,45417637,132,112,
16,45417826,205,70,
16,45418251,146,31,
16,45418261,258,192,
16,45418675,308,997,
16,45418875,61,4,
16,45419780,117,72,
16,45420001,219,74,
16,45420173,227,79,
16,45420685,117,36,
16,45420722,348,76,
16,45421067,89,19,
16,45421302,116,61,
16,45421564,262,423,
16,45421812,160,108,
16,45422147,696,114,
16,45422315,91,22,
16,45422353,75,38,
16,45422514,151,70,
16,45422653,106,20,
16,45422717,65,96,
16,45423014,146,250,
16,45423363,122,139,
16,45423404,545,168,
16,45423917,531,337,
16,45423954,49,21,
16,45424223,62,9,
16,45424431,11,2,
16,45424648,139,206,
16,45424704,204,202,
16,45424827,262,344,
16,45424888,590,704,
16,45425061,251,308,
16,45425298,159,60,
16,45425568,307,47,
16,45425714,73,9,
16,45425746,211,117,
16,45426099,63,15,
16,45426490,936,439,
16,45426649,6,0,
16,45426680,284,117,
16,45427059,136,28,
16,45427061,31,4,
16,45427111,124,74,
16,45427197,314,551,
16,45427482,164,30,
16,45427697,175,84,
16,45427774,41,0,
16,45427972,265,262,
16,45427982,901,876,
16,45428020,46,14,
16,45428482,303,481,
16,45428832,99,113,
16,45429590,18,11,
16,45430048,122,34,
16,45430294,203,51,
16,45430498,644,378,
16,45430542,108,58,
16,45430604,286,61,
16,45431001,273,77,
16,45431115,170,30,
16,45431167,158,58,
16,45431271,143,33,
16,45431489,47,3,
16,45431526,31,6,
16,45432130,6,0,
16,45432627,76,81,
16,45432656,28,6,
16,45432977,72,57,
16,45433743,40,58,
16,45433768,386,102,
16,45433926,90,23,
16,45433936,70,107,
16,45434417,130,25,
16,45434511,48,14,
16,45434678,75,10,
16,45434755,23,0,
16,45434758,13,0,
16,45434941,142,35,
16,45435016,62,88,
16,45435100,196,88,
16,45435272,83,3,
16,45435375,311,55,
16,45435422,217,83,
16,45435463,365,350,
16,45435606,285,222,
16,45435608,97,28,
16,45435677,29,5,
16,45435681,14,0,
16,45435720,52,67,
16,45435819,24,3,
16,45435825,290,193,
16,45436010,81,53,
16,45436027,55,19,
16,45436083,28,1,
16,45436148,46,17,
16,45436289,166,140,
16,45437027,86,18,
16,45437044,150,106,
16,45437112,165,114,
16,45437135,32,8,
16,45437323,85,7,
16,45437594,129,36,
16,45437735,158,162,
16,45437759,383,125,
16,45437893,411,214,
16,45437903,118,59,
16,45438288,28,11,
16,45438346,771,852,
16,45438496,410,273,
16,45438501,100,355,
16,45438503,239,400,
16,45438704,78,29,
16,45438713,70,0,
16,45439670,651,366,
16,45439684,129,64,
16,45439721,107,18,
16,45439997,288,179,
16,45440028,112,139,
16,45440071,129,31,
16,45440180,104,36,
16,45440431,277,79,
16,45440571,584,307,
16,45441069,1295,189,
16,45441219,150,89,
16,45441222,168,83,
16,45441364,98,6,
16,45441539,9,0,
16,45442221,95,75,
16,45442743,144,186,
16,45442752,47,31,
16,45443200,34,30,
16,45443298,209,88,
16,45443368,135,193,
16,45443441,69,36,
16,45443462,160,37,
16,45443662,35,48,
16,45444062,47,5,
16,45444694,284,137,
16,45444926,32,8,
16,45445114,166,14,
16,45445551,19,0,
16,45446654,22,3,
16,45446834,542,158,
16,45447057,166,51,
16,45447226,257,40,19
16,45447536,535,345,
16,45447699,1193,1344,
16,45447920,44,3,
16,45448326,326,239,
16,45448416,192,85,
16,45448747,250,76,16
16,45448772,246,60,
16,45448825,213,72,
16,45448839,208,74,
16,45449348,532,187,
16,45449670,25,4,
16,45450044,174,103,
16,45450392,120,29,
16,45450449,252,268,
16,45450525,253,145,
16,45450694,79,182,
16,45451103,135,143,
16,45451527,633,281,
16,45451547,53,28,
16,45451577,351,145,
16,45451961,86,49,
16,45451971,66,104,
16,45452033,56,45,
16,45452261,200,151,
16,45452472,69,64,9
16,45452480,81,71,
16,45453135,165,111,
16,45453222,269,87,
16,45453299,36,23,
16,45453448,215,125,
16,45453586,553,692,
16,45453818,35,34,12
16,45453936,423,187,
16,45454374,136,45,
16,45454460,270,287,
16,45454861,21,3,
16,45454940,96,59,
16,45455164,413,252,
16,45455356,11,0,
16,45455608,31,9,
16,45455648,39,3,
16,45455650,15,2,
16,45455719,106,100,
16,45455882,314,298,
16,45456003,28,18,
16,45456188,205,118,
16,45456965,135,50,15
16,45457143,16,7,
16,45457411,54,8,
16,45457460,74,40,
16,45457670,365,536,
16,45458122,260,148,
16,45458249,118,18,
16,45458455,217,102,
16,45458550,100,59,
16,45458948,336,166,
16,45459233,354,147,
16,45459466,93,4,11
16,45461122,14,0,
16,45461500,470,223,
16,45462143,48,10,
16,45462297,183,100,
16,45462713,94,30,
16,45462863,133,247,
16,45463130,8,2,
16,45463251,134,51,
16,45463319,268,21,
16,45463403,16,0,
16,45463626,136,28,
16,45463642,189,129,
16,45463656,274,217,
16,45464111,77,73,
16,45464145,24,2,
16,45464269,218,93,
16,45464360,24,55,
16,45464407,9,0,
16,45464429,286,625,
16,45464611,17,0,
16,45464632,235,83,
16,45464921,589,134,
16,45464984,223,358,
16,45465091,129,27,
16,45465276,41,9,
16,45465392,81,32,
16,45465821,35,9,9
16,45465824,27,0,7
16,45466086,422,239,
16,45466150,18,20,
16,45466449,42,12,
16,45466588,219,74,
16,45466655,52,13,
16,45466865,74,16,
16,45466980,146,54,
16,45467032,132,108,
16,45467166,163,50,
16,45467193,5,1,17
16,45467500,497,554,
16,45467503,30,3,
16,45467543,187,136,
16,45468043,20,2,
16,45468320,23,13,
16,45468418,69,42,
16,45468455,12,0,
16,45468579,45,23,
16,45468593,13,6,
16,45468599,36,3,
16,45468698,430,205,
16,45468781,151,109,
16,45469123,14,2,
16,45469285,111,25,
16,45469394,26,0,
16,45469436,180,37,
16,45469437,134,176,
16,45469468,145,137,
16,45469541,105,76,
16,45469548,7,2,
16,45469579,204,81,
16,45469658,68,51,
16,45470206,134,110,
16,45470473,7,0,
16,45470513,68,77,
16,45470559,49,1,
16,45470578,30,2,
16,45471136,256,98,
16,45471475,7,0,
16,45471573,96,116,
16,45472319,294,22,
16,45472347,9,1,
16,45472487,5,1,
16,45472614,166,123,
16,45472677,4,2,
16,45472678,195,66,
16,45472765,160,36,
16,45472924,7,0,
16,45473019,131,119,
16,45473033,241,209,
16,45473446,37,8,
16,45473516,48,0,
16,45473581,59,81,
16,45473698,346,252,
16,45473730,265,180,
16,45473763,4,1,
16,45473772,32,5,
16,45473852,341,198,
16,45473861,286,211,
16,45473915,4,0,
16,45474050,60,10,
16,45474189,3,0,
16,45474192,12,1,
16,45474346,56,86,
16,45474397,5,0,
16,45474638,8,1,
16,45474882,8,1,
16,45474900,103,35,
16,45474988,4,0,
16,45475220,39,7,
16,45475240,10,0,
16,45475329,34,0,
16,45475416,3,0,
16,45475471,28,0,
16,45475528,95,39,
16,45475529,319,167,
16,45475556,5,0,
16,45475623,11,0,
16,45475808,222,73,
16,45476045,186,167,
16,45476071,51,10,
16,45476273,384,151,
16,45476346,4,1,
16,45476371,14,3,
16,45476733,19,1,
16,45476820,201,158,
16,45476821,112,5,
16,45476979,18,0,
16,45477118,68,6,
16,45477162,16,6,
16,45477192,116,98,
16,45477194,5,1,
16,45477206,235,97,
16,45477394,27,3,
16,45477516,51,12,
16,45477661,146,82,
16,45477742,76,20,
16,45477923,6,0,
16,45477971,79,41,
16,45477983,5,2,
16,45478033,118,33,
16,45478300,85,77,
16,45478553,117,58,
16,45478749,527,453,
16,45478780,299,40,
16,45479006,214,85,
16,45479165,415,249,
16,45479820,170,149,
16,45480106,388,263,
16,45480317,257,105,
16,45480354,40,24,
16,45480414,30,1,
16,45480422,63,32,
16,45480506,292,149,
16,45480510,13,5,
16,45480584,5,0,
16,45480622,352,309,
16,45480654,7,1,
16,45481008,121,29,
16,45481228,5,7,
16,45481298,130,78,
16,45481609,261,175,
16,45481656,6,2,
16,45481700,10,0,
16,45481776,13,5,
16,45481866,7,1,
16,45481885,9,0,
16,45481892,295,112,29
16,45482106,271,192,
16,45482198,15,1,
16,45482309,51,58,
16,45482333,110,38,
16,45482467,170,130,
16,45482484,163,166,
16,45482516,227,246,
16,45482577,34,4,
16,45482710,8,0,
16,45482719,169,109,
16,45482726,56,12,
16,45483166,21,5,
16,45483205,38,9,
16,45483211,7,0,
16,45483275,92,47,
16,45483386,1866,836,5
16,45483423,8,5,
16,45483435,4,1,
16,45483531,154,53,
16,45483563,9,5,
16,45483651,48,41,
16,45483820,7,0,
16,45483834,28,0,
16,45483924,308,76,24
16,45484028,30,9,
16,45484123,22,4,
16,45484165,6,1,
16,45484284,109,40,
16,45484294,19,21,
16,45484355,13,13,
16,45484737,15,1,
16,45485023,22,1,
16,45485089,81,55,
16,45485175,157,104,
16,45485232,14,0,
16,45485440,40,22,
16,45485546,77,111,27
16,45485611,35,20,
16,45485736,135,44,30
16,45485782,25,7,
16,45485806,356,527,
16,45485942,11,1,
16,45486031,97,87,
16,45486062,34,3,
16,45486082,12,0,
16,45486210,8,1,
16,45486306,83,21,
16,45486376,14,7,
16,45486449,11,4,
16,45486634,18,3,
16,45486670,22,1,
16,45486825,73,12,
16,45486829,94,122,
16,45486918,11,1,
16,45487044,614,310,23
16,45487099,11,4,
16,45487247,19,2,
16,45487412,28,1,
16,45487452,124,70,
16,45487476,516,78,22
16,45487519,43,68,
16,45487523,7,0,
16,45487604,8,3,
16,45487629,46,9,
16,45487771,255,103,15
16,45487841,28,3,
16,45488233,15,9,
16,45488261,358,134,14
16,45488441,140,68,13
16,45488605,82,11,
16,45488690,4,0,
16,45488713,105,45,10
16,45488729,115,118,
16,45489374,9,3,
16,45489533,240,41,3
16,45489581,37,1,28
16,45490439,146,67,4
16,45490549,235,202,8
16,45490578,236,159,25
16,45490703,17,12,20
16,45491315,4,0,
16,45491609,122,18,1
16,45491621,124,28,2
16,45492036,8,3,
16,45492086,32,37,26
16,45492175,4,1,
16,45492376,7,1,12
16,45492410,92,39,13
16,45492432,10,4,
16,45492522,7,0,
16,45492564,28,12,2
16,45492619,13,0,
16,45492888,32,26,6
17,45405144,133,59,
17,45406090,126,80,
17,45406645,87,18,
17,45406804,48,18,
17,45406879,68,19,
17,45407953,501,110,
17,45408021,857,92,
17,45408229,352,69,
17,45408473,65,20,
17,45409526,88,29,
17,45409552,141,41,
17,45409794,1473,563,
17,45410068,439,86,
17,45410940,342,228,
17,45411254,37,36,
17,45411291,94,55,
17,45411435,96,25,
17,45411514,97,43,
17,45411799,65,29,
17,45411831,220,45,
17,45411866,34,0,
17,45412263,106,35,
17,45412419,670,732,
17,45412472,28,10,
17,45412870,250,108,
17,45412938,102,60,
17,45413059,78,68,
17,45413083,293,436,
17,45413208,21,5,22
17,45413294,193,61,
17,45413525,170,79,
17,45413588,107,22,
17,45413717,46,19,
17,45414479,117,32,
17,45414718,224,138,
17,45414933,124,85,
17,45415178,83,5,
17,45415196,39,32,
17,45415207,385,54,
17,45415332,137,59,
17,45415510,120,30,
17,45415519,110,197,
17,45415539,138,85,
17,45415591,121,80,
17,45415814,89,26,
17,45415962,1581,786,
17,45416080,247,361,
17,45416228,839,412,
17,45416552,45,0,
17,45416670,45,36,
17,45416706,182,58,
17,45417070,34,1,
17,45417637,132,112,
17,45417826,205,70,
17,45418251,146,31,
17,45418261,258,192,
17,45418675,308,998,
17,45418875,61,4,
17,45419780,117,72,
17,45420001,219,74,
17,45420173,227,79,
17,45420685,117,36,
17,45420722,348,76,
17,45421067,89,19,
17,45421302,116,61,
17,45421564,262,423,
17,45421812,160,108,
17,45422147,696,114,
17,45422315,91,22,
17,45422514,151,70,
17,45422653,106,20,
17,45422717,65,96,
17,45423014,146,250,
17,45423363,122,139,
17,45423404,545,168,
17,45423917,531,337,
17,45423954,49,21,
17,45424223,62,9,
17,45424431,11,2,
17,45424648,139,206,
17,45424704,204,202,
17,45424827,262,344,
17,45424888,590,704,
17,45425061,251,308,
17,45425298,159,60,
17,45425568,307,47,
17,45425714,73,9,
17,45425746,211,117,
17,45426099,63,15,
17,45426490,937,439,
17,45426649,6,0,
17,45426680,284,117,
17,45427059,136,28,
17,45427061,31,4,
17,45427111,124,74,
17,45427197,314,551,
17,45427482,164,30,
17,45427697,175,84,
17,45427774,41,0,
17,45427972,266,263,
17,45427982,901,876,
17,45428020,46,14,
17,45428482,303,481,
17,45428832,100,114,
17,45429590,18,11,
17,45430048,122,34,
17,45430294,204,51,
17,45430498,644,378,
17,45430542,108,58,
17,45430604,286,61,
17,45431001,274,77,
17,45431115,170,30,
17,45431167,158,58,
17,45431271,143,33,
17,45431489,47,3,
17,45431526,31,6,
17,45432130,6,0,
17,45432627,76,81,
17,45432656,28,6,
17,45432977,72,57,
17,45433743,40,58,
17,45433768,386,102,
17,45433926,90,23,
17,45433936,70,107,
17,45434417,130,25,
17,45434511,48,14,
17,45434678,75,10,
17,45434755,23,0,
17,45434758,13,0,
17,45434941,142,35,
17,45435016,62,89,
17,45435100,196,88,
17,45435272,83,3,
17,45435375,311,55,
17,45435422,217,83,
17,45435463,365,350,
17,45435606,285,223,
17,45435608,97,28,
17,45435677,29,5,
17,45435681,14,0,
17,45435720,52,67,
17,45435819,24,3,
17,45435825,290,193,
17,45436010,81,53,
17,45436027,55,19,
17,45436083,28,1,
17,45436148,46,17,
17,45436289,166,141,
17,45437027,86,18,
17,45437044,150,110,
17,45437112,165,114,
17,45437135,32,8,
17,45437323,85,7,
17,45437594,129,36,
17,45437735,158,162,
17,45437759,383,125,
17,45437893,411,214,
17,45437903,118,59,
17,45438288,28,11,
17,45438346,771,852,
17,45438496,410,273,
17,45438501,100,357,
17,45438503,239,402,
17,45438704,78,29,
17,45438713,70,0,
17,45439670,652,366,
17,45439684,129,64,
17,45439721,107,18,
17,45439997,288,179,
17,45440071,129,32,
17,45440180,104,36,
17,45440431,277,79,
17,45440571,584,307,
17,45441069,1295,189,
17,45441219,150,89,
17,45441222,168,83,
17,45441364,98,6,
17,45441539,9,0,
17,45442221,95,75,
17,45442743,145,186,
17,45442752,47,31,
17,45443200,34,30,
17,45443298,209,88,
17,45443368,135,193,
17,45443441,70,36,
17,45443462,160,37,
17,45443662,35,48,
17,45444062,47,5,
17,45444694,284,137,
17,45444926,32,8,
17,45445114,166,14,
17,45445551,19,0,
17,45446654,22,3,
17,45446834,543,158,
17,45447057,166,51,
17,45447226,269,41,26
17,45447536,535,345,
17,45447699,1193,1344,
17,45447920,44,3,
17,45448326,326,239,
17,45448416,195,86,
17,45448747,262,80,25
17,45448772,246,60,
17,45448825,213,72,
17,45448839,208,75,
17,45449348,534,187,
17,45449670,25,4,
17,45450044,174,103,
17,45450392,120,29,
17,45450449,252,268,
17,45450525,254,145,
17,45450694,79,182,
17,45451103,135,143,
17,45451527,633,281,
17,45451547,53,28,
17,45451577,351,145,
17,45451961,86,49,
17,45451971,66,104,
17,45452033,56,45,
17,45452261,200,151,
17,45452472,89,86,10
17,45452480,81,72,
17,45453135,165,111,
17,45453222,269,87,
17,45453299,36,23,
17,45453448,215,125,
17,45453586,553,692,
17,45453818,37,36,20
17,45453936,423,187,
17,45454374,136,45,
17,45454460,270,287,
17,45454861,21,3,
17,45454940,96,59,
17,45455164,413,252,
17,45455356,11,0,
17,45455608,32,9,
17,45455648,39,3,
17,45455650,15,2,
17,45455719,106,100,
17,45455882,314,298,
17,45456003,28,18,
17,45456188,205,118,
17,45456965,147,55,23
17,45457143,16,7,
17,45457411,54,8,
17,45457460,74,40,
17,45457670,365,536,
17,45458122,260,148,
17,45458249,118,18,
17,45458455,218,103,
17,45458550,100,59,
17,45458948,336,166,
17,45459233,354,147,
17,45459466,99,6,19
17,45461122,14,0,
17,45461500,470,223,
17,45462143,48,10,
17,45462297,184,100,
17,45462713,94,30,
17,45462863,134,247,
17,45463130,8,2,
17,45463251,134,51,
17,45463319,268,21,
17,45463403,16,0,
17,45463626,136,28,
17,45463642,189,129,
17,45463656,275,217,
17,45463932,3,1,24
17,45464145,24,2,
17,45464269,218,93,
17,45464360,24,55,
17,45464407,9,0,
17,45464429,286,625,
17,45464611,17,0,
17,45464632,235,86,
17,45464921,590,134,
17,45464984,225,358,
17,45465091,129,27,
17,45465276,41,9,
17,45465392,81,32,
17,45465821,39,10,14
17,45465824,40,2,9
17,45466086,422,239,
17,45466150,18,20,
17,45466449,42,12,
17,45466588,219,74,
17,45466655,52,13,
17,45466865,74,16,
17,45466980,146,54,
17,45467032,132,108,
17,45467166,163,50,
17,45467193,10,2,15
17,45467500,497,555,
17,45467503,30,3,
17,45467543,187,137,
17,45468043,20,2,
17,45468320,23,13,
17,45468418,69,42,
17,45468455,12,0,
17,45468579,45,23,
17,45468593,13,6,
17,45468599,36,3,
17,45468698,430,205,
17,45468781,151,109,
17,45469123,14,2,
17,45469285,111,25,
17,45469394,26,0,
17,45469436,180,37,
17,45469437,135,176,
17,45469468,145,137,
17,45469541,108,77,
17,45469548,7,2,
17,45469579,204,81,
17,45469658,70,52,
17,45470206,134,110,
17,45470473,7,0,
17,45470513,68,78,
17,45470559,49,1,
17,45470578,30,2,
17,45471136,256,98,
17,45471475,7,0,
17,45471573,96,118,
17,45472319,295,22,
17,45472347,9,1,
17,45472487,5,1,
17,45472614,167,123,
17,45472678,197,66,
17,45472765,161,36,
17,45472924,7,0,
17,45473019,131,121,
17,45473033,244,210,
17,45473446,37,8,
17,45473516,48,0,
17,45473581,59,81,
17,45473698,347,253,
17,45473730,265,180,
17,45473763,4,1,
17,45473772,32,5,
17,45473852,342,198,
17,45473861,286,215,
17,45473915,4,0,
17,45474050,60,10,
17,45474189,3,0,
17,45474192,12,1,
17,45474346,57,86,
17,45474397,5,0,
17,45474638,8,1,
17,45474882,8,1,
17,45474900,103,35,
17,45474988,4,0,
17,45475220,39,7,
17,45475240,10,0,
17,45475329,34,0,
17,45475416,3,0,
17,45475471,28,0,
17,45475528,95,39,
17,45475529,319,168,
17,45475556,5,0,
17,45475623,11,0,
17,45475808,222,73,
17,45476045,187,168,
17,45476071,51,10,
17,45476273,387,152,
17,45476346,4,1,
17,45476371,14,3,
17,45476733,19,1,
17,45476820,201,161,
17,45476821,112,5,
17,45476979,18,0,
17,45477118,68,6,
17,45477162,18,6,
17,45477192,117,98,
17,45477194,5,1,
17,45477206,238,97,
17,45477394,27,3,
17,45477516,51,12,
17,45477661,147,82,
17,45477742,76,20,
17,45477923,6,0,
17,45477971,79,42,
17,45477983,5,2,
17,45478033,118,33,
17,45478300,87,78,
17,45478553,117,58,
17,45478749,528,459,
17,45478780,300,40,
17,45479006,214,85,
17,45479165,416,252,
17,45479820,170,149,
17,45480106,389,263,
17,45480317,258,105,
17,45480354,40,24,
17,45480414,30,1,
17,45480422,63,32,
17,45480506,293,150,
17,45480510,13,5,
17,45480584,5,0,
17,45480622,354,310,
17,45481008,121,29,
17,45481228,5,7,
17,45481298,130,78,
17,45481609,262,175,
17,45481656,6,2,
17,45481700,10,0,
17,45481776,13,5,
17,45481866,7,1,
17,45481885,9,0,
17,45481892,299,118,
17,45482106,271,194,
17,45482198,15,1,
17,45482309,51,58,
17,45482333,112,39,
17,45482467,171,130,
17,45482484,163,166,
17,45482516,234,251,
17,45482577,34,4,
17,45482710,8,0,
17,45482719,169,109,
17,45482726,56,12,
17,45483166,21,5,
17,45483205,38,9,
17,45483211,7,0,
17,45483275,92,47,
17,45483386,1901,850,8
17,45483435,4,1,
17,45483531,156,53,
17,45483563,9,5,
17,45483651,48,43,
17,45483820,7,0,
17,45483834,28,0,
17,45483924,313,79,29
17,45484028,30,9,
17,45484123,24,4,
17,45484165,6,1,
17,45484284,110,41,
17,45484294,20,22,
17,45484355,13,13,
17,45484737,15,1,
17,45485023,22,1,
17,45485089,81,56,
17,45485175,158,107,
17,45485232,14,0,
17,45485440,40,22,
17,45485546,81,128,
17,45485611,35,22,
17,45485736,136,44,
17,45485782,25,7,
17,45485806,361,542,
17,45485942,11,1,
17,45486031,100,94,
17,45486062,34,3,
17,45486082,12,0,
17,45486210,8,1,
17,45486306,83,21,
17,45486376,14,7,
17,45486449,11,4,
17,45486634,18,3,
17,45486670,22,1,
17,45486825,76,12,
17,45486829,96,124,
17,45486918,11,1,
17,45487044,638,334,30
17,45487099,11,4,
17,45487247,19,2,
17,45487412,30,2,
17,45487452,127,70,
17,45487476,540,80,28
17,45487519,45,68,
17,45487523,7,0,
17,45487604,8,3,
17,45487629,46,10,
17,45487771,290,126,18
17,45487841,29,3,
17,45488233,15,9,
17,45488261,363,135,24
17,45488441,145,75,17
17,45488605,86,12,
17,45488690,4,0,
17,45488713,106,45,18
17,45488729,117,119,
17,45489374,9,3,
17,45489533,256,49,5
17,45489581,38,1,
17,45490439,168,76,6
17,45490549,266,226,11
17,45490578,244,162,
17,45491315,4,0,
17,45491609,137,19,1
17,45491621,149,35,2
17,45492036,13,6,
17,45492086,37,47,
17,45492175,6,1,
17,45492376,10,2,13
17,45492432,14,9,
17,45492522,8,0,
17,45492564,37,17,3
17,45492888,72,67,2
17,45493143,18,12,29
17,45493255,18,9,17
17,45493287,139,69,5
17,45493301,70,67,1
17,45493358,126,18,10
17,45493390,4,3,
17,45493432,5,0,
18,45405144,133,59,
18,45406090,126,80,
18,45406645,87,18,
18,45406804,48,18,
18,45406879,68,19,
18,45407953,501,110,
18,45408021,857,92,
18,45408229,352,69,
18,45408473,65,20,
18,45409526,88,29,
18,45409552,141,41,
18,45409794,1473,563,
18,45410068,439,86,
18,45411254,37,36,
18,45411291,94,55,
18,45411435,96,25,
18,45411514,97,43,
18,45411799,65,29,
18,45411831,220,45,
18,45411866,34,0,
18,45412263,106,35,
18,45412419,670,732,
18,45412472,28,10,
18,45412870,250,108,
18,45412938,102,60,
18,45413059,78,68,
18,45413083,293,436,
18,45413208,28,6,19
18,45413294,193,61,
18,45413525,170,79,
18,45413588,107,22,
18,45414479,117,32,
18,45414718,224,138,
18,45414933,124,85,
18,45415178,83,5,
18,45415196,39,32,
18,45415207,385,54,
18,45415332,137,59,
18,45415510,120,30,
18,45415519,110,197,
18,45415539,138,85,
18,45415591,121,80,
18,45415814,89,26,
18,45415962,1581,786,
18,45416080,247,361,
18,45416228,840,412,
18,45416552,45,0,
18,45416670,45,36,
18,45416706,182,58,
18,45417070,34,1,
18,45417637,132,112,
18,45417826,205,70,
18,45418251,146,31,
18,45418261,258,192,
18,45418675,308,998,
18,45418875,61,4,
18,45419780,117,72,
18,45420001,219,74,
18,45420173,227,79,
18,45420685,117,36,
18,45420722,348,76,
18,45421067,89,19,
18,45421302,116,61,
18,45421564,262,423,
18,45421812,160,108,
18,45422147,696,114,
18,45422315,91,22,
18,45422514,151,70,
18,45422653,106,20,
18,45422717,65,96,
18,45423014,146,250,
18,45423363,122,139,
18,45423404,545,168,
18,45423917,531,337,
18,45423954,49,21,
18,45424223,62,9,
18,45424431,11,3,
18,45424648,139,206,
18,45424704,204,202,
18,45424827,262,344,
18,45424888,590,704,
18,45425061,251,308,
18,45425298,159,60,
18,45425568,307,47,
18,45425714,73,9,
18,45425746,211,117,
18,45426099,63,15,
18,45426490,937,439,
18,45426649,6,0,
18,45426680,284,117,
18,45427059,136,28,
18,45427061,31,4,
18,45427111,124,74,
18,45427197,314,551,
18,45427482,164,30,
18,45427697,175,84,
18,45427774,41,0,
18,45427972,266,264,
18,45427982,901,876,
18,45428020,46,14,
18,45428482,303,481,
18,45428832,101,114,
18,45429590,18,11,
18,45430294,204,51,
18,45430498,644,378,
18,45430542,108,58,
18,45430604,286,61,
18,45431001,274,77,
18,45431115,172,30,
18,45431167,158,58,
18,45431271,143,33,
18,45431489,48,3,
18,45431526,31,6,
18,45432130,6,0,
18,45432627,76,81,
18,45432656,28,6,
18,45432977,72,57,
18,45433743,40,58,
18,45433768,386,102,
18,45433926,90,23,
18,45433936,70,107,
18,45434417,130,25,
18,45434511,48,14,
18,45434678,75,10,
18,45434755,23,0,
18,45434758,13,0,
18,45434941,142,35,
18,45435016,62,89,
18,45435100,196,88,
18,45435272,83,3,
18,45435375,311,55,
18,45435422,217,83,
18,45435463,367,350,
18,45435606,286,223,
18,45435608,97,28,
18,45435677,29,5,
18,45435681,14,0,
18,45435720,52,67,
18,45435819,24,3,
18,45435825,290,194,
18,45436010,81,53,
18,45436027,55,19,
18,45436083,28,1,
18,45436148,46,17,
18,45436289,166,141,
18,45437027,86,18,
18,45437044,150,110,
18,45437112,165,114,
18,45437135,32,8,
18,45437323,85,7,
18,45437594,129,36,
18,45437735,158,162,
18,45437759,383,125,
18,45437893,411,214,
18,45437903,118,59,
18,45438288,28,11,
18,45438346,771,852,
18,45438496,410,273,
18,45438501,100,357,
18,45438503,239,403,
18,45438704,78,29,
18,45438713,70,0,
18,45439670,652,366,
18,45439684,129,64,
18,45439721,107,18,
18,45439997,288,179,
18,45440071,129,32,
18,45440180,104,36,
18,45440431,277,79,
18,45440571,584,307,
18,45441069,1295,189,
18,45441219,150,89,
18,45441222,168,83,
18,45441364,98,6,
18,45441539,9,0,
18,45442221,95,75,
18,45442743,145,186,
18,45442752,47,31,
18,45443200,34,30,
18,45443298,209,88,
18,45443368,135,193,
18,45443441,72,36,
18,45443462,160,37,
18,45443662,35,48,
18,45444062,47,5,
18,45444694,284,137,
18,45444926,32,8,
18,45445114,166,14,
18,45445551,19,0,
18,45446654,23,3,
18,45446834,543,158,
18,45447057,166,51,
18,45447226,277,43,26
18,45447536,535,345,
18,45447699,1193,1344,
18,45447920,44,3,
18,45448326,326,239,
18,45448416,198,92,
18,45448747,272,96,27
18,45448772,246,60,
18,45448825,213,72,
18,45448839,208,75,
18,45449348,536,188,
18,45449670,25,4,
18,45450044,174,103,
18,45450392,120,29,
18,45450449,252,268,
18,45450525,254,145,
18,45450694,79,182,
18,45451103,135,143,
18,45451527,633,281,
18,45451547,53,28,
18,45451577,351,145,
18,45451961,86,49,
18,45451971,66,104,
18,45452033,56,45,
18,45452261,200,151,
18,45452472,126,114,10
18,45452480,81,72,
18,45453222,269,87,
18,45453299,36,23,
18,45453448,215,125,
18,45453586,553,692,
18,45453818,40,40,25
18,45453936,423,187,
18,45454374,136,45,
18,45454460,270,287,
18,45454861,21,3,
18,45454940,96,59,
18,45455164,413,253,
18,45455356,12,0,
18,45455608,32,9,
18,45455648,39,3,
18,45455650,16,2,
18,45455719,106,100,
18,45455882,315,298,
18,45456003,28,18,
18,45456188,206,118,
18,45456965,160,57,24
18,45457143,16,7,
18,45457411,54,8,
18,45457460,74,40,
18,45457670,365,537,
18,45458050,17,2,6
18,45458122,260,149,
18,45458249,118,18,
18,45458455,220,103,
18,45458550,100,59,
18,45458948,336,166,
18,45459233,354,147,
18,45459466,101,6,20
18,45461122,14,0,
18,45461500,471,223,
18,45462143,48,10,
18,45462297,185,100,
18,45462713,94,30,
18,45462863,134,247,
18,45463130,8,2,
18,45463251,134,51,
18,45463319,268,21,
18,45463403,16,0,
18,45463626,138,28,
18,45463642,189,129,
18,45463656,275,217,
18,45463932,10,3,15
18,45464145,24,2,
18,45464269,218,93,
18,45464360,24,55,
18,45464407,9,0,
18,45464429,287,625,
18,45464611,17,0,
18,45464632,235,87,
18,45464921,590,134,
18,45464984,226,359,
18,45465091,129,27,
18,45465276,41,9,
18,45465392,81,32,
18,45465821,41,10,16
18,45465824,52,2,8
18,45466086,422,240,
18,45466150,18,20,
18,45466449,42,12,
18,45466588,219,74,
18,45466655,52,13,
18,45466865,74,16,
18,45466980,146,54,
18,45467032,132,108,
18,45467166,163,50,
18,45467193,13,3,15
18,45467500,497,555,
18,45467503,30,3,
18,45467543,187,138,
18,45468043,20,2,
18,45468320,23,13,
18,45468418,69,42,
18,45468455,12,0,
18,45468579,45,23,
18,45468593,13,6,
18,45468599,36,3,
18,45468698,430,205,
18,45468781,151,109,
18,45469123,14,2,
18,45469285,112,25,
18,45469394,26,0,
18,45469436,180,37,
18,45469437,135,176,
18,45469468,145,137,
18,45469541,109,78,
18,45469548,7,2,
18,45469579,204,81,
18,45469658,73,53,
18,45470206,134,110,
18,45470473,7,0,
18,45470513,68,78,
18,45470559,49,1,
18,45470578,30,2,
18,45471136,256,98,
18,45471475,7,0,
18,45471573,96,118,
18,45472319,295,22,
18,45472347,9,1,
18,45472487,5,1,
18,45472614,167,123,
18,45472678,197,66,
18,45472765,161,36,
18,45472924,7,0,
18,45473019,131,121,
18,45473033,245,210,
18,45473446,37,8,
18,45473516,49,0,
18,45473581,59,81,
18,45473698,347,253,
18,45473730,265,180,
18,45473763,4,1,
18,45473772,32,5,
18,45473852,342,199,
18,45473861,286,217,
18,45473915,4,0,
18,45474050,60,10,
18,45474189,3,0,
18,45474192,12,1,
18,45474346,57,86,
18,45474397,5,0,
18,45474638,8,1,
18,45474882,8,1,
18,45474900,103,35,
18,45474988,4,0,
18,45475220,39,7,
18,45475240,10,0,
18,45475329,34,0,
18,45475416,3,0,
18,45475471,28,0,
18,45475528,95,39,
18,45475529,319,168,
18,45475556,5,0,
18,45475623,11,0,
18,45475808,222,73,
18,45476045,187,168,
18,45476071,51,10,
18,45476273,387,154,
18,45476346,4,1,
18,45476371,14,3,
18,45476733,19,1,
18,45476820,201,161,
18,45476821,112,5,
18,45476979,18,0,
18,45477118,68,6,
18,45477162,18,6,
18,45477192,117,98,
18,45477194,5,1,
18,45477206,239,98,
18,45477394,27,3,
18,45477516,51,12,
18,45477661,148,82,
18,45477742,76,20,
18,45477923,6,0,
18,45477971,79,42,
18,45477983,5,2,
18,45478033,119,33,
18,45478300,87,78,
18,45478553,117,58,
18,45478749,530,462,
18,45478780,301,40,
18,45479006,215,85,
18,45479165,417,261,
18,45479820,173,149,
18,45480106,391,265,
18,45480317,258,106,
18,45480354,40,25,
18,45480414,30,1,
18,45480422,63,32,
18,45480506,294,150,
18,45480510,14,5,
18,45480584,5,0,
18,45480622,355,311,
18,45481008,121,29,
18,45481228,5,7,
18,45481298,131,78,
18,45481609,262,176,
18,45481656,6,2,
18,45481700,10,0,
18,45481776,13,5,
18,45481866,7,1,
18,45481885,9,0,
18,45481892,300,119,
18,45482106,272,197,
18,45482198,15,1,
18,45482309,51,58,
18,45482333,112,40,
18,45482467,173,131,
18,45482484,163,168,
18,45482516,235,256,
18,45482577,34,4,
18,45482710,8,0,
18,45482719,169,110,
18,45482726,56,12,
18,45483166,21,5,
18,45483205,38,9,
18,45483211,7,0,
18,45483275,92,47,
18,45483386,1924,858,10
18,45483435,4,1,
18,45483531,159,58,
18,45483651,49,43,
18,45483820,7,0,
18,45483834,28,0,
18,45483924,317,79,
18,45484028,30,9,
18,45484123,24,4,
18,45484165,6,1,
18,45484284,110,43,
18,45484294,20,22,
18,45484355,13,13,
18,45484737,15,1,
18,45485023,22,1,
18,45485089,81,56,
18,45485175,159,110,
18,45485232,14,0,
18,45485440,41,22,
18,45485546,84,133,
18,45485611,36,22,
18,45485736,136,45,
18,45485782,25,7,
18,45485806,366,548,
18,45485942,11,1,
18,45486031,100,94,
18,45486062,34,3,
18,45486082,12,0,
18,45486210,8,1,
18,45486306,83,22,
18,45486376,14,7,
18,45486449,11,4,
18,45486634,18,3,
18,45486670,22,1,
18,45486825,76,12,
18,45486829,96,132,
18,45486918,11,1,
18,45487044,643,341,
18,45487099,11,4,
18,45487247,19,2,
18,45487412,30,2,
18,45487452,127,70,
18,45487476,566,79,30
18,45487519,47,70,
18,45487523,7,0,
18,45487604,8,3,
18,45487629,47,10,
18,45487771,326,138,14
18,45487841,29,3,
18,45488233,15,9,
18,45488261,375,140,28
18,45488441,149,85,18
18,45488605,91,14,
18,45488690,4,0,
18,45488713,108,45,21
18,45488729,118,120,
18,45489374,9,3,
18,45489533,268,51,5
18,45489581,38,1,
18,45490439,181,97,7
18,45490549,291,242,13
18,45490578,249,163,
18,45491315,4,0,
18,45491609,147,24,1
18,45491621,195,44,2
18,45492036,14,6,
18,45492175,6,1,
18,45492432,16,16,
18,45492522,8,0,
18,45492564,52,22,3
18,45492888,85,89,11
18,45493143,52,63,16
18,45493255,49,43,17
18,45493287,208,155,4
18,45493301,109,107,6
18,45493358,295,68,1
18,45493390,12,4,
18,45493432,7,0,
18,45493498,11,0,
18,45493593,10,1,
18,45493713,7,4,
18,45493815,42,1,12
18,45493943,7,2,
18,45494014,9,1,
18,45494099,5,2,
18,45494126,8,1,
18,45494300,29,35,12
18,45494558,34,9,1
18,45494575,3,0,
18,45494730,3,1,
19,45405144,133,59,
19,45406090,126,80,
19,45406645,87,18,
19,45406804,48,18,
19,45406879,68,19,
19,45407953,501,110,
19,45408021,857,92,
19,45408229,352,69,
19,45408473,65,20,
19,45409526,88,29,
19,45409552,141,41,
19,45409794,1473,563,
19,45410068,439,86,
19,45411254,37,36,
19,45411291,94,55,
19,45411435,96,25,
19,45411514,97,43,
19,45411799,65,29,
19,45411831,220,45,
19,45411866,34,0,
19,45412263,106,35,
19,45412472,28,10,
19,45412870,250,108,
19,45412938,102,60,
19,45413059,78,68,
19,45413083,293,436,
19,45413208,34,10,18
19,45413294,193,61,
19,45413525,170,79,
19,45413588,107,22,
19,45414479,117,32,
19,45414718,224,138,
19,45414933,124,85,
19,45415178,83,5,
19,45415196,39,32,
19,45415207,385,54,
19,45415332,137,59,
19,45415510,120,30,
19,45415519,110,197,
19,45415539,138,85,
19,45415591,121,80,
19,45415814,89,26,
19,45415962,1581,786,
19,45416080,247,361,
19,45416228,840,412,
19,45416552,45,0,
19,45416670,45,36,
19,45416706,183,58,
19,45417070,34,1,
19,45417637,132,112,
19,45417826,205,70,
19,45418251,146,31,
19,45418261,258,192,
19,45418675,308,998,
19,45418875,61,4,
19,45419780,117,72,
19,45420173,227,79,
19,45420685,117,36,
19,45420722,348,76,
19,45421067,89,19,
19,45421302,116,61,
19,45421564,262,423,
19,45421812,160,108,
19,45422147,696,114,
19,45422315,91,22,
19,45422514,151,70,
19,45422653,106,20,
19,45422717,65,96,
19,45423014,146,250,
19,45423363,122,139,
19,45423404,546,168,
19,45423917,531,337,
19,45423954,49,21,
19,45424223,62,9,
19,45424431,11,3,
19,45424648,139,206,
19,45424704,204,202,
19,45424827,262,344,
19,45424888,590,704,
19,45425061,251,308,
19,45425298,159,60,
19,45425568,307,47,
19,45425714,73,9,
19,45425746,211,117,
19,45426099,63,15,
19,45426490,937,439,
19,45426649,6,0,
19,45426680,284,117,
19,45427059,136,28,
19,45427061,31,4,
19,45427111,124,74,
19,45427197,314,551,
19,45427482,164,30,
19,45427697,175,84,
19,45427774,41,0,
19,45427972,266,264,
19,45427982,901,876,
19,45428020,46,14,
19,45428482,303,481,
19,45428832,101,114,
19,45429590,18,11,
19,45430294,204,51,
19,45430498,644,378,
19,45430542,108,58,
19,45430604,286,61,
19,45431001,274,77,
19,45431115,173,30,
19,45431167,158,58,
19,45431489,48,3,
19,45431526,32,6,
19,45432130,6,0,
19,45432627,76,81,
19,45432656,28,6,
19,45432977,72,57,
19,45433743,40,58,
19,45433768,386,102,
19,45433926,90,23,
19,45433936,70,107,
19,45434417,130,25,
19,45434511,48,14,
19,45434678,75,10,
19,45434758,13,0,
19,45434941,142,35,
19,45435016,62,89,
19,45435100,196,88,
19,45435272,83,3,
19,45435375,311,55,
19,45435422,217,83,
19,45435463,367,350,
19,45435606,286,224,
19,45435608,97,28,
19,45435677,29,5,
19,45435681,14,0,
19,45435720,52,67,
19,45435819,24,3,
19,45435825,290,194,
19,45436010,81,53,
19,45436027,55,19,
19,45436083,28,1,
19,45436148,46,17,
19,45436289,166,141,
19,45437027,86,18,
19,45437044,151,110,
19,45437112,165,114,
19,45437135,32,8,
19,45437323,85,7,
19,45437594,129,36,
19,45437735,158,162,
19,45437759,384,125,
19,45437893,411,214,
19,45437903,118,59,
19,45438288,28,11,
19,45438346,771,852,
19,45438496,410,273,
19,45438501,100,361,
19,45438503,239,405,
19,45438704,78,29,
19,45438713,70,0,
19,45439670,652,366,
19,45439684,129,64,
19,45439721,107,18,
19,45439997,288,179,
19,45440071,129,32,
19,45440180,104,36,
19,45440431,277,80,
19,45440571,584,307,
19,45441069,1295,189,
19,45441219,150,89,
19,45441222,168,83,
19,45441539,9,0,
19,45442221,95,75,
19,45442743,145,186,
19,45442752,47,31,
19,45443200,34,30,
19,45443298,209,86,
19,45443441,72,36,
19,45443462,160,37,
19,45443662,35,48,
19,45444062,47,5,
19,45444694,284,137,
19,45444926,32,8,
19,45445114,166,14,
19,45445551,19,0,
19,45446654,23,3,
19,45446834,543,158,
19,45447057,166,51,
19,45447226,283,43,26
19,45447536,535,345,
19,45447699,1193,1344,
19,45447920,44,3,
19,45448326,326,239,
19,45448416,200,95,
19,45448747,279,96,25
19,45448772,246,60,
19,45448825,213,72,
19,45448839,208,75,
19,45449348,536,188,
19,45449670,25,4,
19,45450044,174,103,
19,45450392,121,29,
19,45450449,252,268,
19,45450525,254,145,
19,45450694,79,182,
19,45451103,135,143,
19,45451527,633,281,
19,45451547,53,28,
19,45451577,351,145,
19,45451961,86,49,
19,45451971,66,104,
19,45452033,56,46,
19,45452261,200,151,
19,45452472,160,137,8
19,45452480,81,73,
19,45453222,269,87,
19,45453299,36,23,
19,45453372,14,1,10
19,45453448,215,125,
19,45453586,553,692,
19,45453818,44,42,23
19,45453936,423,187,
19,45454374,136,45,
19,45454460,270,287,
19,45454861,21,3,
19,45454940,96,60,
19,45455164,413,253,
19,45455356,12,0,
19,45455608,32,10,
19,45455648,39,3,
19,45455650,16,2,
19,45455719,106,100,
19,45455882,315,298,
19,45456003,28,18,
19,45456188,206,118,
19,45456965,171,60,13
19,45457143,16,7,
19,45457411,54,8,
19,45457460,74,40,
19,45457670,365,537,
19,45458050,51,9,3
19,45458122,260,149,
19,45458249,118,18,
19,45458455,220,103,
19,45458550,100,59,
19,45458948,336,166,
19,45459233,354,147,
19,45459466,105,9,21
19,45460341,3,0,
19,45461500,471,224,
19,45462143,48,10,
19,45462297,185,100,
19,45462713,94,30,
19,45462863,134,247,
19,45463130,8,2,
19,45463251,134,51,
19,45463319,268,21,
19,45463403,16,0,
19,45463626,139,28,
19,45463642,189,129,
19,45463656,276,217,
19,45463932,16,4,13
19,45464145,24,2,
19,45464269,218,93,
19,45464360,24,55,
19,45464407,9,0,
19,45464429,288,625,
19,45464611,17,0,
19,45464632,235,87,
19,45464921,591,134,
19,45464984,228,359,
19,45465091,129,27,
19,45465276,41,9,
19,45465392,82,32,
19,45465821,44,13,17
19,45465824,57,5,8
19,45466086,422,240,
19,45466150,18,20,
19,45466449,43,12,
19,45466588,220,74,
19,45466655,52,13,
19,45466865,74,16,
19,45466980,146,54,
19,45467032,132,108,
19,45467166,163,50,
19,45467193,20,3,15
19,45467500,497,555,
19,45467503,30,3,
19,45467543,187,138,
19,45468043,20,2,
19,45468320,23,14,
19,45468418,69,42,
19,45468455,12,0,
19,45468579,45,23,
19,45468593,13,6,
19,45468599,36,3,
19,45468698,430,205,
19,45468781,151,109,
19,45469123,14,2,
19,45469285,112,25,
19,45469394,26,0,
19,45469436,180,37,
19,45469437,135,176,
19,45469468,145,137,
19,45469541,113,78,25
19,45469548,7,2,
19,45469579,204,81,
19,45469658,73,53,
19,45470206,135,110,
19,45470473,7,0,
19,45470513,68,78,
19,45470559,49,1,
19,45470578,30,2,
19,45471136,256,98,
19,45471475,7,0,
19,45471573,97,118,
19,45472319,297,22,
19,45472347,9,1,
19,45472487,5,1,
19,45472614,167,123,
19,45472678,197,66,
19,45472765,161,36,
19,45472924,7,0,
19,45473019,131,121,
19,45473033,246,210,
19,45473446,37,8,
19,45473516,49,0,
19,45473581,59,81,
19,45473698,347,253,
19,45473730,266,180,
19,45473763,4,1,
19,45473772,32,5,
19,45473852,343,199,
19,45473861,286,218,
19,45473915,4,0,
19,45474050,60,10,
19,45474189,3,0,
19,45474192,12,1,
19,45474346,57,86,
19,45474397,5,0,
19,45474638,8,1,
19,45474882,8,1,
19,45474900,103,35,
19,45474988,4,0,
19,45475220,39,7,
19,45475240,10,0,
19,45475329,34,0,
19,45475416,3,0,
19,45475471,28,0,
19,45475528,95,39,
19,45475529,320,168,
19,45475556,5,0,
19,45475623,11,0,
19,45475808,223,73,
19,45476045,188,168,
19,45476273,390,154,
19,45476346,4,1,
19,45476371,14,3,
19,45476733,19,1,
19,45476820,202,161,
19,45476821,113,5,
19,45476979,18,0,
19,45477118,68,6,
19,45477162,18,6,
19,45477192,118,98,
19,45477194,5,1,
19,45477206,239,100,
19,45477394,27,3,
19,45477516,51,12,
19,45477661,149,82,
19,45477742,76,20,
19,45477923,6,0,
19,45477971,79,42,
19,45477983,5,2,
19,45478033,119,33,
19,45478300,87,78,
19,45478553,117,58,
19,45478749,531,463,
19,45478780,303,40,
19,45479006,215,85,
19,45479165,418,262,
19,45479820,173,149,
19,45480106,391,265,
19,45480317,259,106,
19,45480354,40,25,
19,45480414,30,1,
19,45480422,63,32,
19,45480506,295,150,
19,45480510,14,5,
19,45480584,5,0,
19,45480622,356,311,
19,45481008,121,29,
19,45481228,5,7,
19,45481298,131,78,
19,45481609,263,177,
19,45481656,7,2,
19,45481776,13,5,
19,45481885,9,0,
19,45481892,302,119,
19,45482106,272,202,
19,45482198,15,1,
19,45482309,51,58,
19,45482333,112,43,
19,45482467,174,135,
19,45482484,164,170,
19,45482516,236,257,
19,45482577,34,4,
19,45482710,8,0,
19,45482719,169,112,
19,45482726,57,12,
19,45483166,21,5,
19,45483205,38,9,
19,45483211,7,0,
19,45483275,93,47,
19,45483386,1946,866,19
19,45483435,4,1,
19,45483531,159,59,
19,45483651,49,43,
19,45483820,7,0,
19,45483834,28,0,
19,45483924,324,80,
19,45484028,31,9,
19,45484123,25,4,
19,45484165,6,1,
19,45484284,111,45,
19,45484355,13,13,
19,45484737,15,1,
19,45485023,22,1,
19,45485089,81,57,
19,45485175,160,115,
19,45485232,14,0,
19,45485440,41,22,
19,45485546,86,139,
19,45485611,37,22,
19,45485736,139,45,
19,45485782,26,7,
19,45485806,375,554,
19,45485942,11,1,
19,45486031,100,94,
19,45486062,34,3,
19,45486082,12,0,
19,45486210,8,1,
19,45486306,85,23,
19,45486376,14,7,
19,45486449,12,4,
19,45486634,19,3,
19,45486670,22,1,
19,45486825,76,12,
19,45486829,99,135,
19,45486918,11,1,
19,45487044,651,352,
19,45487099,11,4,
19,45487247,19,2,
19,45487412,30,2,
19,45487452,130,70,
19,45487476,588,83,30
19,45487519,48,71,
19,45487523,7,0,
19,45487604,8,3,
19,45487629,48,10,
19,45487771,356,155,16
19,45487841,29,3,
19,45488233,16,9,
19,45488261,384,143,27
19,45488441,151,87,21
19,45488605,93,16,
19,45488690,4,0,
19,45488713,115,45,20
19,45488729,120,123,
19,45489374,9,4,
19,45489533,278,54,7
19,45489581,38,1,
19,45490439,191,111,12
19,45490549,312,261,14
19,45490578,252,166,
19,45491315,4,0,
19,45491609,156,26,4
19,45491621,216,46,3
19,45491675,5,0,
19,45492036,15,6,
19,45492055,12,0,24
19,45492175,6,1,
19,45492410,144,87,
19,45492432,21,19,
19,45492522,8,0,
19,45492564,56,30,5
19,45492803,25,1,
19,45492888,100,106,13
19,45493143,60,98,16
19,45493255,56,54,
19,45493287,213,172,
19,45493301,121,123,
19,45493358,437,108,2
19,45493390,16,8,
19,45493432,10,0,18
19,45493498,13,0,
19,45493593,15,1,
19,45493609,7,1,
19,45493673,3,0,
19,45493713,11,5,10
19,45493718,4,0,
19,45493809,4,1,
19,45493815,73,27,11
19,45493943,11,3,
19,45494014,10,1,
19,45494099,12,2,
19,45494126,30,6,19
19,45494300,34,64,
19,45494558,113,74,1
19,45494575,17,17,
19,45494592,20,7,23
19,45494730,33,19,12
19,45494796,5,1,
19,45494810,8,1,
20,45405144,133,59,
20,45406090,126,80,
20,45406645,87,18,
20,45406804,48,18,
20,45406879,68,19,
20,45407953,501,110,
20,45408021,858,92,
20,45408473,65,20,
20,45409552,141,41,
20,45409794,1473,563,
20,45410068,439,86,
20,45411254,37,36,
20,45411291,94,55,
20,45411435,96,25,
20,45411514,97,43,
20,45411831,220,45,
20,45412263,106,35,
20,45412472,28,10,
20,45412870,250,108,
20,45412938,102,60,
20,45413059,78,68,
20,45413083,293,436,
20,45413208,34,14,
20,45413294,193,61,
20,45413525,170,79,
20,45413588,107,22,
20,45414479,117,32,
20,45414718,224,138,
20,45414933,124,85,
20,45415196,39,32,
20,45415207,385,54,
20,45415332,137,59,
20,45415510,120,30,
20,45415519,110,197,
20,45415539,138,85,
20,45415591,121,80,
20,45415814,89,26,
20,45415962,1581,786,
20,45416080,247,361,
20,45416228,840,412,
20,45416552,45,0,
20,45416670,45,36,
20,45416706,183,58,
20,45417070,34,1,
20,45417637,132,112,
20,45417826,205,70,
20,45418251,146,31,
20,45418261,258,192,
20,45418675,308,998,
20,45419780,117,72,
20,45420173,227,79,
20,45420685,117,36,
20,45420722,348,76,
20,45421067,89,19,
20,45421302,116,61,
20,45421564,262,423,
20,45421812,160,108,
20,45422147,696,114,
20,45422315,91,22,
20,45422514,151,70,
20,45422653,106,20,
20,45422717,65,96,
20,45423014,146,250,
20,45423363,122,139,
20,45423404,546,169,
20,45423917,531,337,
20,45423954,49,21,
20,45424223,62,9,
20,45424431,11,3,
20,45424648,139,206,
20,45424704,204,202,
20,45424827,262,344,
20,45424888,590,704,
20,45425061,251,308,
20,45425298,159,60,
20,45425568,307,47,
20,45425714,73,9,
20,45425746,211,117,
20,45426099,63,15,
20,45426490,937,439,
20,45426649,6,0,
20,45426680,284,117,
20,45427059,136,28,
20,45427061,31,4,
20,45427111,124,74,
20,45427197,314,551,
20,45427482,164,30,
20,45427697,175,84,
20,45427774,41,0,
20,45427972,266,264,
20,45427982,901,876,
20,45428020,46,14,
20,45428482,303,481,
20,45428832,103,116,
20,45430294,204,51,
20,45430498,644,378,
20,45430542,108,58,
20,45430604,286,61,
20,45431001,274,77,
20,45431115,173,30,
20,45431167,158,58,
20,45431489,48,3,
20,45431526,32,6,
20,45432130,6,0,
20,45432627,76,81,
20,45432656,28,6,
20,45432977,72,57,
20,45433743,41,58,
20,45433768,386,102,
20,45433926,90,23,
20,45433936,70,107,
20,45434417,130,25,
20,45434511,48,14,
20,45434678,75,10,
20,45434758,13,0,
20,45434941,142,35,
20,45435016,62,89,
20,45435100,196,87,
20,45435272,83,3,
20,45435375,311,55,
20,45435422,217,83,
20,45435463,367,350,
20,45435606,286,224,
20,45435608,97,28,
20,45435677,29,5,
20,45435681,14,0,
20,45435720,52,67,
20,45435819,24,3,
20,45435825,290,194,
20,45436010,81,53,
20,45436027,55,19,
20,45436083,28,1,
20,45436148,46,17,
20,45436289,166,141,
20,45437027,86,18,
20,45437044,151,110,
20,45437112,165,114,
20,45437135,32,8,
20,45437323,85,7,
20,45437594,129,36,
20,45437735,158,163,
20,45437759,384,125,
20,45437893,411,214,
20,45437903,118,59,
20,45438288,28,11,
20,45438346,773,853,
20,45438496,410,273,
20,45438501,100,362,
20,45438503,240,405,
20,45438704,78,29,
20,45438713,70,0,
20,45439670,653,366,
20,45439684,129,64,
20,45439721,107,18,
20,45439997,288,179,
20,45440071,129,32,
20,45440180,104,36,
20,45440431,277,80,
20,45440571,584,307,
20,45441069,1295,189,
20,45441219,150,89,
20,45441222,168,83,
20,45441539,9,0,
20,45442221,96,75,
20,45442752,47,31,
20,45443200,34,30,
20,45443298,210,86,
20,45443441,72,36,
20,45443462,160,37,
20,45443662,35,48,
20,45444062,48,5,
20,45444694,284,137,
20,45444926,32,8,
20,45445114,166,14,
20,45445551,19,0,
20,45446654,23,3,
20,45446834,543,158,
20,45447057,166,51,
20,45447226,285,44,
20,45447536,535,345,
20,45447699,1193,1346,
20,45447920,45,4,
20,45448326,326,239,
20,45448416,200,95,
20,45448747,283,96,
20,45448772,246,60,
20,45448825,213,72,
20,45448839,208,75,
20,45449015,3,0,
20,45449348,536,188,
20,45449670,25,4,
20,45450044,174,103,
20,45450392,121,29,
20,45450449,252,268,
20,45450525,254,145,
20,45450694,79,182,
20,45451103,135,143,
20,45451217,22,0,
20,45451527,633,281,
20,45451547,53,28,
20,45451577,352,145,
20,45451961,86,49,
20,45451971,66,104,
20,45452033,56,46,
20,45452261,200,151,
20,45452472,192,163,8
20,45452480,82,73,
20,45453222,269,87,
20,45453299,36,23,
20,45453372,17,1,17
20,45453448,215,125,
20,45453586,553,692,
20,45453818,45,42,
20,45453936,424,187,
20,45454374,136,45,
20,45454460,270,287,
20,45454861,21,5,
20,45454940,96,60,
20,45455164,413,253,
20,45455356,13,0,
20,45455608,32,11,
20,45455648,40,3,
20,45455650,16,2,
20,45455719,106,100,
20,45455882,315,298,
20,45456003,28,18,
20,45456188,206,118,
20,45456965,185,60,14
20,45457143,16,7,
20,45457411,54,8,
20,45457460,74,40,
20,45457670,365,538,
20,45458050,81,27,2
20,45458122,261,149,
20,45458249,118,18,
20,45458455,220,103,
20,45458550,100,59,
20,45458948,336,166,
20,45459233,354,147,
20,45459466,107,9,
20,45460341,4,0,
20,45461500,472,224,
20,45461861,5,1,
20,45462143,48,10,
20,45462297,185,100,
20,45462713,94,30,
20,45462863,134,247,
20,45463130,8,2,
20,45463251,134,51,
20,45463319,268,21,
20,45463403,16,1,
20,45463626,139,28,
20,45463642,189,129,
20,45463656,276,217,
20,45463932,17,4,17
20,45464145,24,2,
20,45464269,218,93,
20,45464360,24,55,
20,45464407,9,0,
20,45464429,288,625,
20,45464611,17,0,
20,45464632,236,87,
20,45464786,10,1,
20,45464921,591,134,
20,45464984,229,359,
20,45465091,129,27,
20,45465276,41,9,
20,45465392,82,32,
20,45465821,45,13,29
20,45465824,66,6,11
20,45466086,422,240,
20,45466150,19,20,
20,45466449,43,12,
20,45466588,220,74,
20,45466655,52,13,
20,45466865,74,16,
20,45466980,146,54,
20,45467032,132,108,
20,45467166,163,50,
20,45467193,23,5,25
20,45467500,497,555,
20,45467503,30,3,
20,45467543,188,138,
20,45468043,20,2,
20,45468320,23,14,
20,45468418,69,42,
20,45468455,12,0,
20,45468579,45,23,
20,45468593,13,6,
20,45468599,36,3,
20,45468698,430,205,
20,45468781,152,109,
20,45469123,14,2,
20,45469285,112,25,
20,45469376,27,4,
20,45469394,26,0,
20,45469436,181,37,
20,45469437,135,176,
20,45469468,146,137,
20,45469541,127,83,23
20,45469548,7,2,
20,45469579,204,81,
20,45469658,73,53,
20,45470206,135,110,
20,45470513,68,78,
20,45470559,49,1,
20,45471136,256,98,
20,45471475,7,0,
20,45471573,97,118,
20,45472319,297,22,
20,45472347,9,1,
20,45472487,5,1,
20,45472614,167,123,
20,45472678,197,66,
20,45472765,161,36,
20,45472924,7,0,
20,45473019,131,121,
20,45473033,247,210,
20,45473446,37,8,
20,45473516,49,0,
20,45473581,59,81,
20,45473698,348,253,
20,45473730,266,180,
20,45473772,32,5,
20,45473852,344,200,
20,45473861,286,218,
20,45474050,60,10,
20,45474192,13,1,
20,45474346,58,86,
20,45474397,5,0,
20,45474638,9,1,
20,45474882,8,1,
20,45474900,103,35,
20,45474988,4,0,
20,45475220,39,7,
20,45475240,10,0,
20,45475329,34,0,
20,45475416,3,0,
20,45475471,28,0,
20,45475528,95,39,
20,45475529,320,168,
20,45475556,5,0,
20,45475623,11,0,
20,45475808,223,73,
20,45476045,188,168,
20,45476273,391,154,
20,45476346,4,1,
20,45476371,14,3,
20,45476733,19,1,
20,45476820,202,161,
20,45476821,113,5,
20,45476979,18,0,
20,45477118,68,6,
20,45477162,18,6,
20,45477192,118,98,
20,45477194,5,1,
20,45477206,240,103,
20,45477394,27,3,
20,45477516,51,12,
20,45477661,149,82,
20,45477742,76,20,
20,45477923,6,0,
20,45477971,79,42,
20,45477983,5,2,
20,45478033,120,33,
20,45478300,87,78,
20,45478553,117,58,
20,45478749,532,466,
20,45478780,304,40,
20,45479006,215,85,
20,45479165,418,263,
20,45479820,173,150,
20,45480106,392,265,
20,45480317,260,106,
20,45480354,54,25,21
20,45480414,30,1,
20,45480422,64,32,
20,45480506,296,150,
20,45480510,14,5,
20,45480584,5,0,
20,45480622,356,313,
20,45481008,121,29,
20,45481228,6,7,
20,45481298,131,78,
20,45481609,264,179,
20,45481656,7,2,
20,45481776,13,5,
20,45481885,9,0,
20,45481892,303,119,
20,45482106,273,202,
20,45482198,15,1,
20,45482309,51,58,
20,45482333,114,43,
20,45482467,174,135,
20,45482484,164,170,
20,45482516,238,263,
20,45482577,34,4,
20,45482710,8,0,
20,45482719,169,112,
20,45482726,57,13,
20,45483166,21,5,
20,45483205,38,9,
20,45483211,7,0,
20,45483275,93,47,
20,45483386,1962,874,28
20,45483435,4,1,
20,45483531,161,59,
20,45483651,49,43,
20,45483820,7,0,
20,45483834,28,0,
20,45483924,328,80,
20,45484028,31,9,
20,45484123,25,4,
20,45484165,7,2,
20,45484284,112,45,
20,45484294,20,22,
20,45484355,13,13,
20,45484737,15,1,
20,45485023,22,1,
20,45485089,81,57,
20,45485175,160,115,
20,45485232,14,0,
20,45485440,41,22,
20,45485546,86,141,
20,45485611,38,22,
20,45485736,139,46,
20,45485782,26,7,
20,45485806,381,566,
20,45485942,11,1,
20,45486031,100,94,
20,45486062,35,3,
20,45486082,12,0,
20,45486210,8,1,
20,45486306,87,23,
20,45486376,14,7,
20,45486449,13,4,
20,45486634,19,3,
20,45486670,24,1,
20,45486825,78,12,
20,45486829,99,135,
20,45486918,12,1,
20,45487044,655,358,
20,45487099,11,4,
20,45487247,19,2,
20,45487412,30,2,
20,45487452,132,70,
20,45487476,592,84,
20,45487519,58,97,18
20,45487523,7,0,
20,45487604,8,3,
20,45487629,48,10,
20,45487771,382,180,16
20,45487841,29,3,
20,45488233,17,9,
20,45488261,394,147,26
20,45488441,155,90,27
20,45488605,94,19,
20,45488690,4,0,
20,45488713,119,48,23
20,45488729,120,123,
20,45489374,9,4,
20,45489533,298,55,7
20,45489581,38,1,
20,45489999,13,6,9
20,45490439,200,115,22
20,45490549,337,275,20
20,45490578,254,166,
20,45491315,4,0,
20,45491563,5,3,
20,45491609,164,28,5
20,45491621,243,50,4
20,45491675,6,0,
20,45492036,15,7,
20,45492055,16,1,24
20,45492175,7,1,
20,45492410,148,88,
20,45492432,22,22,
20,45492522,8,0,
20,45492564,60,33,6
20,45492803,84,16,1
20,45492888,111,116,30
20,45493143,102,138,12
20,45493255,58,58,
20,45493287,219,188,
20,45493301,124,129,
20,45493358,525,135,3
20,45493390,19,15,
20,45493432,18,3,18
20,45493498,14,0,
20,45493593,20,1,
20,45493609,9,1,
20,45493673,3,0,
20,45493713,13,5,14
20,45493718,10,1,
20,45493809,6,3,
20,45493815,78,30,
20,45493943,11,5,
20,45494014,13,1,
20,45494099,13,3,
20,45494126,58,73,2
20,45494300,35,67,
20,45494558,156,138,1
20,45494575,20,35,
20,45494730,53,72,13
20,45494796,7,1,
20,45494810,10,1,
20,45494874,7,0,
20,45495684,9,4,
20,45495711,5,2,11
20,45495785,3,0,
20,45495886,6,1,
21,45405144,133,59,
21,45406090,126,80,
21,45406645,87,18,
21,45406804,48,18,
21,45406879,68,19,
21,45407953,501,110,
21,45408021,858,92,
21,45408473,65,20,
21,45409552,141,41,
21,45409794,1473,563,
21,45410068,439,86,
21,45411254,37,36,
21,45411291,94,55,
21,45411435,96,25,
21,45411514,97,43,
21,45411831,220,45,
21,45412263,106,35,
21,45412472,28,10,
21,45412870,250,108,
21,45412938,102,60,
21,45413059,78,68,
21,45413083,293,436,
21,45413208,37,14,
21,45413294,193,61,
21,45413525,170,79,
21,45413588,107,22,
21,45414479,117,32,
21,45414718,224,138,
21,45414933,124,85,
21,45415196,39,32,
21,45415207,385,54,
21,45415332,137,59,
21,45415510,120,30,
21,45415519,110,197,
21,45415539,138,85,
21,45415591,121,80,
21,45415814,89,26,
21,45415962,1581,786,
21,45416080,247,361,
21,45416228,840,412,
21,45416552,45,0,
21,45416670,45,36,
21,45416706,183,58,
21,45417070,34,1,
21,45417637,132,112,
21,45417826,205,70,
21,45418251,146,31,
21,45418261,258,192,
21,45418675,308,999,
21,45419780,117,72,
21,45420685,118,36,
21,45420722,348,76,
21,45421067,89,19,
21,45421302,116,61,
21,45421564,262,423,
21,45421812,160,108,
21,45422147,697,114,
21,45422315,91,22,
21,45422514,151,70,
21,45422653,106,20,
21,45422717,65,96,
21,45423014,146,250,
21,45423363,122,139,
21,45423404,546,169,
21,45423917,532,337,
21,45423954,49,21,
21,45424223,62,9,
21,45424431,11,3,
21,45424648,139,206,
21,45424704,204,202,
21,45424827,262,344,
21,45424888,590,704,
21,45425061,251,308,
21,45425298,159,60,
21,45425568,307,47,
21,45425714,73,9,
21,45425746,211,117,
21,45426099,63,15,
21,45426490,937,439,
21,45426649,6,0,
21,45426680,284,117,
21,45427059,136,28,
21,45427197,314,551,
21,45427482,164,30,
21,45427697,175,84,
21,45427774,41,0,
21,45427972,266,265,
21,45427982,901,876,
21,45428482,303,481,
21,45428832,103,116,
21,45430294,204,51,
21,45430498,644,378,
21,45430542,108,58,
21,45430604,286,61,
21,45431001,274,77,
21,45431115,173,30,
21,45431167,158,58,
21,45431489,48,3,
21,45431526,32,6,
21,45432627,76,81,
21,45432656,28,6,
21,45432977,72,57,
21,45433743,41,58,
21,45433768,386,102,
21,45433926,90,23,
21,45433936,70,107,
21,45434417,130,25,
21,45434511,48,14,
21,45434678,75,10,
21,45434758,13,0,
21,45434941,142,35,
21,45435016,62,89,
21,45435100,196,87,
21,45435272,83,3,
21,45435375,311,55,
21,45435422,217,83,
21,45435463,367,350,
21,45435606,287,224,
21,45435608,97,28,
21,45435677,29,5,
21,45435681,14,0,
21,45435720,52,67,
21,45435819,24,3,
21,45435825,290,194,
21,45436010,81,53,
21,45436027,55,19,
21,45436083,28,1,
21,45436148,46,17,
21,45436289,166,141,
21,45437027,86,18,
21,45437044,151,110,
21,45437112,165,114,
21,45437135,32,8,
21,45437323,85,7,
21,45437594,129,36,
21,45437735,158,163,
21,45437759,384,125,
21,45437893,411,214,
21,45437903,118,59,
21,45438288,28,12,
21,45438346,774,853,
21,45438496,410,273,
21,45438501,100,363,
21,45438503,240,405,
21,45438704,78,29,
21,45438713,70,0,
21,45439670,653,366,
21,45439684,129,64,
21,45439721,107,18,
21,45439997,288,179,
21,45440071,129,32,
21,45440180,104,36,
21,45440431,277,80,
21,45440571,584,307,
21,45441069,1295,189,
21,45441219,150,89,
21,45441222,168,83,
21,45441539,9,0,
21,45442221,96,75,
21,45442752,47,31,
21,45443200,34,30,
21,45443298,210,86,
21,45443441,72,36,
21,45443462,160,37,
21,45443662,36,48,
21,45444062,48,5,
21,45444694,284,137,
21,45444926,32,8,
21,45445114,166,14,
21,45445551,19,0,
21,45446654,23,3,
21,45446834,543,158,
21,45447057,166,51,
21,45447226,285,44,
21,45447536,535,345,
21,45447699,1193,1347,
21,45447920,46,4,
21,45448326,326,239,
21,45448416,201,95,
21,45448747,288,98,
21,45448772,246,60,
21,45448825,213,72,
21,45448839,208,75,
21,45449015,48,8,3
21,45449348,536,188,
21,45449670,25,4,
21,45450044,174,103,
21,45450392,122,30,
21,45450449,252,268,
21,45450525,254,145,
21,45450694,79,182,
21,45451103,135,143,
21,45451217,32,1,15
21,45451527,633,281,
21,45451547,53,28,
21,45451577,352,145,
21,45451961,86,49,
21,45451971,66,104,
21,45452033,56,46,
21,45452261,200,151,
21,45452472,212,187,9
21,45452480,82,73,
21,45453222,269,87,
21,45453299,36,23,
21,45453372,21,1,28
21,45453448,215,125,
21,45453586,553,693,
21,45453818,46,42,
21,45453936,425,187,
21,45454374,136,45,
21,45454460,270,287,
21,45454940,97,61,
21,45455164,413,253,
21,45455356,14,0,
21,45455608,32,11,
21,45455648,40,3,
21,45455650,18,2,
21,45455719,106,100,
21,45455882,315,298,
21,45456003,28,18,
21,45456188,206,118,
21,45456965,193,63,20
21,45457143,16,7,
21,45457411,54,8,
21,45457460,74,40,
21,45457670,365,538,
21,45457825,11,0,7
21,45458050,89,32,13
21,45458122,261,149,
21,45458249,118,18,
21,45458455,220,103,
21,45458550,100,59,
21,45458948,336,166,
21,45459233,354,147,
21,45459466,107,13,
21,45460341,5,0,
21,45461500,472,224,
21,45461861,5,1,
21,45462143,48,10,
21,45462297,185,100,
21,45462713,94,30,
21,45462863,134,247,
21,45463251,134,51,
21,45463319,268,21,
21,45463403,16,1,
21,45463626,140,28,
21,45463642,189,129,
21,45463656,276,217,
21,45463932,21,4,28
21,45464145,24,2,
21,45464269,218,93,
21,45464360,24,55,
21,45464407,9,0,
21,45464429,288,625,
21,45464611,17,0,
21,45464632,236,87,
21,45464786,10,1,
21,45464921,591,134,
21,45464984,229,359,
21,45465091,129,27,
21,45465276,41,9,
21,45465392,82,33,
21,45465821,46,13,
21,45465824,71,7,18
21,45466086,422,240,
21,45466150,19,20,
21,45466449,43,12,
21,45466588,220,74,
21,45466655,52,13,
21,45466865,74,16,
21,45466980,146,55,
21,45467032,132,108,
21,45467166,163,50,
21,45467193,25,5,
21,45467500,497,555,
21,45467503,30,3,
21,45467543,188,138,
21,45468043,20,2,
21,45468320,23,14,
21,45468418,69,42,
21,45468455,12,0,
21,45468579,45,23,
21,45468593,13,6,
21,45468599,36,3,
21,45468698,430,205,
21,45468781,152,109,
21,45469123,14,2,
21,45469285,114,25,
21,45469376,93,38,5
21,45469394,26,0,
21,45469436,182,37,
21,45469437,135,176,
21,45469468,146,137,
21,45469541,134,84,29
21,45469548,7,2,
21,45469579,204,81,
21,45469658,73,56,
21,45470206,135,110,
21,45470513,68,78,
21,45470559,49,1,
21,45471136,256,98,
21,45471475,7,0,
21,45471573,97,118,
21,45472319,297,22,
21,45472347,9,1,
21,45472487,5,1,
21,45472614,167,123,
21,45472678,197,66,
21,45472765,161,36,
21,45472924,7,0,
21,45473019,131,121,
21,45473033,247,210,
21,45473446,37,8,
21,45473516,49,0,
21,45473581,59,81,
21,45473698,348,253,
21,45473730,266,180,
21,45473772,32,5,
21,45473852,344,200,
21,45473861,286,218,
21,45474050,60,10,
21,45474192,13,1,
21,45474346,58,86,
21,45474397,5,0,
21,45474638,9,1,
21,45474882,8,1,
21,45474900,103,36,
21,45475220,39,7,
21,45475329,34,0,
21,45475416,3,0,
21,45475471,28,0,
21,45475528,95,39,
21,45475529,320,168,
21,45475556,5,0,
21,45475623,28,0,14
21,45475808,223,73,
21,45476045,189,169,
21,45476273,391,155,
21,45476346,4,1,
21,45476371,14,3,
21,45476820,203,161,
21,45476821,113,5,
21,45476979,18,0,
21,45477118,68,6,
21,45477192,119,98,
21,45477194,5,1,
21,45477206,240,105,
21,45477394,27,3,
21,45477516,51,12,
21,45477661,150,83,
21,45477742,76,20,
21,45477923,6,0,
21,45477971,79,42,
21,45477983,5,2,
21,45478033,120,33,
21,45478300,87,78,
21,45478553,117,58,
21,45478749,534,467,
21,45478780,306,40,
21,45479006,215,85,
21,45479165,419,264,
21,45479820,174,153,
21,45480106,392,265,
21,45480317,260,106,
21,45480354,78,35,24
21,45480414,30,1,
21,45480422,64,32,
21,45480506,296,150,
21,45480510,14,5,
21,45480584,5,0,
21,45480622,357,314,
21,45481008,122,29,
21,45481228,6,7,
21,45481298,131,78,
21,45481609,264,179,
21,45481656,7,2,
21,45481776,13,5,
21,45481885,9,0,
21,45481892,303,119,
21,45482106,273,203,
21,45482198,15,1,
21,45482309,51,58,
21,45482333,115,43,
21,45482467,174,135,
21,45482484,165,171,
21,45482516,239,266,
21,45482577,34,4,
21,45482710,8,0,
21,45482719,169,112,
21,45482726,58,13,
21,45483166,21,5,
21,45483205,38,9,
21,45483275,94,47,
21,45483386,1968,877,
21,45483435,4,1,
21,45483531,161,59,
21,45483651,49,44,
21,45483820,7,0,
21,45483834,28,0,
21,45483924,332,80,
21,45484028,31,9,
21,45484123,25,4,
21,45484165,8,2,
21,45484284,112,45,
21,45484294,20,22,
21,45484355,13,13,
21,45484737,15,1,
21,45485023,22,1,
21,45485089,81,57,
21,45485175,160,116,
21,45485232,15,0,
21,45485440,41,22,
21,45485546,89,143,
21,45485611,39,22,
21,45485736,140,46,
21,45485782,27,7,
21,45485806,384,575,
21,45485942,11,1,
21,45486031,101,94,
21,45486062,35,3,
21,45486082,12,0,
21,45486210,8,1,
21,45486306,87,23,
21,45486376,14,7,
21,45486449,13,4,
21,45486634,20,3,
21,45486670,24,1,
21,45486825,80,12,
21,45486829,100,136,
21,45486918,12,1,
21,45487044,659,361,
21,45487099,11,4,
21,45487247,19,2,
21,45487412,30,2,
21,45487452,134,70,
21,45487476,603,84,
21,45487519,74,131,25
21,45487523,7,0,
21,45487604,8,3,
21,45487629,48,10,
21,45487771,396,191,22
21,45487841,29,3,
21,45488233,17,9,
21,45488261,402,147,8
21,45488441,155,91,
21,45488605,94,20,
21,45488690,4,0,
21,45488713,123,51,30
21,45488729,120,123,
21,45489374,9,4,
21,45489533,309,62,10
21,45489581,40,1,
21,45489999,20,11,11
21,45490439,205,127,21
21,45490549,344,281,
21,45490578,254,167,
21,45491315,4,0,
21,45491563,5,3,
21,45491609,167,28,6
21,45491621,262,53,3
21,45491675,7,0,
21,45492036,16,7,
21,45492055,18,4,
21,45492175,7,1,
21,45492410,150,88,
21,45492432,25,25,
21,45492522,8,0,
21,45492564,62,41,8
21,45492803,139,34,1
21,45492888,115,119,
21,45493143,129,178,19
21,45493255,59,59,
21,45493287,220,197,
21,45493301,126,133,
21,45493358,585,151,2
21,45493390,19,15,
21,45493432,34,3,21
21,45493498,17,0,
21,45493593,23,1,
21,45493609,12,2,
21,45493673,4,0,
21,45493713,16,7,24
21,45493718,32,6,17
21,45493809,7,4,
21,45493815,81,31,
21,45493943,11,5,
21,45494014,14,1,
21,45494099,15,3,
21,45494126,60,81,
21,45494300,35,75,
21,45494558,168,165,5
21,45494575,21,39,
21,45494730,54,84,
21,45494796,7,2,
21,45494810,13,2,
21,45494874,12,5,
21,45495495,6,0,
21,45495497,5,0,
21,45495548,3,1,
21,45495684,10,5,
21,45495711,10,3,12
21,45495738,6,0,30
21,45495886,9,2,
21,45496086,6,0,
21,45496092,11,1,
21,45496130,7,3,
21,45496146,84,17,1
21,45496166,3,0,
21,45496309,9,3,
21,45496406,5,0,13
22,45405144,133,59,
22,45406090,126,80,
22,45406645,87,18,
22,45406804,48,18,
22,45406879,68,19,
22,45407953,501,110,
22,45408021,858,92,
22,45408473,65,20,
22,45409552,141,41,
22,45409794,1473,563,
22,45410068,439,86,
22,45411254,37,36,
22,45411291,94,55,
22,45411435,96,25,
22,45411514,97,43,
22,45411831,220,45,
22,45412263,106,35,
22,45412472,28,10,
22,45412870,250,108,
22,45412938,102,60,
22,45413083,293,436,
22,45413208,38,14,
22,45413294,193,61,
22,45413525,170,79,
22,45413588,107,22,
22,45414479,117,32,
22,45414718,224,138,
22,45414933,124,85,
22,45415196,39,32,
22,45415207,385,54,
22,45415332,137,59,
22,45415510,120,30,
22,45415519,110,197,
22,45415539,138,85,
22,45415591,121,80,
22,45415814,89,26,
22,45415962,1581,786,
22,45416080,247,361,
22,45416228,840,412,
22,45416552,45,0,
22,45416670,45,36,
22,45416706,183,58,
22,45417070,34,1,
22,45417637,132,112,
22,45417826,205,70,
22,45418251,147,31,
22,45418261,258,192,
22,45418675,308,999,
22,45419780,117,72,
22,45420685,118,36,
22,45420722,348,76,
22,45421067,89,19,
22,45421302,116,61,
22,45421564,262,423,
22,45421812,160,108,
22,45422147,697,114,
22,45422315,91,22,
22,45422514,151,70,
22,45422653,106,20,
22,45422717,65,96,
22,45423014,146,250,
22,45423363,122,139,
22,45423404,546,169,
22,45423917,532,337,
22,45423954,49,21,
22,45424223,62,9,
22,45424431,11,3,
22,45424648,139,206,
22,45424704,204,202,
22,45424827,262,344,
22,45424888,590,704,
22,45425061,251,308,
22,45425298,159,60,
22,45425568,307,47,
22,45425714,73,9,
22,45425746,211,117,
22,45426099,63,15,
22,45426490,937,439,
22,45426649,6,0,
22,45426680,284,117,
22,45427059,136,28,
22,45427197,314,551,
22,45427482,164,30,
22,45427697,175,84,
22,45427774,41,0,
22,45427972,266,266,
22,45427982,901,876,
22,45428482,303,481,
22,45428832,103,116,
22,45430294,204,51,
22,45430498,644,378,
22,45430542,108,58,
22,45430604,286,61,
22,45431001,274,77,
22,45431115,173,30,
22,45431167,158,58,
22,45431489,48,3,
22,45431526,32,6,
22,45432627,76,81,
22,45432656,28,6,
22,45432977,72,57,
22,45433743,41,58,
22,45433768,386,102,
22,45433926,90,23,
22,45433936,70,107,
22,45434417,130,25,
22,45434511,48,14,
22,45434678,75,10,
22,45434758,13,0,
22,45434941,142,35,
22,45435016,62,89,
22,45435100,196,87,
22,45435272,83,3,
22,45435375,311,55,
22,45435422,217,83,
22,45435463,367,350,
22,45435606,287,224,
22,45435608,97,28,
22,45435677,29,5,
22,45435681,14,0,
22,45435720,52,67,
22,45435819,24,3,
22,45435825,290,194,
22,45436010,81,53,
22,45436027,55,19,
22,45436083,28,1,
22,45436148,46,17,
22,45436289,166,141,
22,45437027,86,18,
22,45437044,151,110,
22,45437112,165,114,
22,45437135,32,8,
22,45437323,85,7,
22,45437594,130,36,
22,45437759,384,125,
22,45437893,411,214,
22,45437903,119,59,
22,45438288,29,12,
22,45438346,774,853,
22,45438496,410,273,
22,45438501,100,365,
22,45438503,240,405,
22,45438704,78,29,
22,45438713,70,0,
22,45439670,653,367,
22,45439684,129,64,
22,45439721,107,18,
22,45439997,288,179,
22,45440071,129,32,
22,45440180,104,36,
22,45440431,277,80,
22,45440571,584,307,
22,45441069,1295,189,
22,45441219,150,89,
22,45441222,168,83,
22,45441539,9,0,
22,45442221,96,75,
22,45442752,47,31,
22,45443200,34,30,
22,45443298,210,86,
22,45443441,72,36,
22,45443462,160,37,
22,45443662,36,48,
22,45444062,48,5,
22,45444694,284,137,
22,45444926,32,8,
22,45445114,166,14,
22,45445551,19,0,
22,45446654,23,3,
22,45446834,543,158,
22,45447057,166,51,
22,45447226,287,44,
22,45447536,535,346,
22,45447699,1193,1350,
22,45447920,46,4,
22,45448326,326,239,
22,45448416,202,96,
22,45448747,288,98,
22,45448772,246,60,
22,45448825,213,72,
22,45448839,208,75,
22,45449015,79,16,2
22,45449348,537,188,
22,45449670,25,4,
22,45450044,174,103,
22,45450392,123,30,
22,45450449,252,268,
22,45450525,254,145,
22,45450694,79,182,
22,45451103,135,143,
22,45451217,40,2,20
22,45451527,633,281,
22,45451547,53,28,
22,45451577,352,145,
22,45451961,86,49,
22,45451971,66,104,
22,45452033,56,46,
22,45452261,200,151,
22,45452472,230,204,11
22,45452480,82,73,
22,45453222,269,87,
22,45453299,36,23,
22,45453372,21,1,
22,45453448,215,125,
22,45453586,553,693,
22,45453818,47,42,
22,45453936,425,187,
22,45454374,136,45,
22,45454460,270,287,
22,45454940,97,61,
22,45455164,413,253,
22,45455356,14,0,
22,45455608,32,11,
22,45455648,40,3,
22,45455650,18,2,
22,45455719,106,100,
22,45455882,315,298,
22,45456188,206,118,
22,45456965,201,65,26
22,45457143,16,8,
22,45457411,54,8,
22,45457460,74,40,
22,45457670,365,538,
22,45457825,17,1,4
22,45458050,92,42,23
22,45458122,261,149,
22,45458249,118,18,
22,45458455,220,105,
22,45458550,100,59,
22,45458948,336,166,
22,45459233,354,147,
22,45459466,108,13,
22,45460341,7,0,
22,45461500,472,224,
22,45461861,6,1,
22,45462143,48,10,
22,45462297,186,100,
22,45462713,94,30,
22,45462863,134,247,
22,45463251,134,51,
22,45463319,268,21,
22,45463403,16,1,
22,45463626,141,28,
22,45463642,189,129,
22,45463656,276,217,
22,45463932,23,5,
22,45464145,24,2,
22,45464269,218,93,
22,45464360,24,55,
22,45464407,9,0,
22,45464429,288,625,
22,45464611,17,0,
22,45464632,236,87,
22,45464786,10,1,
22,45464921,591,134,
22,45464984,229,359,
22,45465091,129,27,
22,45465276,41,9,
22,45465392,82,33,
22,45465821,46,13,
22,45465824,76,7,25
22,45466086,422,240,
22,45466150,19,20,
22,45466449,43,12,
22,45466588,220,74,
22,45466655,52,13,
22,45466865,74,16,
22,45466980,146,55,
22,45467032,133,108,
22,45467166,163,50,
22,45467193,26,5,
22,45467500,497,555,
22,45467503,30,3,
22,45467543,188,138,
22,45468043,20,2,
22,45468320,23,14,
22,45468418,70,42,
22,45468455,12,0,
22,45468579,45,23,
22,45468593,13,6,
22,45468599,36,3,
22,45468698,430,205,
22,45468781,153,109,
22,45469123,14,2,
22,45469285,114,25,
22,45469376,143,83,4
22,45469394,26,0,
22,45469436,183,37,
22,45469437,135,176,
22,45469468,146,137,
22,45469541,138,86,
22,45469548,7,2,
22,45469579,204,81,
22,45469658,74,57,
22,45470206,135,110,
22,45470513,68,78,
22,45470559,49,1,
22,45471136,256,98,
22,45471573,97,118,
22,45472319,297,22,
22,45472347,9,1,
22,45472487,5,1,
22,45472614,167,123,
22,45472678,198,66,
22,45472765,162,36,
22,45472924,7,0,
22,45473019,131,121,
22,45473033,247,210,
22,45473446,37,8,
22,45473516,50,0,
22,45473581,59,81,
22,45473698,349,253,
22,45473730,266,180,
22,45473772,32,5,
22,45473852,346,201,
22,45473861,286,218,
22,45474050,60,10,
22,45474192,13,1,
22,45474346,58,86,
22,45474397,5,0,
22,45474638,9,1,
22,45474882,8,1,
22,45474900,103,36,
22,45475220,39,7,
22,45475416,6,0,22
22,45475471,28,0,
22,45475528,95,39,
22,45475529,321,168,
22,45475556,6,0,
22,45475623,36,0,16
22,45475808,223,73,
22,45476045,190,169,
22,45476273,392,155,
22,45476346,4,1,
22,45476371,14,3,
22,45476820,203,161,
22,45476821,113,5,
22,45476979,18,0,
22,45477118,68,6,
22,45477162,19,6,
22,45477192,119,98,
22,45477194,5,1,
22,45477206,240,105,
22,45477394,27,3,
22,45477516,51,12,
22,45477661,152,83,
22,45477742,76,20,
22,45477923,6,1,
22,45477971,79,42,
22,45477983,5,2,
22,45478033,120,33,
22,45478300,87,78,
22,45478553,117,58,
22,45478749,536,468,
22,45478780,309,40,
22,45479006,215,85,
22,45479165,420,264,
22,45479820,174,153,
22,45480106,393,266,
22,45480317,260,106,
22,45480354,93,59,24
22,45480414,30,1,
22,45480422,64,32,
22,45480506,297,150,
22,45480584,5,0,
22,45480622,357,315,
22,45481008,122,29,
22,45481228,6,7,
22,45481298,131,78,
22,45481609,264,179,
22,45481656,7,2,
22,45481776,13,5,
22,45481885,9,0,
22,45481892,304,120,
22,45482106,273,205,
22,45482198,15,1,
22,45482309,51,58,
22,45482333,115,43,
22,45482467,174,135,
22,45482484,165,171,
22,45482516,239,268,
22,45482577,34,4,
22,45482710,8,0,
22,45482719,170,112,
22,45482726,58,15,
22,45483166,21,5,
22,45483205,38,9,
22,45483275,94,47,
22,45483386,1973,880,
22,45483435,4,1,
22,45483531,161,59,
22,45483651,49,44,
22,45483820,7,0,
22,45483834,28,0,
22,45483924,332,81,
22,45484028,31,9,
22,45484123,25,4,
22,45484165,8,2,
22,45484284,112,45,
22,45484294,20,22,
22,45484355,13,13,
22,45484737,15,1,
22,45485089,81,57,
22,45485175,160,116,
22,45485232,15,0,
22,45485440,41,22,
22,45485546,89,144,
22,45485611,39,23,
22,45485736,141,46,
22,45485782,27,7,
22,45485806,387,575,
22,45485942,11,1,
22,45486031,101,94,
22,45486062,35,3,
22,45486082,12,0,
22,45486210,8,1,
22,45486306,87,24,
22,45486376,14,7,
22,45486449,13,4,
22,45486634,20,3,
22,45486670,24,1,
22,45486825,80,12,
22,45486829,100,138,
22,45486918,12,1,
22,45487044,664,377,
22,45487099,11,4,
22,45487247,19,2,
22,45487412,30,2,
22,45487452,135,72,
22,45487476,609,84,
22,45487519,88,162,28
22,45487523,7,0,
22,45487604,8,3,
22,45487629,48,10,
22,45487771,413,199,29
22,45487841,29,3,
22,45488233,18,9,
22,45488261,424,150,9
22,45488441,155,92,
22,45488605,95,21,
22,45488690,4,0,
22,45488713,124,52,
22,45488729,120,125,
22,45489374,9,4,
22,45489533,315,64,11
22,45489581,40,1,
22,45489999,26,12,12
22,45490439,207,133,
22,45490549,355,288,21
22,45490578,255,168,
22,45491315,5,0,
22,45491563,5,3,
22,45491609,173,33,8
22,45491621,267,56,6
22,45491675,10,0,
22,45492036,17,7,
22,45492055,19,5,
22,45492175,7,1,
22,45492410,152,90,
22,45492432,25,26,
22,45492522,8,0,
22,45492564,62,42,13
22,45492803,181,47,2
22,45492888,119,121,
22,45493143,150,207,23
22,45493255,60,60,
22,45493287,222,203,
22,45493301,126,134,
22,45493358,622,166,5
22,45493432,43,6,19
22,45493498,17,0,
22,45493593,24,2,
22,45493609,15,4,
22,45493673,4,0,
22,45493713,17,7,30
22,45493718,57,10,15
22,45493809,13,6,
22,45493815,82,32,
22,45493943,13,5,
22,45494014,16,1,
22,45494099,16,3,
22,45494126,65,86,
22,45494272,8,6,
22,45494300,35,79,
22,45494558,194,175,1
22,45494730,56,90,
22,45494796,8,2,
22,45494810,15,2,
22,45494874,15,7,
22,45495495,10,1,
22,45495497,9,0,
22,45495548,5,2,
22,45495684,11,7,
22,45495711,20,5,15
22,45495715,3,0,
22,45495738,15,0,20
22,45495886,14,4,
22,45496086,10,0,
22,45496092,14,5,
22,45496130,10,4,
22,45496146,145,59,1
22,45496166,7,0,
22,45496309,17,3,
22,45496406,13,0,8
22,45496533,29,0,5
22,45496585,6,1,
23,45405144,133,59,
23,45406090,126,80,
23,45406645,87,18,
23,45406804,48,18,
23,45406879,68,19,
23,45407953,501,110,
23,45408021,858,92,
23,45408473,65,20,
23,45409552,141,41,
23,45409794,1473,563,
23,45410068,439,86,
23,45411254,37,36,
23,45411291,94,55,
23,45411435,96,25,
23,45411514,97,43,
23,45411831,220,45,
23,45412472,28,10,
23,45412870,250,108,
23,45412938,102,60,
23,45413083,293,436,
23,45413208,38,14,
23,45413294,193,61,
23,45413525,170,79,
23,45413588,107,22,
23,45414479,117,32,
23,45414718,224,138,
23,45414933,124,85,
23,45415196,39,32,
23,45415207,385,54,
23,45415332,137,59,
23,45415510,120,30,
23,45415519,110,197,
23,45415539,138,85,
23,45415591,121,80,
23,45415962,1581,786,
23,45416228,840,412,
23,45416552,45,0,
23,45416670,45,36,
23,45416706,183,58,
23,45417070,34,1,
23,45417637,132,112,
23,45417826,205,70,
23,45418251,147,31,
23,45418261,258,192,
23,45418675,308,999,
23,45419780,118,72,
23,45420685,118,36,
23,45420722,348,76,
23,45421067,89,19,
23,45421302,116,61,
23,45421564,262,423,
23,45421812,160,108,
23,45422147,697,114,
23,45422315,91,22,
23,45422514,151,70,
23,45422653,106,20,
23,45422717,65,96,
23,45423014,146,250,
23,45423363,122,139,
23,45423404,547,169,
23,45423917,532,337,
23,45423954,49,21,
23,45424223,63,9,
23,45424431,11,3,
23,45424648,139,206,
23,45424704,204,202,
23,45424827,262,344,
23,45424888,590,704,
23,45425061,251,308,
23,45425298,159,60,
23,45425568,307,47,
23,45425714,73,9,
23,45425746,211,117,
23,45426099,63,15,
23,45426490,937,439,
23,45426649,6,0,
23,45426680,284,117,
23,45427059,136,28,
23,45427197,314,551,
23,45427482,164,30,
23,45427697,175,84,
23,45427774,42,0,
23,45427972,266,268,
23,45427982,901,876,
23,45428482,303,481,
23,45428832,103,116,
23,45430294,204,51,
23,45430498,644,378,
23,45430542,108,58,
23,45430604,286,61,
23,45431001,274,77,
23,45431115,173,30,
23,45431167,158,58,
23,45431489,48,3,
23,45431526,32,6,
23,45432627,76,81,
23,45432656,28,6,
23,45433743,41,58,
23,45433768,386,102,
23,45433926,90,23,
23,45433936,70,107,
23,45434417,130,25,
23,45434511,48,14,
23,45434678,75,10,
23,45434758,13,0,
23,45434941,142,35,
23,45435016,62,89,
23,45435100,196,87,
23,45435272,84,3,
23,45435375,311,55,
23,45435422,217,83,
23,45435463,368,350,
23,45435606,288,224,
23,45435608,97,28,
23,45435677,29,5,
23,45435681,14,0,
23,45435720,52,67,
23,45435819,24,3,
23,45435825,290,194,
23,45436010,81,53,
23,45436027,55,19,
23,45436148,46,17,
23,45436289,166,141,
23,45437027,86,18,
23,45437044,151,111,
23,45437112,165,114,
23,45437135,32,8,
23,45437323,85,7,
23,45437594,130,36,
23,45437759,384,125,
23,45437893,411,214,
23,45437903,119,59,
23,45438288,29,12,
23,45438346,774,853,
23,45438496,410,273,
23,45438501,100,365,
23,45438503,240,405,
23,45438704,78,29,
23,45438713,71,0,
23,45439670,653,367,
23,45439684,129,64,
23,45439721,107,18,
23,45439997,288,179,
23,45440071,129,32,
23,45440180,105,36,
23,45440431,277,80,
23,45440571,585,307,
23,45441069,1296,189,
23,45441219,150,89,
23,45441222,168,83,
23,45441539,9,0,
23,45442221,96,75,
23,45442752,47,31,
23,45443298,210,86,
23,45443441,72,36,
23,45443462,160,37,
23,45443662,37,48,
23,45444062,48,5,
23,45444694,284,137,
23,45444926,32,8,
23,45445114,166,14,
23,45445551,19,0,
23,45446654,23,3,
23,45446834,543,158,
23,45447057,166,51,
23,45447226,288,44,
23,45447536,535,347,
23,45447699,1194,1352,
23,45447920,47,4,
23,45448326,326,239,
23,45448416,202,96,
23,45448747,291,98,
23,45448772,246,60,
23,45448825,213,72,
23,45448839,208,75,
23,45449015,106,27,2
23,45449348,537,188,
23,45449670,25,4,
23,45450044,174,103,
23,45450392,123,30,
23,45450449,252,268,
23,45450525,254,145,
23,45451103,135,143,
23,45451217,42,2,22
23,45451527,634,283,
23,45451547,53,28,
23,45451577,352,145,
23,45451961,86,49,
23,45451971,66,104,
23,45452033,56,46,
23,45452261,200,151,
23,45452472,245,220,12
23,45452480,82,74,
23,45453222,269,87,
23,45453299,36,23,
23,45453372,22,1,
23,45453448,215,125,
23,45453586,553,693,
23,45453818,47,42,
23,45453936,425,187,
23,45454374,136,45,
23,45454460,271,287,
23,45454940,97,61,
23,45455164,413,253,
23,45455356,14,0,
23,45455608,33,11,
23,45455648,40,3,
23,45455650,19,2,
23,45455719,106,100,
23,45455882,315,298,
23,45456188,206,118,
23,45456965,211,65,24
23,45457143,16,8,
23,45457411,54,8,
23,45457460,74,40,
23,45457670,365,538,
23,45457825,32,1,6
23,45458050,100,46,26
23,45458122,261,149,
23,45458249,118,18,
23,45458455,220,105,
23,45458550,100,59,
23,45458948,337,166,
23,45458973,24,3,5
23,45459233,354,147,
23,45459466,108,15,
23,45460341,7,0,
23,45461500,472,224,
23,45461861,6,1,
23,45462143,48,10,
23,45462297,186,100,
23,45462713,95,30,
23,45462863,134,247,
23,45463251,134,51,
23,45463319,269,21,
23,45463403,16,1,
23,45463626,141,29,
23,45463642,190,129,
23,45463656,276,217,
23,45463932,23,5,
23,45464145,24,2,
23,45464269,218,93,
23,45464360,24,55,
23,45464407,9,0,
23,45464429,288,625,
23,45464611,17,0,
23,45464632,236,87,
23,45464786,10,1,
23,45464921,591,134,
23,45464984,229,360,
23,45465091,129,27,
23,45465276,41,9,
23,45465392,83,33,
23,45465821,46,13,
23,45465824,78,9,29
23,45466086,422,240,
23,45466150,19,20,
23,45466449,43,12,
23,45466588,220,74,
23,45466655,52,13,
23,45466865,74,16,
23,45466980,146,55,
23,45467032,133,108,
23,45467166,163,50,
23,45467193,27,6,
23,45467500,497,555,
23,45467503,30,3,
23,45467543,188,138,
23,45468043,20,2,
23,45468320,23,14,
23,45468418,70,42,
23,45468455,12,0,
23,45468579,45,23,
23,45468593,13,6,
23,45468599,36,3,
23,45468698,430,205,
23,45468781,153,109,
23,45469123,14,2,
23,45469285,114,25,
23,45469376,171,108,6
23,45469394,26,0,
23,45469436,183,37,
23,45469437,135,176,
23,45469468,146,137,
23,45469541,141,88,
23,45469579,204,81,
23,45469658,74,57,
23,45470206,135,110,
23,45470513,68,78,
23,45470559,49,1,
23,45471136,256,98,
23,45471573,97,118,
23,45472319,297,22,
23,45472347,9,1,
23,45472487,5,1,
23,45472614,167,123,
23,45472678,198,66,
23,45472765,163,36,
23,45472924,7,0,
23,45473019,131,121,
23,45473033,247,210,
23,45473446,37,8,
23,45473516,50,0,
23,45473581,60,81,
23,45473698,349,253,
23,45473730,266,180,
23,45473772,33,5,
23,45473852,347,201,
23,45473861,286,218,
23,45474050,60,10,
23,45474192,13,1,
23,45474346,58,87,
23,45474397,5,0,
23,45474638,9,1,
23,45474882,8,1,
23,45474900,103,36,
23,45475220,39,7,
23,45475416,12,3,20
23,45475471,29,0,
23,45475528,95,39,
23,45475529,321,168,
23,45475556,6,0,
23,45475623,47,0,14
23,45475808,224,73,
23,45476045,190,169,
23,45476273,393,155,
23,45476371,14,3,
23,45476820,203,162,
23,45476821,113,5,
23,45476979,18,0,
23,45477118,69,6,
23,45477162,19,6,
23,45477192,119,98,
23,45477194,5,1,
23,45477206,240,105,
23,45477394,27,3,
23,45477516,51,12,
23,45477661,153,83,
23,45477742,76,20,
23,45477923,6,1,
23,45477971,80,42,
23,45477983,5,2,
23,45478033,120,33,
23,45478300,87,78,
23,45478553,118,58,
23,45478749,538,470,
23,45478780,309,40,
23,45479006,215,85,
23,45479165,420,264,
23,45479820,175,153,
23,45480106,393,266,
23,45480317,261,106,
23,45480354,109,112,23
23,45480414,30,1,
23,45480422,65,32,
23,45480506,297,150,
23,45480584,5,0,
23,45480622,358,315,
23,45481008,122,29,
23,45481228,6,7,
23,45481298,131,78,
23,45481609,264,181,
23,45481656,7,2,
23,45481776,13,5,
23,45481885,9,0,
23,45481892,304,120,
23,45482106,273,208,
23,45482198,15,1,
23,45482309,51,58,
23,45482333,115,43,
23,45482467,175,135,
23,45482484,165,171,
23,45482516,241,271,
23,45482577,34,4,
23,45482726,58,16,
23,45483166,21,5,
23,45483205,38,9,
23,45483275,94,47,
23,45483386,1981,883,
23,45483435,4,1,
23,45483531,161,60,
23,45483651,49,44,
23,45483820,7,0,
23,45483834,28,0,
23,45483924,333,81,
23,45484028,31,9,
23,45484123,25,4,
23,45484165,8,2,
23,45484284,112,46,
23,45484294,20,22,
23,45484737,15,1,
23,45485089,81,57,
23,45485175,160,117,
23,45485232,15,0,
23,45485440,41,22,
23,45485546,89,145,
23,45485611,39,23,
23,45485736,141,46,
23,45485782,28,7,
23,45485806,389,576,
23,45485942,11,1,
23,45486031,103,95,
23,45486062,35,3,
23,45486082,12,0,
23,45486210,8,1,
23,45486306,87,24,
23,45486376,14,7,
23,45486449,13,4,
23,45486634,21,3,
23,45486670,24,1,
23,45486825,81,12,
23,45486829,101,138,
23,45486918,12,1,
23,45487044,669,380,
23,45487099,11,5,
23,45487247,19,2,
23,45487412,30,2,
23,45487452,135,73,
23,45487476,615,84,
23,45487519,101,181,29
23,45487523,7,0,
23,45487604,8,3,
23,45487629,48,10,
23,45487771,428,208,27
23,45487841,29,3,
23,45488233,18,9,
23,45488261,430,151,
23,45488441,155,92,
23,45488605,96,21,
23,45488690,4,0,
23,45488713,125,52,
23,45488729,120,125,
23,45489374,10,4,
23,45489533,322,69,11
23,45489581,40,1,
23,45489999,31,15,14
23,45490439,208,137,
23,45490549,362,293,21
23,45490578,256,169,
23,45491315,6,0,
23,45491354,3,1,
23,45491374,4,0,
23,45491563,5,3,
23,45491609,180,33,10
23,45491621,285,61,8
23,45491675,10,0,
23,45491711,4,0,
23,45491895,4,0,
23,45492036,18,7,
23,45492055,19,5,
23,45492175,7,1,
23,45492213,7,1,
23,45492366,6,1,
23,45492376,17,3,
23,45492410,154,90,
23,45492432,27,29,
23,45492438,3,0,
23,45492522,9,0,
23,45492564,64,44,13
23,45492595,6,0,
23,45492774,4,0,
23,45492803,210,54,4
23,45492888,121,130,
23,45493128,3,0,
23,45493143,164,219,25
23,45493236,4,0,
23,45493255,61,62,
23,45493301,127,134,
23,45493358,650,182,6
23,45493432,44,7,
23,45493498,18,1,
23,45493593,25,2,
23,45493609,19,4,
23,45493673,5,0,
23,45493713,18,7,
23,45493718,80,13,18
23,45493809,16,6,
23,45493815,83,34,
23,45493943,13,5,
23,45494014,16,1,
23,45494099,17,3,
23,45494126,67,89,
23,45494272,11,6,
23,45494300,36,82,
23,45494319,6,0,
23,45494400,4,1,
23,45494558,231,191,1
23,45494730,57,92,
23,45494796,9,2,
23,45494810,16,2,
23,45494874,16,9,
23,45494915,3,0,
23,45495051,3,0,
23,45495495,11,1,
23,45495497,12,0,
23,45495548,6,2,
23,45495684,11,7,
23,45495711,25,7,14
23,45495715,3,0,
23,45495738,27,2,9
23,45495886,16,4,
23,45496005,3,0,
23,45496086,12,0,
23,45496092,15,8,
23,45496130,14,4,
23,45496146,159,80,5
23,45496166,11,0,
23,45496309,20,3,
23,45496406,25,5,9
23,45496533,78,14,1
23,45496585,7,1,
23,45496797,6,2,
23,45497027,11,5,15
23,45497030,3,0,
23,45497384,20,5,28
23,45497430,5,0,
