hour,id,score,comments,best_rank
0,44155426,53,13,
0,44155635,73,15,
0,44155741,61,38,
0,44155746,662,252,
0,44155761,87,123,
0,44156935,842,354,
0,44157077,104,28,
0,44157177,507,218,
0,44157378,114,136,
0,44157406,151,47,
0,44157819,19,4,
0,44158336,23,3,
0,44158353,405,99,
0,44158720,53,14,
0,44159166,873,518,
0,44159337,27,14,
0,44159525,126,397,
0,44159528,368,477,
0,44159758,264,72,
0,44159798,44,1,
0,44160012,149,149,
0,44160073,148,76,
0,44160358,58,27,
0,44161102,30,18,
0,44161607,146,65,
0,44161894,125,31,
0,44162042,117,324,
0,44162160,17,0,
0,44162327,172,223,
0,44162363,292,67,
0,44162443,156,60,
0,44162814,165,55,
0,44163063,2318,2816,
0,44163216,15,2,
0,44163428,280,64,
0,44163496,109,63,
0,44163618,61,20,
0,44163877,86,9,
0,44166102,277,311,
0,44166155,166,87,
0,44167049,95,23,
0,44167592,662,273,
0,44168184,196,66,
0,44168201,67,43,
0,44168256,96,133,
0,44168265,88,46,
0,44168658,350,430,
0,44168810,25,13,
0,44169115,530,337,
0,44169132,169,94,
0,44169413,174,140,
0,44169759,363,257,
0,44170694,97,20,
0,44170719,23,0,
0,44170968,157,69,
0,44171363,57,1,
0,44171677,409,577,
0,44172166,240,228,
0,44172340,29,9,
0,44172428,88,71,
0,44172553,19,6,
0,44172659,128,48,
0,44173193,62,23,
0,44173377,79,131,
0,44173581,93,93,
0,44173667,54,16,
0,44173853,99,42,
0,44174036,38,33,
0,44174190,205,38,
0,44174540,85,29,
0,44174856,191,96,
0,44174965,595,157,
0,44175077,21,5,
0,44175132,13,1,
0,44175356,115,48,
0,44175404,10,4,
0,44175510,85,2,
0,44175557,142,54,
0,44175579,56,70,
0,44175773,308,222,
0,44175905,274,148,
0,44176172,18,2,
0,44176222,10,0,
0,44176425,198,121,
0,44176510,286,182,
0,44176514,289,146,
0,44176636,43,26,
0,44176729,107,17,
0,44176737,373,152,
0,44176825,262,130,
0,44176829,623,214,
0,44176919,108,38,
0,44177446,214,235,
0,44177797,37,32,
0,44177824,10,0,
0,44177964,45,18,
0,44178024,57,129,
0,44178445,63,9,
0,44178468,315,180,
0,44178507,8,1,
0,44178674,31,0,
0,44178780,52,15,
0,44178902,358,153,
0,44179113,11,1,
0,44179257,607,151,
0,44179475,12,0,
0,44179691,123,71,
0,44180533,1475,913,
0,44180760,32,16,
0,44180954,135,13,
0,44181237,27,14,
0,44181305,49,4,
0,44181421,430,169,
0,44181613,182,193,
0,44181700,246,34,
0,44181781,20,3,
0,44182184,183,39,
0,44182186,870,196,
0,44182188,448,167,
0,44182206,184,86,
0,44182356,728,315,
0,44182582,245,162,
0,44182698,155,34,
0,44182941,33,10,
0,44183299,98,19,14
0,44183515,202,102,
0,44183591,353,93,
0,44183791,13,5,
0,44183799,668,377,
0,44183923,280,264,
0,44184542,172,149,
0,44184849,89,13,
0,44184900,352,326,
0,44184974,62,15,
0,44185003,57,2,
0,44185078,136,215,
0,44185158,36,6,
0,44185256,607,461,
0,44185580,38,24,
0,44185651,11,2,
0,44185672,8,0,
0,44185836,132,64,
0,44185845,50,45,
0,44185856,53,14,
0,44185860,32,0,
0,44185913,1112,931,
0,44186008,65,37,10
0,44186283,33,5,
0,44186380,5,1,
0,44186459,64,10,
0,44186496,252,132,
0,44186536,244,52,
0,44186607,53,23,
0,44186660,140,34,
0,44186736,79,31,
0,44186780,506,430,
0,44186904,28,17,
0,44187275,19,6,
0,44187338,33,13,
0,44187457,20,4,
0,44187548,59,39,
0,44187645,206,70,
0,44187765,79,62,4
0,44188068,78,41,
0,44188120,76,37,
0,44188178,94,46,7
0,44188204,125,80,
0,44188214,67,37,9
0,44188248,118,46,
0,44188373,44,0,16
0,44188497,4,0,
0,44188562,39,14,
0,44188672,16,8,
0,44188839,19,4,8
0,44189088,13,0,21
0,44189329,473,183,
0,44189426,122,24,
0,44189741,102,13,
0,44189920,9,5,
0,44189962,9,5,
0,44189966,72,14,18
0,44190371,56,45,
0,44191558,343,201,
0,44191591,223,204,
0,44191620,564,182,
0,44191861,9,0,
0,44191985,9,1,
0,44192630,8,0,
0,44192955,74,68,
0,44192995,223,110,
0,44193118,28,2,
0,44193120,147,70,
0,44193195,17,9,
0,44193225,97,63,
0,44193328,344,228,
0,44193390,183,198,
0,44193930,13,5,
0,44193933,75,17,
0,44193965,63,19,
0,44194082,237,74,
0,44194118,35,1,
0,44194120,103,52,
0,44194408,7,1,
0,44194431,16,5,
0,44194468,137,24,
0,44194469,57,42,
0,44194521,280,159,
0,44194700,22,5,
0,44194859,115,15,
0,44194871,82,17,
0,44194888,27,13,
0,44195354,86,52,
0,44195783,62,43,
0,44195931,136,67,
0,44195961,217,24,
0,44196211,16,7,
0,44196393,148,34,
0,44196410,56,25,
0,44196417,154,89,
0,44196433,126,57,
0,44196576,291,218,
0,44196589,70,27,
0,44196807,110,106,
0,44196850,279,309,
0,44196945,155,52,
0,44197001,8,1,
0,44197112,82,41,
0,44197347,75,43,26
0,44197806,33,4,
0,44197932,1597,740,
0,44197961,84,70,
0,44198135,17,4,
0,44198160,8,1,
0,44198171,67,57,
0,44198394,8,1,
0,44198503,46,33,
0,44198583,75,77,
0,44198805,14,5,
0,44198829,13,0,
0,44198901,34,30,
0,44199005,84,120,
0,44199123,17,4,
0,44199132,17,0,
0,44199299,190,30,
0,44199437,49,28,
0,44199495,71,38,
0,44199592,238,85,
0,44199597,108,55,
0,44199649,167,197,
0,44199658,43,15,
0,44199699,98,84,
0,44199770,57,33,
0,44199840,24,11,
0,44200101,36,7,
0,44200585,22,0,
0,44200773,249,196,
0,44200797,116,45,
0,44200850,42,21,
0,44200866,243,51,
0,44200870,146,76,
0,44200895,280,48,
0,44201072,163,134,
0,44201373,17,2,
0,44201519,16,6,
0,44201527,132,8,
0,44201583,153,46,
0,44201736,106,278,
0,44201748,70,12,
0,44201762,167,108,
0,44201812,218,89,
0,44201857,114,97,
0,44201872,524,221,
0,44201901,275,109,
0,44201975,568,238,
0,44202110,105,40,
0,44202486,9,1,
0,44202519,69,131,
0,44202664,211,34,
0,44202759,9,1,
0,44203003,91,67,
0,44203095,11,0,
0,44203144,10,0,
0,44203444,69,65,
0,44203494,209,128,
0,44203522,6,0,
0,44203562,404,242,
0,44203609,17,3,
0,44203628,31,3,
0,44203654,6,3,
0,44203732,110,34,
0,44203763,28,19,
0,44203870,24,20,
0,44204045,17,5,
0,44204154,9,0,
0,44204155,125,62,
0,44204181,154,113,
0,44204224,373,122,
0,44204277,155,86,
0,44204442,8,0,
0,44204603,145,135,
0,44204626,40,4,
0,44204637,73,17,
0,44204670,36,4,
0,44204720,5,0,
0,44204767,134,80,
0,44204870,30,25,
0,44204878,124,57,
0,44204916,28,0,
0,44204938,5,1,
0,44205060,163,120,
0,44205282,427,273,
0,44205317,18,2,
0,44205319,7,0,
0,44205340,10,0,
0,44205372,7,3,
0,44205424,24,0,
0,44205547,15,0,
0,44205590,443,191,
0,44205599,132,91,
0,44205602,7,1,
0,44205620,11,0,
0,44205632,8,3,
0,44205694,22,26,
0,44205697,286,270,
0,44205718,107,79,
0,44205719,13,19,
0,44205755,8,0,
0,44205789,9,0,
0,44205895,59,17,
0,44205952,10,0,
0,44206001,6,0,
0,44206022,8,0,
0,44206159,14,0,
0,44206238,18,0,
0,44206272,7,0,
0,44206493,6,0,
0,44206553,186,45,
0,44206609,19,3,
0,44206745,9,1,
0,44207063,139,31,
0,44207095,404,163,
0,44207100,9,1,
0,44207132,6,0,
0,44207144,57,56,
0,44207152,13,16,
0,44207249,33,31,
0,44207371,12,2,
0,44207375,10,7,
0,44207503,205,44,
0,44207665,9,0,
0,44207679,7,1,
0,44207922,8,0,
0,44208017,12,1,
0,44208050,149,155,
0,44208058,9,0,
0,44208060,289,187,
0,44208114,7,0,
0,44208134,7,0,
0,44208161,36,2,
0,44208237,7,3,
0,44208246,15,21,
0,44208283,191,56,
0,44208430,9,1,
0,44208653,7,3,
0,44208750,4,0,
0,44208803,7,1,
0,44208886,12,0,
0,44208960,13,1,
0,44208963,52,66,
0,44208968,264,125,
0,44208985,19,4,
0,44209181,7,0,
0,44209247,6,0,
0,44209269,10,0,
0,44209320,7,2,
0,44209415,11,0,
0,44209497,212,113,
0,44209515,283,648,
0,44209665,109,57,
0,44209746,12,1,
0,44209833,135,131,
0,44209910,24,0,
0,44209958,7,0,
0,44209986,82,124,
0,44210016,8,1,
0,44210082,22,2,
0,44210249,7,1,
0,44210339,24,5,
0,44210390,46,13,
0,44210441,81,2,
0,44210454,5,0,
0,44210491,12,0,
0,44210502,38,3,
0,44210557,134,200,
0,44210582,21,4,
0,44210606,1535,266,
0,44210614,88,36,
0,44210616,4,0,
0,44210620,7,0,
0,44210689,443,298,
0,44210736,446,199,
0,44210794,23,12,
0,44210803,4,2,
0,44210938,56,3,
0,44211052,6,1,
0,44211130,87,199,
0,44211273,410,198,23
0,44211411,12,2,
0,44211417,277,79,29
0,44211418,6,0,
0,44211434,18,8,
0,44211461,11,2,
0,44211557,13,4,
0,44211612,178,102,
0,44211681,19,2,
0,44211754,3,1,
0,44211779,136,41,
0,44211799,5,0,
0,44211828,5,0,
0,44211865,9,0,
0,44211915,7,1,
0,44211928,11,0,
0,44212026,8,0,
0,44212156,6,0,
0,44212344,5,0,
0,44212384,3,0,
0,44212413,60,42,
0,44212441,390,113,19
0,44212446,410,49,
0,44212449,46,19,
0,44212593,7,3,
0,44212650,70,20,
0,44212676,16,1,
0,44212690,6,2,
0,44212710,7,1,
0,44212801,7,0,
0,44212845,184,248,25
0,44212855,115,11,
0,44213208,10,0,
0,44213306,7,0,
0,44213313,18,0,
0,44213442,21,39,
0,44213479,16,1,
0,44213590,77,14,
0,44213878,96,46,
0,44213963,7,0,
0,44214088,7,1,
0,44214243,16,13,
0,44214263,12,0,
0,44214303,58,12,
0,44214308,31,7,
0,44214311,198,46,
0,44214386,57,21,
0,44214481,110,73,
0,44214493,20,10,
0,44214522,194,156,24
0,44214835,140,74,
0,44214889,96,96,
0,44214926,108,21,
0,44214960,64,3,
0,44215079,10,1,
0,44215117,71,32,
0,44215131,67,46,
0,44215197,64,66,
0,44215352,712,186,17
0,44215476,8,1,
0,44215603,137,28,12
0,44215667,233,152,
0,44215726,68,27,26
0,44216123,194,67,27
0,44216436,3,0,
0,44216630,76,19,15
0,44216664,6,1,
0,44217322,38,13,22
0,44217461,9,3,
0,44217631,9,0,
0,44217693,39,6,
0,44217757,77,13,8
0,44217760,14,0,
0,44217876,114,75,5
0,44217904,21,12,
0,44217936,8,0,
0,44217940,10,8,
0,44217999,38,9,
0,44218045,10,6,
0,44218220,9,3,
0,44218584,9,4,
0,44218787,8,1,
0,44219012,31,5,
0,44219029,33,11,28
0,44219171,18,8,
0,44219270,20,11,11
0,44219279,46,53,
0,44219357,53,16,2
0,44219405,126,55,1
0,44219519,54,30,4
0,44219755,59,26,2
0,44219871,15,2,6
0,44220110,9,11,27
0,44220135,20,7,16
0,44220179,6,0,
1,44155426,53,13,
1,44155635,73,15,
1,44155741,61,38,
1,44155746,663,252,
1,44155761,87,123,
1,44156935,842,354,
1,44157077,104,28,
1,44157177,507,218,
1,44157378,114,136,
1,44157406,151,47,
1,44157819,19,4,
1,44158336,23,3,
1,44158353,405,99,
1,44158720,53,14,
1,44159166,874,518,
1,44159337,27,14,
1,44159525,126,397,
1,44159528,368,477,
1,44159758,264,72,
1,44159798,44,1,
1,44160012,149,149,
1,44160073,148,76,
1,44160358,58,27,
1,44161102,30,18,
1,44161607,147,65,
1,44161894,125,31,
1,44162042,117,324,
1,44162160,17,0,
1,44162327,172,223,
1,44162363,292,68,
1,44162443,156,60,
1,44162814,165,55,
1,44163063,2319,2816,
1,44163216,15,2,
1,44163428,280,64,
1,44163496,109,63,
1,44163618,61,20,
1,44163877,86,9,
1,44166102,277,311,
1,44166155,166,87,
1,44167049,95,23,
1,44167592,662,273,
1,44168184,196,66,
1,44168201,67,43,
1,44168256,96,133,
1,44168265,88,46,
1,44168658,350,430,
1,44168810,25,13,
1,44169115,531,337,
1,44169132,169,94,
1,44169413,174,140,
1,44169759,363,257,
1,44170694,97,20,
1,44170719,23,0,
1,44170968,157,69,
1,44171363,57,1,
1,44171677,409,577,
1,44172166,240,228,
1,44172340,29,9,
1,44172428,88,71,
1,44172553,19,6,
1,44172659,128,48,
1,44173193,62,23,
1,44173377,79,131,
1,44173581,94,93,
1,44173667,54,16,
1,44173853,99,42,
1,44174036,38,33,
1,44174190,205,38,
1,44174540,85,29,
1,44174856,191,96,
1,44174965,595,157,
1,44175077,21,5,
1,44175132,13,1,
1,44175356,115,48,
1,44175404,10,4,
1,44175510,85,2,
1,44175557,142,54,
1,44175579,56,70,
1,44175773,308,222,
1,44175905,274,149,
1,44176172,18,2,
1,44176222,10,0,
1,44176425,198,121,
1,44176510,286,182,
1,44176514,289,146,
1,44176636,43,26,
1,44176729,107,17,
1,44176737,373,152,
1,44176825,262,130,
1,44176829,624,214,
1,44176919,108,38,
1,44177446,214,235,
1,44177797,37,32,
1,44177824,10,0,
1,44177964,45,18,
1,44178024,57,129,
1,44178445,63,9,
1,44178468,315,180,
1,44178507,8,1,
1,44178674,31,0,
1,44178780,52,15,
1,44178902,358,153,
1,44179113,11,1,
1,44179257,607,151,
1,44179475,12,0,
1,44179691,123,71,
1,44180533,1475,918,
1,44180760,32,16,
1,44180954,135,13,
1,44181237,27,14,
1,44181305,49,4,
1,44181421,431,169,
1,44181613,183,193,
1,44181700,248,34,
1,44181781,20,3,
1,44182184,183,39,
1,44182186,870,196,
1,44182188,449,167,
1,44182206,184,86,
1,44182356,728,315,
1,44182582,245,162,
1,44182698,155,34,
1,44182941,33,10,
1,44183299,107,20,14
1,44183515,202,102,
1,44183591,353,93,
1,44183791,13,5,
1,44183799,671,377,
1,44183923,280,264,
1,44184542,172,149,
1,44184849,89,13,
1,44184900,352,327,
1,44184974,62,15,
1,44185003,57,2,
1,44185078,136,215,
1,44185158,36,6,
1,44185256,607,461,
1,44185580,38,24,
1,44185651,11,2,
1,44185672,8,0,
1,44185836,132,64,
1,44185845,50,45,
1,44185856,53,14,
1,44185860,32,0,
1,44185913,1112,931,
1,44186008,69,43,21
1,44186283,33,5,
1,44186380,5,1,
1,44186459,64,10,
1,44186496,252,132,
1,44186536,245,52,
1,44186607,54,23,
1,44186660,140,34,
1,44186736,79,31,
1,44186780,506,430,
1,44186904,28,17,
1,44187338,33,13,
1,44187457,20,4,
1,44187548,59,39,
1,44187645,206,70,
1,44187765,84,62,7
1,44188068,78,41,
1,44188120,78,38,
1,44188178,105,53,28
1,44188204,125,80,
1,44188214,75,44,
1,44188248,118,46,
1,44188373,47,4,16
1,44188562,39,14,
1,44188672,16,8,
1,44188839,43,17,6
1,44189088,21,1,17
1,44189329,474,183,
1,44189391,9,3,18
1,44189426,123,24,
1,44189741,102,13,
1,44189920,9,5,
1,44189962,9,5,
1,44189966,75,16,23
1,44190371,56,45,
1,44191558,344,201,
1,44191591,223,204,
1,44191620,564,182,
1,44191861,9,0,
1,44191985,9,1,
1,44192630,8,0,
1,44192955,74,68,
1,44192995,223,110,
1,44193118,28,2,
1,44193120,147,70,
1,44193195,17,9,
1,44193225,97,63,
1,44193328,344,228,
1,44193390,183,198,
1,44193930,13,5,
1,44193933,76,17,
1,44193965,63,19,
1,44194082,237,74,
1,44194118,35,1,
1,44194120,103,52,
1,44194408,7,1,
1,44194431,16,5,
1,44194468,137,24,
1,44194469,57,42,
1,44194521,280,159,
1,44194700,22,5,
1,44194859,115,15,
1,44194871,82,17,
1,44194888,27,13,
1,44195354,86,52,
1,44195783,62,43,
1,44195931,136,67,
1,44195961,217,24,
1,44196211,16,7,
1,44196393,148,34,
1,44196410,56,25,
1,44196417,154,89,
1,44196433,126,57,
1,44196576,292,218,
1,44196589,70,27,
1,44196807,110,106,
1,44196850,280,310,
1,44196945,156,52,
1,44197001,8,1,
1,44197112,82,41,
1,44197347,81,46,
1,44197806,33,4,
1,44197932,1598,742,
1,44197961,84,70,
1,44198135,17,4,
1,44198160,8,1,
1,44198171,67,57,
1,44198394,8,1,
1,44198503,46,33,
1,44198583,75,77,
1,44198805,14,5,
1,44198829,13,0,
1,44198901,34,30,
1,44199005,85,120,
1,44199123,17,4,
1,44199132,17,0,
1,44199299,190,30,
1,44199437,50,28,
1,44199495,71,38,
1,44199592,238,85,
1,44199597,108,55,
1,44199649,167,197,
1,44199658,43,15,
1,44199699,98,84,
1,44199770,57,33,
1,44199840,24,11,
1,44200101,36,7,
1,44200585,23,0,
1,44200773,250,196,
1,44200797,116,45,
1,44200850,42,21,
1,44200866,243,51,
1,44200870,146,77,
1,44200895,281,48,
1,44201072,163,134,
1,44201373,17,2,
1,44201519,16,6,
1,44201527,133,8,
1,44201583,153,46,
1,44201736,106,278,
1,44201748,70,12,
1,44201762,167,108,
1,44201812,218,89,
1,44201857,114,97,
1,44201872,524,221,
1,44201901,275,109,
1,44201975,569,238,
1,44202110,105,40,
1,44202486,9,1,
1,44202519,69,131,
1,44202664,211,34,
1,44202759,9,1,
1,44203003,91,68,
1,44203095,11,0,
1,44203144,10,0,
1,44203444,69,65,
1,44203494,210,128,
1,44203522,6,0,
1,44203562,406,243,
1,44203609,17,3,
1,44203628,31,3,
1,44203654,6,3,
1,44203732,111,34,
1,44203763,28,19,
1,44203870,24,20,
1,44204045,17,5,
1,44204154,9,0,
1,44204155,125,62,
1,44204181,155,113,
1,44204224,373,122,
1,44204277,155,86,
1,44204442,8,0,
1,44204603,145,135,
1,44204626,40,4,
1,44204637,73,17,
1,44204670,36,4,
1,44204720,5,0,
1,44204767,134,80,
1,44204870,30,25,
1,44204878,124,57,
1,44204916,28,0,
1,44204938,5,1,
1,44205060,163,120,
1,44205282,428,273,
1,44205317,19,2,
1,44205319,7,0,
1,44205340,11,0,
1,44205372,7,3,
1,44205424,24,0,
1,44205547,15,0,
1,44205590,444,191,
1,44205599,133,91,
1,44205602,7,1,
1,44205620,11,0,
1,44205632,8,3,
1,44205694,22,26,
1,44205697,286,270,
1,44205718,108,79,
1,44205719,13,19,
1,44205789,9,0,
1,44205895,59,17,
1,44205952,10,0,
1,44206001,6,0,
1,44206022,8,0,
1,44206159,14,0,
1,44206238,18,0,
1,44206272,7,0,
1,44206493,6,0,
1,44206553,186,45,
1,44206609,19,3,
1,44206745,10,1,
1,44207063,141,31,
1,44207095,406,163,
1,44207100,9,1,
1,44207132,6,0,
1,44207144,57,56,
1,44207152,13,16,
1,44207249,33,31,
1,44207371,12,2,
1,44207375,10,7,
1,44207503,205,44,
1,44207665,9,0,
1,44207679,7,1,
1,44207922,8,0,
1,44208017,12,1,
1,44208050,150,155,
1,44208058,9,0,
1,44208060,290,187,
1,44208114,7,0,
1,44208134,7,0,
1,44208161,36,2,
1,44208237,7,3,
1,44208246,15,21,
1,44208283,193,56,
1,44208430,9,1,
1,44208750,4,0,
1,44208803,7,1,
1,44208886,12,0,
1,44208960,13,1,
1,44208963,52,66,
1,44208968,264,125,
1,44208985,19,4,
1,44209181,7,0,
1,44209247,6,0,
1,44209269,10,0,
1,44209320,7,2,
1,44209415,11,0,
1,44209497,214,113,
1,44209515,283,661,
1,44209665,110,57,
1,44209746,12,1,
1,44209833,135,131,
1,44209910,24,0,
1,44209958,7,0,
1,44209986,82,124,
1,44210016,8,1,
1,44210082,22,2,
1,44210249,7,1,
1,44210339,24,5,
1,44210390,47,13,
1,44210441,81,2,
1,44210454,5,0,
1,44210491,12,0,
1,44210502,38,3,
1,44210557,134,200,
1,44210582,22,4,
1,44210606,1537,266,
1,44210614,88,37,
1,44210616,4,0,
1,44210620,7,0,
1,44210689,445,298,
1,44210736,448,200,
1,44210794,23,12,
1,44210803,4,2,
1,44210938,57,3,
1,44211052,6,1,
1,44211130,87,200,
1,44211273,418,199,25
1,44211411,12,2,
1,44211417,281,81,
1,44211418,6,0,
1,44211434,19,9,
1,44211461,12,2,
1,44211557,13,4,
1,44211612,181,105,
1,44211681,19,2,
1,44211754,3,1,
1,44211779,137,42,
1,44211799,5,0,
1,44211828,5,0,
1,44211865,9,0,
1,44211915,7,1,
1,44211928,11,0,
1,44212026,8,0,
1,44212156,6,0,
1,44212344,5,0,
1,44212384,3,0,
1,44212413,60,42,
1,44212441,392,113,22
1,44212446,412,50,
1,44212449,46,19,
1,44212593,7,3,
1,44212650,71,20,
1,44212676,16,1,
1,44212690,6,2,
1,44212710,7,1,
1,44212801,7,0,
1,44212845,187,253,30
1,44212855,116,11,
1,44213208,10,0,
1,44213306,7,0,
1,44213313,19,0,
1,44213442,21,39,
1,44213479,16,1,
1,44213590,77,14,
1,44213878,97,46,
1,44213963,8,0,
1,44214088,7,1,
1,44214243,16,13,
1,44214263,12,0,
1,44214303,58,12,
1,44214308,33,7,
1,44214311,198,47,
1,44214386,57,21,
1,44214481,113,73,
1,44214493,20,10,
1,44214522,199,158,26
1,44214835,141,74,
1,44214889,96,96,
1,44214926,109,21,
1,44214960,65,3,
1,44215079,10,1,
1,44215117,71,33,
1,44215131,71,46,
1,44215197,72,74,27
1,44215352,726,186,19
1,44215476,8,1,
1,44215603,140,29,15
1,44215667,235,153,
1,44215726,73,27,29
1,44216072,4,0,
1,44216123,198,68,
1,44216436,3,0,
1,44216630,79,19,20
1,44216664,7,1,
1,44217322,39,13,24
1,44217461,9,3,
1,44217631,10,0,
1,44217693,40,6,
1,44217757,78,17,12
1,44217760,14,0,
1,44217876,117,80,8
1,44217904,23,12,
1,44217936,9,0,
1,44217940,10,8,
1,44217999,38,10,
1,44218045,10,6,
1,44218220,9,3,
1,44218584,9,4,
1,44218787,8,1,
1,44219012,32,6,
1,44219029,34,12,
1,44219171,18,9,
1,44219270,37,36,9
1,44219279,48,53,
1,44219357,68,19,3
1,44219405,142,62,2
1,44219519,99,43,4
1,44219755,72,38,1
1,44219857,26,12,10
1,44219871,19,3,11
1,44220110,19,51,
1,44220135,39,23,13
1,44220179,20,0,5
1,44220325,4,1,
1,44220454,4,2,
1,44220577,4,0,
1,44220583,3,0,
2,44155426,53,13,
2,44155635,73,15,
2,44155741,61,38,
2,44155746,663,252,
2,44155761,87,123,
2,44156935,842,354,
2,44157077,104,28,
2,44157177,507,218,
2,44157378,114,136,
2,44157406,151,47,
2,44157819,19,4,
2,44158336,23,3,
2,44158353,405,99,
2,44158720,53,14,
2,44159166,874,518,
2,44159337,27,14,
2,44159525,126,397,
2,44159528,368,477,
2,44159758,264,72,
2,44159798,44,1,
2,44160012,149,149,
2,44160073,148,76,
2,44160358,58,27,
2,44161102,30,18,
2,44161607,147,65,
2,44161894,125,31,
2,44162042,117,324,
2,44162327,172,223,
2,44162363,292,68,
2,44162443,156,60,
2,44162814,165,55,
2,44163063,2319,2816,
2,44163216,15,2,
2,44163428,280,64,
2,44163496,109,63,
2,44163618,61,20,
2,44163877,86,9,
2,44166102,277,311,
2,44166155,166,87,
2,44167049,95,23,
2,44167592,662,273,
2,44168184,196,66,
2,44168201,67,43,
2,44168256,96,133,
2,44168265,88,46,
2,44168658,350,430,
2,44168810,25,13,
2,44169115,531,337,
2,44169132,169,94,
2,44169413,174,140,
2,44169759,363,257,
2,44170694,97,20,
2,44170719,23,0,
2,44170968,157,69,
2,44171363,57,1,
2,44171677,409,577,
2,44172166,240,228,
2,44172340,29,9,
2,44172428,88,71,
2,44172553,19,6,
2,44172659,128,48,
2,44173193,62,23,
2,44173377,79,131,
2,44173581,94,93,
2,44173667,54,16,
2,44173853,99,42,
2,44174036,38,33,
2,44174190,205,38,
2,44174540,85,29,
2,44174856,191,96,
2,44174965,595,157,
2,44175077,21,5,
2,44175132,13,1,
2,44175356,115,48,
2,44175404,10,4,
2,44175510,85,2,
2,44175557,142,54,
2,44175579,56,70,
2,44175773,308,222,
2,44175905,274,149,
2,44176172,18,2,
2,44176222,10,0,
2,44176425,198,121,
2,44176510,286,182,
2,44176514,289,146,
2,44176636,43,26,
2,44176729,107,17,
2,44176737,373,152,
2,44176825,262,130,
2,44176829,624,214,
2,44176919,108,38,
2,44177446,214,235,
2,44177797,37,32,
2,44177824,10,0,
2,44177964,45,18,
2,44178024,57,129,
2,44178445,63,9,
2,44178468,315,180,
2,44178507,8,1,
2,44178674,31,0,
2,44178780,52,15,
2,44178902,358,153,
2,44179113,11,1,
2,44179257,607,151,
2,44179475,12,0,
2,44179691,123,71,
2,44180533,1481,918,
2,44180760,32,16,
2,44180954,135,13,
2,44181237,27,14,
2,44181305,49,4,
2,44181421,431,169,
2,44181613,183,193,
2,44181700,248,34,
2,44181781,20,3,
2,44182184,183,39,
2,44182186,870,196,
2,44182188,449,168,
2,44182206,184,86,
2,44182356,728,315,
2,44182582,245,162,
2,44182698,155,34,
2,44182941,33,10,
2,44183299,115,20,16
2,44183515,202,102,
2,44183591,353,93,
2,44183791,13,5,
2,44183799,671,377,
2,44183923,280,264,
2,44184542,172,149,
2,44184849,89,13,
2,44184900,352,327,
2,44184974,62,15,
2,44185003,57,2,
2,44185078,136,215,
2,44185158,36,6,
2,44185256,607,461,
2,44185580,38,24,
2,44185651,11,2,
2,44185672,8,0,
2,44185836,132,64,
2,44185845,50,45,
2,44185856,53,14,
2,44185860,32,0,
2,44185913,1112,931,
2,44186008,72,49,24
2,44186283,33,5,
2,44186380,5,1,
2,44186459,64,10,
2,44186496,252,132,
2,44186536,245,52,
2,44186607,54,23,
2,44186660,140,34,
2,44186736,79,31,
2,44186780,506,430,
2,44186904,28,17,
2,44187338,33,13,
2,44187457,20,4,
2,44187548,59,39,
2,44187645,206,70,
2,44187765,86,57,8
2,44188068,78,41,
2,44188120,79,39,
2,44188178,109,57,
2,44188204,125,80,
2,44188214,78,46,
2,44188248,118,46,
2,44188373,59,9,11
2,44188562,39,14,
2,44188672,16,8,
2,44188839,68,33,3
2,44189088,23,1,17
2,44189329,476,183,
2,44189391,13,5,18
2,44189426,123,24,
2,44189741,102,13,
2,44189920,9,5,
2,44189962,9,5,
2,44189966,80,16,22
2,44190371,56,45,
2,44191558,344,201,
2,44191591,223,204,
2,44191620,564,182,
2,44191861,9,0,
2,44191985,9,1,
2,44192630,8,0,
2,44192955,74,68,
2,44192995,223,110,
2,44193118,28,2,
2,44193120,147,70,
2,44193195,17,9,
2,44193225,97,63,
2,44193328,344,228,
2,44193390,183,198,
2,44193930,13,5,
2,44193933,76,17,
2,44193965,63,19,
2,44194082,238,74,
2,44194118,35,1,
2,44194120,103,52,
2,44194408,7,1,
2,44194431,16,5,
2,44194468,137,24,
2,44194469,57,42,
2,44194521,280,159,
2,44194700,22,5,
2,44194859,115,15,
2,44194871,82,17,
2,44194888,27,13,
2,44195354,86,52,
2,44195783,62,43,
2,44195931,136,67,
2,44195961,217,24,
2,44196211,16,7,
2,44196393,148,34,
2,44196410,56,25,
2,44196417,154,89,
2,44196433,126,57,
2,44196576,293,218,
2,44196589,70,27,
2,44196807,111,106,
2,44196850,280,311,
2,44196945,156,52,
2,44197001,8,1,
2,44197112,82,41,
2,44197347,88,48,27
2,44197806,33,4,
2,44197932,1599,742,
2,44197961,84,70,
2,44198135,17,4,
2,44198160,8,1,
2,44198171,67,57,
2,44198394,8,1,
2,44198503,46,33,
2,44198583,75,77,
2,44198805,14,5,
2,44198829,13,0,
2,44198901,34,30,
2,44199005,85,120,
2,44199123,17,4,
2,44199132,17,0,
2,44199299,190,30,
2,44199437,50,28,
2,44199495,71,38,
2,44199592,238,85,
2,44199597,108,55,
2,44199649,167,198,
2,44199658,43,15,
2,44199699,98,84,
2,44199770,57,33,
2,44199840,24,11,
2,44200101,36,7,
2,44200585,23,0,
2,44200773,250,196,
2,44200797,116,45,
2,44200850,42,21,
2,44200866,243,51,
2,44200870,147,77,
2,44200895,281,48,
2,44201072,163,134,
2,44201373,17,2,
2,44201519,16,6,
2,44201527,133,8,
2,44201583,153,46,
2,44201736,107,278,
2,44201748,70,12,
2,44201762,168,108,
2,44201812,218,89,
2,44201857,114,97,
2,44201872,524,222,
2,44201901,276,109,
2,44201975,570,238,
2,44202110,105,40,
2,44202519,69,132,
2,44202664,211,34,
2,44202759,9,1,
2,44203003,91,68,
2,44203095,11,0,
2,44203144,10,0,
2,44203444,69,65,
2,44203494,210,129,
2,44203522,6,0,
2,44203562,409,244,
2,44203609,17,3,
2,44203628,31,3,
2,44203654,6,3,
2,44203732,111,34,
2,44203763,28,19,
2,44203870,24,20,
2,44204045,17,5,
2,44204154,9,0,
2,44204155,125,62,
2,44204181,155,113,
2,44204224,374,123,
2,44204277,155,86,
2,44204442,8,0,
2,44204603,145,135,
2,44204626,41,4,
2,44204637,73,17,
2,44204670,36,4,
2,44204720,5,0,
2,44204767,134,80,
2,44204870,30,25,
2,44204878,125,57,
2,44204916,28,0,
2,44204938,5,1,
2,44205060,163,120,
2,44205282,430,273,
2,44205317,19,2,
2,44205319,7,0,
2,44205340,11,0,
2,44205372,7,3,
2,44205424,24,0,
2,44205547,15,0,
2,44205590,444,191,
2,44205599,133,91,
2,44205602,7,1,
2,44205620,11,0,
2,44205632,8,3,
2,44205694,22,26,
2,44205697,288,270,
2,44205718,108,79,
2,44205719,13,19,
2,44205789,9,0,
2,44205895,59,17,
2,44205952,10,0,
2,44206001,6,0,
2,44206022,8,0,
2,44206159,14,0,
2,44206238,18,0,
2,44206493,6,0,
2,44206553,188,45,
2,44206609,19,3,
2,44206745,10,1,
2,44207063,142,31,
2,44207095,409,165,
2,44207100,9,1,
2,44207132,6,0,
2,44207144,57,56,
2,44207152,13,16,
2,44207249,33,31,
2,44207371,12,2,
2,44207375,10,7,
2,44207503,205,44,
2,44207665,9,0,
2,44207679,7,1,
2,44207922,8,0,
2,44208017,12,1,
2,44208050,150,155,
2,44208058,9,0,
2,44208060,293,189,
2,44208114,7,0,
2,44208134,7,0,
2,44208161,36,2,
2,44208246,16,22,
2,44208283,193,56,
2,44208430,9,1,
2,44208750,4,0,
2,44208803,7,1,
2,44208886,12,0,
2,44208960,13,1,
2,44208963,53,66,
2,44208968,265,126,
2,44208985,19,4,
2,44209181,7,0,
2,44209247,6,0,
2,44209269,10,0,
2,44209320,7,2,
2,44209415,11,0,
2,44209497,215,113,
2,44209515,285,665,
2,44209665,110,57,
2,44209746,12,1,
2,44209833,135,131,
2,44209910,24,0,
2,44209958,7,0,
2,44209986,82,124,
2,44210016,8,1,
2,44210082,22,2,
2,44210249,7,1,
2,44210339,24,5,
2,44210390,47,13,
2,44210441,81,2,
2,44210454,5,0,
2,44210491,12,0,
2,44210502,38,3,
2,44210557,134,201,
2,44210582,22,4,
2,44210606,1539,267,
2,44210614,88,37,
2,44210616,4,0,
2,44210620,7,0,
2,44210689,447,302,
2,44210736,451,201,
2,44210794,23,12,
2,44210803,4,2,
2,44210938,57,3,
2,44211052,6,1,
2,44211130,87,200,
2,44211273,421,201,23
2,44211411,12,2,
2,44211417,285,83,
2,44211418,6,0,
2,44211434,19,10,
2,44211461,12,2,
2,44211557,13,4,
2,44211612,181,106,
2,44211681,19,2,
2,44211754,3,1,
2,44211779,137,42,
2,44211799,5,0,
2,44211828,5,0,
2,44211865,9,0,
2,44211915,7,1,
2,44211928,11,0,
2,44212026,8,0,
2,44212156,6,0,
2,44212344,5,0,
2,44212384,3,0,
2,44212413,60,44,
2,44212441,396,115,20
2,44212446,414,50,
2,44212449,46,19,
2,44212593,7,4,
2,44212650,73,22,
2,44212676,16,1,
2,44212690,6,2,
2,44212710,7,1,
2,44212801,7,0,
2,44212845,191,253,30
2,44212855,116,11,
2,44213208,10,0,
2,44213306,7,0,
2,44213313,19,0,
2,44213442,21,39,
2,44213479,16,1,
2,44213590,77,14,
2,44213878,97,46,
2,44213963,8,0,
2,44214088,7,1,
2,44214243,16,13,
2,44214263,12,0,
2,44214303,58,12,
2,44214308,33,7,
2,44214311,199,48,
2,44214386,57,21,
2,44214481,114,73,
2,44214493,20,10,
2,44214522,203,160,25
2,44214835,141,74,
2,44214889,96,96,
2,44214926,109,21,
2,44214960,65,3,
2,44215079,10,1,
2,44215117,72,33,
2,44215131,71,46,
2,44215197,77,82,28
2,44215352,742,187,19
2,44215476,8,1,
2,44215603,148,29,15
2,44215667,239,154,
2,44215726,74,31,
2,44216072,4,0,
2,44216123,203,69,
2,44216436,3,0,
2,44216630,83,19,21
2,44216664,7,1,
2,44217322,41,13,26
2,44217461,10,3,
2,44217631,10,0,
2,44217693,40,6,
2,44217757,80,17,12
2,44217760,14,0,
2,44217876,127,88,9
2,44217904,23,13,
2,44217936,9,0,
2,44217940,10,8,
2,44217999,39,10,
2,44218045,10,6,
2,44218220,9,3,
2,44218584,10,4,
2,44218787,8,1,
2,44219012,32,7,
2,44219029,36,12,
2,44219171,18,10,
2,44219270,42,45,10
2,44219279,50,55,
2,44219357,80,22,4
2,44219405,151,72,1
2,44219519,140,64,5
2,44219563,7,0,29
2,44219755,80,46,14
2,44219857,50,22,7
2,44219871,22,3,
2,44220110,20,56,
2,44220135,49,31,13
2,44220179,35,3,2
2,44220325,6,1,
2,44220454,5,2,
2,44220583,11,0,6
2,44220676,4,0,
2,44220860,13,0,
3,44155426,53,13,
3,44155635,73,15,
3,44155741,61,38,
3,44155746,663,252,
3,44155761,87,123,
3,44156935,842,354,
3,44157077,104,28,
3,44157177,507,218,
3,44157378,114,136,
3,44157406,151,47,
3,44157819,19,4,
3,44158336,23,3,
3,44158353,406,99,
3,44158720,53,14,
3,44159166,874,518,
3,44159337,27,14,
3,44159525,126,397,
3,44159528,368,477,
3,44159758,264,72,
3,44159798,44,1,
3,44160012,149,149,
3,44160073,148,76,
3,44160358,58,27,
3,44161102,30,18,
3,44161607,147,65,
3,44161894,125,31,
3,44162042,117,324,
3,44162327,172,223,
3,44162363,292,68,
3,44162443,156,60,
3,44162814,165,55,
3,44163063,2321,2816,
3,44163216,15,2,
3,44163428,280,64,
3,44163496,109,63,
3,44163618,61,20,
3,44163877,86,9,
3,44166102,277,311,
3,44166155,166,87,
3,44167049,95,23,
3,44167592,662,273,
3,44168184,196,66,
3,44168201,67,43,
3,44168256,96,133,
3,44168265,88,46,
3,44168658,350,430,
3,44168810,25,13,
3,44169115,531,337,
3,44169132,169,94,
3,44169413,174,140,
3,44169759,363,257,
3,44170694,97,20,
3,44170719,23,0,
3,44170968,157,69,
3,44171363,57,1,
3,44171677,409,577,
3,44172166,240,228,
3,44172340,29,9,
3,44172428,88,71,
3,44172553,19,6,
3,44172659,128,48,
3,44173193,62,23,
3,44173377,79,131,
3,44173581,94,93,
3,44173667,54,16,
3,44173853,99,42,
3,44174036,38,33,
3,44174190,205,38,
3,44174540,85,29,
3,44174856,191,96,
3,44174965,595,157,
3,44175077,21,5,
3,44175132,13,1,
3,44175356,115,48,
3,44175510,85,2,
3,44175557,142,54,
3,44175579,56,70,
3,44175773,308,223,
3,44175905,274,149,
3,44176172,18,2,
3,44176222,10,0,
3,44176425,198,121,
3,44176510,287,182,
3,44176514,289,146,
3,44176636,43,26,
3,44176729,107,17,
3,44176737,373,152,
3,44176825,262,130,
3,44176829,624,214,
3,44176919,108,38,
3,44177446,214,235,
3,44177797,37,32,
3,44177824,10,0,
3,44177964,45,18,
3,44178024,57,129,
3,44178445,63,9,
3,44178468,315,180,
3,44178507,8,1,
3,44178674,31,0,
3,44178780,52,15,
3,44178902,358,153,
3,44179113,11,1,
3,44179257,607,151,
3,44179475,12,0,
3,44179691,123,71,
3,44180533,1484,919,
3,44180760,32,16,
3,44180954,135,13,
3,44181237,27,14,
3,44181305,49,4,
3,44181421,431,169,
3,44181613,183,193,
3,44181700,248,34,
3,44181781,20,3,
3,44182184,183,39,
3,44182186,870,196,
3,44182188,450,168,
3,44182206,184,86,
3,44182356,728,315,
3,44182582,245,162,
3,44182698,155,34,
3,44182941,33,10,
3,44183299,123,20,19
3,44183515,202,102,
3,44183591,354,93,
3,44183791,13,5,
3,44183799,671,377,
3,44183923,280,264,
3,44184542,172,149,
3,44184849,89,13,
3,44184900,352,327,
3,44184974,62,15,
3,44185003,57,2,
3,44185078,136,215,
3,44185158,36,6,
3,44185256,607,461,
3,44185651,11,2,
3,44185672,8,0,
3,44185836,132,64,
3,44185845,50,45,
3,44185856,53,14,
3,44185913,1112,931,
3,44186008,76,53,25
3,44186283,33,5,
3,44186380,5,1,
3,44186459,64,10,
3,44186496,252,132,
3,44186536,246,52,
3,44186607,54,23,
3,44186660,140,34,
3,44186736,79,31,
3,44186780,506,430,
3,44186904,28,17,
3,44187338,33,13,
3,44187457,20,4,
3,44187645,206,70,
3,44187765,91,59,9
3,44188068,78,41,
3,44188120,79,40,
3,44188178,110,59,
3,44188204,125,80,
3,44188214,93,51,12
3,44188248,118,46,
3,44188373,72,10,12
3,44188562,39,14,
3,44188672,16,8,
3,44188839,81,44,5
3,44189088,28,1,19
3,44189329,477,183,
3,44189391,21,7,14
3,44189426,123,24,
3,44189741,102,13,
3,44189920,9,5,
3,44189962,9,5,
3,44189966,83,18,
3,44190371,56,45,
3,44191558,344,201,
3,44191591,223,204,
3,44191620,564,182,
3,44191861,9,0,
3,44191985,9,1,
3,44192630,8,0,
3,44192955,74,68,
3,44192995,223,110,
3,44193118,28,2,
3,44193120,147,70,
3,44193195,17,9,
3,44193225,97,63,
3,44193328,344,228,
3,44193390,183,198,
3,44193930,13,5,
3,44193933,76,17,
3,44193965,63,19,
3,44194082,238,74,
3,44194118,35,1,
3,44194120,103,52,
3,44194408,7,1,
3,44194431,16,5,
3,44194468,137,24,
3,44194469,57,42,
3,44194521,280,159,
3,44194700,22,5,
3,44194859,115,15,
3,44194871,82,17,
3,44194888,27,13,
3,44195354,86,52,
3,44195783,62,43,
3,44195931,136,67,
3,44195961,217,24,
3,44196211,16,7,
3,44196393,148,35,
3,44196410,56,25,
3,44196417,154,89,
3,44196433,126,57,
3,44196576,293,218,
3,44196589,70,27,
3,44196807,111,106,
3,44196850,280,315,
3,44196945,156,52,
3,44197001,8,1,
3,44197112,82,41,
3,44197347,92,51,29
3,44197806,33,4,
3,44197932,1600,742,
3,44197961,84,70,
3,44198135,17,4,
3,44198160,8,1,
3,44198171,67,57,
3,44198394,8,1,
3,44198503,46,33,
3,44198583,75,77,
3,44198805,14,5,
3,44198829,13,0,
3,44198901,34,30,
3,44199005,85,120,
3,44199123,17,4,
3,44199132,17,0,
3,44199299,190,30,
3,44199437,50,28,
3,44199495,71,38,
3,44199592,238,85,
3,44199597,108,55,
3,44199649,167,198,
3,44199658,43,15,
3,44199699,98,84,
3,44199770,57,33,
3,44199840,24,11,
3,44200101,36,7,
3,44200585,23,0,
3,44200773,250,196,
3,44200797,116,45,
3,44200850,42,21,
3,44200866,243,51,
3,44200870,147,77,
3,44200895,281,49,
3,44201072,163,134,
3,44201373,17,2,
3,44201519,16,6,
3,44201527,133,8,
3,44201583,154,46,
3,44201736,107,278,
3,44201748,70,12,
3,44201762,168,108,
3,44201812,219,89,
3,44201857,114,97,
3,44201872,524,222,
3,44201901,277,111,
3,44201975,570,238,
3,44202110,105,40,
3,44202519,69,132,
3,44202664,211,35,
3,44202759,9,1,
3,44203003,91,68,
3,44203095,11,0,
3,44203144,10,0,
3,44203444,69,65,
3,44203494,210,129,
3,44203522,6,0,
3,44203562,412,246,
3,44203609,17,3,
3,44203628,31,3,
3,44203654,6,3,
3,44203732,111,34,
3,44203763,28,19,
3,44203870,24,20,
3,44204045,17,5,
3,44204154,9,0,
3,44204155,125,62,
3,44204181,155,113,
3,44204224,374,123,
3,44204277,155,86,
3,44204442,8,0,
3,44204603,145,135,
3,44204626,41,4,
3,44204637,73,17,
3,44204670,36,4,
3,44204720,5,0,
3,44204767,134,81,
3,44204870,30,25,
3,44204878,125,57,
3,44204916,28,0,
3,44204938,5,1,
3,44205060,163,120,
3,44205282,430,273,
3,44205317,19,2,
3,44205319,7,0,
3,44205340,11,0,
3,44205372,7,3,
3,44205424,24,0,
3,44205547,15,0,
3,44205590,445,191,
3,44205599,133,91,
3,44205602,7,1,
3,44205620,11,0,
3,44205632,8,3,
3,44205694,22,26,
3,44205697,288,270,
3,44205718,108,79,
3,44205719,13,20,
3,44205789,9,0,
3,44205895,59,17,
3,44205952,10,0,
3,44206001,6,0,
3,44206022,8,0,
3,44206159,14,0,
3,44206238,18,0,
3,44206493,6,0,
3,44206553,188,45,
3,44206609,19,3,
3,44206745,10,1,
3,44207063,142,31,
3,44207095,409,165,
3,44207100,9,1,
3,44207132,6,0,
3,44207144,57,56,
3,44207152,13,16,
3,44207249,33,31,
3,44207371,13,3,
3,44207375,10,7,
3,44207503,206,44,
3,44207665,9,0,
3,44207679,7,1,
3,44207922,8,0,
3,44208017,12,1,
3,44208050,150,155,
3,44208058,9,0,
3,44208060,294,190,
3,44208114,7,0,
3,44208134,7,0,
3,44208161,36,2,
3,44208246,16,22,
3,44208283,193,56,
3,44208430,9,1,
3,44208750,4,0,
3,44208803,7,1,
3,44208886,12,0,
3,44208960,14,1,
3,44208963,53,66,
3,44208968,265,126,
3,44208985,19,4,
3,44209181,7,0,
3,44209247,6,0,
3,44209269,10,0,
3,44209320,7,2,
3,44209415,11,0,
3,44209497,218,113,
3,44209515,287,669,
3,44209665,110,57,
3,44209746,12,1,
3,44209833,135,133,
3,44209910,24,0,
3,44209958,7,0,
3,44209986,82,124,
3,44210016,8,1,
3,44210082,22,2,
3,44210249,7,1,
3,44210339,24,5,
3,44210390,47,13,
3,44210441,82,2,
3,44210454,5,0,
3,44210491,12,0,
3,44210502,38,3,
3,44210557,134,201,
3,44210582,22,4,
3,44210606,1542,267,
3,44210614,88,37,
3,44210616,4,0,
3,44210620,7,0,
3,44210689,449,303,
3,44210736,452,201,
3,44210794,23,12,
3,44210803,4,2,
3,44210938,58,3,
3,44211052,6,1,
3,44211130,87,200,
3,44211273,428,204,25
3,44211411,12,2,
3,44211417,288,84,
3,44211418,6,0,
3,44211434,19,10,
3,44211461,12,2,
3,44211557,13,4,
3,44211612,181,106,
3,44211681,19,2,
3,44211754,3,1,
3,44211779,137,42,
3,44211799,5,0,
3,44211828,5,0,
3,44211865,9,0,
3,44211915,7,1,
3,44211928,11,0,
3,44212026,8,0,
3,44212156,6,0,
3,44212344,5,0,
3,44212384,3,0,
3,44212413,60,44,
3,44212441,399,116,21
3,44212446,417,51,
3,44212449,46,19,
3,44212593,7,4,
3,44212650,74,23,
3,44212676,16,1,
3,44212690,6,2,
3,44212710,7,1,
3,44212801,7,0,
3,44212845,192,253,
3,44212855,116,11,
3,44213208,10,0,
3,44213306,7,0,
3,44213313,19,0,
3,44213442,21,39,
3,44213479,16,1,
3,44213590,77,14,
3,44213878,97,46,
3,44213963,8,0,
3,44214088,7,1,
3,44214243,16,13,
3,44214263,12,0,
3,44214303,58,12,
3,44214308,33,7,
3,44214311,200,48,
3,44214386,57,21,
3,44214481,114,73,
3,44214493,20,10,
3,44214522,205,160,26
3,44214835,141,75,
3,44214926,109,21,
3,44214960,65,3,
3,44215079,10,1,
3,44215117,73,33,
3,44215131,71,46,
3,44215197,83,90,29
3,44215352,752,188,22
3,44215476,8,1,
3,44215603,150,31,16
3,44215667,241,154,
3,44215726,74,37,
3,44216072,5,0,
3,44216123,205,69,
3,44216436,3,0,
3,44216630,84,20,24
3,44216664,7,1,
3,44217322,43,14,27
3,44217461,10,3,
3,44217631,10,0,
3,44217693,41,6,
3,44217757,85,17,14
3,44217760,14,0,
3,44217876,132,92,10
3,44217904,24,14,
3,44217936,9,0,
3,44217940,10,8,
3,44217999,39,10,
3,44218045,10,6,
3,44218220,9,3,
3,44218584,10,4,
3,44218787,8,1,
3,44219012,32,7,
3,44219029,37,12,
3,44219171,18,10,
3,44219270,55,60,9
3,44219279,51,56,
3,44219357,87,24,6
3,44219405,162,76,2
3,44219519,173,85,3
3,44219563,8,0,
3,44219660,6,1,
3,44219755,87,51,18
3,44219857,64,26,5
3,44219871,25,4,30
3,44220110,23,73,
3,44220135,54,36,23
3,44220179,42,6,4
3,44220287,6,1,16
3,44220325,7,1,
3,44220454,6,2,
3,44220583,21,1,7
3,44220676,4,0,
3,44220860,82,2,1
3,44220956,7,0,
4,44155426,53,13,
4,44155635,73,15,
4,44155741,61,38,
4,44155746,663,252,
4,44155761,87,123,
4,44156935,842,354,
4,44157077,104,28,
4,44157177,507,218,
4,44157378,114,136,
4,44157406,151,47,
4,44157819,19,4,
4,44158336,23,3,
4,44158353,406,99,
4,44158720,53,14,
4,44159166,875,518,
4,44159337,27,14,
4,44159525,126,397,
4,44159528,369,477,
4,44159758,264,72,
4,44159798,44,1,
4,44160012,149,149,
4,44160073,148,76,
4,44160358,58,27,
4,44161102,30,18,
4,44161607,147,65,
4,44161894,125,31,
4,44162042,117,324,
4,44162327,172,223,
4,44162363,292,68,
4,44162443,156,60,
4,44162814,165,55,
4,44163063,2321,2816,
4,44163216,15,2,
4,44163428,280,64,
4,44163496,109,63,
4,44163618,61,20,
4,44163877,86,9,
4,44166102,277,311,
4,44166155,166,87,
4,44167049,95,23,
4,44167592,662,273,
4,44168184,196,66,
4,44168201,67,43,
4,44168256,96,133,
4,44168265,88,46,
4,44168658,350,430,
4,44168810,25,13,
4,44169115,531,337,
4,44169132,169,94,
4,44169413,174,140,
4,44169759,363,257,
4,44170694,97,20,
4,44170719,23,0,
4,44170968,157,69,
4,44171363,57,1,
4,44171677,409,577,
4,44172166,240,228,
4,44172340,29,9,
4,44172428,88,71,
4,44172553,19,6,
4,44172659,128,48,
4,44173193,62,23,
4,44173377,79,131,
4,44173581,94,93,
4,44173667,54,16,
4,44173853,99,42,
4,44174036,38,33,
4,44174190,205,38,
4,44174540,85,29,
4,44174856,191,96,
4,44174965,595,157,
4,44175077,21,5,
4,44175132,13,1,
4,44175356,115,48,
4,44175404,10,4,
4,44175510,85,2,
4,44175557,142,54,
4,44175579,56,70,
4,44175773,308,223,
4,44175905,274,149,
4,44176172,18,2,
4,44176222,10,0,
4,44176425,198,121,
4,44176510,287,182,
4,44176514,289,146,
4,44176636,43,26,
4,44176729,107,17,
4,44176737,373,152,
4,44176825,262,130,
4,44176829,624,214,
4,44176919,108,38,
4,44177446,214,235,
4,44177797,37,32,
4,44177824,10,0,
4,44177964,45,18,
4,44178024,57,129,
4,44178445,63,9,
4,44178468,315,180,
4,44178507,8,1,
4,44178674,31,0,
4,44178780,52,15,
4,44178902,358,154,
4,44179113,11,1,
4,44179257,607,151,
4,44179475,12,0,
4,44179691,123,71,
4,44180533,1487,919,
4,44180760,32,16,
4,44180954,135,13,
4,44181237,27,14,
4,44181305,49,4,
4,44181421,431,169,
4,44181613,183,193,
4,44181700,248,34,
4,44181781,20,3,
4,44182184,183,39,
4,44182186,870,196,
4,44182188,450,168,
4,44182206,184,86,
4,44182356,729,315,
4,44182582,245,162,
4,44182698,155,34,
4,44182941,33,10,
4,44183299,133,22,19
4,44183515,202,102,
4,44183591,354,93,
4,44183791,13,5,
4,44183799,671,377,
4,44183923,280,264,
4,44184542,172,149,
4,44184849,89,13,
4,44184900,352,327,
4,44184974,62,15,
4,44185003,57,2,
4,44185078,136,215,
4,44185158,36,6,
4,44185256,607,461,
4,44185651,11,2,
4,44185672,8,0,
4,44185836,132,64,
4,44185845,50,45,
4,44185856,53,14,
4,44185913,1112,931,
4,44186008,79,55,21
4,44186283,33,5,
4,44186380,5,1,
4,44186459,64,10,
4,44186496,252,132,
4,44186536,246,52,
4,44186607,54,23,
4,44186660,140,34,
4,44186736,79,31,
4,44186780,506,430,
4,44186904,28,17,
4,44187338,33,13,
4,44187457,20,4,
4,44187645,206,70,
4,44187765,95,62,9
4,44188068,78,42,
4,44188120,81,41,
4,44188178,113,60,
4,44188204,125,80,
4,44188214,102,57,13
4,44188248,118,46,
4,44188373,83,13,11
4,44188562,39,14,
4,44188672,16,8,
4,44188839,96,47,6
4,44189088,30,1,19
4,44189329,478,183,
4,44189391,24,8,16
4,44189426,123,24,
4,44189741,102,13,
4,44189920,9,5,
4,44189962,9,5,
4,44189966,85,18,
4,44190371,56,45,
4,44191558,344,201,
4,44191591,223,204,
4,44191620,564,182,
4,44191861,9,0,
4,44191985,9,1,
4,44192630,8,0,
4,44192955,74,68,
4,44192995,223,110,
4,44193118,28,2,
4,44193120,147,70,
4,44193195,17,9,
4,44193225,97,63,
4,44193328,344,228,
4,44193390,183,198,
4,44193930,13,5,
4,44193933,76,17,
4,44193965,63,19,
4,44194082,238,74,
4,44194118,35,1,
4,44194120,103,52,
4,44194408,7,1,
4,44194431,16,5,
4,44194468,137,24,
4,44194469,57,42,
4,44194521,280,159,
4,44194700,22,5,
4,44194859,115,15,
4,44194871,82,17,
4,44194888,27,13,
4,44195354,86,52,
4,44195783,62,43,
4,44195931,136,67,
4,44195961,217,24,
4,44196211,16,7,
4,44196393,148,35,
4,44196410,56,25,
4,44196417,154,89,
4,44196433,126,57,
4,44196576,293,218,
4,44196589,70,27,
4,44196807,111,106,
4,44196850,280,316,
4,44196945,156,52,
4,44197001,8,1,
4,44197112,82,41,
4,44197347,99,54,30
4,44197806,33,4,
4,44197932,1602,743,
4,44197961,85,70,
4,44198135,17,4,
4,44198160,8,1,
4,44198171,67,57,
4,44198394,8,1,
4,44198503,46,33,
4,44198583,75,77,
4,44198805,14,5,
4,44198829,13,0,
4,44198901,34,30,
4,44199005,85,120,
4,44199123,17,4,
4,44199132,17,0,
4,44199299,190,30,
4,44199437,50,28,
4,44199495,71,38,
4,44199592,238,85,
4,44199597,108,55,
4,44199649,167,199,
4,44199658,43,15,
4,44199699,98,84,
4,44199770,57,33,
4,44199840,24,11,
4,44200101,36,7,
4,44200585,23,0,
4,44200773,250,196,
4,44200797,116,45,
4,44200850,42,21,
4,44200866,244,51,
4,44200870,147,77,
4,44200895,281,49,
4,44201072,163,134,
4,44201373,17,2,
4,44201519,16,6,
4,44201527,133,8,
4,44201583,154,46,
4,44201736,107,278,
4,44201748,70,12,
4,44201762,168,108,
4,44201812,219,89,
4,44201857,114,97,
4,44201872,524,222,
4,44201901,278,111,
4,44201975,570,238,
4,44202110,105,40,
4,44202519,69,132,
4,44202664,211,35,
4,44202759,9,1,
4,44203003,91,68,
4,44203095,11,0,
4,44203144,10,0,
4,44203444,69,65,
4,44203494,210,129,
4,44203522,6,0,
4,44203562,414,246,
4,44203609,17,3,
4,44203628,31,3,
4,44203654,6,3,
4,44203732,111,34,
4,44203763,28,19,
4,44203870,24,20,
4,44204045,17,5,
4,44204154,9,0,
4,44204155,125,62,
4,44204181,155,113,
4,44204224,374,123,
4,44204277,155,86,
4,44204442,8,0,
4,44204603,145,135,
4,44204626,41,4,
4,44204637,73,17,
4,44204670,36,4,
4,44204720,5,0,
4,44204767,134,81,
4,44204870,30,25,
4,44204878,125,57,
4,44204916,28,0,
4,44204938,5,1,
4,44205060,163,120,
4,44205282,432,273,
4,44205317,19,2,
4,44205319,7,0,
4,44205340,11,0,
4,44205372,7,3,
4,44205424,24,0,
4,44205547,15,0,
4,44205590,448,191,
4,44205599,133,91,
4,44205602,7,1,
4,44205620,11,0,
4,44205632,8,3,
4,44205694,22,26,
4,44205697,289,270,
4,44205718,109,79,
4,44205719,13,20,
4,44205789,9,0,
4,44205895,59,17,
4,44205952,10,0,
4,44206001,6,0,
4,44206022,8,0,
4,44206159,14,0,
4,44206238,18,0,
4,44206493,6,0,
4,44206553,188,45,
4,44206609,19,3,
4,44206745,10,1,
4,44207063,144,31,
4,44207095,409,165,
4,44207100,9,1,
4,44207132,6,0,
4,44207144,57,56,
4,44207152,13,16,
4,44207249,33,31,
4,44207371,13,3,
4,44207375,10,7,
4,44207503,206,44,
4,44207665,9,0,
4,44207679,7,1,
4,44207922,8,0,
4,44208017,12,1,
4,44208050,150,158,
4,44208058,9,0,
4,44208060,295,190,
4,44208114,7,0,
4,44208134,7,0,
4,44208161,36,2,
4,44208246,16,22,
4,44208283,194,56,
4,44208430,9,1,
4,44208750,4,0,
4,44208803,7,1,
4,44208886,12,0,
4,44208960,14,1,
4,44208963,53,66,
4,44208968,265,126,
4,44208985,19,4,
4,44209181,7,0,
4,44209247,6,0,
4,44209269,10,0,
4,44209320,7,2,
4,44209415,11,0,
4,44209497,221,113,
4,44209515,290,680,
4,44209665,110,57,
4,44209746,12,1,
4,44209833,135,133,
4,44209910,24,0,
4,44209958,7,0,
4,44209986,82,124,
4,44210016,8,1,
4,44210082,22,2,
4,44210249,7,1,
4,44210339,24,5,
4,44210390,47,13,
4,44210441,82,2,
4,44210454,5,0,
4,44210491,12,0,
4,44210502,38,3,
4,44210557,134,201,
4,44210582,22,4,
4,44210606,1543,267,
4,44210614,88,37,
4,44210616,4,0,
4,44210620,7,0,
4,44210689,450,303,
4,44210736,455,202,
4,44210794,23,12,
4,44210803,4,2,
4,44210938,59,3,
4,44211052,7,1,
4,44211130,87,201,
4,44211273,430,204,24
4,44211411,12,2,
4,44211417,292,88,
4,44211418,6,0,
4,44211434,20,10,
4,44211461,12,2,
4,44211557,13,4,
4,44211612,181,106,
4,44211681,19,2,
4,44211754,3,1,
4,44211779,137,42,
4,44211799,5,0,
4,44211828,5,0,
4,44211865,9,0,
4,44211915,7,1,
4,44211928,11,0,
4,44212026,8,0,
4,44212156,6,0,
4,44212344,5,0,
4,44212384,3,0,
4,44212413,60,44,
4,44212441,400,116,18
4,44212446,417,51,
4,44212449,46,19,
4,44212593,7,4,
4,44212650,74,23,
4,44212676,16,1,
4,44212690,6,2,
4,44212710,7,1,
4,44212801,7,0,
4,44212845,192,256,
4,44212855,117,11,
4,44213208,10,0,
4,44213306,7,0,
4,44213313,19,0,
4,44213479,16,1,
4,44213590,77,14,
4,44213878,97,46,
4,44213963,8,0,
4,44214088,7,1,
4,44214243,16,13,
4,44214263,12,0,
4,44214303,61,12,
4,44214308,33,7,
4,44214311,200,49,
4,44214386,57,21,
4,44214481,114,73,
4,44214493,20,10,
4,44214522,208,162,26
4,44214835,142,75,
4,44214926,109,21,
4,44214960,65,3,
4,44215079,10,1,
4,44215117,73,33,
4,44215131,72,46,
4,44215197,87,99,27
4,44215352,759,188,22
4,44215603,154,31,16
4,44215667,244,154,
4,44215726,74,40,
4,44216072,5,0,
4,44216123,206,69,
4,44216436,3,0,
4,44216630,85,21,24
4,44216664,7,1,
4,44216730,5,1,
4,44217322,44,15,28
4,44217461,10,3,
4,44217631,10,0,
4,44217693,41,6,
4,44217707,32,8,
4,44217757,87,17,14
4,44217760,14,0,
4,44217876,134,94,9
4,44217904,25,15,
4,44217936,9,0,
4,44217940,10,8,
4,44217999,41,10,
4,44218045,10,6,
4,44218220,9,3,
4,44218584,10,4,
4,44218787,8,1,
4,44219012,33,7,
4,44219029,37,12,
4,44219171,19,10,
4,44219270,60,64,8
4,44219279,51,57,
4,44219357,94,26,6
4,44219405,175,80,2
4,44219519,200,112,3
4,44219563,9,0,
4,44219660,9,1,
4,44219755,96,51,18
4,44219857,80,33,5
4,44219871,25,4,
4,44220110,27,78,
4,44220135,63,39,22
4,44220179,50,8,4
4,44220287,11,1,13
4,44220325,9,1,
4,44220454,6,2,
4,44220583,26,3,7
4,44220676,4,0,
4,44220860,140,15,1
4,44220956,7,0,
4,44221089,10,3,
5,44155426,53,13,
5,44155635,73,15,
5,44155741,61,38,
5,44155746,663,252,
5,44155761,87,123,
5,44156935,842,354,
5,44157077,104,28,
5,44157177,507,218,
5,44157378,114,136,
5,44157406,151,47,
5,44157819,19,4,
5,44158336,23,3,
5,44158353,406,99,
5,44158720,53,14,
5,44159166,875,518,
5,44159337,27,14,
5,44159525,126,397,
5,44159528,369,477,
5,44159758,264,72,
5,44159798,44,1,
5,44160012,149,149,
5,44160073,148,76,
5,44160358,58,27,
5,44161102,30,18,
5,44161607,147,65,
5,44161894,125,31,
5,44162042,117,324,
5,44162327,172,223,
5,44162363,292,68,
5,44162443,156,60,
5,44162814,165,55,
5,44163063,2321,2816,
5,44163216,15,2,
5,44163428,280,64,
5,44163496,109,63,
5,44163618,61,20,
5,44163877,86,9,
5,44166102,277,311,
5,44166155,166,87,
5,44167049,95,23,
5,44167592,662,273,
5,44168184,196,66,
5,44168201,67,43,
5,44168256,96,133,
5,44168265,88,46,
5,44168658,350,430,
5,44168810,25,13,
5,44169115,531,337,
5,44169132,169,94,
5,44169413,174,140,
5,44169759,363,257,
5,44170694,97,20,
5,44170719,23,0,
5,44170968,157,69,
5,44171363,57,1,
5,44171677,409,577,
5,44172166,240,228,
5,44172340,29,9,
5,44172428,88,71,
5,44172553,19,6,
5,44172659,128,48,
5,44173193,62,23,
5,44173377,79,131,
5,44173581,94,93,
5,44173667,54,16,
5,44173853,99,42,
5,44174036,38,33,
5,44174190,205,38,
5,44174540,85,29,
5,44174856,191,96,
5,44174965,595,157,
5,44175077,21,5,
5,44175132,13,1,
5,44175356,115,48,
5,44175510,85,2,
5,44175557,142,54,
5,44175579,56,70,
5,44175773,308,223,
5,44175905,274,149,
5,44176172,18,2,
5,44176222,10,0,
5,44176425,198,121,
5,44176510,287,182,
5,44176514,289,146,
5,44176636,43,26,
5,44176729,107,17,
5,44176737,373,152,
5,44176825,262,130,
5,44176829,624,214,
5,44176919,108,38,
5,44177446,214,235,
5,44177797,37,32,
5,44177824,10,0,
5,44177964,45,18,
5,44178024,57,129,
5,44178445,63,9,
5,44178468,315,180,
5,44178507,8,1,
5,44178674,31,0,
5,44178780,52,15,
5,44178902,358,154,
5,44179113,11,1,
5,44179257,607,151,
5,44179475,12,0,
5,44179691,123,71,
5,44180533,1489,919,
5,44180760,32,16,
5,44180954,135,13,
5,44181237,27,14,
5,44181305,49,4,
5,44181421,431,169,
5,44181613,183,193,
5,44181700,248,34,
5,44181781,20,3,
5,44182184,183,39,
5,44182186,870,196,
5,44182188,450,168,
5,44182206,185,86,
5,44182356,729,315,
5,44182582,245,162,
5,44182698,155,34,
5,44182941,33,10,
5,44183299,143,23,20
5,44183515,202,102,
5,44183591,354,93,
5,44183791,13,5,
5,44183799,671,377,
5,44183923,280,264,
5,44184542,172,149,
5,44184849,89,13,
5,44184900,352,327,
5,44184974,62,15,
5,44185003,57,2,
5,44185078,136,215,
5,44185158,36,6,
5,44185256,607,461,
5,44185651,11,2,
5,44185672,8,0,
5,44185836,132,64,
5,44185845,50,45,
5,44185856,53,14,
5,44185913,1112,931,
5,44186008,82,57,21
5,44186283,33,5,
5,44186380,5,1,
5,44186459,64,10,
5,44186496,252,132,
5,44186536,246,52,
5,44186607,54,23,
5,44186660,140,34,
5,44186736,79,31,
5,44186780,506,430,
5,44187338,33,13,
5,44187457,20,4,
5,44187645,206,70,
5,44187765,97,65,11
5,44188068,78,42,
5,44188120,83,41,
5,44188178,117,61,
5,44188204,125,80,
5,44188214,110,63,14
5,44188248,118,46,
5,44188373,93,15,12
5,44188562,39,14,
5,44188672,16,8,
5,44188839,112,52,5
5,44189088,36,1,20
5,44189329,478,183,
5,44189391,30,9,18
5,44189426,123,24,
5,44189741,102,13,
5,44189920,9,5,
5,44189962,9,5,
5,44189966,88,18,
5,44190371,56,45,
5,44191558,344,201,
5,44191591,223,204,
5,44191620,564,182,
5,44191861,9,0,
5,44191985,9,1,
5,44192630,8,0,
5,44192955,74,68,
5,44192995,223,110,
5,44193118,28,2,
5,44193120,147,70,
5,44193195,17,9,
5,44193225,97,63,
5,44193328,344,228,
5,44193390,183,198,
5,44193930,13,5,
5,44193933,76,17,
5,44193965,63,19,
5,44194082,238,74,
5,44194118,35,1,
5,44194120,103,52,
5,44194408,7,1,
5,44194431,16,5,
5,44194468,138,24,
5,44194469,57,42,
5,44194521,280,159,
5,44194700,22,5,
5,44194859,115,15,
5,44194871,82,17,
5,44194888,27,13,
5,44195354,86,52,
5,44195783,62,43,
5,44195931,136,67,
5,44195961,217,24,
5,44196211,16,7,
5,44196393,148,35,
5,44196410,56,25,
5,44196417,154,89,
5,44196433,126,57,
5,44196576,293,218,
5,44196589,70,27,
5,44196807,111,106,
5,44196850,280,316,
5,44196945,156,52,
5,44197001,8,1,
5,44197112,82,41,
5,44197347,107,56,19
5,44197806,33,4,
5,44197932,1602,745,
5,44197961,85,70,
5,44198135,17,4,
5,44198160,8,1,
5,44198171,67,57,
5,44198394,8,1,
5,44198503,46,33,
5,44198583,75,77,
5,44198805,14,5,
5,44198829,13,0,
5,44198901,34,30,
5,44199005,86,120,
5,44199123,17,4,
5,44199132,17,0,
5,44199299,190,30,
5,44199437,51,28,
5,44199495,71,38,
5,44199592,238,85,
5,44199597,109,55,
5,44199649,167,199,
5,44199658,43,15,
5,44199699,98,84,
5,44199770,57,33,
5,44199840,24,11,
5,44200101,36,7,
5,44200585,23,0,
5,44200773,250,196,
5,44200797,116,45,
5,44200850,42,21,
5,44200866,244,51,
5,44200870,148,77,
5,44200895,281,49,
5,44201072,163,134,
5,44201373,17,2,
5,44201519,16,6,
5,44201527,133,8,
5,44201583,154,46,
5,44201736,107,278,
5,44201748,70,12,
5,44201762,169,108,
5,44201812,219,89,
5,44201857,114,97,
5,44201872,524,222,
5,44201901,278,111,
5,44201975,571,238,
5,44202110,105,40,
5,44202519,69,132,
5,44202664,211,35,
5,44202759,9,1,
5,44203003,92,68,
5,44203095,11,0,
5,44203144,10,0,
5,44203444,69,65,
5,44203494,211,129,
5,44203522,6,0,
5,44203562,416,246,
5,44203609,17,3,
5,44203628,31,3,
5,44203654,6,3,
5,44203732,111,34,
5,44203763,28,19,
5,44203870,24,20,
5,44204045,17,5,
5,44204155,125,62,
5,44204181,155,113,
5,44204224,375,123,
5,44204277,155,86,
5,44204442,8,0,
5,44204603,145,135,
5,44204626,41,4,
5,44204637,73,17,
5,44204670,36,4,
5,44204720,5,0,
5,44204767,134,81,
5,44204870,30,25,
5,44204878,126,57,
5,44204916,28,0,
5,44204938,5,1,
5,44205060,163,120,
5,44205282,432,273,
5,44205317,19,2,
5,44205319,7,0,
5,44205340,11,0,
5,44205372,7,3,
5,44205424,24,0,
5,44205547,15,0,
5,44205590,448,191,
5,44205599,134,91,
5,44205602,7,1,
5,44205620,11,0,
5,44205632,8,3,
5,44205694,22,26,
5,44205697,289,270,
5,44205718,109,79,
5,44205719,13,20,
5,44205789,9,0,
5,44205895,59,17,
5,44205952,10,0,
5,44206001,6,0,
5,44206022,8,0,
5,44206159,14,0,
5,44206238,18,0,
5,44206493,6,0,
5,44206553,188,45,
5,44206609,19,3,
5,44206745,10,1,
5,44207063,144,31,
5,44207095,412,165,
5,44207100,9,1,
5,44207132,6,0,
5,44207144,57,56,
5,44207152,13,16,
5,44207249,34,31,
5,44207371,13,3,
5,44207375,10,7,
5,44207503,206,44,
5,44207665,9,0,
5,44207679,7,1,
5,44207922,8,0,
5,44208017,12,1,
5,44208050,150,158,
5,44208058,9,0,
5,44208060,297,190,
5,44208114,7,0,
5,44208134,7,0,
5,44208161,36,2,
5,44208246,16,22,
5,44208283,195,56,
5,44208430,9,1,
5,44208750,4,0,
5,44208803,7,1,
5,44208886,12,0,
5,44208960,14,1,
5,44208963,53,66,
5,44208968,267,126,
5,44208985,19,4,
5,44209181,7,0,
5,44209247,6,0,
5,44209269,10,0,
5,44209320,7,2,
5,44209415,11,0,
5,44209497,221,113,
5,44209515,293,680,
5,44209665,110,57,
5,44209746,12,1,
5,44209833,136,133,
5,44209910,24,0,
5,44209958,7,0,
5,44209986,82,124,
5,44210016,8,1,
5,44210082,22,2,
5,44210249,7,1,
5,44210339,24,5,
5,44210390,47,13,
5,44210441,82,2,
5,44210454,5,0,
5,44210491,12,0,
5,44210502,39,3,
5,44210557,134,201,
5,44210582,22,4,
5,44210606,1544,267,
5,44210614,88,37,
5,44210616,4,0,
5,44210620,7,0,
5,44210689,452,302,
5,44210736,456,203,
5,44210794,23,12,
5,44210803,4,2,
5,44210938,60,4,
5,44211052,7,1,
5,44211130,87,201,
5,44211273,440,204,25
5,44211411,12,2,
5,44211417,296,88,
5,44211418,6,0,
5,44211434,20,10,
5,44211461,12,2,
5,44211612,181,106,
5,44211681,19,2,
5,44211754,3,1,
5,44211779,140,42,
5,44211799,5,0,
5,44211828,5,0,
5,44211865,9,0,
5,44211915,7,1,
5,44211928,11,0,
5,44212026,8,0,
5,44212156,6,0,
5,44212344,5,0,
5,44212384,3,0,
5,44212413,60,44,
5,44212441,402,117,19
5,44212446,419,51,
5,44212449,47,19,
5,44212593,7,4,
5,44212650,77,23,
5,44212676,16,1,
5,44212690,6,2,
5,44212710,7,1,
5,44212801,7,0,
5,44212845,192,256,
5,44212855,119,11,
5,44213208,10,0,
5,44213306,7,0,
5,44213313,21,0,
5,44213479,16,1,
5,44213590,77,14,
5,44213878,97,46,
5,44213963,8,0,
5,44214088,7,1,
5,44214243,16,13,
5,44214263,12,0,
5,44214303,61,12,
5,44214308,33,7,
5,44214311,200,50,
5,44214386,57,21,
5,44214481,116,73,
5,44214493,20,10,
5,44214522,211,164,29
5,44214835,144,75,
5,44214926,109,21,
5,44214960,66,3,
5,44215117,74,33,
5,44215131,72,47,
5,44215197,94,105,29
5,44215352,768,192,24
5,44215603,157,31,16
5,44215667,246,154,
5,44215726,75,41,
5,44216072,6,0,
5,44216123,210,70,
5,44216436,3,0,
5,44216630,86,23,27
5,44216664,7,1,
5,44216730,5,1,
5,44217322,45,15,
5,44217461,10,3,
5,44217510,5,2,
5,44217631,10,0,
5,44217693,42,6,
5,44217707,32,8,
5,44217757,88,17,15
5,44217760,14,0,
5,44217876,141,95,10
5,44217904,26,15,
5,44217936,9,0,
5,44217940,10,8,
5,44217999,41,10,
5,44218045,10,6,
5,44218220,9,3,
5,44218381,4,0,
5,44218543,6,0,
5,44218584,10,4,
5,44218618,5,0,
5,44218787,8,1,
5,44219012,33,8,
5,44219029,38,12,
5,44219171,19,10,
5,44219270,64,79,9
5,44219279,52,58,
5,44219357,100,27,8
5,44219405,188,84,3
5,44219519,233,139,4
5,44219563,10,0,
5,44219660,14,2,
5,44219692,5,0,
5,44219755,106,53,23
5,44219857,97,43,5
5,44219871,26,4,
5,44220110,27,85,
5,44220135,66,42,28
5,44220179,55,11,5
5,44220287,14,1,16
5,44220325,9,1,
5,44220454,6,2,
5,44220583,30,4,13
5,44220676,4,0,
5,44220699,6,1,
5,44220860,183,20,1
5,44220956,7,0,
5,44221089,12,3,
5,44221430,11,6,7
5,44221450,105,48,1
5,44221489,45,0,2
5,44221564,3,0,
6,44155426,53,13,
6,44155635,73,15,
6,44155741,61,38,
6,44155746,663,252,
6,44155761,87,123,
6,44156935,842,354,
6,44157077,104,28,
6,44157177,507,218,
6,44157378,114,136,
6,44157406,151,47,
6,44158336,23,3,
6,44158353,407,99,
6,44158720,53,14,
6,44159166,875,518,
6,44159337,27,14,
6,44159525,126,397,
6,44159528,369,477,
6,44159758,264,72,
6,44159798,44,1,
6,44160012,149,149,
6,44160073,148,76,
6,44160358,58,27,
6,44161102,30,18,
6,44161607,147,65,
6,44161894,125,31,
6,44162042,117,324,
6,44162327,172,223,
6,44162363,292,68,
6,44162443,156,60,
6,44162814,165,55,
6,44163063,2324,2816,
6,44163216,15,2,
6,44163428,280,64,
6,44163496,109,63,
6,44163618,61,20,
6,44163877,86,9,
6,44166102,277,311,
6,44166155,166,87,
6,44167049,95,23,
6,44167592,662,273,
6,44168184,197,66,
6,44168201,67,43,
6,44168256,96,133,
6,44168265,88,46,
6,44168658,350,430,
6,44168810,25,13,
6,44169115,531,337,
6,44169132,169,94,
6,44169413,174,140,
6,44169759,363,257,
6,44170694,97,20,
6,44170719,23,0,
6,44170968,157,69,
6,44171363,57,1,
6,44171677,409,577,
6,44172166,240,228,
6,44172340,29,9,
6,44172428,88,71,
6,44172553,19,6,
6,44172659,128,48,
6,44173193,62,23,
6,44173377,79,131,
6,44173581,94,93,
6,44173667,54,16,
6,44173853,99,42,
6,44174036,38,33,
6,44174190,205,38,
6,44174540,85,29,
6,44174856,191,96,
6,44174965,595,157,
6,44175077,21,5,
6,44175132,13,1,
6,44175356,115,48,
6,44175510,85,2,
6,44175557,142,54,
6,44175579,56,70,
6,44175773,308,223,
6,44175905,274,149,
6,44176172,18,2,
6,44176425,198,121,
6,44176510,287,182,
6,44176514,289,146,
6,44176636,43,26,
6,44176729,107,17,
6,44176737,373,152,
6,44176825,262,130,
6,44176829,624,214,
6,44176919,108,38,
6,44177446,214,235,
6,44177797,37,32,
6,44177824,10,0,
6,44177964,45,18,
6,44178024,57,129,
6,44178445,63,9,
6,44178468,315,180,
6,44178507,8,1,
6,44178674,31,0,
6,44178902,358,154,
6,44179113,11,1,
6,44179257,607,151,
6,44179475,12,0,
6,44179691,123,71,
6,44180533,1490,920,
6,44180760,32,16,
6,44180954,135,13,
6,44181237,27,14,
6,44181305,49,4,
6,44181421,431,169,
6,44181613,183,193,
6,44181700,249,34,
6,44181781,20,3,
6,44182184,183,39,
6,44182186,870,196,
6,44182188,451,168,
6,44182206,185,86,
6,44182356,729,315,
6,44182582,245,162,
6,44182698,155,34,
6,44182941,33,10,
6,44183299,149,23,26
6,44183515,202,102,
6,44183591,354,93,
6,44183799,671,377,
6,44183923,280,264,
6,44184542,172,149,
6,44184849,89,13,
6,44184900,352,327,
6,44184974,62,15,
6,44185003,57,2,
6,44185078,136,215,
6,44185158,36,6,
6,44185256,607,461,
6,44185651,11,2,
6,44185672,8,0,
6,44185836,132,64,
6,44185845,50,45,
6,44185856,53,14,
6,44185913,1112,931,
6,44186008,82,57,
6,44186283,33,5,
6,44186380,5,1,
6,44186459,64,10,
6,44186496,252,132,
6,44186536,246,52,
6,44186607,54,23,
6,44186660,140,34,
6,44186736,79,31,
6,44186780,506,430,
6,44187338,33,13,
6,44187457,20,4,
6,44187645,206,70,
6,44187765,99,69,11
6,44188068,78,42,
6,44188120,84,41,
6,44188178,117,62,
6,44188204,125,80,
6,44188214,119,71,15
6,44188248,118,46,
6,44188373,100,16,12
6,44188562,39,14,
6,44188672,16,8,
6,44188839,126,57,3
6,44189088,40,1,18
6,44189329,478,184,
6,44189391,36,12,19
6,44189426,123,24,
6,44189741,102,13,
6,44189920,9,5,
6,44189962,9,5,
6,44189966,90,18,
6,44190371,56,45,
6,44191558,344,201,
6,44191591,223,204,
6,44191620,565,182,
6,44191861,9,0,
6,44191985,9,1,
6,44192630,8,0,
6,44192955,74,68,
6,44192995,223,110,
6,44193118,28,2,
6,44193120,147,70,
6,44193195,17,9,
6,44193225,97,63,
6,44193328,344,228,
6,44193390,183,198,
6,44193930,13,5,
6,44193933,76,17,
6,44193965,63,19,
6,44194082,238,74,
6,44194118,35,1,
6,44194120,103,52,
6,44194408,7,1,
6,44194431,16,5,
6,44194468,138,24,
6,44194469,57,42,
6,44194521,280,159,
6,44194700,22,5,
6,44194859,115,15,
6,44194871,82,17,
6,44194888,27,13,
6,44195354,86,52,
6,44195783,62,43,
6,44195931,136,67,
6,44195961,217,24,
6,44196211,16,7,
6,44196393,148,35,
6,44196410,56,25,
6,44196417,154,89,
6,44196433,127,58,
6,44196576,293,218,
6,44196589,70,27,
6,44196807,111,106,
6,44196850,280,316,
6,44196945,156,52,
6,44197001,8,1,
6,44197112,83,41,
6,44197347,116,66,21
6,44197806,33,4,
6,44197932,1603,745,
6,44197961,87,70,
6,44198160,8,1,
6,44198171,67,57,
6,44198394,8,1,
6,44198503,46,33,
6,44198583,75,77,
6,44198805,14,5,
6,44198829,13,0,
6,44198901,34,30,
6,44199005,87,120,
6,44199123,17,4,
6,44199132,17,0,
6,44199299,190,30,
6,44199437,51,28,
6,44199495,71,38,
6,44199592,238,85,
6,44199597,109,55,
6,44199649,167,200,
6,44199658,43,15,
6,44199699,98,84,
6,44199770,57,33,
6,44199840,24,11,
6,44200101,36,7,
6,44200585,23,0,
6,44200773,252,196,
6,44200797,117,45,
6,44200850,42,21,
6,44200866,244,51,
6,44200870,148,77,
6,44200895,281,49,
6,44201072,163,134,
6,44201373,17,2,
6,44201519,16,6,
6,44201527,133,8,
6,44201583,154,46,
6,44201736,108,278,
6,44201748,70,12,
6,44201762,169,108,
6,44201812,219,89,
6,44201857,114,97,
6,44201872,525,222,
6,44201901,278,112,
6,44201975,571,238,
6,44202110,105,40,
6,44202519,69,132,
6,44202664,211,35,
6,44202759,9,1,
6,44203003,92,69,
6,44203095,11,0,
6,44203144,10,0,
6,44203444,69,65,
6,44203494,212,129,
6,44203522,6,0,
6,44203562,419,246,
6,44203609,17,3,
6,44203628,31,3,
6,44203654,6,3,
6,44203732,111,34,
6,44203763,28,19,
6,44203870,24,20,
6,44204045,17,5,
6,44204155,125,62,
6,44204181,158,113,
6,44204224,375,123,
6,44204277,155,86,
6,44204442,8,0,
6,44204603,145,135,
6,44204626,41,4,
6,44204637,73,17,
6,44204670,36,4,
6,44204720,5,0,
6,44204767,134,81,
6,44204878,126,57,
6,44204916,28,0,
6,44204938,5,1,
6,44205060,163,120,
6,44205282,432,273,
6,44205317,19,2,
6,44205319,7,0,
6,44205340,11,0,
6,44205372,7,3,
6,44205424,24,0,
6,44205547,15,0,
6,44205590,448,191,
6,44205599,135,91,
6,44205602,7,1,
6,44205620,11,0,
6,44205632,8,3,
6,44205694,22,26,
6,44205697,289,270,
6,44205718,109,79,
6,44205719,13,20,
6,44205789,9,0,
6,44205895,59,17,
6,44205952,10,0,
6,44206001,6,0,
6,44206022,8,0,
6,44206159,14,0,
6,44206238,18,0,
6,44206493,6,0,
6,44206553,188,45,
6,44206609,19,3,
6,44206745,10,1,
6,44207063,144,31,
6,44207095,413,165,
6,44207100,9,1,
6,44207144,57,56,
6,44207152,13,16,
6,44207249,34,31,
6,44207371,13,3,
6,44207375,10,7,
6,44207503,206,44,
6,44207665,9,0,
6,44207679,7,1,
6,44207922,8,0,
6,44208017,12,1,
6,44208050,150,158,
6,44208058,9,0,
6,44208060,298,190,
6,44208114,7,0,
6,44208134,7,0,
6,44208161,36,2,
6,44208246,16,22,
6,44208283,195,56,
6,44208430,9,1,
6,44208750,4,0,
6,44208803,7,1,
6,44208886,12,0,
6,44208960,14,1,
6,44208963,53,66,
6,44208968,267,126,
6,44208985,19,4,
6,44209181,7,0,
6,44209247,6,0,
6,44209269,10,0,
6,44209320,7,2,
6,44209415,11,0,
6,44209497,221,113,
6,44209515,295,685,
6,44209665,110,57,
6,44209746,13,1,
6,44209833,136,134,
6,44209910,24,0,
6,44209958,7,0,
6,44209986,82,124,
6,44210016,8,1,
6,44210082,22,2,
6,44210249,7,1,
6,44210339,24,5,
6,44210390,47,13,
6,44210441,82,2,
6,44210454,5,0,
6,44210491,12,0,
6,44210502,39,3,
6,44210557,134,201,
6,44210582,22,4,
6,44210606,1545,267,
6,44210614,88,37,
6,44210616,4,0,
6,44210620,7,0,
6,44210689,452,302,
6,44210736,457,205,
6,44210794,23,12,
6,44210803,4,2,
6,44210938,62,5,
6,44211052,7,1,
6,44211130,87,201,
6,44211273,446,206,25
6,44211411,12,2,
6,44211417,301,88,
6,44211418,6,0,
6,44211434,20,10,
6,44211461,12,2,
6,44211612,181,106,
6,44211681,19,2,
6,44211754,3,1,
6,44211779,143,44,
6,44211799,5,0,
6,44211828,5,0,
6,44211865,9,0,
6,44211915,7,1,
6,44211928,11,0,
6,44212026,8,0,
6,44212156,6,0,
6,44212344,5,0,
6,44212384,3,0,
6,44212413,60,44,
6,44212441,407,117,19
6,44212446,419,51,
6,44212449,47,19,
6,44212593,7,4,
6,44212650,78,23,
6,44212676,16,1,
6,44212690,6,2,
6,44212710,7,1,
6,44212801,7,0,
6,44212845,193,257,
6,44212855,119,11,
6,44213208,10,0,
6,44213306,7,0,
6,44213313,21,0,
6,44213479,16,1,
6,44213590,77,14,
6,44213878,97,46,
6,44213963,8,0,
6,44214088,7,1,
6,44214243,16,13,
6,44214263,12,0,
6,44214303,63,12,
6,44214308,34,7,
6,44214311,200,50,
6,44214386,57,21,
6,44214481,118,73,
6,44214493,20,10,
6,44214522,213,165,30
6,44214835,144,75,
6,44214926,109,22,
6,44214960,67,3,
6,44215117,74,33,
6,44215131,72,47,
6,44215197,98,112,28
6,44215352,778,197,23
6,44215559,5,0,
6,44215603,159,31,16
6,44215667,248,155,
6,44215726,75,41,
6,44216072,7,0,
6,44216123,212,71,
6,44216436,3,0,
6,44216630,87,23,28
6,44216664,7,1,
6,44216730,5,1,
6,44217280,4,0,
6,44217322,48,15,
6,44217461,10,3,
6,44217510,6,2,
6,44217631,10,0,
6,44217693,43,6,
6,44217707,32,8,
6,44217757,93,21,17
6,44217760,14,0,
6,44217876,152,99,8
6,44217904,26,16,
6,44217936,9,0,
6,44217940,10,8,
6,44217999,41,10,
6,44218220,9,3,
6,44218381,5,0,
6,44218543,7,0,
6,44218584,10,4,
6,44218618,6,0,
6,44218787,8,1,
6,44218993,5,0,
6,44219012,33,8,
6,44219029,38,12,
6,44219171,19,10,
6,44219270,66,94,10
6,44219279,52,60,
6,44219357,107,28,6
6,44219405,208,92,1
6,44219519,264,149,5
6,44219563,11,0,
6,44219660,17,4,
6,44219692,8,0,
6,44219755,114,55,26
6,44219857,131,60,2
6,44219871,28,4,
6,44220110,29,90,
6,44220135,68,46,
6,44220179,63,13,5
6,44220287,20,1,19
6,44220325,9,1,
6,44220454,6,2,
6,44220583,36,4,14
6,44220699,6,1,
6,44220860,215,23,1
6,44220956,7,0,
6,44220997,6,1,30
6,44221089,13,3,
6,44221430,30,20,3
6,44221450,180,88,2
6,44221489,93,11,1
6,44221564,5,2,
6,44221695,8,0,
6,44221706,5,0,
7,44155426,53,13,
7,44155635,73,15,
7,44155741,61,38,
7,44155746,663,252,
7,44155761,87,123,
7,44156935,842,355,
7,44157077,104,28,
7,44157177,507,218,
7,44157378,114,136,
7,44157406,151,47,
7,44158336,23,3,
7,44158353,407,99,
7,44158720,53,14,
7,44159166,875,518,
7,44159337,27,14,
7,44159525,126,397,
7,44159528,369,477,
7,44159758,264,72,
7,44159798,44,1,
7,44160012,149,149,
7,44160073,148,76,
7,44160358,58,27,
7,44161102,30,18,
7,44161607,147,65,
7,44161894,125,31,
7,44162042,117,324,
7,44162327,172,223,
7,44162363,292,68,
7,44162443,156,60,
7,44162814,165,55,
7,44163063,2324,2816,
7,44163216,15,2,
7,44163428,280,64,
7,44163496,109,63,
7,44163618,61,20,
7,44163877,86,9,
7,44166102,277,311,
7,44166155,166,87,
7,44167049,95,23,
7,44167592,662,273,
7,44168184,197,66,
7,44168201,67,43,
7,44168256,96,133,
7,44168265,88,46,
7,44168658,350,430,
7,44168810,25,13,
7,44169115,531,337,
7,44169132,169,94,
7,44169413,174,140,
7,44169759,363,257,
7,44170694,97,20,
7,44170719,23,0,
7,44170968,157,69,
7,44171363,57,1,
7,44171677,409,577,
7,44172166,240,228,
7,44172340,29,9,
7,44172428,88,71,
7,44172553,19,6,
7,44172659,128,48,
7,44173193,62,23,
7,44173377,79,131,
7,44173581,94,93,
7,44173667,54,16,
7,44173853,99,42,
7,44174036,38,33,
7,44174190,205,38,
7,44174540,85,29,
7,44174856,191,96,
7,44174965,595,157,
7,44175077,21,5,
7,44175132,13,1,
7,44175356,115,48,
7,44175510,85,2,
7,44175557,142,54,
7,44175579,56,70,
7,44175773,308,223,
7,44175905,274,149,
7,44176172,18,2,
7,44176425,198,121,
7,44176510,287,182,
7,44176514,289,146,
7,44176636,43,26,
7,44176729,107,17,
7,44176737,373,152,
7,44176825,262,130,
7,44176829,624,214,
7,44176919,108,38,
7,44177446,214,235,
7,44177797,37,32,
7,44177824,10,0,
7,44177964,45,18,
7,44178024,57,129,
7,44178445,63,9,
7,44178468,315,180,
7,44178507,8,1,
7,44178674,31,0,
7,44178902,358,154,
7,44179113,11,1,
7,44179257,607,151,
7,44179475,12,0,
7,44179691,123,71,
7,44180533,1490,921,
7,44180760,32,16,
7,44180954,135,13,
7,44181237,27,14,
7,44181305,49,4,
7,44181421,431,169,
7,44181613,183,193,
7,44181700,249,34,
7,44181781,20,3,
7,44182184,183,39,
7,44182186,870,196,
7,44182188,451,168,
7,44182206,185,86,
7,44182356,730,315,
7,44182582,245,162,
7,44182698,155,34,
7,44182941,33,10,
7,44183299,153,23,26
7,44183515,202,102,
7,44183591,354,93,
7,44183799,671,377,
7,44183923,280,264,
7,44184542,172,149,
7,44184849,89,13,
7,44184900,352,327,
7,44184974,62,15,
7,44185003,57,2,
7,44185078,136,215,
7,44185158,36,6,
7,44185256,607,461,
7,44185651,11,2,
7,44185672,8,0,
7,44185836,132,64,
7,44185845,50,45,
7,44185856,53,14,
7,44185913,1112,931,
7,44186008,84,57,
7,44186283,33,5,
7,44186380,5,1,
7,44186459,64,10,
7,44186496,252,132,
7,44186536,246,52,
7,44186607,54,23,
7,44186660,140,34,
7,44186736,79,31,
7,44186780,506,430,
7,44187338,33,13,
7,44187457,20,4,
7,44187645,206,70,
7,44187765,103,75,11
7,44188068,78,42,
7,44188120,84,41,
7,44188178,121,62,
7,44188204,125,80,
7,44188214,132,74,15
7,44188248,118,46,
7,44188373,106,17,12
7,44188562,39,14,
7,44188672,16,8,
7,44188839,139,67,3
7,44189088,42,1,19
7,44189329,478,184,
7,44189391,41,13,21
7,44189426,123,24,
7,44189741,102,13,
7,44189920,9,5,
7,44189962,9,5,
7,44189966,92,18,
7,44190371,56,45,
7,44191558,344,201,
7,44191591,223,204,
7,44191620,565,182,
7,44191861,9,0,
7,44191985,9,1,
7,44192630,8,0,
7,44192955,74,68,
7,44192995,223,110,
7,44193118,28,2,
7,44193120,147,70,
7,44193195,17,9,
7,44193225,97,63,
7,44193328,344,228,
7,44193390,183,198,
7,44193930,13,5,
7,44193933,76,17,
7,44193965,63,19,
7,44194082,238,74,
7,44194118,35,1,
7,44194120,103,52,
7,44194408,7,1,
7,44194431,16,5,
7,44194468,138,24,
7,44194469,57,42,
7,44194521,280,159,
7,44194700,22,5,
7,44194859,115,15,
7,44194871,82,17,
7,44194888,27,13,
7,44195354,86,52,
7,44195783,62,43,
7,44195931,136,67,
7,44195961,217,24,
7,44196211,16,7,
7,44196393,148,35,
7,44196410,56,25,
7,44196417,155,89,
7,44196433,127,58,
7,44196576,293,218,
7,44196589,70,27,
7,44196807,111,106,
7,44196850,280,316,
7,44196945,156,52,
7,44197001,8,1,
7,44197112,83,41,
7,44197347,128,69,22
7,44197806,33,4,
7,44197932,1605,746,
7,44197961,87,70,
7,44198160,8,1,
7,44198171,67,57,
7,44198394,8,1,
7,44198503,46,33,
7,44198583,75,77,
7,44198805,14,5,
7,44198829,13,0,
7,44198901,34,30,
7,44199005,87,120,
7,44199123,17,4,
7,44199132,17,0,
7,44199299,190,30,
7,44199437,51,28,
7,44199495,71,38,
7,44199592,238,85,
7,44199597,109,55,
7,44199649,167,200,
7,44199658,43,15,
7,44199699,98,84,
7,44199770,57,33,
7,44199840,24,11,
7,44200101,36,7,
7,44200585,23,0,
7,44200773,252,196,
7,44200797,117,45,
7,44200850,42,21,
7,44200866,244,51,
7,44200870,148,77,
7,44200895,281,49,
7,44201072,163,135,
7,44201373,17,2,
7,44201519,16,6,
7,44201527,133,8,
7,44201583,154,46,
7,44201736,108,278,
7,44201748,70,12,
7,44201762,169,109,
7,44201812,219,89,
7,44201857,114,97,
7,44201872,525,222,
7,44201901,279,112,
7,44201975,572,238,
7,44202110,105,40,
7,44202519,69,132,
7,44202664,211,35,
7,44202759,9,1,
7,44203003,92,69,
7,44203095,11,0,
7,44203144,10,0,
7,44203444,69,65,
7,44203494,212,129,
7,44203522,6,0,
7,44203562,420,247,
7,44203609,17,3,
7,44203628,31,3,
7,44203654,6,3,
7,44203732,111,35,
7,44203763,28,19,
7,44203870,24,20,
7,44204045,17,5,
7,44204155,125,62,
7,44204181,158,113,
7,44204224,375,123,
7,44204277,155,86,
7,44204442,9,0,
7,44204603,145,135,
7,44204626,41,4,
7,44204637,73,17,
7,44204670,36,4,
7,44204720,5,0,
7,44204767,134,81,
7,44204878,126,57,
7,44204916,28,0,
7,44204938,5,1,
7,44205060,163,120,
7,44205282,432,273,
7,44205317,19,2,
7,44205319,7,0,
7,44205340,11,0,
7,44205372,7,3,
7,44205424,24,0,
7,44205547,15,0,
7,44205590,449,191,
7,44205599,135,91,
7,44205602,7,1,
7,44205620,11,0,
7,44205632,8,3,
7,44205694,22,26,
7,44205697,289,271,
7,44205718,110,79,
7,44205719,13,20,
7,44205789,9,0,
7,44205895,59,17,
7,44205952,10,0,
7,44206001,6,0,
7,44206022,8,0,
7,44206159,14,0,
7,44206238,18,0,
7,44206493,6,0,
7,44206553,188,45,
7,44206609,19,3,
7,44206745,10,1,
7,44207063,144,31,
7,44207095,414,165,
7,44207100,9,1,
7,44207144,57,56,
7,44207152,13,16,
7,44207249,34,31,
7,44207371,13,3,
7,44207375,10,7,
7,44207503,207,44,
7,44207665,9,0,
7,44207922,8,0,
7,44208017,12,1,
7,44208050,150,158,
7,44208058,9,0,
7,44208060,298,193,
7,44208114,7,0,
7,44208134,7,0,
7,44208161,36,2,
7,44208246,16,22,
7,44208283,195,56,
7,44208430,9,1,
7,44208750,4,0,
7,44208803,7,1,
7,44208886,12,0,
7,44208960,14,1,
7,44208963,53,66,
7,44208968,268,127,
7,44208985,19,4,
7,44209181,7,0,
7,44209247,6,0,
7,44209269,10,0,
7,44209320,7,2,
7,44209415,11,0,
7,44209497,222,114,
7,44209515,295,686,
7,44209665,110,57,
7,44209746,13,1,
7,44209833,137,134,
7,44209910,24,0,
7,44209958,7,0,
7,44209986,82,125,
7,44210016,8,1,
7,44210082,22,2,
7,44210249,7,1,
7,44210339,24,5,
7,44210390,47,13,
7,44210441,82,2,
7,44210454,5,0,
7,44210502,39,3,
7,44210557,134,202,
7,44210582,22,4,
7,44210606,1546,267,
7,44210614,88,37,
7,44210616,4,0,
7,44210620,7,0,
7,44210689,453,303,
7,44210736,457,206,
7,44210794,23,12,
7,44210803,4,2,
7,44210938,62,5,
7,44211052,7,1,
7,44211130,87,201,
7,44211273,451,211,23
7,44211411,12,2,
7,44211417,305,90,
7,44211418,6,0,
7,44211434,20,12,
7,44211461,12,2,
7,44211612,181,106,
7,44211681,19,2,
7,44211754,3,1,
7,44211779,143,45,
7,44211799,5,0,
7,44211828,5,0,
7,44211865,9,0,
7,44211915,7,1,
7,44211928,11,0,
7,44212026,8,0,
7,44212156,6,0,
7,44212344,5,0,
7,44212384,3,0,
7,44212413,60,44,
7,44212441,412,117,20
7,44212446,419,51,
7,44212449,47,19,
7,44212593,7,4,
7,44212650,79,23,
7,44212676,16,1,
7,44212690,6,2,
7,44212710,7,1,
7,44212801,7,0,
7,44212845,195,258,
7,44212855,119,11,
7,44213208,10,0,
7,44213306,7,0,
7,44213313,21,0,
7,44213479,16,1,
7,44213590,78,14,
7,44213878,97,46,
7,44213963,8,0,
7,44214088,7,1,
7,44214243,16,13,
7,44214263,12,0,
7,44214303,63,13,
7,44214308,34,7,
7,44214311,200,51,
7,44214386,58,21,
7,44214481,121,74,
7,44214493,20,10,
7,44214522,213,166,30
7,44214835,145,75,
7,44214926,109,22,
7,44214960,67,3,
7,44215117,74,33,
7,44215131,72,47,
7,44215197,99,114,28
7,44215352,794,198,24
7,44215559,6,0,
7,44215603,163,31,16
7,44215667,252,155,
7,44215726,77,42,
7,44216072,8,0,
7,44216123,212,72,
7,44216436,3,0,
7,44216630,89,23,29
7,44216664,7,1,
7,44216730,5,1,
7,44217280,4,0,
7,44217322,48,16,
7,44217461,10,3,
7,44217510,7,2,
7,44217631,10,0,
7,44217693,43,7,
7,44217707,32,8,
7,44217757,95,23,17
7,44217760,14,0,
7,44217876,161,109,7
7,44217904,26,17,
7,44217936,9,0,
7,44217940,10,8,
7,44217999,41,10,
7,44218220,9,3,
7,44218381,5,0,
7,44218543,7,0,
7,44218618,8,0,
7,44218787,8,1,
7,44218993,5,0,
7,44219012,33,10,
7,44219029,38,12,
7,44219171,19,10,
7,44219270,70,106,9
7,44219279,53,61,
7,44219357,115,31,6
7,44219405,229,95,1
7,44219519,275,154,27
7,44219563,12,0,
7,44219660,18,5,
7,44219692,10,0,
7,44219755,117,55,28
7,44219857,148,76,2
7,44219871,29,4,
7,44220110,31,97,
7,44220135,69,49,
7,44220179,67,23,5
7,44220287,24,2,18
7,44220325,9,1,
7,44220454,6,2,
7,44220583,40,4,13
7,44220699,6,1,
7,44220860,236,25,4
7,44220956,7,0,
7,44220997,12,9,18
7,44221430,44,32,13
7,44221450,241,124,9
7,44221489,102,24,7
7,44221564,5,2,
7,44221695,16,3,22
7,44221706,8,1,
7,44222140,4,0,
8,44155426,53,13,
8,44155635,73,15,
8,44155741,61,38,
8,44155746,663,252,
8,44155761,87,123,
8,44156935,842,355,
8,44157077,104,28,
8,44157177,507,218,
8,44157378,114,136,
8,44157406,151,47,
8,44158336,23,3,
8,44158353,407,99,
8,44158720,53,14,
8,44159166,875,518,
8,44159337,27,14,
8,44159525,126,397,
8,44159528,369,477,
8,44159758,264,72,
8,44159798,44,1,
8,44160012,149,149,
8,44160073,148,76,
8,44160358,58,27,
8,44161102,30,18,
8,44161607,147,65,
8,44161894,125,31,
8,44162042,117,324,
8,44162327,172,223,
8,44162363,292,68,
8,44162443,156,60,
8,44162814,165,55,
8,44163063,2325,2816,
8,44163216,15,2,
8,44163428,280,64,
8,44163496,109,63,
8,44163618,61,20,
8,44163877,86,9,
8,44166102,277,311,
8,44166155,166,87,
8,44167049,95,23,
8,44167592,662,273,
8,44168184,198,66,
8,44168201,67,43,
8,44168256,96,133,
8,44168265,88,46,
8,44168658,350,430,
8,44168810,25,13,
8,44169115,531,337,
8,44169132,170,94,
8,44169413,174,140,
8,44169759,363,257,
8,44170694,97,20,
8,44170719,23,0,
8,44170968,157,69,
8,44171363,57,1,
8,44171677,409,577,
8,44172166,240,228,
8,44172340,29,9,
8,44172428,88,71,
8,44172553,19,6,
8,44172659,128,48,
8,44173193,62,23,
8,44173377,79,131,
8,44173581,94,93,
8,44173667,54,16,
8,44173853,99,42,
8,44174036,38,33,
8,44174190,205,38,
8,44174540,85,29,
8,44174856,191,96,
8,44174965,595,157,
8,44175077,21,5,
8,44175132,13,1,
8,44175356,115,48,
8,44175510,85,2,
8,44175557,142,54,
8,44175579,56,70,
8,44175773,308,223,
8,44175905,274,149,
8,44176172,18,2,
8,44176425,198,121,
8,44176510,287,182,
8,44176514,289,146,
8,44176636,43,26,
8,44176729,107,17,
8,44176737,373,152,
8,44176825,262,130,
8,44176829,624,214,
8,44176919,108,38,
8,44177446,214,235,
8,44177797,37,32,
8,44177824,10,0,
8,44177964,45,18,
8,44178024,57,129,
8,44178445,63,9,
8,44178468,315,180,
8,44178507,8,1,
8,44178674,31,0,
8,44178780,52,15,
8,44178902,358,154,
8,44179113,11,1,
8,44179257,607,151,
8,44179475,12,0,
8,44179691,123,71,
8,44180533,1491,921,
8,44180760,32,16,
8,44180954,135,13,
8,44181237,27,14,
8,44181305,49,4,
8,44181421,432,169,
8,44181613,183,193,
8,44181700,249,34,
8,44181781,20,3,
8,44182184,183,39,
8,44182186,870,196,
8,44182188,452,169,
8,44182206,185,86,
8,44182356,730,315,
8,44182582,245,162,
8,44182698,155,34,
8,44182941,33,10,
8,44183299,158,24,25
8,44183515,202,102,
8,44183591,354,93,
8,44183791,13,5,
8,44183799,671,377,
8,44183923,280,264,
8,44184542,172,149,
8,44184849,89,13,
8,44184900,352,327,
8,44184974,62,15,
8,44185003,57,2,
8,44185078,136,215,
8,44185158,36,6,
8,44185256,607,461,
8,44185651,11,2,
8,44185672,8,0,
8,44185836,132,64,
8,44185845,50,45,
8,44185856,53,14,
8,44185913,1112,931,
8,44186008,88,60,
8,44186283,33,5,
8,44186380,5,1,
8,44186459,64,10,
8,44186496,252,132,
8,44186536,246,52,
8,44186607,54,23,
8,44186660,140,34,
8,44186736,79,31,
8,44186780,506,430,
8,44187338,33,13,
8,44187457,20,4,
8,44187645,206,70,
8,44187765,106,79,9
8,44188068,78,42,
8,44188120,85,41,
8,44188178,121,63,
8,44188204,125,80,
8,44188214,142,82,14
8,44188248,118,46,
8,44188373,114,18,11
8,44188562,39,14,
8,44188672,16,8,
8,44188839,156,74,3
8,44189088,45,1,20
8,44189329,478,184,
8,44189391,42,14,23
8,44189426,123,24,
8,44189741,102,13,
8,44189920,9,5,
8,44189962,9,5,
8,44189966,93,18,
8,44190371,56,45,
8,44191558,344,201,
8,44191591,223,204,
8,44191620,565,182,
8,44191861,9,0,
8,44191985,9,1,
8,44192630,8,0,
8,44192955,74,68,
8,44192995,223,110,
8,44193118,28,2,
8,44193120,147,70,
8,44193195,17,9,
8,44193225,97,63,
8,44193328,344,228,
8,44193390,183,198,
8,44193930,13,5,
8,44193933,76,17,
8,44193965,63,19,
8,44194082,238,75,
8,44194118,35,1,
8,44194120,103,52,
8,44194408,7,1,
8,44194431,16,5,
8,44194468,139,24,
8,44194469,57,42,
8,44194521,280,160,
8,44194700,22,5,
8,44194859,115,15,
8,44194871,82,17,
8,44194888,27,13,
8,44195354,86,52,
8,44195783,62,43,
8,44195931,136,67,
8,44195961,217,24,
8,44196211,16,7,
8,44196393,148,35,
8,44196410,56,25,
8,44196417,155,89,
8,44196433,127,58,
8,44196576,293,218,
8,44196589,70,27,
8,44196807,111,106,
8,44196850,280,316,
8,44196945,156,52,
8,44197001,8,1,
8,44197112,83,41,
8,44197347,130,76,22
8,44197806,33,4,
8,44197932,1605,746,
8,44197961,88,70,
8,44198160,8,1,
8,44198171,67,57,
8,44198394,8,1,
8,44198503,46,33,
8,44198583,75,77,
8,44198805,14,5,
8,44198829,13,0,
8,44198901,34,30,
8,44199005,87,120,
8,44199123,17,4,
8,44199132,17,0,
8,44199299,190,30,
8,44199437,51,28,
8,44199495,71,38,
8,44199592,238,85,
8,44199597,110,55,
8,44199649,167,200,
8,44199658,43,15,
8,44199699,98,84,
8,44199770,57,33,
8,44199840,24,11,
8,44200101,36,7,
8,44200585,23,0,
8,44200773,252,196,
8,44200797,117,45,
8,44200850,42,21,
8,44200866,244,51,
8,44200870,148,79,
8,44200895,281,49,
8,44201072,163,135,
8,44201373,17,2,
8,44201519,16,6,
8,44201527,133,8,
8,44201583,154,46,
8,44201736,108,278,
8,44201748,70,12,
8,44201762,169,109,
8,44201812,219,89,
8,44201857,114,97,
8,44201872,525,223,
8,44201901,279,112,
8,44201975,572,241,
8,44202110,105,40,
8,44202519,69,132,
8,44202664,211,35,
8,44202759,9,1,
8,44203003,92,69,
8,44203095,11,0,
8,44203144,10,0,
8,44203444,69,65,
8,44203494,213,130,
8,44203522,6,0,
8,44203562,420,247,
8,44203609,17,3,
8,44203628,31,3,
8,44203654,6,3,
8,44203732,111,35,
8,44203763,28,19,
8,44203870,24,20,
8,44204045,17,5,
8,44204155,125,62,
8,44204181,158,113,
8,44204224,375,123,
8,44204277,155,86,
8,44204442,9,0,
8,44204603,145,135,
8,44204626,41,4,
8,44204637,73,17,
8,44204670,36,4,
8,44204720,5,0,
8,44204767,134,81,
8,44204878,126,57,
8,44204916,28,0,
8,44204938,5,1,
8,44205060,163,120,
8,44205282,432,273,
8,44205317,19,2,
8,44205319,7,0,
8,44205340,11,0,
8,44205372,7,3,
8,44205424,24,0,
8,44205547,15,0,
8,44205590,449,191,
8,44205599,135,91,
8,44205602,7,1,
8,44205620,11,0,
8,44205632,8,3,
8,44205694,22,28,
8,44205697,289,272,
8,44205718,110,79,
8,44205719,13,20,
8,44205789,9,0,
8,44205895,59,17,
8,44205952,10,0,
8,44206001,6,0,
8,44206022,8,0,
8,44206159,14,0,
8,44206238,18,0,
8,44206493,6,0,
8,44206553,188,45,
8,44206609,19,3,
8,44206745,10,1,
8,44207063,144,31,
8,44207095,415,165,
8,44207100,9,1,
8,44207144,57,56,
8,44207152,13,16,
8,44207249,34,31,
8,44207371,13,3,
8,44207375,10,7,
8,44207503,208,44,
8,44207665,9,0,
8,44207922,8,0,
8,44208017,12,1,
8,44208050,150,158,
8,44208058,9,0,
8,44208060,298,194,
8,44208114,7,0,
8,44208134,7,0,
8,44208161,36,2,
8,44208246,16,22,
8,44208283,196,56,
8,44208430,9,1,
8,44208750,4,0,
8,44208803,7,1,
8,44208886,12,0,
8,44208960,14,1,
8,44208963,53,66,
8,44208968,268,128,
8,44208985,19,4,
8,44209181,7,0,
8,44209247,6,0,
8,44209269,11,0,
8,44209320,7,2,
8,44209415,11,0,
8,44209497,222,115,
8,44209515,297,690,
8,44209665,110,57,
8,44209746,13,1,
8,44209833,137,136,
8,44209910,24,0,
8,44209986,82,125,
8,44210016,8,1,
8,44210082,22,2,
8,44210249,7,1,
8,44210339,24,5,
8,44210390,47,13,
8,44210441,82,2,
8,44210454,5,0,
8,44210502,39,3,
8,44210557,134,203,
8,44210582,22,4,
8,44210606,1546,267,
8,44210614,88,37,
8,44210616,4,0,
8,44210620,7,0,
8,44210689,454,303,
8,44210736,457,206,
8,44210794,23,12,
8,44210803,4,2,
8,44210938,62,5,
8,44211052,7,1,
8,44211130,87,201,
8,44211273,456,213,21
8,44211411,12,2,
8,44211417,308,90,
8,44211418,6,0,
8,44211434,20,12,
8,44211461,12,2,
8,44211612,181,107,
8,44211681,19,2,
8,44211754,3,1,
8,44211779,144,45,
8,44211799,5,0,
8,44211828,5,0,
8,44211865,9,0,
8,44211915,7,1,
8,44211928,11,0,
8,44212026,8,0,
8,44212156,6,0,
8,44212344,5,0,
8,44212384,3,0,
8,44212413,60,44,
8,44212441,415,117,19
8,44212446,420,53,
8,44212449,47,19,
8,44212593,7,4,
8,44212650,79,23,
8,44212676,16,1,
8,44212690,6,2,
8,44212710,7,1,
8,44212801,7,0,
8,44212845,195,258,
8,44212855,120,11,
8,44213208,10,0,
8,44213306,7,0,
8,44213313,21,0,
8,44213479,16,1,
8,44213590,79,14,
8,44213878,97,46,
8,44213963,8,0,
8,44214088,7,1,
8,44214243,16,13,
8,44214263,12,0,
8,44214303,65,13,
8,44214308,34,7,
8,44214311,200,51,
8,44214386,58,21,
8,44214481,121,75,
8,44214493,20,10,
8,44214522,214,167,29
8,44214835,145,75,
8,44214926,109,22,
8,44214960,67,3,
8,44215117,74,33,
8,44215131,72,47,
8,44215197,100,122,27
8,44215352,799,199,23
8,44215559,6,0,
8,44215603,167,31,15
8,44215667,253,155,
8,44215726,77,42,
8,44216072,8,1,
8,44216123,212,74,
8,44216436,3,0,
8,44216630,93,24,29
8,44216664,7,1,
8,44216730,5,1,
8,44217280,4,0,
8,44217322,48,16,
8,44217461,10,3,
8,44217510,7,2,
8,44217631,10,0,
8,44217693,44,7,
8,44217707,32,8,
8,44217757,97,23,17
8,44217760,14,0,
8,44217876,167,112,7
8,44217904,26,18,
8,44217936,9,0,
8,44217940,10,8,
8,44217999,41,10,
8,44218220,9,3,
8,44218381,5,0,
8,44218543,7,0,
8,44218618,11,0,
8,44218787,8,1,
8,44218993,5,0,
8,44219012,33,10,
8,44219029,38,14,
8,44219171,19,10,
8,44219270,76,124,8
8,44219279,53,61,
8,44219357,119,31,6
8,44219405,240,99,2
8,44219519,286,159,26
8,44219563,13,0,
8,44219660,20,6,
8,44219692,12,0,
8,44219755,121,57,
8,44219857,183,91,1
8,44219871,29,4,
8,44220110,31,101,
8,44220135,72,51,
8,44220179,79,26,4
8,44220287,28,4,17
8,44220325,9,1,
8,44220454,6,2,
8,44220583,44,7,13
8,44220699,6,1,
8,44220860,246,28,4
8,44220956,7,0,
8,44221430,56,39,14
8,44221450,287,144,11
8,44221489,108,27,8
8,44221564,5,2,
8,44221695,21,11,19
8,44221706,8,1,
8,44222140,6,1,
9,44155426,53,13,
9,44155635,73,15,
9,44155741,61,38,
9,44155746,663,252,
9,44155761,87,123,
9,44156935,842,355,
9,44157077,104,28,
9,44157177,507,219,
9,44157378,114,136,
9,44157406,151,47,
9,44158336,23,3,
9,44158353,407,99,
9,44158720,53,14,
9,44159166,875,518,
9,44159337,27,14,
9,44159525,126,397,
9,44159528,369,477,
9,44159758,264,72,
9,44159798,44,1,
9,44160012,149,149,
9,44160073,148,76,
9,44160358,58,27,
9,44161102,30,18,
9,44161607,147,65,
9,44161894,125,31,
9,44162042,117,324,
9,44162327,172,223,
9,44162363,292,68,
9,44162443,156,60,
9,44162814,165,55,
9,44163063,2326,2816,
9,44163216,15,2,
9,44163428,280,64,
9,44163496,110,63,
9,44163618,61,20,
9,44163877,86,9,
9,44166102,277,312,
9,44166155,166,87,
9,44167049,95,23,
9,44167592,662,273,
9,44168184,198,66,
9,44168201,67,43,
9,44168256,96,133,
9,44168265,88,46,
9,44168658,350,430,
9,44168810,25,13,
9,44169115,531,337,
9,44169132,170,94,
9,44169413,174,140,
9,44169759,363,257,
9,44170694,97,20,
9,44170719,23,0,
9,44170968,157,69,
9,44171363,57,1,
9,44171677,409,577,
9,44172166,240,228,
9,44172340,29,9,
9,44172428,88,71,
9,44172553,19,6,
9,44172659,128,48,
9,44173193,62,23,
9,44173377,79,131,
9,44173581,94,93,
9,44173667,54,16,
9,44173853,99,42,
9,44174036,38,33,
9,44174190,205,38,
9,44174540,85,29,
9,44174856,191,96,
9,44174965,596,157,
9,44175077,21,5,
9,44175132,13,1,
9,44175356,115,48,
9,44175510,85,2,
9,44175557,142,54,
9,44175579,56,70,
9,44175773,308,223,
9,44175905,274,149,
9,44176172,18,2,
9,44176425,198,121,
9,44176510,287,182,
9,44176514,289,146,
9,44176636,43,26,
9,44176729,107,17,
9,44176737,373,152,
9,44176825,262,130,
9,44176829,624,214,
9,44176919,108,38,
9,44177446,214,235,
9,44177797,37,32,
9,44177824,10,0,
9,44177964,45,18,
9,44178024,57,129,
9,44178445,63,9,
9,44178468,315,180,
9,44178507,8,1,
9,44178674,31,0,
9,44178780,52,15,
9,44178902,358,154,
9,44179113,11,1,
9,44179257,607,151,
9,44179475,12,0,
9,44179691,123,71,
9,44180533,1495,923,
9,44180760,32,16,
9,44180954,135,13,
9,44181237,27,14,
9,44181305,49,4,
9,44181421,432,169,
9,44181613,183,193,
9,44181700,249,34,
9,44181781,20,3,
9,44182184,183,39,
9,44182186,870,196,
9,44182188,452,169,
9,44182206,185,86,
9,44182356,730,315,
9,44182582,245,162,
9,44182698,155,34,
9,44182941,33,10,
9,44183299,161,25,23
9,44183515,202,102,
9,44183591,355,93,
9,44183791,13,5,
9,44183799,671,377,
9,44183923,280,264,
9,44184542,172,149,
9,44184849,89,13,
9,44184900,352,327,
9,44184974,62,15,
9,44185003,57,2,
9,44185078,136,215,
9,44185158,36,6,
9,44185256,607,461,
9,44185651,11,2,
9,44185672,8,0,
9,44185836,132,64,
9,44185845,50,45,
9,44185856,53,14,
9,44185913,1112,931,
9,44186008,88,61,23
9,44186283,33,5,
9,44186380,5,1,
9,44186459,64,10,
9,44186496,252,132,
9,44186536,246,52,
9,44186607,54,23,
9,44186660,140,34,
9,44186736,79,31,
9,44186780,506,430,
9,44187338,33,13,
9,44187457,20,4,
9,44187645,206,70,
9,44187765,106,88,9
9,44188068,78,42,
9,44188120,86,41,
9,44188178,124,63,21
9,44188204,125,80,
9,44188214,150,89,13
9,44188248,118,46,
9,44188373,121,23,10
9,44188562,39,14,
9,44188672,16,8,
9,44188839,168,85,3
9,44189088,47,1,18
9,44189329,479,184,
9,44189391,45,14,26
9,44189426,123,24,
9,44189741,102,13,
9,44189920,9,5,
9,44189962,9,5,
9,44189966,93,18,
9,44190371,56,45,
9,44191558,345,201,
9,44191591,223,204,
9,44191620,565,182,
9,44191861,9,0,
9,44191985,9,1,
9,44192630,8,0,
9,44192955,74,68,
9,44192995,223,110,
9,44193118,28,2,
9,44193120,147,70,
9,44193195,17,9,
9,44193225,97,63,
9,44193328,344,228,
9,44193390,183,198,
9,44193930,13,5,
9,44193933,76,17,
9,44193965,63,19,
9,44194082,239,76,
9,44194118,35,1,
9,44194120,103,52,
9,44194408,7,1,
9,44194431,16,5,
9,44194468,139,24,
9,44194469,57,42,
9,44194521,280,160,
9,44194700,22,5,
9,44194859,115,15,
9,44194871,82,17,
9,44194888,27,13,
9,44195354,86,52,
9,44195783,62,43,
9,44195931,136,67,
9,44195961,217,24,
9,44196211,16,7,
9,44196393,148,35,
9,44196410,56,25,
9,44196417,155,89,
9,44196433,127,58,
9,44196576,293,218,
9,44196589,70,27,
9,44196807,111,106,
9,44196850,280,316,
9,44196945,156,52,
9,44197001,8,1,
9,44197112,83,41,
9,44197347,133,80,27
9,44197806,33,4,
9,44197932,1606,746,
9,44197961,88,70,
9,44198160,8,1,
9,44198171,67,57,
9,44198394,8,1,
9,44198503,46,33,
9,44198583,75,77,
9,44198805,14,5,
9,44198829,13,0,
9,44198901,35,30,
9,44199005,87,120,
9,44199123,17,4,
9,44199132,17,0,
9,44199299,190,30,
9,44199437,51,28,
9,44199495,71,38,
9,44199592,238,85,
9,44199597,110,57,
9,44199649,167,200,
9,44199658,43,15,
9,44199699,98,84,
9,44199770,57,33,
9,44199840,24,11,
9,44200101,36,7,
9,44200585,23,0,
9,44200773,252,196,
9,44200797,117,45,
9,44200850,42,21,
9,44200866,244,51,
9,44200870,148,79,
9,44200895,281,49,
9,44201072,163,135,
9,44201373,17,2,
9,44201519,16,6,
9,44201527,133,8,
9,44201583,154,46,
9,44201736,108,278,
9,44201748,70,12,
9,44201762,169,109,
9,44201812,219,89,
9,44201857,114,97,
9,44201872,525,223,
9,44201901,279,113,
9,44201975,574,241,
9,44202110,105,40,
9,44202519,69,132,
9,44202664,211,35,
9,44202759,9,1,
9,44203003,92,69,
9,44203095,11,0,
9,44203144,10,0,
9,44203444,69,65,
9,44203494,213,130,
9,44203522,6,0,
9,44203562,420,248,
9,44203609,17,3,
9,44203628,31,3,
9,44203654,6,3,
9,44203732,111,35,
9,44203763,28,19,
9,44203870,24,20,
9,44204045,17,5,
9,44204155,125,62,
9,44204181,158,113,
9,44204224,375,123,
9,44204277,156,86,
9,44204442,9,0,
9,44204603,145,135,
9,44204626,41,4,
9,44204637,73,17,
9,44204670,36,4,
9,44204720,5,0,
9,44204767,134,81,
9,44204878,126,57,
9,44204916,28,0,
9,44204938,5,1,
9,44205060,163,120,
9,44205282,432,273,
9,44205317,19,2,
9,44205319,7,0,
9,44205340,11,0,
9,44205372,7,3,
9,44205424,24,0,
9,44205547,15,0,
9,44205590,449,192,
9,44205599,135,92,
9,44205602,7,1,
9,44205620,11,0,
9,44205632,8,3,
9,44205694,22,29,
9,44205697,289,274,
9,44205718,110,79,
9,44205719,13,20,
9,44205789,9,0,
9,44205895,59,17,
9,44205952,10,0,
9,44206159,14,0,
9,44206238,18,0,
9,44206493,6,0,
9,44206553,188,45,
9,44206609,19,3,
9,44206745,10,1,
9,44207063,144,31,
9,44207095,415,165,
9,44207100,9,1,
9,44207144,57,56,
9,44207152,13,16,
9,44207249,34,31,
9,44207371,13,3,
9,44207375,10,7,
9,44207503,208,44,
9,44207665,9,0,
9,44207922,8,0,
9,44208017,12,1,
9,44208050,150,158,
9,44208058,9,0,
9,44208060,298,194,
9,44208114,7,0,
9,44208134,7,0,
9,44208161,36,2,
9,44208246,16,22,
9,44208283,196,56,
9,44208430,9,1,
9,44208750,4,0,
9,44208803,7,1,
9,44208886,12,0,
9,44208960,14,1,
9,44208963,53,66,
9,44208968,268,128,
9,44208985,19,4,
9,44209181,7,0,
9,44209247,6,0,
9,44209269,11,0,
9,44209320,7,2,
9,44209415,11,0,
9,44209497,223,115,
9,44209515,298,694,
9,44209665,110,57,
9,44209746,13,1,
9,44209833,137,136,
9,44209910,24,0,
9,44209986,82,125,
9,44210016,8,1,
9,44210082,22,2,
9,44210249,7,1,
9,44210339,24,5,
9,44210390,47,13,
9,44210441,82,2,
9,44210454,5,0,
9,44210502,40,3,
9,44210557,134,204,
9,44210582,22,4,
9,44210606,1547,268,
9,44210614,88,37,
9,44210616,4,0,
9,44210620,7,0,
9,44210689,454,304,
9,44210736,460,206,
9,44210794,23,12,
9,44210803,4,2,
9,44210938,63,5,
9,44211052,7,1,
9,44211130,87,201,
9,44211273,458,215,20
9,44211411,12,2,
9,44211417,310,90,
9,44211418,6,0,
9,44211434,20,13,
9,44211461,12,2,
9,44211612,181,107,
9,44211681,19,2,
9,44211754,3,1,
9,44211779,144,46,
9,44211799,5,0,
9,44211828,5,0,
9,44211865,9,0,
9,44211915,7,1,
9,44211928,11,0,
9,44212026,8,0,
9,44212156,6,0,
9,44212344,5,0,
9,44212384,3,0,
9,44212413,60,44,
9,44212441,418,117,19
9,44212446,421,53,
9,44212449,47,19,
9,44212593,7,4,
9,44212650,79,23,
9,44212676,17,1,
9,44212690,6,2,
9,44212710,7,1,
9,44212801,7,0,
9,44212845,195,258,
9,44212855,121,11,
9,44213208,10,0,
9,44213306,7,0,
9,44213313,21,0,
9,44213479,16,1,
9,44213590,80,14,
9,44213878,97,46,
9,44213963,8,0,
9,44214088,7,1,
9,44214243,16,13,
9,44214263,12,0,
9,44214303,65,13,
9,44214308,34,7,
9,44214311,201,53,
9,44214386,58,21,
9,44214481,121,75,
9,44214493,20,10,
9,44214522,215,170,28
9,44214835,146,75,
9,44214926,109,22,
9,44214960,68,3,
9,44215117,74,33,
9,44215131,72,47,
9,44215197,102,126,25
9,44215352,812,203,22
9,44215559,6,0,
9,44215603,169,31,15
9,44215667,253,155,
9,44215726,77,42,
9,44216072,8,1,
9,44216123,213,74,
9,44216436,3,0,
9,44216630,94,24,30
9,44216664,8,1,
9,44216730,5,1,
9,44217280,4,0,
9,44217322,48,16,
9,44217461,10,3,
9,44217510,8,2,
9,44217631,10,0,
9,44217693,44,7,
9,44217757,99,24,17
9,44217760,14,0,
9,44217876,170,121,7
9,44217904,26,18,
9,44217936,9,0,
9,44217940,12,8,
9,44217999,41,10,
9,44218220,9,3,
9,44218381,5,0,
9,44218543,7,0,
9,44218618,12,0,
9,44218787,8,1,
9,44218993,5,0,
9,44219012,33,10,
9,44219029,38,14,
9,44219171,19,10,
9,44219270,81,138,8
9,44219279,55,61,22
9,44219357,126,31,5
9,44219405,253,102,2
9,44219519,298,167,21
9,44219563,13,0,
9,44219660,21,6,
9,44219692,16,1,
9,44219755,124,57,
9,44219857,211,107,1
9,44219871,29,4,
9,44219898,4,12,
9,44220110,31,102,
9,44220135,76,56,7
9,44220179,97,36,4
9,44220287,33,6,14
9,44220325,10,1,
9,44220454,7,2,
9,44220583,45,10,13
9,44220699,6,1,
9,44220860,265,31,5
9,44220956,7,0,
9,44221430,59,48,16
9,44221450,318,170,11
9,44221489,115,29,11
9,44221509,5,1,
9,44221564,6,2,
9,44221695,35,15,15
9,44221706,9,2,
9,44222140,7,1,
10,44155426,53,13,
10,44155635,73,15,
10,44155741,61,38,
10,44155746,663,252,
10,44155761,87,123,
10,44156935,842,355,
10,44157077,104,28,
10,44157177,507,219,
10,44157378,114,136,
10,44157406,151,47,
10,44158336,23,3,
10,44158353,407,99,
10,44158720,53,14,
10,44159166,875,518,
10,44159337,27,14,
10,44159525,126,397,
10,44159528,369,477,
10,44159758,264,72,
10,44159798,44,1,
10,44160012,149,149,
10,44160073,148,76,
10,44160358,58,27,
10,44161102,30,18,
10,44161607,147,65,
10,44161894,125,31,
10,44162042,117,324,
10,44162327,172,223,
10,44162363,292,68,
10,44162443,156,60,
10,44162814,165,55,
10,44163063,2326,2816,
10,44163216,15,2,
10,44163428,281,64,
10,44163496,110,63,
10,44163618,61,20,
10,44163877,86,9,
10,44166102,277,312,
10,44166155,166,87,
10,44167049,95,23,
10,44167592,662,273,
10,44168184,198,66,
10,44168201,67,43,
10,44168256,96,133,
10,44168265,88,46,
10,44168658,350,430,
10,44168810,25,13,
10,44169115,531,337,
10,44169132,170,94,
10,44169413,174,140,
10,44169759,363,257,
10,44170694,97,20,
10,44170719,23,0,
10,44170968,157,69,
10,44171363,57,1,
10,44171677,409,577,
10,44172166,240,228,
10,44172340,29,9,
10,44172428,88,71,
10,44172553,19,6,
10,44172659,128,48,
10,44173193,62,23,
10,44173377,79,131,
10,44173581,94,93,
10,44173667,54,16,
10,44173853,99,42,
10,44174036,38,33,
10,44174190,205,38,
10,44174540,85,29,
10,44174856,191,96,
10,44174965,597,157,
10,44175077,21,5,
10,44175132,13,1,
10,44175356,115,48,
10,44175510,85,2,
10,44175557,142,54,
10,44175579,56,70,
10,44175773,308,223,
10,44175905,274,149,
10,44176172,18,2,
10,44176425,198,121,
10,44176510,287,182,
10,44176514,289,146,
10,44176636,43,26,
10,44176729,107,17,
10,44176737,373,152,
10,44176825,262,130,
10,44176829,624,214,
10,44176919,108,38,
10,44177446,214,235,
10,44177797,37,32,
10,44177824,10,0,
10,44177964,45,18,
10,44178024,57,129,
10,44178445,63,9,
10,44178468,315,180,
10,44178507,8,1,
10,44178674,31,0,
10,44178780,52,15,
10,44178902,358,154,
10,44179113,11,1,
10,44179257,607,151,
10,44179475,12,0,
10,44179691,123,71,
10,44180533,1498,923,
10,44180760,32,16,
10,44180954,135,13,
10,44181237,27,14,
10,44181305,49,4,
10,44181421,432,169,
10,44181613,183,193,
10,44181700,249,34,
10,44181781,20,3,
10,44182184,183,39,
10,44182186,870,196,
10,44182188,452,169,
10,44182206,185,86,
10,44182356,731,316,
10,44182582,245,162,
10,44182698,155,34,
10,44182941,33,10,
10,44183299,164,27,30
10,44183515,202,102,
10,44183591,355,93,
10,44183791,13,5,
10,44183799,671,377,
10,44183923,280,264,
10,44184542,172,149,
10,44184849,89,13,
10,44184900,352,327,
10,44184974,62,15,
10,44185003,57,2,
10,44185078,136,215,
10,44185158,36,6,
10,44185256,607,461,
10,44185651,11,2,
10,44185672,8,0,
10,44185836,132,64,
10,44185845,50,46,
10,44185856,53,14,
10,44185913,1112,931,
10,44186008,90,64,25
10,44186283,33,5,
10,44186380,5,1,
10,44186459,64,10,
10,44186496,252,132,
10,44186536,246,52,
10,44186607,54,23,
10,44186660,140,34,
10,44186736,79,31,
10,44186780,506,430,
10,44187338,33,13,
10,44187457,20,4,
10,44187645,206,70,
10,44187765,108,95,10
10,44188068,78,42,
10,44188120,88,41,
10,44188178,127,65,21
10,44188204,125,80,
10,44188214,158,92,13
10,44188248,118,46,
10,44188373,129,25,11
10,44188562,39,14,
10,44188672,16,8,
10,44188839,182,97,3
10,44189088,49,1,19
10,44189329,479,184,
10,44189391,51,16,29
10,44189426,123,24,
10,44189741,102,13,
10,44189920,9,5,
10,44189962,9,5,
10,44189966,94,18,
10,44190371,56,45,
10,44191558,345,202,
10,44191591,223,204,
10,44191620,566,182,
10,44191861,9,0,
10,44191985,9,1,
10,44192630,8,0,
10,44192955,74,68,
10,44192995,223,110,
10,44193118,28,2,
10,44193120,147,70,
10,44193195,17,9,
10,44193225,97,63,
10,44193328,344,228,
10,44193390,183,198,
10,44193930,13,5,
10,44193933,76,17,
10,44193965,63,19,
10,44194082,239,76,
10,44194118,35,1,
10,44194120,103,52,
10,44194408,7,1,
10,44194431,16,5,
10,44194468,139,24,
10,44194469,57,42,
10,44194521,281,160,
10,44194700,22,5,
10,44194859,115,15,
10,44194871,82,17,
10,44194888,27,13,
10,44195354,86,52,
10,44195783,62,43,
10,44195931,136,67,
10,44195961,217,24,
10,44196211,16,7,
10,44196393,148,35,
10,44196410,56,25,
10,44196417,155,89,
10,44196433,127,58,
10,44196576,294,218,
10,44196589,70,27,
10,44196807,111,106,
10,44196850,280,316,
10,44196945,156,52,
10,44197001,8,1,
10,44197112,83,41,
10,44197347,133,82,
10,44197806,33,4,
10,44197932,1606,746,
10,44197961,88,70,
10,44198171,67,57,
10,44198394,8,1,
10,44198503,46,33,
10,44198583,75,77,
10,44198805,14,5,
10,44198829,13,0,
10,44198901,35,30,
10,44199005,87,120,
10,44199123,17,4,
10,44199132,17,0,
10,44199299,190,30,
10,44199437,51,28,
10,44199495,71,38,
10,44199592,238,86,
10,44199597,110,57,
10,44199649,167,200,
10,44199658,43,15,
10,44199699,98,84,
10,44199770,57,33,
10,44199840,24,11,
10,44200101,36,7,
10,44200585,23,0,
10,44200773,252,196,
10,44200797,117,45,
10,44200850,42,21,
10,44200866,244,51,
10,44200870,148,79,
10,44200895,281,49,
10,44201072,164,136,
10,44201373,17,2,
10,44201519,16,6,
10,44201527,133,8,
10,44201583,154,46,
10,44201736,108,278,
10,44201748,70,12,
10,44201762,169,109,
10,44201812,220,89,
10,44201857,114,97,
10,44201872,526,223,
10,44201901,279,113,
10,44201975,574,241,
10,44202110,105,40,
10,44202519,69,132,
10,44202664,211,35,
10,44202759,9,1,
10,44203003,92,69,
10,44203095,11,0,
10,44203144,10,0,
10,44203444,69,65,
10,44203494,213,130,
10,44203522,6,0,
10,44203562,421,250,
10,44203609,17,3,
10,44203628,31,3,
10,44203654,6,3,
10,44203732,111,35,
10,44203763,28,19,
10,44203870,24,20,
10,44204045,17,5,
10,44204155,125,62,
10,44204181,158,113,
10,44204224,375,123,
10,44204277,156,86,
10,44204442,9,0,
10,44204603,145,135,
10,44204626,41,4,
10,44204637,73,17,
10,44204670,36,4,
10,44204720,5,0,
10,44204767,134,81,
10,44204878,126,57,
10,44204916,28,0,
10,44204938,5,1,
10,44205060,163,120,
10,44205282,432,274,
10,44205317,19,2,
10,44205319,7,0,
10,44205340,11,0,
10,44205372,7,3,
10,44205424,24,0,
10,44205547,15,0,
10,44205590,449,192,
10,44205599,135,92,
10,44205602,7,1,
10,44205620,11,0,
10,44205632,8,3,
10,44205694,22,29,
10,44205697,289,274,
10,44205718,110,79,
10,44205719,13,20,
10,44205789,9,0,
10,44205895,59,17,
10,44205952,10,0,
10,44206159,14,0,
10,44206238,18,0,
10,44206493,6,0,
10,44206553,189,45,
10,44206609,19,3,
10,44206745,10,1,
10,44207063,144,31,
10,44207095,415,165,
10,44207100,9,1,
10,44207144,57,57,
10,44207152,13,16,
10,44207249,34,31,
10,44207371,13,3,
10,44207375,10,7,
10,44207503,208,44,
10,44207665,9,0,
10,44207922,8,0,
10,44208017,12,1,
10,44208050,150,158,
10,44208058,9,0,
10,44208060,298,194,
10,44208114,7,0,
10,44208134,7,0,
10,44208161,36,2,
10,44208246,16,22,
10,44208283,196,56,
10,44208430,9,1,
10,44208750,4,0,
10,44208803,8,1,
10,44208886,12,0,
10,44208960,14,1,
10,44208963,53,66,
10,44208968,269,128,
10,44208985,19,4,
10,44209181,7,0,
10,44209247,6,0,
10,44209269,11,0,
10,44209320,7,2,
10,44209415,11,0,
10,44209497,224,115,
10,44209515,300,700,
10,44209665,111,57,
10,44209746,13,1,
10,44209833,137,136,
10,44209910,24,0,
10,44209986,82,125,
10,44210016,8,1,
10,44210082,22,2,
10,44210339,24,5,
10,44210390,47,13,
10,44210441,82,2,
10,44210502,40,3,
10,44210557,134,205,
10,44210582,22,4,
10,44210606,1548,268,
10,44210614,89,38,
10,44210616,4,0,
10,44210620,7,0,
10,44210689,455,304,
10,44210736,460,206,
10,44210794,24,13,
10,44210803,4,2,
10,44210938,63,5,
10,44211052,7,1,
10,44211130,87,201,
10,44211273,460,215,25
10,44211411,12,2,
10,44211417,311,90,
10,44211418,6,0,
10,44211434,21,14,
10,44211461,12,2,
10,44211612,181,107,
10,44211681,19,2,
10,44211754,3,1,
10,44211779,144,46,
10,44211799,5,0,
10,44211828,5,0,
10,44211865,9,0,
10,44211915,7,1,
10,44211928,11,0,
10,44212026,8,0,
10,44212156,6,0,
10,44212344,5,0,
10,44212384,3,0,
10,44212413,60,44,
10,44212441,419,117,20
10,44212446,421,53,
10,44212449,47,19,
10,44212593,7,4,
10,44212650,80,23,
10,44212676,17,1,
10,44212690,6,2,
10,44212710,7,1,
10,44212801,7,0,
10,44212845,195,258,
10,44212855,121,11,
10,44213208,10,0,
10,44213306,7,0,
10,44213313,21,0,
10,44213479,16,1,
10,44213590,80,14,
10,44213878,97,46,
10,44213963,8,0,
10,44214088,7,1,
10,44214243,16,13,
10,44214263,12,0,
10,44214303,66,14,
10,44214308,34,7,
10,44214311,202,53,
10,44214386,58,21,
10,44214481,121,75,
10,44214493,20,10,
10,44214522,215,171,
10,44214835,147,75,
10,44214926,110,23,
10,44214960,68,3,
10,44215117,75,33,
10,44215131,72,47,
10,44215197,103,127,
10,44215352,816,204,27
10,44215559,7,0,
10,44215603,171,31,16
10,44215667,253,155,
10,44215726,77,42,
10,44216072,8,1,
10,44216123,213,74,
10,44216436,3,0,
10,44216630,94,24,
10,44216664,8,1,
10,44216730,5,1,
10,44217280,4,0,
10,44217322,48,16,
10,44217461,10,3,
10,44217510,8,2,
10,44217631,10,0,
10,44217693,44,7,
10,44217757,101,24,20
10,44217760,14,0,
10,44217876,174,127,8
10,44217904,27,19,
10,44217936,9,0,
10,44217940,12,8,
10,44217999,41,10,
10,44218220,10,3,
10,44218381,5,0,
10,44218543,7,0,
10,44218618,14,0,
10,44218787,8,1,
10,44218993,5,0,
10,44219012,33,11,
10,44219029,38,14,
10,44219171,19,10,
10,44219270,84,154,9
10,44219279,61,70,23
10,44219357,131,33,5
10,44219405,261,107,2
10,44219519,309,172,27
10,44219563,18,1,
10,44219660,24,7,
10,44219692,17,1,
10,44219755,125,59,
10,44219857,235,121,1
10,44219871,29,4,
10,44219898,4,13,
10,44220110,32,106,
10,44220135,100,81,5
10,44220179,113,45,4
10,44220287,35,7,15
10,44220325,10,1,
10,44220454,7,2,
10,44220583,46,10,
10,44220699,6,1,
10,44220860,277,38,6
10,44220956,7,0,
10,44221430,66,51,
10,44221450,357,194,13
10,44221489,122,33,15
10,44221509,6,1,
10,44221564,6,2,
10,44221695,49,25,15
10,44221706,10,2,
10,44221900,17,6,14
10,44222119,31,3,6
10,44222140,10,1,
10,44222609,5,1,
10,44222702,6,0,
10,44222768,3,0,
10,44222836,4,0,25
10,44222896,21,5,1
11,44155426,53,13,
11,44155635,73,15,
11,44155741,61,38,
11,44155746,663,252,
11,44155761,87,123,
11,44156935,842,355,
11,44157077,104,28,
11,44157177,507,219,
11,44157378,114,136,
11,44157406,151,47,
11,44158336,23,3,
11,44158353,407,99,
11,44158720,53,14,
11,44159166,875,518,
11,44159337,27,14,
11,44159525,126,397,
11,44159528,369,477,
11,44159758,264,72,
11,44159798,44,1,
11,44160012,149,149,
11,44160073,148,76,
11,44160358,58,27,
11,44161102,30,18,
11,44161607,147,65,
11,44161894,125,31,
11,44162042,117,324,
11,44162327,172,223,
11,44162363,292,68,
11,44162443,156,60,
11,44162814,165,55,
11,44163063,2328,2816,
11,44163216,15,2,
11,44163428,281,64,
11,44163496,110,63,
11,44163618,61,20,
11,44163877,86,9,
11,44166102,277,312,
11,44166155,166,87,
11,44167049,95,23,
11,44167592,662,273,
11,44168184,199,67,
11,44168201,67,43,
11,44168256,96,133,
11,44168265,88,46,
11,44168658,350,430,
11,44168810,25,13,
11,44169115,531,337,
11,44169132,170,94,
11,44169413,174,140,
11,44169759,363,257,
11,44170694,97,20,
11,44170719,23,0,
11,44170968,157,69,
11,44171363,57,1,
11,44171677,409,577,
11,44172166,240,228,
11,44172340,29,9,
11,44172428,88,71,
11,44172553,19,6,
11,44172659,128,48,
11,44173193,62,23,
11,44173377,79,131,
11,44173581,94,93,
11,44173667,54,16,
11,44173853,99,42,
11,44174036,38,33,
11,44174190,205,38,
11,44174540,85,29,
11,44174856,191,96,
11,44174965,597,157,
11,44175077,21,5,
11,44175132,13,1,
11,44175356,115,48,
11,44175510,85,2,
11,44175557,142,54,
11,44175579,56,70,
11,44175773,308,223,
11,44175905,274,149,
11,44176172,18,2,
11,44176425,198,121,
11,44176510,287,182,
11,44176514,289,146,
11,44176636,43,26,
11,44176729,107,17,
11,44176737,373,152,
11,44176825,262,130,
11,44176829,624,214,
11,44176919,108,38,
11,44177446,214,235,
11,44177797,37,32,
11,44177824,10,0,
11,44177964,45,18,
11,44178024,57,129,
11,44178445,63,9,
11,44178468,315,180,
11,44178507,8,1,
11,44178674,32,0,
11,44178780,52,15,
11,44178902,358,154,
11,44179113,11,1,
11,44179257,607,151,
11,44179475,12,0,
11,44179691,123,71,
11,44180533,1503,924,
11,44180760,32,16,
11,44180954,135,13,
11,44181237,27,14,
11,44181305,49,4,
11,44181421,432,169,
11,44181613,183,194,
11,44181700,249,34,
11,44181781,20,3,
11,44182184,183,39,
11,44182186,870,197,
11,44182188,452,169,
11,44182206,185,86,
11,44182356,731,316,
11,44182582,245,162,
11,44182698,155,34,
11,44182941,33,10,
11,44183299,165,27,
11,44183515,202,102,
11,44183591,355,93,
11,44183799,671,377,
11,44183923,280,264,
11,44184542,172,149,
11,44184849,89,13,
11,44184900,352,327,
11,44184974,62,15,
11,44185003,57,2,
11,44185078,136,215,
11,44185158,36,6,
11,44185256,607,462,
11,44185651,11,2,
11,44185672,8,0,
11,44185836,133,64,
11,44185845,50,46,
11,44185856,53,14,
11,44185913,1112,932,
11,44186008,95,64,29
11,44186283,33,5,
11,44186380,5,1,
11,44186459,64,10,
11,44186496,252,132,
11,44186536,246,52,
11,44186607,54,23,
11,44186660,140,34,
11,44186736,79,31,
11,44186780,506,430,
11,44187338,33,13,
11,44187457,20,4,
11,44187645,206,70,
11,44187765,109,103,15
11,44188068,78,42,
11,44188120,88,42,
11,44188178,137,65,22
11,44188204,125,80,
11,44188214,170,98,20
11,44188248,118,46,
11,44188373,145,30,14
11,44188562,39,14,
11,44188672,16,8,
11,44188839,196,105,5
11,44189088,52,1,25
11,44189329,479,184,
11,44189391,55,18,
11,44189426,123,24,
11,44189741,102,13,
11,44189920,9,5,
11,44189962,9,5,
11,44189966,94,18,
11,44190371,56,45,
11,44191558,345,202,
11,44191591,223,204,
11,44191620,566,182,
11,44191861,9,0,
11,44191985,9,1,
11,44192630,8,0,
11,44192955,74,68,
11,44192995,223,110,
11,44193118,28,2,
11,44193120,147,70,
11,44193195,17,9,
11,44193225,97,63,
11,44193328,344,228,
11,44193390,183,198,
11,44193930,13,5,
11,44193933,76,17,
11,44193965,63,19,
11,44194082,239,76,
11,44194118,35,1,
11,44194120,104,52,
11,44194408,7,1,
11,44194431,16,5,
11,44194468,139,24,
11,44194469,57,42,
11,44194521,281,160,
11,44194700,22,5,
11,44194859,115,15,
11,44194871,82,17,
11,44194888,27,13,
11,44195354,86,52,
11,44195783,62,43,
11,44195931,136,67,
11,44195961,217,24,
11,44196211,16,7,
11,44196393,148,35,
11,44196410,56,25,
11,44196417,155,89,
11,44196433,127,58,
11,44196576,294,218,
11,44196589,70,27,
11,44196807,111,106,
11,44196850,280,316,
11,44196945,156,52,
11,44197001,8,1,
11,44197112,83,41,
11,44197347,133,83,
11,44197806,33,4,
11,44197932,1606,746,
11,44197961,88,70,
11,44198171,67,57,
11,44198394,8,1,
11,44198503,46,33,
11,44198583,75,77,
11,44198805,14,5,
11,44198829,13,0,
11,44198901,35,30,
11,44199005,87,120,
11,44199123,17,4,
11,44199132,17,0,
11,44199299,190,30,
11,44199437,51,28,
11,44199495,71,38,
11,44199592,238,86,
11,44199597,110,57,
11,44199649,167,200,
11,44199658,43,15,
11,44199699,98,84,
11,44199770,58,33,
11,44199840,24,11,
11,44200101,36,7,
11,44200585,23,0,
11,44200773,252,196,
11,44200797,117,45,
11,44200850,42,21,
11,44200866,244,51,
11,44200870,148,79,
11,44200895,281,49,
11,44201072,164,136,
11,44201373,17,2,
11,44201519,16,6,
11,44201527,133,8,
11,44201583,154,46,
11,44201736,108,278,
11,44201748,70,12,
11,44201762,170,109,
11,44201812,221,89,
11,44201857,114,97,
11,44201872,526,223,
11,44201901,279,113,
11,44201975,575,241,
11,44202110,105,40,
11,44202519,69,132,
11,44202664,211,35,
11,44202759,9,1,
11,44203003,92,69,
11,44203095,11,0,
11,44203144,10,0,
11,44203444,69,65,
11,44203494,213,130,
11,44203522,6,0,
11,44203562,422,251,
11,44203628,31,3,
11,44203654,6,3,
11,44203732,112,34,
11,44203763,28,19,
11,44203870,24,20,
11,44204045,17,5,
11,44204155,125,62,
11,44204181,158,113,
11,44204224,375,123,
11,44204277,156,86,
11,44204442,9,0,
11,44204603,145,135,
11,44204626,41,4,
11,44204637,73,17,
11,44204670,36,4,
11,44204720,5,0,
11,44204767,134,81,
11,44204878,126,58,
11,44204916,28,0,
11,44204938,5,1,
11,44205060,163,120,
11,44205282,432,274,
11,44205317,19,2,
11,44205319,7,0,
11,44205340,11,0,
11,44205372,7,3,
11,44205424,24,0,
11,44205547,15,0,
11,44205590,451,192,
11,44205599,135,92,
11,44205602,7,1,
11,44205620,11,0,
11,44205632,8,3,
11,44205694,22,29,
11,44205697,289,274,
11,44205718,110,81,
11,44205719,13,20,
11,44205789,9,0,
11,44205895,59,17,
11,44205952,10,0,
11,44206159,14,0,
11,44206238,18,0,
11,44206493,6,0,
11,44206553,189,46,
11,44206609,19,3,
11,44206745,10,1,
11,44207063,144,32,
11,44207095,415,166,
11,44207100,9,1,
11,44207144,57,57,
11,44207152,13,17,
11,44207249,34,31,
11,44207371,13,3,
11,44207375,10,7,
11,44207503,208,44,
11,44207665,9,0,
11,44207922,8,0,
11,44208050,150,158,
11,44208058,9,0,
11,44208060,301,194,
11,44208134,7,0,
11,44208161,36,2,
11,44208246,16,22,
11,44208283,197,57,
11,44208430,9,1,
11,44208750,4,0,
11,44208803,8,1,
11,44208886,12,0,
11,44208960,14,1,
11,44208963,53,66,
11,44208968,269,128,
11,44208985,19,4,
11,44209181,7,0,
11,44209247,6,0,
11,44209269,11,0,
11,44209320,7,2,
11,44209415,11,0,
11,44209497,224,115,
11,44209515,301,703,
11,44209665,111,57,
11,44209746,13,1,
11,44209833,137,137,
11,44209910,24,0,
11,44209986,82,125,
11,44210016,8,1,
11,44210082,22,2,
11,44210339,24,5,
11,44210390,47,13,
11,44210441,82,2,
11,44210502,40,3,
11,44210557,134,205,
11,44210582,22,4,
11,44210606,1549,269,
11,44210614,89,38,
11,44210616,4,0,
11,44210620,7,0,
11,44210689,456,304,
11,44210736,460,206,
11,44210794,24,13,
11,44210803,4,2,
11,44210938,64,5,
11,44211052,7,1,
11,44211130,87,202,
11,44211273,468,216,27
11,44211411,12,2,
11,44211417,312,90,
11,44211418,6,0,
11,44211434,21,16,
11,44211461,12,2,
11,44211612,183,108,
11,44211681,19,2,
11,44211754,3,1,
11,44211779,145,47,
11,44211799,5,0,
11,44211828,5,0,
11,44211865,9,0,
11,44211915,7,1,
11,44211928,11,0,
11,44212026,8,0,
11,44212156,6,0,
11,44212344,5,0,
11,44212384,3,0,
11,44212413,60,44,
11,44212441,423,117,21
11,44212446,422,53,
11,44212449,47,19,
11,44212593,7,4,
11,44212650,80,23,
11,44212676,17,1,
11,44212690,6,2,
11,44212710,7,1,
11,44212801,7,0,
11,44212845,196,262,
11,44212855,121,11,
11,44213208,10,0,
11,44213306,7,0,
11,44213313,21,0,
11,44213479,16,1,
11,44213590,80,14,
11,44213878,97,46,
11,44213963,8,0,
11,44214088,7,1,
11,44214243,16,13,
11,44214303,66,14,
11,44214308,34,7,
11,44214311,202,54,
11,44214386,58,21,
11,44214481,121,75,
11,44214493,20,10,
11,44214522,215,171,
11,44214835,148,75,
11,44214926,110,23,
11,44214960,68,3,
11,44215117,75,33,
11,44215131,73,47,
11,44215197,103,128,
11,44215352,824,210,30
11,44215559,7,0,
11,44215603,171,32,18
11,44215667,253,155,
11,44215726,77,43,
11,44216072,8,1,
11,44216123,214,74,
11,44216436,3,0,
11,44216630,95,25,
11,44216664,8,1,
11,44216730,5,1,
11,44217280,4,0,
11,44217322,49,16,
11,44217461,10,3,
11,44217510,8,2,
11,44217631,10,0,
11,44217693,44,7,
11,44217757,104,25,24
11,44217760,14,0,
11,44217876,181,132,12
11,44217904,27,19,
11,44217936,9,0,
11,44217940,12,8,
11,44217999,42,10,
11,44218220,10,3,
11,44218381,5,0,
11,44218543,7,0,
11,44218618,15,1,
11,44218787,8,1,
11,44218993,5,0,
11,44219012,33,11,
11,44219029,39,14,
11,44219171,19,10,
11,44219270,87,168,13
11,44219279,78,88,19
11,44219357,132,34,9
11,44219405,269,109,4
11,44219519,323,181,
11,44219563,19,2,
11,44219660,26,8,
11,44219692,20,1,
11,44219755,129,61,
11,44219857,245,125,2
11,44219871,30,4,
11,44219898,4,13,
11,44220110,32,108,
11,44220135,121,93,8
11,44220179,120,51,6
11,44220287,38,8,17
11,44220325,10,1,
11,44220454,7,2,
11,44220583,47,11,
11,44220699,6,1,
11,44220860,284,44,10
11,44220956,7,0,
11,44221430,72,54,
11,44221450,387,213,22
11,44221489,131,34,23
11,44221509,6,1,
11,44221564,6,2,
11,44221695,60,33,19
11,44221706,10,2,
11,44221900,31,33,9
11,44222119,77,8,3
11,44222140,10,1,
11,44222227,5,0,
11,44222527,41,19,2
11,44222556,4,0,
11,44222584,3,0,
11,44222702,7,0,
11,44222768,3,0,
11,44222836,22,12,10
11,44222839,5,1,3
11,44222896,107,69,1
11,44223378,3,0,
12,44155426,53,13,
12,44155635,73,15,
12,44155741,61,38,
12,44155746,663,252,
12,44155761,87,123,
12,44156935,842,355,
12,44157077,104,28,
12,44157177,507,219,
12,44157378,114,136,
12,44157406,151,47,
12,44158336,23,3,
12,44158353,407,99,
12,44158720,53,14,
12,44159166,875,518,
12,44159337,27,14,
12,44159525,126,397,
12,44159528,369,478,
12,44159758,264,72,
12,44159798,44,1,
12,44160012,149,149,
12,44160073,148,76,
12,44160358,58,27,
12,44161102,30,18,
12,44161607,147,65,
12,44161894,125,31,
12,44162042,117,324,
12,44162327,172,223,
12,44162363,292,68,
12,44162443,156,60,
12,44162814,165,55,
12,44163063,2328,2816,
12,44163216,15,2,
12,44163428,281,64,
12,44163496,110,63,
12,44163618,61,20,
12,44163877,86,9,
12,44166102,277,312,
12,44166155,166,87,
12,44167049,95,23,
12,44167592,662,273,
12,44168184,199,67,
12,44168201,67,43,
12,44168256,96,133,
12,44168265,88,46,
12,44168658,350,430,
12,44168810,25,13,
12,44169115,531,337,
12,44169132,170,94,
12,44169413,174,140,
12,44169759,363,257,
12,44170694,97,20,
12,44170719,23,0,
12,44170968,157,69,
12,44171363,57,1,
12,44171677,409,577,
12,44172166,240,228,
12,44172340,29,9,
12,44172428,88,71,
12,44172553,19,6,
12,44172659,128,48,
12,44173193,62,23,
12,44173377,79,131,
12,44173581,94,93,
12,44173667,54,16,
12,44173853,99,42,
12,44174036,38,33,
12,44174190,205,38,
12,44174540,85,29,
12,44174856,191,96,
12,44174965,597,157,
12,44175077,21,5,
12,44175132,13,1,
12,44175356,115,48,
12,44175510,85,2,
12,44175557,142,54,
12,44175579,56,70,
12,44175773,308,223,
12,44175905,274,149,
12,44176172,18,2,
12,44176425,198,121,
12,44176510,287,182,
12,44176514,289,146,
12,44176636,43,26,
12,44176729,107,17,
12,44176737,373,152,
12,44176825,262,130,
12,44176829,624,214,
12,44176919,108,38,
12,44177446,214,235,
12,44177797,37,32,
12,44177824,10,0,
12,44177964,45,18,
12,44178024,57,129,
12,44178445,63,9,
12,44178468,315,180,
12,44178507,8,1,
12,44178674,32,0,
12,44178902,358,154,
12,44179113,11,1,
12,44179257,607,151,
12,44179475,12,0,
12,44179691,123,71,
12,44180533,1505,924,
12,44180760,32,16,
12,44180954,136,13,
12,44181237,28,14,
12,44181305,49,4,
12,44181421,432,169,
12,44181613,183,194,
12,44181700,249,34,
12,44181781,20,3,
12,44182184,183,39,
12,44182186,870,197,
12,44182188,454,169,
12,44182206,185,86,
12,44182356,732,316,
12,44182582,245,162,
12,44182698,155,34,
12,44182941,33,10,
12,44183299,167,27,26
12,44183515,202,102,
12,44183591,355,93,
12,44183799,671,377,
12,44183923,280,264,
12,44184542,172,149,
12,44184849,89,13,
12,44184900,352,327,
12,44184974,62,15,
12,44185003,57,2,
12,44185078,136,215,
12,44185158,36,6,
12,44185256,607,462,
12,44185651,11,2,
12,44185672,8,0,
12,44185836,133,64,
12,44185845,50,46,
12,44185856,53,14,
12,44185913,1112,932,
12,44186008,103,66,19
12,44186065,5,0,
12,44186283,33,5,
12,44186380,5,1,
12,44186459,64,10,
12,44186496,252,132,
12,44186536,246,52,
12,44186607,54,23,
12,44186660,140,34,
12,44186736,79,31,
12,44186780,506,430,
12,44187338,33,13,
12,44187457,20,4,
12,44187645,206,70,
12,44187765,112,108,10
12,44188068,78,42,
12,44188120,89,43,
12,44188178,142,68,16
12,44188204,125,80,
12,44188214,176,107,14
12,44188248,118,46,
12,44188373,164,36,8
12,44188562,39,14,
12,44188672,16,8,
12,44188839,208,108,4
12,44189088,54,1,17
12,44189329,479,184,
12,44189391,59,18,21
12,44189426,123,24,
12,44189741,102,13,
12,44189920,9,5,
12,44189962,9,5,
12,44189966,95,19,
12,44190371,56,45,
12,44191558,345,202,
12,44191591,223,204,
12,44191620,566,182,
12,44191861,9,0,
12,44191985,9,1,
12,44192630,8,0,
12,44192955,74,68,
12,44192995,223,110,
12,44193118,28,2,
12,44193120,147,70,
12,44193195,17,9,
12,44193225,97,63,
12,44193328,344,228,
12,44193390,183,198,
12,44193930,13,5,
12,44193933,77,17,
12,44193965,63,19,
12,44194082,239,76,
12,44194118,35,1,
12,44194120,104,52,
12,44194408,7,1,
12,44194431,16,5,
12,44194468,139,24,
12,44194469,57,42,
12,44194521,282,160,
12,44194700,22,5,
12,44194859,115,15,
12,44194871,82,17,
12,44194888,27,13,
12,44195354,86,52,
12,44195783,62,43,
12,44195931,136,67,
12,44195961,217,24,
12,44196211,16,7,
12,44196393,148,35,
12,44196410,56,25,
12,44196417,155,89,
12,44196433,127,58,
12,44196576,294,218,
12,44196589,70,27,
12,44196807,111,106,
12,44196850,280,316,
12,44196945,156,52,
12,44197001,8,1,
12,44197112,83,41,
12,44197347,137,83,30
12,44197806,33,4,
12,44197932,1606,746,
12,44197961,88,72,
12,44198171,67,57,
12,44198394,8,1,
12,44198503,46,33,
12,44198583,75,77,
12,44198805,14,5,
12,44198829,13,0,
12,44198901,35,30,
12,44199005,87,120,
12,44199123,17,4,
12,44199132,17,0,
12,44199299,190,30,
12,44199437,51,28,
12,44199495,71,38,
12,44199592,238,86,
12,44199597,110,57,
12,44199649,168,201,
12,44199658,43,15,
12,44199699,98,84,
12,44199770,58,33,
12,44199840,24,11,
12,44200101,36,7,
12,44200585,23,0,
12,44200773,253,196,
12,44200797,117,45,
12,44200850,42,21,
12,44200866,244,51,
12,44200870,149,79,
12,44200895,281,49,
12,44201072,164,136,
12,44201373,17,2,
12,44201519,16,6,
12,44201527,133,8,
12,44201583,154,46,
12,44201736,108,278,
12,44201748,70,12,
12,44201762,170,109,
12,44201812,222,89,
12,44201857,114,97,
12,44201872,526,223,
12,44201901,279,113,
12,44201975,575,241,
12,44202110,106,40,
12,44202519,69,132,
12,44202664,211,35,
12,44202759,9,1,
12,44203003,92,69,
12,44203095,11,0,
12,44203144,10,0,
12,44203444,69,65,
12,44203494,213,130,
12,44203522,6,0,
12,44203562,422,251,
12,44203628,31,3,
12,44203654,6,3,
12,44203732,112,34,
12,44203763,28,19,
12,44203870,24,20,
12,44204045,17,5,
12,44204155,125,62,
12,44204181,159,113,
12,44204224,375,123,
12,44204277,156,86,
12,44204442,9,0,
12,44204603,145,135,
12,44204626,41,5,
12,44204637,73,17,
12,44204670,36,4,
12,44204720,5,0,
12,44204767,134,81,
12,44204878,127,58,
12,44204916,28,0,
12,44204938,5,1,
12,44205060,164,120,
12,44205282,432,274,
12,44205317,19,2,
12,44205319,7,0,
12,44205340,11,0,
12,44205372,7,3,
12,44205424,24,0,
12,44205547,15,0,
12,44205590,452,193,
12,44205599,135,92,
12,44205602,7,1,
12,44205620,11,0,
12,44205632,8,3,
12,44205694,22,30,
12,44205697,289,274,
12,44205718,110,81,
12,44205719,13,20,
12,44205789,9,0,
12,44205895,59,17,
12,44205952,10,0,
12,44206159,14,0,
12,44206238,18,0,
12,44206493,6,0,
12,44206553,190,46,
12,44206609,19,3,
12,44206745,10,1,
12,44207063,144,32,
12,44207095,415,167,
12,44207100,9,1,
12,44207144,57,57,
12,44207152,13,17,
12,44207249,34,31,
12,44207371,13,3,
12,44207375,10,7,
12,44207503,209,44,
12,44207665,9,0,
12,44207922,8,0,
12,44208050,150,158,
12,44208058,9,0,
12,44208060,302,197,
12,44208134,7,0,
12,44208161,36,2,
12,44208246,16,22,
12,44208283,197,57,
12,44208430,9,1,
12,44208750,4,0,
12,44208803,8,1,
12,44208886,12,0,
12,44208960,14,1,
12,44208963,53,66,
12,44208968,270,128,
12,44208985,19,4,
12,44209181,7,0,
12,44209247,6,0,
12,44209269,11,0,
12,44209320,7,2,
12,44209415,11,0,
12,44209497,224,115,
12,44209515,302,708,
12,44209665,111,57,
12,44209746,13,1,
12,44209833,138,137,
12,44209910,24,0,
12,44209986,82,127,
12,44210016,8,1,
12,44210082,22,2,
12,44210339,24,5,
12,44210390,47,13,
12,44210441,82,2,
12,44210502,41,3,
12,44210557,134,205,
12,44210582,22,4,
12,44210606,1549,269,
12,44210614,89,38,
12,44210616,4,0,
12,44210620,7,0,
12,44210689,456,305,
12,44210736,461,206,
12,44210794,24,13,
12,44210938,64,5,
12,44211052,7,1,
12,44211130,87,202,
12,44211273,470,218,25
12,44211411,12,2,
12,44211417,316,91,
12,44211418,6,0,
12,44211434,21,16,
12,44211461,12,2,
12,44211612,183,108,
12,44211681,19,2,
12,44211754,3,1,
12,44211779,146,47,
12,44211799,5,0,
12,44211828,5,0,
12,44211865,9,0,
12,44211915,7,1,
12,44211928,11,0,
12,44212026,8,0,
12,44212156,6,0,
12,44212344,5,0,
12,44212384,3,0,
12,44212413,60,44,
12,44212441,427,117,16
12,44212446,422,53,
12,44212449,47,19,
12,44212593,7,4,
12,44212650,81,24,
12,44212676,17,1,
12,44212690,6,2,
12,44212710,7,1,
12,44212801,7,0,
12,44212845,196,263,
12,44212855,121,11,
12,44213208,10,0,
12,44213306,7,0,
12,44213313,22,0,
12,44213479,16,1,
12,44213590,80,14,
12,44213878,97,46,
12,44213963,8,0,
12,44214088,7,1,
12,44214243,16,13,
12,44214303,68,14,
12,44214308,34,7,
12,44214311,202,54,
12,44214386,58,22,
12,44214481,122,76,
12,44214493,20,10,
12,44214522,217,171,27
12,44214835,148,75,
12,44214926,110,23,
12,44214960,68,3,
12,44215117,75,33,
12,44215131,74,47,
12,44215197,107,142,25
12,44215352,834,214,24
12,44215559,7,0,
12,44215603,176,33,15
12,44215667,254,156,
12,44215726,77,43,
12,44216072,8,1,
12,44216123,214,76,
12,44216436,3,0,
12,44216630,96,25,
12,44216664,8,1,
12,44216730,5,1,
12,44217280,4,0,
12,44217322,49,16,
12,44217461,10,3,
12,44217510,9,2,
12,44217631,10,0,
12,44217693,44,7,
12,44217757,105,28,18
12,44217760,14,0,
12,44217876,184,139,6
12,44217904,27,19,
12,44217936,9,0,
12,44217940,12,8,
12,44217999,42,10,
12,44218381,5,0,
12,44218543,7,0,
12,44218618,15,0,
12,44218787,8,1,
12,44218993,5,0,
12,44219012,33,11,
12,44219029,39,15,
12,44219171,19,10,
12,44219195,11,15,
12,44219270,91,186,9
12,44219279,103,121,11
12,44219357,136,36,5
12,44219405,274,113,2
12,44219519,337,183,20
12,44219563,22,2,
12,44219660,29,10,
12,44219692,20,2,
12,44219755,131,61,
12,44219857,253,127,2
12,44219871,30,4,
12,44219898,4,13,
12,44220110,34,113,
12,44220135,137,104,5
12,44220179,131,55,3
12,44220287,49,8,11
12,44220325,10,1,
12,44220454,7,2,
12,44220583,49,11,29
12,44220699,6,1,
12,44220860,301,49,7
12,44220956,8,0,
12,44221430,73,54,
12,44221450,405,233,30
12,44221489,137,37,22
12,44221509,6,1,
12,44221564,7,3,
12,44221695,71,45,21
12,44221706,12,2,
12,44221900,41,41,
12,44222022,9,0,
12,44222119,138,19,1
12,44222140,10,1,
12,44222227,5,0,
12,44222277,9,2,
12,44222527,64,33,8
12,44222556,4,0,
12,44222584,7,0,
12,44222702,8,0,
12,44222768,3,0,
12,44222836,23,22,7
12,44222896,121,78,
12,44223283,31,4,3
12,44223448,44,15,1
12,44223517,8,1,
12,44223552,6,0,
12,44223563,5,0,
12,44223603,6,0,
12,44223645,3,1,
12,44223679,3,0,
12,44223886,3,0,
13,44155426,53,13,
13,44155635,73,15,
13,44155741,61,38,
13,44155746,663,252,
13,44155761,87,123,
13,44156935,842,355,
13,44157077,104,28,
13,44157177,507,219,
13,44157378,114,136,
13,44157406,151,47,
13,44158336,23,3,
13,44158353,407,99,
13,44158720,53,14,
13,44159166,877,518,
13,44159337,27,14,
13,44159525,126,398,
13,44159528,369,478,
13,44159758,264,72,
13,44159798,44,1,
13,44160012,149,149,
13,44160073,148,76,
13,44160358,58,27,
13,44161102,30,18,
13,44161607,147,65,
13,44161894,125,31,
13,44162042,117,324,
13,44162327,172,223,
13,44162363,292,68,
13,44162443,156,60,
13,44162814,165,55,
13,44163063,2330,2816,
13,44163216,15,2,
13,44163428,281,64,
13,44163496,110,63,
13,44163618,61,20,
13,44163877,86,9,
13,44166102,277,312,
13,44166155,166,87,
13,44167049,95,23,
13,44167592,662,273,
13,44168184,199,67,
13,44168201,67,43,
13,44168256,96,133,
13,44168265,88,46,
13,44168658,350,430,
13,44168810,25,13,
13,44169115,531,337,
13,44169132,170,94,
13,44169413,174,140,
13,44169759,363,257,
13,44170694,97,20,
13,44170719,23,0,
13,44170968,157,69,
13,44171363,57,1,
13,44171677,409,577,
13,44172166,240,228,
13,44172340,29,9,
13,44172428,88,71,
13,44172553,19,6,
13,44172659,128,48,
13,44173193,62,23,
13,44173377,80,131,
13,44173581,94,93,
13,44173667,54,16,
13,44173853,99,42,
13,44174036,38,33,
13,44174190,205,38,
13,44174540,85,29,
13,44174856,192,96,
13,44174965,597,157,
13,44175077,21,5,
13,44175132,13,1,
13,44175356,115,48,
13,44175510,85,2,
13,44175557,142,54,
13,44175579,56,70,
13,44175773,308,223,
13,44175905,274,149,
13,44176172,18,2,
13,44176425,198,121,
13,44176510,287,182,
13,44176514,289,146,
13,44176636,43,26,
13,44176729,107,17,
13,44176737,373,152,
13,44176825,262,130,
13,44176829,624,214,
13,44176919,108,38,
13,44177446,214,236,
13,44177797,37,32,
13,44177824,10,0,
13,44177964,45,18,
13,44178024,57,129,
13,44178445,63,9,
13,44178468,315,180,
13,44178507,8,1,
13,44178674,32,0,
13,44178902,358,154,
13,44179113,11,1,
13,44179257,607,151,
13,44179475,12,0,
13,44179691,123,71,
13,44180533,1510,924,
13,44180760,32,16,
13,44180954,136,13,
13,44181237,28,14,
13,44181305,49,4,
13,44181421,432,169,
13,44181613,183,194,
13,44181700,249,34,
13,44181781,20,3,
13,44182184,183,39,
13,44182186,870,197,
13,44182188,454,169,
13,44182206,186,86,
13,44182356,732,316,
13,44182582,246,162,
13,44182698,155,34,
13,44182941,33,10,
13,44183299,174,29,26
13,44183515,202,102,
13,44183591,356,93,
13,44183799,671,377,
13,44183923,280,264,
13,44184542,172,149,
13,44184849,89,13,
13,44184900,352,327,
13,44184974,62,15,
13,44185003,57,2,
13,44185078,136,215,
13,44185158,36,6,
13,44185256,607,462,
13,44185651,11,2,
13,44185672,8,0,
13,44185836,133,64,
13,44185845,50,46,
13,44185856,53,14,
13,44185913,1112,932,
13,44186008,105,72,19
13,44186065,5,0,
13,44186283,33,5,
13,44186380,5,1,
13,44186459,64,10,
13,44186496,252,132,
13,44186536,246,52,
13,44186607,54,23,
13,44186660,140,34,
13,44186736,79,31,
13,44186780,506,430,
13,44187338,33,13,
13,44187457,20,4,
13,44187645,206,70,
13,44187765,115,121,10
13,44188068,78,42,
13,44188120,89,43,
13,44188178,154,71,14
13,44188204,125,80,
13,44188214,184,110,13
13,44188248,118,46,
13,44188373,176,49,7
13,44188562,39,14,
13,44188672,16,8,
13,44188839,213,111,24
13,44189088,56,1,17
13,44189329,482,185,
13,44189391,61,20,20
13,44189426,123,24,
13,44189741,102,13,
13,44189920,9,5,
13,44189962,9,5,
13,44189966,96,20,
13,44190371,56,45,
13,44191558,345,202,
13,44191591,223,204,
13,44191620,566,182,
13,44191985,9,1,
13,44192955,74,68,
13,44192995,223,110,
13,44193118,28,2,
13,44193120,147,70,
13,44193195,17,9,
13,44193225,97,63,
13,44193328,345,228,
13,44193390,183,198,
13,44193930,13,5,
13,44193933,77,17,
13,44193965,63,19,
13,44194082,239,76,
13,44194118,35,1,
13,44194120,104,52,
13,44194408,7,1,
13,44194431,16,5,
13,44194468,139,24,
13,44194469,57,42,
13,44194521,282,160,
13,44194700,22,5,
13,44194859,115,15,
13,44194871,82,17,
13,44194888,27,13,
13,44195354,86,52,
13,44195931,136,67,
13,44195961,217,24,
13,44196211,16,7,
13,44196393,148,35,
13,44196410,56,25,
13,44196417,155,89,
13,44196433,128,58,
13,44196576,294,218,
13,44196589,70,27,
13,44196807,111,106,
13,44196850,280,316,
13,44196945,156,52,
13,44197001,8,1,
13,44197112,83,41,
13,44197347,143,85,30
13,44197806,33,4,
13,44197932,1606,746,
13,44197961,88,73,
13,44198171,67,57,
13,44198394,8,1,
13,44198503,46,33,
13,44198583,75,77,
13,44198805,14,5,
13,44198829,13,0,
13,44198901,36,30,
13,44199005,87,120,
13,44199123,17,4,
13,44199132,17,0,
13,44199299,190,30,
13,44199437,51,28,
13,44199495,71,38,
13,44199592,238,86,
13,44199597,110,57,
13,44199649,168,202,
13,44199658,43,15,
13,44199699,98,84,
13,44199770,58,33,
13,44199840,24,11,
13,44200101,36,7,
13,44200585,23,0,
13,44200773,253,196,
13,44200797,117,45,
13,44200850,42,21,
13,44200866,244,51,
13,44200870,149,79,
13,44200895,281,50,
13,44201072,164,136,
13,44201519,16,6,
13,44201527,133,8,
13,44201583,154,46,
13,44201736,108,279,
13,44201748,70,12,
13,44201762,170,109,
13,44201812,222,89,
13,44201857,114,97,
13,44201872,526,223,
13,44201901,281,113,
13,44201975,575,241,
13,44202110,106,40,
13,44202519,69,132,
13,44202664,211,35,
13,44202759,9,1,
13,44203003,92,69,
13,44203095,11,0,
13,44203144,10,0,
13,44203444,69,65,
13,44203494,216,130,
13,44203522,6,0,
13,44203562,426,252,
13,44203628,31,3,
13,44203732,113,34,
13,44203763,28,19,
13,44203870,24,20,
13,44204045,17,5,
13,44204155,125,62,
13,44204181,159,114,
13,44204224,376,123,
13,44204277,156,86,
13,44204442,9,0,
13,44204603,145,135,
13,44204626,41,5,
13,44204637,73,17,
13,44204670,36,4,
13,44204720,5,0,
13,44204767,134,81,
13,44204878,127,58,
13,44204916,28,0,
13,44204938,5,1,
13,44205060,164,120,
13,44205282,432,274,
13,44205317,19,2,
13,44205319,7,0,
13,44205340,11,0,
13,44205372,7,3,
13,44205424,24,0,
13,44205547,15,0,
13,44205590,452,193,
13,44205599,135,92,
13,44205602,7,1,
13,44205620,11,0,
13,44205632,8,3,
13,44205694,22,30,
13,44205697,289,275,
13,44205718,110,81,
13,44205719,13,20,
13,44205789,9,0,
13,44205895,59,17,
13,44205952,10,0,
13,44206159,14,0,
13,44206238,18,0,
13,44206493,6,0,
13,44206553,190,46,
13,44206609,19,3,
13,44206745,11,1,
13,44207063,144,32,
13,44207095,415,169,
13,44207100,9,1,
13,44207144,57,57,
13,44207152,13,17,
13,44207249,34,31,
13,44207371,13,3,
13,44207375,10,7,
13,44207503,209,44,
13,44207665,9,0,
13,44207922,8,0,
13,44208050,150,158,
13,44208058,9,0,
13,44208060,303,197,
13,44208134,7,0,
13,44208161,36,2,
13,44208246,16,22,
13,44208283,197,58,
13,44208750,4,0,
13,44208803,8,1,
13,44208886,12,0,
13,44208960,14,1,
13,44208963,53,66,
13,44208968,271,128,
13,44208985,19,4,
13,44209181,7,0,
13,44209247,6,0,
13,44209269,12,0,
13,44209320,7,2,
13,44209415,11,0,
13,44209497,224,115,
13,44209515,302,708,
13,44209665,111,57,
13,44209746,14,1,
13,44209833,139,141,
13,44209910,24,0,
13,44209986,82,127,
13,44210016,8,1,
13,44210082,22,2,
13,44210339,24,5,
13,44210390,47,13,
13,44210441,82,2,
13,44210502,41,3,
13,44210582,22,4,
13,44210606,1549,269,
13,44210614,89,38,
13,44210616,4,0,
13,44210620,7,0,
13,44210689,456,305,
13,44210736,461,206,
13,44210794,24,13,
13,44210938,65,5,
13,44211052,7,1,
13,44211130,87,202,
13,44211273,471,219,
13,44211411,12,2,
13,44211417,321,91,
13,44211418,6,0,
13,44211434,21,17,
13,44211461,12,2,
13,44211612,183,108,
13,44211681,19,2,
13,44211779,148,48,
13,44211828,5,0,
13,44211865,9,0,
13,44211928,11,0,
13,44212026,8,0,
13,44212156,6,0,
13,44212344,5,0,
13,44212384,3,0,
13,44212413,60,44,
13,44212441,429,117,
13,44212446,422,53,
13,44212449,48,19,
13,44212593,7,4,
13,44212650,81,25,
13,44212676,17,1,
13,44212690,6,2,
13,44212710,7,1,
13,44212801,7,0,
13,44212845,197,263,
13,44212855,121,11,
13,44213208,10,0,
13,44213306,7,0,
13,44213313,23,0,
13,44213479,16,1,
13,44213590,80,14,
13,44213878,97,46,
13,44213963,8,0,
13,44214088,7,1,
13,44214243,16,13,
13,44214303,68,14,
13,44214308,34,7,
13,44214311,204,54,
13,44214386,58,22,
13,44214481,123,77,
13,44214493,20,10,
13,44214522,219,172,29
13,44214835,149,75,
13,44214926,111,23,
13,44214960,68,3,
13,44215117,76,33,
13,44215131,75,47,
13,44215197,112,148,22
13,44215352,853,216,26
13,44215559,7,0,
13,44215603,180,35,16
13,44215667,254,157,
13,44215726,79,43,
13,44216072,8,1,
13,44216123,217,76,
13,44216436,3,0,
13,44216630,97,25,
13,44216664,8,1,
13,44216730,5,1,
13,44217280,4,0,
13,44217322,49,16,
13,44217461,10,3,
13,44217510,9,2,
13,44217631,10,0,
13,44217693,44,7,
13,44217757,108,29,18
13,44217760,14,0,
13,44217876,189,147,6
13,44217904,28,20,
13,44217936,9,0,
13,44217940,12,8,
13,44217999,42,10,
13,44218381,5,0,
13,44218543,7,0,
13,44218618,16,0,
13,44218787,8,1,
13,44218993,5,0,
13,44219012,33,11,
13,44219029,39,15,
13,44219171,19,10,
13,44219195,11,15,
13,44219270,95,200,25
13,44219279,124,146,12
13,44219357,147,38,5
13,44219405,282,115,3
13,44219519,354,184,21
13,44219563,23,2,
13,44219660,31,10,
13,44219692,21,3,
13,44219755,132,63,
13,44219857,256,133,
13,44219871,30,4,
13,44219898,4,13,
13,44220110,34,116,
13,44220135,154,127,11
13,44220179,138,64,4
13,44220287,54,11,9
13,44220325,11,1,
13,44220454,7,2,
13,44220571,6,0,
13,44220583,52,12,21
13,44220699,6,1,
13,44220860,317,59,8
13,44220956,8,0,
13,44221430,81,61,
13,44221450,422,245,
13,44221489,148,43,25
13,44221509,6,2,
13,44221564,7,3,
13,44221695,73,50,
13,44221706,13,2,
13,44221900,43,41,
13,44222022,12,0,
13,44222119,174,25,1
13,44222140,11,1,
13,44222227,5,0,
13,44222277,12,2,
13,44222527,67,34,
13,44222556,7,0,
13,44222584,11,0,
13,44222702,9,0,
13,44222768,3,0,
13,44222809,7,0,
13,44222836,24,24,
13,44222896,123,87,
13,44223283,90,27,3
13,44223448,108,97,1
13,44223517,8,1,
13,44223603,7,0,
13,44223679,4,0,
13,44223754,4,1,
13,44223767,3,0,
13,44223853,47,61,2
13,44223886,3,0,
13,44224170,4,0,
14,44155426,53,13,
14,44155635,73,15,
14,44155741,61,38,
14,44155746,663,252,
14,44155761,87,123,
14,44156935,844,355,
14,44157077,104,28,
14,44157177,507,219,
14,44157378,114,136,
14,44157406,151,47,
14,44158336,23,3,
14,44158353,407,99,
14,44158720,53,14,
14,44159166,879,518,
14,44159337,27,14,
14,44159525,126,398,
14,44159528,369,479,
14,44159758,264,72,
14,44159798,44,1,
14,44160012,149,149,
14,44160073,148,76,
14,44160358,58,27,
14,44161102,30,18,
14,44161607,147,65,
14,44161894,125,31,
14,44162042,117,324,
14,44162327,172,223,
14,44162363,292,68,
14,44162443,156,60,
14,44162814,165,55,
14,44163063,2333,2816,
14,44163216,15,2,
14,44163428,281,64,
14,44163496,110,63,
14,44163618,61,20,
14,44163877,86,9,
14,44166102,277,312,
14,44166155,166,87,
14,44167049,95,23,
14,44167592,662,273,
14,44168184,199,67,
14,44168201,67,43,
14,44168256,96,133,
14,44168265,88,46,
14,44168658,350,430,
14,44168810,25,13,
14,44169115,531,337,
14,44169132,170,94,
14,44169413,174,140,
14,44169759,363,257,
14,44170694,97,20,
14,44170719,23,0,
14,44170968,157,69,
14,44171363,57,1,
14,44171677,409,577,
14,44172166,240,228,
14,44172340,29,9,
14,44172428,88,71,
14,44172659,128,48,
14,44173193,62,23,
14,44173377,80,131,
14,44173581,94,93,
14,44173667,54,16,
14,44173853,99,42,
14,44174036,38,33,
14,44174190,205,38,
14,44174540,85,29,
14,44174856,192,96,
14,44174965,597,157,
14,44175077,21,5,
14,44175132,13,1,
14,44175356,115,48,
14,44175510,85,2,
14,44175557,142,54,
14,44175579,56,70,
14,44175773,308,223,
14,44175905,274,149,
14,44176172,18,2,
14,44176425,198,121,
14,44176510,287,182,
14,44176514,289,146,
14,44176636,43,26,
14,44176729,107,17,
14,44176737,373,152,
14,44176825,262,130,
14,44176829,625,214,
14,44176919,108,38,
14,44177446,214,236,
14,44177964,45,18,
14,44178024,57,129,
14,44178445,63,9,
14,44178468,315,180,
14,44178507,8,1,
14,44178674,32,0,
14,44178902,358,154,
14,44179113,11,1,
14,44179257,607,151,
14,44179475,12,0,
14,44179691,123,71,
14,44180533,1514,925,
14,44180760,32,16,
14,44180954,136,13,
14,44181237,28,14,
14,44181305,49,4,
14,44181421,432,169,
14,44181613,183,194,
14,44181700,250,34,
14,44181781,20,3,
14,44182184,183,39,
14,44182186,870,197,
14,44182188,454,169,
14,44182206,186,86,
14,44182356,732,316,
14,44182582,246,162,
14,44182698,155,34,
14,44182941,33,10,
14,44183299,181,30,22
14,44183515,202,102,
14,44183591,356,93,
14,44183799,671,377,
14,44183923,280,264,
14,44184542,172,149,
14,44184849,89,13,
14,44184900,352,327,
14,44184974,62,15,
14,44185003,57,2,
14,44185078,136,215,
14,44185158,36,6,
14,44185256,607,462,
14,44185651,11,2,
14,44185672,8,0,
14,44185836,133,64,
14,44185845,50,46,
14,44185856,53,14,
14,44185913,1112,932,
14,44186008,108,85,18
14,44186283,33,5,
14,44186380,5,1,
14,44186459,64,10,
14,44186496,252,132,
14,44186536,246,52,
14,44186607,54,23,
14,44186660,140,34,
14,44186736,79,31,
14,44186780,506,430,
14,44187338,33,13,
14,44187457,20,4,
14,44187645,206,70,
14,44187765,122,133,10
14,44188068,78,42,
14,44188120,89,43,
14,44188178,169,78,26
14,44188204,125,80,
14,44188214,190,116,13
14,44188248,118,46,
14,44188373,193,59,7
14,44188562,39,14,
14,44188672,16,8,
14,44188839,224,116,24
14,44189088,59,2,16
14,44189329,482,185,
14,44189391,69,20,30
14,44189426,123,24,
14,44189741,102,13,
14,44189920,9,5,
14,44189962,9,5,
14,44189966,98,20,
14,44190371,56,45,
14,44191558,345,202,
14,44191591,224,204,
14,44191620,568,182,
14,44191985,9,1,
14,44192955,74,68,
14,44192995,224,110,
14,44193118,28,2,
14,44193120,147,70,
14,44193195,17,9,
14,44193225,97,63,
14,44193328,345,228,
14,44193390,183,198,
14,44193930,13,5,
14,44193933,77,17,
14,44193965,63,19,
14,44194082,239,76,
14,44194118,35,1,
14,44194120,104,52,
14,44194408,7,1,
14,44194431,16,5,
14,44194468,139,24,
14,44194469,57,42,
14,44194521,282,160,
14,44194700,22,5,
14,44194859,115,15,
14,44194871,82,17,
14,44194888,27,13,
14,44195354,86,52,
14,44195931,136,67,
14,44195961,217,24,
14,44196211,16,7,
14,44196393,148,35,
14,44196410,56,25,
14,44196417,155,89,
14,44196433,128,58,
14,44196576,294,218,
14,44196589,70,27,
14,44196807,111,106,
14,44196850,280,317,
14,44196945,156,52,
14,44197001,8,1,
14,44197112,83,41,
14,44197347,150,91,27
14,44197806,33,4,
14,44197932,1607,746,
14,44197961,88,73,
14,44198171,67,57,
14,44198394,8,1,
14,44198503,46,33,
14,44198583,75,77,
14,44198805,14,5,
14,44198829,13,0,
14,44198901,36,30,
14,44199005,87,121,
14,44199123,17,4,
14,44199132,17,0,
14,44199299,190,30,
14,44199437,51,28,
14,44199495,71,38,
14,44199592,238,86,
14,44199597,110,57,
14,44199649,168,202,
14,44199658,43,15,
14,44199699,98,84,
14,44199770,58,33,
14,44199840,24,11,
14,44200101,36,7,
14,44200585,23,0,
14,44200773,253,196,
14,44200797,117,45,
14,44200850,42,21,
14,44200866,244,51,
14,44200870,149,80,
14,44200895,281,50,
14,44201072,164,136,
14,44201519,16,6,
14,44201527,133,8,
14,44201583,154,46,
14,44201736,109,279,
14,44201748,70,12,
14,44201762,170,109,
14,44201812,222,91,
14,44201857,114,97,
14,44201872,526,223,
14,44201901,281,114,
14,44201975,575,241,
14,44202110,106,40,
14,44202519,69,132,
14,44202664,213,35,
14,44202759,9,1,
14,44203003,92,69,
14,44203095,11,0,
14,44203144,10,0,
14,44203444,69,65,
14,44203494,216,130,
14,44203522,6,0,
14,44203562,426,255,
14,44203628,31,3,
14,44203732,115,34,
14,44203763,28,19,
14,44203870,24,20,
14,44204045,17,5,
14,44204155,125,62,
14,44204181,159,114,
14,44204224,376,123,
14,44204277,156,86,
14,44204442,9,0,
14,44204603,146,135,
14,44204626,41,5,
14,44204637,73,17,
14,44204670,36,4,
14,44204720,5,0,
14,44204767,134,81,
14,44204878,127,58,
14,44204916,28,0,
14,44204938,5,1,
14,44205060,164,120,
14,44205282,433,275,
14,44205317,19,2,
14,44205319,7,0,
14,44205340,11,0,
14,44205372,7,3,
14,44205424,24,0,
14,44205547,15,0,
14,44205590,454,193,
14,44205599,135,92,
14,44205602,7,1,
14,44205620,11,0,
14,44205632,8,3,
14,44205694,22,30,
14,44205697,290,275,
14,44205718,110,81,
14,44205719,13,20,
14,44205789,9,0,
14,44205895,59,17,
14,44205952,10,0,
14,44206159,14,0,
14,44206238,18,0,
14,44206493,6,0,
14,44206553,190,46,
14,44206609,19,3,
14,44206745,11,1,
14,44207063,145,32,
14,44207095,418,169,
14,44207100,9,1,
14,44207144,57,57,
14,44207152,13,17,
14,44207249,34,31,
14,44207371,13,3,
14,44207375,10,7,
14,44207503,210,44,
14,44207665,9,0,
14,44207922,8,0,
14,44208050,150,158,
14,44208058,9,0,
14,44208060,304,200,
14,44208134,7,0,
14,44208161,36,2,
14,44208246,16,22,
14,44208283,197,58,
14,44208750,4,0,
14,44208803,8,1,
14,44208886,12,0,
14,44208960,14,1,
14,44208963,53,66,
14,44208968,272,128,
14,44208985,19,4,
14,44209181,7,0,
14,44209247,6,0,
14,44209269,12,0,
14,44209320,7,2,
14,44209415,11,0,
14,44209497,226,116,
14,44209515,303,707,
14,44209665,111,57,
14,44209746,14,2,
14,44209833,139,143,
14,44209910,24,0,
14,44209986,82,128,
14,44210016,8,1,
14,44210082,22,2,
14,44210339,24,5,
14,44210390,47,13,
14,44210441,82,2,
14,44210502,41,3,
14,44210582,22,4,
14,44210606,1550,270,
14,44210614,89,38,
14,44210616,4,0,
14,44210620,7,0,
14,44210689,458,304,
14,44210736,461,206,
14,44210794,24,13,
14,44210938,66,5,
14,44211052,7,1,
14,44211130,88,202,
14,44211273,471,220,
14,44211411,12,2,
14,44211417,323,92,
14,44211418,6,0,
14,44211434,21,18,
14,44211461,12,2,
14,44211612,183,108,
14,44211681,19,2,
14,44211779,148,50,
14,44211828,5,0,
14,44211865,9,0,
14,44211928,11,0,
14,44212026,8,0,
14,44212156,6,0,
14,44212344,5,0,
14,44212384,3,0,
14,44212413,60,44,
14,44212441,433,117,
14,44212446,423,53,
14,44212449,48,19,
14,44212593,7,4,
14,44212650,81,25,
14,44212676,17,1,
14,44212690,6,2,
14,44212710,7,1,
14,44212801,7,0,
14,44212845,201,265,29
14,44212855,121,11,
14,44213208,10,0,
14,44213306,7,0,
14,44213313,23,0,
14,44213479,16,1,
14,44213590,80,14,
14,44213878,97,46,
14,44213963,8,0,
14,44214088,7,1,
14,44214243,16,13,
14,44214303,68,14,
14,44214308,34,7,
14,44214311,204,54,
14,44214386,58,22,
14,44214481,123,79,
14,44214493,20,10,
14,44214522,220,175,28
14,44214835,149,75,
14,44214926,111,23,
14,44214960,68,3,
14,44215117,76,33,
14,44215131,75,47,
14,44215197,123,153,21
14,44215352,870,216,25
14,44215559,8,0,
14,44215603,184,36,14
14,44215667,258,160,
14,44215726,80,43,
14,44216072,9,1,
14,44216123,218,76,
14,44216436,3,0,
14,44216630,97,25,
14,44216664,8,1,
14,44216730,5,1,
14,44217280,4,0,
14,44217322,49,16,
14,44217461,10,3,
14,44217510,10,2,
14,44217631,10,0,
14,44217693,45,7,
14,44217757,109,33,17
14,44217760,14,0,
14,44217876,199,155,6
14,44217904,28,20,
14,44217936,9,0,
14,44217940,12,8,
14,44217999,43,10,
14,44218381,5,0,
14,44218543,8,0,
14,44218618,19,0,
14,44218787,8,1,
14,44219012,33,11,
14,44219029,39,16,
14,44219171,19,10,
14,44219195,11,15,
14,44219270,100,212,23
14,44219279,145,181,11
14,44219357,156,38,5
14,44219405,292,118,3
14,44219519,374,193,19
14,44219563,25,2,
14,44219660,33,11,
14,44219692,21,4,
14,44219755,134,63,
14,44219857,262,135,
14,44219871,30,4,
14,44219898,4,13,
14,44220110,35,117,
14,44220135,171,157,11
14,44220179,151,73,4
14,44220287,60,16,9
14,44220325,12,1,
14,44220571,6,0,
14,44220583,56,12,18
14,44220699,6,1,
14,44220860,336,71,8
14,44220956,8,0,
14,44221430,83,64,
14,44221450,438,251,
14,44221489,151,46,
14,44221509,7,2,
14,44221564,7,3,
14,44221695,74,52,
14,44221706,14,2,
14,44221900,44,43,
14,44221907,7,0,
14,44222022,15,1,
14,44222119,236,34,1
14,44222140,11,1,
14,44222227,6,1,
14,44222277,13,2,
14,44222299,16,1,18
14,44222527,67,35,
14,44222556,8,0,
14,44222584,11,0,
14,44222702,9,0,
14,44222768,3,0,
14,44222809,15,0,
14,44222836,24,24,
14,44222885,37,13,11
14,44222896,126,91,
14,44223283,97,32,
14,44223448,147,142,2
14,44223517,8,1,
14,44223603,7,0,
14,44223679,4,0,
14,44223754,5,1,
14,44223767,11,0,
14,44223853,64,100,15
14,44223886,3,1,
14,44224170,5,0,
14,44224508,3,0,
14,44224684,114,14,2
14,44224727,4,0,
14,44224745,16,4,6
14,44224830,3,0,
14,44224874,3,0,
14,44224877,4,0,
14,44224915,3,0,
14,44224996,4,0,
15,44155426,53,13,
15,44155635,73,15,
15,44155741,61,38,
15,44155746,663,252,
15,44155761,87,123,
15,44156935,844,355,
15,44157077,104,28,
15,44157177,507,219,
15,44157378,114,136,
15,44157406,151,47,
15,44158336,23,3,
15,44158353,407,99,
15,44158720,53,14,
15,44159166,879,518,
15,44159337,27,14,
15,44159525,126,398,
15,44159528,369,480,
15,44159758,264,72,
15,44159798,44,1,
15,44160012,149,149,
15,44160073,148,76,
15,44160358,58,27,
15,44161102,30,18,
15,44161607,148,65,
15,44161894,125,31,
15,44162327,172,223,
15,44162363,292,68,
15,44162443,156,60,
15,44162814,165,55,
15,44163063,2335,2816,
15,44163216,15,2,
15,44163428,281,64,
15,44163496,110,63,
15,44163618,61,20,
15,44163877,86,9,
15,44166102,277,312,
15,44166155,166,87,
15,44167049,95,23,
15,44167592,662,273,
15,44168184,199,67,
15,44168201,67,43,
15,44168256,96,133,
15,44168265,88,46,
15,44168658,350,430,
15,44168810,25,13,
15,44169115,531,337,
15,44169132,170,94,
15,44169413,174,140,
15,44169759,363,257,
15,44170694,97,20,
15,44170719,23,0,
15,44170968,157,69,
15,44171363,57,1,
15,44171677,409,577,
15,44172166,240,228,
15,44172340,29,9,
15,44172428,88,71,
15,44172659,128,48,
15,44173193,62,23,
15,44173377,80,131,
15,44173581,94,93,
15,44173667,54,16,
15,44173853,99,42,
15,44174036,38,33,
15,44174190,205,38,
15,44174540,85,29,
15,44174856,192,96,
15,44174965,597,157,
15,44175077,21,5,
15,44175356,115,48,
15,44175510,85,2,
15,44175557,142,54,
15,44175579,56,70,
15,44175773,308,223,
15,44175905,274,149,
15,44176172,18,2,
15,44176425,198,121,
15,44176510,287,182,
15,44176514,289,146,
15,44176636,43,26,
15,44176729,107,17,
15,44176737,373,152,
15,44176825,262,130,
15,44176829,625,214,
15,44176919,108,38,
15,44177446,214,236,
15,44177964,45,18,
15,44178024,57,129,
15,44178445,63,9,
15,44178468,315,180,
15,44178674,32,0,
15,44178902,358,154,
15,44179257,607,151,
15,44179475,12,0,
15,44179691,123,71,
15,44180533,1516,925,
15,44180760,32,16,
15,44180954,136,13,
15,44181237,28,14,
15,44181305,49,4,
15,44181421,432,169,
15,44181613,183,194,
15,44181700,250,35,
15,44181781,20,3,
15,44182184,183,39,
15,44182186,870,197,
15,44182188,454,169,
15,44182206,186,86,
15,44182356,732,316,
15,44182582,247,162,
15,44182698,155,34,
15,44182941,33,10,
15,44183299,185,31,29
15,44183515,202,102,
15,44183591,356,93,
15,44183799,671,377,
15,44183923,280,264,
15,44184542,172,149,
15,44184849,89,13,
15,44184900,352,327,
15,44184974,62,15,
15,44185003,57,2,
15,44185078,136,215,
15,44185158,36,6,
15,44185256,607,462,
15,44185651,11,2,
15,44185672,8,0,
15,44185836,133,64,
15,44185845,50,46,
15,44185856,53,14,
15,44185913,1112,932,
15,44186008,113,90,28
15,44186283,33,5,
15,44186459,64,10,
15,44186496,252,132,
15,44186536,246,52,
15,44186607,54,23,
15,44186660,140,34,
15,44186736,79,31,
15,44186780,506,430,
15,44187338,33,13,
15,44187457,20,4,
15,44187645,206,70,
15,44187765,125,136,22
15,44188068,78,42,
15,44188120,90,44,
15,44188178,171,85,30
15,44188204,125,80,
15,44188214,196,123,21
15,44188248,118,46,
15,44188373,200,65,11
15,44188562,39,14,
15,44188672,16,8,
15,44188839,226,117,
15,44189088,63,2,25
15,44189329,482,185,
15,44189391,70,20,
15,44189426,123,25,
15,44189741,102,13,
15,44189920,9,5,
15,44189962,9,5,
15,44189966,99,21,
15,44190371,56,45,
15,44191558,345,202,
15,44191591,224,204,
15,44191620,568,182,
15,44191985,9,1,
15,44192883,13,1,16
15,44192955,74,68,
15,44192995,224,110,
15,44193118,28,2,
15,44193120,147,70,
15,44193195,17,9,
15,44193225,97,63,
15,44193328,345,228,
15,44193390,183,198,
15,44193930,13,5,
15,44193933,77,17,
15,44193965,63,19,
15,44194082,239,76,
15,44194118,35,1,
15,44194120,104,52,
15,44194431,16,5,
15,44194468,139,24,
15,44194469,57,42,
15,44194521,282,160,
15,44194700,22,5,
15,44194859,115,15,
15,44194871,82,17,
15,44194888,27,13,
15,44195354,86,52,
15,44195931,136,67,
15,44195961,217,24,
15,44196211,16,7,
15,44196393,148,35,
15,44196410,56,25,
15,44196417,155,89,
15,44196433,128,58,
15,44196576,295,218,
15,44196589,70,27,
15,44196807,111,106,
15,44196850,280,317,
15,44196945,156,52,
15,44197001,8,1,
15,44197112,83,41,
15,44197347,151,93,
15,44197806,33,4,
15,44197932,1608,748,
15,44197961,88,73,
15,44198171,67,57,
15,44198394,8,1,
15,44198503,46,33,
15,44198583,75,77,
15,44198805,14,5,
15,44198829,13,0,
15,44198901,36,30,
15,44199005,87,121,
15,44199123,17,4,
15,44199132,17,0,
15,44199299,190,30,
15,44199437,51,28,
15,44199495,71,38,
15,44199592,238,86,
15,44199597,110,57,
15,44199649,168,202,
15,44199658,43,15,
15,44199666,4,1,
15,44199699,98,84,
15,44199770,58,33,
15,44199840,24,11,
15,44200101,36,7,
15,44200585,23,0,
15,44200773,253,196,
15,44200797,117,45,
15,44200850,42,21,
15,44200866,244,51,
15,44200870,149,80,
15,44200895,281,50,
15,44201072,164,136,
15,44201143,3,0,
15,44201267,3,0,
15,44201519,16,6,
15,44201527,133,8,
15,44201583,154,46,
15,44201736,109,279,
15,44201748,70,12,
15,44201762,170,109,
15,44201812,223,91,
15,44201857,114,97,
15,44201872,528,224,
15,44201901,281,114,
15,44201975,576,241,
15,44202110,106,40,
15,44202355,4,1,
15,44202519,69,132,
15,44202664,214,35,
15,44202759,9,1,
15,44203003,92,69,
15,44203095,11,0,
15,44203144,10,0,
15,44203250,3,0,
15,44203444,69,65,
15,44203494,216,130,
15,44203522,6,0,
15,44203562,430,257,
15,44203628,31,3,
15,44203732,115,34,
15,44203763,28,19,
15,44203870,24,20,
15,44204045,17,5,
15,44204155,125,62,
15,44204181,159,114,
15,44204224,376,123,
15,44204277,156,86,
15,44204442,9,0,
15,44204603,146,135,
15,44204626,41,5,
15,44204637,73,17,
15,44204670,36,4,
15,44204720,5,0,
15,44204767,134,81,
15,44204878,127,58,
15,44204916,28,0,
15,44204938,5,1,
15,44205060,164,120,
15,44205282,434,275,
15,44205317,19,2,
15,44205319,7,0,
15,44205340,11,0,
15,44205372,7,3,
15,44205424,24,0,
15,44205547,15,0,
15,44205590,454,193,
15,44205599,135,92,
15,44205602,7,1,
15,44205620,11,0,
15,44205694,22,31,
15,44205697,290,275,
15,44205718,110,82,
15,44205719,13,20,
15,44205789,9,0,
15,44205895,59,17,
15,44205952,10,0,
15,44206159,14,0,
15,44206238,18,0,
15,44206493,6,0,
15,44206553,190,46,
15,44206609,19,3,
15,44206745,11,1,
15,44207063,145,32,
15,44207095,420,169,
15,44207100,9,1,
15,44207144,57,57,
15,44207152,13,17,
15,44207249,34,31,
15,44207371,13,3,
15,44207375,10,7,
15,44207503,210,44,
15,44207665,9,0,
15,44207922,8,0,
15,44208050,150,158,
15,44208058,9,0,
15,44208060,304,200,
15,44208134,7,0,
15,44208161,36,2,
15,44208246,16,22,
15,44208283,197,58,
15,44208750,4,0,
15,44208803,8,1,
15,44208886,12,0,
15,44208960,14,1,
15,44208963,53,66,
15,44208968,273,128,
15,44208985,19,4,
15,44209269,12,0,
15,44209320,7,2,
15,44209415,11,0,
15,44209497,229,117,
15,44209515,306,712,
15,44209665,111,57,
15,44209746,14,2,
15,44209833,139,143,
15,44209910,24,0,
15,44209986,82,128,
15,44210016,8,1,
15,44210082,22,2,
15,44210339,24,5,
15,44210390,47,13,
15,44210441,82,2,
15,44210502,41,3,
15,44210582,22,4,
15,44210606,1552,270,
15,44210614,89,39,
15,44210616,4,0,
15,44210620,7,0,
15,44210689,459,305,
15,44210736,463,207,
15,44210794,24,13,
15,44210938,66,5,
15,44211052,7,1,
15,44211130,89,202,
15,44211273,472,221,
15,44211411,12,2,
15,44211417,324,92,
15,44211418,6,0,
15,44211434,21,19,
15,44211461,12,2,
15,44211612,183,108,
15,44211681,19,2,
15,44211779,149,50,
15,44211828,5,0,
15,44211865,9,0,
15,44211928,11,0,
15,44212026,8,0,
15,44212156,6,0,
15,44212344,5,0,
15,44212413,60,45,
15,44212441,434,118,
15,44212446,424,53,
15,44212449,48,19,
15,44212650,81,25,
15,44212676,17,1,
15,44212690,6,2,
15,44212845,202,267,
15,44212855,122,11,
15,44213208,10,0,
15,44213306,7,0,
15,44213313,23,0,
15,44213479,16,1,
15,44213590,82,14,
15,44213878,97,46,
15,44213963,8,0,
15,44214088,7,1,
15,44214243,16,13,
15,44214303,68,14,
15,44214308,34,7,
15,44214311,204,54,
15,44214386,59,22,
15,44214481,123,79,
15,44214493,20,10,
15,44214522,221,176,
15,44214835,149,75,
15,44214926,111,23,
15,44214960,68,3,
15,44215117,76,33,
15,44215131,75,47,
15,44215197,129,163,28
15,44215352,874,218,
15,44215559,8,0,
15,44215603,187,39,24
15,44215667,258,160,
15,44215726,80,44,
15,44216072,9,1,
15,44216123,219,77,
15,44216436,3,0,
15,44216630,97,25,
15,44216664,8,1,
15,44216730,5,1,
15,44217280,4,0,
15,44217322,50,16,
15,44217461,10,3,
15,44217510,10,2,
15,44217631,10,0,
15,44217693,45,7,
15,44217757,117,33,27
15,44217876,204,160,13
15,44217904,30,20,
15,44217936,9,0,
15,44217940,12,8,
15,44217999,43,10,
15,44218381,5,0,
15,44218543,9,0,
15,44218618,24,1,
15,44218787,8,1,
15,44219012,33,12,
15,44219029,39,16,
15,44219171,20,10,
15,44219195,12,17,
15,44219270,103,217,
15,44219279,167,199,15
15,44219357,168,38,12
15,44219405,298,118,8
15,44219519,384,204,
15,44219563,26,4,
15,44219660,36,12,
15,44219692,21,4,
15,44219755,137,63,
15,44219857,264,139,
15,44219871,31,4,
15,44219898,4,13,
15,44220110,37,121,
15,44220135,188,176,19
15,44220179,158,79,10
15,44220287,64,16,18
15,44220325,12,1,
15,44220571,7,0,
15,44220583,61,12,26
15,44220699,6,1,
15,44220860,347,79,14
15,44220956,8,0,
15,44221430,84,68,
15,44221450,446,258,
15,44221489,153,46,
15,44221509,8,2,
15,44221564,7,3,
15,44221695,75,53,
15,44221706,15,2,
15,44221826,9,0,
15,44221900,44,44,
15,44221907,11,0,
15,44222022,20,1,
15,44222119,256,40,5
15,44222140,11,1,
15,44222227,9,1,
15,44222277,15,2,
15,44222299,26,4,19
15,44222556,12,0,
15,44222584,11,0,
15,44222702,12,0,
15,44222768,3,0,
15,44222809,19,0,
15,44222836,25,24,
15,44222885,84,63,11
15,44222896,128,94,
15,44223212,18,30,8
15,44223283,104,39,
15,44223393,6,1,
15,44223448,174,169,7
15,44223517,9,1,
15,44223603,9,0,
15,44223679,4,0,
15,44223754,5,1,
15,44223767,15,0,
15,44223853,80,122,30
15,44223886,4,1,
15,44224170,6,0,
15,44224508,13,1,13
15,44224684,184,46,4
15,44224727,6,1,
15,44224745,39,15,8
15,44224830,5,1,
15,44224874,22,1,6
15,44224877,4,0,
15,44224915,30,7,2
15,44224992,27,4,1
15,44224996,27,2,1
15,44225041,9,2,
15,44225156,6,1,
15,44225160,6,0,
15,44225225,5,0,
15,44225288,7,0,
15,44225324,9,1,4
15,44225352,5,0,
15,44225543,8,3,
15,44225658,3,0,
16,44155426,53,13,
16,44155635,73,15,
16,44155741,61,38,
16,44155746,663,252,
16,44155761,87,123,
16,44156935,844,355,
16,44157077,104,28,
16,44157177,508,219,
16,44157378,114,136,
16,44157406,151,47,
16,44158353,408,99,
16,44158720,53,14,
16,44159166,880,518,
16,44159337,27,14,
16,44159525,126,399,
16,44159528,369,482,
16,44159758,264,72,
16,44159798,44,1,
16,44160012,149,149,
16,44160073,148,76,
16,44160358,58,27,
16,44161102,30,18,
16,44161607,148,65,
16,44161894,125,31,
16,44162327,172,223,
16,44162363,292,68,
16,44162814,165,55,
16,44163063,2338,2817,
16,44163428,281,64,
16,44163496,110,63,
16,44163618,61,20,
16,44163877,86,9,
16,44166102,277,312,
16,44166155,166,87,
16,44167049,95,23,
16,44167592,662,273,
16,44168184,199,67,
16,44168201,67,43,
16,44168256,96,133,
16,44168265,88,46,
16,44168810,25,13,
16,44169115,532,337,
16,44169132,170,94,
16,44169413,174,140,
16,44170694,97,20,
16,44170719,23,0,
16,44170968,157,69,
16,44171363,57,1,
16,44171677,409,577,
16,44172166,240,228,
16,44172340,29,9,
16,44172428,88,71,
16,44172659,128,48,
16,44173193,62,23,
16,44173377,80,131,
16,44173581,94,93,
16,44173667,54,16,
16,44173853,99,42,
16,44174036,38,33,
16,44174190,205,38,
16,44174540,85,29,
16,44174856,192,96,
16,44174965,597,157,
16,44175077,21,5,
16,44175356,115,48,
16,44175510,85,2,
16,44175557,142,54,
16,44175579,56,70,
16,44175773,308,223,
16,44175905,274,149,
16,44176172,18,2,
16,44176425,198,121,
16,44176510,287,182,
16,44176514,289,146,
16,44176636,43,26,
16,44176729,107,17,
16,44176737,373,152,
16,44176825,262,130,
16,44176829,626,214,
16,44176919,108,38,
16,44177446,214,236,
16,44177964,45,18,
16,44178024,57,129,
16,44178445,63,9,
16,44178468,315,180,
16,44178674,32,0,
16,44178902,358,154,
16,44179257,607,151,
16,44179475,12,0,
16,44179691,123,71,
16,44180533,1517,928,
16,44180760,32,16,
16,44180954,136,13,
16,44181237,28,14,
16,44181305,49,4,
16,44181421,433,169,
16,44181613,183,194,
16,44181700,250,35,
16,44181781,20,3,
16,44182184,183,39,
16,44182186,870,197,
16,44182188,454,169,
16,44182206,186,86,
16,44182356,733,317,
16,44182582,247,162,
16,44182698,155,34,
16,44182941,33,10,
16,44183299,190,31,30
16,44183515,202,102,
16,44183591,356,93,
16,44183799,671,377,
16,44183923,280,264,
16,44184542,172,149,
16,44184849,89,13,
16,44184900,352,327,
16,44184974,62,15,
16,44185003,57,2,
16,44185078,136,215,
16,44185158,36,6,
16,44185256,607,462,
16,44185651,11,2,
16,44185836,134,64,
16,44185845,50,46,
16,44185856,53,14,
16,44185913,1113,932,
16,44186008,114,92,29
16,44186283,33,5,
16,44186459,64,10,
16,44186496,252,132,
16,44186536,246,52,
16,44186607,54,23,
16,44186660,140,34,
16,44186736,79,31,
16,44186780,506,430,
16,44187338,33,13,
16,44187457,20,4,
16,44187645,206,70,
16,44187765,128,143,23
16,44188068,78,42,
16,44188120,91,44,
16,44188178,180,87,
16,44188204,125,80,
16,44188214,204,130,24
16,44188248,118,46,
16,44188373,209,68,15
16,44188562,39,14,
16,44188839,227,117,
16,44189088,66,2,28
16,44189329,484,185,
16,44189391,73,20,
16,44189426,123,25,
16,44189741,102,13,
16,44189920,9,5,
16,44189962,9,5,
16,44189966,101,22,
16,44191558,345,202,
16,44191591,225,204,
16,44191620,568,182,
16,44191985,9,1,
16,44192883,18,6,13
16,44192955,74,68,
16,44192995,224,110,
16,44193118,28,2,
16,44193120,147,70,
16,44193195,17,9,
16,44193225,97,63,
16,44193328,345,228,
16,44193390,183,198,
16,44193930,13,5,
16,44193933,78,17,
16,44193965,63,19,
16,44194082,239,76,
16,44194120,104,52,
16,44194431,16,5,
16,44194468,139,24,
16,44194469,57,42,
16,44194521,282,160,
16,44194700,22,5,
16,44194859,115,15,
16,44194871,82,17,
16,44195354,86,52,
16,44195557,4,0,
16,44195931,136,67,
16,44195961,217,24,
16,44196211,16,7,
16,44196393,148,35,
16,44196410,56,25,
16,44196417,155,91,
16,44196433,128,58,
16,44196576,295,218,
16,44196589,70,27,
16,44196807,111,106,
16,44196850,280,317,
16,44196854,7,0,
16,44196945,156,52,
16,44197112,83,41,
16,44197347,155,95,
16,44197493,16,10,
16,44197806,33,4,
16,44197932,1609,749,
16,44197961,88,73,
16,44198394,8,1,
16,44198503,46,33,
16,44198583,75,77,
16,44198645,3,0,
16,44198817,3,1,
16,44198829,13,0,
16,44198901,36,30,
16,44199005,87,121,
16,44199123,17,4,
16,44199132,18,0,
16,44199299,190,30,
16,44199437,51,28,
16,44199495,71,38,
16,44199592,238,86,
16,44199597,110,57,
16,44199649,168,203,
16,44199658,43,15,
16,44199666,4,1,
16,44199699,98,84,
16,44199770,58,33,
16,44199840,24,11,
16,44200101,36,7,
16,44200585,23,0,
16,44200773,253,196,
16,44200797,117,45,
16,44200850,42,21,
16,44200866,245,51,
16,44200870,149,80,
16,44200895,281,50,
16,44201072,165,136,
16,44201143,3,0,
16,44201267,3,0,
16,44201519,16,6,
16,44201527,133,8,
16,44201583,155,46,
16,44201736,109,279,
16,44201748,70,12,
16,44201762,170,109,
16,44201812,224,92,
16,44201857,114,97,
16,44201872,529,224,
16,44201901,282,114,
16,44201975,577,241,
16,44202110,107,40,
16,44202355,5,1,
16,44202519,70,132,
16,44202664,214,35,
16,44202759,9,1,
16,44203003,92,69,
16,44203095,11,0,
16,44203144,10,0,
16,44203250,3,0,
16,44203444,69,65,
16,44203494,216,130,
16,44203522,6,0,
16,44203562,430,257,
16,44203628,31,3,
16,44203732,115,34,
16,44203763,28,19,
16,44203870,24,20,
16,44204155,125,62,
16,44204181,159,114,
16,44204224,376,123,
16,44204277,156,86,
16,44204442,9,0,
16,44204603,146,138,
16,44204626,42,5,
16,44204637,73,17,
16,44204670,36,4,
16,44204720,5,0,
16,44204767,134,81,
16,44204878,127,58,
16,44204916,28,0,
16,44204938,5,1,
16,44205060,164,120,
16,44205282,434,276,
16,44205317,19,2,
16,44205319,7,0,
16,44205340,11,0,
16,44205372,7,3,
16,44205424,24,0,
16,44205547,15,0,
16,44205590,455,194,
16,44205599,135,92,
16,44205602,7,1,
16,44205620,11,0,
16,44205694,22,31,
16,44205697,290,275,
16,44205718,110,82,
16,44205719,13,20,
16,44205789,9,0,
16,44205790,5,0,
16,44205895,59,17,
16,44205952,10,0,
16,44206150,8,1,13
16,44206159,14,0,
16,44206238,18,0,
16,44206493,6,0,
16,44206553,190,46,
16,44206609,19,3,
16,44206745,11,1,
16,44207063,145,32,
16,44207095,420,169,
16,44207100,9,1,
16,44207144,57,57,
16,44207152,13,17,
16,44207249,34,31,
16,44207503,210,44,
16,44207665,10,0,
16,44207922,9,0,
16,44208050,152,158,
16,44208058,9,0,
16,44208060,305,200,
16,44208134,8,0,
16,44208161,37,2,
16,44208246,16,22,
16,44208283,198,59,
16,44208750,4,0,
16,44208886,13,0,
16,44208960,15,1,
16,44208963,54,66,
16,44208968,274,129,
16,44209269,12,0,
16,44209320,8,2,
16,44209415,12,0,
16,44209497,231,117,
16,44209515,309,714,
16,44209665,112,57,
16,44209746,15,2,
16,44209833,139,143,
16,44209910,24,0,
16,44209986,82,128,
16,44210339,24,5,
16,44210390,48,13,
16,44210441,83,2,
16,44210502,41,3,
16,44210582,22,4,
16,44210606,1555,270,
16,44210614,89,39,
16,44210620,8,0,
16,44210689,460,307,
16,44210736,466,208,
16,44210794,26,13,
16,44210938,66,5,
16,44211052,7,1,
16,44211130,90,202,
16,44211273,475,223,
16,44211411,12,2,
16,44211417,326,92,
16,44211418,6,0,
16,44211434,22,19,
16,44211461,12,2,
16,44211612,183,108,
16,44211681,19,2,
16,44211779,149,50,
16,44211828,6,0,
16,44211865,9,0,
16,44211928,11,0,
16,44212026,8,0,
16,44212156,6,0,
16,44212344,5,0,
16,44212413,61,45,
16,44212441,436,118,
16,44212446,426,53,
16,44212449,48,19,
16,44212586,6,1,
16,44212650,82,25,
16,44212676,17,1,
16,44212690,6,2,
16,44212845,202,270,
16,44212855,123,11,
16,44213208,10,0,
16,44213306,8,0,
16,44213313,23,0,
16,44213479,17,1,
16,44213590,82,14,
16,44213878,98,46,
16,44213963,9,0,
16,44214088,7,1,
16,44214243,16,13,
16,44214303,69,15,
16,44214308,35,7,
16,44214311,206,54,
16,44214386,60,23,
16,44214481,124,80,
16,44214493,21,10,
16,44214522,223,176,
16,44214835,151,75,
16,44214926,111,23,
16,44214960,69,3,
16,44215117,76,33,
16,44215131,75,47,
16,44215197,133,168,
16,44215352,880,220,
16,44215559,11,0,
16,44215603,191,43,25
16,44215667,259,160,
16,44215726,83,44,
16,44216072,10,1,
16,44216123,221,77,
16,44216436,4,0,
16,44216630,98,26,
16,44216664,9,1,
16,44216730,6,1,
16,44217280,5,0,
16,44217322,51,17,
16,44217461,10,3,
16,44217510,11,3,
16,44217631,10,0,
16,44217693,45,7,
16,44217757,118,33,27
16,44217876,209,163,17
16,44217904,30,20,
16,44217936,10,0,
16,44217940,12,8,
16,44217999,44,10,
16,44218381,6,0,
16,44218543,10,0,
16,44218618,25,1,
16,44218787,9,1,
16,44219012,34,12,
16,44219029,40,17,
16,44219171,21,10,
16,44219195,14,19,
16,44219270,106,222,
16,44219279,184,218,19
16,44219357,176,44,14
16,44219405,306,121,10
16,44219519,396,217,
16,44219563,29,4,
16,44219660,38,13,
16,44219692,24,4,
16,44219755,139,63,
16,44219857,268,144,
16,44219871,32,4,
16,44219898,5,14,
16,44220110,41,128,
16,44220135,198,198,22
16,44220179,165,82,12
16,44220287,68,19,20
16,44220325,13,1,
16,44220571,8,0,
16,44220583,65,14,26
16,44220699,7,1,
16,44220860,357,99,18
16,44220956,9,0,
16,44221430,90,69,
16,44221450,460,264,
16,44221489,157,46,
16,44221509,9,2,
16,44221564,8,3,
16,44221695,76,55,
16,44221706,17,2,
16,44221826,15,0,
16,44221900,46,46,
16,44221907,18,3,
16,44222022,23,1,
16,44222119,276,42,9
16,44222140,12,1,
16,44222227,10,1,
16,44222277,18,3,
16,44222299,32,6,21
16,44222494,14,19,
16,44222556,29,0,
16,44222584,13,0,
16,44222702,13,0,
16,44222768,4,0,
16,44222809,27,1,
16,44222836,26,24,
16,44222885,107,94,26
16,44222896,132,96,
16,44223283,108,43,
16,44223393,8,1,
16,44223448,202,187,11
16,44223517,10,1,
16,44223603,11,0,
16,44223679,6,0,
16,44223754,6,1,
16,44223767,16,0,
16,44223853,90,129,
16,44223886,4,1,
16,44224170,7,0,
16,44224508,14,1,
16,44224684,238,71,6
16,44224727,8,1,
16,44224745,59,28,16
16,44224830,9,1,
16,44224874,42,2,4
16,44224877,4,0,
16,44224915,44,27,2
16,44224992,59,8,1
16,44224996,47,6,3
16,44225041,14,2,
16,44225156,9,1,
16,44225160,8,0,
16,44225225,6,0,
16,44225288,9,3,
16,44225324,17,1,6
16,44225352,57,40,5
16,44225380,4,0,
16,44225450,25,10,16
16,44225658,6,3,
16,44225729,6,1,
16,44225761,13,1,7
16,44225834,11,2,
16,44225922,10,0,10
16,44225930,20,3,2
16,44225953,13,17,12
16,44225988,3,0,26
16,44225998,3,1,
16,44226071,6,0,
16,44226096,4,0,
16,44226145,82,26,1
17,44155426,53,13,
17,44155635,73,15,
17,44155741,61,38,
17,44155746,663,252,
17,44155761,87,123,
17,44156935,845,355,
17,44157077,104,28,
17,44157177,508,219,
17,44157378,114,136,
17,44157406,151,47,
17,44158353,408,99,
17,44158720,53,14,
17,44159166,880,518,
17,44159337,27,14,
17,44159525,126,399,
17,44159528,369,483,
17,44159758,264,72,
17,44159798,44,1,
17,44160012,149,149,
17,44160073,148,76,
17,44160358,58,27,
17,44161102,30,18,
17,44161607,148,65,
17,44161894,125,31,
17,44162327,172,223,
17,44162363,292,68,
17,44162814,165,55,
17,44163063,2339,2818,
17,44163428,281,64,
17,44163496,110,63,
17,44163618,61,20,
17,44163877,86,9,
17,44166102,277,312,
17,44166155,166,87,
17,44167049,95,23,
17,44167592,662,273,
17,44168184,199,67,
17,44168201,67,43,
17,44168256,96,133,
17,44168265,88,46,
17,44168810,25,13,
17,44169115,532,337,
17,44169132,170,94,
17,44169413,174,140,
17,44170694,97,20,
17,44170719,23,0,
17,44170968,157,69,
17,44171363,57,1,
17,44171677,409,577,
17,44172166,240,228,
17,44172340,29,9,
17,44172428,88,71,
17,44172659,128,48,
17,44173193,62,23,
17,44173377,80,131,
17,44173581,94,93,
17,44173667,54,16,
17,44173853,99,42,
17,44174036,38,33,
17,44174190,205,38,
17,44174856,192,96,
17,44174965,597,157,
17,44175077,21,5,
17,44175356,115,48,
17,44175510,85,2,
17,44175557,142,54,
17,44175579,56,70,
17,44175773,308,223,
17,44175905,274,149,
17,44176172,18,2,
17,44176425,198,121,
17,44176510,287,182,
17,44176514,289,146,
17,44176636,43,26,
17,44176729,107,17,
17,44176737,373,152,
17,44176825,262,130,
17,44176829,626,214,
17,44176919,108,38,
17,44177446,214,236,
17,44177964,45,18,
17,44178024,57,129,
17,44178445,63,9,
17,44178468,315,180,
17,44178674,32,0,
17,44178902,358,154,
17,44179257,607,151,
17,44179475,12,0,
17,44179691,123,71,
17,44179889,14,4,13
17,44180533,1519,928,
17,44180760,32,16,
17,44180954,136,13,
17,44181237,28,14,
17,44181305,49,4,
17,44181421,433,169,
17,44181613,183,194,
17,44181700,250,35,
17,44181781,20,3,
17,44182184,183,39,
17,44182186,870,197,
17,44182188,454,169,
17,44182206,186,86,
17,44182356,734,317,
17,44182582,247,162,
17,44182698,155,34,
17,44182941,33,10,
17,44183299,193,32,
17,44183515,202,102,
17,44183591,356,93,
17,44183799,672,377,
17,44184542,172,150,
17,44184849,89,13,
17,44184900,352,327,
17,44184974,62,15,
17,44185003,57,2,
17,44185078,136,215,
17,44185158,36,6,
17,44185256,608,462,
17,44185651,11,2,
17,44185836,134,64,
17,44185845,50,46,
17,44185856,53,14,
17,44185913,1113,933,
17,44186008,115,94,
17,44186283,33,5,
17,44186459,64,10,
17,44186496,252,132,
17,44186536,246,52,
17,44186607,54,23,
17,44186660,140,34,
17,44186736,79,31,
17,44186780,506,430,
17,44187338,33,13,
17,44187457,20,4,
17,44187645,206,70,
17,44187765,130,148,
17,44188068,78,42,
17,44188120,91,44,
17,44188178,184,88,
17,44188214,209,132,30
17,44188248,118,46,
17,44188373,217,72,20
17,44188562,39,14,
17,44188839,228,119,
17,44189088,66,2,
17,44189329,484,185,
17,44189391,75,20,
17,44189426,123,25,
17,44189741,102,13,
17,44189920,9,5,
17,44189962,9,5,
17,44189966,102,22,
17,44191558,345,202,
17,44191591,225,204,
17,44191620,568,182,
17,44191985,9,1,
17,44192883,27,8,15
17,44192955,74,68,
17,44192995,224,110,
17,44193118,28,2,
17,44193120,147,70,
17,44193195,17,9,
17,44193225,97,63,
17,44193328,345,228,
17,44193390,183,198,
17,44193930,13,5,
17,44193933,78,17,
17,44193965,63,19,
17,44194082,239,76,
17,44194120,104,52,
17,44194431,16,5,
17,44194468,139,24,
17,44194469,57,42,
17,44194521,282,160,
17,44194700,22,5,
17,44194859,115,15,
17,44194871,82,17,
17,44195354,86,52,
17,44195557,4,0,
17,44195931,136,67,
17,44195961,217,24,
17,44196211,16,7,
17,44196393,148,35,
17,44196410,56,25,
17,44196417,155,91,
17,44196433,128,58,
17,44196542,3,0,17
17,44196576,296,218,
17,44196589,70,27,
17,44196807,111,106,
17,44196850,280,317,
17,44196854,7,0,
17,44196945,156,52,
17,44197112,83,41,
17,44197347,156,95,
17,44197493,16,10,
17,44197932,1609,750,
17,44197961,88,73,
17,44198503,46,33,
17,44198583,75,77,
17,44198829,13,0,
17,44198901,36,30,
17,44199005,87,121,
17,44199123,17,4,
17,44199132,18,0,
17,44199299,190,30,
17,44199437,51,28,
17,44199495,71,38,
17,44199592,238,86,
17,44199597,110,57,
17,44199649,168,203,
17,44199658,43,15,
17,44199666,4,1,
17,44199699,98,84,
17,44199770,58,33,
17,44199840,24,11,
17,44200101,36,7,
17,44200585,23,0,
17,44200773,253,196,
17,44200797,118,45,
17,44200850,42,21,
17,44200866,245,51,
17,44200870,149,80,
17,44200895,281,50,
17,44201072,165,137,
17,44201143,3,0,
17,44201267,3,0,
17,44201519,16,6,
17,44201527,133,8,
17,44201583,155,46,
17,44201736,109,279,
17,44201748,70,12,
17,44201762,170,109,
17,44201812,224,92,
17,44201857,114,97,
17,44201872,529,224,
17,44201901,282,114,
17,44201975,577,242,
17,44202110,107,40,
17,44202355,5,1,
17,44202519,70,132,
17,44202664,214,35,
17,44202759,9,1,
17,44203003,92,69,
17,44203095,11,0,
17,44203144,10,0,
17,44203250,3,0,
17,44203494,216,130,
17,44203522,6,0,
17,44203562,432,257,
17,44203628,31,3,
17,44203732,115,34,
17,44203763,28,19,
17,44203870,24,20,
17,44204155,125,62,
17,44204181,159,114,
17,44204224,376,123,
17,44204277,156,86,
17,44204442,9,0,
17,44204603,146,138,
17,44204626,42,5,
17,44204637,73,17,
17,44204670,36,4,
17,44204720,5,0,
17,44204767,134,81,
17,44204878,127,58,
17,44204916,28,0,
17,44204938,5,1,
17,44205060,164,120,
17,44205282,434,277,
17,44205317,19,2,
17,44205319,7,0,
17,44205340,11,0,
17,44205372,7,3,
17,44205424,24,0,
17,44205547,15,0,
17,44205590,455,194,
17,44205599,135,92,
17,44205602,7,1,
17,44205620,11,0,
17,44205694,22,32,
17,44205697,290,275,
17,44205718,110,82,
17,44205719,13,20,
17,44205789,9,0,
17,44205790,5,0,
17,44205895,59,17,
17,44205952,10,0,
17,44206150,25,4,11
17,44206159,14,0,
17,44206238,18,0,
17,44206493,6,0,
17,44206553,190,46,
17,44206609,19,3,
17,44206745,11,1,
17,44207063,145,32,
17,44207095,421,169,
17,44207100,9,1,
17,44207144,57,57,
17,44207152,13,17,
17,44207249,34,31,
17,44207503,210,44,
17,44207665,10,0,
17,44207922,9,0,
17,44208050,152,158,
17,44208058,9,0,
17,44208060,305,200,
17,44208134,9,0,
17,44208161,37,2,
17,44208246,16,22,
17,44208283,198,59,
17,44208750,4,0,
17,44208886,13,0,
17,44208960,15,1,
17,44208963,54,66,
17,44208968,274,129,
17,44209269,12,0,
17,44209320,8,2,
17,44209415,12,0,
17,44209497,231,117,
17,44209515,309,718,
17,44209665,112,57,
17,44209746,15,2,
17,44209833,139,143,
17,44209910,24,0,
17,44209986,82,128,
17,44210339,24,5,
17,44210390,48,13,
17,44210441,83,2,
17,44210502,41,3,
17,44210582,22,4,
17,44210606,1556,270,
17,44210614,89,39,
17,44210620,8,0,
17,44210689,460,307,
17,44210736,469,208,
17,44210794,26,13,
17,44210938,67,5,
17,44211052,7,1,
17,44211130,90,205,
17,44211273,475,227,
17,44211411,12,2,
17,44211417,327,92,
17,44211418,6,0,
17,44211434,22,19,
17,44211461,12,2,
17,44211612,183,108,
17,44211681,19,2,
17,44211779,149,50,
17,44211828,6,0,
17,44211865,9,0,
17,44211928,11,0,
17,44212026,8,0,
17,44212156,6,0,
17,44212413,61,45,
17,44212441,437,118,
17,44212446,426,53,
17,44212449,48,19,
17,44212586,6,1,
17,44212650,82,25,
17,44212676,17,1,
17,44212845,204,270,
17,44212855,123,11,
17,44213208,10,0,
17,44213306,8,0,
17,44213313,23,0,
17,44213479,17,1,
17,44213590,82,14,
17,44213878,98,46,
17,44213963,9,0,
17,44214088,7,1,
17,44214243,16,13,
17,44214303,69,15,
17,44214308,35,7,
17,44214311,207,54,
17,44214386,60,23,
17,44214481,124,80,
17,44214493,21,10,
17,44214522,224,177,
17,44214835,151,75,
17,44214926,111,23,
17,44214960,69,3,
17,44215117,76,33,
17,44215131,75,48,
17,44215197,135,169,
17,44215352,882,223,
17,44215559,11,0,
17,44215603,192,43,
17,44215667,259,160,
17,44215726,84,44,
17,44216072,10,1,
17,44216123,224,78,
17,44216436,4,0,
17,44216630,99,27,
17,44216664,9,1,
17,44216730,6,1,
17,44217280,5,0,
17,44217322,53,18,
17,44217461,10,3,
17,44217510,12,3,
17,44217693,45,7,
17,44217757,119,33,
17,44217876,211,168,22
17,44217904,30,20,
17,44217936,10,0,
17,44217940,12,8,
17,44217999,44,10,
17,44218381,6,0,
17,44218543,10,0,
17,44218618,25,1,
17,44218787,9,1,
17,44219012,34,12,
17,44219029,40,17,
17,44219171,21,10,
17,44219195,14,19,
17,44219270,107,227,
17,44219279,201,233,21
17,44219357,180,45,23
17,44219405,310,122,15
17,44219519,402,224,
17,44219563,30,4,
17,44219660,41,13,
17,44219692,24,5,
17,44219755,143,65,
17,44219857,270,145,
17,44219871,32,4,
17,44219898,5,14,
17,44220110,41,135,
17,44220135,207,217,29
17,44220179,170,86,16
17,44220287,70,19,28
17,44220325,13,1,
17,44220571,8,0,
17,44220583,67,14,
17,44220699,7,1,
17,44220860,360,111,25
17,44220956,9,0,
17,44221430,91,69,
17,44221450,473,271,
17,44221489,160,46,
17,44221509,9,3,
17,44221564,8,3,
17,44221695,76,55,
17,44221706,17,2,
17,44221826,20,0,
17,44221900,47,46,
17,44221907,20,4,
17,44222022,28,2,
17,44222119,290,44,12
17,44222140,12,1,
17,44222227,10,1,
17,44222277,18,3,
17,44222299,42,6,25
17,44222494,14,21,
17,44222556,30,0,
17,44222584,13,0,
17,44222702,13,0,
17,44222768,4,0,
17,44222809,29,2,
17,44222885,125,116,27
17,44222896,135,97,
17,44223283,111,45,
17,44223393,9,1,
17,44223448,220,206,17
17,44223517,10,1,
17,44223603,11,0,
17,44223679,6,0,
17,44223754,6,3,
17,44223767,19,0,
17,44223853,94,132,
17,44224170,7,0,
17,44224508,15,1,
17,44224684,274,91,8
17,44224727,9,1,
17,44224745,74,40,20
17,44224754,6,0,
17,44224830,9,2,
17,44224874,56,3,6
17,44224915,56,40,4
17,44224992,76,11,3
17,44224996,57,9,5
17,44225041,16,4,
17,44225156,11,1,
17,44225160,8,0,
17,44225225,6,0,
17,44225288,10,5,
17,44225324,23,3,10
17,44225352,66,46,
17,44225380,4,0,
17,44225419,5,0,
17,44225450,47,30,14
17,44225658,6,5,
17,44225729,7,2,
17,44225761,22,2,7
17,44225834,16,2,
17,44225847,4,0,
17,44225922,17,0,8
17,44225930,41,15,2
17,44225953,27,30,13
17,44225988,37,3,17
17,44225998,3,4,
17,44226096,6,0,
17,44226145,348,143,1
17,44226612,6,5,
17,44226634,3,0,
17,44226779,7,1,21
17,44226978,14,2,
18,44155426,53,13,
18,44155635,73,15,
18,44155741,61,38,
18,44155746,664,252,
18,44155761,87,123,
18,44156935,845,355,
18,44157077,104,28,
18,44157177,508,219,
18,44157378,114,136,
18,44157406,151,47,
18,44158353,408,99,
18,44158720,53,14,
18,44159166,880,518,
18,44159337,27,14,
18,44159525,126,400,
18,44159528,369,486,
18,44159758,264,72,
18,44159798,44,1,
18,44160012,149,149,
18,44160073,148,76,
18,44160358,58,27,
18,44161102,30,18,
18,44161607,149,65,
18,44161894,125,31,
18,44162363,292,69,
18,44162814,165,55,
18,44163063,2340,2818,
18,44163428,281,64,
18,44163496,110,63,
18,44163618,61,20,
18,44163877,86,9,
18,44166102,277,312,
18,44166155,166,87,
18,44167049,95,23,
18,44167592,662,273,
18,44168184,199,67,
18,44168201,67,43,
18,44168256,96,133,
18,44168265,88,46,
18,44168810,25,13,
18,44169115,534,337,
18,44169132,170,94,
18,44169413,174,140,
18,44170694,97,20,
18,44170719,23,0,
18,44170968,157,69,
18,44171363,57,1,
18,44171677,411,577,
18,44172166,240,228,
18,44172340,29,9,
18,44172428,88,71,
18,44172659,128,48,
18,44173193,62,23,
18,44173377,80,131,
18,44173581,94,93,
18,44173667,54,16,
18,44173853,99,42,
18,44174036,38,33,
18,44174190,205,38,
18,44174856,192,96,
18,44174965,597,157,
18,44175077,21,5,
18,44175356,115,48,
18,44175557,142,54,
18,44175579,56,70,
18,44175773,308,223,
18,44175905,274,149,
18,44176172,18,2,
18,44176425,198,121,
18,44176510,287,182,
18,44176514,289,146,
18,44176636,43,26,
18,44176729,107,17,
18,44176737,373,152,
18,44176825,262,130,
18,44176829,626,214,
18,44176919,109,38,
18,44177446,214,236,
18,44177964,45,18,
18,44178024,57,129,
18,44178445,63,9,
18,44178468,315,180,
18,44178674,32,0,
18,44178902,359,154,
18,44179257,607,151,
18,44179475,12,0,
18,44179691,123,71,
18,44179889,45,38,6
18,44180533,1523,928,
18,44180760,32,16,
18,44180954,136,13,
18,44181237,28,14,
18,44181305,49,4,
18,44181421,433,169,
18,44181613,183,194,
18,44181700,250,35,
18,44182184,183,39,
18,44182186,870,197,
18,44182188,455,169,
18,44182206,186,86,
18,44182356,734,317,
18,44182582,247,162,
18,44182698,155,34,
18,44182941,33,10,
18,44183299,195,33,
18,44183515,202,102,
18,44183591,357,93,
18,44183799,672,377,
18,44184542,172,150,
18,44184849,89,13,
18,44184900,352,327,
18,44184974,62,15,
18,44185003,57,2,
18,44185078,136,215,
18,44185158,36,6,
18,44185256,608,462,
18,44185651,11,2,
18,44185836,134,64,
18,44185845,50,46,
18,44185856,53,14,
18,44185913,1113,933,
18,44186008,115,98,
18,44186283,33,5,
18,44186459,64,10,
18,44186496,252,132,
18,44186536,246,52,
18,44186607,54,23,
18,44186660,140,34,
18,44186736,79,32,
18,44186780,506,430,
18,44187338,33,13,
18,44187457,20,4,
18,44187645,206,70,
18,44187765,133,155,
18,44188120,92,44,
18,44188178,185,88,
18,44188214,210,134,
18,44188248,118,46,
18,44188373,229,73,24
18,44188562,39,14,
18,44188839,229,119,
18,44189088,66,2,
18,44189329,484,185,
18,44189391,76,21,
18,44189426,124,25,
18,44189741,102,13,
18,44189920,9,5,
18,44189962,9,5,
18,44189966,102,22,
18,44191558,345,202,
18,44191591,225,204,
18,44191620,568,182,
18,44191985,9,1,
18,44192883,31,11,19
18,44192955,74,68,
18,44192995,224,110,
18,44193118,28,2,
18,44193120,147,70,
18,44193195,17,9,
18,44193225,97,63,
18,44193328,345,228,
18,44193390,183,198,
18,44193930,13,5,
18,44193933,78,17,
18,44193965,63,19,
18,44194082,239,76,
18,44194120,104,52,
18,44194431,16,5,
18,44194468,139,24,
18,44194469,57,42,
18,44194521,282,160,
18,44194700,22,5,
18,44194859,115,15,
18,44194871,82,17,
18,44195354,86,52,
18,44195557,4,0,
18,44195931,136,67,
18,44195961,217,24,
18,44196211,16,7,
18,44196393,148,35,
18,44196410,56,25,
18,44196417,155,91,
18,44196433,128,58,
18,44196542,9,3,19
18,44196576,296,218,
18,44196589,70,27,
18,44196850,280,317,
18,44196854,7,0,
18,44196945,156,52,
18,44197112,83,41,
18,44197347,158,95,
18,44197493,16,10,
18,44197932,1610,750,
18,44197961,88,73,
18,44198503,47,33,
18,44198583,75,77,
18,44198829,13,0,
18,44198901,36,30,
18,44199005,87,121,
18,44199123,17,4,
18,44199132,18,0,
18,44199299,190,30,
18,44199437,51,28,
18,44199495,71,38,
18,44199592,238,86,
18,44199597,110,57,
18,44199649,168,203,
18,44199658,43,15,
18,44199666,4,1,
18,44199699,98,84,
18,44199770,58,33,
18,44199840,24,11,
18,44200101,36,7,
18,44200240,3,0,20
18,44200585,24,0,
18,44200773,253,196,
18,44200797,118,45,
18,44200850,42,21,
18,44200866,245,51,
18,44200870,149,80,
18,44200895,282,50,
18,44201072,165,137,
18,44201143,3,0,
18,44201267,3,0,
18,44201519,16,6,
18,44201527,133,8,
18,44201583,155,46,
18,44201736,110,279,
18,44201748,70,12,
18,44201762,170,109,
18,44201812,225,92,
18,44201857,114,97,
18,44201872,529,224,
18,44201901,282,114,
18,44201975,577,242,
18,44202110,108,40,
18,44202355,5,1,
18,44202519,70,132,
18,44202664,214,36,
18,44202759,9,1,
18,44203003,92,69,
18,44203095,11,0,
18,44203144,10,0,
18,44203250,3,0,
18,44203494,216,130,
18,44203522,6,0,
18,44203562,434,258,
18,44203628,31,3,
18,44203732,115,34,
18,44203763,28,19,
18,44203870,24,20,
18,44204155,125,62,
18,44204181,160,114,
18,44204224,376,123,
18,44204277,156,87,
18,44204442,9,0,
18,44204603,146,138,
18,44204626,42,5,
18,44204637,73,17,
18,44204670,36,4,
18,44204720,5,0,
18,44204767,134,81,
18,44204878,127,58,
18,44204916,28,0,
18,44204938,5,1,
18,44205060,164,122,
18,44205282,435,277,
18,44205317,19,2,
18,44205319,7,0,
18,44205340,11,0,
18,44205372,7,3,
18,44205424,24,0,
18,44205547,15,0,
18,44205590,456,194,
18,44205599,136,92,
18,44205602,7,1,
18,44205620,11,0,
18,44205694,23,32,
18,44205697,290,276,
18,44205718,110,82,
18,44205719,13,20,
18,44205789,9,0,
18,44205790,5,0,
18,44205895,59,17,
18,44205952,10,0,
18,44206150,35,7,13
18,44206159,14,0,
18,44206238,18,0,
18,44206493,6,0,
18,44206553,190,46,
18,44206609,19,3,
18,44206745,11,1,
18,44207063,145,32,
18,44207095,422,169,
18,44207100,9,1,
18,44207144,57,57,
18,44207152,13,17,
18,44207249,34,31,
18,44207503,210,44,
18,44207922,9,0,
18,44208050,153,158,
18,44208058,9,0,
18,44208060,305,200,
18,44208134,9,0,
18,44208161,37,2,
18,44208246,16,22,
18,44208283,198,59,
18,44208750,4,0,
18,44208960,15,1,
18,44208963,54,66,
18,44208968,274,130,
18,44209269,12,0,
18,44209320,8,2,
18,44209415,12,0,
18,44209497,231,117,
18,44209515,311,718,
18,44209665,113,58,
18,44209746,15,2,
18,44209833,140,143,
18,44209910,24,0,
18,44209986,82,128,
18,44210339,24,5,
18,44210390,48,13,
18,44210441,83,2,
18,44210502,41,3,
18,44210582,22,4,
18,44210606,1556,270,
18,44210614,89,39,
18,44210689,460,308,
18,44210736,471,209,
18,44210794,26,13,
18,44210938,68,5,
18,44211052,7,1,
18,44211130,90,205,
18,44211273,475,228,
18,44211411,12,2,
18,44211417,329,92,
18,44211418,6,0,
18,44211434,23,19,
18,44211461,12,2,
18,44211612,183,108,
18,44211681,19,2,
18,44211779,149,50,
18,44211828,6,0,
18,44211865,9,0,
18,44211928,11,0,
18,44212026,8,0,
18,44212156,7,0,
18,44212413,61,46,
18,44212441,438,119,
18,44212446,427,53,
18,44212449,48,20,
18,44212586,6,1,
18,44212650,82,25,
18,44212676,17,1,
18,44212845,204,270,
18,44212855,123,11,
18,44213208,10,1,
18,44213306,8,0,
18,44213313,23,0,
18,44213479,17,1,
18,44213590,82,14,
18,44213878,98,46,
18,44213963,9,0,
18,44214088,7,1,
18,44214243,16,13,
18,44214303,69,15,
18,44214308,35,7,
18,44214311,207,54,
18,44214386,60,23,
18,44214481,124,80,
18,44214493,21,10,
18,44214522,225,177,
18,44214835,152,75,
18,44214926,111,23,
18,44214960,69,3,
18,44215117,76,33,
18,44215131,76,48,
18,44215197,135,169,
18,44215352,888,223,
18,44215559,11,0,
18,44215603,192,43,
18,44215667,259,160,
18,44215726,84,44,
18,44216072,10,1,
18,44216123,225,78,
18,44216436,4,0,
18,44216630,99,27,
18,44216664,9,1,
18,44216730,6,1,
18,44217280,5,0,
18,44217322,55,18,
18,44217461,11,3,
18,44217510,14,3,
18,44217693,45,7,
18,44217757,119,33,
18,44217876,215,168,28
18,44217904,30,20,
18,44217936,10,0,
18,44217940,12,8,
18,44217999,44,10,
18,44218381,6,0,
18,44218543,10,0,
18,44218618,25,1,
18,44218787,9,1,
18,44219012,34,12,
18,44219029,40,17,
18,44219171,21,10,
18,44219195,14,21,
18,44219270,109,230,
18,44219279,215,249,26
18,44219357,183,47,27
18,44219405,313,126,21
18,44219519,404,224,
18,44219563,30,4,
18,44219660,42,13,
18,44219692,24,5,
18,44219755,143,65,
18,44219857,270,145,
18,44219871,32,4,
18,44219898,5,14,
18,44220110,43,137,
18,44220135,209,225,
18,44220179,173,92,23
18,44220287,74,19,
18,44220325,13,1,
18,44220571,8,0,
18,44220583,67,14,
18,44220699,7,1,
18,44220860,368,119,30
18,44220956,9,0,
18,44221430,92,70,
18,44221450,477,275,
18,44221489,161,46,
18,44221509,9,3,
18,44221564,8,3,
18,44221695,77,59,
18,44221706,18,2,
18,44221826,24,0,
18,44221900,47,46,
18,44221907,23,4,
18,44222022,29,2,
18,44222119,299,48,15
18,44222140,12,1,
18,44222227,10,2,
18,44222277,18,3,
18,44222299,53,8,25
18,44222494,17,22,
18,44222556,31,0,
18,44222584,13,0,
18,44222702,13,0,
18,44222768,4,0,
18,44222809,29,2,
18,44222885,140,148,
18,44222896,138,98,
18,44223283,112,48,
18,44223393,9,1,
18,44223448,233,219,16
18,44223517,10,1,
18,44223603,12,0,
18,44223754,7,3,
18,44223758,5,0,
18,44223767,19,0,
18,44223853,97,140,
18,44224170,7,0,
18,44224508,15,1,
18,44224684,306,116,7
18,44224727,10,1,
18,44224745,79,47,
18,44224754,8,0,
18,44224830,10,2,
18,44224874,71,7,7
18,44224915,65,52,5
18,44224992,90,11,4
18,44224996,68,12,8
18,44225041,16,4,
18,44225156,11,1,
18,44225160,8,0,
18,44225225,8,0,
18,44225288,10,5,
18,44225324,26,3,11
18,44225352,71,47,
18,44225380,4,0,
18,44225419,8,0,
18,44225450,59,42,18
18,44225658,7,5,
18,44225729,8,3,
18,44225761,28,2,10
18,44225847,4,1,
18,44225867,8,1,
18,44225922,22,0,12
18,44225930,64,20,3
18,44225953,36,42,17
18,44225988,67,25,24
18,44225998,3,4,
18,44226096,8,0,
18,44226145,579,250,1
18,44226608,7,1,
18,44226612,77,96,8
18,44226634,7,0,
18,44226779,23,7,20
18,44226879,31,4,3
18,44226967,9,2,
18,44226973,5,1,
18,44226978,117,60,2
18,44227137,7,7,
18,44227194,4,0,
18,44227207,13,3,9
18,44227331,5,0,
18,44227689,8,2,5
18,44227820,5,0,
19,44155426,53,13,
19,44155635,73,15,
19,44155741,61,38,
19,44155746,664,252,
19,44155761,87,123,
19,44156935,845,355,
19,44157077,104,28,
19,44157177,508,219,
19,44157378,114,136,
19,44157406,151,47,
19,44158353,408,99,
19,44158720,53,14,
19,44159166,880,518,
19,44159337,27,14,
19,44159525,126,400,
19,44159528,369,489,
19,44159758,264,72,
19,44159798,44,1,
19,44160012,149,149,
19,44160073,148,76,
19,44160358,58,27,
19,44161102,30,18,
19,44161607,149,65,
19,44161894,125,31,
19,44162363,292,69,
19,44162814,165,55,
19,44163063,2340,2818,
19,44163428,281,64,
19,44163496,110,63,
19,44163618,61,20,
19,44163877,86,9,
19,44166102,277,312,
19,44166155,166,87,
19,44167049,95,23,
19,44167592,662,273,
19,44168184,200,67,
19,44168201,67,43,
19,44168256,96,133,
19,44168265,88,46,
19,44168810,25,13,
19,44169115,534,337,
19,44169132,171,94,
19,44169413,174,140,
19,44170694,98,20,
19,44170719,23,0,
19,44170968,157,69,
19,44171363,57,1,
19,44171677,412,577,
19,44172166,240,228,
19,44172340,29,9,
19,44172428,88,71,
19,44172659,128,48,
19,44173193,62,23,
19,44173377,80,131,
19,44173581,94,93,
19,44173667,54,16,
19,44173853,99,42,
19,44174036,38,33,
19,44174190,205,38,
19,44174856,192,96,
19,44174965,597,157,
19,44175356,115,48,
19,44175557,142,54,
19,44175579,56,70,
19,44175773,308,223,
19,44175905,274,149,
19,44176172,18,2,
19,44176425,198,121,
19,44176510,288,182,
19,44176514,289,146,
19,44176636,43,26,
19,44176729,107,17,
19,44176737,373,152,
19,44176825,262,130,
19,44176829,626,214,
19,44176919,109,38,
19,44177446,214,236,
19,44177964,45,18,
19,44178024,57,129,
19,44178445,63,9,
19,44178468,315,180,
19,44178674,32,0,
19,44178902,359,154,
19,44179257,607,151,
19,44179475,12,0,
19,44179691,123,71,
19,44179889,57,51,17
19,44180533,1526,929,
19,44180760,32,16,
19,44180954,136,13,
19,44181237,28,14,
19,44181305,49,4,
19,44181421,433,169,
19,44181613,183,194,
19,44181700,250,35,
19,44182184,183,39,
19,44182186,870,197,
19,44182188,455,169,
19,44182206,186,86,
19,44182356,735,317,
19,44182582,247,162,
19,44182698,155,34,
19,44182941,33,10,
19,44183299,199,36,
19,44183515,202,102,
19,44183591,357,93,
19,44183799,673,377,
19,44184542,172,150,
19,44184849,89,13,
19,44184900,352,327,
19,44185078,136,215,
19,44185158,36,6,
19,44185256,608,466,
19,44185651,11,2,
19,44185836,134,64,
19,44185845,52,46,
19,44185856,54,14,
19,44185913,1114,933,
19,44186008,115,100,
19,44186283,33,5,
19,44186459,64,10,
19,44186496,252,132,
19,44186536,246,52,
19,44186607,54,23,
19,44186660,140,34,
19,44186736,79,32,
19,44186780,506,430,
19,44187338,33,13,
19,44187457,20,4,
19,44187645,206,70,
19,44187765,133,157,
19,44188120,92,44,
19,44188178,185,88,
19,44188214,211,135,
19,44188248,118,46,
19,44188373,239,76,27
19,44188562,39,14,
19,44188839,231,120,
19,44189088,67,2,
19,44189329,484,185,
19,44189391,77,22,
19,44189426,124,25,
19,44189741,102,13,
19,44189920,9,5,
19,44189962,9,5,
19,44189966,102,23,
19,44191558,345,202,
19,44191591,225,204,
19,44191620,568,182,
19,44191985,9,1,
19,44192883,33,12,22
19,44192955,74,68,
19,44192995,224,110,
19,44193118,28,2,
19,44193120,147,70,
19,44193195,17,9,
19,44193225,97,63,
19,44193328,345,228,
19,44193390,183,198,
19,44193908,7,0,
19,44193930,13,5,
19,44193933,78,17,
19,44193965,63,19,
19,44194082,239,76,
19,44194120,104,52,
19,44194431,17,5,
19,44194468,139,24,
19,44194469,57,42,
19,44194521,282,160,
19,44194700,22,5,
19,44194859,115,15,
19,44194871,82,17,
19,44195354,86,52,
19,44195931,136,67,
19,44195961,217,24,
19,44196211,16,7,
19,44196393,148,35,
19,44196410,56,25,
19,44196417,155,91,
19,44196433,128,58,
19,44196542,12,6,19
19,44196576,296,218,
19,44196589,70,27,
19,44196850,280,317,
19,44196854,7,0,
19,44196903,6,0,
19,44196945,156,52,
19,44197112,83,41,
19,44197347,160,96,
19,44197493,16,10,
19,44197932,1610,750,
19,44197961,88,73,
19,44198503,47,33,
19,44198583,75,77,
19,44198829,13,0,
19,44199005,87,121,
19,44199123,17,4,
19,44199132,18,0,
19,44199299,190,30,
19,44199437,51,28,
19,44199495,72,38,
19,44199592,238,86,
19,44199597,110,57,
19,44199649,168,203,
19,44199658,43,15,
19,44199699,99,84,
19,44199770,58,33,
19,44199840,24,11,
19,44200101,36,7,
19,44200240,17,1,14
19,44200585,24,0,
19,44200773,253,196,
19,44200797,118,45,
19,44200850,43,21,
19,44200866,245,51,
19,44200870,149,80,
19,44200895,282,50,
19,44201072,165,137,
19,44201143,5,0,19
19,44201267,3,0,
19,44201519,16,6,
19,44201527,133,8,
19,44201583,155,46,
19,44201736,110,280,
19,44201748,70,12,
19,44201762,170,109,
19,44201812,225,92,
19,44201857,114,97,
19,44201872,530,224,
19,44201901,282,117,
19,44201975,577,242,
19,44202110,108,40,
19,44202355,5,1,
19,44202519,70,132,
19,44202664,214,36,
19,44202759,9,1,
19,44203003,92,69,
19,44203095,11,0,
19,44203144,10,0,
19,44203250,3,0,
19,44203494,217,130,
19,44203522,6,0,
19,44203562,435,258,
19,44203628,31,3,
19,44203732,115,34,
19,44203763,28,19,
19,44203870,24,20,
19,44204155,125,62,
19,44204181,160,114,
19,44204224,376,123,
19,44204249,6,0,
19,44204277,156,87,
19,44204442,10,0,
19,44204603,146,138,
19,44204626,43,5,
19,44204637,73,17,
19,44204670,36,4,
19,44204720,5,0,
19,44204767,134,81,
19,44204878,127,58,
19,44204916,28,0,
19,44204938,5,1,
19,44205060,164,122,
19,44205282,435,277,
19,44205317,19,2,
19,44205319,8,0,
19,44205340,11,0,
19,44205372,7,3,
19,44205424,24,0,
19,44205547,15,0,
19,44205590,456,194,
19,44205599,137,92,
19,44205602,7,1,
19,44205620,12,0,
19,44205694,23,32,
19,44205697,290,277,
19,44205718,110,82,
19,44205719,13,20,
19,44205789,9,0,
19,44205790,5,0,
19,44205895,59,17,
19,44205952,10,0,
19,44206150,45,10,15
19,44206238,18,0,
19,44206493,6,0,
19,44206553,191,46,
19,44206609,19,3,
19,44206745,12,1,
19,44207063,146,32,
19,44207095,422,169,
19,44207100,9,1,
19,44207249,34,31,
19,44207503,210,44,
19,44208050,153,158,
19,44208060,305,200,
19,44208134,9,0,
19,44208161,37,2,
19,44208246,16,22,
19,44208283,198,59,
19,44208750,4,0,
19,44208963,54,66,
19,44208968,274,131,
19,44209269,12,0,
19,44209320,9,2,
19,44209415,12,0,
19,44209497,231,117,
19,44209515,312,720,
19,44209665,113,58,
19,44209746,15,2,
19,44209833,140,143,
19,44209910,24,0,
19,44209986,82,128,
19,44210339,24,5,
19,44210390,49,13,
19,44210441,83,2,
19,44210502,41,3,
19,44210582,22,4,
19,44210606,1558,272,
19,44210614,89,39,
19,44210689,462,308,
19,44210736,471,210,
19,44210794,26,13,
19,44210938,69,6,
19,44211052,8,1,
19,44211130,90,206,
19,44211273,476,230,
19,44211411,12,2,
19,44211417,329,93,
19,44211418,6,0,
19,44211434,23,19,
19,44211461,12,2,
19,44211612,183,108,
19,44211681,19,2,
19,44211779,149,50,
19,44211828,6,0,
19,44211865,9,0,
19,44211928,11,0,
19,44212026,8,0,
19,44212156,7,0,
19,44212413,61,46,
19,44212441,439,119,
19,44212446,427,53,
19,44212449,48,20,
19,44212586,6,1,
19,44212650,82,25,
19,44212676,18,1,
19,44212845,204,271,
19,44212855,123,11,
19,44213208,11,1,
19,44213306,8,0,
19,44213313,23,0,
19,44213479,17,1,
19,44213590,82,14,
19,44213878,98,46,
19,44213963,9,0,
19,44214088,7,1,
19,44214243,17,13,
19,44214303,69,15,
19,44214308,35,7,
19,44214311,207,54,
19,44214386,61,23,
19,44214481,124,81,
19,44214493,21,10,
19,44214522,226,178,
19,44214835,152,75,
19,44214926,111,23,
19,44214960,69,3,
19,44215117,77,33,
19,44215131,77,48,
19,44215197,135,180,
19,44215352,890,223,
19,44215559,12,0,
19,44215603,193,43,
19,44215667,260,160,
19,44215726,85,44,
19,44216072,11,1,
19,44216123,226,78,
19,44216436,5,0,
19,44216630,99,27,
19,44216664,10,1,
19,44216730,7,1,
19,44217280,5,0,
19,44217322,55,19,
19,44217461,11,3,
19,44217510,15,3,
19,44217693,46,7,
19,44217757,120,35,
19,44217876,218,171,29
19,44217904,30,21,
19,44217936,10,0,
19,44217940,12,8,
19,44217999,44,10,
19,44218381,6,0,
19,44218543,10,0,
19,44218618,25,1,
19,44218787,9,1,
19,44219012,34,12,
19,44219029,40,17,
19,44219171,21,10,
19,44219195,14,23,
19,44219270,110,234,
19,44219279,226,269,28
19,44219357,193,47,30
19,44219405,319,128,24
19,44219519,412,225,
19,44219563,31,4,
19,44219660,43,13,
19,44219692,25,5,
19,44219755,144,66,
19,44219857,271,149,
19,44219871,32,4,
19,44219898,6,14,
19,44220110,43,138,
19,44220135,214,229,
19,44220179,178,94,25
19,44220287,75,20,
19,44220325,13,1,
19,44220571,9,1,
19,44220583,67,14,
19,44220699,7,1,
19,44220860,375,123,
19,44220956,9,0,
19,44221430,92,70,
19,44221450,482,286,
19,44221489,161,46,
19,44221509,9,3,
19,44221564,8,3,
19,44221695,78,59,
19,44221706,18,2,
19,44221826,26,1,
19,44221907,23,5,
19,44222022,31,2,
19,44222119,307,49,16
19,44222140,12,1,
19,44222227,11,3,
19,44222277,18,3,
19,44222299,66,8,26
19,44222494,20,27,
19,44222556,32,0,
19,44222584,13,0,
19,44222702,13,0,
19,44222768,4,0,
19,44222809,29,2,
19,44222885,145,165,
19,44222896,139,99,
19,44223283,112,48,
19,44223393,9,1,
19,44223448,253,233,18
19,44223517,10,1,
19,44223603,12,0,
19,44223754,7,3,
19,44223758,6,0,
19,44223767,20,0,
19,44223853,100,147,
19,44224170,7,0,
19,44224508,15,1,
19,44224684,332,118,11
19,44224727,11,1,
19,44224745,83,49,
19,44224754,8,0,
19,44224830,11,2,
19,44224874,87,9,7
19,44224915,73,53,9
19,44224992,98,11,8
19,44224996,78,18,10
19,44225041,16,4,
19,44225156,11,1,
19,44225160,8,0,
19,44225225,8,0,
19,44225288,11,6,
19,44225324,27,3,14
19,44225352,75,50,
19,44225380,4,0,
19,44225419,9,0,
19,44225450,63,46,
19,44225658,7,6,
19,44225729,8,3,
19,44225761,38,2,12
19,44225847,4,1,
19,44225867,9,1,
19,44225922,24,2,13
19,44225930,71,23,5
19,44225953,37,44,
19,44225988,76,34,
19,44225998,3,4,
19,44226096,8,0,
19,44226145,785,322,1
19,44226434,4,3,
19,44226608,8,1,
19,44226612,172,256,5
19,44226634,10,0,
19,44226779,33,9,21
19,44226879,67,20,4
19,44226967,10,3,
19,44226973,9,2,
19,44226978,214,129,2
19,44227080,7,1,
19,44227137,8,7,
19,44227194,4,0,
19,44227207,29,7,7
19,44227689,52,22,3
19,44227820,7,2,
19,44227915,14,2,
19,44228311,5,2,
19,44228389,6,1,
19,44228460,10,1,
19,44228550,5,0,
20,44155426,53,13,
20,44155635,73,15,
20,44155741,61,38,
20,44155746,665,252,
20,44155761,87,123,
20,44156935,845,355,
20,44157077,104,28,
20,44157177,508,219,
20,44157378,114,136,
20,44157406,151,47,
20,44158353,408,99,
20,44158720,53,14,
20,44159166,881,518,
20,44159337,27,14,
20,44159525,126,400,
20,44159528,369,490,
20,44159758,264,72,
20,44159798,44,1,
20,44160012,149,149,
20,44160073,148,76,
20,44160358,58,27,
20,44161102,30,18,
20,44161607,149,65,
20,44162363,292,69,
20,44162814,165,55,
20,44163063,2341,2818,
20,44163428,282,64,
20,44163496,110,63,
20,44163618,61,20,
20,44163877,86,9,
20,44166102,277,312,
20,44166155,166,87,
20,44167049,95,23,
20,44167592,662,273,
20,44168184,200,68,
20,44168201,67,43,
20,44168256,96,133,
20,44168265,88,46,
20,44168810,25,13,
20,44169115,534,337,
20,44169132,171,94,
20,44169413,174,140,
20,44170694,98,20,
20,44170719,23,0,
20,44170968,157,69,
20,44171363,57,1,
20,44171677,412,577,
20,44172166,240,228,
20,44172340,29,9,
20,44172428,88,71,
20,44172659,128,48,
20,44173193,62,23,
20,44173377,80,131,
20,44173581,94,93,
20,44173667,54,16,
20,44173853,99,42,
20,44174036,38,33,
20,44174190,206,38,
20,44174856,192,96,
20,44174965,597,157,
20,44175356,115,48,
20,44175557,142,54,
20,44175579,56,70,
20,44175773,308,223,
20,44175905,274,149,
20,44176172,18,2,
20,44176425,198,121,
20,44176510,288,182,
20,44176514,289,146,
20,44176636,43,26,
20,44176737,373,152,
20,44176825,262,130,
20,44176829,626,214,
20,44176919,109,38,
20,44177446,214,236,
20,44177964,45,18,
20,44178024,57,129,
20,44178445,63,9,
20,44178468,315,180,
20,44178674,32,0,
20,44178902,359,154,
20,44179257,607,151,
20,44179691,123,71,
20,44179889,67,58,12
20,44180533,1530,930,
20,44180760,32,16,
20,44180954,136,13,
20,44181237,28,14,
20,44181305,49,4,
20,44181421,433,169,
20,44181613,183,194,
20,44181700,250,35,
20,44182184,183,39,
20,44182186,870,197,
20,44182188,455,169,
20,44182206,186,86,
20,44182356,735,317,
20,44182582,247,162,
20,44182698,155,34,
20,44182941,33,10,
20,44183299,203,37,
20,44183591,357,93,
20,44183799,673,377,
20,44184542,172,150,
20,44184849,89,13,
20,44184900,352,327,
20,44185078,136,215,
20,44185158,36,6,
20,44185256,608,466,
20,44185651,11,2,
20,44185836,134,64,
20,44185845,52,46,
20,44185856,54,14,
20,44185913,1114,933,
20,44186008,115,100,
20,44186283,33,5,
20,44186459,64,10,
20,44186496,253,132,
20,44186536,246,52,
20,44186607,54,23,
20,44186660,140,34,
20,44186736,79,32,
20,44186780,506,430,
20,44187338,33,13,
20,44187457,20,4,
20,44187645,206,70,
20,44187765,133,160,
20,44188120,92,44,
20,44188178,187,90,
20,44188214,214,136,
20,44188248,118,46,
20,44188373,245,77,29
20,44188562,39,14,
20,44188839,234,120,
20,44189088,69,2,
20,44189329,485,185,
20,44189391,79,22,
20,44189426,124,25,
20,44189741,102,13,
20,44189966,103,23,
20,44191558,345,202,
20,44191591,226,204,
20,44191620,568,182,
20,44191985,9,1,
20,44192883,38,15,24
20,44192955,74,68,
20,44192995,224,110,
20,44193118,28,2,
20,44193120,147,70,
20,44193195,17,9,
20,44193225,97,63,
20,44193328,345,228,
20,44193390,183,198,
20,44193908,7,0,
20,44193930,13,5,
20,44193933,78,17,
20,44193965,63,19,
20,44194082,239,76,
20,44194120,104,52,
20,44194431,17,5,
20,44194468,139,24,
20,44194469,57,42,
20,44194521,283,160,
20,44194700,22,5,
20,44194859,115,15,
20,44194871,82,17,
20,44195354,86,52,
20,44195768,8,0,18
20,44195931,136,67,
20,44195961,217,24,
20,44196211,16,7,
20,44196393,148,35,
20,44196417,155,91,
20,44196433,128,58,
20,44196542,18,9,22
20,44196576,296,220,
20,44196589,70,27,
20,44196850,280,317,
20,44196854,7,0,
20,44196903,6,0,
20,44196945,156,52,
20,44197112,83,41,
20,44197347,160,97,
20,44197493,16,10,
20,44197932,1610,750,
20,44197961,88,73,
20,44198503,47,33,
20,44198583,75,77,
20,44198829,13,0,
20,44199005,87,121,
20,44199123,17,4,
20,44199132,18,0,
20,44199299,190,30,
20,44199437,52,28,
20,44199495,72,38,
20,44199592,239,86,
20,44199597,110,57,
20,44199649,168,203,
20,44199658,43,15,
20,44199699,99,84,
20,44199770,59,33,
20,44199840,24,11,
20,44200101,36,7,
20,44200240,27,1,15
20,44200585,24,0,
20,44200773,253,196,
20,44200797,118,45,
20,44200850,43,21,
20,44200866,245,51,
20,44200870,150,80,
20,44200895,282,50,
20,44201072,165,137,
20,44201143,40,9,4
20,44201519,16,7,
20,44201527,133,8,
20,44201583,155,46,
20,44201736,110,280,
20,44201748,70,12,
20,44201762,171,109,
20,44201812,225,92,
20,44201857,114,97,
20,44201872,530,224,
20,44201901,282,117,
20,44201975,578,243,
20,44202110,108,40,
20,44202355,5,1,
20,44202519,70,132,
20,44202664,215,36,
20,44202759,9,1,
20,44203003,92,69,
20,44203095,11,0,
20,44203144,10,0,
20,44203250,3,0,
20,44203494,217,130,
20,44203522,6,0,
20,44203562,435,258,
20,44203628,31,3,
20,44203732,115,34,
20,44203763,28,19,
20,44203870,24,20,
20,44204155,125,62,
20,44204181,161,114,
20,44204224,376,123,
20,44204249,6,0,
20,44204277,156,87,
20,44204442,10,0,
20,44204603,146,138,
20,44204626,43,5,
20,44204637,73,17,
20,44204670,36,4,
20,44204720,5,0,
20,44204767,134,81,
20,44204878,127,58,
20,44204916,28,0,
20,44204938,5,1,
20,44205060,164,122,
20,44205282,435,277,
20,44205317,19,2,
20,44205319,8,0,
20,44205340,11,0,
20,44205372,7,3,
20,44205424,24,0,
20,44205547,15,0,
20,44205590,456,194,
20,44205599,137,92,
20,44205602,7,1,
20,44205620,12,0,
20,44205694,23,32,
20,44205697,290,278,
20,44205718,110,82,
20,44205719,13,20,
20,44205789,9,0,
20,44205790,5,0,
20,44205895,59,17,
20,44205952,10,0,
20,44206150,52,10,17
20,44206238,18,0,
20,44206493,6,0,
20,44206553,191,46,
20,44206745,12,1,
20,44207063,146,32,
20,44207095,422,169,
20,44207100,9,1,
20,44207249,34,31,
20,44207503,210,44,
20,44208050,153,158,
20,44208060,305,200,
20,44208134,9,0,
20,44208161,37,2,
20,44208246,16,22,
20,44208283,198,59,
20,44208750,4,0,
20,44208963,54,66,
20,44208968,274,132,
20,44209269,12,0,
20,44209320,9,2,
20,44209415,12,0,
20,44209497,232,117,
20,44209515,313,721,
20,44209665,113,58,
20,44209746,15,2,
20,44209833,140,143,
20,44209910,24,0,
20,44209986,82,128,
20,44210339,24,5,
20,44210390,49,13,
20,44210441,83,2,
20,44210502,41,3,
20,44210582,22,4,
20,44210606,1559,272,
20,44210614,89,40,
20,44210689,462,309,
20,44210736,471,211,
20,44210794,26,13,
20,44210938,70,6,
20,44211052,8,1,
20,44211130,90,207,
20,44211273,476,230,
20,44211411,12,2,
20,44211417,329,93,
20,44211418,6,0,
20,44211434,23,19,
20,44211461,12,2,
20,44211612,183,108,
20,44211681,19,2,
20,44211779,149,50,
20,44211828,6,0,
20,44211865,9,0,
20,44211928,11,0,
20,44212026,8,0,
20,44212156,7,0,
20,44212413,61,46,
20,44212441,440,119,
20,44212446,427,53,
20,44212449,48,20,
20,44212586,6,1,
20,44212650,82,26,
20,44212676,18,1,
20,44212845,204,272,
20,44212855,123,11,
20,44213208,11,1,
20,44213306,8,0,
20,44213313,23,0,
20,44213479,17,1,
20,44213590,83,14,
20,44213878,98,46,
20,44213963,9,0,
20,44214088,7,1,
20,44214243,17,13,
20,44214303,69,15,
20,44214308,35,7,
20,44214311,207,54,
20,44214386,61,23,
20,44214481,124,82,
20,44214493,21,10,
20,44214522,227,178,
20,44214835,153,75,
20,44214926,111,23,
20,44214960,69,3,
20,44215117,78,33,
20,44215131,77,48,
20,44215197,135,180,
20,44215352,891,223,
20,44215559,13,0,
20,44215603,194,43,
20,44215667,261,160,
20,44215726,85,44,
20,44216072,11,1,
20,44216123,226,78,
20,44216436,5,0,
20,44216630,100,27,
20,44216664,10,1,
20,44216730,7,1,
20,44217280,5,0,
20,44217322,55,20,
20,44217461,11,3,
20,44217510,18,3,
20,44217693,46,7,
20,44217757,120,35,
20,44217876,218,171,
20,44217904,30,21,
20,44217936,10,0,
20,44217940,12,8,
20,44217999,44,10,
20,44218381,6,0,
20,44218543,10,0,
20,44218618,25,1,
20,44218787,9,1,
20,44219012,34,12,
20,44219029,40,17,
20,44219171,21,10,
20,44219195,14,25,
20,44219270,111,241,
20,44219279,241,283,30
20,44219357,194,47,
20,44219405,321,129,26
20,44219519,415,226,
20,44219563,32,4,
20,44219660,43,13,
20,44219692,26,5,
20,44219755,145,66,
20,44219857,274,156,
20,44219871,32,4,
20,44219898,6,14,
20,44220110,43,138,
20,44220135,217,233,
20,44220179,183,96,27
20,44220287,78,21,
20,44220325,13,1,
20,44220571,9,1,
20,44220583,68,14,
20,44220699,7,1,
20,44220860,379,124,
20,44220956,9,0,
20,44221430,92,70,
20,44221450,487,291,
20,44221489,161,46,
20,44221509,9,3,
20,44221564,8,3,
20,44221695,79,59,
20,44221706,18,2,
20,44221826,27,1,
20,44221907,25,5,
20,44222022,31,2,
20,44222119,317,49,19
20,44222140,12,1,
20,44222227,11,3,
20,44222277,19,3,
20,44222299,72,11,28
20,44222494,21,28,
20,44222556,33,0,
20,44222584,13,0,
20,44222702,13,0,
20,44222768,4,0,
20,44222809,29,2,
20,44222885,152,170,
20,44222896,140,101,
20,44223212,48,121,30
20,44223283,114,49,
20,44223393,9,1,
20,44223448,266,242,20
20,44223517,10,1,
20,44223603,12,0,
20,44223754,7,3,
20,44223758,10,0,
20,44223767,20,0,
20,44223853,105,152,
20,44224170,7,0,
20,44224508,16,1,
20,44224684,363,123,10
20,44224727,13,1,
20,44224745,88,52,
20,44224754,9,0,
20,44224830,11,2,
20,44224874,96,10,7
20,44224915,83,63,9
20,44224992,106,13,8
20,44224996,82,22,11
20,44225041,16,4,
20,44225156,12,1,
20,44225160,8,0,
20,44225225,8,0,
20,44225288,11,6,
20,44225324,31,3,18
20,44225352,96,59,16
20,44225380,4,0,
20,44225419,9,0,
20,44225450,67,48,
20,44225658,7,6,
20,44225729,9,4,
20,44225761,44,2,13
20,44225847,4,1,
20,44225867,9,1,
20,44225922,26,3,21
20,44225930,76,26,5
20,44225953,37,45,
20,44225988,80,37,
20,44225998,3,4,
20,44226096,8,0,
20,44226145,959,372,1
20,44226434,10,4,
20,44226608,14,1,
20,44226612,262,383,4
20,44226634,10,0,
20,44226779,43,12,25
20,44226879,105,31,3
20,44226967,11,3,
20,44226973,9,3,
20,44226978,303,190,2
20,44227080,8,2,
20,44227132,4,2,
20,44227137,8,1,
20,44227152,10,2,
20,44227194,4,0,
20,44227207,41,9,9
20,44227689,75,39,10
20,44227820,9,2,
20,44227915,22,3,
20,44227934,6,1,
20,44228013,3,0,
20,44228389,11,1,
20,44228460,17,5,
20,44228550,31,18,19
20,44229005,4,0,
21,44155426,53,13,
21,44155635,73,15,
21,44155741,61,38,
21,44155746,665,252,
21,44155761,87,123,
21,44156935,845,355,
21,44157077,104,28,
21,44157177,508,219,
21,44157378,114,136,
21,44157406,151,47,
21,44158353,408,99,
21,44158720,53,14,
21,44159166,881,518,
21,44159337,27,14,
21,44159525,126,400,
21,44159528,369,494,
21,44159758,264,72,
21,44160012,149,149,
21,44160073,148,76,
21,44160358,58,27,
21,44161102,30,18,
21,44161607,149,65,
21,44162363,292,69,
21,44162814,165,55,
21,44163063,2341,2818,
21,44163428,282,64,
21,44163496,110,63,
21,44163618,61,20,
21,44163877,86,9,
21,44166102,277,312,
21,44166155,166,87,
21,44167049,95,23,
21,44167592,662,273,
21,44168184,200,68,
21,44168201,67,43,
21,44168256,96,133,
21,44168265,88,46,
21,44169115,534,337,
21,44169132,171,94,
21,44169413,174,140,
21,44170694,98,20,
21,44170719,23,0,
21,44170968,157,69,
21,44171363,57,1,
21,44171677,412,577,
21,44172166,240,228,
21,44172340,29,9,
21,44172428,88,71,
21,44172659,128,48,
21,44173193,62,23,
21,44173377,80,131,
21,44173581,94,93,
21,44173667,54,16,
21,44173853,99,42,
21,44174036,38,33,
21,44174190,206,38,
21,44174856,192,96,
21,44174965,597,157,
21,44175356,115,48,
21,44175557,142,54,
21,44175579,56,70,
21,44175773,308,223,
21,44175905,274,149,
21,44176172,18,2,
21,44176425,198,121,
21,44176510,289,182,
21,44176514,289,146,
21,44176636,43,26,
21,44176737,373,152,
21,44176825,262,130,
21,44176829,626,214,
21,44176919,109,38,
21,44177446,214,236,
21,44177964,45,18,
21,44178024,57,129,
21,44178445,63,9,
21,44178468,315,180,
21,44178674,32,0,
21,44178902,359,154,
21,44179257,607,151,
21,44179691,123,71,
21,44179889,77,65,14
21,44180533,1533,930,
21,44180760,32,16,
21,44180954,136,13,
21,44181237,28,14,
21,44181305,49,4,
21,44181421,433,169,
21,44181613,183,194,
21,44181700,250,35,
21,44182184,183,39,
21,44182186,870,197,
21,44182188,455,169,
21,44182206,186,86,
21,44182356,735,317,
21,44182582,247,162,
21,44182698,155,34,
21,44182941,34,10,
21,44183299,204,38,
21,44183591,358,93,
21,44183799,673,377,
21,44184542,172,150,
21,44184849,89,13,
21,44184900,352,327,
21,44185078,136,215,
21,44185158,36,6,
21,44185256,608,466,
21,44185651,11,2,
21,44185836,135,64,
21,44185845,52,46,
21,44185856,54,14,
21,44185913,1114,933,
21,44186008,115,101,
21,44186283,33,5,
21,44186459,64,10,
21,44186496,253,132,
21,44186536,246,52,
21,44186607,54,23,
21,44186660,140,34,
21,44186736,79,32,
21,44186780,506,430,
21,44187338,33,13,
21,44187457,20,4,
21,44187645,206,70,
21,44187765,133,161,
21,44188120,93,44,
21,44188178,187,91,
21,44188214,217,136,
21,44188248,118,46,
21,44188373,246,78,
21,44188562,39,14,
21,44188839,236,120,
21,44189088,69,2,
21,44189329,486,185,
21,44189391,79,22,
21,44189426,124,25,
21,44189741,102,13,
21,44189966,104,24,
21,44191558,345,202,
21,44191591,226,204,
21,44191620,568,182,
21,44191985,9,1,
21,44192883,39,16,26
21,44192955,74,68,
21,44192995,224,110,
21,44193118,28,2,
21,44193120,147,70,
21,44193195,17,9,
21,44193225,97,63,
21,44193328,345,228,
21,44193390,183,198,
21,44193908,7,0,
21,44193930,13,5,
21,44193933,78,17,
21,44193965,63,19,
21,44194082,239,76,
21,44194120,104,52,
21,44194431,17,5,
21,44194468,139,24,
21,44194469,57,42,
21,44194521,283,160,
21,44194700,22,5,
21,44194859,115,15,
21,44194871,82,17,
21,44195354,86,52,
21,44195768,11,0,20
21,44195931,136,67,
21,44195961,217,24,
21,44196211,16,7,
21,44196393,148,35,
21,44196417,155,91,
21,44196433,128,58,
21,44196542,18,10,25
21,44196576,296,221,
21,44196589,70,27,
21,44196850,280,318,
21,44196854,7,0,
21,44196903,6,0,
21,44196945,156,52,
21,44197007,6,0,19
21,44197112,83,41,
21,44197347,164,97,
21,44197493,16,10,
21,44197932,1611,750,
21,44197961,88,73,
21,44198503,47,33,
21,44198583,75,77,
21,44198829,13,0,
21,44199005,87,121,
21,44199123,17,4,
21,44199132,18,0,
21,44199299,190,30,
21,44199437,52,28,
21,44199495,72,38,
21,44199592,239,86,
21,44199597,110,57,
21,44199649,168,203,
21,44199658,43,15,
21,44199699,99,84,
21,44199770,59,33,
21,44199840,24,11,
21,44200101,36,7,
21,44200240,34,2,14
21,44200585,24,0,
21,44200773,253,196,
21,44200797,118,45,
21,44200850,43,21,
21,44200866,245,51,
21,44200870,150,81,
21,44200895,282,51,
21,44201072,165,137,
21,44201143,59,19,4
21,44201519,16,7,
21,44201527,133,8,
21,44201583,155,46,
21,44201736,110,280,
21,44201748,70,12,
21,44201762,171,109,
21,44201812,225,92,
21,44201857,114,97,
21,44201872,530,224,
21,44201901,282,117,
21,44201975,578,243,
21,44202110,108,40,
21,44202355,5,1,
21,44202519,70,132,
21,44202664,215,36,
21,44202759,9,1,
21,44203003,92,69,
21,44203095,11,0,
21,44203144,10,0,
21,44203250,3,0,
21,44203494,217,130,
21,44203522,6,0,
21,44203562,438,258,
21,44203628,31,3,
21,44203732,116,34,
21,44203763,28,19,
21,44203870,24,20,
21,44204155,125,62,
21,44204181,161,114,
21,44204224,376,123,
21,44204249,6,0,
21,44204277,156,87,
21,44204442,10,0,
21,44204603,147,138,
21,44204626,44,5,
21,44204637,73,17,
21,44204670,36,4,
21,44204720,5,0,
21,44204767,134,81,
21,44204878,127,58,
21,44204916,28,0,
21,44204938,5,1,
21,44205060,164,122,
21,44205282,435,281,
21,44205317,19,2,
21,44205319,8,0,
21,44205340,11,0,
21,44205372,7,3,
21,44205424,24,0,
21,44205547,15,0,
21,44205590,456,194,
21,44205599,138,92,
21,44205602,7,1,
21,44205620,12,0,
21,44205694,23,32,
21,44205697,293,278,
21,44205718,110,82,
21,44205789,9,0,
21,44205790,5,0,
21,44205895,59,17,
21,44205952,10,0,
21,44206150,54,14,19
21,44206238,18,0,
21,44206493,6,0,
21,44206553,191,46,
21,44206745,12,1,
21,44207063,146,32,
21,44207095,423,169,
21,44207100,9,1,
21,44207249,34,31,
21,44207503,210,44,
21,44208050,153,158,
21,44208060,305,200,
21,44208134,9,0,
21,44208161,37,2,
21,44208246,16,22,
21,44208283,199,59,
21,44208750,4,0,
21,44208938,3,0,
21,44208963,54,66,
21,44208968,274,132,
21,44209269,12,0,
21,44209320,9,2,
21,44209415,12,0,
21,44209497,232,117,
21,44209515,317,721,
21,44209665,113,58,
21,44209746,15,2,
21,44209833,140,143,
21,44209910,24,0,
21,44209986,82,128,
21,44210339,24,5,
21,44210390,49,13,
21,44210441,83,2,
21,44210502,41,3,
21,44210582,23,4,
21,44210606,1559,272,
21,44210614,89,40,
21,44210689,462,310,
21,44210736,472,211,
21,44210794,26,13,
21,44210938,70,6,
21,44211052,8,1,
21,44211130,90,207,
21,44211273,476,230,
21,44211411,12,2,
21,44211417,329,93,
21,44211418,6,0,
21,44211434,23,19,
21,44211461,12,2,
21,44211612,183,108,
21,44211681,19,2,
21,44211779,150,50,
21,44211828,6,0,
21,44211865,9,0,
21,44211928,11,0,
21,44212026,8,0,
21,44212156,7,0,
21,44212413,61,46,
21,44212441,440,119,
21,44212446,428,53,
21,44212449,48,20,
21,44212586,6,1,
21,44212650,82,27,
21,44212676,18,1,
21,44212845,205,272,
21,44212855,123,11,
21,44213208,11,1,
21,44213306,8,0,
21,44213313,24,0,
21,44213479,17,1,
21,44213590,83,14,
21,44213878,98,46,
21,44213963,9,0,
21,44214088,7,1,
21,44214243,17,13,
21,44214303,69,15,
21,44214308,35,7,
21,44214311,207,54,
21,44214386,61,23,
21,44214481,125,82,
21,44214493,21,10,
21,44214522,227,179,
21,44214835,153,75,
21,44214926,111,23,
21,44214960,69,3,
21,44215117,79,33,
21,44215131,78,48,
21,44215197,135,181,
21,44215352,892,224,
21,44215559,13,0,
21,44215603,194,43,
21,44215667,261,161,
21,44215726,85,44,
21,44216072,11,1,
21,44216123,226,78,
21,44216436,5,0,
21,44216630,100,27,
21,44216664,10,1,
21,44216730,7,1,
21,44217280,5,0,
21,44217322,55,20,
21,44217461,11,3,
21,44217510,19,3,
21,44217693,46,7,
21,44217757,121,35,
21,44217876,221,172,
21,44217904,30,21,
21,44217936,10,0,
21,44217940,12,8,
21,44217999,44,10,
21,44218381,6,0,
21,44218543,10,0,
21,44218618,26,1,
21,44218787,9,1,
21,44219012,35,12,
21,44219029,41,18,
21,44219171,21,10,
21,44219195,14,27,
21,44219270,111,243,
21,44219279,244,293,
21,44219357,194,47,
21,44219405,325,129,27
21,44219519,417,228,
21,44219563,32,4,
21,44219660,43,13,
21,44219692,26,5,
21,44219755,146,67,
21,44219857,275,157,
21,44219871,32,4,
21,44219898,6,14,
21,44220110,43,138,
21,44220135,218,239,
21,44220179,186,97,29
21,44220287,80,21,
21,44220325,13,1,
21,44220571,9,1,
21,44220583,69,14,
21,44220699,7,1,
21,44220860,382,126,
21,44220956,9,0,
21,44221430,92,70,
21,44221450,493,293,
21,44221489,163,46,
21,44221509,9,3,
21,44221564,8,3,
21,44221695,79,60,
21,44221706,18,2,
21,44221826,28,1,
21,44221907,29,6,
21,44222022,32,2,
21,44222119,325,50,20
21,44222140,12,1,
21,44222227,11,3,
21,44222277,19,3,
21,44222299,78,14,30
21,44222494,24,30,
21,44222556,33,0,
21,44222584,13,0,
21,44222702,13,0,
21,44222768,4,0,
21,44222809,30,2,
21,44222885,158,176,
21,44222896,140,101,
21,44223212,53,131,
21,44223283,116,50,
21,44223393,9,1,
21,44223448,277,249,24
21,44223517,10,1,
21,44223603,12,0,
21,44223754,7,3,
21,44223758,13,2,
21,44223767,20,0,
21,44223853,106,156,
21,44224170,7,0,
21,44224508,17,1,
21,44224684,394,127,10
21,44224727,13,1,
21,44224745,89,53,
21,44224754,9,0,
21,44224830,11,2,
21,44224874,106,11,7
21,44224915,85,69,15
21,44224992,116,13,9
21,44224996,85,23,13
21,44225041,16,5,
21,44225156,12,1,
21,44225160,8,0,
21,44225225,8,0,
21,44225288,12,6,
21,44225324,31,3,22
21,44225352,125,71,15
21,44225380,4,0,
21,44225419,9,0,
21,44225450,70,49,
21,44225658,7,6,
21,44225729,9,4,
21,44225761,47,3,11
21,44225847,4,1,
21,44225867,9,1,
21,44225922,29,3,21
21,44225930,81,29,6
21,44225953,40,46,
21,44225988,85,44,
21,44225998,3,4,
21,44226096,8,0,
21,44226145,1114,433,1
21,44226434,13,4,
21,44226608,17,1,
21,44226612,320,492,5
21,44226634,11,0,
21,44226779,48,15,28
21,44226879,132,48,3
21,44226967,11,3,
21,44226973,9,3,
21,44226978,376,242,2
21,44227080,8,3,
21,44227137,8,1,
21,44227152,10,2,
21,44227194,4,0,
21,44227207,56,19,8
21,44227331,11,1,
21,44227651,6,0,30
21,44227689,85,54,12
21,44227820,9,2,
21,44227915,27,3,
21,44227934,6,1,
21,44228013,4,0,
21,44228389,12,1,
21,44228460,19,5,
21,44228550,49,27,18
21,44229085,7,1,
21,44229150,16,9,8
21,44229306,8,2,29
21,44229348,87,19,2
21,44229394,14,1,
21,44229533,45,7,
21,44229727,3,0,28
21,44229778,6,0,
22,44155426,53,13,
22,44155635,73,15,
22,44155741,61,38,
22,44155746,665,252,
22,44155761,87,123,
22,44156935,845,355,
22,44157077,104,28,
22,44157177,508,219,
22,44157378,114,136,
22,44157406,151,47,
22,44158353,408,99,
22,44158720,53,14,
22,44159166,881,518,
22,44159525,126,400,
22,44159528,369,495,
22,44159758,264,72,
22,44160012,149,149,
22,44160073,148,76,
22,44160358,58,27,
22,44161102,30,18,
22,44161607,149,65,
22,44162363,292,69,
22,44162814,165,55,
22,44163063,2341,2818,
22,44163428,282,64,
22,44163496,110,63,
22,44163618,61,20,
22,44163877,86,9,
22,44166102,277,312,
22,44166155,166,87,
22,44167049,95,23,
22,44167592,662,273,
22,44168184,200,68,
22,44168201,67,43,
22,44168256,96,133,
22,44168265,88,46,
22,44169115,535,337,
22,44169132,171,94,
22,44169413,174,140,
22,44170694,98,20,
22,44170719,23,0,
22,44170968,157,69,
22,44171363,57,1,
22,44171677,412,578,
22,44172166,240,228,
22,44172340,29,9,
22,44172428,88,71,
22,44172659,128,48,
22,44173193,62,23,
22,44173377,80,131,
22,44173667,54,16,
22,44173853,99,42,
22,44174036,38,33,
22,44174190,206,38,
22,44174856,192,96,
22,44174965,597,157,
22,44175356,115,48,
22,44175557,142,54,
22,44175579,56,70,
22,44175773,308,223,
22,44175905,274,149,
22,44176172,18,2,
22,44176425,198,121,
22,44176510,289,182,
22,44176514,289,146,
22,44176636,43,26,
22,44176737,373,152,
22,44176825,262,130,
22,44176829,626,215,
22,44176919,109,38,
22,44177446,214,236,
22,44177964,45,18,
22,44178024,57,129,
22,44178445,63,9,
22,44178468,315,180,
22,44178674,32,0,
22,44178902,359,154,
22,44179257,607,151,
22,44179889,93,73,8
22,44180533,1537,934,
22,44180760,32,16,
22,44180954,136,13,
22,44181237,28,14,
22,44181305,49,4,
22,44181421,433,169,
22,44181613,183,194,
22,44181700,250,35,
22,44182184,183,39,
22,44182186,870,197,
22,44182188,456,169,
22,44182206,186,86,
22,44182356,735,317,
22,44182582,247,162,
22,44182698,155,34,
22,44182941,34,10,
22,44183299,205,38,
22,44183591,358,94,
22,44183799,673,377,
22,44184542,172,150,
22,44184849,89,13,
22,44184900,352,327,
22,44185078,136,215,
22,44185158,36,6,
22,44185256,608,466,
22,44185651,11,2,
22,44185836,135,64,
22,44185845,52,46,
22,44185856,54,14,
22,44185913,1114,933,
22,44186008,116,102,
22,44186283,33,5,
22,44186459,64,10,
22,44186496,253,132,
22,44186536,246,52,
22,44186607,54,23,
22,44186660,140,34,
22,44186736,79,32,
22,44186780,506,430,
22,44187338,33,13,
22,44187457,20,4,
22,44187645,206,70,
22,44187765,134,164,
22,44188120,93,44,
22,44188178,187,92,
22,44188214,218,136,
22,44188248,118,46,
22,44188373,246,78,
22,44188562,39,14,
22,44188839,237,120,
22,44189088,70,2,
22,44189329,487,185,
22,44189391,79,23,
22,44189426,124,25,
22,44189741,102,13,
22,44189966,104,24,
22,44191558,345,202,
22,44191591,226,204,
22,44191620,568,182,
22,44192883,39,16,
22,44192955,74,68,
22,44192995,224,110,
22,44193118,28,2,
22,44193120,147,70,
22,44193195,17,9,
22,44193225,97,63,
22,44193328,345,228,
22,44193390,183,198,
22,44193908,7,0,
22,44193930,13,5,
22,44193933,78,17,
22,44193965,63,19,
22,44194082,239,76,
22,44194120,104,52,
22,44194431,17,5,
22,44194468,139,24,
22,44194469,57,42,
22,44194521,283,160,
22,44194700,22,5,
22,44194859,115,15,
22,44194871,82,17,
22,44195354,86,52,
22,44195768,17,0,20
22,44195931,136,67,
22,44195961,217,24,
22,44196211,16,7,
22,44196393,148,35,
22,44196417,155,91,
22,44196433,129,58,
22,44196542,18,11,29
22,44196576,296,221,
22,44196589,70,27,
22,44196850,280,318,
22,44196945,156,52,
22,44197007,10,1,21
22,44197112,83,41,
22,44197347,165,98,
22,44197493,16,10,
22,44197932,1612,750,
22,44197961,88,73,
22,44198503,47,33,
22,44198583,75,77,
22,44198829,13,0,
22,44199005,87,121,
22,44199123,17,4,
22,44199132,18,0,
22,44199299,190,30,
22,44199437,52,28,
22,44199495,72,38,
22,44199592,239,86,
22,44199597,110,57,
22,44199649,168,203,
22,44199658,43,15,
22,44199699,99,84,
22,44199770,59,33,
22,44199840,24,11,
22,44200101,36,7,
22,44200240,38,5,14
22,44200585,24,0,
22,44200773,253,196,
22,44200797,118,45,
22,44200850,43,21,
22,44200866,245,51,
22,44200870,150,83,
22,44200895,282,51,
22,44201072,166,137,
22,44201143,67,33,6
22,44201519,16,7,
22,44201527,133,8,
22,44201583,155,46,
22,44201736,110,280,
22,44201748,70,12,
22,44201762,171,109,
22,44201812,225,92,
22,44201857,114,97,
22,44201872,530,224,
22,44201901,282,117,
22,44201975,578,243,
22,44202110,108,40,
22,44202519,70,132,
22,44202664,215,36,
22,44202759,9,1,
22,44203003,92,69,
22,44203095,11,0,
22,44203144,10,0,
22,44203494,217,130,
22,44203562,438,260,
22,44203628,31,3,
22,44203732,116,34,
22,44203763,28,19,
22,44203870,24,20,17
22,44204155,125,62,
22,44204181,161,114,
22,44204224,376,123,
22,44204249,6,0,
22,44204277,156,87,
22,44204442,10,0,
22,44204603,147,138,
22,44204626,44,5,
22,44204637,73,17,
22,44204670,36,4,
22,44204720,5,0,
22,44204767,134,81,
22,44204878,127,58,
22,44204916,28,0,
22,44204938,5,1,
22,44205060,164,122,
22,44205282,435,282,
22,44205317,19,2,
22,44205319,8,0,
22,44205340,11,0,
22,44205372,7,3,
22,44205424,24,0,
22,44205547,15,0,
22,44205590,456,194,
22,44205599,138,93,
22,44205602,7,1,
22,44205620,12,0,
22,44205694,23,32,
22,44205697,293,278,
22,44205718,110,82,
22,44205789,9,0,
22,44205790,5,0,
22,44205895,59,17,
22,44205952,10,0,
22,44206150,57,14,22
22,44206238,18,0,
22,44206493,6,0,
22,44206553,191,46,
22,44206745,12,1,
22,44207063,146,32,
22,44207095,423,169,
22,44207100,9,1,
22,44207249,34,31,
22,44207503,210,44,
22,44208050,153,158,
22,44208060,305,200,
22,44208134,9,0,
22,44208161,38,2,
22,44208246,16,22,
22,44208283,199,59,
22,44208750,4,0,
22,44208938,3,0,
22,44208968,274,132,
22,44209269,12,0,
22,44209320,9,2,
22,44209415,12,0,
22,44209497,233,117,
22,44209515,317,722,
22,44209665,113,58,
22,44209746,15,2,
22,44209833,140,143,
22,44209910,24,0,
22,44209986,82,128,
22,44210339,24,5,
22,44210390,49,13,
22,44210441,83,2,
22,44210502,41,3,
22,44210582,23,4,
22,44210606,1560,272,
22,44210614,89,40,
22,44210689,463,310,
22,44210736,472,211,
22,44210794,26,13,
22,44210938,70,6,
22,44211052,8,1,
22,44211130,90,207,
22,44211273,477,230,
22,44211411,12,2,
22,44211417,329,93,
22,44211418,6,0,
22,44211434,23,19,
22,44211461,12,2,
22,44211612,183,110,
22,44211681,19,2,
22,44211779,150,50,
22,44211828,6,0,
22,44211865,9,0,
22,44211928,11,0,
22,44212026,8,0,
22,44212156,7,0,
22,44212413,61,46,
22,44212441,440,120,
22,44212446,428,53,
22,44212449,48,20,
22,44212586,6,1,
22,44212650,82,31,
22,44212676,18,1,
22,44212845,206,272,
22,44212855,123,11,
22,44213208,11,1,
22,44213306,8,0,
22,44213313,24,0,
22,44213479,17,1,
22,44213590,83,14,
22,44213878,98,46,
22,44213963,9,0,
22,44214088,7,1,
22,44214243,17,13,
22,44214303,69,15,
22,44214308,35,7,
22,44214311,207,54,
22,44214386,61,23,
22,44214481,125,82,
22,44214493,21,10,
22,44214522,227,179,
22,44214835,153,75,
22,44214926,111,23,
22,44214960,69,3,
22,44215117,79,33,
22,44215131,78,48,
22,44215197,135,182,
22,44215352,894,224,
22,44215559,13,0,
22,44215603,195,43,
22,44215667,261,161,
22,44215726,86,44,
22,44216072,11,1,
22,44216123,226,78,
22,44216436,5,0,
22,44216630,100,27,
22,44216664,10,1,
22,44216730,7,1,
22,44217280,5,0,
22,44217322,55,20,
22,44217461,11,3,
22,44217510,20,3,
22,44217693,46,7,
22,44217757,121,35,
22,44217876,223,173,
22,44217904,30,21,
22,44217936,10,0,
22,44217940,12,8,
22,44217999,44,10,
22,44218381,6,0,
22,44218543,10,0,
22,44218618,26,1,
22,44218787,9,1,
22,44219012,36,12,
22,44219029,41,18,
22,44219171,21,10,
22,44219195,14,27,
22,44219270,111,243,
22,44219279,245,295,
22,44219357,194,47,
22,44219405,326,130,
22,44219519,418,228,
22,44219563,32,4,
22,44219660,43,14,
22,44219692,26,5,
22,44219755,146,67,
22,44219857,277,158,
22,44219871,32,4,
22,44219898,6,15,
22,44220110,43,141,
22,44220135,221,242,
22,44220179,187,98,
22,44220287,81,21,
22,44220325,13,1,
22,44220571,9,2,
22,44220583,70,14,
22,44220860,382,126,
22,44220956,9,0,
22,44221430,93,70,
22,44221450,496,294,
22,44221489,164,45,
22,44221509,9,3,
22,44221564,8,3,
22,44221695,79,60,
22,44221706,18,2,
22,44221826,28,1,
22,44221907,30,6,
22,44222022,33,3,
22,44222119,328,51,23
22,44222140,12,1,
22,44222227,11,3,
22,44222277,20,3,
22,44222299,81,14,
22,44222494,26,31,
22,44222556,33,0,
22,44222584,13,0,
22,44222702,13,0,
22,44222768,4,0,
22,44222809,30,2,
22,44222885,159,180,
22,44222896,141,101,
22,44223212,54,137,
22,44223283,116,50,
22,44223393,9,1,
22,44223448,283,257,27
22,44223517,10,1,
22,44223603,12,0,
22,44223754,7,3,
22,44223758,15,2,
22,44223767,20,0,
22,44223853,106,156,
22,44224170,7,0,
22,44224508,17,1,
22,44224684,409,134,13
22,44224727,14,1,
22,44224745,91,53,
22,44224754,10,1,
22,44224830,11,2,
22,44224874,109,11,11
22,44224915,88,69,17
22,44224992,120,13,12
22,44224996,86,26,16
22,44225041,17,5,
22,44225156,12,1,
22,44225160,8,0,
22,44225225,8,0,
22,44225288,14,6,
22,44225324,32,3,26
22,44225352,140,79,19
22,44225380,4,0,
22,44225419,9,0,
22,44225450,74,49,
22,44225658,7,6,
22,44225729,9,4,
22,44225761,51,3,15
22,44225847,4,1,
22,44225867,9,1,
22,44225922,31,3,25
22,44225930,86,30,7
22,44225953,42,47,
22,44225988,87,45,
22,44225998,3,4,
22,44226071,16,3,
22,44226096,8,0,
22,44226145,1221,478,1
22,44226434,15,6,
22,44226608,19,1,
22,44226612,367,575,5
22,44226634,12,0,
22,44226779,50,16,
22,44226879,143,56,4
22,44226967,12,3,
22,44226973,11,3,
22,44226978,426,275,3
22,44227080,9,3,
22,44227137,8,1,
22,44227152,10,2,
22,44227194,4,0,
22,44227207,68,19,10
22,44227331,12,1,
22,44227651,8,0,
22,44227689,96,61,18
22,44227820,9,2,
22,44227825,4,0,
22,44227902,3,0,
22,44227915,30,6,
22,44227934,7,1,
22,44228013,5,0,
22,44228389,13,1,
22,44228460,21,5,
22,44228550,58,30,24
22,44228939,4,0,
22,44229150,39,25,8
22,44229239,9,1,
22,44229348,160,48,2
22,44229533,71,16,28
22,44229694,11,1,12
22,44229727,23,14,
22,44229778,117,18,25
22,44229841,40,1,4
22,44229860,21,1,
23,44155426,53,13,
23,44155635,73,15,
23,44155741,61,38,
23,44155746,665,252,
23,44155761,87,123,
23,44156935,846,355,
23,44157077,104,28,
23,44157177,508,219,
23,44157378,114,136,
23,44157406,151,47,
23,44158353,408,99,
23,44158720,53,14,
23,44159166,881,518,
23,44159525,126,402,
23,44159528,369,496,
23,44159758,264,72,
23,44160012,149,149,
23,44160073,148,76,
23,44160358,58,27,
23,44161102,30,18,
23,44161607,149,65,
23,44162363,292,69,
23,44162814,165,55,
23,44163063,2341,2818,
23,44163428,282,64,
23,44163496,110,63,
23,44163618,61,20,
23,44163877,86,9,
23,44166102,277,312,
23,44166155,166,87,
23,44167049,95,23,
23,44167592,662,273,
23,44168184,200,68,
23,44168201,67,43,
23,44168256,96,133,
23,44168265,88,46,
23,44169115,535,337,
23,44169132,171,94,
23,44169413,174,140,
23,44170694,98,20,
23,44170719,23,0,
23,44170968,157,69,
23,44171363,57,1,
23,44171677,412,578,
23,44172166,240,228,
23,44172340,29,9,
23,44172428,88,71,
23,44172659,128,48,
23,44173193,62,23,
23,44173377,80,131,
23,44173667,54,16,
23,44173853,99,42,
23,44174036,38,33,
23,44174190,206,38,
23,44174856,192,96,
23,44174965,597,157,
23,44175356,115,48,
23,44175557,142,54,
23,44175579,56,70,
23,44175773,308,223,
23,44175905,274,149,
23,44176172,18,2,
23,44176425,198,121,
23,44176510,289,182,
23,44176514,289,146,
23,44176636,43,26,
23,44176737,373,152,
23,44176825,262,130,
23,44176829,626,215,
23,44176919,109,38,
23,44177446,214,236,
23,44177964,45,18,
23,44178024,57,129,
23,44178445,63,9,
23,44178468,315,180,
23,44178674,32,0,
23,44178902,359,154,
23,44179257,607,151,
23,44179889,106,79,10
23,44180533,1538,934,
23,44180760,32,16,
23,44180954,136,13,
23,44181237,28,14,
23,44181305,49,4,
23,44181421,433,169,
23,44181613,183,194,
23,44181700,250,35,
23,44182184,183,39,
23,44182186,870,197,
23,44182188,456,169,
23,44182206,186,86,
23,44182356,735,318,
23,44182582,247,162,
23,44182698,155,34,
23,44182941,34,10,
23,44183299,206,38,
23,44183591,358,94,
23,44183799,673,377,
23,44184542,172,150,
23,44184849,89,13,
23,44184900,352,327,
23,44185078,136,215,
23,44185158,36,6,
23,44185256,608,466,
23,44185651,11,2,
23,44185836,135,64,
23,44185845,52,46,
23,44185856,54,14,
23,44185913,1114,933,
23,44186008,117,102,
23,44186283,33,5,
23,44186459,64,10,
23,44186496,253,132,
23,44186536,246,52,
23,44186607,54,23,
23,44186660,140,34,
23,44186736,79,32,
23,44186780,506,430,
23,44187338,33,13,
23,44187457,20,4,
23,44187645,206,70,
23,44187765,135,165,
23,44188120,93,44,
23,44188178,187,92,
23,44188214,219,136,
23,44188248,118,46,
23,44188373,246,78,
23,44188562,39,14,
23,44188839,238,120,
23,44189088,70,2,
23,44189329,487,185,
23,44189391,80,23,
23,44189426,124,25,
23,44189741,102,13,
23,44189966,104,24,
23,44191558,345,202,
23,44191591,226,204,
23,44191620,568,182,
23,44192883,39,16,
23,44192955,74,68,
23,44192995,224,110,
23,44193120,147,70,
23,44193195,17,9,
23,44193225,97,63,
23,44193328,345,228,
23,44193390,183,198,
23,44193908,7,0,
23,44193930,13,5,
23,44193933,78,17,
23,44193965,63,19,
23,44194082,239,76,
23,44194120,104,52,
23,44194431,17,5,
23,44194468,139,24,
23,44194469,57,42,
23,44194521,283,160,
23,44194700,22,5,
23,44194859,115,15,
23,44194871,82,17,
23,44195354,86,52,
23,44195768,18,0,16
23,44195931,136,67,
23,44195961,217,24,
23,44196211,16,7,
23,44196393,148,35,
23,44196417,155,91,
23,44196433,129,58,
23,44196542,18,11,
23,44196576,296,221,
23,44196589,70,27,
23,44196850,280,318,
23,44196945,156,52,
23,44197007,14,2,24
23,44197112,83,41,
23,44197347,165,99,
23,44197493,16,10,
23,44197932,1613,750,
23,44197961,88,73,
23,44198503,47,33,
23,44198583,75,77,
23,44198829,13,0,
23,44199005,87,121,
23,44199123,17,4,
23,44199132,18,0,
23,44199299,190,30,
23,44199437,52,28,
23,44199495,72,38,
23,44199592,239,86,
23,44199597,110,57,
23,44199649,168,204,
23,44199658,43,15,
23,44199699,99,84,
23,44199770,59,33,
23,44199840,24,11,
23,44200101,36,7,
23,44200240,46,5,14
23,44200585,24,0,
23,44200773,253,196,
23,44200797,118,45,
23,44200850,43,21,
23,44200866,245,51,
23,44200870,150,83,
23,44200895,282,51,
23,44201072,166,137,
23,44201143,78,47,8
23,44201519,16,7,
23,44201527,133,8,
23,44201583,155,46,
23,44201736,110,280,
23,44201748,70,12,
23,44201762,171,109,
23,44201812,225,92,
23,44201857,114,97,
23,44201872,530,224,
23,44201901,282,117,
23,44201975,578,243,
23,44202110,108,40,
23,44202519,70,132,
23,44202664,215,36,
23,44202759,9,1,
23,44203003,92,69,
23,44203095,11,0,
23,44203144,10,0,
23,44203494,217,130,
23,44203562,439,260,
23,44203628,31,3,
23,44203732,116,34,
23,44203763,28,19,
23,44203870,27,21,18
23,44203883,3,0,20
23,44204155,125,62,
23,44204181,161,114,
23,44204224,376,123,
23,44204277,156,87,
23,44204442,10,0,
23,44204603,147,138,
23,44204626,44,5,
23,44204637,73,17,
23,44204670,36,4,
23,44204720,5,0,
23,44204767,134,82,
23,44204878,127,58,
23,44204916,28,0,
23,44204938,5,1,
23,44205060,164,122,
23,44205282,435,282,
23,44205317,19,2,
23,44205319,8,0,
23,44205340,11,0,
23,44205372,7,3,
23,44205424,24,0,
23,44205547,15,0,
23,44205590,456,194,
23,44205599,138,93,
23,44205602,7,1,
23,44205620,12,0,
23,44205694,23,32,
23,44205697,293,279,
23,44205718,110,82,
23,44205789,9,0,
23,44205790,5,0,
23,44205895,59,17,
23,44205952,10,0,
23,44206150,64,17,24
23,44206238,18,0,
23,44206493,6,0,
23,44206553,191,46,
23,44206745,12,1,
23,44207063,146,32,
23,44207095,424,169,
23,44207100,9,1,
23,44207249,34,31,
23,44207503,210,44,
23,44208050,153,158,
23,44208060,306,200,
23,44208134,9,0,
23,44208161,38,2,
23,44208246,17,22,
23,44208283,199,59,
23,44208750,4,0,
23,44208938,3,0,
23,44208968,274,132,
23,44209269,12,0,
23,44209320,9,2,
23,44209415,12,0,
23,44209497,233,117,
23,44209515,317,723,
23,44209665,113,59,
23,44209746,15,2,
23,44209833,140,143,
23,44209910,24,0,
23,44209986,82,128,
23,44210339,24,5,
23,44210390,49,13,
23,44210441,83,2,
23,44210502,41,3,
23,44210582,23,4,
23,44210606,1561,272,
23,44210614,89,40,
23,44210689,463,312,
23,44210736,472,211,
23,44210794,26,13,
23,44210938,71,6,
23,44211052,8,1,
23,44211130,90,207,
23,44211273,477,231,
23,44211411,12,2,
23,44211417,330,93,
23,44211418,6,0,
23,44211434,23,19,
23,44211461,12,2,
23,44211612,183,110,
23,44211681,19,2,
23,44211779,150,50,
23,44211828,6,0,
23,44211928,11,0,
23,44212156,7,0,
23,44212413,61,46,
23,44212441,440,121,
23,44212446,429,53,
23,44212449,48,20,
23,44212586,6,1,
23,44212650,82,31,
23,44212676,18,1,
23,44212845,206,272,
23,44212855,123,11,
23,44213208,11,1,
23,44213306,8,0,
23,44213313,24,0,
23,44213479,17,1,
23,44213590,83,14,
23,44213878,98,46,
23,44213963,9,0,
23,44214088,7,1,
23,44214243,17,13,
23,44214303,69,15,
23,44214308,35,7,
23,44214311,208,54,
23,44214386,61,23,
23,44214481,125,82,
23,44214493,21,10,
23,44214522,227,180,
23,44214835,153,75,
23,44214926,111,23,
23,44214960,69,3,
23,44215117,79,33,
23,44215131,78,48,
23,44215197,135,182,
23,44215352,896,224,
23,44215559,13,0,
23,44215603,195,43,
23,44215667,262,161,
23,44215726,86,44,
23,44216072,11,1,
23,44216123,226,78,
23,44216436,5,0,
23,44216630,100,27,
23,44216664,10,1,
23,44216730,7,1,
23,44217280,5,0,
23,44217322,55,20,
23,44217461,11,3,
23,44217510,20,3,
23,44217693,46,7,
23,44217757,121,35,
23,44217876,226,176,
23,44217904,30,21,
23,44217940,12,8,
23,44217999,44,10,
23,44218381,6,0,
23,44218543,10,0,
23,44218618,27,1,
23,44218787,9,1,
23,44219012,36,12,
23,44219029,41,18,
23,44219171,21,10,
23,44219195,14,27,
23,44219270,112,244,
23,44219279,246,302,
23,44219357,195,47,
23,44219405,327,130,
23,44219519,418,230,
23,44219563,32,4,
23,44219660,44,14,
23,44219692,26,5,
23,44219755,147,67,
23,44219857,278,161,
23,44219871,32,4,
23,44219898,6,15,
23,44220110,43,141,
23,44220135,223,244,
23,44220179,187,98,
23,44220287,81,22,
23,44220325,13,1,
23,44220571,9,2,
23,44220583,71,14,
23,44220860,385,126,
23,44220956,9,0,
23,44221430,93,70,
23,44221450,497,299,
23,44221489,164,45,
23,44221509,9,3,
23,44221564,8,3,
23,44221695,79,60,
23,44221706,18,3,
23,44221826,28,1,
23,44221907,32,6,
23,44222022,34,3,
23,44222119,334,51,25
23,44222140,12,1,
23,44222227,11,3,
23,44222277,20,3,
23,44222299,84,14,
23,44222494,28,33,
23,44222556,33,0,
23,44222584,13,0,
23,44222702,13,0,
23,44222768,4,0,
23,44222809,30,2,
23,44222885,159,183,
23,44222896,141,101,
23,44223212,55,139,
23,44223283,116,51,
23,44223393,9,1,
23,44223448,290,266,30
23,44223517,10,1,
23,44223603,12,0,
23,44223754,7,3,
23,44223758,17,4,
23,44223767,20,0,
23,44223853,107,156,
23,44224170,7,0,
23,44224508,17,1,
23,44224684,436,138,13
23,44224727,14,1,
23,44224745,93,53,
23,44224754,10,1,
23,44224830,11,2,
23,44224874,114,12,12
23,44224915,93,71,17
23,44224992,125,13,14
23,44224996,89,27,19
23,44225041,17,5,
23,44225156,12,1,
23,44225160,8,0,
23,44225225,8,0,
23,44225288,15,6,
23,44225324,33,3,
23,44225352,152,88,22
23,44225380,4,0,
23,44225419,10,0,
23,44225450,75,50,
23,44225658,7,6,
23,44225729,9,4,
23,44225761,56,3,17
23,44225847,4,1,
23,44225867,9,1,
23,44225922,35,3,27
23,44225930,90,31,9
23,44225953,43,49,
23,44225988,89,49,
23,44225998,3,4,
23,44226071,16,4,
23,44226096,8,0,
23,44226145,1321,518,1
23,44226434,15,6,
23,44226608,21,1,
23,44226612,398,625,6
23,44226634,12,0,
23,44226716,5,3,
23,44226779,53,17,
23,44226852,5,0,
23,44226879,153,61,5
23,44226928,5,0,
23,44226967,13,3,
23,44226973,11,3,
23,44226978,458,297,3
23,44227040,4,0,
23,44227080,11,3,
23,44227137,8,1,
23,44227152,10,2,
23,44227194,4,0,
23,44227207,77,19,10
23,44227331,13,1,
23,44227403,7,0,
23,44227651,8,0,
23,44227689,104,64,23
23,44227820,11,2,
23,44227825,4,0,
23,44227902,3,0,
23,44227915,33,6,
23,44227934,7,1,
23,44228012,4,0,
23,44228013,6,0,
23,44228389,13,1,
23,44228460,22,5,
23,44228550,66,33,28
23,44229150,52,45,7
23,44229239,24,3,16
23,44229348,211,87,2
23,44229694,20,6,6
23,44229727,36,20,26
23,44229778,186,91,24
23,44229841,85,5,4
23,44229860,32,1,
23,44230389,11,1,
23,44230536,4,0,
23,44230670,9,0,
23,44230712,10,0,
