hour,id,score,comments,best_rank
0,43306435,194,119,
0,43315029,167,65,
0,43321109,234,84,
0,43325049,384,324,
0,43325628,288,259,
0,43330143,119,28,
0,43331358,268,418,
0,43334731,109,51,
0,43336609,187,80,
0,43336892,164,47,
0,43337703,647,206,
0,43339212,454,156,
0,43342071,134,220,
0,43342712,923,188,
0,43344082,928,561,
0,43347724,204,33,
0,43348434,43,15,
0,43349204,42,10,
0,43352503,78,64,
0,43352531,778,782,
0,43353223,291,92,
0,43353822,361,155,
0,43353925,205,30,
0,43356016,163,36,
0,43356068,79,21,
0,43356314,567,194,
0,43356995,619,514,
0,43357687,162,163,
0,43357739,502,379,
0,43358264,163,59,
0,43358914,535,142,
0,43359264,207,78,
0,43359343,138,25,
0,43359412,231,267,
0,43360150,98,25,
0,43360249,77,19,
0,43360251,421,496,
0,43360287,64,33,
0,43360522,196,91,
0,43360633,156,42,
0,43360642,314,287,
0,43361333,185,54,
0,43361389,62,36,
0,43361440,183,144,
0,43361959,564,372,
0,43362616,111,13,
0,43362667,117,11,
0,43362725,139,43,
0,43363031,448,208,
0,43363056,298,485,
0,43363247,156,32,
0,43363293,279,482,
0,43364368,81,39,
0,43364715,159,271,
0,43365083,256,56,
0,43365424,182,28,
0,43365734,90,33,
0,43366124,132,69,
0,43366671,211,85,
0,43367401,205,116,
0,43367483,27,12,
0,43367987,269,296,
0,43368365,104,29,
0,43368863,165,38,
0,43369354,87,34,
0,43369739,93,37,
0,43372227,137,21,
0,43373157,433,166,
0,43373242,319,236,
0,43373504,172,78,
0,43373765,213,215,
0,43373802,84,18,
0,43374237,126,74,
0,43374278,298,144,
0,43374369,247,93,
0,43374505,62,16,
0,43374519,311,123,
0,43374753,148,160,
0,43375918,46,2,
0,43376033,315,95,
0,43376570,52,9,
0,43376769,60,26,
0,43376793,62,37,
0,43377463,89,13,
0,43377533,125,87,
0,43377581,35,7,
0,43377690,157,35,
0,43377897,228,53,
0,43377958,36,2,
0,43377966,87,44,
0,43377998,139,67,
0,43378019,117,44,
0,43378114,105,12,
0,43378239,1928,453,
0,43378252,9,0,
0,43378266,55,14,
0,43378276,7,0,
0,43378358,227,51,
0,43378401,300,213,
0,43378436,247,14,
0,43378587,246,235,
0,43378627,196,66,
0,43378671,151,196,
0,43378822,43,4,
0,43378844,16,2,
0,43378900,101,56,
0,43379082,56,13,
0,43379173,108,68,
0,43379235,104,118,
0,43379262,234,131,
0,43379265,129,66,
0,43379917,151,21,
0,43380010,37,11,
0,43380021,40,0,
0,43380453,301,350,
0,43380622,109,37,
0,43380649,162,103,
0,43380930,370,174,
0,43381141,118,87,
0,43381512,341,470,
0,43381627,109,14,
0,43382709,31,11,
0,43384069,880,344,
0,43384402,64,8,
0,43384697,167,141,
0,43384826,112,89,
0,43384894,150,65,
0,43385127,36,7,
0,43385268,955,663,
0,43385571,26,19,
0,43385668,118,8,
0,43386004,107,14,
0,43386578,221,66,
0,43386581,84,34,
0,43386745,67,47,
0,43386973,136,104,
0,43387188,152,39,
0,43387334,142,164,
0,43387834,78,75,
0,43387936,37,5,
0,43388024,131,87,
0,43388133,529,135,
0,43388218,81,14,
0,43388296,243,112,
0,43389064,279,135,
0,43389424,28,4,
0,43389455,111,31,
0,43389970,34,66,
0,43390400,476,122,
0,43390401,44,1,12
0,43390467,300,270,
0,43390595,181,200,
0,43390747,241,219,
0,43390823,64,31,
0,43391452,58,63,
0,43391459,358,190,
0,43391823,27,1,
0,43391971,42,9,
0,43392276,20,0,
0,43392295,100,37,
0,43392521,206,50,
0,43392549,327,41,
0,43392753,102,41,
0,43392758,27,0,
0,43392875,67,59,
0,43392950,73,33,
0,43392951,210,76,
0,43393140,30,2,
0,43393198,84,42,
0,43393613,54,21,
0,43393659,22,10,
0,43393924,210,117,
0,43394591,153,25,
0,43394698,14,7,
0,43394881,237,156,
0,43394951,174,42,
0,43395496,75,5,
0,43395897,11,4,
0,43396076,39,2,
0,43396172,178,54,
0,43396735,744,423,
0,43397055,52,9,
0,43397407,19,3,
0,43397474,236,81,
0,43397602,12,1,
0,43397625,78,40,
0,43397640,293,187,
0,43397811,64,22,
0,43397973,26,4,
0,43398081,239,82,
0,43398148,61,16,
0,43398308,132,54,9
0,43398434,207,65,
0,43398518,599,828,
0,43398539,195,50,20
0,43398605,6,1,22
0,43398652,117,52,
0,43398692,72,140,
0,43398777,53,3,
0,43398908,48,5,
0,43398968,76,26,
0,43399155,13,3,
0,43399170,58,11,
0,43399190,150,67,
0,43400989,1624,516,
0,43401179,281,113,
0,43401245,1652,1090,
0,43401378,136,126,
0,43401595,193,113,
0,43401855,514,209,
0,43402058,149,84,
0,43402102,65,24,
0,43402149,210,64,
0,43402315,335,218,
0,43402328,39,7,
0,43402361,18,1,24
0,43402790,752,533,
0,43402947,21,20,
0,43403821,86,32,5
0,43404548,250,125,
0,43404617,68,11,
0,43404858,149,38,
0,43405901,15,0,
0,43406702,64,27,
0,43406710,539,356,
0,43406777,23,5,
0,43407196,27,7,
0,43407370,14,1,
0,43408487,81,42,30
0,43408540,454,651,
0,43408674,234,115,
0,43409028,206,265,
0,43409533,17,16,11
0,43410061,490,270,
0,43410247,137,46,
0,43410283,55,5,
0,43410302,15,0,
0,43410349,110,55,
0,43410548,943,812,
0,43410692,679,283,
0,43410866,101,45,
0,43410874,145,145,10
0,43410885,286,300,
0,43410988,250,69,
0,43411258,211,361,
0,43411725,15,2,
0,43411755,105,16,
0,43411898,95,20,
0,43411934,406,193,
0,43412179,38,23,
0,43412295,45,20,
0,43412768,29,2,
0,43413125,302,216,
0,43413478,83,44,
0,43413935,599,202,
0,43413988,7,0,
0,43414235,221,74,
0,43414393,551,232,
0,43414405,119,107,
0,43414426,16,6,
0,43414742,129,92,
0,43414861,33,0,
0,43414992,111,27,
0,43415477,115,60,
0,43416074,12,0,
0,43416261,40,24,
0,43416302,149,45,
0,43416400,24,5,
0,43416481,31,13,
0,43416525,113,34,
0,43416558,36,12,
0,43416961,119,36,
0,43417038,18,0,
0,43417368,8,2,
0,43417511,258,80,
0,43417530,42,0,
0,43417613,3,1,
0,43417620,24,1,
0,43417756,9,3,
0,43417874,26,0,
0,43417885,127,128,
0,43417894,172,33,
0,43417907,23,6,
0,43417932,288,50,
0,43418069,32,12,
0,43418120,16,3,
0,43418184,133,12,
0,43418218,162,27,
0,43418297,17,3,
0,43418556,26,5,
0,43418813,5,1,
0,43419072,90,7,
0,43419237,172,73,
0,43419240,236,128,
0,43419365,51,8,
0,43419422,104,36,
0,43419545,68,24,
0,43419701,672,542,
0,43419713,62,12,
0,43419928,149,32,
0,43419944,62,19,
0,43419996,133,93,
0,43420152,267,92,
0,43420427,24,28,
0,43420477,46,49,
0,43420678,111,37,
0,43420683,282,97,
0,43420760,43,5,
0,43420806,19,1,
0,43420889,38,3,
0,43420892,46,26,
0,43420925,14,0,
0,43421094,39,14,
0,43421324,4,0,
0,43421472,8,3,
0,43421525,39,13,
0,43421706,15,2,
0,43421881,14,9,
0,43421934,254,110,
0,43422033,252,224,
0,43422066,54,18,
0,43422162,702,652,
0,43422274,4,0,
0,43422413,944,597,
0,43422909,219,170,
0,43422928,62,5,
0,43423032,206,208,
0,43423238,83,14,
0,43423306,14,4,
0,43423523,112,11,
0,43423651,8,5,
0,43423762,72,30,
0,43423926,8,0,
0,43424038,4,0,
0,43424065,217,101,
0,43424250,4,1,
0,43424340,117,110,
0,43425032,31,28,
0,43425212,4,0,
0,43425351,42,34,
0,43425527,5,0,
0,43425537,16,19,
0,43425561,101,128,
0,43425600,12,7,
0,43425605,314,60,
0,43425649,6,0,
0,43425655,1161,673,
0,43425767,40,10,17
0,43425774,23,3,
0,43425796,17,4,
0,43425855,4,0,
0,43426022,622,289,
0,43426051,14,1,
0,43426134,12,0,
0,43426160,5,0,
0,43426449,8,10,
0,43426468,108,169,
0,43426648,10,2,
0,43426982,10,5,
0,43426984,57,23,15
0,43427002,733,576,
0,43427008,11,11,
0,43427115,122,100,
0,43427167,25,5,
0,43427274,8,3,
0,43427595,5,0,
0,43427671,15,7,
0,43427850,65,11,
0,43428197,13,0,
0,43428409,3,0,
0,43428429,5,0,
0,43429261,4,0,
0,43429403,14,3,
0,43429417,315,100,
0,43429427,3,0,
0,43429622,59,46,13
0,43429804,4,0,
0,43429941,4,0,
0,43430321,9,0,
0,43430498,4,0,
0,43430547,22,4,
0,43430582,6,1,
0,43430750,56,60,
0,43430856,58,11,
0,43431057,5,3,
0,43431068,295,159,
0,43431118,49,4,
0,43431171,31,11,
0,43431184,94,36,
0,43431299,80,47,
0,43431506,51,50,
0,43431522,146,130,
0,43431567,206,218,
0,43431587,74,65,
0,43431653,37,26,
0,43431675,302,514,
0,43431780,534,325,
0,43431816,6,0,
0,43431875,16,24,
0,43431989,17,18,
0,43432291,90,28,29
0,43432386,10,0,
0,43432485,64,32,
0,43432670,63,28,
0,43432890,274,135,
0,43433192,7,1,
0,43433382,22,1,
0,43433438,10,0,
0,43433538,14,6,
0,43433599,89,249,
0,43433689,17,3,
0,43433694,235,107,
0,43433717,11,1,
0,43434040,98,75,
0,43434093,390,195,14
0,43434100,4,0,
0,43434152,177,115,
0,43434325,96,29,
0,43434492,34,20,
0,43434730,189,96,
0,43434910,100,21,24
0,43435438,136,38,26
0,43436172,6,0,
0,43436315,163,288,
0,43436551,16,0,
0,43436643,62,37,
0,43436645,14,0,
0,43436663,8,0,
0,43436894,343,168,3
0,43436927,14,1,
0,43436933,26,76,
0,43437072,7,2,
0,43437107,5,0,
0,43437142,12,0,
0,43437268,42,25,
0,43437725,3,0,
0,43437931,8,1,
0,43438146,18,0,
0,43438192,79,17,17
0,43438206,111,111,
0,43438496,17,2,
0,43438571,3,4,
0,43438601,77,16,13
0,43438655,6,0,
0,43438659,22,6,
0,43438663,14,0,
0,43438674,14,0,
0,43438797,109,59,6
0,43438850,7,1,
0,43439096,5,0,
0,43439227,9,3,
0,43439285,16,7,
0,43439321,5,5,
0,43439398,18,22,
0,43439495,12,5,
0,43439610,185,67,18
0,43439759,76,23,
0,43439813,81,74,
0,43439862,12,1,
0,43439883,61,31,
0,43439895,8,0,
0,43439915,17,0,
0,43439939,32,20,
0,43439962,12,1,
0,43439981,28,5,
0,43439987,25,0,26
0,43440046,33,3,17
0,43440084,9,4,
0,43440174,96,77,8
0,43440184,18,0,
0,43440240,15,2,
0,43440259,19,0,
0,43440267,187,24,1
0,43440321,7,1,
0,43440449,37,27,
0,43440473,168,7,2
0,43440513,360,87,4
0,43440769,6,1,
0,43440798,8,0,
0,43440920,41,19,7
0,43440943,3,0,
0,43440955,5,0,
0,43441051,11,1,
0,43441060,20,1,
0,43441075,6,0,
0,43441093,17,9,
0,43441146,10,6,
0,43441159,10,0,
0,43441193,14,4,
0,43441199,4,0,
0,43441271,6,1,
0,43441278,6,1,
0,43441422,10,0,
0,43441457,8,0,
0,43441509,9,0,
0,43441620,11,1,
0,43441710,10,0,
0,43441809,11,0,
0,43441880,12,1,
0,43441895,61,17,6
0,43441922,8,4,
0,43441959,4,1,
0,43441961,15,5,2
0,43442021,6,1,
1,43306435,194,119,
1,43315029,167,65,
1,43321109,234,84,
1,43325049,384,324,
1,43325628,288,259,
1,43330143,119,28,
1,43331358,268,418,
1,43334589,82,56,
1,43334731,109,51,
1,43336609,187,80,
1,43336892,164,47,
1,43337703,647,206,
1,43339212,454,156,
1,43342071,134,220,
1,43342712,923,188,
1,43344082,928,561,
1,43347724,204,33,
1,43348434,43,15,
1,43349204,42,10,
1,43352503,78,64,
1,43352531,778,782,
1,43353223,291,92,
1,43353822,361,155,
1,43353925,205,30,
1,43356016,163,36,
1,43356068,79,21,
1,43356314,567,194,
1,43356995,619,514,
1,43357687,162,163,
1,43357739,502,379,
1,43358264,163,59,
1,43358914,535,142,
1,43359264,207,78,
1,43359343,138,25,
1,43359412,231,267,
1,43360150,98,25,
1,43360249,77,19,
1,43360251,421,496,
1,43360287,64,33,
1,43360522,196,91,
1,43360633,156,42,
1,43360642,314,287,
1,43361333,185,54,
1,43361389,62,36,
1,43361440,183,144,
1,43361959,564,372,
1,43362616,112,13,
1,43362667,117,11,
1,43362725,139,43,
1,43363031,448,208,
1,43363056,298,485,
1,43363247,156,32,
1,43363293,279,482,
1,43364368,81,39,
1,43364715,159,271,
1,43365083,256,56,
1,43365424,182,28,
1,43365734,90,33,
1,43366124,132,69,
1,43366671,211,85,
1,43367401,205,116,
1,43367483,27,12,
1,43367987,269,296,
1,43368365,104,29,
1,43368863,165,38,
1,43369354,87,34,
1,43369739,93,37,
1,43372227,137,21,
1,43373157,433,166,
1,43373242,319,236,
1,43373504,172,78,
1,43373765,213,215,
1,43373802,84,18,
1,43374237,126,74,
1,43374278,298,144,
1,43374369,247,93,
1,43374505,62,16,
1,43374519,311,123,
1,43374753,148,160,
1,43375918,46,2,
1,43376033,315,95,
1,43376570,52,9,
1,43376769,60,26,
1,43376793,62,37,
1,43377463,89,13,
1,43377533,125,87,
1,43377581,35,7,
1,43377690,157,35,
1,43377897,228,53,
1,43377958,36,2,
1,43377966,87,44,
1,43377998,139,67,
1,43378019,117,44,
1,43378114,105,12,
1,43378239,1928,453,
1,43378252,9,0,
1,43378266,55,14,
1,43378276,7,0,
1,43378358,227,51,
1,43378401,300,213,
1,43378436,247,14,
1,43378587,246,235,
1,43378627,196,66,
1,43378671,151,196,
1,43378822,43,4,
1,43378844,16,2,
1,43378900,101,56,
1,43379082,56,13,
1,43379173,108,68,
1,43379235,104,118,
1,43379262,234,131,
1,43379265,129,66,
1,43379917,151,21,
1,43380010,37,11,
1,43380021,40,0,
1,43380453,301,350,
1,43380622,109,37,
1,43380649,162,103,
1,43380930,370,174,
1,43381141,118,87,
1,43381512,341,470,
1,43381627,109,14,
1,43382709,31,11,
1,43384069,880,344,
1,43384402,64,8,
1,43384697,167,141,
1,43384826,112,89,
1,43384894,150,65,
1,43385127,36,7,
1,43385268,955,663,
1,43385571,27,19,
1,43385668,119,8,
1,43386004,107,14,
1,43386578,221,66,
1,43386581,85,34,
1,43386745,67,47,
1,43386973,136,104,
1,43387188,152,39,
1,43387334,142,164,
1,43387834,78,75,
1,43387936,37,5,
1,43388024,132,87,
1,43388133,529,135,
1,43388218,82,14,
1,43388296,243,112,
1,43389064,279,135,
1,43389424,28,4,
1,43389455,116,31,
1,43389970,34,66,
1,43390400,476,122,
1,43390401,49,1,19
1,43390467,300,270,
1,43390595,181,200,
1,43390747,241,219,
1,43390823,64,31,
1,43391452,58,63,
1,43391459,358,190,
1,43391823,27,1,
1,43391971,42,9,
1,43392295,100,37,
1,43392521,206,50,
1,43392549,327,41,
1,43392753,103,41,
1,43392758,27,0,
1,43392875,67,59,
1,43392950,73,33,
1,43392951,210,76,
1,43393140,30,2,
1,43393198,84,42,
1,43393613,54,21,
1,43393659,22,10,
1,43393924,210,117,
1,43394591,153,25,
1,43394698,14,7,
1,43394881,237,156,
1,43394951,174,42,
1,43395496,75,5,
1,43395897,11,4,
1,43396076,39,2,
1,43396172,180,54,
1,43396735,744,423,
1,43397055,52,9,
1,43397407,19,3,
1,43397474,236,81,
1,43397602,12,1,
1,43397625,79,41,
1,43397640,294,188,
1,43397811,64,22,
1,43397973,26,4,
1,43398081,239,82,
1,43398148,61,16,
1,43398308,135,55,12
1,43398434,207,65,
1,43398518,599,828,
1,43398539,203,50,22
1,43398605,6,1,30
1,43398652,117,52,
1,43398692,72,141,
1,43398777,53,3,
1,43398908,48,5,
1,43398968,76,26,
1,43399155,13,3,
1,43399170,58,11,
1,43399190,150,67,
1,43400989,1624,516,
1,43401179,281,113,
1,43401245,1653,1090,
1,43401378,136,126,
1,43401595,193,113,
1,43401855,514,209,
1,43402058,150,84,
1,43402102,65,24,
1,43402149,210,64,
1,43402315,335,219,
1,43402328,39,7,
1,43402361,20,2,27
1,43402790,752,533,
1,43402947,21,20,
1,43403821,95,39,9
1,43404548,250,125,
1,43404617,68,11,
1,43404858,149,38,
1,43405901,15,0,
1,43406702,64,27,
1,43406710,539,356,
1,43406777,23,5,
1,43407196,28,7,
1,43407370,14,1,
1,43408487,82,43,
1,43408540,454,652,
1,43408674,234,115,
1,43409028,206,265,
1,43409533,21,25,14
1,43410061,491,270,
1,43410247,137,46,
1,43410302,15,0,
1,43410349,110,55,
1,43410548,943,813,
1,43410692,680,283,
1,43410866,101,45,
1,43410874,163,163,10
1,43410885,286,300,
1,43410988,250,69,
1,43411258,211,361,
1,43411725,15,2,
1,43411755,105,16,
1,43411898,95,20,
1,43411934,406,193,
1,43412179,38,23,
1,43412295,45,20,
1,43412768,29,2,
1,43413125,302,216,
1,43413478,83,44,
1,43413935,600,202,
1,43413988,7,0,
1,43414235,221,74,
1,43414393,551,233,
1,43414405,119,107,
1,43414426,16,6,
1,43414742,129,92,
1,43414861,33,0,
1,43414992,111,27,
1,43415477,115,60,
1,43416074,12,0,
1,43416261,40,24,
1,43416302,149,45,
1,43416400,24,5,
1,43416481,31,13,
1,43416525,113,34,
1,43416558,36,12,
1,43416961,119,36,
1,43417038,18,0,
1,43417368,8,2,
1,43417511,258,80,
1,43417530,42,0,
1,43417620,24,1,
1,43417756,9,3,
1,43417874,26,0,
1,43417885,127,128,
1,43417894,172,33,
1,43417907,23,6,
1,43417932,289,50,
1,43418069,32,12,
1,43418120,16,3,
1,43418184,133,12,
1,43418218,162,27,
1,43418297,17,3,
1,43418556,26,5,
1,43418813,5,1,
1,43419072,90,7,
1,43419237,173,73,
1,43419240,236,128,
1,43419365,51,8,
1,43419422,104,36,
1,43419545,68,24,
1,43419701,672,547,
1,43419713,62,12,
1,43419928,149,32,
1,43419944,62,19,
1,43419996,133,93,
1,43420152,267,92,
1,43420427,24,28,
1,43420477,46,49,
1,43420678,111,37,
1,43420683,282,97,
1,43420760,43,5,
1,43420806,19,1,
1,43420889,38,3,
1,43420892,46,26,
1,43420925,14,0,
1,43421094,39,14,
1,43421324,4,0,
1,43421472,8,3,
1,43421525,39,14,
1,43421706,15,2,
1,43421881,14,9,
1,43421934,254,110,
1,43422033,253,224,
1,43422066,54,18,
1,43422162,704,656,
1,43422274,4,0,
1,43422413,945,597,
1,43422909,219,170,
1,43422928,62,5,
1,43423032,206,208,
1,43423238,83,14,
1,43423306,14,4,
1,43423523,112,11,
1,43423651,8,5,
1,43423762,72,30,
1,43423926,8,0,
1,43424038,4,0,
1,43424065,217,101,
1,43424250,4,1,
1,43424340,117,110,
1,43425032,31,28,
1,43425212,4,0,
1,43425351,42,34,
1,43425527,5,0,
1,43425537,16,19,
1,43425561,101,128,
1,43425600,12,7,
1,43425605,314,60,
1,43425649,6,0,
1,43425655,1165,673,
1,43425767,46,14,23
1,43425774,23,3,
1,43425796,17,4,
1,43425855,4,0,
1,43426022,625,289,
1,43426051,14,1,
1,43426105,7,1,18
1,43426134,12,0,
1,43426160,5,0,
1,43426449,8,10,
1,43426468,108,170,
1,43426648,10,2,
1,43426982,10,5,
1,43426984,60,26,17
1,43427002,733,578,
1,43427008,11,11,
1,43427115,122,100,
1,43427167,25,5,
1,43427274,8,3,
1,43427595,5,0,
1,43427671,15,7,
1,43427850,65,11,
1,43428197,13,0,
1,43428409,3,0,
1,43428429,5,0,
1,43429261,4,0,
1,43429403,14,3,
1,43429417,316,100,
1,43429427,3,0,
1,43429622,59,48,
1,43429804,4,0,
1,43429941,4,0,
1,43430321,9,0,
1,43430498,4,0,
1,43430547,22,4,
1,43430582,6,1,
1,43430750,56,61,
1,43430856,60,11,
1,43431057,5,3,
1,43431068,296,159,
1,43431118,49,4,
1,43431171,31,11,
1,43431184,94,37,
1,43431299,80,47,
1,43431506,53,50,
1,43431522,146,130,
1,43431567,209,219,
1,43431587,74,65,
1,43431653,37,26,
1,43431675,302,521,
1,43431780,534,327,
1,43431816,6,0,
1,43431875,16,24,
1,43431989,18,18,
1,43432291,92,28,29
1,43432386,10,0,
1,43432485,64,32,
1,43432670,63,28,
1,43432890,275,135,
1,43433192,7,1,
1,43433382,22,1,
1,43433438,10,0,
1,43433538,15,6,
1,43433599,90,250,
1,43433689,17,3,
1,43433694,236,108,
1,43433717,11,1,
1,43434040,99,75,
1,43434093,397,198,15
1,43434100,4,0,
1,43434152,177,116,
1,43434325,96,29,
1,43434492,34,20,
1,43434730,191,97,
1,43434910,106,23,25
1,43435438,138,38,28
1,43436172,7,0,
1,43436315,163,292,
1,43436551,16,0,
1,43436643,62,37,
1,43436645,14,0,
1,43436663,9,0,
1,43436894,357,177,4
1,43436927,14,1,
1,43436933,29,78,
1,43437107,5,0,
1,43437142,12,0,
1,43437268,43,25,
1,43437725,4,0,
1,43437931,8,1,
1,43438146,18,0,
1,43438192,81,17,21
1,43438206,112,111,
1,43438496,17,2,
1,43438533,3,0,
1,43438571,3,4,
1,43438601,78,16,16
1,43438655,6,0,
1,43438659,23,6,
1,43438663,15,0,
1,43438674,14,0,
1,43438797,115,64,11
1,43438850,7,1,
1,43438853,3,1,
1,43439096,5,0,
1,43439227,9,3,
1,43439285,16,7,
1,43439321,5,6,
1,43439398,19,23,
1,43439495,14,5,
1,43439610,191,70,24
1,43439759,76,26,
1,43439813,81,75,
1,43439862,12,1,
1,43439883,62,36,
1,43439895,10,0,
1,43439915,18,0,
1,43439939,33,22,
1,43439962,12,1,
1,43439981,29,5,
1,43439987,27,0,26
1,43440046,42,4,20
1,43440084,10,4,
1,43440174,98,87,
1,43440184,22,3,
1,43440240,16,3,
1,43440259,20,0,
1,43440267,218,25,2
1,43440321,7,1,
1,43440449,39,28,
1,43440473,186,10,3
1,43440513,403,109,5
1,43440557,4,0,
1,43440769,6,1,
1,43440798,8,0,
1,43440920,45,25,13
1,43440943,3,0,
1,43440955,5,0,
1,43441051,12,1,
1,43441060,20,1,
1,43441075,6,0,
1,43441146,15,12,
1,43441193,16,4,
1,43441199,4,0,
1,43441271,6,1,
1,43441278,7,1,
1,43441422,10,0,
1,43441457,10,0,
1,43441509,10,0,
1,43441620,13,2,
1,43441710,11,0,
1,43441809,11,2,
1,43441880,16,1,
1,43441895,96,23,6
1,43441922,11,10,
1,43441959,5,3,
1,43441961,52,44,1
1,43442178,8,1,
1,43442213,10,1,
1,43442218,5,0,
1,43442446,8,0,8
2,43306435,194,119,
2,43315029,167,65,
2,43321109,234,84,
2,43325049,384,324,
2,43325628,288,259,
2,43330143,119,28,
2,43331358,268,418,
2,43334589,82,56,
2,43334731,109,51,
2,43336609,187,80,
2,43336892,164,47,
2,43337703,647,206,
2,43339212,454,156,
2,43342071,134,220,
2,43342712,923,188,
2,43344082,928,561,
2,43347724,204,33,
2,43348434,43,15,
2,43349204,42,10,
2,43352503,78,64,
2,43352531,778,782,
2,43353223,291,92,
2,43353822,361,155,
2,43353925,205,30,
2,43356016,163,36,
2,43356068,79,21,
2,43356314,567,194,
2,43356995,619,514,
2,43357687,162,163,
2,43357739,502,379,
2,43358264,163,59,
2,43358914,535,142,
2,43359264,207,78,
2,43359343,138,25,
2,43359412,231,267,
2,43360150,98,25,
2,43360249,77,19,
2,43360251,421,496,
2,43360287,64,33,
2,43360522,196,91,
2,43360633,156,42,
2,43360642,314,287,
2,43361333,185,54,
2,43361389,62,36,
2,43361959,564,372,
2,43362616,112,13,
2,43362667,117,11,
2,43362725,139,43,
2,43363031,448,208,
2,43363056,298,485,
2,43363247,156,32,
2,43363293,279,482,
2,43364368,81,39,
2,43364715,159,271,
2,43365083,256,56,
2,43365424,182,28,
2,43365734,90,33,
2,43366124,132,69,
2,43366671,211,85,
2,43367401,205,116,
2,43367483,27,12,
2,43367987,269,296,
2,43368365,104,29,
2,43368863,165,38,
2,43369354,87,34,
2,43369739,93,37,
2,43372227,137,21,
2,43373157,433,166,
2,43373242,319,236,
2,43373504,172,78,
2,43373765,213,215,
2,43373802,84,18,
2,43374237,126,74,
2,43374278,298,144,
2,43374369,247,93,
2,43374505,62,16,
2,43374519,311,123,
2,43374753,148,160,
2,43375918,46,2,
2,43376033,315,95,
2,43376570,52,9,
2,43376769,60,26,
2,43376793,62,37,
2,43377463,89,13,
2,43377533,125,87,
2,43377581,35,7,
2,43377690,157,35,
2,43377897,228,53,
2,43377958,36,2,
2,43377966,87,44,
2,43377998,139,67,
2,43378019,117,44,
2,43378114,105,12,
2,43378239,1928,453,
2,43378252,9,0,
2,43378266,55,14,
2,43378276,7,0,
2,43378358,227,51,
2,43378401,300,213,
2,43378436,247,14,
2,43378587,246,235,
2,43378627,196,66,
2,43378671,151,196,
2,43378822,43,4,
2,43378844,16,2,
2,43378900,101,56,
2,43379082,56,13,
2,43379173,108,68,
2,43379235,104,118,
2,43379262,234,131,
2,43379265,129,66,
2,43379917,152,21,
2,43380010,37,11,
2,43380021,40,0,
2,43380453,301,350,
2,43380622,109,37,
2,43380649,162,103,
2,43380930,370,174,
2,43381141,118,87,
2,43381512,341,470,
2,43381627,109,14,
2,43382709,31,11,
2,43384069,881,344,
2,43384402,64,8,
2,43384697,167,141,
2,43384826,112,89,
2,43384894,150,65,
2,43385127,36,7,
2,43385268,955,663,
2,43385571,27,19,
2,43385668,119,8,
2,43386004,107,14,
2,43386578,221,66,
2,43386581,85,34,
2,43386745,67,47,
2,43386973,137,105,
2,43387188,152,39,
2,43387334,142,164,
2,43387834,78,75,
2,43387936,37,5,
2,43388024,132,88,
2,43388133,529,135,
2,43388218,82,14,
2,43388296,243,112,
2,43389064,279,137,
2,43389424,28,4,
2,43389455,116,31,
2,43390400,476,123,
2,43390401,51,1,20
2,43390467,300,270,
2,43390595,181,200,
2,43390747,241,219,
2,43390823,64,31,
2,43391452,58,63,
2,43391459,358,190,
2,43391823,27,1,
2,43391971,42,9,
2,43392295,100,37,
2,43392521,206,50,
2,43392549,327,41,
2,43392753,105,41,
2,43392758,27,0,
2,43392875,67,59,
2,43392950,73,33,
2,43392951,210,76,
2,43393140,30,2,
2,43393198,84,42,
2,43393613,54,21,
2,43393659,22,10,
2,43393924,210,117,
2,43394591,153,25,
2,43394698,14,7,
2,43394881,237,156,
2,43394951,174,42,
2,43395496,75,5,
2,43395897,11,4,
2,43396076,39,2,
2,43396172,181,54,
2,43396735,744,423,
2,43397055,52,9,
2,43397407,19,3,
2,43397474,236,81,
2,43397602,12,1,
2,43397625,80,41,
2,43397640,296,188,
2,43397811,65,22,
2,43397973,26,4,
2,43398081,239,82,
2,43398148,61,16,
2,43398308,138,58,10
2,43398410,22,3,5
2,43398434,207,65,
2,43398518,599,828,
2,43398539,209,51,20
2,43398605,6,1,
2,43398652,117,52,
2,43398692,72,141,
2,43398777,53,3,
2,43398908,48,5,
2,43398968,76,26,
2,43399155,13,3,
2,43399170,58,11,
2,43399190,150,67,
2,43400989,1624,516,
2,43401179,281,113,
2,43401245,1654,1090,
2,43401378,136,126,
2,43401595,193,113,
2,43401855,514,209,
2,43402058,151,84,
2,43402102,65,24,
2,43402149,210,64,
2,43402315,335,219,
2,43402328,39,7,
2,43402361,20,2,
2,43402790,752,533,
2,43402947,21,20,
2,43403821,107,44,6
2,43404548,250,125,
2,43404617,68,11,
2,43404858,149,38,
2,43405901,15,0,
2,43406702,64,27,
2,43406710,539,356,
2,43406777,23,5,
2,43407196,28,7,
2,43407370,14,1,
2,43408487,84,43,
2,43408540,455,652,
2,43408674,234,115,
2,43409028,206,265,
2,43409533,24,32,14
2,43410061,491,271,
2,43410247,137,46,
2,43410302,15,0,
2,43410349,110,55,
2,43410548,943,813,
2,43410692,680,283,
2,43410866,101,45,
2,43410874,180,184,9
2,43410885,286,300,
2,43410988,250,69,
2,43411258,211,361,
2,43411725,15,2,
2,43411755,105,16,
2,43411898,95,20,
2,43411934,406,193,
2,43412179,38,23,
2,43412295,45,20,
2,43412768,29,2,
2,43413125,302,216,
2,43413478,83,44,
2,43413935,600,202,
2,43413988,7,0,
2,43414235,221,74,
2,43414393,551,234,
2,43414405,119,107,
2,43414426,16,6,
2,43414742,129,92,
2,43414743,8,1,
2,43414861,33,0,
2,43414992,111,27,
2,43415477,115,60,
2,43416074,12,0,
2,43416261,40,24,
2,43416302,149,45,
2,43416400,24,5,
2,43416481,31,13,
2,43416525,113,34,
2,43416558,36,12,
2,43416961,119,36,
2,43417038,18,0,
2,43417368,8,2,
2,43417511,258,80,
2,43417530,42,0,
2,43417613,4,1,
2,43417620,24,1,
2,43417756,9,3,
2,43417874,26,0,
2,43417885,127,128,
2,43417894,172,33,
2,43417907,23,6,
2,43417932,289,50,
2,43418069,32,12,
2,43418120,16,3,
2,43418184,133,12,
2,43418218,162,27,
2,43418297,17,3,
2,43418556,26,5,
2,43418813,5,1,
2,43419072,90,7,
2,43419237,173,73,
2,43419240,236,128,
2,43419365,51,8,
2,43419422,104,36,
2,43419545,68,24,
2,43419701,674,548,
2,43419713,62,12,
2,43419928,149,32,
2,43419944,62,19,
2,43419996,133,93,
2,43420152,268,92,
2,43420427,24,28,
2,43420477,46,49,
2,43420678,111,37,
2,43420683,282,97,
2,43420760,43,5,
2,43420806,19,1,
2,43420889,38,3,
2,43420892,46,26,
2,43420925,14,0,
2,43421094,39,14,
2,43421324,4,0,
2,43421472,8,3,
2,43421525,40,14,
2,43421706,15,2,
2,43421881,14,9,
2,43421934,256,110,
2,43422033,253,226,
2,43422162,706,657,
2,43422274,4,0,
2,43422413,945,597,
2,43422909,220,170,
2,43422928,62,5,
2,43423032,206,208,
2,43423238,83,14,
2,43423306,14,4,
2,43423523,112,11,
2,43423651,8,5,
2,43423762,72,30,
2,43424038,4,0,
2,43424065,217,101,
2,43424250,4,1,
2,43424340,117,110,
2,43425032,31,28,
2,43425212,4,0,
2,43425351,42,34,
2,43425527,5,0,
2,43425537,16,19,
2,43425561,101,128,
2,43425600,12,7,
2,43425605,314,60,
2,43425649,6,0,
2,43425655,1167,675,
2,43425767,51,14,23
2,43425774,23,3,
2,43425796,17,4,
2,43425855,4,0,
2,43426022,626,290,
2,43426051,14,1,
2,43426105,9,2,13
2,43426134,12,0,
2,43426160,5,0,
2,43426449,8,10,
2,43426468,108,172,
2,43426648,10,2,
2,43426982,10,5,
2,43426984,67,32,18
2,43427002,735,580,
2,43427008,11,11,
2,43427115,122,100,
2,43427167,25,5,
2,43427274,8,3,
2,43427595,5,0,
2,43427671,15,7,
2,43427850,66,11,
2,43428197,13,0,
2,43428409,3,0,
2,43428429,5,0,
2,43429261,4,0,
2,43429403,14,3,
2,43429417,316,101,
2,43429427,3,0,
2,43429622,60,52,
2,43429804,4,0,
2,43429941,4,0,
2,43430321,10,0,
2,43430498,4,0,
2,43430547,22,4,
2,43430582,6,1,
2,43430750,56,61,
2,43430856,60,11,
2,43431057,5,3,
2,43431068,296,159,
2,43431118,49,4,
2,43431171,32,11,
2,43431184,94,37,
2,43431299,80,47,
2,43431506,53,50,
2,43431522,146,130,
2,43431567,211,221,
2,43431587,74,65,
2,43431653,38,26,
2,43431675,303,523,
2,43431780,534,327,
2,43431816,6,0,
2,43431875,16,24,
2,43431989,18,18,
2,43432291,93,28,29
2,43432386,10,0,
2,43432485,64,32,
2,43432670,63,28,
2,43432890,275,135,
2,43433192,7,1,
2,43433382,22,1,
2,43433438,10,0,
2,43433538,15,6,
2,43433599,91,252,
2,43433689,17,3,
2,43433694,236,109,
2,43434040,100,75,
2,43434093,404,202,14
2,43434100,4,0,
2,43434152,177,116,
2,43434325,96,29,
2,43434492,34,20,
2,43434730,191,97,
2,43434910,110,24,24
2,43435438,143,38,27
2,43436172,7,0,
2,43436315,164,299,
2,43436551,18,0,
2,43436645,14,0,
2,43436663,9,0,
2,43436894,364,181,4
2,43436927,14,1,
2,43436933,31,78,
2,43437107,6,0,
2,43437142,12,0,
2,43437268,43,26,
2,43437725,4,0,
2,43437931,8,1,
2,43438146,18,0,
2,43438192,85,18,21
2,43438206,113,111,
2,43438496,17,2,
2,43438533,4,0,
2,43438571,3,4,
2,43438601,79,18,16
2,43438655,6,0,
2,43438659,24,6,
2,43438663,16,0,
2,43438674,14,0,
2,43438797,117,64,11
2,43438850,7,1,
2,43438853,4,1,
2,43439096,5,0,
2,43439227,9,3,
2,43439285,17,7,
2,43439321,5,6,
2,43439398,19,23,
2,43439495,14,5,
2,43439610,202,75,23
2,43439759,77,26,
2,43439813,81,75,
2,43439862,12,1,
2,43439883,65,38,
2,43439895,12,0,
2,43439915,20,0,
2,43439939,34,25,
2,43439962,12,1,
2,43439981,29,5,
2,43439987,29,0,27
2,43440046,54,7,15
2,43440084,10,4,
2,43440174,101,90,
2,43440184,34,11,26
2,43440240,17,3,
2,43440259,20,0,
2,43440267,231,27,1
2,43440321,7,1,
2,43440449,39,28,
2,43440473,205,15,2
2,43440513,439,114,5
2,43440557,5,0,
2,43440769,6,1,
2,43440798,8,0,
2,43440920,48,26,25
2,43440943,3,0,
2,43440955,5,0,
2,43441051,12,1,
2,43441060,20,1,
2,43441075,6,0,
2,43441146,18,12,
2,43441193,17,4,
2,43441199,5,0,
2,43441233,5,3,
2,43441271,6,1,
2,43441278,8,1,
2,43441422,11,1,
2,43441457,10,0,
2,43441509,10,0,
2,43441620,13,2,
2,43441809,13,2,
2,43441880,18,1,
2,43441895,100,27,
2,43441922,12,12,
2,43441959,5,4,
2,43441961,65,51,7
2,43442107,20,1,8
2,43442178,65,12,2
2,43442213,11,1,
2,43442446,12,0,
2,43442582,5,0,
2,43442584,5,2,
3,43306435,194,119,
3,43315029,167,65,
3,43321109,234,84,
3,43325049,384,325,
3,43325628,288,259,
3,43330143,119,28,
3,43331358,268,418,
3,43334589,82,56,
3,43334731,109,51,
3,43336609,187,80,
3,43336892,164,47,
3,43337703,647,206,
3,43339212,454,156,
3,43342071,134,220,
3,43342712,924,188,
3,43344082,929,561,
3,43347724,204,33,
3,43348434,43,15,
3,43349204,42,10,
3,43352503,78,64,
3,43352531,778,782,
3,43353223,291,92,
3,43353822,361,155,
3,43353925,205,30,
3,43356016,163,36,
3,43356068,79,21,
3,43356314,567,194,
3,43356995,619,514,
3,43357687,162,163,
3,43357739,502,379,
3,43358264,163,59,
3,43358914,535,142,
3,43359264,207,78,
3,43359343,138,25,
3,43359412,231,267,
3,43360150,98,25,
3,43360249,77,19,
3,43360251,421,496,
3,43360287,64,33,
3,43360522,196,91,
3,43360633,156,42,
3,43360642,314,287,
3,43361333,185,54,
3,43361389,62,36,
3,43361959,564,372,
3,43362616,112,13,
3,43362667,117,11,
3,43362725,139,43,
3,43363031,448,208,
3,43363056,298,485,
3,43363247,156,32,
3,43363293,279,482,
3,43364368,81,39,
3,43364715,159,271,
3,43365083,256,56,
3,43365424,182,28,
3,43365734,90,33,
3,43366124,132,69,
3,43366671,211,85,
3,43367401,205,116,
3,43367483,27,12,
3,43367987,269,296,
3,43368365,104,29,
3,43368863,165,38,
3,43369354,87,34,
3,43369739,93,37,
3,43372227,137,21,
3,43373157,433,166,
3,43373242,319,236,
3,43373504,172,78,
3,43373765,213,216,
3,43373802,84,18,
3,43374237,126,74,
3,43374278,299,144,
3,43374369,247,93,
3,43374505,62,16,
3,43374519,311,123,
3,43374753,148,160,
3,43375918,46,2,
3,43376033,315,95,
3,43376570,52,9,
3,43376769,60,27,
3,43376793,62,37,
3,43377463,89,13,
3,43377533,125,87,
3,43377581,36,7,
3,43377690,157,35,
3,43377897,228,53,
3,43377958,36,2,
3,43377966,87,44,
3,43377998,139,67,
3,43378019,117,44,
3,43378114,105,12,
3,43378239,1928,453,
3,43378252,9,0,
3,43378266,55,14,
3,43378276,7,0,
3,43378358,228,51,
3,43378401,300,213,
3,43378436,247,14,
3,43378587,246,235,
3,43378627,196,66,
3,43378671,151,196,
3,43378822,43,4,
3,43378844,16,2,
3,43378900,101,56,
3,43379082,56,13,
3,43379173,108,68,
3,43379235,104,118,
3,43379262,234,131,
3,43379265,129,66,
3,43379917,152,21,
3,43380010,37,11,
3,43380021,40,0,
3,43380453,301,350,
3,43380622,109,37,
3,43380649,162,103,
3,43380930,370,174,
3,43381141,118,87,
3,43381512,341,470,
3,43381627,109,14,
3,43382709,31,11,
3,43384069,881,344,
3,43384402,64,8,
3,43384697,167,141,
3,43384826,112,89,
3,43384894,150,65,
3,43385127,36,7,
3,43385268,955,663,
3,43385571,27,19,
3,43385668,119,8,
3,43386004,107,14,
3,43386578,221,66,
3,43386581,85,34,
3,43386745,67,47,
3,43386973,137,105,
3,43387188,152,39,
3,43387334,142,164,
3,43387834,78,75,
3,43387936,37,5,
3,43388024,132,88,
3,43388133,529,135,
3,43388218,82,15,
3,43388296,243,112,
3,43389064,279,137,
3,43389424,28,4,
3,43389455,116,31,
3,43390400,476,123,
3,43390401,52,1,21
3,43390467,300,270,
3,43390595,181,200,
3,43390747,241,219,
3,43390823,64,31,
3,43391452,59,63,
3,43391459,358,190,
3,43391823,27,1,
3,43391971,42,9,
3,43392295,100,37,
3,43392521,206,50,
3,43392549,327,41,
3,43392753,105,41,
3,43392758,27,0,
3,43392875,67,59,
3,43392950,73,33,
3,43392951,210,76,
3,43393140,30,2,
3,43393198,84,42,
3,43393613,54,21,
3,43393659,22,10,
3,43393924,210,117,
3,43394591,153,25,
3,43394698,14,7,
3,43394881,238,156,
3,43394951,174,42,
3,43395496,75,5,
3,43395897,11,4,
3,43396076,39,2,
3,43396172,182,54,
3,43396735,744,423,
3,43397055,52,9,
3,43397407,19,3,
3,43397474,236,81,
3,43397602,12,1,
3,43397625,80,41,
3,43397640,301,188,
3,43397811,66,22,
3,43397973,26,4,
3,43398081,239,82,
3,43398148,61,16,
3,43398308,143,58,12
3,43398410,27,5,6
3,43398434,207,65,
3,43398518,599,829,
3,43398539,215,52,19
3,43398605,6,1,
3,43398652,117,52,
3,43398692,72,141,
3,43398777,53,3,
3,43398908,49,5,
3,43398968,76,26,
3,43399127,7,3,10
3,43399155,13,3,
3,43399170,58,11,
3,43399190,150,68,
3,43400989,1624,516,
3,43401179,282,113,
3,43401245,1654,1090,
3,43401378,136,126,
3,43401595,193,113,
3,43401855,514,209,
3,43402058,151,84,
3,43402102,65,24,
3,43402149,211,64,
3,43402315,335,219,
3,43402328,39,7,
3,43402361,21,2,
3,43402790,752,533,
3,43402947,21,20,
3,43403821,117,67,7
3,43404548,250,125,
3,43404617,68,11,
3,43404858,149,38,
3,43405901,15,0,
3,43406702,64,27,
3,43406710,539,356,
3,43406777,23,5,
3,43407196,29,8,
3,43407370,14,1,
3,43408487,85,44,
3,43408540,455,652,
3,43408674,235,115,
3,43409028,206,267,
3,43409533,28,40,17
3,43410061,491,271,
3,43410247,137,46,
3,43410302,15,0,
3,43410349,110,55,
3,43410548,944,813,
3,43410692,681,283,
3,43410866,101,45,
3,43410874,187,192,11
3,43410885,287,300,
3,43410988,251,69,
3,43411258,211,361,
3,43411725,15,2,
3,43411755,105,16,
3,43411898,95,20,
3,43411934,406,193,
3,43412179,38,23,
3,43412295,45,20,
3,43412768,29,2,
3,43413125,302,216,
3,43413478,83,44,
3,43413935,600,202,
3,43413988,7,0,
3,43414235,221,74,
3,43414393,551,234,
3,43414405,119,107,
3,43414426,16,6,
3,43414742,129,92,
3,43414743,8,1,
3,43414992,111,27,
3,43415477,115,60,
3,43416074,12,0,
3,43416261,40,24,
3,43416302,149,45,
3,43416400,24,5,
3,43416481,31,13,
3,43416525,113,34,
3,43416558,36,12,
3,43416961,119,36,
3,43417038,18,0,
3,43417368,8,2,
3,43417511,258,80,
3,43417530,42,0,
3,43417613,4,1,
3,43417620,24,1,
3,43417756,9,3,
3,43417874,26,0,
3,43417885,127,128,
3,43417894,172,33,
3,43417907,23,6,
3,43417932,289,50,
3,43418069,32,12,
3,43418120,16,3,
3,43418184,133,12,
3,43418218,162,27,
3,43418297,17,3,
3,43418556,26,5,
3,43418813,5,1,
3,43419072,90,7,
3,43419237,173,73,
3,43419240,236,128,
3,43419365,51,8,
3,43419422,104,36,
3,43419545,68,24,
3,43419701,675,548,
3,43419713,62,12,
3,43419928,149,32,
3,43419944,62,19,
3,43419996,133,93,
3,43420152,268,92,
3,43420427,24,28,
3,43420477,46,49,
3,43420678,111,37,
3,43420683,282,97,
3,43420760,43,5,
3,43420806,19,1,
3,43420889,38,3,
3,43420892,46,26,
3,43420925,14,0,
3,43421094,39,14,
3,43421324,4,0,
3,43421472,8,3,
3,43421525,41,15,
3,43421706,15,2,
3,43421881,14,9,
3,43421934,256,111,
3,43422033,253,226,
3,43422162,707,658,
3,43422274,4,0,
3,43422413,945,597,
3,43422909,221,170,
3,43422928,63,5,
3,43423032,206,209,
3,43423238,83,14,
3,43423306,14,4,
3,43423523,112,11,
3,43423651,8,5,
3,43423762,72,30,
3,43424038,4,0,
3,43424065,217,101,
3,43424250,4,1,
3,43424340,117,110,
3,43425032,31,28,
3,43425212,4,0,
3,43425351,42,34,
3,43425527,5,0,
3,43425561,101,128,
3,43425600,12,7,
3,43425605,315,60,
3,43425649,6,0,
3,43425655,1168,677,
3,43425767,53,17,
3,43425774,24,3,
3,43425796,18,4,
3,43425855,4,0,
3,43426022,627,290,
3,43426051,14,1,
3,43426105,10,2,22
3,43426134,12,0,
3,43426160,5,0,
3,43426449,8,10,
3,43426468,108,172,
3,43426648,10,2,
3,43426984,68,32,17
3,43427002,737,582,
3,43427115,122,100,
3,43427167,25,5,
3,43427274,9,3,
3,43427595,5,0,
3,43427671,15,7,
3,43427850,67,11,
3,43428197,13,0,
3,43428409,3,0,
3,43428429,5,0,
3,43429261,4,0,
3,43429403,14,3,
3,43429417,317,101,
3,43429427,3,0,
3,43429622,61,53,
3,43429804,4,0,
3,43429941,4,0,
3,43430321,10,0,
3,43430498,4,0,
3,43430547,22,4,
3,43430582,6,1,
3,43430750,56,61,
3,43430856,60,11,
3,43431057,5,3,
3,43431068,297,159,
3,43431118,49,4,
3,43431171,33,11,
3,43431184,94,37,
3,43431299,80,47,
3,43431506,54,53,
3,43431522,147,131,
3,43431567,211,221,
3,43431587,74,65,
3,43431653,38,26,
3,43431675,303,525,
3,43431780,535,328,
3,43431816,6,0,
3,43431875,16,24,
3,43431989,18,18,
3,43432291,94,30,29
3,43432386,10,0,
3,43432485,64,32,
3,43432670,63,28,
3,43432890,275,135,
3,43433192,7,1,
3,43433382,22,1,
3,43433438,10,0,
3,43433538,15,6,
3,43433599,92,254,
3,43433689,17,3,
3,43433694,237,110,
3,43434040,101,75,
3,43434093,415,202,15
3,43434100,4,0,
3,43434152,177,116,
3,43434325,96,29,
3,43434492,35,21,
3,43434730,193,97,
3,43434910,114,27,26
3,43435438,146,38,27
3,43436172,7,0,
3,43436315,164,303,
3,43436551,18,0,
3,43436645,14,0,
3,43436663,11,0,
3,43436894,373,185,5
3,43436927,14,1,
3,43436933,32,80,
3,43437107,7,0,
3,43437142,12,0,
3,43437268,44,26,
3,43437725,4,0,
3,43437931,8,1,
3,43438146,19,0,
3,43438192,87,20,20
3,43438206,113,112,
3,43438496,17,2,
3,43438533,5,0,
3,43438571,3,4,
3,43438601,81,18,18
3,43438655,7,0,
3,43438659,24,6,
3,43438663,16,0,
3,43438674,15,0,
3,43438797,126,64,13
3,43438850,9,1,
3,43438853,4,1,
3,43439096,5,0,
3,43439227,9,3,
3,43439285,17,7,
3,43439321,5,6,
3,43439398,20,23,
3,43439495,15,6,
3,43439610,214,78,23
3,43439759,78,26,
3,43439813,82,81,
3,43439862,13,1,
3,43439883,67,41,
3,43439895,13,0,
3,43439915,21,0,
3,43439939,36,25,
3,43439962,12,1,
3,43439981,32,5,
3,43439987,30,0,28
3,43440046,65,8,16
3,43440084,10,4,
3,43440174,106,92,
3,43440184,40,15,24
3,43440240,18,3,
3,43440259,20,0,
3,43440267,244,27,3
3,43440321,7,2,
3,43440449,43,30,
3,43440473,219,15,4
3,43440513,466,117,6
3,43440769,7,1,
3,43440798,9,0,
3,43440920,51,26,29
3,43440943,3,0,
3,43440955,5,0,
3,43441051,12,1,
3,43441075,6,0,
3,43441146,18,12,
3,43441193,19,4,
3,43441199,5,0,
3,43441233,6,3,
3,43441271,6,1,
3,43441278,8,1,
3,43441422,11,1,
3,43441457,10,0,
3,43441509,11,0,
3,43441620,13,2,
3,43441809,15,3,
3,43441860,3,0,
3,43441872,6,1,
3,43441880,20,1,
3,43441895,102,26,
3,43441922,15,12,
3,43441959,5,4,
3,43441961,73,65,18
3,43442107,28,7,8
3,43442178,100,33,2
3,43442213,14,1,
3,43442446,14,1,
3,43442582,8,0,
3,43442584,6,2,
3,43442809,8,0,
3,43442917,84,14,1
4,43306435,194,119,
4,43315029,167,65,
4,43321109,234,84,
4,43325049,384,325,
4,43325628,288,259,
4,43330143,119,28,
4,43331358,268,418,
4,43334589,82,56,
4,43334731,109,51,
4,43336609,187,80,
4,43336892,164,47,
4,43337703,647,206,
4,43339206,197,215,
4,43339212,454,156,
4,43340196,312,207,
4,43342071,134,220,
4,43342712,924,188,
4,43344082,929,561,
4,43347724,205,33,
4,43348434,43,15,
4,43349204,42,10,
4,43352503,79,64,
4,43352531,778,782,
4,43353223,291,92,
4,43353822,361,155,
4,43353925,205,30,
4,43356016,164,36,
4,43356068,79,21,
4,43356314,567,194,
4,43356995,619,514,
4,43357687,162,163,
4,43357739,502,379,
4,43358264,163,59,
4,43358914,535,142,
4,43359264,207,78,
4,43359343,138,25,
4,43359412,231,267,
4,43360150,98,25,
4,43360249,77,19,
4,43360251,421,496,
4,43360287,64,33,
4,43360522,196,91,
4,43360633,157,42,
4,43360642,314,287,
4,43361333,185,54,
4,43361389,62,36,
4,43361959,564,372,
4,43362616,112,13,
4,43362667,117,11,
4,43362725,139,43,
4,43363031,448,208,
4,43363056,298,485,
4,43363247,156,32,
4,43363293,279,482,
4,43364368,81,39,
4,43364715,159,271,
4,43365083,256,56,
4,43365424,182,28,
4,43365734,90,33,
4,43366124,132,69,
4,43366671,211,85,
4,43367401,205,116,
4,43367483,27,12,
4,43367987,269,296,
4,43368365,104,29,
4,43368863,165,38,
4,43369354,87,34,
4,43369739,94,37,
4,43372227,137,21,
4,43373157,433,166,
4,43373242,319,236,
4,43373504,172,78,
4,43373765,213,216,
4,43373802,84,18,
4,43374237,126,74,
4,43374278,300,144,
4,43374369,247,93,
4,43374505,62,16,
4,43374519,311,123,
4,43374753,148,160,
4,43375918,46,2,
4,43376033,315,95,
4,43376570,52,9,
4,43376769,60,27,
4,43376793,62,37,
4,43377463,89,13,
4,43377533,125,87,
4,43377581,36,7,
4,43377690,157,35,
4,43377897,228,53,
4,43377958,36,2,
4,43377966,87,44,
4,43377998,139,67,
4,43378019,117,44,
4,43378114,105,12,
4,43378239,1930,453,
4,43378252,9,0,
4,43378266,55,14,
4,43378276,7,0,
4,43378358,228,51,
4,43378401,300,213,
4,43378436,247,14,
4,43378587,246,235,
4,43378627,197,66,
4,43378671,151,196,
4,43378822,43,4,
4,43378844,16,2,
4,43378900,101,56,
4,43379082,56,13,
4,43379173,108,68,
4,43379235,104,118,
4,43379262,235,131,
4,43379265,129,66,
4,43379917,152,21,
4,43380010,37,11,
4,43380021,40,0,
4,43380453,302,350,
4,43380622,109,37,
4,43380649,162,103,
4,43380930,370,174,
4,43381141,119,87,
4,43381512,341,470,
4,43381627,110,14,
4,43382709,31,11,
4,43384069,882,344,
4,43384402,64,8,
4,43384697,168,141,
4,43384826,112,89,
4,43384894,150,65,
4,43385127,36,7,
4,43385268,955,663,
4,43385571,27,19,
4,43385668,119,8,
4,43386004,107,14,
4,43386578,221,66,
4,43386581,85,34,
4,43386745,67,47,
4,43386973,137,105,
4,43387188,152,39,
4,43387334,142,164,
4,43387834,78,75,
4,43387936,37,5,
4,43388024,132,88,
4,43388133,529,135,
4,43388218,82,15,
4,43388296,243,112,
4,43389064,279,137,
4,43389424,28,4,
4,43389455,117,31,
4,43390400,476,123,
4,43390401,57,1,24
4,43390467,301,270,
4,43390595,181,200,
4,43390747,241,219,
4,43390823,64,31,
4,43391452,59,63,
4,43391459,358,190,
4,43391823,27,1,
4,43391971,42,9,
4,43392295,100,37,
4,43392521,206,50,
4,43392549,327,41,
4,43392753,108,41,
4,43392758,27,0,
4,43392875,67,59,
4,43392950,73,33,
4,43392951,211,77,
4,43393140,30,2,
4,43393198,84,42,
4,43393613,54,21,
4,43393659,22,10,
4,43393924,210,117,
4,43394591,153,25,
4,43394698,14,7,
4,43394881,238,156,
4,43394951,174,42,
4,43395496,75,5,
4,43395897,11,4,
4,43396076,39,2,
4,43396172,182,54,
4,43396735,744,423,
4,43397055,52,9,
4,43397407,19,3,
4,43397474,236,81,
4,43397602,12,1,
4,43397625,81,41,
4,43397640,304,188,
4,43397811,66,22,
4,43397973,26,4,
4,43398081,239,82,
4,43398148,61,16,
4,43398308,149,59,11
4,43398410,32,4,8
4,43398434,207,65,
4,43398518,599,829,
4,43398539,223,53,19
4,43398605,6,1,
4,43398652,117,52,
4,43398692,72,141,
4,43398777,53,3,
4,43398908,50,5,
4,43398968,76,26,
4,43399127,11,5,7
4,43399155,13,3,
4,43399170,58,11,
4,43399190,150,68,
4,43400989,1624,516,
4,43401179,282,113,
4,43401245,1654,1090,
4,43401378,136,126,
4,43401595,193,113,
4,43401855,514,209,
4,43402058,151,84,
4,43402102,65,24,
4,43402149,211,64,
4,43402315,335,219,
4,43402328,39,7,
4,43402361,21,2,
4,43402790,752,533,
4,43402947,21,20,
4,43403321,10,2,9
4,43403821,134,81,7
4,43404548,250,125,
4,43404617,68,11,
4,43404858,149,38,
4,43405901,15,0,
4,43406702,64,27,
4,43406710,539,356,
4,43406777,23,5,
4,43407196,30,8,
4,43407370,14,1,
4,43408487,86,44,
4,43408540,455,653,
4,43408674,235,115,
4,43409028,206,267,
4,43409533,29,42,21
4,43410061,491,271,
4,43410247,137,46,
4,43410302,15,0,
4,43410349,110,55,
4,43410548,944,813,
4,43410692,681,283,
4,43410866,101,45,
4,43410874,201,203,11
4,43410885,287,300,
4,43410988,251,69,
4,43411258,211,361,
4,43411725,15,2,
4,43411755,105,16,
4,43411898,95,20,
4,43411934,406,193,
4,43412179,38,23,
4,43412295,45,20,
4,43412768,29,2,
4,43413125,302,216,
4,43413478,83,44,
4,43413935,600,202,
4,43413988,7,0,
4,43414235,221,74,
4,43414393,551,234,
4,43414405,119,107,
4,43414426,16,6,
4,43414742,129,92,
4,43414743,8,1,
4,43414992,111,27,
4,43415477,115,60,
4,43416074,12,0,
4,43416261,40,24,
4,43416302,149,45,
4,43416400,24,5,
4,43416481,31,13,
4,43416525,113,34,
4,43416558,36,12,
4,43416961,119,36,
4,43417038,18,0,
4,43417368,8,2,
4,43417511,258,80,
4,43417530,42,0,
4,43417613,4,1,
4,43417620,24,1,
4,43417756,9,3,
4,43417874,26,0,
4,43417885,128,128,
4,43417894,173,33,
4,43417907,23,6,
4,43417932,289,50,
4,43418069,32,12,
4,43418120,16,3,
4,43418184,133,12,
4,43418218,162,27,
4,43418297,17,3,
4,43418556,26,5,
4,43418813,5,1,
4,43419072,90,7,
4,43419237,173,73,
4,43419240,236,128,
4,43419365,51,8,
4,43419422,104,36,
4,43419545,68,24,
4,43419701,676,548,
4,43419713,62,12,
4,43419928,149,32,
4,43419944,62,19,
4,43419996,133,93,
4,43420152,269,92,
4,43420427,24,28,
4,43420477,46,49,
4,43420678,111,37,
4,43420683,282,97,
4,43420760,43,5,
4,43420806,19,1,
4,43420889,38,3,
4,43420892,46,26,
4,43420925,14,0,
4,43421094,39,14,
4,43421324,4,0,
4,43421472,8,3,
4,43421525,42,15,
4,43421706,15,2,
4,43421881,14,9,
4,43421934,257,111,
4,43422033,253,226,
4,43422162,710,660,
4,43422274,4,0,
4,43422413,945,597,
4,43422909,221,170,
4,43422928,64,5,
4,43423032,206,209,
4,43423238,83,14,
4,43423306,14,4,
4,43423523,112,11,
4,43423651,8,5,
4,43423762,72,30,
4,43424038,4,0,
4,43424065,217,101,
4,43424250,4,1,
4,43424340,117,110,
4,43425032,31,28,
4,43425212,4,0,
4,43425351,42,34,
4,43425527,5,0,
4,43425561,101,128,
4,43425600,12,7,
4,43425605,315,60,
4,43425649,6,0,
4,43425655,1169,678,
4,43425767,54,18,
4,43425774,24,3,
4,43425796,18,4,
4,43425855,4,0,
4,43426022,628,290,
4,43426051,14,1,
4,43426105,12,2,25
4,43426134,12,0,
4,43426160,5,0,
4,43426449,8,11,
4,43426468,108,173,
4,43426648,10,2,
4,43426984,74,34,18
4,43427002,740,584,
4,43427115,123,100,
4,43427167,25,5,
4,43427274,9,3,
4,43427595,5,0,
4,43427671,15,7,
4,43427850,68,11,
4,43428197,13,0,
4,43428409,3,0,
4,43428429,5,0,
4,43429261,4,0,
4,43429403,14,3,
4,43429417,317,101,
4,43429427,3,0,
4,43429622,62,56,
4,43429804,4,0,
4,43429941,4,0,
4,43430321,10,0,
4,43430498,4,0,
4,43430547,22,4,
4,43430582,6,1,
4,43430750,56,61,
4,43430856,60,11,
4,43431057,5,3,
4,43431068,298,159,
4,43431118,49,4,
4,43431171,33,11,
4,43431184,94,37,
4,43431506,55,53,
4,43431522,147,131,
4,43431567,212,223,
4,43431587,74,65,
4,43431653,38,26,
4,43431675,306,527,
4,43431780,535,330,
4,43431816,6,0,
4,43431875,16,24,
4,43431989,18,19,
4,43432291,94,30,
4,43432386,10,0,
4,43432485,64,32,
4,43432670,63,28,
4,43432890,276,136,
4,43433192,7,1,
4,43433382,22,1,
4,43433438,10,0,
4,43433538,15,6,
4,43433599,92,255,
4,43433689,17,3,
4,43433694,239,110,
4,43434040,101,75,
4,43434093,420,205,16
4,43434100,4,0,
4,43434152,177,116,
4,43434325,96,29,
4,43434492,36,21,
4,43434730,194,97,
4,43434910,119,29,29
4,43435438,149,38,29
4,43436172,7,0,
4,43436315,165,304,
4,43436551,19,0,
4,43436645,14,0,
4,43436663,11,0,
4,43436894,392,186,5
4,43436927,14,1,
4,43436933,33,81,
4,43437142,12,0,
4,43437268,44,26,
4,43437725,4,0,
4,43437931,8,1,
4,43438146,20,0,
4,43438192,90,21,21
4,43438206,113,112,
4,43438533,5,0,
4,43438571,3,4,
4,43438601,85,18,19
4,43438655,7,0,
4,43438659,24,6,
4,43438663,16,0,
4,43438674,15,0,
4,43438797,133,65,15
4,43438850,9,1,
4,43438853,4,1,
4,43439096,5,0,
4,43439227,9,3,
4,43439285,17,7,
4,43439321,5,6,
4,43439398,20,23,
4,43439495,15,6,
4,43439610,222,81,25
4,43439759,79,26,
4,43439813,82,81,
4,43439862,13,1,
4,43439883,71,42,
4,43439895,13,0,
4,43439915,22,0,
4,43439939,36,26,
4,43439962,12,1,
4,43439981,32,5,
4,43439987,35,0,
4,43440046,73,11,17
4,43440084,10,4,
4,43440174,108,96,
4,43440184,53,20,23
4,43440259,20,0,
4,43440267,256,30,3
4,43440321,7,1,
4,43440449,44,34,
4,43440473,239,21,4
4,43440513,500,124,6
4,43440769,7,1,
4,43440798,9,0,
4,43440920,55,30,27
4,43440943,3,0,
4,43440955,5,0,
4,43441051,13,1,
4,43441075,6,0,
4,43441089,6,0,
4,43441146,18,15,
4,43441193,19,4,
4,43441199,5,0,
4,43441233,6,3,
4,43441271,6,1,
4,43441422,11,1,
4,43441457,10,0,
4,43441509,11,0,
4,43441620,13,2,
4,43441809,17,3,
4,43441860,3,0,
4,43441872,9,1,
4,43441880,20,1,
4,43441895,102,27,
4,43441959,5,5,
4,43441961,83,69,18
4,43442107,31,7,9
4,43442178,133,49,2
4,43442213,14,1,
4,43442239,6,0,
4,43442446,16,1,
4,43442582,8,0,
4,43442584,6,2,
4,43442694,20,4,6
4,43442809,10,0,
4,43442917,135,43,1
4,43443230,4,0,
4,43443233,12,0,
4,43443376,7,2,
5,43306435,194,119,
5,43315029,167,65,
5,43321109,234,84,
5,43325049,384,325,
5,43325628,288,259,
5,43330143,119,28,
5,43331358,268,418,
5,43334589,82,56,
5,43334731,109,51,
5,43336609,187,80,
5,43336892,164,47,
5,43337703,647,206,
5,43339206,197,215,
5,43339212,454,156,
5,43340196,312,207,
5,43342071,134,220,
5,43342712,924,188,
5,43344082,929,561,
5,43347724,205,33,
5,43348434,43,15,
5,43349204,42,10,
5,43352503,79,64,
5,43352531,778,782,
5,43353223,291,92,
5,43353822,361,155,
5,43353925,205,30,
5,43356016,164,36,
5,43356068,79,21,
5,43356314,567,194,
5,43356995,619,514,
5,43357687,162,163,
5,43357739,502,379,
5,43358264,163,59,
5,43358914,535,142,
5,43359264,207,78,
5,43359343,138,25,
5,43359412,231,267,
5,43360150,98,25,
5,43360249,77,19,
5,43360251,421,496,
5,43360287,64,33,
5,43360522,196,91,
5,43360633,157,42,
5,43360642,314,287,
5,43361333,185,54,
5,43361389,62,36,
5,43361959,564,372,
5,43362616,112,13,
5,43362667,117,11,
5,43362725,139,43,
5,43363031,448,208,
5,43363056,298,485,
5,43363247,156,32,
5,43363293,279,482,
5,43364368,81,39,
5,43364715,159,271,
5,43365083,256,56,
5,43365424,182,28,
5,43365734,90,33,
5,43366124,132,69,
5,43366671,211,85,
5,43367401,205,116,
5,43367483,27,12,
5,43367987,269,296,
5,43368365,104,29,
5,43368863,165,38,
5,43369354,87,34,
5,43369739,94,37,
5,43372227,137,21,
5,43373157,433,166,
5,43373242,319,236,
5,43373504,172,78,
5,43373765,213,216,
5,43373802,84,18,
5,43374237,126,74,
5,43374278,300,144,
5,43374369,247,93,
5,43374505,62,16,
5,43374519,311,123,
5,43374753,148,160,
5,43375918,46,2,
5,43376033,315,95,
5,43376570,52,9,
5,43376769,60,27,
5,43376793,62,37,
5,43377463,89,13,
5,43377533,125,87,
5,43377581,36,7,
5,43377690,157,35,
5,43377897,228,53,
5,43377958,36,2,
5,43377966,87,44,
5,43377998,139,67,
5,43378019,117,44,
5,43378114,105,12,
5,43378239,1930,453,
5,43378252,9,0,
5,43378266,55,14,
5,43378276,7,0,
5,43378358,228,51,
5,43378401,300,213,
5,43378436,247,14,
5,43378587,246,235,
5,43378627,197,66,
5,43378671,151,196,
5,43378822,43,4,
5,43378844,16,2,
5,43378900,101,56,
5,43379082,56,13,
5,43379173,108,68,
5,43379235,104,118,
5,43379262,235,131,
5,43379265,129,66,
5,43379917,152,21,
5,43380010,37,11,
5,43380021,40,0,
5,43380453,302,350,
5,43380622,109,37,
5,43380649,162,103,
5,43380930,370,174,
5,43381141,119,87,
5,43381512,341,470,
5,43381627,110,14,
5,43382709,31,11,
5,43384069,882,344,
5,43384402,64,8,
5,43384697,168,141,
5,43384826,112,89,
5,43384894,150,65,
5,43385127,36,7,
5,43385268,956,663,
5,43385571,27,19,
5,43385668,119,8,
5,43386004,107,14,
5,43386578,221,66,
5,43386581,85,34,
5,43386745,67,47,
5,43386973,137,105,
5,43387188,152,39,
5,43387334,142,164,
5,43387834,78,75,
5,43387936,37,5,
5,43388024,132,88,
5,43388133,529,135,
5,43388218,82,15,
5,43388296,243,112,
5,43389064,279,137,
5,43389424,28,4,
5,43389455,118,31,
5,43390400,476,123,
5,43390401,61,1,26
5,43390467,301,270,
5,43390595,181,200,
5,43390747,241,219,
5,43390823,64,31,
5,43391452,59,63,
5,43391459,358,190,
5,43391823,27,1,
5,43391971,42,9,
5,43392295,100,37,
5,43392521,206,50,
5,43392549,327,41,
5,43392753,110,41,
5,43392758,27,0,
5,43392875,67,59,
5,43392950,73,33,
5,43392951,211,77,
5,43393140,30,2,
5,43393198,84,42,
5,43393613,54,21,
5,43393659,22,10,
5,43393924,210,117,
5,43394591,153,25,
5,43394698,14,7,
5,43394881,238,156,
5,43394951,174,42,
5,43395496,75,5,
5,43395897,11,4,
5,43396076,39,2,
5,43396172,182,54,
5,43396735,745,423,
5,43397055,53,9,
5,43397407,19,3,
5,43397474,236,81,
5,43397556,5,0,27
5,43397602,12,1,
5,43397625,84,41,
5,43397640,304,189,
5,43397811,67,22,
5,43397973,26,4,
5,43398081,239,82,
5,43398148,61,16,
5,43398308,158,61,10
5,43398410,35,4,9
5,43398434,207,65,
5,43398518,599,829,
5,43398539,230,53,21
5,43398605,6,1,
5,43398652,117,52,
5,43398692,72,141,
5,43398777,53,3,
5,43398908,51,5,
5,43398968,76,26,
5,43399127,16,6,11
5,43399155,13,3,
5,43399170,58,11,
5,43399190,150,68,
5,43400989,1624,516,
5,43401179,282,113,
5,43401245,1654,1091,
5,43401378,136,126,
5,43401595,193,113,
5,43401855,514,209,
5,43402058,152,84,
5,43402102,65,24,
5,43402149,212,64,
5,43402315,335,219,
5,43402328,39,7,
5,43402361,21,2,
5,43402790,752,533,
5,43402947,21,20,
5,43403321,26,8,8
5,43403821,144,89,11
5,43404548,250,125,
5,43404617,68,11,
5,43404858,149,38,
5,43405901,15,0,
5,43406702,64,27,
5,43406710,539,356,
5,43406777,23,5,
5,43407196,31,9,
5,43407370,14,1,
5,43408487,87,44,
5,43408540,455,653,
5,43408674,235,115,
5,43409028,206,269,
5,43409533,30,42,
5,43410061,491,271,
5,43410247,137,46,
5,43410302,15,0,
5,43410349,110,55,
5,43410548,945,813,
5,43410692,681,283,
5,43410866,101,45,
5,43410874,210,204,12
5,43410885,287,300,
5,43410988,251,69,
5,43411258,212,361,
5,43411755,105,16,
5,43411898,95,20,
5,43411934,406,194,
5,43412179,38,23,
5,43412295,45,20,
5,43412768,29,2,
5,43413125,302,216,
5,43413478,83,44,
5,43413935,601,202,
5,43413988,7,0,
5,43414235,221,74,
5,43414393,551,234,
5,43414405,119,107,
5,43414426,16,6,
5,43414742,129,92,
5,43414743,8,1,
5,43414992,111,27,
5,43415477,115,60,
5,43416074,12,0,
5,43416261,40,24,
5,43416302,149,45,
5,43416400,24,5,
5,43416481,31,13,
5,43416525,113,34,
5,43416558,36,12,
5,43416961,119,36,
5,43417038,18,0,
5,43417368,8,2,
5,43417511,258,80,
5,43417530,42,0,
5,43417613,4,1,
5,43417620,24,1,
5,43417756,9,3,
5,43417874,26,0,
5,43417885,128,128,
5,43417894,174,33,
5,43417907,23,6,
5,43417932,289,50,
5,43418069,32,12,
5,43418120,16,3,
5,43418184,133,12,
5,43418218,162,27,
5,43418297,17,3,
5,43418556,26,5,
5,43418813,5,1,
5,43419072,90,7,
5,43419237,173,73,
5,43419240,236,128,
5,43419365,51,8,
5,43419422,104,36,
5,43419545,68,24,
5,43419701,676,548,
5,43419713,62,12,
5,43419928,149,32,
5,43419944,62,19,
5,43419996,133,93,
5,43420152,269,92,
5,43420427,24,28,
5,43420477,46,49,
5,43420678,112,37,
5,43420683,282,97,
5,43420760,43,5,
5,43420806,19,1,
5,43420889,38,3,
5,43420892,46,26,
5,43420925,14,0,
5,43421094,39,14,
5,43421324,4,0,
5,43421472,8,3,
5,43421525,43,15,
5,43421706,15,2,
5,43421881,14,9,
5,43421934,258,111,
5,43422033,254,227,
5,43422162,713,660,
5,43422274,4,0,
5,43422413,945,597,
5,43422909,221,170,
5,43422928,64,5,
5,43423032,206,209,
5,43423238,83,14,
5,43423306,14,4,
5,43423523,113,11,
5,43423651,8,5,
5,43423762,72,30,
5,43424038,4,0,
5,43424065,217,101,
5,43424250,4,1,
5,43424340,117,110,
5,43425032,31,28,
5,43425212,4,0,
5,43425351,42,34,
5,43425527,5,0,
5,43425600,12,7,
5,43425605,315,60,
5,43425649,6,0,
5,43425655,1172,678,
5,43425767,55,18,
5,43425774,24,3,
5,43425796,18,4,
5,43425855,4,0,
5,43426022,628,290,
5,43426051,14,1,
5,43426105,14,2,25
5,43426134,12,0,
5,43426160,5,0,
5,43426449,8,11,
5,43426468,108,173,
5,43426648,10,2,
5,43426984,80,35,20
5,43427002,743,584,
5,43427115,123,100,
5,43427167,25,5,
5,43427274,9,3,
5,43427595,5,0,
5,43427671,15,7,
5,43427850,68,11,
5,43428197,13,0,
5,43428409,3,0,
5,43428429,5,0,
5,43429261,4,0,
5,43429403,14,3,
5,43429417,317,101,
5,43429427,3,0,
5,43429622,63,56,
5,43429804,4,0,
5,43429941,5,0,
5,43430321,10,0,
5,43430498,4,0,
5,43430582,6,1,
5,43430750,56,61,
5,43430856,60,11,
5,43431057,5,3,
5,43431068,298,159,
5,43431118,49,4,
5,43431171,33,11,
5,43431184,94,37,
5,43431506,55,53,
5,43431522,147,131,
5,43431567,213,226,
5,43431587,74,65,
5,43431653,38,26,
5,43431675,308,527,
5,43431780,535,330,
5,43431816,6,0,
5,43431875,16,24,
5,43431989,19,20,
5,43432291,94,31,
5,43432386,10,0,
5,43432485,64,33,
5,43432670,63,28,
5,43432890,276,136,
5,43433192,7,1,
5,43433382,22,1,
5,43433438,10,0,
5,43433538,15,7,
5,43433599,93,258,
5,43433689,17,3,
5,43433694,239,110,
5,43434040,101,75,
5,43434093,432,209,17
5,43434100,4,0,
5,43434152,178,116,
5,43434325,97,29,
5,43434492,36,21,
5,43434730,195,97,
5,43434910,121,30,30
5,43435438,151,38,29
5,43436172,7,0,
5,43436315,165,304,
5,43436551,22,0,
5,43436645,14,0,
5,43436663,11,0,
5,43436894,401,187,6
5,43436927,14,1,
5,43436933,33,81,
5,43437142,12,0,
5,43437268,44,26,
5,43437725,4,0,
5,43437931,8,1,
5,43438146,20,0,
5,43438192,94,22,23
5,43438206,114,112,
5,43438533,5,0,
5,43438571,3,4,
5,43438601,87,18,22
5,43438655,7,0,
5,43438659,25,6,
5,43438663,16,0,
5,43438674,15,0,
5,43438797,137,65,16
5,43438850,9,1,
5,43438853,4,1,
5,43439096,5,0,
5,43439227,9,3,
5,43439321,5,7,
5,43439398,20,23,
5,43439495,15,6,
5,43439610,231,83,28
5,43439759,80,26,
5,43439813,83,82,
5,43439862,13,1,
5,43439883,73,44,
5,43439895,14,0,
5,43439915,23,0,
5,43439939,38,25,
5,43439962,12,1,
5,43439981,32,5,
5,43439987,36,0,
5,43440046,81,11,19
5,43440084,10,4,
5,43440174,116,100,
5,43440184,65,21,19
5,43440259,20,0,
5,43440267,270,32,3
5,43440321,7,1,
5,43440449,44,34,
5,43440473,257,25,4
5,43440513,531,130,7
5,43440769,7,1,
5,43440798,10,0,
5,43440920,61,32,26
5,43440943,3,0,
5,43440955,5,0,
5,43441051,14,1,
5,43441089,6,0,
5,43441146,20,15,
5,43441189,3,0,
5,43441193,22,4,
5,43441199,5,0,
5,43441422,11,1,
5,43441457,10,0,
5,43441509,11,0,
5,43441620,13,2,
5,43441809,18,4,
5,43441860,3,0,
5,43441872,9,1,
5,43441880,24,1,
5,43441895,105,27,
5,43441959,5,5,
5,43441961,91,77,18
5,43442107,34,8,15
5,43442178,162,64,2
5,43442213,14,1,
5,43442239,7,0,
5,43442446,16,1,
5,43442582,8,0,
5,43442584,6,2,
5,43442694,26,6,5
5,43442809,12,0,
5,43442917,174,62,1
5,43443230,7,1,
5,43443233,17,2,
5,43443280,4,2,20
5,43443549,10,2,
5,43443613,14,4,6
5,43443640,10,2,5
6,43306435,194,119,
6,43315029,167,65,
6,43321109,234,84,
6,43325049,384,325,
6,43325628,288,259,
6,43330143,119,28,
6,43331358,268,418,
6,43334589,82,56,
6,43334731,109,51,
6,43336609,187,80,
6,43336892,164,47,
6,43337703,647,206,
6,43339206,197,215,
6,43339212,454,156,
6,43340196,312,207,
6,43340491,488,244,
6,43342071,134,220,
6,43342712,924,188,
6,43344082,929,561,
6,43347724,205,33,
6,43348434,43,15,
6,43349204,42,10,
6,43352503,79,64,
6,43352531,778,782,
6,43353223,291,92,
6,43353822,361,155,
6,43353925,205,30,
6,43356016,164,36,
6,43356068,79,21,
6,43356314,567,194,
6,43356995,619,514,
6,43357687,162,163,
6,43357739,502,379,
6,43358264,163,59,
6,43358914,535,143,
6,43359264,207,78,
6,43359343,138,25,
6,43359412,231,267,
6,43360150,98,25,
6,43360249,77,19,
6,43360251,421,496,
6,43360287,64,33,
6,43360522,196,91,
6,43360633,157,42,
6,43360642,314,287,
6,43361333,185,54,
6,43361389,62,36,
6,43361959,564,372,
6,43362616,112,13,
6,43362667,117,11,
6,43362725,139,43,
6,43363031,448,208,
6,43363056,298,485,
6,43363247,156,32,
6,43363293,279,482,
6,43364368,81,39,
6,43364715,159,271,
6,43365083,256,56,
6,43365424,182,28,
6,43365734,90,33,
6,43366124,132,69,
6,43366671,211,85,
6,43367401,205,116,
6,43367483,27,12,
6,43367987,269,296,
6,43368365,104,29,
6,43368863,165,38,
6,43369354,87,34,
6,43369739,94,37,
6,43372227,137,21,
6,43373157,433,166,
6,43373242,319,236,
6,43373504,172,78,
6,43373765,213,216,
6,43373802,84,18,
6,43374237,126,74,
6,43374278,300,144,
6,43374369,247,93,
6,43374505,62,16,
6,43374519,311,123,
6,43374753,148,160,
6,43375918,46,2,
6,43376033,315,95,
6,43376570,52,9,
6,43376769,60,27,
6,43376793,62,37,
6,43377463,89,13,
6,43377533,125,87,
6,43377581,36,7,
6,43377690,157,35,
6,43377897,228,53,
6,43377958,36,2,
6,43377966,87,44,
6,43377998,139,67,
6,43378019,117,44,
6,43378114,105,12,
6,43378239,1930,453,
6,43378252,9,0,
6,43378266,55,14,
6,43378276,7,0,
6,43378358,228,51,
6,43378401,300,213,
6,43378436,247,14,
6,43378587,246,235,
6,43378627,197,66,
6,43378671,151,196,
6,43378822,43,4,
6,43378844,16,2,
6,43378900,101,56,
6,43379082,56,13,
6,43379173,108,68,
6,43379235,104,118,
6,43379262,235,131,
6,43379265,129,66,
6,43379917,152,21,
6,43380010,37,11,
6,43380021,40,0,
6,43380453,302,350,
6,43380622,109,37,
6,43380649,162,103,
6,43380930,370,174,
6,43381141,119,87,
6,43381512,341,470,
6,43381627,110,14,
6,43382709,31,11,
6,43384069,882,344,
6,43384402,64,8,
6,43384697,168,141,
6,43384826,112,89,
6,43384894,150,65,
6,43385127,36,7,
6,43385268,956,663,
6,43385571,27,19,
6,43385668,119,8,
6,43386004,107,14,
6,43386578,221,66,
6,43386581,85,34,
6,43386745,67,47,
6,43386973,137,105,
6,43387188,152,39,
6,43387334,142,164,
6,43387834,78,75,
6,43387936,37,5,
6,43388024,132,88,
6,43388133,529,135,
6,43388218,82,15,
6,43388296,243,112,
6,43389064,279,137,
6,43389424,28,4,
6,43389455,118,31,
6,43390400,476,123,
6,43390401,64,1,26
6,43390467,301,270,
6,43390595,181,200,
6,43390747,241,219,
6,43390823,64,31,
6,43391452,59,66,
6,43391459,358,190,
6,43391823,27,1,
6,43391971,42,9,
6,43392295,100,37,
6,43392521,206,50,
6,43392549,328,41,
6,43392753,110,42,
6,43392758,27,0,
6,43392875,67,59,
6,43392950,73,33,
6,43392951,211,77,
6,43393140,30,2,
6,43393198,84,42,
6,43393613,54,21,
6,43393659,22,10,
6,43393924,210,117,
6,43394591,155,25,
6,43394698,14,7,
6,43394881,238,156,
6,43394951,174,42,
6,43395496,75,5,
6,43395897,11,4,
6,43396076,39,2,
6,43396172,182,54,
6,43396735,745,423,
6,43397055,53,9,
6,43397407,19,3,
6,43397474,236,81,
6,43397556,5,0,
6,43397625,84,41,
6,43397640,306,191,
6,43397811,67,22,
6,43397973,26,4,
6,43398081,239,82,
6,43398148,61,16,
6,43398308,163,61,11
6,43398410,39,4,14
6,43398434,207,65,
6,43398518,599,829,
6,43398539,236,53,20
6,43398605,6,1,
6,43398652,117,52,
6,43398692,72,141,
6,43398777,53,3,
6,43398908,51,5,
6,43398968,76,26,
6,43399127,16,6,18
6,43399155,13,3,
6,43399170,58,11,
6,43399190,150,68,
6,43400989,1624,516,
6,43401179,282,113,
6,43401245,1654,1091,
6,43401378,136,126,
6,43401595,193,113,
6,43401855,514,209,
6,43402058,152,84,
6,43402102,65,24,
6,43402149,212,64,
6,43402315,335,219,
6,43402328,39,7,
6,43402361,21,2,
6,43402790,752,533,
6,43402947,21,20,
6,43403321,37,15,7
6,43403821,151,99,11
6,43404548,250,125,
6,43404617,68,11,
6,43404858,149,38,
6,43405901,15,0,
6,43406702,64,27,
6,43406710,539,356,
6,43406777,23,5,
6,43407196,31,9,
6,43407370,14,1,
6,43408487,87,44,
6,43408540,455,653,
6,43408674,235,115,
6,43409028,206,269,
6,43409533,30,40,
6,43410061,491,271,
6,43410247,137,46,
6,43410302,15,0,
6,43410349,110,55,
6,43410548,945,813,
6,43410692,682,284,
6,43410866,101,45,
6,43410874,214,207,12
6,43410885,287,300,
6,43410988,251,70,
6,43411258,214,361,
6,43411755,105,16,
6,43411898,95,20,
6,43411934,406,194,
6,43412179,38,23,
6,43412295,45,20,
6,43412768,29,2,
6,43413125,302,216,
6,43413478,83,44,
6,43413935,601,202,
6,43413988,7,0,
6,43414235,221,74,
6,43414393,551,235,
6,43414405,119,107,
6,43414426,16,6,
6,43414742,129,92,
6,43414743,8,1,
6,43414992,111,27,
6,43415477,115,60,
6,43415820,35,3,2
6,43416074,12,0,
6,43416261,40,24,
6,43416302,149,45,
6,43416400,24,5,
6,43416481,31,13,
6,43416525,113,34,
6,43416558,36,12,
6,43416961,119,36,
6,43417038,18,0,
6,43417368,8,2,
6,43417511,258,80,
6,43417530,42,0,
6,43417613,4,1,
6,43417620,24,1,
6,43417756,9,3,
6,43417874,26,0,
6,43417885,128,128,
6,43417894,174,33,
6,43417907,23,6,
6,43417932,289,51,
6,43418069,32,12,
6,43418120,16,3,
6,43418184,133,12,
6,43418218,162,27,
6,43418297,17,3,
6,43418556,26,5,
6,43419072,90,7,
6,43419237,173,73,
6,43419240,236,128,
6,43419365,51,8,
6,43419422,104,36,
6,43419545,68,24,
6,43419701,676,548,
6,43419713,62,12,
6,43419928,149,33,
6,43419944,62,19,
6,43419996,133,93,
6,43420152,269,92,
6,43420427,24,28,
6,43420477,46,49,
6,43420678,112,37,
6,43420683,282,97,
6,43420760,43,5,
6,43420806,19,1,
6,43420889,38,3,
6,43420892,46,26,
6,43420925,14,0,
6,43421094,39,14,
6,43421324,4,0,
6,43421472,8,3,
6,43421525,46,15,
6,43421881,14,9,
6,43421934,258,111,
6,43422033,254,227,
6,43422162,714,660,
6,43422274,4,0,
6,43422413,945,597,
6,43422909,221,170,
6,43422928,64,5,
6,43423032,206,209,
6,43423238,83,14,
6,43423306,14,4,
6,43423523,113,11,
6,43423651,8,5,
6,43423762,72,30,
6,43424038,4,0,
6,43424065,217,101,
6,43424250,4,1,
6,43424340,117,110,
6,43425032,31,28,
6,43425212,4,0,
6,43425351,42,34,
6,43425527,5,0,
6,43425600,12,7,
6,43425605,315,60,
6,43425649,6,0,
6,43425655,1175,678,
6,43425767,56,19,
6,43425774,24,3,
6,43425796,18,4,
6,43425855,4,0,
6,43426022,628,291,
6,43426051,14,1,
6,43426105,16,2,26
6,43426134,12,0,
6,43426160,5,0,
6,43426449,8,11,
6,43426468,108,173,
6,43426648,10,2,
6,43426984,85,37,21
6,43427002,744,584,
6,43427115,123,100,
6,43427167,25,5,
6,43427274,9,3,
6,43427595,5,0,
6,43427671,15,7,
6,43427850,68,11,
6,43428197,13,0,
6,43428409,3,0,
6,43428429,5,0,
6,43429261,4,0,
6,43429403,14,3,
6,43429417,318,101,
6,43429427,3,0,
6,43429622,64,56,
6,43429804,4,0,
6,43429941,5,0,
6,43430321,10,0,
6,43430498,4,0,
6,43430582,6,1,
6,43430750,56,61,
6,43430856,60,11,
6,43431057,5,3,
6,43431068,298,159,
6,43431118,49,4,
6,43431171,33,11,
6,43431184,94,37,
6,43431506,55,53,
6,43431522,147,131,
6,43431567,215,227,
6,43431587,74,65,
6,43431653,38,26,
6,43431675,311,527,
6,43431780,536,332,
6,43431816,6,0,
6,43431875,16,24,
6,43431989,20,20,
6,43432291,95,32,
6,43432386,10,0,
6,43432485,64,33,
6,43432670,64,28,
6,43432890,279,137,
6,43433192,7,1,
6,43433382,22,1,
6,43433438,10,0,
6,43433538,15,7,
6,43433599,94,261,
6,43433689,17,3,
6,43433694,239,110,
6,43434040,101,75,
6,43434093,438,210,14
6,43434100,4,0,
6,43434152,179,116,
6,43434325,97,29,
6,43434492,36,21,
6,43434730,197,97,
6,43434910,122,31,30
6,43435438,153,38,27
6,43436172,7,0,
6,43436315,166,307,
6,43436551,23,0,
6,43436645,14,0,
6,43436663,11,0,
6,43436894,409,189,6
6,43436927,14,1,
6,43436933,34,83,
6,43437142,12,0,
6,43437268,44,26,
6,43437725,4,0,
6,43437931,8,1,
6,43438146,20,0,
6,43438192,95,22,24
6,43438206,115,112,
6,43438233,5,0,
6,43438533,5,0,
6,43438571,3,4,
6,43438601,90,19,23
6,43438655,7,0,
6,43438659,26,6,
6,43438663,16,0,
6,43438797,141,65,15
6,43438850,9,1,
6,43438853,4,1,
6,43439096,5,0,
6,43439227,9,3,
6,43439321,5,6,
6,43439398,20,23,
6,43439495,15,6,
6,43439610,247,87,29
6,43439759,81,26,
6,43439813,84,84,
6,43439862,13,1,
6,43439883,75,44,
6,43439895,14,0,
6,43439915,23,0,
6,43439939,39,25,
6,43439962,12,1,
6,43439981,32,5,
6,43439987,36,0,
6,43440046,88,14,19
6,43440084,10,4,
6,43440174,123,101,
6,43440184,71,28,16
6,43440259,20,0,
6,43440267,278,32,2
6,43440321,7,1,
6,43440449,44,34,
6,43440473,277,33,4
6,43440513,553,140,9
6,43440769,7,1,
6,43440798,10,0,
6,43440920,62,33,25
6,43440943,3,0,
6,43440955,5,0,
6,43440987,5,0,
6,43441051,14,1,
6,43441089,6,0,
6,43441146,20,15,
6,43441189,3,0,
6,43441193,26,4,
6,43441199,5,0,
6,43441422,11,1,
6,43441457,10,0,
6,43441620,13,2,
6,43441809,18,4,
6,43441860,3,0,
6,43441872,11,1,
6,43441880,24,1,
6,43441895,105,28,
6,43441959,5,5,
6,43441961,94,80,29
6,43442107,36,9,
6,43442178,189,76,1
6,43442213,14,1,
6,43442239,7,0,
6,43442446,16,1,
6,43442584,6,2,
6,43442694,30,7,7
6,43442809,13,0,
6,43442917,196,69,1
6,43443230,7,1,
6,43443233,23,2,
6,43443494,22,3,10
6,43443549,15,3,
6,43443596,4,0,
6,43443613,16,4,
6,43443640,27,3,3
7,43306435,194,119,
7,43315029,167,65,
7,43321109,234,84,
7,43325049,384,325,
7,43325628,288,259,
7,43330143,119,28,
7,43331358,268,418,
7,43334589,82,56,
7,43334731,109,51,
7,43336609,187,80,
7,43336892,164,47,
7,43337703,647,206,
7,43339206,197,215,
7,43339212,454,156,
7,43340196,312,207,
7,43340491,488,244,
7,43342071,134,220,
7,43342712,924,188,
7,43344082,929,561,
7,43347724,205,33,
7,43348434,43,15,
7,43349204,42,10,
7,43352503,79,64,
7,43352531,778,782,
7,43353223,291,92,
7,43353822,361,155,
7,43353925,205,30,
7,43356016,164,36,
7,43356068,79,21,
7,43356314,567,194,
7,43356995,619,514,
7,43357687,162,163,
7,43357739,502,379,
7,43358264,163,59,
7,43358914,535,143,
7,43359264,207,78,
7,43359343,138,25,
7,43359412,231,267,
7,43360150,98,25,
7,43360249,77,19,
7,43360251,421,496,
7,43360287,64,33,
7,43360522,196,91,
7,43360633,157,42,
7,43360642,314,287,
7,43361333,185,54,
7,43361389,62,36,
7,43361959,564,372,
7,43362616,112,13,
7,43362667,117,11,
7,43362725,139,43,
7,43363031,448,208,
7,43363056,298,485,
7,43363247,156,32,
7,43363293,279,482,
7,43364368,81,39,
7,43364715,159,271,
7,43365083,256,56,
7,43365424,182,28,
7,43365734,90,33,
7,43366124,132,69,
7,43366671,211,85,
7,43367401,205,116,
7,43367483,27,12,
7,43367987,269,296,
7,43368365,104,29,
7,43368863,165,38,
7,43369354,87,34,
7,43369739,94,37,
7,43372227,137,21,
7,43373157,433,166,
7,43373242,319,236,
7,43373504,172,78,
7,43373765,213,216,
7,43373802,84,18,
7,43374237,126,74,
7,43374278,300,144,
7,43374369,247,93,
7,43374505,62,16,
7,43374519,311,123,
7,43374753,148,160,
7,43375918,46,2,
7,43376033,315,95,
7,43376570,52,9,
7,43376769,60,27,
7,43376793,62,37,
7,43377463,89,13,
7,43377533,125,87,
7,43377581,36,7,
7,43377690,157,35,
7,43377897,228,53,
7,43377958,36,2,
7,43377966,87,44,
7,43377998,139,67,
7,43378019,117,44,
7,43378114,105,12,
7,43378239,1930,453,
7,43378252,9,0,
7,43378266,55,14,
7,43378276,7,0,
7,43378358,228,51,
7,43378401,300,213,
7,43378436,247,14,
7,43378587,246,235,
7,43378627,197,66,
7,43378671,151,196,
7,43378822,43,4,
7,43378844,16,2,
7,43378900,101,56,
7,43379082,56,13,
7,43379173,108,68,
7,43379235,104,118,
7,43379262,235,131,
7,43379265,129,66,
7,43379917,152,21,
7,43380010,37,11,
7,43380021,40,0,
7,43380453,302,350,
7,43380622,109,37,
7,43380649,162,103,
7,43380930,370,174,
7,43381141,119,87,
7,43381512,341,470,
7,43381627,110,14,
7,43382709,31,11,
7,43384069,882,344,
7,43384402,64,8,
7,43384697,168,141,
7,43384826,112,89,
7,43384894,150,65,
7,43385127,36,7,
7,43385268,956,663,
7,43385571,27,19,
7,43385668,119,8,
7,43386004,107,14,
7,43386578,221,66,
7,43386581,85,34,
7,43386745,67,47,
7,43386973,137,105,
7,43387188,152,39,
7,43387334,142,164,
7,43387834,78,75,
7,43387936,37,5,
7,43388024,132,88,
7,43388133,529,135,
7,43388218,82,16,
7,43388296,243,112,
7,43389064,279,137,
7,43389424,28,4,
7,43389455,118,31,
7,43390400,476,123,
7,43390401,66,1,26
7,43390467,301,270,
7,43390595,181,200,
7,43390747,241,219,
7,43390823,64,31,
7,43391452,59,66,
7,43391459,358,190,
7,43391823,27,1,
7,43391971,42,9,
7,43392295,100,37,
7,43392521,206,50,
7,43392549,328,41,
7,43392753,110,42,
7,43392758,27,0,
7,43392875,68,59,
7,43392950,73,33,
7,43392951,211,77,
7,43393140,30,2,
7,43393198,84,42,
7,43393613,54,21,
7,43393659,22,10,
7,43393924,210,117,
7,43394591,155,25,
7,43394698,14,7,
7,43394881,238,156,
7,43394951,174,42,
7,43395496,75,5,
7,43395897,11,4,
7,43396076,39,2,
7,43396172,183,55,
7,43396735,745,423,
7,43397055,53,9,
7,43397407,19,3,
7,43397474,236,81,
7,43397556,6,0,
7,43397625,86,41,
7,43397640,308,191,
7,43397811,67,22,
7,43397973,26,4,
7,43398081,239,82,
7,43398148,61,16,
7,43398308,167,62,11
7,43398410,42,4,13
7,43398434,207,65,
7,43398518,599,829,
7,43398539,247,55,21
7,43398605,6,1,
7,43398652,117,52,
7,43398692,72,141,
7,43398777,53,3,
7,43398908,52,5,
7,43398968,76,26,
7,43399127,18,6,22
7,43399155,13,3,
7,43399170,58,11,
7,43399190,150,68,
7,43400989,1624,516,
7,43401179,282,113,
7,43401245,1654,1091,
7,43401378,136,126,
7,43401595,193,115,
7,43401855,514,209,
7,43402058,152,84,
7,43402102,65,24,
7,43402149,212,64,
7,43402315,335,219,
7,43402328,39,7,
7,43402361,21,2,
7,43402790,752,533,
7,43402947,21,20,
7,43403321,49,40,6
7,43403821,165,108,18
7,43404548,250,125,
7,43404617,68,11,
7,43404858,149,38,
7,43405901,15,0,
7,43406702,64,27,
7,43406710,539,356,
7,43406777,23,5,
7,43407196,31,9,
7,43407370,14,1,
7,43408487,88,44,
7,43408540,455,653,
7,43408674,235,115,
7,43409028,206,269,
7,43409533,30,40,
7,43410061,491,271,
7,43410247,137,46,
7,43410302,15,0,
7,43410349,110,55,
7,43410548,945,814,
7,43410692,682,284,
7,43410866,101,45,
7,43410874,220,208,12
7,43410885,287,300,
7,43410988,251,70,
7,43411258,214,361,
7,43411755,105,16,
7,43411898,95,20,
7,43411934,406,194,
7,43412179,38,23,
7,43412295,45,20,
7,43412768,29,2,
7,43413125,302,216,
7,43413478,83,44,
7,43413935,601,202,
7,43413988,7,0,
7,43414235,221,74,
7,43414393,551,235,
7,43414405,120,108,
7,43414426,16,6,
7,43414742,129,92,
7,43414743,8,1,
7,43414992,111,27,
7,43415477,115,60,
7,43415820,58,9,3
7,43416074,12,0,
7,43416261,40,24,
7,43416302,149,45,
7,43416400,24,5,
7,43416481,31,13,
7,43416525,113,34,
7,43416558,36,12,
7,43416961,119,36,
7,43417038,18,0,
7,43417368,8,2,
7,43417511,258,80,
7,43417530,42,0,
7,43417613,4,1,
7,43417620,24,1,
7,43417756,9,3,
7,43417874,26,0,
7,43417885,128,128,
7,43417894,174,33,
7,43417907,23,6,
7,43417932,289,51,
7,43418069,32,12,
7,43418120,16,3,
7,43418184,133,12,
7,43418218,162,27,
7,43418297,17,3,
7,43418556,26,5,
7,43418960,7,0,11
7,43419072,90,7,
7,43419237,173,73,
7,43419240,237,128,
7,43419365,51,8,
7,43419422,104,36,
7,43419545,68,24,
7,43419701,676,548,
7,43419713,62,12,
7,43419928,149,33,
7,43419944,62,19,
7,43419996,133,93,
7,43420152,269,92,
7,43420427,24,28,
7,43420477,46,49,
7,43420678,112,37,
7,43420683,282,97,
7,43420760,43,5,
7,43420806,19,1,
7,43420889,38,3,
7,43420892,46,26,
7,43420925,14,0,
7,43421094,39,14,
7,43421324,4,0,
7,43421472,8,3,
7,43421525,47,15,
7,43421934,258,111,
7,43422033,255,229,
7,43422162,714,661,
7,43422274,4,0,
7,43422413,945,598,
7,43422909,221,171,
7,43422928,64,5,
7,43423032,206,209,
7,43423238,83,14,
7,43423306,14,4,
7,43423523,113,11,
7,43423651,8,5,
7,43423762,72,30,
7,43424038,4,0,
7,43424065,217,101,
7,43424250,4,1,
7,43424340,117,110,
7,43425032,31,28,
7,43425212,4,0,
7,43425351,42,34,
7,43425527,5,0,
7,43425600,12,7,
7,43425605,315,60,
7,43425649,6,0,
7,43425655,1175,680,
7,43425767,56,21,
7,43425774,24,3,
7,43425796,18,4,
7,43425855,4,0,
7,43426022,628,291,
7,43426051,14,1,
7,43426105,18,3,29
7,43426134,12,0,
7,43426160,5,0,
7,43426449,8,11,
7,43426468,108,173,
7,43426648,10,2,
7,43426984,87,40,20
7,43427002,746,585,
7,43427115,123,100,
7,43427167,25,5,
7,43427274,9,3,
7,43427595,5,0,
7,43427671,15,7,
7,43427850,68,11,
7,43428197,13,0,
7,43428409,3,0,
7,43428429,5,0,
7,43429261,4,0,
7,43429403,14,3,
7,43429417,318,102,
7,43429427,3,0,
7,43429622,64,57,
7,43429804,4,0,
7,43429941,5,0,
7,43430321,10,0,
7,43430498,4,0,
7,43430582,6,1,
7,43430750,56,61,
7,43430856,60,11,
7,43431057,5,3,
7,43431068,298,159,
7,43431118,49,4,
7,43431184,94,37,
7,43431506,55,53,
7,43431522,147,131,
7,43431567,215,228,
7,43431587,74,65,
7,43431653,38,26,
7,43431675,312,531,
7,43431780,536,335,
7,43431816,6,0,
7,43431875,16,24,
7,43431989,20,20,
7,43432291,95,32,
7,43432386,10,0,
7,43432485,64,33,
7,43432670,64,28,
7,43432890,279,137,
7,43433192,7,1,
7,43433382,22,1,
7,43433438,10,0,
7,43433538,15,7,
7,43433599,95,261,
7,43433689,17,3,
7,43433694,240,110,
7,43434040,101,75,
7,43434093,446,211,15
7,43434100,4,0,
7,43434152,179,117,
7,43434325,97,29,
7,43434492,36,21,
7,43434730,198,97,
7,43434910,125,31,28
7,43435438,155,38,27
7,43436172,7,0,
7,43436315,167,307,
7,43436551,23,0,
7,43436645,14,0,
7,43436663,11,0,
7,43436894,420,189,8
7,43436927,14,1,
7,43436933,35,85,
7,43437142,12,0,
7,43437725,4,0,
7,43438146,21,0,
7,43438192,97,22,24
7,43438206,115,112,
7,43438233,5,0,
7,43438533,5,0,
7,43438571,3,4,
7,43438601,93,19,23
7,43438655,7,0,
7,43438659,26,6,
7,43438663,16,0,
7,43438797,143,66,14
7,43438850,9,1,
7,43438853,4,1,
7,43439096,5,0,
7,43439227,9,3,
7,43439321,6,6,
7,43439398,20,24,
7,43439495,15,6,
7,43439610,251,87,29
7,43439759,82,26,
7,43439813,86,91,
7,43439862,13,1,
7,43439883,75,46,
7,43439895,14,0,
7,43439915,26,0,
7,43439939,40,25,
7,43439962,12,1,
7,43439981,32,5,
7,43439987,36,0,
7,43440046,94,14,19
7,43440084,10,4,
7,43440174,126,103,
7,43440184,75,31,16
7,43440259,20,0,
7,43440267,290,34,4
7,43440321,7,1,
7,43440449,44,35,
7,43440473,290,38,5
7,43440513,587,154,10
7,43440769,7,1,
7,43440798,11,0,
7,43440920,65,34,25
7,43440943,3,0,
7,43440955,5,0,
7,43440987,5,0,
7,43441051,14,1,
7,43441089,6,0,
7,43441146,20,16,
7,43441189,4,0,
7,43441193,28,4,
7,43441199,5,0,
7,43441422,11,1,
7,43441457,10,0,
7,43441620,13,2,
7,43441809,20,5,
7,43441860,3,0,
7,43441872,12,2,
7,43441880,24,1,
7,43441895,107,28,
7,43441959,5,5,
7,43441961,97,80,
7,43442107,36,9,
7,43442178,217,84,1
7,43442213,14,1,
7,43442239,7,0,
7,43442446,16,1,
7,43442584,6,2,
7,43442694,38,9,7
7,43442809,13,0,
7,43442917,207,74,9
7,43443230,9,1,
7,43443233,26,2,
7,43443319,7,2,
7,43443494,33,10,
7,43443549,16,5,
7,43443596,4,3,
7,43443613,16,4,
7,43443640,45,7,2
7,43443906,4,1,
7,43443979,9,0,6
7,43443982,4,0,
7,43444091,4,0,
7,43444098,4,0,
8,43306435,194,119,
8,43315029,167,65,
8,43321109,234,84,
8,43325049,384,325,
8,43325628,288,259,
8,43330143,119,28,
8,43331358,268,418,
8,43334589,82,56,
8,43334731,109,51,
8,43336609,187,80,
8,43336892,164,47,
8,43337703,647,206,
8,43339206,197,215,
8,43339212,454,156,
8,43340196,312,207,
8,43340491,488,244,
8,43342071,134,220,
8,43342712,924,188,
8,43344082,929,561,
8,43347724,205,33,
8,43348434,43,15,
8,43349204,42,10,
8,43352503,79,64,
8,43352531,778,782,
8,43353223,291,92,
8,43353822,361,155,
8,43353925,205,30,
8,43356016,164,36,
8,43356068,79,21,
8,43356314,567,195,
8,43356995,619,514,
8,43357687,162,163,
8,43357739,502,379,
8,43358264,163,59,
8,43358581,107,94,
8,43358914,535,143,
8,43359264,207,78,
8,43359343,138,25,
8,43359412,231,267,
8,43360150,98,25,
8,43360249,77,19,
8,43360251,421,496,
8,43360287,64,33,
8,43360522,196,91,
8,43360633,157,42,
8,43360642,314,287,
8,43361333,185,54,
8,43361389,62,36,
8,43361959,564,372,
8,43362616,112,13,
8,43362667,117,11,
8,43362725,139,43,
8,43363031,448,208,
8,43363056,298,485,
8,43363247,156,32,
8,43363293,279,482,
8,43364368,81,39,
8,43364715,159,271,
8,43365083,256,56,
8,43365424,182,28,
8,43365734,90,33,
8,43366124,132,69,
8,43366671,211,85,
8,43367401,205,116,
8,43367483,27,12,
8,43367987,269,296,
8,43368365,104,29,
8,43368863,165,38,
8,43369354,87,34,
8,43369739,94,37,
8,43372227,137,21,
8,43373157,433,166,
8,43373242,319,236,
8,43373504,172,78,
8,43373765,213,216,
8,43373802,84,18,
8,43374237,126,74,
8,43374278,301,144,
8,43374369,247,93,
8,43374505,62,16,
8,43374519,311,123,
8,43374753,148,160,
8,43375918,46,2,
8,43376033,315,95,
8,43376570,52,9,
8,43376769,60,27,
8,43376793,62,37,
8,43377463,89,13,
8,43377533,125,87,
8,43377581,36,7,
8,43377690,157,35,
8,43377897,230,53,
8,43377958,36,2,
8,43377966,87,44,
8,43377998,139,67,
8,43378019,117,44,
8,43378114,105,12,
8,43378239,1930,453,
8,43378252,9,0,
8,43378266,55,14,
8,43378276,7,0,
8,43378358,228,51,
8,43378401,300,213,
8,43378436,247,14,
8,43378587,246,235,
8,43378627,197,66,
8,43378671,151,196,
8,43378822,43,4,
8,43378844,16,2,
8,43378900,101,56,
8,43379082,56,13,
8,43379173,108,68,
8,43379235,104,118,
8,43379262,235,131,
8,43379265,129,66,
8,43379917,152,21,
8,43380010,37,11,
8,43380021,40,0,
8,43380453,302,350,
8,43380622,109,37,
8,43380649,162,103,
8,43380930,370,174,
8,43381141,119,87,
8,43381512,341,470,
8,43381627,110,14,
8,43382709,31,11,
8,43384069,882,344,
8,43384402,64,8,
8,43384697,168,141,
8,43384826,112,89,
8,43384894,150,65,
8,43385127,36,7,
8,43385268,956,663,
8,43385571,27,19,
8,43385668,119,8,
8,43386004,107,14,
8,43386578,221,66,
8,43386581,85,34,
8,43386745,67,47,
8,43386973,137,105,
8,43387188,152,39,
8,43387334,142,164,
8,43387834,78,75,
8,43387936,37,5,
8,43388024,132,88,
8,43388133,529,135,
8,43388218,82,17,
8,43388296,243,112,
8,43389064,279,137,
8,43389424,28,4,
8,43389455,120,31,
8,43390400,476,123,
8,43390401,66,1,26
8,43390467,301,270,
8,43390595,181,200,
8,43390747,241,219,
8,43390823,64,31,
8,43391452,59,66,
8,43391459,358,190,
8,43391823,27,1,
8,43391971,42,9,
8,43392295,100,37,
8,43392521,206,50,
8,43392549,328,41,
8,43392753,110,42,
8,43392758,27,0,
8,43392875,68,59,
8,43392950,73,33,
8,43392951,211,77,
8,43393140,30,2,
8,43393198,84,42,
8,43393613,54,21,
8,43393659,22,10,
8,43393924,210,117,
8,43394591,155,25,
8,43394698,14,7,
8,43394881,238,156,
8,43394951,174,42,
8,43395496,75,5,
8,43395897,11,4,
8,43396076,39,2,
8,43396172,183,55,
8,43396735,745,423,
8,43397055,54,9,
8,43397407,19,3,
8,43397474,236,81,
8,43397556,6,0,
8,43397625,87,41,
8,43397640,308,191,
8,43397811,67,22,
8,43397973,26,4,
8,43398081,239,82,
8,43398148,61,16,
8,43398308,168,64,11
8,43398410,46,8,15
8,43398434,208,65,
8,43398518,599,829,
8,43398539,256,57,18
8,43398605,6,1,
8,43398652,117,52,
8,43398692,72,141,
8,43398777,53,3,
8,43398908,53,5,
8,43398968,76,26,
8,43399127,19,6,22
8,43399155,13,3,
8,43399170,58,11,
8,43399190,150,68,
8,43400989,1625,516,
8,43401179,282,113,
8,43401245,1654,1091,
8,43401378,136,126,
8,43401595,193,115,
8,43401855,515,209,
8,43402058,152,84,
8,43402102,65,24,
8,43402149,212,64,
8,43402315,335,219,
8,43402328,39,7,
8,43402361,21,2,
8,43402790,753,533,
8,43402947,21,20,
8,43403321,51,54,
8,43403821,170,115,19
8,43404548,250,125,
8,43404617,68,11,
8,43404858,149,38,
8,43405901,15,0,
8,43406702,64,27,
8,43406710,539,356,
8,43406777,23,5,
8,43407196,31,9,
8,43407370,14,1,
8,43408487,89,44,
8,43408540,455,653,
8,43408674,235,115,
8,43409028,206,269,
8,43409533,30,41,
8,43410061,491,271,
8,43410247,137,46,
8,43410302,15,0,
8,43410349,110,55,
8,43410548,946,815,
8,43410692,683,284,
8,43410866,101,45,
8,43410874,226,211,12
8,43410885,287,300,
8,43410988,251,70,
8,43411258,214,362,
8,43411755,105,16,
8,43411898,95,20,
8,43411934,407,194,
8,43412179,38,23,
8,43412295,45,20,
8,43413125,302,216,
8,43413478,83,44,
8,43413935,601,202,
8,43413988,7,0,
8,43414235,221,74,
8,43414393,551,235,
8,43414405,120,108,
8,43414426,16,6,
8,43414742,129,92,
8,43414743,8,1,
8,43414992,111,27,
8,43415477,115,60,
8,43415820,89,11,2
8,43416074,12,0,
8,43416261,40,24,
8,43416302,149,45,
8,43416400,24,5,
8,43416481,31,13,
8,43416525,113,34,
8,43416558,36,12,
8,43416961,119,36,
8,43417038,18,0,
8,43417368,8,2,
8,43417511,258,80,
8,43417530,42,0,
8,43417613,4,1,
8,43417620,24,1,
8,43417756,9,3,
8,43417874,26,0,
8,43417885,128,128,
8,43417894,174,33,
8,43417907,23,6,
8,43417932,289,51,
8,43418069,32,12,
8,43418120,16,3,
8,43418184,133,12,
8,43418218,162,27,
8,43418297,17,3,
8,43418556,26,5,
8,43418960,13,0,5
8,43419072,90,7,
8,43419237,173,73,
8,43419240,237,128,
8,43419365,51,8,
8,43419422,104,36,
8,43419545,68,24,
8,43419701,676,548,
8,43419713,62,12,
8,43419928,149,33,
8,43419944,62,19,
8,43419996,133,94,
8,43420152,269,92,
8,43420427,24,28,
8,43420477,46,49,
8,43420678,112,37,
8,43420683,282,97,
8,43420760,43,5,
8,43420806,19,1,
8,43420889,38,3,
8,43420892,46,26,
8,43420925,14,0,
8,43421094,39,14,
8,43421324,4,0,
8,43421472,8,3,
8,43421525,47,15,
8,43421934,258,112,
8,43422033,255,231,
8,43422162,714,661,
8,43422274,4,0,
8,43422413,945,598,
8,43422909,221,171,
8,43422928,64,5,
8,43423032,206,209,
8,43423238,83,14,
8,43423306,14,4,
8,43423523,113,11,
8,43423651,8,5,
8,43423705,12,1,9
8,43423762,72,30,
8,43424038,4,0,
8,43424065,217,101,
8,43424250,4,1,
8,43424340,117,110,
8,43425032,31,28,
8,43425212,4,0,
8,43425351,42,34,
8,43425527,5,0,
8,43425600,12,7,
8,43425605,315,60,
8,43425649,6,0,
8,43425655,1176,681,
8,43425767,56,22,
8,43425774,24,3,
8,43425796,18,4,
8,43425855,4,0,
8,43426022,628,291,
8,43426051,14,1,
8,43426105,18,3,30
8,43426134,12,0,
8,43426160,5,0,
8,43426449,9,11,
8,43426468,108,174,
8,43426648,10,2,
8,43426984,88,40,21
8,43427002,748,585,
8,43427115,123,100,
8,43427167,25,5,
8,43427274,9,3,
8,43427595,5,0,
8,43427671,15,7,
8,43427850,68,11,
8,43428197,13,0,
8,43428409,3,0,
8,43428429,5,0,
8,43429261,4,0,
8,43429403,14,3,
8,43429417,318,102,
8,43429427,3,0,
8,43429622,64,57,
8,43429804,4,0,
8,43429941,5,0,
8,43430321,10,0,
8,43430498,4,0,
8,43430582,6,1,
8,43430750,56,61,
8,43430856,60,11,
8,43431057,5,3,
8,43431068,298,159,
8,43431118,49,4,
8,43431184,94,37,
8,43431506,55,53,
8,43431522,147,131,
8,43431567,216,231,
8,43431653,39,26,
8,43431675,313,531,
8,43431780,539,337,
8,43431816,6,0,
8,43431875,16,24,
8,43431989,20,21,
8,43432291,95,33,
8,43432386,10,0,
8,43432485,64,33,
8,43432670,65,28,
8,43432890,280,138,
8,43433192,7,1,
8,43433382,22,1,
8,43433438,10,0,
8,43433538,15,7,
8,43433599,95,262,
8,43433689,17,3,
8,43433694,241,110,
8,43434040,101,75,
8,43434093,453,212,13
8,43434100,4,0,
8,43434152,179,117,
8,43434325,97,29,
8,43434492,37,21,
8,43434730,198,97,
8,43434910,126,31,28
8,43435438,156,38,27
8,43436315,167,308,
8,43436551,23,0,
8,43436645,14,0,
8,43436663,11,0,
8,43436894,429,190,6
8,43436927,14,1,
8,43436933,37,85,
8,43437142,12,0,
8,43437725,4,0,
8,43438146,21,0,
8,43438192,98,22,24
8,43438206,115,112,
8,43438233,5,0,
8,43438533,5,0,
8,43438571,3,4,
8,43438601,95,19,23
8,43438655,7,0,
8,43438659,26,6,
8,43438663,16,0,
8,43438797,146,68,14
8,43438850,9,1,
8,43438853,4,1,
8,43439227,9,3,
8,43439321,6,7,
8,43439398,20,24,
8,43439495,15,6,
8,43439610,256,87,29
8,43439759,84,26,
8,43439813,86,93,
8,43439862,14,1,
8,43439883,76,48,
8,43439895,15,0,
8,43439915,27,0,
8,43439939,41,25,
8,43439962,12,1,
8,43439981,32,5,
8,43439987,36,0,
8,43440046,103,15,17
8,43440084,10,4,
8,43440174,129,103,
8,43440184,89,37,15
8,43440259,20,0,
8,43440267,302,34,4
8,43440321,7,1,
8,43440449,45,35,
8,43440473,307,43,5
8,43440513,620,165,10
8,43440769,7,1,
8,43440798,11,0,
8,43440920,69,37,25
8,43440943,3,0,
8,43440955,5,0,
8,43440987,5,0,
8,43441089,6,0,
8,43441146,22,17,
8,43441189,4,0,
8,43441193,28,4,
8,43441422,11,1,
8,43441620,13,2,
8,43441809,20,5,
8,43441860,3,0,
8,43441872,14,2,
8,43441880,25,1,
8,43441895,109,28,
8,43441959,5,5,
8,43441961,100,81,
8,43442107,37,9,
8,43442178,253,93,1
8,43442213,14,1,
8,43442239,7,0,
8,43442446,17,1,
8,43442584,6,2,
8,43442694,41,18,8
8,43442809,14,0,
8,43442917,217,78,9
8,43443230,9,1,
8,43443233,28,2,
8,43443319,7,2,
8,43443549,18,5,
8,43443596,4,3,
8,43443613,16,6,
8,43443640,60,16,2
8,43443906,7,2,
8,43443982,4,0,
8,43444017,6,0,18
8,43444091,11,1,
8,43444098,8,0,
8,43444191,7,0,7
8,43444282,8,0,
8,43444337,12,4,27
9,43306435,194,119,
9,43315029,167,65,
9,43321109,234,84,
9,43325049,384,325,
9,43325628,288,259,
9,43330143,119,28,
9,43331358,268,418,
9,43334589,82,56,
9,43334731,109,51,
9,43336609,187,80,
9,43336892,164,47,
9,43337703,647,206,
9,43339206,197,215,
9,43339212,454,156,
9,43340196,312,207,
9,43340491,488,244,
9,43342071,134,220,
9,43342712,924,188,
9,43344082,929,561,
9,43347724,205,33,
9,43348434,43,15,
9,43349204,42,10,
9,43352503,79,64,
9,43352531,778,782,
9,43353223,291,92,
9,43353822,361,155,
9,43353925,205,30,
9,43356016,164,36,
9,43356068,79,21,
9,43356314,567,195,
9,43356995,619,514,
9,43357687,162,163,
9,43357739,502,379,
9,43358264,163,59,
9,43358581,107,94,
9,43358914,535,143,
9,43359264,207,78,
9,43359343,138,25,
9,43359412,231,267,
9,43360150,98,25,
9,43360249,77,19,
9,43360251,421,496,
9,43360287,64,33,
9,43360522,196,91,
9,43360633,157,42,
9,43360642,314,287,
9,43361333,185,54,
9,43361389,62,36,
9,43361959,564,372,
9,43362616,112,13,
9,43362667,117,11,
9,43362725,139,43,
9,43363031,448,208,
9,43363056,298,485,
9,43363247,156,32,
9,43363293,279,482,
9,43364368,81,39,
9,43364715,159,271,
9,43365083,256,56,
9,43365424,182,28,
9,43365734,90,33,
9,43366124,132,69,
9,43366671,211,85,
9,43367401,205,116,
9,43367483,27,12,
9,43367987,269,296,
9,43368365,104,29,
9,43368863,165,38,
9,43369354,87,34,
9,43369739,94,37,
9,43372227,137,21,
9,43373157,433,166,
9,43373242,319,236,
9,43373504,172,78,
9,43373765,213,216,
9,43373802,84,18,
9,43374237,126,74,
9,43374278,301,144,
9,43374369,247,93,
9,43374505,62,16,
9,43374519,311,123,
9,43374753,148,160,
9,43375918,46,2,
9,43376033,315,95,
9,43376570,52,9,
9,43376769,60,27,
9,43376793,62,37,
9,43377463,89,13,
9,43377533,125,87,
9,43377581,36,7,
9,43377690,157,35,
9,43377897,230,53,
9,43377958,36,2,
9,43377966,87,44,
9,43377998,139,67,
9,43378019,117,44,
9,43378114,105,12,
9,43378239,1931,453,
9,43378252,9,0,
9,43378266,55,14,
9,43378276,7,0,
9,43378358,228,51,
9,43378401,300,213,
9,43378436,247,14,
9,43378587,246,235,
9,43378627,197,66,
9,43378671,151,196,
9,43378822,43,4,
9,43378844,16,2,
9,43378900,101,56,
9,43379082,56,13,
9,43379173,108,68,
9,43379235,104,118,
9,43379262,235,131,
9,43379265,129,66,
9,43379917,152,21,
9,43380010,37,11,
9,43380021,40,0,
9,43380453,302,350,
9,43380622,109,37,
9,43380649,162,103,
9,43380930,370,174,
9,43381141,119,87,
9,43381512,341,470,
9,43381627,110,14,
9,43382709,31,11,
9,43384069,882,344,
9,43384402,64,8,
9,43384697,168,141,
9,43384826,112,89,
9,43384894,150,65,
9,43385127,36,7,
9,43385268,956,663,
9,43385571,27,19,
9,43385668,119,8,
9,43386004,107,14,
9,43386578,221,66,
9,43386581,85,34,
9,43386745,67,47,
9,43386973,137,105,
9,43387188,152,39,
9,43387334,142,164,
9,43387834,78,75,
9,43388024,132,88,
9,43388133,529,135,
9,43388218,82,17,
9,43388296,243,112,
9,43389064,279,137,
9,43389424,28,4,
9,43389455,120,31,
9,43390400,476,123,
9,43390401,69,1,
9,43390467,301,270,
9,43390595,181,200,
9,43390747,241,219,
9,43390823,64,31,
9,43391452,59,66,
9,43391459,358,190,
9,43391823,27,1,
9,43391971,42,9,
9,43392295,100,37,
9,43392521,206,50,
9,43392549,328,41,
9,43392753,110,42,
9,43392758,27,0,
9,43392875,68,59,
9,43392950,73,33,
9,43392951,211,77,
9,43393140,30,2,
9,43393198,84,42,
9,43393613,54,21,
9,43393659,22,10,
9,43393924,210,117,
9,43394591,155,25,
9,43394698,15,7,
9,43394881,238,156,
9,43394951,174,42,
9,43395496,75,5,
9,43395897,11,4,
9,43396076,39,2,
9,43396172,185,55,
9,43396735,745,423,
9,43397055,54,9,
9,43397407,19,3,
9,43397474,236,81,
9,43397556,6,0,
9,43397625,87,41,
9,43397640,308,191,
9,43397811,67,22,
9,43397973,26,4,
9,43398081,239,82,
9,43398148,61,16,
9,43398308,175,63,12
9,43398410,49,12,20
9,43398434,208,65,
9,43398518,599,829,
9,43398539,261,60,19
9,43398605,6,1,
9,43398652,118,52,
9,43398692,72,141,
9,43398777,53,3,
9,43398908,53,5,
9,43398968,76,26,
9,43399127,21,10,27
9,43399155,13,3,
9,43399170,58,11,
9,43399190,150,68,
9,43400989,1626,516,
9,43401179,282,113,
9,43401245,1654,1091,
9,43401378,136,126,
9,43401595,193,115,
9,43401855,515,209,
9,43402058,152,84,
9,43402102,65,24,
9,43402149,212,64,
9,43402315,335,219,
9,43402328,39,7,
9,43402361,21,2,
9,43402790,754,533,
9,43402947,21,20,
9,43403321,52,55,
9,43403821,180,123,23
9,43404548,250,125,
9,43404617,68,11,
9,43404858,149,38,
9,43405901,15,0,
9,43406702,64,27,
9,43406710,539,356,
9,43406777,23,5,
9,43407196,32,9,
9,43407370,14,1,
9,43408487,89,44,
9,43408540,455,653,
9,43408674,235,115,
9,43409028,206,269,
9,43409533,30,41,
9,43410061,491,271,
9,43410247,137,46,
9,43410302,15,0,
9,43410349,110,55,
9,43410548,946,815,
9,43410692,683,284,
9,43410866,101,45,
9,43410874,230,212,14
9,43410885,287,300,
9,43410988,251,70,
9,43411258,214,362,
9,43411755,105,16,
9,43411898,95,20,
9,43411934,407,194,
9,43412179,38,23,
9,43412295,45,20,
9,43413125,302,216,
9,43413478,83,44,
9,43413935,601,202,
9,43413988,7,0,
9,43414235,221,74,
9,43414393,551,235,
9,43414405,120,108,
9,43414426,16,6,
9,43414742,129,92,
9,43414743,8,1,
9,43414992,111,27,
9,43415477,115,60,
9,43415820,125,22,2
9,43416074,12,0,
9,43416261,40,24,
9,43416302,149,45,
9,43416400,24,5,
9,43416481,31,13,
9,43416525,113,34,
9,43416558,36,12,
9,43416961,119,36,
9,43417038,18,0,
9,43417368,8,2,
9,43417511,258,80,
9,43417530,42,0,
9,43417613,4,1,
9,43417620,24,1,
9,43417756,9,3,
9,43417874,26,0,
9,43417885,128,128,
9,43417894,174,33,
9,43417907,23,6,
9,43417932,289,51,
9,43418069,32,12,
9,43418120,16,3,
9,43418184,133,12,
9,43418218,162,27,
9,43418297,17,3,
9,43418556,26,5,
9,43418960,21,0,6
9,43419072,90,7,
9,43419237,173,73,
9,43419240,237,128,
9,43419365,51,8,
9,43419422,104,36,
9,43419545,69,24,
9,43419701,677,548,
9,43419713,62,12,
9,43419928,150,33,
9,43419944,62,19,
9,43419996,133,94,
9,43420152,269,92,
9,43420427,24,28,
9,43420477,46,49,
9,43420678,112,37,
9,43420683,282,97,
9,43420760,43,5,
9,43420806,19,1,
9,43420889,38,3,
9,43420892,46,26,
9,43420925,14,0,
9,43421094,39,14,
9,43421324,4,0,
9,43421472,8,3,
9,43421525,47,15,
9,43421934,260,112,
9,43422033,255,231,
9,43422162,714,662,
9,43422274,4,0,
9,43422413,945,598,
9,43422909,221,172,
9,43422928,64,5,
9,43423032,206,209,
9,43423238,83,14,
9,43423306,14,4,
9,43423523,113,11,
9,43423651,8,5,
9,43423705,28,2,4
9,43423762,72,30,
9,43424038,4,0,
9,43424065,217,101,
9,43424250,4,1,
9,43424340,117,110,
9,43425032,31,28,
9,43425212,4,0,
9,43425351,42,34,
9,43425527,5,0,
9,43425600,12,7,
9,43425605,315,60,
9,43425649,6,0,
9,43425655,1176,683,
9,43425767,56,22,
9,43425774,24,3,
9,43425796,18,4,
9,43425855,4,0,
9,43426022,630,292,
9,43426051,14,1,
9,43426105,19,3,
9,43426134,12,0,
9,43426160,5,0,
9,43426449,9,11,
9,43426468,109,174,
9,43426648,10,2,
9,43426984,90,40,21
9,43427002,751,585,
9,43427115,123,100,
9,43427167,25,5,
9,43427274,9,3,
9,43427595,5,0,
9,43427671,15,7,
9,43427850,68,11,
9,43428197,13,0,
9,43428409,3,0,
9,43428429,5,0,
9,43429261,4,0,
9,43429403,14,3,
9,43429417,318,102,
9,43429427,3,0,
9,43429622,65,57,
9,43429804,4,0,
9,43429941,5,0,
9,43430321,10,0,
9,43430498,4,0,
9,43430582,6,1,
9,43430750,56,61,
9,43430856,60,11,
9,43431057,5,3,
9,43431068,298,159,
9,43431118,49,4,
9,43431184,94,37,
9,43431506,55,53,
9,43431522,147,131,
9,43431567,217,236,
9,43431653,39,26,
9,43431675,313,531,
9,43431780,539,337,
9,43431816,6,0,
9,43431875,16,24,
9,43431989,20,21,
9,43432291,96,34,
9,43432386,10,0,
9,43432485,64,34,
9,43432670,65,28,
9,43432890,280,138,
9,43433192,7,1,
9,43433382,22,1,
9,43433438,10,0,
9,43433538,15,7,
9,43433599,95,265,
9,43433689,17,3,
9,43433694,241,110,
9,43434040,101,75,
9,43434093,457,212,16
9,43434100,4,0,
9,43434152,179,117,
9,43434325,98,29,
9,43434492,37,21,
9,43434730,198,97,
9,43434910,129,32,30
9,43435438,158,38,29
9,43436315,169,309,
9,43436551,23,0,
9,43436645,14,0,
9,43436663,12,0,
9,43436894,441,192,8
9,43436927,14,1,
9,43436933,38,85,
9,43437142,12,0,
9,43437725,4,0,
9,43438146,22,0,
9,43438192,99,22,26
9,43438206,116,112,
9,43438233,5,0,
9,43438533,5,0,
9,43438571,3,4,
9,43438601,96,19,25
9,43438655,7,0,
9,43438659,26,6,
9,43438663,17,0,
9,43438797,151,70,17
9,43438850,9,1,
9,43438853,4,1,
9,43439227,9,3,
9,43439321,6,7,
9,43439398,21,24,
9,43439495,15,6,
9,43439610,258,87,
9,43439759,86,26,
9,43439813,88,93,
9,43439862,14,1,
9,43439883,78,49,
9,43439895,18,0,
9,43439915,28,0,
9,43439939,41,25,
9,43439962,13,1,
9,43439981,33,5,
9,43439987,37,0,
9,43440046,112,16,18
9,43440084,10,4,
9,43440174,131,104,
9,43440184,104,42,15
9,43440259,20,0,
9,43440267,312,35,4
9,43440321,7,1,
9,43440449,45,35,
9,43440473,318,47,5
9,43440513,652,182,10
9,43440769,7,1,
9,43440798,12,0,
9,43440920,70,37,27
9,43440943,3,0,
9,43440955,5,0,
9,43440987,5,0,
9,43441089,6,0,
9,43441146,23,17,
9,43441189,5,0,
9,43441193,28,4,
9,43441422,11,1,
9,43441809,21,5,
9,43441860,3,0,
9,43441872,16,3,
9,43441880,26,1,
9,43441895,109,28,
9,43441959,5,5,
9,43441961,100,85,
9,43442107,37,9,
9,43442178,275,101,1
9,43442213,14,1,
9,43442239,7,0,
9,43442446,17,2,
9,43442694,47,22,9
9,43442703,5,0,
9,43442809,14,0,
9,43442917,225,84,11
9,43443230,9,1,
9,43443233,30,2,
9,43443319,7,2,
9,43443378,3,2,
9,43443549,19,6,
9,43443582,6,0,
9,43443596,5,3,
9,43443613,16,6,
9,43443640,66,18,3
9,43443823,6,0,
9,43443906,14,4,
9,43443974,12,3,13
9,43443982,4,0,
9,43444017,17,0,7
9,43444058,6,1,
9,43444073,4,0,
9,43444091,16,2,
9,43444098,9,0,
9,43444191,9,1,5
9,43444282,9,0,
9,43444337,20,7,
10,43306435,194,119,
10,43315029,167,65,
10,43321109,234,84,
10,43325049,384,325,
10,43325628,288,259,
10,43330143,119,28,
10,43331358,268,418,
10,43334589,82,56,
10,43334731,109,51,
10,43336609,187,80,
10,43336892,164,47,
10,43337703,647,206,
10,43339206,197,215,
10,43339212,454,156,
10,43340196,312,207,
10,43340491,488,244,
10,43342071,134,220,
10,43342712,924,188,
10,43344082,929,561,
10,43347724,205,33,
10,43348434,43,15,
10,43349204,42,10,
10,43352503,79,64,
10,43352531,778,782,
10,43353223,291,92,
10,43353822,361,155,
10,43353925,205,30,
10,43356016,165,36,
10,43356068,79,21,
10,43356314,567,195,
10,43356995,619,514,
10,43357687,162,163,
10,43357739,502,379,
10,43358264,163,59,
10,43358914,535,143,
10,43359264,207,78,
10,43359343,138,25,
10,43359412,231,267,
10,43360150,98,25,
10,43360249,77,19,
10,43360251,421,496,
10,43360287,64,33,
10,43360522,196,91,
10,43360633,157,42,
10,43360642,314,287,
10,43361333,185,54,
10,43361389,62,36,
10,43361959,564,372,
10,43362616,112,13,
10,43362667,117,11,
10,43362725,139,43,
10,43363031,448,208,
10,43363056,298,486,
10,43363247,156,32,
10,43363293,279,482,
10,43364368,81,39,
10,43364715,159,271,
10,43365083,256,56,
10,43365424,182,28,
10,43365734,90,33,
10,43366124,132,69,
10,43366671,211,85,
10,43367401,205,116,
10,43367483,27,12,
10,43367987,269,296,
10,43368365,104,29,
10,43368863,165,38,
10,43369354,87,34,
10,43369739,94,37,
10,43372227,137,21,
10,43373157,433,166,
10,43373242,319,236,
10,43373504,172,78,
10,43373765,213,216,
10,43373802,84,18,
10,43374237,126,74,
10,43374278,301,144,
10,43374369,247,93,
10,43374505,62,16,
10,43374519,311,123,
10,43374753,148,160,
10,43375918,46,2,
10,43376033,315,95,
10,43376570,52,9,
10,43376769,60,27,
10,43376793,62,37,
10,43377463,89,13,
10,43377533,125,87,
10,43377581,36,7,
10,43377690,157,35,
10,43377897,230,53,
10,43377958,36,2,
10,43377966,87,44,
10,43377998,139,67,
10,43378019,117,44,
10,43378114,105,12,
10,43378239,1933,453,
10,43378252,9,0,
10,43378266,55,14,
10,43378276,7,0,
10,43378358,228,51,
10,43378401,300,213,
10,43378436,247,14,
10,43378587,246,235,
10,43378627,197,66,
10,43378671,151,196,
10,43378822,43,4,
10,43378844,16,2,
10,43378900,101,56,
10,43379082,56,13,
10,43379173,108,68,
10,43379235,104,118,
10,43379262,235,131,
10,43379265,129,66,
10,43379917,152,21,
10,43380010,37,11,
10,43380021,40,0,
10,43380453,302,350,
10,43380622,109,37,
10,43380649,162,103,
10,43380930,370,174,
10,43381141,119,87,
10,43381512,341,470,
10,43381627,110,14,
10,43382709,31,11,
10,43384069,882,344,
10,43384402,64,8,
10,43384697,169,142,
10,43384826,112,89,
10,43384894,150,65,
10,43385127,36,7,
10,43385268,956,663,
10,43385571,27,19,
10,43385668,119,8,
10,43386004,107,14,
10,43386578,221,66,
10,43386581,85,34,
10,43386973,137,105,
10,43387188,152,39,
10,43387334,142,164,
10,43387834,78,75,
10,43388024,133,88,
10,43388133,529,135,
10,43388218,83,17,
10,43388296,243,112,
10,43389064,279,137,
10,43389424,28,4,
10,43389455,122,31,
10,43390400,476,123,
10,43390401,71,1,
10,43390467,301,270,
10,43390595,181,200,
10,43390747,241,219,
10,43390823,64,31,
10,43391452,59,66,
10,43391459,358,190,
10,43391823,27,1,
10,43391971,42,9,
10,43392295,100,37,
10,43392521,206,50,
10,43392549,328,41,
10,43392753,111,42,
10,43392758,27,0,
10,43392875,68,59,
10,43392950,73,33,
10,43392951,211,77,
10,43393140,30,2,
10,43393198,84,42,
10,43393613,54,21,
10,43393659,22,10,
10,43393924,210,117,
10,43394591,156,25,
10,43394698,15,7,
10,43394881,238,156,
10,43394951,174,42,
10,43395496,75,5,
10,43395897,11,4,
10,43396076,39,2,
10,43396172,186,55,
10,43396735,745,423,
10,43397055,54,9,
10,43397407,19,3,
10,43397474,236,81,
10,43397556,6,0,
10,43397625,88,41,
10,43397640,311,192,
10,43397811,68,22,
10,43397973,26,4,
10,43398081,239,82,
10,43398148,62,16,
10,43398308,180,65,14
10,43398410,51,13,23
10,43398434,208,66,
10,43398518,599,829,
10,43398539,267,63,21
10,43398605,6,1,
10,43398652,118,52,
10,43398692,72,141,
10,43398777,53,3,
10,43398908,54,5,
10,43398968,76,26,
10,43399127,21,13,29
10,43399155,13,3,
10,43399170,58,11,
10,43399190,150,68,
10,43400989,1626,516,
10,43401179,282,113,
10,43401245,1655,1091,
10,43401378,137,126,
10,43401595,193,115,
10,43401855,515,209,
10,43402058,153,84,
10,43402102,65,24,
10,43402149,212,64,
10,43402315,335,219,
10,43402328,39,7,
10,43402361,21,2,
10,43402790,754,533,
10,43402947,21,20,
10,43403321,52,57,
10,43403821,184,127,24
10,43404548,250,125,
10,43404617,68,11,
10,43404858,149,38,
10,43405901,15,0,
10,43406702,64,27,
10,43406710,539,356,
10,43406777,23,5,
10,43407196,32,9,
10,43407370,14,1,
10,43408487,90,44,
10,43408540,455,653,
10,43408674,235,115,
10,43409028,206,269,
10,43409533,30,42,
10,43410061,491,271,
10,43410247,137,46,
10,43410302,15,0,
10,43410349,110,55,
10,43410548,947,815,
10,43410692,683,284,
10,43410866,101,45,
10,43410874,242,217,16
10,43410885,287,300,
10,43410988,251,70,
10,43411258,214,361,
10,43411755,105,16,
10,43411898,95,20,
10,43411934,407,194,
10,43412179,38,23,
10,43412295,46,20,
10,43413125,302,216,
10,43413478,83,44,
10,43413935,601,202,
10,43413988,7,0,
10,43414235,221,74,
10,43414393,552,235,
10,43414405,120,109,
10,43414426,16,6,
10,43414742,129,92,
10,43414743,8,1,
10,43414992,111,27,
10,43415113,4,0,21
10,43415477,115,60,
10,43415820,144,31,2
10,43416074,12,0,
10,43416261,40,24,
10,43416302,149,45,
10,43416400,24,5,
10,43416481,31,13,
10,43416525,113,34,
10,43416558,36,12,
10,43416961,119,36,
10,43417038,18,0,
10,43417368,8,2,
10,43417511,258,80,
10,43417530,42,0,
10,43417613,4,1,
10,43417620,24,1,
10,43417756,9,3,
10,43417874,26,0,
10,43417885,128,128,
10,43417894,174,33,
10,43417907,23,6,
10,43417932,289,51,
10,43418069,32,12,
10,43418120,16,3,
10,43418184,133,12,
10,43418218,162,27,
10,43418297,17,3,
10,43418960,25,1,7
10,43419072,90,7,
10,43419237,173,73,
10,43419240,237,128,
10,43419365,51,8,
10,43419422,104,36,
10,43419545,69,24,
10,43419701,678,548,
10,43419713,62,12,
10,43419928,150,33,
10,43419944,62,19,
10,43419996,133,94,
10,43420152,269,92,
10,43420427,24,28,
10,43420477,46,49,
10,43420678,112,37,
10,43420683,282,97,
10,43420760,43,5,
10,43420806,19,1,
10,43420889,38,3,
10,43420892,46,26,
10,43420925,14,0,
10,43421094,39,14,
10,43421324,4,0,
10,43421472,8,3,
10,43421525,47,15,
10,43421934,260,112,
10,43422033,255,232,
10,43422162,715,663,
10,43422274,4,0,
10,43422413,945,598,
10,43422909,221,172,
10,43422928,64,5,
10,43423032,206,209,
10,43423238,83,14,
10,43423306,14,4,
10,43423523,113,11,
10,43423651,8,5,
10,43423705,42,8,3
10,43423762,72,30,
10,43424038,4,0,
10,43424065,217,101,
10,43424250,4,1,
10,43424340,117,110,
10,43425032,31,28,
10,43425212,4,0,
10,43425351,42,34,
10,43425527,5,0,
10,43425600,12,7,
10,43425605,315,61,
10,43425649,6,0,
10,43425655,1177,684,
10,43425767,56,23,
10,43425774,24,3,
10,43425796,18,4,
10,43425855,4,0,
10,43426022,630,293,
10,43426051,14,1,
10,43426105,19,3,
10,43426134,12,0,
10,43426160,5,0,
10,43426449,9,11,
10,43426468,109,174,
10,43426648,10,2,
10,43426984,92,40,26
10,43427002,753,585,
10,43427115,123,100,
10,43427167,25,5,
10,43427274,9,3,
10,43427595,5,0,
10,43427671,15,7,
10,43427850,68,11,
10,43428197,13,0,
10,43428409,3,0,
10,43428429,5,0,
10,43429261,4,0,
10,43429403,14,3,
10,43429417,318,102,
10,43429427,3,0,
10,43429622,65,57,
10,43429804,4,0,
10,43429941,5,0,
10,43430321,10,0,
10,43430498,4,0,
10,43430582,6,1,
10,43430750,57,61,
10,43430856,61,11,
10,43431057,5,3,
10,43431068,299,159,
10,43431118,49,4,
10,43431184,94,37,
10,43431506,55,53,
10,43431522,148,131,
10,43431567,219,237,
10,43431653,39,26,
10,43431675,314,531,
10,43431780,540,337,
10,43431875,16,25,
10,43431989,20,21,
10,43432291,98,36,
10,43432386,10,0,
10,43432485,64,34,
10,43432670,65,28,
10,43432890,281,138,
10,43433192,7,1,
10,43433382,22,1,
10,43433438,10,0,
10,43433538,15,7,
10,43433599,96,269,
10,43433689,17,3,
10,43433694,243,110,
10,43434093,460,212,18
10,43434100,4,0,
10,43434152,180,118,
10,43434325,98,29,
10,43434492,37,21,
10,43434730,199,97,
10,43434910,132,32,
10,43435438,160,38,30
10,43436315,170,309,
10,43436551,23,0,
10,43436645,14,0,
10,43436663,12,0,
10,43436894,448,192,9
10,43436927,14,1,
10,43436933,39,86,
10,43437142,12,0,
10,43437725,4,0,
10,43438146,22,0,
10,43438192,101,22,28
10,43438206,117,112,
10,43438233,5,0,
10,43438533,5,0,
10,43438571,3,4,
10,43438601,98,20,27
10,43438655,7,0,
10,43438659,26,6,
10,43438663,17,0,
10,43438797,154,72,20
10,43438850,9,1,
10,43438853,4,1,
10,43439227,9,3,
10,43439321,6,7,
10,43439398,21,24,
10,43439495,15,6,
10,43439610,260,89,
10,43439759,87,27,
10,43439813,88,97,
10,43439862,14,1,
10,43439883,78,49,
10,43439895,18,0,
10,43439915,28,0,
10,43439939,41,25,
10,43439962,13,1,
10,43439981,33,5,
10,43439987,38,0,
10,43440046,121,16,19
10,43440084,10,4,
10,43440174,133,105,
10,43440184,112,56,17
10,43440259,20,0,
10,43440267,316,38,6
10,43440321,7,1,
10,43440449,45,35,
10,43440473,329,49,7
10,43440513,686,200,12
10,43440769,7,1,
10,43440798,12,0,
10,43440920,76,38,28
10,43440943,3,0,
10,43440955,5,0,
10,43440987,5,0,
10,43441089,6,0,
10,43441146,23,17,
10,43441189,5,0,
10,43441193,28,4,
10,43441422,11,1,
10,43441809,21,5,
10,43441860,3,0,
10,43441872,20,3,
10,43441880,26,1,
10,43441895,109,28,
10,43441959,5,5,
10,43441961,102,86,
10,43442107,37,9,
10,43442178,291,107,1
10,43442213,15,1,
10,43442239,7,0,
10,43442446,18,2,
10,43442694,53,32,10
10,43442703,6,0,
10,43442809,14,0,
10,43442917,236,89,13
10,43443230,11,0,
10,43443233,31,3,
10,43443319,9,2,
10,43443378,4,2,
10,43443549,20,6,
10,43443582,6,0,
10,43443596,5,3,
10,43443613,16,6,
10,43443640,81,24,4
10,43443823,13,1,
10,43443906,21,8,
10,43443974,28,18,18
10,43443982,4,0,
10,43444017,24,0,11
10,43444058,7,4,
10,43444073,4,0,
10,43444091,21,3,
10,43444098,10,0,
10,43444558,51,14,1
10,43444605,22,32,10
11,43306435,194,119,
11,43315029,167,65,
11,43321109,234,84,
11,43325049,384,325,
11,43325628,288,259,
11,43330143,119,28,
11,43331358,268,418,
11,43334589,82,56,
11,43334731,109,51,
11,43336609,187,80,
11,43336892,164,47,
11,43337703,647,206,
11,43339206,197,215,
11,43339212,454,156,
11,43340196,312,207,
11,43340491,488,244,
11,43342071,134,220,
11,43342712,924,188,
11,43344082,929,561,
11,43347724,205,33,
11,43348434,43,15,
11,43349204,42,10,
11,43352503,79,64,
11,43352531,778,782,
11,43353223,291,92,
11,43353822,361,155,
11,43353925,205,30,
11,43356016,165,36,
11,43356068,79,21,
11,43356314,567,195,
11,43356995,619,514,
11,43357687,162,163,
11,43357739,502,379,
11,43358264,163,59,
11,43358581,107,94,
11,43358914,535,143,
11,43359264,207,78,
11,43359343,138,25,
11,43359412,231,267,
11,43360150,98,25,
11,43360249,77,19,
11,43360251,421,496,
11,43360287,64,33,
11,43360522,196,91,
11,43360633,157,42,
11,43360642,314,287,
11,43361333,185,54,
11,43361389,62,36,
11,43361440,184,144,
11,43361959,564,372,
11,43362616,112,13,
11,43362667,117,11,
11,43362725,139,43,
11,43363031,448,208,
11,43363056,298,486,
11,43363247,156,32,
11,43363293,279,482,
11,43364368,81,39,
11,43364715,159,271,
11,43365083,256,56,
11,43365424,182,28,
11,43365734,90,33,
11,43366124,132,69,
11,43366479,232,67,
11,43366671,211,85,
11,43367401,205,116,
11,43367483,27,12,
11,43367987,269,296,
11,43368365,104,29,
11,43368863,165,39,
11,43369354,87,34,
11,43369739,94,37,
11,43372227,137,21,
11,43373157,433,166,
11,43373242,319,236,
11,43373504,172,78,
11,43373765,213,216,
11,43373802,84,18,
11,43374237,126,74,
11,43374278,301,144,
11,43374369,247,93,
11,43374505,62,16,
11,43374519,311,123,
11,43374753,148,160,
11,43375918,46,2,
11,43376033,315,95,
11,43376570,52,9,
11,43376769,60,27,
11,43376793,62,37,
11,43377463,89,13,
11,43377533,125,87,
11,43377581,36,7,
11,43377690,157,35,
11,43377897,230,53,
11,43377958,36,2,
11,43377966,87,44,
11,43377998,139,67,
11,43378019,117,44,
11,43378114,105,12,
11,43378239,1933,453,
11,43378252,9,0,
11,43378266,55,14,
11,43378276,7,0,
11,43378358,229,51,
11,43378401,300,213,
11,43378436,247,14,
11,43378587,246,235,
11,43378627,197,66,
11,43378671,151,196,
11,43378822,43,4,
11,43378844,16,2,
11,43378900,101,56,
11,43379082,56,13,
11,43379173,109,69,
11,43379235,104,118,
11,43379262,235,131,
11,43379265,129,66,
11,43379917,152,21,
11,43380010,37,11,
11,43380021,40,0,
11,43380453,302,350,
11,43380622,109,37,
11,43380649,162,103,
11,43380930,370,174,
11,43381141,119,87,
11,43381512,341,470,
11,43381627,110,14,
11,43382709,31,11,
11,43384069,882,344,
11,43384402,64,8,
11,43384697,169,142,
11,43384826,112,89,
11,43384894,150,65,
11,43385127,36,7,
11,43385268,957,663,
11,43385571,27,19,
11,43385668,119,8,
11,43386004,107,14,
11,43386578,221,66,
11,43386581,85,34,
11,43386745,67,47,
11,43386973,138,105,
11,43387188,152,39,
11,43387334,142,164,
11,43387834,78,75,
11,43388024,134,88,
11,43388133,530,135,
11,43388218,84,18,
11,43388296,243,112,
11,43389064,279,137,
11,43389424,28,4,
11,43389455,124,31,
11,43390400,476,123,
11,43390401,75,1,30
11,43390467,301,270,
11,43390595,181,200,
11,43390747,241,219,
11,43390823,64,31,
11,43391452,60,66,
11,43391459,358,190,
11,43391823,27,1,
11,43391971,42,9,
11,43392295,100,37,
11,43392521,206,50,
11,43392549,328,41,
11,43392753,111,42,
11,43392758,27,0,
11,43392875,68,59,
11,43392950,73,33,
11,43392951,211,77,
11,43393140,30,2,
11,43393198,84,42,
11,43393613,54,21,
11,43393659,22,10,
11,43393924,210,117,
11,43394591,156,25,
11,43394698,15,7,
11,43394881,238,156,
11,43394951,174,42,
11,43395496,75,5,
11,43395897,11,4,
11,43396076,39,2,
11,43396172,189,55,
11,43396735,745,423,
11,43397055,55,9,
11,43397407,19,3,
11,43397474,236,81,
11,43397556,7,0,
11,43397625,90,42,
11,43397640,313,192,
11,43397811,69,22,
11,43397973,26,4,
11,43398081,239,82,
11,43398148,62,16,
11,43398308,183,70,9
11,43398410,55,13,20
11,43398434,208,66,
11,43398518,599,829,
11,43398539,277,64,18
11,43398605,6,1,
11,43398652,118,53,
11,43398692,72,141,
11,43398777,53,3,
11,43398908,55,5,
11,43398968,76,26,
11,43399127,22,13,
11,43399155,14,3,
11,43399170,59,11,
11,43399190,150,68,
11,43400989,1626,516,
11,43401179,282,113,
11,43401245,1655,1091,
11,43401378,137,126,
11,43401595,193,115,
11,43401855,515,209,
11,43402058,153,84,
11,43402102,65,24,
11,43402149,212,64,
11,43402315,335,220,
11,43402328,39,7,
11,43402361,21,2,
11,43402790,754,533,
11,43402947,21,20,
11,43403321,53,59,
11,43403821,191,140,23
11,43404548,250,125,
11,43404617,68,11,
11,43404858,149,38,
11,43405901,15,0,
11,43406702,64,27,
11,43406710,539,356,
11,43406777,30,7,16
11,43407196,32,9,
11,43407370,14,1,
11,43408487,91,44,
11,43408540,455,653,
11,43408674,235,115,
11,43409028,206,269,
11,43409533,30,42,
11,43410061,492,271,
11,43410247,137,46,
11,43410302,15,0,
11,43410349,110,55,
11,43410548,948,815,
11,43410692,683,284,
11,43410866,101,45,
11,43410874,249,228,10
11,43410885,287,300,
11,43410988,251,70,
11,43411258,214,361,
11,43411755,105,16,
11,43411898,95,20,
11,43411934,407,194,
11,43412179,38,23,
11,43412295,46,20,
11,43413125,302,216,
11,43413478,83,44,
11,43413935,601,202,
11,43413988,7,0,
11,43414235,221,74,
11,43414393,553,235,
11,43414405,120,109,
11,43414426,16,6,
11,43414742,129,92,
11,43414743,8,1,
11,43414992,111,27,
11,43415113,8,3,10
11,43415477,115,60,
11,43415820,176,36,1
11,43416074,12,0,
11,43416261,40,24,
11,43416302,149,45,
11,43416400,24,5,
11,43416481,31,13,
11,43416525,113,34,
11,43416558,36,12,
11,43416961,119,36,
11,43417038,18,0,
11,43417368,8,2,
11,43417511,258,80,
11,43417530,42,0,
11,43417613,4,1,
11,43417620,24,1,
11,43417756,9,3,
11,43417874,26,0,
11,43417885,128,128,
11,43417894,174,33,
11,43417907,23,6,
11,43417932,289,51,
11,43418069,32,12,
11,43418120,16,3,
11,43418184,133,12,
11,43418218,162,27,
11,43418297,17,3,
11,43418960,31,2,7
11,43419072,90,7,
11,43419237,174,73,
11,43419240,237,128,
11,43419365,51,8,
11,43419422,104,36,
11,43419545,69,24,
11,43419701,679,548,
11,43419713,62,12,
11,43419928,150,33,
11,43419944,63,19,
11,43419996,134,94,
11,43420152,269,92,
11,43420427,24,28,
11,43420477,46,49,
11,43420678,112,37,
11,43420683,283,97,
11,43420760,43,5,
11,43420806,19,1,
11,43420889,38,3,
11,43420892,46,26,
11,43420925,14,0,
11,43421094,39,14,
11,43421324,4,0,
11,43421472,8,3,
11,43421525,47,15,
11,43421934,261,112,
11,43422033,256,232,
11,43422162,715,663,
11,43422274,4,0,
11,43422413,946,598,
11,43422909,221,172,
11,43422928,64,5,
11,43423032,206,209,
11,43423238,83,14,
11,43423306,14,4,
11,43423523,114,11,
11,43423651,8,5,
11,43423705,48,10,4
11,43423762,72,30,
11,43424038,4,0,
11,43424065,217,101,
11,43424250,4,1,
11,43424340,117,110,
11,43425032,31,28,
11,43425212,4,0,
11,43425351,42,34,
11,43425527,5,0,
11,43425600,12,7,
11,43425605,315,61,
11,43425649,6,0,
11,43425655,1177,687,
11,43425767,57,23,
11,43425774,24,3,
11,43425796,18,4,
11,43425855,4,0,
11,43426022,630,293,
11,43426051,14,1,
11,43426105,19,3,
11,43426134,12,0,
11,43426160,5,0,
11,43426449,9,11,
11,43426468,109,174,
11,43426648,10,2,
11,43426984,97,40,22
11,43427002,755,585,
11,43427115,123,100,
11,43427167,25,5,
11,43427274,9,3,
11,43427595,5,0,
11,43427671,15,7,
11,43427850,68,11,
11,43428197,13,0,
11,43428409,3,0,
11,43428429,5,0,
11,43429261,4,0,
11,43429403,14,3,
11,43429417,318,103,
11,43429427,3,0,
11,43429622,66,57,
11,43429804,4,0,
11,43429941,5,0,
11,43430321,10,0,
11,43430498,4,0,
11,43430582,6,1,
11,43430750,57,61,
11,43430856,61,11,
11,43431057,5,3,
11,43431068,300,159,
11,43431184,94,37,
11,43431506,55,53,
11,43431522,148,131,
11,43431567,219,239,
11,43431653,39,26,
11,43431675,315,532,
11,43431780,540,338,
11,43431875,16,25,
11,43431989,20,21,
11,43432291,99,39,
11,43432386,10,0,
11,43432485,64,34,
11,43432670,65,28,
11,43432890,281,138,
11,43433192,7,1,
11,43433382,22,1,
11,43433438,10,0,
11,43433538,15,7,
11,43433599,96,270,
11,43433689,17,3,
11,43433694,243,110,
11,43434093,465,213,13
11,43434100,4,0,
11,43434152,180,118,
11,43434325,98,29,
11,43434492,37,21,
11,43434730,200,97,
11,43434910,134,32,29
11,43435438,162,38,28
11,43436315,171,309,
11,43436551,25,0,
11,43436645,14,0,
11,43436663,12,0,
11,43436894,455,196,6
11,43436927,14,1,
11,43436933,42,88,
11,43437142,12,0,
11,43437725,4,0,
11,43438146,22,0,
11,43438192,104,22,26
11,43438206,119,112,
11,43438233,5,0,
11,43438533,5,0,
11,43438571,3,4,
11,43438601,100,20,27
11,43438659,28,6,
11,43438663,17,0,
11,43438797,160,73,16
11,43438853,5,1,
11,43439227,9,3,
11,43439321,6,7,
11,43439398,22,24,
11,43439495,15,6,
11,43439610,262,89,
11,43439759,88,27,
11,43439813,88,98,
11,43439862,15,1,
11,43439883,80,49,
11,43439895,21,0,
11,43439915,28,0,
11,43439939,41,26,
11,43439962,13,1,
11,43439981,34,5,
11,43439987,39,0,
11,43440046,127,18,15
11,43440084,10,4,
11,43440174,135,106,
11,43440184,122,63,11
11,43440259,20,0,
11,43440267,325,39,4
11,43440321,8,1,
11,43440449,45,35,
11,43440473,343,49,5
11,43440513,726,210,8
11,43440769,7,1,
11,43440798,12,0,
11,43440920,85,38,24
11,43440943,3,0,
11,43440955,5,0,
11,43440987,5,0,
11,43441089,6,0,
11,43441146,23,18,
11,43441189,7,0,
11,43441193,28,5,
11,43441422,11,1,
11,43441546,7,1,
11,43441809,21,5,
11,43441860,3,0,
11,43441872,23,3,
11,43441880,26,1,
11,43441895,109,28,
11,43441959,6,5,
11,43441961,103,87,
11,43442107,39,9,
11,43442178,317,115,1
11,43442213,15,1,
11,43442239,7,0,
11,43442446,19,2,
11,43442694,59,34,10
11,43442703,7,0,
11,43442917,247,90,12
11,43443230,11,0,
11,43443233,32,2,
11,43443319,9,2,
11,43443378,5,2,
11,43443549,20,6,
11,43443582,6,0,
11,43443596,6,4,
11,43443613,17,6,
11,43443640,92,25,3
11,43443823,32,7,17
11,43443906,26,11,
11,43443974,32,19,30
11,43443982,5,0,
11,43444017,30,1,11
11,43444058,10,9,
11,43444073,4,0,
11,43444091,24,6,
11,43444098,10,0,
11,43444558,69,19,1
11,43444605,27,52,
11,43444930,6,0,
12,43306435,194,119,
12,43315029,167,65,
12,43321109,234,84,
12,43325049,384,325,
12,43325628,288,259,
12,43330143,119,28,
12,43331358,268,418,
12,43334589,82,56,
12,43334731,109,51,
12,43336609,187,80,
12,43336892,164,47,
12,43337703,647,206,
12,43339206,197,215,
12,43339212,454,156,
12,43340196,312,207,
12,43340491,488,244,
12,43342071,134,220,
12,43342712,924,188,
12,43344082,929,561,
12,43347306,497,213,
12,43347724,205,33,
12,43348434,43,15,
12,43349204,42,10,
12,43352503,79,64,
12,43352531,778,782,
12,43353223,291,92,
12,43353822,361,155,
12,43353925,205,30,
12,43356016,166,36,
12,43356068,79,21,
12,43356314,567,195,
12,43356995,619,514,
12,43357687,162,163,
12,43357739,502,379,
12,43358264,163,59,
12,43358581,107,94,
12,43358914,535,143,
12,43359264,207,78,
12,43359343,138,25,
12,43359412,231,267,
12,43360150,98,25,
12,43360249,77,19,
12,43360251,421,496,
12,43360287,64,33,
12,43360522,196,91,
12,43360633,157,42,
12,43360642,314,287,
12,43361333,185,54,
12,43361389,62,36,
12,43361440,184,144,
12,43361959,564,372,
12,43362616,112,13,
12,43362667,117,11,
12,43362725,139,43,
12,43363031,448,208,
12,43363056,298,486,
12,43363247,156,32,
12,43363293,279,482,
12,43364368,81,39,
12,43364715,159,271,
12,43365083,256,56,
12,43365424,182,28,
12,43365734,90,33,
12,43366124,132,69,
12,43366479,232,67,
12,43366671,211,85,
12,43367401,205,116,
12,43367483,27,12,
12,43367987,269,296,
12,43368365,104,29,
12,43368863,165,39,
12,43369354,87,34,
12,43369739,94,37,
12,43372227,137,21,
12,43373157,433,166,
12,43373242,319,236,
12,43373504,172,78,
12,43373765,213,216,
12,43373802,84,18,
12,43374237,126,74,
12,43374278,301,144,
12,43374369,247,93,
12,43374505,62,16,
12,43374519,311,123,
12,43374753,148,160,
12,43375918,46,2,
12,43376033,315,95,
12,43376570,52,9,
12,43376769,60,27,
12,43376793,62,37,
12,43377463,89,13,
12,43377533,125,87,
12,43377581,36,7,
12,43377690,157,35,
12,43377897,230,53,
12,43377958,36,2,
12,43377966,87,44,
12,43377998,139,67,
12,43378019,117,44,
12,43378114,105,12,
12,43378239,1933,453,
12,43378252,9,0,
12,43378266,55,14,
12,43378276,7,0,
12,43378358,229,51,
12,43378401,300,213,
12,43378436,247,14,
12,43378587,246,235,
12,43378627,197,66,
12,43378671,151,196,
12,43378822,43,4,
12,43378844,16,2,
12,43378900,101,56,
12,43379082,56,13,
12,43379173,109,69,
12,43379235,104,118,
12,43379262,235,131,
12,43379265,129,66,
12,43379917,152,21,
12,43380010,37,11,
12,43380021,40,0,
12,43380453,302,350,
12,43380622,109,37,
12,43380649,162,103,
12,43380930,370,174,
12,43381141,119,87,
12,43381512,341,470,
12,43381627,110,14,
12,43382709,31,11,
12,43384069,882,344,
12,43384402,64,8,
12,43384697,169,142,
12,43384826,112,89,
12,43384894,150,65,
12,43385127,36,7,
12,43385268,957,664,
12,43385571,27,19,
12,43385668,119,8,
12,43386004,107,14,
12,43386578,221,66,
12,43386581,85,34,
12,43386745,67,47,
12,43386973,138,105,
12,43387188,152,39,
12,43387334,142,164,
12,43387834,78,75,
12,43388024,134,87,
12,43388133,530,135,
12,43388218,84,18,
12,43388296,243,112,
12,43389064,279,137,
12,43389424,28,4,
12,43389455,126,31,
12,43390400,476,123,
12,43390401,78,1,26
12,43390467,301,270,
12,43390595,181,200,
12,43390747,241,219,
12,43390823,64,31,
12,43391452,61,66,
12,43391459,358,190,
12,43391823,27,1,
12,43391971,42,9,
12,43392295,100,37,
12,43392521,206,50,
12,43392549,328,41,
12,43392753,111,42,
12,43392758,27,0,
12,43392875,68,59,
12,43392950,73,33,
12,43392951,212,77,
12,43393140,30,2,
12,43393198,84,42,
12,43393613,54,21,
12,43393659,22,10,
12,43393924,210,117,
12,43394591,157,25,
12,43394698,15,7,
12,43394881,238,156,
12,43394951,174,42,
12,43395496,75,5,
12,43395897,11,4,
12,43396076,39,2,
12,43396172,190,55,
12,43396735,745,423,
12,43397055,56,9,
12,43397407,19,3,
12,43397474,236,81,
12,43397556,8,0,
12,43397625,90,42,
12,43397640,313,192,
12,43397811,69,22,
12,43397973,26,4,
12,43398081,239,82,
12,43398148,62,16,
12,43398308,190,72,8
12,43398410,60,15,17
12,43398434,208,66,
12,43398518,599,829,
12,43398539,286,69,14
12,43398605,6,1,
12,43398652,118,53,
12,43398692,72,141,
12,43398777,53,3,
12,43398908,56,5,
12,43398968,76,26,
12,43399127,23,13,27
12,43399155,14,3,
12,43399170,59,11,
12,43399190,150,68,
12,43400989,1626,517,
12,43401179,282,113,
12,43401245,1655,1092,
12,43401378,137,126,
12,43401595,193,115,
12,43401855,516,209,
12,43402058,153,84,
12,43402102,65,24,
12,43402149,212,64,
12,43402315,335,220,
12,43402328,39,7,
12,43402361,21,2,
12,43402790,754,533,
12,43402947,21,20,
12,43403321,53,62,
12,43403821,198,153,23
12,43404548,250,125,
12,43404617,68,11,
12,43404858,149,38,
12,43405901,15,0,
12,43406702,64,27,
12,43406710,539,356,
12,43406777,35,11,13
12,43407196,33,9,
12,43407370,14,1,
12,43408487,91,45,
12,43408540,455,653,
12,43408674,236,115,
12,43409028,206,269,
12,43409533,30,42,
12,43410061,492,271,
12,43410247,137,46,
12,43410302,15,0,
12,43410349,110,55,
12,43410548,949,815,
12,43410692,683,284,
12,43410866,101,45,
12,43410874,265,237,8
12,43410885,287,300,
12,43410988,251,70,
12,43411258,214,361,
12,43411755,105,16,
12,43411898,95,20,
12,43411934,407,194,
12,43412179,38,23,
12,43412295,46,20,
12,43413125,302,217,
12,43413478,83,44,
12,43413935,601,202,
12,43413988,7,0,
12,43414235,221,74,
12,43414393,554,235,
12,43414405,120,109,
12,43414426,16,6,
12,43414742,130,92,
12,43414743,8,1,
12,43414992,111,27,
12,43415113,15,3,6
12,43415477,115,60,
12,43415820,204,45,1
12,43416074,12,0,
12,43416261,40,24,
12,43416302,149,45,
12,43416400,24,5,
12,43416481,31,13,
12,43416525,113,34,
12,43416558,36,12,
12,43416961,119,36,
12,43417038,18,0,
12,43417368,8,2,
12,43417511,258,80,
12,43417530,42,0,
12,43417613,4,1,
12,43417620,24,1,
12,43417756,9,3,
12,43417874,26,0,
12,43417885,128,128,
12,43417894,174,33,
12,43417907,23,6,
12,43417932,290,51,
12,43418069,32,12,
12,43418120,16,3,
12,43418184,133,12,
12,43418218,162,27,
12,43418297,17,3,
12,43418960,36,5,6
12,43419072,90,7,
12,43419237,174,73,
12,43419240,237,128,
12,43419365,51,8,
12,43419422,104,36,
12,43419545,69,24,
12,43419616,4,1,17
12,43419701,679,548,
12,43419713,62,12,
12,43419928,150,33,
12,43419944,63,20,
12,43419996,135,95,
12,43420152,269,92,
12,43420427,24,28,
12,43420477,46,49,
12,43420678,112,37,
12,43420683,283,97,
12,43420760,44,5,
12,43420806,19,1,
12,43420889,38,3,
12,43420892,46,26,
12,43420925,14,0,
12,43421094,39,14,
12,43421324,4,0,
12,43421472,8,3,
12,43421525,47,15,
12,43421934,261,112,
12,43422033,256,232,
12,43422162,717,665,
12,43422274,4,0,
12,43422413,946,598,
12,43422909,221,172,
12,43422928,64,5,
12,43423032,206,209,
12,43423238,83,14,
12,43423306,14,4,
12,43423523,114,11,
12,43423651,8,5,
12,43423705,51,10,
12,43423762,72,30,
12,43424038,4,0,
12,43424065,217,101,
12,43424250,4,1,
12,43424340,117,110,
12,43425032,31,28,
12,43425212,4,0,
12,43425351,42,34,
12,43425527,5,0,
12,43425600,12,7,
12,43425605,315,61,
12,43425649,6,0,
12,43425655,1178,689,
12,43425767,58,23,
12,43425774,24,3,
12,43425796,18,4,
12,43425855,4,0,
12,43426022,631,293,
12,43426051,14,1,
12,43426105,21,4,
12,43426134,12,0,
12,43426160,5,0,
12,43426449,9,11,
12,43426468,109,174,
12,43426648,10,2,
12,43426984,97,41,18
12,43427002,757,585,
12,43427115,123,100,
12,43427167,25,5,
12,43427274,9,3,
12,43427595,5,0,
12,43427671,15,7,
12,43427850,68,11,
12,43428197,13,0,
12,43428409,3,0,
12,43428429,5,0,
12,43429261,4,0,
12,43429403,14,3,
12,43429417,319,103,
12,43429427,3,0,
12,43429622,66,57,
12,43429804,4,0,
12,43429941,5,0,
12,43430321,10,0,
12,43430498,4,0,
12,43430582,6,1,
12,43430750,57,61,
12,43430856,61,11,
12,43431057,5,3,
12,43431068,301,160,
12,43431184,94,37,
12,43431506,55,53,
12,43431522,148,131,
12,43431567,220,239,
12,43431653,39,26,
12,43431675,315,532,
12,43431780,542,339,
12,43431875,16,25,
12,43431989,20,22,
12,43432291,100,39,30
12,43432386,10,0,
12,43432485,64,34,
12,43432670,65,28,
12,43432890,281,139,
12,43433192,7,1,
12,43433382,22,1,
12,43433438,10,0,
12,43433538,15,7,
12,43433599,96,275,
12,43433689,17,3,
12,43433694,243,110,
12,43434093,478,213,11
12,43434152,180,118,
12,43434325,99,29,
12,43434492,37,21,
12,43434730,203,97,
12,43434910,139,33,24
12,43435438,162,38,25
12,43436315,171,309,
12,43436551,25,0,
12,43436645,14,0,
12,43436663,12,0,
12,43436894,461,198,5
12,43436927,14,1,
12,43436933,42,89,
12,43437142,12,0,
12,43437725,4,0,
12,43438146,23,0,
12,43438192,105,24,20
12,43438206,119,113,
12,43438233,5,0,
12,43438533,5,0,
12,43438571,3,4,
12,43438601,100,20,21
12,43438659,30,6,
12,43438663,17,0,
12,43438797,162,67,13
12,43438853,5,1,
12,43439227,9,3,
12,43439398,22,24,
12,43439495,15,6,
12,43439610,274,90,29
12,43439759,89,28,
12,43439813,88,98,
12,43439862,15,1,
12,43439883,84,49,
12,43439895,21,0,
12,43439915,28,0,
12,43439939,43,26,
12,43439962,13,1,
12,43439981,34,5,
12,43439987,39,0,
12,43440046,134,23,12
12,43440084,10,4,
12,43440174,135,107,
12,43440184,138,72,10
12,43440259,20,0,
12,43440267,332,40,4
12,43440321,8,1,
12,43440473,346,50,
12,43440513,769,222,7
12,43440769,7,1,
12,43440798,12,0,
12,43440920,92,40,16
12,43440943,3,0,
12,43440987,5,0,
12,43441089,6,0,
12,43441146,24,18,
12,43441189,8,1,
12,43441193,28,5,
12,43441422,11,1,
12,43441546,7,1,
12,43441809,21,6,
12,43441860,3,0,
12,43441872,23,3,
12,43441880,26,1,
12,43441895,110,28,
12,43441959,6,5,
12,43441961,104,88,
12,43442107,40,9,
12,43442178,346,116,2
12,43442213,15,1,
12,43442239,7,0,
12,43442446,20,2,
12,43442694,61,36,
12,43442703,13,0,
12,43442917,253,96,15
12,43443230,11,0,
12,43443233,32,2,
12,43443319,9,2,
12,43443378,9,2,
12,43443549,26,11,
12,43443582,6,0,
12,43443596,6,4,
12,43443613,18,6,
12,43443640,104,27,3
12,43443823,35,9,
12,43443906,26,11,
12,43443974,35,30,
12,43444017,32,1,
12,43444058,15,13,
12,43444073,4,0,
12,43444091,28,7,
12,43444098,11,0,
12,43444558,73,21,
12,43444613,5,0,
12,43444725,5,0,
12,43444930,10,0,
12,43444934,4,0,
12,43445179,4,0,
12,43445243,6,0,
13,43306435,194,119,
13,43315029,167,65,
13,43321109,234,84,
13,43325049,384,325,
13,43325628,288,259,
13,43330143,119,28,
13,43331358,268,418,
13,43334589,82,56,
13,43334731,109,51,
13,43336609,187,80,
13,43336892,164,47,
13,43337703,647,206,
13,43339206,198,215,
13,43339212,454,156,
13,43340196,312,207,
13,43340491,488,244,
13,43342071,134,220,
13,43342712,924,188,
13,43344082,929,561,
13,43347306,497,213,
13,43347724,205,33,
13,43348434,43,15,
13,43349204,42,10,
13,43352503,79,64,
13,43352531,778,782,
13,43353223,291,92,
13,43353822,361,155,
13,43353925,205,30,
13,43356016,166,36,
13,43356068,79,21,
13,43356314,567,195,
13,43356995,619,514,
13,43357687,162,163,
13,43357739,502,379,
13,43358264,163,59,
13,43358581,107,94,
13,43358914,535,143,
13,43358980,347,68,
13,43359264,207,78,
13,43359343,138,25,
13,43359412,231,267,
13,43360150,98,25,
13,43360249,77,19,
13,43360251,421,496,
13,43360287,64,33,
13,43360522,196,91,
13,43360633,157,42,
13,43360642,314,287,
13,43361333,185,54,
13,43361389,62,36,
13,43361440,184,144,
13,43361959,564,372,
13,43362616,112,13,
13,43362667,117,11,
13,43362725,139,43,
13,43363031,448,208,
13,43363056,298,486,
13,43363247,156,32,
13,43363293,279,482,
13,43364368,81,39,
13,43364715,159,271,
13,43365083,256,55,
13,43365424,182,28,
13,43365734,90,33,
13,43366124,132,69,
13,43366479,232,67,
13,43366671,211,85,
13,43367401,205,116,
13,43367483,27,12,
13,43367987,269,296,
13,43368365,104,29,
13,43368863,165,39,
13,43369354,87,34,
13,43369739,94,37,
13,43372227,137,21,
13,43373157,433,166,
13,43373242,319,236,
13,43373504,172,78,
13,43373765,213,216,
13,43373802,84,18,
13,43374237,126,74,
13,43374278,301,144,
13,43374369,247,93,
13,43374505,62,16,
13,43374519,311,123,
13,43374753,148,160,
13,43375918,46,2,
13,43376033,315,95,
13,43376570,52,9,
13,43376769,60,27,
13,43376793,62,37,
13,43377463,89,13,
13,43377533,125,87,
13,43377581,36,7,
13,43377690,157,35,
13,43377897,230,53,
13,43377958,36,2,
13,43377966,87,44,
13,43377998,139,67,
13,43378019,117,44,
13,43378114,105,12,
13,43378239,1933,453,
13,43378252,9,0,
13,43378266,55,14,
13,43378276,7,0,
13,43378358,229,51,
13,43378401,300,213,
13,43378436,247,14,
13,43378587,246,235,
13,43378627,197,66,
13,43378671,151,196,
13,43378822,43,4,
13,43378844,16,2,
13,43378900,101,56,
13,43379082,56,13,
13,43379173,109,69,
13,43379235,104,118,
13,43379262,235,131,
13,43379265,129,66,
13,43379917,152,21,
13,43380010,37,11,
13,43380021,40,0,
13,43380453,302,350,
13,43380622,109,37,
13,43380649,162,103,
13,43380930,370,174,
13,43381141,119,87,
13,43381512,341,470,
13,43381627,110,14,
13,43382709,31,11,
13,43384069,882,344,
13,43384402,64,8,
13,43384697,169,142,
13,43384826,112,89,
13,43384894,150,65,
13,43385127,36,7,
13,43385268,957,664,
13,43385571,27,19,
13,43385668,119,8,
13,43386004,107,14,
13,43386578,221,66,
13,43386581,85,34,
13,43386745,67,47,
13,43386973,138,105,
13,43387188,152,39,
13,43387334,142,164,
13,43387834,78,75,
13,43388024,134,87,
13,43388133,530,135,
13,43388218,84,18,
13,43388296,243,112,
13,43389064,279,137,
13,43389424,28,4,
13,43389455,126,31,
13,43390400,476,123,
13,43390401,79,1,26
13,43390467,301,270,
13,43390595,181,200,
13,43390747,241,219,
13,43390823,64,31,
13,43391452,61,66,
13,43391459,358,190,
13,43391823,27,1,
13,43391971,42,9,
13,43392295,100,37,
13,43392521,206,50,
13,43392549,328,41,
13,43392753,111,42,
13,43392758,27,0,
13,43392875,68,59,
13,43392950,73,33,
13,43392951,212,77,
13,43393140,30,2,
13,43393198,84,42,
13,43393613,54,21,
13,43393659,22,10,
13,43393924,210,117,
13,43394591,157,25,
13,43394698,15,7,
13,43394881,238,156,
13,43394951,174,42,
13,43395496,75,5,
13,43395897,11,4,
13,43396076,39,2,
13,43396172,190,55,
13,43396735,745,423,
13,43397055,56,9,
13,43397407,19,3,
13,43397474,236,81,
13,43397556,8,0,
13,43397625,90,42,
13,43397640,314,192,
13,43397811,69,22,
13,43397973,26,4,
13,43398081,239,82,
13,43398148,62,16,
13,43398308,193,74,10
13,43398410,68,16,18
13,43398434,208,68,
13,43398518,599,829,
13,43398539,293,74,15
13,43398605,6,1,
13,43398652,118,53,
13,43398692,72,141,
13,43398777,53,3,
13,43398908,56,5,
13,43398967,21,5,4
13,43398968,76,26,
13,43399127,26,19,27
13,43399155,14,3,
13,43399170,59,11,
13,43399190,150,68,
13,43400989,1627,517,
13,43401179,282,113,
13,43401245,1655,1092,
13,43401378,137,126,
13,43401595,193,115,
13,43401855,516,209,
13,43402058,153,84,
13,43402102,65,24,
13,43402149,212,64,
13,43402315,335,220,
13,43402328,39,7,
13,43402361,21,2,
13,43402790,754,533,
13,43402947,21,20,
13,43403321,56,67,13
13,43403821,206,161,24
13,43404548,250,125,
13,43404617,68,11,
13,43404858,149,38,
13,43405901,15,0,
13,43406702,64,27,
13,43406710,539,356,
13,43406777,39,12,
13,43407196,34,9,
13,43407370,14,1,
13,43408487,93,45,
13,43408540,455,654,
13,43408674,236,115,
13,43409028,206,269,
13,43409533,30,42,
13,43410061,493,271,
13,43410247,137,46,
13,43410302,15,0,
13,43410349,110,55,
13,43410548,954,815,
13,43410692,683,285,
13,43410866,101,45,
13,43410874,276,244,8
13,43410885,288,300,
13,43410988,251,70,
13,43411258,214,361,
13,43411755,105,16,
13,43411898,95,20,
13,43411934,407,194,
13,43412295,46,20,
13,43413125,302,217,
13,43413478,83,44,
13,43413935,601,202,
13,43413988,7,0,
13,43414235,221,74,
13,43414393,554,235,
13,43414405,120,109,
13,43414426,16,6,
13,43414742,130,92,
13,43414992,111,27,
13,43415113,22,7,6
13,43415477,115,60,
13,43415820,247,53,1
13,43416074,12,0,
13,43416261,40,24,
13,43416302,149,45,
13,43416400,24,5,
13,43416481,31,13,
13,43416525,113,34,
13,43416558,36,12,
13,43416961,119,36,
13,43417038,18,0,
13,43417368,8,2,
13,43417511,258,80,
13,43417530,42,0,
13,43417613,4,1,
13,43417620,24,1,
13,43417756,9,3,
13,43417874,26,0,
13,43417885,128,128,
13,43417894,174,33,
13,43417907,23,6,
13,43417932,290,51,
13,43418069,32,12,
13,43418120,16,3,
13,43418184,133,12,
13,43418218,162,27,
13,43418297,17,3,
13,43418960,40,7,23
13,43419237,174,73,
13,43419240,237,128,
13,43419365,51,8,
13,43419422,104,36,
13,43419545,69,24,
13,43419616,7,2,12
13,43419701,680,549,
13,43419713,62,12,
13,43419928,150,33,
13,43419944,63,20,
13,43419996,135,95,
13,43420152,269,92,
13,43420427,24,28,
13,43420477,46,49,
13,43420678,112,37,
13,43420683,283,97,
13,43420760,45,5,
13,43420889,38,3,
13,43420892,46,26,
13,43420925,14,0,
13,43421094,39,14,
13,43421324,4,0,
13,43421472,8,3,
13,43421525,48,15,
13,43421934,261,112,
13,43422033,256,234,
13,43422162,718,666,
13,43422274,4,0,
13,43422413,946,598,
13,43422909,221,172,
13,43422928,64,5,
13,43423032,206,209,
13,43423238,83,14,
13,43423306,14,4,
13,43423523,114,11,
13,43423651,8,5,
13,43423705,51,10,
13,43423762,72,30,
13,43424038,4,0,
13,43424065,217,101,
13,43424250,4,1,
13,43424340,117,110,
13,43425032,31,28,
13,43425212,4,0,
13,43425351,42,34,
13,43425527,5,0,
13,43425600,12,7,
13,43425605,316,61,
13,43425649,6,0,
13,43425655,1180,691,
13,43425767,58,23,
13,43425774,24,3,
13,43425796,18,4,
13,43425855,4,0,
13,43426022,632,294,
13,43426051,14,1,
13,43426105,21,4,
13,43426134,12,0,
13,43426160,5,0,
13,43426449,9,11,
13,43426468,109,174,
13,43426648,10,2,
13,43426984,99,43,19
13,43427002,759,586,
13,43427115,123,100,
13,43427167,25,5,
13,43427274,9,3,
13,43427595,5,0,
13,43427671,15,7,
13,43427850,68,11,
13,43428197,13,0,
13,43428409,3,0,
13,43428429,5,0,
13,43429261,4,0,
13,43429403,14,3,
13,43429417,320,103,
13,43429427,3,0,
13,43429622,66,57,
13,43429804,4,0,
13,43429941,5,0,
13,43430321,10,0,
13,43430498,4,0,
13,43430582,6,1,
13,43430750,57,61,
13,43430856,61,11,
13,43431057,5,3,
13,43431068,302,160,
13,43431184,94,37,
13,43431506,55,53,
13,43431522,148,130,
13,43431567,222,239,
13,43431653,39,26,
13,43431675,317,533,
13,43431780,543,339,
13,43431875,16,25,
13,43431989,20,22,
13,43432291,100,39,29
13,43432485,64,34,
13,43432670,65,28,
13,43432890,281,140,
13,43433192,7,1,
13,43433438,10,0,
13,43433538,15,7,
13,43433599,96,276,
13,43433689,17,3,
13,43433694,243,112,
13,43434093,482,213,11
13,43434152,180,118,
13,43434325,99,29,
13,43434492,37,21,
13,43434730,203,97,
13,43434910,145,33,22
13,43435438,164,40,25
13,43436315,171,309,
13,43436551,25,0,
13,43436645,14,0,
13,43436663,12,0,
13,43436894,467,199,5
13,43436927,14,1,
13,43436933,44,90,
13,43437142,12,0,
13,43437725,4,0,
13,43438146,23,0,
13,43438192,108,24,20
13,43438206,119,113,
13,43438233,5,0,
13,43438533,5,0,
13,43438571,3,4,
13,43438601,101,20,21
13,43438659,30,6,
13,43438663,17,0,
13,43438797,167,69,14
13,43438853,5,1,
13,43439227,9,3,
13,43439398,24,24,
13,43439495,15,6,
13,43439610,277,92,30
13,43439759,89,28,
13,43439813,90,98,
13,43439862,15,1,
13,43439883,84,49,
13,43439895,22,0,
13,43439915,29,0,
13,43439939,44,27,
13,43439962,13,1,
13,43439981,35,5,
13,43439987,39,0,
13,43440046,144,24,12
13,43440084,10,4,
13,43440174,139,111,19
13,43440184,160,78,9
13,43440259,21,0,
13,43440267,340,41,4
13,43440321,8,1,
13,43440473,347,50,
13,43440513,799,231,7
13,43440769,7,1,
13,43440798,12,0,
13,43440920,97,43,17
13,43440943,3,0,
13,43440987,5,0,
13,43441089,6,0,
13,43441146,24,18,
13,43441189,9,1,
13,43441193,29,6,
13,43441422,11,1,
13,43441809,21,7,
13,43441860,3,0,
13,43441872,24,4,
13,43441880,27,1,
13,43441895,111,29,
13,43441959,6,5,
13,43441961,105,89,
13,43442107,40,10,
13,43442178,379,122,2
13,43442213,15,1,
13,43442239,7,0,
13,43442446,20,2,
13,43442694,62,36,
13,43442703,15,0,
13,43442917,266,102,16
13,43443230,13,1,
13,43443233,34,2,
13,43443319,9,2,
13,43443378,11,2,
13,43443549,31,15,
13,43443582,7,0,
13,43443596,6,4,
13,43443613,18,6,
13,43443640,118,29,3
13,43443823,35,11,
13,43443906,26,11,
13,43443974,37,30,
13,43444017,33,1,
13,43444058,17,17,
13,43444073,4,0,
13,43444091,30,12,
13,43444098,12,0,
13,43444160,5,0,
13,43444558,74,21,
13,43444588,6,0,23
13,43444613,5,0,
13,43444725,7,0,
13,43444930,18,4,
13,43444934,4,1,
13,43445179,5,3,
13,43445243,9,2,
13,43445276,7,0,
13,43445435,3,0,
13,43445441,7,0,
13,43445445,3,0,
13,43445557,7,2,
13,43445571,4,0,
14,43306435,194,119,
14,43315029,167,65,
14,43321109,234,84,
14,43325049,384,325,
14,43325628,288,259,
14,43330143,119,28,
14,43331358,268,418,
14,43334589,82,56,
14,43334731,109,51,
14,43336609,187,80,
14,43336892,164,47,
14,43337703,647,206,
14,43339206,198,215,
14,43339212,454,156,
14,43340196,312,207,
14,43340491,488,244,
14,43342071,134,220,
14,43342712,924,188,
14,43344082,929,561,
14,43347306,497,213,
14,43347724,205,33,
14,43348434,43,15,
14,43349204,42,10,
14,43352503,79,64,
14,43352531,778,782,
14,43353223,291,92,
14,43353822,361,155,
14,43353925,205,30,
14,43356016,167,36,
14,43356068,79,21,
14,43356314,567,195,
14,43356995,619,514,
14,43357687,162,163,
14,43357739,502,379,
14,43358264,163,59,
14,43358581,107,94,
14,43358914,535,143,
14,43359264,207,78,
14,43359343,138,25,
14,43359412,231,267,
14,43360150,98,25,
14,43360249,77,19,
14,43360251,421,496,
14,43360287,64,33,
14,43360522,196,91,
14,43360633,157,42,
14,43360642,314,288,
14,43361333,185,54,
14,43361389,62,36,
14,43361959,564,372,
14,43362616,112,13,
14,43362667,117,11,
14,43362725,139,43,
14,43363031,448,208,
14,43363056,298,486,
14,43363247,156,32,
14,43363293,279,482,
14,43364368,81,39,
14,43364715,159,271,
14,43365083,256,55,
14,43365424,182,28,
14,43365734,90,33,
14,43366124,132,69,
14,43366479,232,67,
14,43366671,211,85,
14,43367401,205,116,
14,43367483,27,12,
14,43367987,269,296,
14,43368365,104,29,
14,43368863,165,39,
14,43369354,87,34,
14,43369739,94,37,
14,43372227,137,21,
14,43373157,433,166,
14,43373242,319,236,
14,43373504,173,78,
14,43373765,213,216,
14,43373802,84,18,
14,43374237,126,74,
14,43374278,301,144,
14,43374369,247,93,
14,43374505,62,16,
14,43374519,311,123,
14,43374753,148,160,
14,43375918,46,2,
14,43376033,315,95,
14,43376570,52,9,
14,43376769,60,27,
14,43376793,62,37,
14,43377463,89,13,
14,43377533,125,87,
14,43377581,36,7,
14,43377690,157,35,
14,43377897,230,53,
14,43377958,36,2,
14,43377966,87,44,
14,43377998,139,67,
14,43378019,117,44,
14,43378114,105,12,
14,43378239,1933,453,
14,43378252,9,0,
14,43378266,55,14,
14,43378276,7,0,
14,43378358,229,51,
14,43378401,300,213,
14,43378436,247,14,
14,43378587,246,235,
14,43378627,197,66,
14,43378671,151,196,
14,43378822,43,4,
14,43378844,16,2,
14,43378900,101,56,
14,43379082,56,13,
14,43379173,110,69,
14,43379235,104,118,
14,43379262,235,131,
14,43379265,129,66,
14,43379917,152,21,
14,43380010,37,11,
14,43380021,40,0,
14,43380453,302,350,
14,43380622,109,37,
14,43380649,162,103,
14,43380930,370,174,
14,43381141,119,87,
14,43381512,341,471,
14,43381627,110,14,
14,43382709,31,11,
14,43384069,882,344,
14,43384402,64,8,
14,43384697,169,142,
14,43384826,112,89,
14,43384894,150,65,
14,43385127,37,7,
14,43385268,957,664,
14,43385571,27,19,
14,43385668,119,8,
14,43386004,107,14,
14,43386578,221,66,
14,43386581,85,34,
14,43386745,67,47,
14,43386973,138,106,
14,43387188,152,39,
14,43387334,142,164,
14,43387834,79,75,
14,43388024,134,87,
14,43388133,530,135,
14,43388218,84,18,
14,43388296,243,112,
14,43389064,279,137,
14,43389424,28,4,
14,43389455,126,31,
14,43390400,476,123,
14,43390401,80,1,
14,43390467,301,270,
14,43390595,181,200,
14,43390747,241,219,
14,43390823,64,31,
14,43391452,61,66,
14,43391459,358,190,
14,43391823,27,1,
14,43391971,42,9,
14,43392295,100,37,
14,43392521,206,50,
14,43392549,328,41,
14,43392753,111,42,
14,43392758,28,0,
14,43392875,68,59,
14,43392950,73,33,
14,43392951,212,77,
14,43393140,30,2,
14,43393198,84,42,
14,43393613,54,21,
14,43393659,22,10,
14,43393924,210,117,
14,43394591,157,25,
14,43394698,15,7,
14,43394881,238,156,
14,43394951,174,42,
14,43395496,75,5,
14,43395897,11,4,
14,43396076,39,2,
14,43396172,190,55,
14,43396735,745,423,
14,43397055,56,9,
14,43397407,19,3,
14,43397474,236,81,
14,43397556,8,0,
14,43397625,90,42,
14,43397640,314,192,
14,43397811,69,22,
14,43397973,26,4,
14,43398081,239,82,
14,43398148,62,17,
14,43398308,195,74,11
14,43398410,71,17,21
14,43398434,208,68,
14,43398518,599,829,
14,43398539,305,75,17
14,43398605,6,1,
14,43398652,118,53,
14,43398692,72,142,
14,43398908,57,5,
14,43398967,31,26,4
14,43398968,76,26,
14,43399127,26,19,
14,43399155,14,3,
14,43399170,59,11,
14,43399190,150,68,
14,43400989,1627,517,
14,43401179,282,113,
14,43401245,1655,1092,
14,43401378,137,126,
14,43401595,193,115,
14,43401855,516,209,
14,43402058,154,84,
14,43402102,65,24,
14,43402149,212,64,
14,43402315,335,220,
14,43402328,39,7,
14,43402361,21,2,
14,43402790,754,533,
14,43402947,21,20,
14,43403321,61,85,12
14,43403821,211,169,24
14,43404548,250,125,
14,43404617,68,11,
14,43404858,149,38,
14,43405901,15,0,
14,43406702,64,27,
14,43406710,539,356,
14,43406777,40,12,
14,43407196,34,9,
14,43407370,14,1,
14,43408487,93,46,
14,43408540,455,654,
14,43408674,236,115,
14,43409028,206,270,
14,43409533,30,42,
14,43410061,493,271,
14,43410247,137,46,
14,43410302,15,0,
14,43410349,110,55,
14,43410548,956,818,
14,43410692,683,287,
14,43410866,101,45,
14,43410874,292,253,8
14,43410885,288,300,
14,43410988,251,70,
14,43411258,214,361,
14,43411755,105,16,
14,43411898,95,20,
14,43411934,407,194,
14,43412295,46,20,
14,43412298,24,10,22
14,43413125,302,217,
14,43413478,83,44,
14,43413935,601,202,
14,43413988,7,0,
14,43414235,221,75,
14,43414393,554,235,
14,43414405,120,110,
14,43414426,16,6,
14,43414742,130,92,
14,43414992,111,27,
14,43415113,34,8,7
14,43415477,115,60,
14,43415820,274,67,1
14,43416074,12,0,
14,43416261,40,24,
14,43416302,149,45,
14,43416400,24,5,
14,43416481,31,13,
14,43416525,113,34,
14,43416558,36,12,
14,43416961,119,36,
14,43417038,18,0,
14,43417368,8,2,
14,43417511,258,80,
14,43417530,42,0,
14,43417613,4,1,
14,43417620,24,1,
14,43417756,9,3,
14,43417874,26,0,
14,43417885,128,128,
14,43417894,174,34,
14,43417907,23,6,
14,43417932,290,51,
14,43418069,32,12,
14,43418120,16,3,
14,43418184,133,12,
14,43418218,162,27,
14,43418297,17,3,
14,43418960,45,12,21
14,43419237,174,73,
14,43419240,237,128,
14,43419365,51,8,
14,43419422,104,36,
14,43419545,69,24,
14,43419616,7,2,15
14,43419701,680,550,
14,43419713,62,12,
14,43419928,150,33,
14,43419944,63,20,
14,43419996,135,95,
14,43420152,269,92,
14,43420427,24,28,
14,43420477,46,49,
14,43420678,113,37,
14,43420683,283,97,
14,43420760,45,5,
14,43420889,38,3,
14,43420892,46,26,
14,43420925,14,0,
14,43421094,39,14,
14,43421324,4,0,
14,43421472,8,3,
14,43421525,48,15,
14,43421934,261,113,
14,43422033,256,234,
14,43422162,718,666,
14,43422274,4,0,
14,43422413,946,598,
14,43422909,221,172,
14,43422928,64,5,
14,43423032,206,209,
14,43423238,83,14,
14,43423523,114,11,
14,43423651,8,5,
14,43423705,51,10,
14,43423762,72,30,
14,43424038,4,0,
14,43424065,217,101,
14,43424250,4,1,
14,43425032,32,28,
14,43425212,4,0,
14,43425351,42,34,
14,43425527,5,0,
14,43425600,12,7,
14,43425605,316,61,
14,43425649,6,0,
14,43425655,1180,692,
14,43425767,60,24,
14,43425774,24,3,
14,43425796,18,4,
14,43425855,4,0,
14,43426022,632,294,
14,43426051,14,1,
14,43426105,21,4,
14,43426134,12,0,
14,43426160,6,0,
14,43426449,9,11,
14,43426468,110,174,
14,43426648,10,2,
14,43426984,104,43,22
14,43427002,762,589,
14,43427115,123,100,
14,43427167,25,5,
14,43427274,9,3,
14,43427595,5,0,
14,43427671,15,7,
14,43427850,68,11,
14,43428197,13,0,
14,43428409,3,0,
14,43428429,5,0,
14,43429261,5,0,
14,43429403,14,3,
14,43429417,320,103,
14,43429427,3,0,
14,43429622,66,58,
14,43429804,4,0,
14,43429941,5,0,
14,43430498,4,0,
14,43430582,6,1,
14,43430856,62,11,
14,43431057,6,3,
14,43431068,302,161,
14,43431184,94,37,
14,43431506,55,53,
14,43431522,148,130,
14,43431567,222,238,
14,43431653,39,26,
14,43431675,317,535,
14,43431780,543,339,
14,43431875,16,25,
14,43431989,20,22,
14,43432291,100,39,
14,43432485,64,34,
14,43432670,65,28,
14,43432890,281,140,
14,43433192,7,1,
14,43433438,10,0,
14,43433538,15,7,
14,43433599,97,276,
14,43433689,17,3,
14,43433694,243,112,
14,43434093,487,215,13
14,43434152,181,118,
14,43434325,99,29,
14,43434492,37,22,
14,43434730,204,97,
14,43434910,146,33,23
14,43435438,167,41,30
14,43436315,172,309,
14,43436551,25,0,
14,43436645,14,0,
14,43436663,12,0,
14,43436894,473,202,6
14,43436927,14,1,
14,43436933,44,94,
14,43437142,12,0,
14,43437725,4,0,
14,43438146,23,0,
14,43438192,109,24,27
14,43438206,119,113,
14,43438233,5,0,
14,43438533,5,0,
14,43438571,3,4,
14,43438601,102,20,25
14,43438659,30,6,
14,43438663,17,0,
14,43438797,169,71,16
14,43438853,5,1,
14,43439227,9,3,
14,43439398,24,24,
14,43439495,15,6,
14,43439610,280,92,
14,43439759,89,29,
14,43439813,90,98,
14,43439862,15,1,
14,43439883,84,49,
14,43439895,22,0,
14,43439915,29,0,
14,43439939,44,27,
14,43439962,13,1,
14,43439981,35,5,
14,43439987,39,0,
14,43440046,148,27,14
14,43440084,10,4,
14,43440174,154,116,19
14,43440184,182,93,8
14,43440259,21,0,
14,43440267,345,43,5
14,43440321,8,1,
14,43440473,347,50,
14,43440513,817,239,9
14,43440769,7,1,
14,43440798,12,0,
14,43440920,100,46,20
14,43440943,3,0,
14,43440987,5,0,
14,43441089,6,0,
14,43441146,24,18,
14,43441189,10,1,
14,43441193,29,6,
14,43441422,11,1,
14,43441809,22,7,
14,43441860,3,0,
14,43441872,27,4,
14,43441880,27,1,
14,43441895,112,30,
14,43441959,6,5,
14,43441961,107,90,
14,43442107,41,10,
14,43442178,399,128,2
14,43442213,15,1,
14,43442239,7,0,
14,43442446,21,2,
14,43442694,64,37,
14,43442703,17,0,
14,43442917,277,107,18
14,43443230,13,1,
14,43443233,34,2,
14,43443378,13,2,
14,43443549,32,15,
14,43443582,7,0,
14,43443596,6,4,
14,43443613,18,6,
14,43443640,129,30,3
14,43443823,36,11,
14,43443906,28,11,
14,43443974,38,33,
14,43444017,33,1,
14,43444058,20,18,
14,43444073,4,0,
14,43444091,31,13,
14,43444098,12,0,
14,43444160,18,4,23
14,43444558,74,21,
14,43444588,6,0,29
14,43444613,5,0,
14,43444725,9,0,
14,43444930,19,4,
14,43444934,5,1,
14,43444974,5,0,
14,43445179,5,3,
14,43445243,9,2,
14,43445276,8,4,
14,43445441,9,0,
14,43445445,3,0,
14,43445557,31,5,
14,43445571,32,3,
14,43445616,41,26,7
14,43445682,36,7,1
14,43445720,15,5,2
15,43306435,194,119,
15,43315029,167,65,
15,43321109,234,84,
15,43325049,384,325,
15,43325628,288,259,
15,43330143,119,28,
15,43331358,268,418,
15,43334589,82,56,
15,43334731,109,51,
15,43336609,187,80,
15,43336892,164,47,
15,43337703,647,206,
15,43339206,198,215,
15,43339212,454,156,
15,43340196,312,207,
15,43340491,488,244,
15,43342071,134,220,
15,43342712,924,188,
15,43344082,929,561,
15,43347306,497,213,
15,43347724,205,33,
15,43348434,43,15,
15,43349204,42,10,
15,43352503,79,64,
15,43352531,778,782,
15,43353223,291,92,
15,43353822,361,155,
15,43353925,205,30,
15,43356016,167,36,
15,43356068,79,21,
15,43356314,567,195,
15,43356995,619,514,
15,43357687,162,163,
15,43357739,502,379,
15,43358264,163,59,
15,43358581,107,94,
15,43358914,535,143,
15,43359264,207,78,
15,43359343,138,25,
15,43359412,231,267,
15,43360150,98,25,
15,43360249,77,19,
15,43360251,421,496,
15,43360287,64,33,
15,43360522,196,91,
15,43360633,157,42,
15,43360642,314,288,
15,43361333,185,54,
15,43361389,62,36,
15,43361959,564,372,
15,43362616,112,13,
15,43362667,117,11,
15,43362725,139,43,
15,43363031,448,208,
15,43363056,298,486,
15,43363247,156,32,
15,43363293,279,482,
15,43364368,81,39,
15,43364715,159,271,
15,43365083,256,55,
15,43365424,182,28,
15,43365734,90,33,
15,43366124,132,69,
15,43366479,232,67,
15,43366671,211,85,
15,43367401,205,116,
15,43367483,27,12,
15,43367987,269,296,
15,43368365,104,29,
15,43368863,165,39,
15,43369354,87,34,
15,43369739,94,37,
15,43372227,137,21,
15,43373157,433,166,
15,43373242,319,236,
15,43373504,173,78,
15,43373765,213,216,
15,43373802,84,18,
15,43374237,126,74,
15,43374278,301,144,
15,43374369,247,93,
15,43374505,62,16,
15,43374519,311,123,
15,43374753,148,160,
15,43375918,46,2,
15,43376033,315,95,
15,43376570,52,9,
15,43376769,60,27,
15,43376793,62,37,
15,43377463,89,13,
15,43377533,125,87,
15,43377581,36,7,
15,43377690,157,35,
15,43377897,230,53,
15,43377958,36,2,
15,43377966,87,44,
15,43377998,139,67,
15,43378019,117,44,
15,43378114,105,12,
15,43378239,1933,453,
15,43378252,9,0,
15,43378266,55,14,
15,43378276,7,0,
15,43378358,229,51,
15,43378401,300,213,
15,43378436,247,14,
15,43378587,246,237,
15,43378627,197,66,
15,43378671,151,196,
15,43378822,43,4,
15,43378844,16,2,
15,43378900,101,56,
15,43379082,56,13,
15,43379173,110,69,
15,43379235,104,118,
15,43379262,235,131,
15,43379265,129,66,
15,43379917,152,21,
15,43380010,37,11,
15,43380021,40,0,
15,43380453,302,350,
15,43380622,109,37,
15,43380649,162,103,
15,43380930,370,174,
15,43381141,119,87,
15,43381512,341,471,
15,43381627,110,14,
15,43382709,31,11,
15,43384069,882,344,
15,43384402,64,8,
15,43384697,169,142,
15,43384826,112,89,
15,43384894,150,65,
15,43385127,37,7,
15,43385268,957,664,
15,43385571,27,19,
15,43385668,119,8,
15,43386004,107,14,
15,43386578,221,66,
15,43386581,85,34,
15,43386973,138,106,
15,43387188,152,39,
15,43387334,142,164,
15,43387834,79,75,
15,43388024,134,87,
15,43388133,530,135,
15,43388218,85,18,
15,43388296,243,112,
15,43389064,279,137,
15,43389424,28,4,
15,43389455,127,31,
15,43390400,476,123,
15,43390401,81,1,
15,43390467,301,270,
15,43390595,181,200,
15,43390747,241,219,
15,43390823,64,31,
15,43391452,61,66,
15,43391459,359,190,
15,43391823,27,1,
15,43391971,42,9,
15,43392295,100,37,
15,43392521,206,50,
15,43392549,328,41,
15,43392753,111,42,
15,43392758,28,0,
15,43392875,68,59,
15,43392950,73,33,
15,43392951,212,77,
15,43393140,30,2,
15,43393198,84,42,
15,43393613,54,21,
15,43393659,22,10,
15,43393924,210,117,
15,43394591,157,25,
15,43394698,15,7,
15,43394881,238,156,
15,43394951,174,42,
15,43395496,75,5,
15,43395897,11,4,
15,43396076,39,2,
15,43396172,191,55,
15,43396735,746,423,
15,43397055,57,9,
15,43397407,19,3,
15,43397474,236,81,
15,43397556,8,0,
15,43397625,90,42,
15,43397640,316,192,
15,43397811,69,22,
15,43397973,26,4,
15,43398081,239,82,
15,43398148,62,17,
15,43398308,196,74,13
15,43398410,79,19,26
15,43398434,208,68,
15,43398518,599,829,
15,43398539,311,75,18
15,43398605,6,1,
15,43398652,118,53,
15,43398692,72,142,
15,43398908,59,5,
15,43398967,43,38,4
15,43398968,76,26,
15,43399127,30,19,
15,43399155,14,3,
15,43399170,60,11,
15,43399190,150,68,
15,43400989,1627,517,
15,43401179,282,113,
15,43401245,1655,1092,
15,43401378,138,126,
15,43401595,193,115,
15,43401855,516,210,
15,43402058,155,84,
15,43402102,65,24,
15,43402149,212,64,
15,43402315,335,220,
15,43402328,39,7,
15,43402361,22,2,
15,43402790,754,533,
15,43402947,21,20,
15,43403321,68,111,12
15,43403821,215,182,
15,43404548,250,125,
15,43404617,68,11,
15,43404858,149,38,
15,43405638,14,1,11
15,43405901,15,0,
15,43406702,64,27,
15,43406710,539,356,
15,43406777,41,12,
15,43407196,34,9,
15,43407370,14,1,
15,43408487,93,45,
15,43408540,455,654,
15,43408674,238,115,
15,43409028,206,270,
15,43409533,30,42,
15,43410061,493,271,
15,43410247,137,46,
15,43410302,16,0,
15,43410349,110,55,
15,43410548,957,819,
15,43410692,685,288,
15,43410866,101,45,
15,43410874,302,262,10
15,43410885,288,300,
15,43410988,251,70,
15,43411258,215,362,
15,43411755,105,16,
15,43411898,95,20,
15,43411934,407,194,
15,43412295,46,20,
15,43412298,27,14,24
15,43413125,302,218,
15,43413478,83,44,
15,43413935,601,202,
15,43413988,7,0,
15,43414235,221,75,
15,43414393,556,235,
15,43414405,120,110,
15,43414426,16,6,
15,43414742,130,92,
15,43414992,111,27,
15,43415113,36,9,8
15,43415477,115,60,
15,43415820,301,68,2
15,43416074,12,0,
15,43416261,40,24,
15,43416302,149,45,
15,43416400,24,5,
15,43416481,31,13,
15,43416525,113,34,
15,43416558,36,12,
15,43416961,119,36,
15,43417038,19,0,
15,43417368,8,2,
15,43417511,259,80,
15,43417530,42,0,
15,43417613,4,1,
15,43417620,24,1,
15,43417756,9,3,
15,43417885,128,128,
15,43417894,175,34,
15,43417907,23,6,
15,43417932,290,51,
15,43418069,32,12,
15,43418120,16,3,
15,43418184,133,12,
15,43418218,162,27,
15,43418297,17,3,
15,43418960,50,16,16
15,43419237,174,74,
15,43419240,237,128,
15,43419365,51,8,
15,43419422,104,36,
15,43419545,69,24,
15,43419616,8,2,22
15,43419701,680,550,
15,43419713,62,12,
15,43419928,150,33,
15,43419944,63,20,
15,43419996,135,95,
15,43420152,271,92,
15,43420427,24,28,
15,43420477,46,49,
15,43420678,114,37,
15,43420683,284,97,
15,43420760,45,5,
15,43420889,38,3,
15,43420892,46,26,
15,43420925,14,0,
15,43421094,39,14,
15,43421324,4,0,
15,43421472,8,3,
15,43421525,48,15,
15,43421934,261,113,
15,43422033,257,234,
15,43422162,719,668,
15,43422274,4,0,
15,43422413,947,600,
15,43422909,222,172,
15,43422928,64,5,
15,43423032,206,209,
15,43423238,83,14,
15,43423523,114,11,
15,43423651,8,5,
15,43423705,51,10,
15,43423762,72,30,
15,43424038,4,0,
15,43424065,217,101,
15,43424250,4,1,
15,43425032,32,28,
15,43425212,4,0,
15,43425351,42,34,
15,43425527,5,0,
15,43425600,12,7,
15,43425605,316,61,
15,43425649,6,0,
15,43425655,1182,693,
15,43425767,61,24,
15,43425774,24,3,
15,43425796,18,4,
15,43425855,4,0,
15,43426022,634,294,
15,43426105,22,5,
15,43426134,12,0,
15,43426160,6,0,
15,43426449,9,11,
15,43426468,110,174,
15,43426648,10,2,
15,43426984,107,43,25
15,43427002,762,592,
15,43427115,123,100,
15,43427167,25,5,
15,43427274,9,3,
15,43427595,5,0,
15,43427671,15,7,
15,43427850,70,11,
15,43428197,13,0,
15,43428409,3,0,
15,43428429,5,0,
15,43429261,5,0,
15,43429403,14,3,
15,43429417,320,103,
15,43429427,3,0,
15,43429622,69,59,
15,43429804,4,0,
15,43429941,5,0,
15,43430498,4,0,
15,43430582,6,1,
15,43430856,63,11,
15,43431057,6,3,
15,43431068,303,161,
15,43431184,94,37,
15,43431506,56,53,
15,43431522,148,130,
15,43431567,224,238,
15,43431653,39,26,
15,43431675,319,535,
15,43431780,544,341,
15,43431875,16,25,
15,43431989,20,22,
15,43432291,100,39,
15,43432485,64,34,
15,43432670,65,28,
15,43432890,281,140,
15,43433438,10,0,
15,43433538,15,7,
15,43433599,99,278,
15,43433689,17,3,
15,43433694,243,112,
15,43434093,492,221,14
15,43434152,181,118,
15,43434492,37,22,
15,43434730,204,97,
15,43434910,147,33,27
15,43435438,169,41,30
15,43436315,172,309,
15,43436551,25,0,
15,43436645,14,0,
15,43436663,12,0,
15,43436894,479,204,7
15,43436927,14,1,
15,43436933,45,95,
15,43437142,13,0,
15,43437725,4,0,
15,43438146,23,0,
15,43438192,110,26,
15,43438206,119,113,
15,43438233,6,0,
15,43438533,5,0,
15,43438571,3,5,
15,43438601,106,20,29
15,43438659,31,6,
15,43438663,17,0,
15,43438797,170,73,17
15,43438853,5,1,
15,43439227,9,4,
15,43439398,24,24,
15,43439495,15,6,
15,43439610,285,92,
15,43439759,91,29,
15,43439813,90,98,
15,43439862,15,1,
15,43439883,84,49,
15,43439895,23,0,
15,43439915,29,0,
15,43439939,44,27,
15,43439962,13,1,
15,43439981,36,5,
15,43439987,40,0,
15,43440046,161,28,15
15,43440084,10,4,
15,43440174,158,131,19
15,43440184,194,105,9
15,43440259,21,0,
15,43440267,354,45,6
15,43440321,8,1,
15,43440473,349,50,
15,43440513,841,246,11
15,43440769,8,1,
15,43440798,12,0,
15,43440920,102,46,28
15,43440943,3,0,
15,43440987,5,0,
15,43441089,6,0,
15,43441146,24,18,
15,43441189,13,2,
15,43441193,29,6,
15,43441422,11,1,
15,43441743,4,1,
15,43441809,23,7,
15,43441860,4,0,
15,43441872,28,6,
15,43441880,28,1,
15,43441895,116,30,
15,43441959,6,5,
15,43441961,108,92,
15,43442107,43,11,
15,43442131,3,0,
15,43442178,422,129,3
15,43442213,16,1,
15,43442239,8,0,
15,43442446,22,2,
15,43442600,6,0,
15,43442694,65,39,
15,43442703,20,0,
15,43442868,4,0,
15,43442917,287,114,20
15,43443094,3,0,
15,43443230,13,1,
15,43443233,35,3,
15,43443378,15,3,
15,43443549,34,15,
15,43443582,7,0,
15,43443596,6,4,
15,43443613,18,6,
15,43443640,136,33,5
15,43443823,36,11,
15,43443906,28,11,
15,43443974,38,33,
15,43444017,33,1,
15,43444058,25,21,
15,43444059,4,0,
15,43444073,5,0,
15,43444091,35,14,
15,43444092,5,0,
15,43444098,13,0,
15,43444160,41,8,16
15,43444490,4,0,
15,43444558,74,21,
15,43444574,4,1,
15,43444588,7,0,
15,43444613,5,0,
15,43444725,10,0,
15,43444934,5,1,
15,43444974,5,0,
15,43445179,5,3,
15,43445243,10,2,
15,43445276,8,6,
15,43445381,3,0,
15,43445441,10,0,
15,43445445,4,0,
15,43445454,8,1,
15,43445557,49,13,
15,43445571,37,3,
15,43445614,17,0,5
15,43445616,67,58,
15,43445657,4,2,
15,43445662,30,4,4
15,43445682,53,10,
15,43445720,34,23,1
15,43445755,30,18,15
15,43445771,4,0,
15,43445894,23,0,3
15,43445931,38,3,1
15,43446001,5,0,
15,43446103,7,2,
15,43446225,4,1,21
15,43446291,6,0,
15,43446442,4,0,6
16,43306435,194,119,
16,43315029,167,65,
16,43321109,234,84,
16,43325049,384,325,
16,43325628,289,259,
16,43330143,119,28,
16,43331358,268,418,
16,43334589,82,56,
16,43334731,109,51,
16,43336609,187,80,
16,43336892,164,47,
16,43337703,647,206,
16,43339206,198,215,
16,43339212,454,156,
16,43340196,312,207,
16,43342071,134,220,
16,43342712,924,188,
16,43344082,929,561,
16,43347724,205,33,
16,43348434,43,15,
16,43349204,42,10,
16,43352503,79,64,
16,43352531,778,782,
16,43353223,291,92,
16,43353822,361,155,
16,43353925,205,30,
16,43356016,167,36,
16,43356068,79,21,
16,43356314,567,195,
16,43356995,619,514,
16,43357687,162,163,
16,43357739,502,379,
16,43358264,163,59,
16,43358914,535,143,
16,43359264,207,78,
16,43359412,231,267,
16,43360150,98,25,
16,43360249,77,19,
16,43360251,421,496,
16,43360287,64,33,
16,43360633,157,42,
16,43360642,314,288,
16,43361333,185,54,
16,43361389,62,36,
16,43361959,564,372,
16,43362616,112,13,
16,43362667,117,11,
16,43362725,139,43,
16,43363031,448,208,
16,43363056,298,486,
16,43363247,156,32,
16,43363293,279,482,
16,43364368,81,39,
16,43364715,159,271,
16,43365083,256,55,
16,43365424,182,28,
16,43365734,90,33,
16,43366671,212,85,
16,43367401,205,116,
16,43367987,269,296,
16,43368365,104,29,
16,43368863,165,39,
16,43369354,87,34,
16,43369739,94,37,
16,43372227,137,21,
16,43373157,433,166,
16,43373242,319,236,
16,43373504,173,78,
16,43373765,213,216,
16,43373802,84,18,
16,43374278,301,144,
16,43374369,247,93,
16,43374505,62,16,
16,43374519,311,123,
16,43374753,148,160,
16,43375918,46,2,
16,43376033,315,95,
16,43376570,52,9,
16,43376769,60,27,
16,43376793,62,37,
16,43377463,89,13,
16,43377533,125,87,
16,43377581,36,7,
16,43377690,157,35,
16,43377897,230,53,
16,43377958,36,2,
16,43377966,87,44,
16,43377998,139,67,
16,43378019,117,44,
16,43378114,105,12,
16,43378239,1933,453,
16,43378252,9,0,
16,43378266,55,14,
16,43378276,7,0,
16,43378358,229,51,
16,43378401,300,213,
16,43378436,247,14,
16,43378587,246,237,
16,43378627,197,66,
16,43378671,151,196,
16,43378844,16,2,
16,43378900,101,56,
16,43379082,56,13,
16,43379173,110,69,
16,43379235,104,118,
16,43379262,235,131,
16,43379265,129,66,
16,43379917,152,21,
16,43380010,37,11,
16,43380021,40,0,
16,43380453,302,350,
16,43380622,109,37,
16,43380649,162,103,
16,43380930,370,174,
16,43381141,119,87,
16,43381512,341,471,
16,43381627,110,14,
16,43382709,31,11,
16,43384069,882,344,
16,43384402,64,8,
16,43384697,169,142,
16,43384826,112,89,
16,43384894,150,65,
16,43385127,37,7,
16,43385268,957,664,
16,43385571,27,19,
16,43385668,119,8,
16,43386004,107,14,
16,43386578,221,66,
16,43386581,85,34,
16,43386973,139,106,
16,43387188,152,39,
16,43387334,142,164,
16,43387834,79,75,
16,43388024,134,87,
16,43388133,530,135,
16,43388218,85,19,
16,43388296,244,112,
16,43389064,280,137,
16,43389424,28,4,
16,43389455,127,31,
16,43390400,477,124,
16,43390401,83,1,
16,43390467,301,270,
16,43390595,181,200,
16,43390747,241,219,
16,43390823,64,31,
16,43391452,61,66,
16,43391459,359,190,
16,43391971,42,9,
16,43392295,100,37,
16,43392521,206,50,
16,43392549,328,41,
16,43392753,111,42,
16,43392758,28,0,
16,43392875,68,59,
16,43392950,73,33,
16,43392951,212,77,
16,43393140,30,2,
16,43393198,84,42,
16,43393613,54,21,
16,43393659,22,10,
16,43393924,210,117,
16,43394591,157,25,
16,43394698,15,7,
16,43394951,174,42,
16,43395496,75,5,
16,43395897,12,4,
16,43396076,39,2,
16,43396172,191,55,
16,43396735,746,423,
16,43397055,57,9,
16,43397407,19,3,
16,43397474,236,81,
16,43397556,8,0,
16,43397625,92,42,
16,43397640,317,192,
16,43397811,69,22,
16,43397973,26,4,
16,43398081,239,82,
16,43398148,62,17,
16,43398308,199,74,21
16,43398410,79,18,
16,43398434,208,68,
16,43398518,599,829,
16,43398539,317,77,27
16,43398605,6,1,
16,43398652,118,53,
16,43398692,72,142,
16,43398908,60,5,
16,43398967,51,45,20
16,43398968,76,26,
16,43399127,31,19,
16,43399155,14,3,
16,43399170,61,11,
16,43399190,150,68,
16,43400989,1628,517,
16,43401179,282,113,
16,43401245,1656,1092,
16,43401378,138,126,
16,43401595,193,115,
16,43401855,516,210,
16,43402058,155,84,
16,43402102,65,24,
16,43402149,212,64,
16,43402315,335,220,
16,43402328,39,7,
16,43402361,22,2,
16,43402790,755,533,
16,43402947,21,20,
16,43403321,77,130,22
16,43403821,217,184,
16,43404548,250,125,
16,43404617,68,11,
16,43404858,149,38,
16,43405638,22,4,10
16,43405901,15,0,
16,43406702,64,27,
16,43406710,539,356,
16,43406777,42,12,
16,43407196,34,9,
16,43407370,14,1,
16,43408487,94,45,
16,43408540,455,654,
16,43408674,238,115,
16,43409028,206,270,
16,43409533,30,42,
16,43410061,493,271,
16,43410247,137,46,
16,43410302,22,0,17
16,43410349,110,55,
16,43410548,959,819,
16,43410692,685,288,
16,43410866,101,45,
16,43410874,307,268,20
16,43410885,288,300,
16,43410988,251,70,
16,43411258,216,362,
16,43411755,105,16,
16,43411898,95,20,
16,43411934,407,194,
16,43412295,46,20,
16,43412298,27,13,
16,43413125,302,218,
16,43413478,83,44,
16,43413935,602,202,
16,43413988,7,0,
16,43414235,221,75,
16,43414393,557,235,
16,43414405,120,110,
16,43414426,16,6,
16,43414742,130,92,
16,43414992,111,27,
16,43415113,40,13,13
16,43415477,115,60,
16,43415820,323,73,8
16,43416074,12,0,
16,43416302,149,45,
16,43416400,24,5,
16,43416525,113,34,
16,43416558,36,12,
16,43416961,119,36,
16,43417038,19,0,
16,43417511,259,80,
16,43417530,42,0,
16,43417613,4,1,
16,43417620,24,1,
16,43417756,9,3,
16,43417885,128,128,
16,43417894,175,34,
16,43417907,23,6,
16,43417932,290,51,
16,43418069,32,12,
16,43418120,16,3,
16,43418184,133,12,
16,43418297,17,3,
16,43418960,56,18,26
16,43419237,174,75,
16,43419240,237,128,
16,43419365,51,8,
16,43419422,104,36,
16,43419545,69,24,
16,43419616,9,2,
16,43419701,680,550,
16,43419713,62,12,
16,43419928,150,33,
16,43419944,63,20,
16,43419996,136,95,
16,43420152,271,92,
16,43420477,46,49,
16,43420678,114,37,
16,43420683,284,97,
16,43420760,45,5,
16,43420889,38,3,
16,43420892,46,26,
16,43420925,14,0,
16,43421094,39,14,
16,43421324,4,0,
16,43421472,8,3,
16,43421934,261,113,
16,43422033,257,234,
16,43422162,719,668,
16,43422274,4,0,
16,43422413,947,602,
16,43422909,222,172,
16,43422928,64,5,
16,43423032,206,209,
16,43423238,84,14,
16,43423523,114,11,
16,43423651,8,5,
16,43423705,52,10,
16,43423762,72,30,
16,43424038,4,0,
16,43424065,217,101,
16,43424250,4,1,
16,43425212,4,0,
16,43425527,5,0,
16,43425600,12,7,
16,43425605,316,61,
16,43425649,6,0,
16,43425655,1182,695,
16,43425767,61,24,
16,43425774,24,3,
16,43425796,18,4,
16,43425855,4,0,
16,43426022,634,294,
16,43426105,22,5,
16,43426134,12,0,
16,43426160,6,0,
16,43426449,9,11,
16,43426468,110,174,
16,43426984,108,44,
16,43427002,764,595,
16,43427115,123,100,
16,43427167,25,5,
16,43427274,9,3,
16,43427595,5,0,
16,43427671,15,7,
16,43427850,70,12,
16,43428197,13,0,
16,43428409,3,0,
16,43428429,5,0,
16,43429261,5,0,
16,43429403,14,3,
16,43429417,320,103,
16,43429427,3,0,
16,43429622,70,60,
16,43429804,4,0,
16,43429941,5,0,
16,43430498,4,0,
16,43430582,6,1,
16,43430856,63,11,
16,43431057,6,3,
16,43431068,305,161,
16,43431184,94,37,
16,43431506,56,54,
16,43431522,148,130,
16,43431567,225,239,
16,43431653,39,26,
16,43431675,321,536,
16,43431780,546,342,
16,43431875,16,25,
16,43431989,20,22,
16,43432291,100,39,
16,43432485,64,34,
16,43432670,65,28,
16,43432890,281,140,
16,43433438,10,0,
16,43433538,16,7,
16,43433599,99,279,
16,43433689,17,3,
16,43433694,243,113,
16,43434093,498,223,25
16,43434152,182,120,
16,43434492,37,22,
16,43434730,204,97,
16,43434910,150,32,
16,43435438,171,42,
16,43436551,25,0,
16,43436663,12,0,
16,43436894,485,205,12
16,43436927,14,1,
16,43436933,47,95,
16,43437142,13,0,
16,43437725,4,0,
16,43438146,23,1,
16,43438192,111,26,
16,43438206,119,113,
16,43438233,6,0,
16,43438533,5,0,
16,43438571,3,5,
16,43438601,107,21,
16,43438659,31,6,
16,43438663,17,0,
16,43438797,174,73,30
16,43438853,5,1,
16,43439227,9,4,
16,43439398,24,24,
16,43439495,15,6,
16,43439610,286,92,
16,43439759,91,29,
16,43439813,90,98,
16,43439862,15,1,
16,43439883,85,50,
16,43439895,23,0,
16,43439915,29,0,
16,43439939,44,27,
16,43439962,13,1,
16,43439981,36,5,
16,43439987,40,0,
16,43440046,168,29,24
16,43440084,10,4,
16,43440174,165,135,28
16,43440184,205,111,17
16,43440259,21,0,
16,43440267,365,48,10
16,43440321,8,1,
16,43440473,350,51,
16,43440513,864,251,19
16,43440769,8,1,
16,43440798,12,0,
16,43440920,102,46,
16,43440943,3,0,
16,43440987,5,0,
16,43441089,6,0,
16,43441146,24,18,
16,43441189,13,2,
16,43441193,29,6,
16,43441324,3,0,
16,43441422,11,1,
16,43441743,4,1,
16,43441809,24,7,
16,43441860,4,0,
16,43441872,28,6,
16,43441880,28,1,
16,43441895,116,31,
16,43441959,6,5,
16,43441961,109,96,
16,43442107,43,13,
16,43442131,3,0,
16,43442178,446,139,7
16,43442213,16,1,
16,43442239,8,0,
16,43442446,22,2,
16,43442600,6,0,
16,43442694,67,39,
16,43442703,24,1,
16,43442868,4,0,
16,43442917,289,119,
16,43443094,3,0,
16,43443233,37,4,
16,43443378,16,5,
16,43443549,35,15,
16,43443582,7,0,
16,43443596,6,4,
16,43443613,18,6,
16,43443640,152,40,9
16,43443823,36,12,
16,43443906,28,15,
16,43443974,39,34,
16,43444017,33,1,
16,43444058,25,24,
16,43444059,4,0,
16,43444073,5,0,
16,43444091,39,17,
16,43444092,6,0,
16,43444098,13,0,
16,43444160,64,21,13
16,43444490,7,0,
16,43444558,74,21,
16,43444574,6,1,
16,43444588,7,0,
16,43444613,5,0,
16,43444725,10,0,
16,43444934,5,1,
16,43444974,5,0,
16,43445179,5,3,
16,43445243,11,2,
16,43445276,9,7,
16,43445381,10,1,14
16,43445441,11,0,
16,43445445,4,0,
16,43445454,16,1,
16,43445547,9,1,18
16,43445557,57,16,
16,43445571,42,3,
16,43445614,29,1,5
16,43445616,67,62,
16,43445657,5,2,
16,43445662,62,17,3
16,43445682,59,11,
16,43445720,52,31,2
16,43445755,39,34,15
16,43445760,7,0,
16,43445771,6,0,
16,43445894,41,2,3
16,43445931,82,4,1
16,43446001,5,0,
16,43446103,60,18,9
16,43446225,6,1,
16,43446291,10,1,
16,43446431,15,5,
16,43446442,14,1,5
16,43446571,10,1,
16,43446796,4,0,
16,43446797,7,0,
16,43446821,14,3,14
17,43306435,194,119,
17,43315029,167,65,
17,43325049,384,325,
17,43325628,289,259,
17,43330143,119,28,
17,43331358,268,418,
17,43334589,82,56,
17,43334731,109,51,
17,43336609,187,80,
17,43336892,164,47,
17,43337703,647,206,
17,43339206,198,215,
17,43339212,454,156,
17,43342071,134,220,
17,43342712,924,188,
17,43344082,930,561,
17,43347724,205,33,
17,43348434,43,15,
17,43349204,42,10,
17,43352531,778,782,
17,43353223,291,92,
17,43353822,361,155,
17,43353925,205,30,
17,43356016,167,36,
17,43356068,79,21,
17,43356314,567,195,
17,43356995,619,514,
17,43357687,162,163,
17,43357739,502,379,
17,43358264,163,59,
17,43358914,535,143,
17,43359264,207,78,
17,43359412,231,267,
17,43360150,98,25,
17,43360249,77,19,
17,43360251,421,496,
17,43360287,64,33,
17,43360633,157,42,
17,43360642,314,288,
17,43361333,185,54,
17,43361389,62,36,
17,43361959,564,372,
17,43362616,112,13,
17,43362667,117,11,
17,43362725,139,43,
17,43363031,448,208,
17,43363056,298,486,
17,43363247,156,32,
17,43363293,279,482,
17,43364368,81,39,
17,43364715,159,271,
17,43365083,256,55,
17,43365424,182,28,
17,43365734,90,33,
17,43366671,212,85,
17,43367401,205,116,
17,43367987,269,296,
17,43368365,104,29,
17,43368863,165,39,
17,43369354,87,34,
17,43369739,94,37,
17,43372227,137,21,
17,43373157,433,166,
17,43373242,319,236,
17,43373504,173,78,
17,43373765,213,216,
17,43374278,301,144,
17,43374369,247,93,
17,43374505,62,16,
17,43374519,311,123,
17,43374753,148,160,
17,43376033,315,95,
17,43376570,52,9,
17,43376769,60,27,
17,43376793,62,37,
17,43377463,89,13,
17,43377533,125,87,
17,43377581,36,7,
17,43377690,157,35,
17,43377897,230,53,
17,43377958,36,2,
17,43377966,87,44,
17,43377998,139,67,
17,43378019,117,44,
17,43378114,105,12,
17,43378239,1933,453,
17,43378252,9,0,
17,43378266,55,14,
17,43378276,7,0,
17,43378358,229,51,
17,43378401,300,213,
17,43378436,247,14,
17,43378587,246,237,
17,43378627,197,66,
17,43378671,151,196,
17,43378844,16,2,
17,43378900,101,56,
17,43379082,56,13,
17,43379173,110,69,
17,43379235,104,118,
17,43379262,235,131,
17,43379265,129,66,
17,43379917,152,21,
17,43380010,37,11,
17,43380021,40,0,
17,43380453,302,350,
17,43380622,109,37,
17,43380649,162,103,
17,43380930,370,174,
17,43381141,119,87,
17,43381512,341,471,
17,43381627,110,14,
17,43382709,31,11,
17,43384069,882,344,
17,43384402,64,8,
17,43384697,170,142,
17,43384826,112,89,
17,43384894,150,65,
17,43385127,37,7,
17,43385268,957,664,
17,43385571,27,19,
17,43385668,119,8,
17,43386578,221,66,
17,43386581,85,34,
17,43386973,139,106,
17,43387188,152,39,
17,43387334,142,164,
17,43387834,79,75,
17,43388024,134,87,
17,43388133,530,135,
17,43388218,85,19,
17,43388296,244,112,
17,43389424,28,4,
17,43389455,128,31,
17,43390400,477,124,
17,43390401,83,1,
17,43390467,301,270,
17,43390595,181,200,
17,43390747,241,219,
17,43390823,64,31,
17,43391452,62,67,
17,43391459,359,191,
17,43391971,42,9,
17,43392295,100,37,
17,43392521,206,50,
17,43392549,328,41,
17,43392753,111,42,
17,43392758,28,0,
17,43392875,68,60,
17,43392950,73,33,
17,43392951,212,77,
17,43393140,30,2,
17,43393198,84,42,
17,43393613,54,21,
17,43393659,22,10,
17,43393924,210,117,
17,43394591,157,25,
17,43394698,15,7,
17,43394951,174,42,
17,43395496,75,5,
17,43395897,12,4,
17,43396076,39,2,
17,43396172,191,55,
17,43396735,746,423,
17,43397055,57,9,
17,43397407,19,3,
17,43397474,236,81,
17,43397556,9,0,
17,43397625,92,42,
17,43397640,317,192,
17,43397811,70,22,
17,43397973,26,4,
17,43398081,239,82,
17,43398148,62,17,
17,43398308,200,77,22
17,43398410,81,18,
17,43398434,208,68,
17,43398518,599,829,
17,43398539,327,81,28
17,43398605,6,1,
17,43398652,118,53,
17,43398692,72,142,
17,43398908,61,5,
17,43398967,59,48,23
17,43398968,76,26,
17,43399127,31,19,
17,43399155,14,3,
17,43399170,62,11,
17,43399190,150,68,
17,43400989,1628,517,
17,43401179,282,113,
17,43401245,1656,1092,
17,43401378,138,126,
17,43401595,193,115,
17,43401855,516,210,
17,43402058,156,84,
17,43402102,65,24,
17,43402149,212,64,
17,43402315,335,220,
17,43402328,39,7,
17,43402361,22,2,
17,43402790,755,533,
17,43402947,21,20,
17,43403321,84,137,26
17,43403821,217,188,
17,43404548,250,125,
17,43404617,68,11,
17,43404858,149,38,
17,43405638,27,5,9
17,43405901,15,0,
17,43406702,64,27,
17,43406710,539,356,
17,43406777,43,12,
17,43407196,34,9,
17,43407370,14,1,
17,43408487,94,45,
17,43408540,455,654,
17,43408674,238,115,
17,43409028,206,270,
17,43409533,30,43,
17,43410061,493,271,
17,43410247,137,46,
17,43410302,34,1,15
17,43410349,110,55,
17,43410548,959,819,
17,43410692,685,288,
17,43410866,101,45,
17,43410874,318,275,23
17,43410885,288,300,
17,43410988,251,70,
17,43411258,216,362,
17,43411755,105,16,
17,43411898,95,20,
17,43411934,407,194,
17,43412295,46,20,
17,43412298,28,14,
17,43413125,302,218,
17,43413478,83,44,
17,43413935,602,202,
17,43413988,7,0,
17,43414235,221,75,
17,43414393,557,235,
17,43414405,120,110,
17,43414426,16,6,
17,43414742,130,92,
17,43414992,111,27,
17,43415113,43,13,19
17,43415477,115,60,
17,43415820,345,83,8
17,43416074,12,0,
17,43416302,149,45,
17,43416400,24,5,
17,43416525,113,34,
17,43416558,36,12,
17,43416961,119,36,
17,43417038,19,0,
17,43417511,259,80,
17,43417530,42,0,
17,43417620,24,1,
17,43417885,128,128,
17,43417894,176,34,
17,43417907,23,6,
17,43417932,290,51,
17,43418069,32,12,
17,43418120,16,3,
17,43418184,133,12,
17,43418297,17,3,
17,43418343,10,3,9
17,43418960,60,20,29
17,43419237,175,75,
17,43419240,237,127,
17,43419365,51,8,
17,43419422,104,36,
17,43419545,69,24,
17,43419616,10,2,
17,43419701,680,551,
17,43419713,62,12,
17,43419928,151,33,
17,43419944,63,20,
17,43419996,136,96,
17,43420152,271,93,
17,43420477,46,49,
17,43420678,114,36,
17,43420683,284,97,
17,43420760,45,5,
17,43420889,38,3,
17,43420892,46,26,
17,43420925,14,0,
17,43421094,39,14,
17,43421324,4,0,
17,43421472,8,3,
17,43421934,261,113,
17,43422033,257,234,
17,43422162,719,661,
17,43422274,4,0,
17,43422413,947,603,
17,43422909,222,172,
17,43422928,64,5,
17,43423032,206,209,
17,43423238,84,14,
17,43423523,115,11,
17,43423651,8,5,
17,43423705,53,10,
17,43423762,72,30,
17,43424038,4,0,
17,43424065,217,101,
17,43424250,4,1,
17,43425212,4,0,
17,43425527,5,0,
17,43425600,12,7,
17,43425605,316,61,
17,43425649,6,0,
17,43425655,1182,695,
17,43425767,61,24,
17,43425774,24,3,
17,43425796,18,4,
17,43425855,4,0,
17,43426022,635,294,
17,43426105,22,5,
17,43426134,12,0,
17,43426160,6,0,
17,43426449,9,6,
17,43426468,110,174,
17,43426984,108,43,
17,43427002,766,598,
17,43427115,123,100,
17,43427167,25,5,
17,43427274,9,3,
17,43427595,5,0,
17,43427671,15,7,
17,43427850,70,12,
17,43428197,13,0,
17,43428409,3,0,
17,43428429,5,0,
17,43429261,5,0,
17,43429403,14,3,
17,43429417,323,103,
17,43429427,3,0,
17,43429622,70,65,
17,43429804,4,0,
17,43429941,5,0,
17,43430498,4,0,
17,43430582,6,1,
17,43430856,63,11,
17,43431057,6,3,
17,43431068,305,161,
17,43431184,94,37,
17,43431506,56,54,
17,43431522,148,130,
17,43431567,226,241,
17,43431653,39,26,
17,43431675,323,536,
17,43431780,547,342,
17,43431875,16,25,
17,43431989,20,22,
17,43432291,101,39,
17,43432485,64,34,
17,43432670,65,28,
17,43432890,281,139,
17,43433438,10,0,
17,43433538,16,7,
17,43433599,99,278,
17,43433689,17,3,
17,43433694,243,113,
17,43434093,503,227,27
17,43434152,182,120,
17,43434492,37,22,
17,43434730,205,97,
17,43434910,150,32,
17,43435438,171,42,
17,43436551,25,0,
17,43436663,13,0,
17,43436894,492,200,17
17,43436927,14,1,
17,43436933,47,98,
17,43437142,13,0,
17,43437725,4,0,
17,43438192,112,26,
17,43438206,120,113,
17,43438233,6,0,
17,43438533,5,0,
17,43438571,3,5,
17,43438601,110,19,
17,43438659,31,6,
17,43438663,17,0,
17,43438797,174,72,30
17,43438853,5,1,
17,43439227,9,4,
17,43439398,24,24,
17,43439495,15,6,
17,43439610,289,92,
17,43439759,91,29,
17,43439813,90,98,
17,43439862,15,1,
17,43439883,85,50,
17,43439895,23,0,
17,43439915,30,0,
17,43439939,45,27,
17,43439962,13,1,
17,43439981,36,5,
17,43439987,40,0,
17,43440046,175,29,24
17,43440084,10,4,
17,43440174,167,139,
17,43440184,226,118,20
17,43440259,21,0,
17,43440267,367,49,13
17,43440321,8,1,
17,43440473,352,51,
17,43440513,885,254,21
17,43440769,8,1,
17,43440798,12,0,
17,43440920,102,48,
17,43440943,3,0,
17,43440987,5,0,
17,43441089,6,0,
17,43441146,26,19,
17,43441189,15,2,
17,43441193,30,6,
17,43441324,3,0,
17,43441422,11,1,
17,43441743,4,1,
17,43441809,25,7,
17,43441860,4,0,
17,43441872,29,8,
17,43441880,28,1,
17,43441895,116,31,
17,43441959,6,5,
17,43441961,111,96,
17,43442107,44,14,
17,43442131,4,0,
17,43442178,463,146,7
17,43442213,17,1,
17,43442239,8,0,
17,43442446,23,2,
17,43442600,7,0,
17,43442694,68,41,
17,43442703,26,1,
17,43442868,5,0,
17,43442917,294,120,
17,43443094,4,0,
17,43443233,38,4,
17,43443378,17,6,
17,43443494,41,29,
17,43443549,36,15,
17,43443582,7,0,
17,43443596,6,4,
17,43443613,19,6,
17,43443640,156,43,11
17,43443823,37,12,
17,43443906,28,15,
17,43443974,39,34,
17,43444017,33,1,
17,43444058,29,25,
17,43444059,4,0,
17,43444073,5,0,
17,43444091,41,17,
17,43444092,9,1,
17,43444098,13,0,
17,43444160,76,37,14
17,43444490,9,0,
17,43444558,75,21,
17,43444574,10,1,
17,43444588,8,0,
17,43444613,5,0,
17,43444725,10,0,
17,43444934,5,1,
17,43444974,5,0,
17,43445179,5,4,
17,43445243,11,2,
17,43445276,10,8,
17,43445381,16,4,16
17,43445441,12,1,
17,43445445,4,0,
17,43445454,27,2,
17,43445547,12,2,16
17,43445557,62,21,
17,43445571,46,6,
17,43445614,46,2,5
17,43445616,69,65,
17,43445657,6,4,
17,43445662,91,21,2
17,43445682,65,11,
17,43445720,67,36,2
17,43445760,15,0,
17,43445771,7,0,
17,43445894,56,7,4
17,43445931,111,9,1
17,43446001,5,0,
17,43446103,95,69,10
17,43446225,6,1,
17,43446291,13,1,
17,43446351,4,0,
17,43446431,24,11,
17,43446442,28,2,5
17,43446544,3,3,20
17,43446571,11,3,
17,43446763,3,1,
17,43446796,6,0,
17,43446797,11,0,
17,43446817,6,0,
17,43446821,47,31,7
17,43446929,5,1,
17,43446931,6,1,
17,43446939,6,1,
17,43447032,4,1,
17,43447038,5,0,
17,43447044,10,1,
17,43447064,12,1,
17,43447136,3,0,
17,43447196,5,0,
18,43306435,194,119,
18,43315029,167,65,
18,43325049,384,325,
18,43325628,289,259,
18,43330143,119,28,
18,43331358,268,418,
18,43334589,82,56,
18,43334731,109,51,
18,43336609,187,80,
18,43336892,164,47,
18,43337703,647,206,
18,43339212,454,156,
18,43342071,134,220,
18,43342712,924,188,
18,43344082,930,561,
18,43347724,205,33,
18,43348434,43,15,
18,43349204,42,10,
18,43352531,778,782,
18,43353223,291,92,
18,43353822,361,155,
18,43353925,205,30,
18,43356016,167,36,
18,43356068,79,21,
18,43356314,567,195,
18,43356995,619,514,
18,43357687,162,163,
18,43357739,502,379,
18,43358264,163,59,
18,43358914,535,143,
18,43359264,207,78,
18,43359412,231,267,
18,43360150,98,25,
18,43360249,77,19,
18,43360251,421,496,
18,43360287,64,33,
18,43360633,157,42,
18,43360642,314,288,
18,43361333,185,54,
18,43361389,62,36,
18,43361959,564,372,
18,43362616,112,13,
18,43362667,117,11,
18,43362725,139,43,
18,43363031,448,208,
18,43363056,298,487,
18,43363247,156,32,
18,43363293,279,482,
18,43364368,81,39,
18,43364715,159,271,
18,43365083,256,55,
18,43365424,182,28,
18,43365734,90,33,
18,43366671,212,85,
18,43367401,205,116,
18,43367987,269,296,
18,43368365,104,29,
18,43368863,165,39,
18,43369354,87,34,
18,43369739,94,37,
18,43372227,137,21,
18,43373157,433,166,
18,43373242,319,236,
18,43373504,173,78,
18,43373765,213,216,
18,43374278,301,144,
18,43374369,247,93,
18,43374505,62,16,
18,43374519,311,123,
18,43374753,148,160,
18,43376033,315,95,
18,43376570,52,9,
18,43376769,60,27,
18,43376793,62,37,
18,43377463,89,13,
18,43377533,125,87,
18,43377581,36,7,
18,43377690,157,35,
18,43377897,230,53,
18,43377958,36,2,
18,43377966,87,44,
18,43377998,139,67,
18,43378019,117,44,
18,43378114,105,12,
18,43378239,1934,453,
18,43378252,9,0,
18,43378266,55,14,
18,43378358,229,51,
18,43378401,300,213,
18,43378436,247,14,
18,43378587,246,237,
18,43378627,197,66,
18,43378671,151,196,
18,43378844,16,2,
18,43378900,101,56,
18,43379082,56,13,
18,43379173,110,69,
18,43379235,104,118,
18,43379262,235,131,
18,43379265,129,66,
18,43379917,152,21,
18,43380010,37,11,
18,43380021,40,0,
18,43380453,302,350,
18,43380622,109,37,
18,43380649,162,103,
18,43380930,370,174,
18,43381512,341,471,
18,43381627,110,14,
18,43382709,31,11,
18,43384069,882,344,
18,43384402,64,8,
18,43384697,170,142,
18,43384826,112,89,
18,43384894,150,65,
18,43385127,37,7,
18,43385268,957,664,
18,43385571,27,19,
18,43385668,119,8,
18,43386578,221,66,
18,43386581,85,34,
18,43386973,139,106,
18,43387334,142,164,
18,43387834,79,75,
18,43388024,134,87,
18,43388133,530,135,
18,43388218,85,19,
18,43388296,244,112,
18,43389424,28,4,
18,43389455,129,31,
18,43390400,477,124,
18,43390401,84,1,
18,43390467,301,270,
18,43390595,181,200,
18,43390747,241,219,
18,43390823,64,31,
18,43391452,62,67,
18,43391459,359,191,
18,43391971,42,9,
18,43392295,100,37,
18,43392521,206,50,
18,43392549,328,41,
18,43392753,111,42,
18,43392758,28,0,
18,43392875,68,60,
18,43392950,73,33,
18,43392951,212,77,
18,43393140,30,2,
18,43393198,84,42,
18,43393613,54,21,
18,43393659,22,10,
18,43393924,210,117,
18,43394591,157,25,
18,43394698,15,7,
18,43394951,174,42,
18,43395496,75,5,
18,43395897,12,4,
18,43396076,39,2,
18,43396172,191,55,
18,43396735,746,423,
18,43397055,57,9,
18,43397407,19,3,
18,43397474,236,81,
18,43397556,9,0,
18,43397625,93,42,
18,43397640,317,192,
18,43397811,70,22,
18,43397973,26,4,
18,43398081,239,82,
18,43398148,62,17,
18,43398308,200,80,25
18,43398410,85,20,
18,43398434,208,68,
18,43398518,599,829,
18,43398539,330,82,28
18,43398605,6,1,
18,43398652,118,53,
18,43398692,72,142,
18,43398908,61,5,
18,43398967,61,53,
18,43398968,76,26,
18,43399127,31,19,
18,43399155,14,3,
18,43399170,62,11,
18,43399190,150,68,
18,43400989,1628,517,
18,43401179,282,113,
18,43401245,1657,1092,
18,43401378,138,126,
18,43401595,193,115,
18,43401855,516,210,
18,43402058,156,84,
18,43402102,65,24,
18,43402149,212,64,
18,43402315,335,220,
18,43402328,39,7,
18,43402361,22,2,
18,43402790,755,533,
18,43402947,21,20,
18,43403321,89,147,26
18,43403821,221,193,
18,43404548,250,125,
18,43404617,68,11,
18,43404858,149,38,
18,43405638,32,6,13
18,43405901,15,0,
18,43406702,64,27,
18,43406710,539,357,
18,43406777,43,12,
18,43407196,35,9,
18,43407370,14,1,
18,43408487,94,45,
18,43408540,455,654,
18,43408674,238,115,
18,43409028,206,270,
18,43409533,30,43,
18,43410061,493,271,
18,43410247,137,46,
18,43410302,41,3,14
18,43410349,110,55,
18,43410548,959,820,
18,43410692,686,288,
18,43410866,101,45,
18,43410874,323,277,24
18,43410885,289,300,
18,43410988,251,70,
18,43411258,216,362,
18,43411755,105,16,
18,43411898,95,20,
18,43411934,407,194,
18,43412295,46,20,
18,43412298,29,14,
18,43412768,30,2,23
18,43413125,303,218,
18,43413478,83,44,
18,43413935,602,202,
18,43413988,7,0,
18,43414235,221,75,
18,43414393,557,235,
18,43414405,120,110,
18,43414426,16,6,
18,43414742,130,92,
18,43414992,111,27,
18,43415113,47,13,21
18,43415477,115,60,
18,43415820,351,96,11
18,43416074,12,0,
18,43416302,149,45,
18,43416400,24,5,
18,43416525,113,34,
18,43416558,36,12,
18,43416961,119,36,
18,43417038,19,0,
18,43417511,259,80,
18,43417530,42,0,
18,43417620,24,1,
18,43417885,128,128,
18,43417894,176,34,
18,43417907,23,6,
18,43417932,290,51,
18,43418069,32,12,
18,43418120,16,3,
18,43418184,133,12,
18,43418297,17,3,
18,43418343,19,6,10
18,43418960,60,21,29
18,43419237,175,75,
18,43419240,239,127,
18,43419365,51,8,
18,43419422,104,36,
18,43419545,69,24,
18,43419616,12,2,
18,43419701,680,551,
18,43419713,63,13,
18,43419928,151,33,
18,43419944,63,20,
18,43419996,136,96,
18,43420152,271,93,
18,43420477,46,49,
18,43420678,114,36,
18,43420683,284,97,
18,43420760,45,5,
18,43420889,38,3,
18,43420892,46,26,
18,43420925,14,0,
18,43421094,39,14,
18,43421472,8,3,
18,43421934,261,113,
18,43422033,257,234,
18,43422162,719,663,
18,43422274,4,0,
18,43422413,948,604,
18,43422909,222,172,
18,43422928,64,5,
18,43423032,206,209,
18,43423238,84,14,
18,43423523,115,11,
18,43423651,8,5,
18,43423705,53,10,
18,43423762,72,30,
18,43424038,4,0,
18,43424065,217,101,
18,43424250,4,1,
18,43425212,4,0,
18,43425527,5,0,
18,43425600,12,7,
18,43425605,317,61,
18,43425649,6,0,
18,43425655,1182,697,
18,43425767,61,24,
18,43425774,24,3,
18,43425796,18,4,
18,43425855,4,0,
18,43426022,636,294,
18,43426105,22,5,
18,43426134,12,0,
18,43426160,6,0,
18,43426449,9,6,
18,43426468,110,175,
18,43426984,108,43,
18,43427002,769,603,
18,43427115,123,100,
18,43427167,25,5,
18,43427274,9,3,
18,43427595,5,0,
18,43427671,15,7,
18,43427850,70,12,
18,43428197,13,0,
18,43428409,3,0,
18,43428429,5,0,
18,43429261,5,0,
18,43429403,14,3,
18,43429417,324,103,
18,43429427,3,0,
18,43429622,70,73,
18,43429804,4,0,
18,43429941,5,0,
18,43430498,4,0,
18,43430582,6,1,
18,43430856,63,11,
18,43431057,6,3,
18,43431068,305,161,
18,43431184,94,37,
18,43431506,56,54,
18,43431522,148,130,
18,43431567,226,241,
18,43431653,39,26,
18,43431675,324,537,
18,43431780,547,342,
18,43431875,16,25,
18,43431989,20,22,
18,43432291,101,40,
18,43432485,64,34,
18,43432670,65,28,
18,43432890,281,140,
18,43433438,10,0,
18,43433599,99,279,
18,43433689,17,3,
18,43433694,243,113,
18,43434093,504,228,
18,43434152,183,120,
18,43434492,37,22,
18,43434730,205,97,
18,43434910,150,32,
18,43435438,172,42,
18,43436551,25,0,
18,43436663,13,0,
18,43436894,496,203,19
18,43436927,14,1,
18,43436933,48,99,
18,43437142,13,0,
18,43437725,4,0,
18,43438192,114,26,
18,43438206,121,113,
18,43438601,112,19,
18,43438659,31,6,
18,43438663,17,0,
18,43438797,176,72,
18,43438853,5,1,
18,43439227,9,4,
18,43439398,24,25,
18,43439495,15,6,
18,43439610,293,92,
18,43439759,91,29,
18,43439813,90,98,
18,43439862,15,1,
18,43439883,85,52,
18,43439895,23,0,
18,43439915,30,0,
18,43439939,45,27,
18,43439962,13,1,
18,43439981,36,5,
18,43439987,40,0,
18,43440046,181,31,26
18,43440084,10,4,
18,43440174,172,144,
18,43440184,238,123,20
18,43440259,21,0,
18,43440267,374,50,15
18,43440321,8,1,
18,43440473,352,51,
18,43440513,895,258,23
18,43440769,8,1,
18,43440798,12,0,
18,43440920,103,48,
18,43440943,3,0,
18,43440987,5,0,
18,43441089,6,0,
18,43441146,26,19,
18,43441189,15,2,
18,43441193,31,6,
18,43441324,3,0,
18,43441422,11,1,
18,43441743,5,1,
18,43441809,25,7,
18,43441829,7,0,
18,43441860,4,0,
18,43441872,29,8,
18,43441880,28,1,
18,43441895,116,32,
18,43441959,6,5,
18,43441961,112,96,
18,43442107,44,14,
18,43442131,4,0,
18,43442178,473,152,9
18,43442213,17,1,
18,43442446,24,2,
18,43442600,8,0,
18,43442694,68,42,
18,43442703,28,1,
18,43442868,6,0,
18,43442917,296,121,
18,43443094,4,0,
18,43443233,38,4,
18,43443378,17,7,
18,43443494,41,29,
18,43443549,36,16,
18,43443582,7,0,
18,43443596,6,4,
18,43443613,19,6,
18,43443640,161,44,12
18,43443799,4,1,
18,43443823,37,12,
18,43443906,28,15,
18,43443974,39,34,
18,43444017,33,1,
18,43444058,30,27,
18,43444059,5,0,
18,43444073,5,0,
18,43444091,44,17,
18,43444092,9,1,
18,43444160,87,46,16
18,43444388,7,0,
18,43444444,3,0,
18,43444490,10,0,
18,43444558,76,21,
18,43444574,12,1,
18,43444588,10,0,
18,43444613,5,0,
18,43444672,5,0,
18,43444725,12,0,
18,43444934,6,1,
18,43444942,4,2,
18,43444974,6,0,
18,43445103,6,1,
18,43445179,6,4,
18,43445243,11,2,
18,43445276,11,9,
18,43445381,20,6,17
18,43445441,13,1,
18,43445445,5,0,
18,43445454,31,3,
18,43445547,16,3,18
18,43445557,66,23,
18,43445571,48,7,
18,43445614,62,2,6
18,43445616,70,69,
18,43445657,7,4,
18,43445662,128,25,2
18,43445682,67,12,
18,43445718,4,3,
18,43445720,77,38,3
18,43445760,16,0,
18,43445771,7,0,
18,43445894,67,8,4
18,43445931,145,12,1
18,43446001,5,0,
18,43446058,3,0,
18,43446068,4,0,
18,43446103,112,89,22
18,43446158,4,0,
18,43446225,6,2,
18,43446291,15,1,
18,43446351,7,0,
18,43446431,28,15,
18,43446442,38,4,5
18,43446571,13,3,
18,43446695,16,21,14
18,43446763,4,1,
18,43446796,6,0,
18,43446797,13,0,
18,43446817,9,0,
18,43446821,75,54,8
18,43446888,5,1,
18,43446929,6,1,
18,43446931,7,1,
18,43446939,9,3,
18,43447032,5,1,
18,43447044,13,4,
18,43447064,15,2,
18,43447118,3,0,
18,43447126,8,0,9
18,43447136,4,0,
18,43447196,5,0,
18,43447254,12,1,9
18,43447308,8,0,
18,43447335,35,1,2
18,43447421,63,22,3
18,43447462,5,0,
19,43306435,194,119,
19,43315029,167,65,
19,43325049,384,325,
19,43325628,289,259,
19,43331358,268,418,
19,43336609,187,80,
19,43336892,164,47,
19,43337703,647,206,
19,43339212,454,156,
19,43342712,924,188,
19,43344082,930,561,
19,43347724,205,33,
19,43348434,43,15,
19,43349204,42,10,
19,43352531,778,782,
19,43353223,291,92,
19,43353925,205,30,
19,43356016,167,36,
19,43356068,79,21,
19,43356314,567,195,
19,43356995,619,514,
19,43357687,162,163,
19,43357739,502,379,
19,43358264,163,59,
19,43358914,535,143,
19,43359264,207,78,
19,43360150,98,25,
19,43360249,77,19,
19,43360251,421,496,
19,43360287,64,33,
19,43360633,157,42,
19,43360642,314,288,
19,43361333,185,54,
19,43361389,62,36,
19,43361959,564,372,
19,43362616,112,13,
19,43362667,117,11,
19,43362725,139,43,
19,43363031,448,208,
19,43363056,298,487,
19,43363247,156,32,
19,43363293,279,482,
19,43364368,81,39,
19,43364715,159,271,
19,43365083,256,55,
19,43365424,182,28,
19,43365734,90,33,
19,43366671,212,85,
19,43367401,205,116,
19,43367987,269,296,
19,43368365,104,29,
19,43368863,165,39,
19,43369354,87,34,
19,43369739,94,37,
19,43372227,137,21,
19,43373157,433,166,
19,43373242,319,236,
19,43373504,173,78,
19,43374278,301,144,
19,43374369,247,93,
19,43374505,62,16,
19,43374519,311,123,
19,43374753,148,160,
19,43376033,315,95,
19,43376570,52,9,
19,43376769,60,27,
19,43376793,62,37,
19,43377463,89,13,
19,43377533,125,87,
19,43377581,36,7,
19,43377690,157,35,
19,43377897,231,53,
19,43377958,36,2,
19,43377966,87,44,
19,43377998,139,67,
19,43378019,117,44,
19,43378114,105,12,
19,43378239,1935,453,
19,43378252,9,0,
19,43378266,55,14,
19,43378358,229,51,
19,43378401,300,213,
19,43378436,247,14,
19,43378587,246,237,
19,43378627,197,66,
19,43378671,151,196,
19,43378844,16,2,
19,43378900,101,56,
19,43379082,56,13,
19,43379173,110,69,
19,43379235,104,118,
19,43379262,235,131,
19,43379265,129,66,
19,43379917,152,21,
19,43380010,37,11,
19,43380021,40,0,
19,43380453,302,350,
19,43380622,109,37,
19,43380649,162,103,
19,43381512,341,471,
19,43381627,110,14,
19,43382709,31,11,
19,43384069,882,344,
19,43384402,64,8,
19,43384697,170,142,
19,43384894,150,65,
19,43385127,37,7,
19,43385268,957,664,
19,43385571,27,19,
19,43385668,119,8,
19,43386578,221,66,
19,43386581,85,34,
19,43386973,140,107,
19,43387334,142,164,
19,43387834,79,75,
19,43388024,135,87,
19,43388133,530,135,
19,43388218,85,19,
19,43389424,28,4,
19,43389455,129,31,
19,43390400,477,124,
19,43390401,84,1,
19,43390467,301,270,
19,43390595,181,200,
19,43390747,241,219,
19,43390823,64,31,
19,43391452,63,69,
19,43391459,359,191,
19,43391971,42,9,
19,43392295,100,37,
19,43392521,206,50,
19,43392549,328,41,
19,43392753,111,42,
19,43392758,28,0,
19,43392875,68,60,
19,43392950,73,33,
19,43392951,212,77,
19,43393140,30,2,
19,43393198,85,42,
19,43393613,54,21,
19,43393659,22,10,
19,43393924,210,117,
19,43394591,157,25,
19,43394698,15,7,
19,43394951,174,42,
19,43395496,75,5,
19,43395897,12,4,
19,43396076,39,2,
19,43396172,191,55,
19,43396735,746,423,
19,43397055,57,9,
19,43397407,19,3,
19,43397474,236,81,
19,43397556,9,0,
19,43397625,93,42,
19,43397640,317,193,
19,43397811,70,22,
19,43397973,26,4,
19,43398081,240,82,
19,43398148,62,17,
19,43398308,201,80,27
19,43398410,86,20,
19,43398434,209,68,
19,43398518,599,829,
19,43398539,332,82,
19,43398605,6,1,
19,43398652,118,53,
19,43398692,72,142,
19,43398908,61,5,
19,43398967,63,54,
19,43398968,77,26,
19,43399127,32,20,
19,43399155,14,3,
19,43399170,62,11,
19,43399190,150,68,
19,43400989,1628,518,
19,43401179,282,113,
19,43401245,1657,1093,
19,43401378,138,126,
19,43401595,193,115,
19,43401855,516,210,
19,43402058,157,84,
19,43402102,65,24,
19,43402149,212,64,
19,43402315,335,220,
19,43402328,39,7,
19,43402361,22,2,
19,43402790,755,533,
19,43403321,93,160,28
19,43403821,221,199,
19,43404548,250,125,
19,43404617,68,11,
19,43404858,149,38,
19,43405638,34,7,19
19,43405901,15,0,
19,43406702,64,27,
19,43406710,539,357,
19,43406777,43,12,
19,43407196,35,9,
19,43408487,94,45,
19,43408540,455,654,
19,43408674,238,115,
19,43409028,206,270,
19,43409533,30,43,
19,43410061,493,271,
19,43410247,137,46,
19,43410302,48,5,16
19,43410349,110,55,
19,43410548,959,820,
19,43410692,686,288,
19,43410866,101,45,
19,43410874,328,280,29
19,43410885,289,300,
19,43410988,252,70,
19,43411258,216,362,
19,43411725,27,13,13
19,43411755,105,16,
19,43411898,95,20,
19,43411934,407,194,
19,43412295,46,21,
19,43412298,29,14,
19,43412768,39,3,23
19,43413125,303,218,
19,43413478,83,44,
19,43413935,602,202,
19,43414235,221,75,
19,43414393,557,235,
19,43414405,120,110,
19,43414426,16,6,
19,43414742,130,92,
19,43414992,111,27,
19,43415113,47,13,
19,43415477,115,60,
19,43415820,359,111,13
19,43416074,12,0,
19,43416302,151,45,
19,43416400,24,5,
19,43416525,113,34,
19,43416558,36,12,
19,43416961,119,36,
19,43417038,19,0,
19,43417511,259,80,
19,43417530,42,0,
19,43417620,24,1,
19,43417885,128,128,
19,43417894,176,34,
19,43417907,23,6,
19,43417932,290,51,
19,43418069,32,12,
19,43418120,16,3,
19,43418184,133,12,
19,43418297,17,3,
19,43418343,26,7,11
19,43418960,62,21,
19,43419237,176,75,
19,43419240,239,127,
19,43419365,51,8,
19,43419422,104,36,
19,43419545,69,24,
19,43419616,12,2,
19,43419701,680,551,
19,43419713,63,13,
19,43419928,151,33,
19,43419944,63,20,
19,43419996,136,96,
19,43420152,271,93,
19,43420678,114,36,
19,43420683,284,97,
19,43420760,45,5,
19,43420889,38,3,
19,43420892,46,26,
19,43420925,14,0,
19,43421094,39,14,
19,43421472,8,3,
19,43421934,261,113,
19,43422033,257,234,
19,43422162,720,664,
19,43422413,949,604,
19,43422909,222,173,
19,43422928,64,5,
19,43423032,206,209,
19,43423238,84,14,
19,43423523,116,12,
19,43423651,8,5,
19,43423705,53,10,
19,43423762,72,30,
19,43424038,4,0,
19,43424065,217,101,
19,43424250,4,1,
19,43425212,4,0,
19,43425527,5,0,
19,43425600,12,7,
19,43425605,317,61,
19,43425649,6,0,
19,43425655,1184,697,
19,43425767,61,24,
19,43425774,24,3,
19,43425796,18,4,
19,43425855,4,0,
19,43426022,636,294,
19,43426105,22,5,
19,43426134,12,0,
19,43426160,6,0,
19,43426468,110,176,
19,43426984,110,45,
19,43427002,769,604,
19,43427115,123,100,
19,43427167,25,5,
19,43427274,9,3,
19,43427595,5,0,
19,43427671,15,7,
19,43427850,70,12,
19,43428197,13,0,
19,43428409,3,0,
19,43428429,5,0,
19,43429261,5,0,
19,43429403,14,3,
19,43429417,324,103,
19,43429427,3,0,
19,43429622,72,75,
19,43429804,4,0,
19,43429941,5,0,
19,43430498,4,0,
19,43430582,6,1,
19,43430856,63,11,
19,43431057,6,3,
19,43431068,305,161,
19,43431184,94,37,
19,43431506,56,54,
19,43431522,148,130,
19,43431567,226,241,
19,43431653,39,26,
19,43431675,324,538,
19,43431780,547,342,
19,43431875,16,25,
19,43431881,3,0,
19,43431989,20,22,
19,43432291,101,41,
19,43432443,3,0,
19,43432485,64,34,
19,43432670,65,28,
19,43432890,281,141,
19,43433438,10,0,
19,43433599,99,280,
19,43433648,5,0,
19,43433689,17,3,
19,43433694,244,113,
19,43434093,504,228,
19,43434152,183,121,
19,43434171,8,2,
19,43434492,37,22,
19,43434730,206,97,
19,43434812,3,0,
19,43434910,150,34,
19,43435438,172,42,
19,43436057,3,0,
19,43436551,26,0,
19,43436663,13,0,
19,43436894,500,205,22
19,43436927,14,1,
19,43436933,49,99,
19,43437142,13,0,
19,43437725,4,0,
19,43438169,3,0,
19,43438192,114,27,
19,43438206,121,113,
19,43438571,3,5,
19,43438601,112,19,
19,43438659,32,6,
19,43438663,17,0,
19,43438797,177,72,
19,43438853,5,1,
19,43439138,4,0,
19,43439227,9,4,
19,43439307,3,0,
19,43439398,24,25,
19,43439495,15,6,
19,43439591,4,1,
19,43439610,293,94,
19,43439759,91,29,
19,43439813,90,98,
19,43439862,15,1,
19,43439883,86,52,
19,43439895,23,0,
19,43439915,30,0,
19,43439939,45,27,
19,43439962,13,1,
19,43439981,36,5,
19,43439987,40,0,
19,43440046,199,35,26
19,43440084,10,4,
19,43440160,3,1,
19,43440174,175,147,
19,43440184,242,123,24
19,43440259,21,0,
19,43440267,379,52,18
19,43440321,8,1,
19,43440341,3,1,
19,43440473,352,52,
19,43440513,908,263,25
19,43440769,8,1,
19,43440798,12,0,
19,43440920,103,48,
19,43440943,3,0,
19,43440987,5,0,
19,43441082,4,3,
19,43441089,6,0,
19,43441146,26,19,
19,43441189,15,2,
19,43441193,31,6,
19,43441324,3,0,
19,43441620,13,2,
19,43441743,5,1,
19,43441809,25,7,
19,43441829,7,0,
19,43441860,4,0,
19,43441872,29,8,
19,43441880,29,1,
19,43441888,3,0,
19,43441895,119,32,
19,43441959,6,5,
19,43441961,112,97,
19,43442107,44,14,
19,43442131,4,0,
19,43442178,478,160,12
19,43442213,17,1,
19,43442446,25,2,
19,43442588,4,0,
19,43442600,8,0,
19,43442694,68,42,
19,43442703,28,2,
19,43442868,6,0,
19,43442917,296,122,
19,43443094,4,0,
19,43443233,38,5,
19,43443378,17,7,
19,43443494,42,30,
19,43443549,37,16,
19,43443582,7,0,
19,43443596,6,4,
19,43443613,19,6,
19,43443640,167,45,15
19,43443799,4,1,
19,43443823,37,12,
19,43443906,28,15,
19,43443974,39,34,
19,43444017,33,1,
19,43444058,31,28,
19,43444059,5,0,
19,43444073,5,0,
19,43444091,46,17,
19,43444092,9,1,
19,43444160,100,54,19
19,43444388,7,0,
19,43444444,3,0,
19,43444490,11,0,
19,43444558,76,22,
19,43444574,18,1,
19,43444588,12,0,
19,43444613,5,0,
19,43444672,6,0,
19,43444725,12,0,
19,43444934,6,1,
19,43444942,4,2,
19,43444974,6,0,
19,43445103,9,2,
19,43445243,11,2,
19,43445276,11,9,
19,43445381,22,7,21
19,43445441,13,1,
19,43445445,5,0,
19,43445454,35,4,
19,43445547,17,6,17
19,43445557,69,24,
19,43445571,48,7,
19,43445614,70,2,10
19,43445616,72,71,
19,43445657,8,4,
19,43445662,156,42,4
19,43445682,69,12,
19,43445718,6,3,
19,43445720,88,43,6
19,43445760,19,0,
19,43445771,8,0,
19,43445894,72,9,9
19,43445931,182,12,1
19,43446001,5,0,
19,43446058,4,0,
19,43446068,6,0,
19,43446103,121,98,
19,43446158,4,0,
19,43446225,7,2,
19,43446291,19,1,
19,43446351,7,0,
19,43446431,28,20,
19,43446442,46,10,6
19,43446571,13,3,
19,43446659,9,1,24
19,43446695,18,31,
19,43446763,4,1,
19,43446796,7,0,
19,43446797,14,0,
19,43446817,11,1,
19,43446821,101,69,14
19,43446888,5,1,
19,43446929,6,1,
19,43446931,8,2,
19,43446939,12,3,
19,43447032,5,1,
19,43447044,13,4,
19,43447064,17,3,
19,43447118,4,0,
19,43447126,16,1,7
19,43447196,5,0,
19,43447254,46,21,3
19,43447286,3,0,
19,43447335,72,3,1
19,43447421,126,91,3
19,43447462,20,7,26
19,43447616,8,2,11
19,43447696,7,1,
19,43447880,3,1,
20,43306435,194,119,
20,43315029,167,65,
20,43325049,384,325,
20,43325628,289,259,
20,43331358,268,418,
20,43336609,187,80,
20,43336892,164,47,
20,43337703,648,206,
20,43339212,454,156,
20,43342712,924,188,
20,43344082,930,561,
20,43347724,205,33,
20,43349204,42,10,
20,43352531,778,782,
20,43353223,291,92,
20,43353925,205,30,
20,43356016,167,36,
20,43356068,79,21,
20,43356314,567,195,
20,43356995,619,514,
20,43357687,162,163,
20,43357739,502,379,
20,43358264,163,59,
20,43358914,535,143,
20,43359264,207,78,
20,43360150,98,25,
20,43360249,77,19,
20,43360251,421,496,
20,43360287,64,33,
20,43360633,157,42,
20,43361333,185,54,
20,43361389,62,36,
20,43361959,564,372,
20,43362616,112,13,
20,43362667,117,11,
20,43362725,139,43,
20,43363031,448,208,
20,43363056,298,487,
20,43363247,156,32,
20,43363293,279,482,
20,43364368,81,39,
20,43364715,159,271,
20,43365083,256,55,
20,43365424,182,28,
20,43366671,213,85,
20,43367401,205,116,
20,43367987,269,296,
20,43368365,104,29,
20,43368863,165,39,
20,43369739,94,37,
20,43372227,137,21,
20,43373157,433,166,
20,43373242,319,236,
20,43373504,173,78,
20,43374278,301,144,
20,43374369,247,93,
20,43374505,62,16,
20,43374519,311,123,
20,43374753,148,160,
20,43376033,315,95,
20,43376570,52,9,
20,43376769,60,27,
20,43377463,89,13,
20,43377533,125,87,
20,43377690,157,35,
20,43377897,231,53,
20,43377958,36,2,
20,43377966,87,44,
20,43377998,139,67,
20,43378019,117,44,
20,43378114,105,12,
20,43378239,1935,453,
20,43378252,9,0,
20,43378266,55,14,
20,43378358,229,51,
20,43378401,300,213,
20,43378436,247,14,
20,43378587,246,237,
20,43378627,197,66,
20,43378671,151,196,
20,43378844,16,2,
20,43378900,101,56,
20,43379082,56,13,
20,43379173,110,69,
20,43379235,104,118,
20,43379262,235,131,
20,43379265,129,67,
20,43379917,152,21,
20,43380453,302,350,
20,43380622,109,37,
20,43381512,341,471,
20,43381627,110,14,
20,43382709,31,11,
20,43384069,882,344,
20,43384402,64,8,
20,43384697,170,142,
20,43385127,37,7,
20,43385268,957,664,
20,43385571,27,19,
20,43385668,119,8,
20,43386578,221,66,
20,43386581,86,34,
20,43386973,140,107,
20,43387334,142,164,
20,43387834,79,75,
20,43388024,135,87,
20,43388133,530,135,
20,43388218,85,19,
20,43389424,28,4,
20,43389455,129,31,
20,43390400,477,124,
20,43390401,84,1,
20,43390467,301,270,
20,43390595,181,200,
20,43390747,241,219,
20,43391452,63,69,
20,43391459,359,191,
20,43391971,42,9,
20,43392295,100,37,
20,43392521,206,50,
20,43392549,328,41,
20,43392753,111,42,
20,43392758,28,0,
20,43392875,68,60,
20,43392950,73,33,
20,43392951,212,77,
20,43393198,85,42,
20,43393613,54,21,
20,43393659,22,10,
20,43393924,210,117,
20,43394591,157,25,
20,43394698,15,7,
20,43394951,174,42,
20,43395496,75,5,
20,43395897,12,4,
20,43396076,39,2,
20,43396172,191,55,
20,43396735,746,423,
20,43397055,57,9,
20,43397407,19,3,
20,43397474,236,81,
20,43397556,9,0,
20,43397625,93,43,
20,43397640,318,194,
20,43397811,70,22,
20,43397973,26,4,
20,43398081,240,82,
20,43398148,62,17,
20,43398308,202,80,
20,43398410,88,20,
20,43398434,209,68,
20,43398518,599,830,
20,43398539,335,83,
20,43398605,6,1,
20,43398652,118,53,
20,43398692,72,142,
20,43398908,61,5,
20,43398967,65,56,
20,43398968,77,26,
20,43399127,32,20,
20,43399155,14,3,
20,43399170,62,11,
20,43399190,150,68,
20,43400989,1628,518,
20,43401179,282,113,
20,43401245,1657,1093,
20,43401378,138,126,
20,43401595,193,115,
20,43401855,516,210,
20,43402058,157,84,
20,43402102,65,24,
20,43402149,212,64,
20,43402315,335,220,
20,43402328,39,7,
20,43402361,22,2,
20,43402790,755,533,
20,43403321,98,163,
20,43403821,221,202,
20,43404548,250,125,
20,43404617,68,11,
20,43404858,149,38,
20,43405638,37,7,24
20,43406702,64,27,
20,43406710,539,357,
20,43406777,44,12,
20,43407196,35,9,
20,43408487,94,45,
20,43408540,455,654,
20,43408674,238,115,
20,43409028,206,270,
20,43409533,30,44,
20,43410061,493,271,
20,43410247,137,46,
20,43410302,52,12,19
20,43410349,110,55,
20,43410548,960,822,
20,43410692,687,288,
20,43410866,102,45,
20,43410874,329,282,
20,43410885,289,301,
20,43410988,252,70,
20,43411258,217,362,
20,43411725,39,15,12
20,43411755,105,16,
20,43411898,95,20,
20,43411934,407,194,
20,43412295,46,21,
20,43412298,30,14,
20,43412768,40,3,28
20,43413125,303,218,
20,43413478,83,44,
20,43413935,602,202,
20,43414235,221,75,
20,43414393,557,235,
20,43414405,120,110,
20,43414426,16,6,
20,43414742,130,92,
20,43414992,111,27,
20,43415113,47,14,
20,43415477,115,60,
20,43415820,366,123,15
20,43416302,151,45,
20,43416400,24,5,
20,43416525,113,34,
20,43416558,36,12,
20,43416961,119,36,
20,43417038,19,0,
20,43417511,259,80,
20,43417530,42,0,
20,43417620,24,1,
20,43417885,128,128,
20,43417894,177,34,
20,43417907,23,6,
20,43417932,290,51,
20,43418069,32,12,
20,43418120,16,3,
20,43418184,133,12,
20,43418297,17,3,
20,43418343,28,7,13
20,43418960,62,22,
20,43419237,176,75,
20,43419240,239,127,
20,43419365,51,8,
20,43419422,104,36,
20,43419545,69,24,
20,43419616,12,2,
20,43419701,680,551,
20,43419713,63,13,
20,43419928,151,33,
20,43419944,63,20,
20,43419996,136,96,
20,43420152,271,93,
20,43420678,114,37,
20,43420683,284,97,
20,43420760,45,5,
20,43420889,38,3,
20,43420892,46,26,
20,43420925,14,0,
20,43421094,39,14,
20,43421472,8,3,
20,43421934,261,113,
20,43422033,257,234,
20,43422162,722,664,
20,43422413,949,604,
20,43422909,222,172,
20,43422928,64,5,
20,43423032,206,209,
20,43423238,84,14,
20,43423523,116,12,
20,43423651,8,5,
20,43423705,53,10,
20,43423762,72,30,
20,43424065,218,101,
20,43424250,4,1,
20,43425212,4,0,
20,43425527,5,0,
20,43425600,12,7,
20,43425605,318,61,
20,43425649,6,0,
20,43425655,1184,697,
20,43425767,61,25,
20,43425774,24,3,
20,43425796,18,4,
20,43425855,4,0,
20,43426022,636,294,
20,43426105,24,5,
20,43426134,12,0,
20,43426160,6,0,
20,43426468,110,176,
20,43426984,110,47,
20,43427002,769,604,
20,43427115,123,100,
20,43427167,25,5,
20,43427274,9,3,
20,43427595,5,0,
20,43427671,15,7,
20,43427850,70,12,
20,43428197,13,0,
20,43428409,3,0,
20,43428429,5,0,
20,43429261,5,0,
20,43429403,14,3,
20,43429417,324,103,
20,43429427,3,0,
20,43429622,72,77,
20,43429804,4,0,
20,43429941,5,0,
20,43430498,6,0,17
20,43430582,6,1,
20,43430856,63,11,
20,43431057,6,3,
20,43431068,305,161,
20,43431184,94,37,
20,43431506,56,54,
20,43431522,148,130,
20,43431567,226,241,
20,43431653,39,26,
20,43431675,325,539,
20,43431780,547,344,
20,43431875,16,25,
20,43431881,3,0,
20,43432291,101,41,
20,43432443,3,0,
20,43432485,64,34,
20,43432890,281,141,
20,43433438,10,0,
20,43433599,99,280,
20,43433648,5,0,
20,43433689,17,3,
20,43434093,505,230,
20,43434152,183,121,
20,43434171,8,2,
20,43434492,37,22,
20,43434730,206,97,
20,43434812,3,0,
20,43434910,150,34,
20,43435438,173,43,
20,43436057,3,0,
20,43436551,26,0,
20,43436663,13,0,
20,43436894,506,208,26
20,43436927,14,1,
20,43436933,49,99,
20,43437142,13,0,
20,43437725,4,0,
20,43438169,3,0,
20,43438192,114,27,
20,43438206,121,113,
20,43438571,3,5,
20,43438601,114,21,
20,43438659,32,6,
20,43438663,17,0,
20,43438797,178,72,
20,43438853,5,1,
20,43439138,4,0,
20,43439227,9,5,
20,43439307,3,0,
20,43439398,25,25,
20,43439495,15,6,
20,43439591,4,1,
20,43439610,293,94,
20,43439759,91,29,
20,43439813,90,98,
20,43439862,15,1,
20,43439883,87,51,
20,43439895,24,0,
20,43439915,30,0,
20,43439939,45,27,
20,43439962,13,1,
20,43439981,36,5,
20,43439987,40,0,
20,43440046,200,35,
20,43440084,10,4,
20,43440160,3,1,
20,43440174,178,148,
20,43440184,247,125,29
20,43440259,21,0,
20,43440267,383,52,21
20,43440321,8,1,
20,43440341,3,1,
20,43440473,352,52,
20,43440513,916,266,
20,43440769,8,1,
20,43440798,12,0,
20,43440920,104,48,
20,43440943,3,0,
20,43440987,5,0,
20,43441082,4,3,
20,43441089,6,0,
20,43441146,26,19,
20,43441189,15,2,
20,43441193,35,6,
20,43441324,3,0,
20,43441620,13,2,
20,43441743,7,1,
20,43441809,25,7,
20,43441829,7,0,
20,43441860,4,0,
20,43441872,29,8,
20,43441880,31,1,
20,43441888,3,0,
20,43441895,119,32,
20,43441959,6,5,
20,43441961,112,97,
20,43442107,44,16,
20,43442131,4,0,
20,43442178,484,165,14
20,43442446,25,2,
20,43442588,4,0,
20,43442600,9,0,
20,43442694,69,42,
20,43442703,29,2,
20,43442868,6,0,
20,43442917,296,124,
20,43443094,4,0,
20,43443233,38,5,
20,43443378,17,7,
20,43443494,42,30,
20,43443549,37,16,
20,43443582,7,0,
20,43443596,6,4,
20,43443613,19,6,
20,43443640,172,46,18
20,43443799,4,1,
20,43443823,37,12,
20,43443906,28,16,
20,43443974,39,34,
20,43444017,34,1,
20,43444058,31,30,
20,43444059,5,0,
20,43444073,5,0,
20,43444091,46,17,
20,43444092,10,1,
20,43444160,109,59,20
20,43444388,7,0,
20,43444490,11,0,
20,43444558,77,22,
20,43444574,22,1,
20,43444588,12,0,
20,43444613,6,0,
20,43444672,7,0,
20,43444725,12,0,
20,43444934,6,1,
20,43444942,4,2,
20,43444974,6,0,
20,43445103,11,2,
20,43445243,11,2,
20,43445276,12,10,
20,43445381,24,8,27
20,43445441,14,1,
20,43445445,5,0,
20,43445454,36,4,
20,43445547,21,8,23
20,43445557,71,24,
20,43445571,48,8,
20,43445614,78,2,10
20,43445616,73,71,
20,43445657,8,4,
20,43445662,178,57,4
20,43445682,70,12,
20,43445718,6,3,
20,43445720,89,44,8
20,43445760,22,0,
20,43445771,8,0,
20,43445894,74,10,11
20,43445931,201,14,2
20,43446058,4,0,
20,43446068,6,0,
20,43446103,126,103,
20,43446158,4,0,
20,43446225,7,2,
20,43446291,21,1,
20,43446351,7,0,
20,43446431,31,20,
20,43446442,54,12,6
20,43446571,14,4,
20,43446659,19,3,23
20,43446796,7,0,
20,43446797,15,0,
20,43446817,12,1,
20,43446821,110,80,17
20,43446888,5,2,
20,43446929,6,1,
20,43446931,8,2,
20,43446939,12,3,
20,43447032,6,1,
20,43447044,13,5,
20,43447064,17,3,
20,43447072,3,0,
20,43447118,4,0,
20,43447126,22,1,9
20,43447254,68,41,3
20,43447286,3,0,
20,43447311,7,2,21
20,43447335,107,11,1
20,43447421,169,131,5
20,43447462,29,13,22
20,43447616,34,33,4
20,43447696,7,1,
20,43447835,10,4,
20,43447880,13,3,30
20,43448023,44,3,1
20,43448087,7,0,
20,43448112,35,16,12
20,43448193,5,2,8
20,43448408,7,0,
20,43448432,17,2,7
21,43306435,194,119,
21,43315029,167,65,
21,43325049,384,325,
21,43325628,289,259,
21,43331358,268,418,
21,43336609,187,80,
21,43336892,164,47,
21,43337703,648,206,
21,43339212,454,156,
21,43342712,924,188,
21,43344082,930,561,
21,43347724,205,33,
21,43349204,42,10,
21,43352531,778,782,
21,43353223,291,92,
21,43353925,205,30,
21,43356016,167,36,
21,43356068,79,21,
21,43356314,567,195,
21,43356995,619,514,
21,43357687,162,163,
21,43357739,502,379,
21,43358264,163,59,
21,43358914,535,143,
21,43359264,207,78,
21,43360150,98,25,
21,43360249,77,19,
21,43360251,421,496,
21,43360287,64,33,
21,43360633,157,42,
21,43361333,185,54,
21,43361389,62,36,
21,43361959,564,372,
21,43362616,112,13,
21,43362667,117,11,
21,43362725,139,43,
21,43363031,448,208,
21,43363056,298,487,
21,43363247,156,32,
21,43363293,279,482,
21,43364368,81,39,
21,43364715,159,271,
21,43365083,256,55,
21,43365424,182,28,
21,43366671,213,85,
21,43367401,205,116,
21,43367987,269,296,
21,43368365,104,29,
21,43368863,165,39,
21,43369354,87,34,
21,43369739,94,37,
21,43372227,138,21,
21,43373157,433,166,
21,43373242,319,236,
21,43373504,173,78,
21,43374278,301,144,
21,43374369,247,93,
21,43374505,62,16,
21,43374519,311,123,
21,43374753,148,160,
21,43376033,315,95,
21,43376570,52,9,
21,43376769,60,27,
21,43377463,89,13,
21,43377533,125,87,
21,43377690,157,35,
21,43377897,231,53,
21,43377958,36,2,
21,43377966,87,44,
21,43377998,139,67,
21,43378019,117,44,
21,43378114,105,12,
21,43378239,1935,453,
21,43378252,9,0,
21,43378266,55,14,
21,43378358,229,51,
21,43378401,300,213,
21,43378436,247,14,
21,43378587,246,237,
21,43378627,197,66,
21,43378671,151,196,
21,43378844,16,2,
21,43378900,101,56,
21,43379082,56,13,
21,43379173,110,69,
21,43379235,104,118,
21,43379262,235,131,
21,43379265,129,68,
21,43379917,152,21,
21,43380453,302,350,
21,43380622,109,37,
21,43381512,341,471,
21,43381627,110,14,
21,43382709,31,11,
21,43384069,882,344,
21,43384402,64,8,
21,43384697,170,142,
21,43385127,37,7,
21,43385268,957,664,
21,43385571,27,19,
21,43385668,119,8,
21,43386578,221,66,
21,43386581,86,34,
21,43386973,140,108,
21,43387334,142,164,
21,43387834,79,75,
21,43388024,135,87,
21,43388133,530,135,
21,43388218,85,19,
21,43389424,28,4,
21,43389455,129,32,
21,43390400,477,124,
21,43390401,84,1,
21,43390467,301,270,
21,43390595,181,200,
21,43390747,241,219,
21,43391452,63,69,
21,43391459,359,191,
21,43391971,42,9,
21,43392295,100,37,
21,43392521,206,50,
21,43392549,328,41,
21,43392753,111,42,
21,43392758,28,0,
21,43392875,68,60,
21,43392950,73,33,
21,43392951,212,77,
21,43393198,85,42,
21,43393613,54,21,
21,43393659,22,10,
21,43393924,210,117,
21,43394591,158,25,
21,43394698,15,7,
21,43394951,174,42,
21,43395496,75,5,
21,43395897,12,4,
21,43396076,39,2,
21,43396172,191,55,
21,43396735,746,423,
21,43397055,57,9,
21,43397407,19,3,
21,43397474,236,81,
21,43397556,9,0,
21,43397625,93,43,
21,43397640,321,197,
21,43397811,70,22,
21,43397973,26,4,
21,43398081,240,82,
21,43398148,62,17,
21,43398308,202,80,
21,43398410,88,20,
21,43398434,209,68,
21,43398518,599,830,
21,43398539,335,85,
21,43398605,7,1,
21,43398652,118,54,
21,43398692,73,142,
21,43398908,61,5,
21,43398967,66,59,
21,43398968,77,26,
21,43399127,33,20,
21,43399155,14,3,
21,43399170,62,11,
21,43399190,150,68,
21,43400989,1628,518,
21,43401179,282,113,
21,43401245,1658,1093,
21,43401378,138,126,
21,43401595,193,115,
21,43401855,516,210,
21,43402058,158,84,
21,43402102,65,24,
21,43402149,212,64,
21,43402315,335,224,
21,43402328,39,7,
21,43402361,22,2,
21,43402790,755,533,
21,43403321,99,168,
21,43403821,222,208,
21,43404548,250,125,
21,43404617,68,11,
21,43404858,149,38,
21,43405638,37,7,
21,43406702,64,27,
21,43406710,539,357,
21,43406777,45,13,
21,43407196,35,9,
21,43408487,94,45,
21,43408540,455,654,
21,43408674,238,115,
21,43409028,206,270,
21,43409533,30,44,
21,43410061,493,271,
21,43410247,137,46,
21,43410302,54,12,25
21,43410349,110,55,
21,43410548,962,822,
21,43410692,687,288,
21,43410866,102,45,
21,43410874,329,283,
21,43410885,289,301,
21,43410988,252,70,
21,43411258,217,363,
21,43411725,58,27,12
21,43411755,105,16,
21,43411898,95,20,
21,43411934,407,194,
21,43412149,6,0,21
21,43412295,47,21,
21,43412298,31,15,
21,43412768,41,3,
21,43413125,303,218,
21,43413478,83,44,
21,43413935,602,202,
21,43414235,221,75,
21,43414393,557,236,
21,43414405,120,110,
21,43414426,16,6,
21,43414742,130,92,
21,43414992,111,27,
21,43415113,47,14,
21,43415477,115,60,
21,43415820,371,125,21
21,43416302,151,45,
21,43416400,24,5,
21,43416525,113,34,
21,43416558,36,12,
21,43416961,119,36,
21,43417038,19,0,
21,43417511,259,80,
21,43417530,42,0,
21,43417620,24,1,
21,43417885,128,128,
21,43417894,177,34,
21,43417907,23,6,
21,43417932,290,51,
21,43418069,32,12,
21,43418120,16,3,
21,43418184,133,12,
21,43418297,17,3,
21,43418343,32,7,20
21,43418960,62,23,
21,43419237,176,75,
21,43419240,239,127,
21,43419365,51,8,
21,43419422,104,36,
21,43419545,69,24,
21,43419616,13,3,
21,43419701,681,552,
21,43419713,63,13,
21,43419928,151,33,
21,43419944,64,20,
21,43419996,136,96,
21,43420152,271,93,
21,43420678,114,37,
21,43420683,284,97,
21,43420760,45,5,
21,43420889,38,3,
21,43420892,46,26,
21,43420925,14,0,
21,43421094,39,14,
21,43421472,8,3,
21,43421934,261,113,
21,43422033,257,234,
21,43422162,723,665,
21,43422413,949,604,
21,43422909,222,172,
21,43422928,64,5,
21,43423032,206,209,
21,43423238,84,14,
21,43423523,116,12,
21,43423651,8,5,
21,43423705,53,10,
21,43423762,72,30,
21,43424065,218,101,
21,43424250,4,1,
21,43425212,4,0,
21,43425527,5,0,
21,43425600,12,7,
21,43425605,318,61,
21,43425649,6,0,
21,43425655,1184,697,
21,43425767,61,25,
21,43425774,24,3,
21,43425796,18,4,
21,43425855,4,0,
21,43426022,636,294,
21,43426105,24,5,
21,43426134,12,0,
21,43426160,6,0,
21,43426468,110,176,
21,43426984,110,47,
21,43427002,773,604,
21,43427115,123,100,
21,43427167,25,5,
21,43427274,9,3,
21,43427595,5,0,
21,43427671,15,7,
21,43427850,70,12,
21,43428197,13,0,
21,43428409,3,0,
21,43428429,5,0,
21,43429261,5,0,
21,43429403,14,3,
21,43429417,325,103,
21,43429427,3,0,
21,43429622,73,77,
21,43429804,4,0,
21,43429941,5,0,
21,43430498,8,0,18
21,43430582,6,1,
21,43430856,63,11,
21,43431057,6,3,
21,43431068,306,161,
21,43431184,94,37,
21,43431506,56,54,
21,43431522,148,130,
21,43431567,226,241,
21,43431653,39,26,
21,43431675,325,539,
21,43431780,547,344,
21,43431875,16,25,
21,43431881,3,0,
21,43432291,101,41,
21,43432443,3,0,
21,43432485,64,34,
21,43432890,281,141,
21,43433438,10,0,
21,43433599,100,281,
21,43433648,5,0,
21,43433689,17,3,
21,43434093,507,231,
21,43434152,183,121,
21,43434171,8,2,
21,43434492,37,22,
21,43434730,208,98,
21,43434812,3,0,
21,43434910,150,35,
21,43435438,173,43,
21,43436057,3,0,
21,43436551,26,0,
21,43436663,13,0,
21,43436894,509,209,30
21,43436927,14,1,
21,43436933,49,99,
21,43437142,13,0,
21,43437725,4,0,
21,43438169,5,0,
21,43438192,114,27,
21,43438206,121,113,
21,43438571,3,6,
21,43438601,115,21,
21,43438659,32,6,
21,43438663,17,0,
21,43438797,179,72,
21,43438853,5,1,
21,43439138,4,0,
21,43439227,9,5,
21,43439307,3,0,
21,43439398,25,25,
21,43439495,15,6,
21,43439591,4,1,
21,43439610,293,94,
21,43439759,92,29,
21,43439813,90,98,
21,43439862,15,1,
21,43439883,87,51,
21,43439895,24,0,
21,43439915,30,0,
21,43439939,45,27,
21,43439962,13,1,
21,43439981,36,5,
21,43439987,41,0,
21,43440046,200,35,
21,43440084,10,4,
21,43440160,3,1,
21,43440174,179,155,
21,43440184,249,125,
21,43440259,21,0,
21,43440267,385,53,26
21,43440321,8,1,
21,43440341,3,1,
21,43440473,352,52,
21,43440513,917,268,
21,43440798,12,0,
21,43440920,105,48,
21,43441082,4,3,
21,43441089,6,0,
21,43441146,26,19,
21,43441189,15,2,
21,43441193,36,6,
21,43441324,3,0,
21,43441620,13,2,
21,43441743,7,1,
21,43441809,25,7,
21,43441829,8,0,
21,43441860,4,0,
21,43441872,29,8,
21,43441880,32,1,
21,43441888,4,0,
21,43441895,119,32,
21,43441959,6,5,
21,43441961,112,97,
21,43442107,44,16,
21,43442131,4,0,
21,43442178,495,166,17
21,43442446,25,2,
21,43442588,5,0,
21,43442600,9,0,
21,43442694,69,42,
21,43442703,30,2,
21,43442868,6,0,
21,43442917,297,125,
21,43443094,4,0,
21,43443233,40,5,
21,43443378,17,7,
21,43443549,37,17,
21,43443582,8,0,
21,43443596,7,4,
21,43443613,19,6,
21,43443640,173,46,23
21,43443799,4,1,
21,43443823,37,12,
21,43443906,28,16,
21,43443974,39,34,
21,43444017,34,1,
21,43444058,32,30,
21,43444059,5,0,
21,43444091,48,17,
21,43444092,13,1,
21,43444160,112,64,27
21,43444388,7,0,
21,43444490,11,0,
21,43444558,78,22,
21,43444574,24,1,
21,43444613,7,0,
21,43444672,7,0,
21,43444725,12,0,
21,43444934,6,1,
21,43444942,4,2,
21,43444974,6,0,
21,43445103,14,2,
21,43445276,12,10,
21,43445381,25,8,
21,43445441,14,1,
21,43445445,5,0,
21,43445454,40,4,
21,43445547,23,8,29
21,43445557,72,24,
21,43445571,49,8,
21,43445614,84,2,12
21,43445657,8,4,
21,43445662,195,63,7
21,43445682,70,12,
21,43445718,8,3,
21,43445720,92,48,10
21,43445760,23,0,
21,43445771,8,0,
21,43445894,82,11,17
21,43445931,219,15,4
21,43446058,5,0,
21,43446068,7,0,
21,43446103,130,103,
21,43446291,21,1,
21,43446351,7,0,
21,43446431,34,21,
21,43446442,63,14,9
21,43446571,14,5,
21,43446659,31,5,28
21,43446796,7,0,
21,43446797,15,0,
21,43446817,13,1,
21,43446821,117,84,
21,43446888,6,2,
21,43446929,6,1,
21,43446931,9,2,
21,43446939,14,3,
21,43447032,6,1,
21,43447044,13,5,
21,43447064,17,5,
21,43447072,3,0,
21,43447118,6,0,
21,43447126,29,1,14
21,43447254,87,46,5
21,43447286,5,1,
21,43447311,9,5,22
21,43447335,125,27,2
21,43447421,198,156,11
21,43447462,33,18,
21,43447616,59,56,5
21,43447696,10,2,
21,43447711,3,1,
21,43447835,10,4,
21,43447880,19,8,
21,43448023,80,21,1
21,43448075,42,10,3
21,43448087,12,0,
21,43448112,66,37,11
21,43448193,22,8,6
21,43448288,3,1,
21,43448408,20,18,23
21,43448432,107,75,1
21,43448457,9,0,20
21,43448528,7,1,16
21,43448606,32,5,13
22,43306435,194,119,
22,43315029,167,65,
22,43325049,384,325,
22,43325628,289,259,
22,43331358,268,418,
22,43336609,187,80,
22,43336892,164,47,
22,43337703,648,206,
22,43339212,455,156,
22,43342712,924,188,
22,43344082,930,561,
22,43347724,205,33,
22,43349204,42,10,
22,43352531,778,782,
22,43353223,291,92,
22,43353925,205,30,
22,43356016,167,36,
22,43356068,79,21,
22,43356314,567,195,
22,43356995,619,514,
22,43357687,162,163,
22,43357739,502,379,
22,43358264,163,59,
22,43358914,535,143,
22,43359264,207,78,
22,43360150,98,25,
22,43360249,77,19,
22,43360251,421,496,
22,43360287,64,33,
22,43360633,157,42,
22,43361333,185,54,
22,43361389,62,36,
22,43361959,564,372,
22,43362616,112,13,
22,43362667,117,11,
22,43362725,139,43,
22,43363031,448,208,
22,43363056,298,487,
22,43363247,156,32,
22,43363293,279,482,
22,43364368,81,39,
22,43364715,159,271,
22,43365083,256,55,
22,43365424,182,28,
22,43366671,213,85,
22,43367401,205,116,
22,43367987,269,296,
22,43368365,104,29,
22,43368863,165,39,
22,43369354,87,34,
22,43369739,94,37,
22,43372227,138,21,
22,43373157,433,166,
22,43373242,319,236,
22,43373504,173,78,
22,43374278,301,144,
22,43374369,247,93,
22,43374505,62,16,
22,43374519,311,123,
22,43374753,148,160,
22,43376033,315,95,
22,43376570,52,9,
22,43376769,60,27,
22,43377463,89,13,
22,43377533,125,87,
22,43377690,157,35,
22,43377897,231,53,
22,43377958,36,2,
22,43377966,87,44,
22,43377998,139,67,
22,43378019,117,44,
22,43378114,105,12,
22,43378239,1935,453,
22,43378252,9,0,
22,43378266,55,14,
22,43378358,229,51,
22,43378401,300,213,
22,43378436,247,14,
22,43378587,246,237,
22,43378627,197,66,
22,43378671,151,196,
22,43378844,16,2,
22,43378900,101,56,
22,43379082,56,13,
22,43379173,110,69,
22,43379235,104,118,
22,43379262,235,131,
22,43379265,129,68,
22,43379917,152,21,
22,43380453,302,350,
22,43380622,109,37,
22,43381512,341,471,
22,43381627,110,14,
22,43382709,31,11,
22,43384069,882,344,
22,43384402,64,8,
22,43384697,171,142,
22,43385127,37,7,
22,43385268,957,664,
22,43385571,27,19,
22,43385668,119,8,
22,43386578,221,66,
22,43386581,86,34,
22,43386973,140,108,
22,43387334,142,164,
22,43387834,79,75,
22,43388024,135,87,
22,43388133,530,135,
22,43388218,86,19,
22,43389424,28,4,
22,43389455,130,32,
22,43390400,477,124,
22,43390401,85,1,
22,43390467,301,270,
22,43390595,181,200,
22,43390747,241,219,
22,43391452,63,69,
22,43391459,359,191,
22,43391971,42,9,
22,43392295,100,37,
22,43392521,206,50,
22,43392549,328,41,
22,43392753,111,42,
22,43392758,28,0,
22,43392875,68,60,
22,43392950,73,33,
22,43392951,212,77,
22,43393198,85,42,
22,43393613,54,21,
22,43393659,22,10,
22,43393924,210,117,
22,43394591,159,25,
22,43394698,15,7,
22,43394951,174,42,
22,43395496,75,5,
22,43395897,12,4,
22,43396076,39,2,
22,43396172,191,55,
22,43396735,746,423,
22,43397055,57,9,
22,43397407,19,3,
22,43397474,236,81,
22,43397556,9,0,
22,43397625,93,43,
22,43397640,322,197,
22,43397811,70,22,
22,43397973,26,4,
22,43398081,240,82,
22,43398148,62,17,
22,43398308,204,81,
22,43398410,89,21,
22,43398434,209,68,
22,43398518,600,830,
22,43398539,338,85,
22,43398605,7,1,
22,43398652,118,54,
22,43398692,73,142,
22,43398908,61,5,
22,43398967,66,59,
22,43398968,77,26,
22,43399127,33,20,
22,43399155,14,3,
22,43399170,62,11,
22,43399190,150,68,
22,43400989,1629,518,
22,43401179,282,113,
22,43401245,1658,1093,
22,43401378,138,126,
22,43401595,193,115,
22,43401855,516,210,
22,43402058,158,84,
22,43402102,65,24,
22,43402149,212,64,
22,43402315,335,225,
22,43402328,39,7,
22,43402361,22,2,
22,43402790,755,533,
22,43403321,100,173,
22,43403821,224,210,
22,43404548,250,125,
22,43404617,68,11,
22,43404858,149,38,
22,43405638,38,7,
22,43406702,64,27,
22,43406710,539,357,
22,43406777,45,13,
22,43407196,36,9,
22,43408487,94,45,
22,43408540,455,654,
22,43408674,238,115,
22,43409028,207,270,
22,43409533,30,44,
22,43410061,494,271,
22,43410247,137,46,
22,43410302,60,15,29
22,43410349,110,55,
22,43410548,962,822,
22,43410692,688,288,
22,43410866,102,45,
22,43410874,330,283,
22,43410885,289,301,
22,43410988,252,70,
22,43411258,217,363,
22,43411725,73,31,13
22,43411755,105,16,
22,43411898,95,20,
22,43411934,407,194,
22,43412149,6,0,26
22,43412295,47,21,
22,43412298,32,15,
22,43412768,42,3,
22,43413125,304,218,
22,43413478,83,44,
22,43413935,602,202,
22,43414235,222,75,
22,43414393,558,236,
22,43414405,120,110,
22,43414426,16,6,
22,43414742,130,92,
22,43414992,111,27,
22,43415113,47,14,
22,43415477,115,60,
22,43415820,377,133,24
22,43416302,151,45,
22,43416400,24,5,
22,43416525,113,34,
22,43416558,36,12,
22,43416961,119,36,
22,43417038,19,0,
22,43417511,259,80,
22,43417530,42,0,
22,43417620,24,1,
22,43417885,128,128,
22,43417894,178,34,
22,43417907,23,6,
22,43417932,290,51,
22,43418069,32,12,
22,43418120,16,3,
22,43418184,133,12,
22,43418297,17,3,
22,43418343,35,7,25
22,43418960,63,23,
22,43419237,177,75,
22,43419240,239,127,
22,43419365,51,8,
22,43419422,104,36,
22,43419545,69,24,
22,43419616,13,3,
22,43419701,683,552,
22,43419713,63,13,
22,43419928,151,33,
22,43419944,64,20,
22,43419996,136,96,
22,43420152,271,93,
22,43420678,114,37,
22,43420683,284,97,
22,43420760,45,5,
22,43420889,38,3,
22,43420892,46,26,
22,43420925,14,0,
22,43421094,39,14,
22,43421472,8,3,
22,43421934,261,113,
22,43422033,258,234,
22,43422162,724,665,
22,43422413,949,604,
22,43422909,222,172,
22,43422928,64,5,
22,43423032,207,209,
22,43423238,84,14,
22,43423523,116,12,
22,43423651,8,5,
22,43423705,56,10,
22,43423762,72,30,
22,43424065,218,101,
22,43424250,4,1,
22,43425527,5,0,
22,43425600,12,7,
22,43425605,318,61,
22,43425649,6,0,
22,43425655,1185,697,
22,43425767,61,26,
22,43425774,24,3,
22,43425796,18,4,
22,43425855,4,0,
22,43426022,636,294,
22,43426105,24,5,
22,43426134,12,0,
22,43426160,6,0,
22,43426468,111,176,
22,43426984,112,47,
22,43427002,774,605,
22,43427115,123,100,
22,43427167,25,5,
22,43427274,9,3,
22,43427595,5,0,
22,43427671,15,8,
22,43427850,71,12,
22,43428197,13,0,
22,43428409,3,0,
22,43428429,5,0,
22,43429261,5,0,
22,43429403,14,3,
22,43429417,326,103,
22,43429427,11,2,11
22,43429622,75,77,
22,43429804,4,0,
22,43429941,5,0,
22,43430498,14,0,22
22,43430582,6,1,
22,43430856,64,11,
22,43431057,6,3,
22,43431068,306,161,
22,43431184,95,39,
22,43431506,56,55,
22,43431522,148,130,
22,43431567,226,241,
22,43431653,39,26,
22,43431675,325,539,
22,43431780,548,344,
22,43431875,16,25,
22,43431881,3,0,
22,43432291,101,41,
22,43432443,3,0,
22,43432485,64,34,
22,43432890,281,141,
22,43433599,102,283,
22,43433648,5,0,
22,43433689,17,3,
22,43434010,4,2,
22,43434093,508,231,
22,43434152,185,121,
22,43434171,8,2,
22,43434492,37,22,
22,43434730,208,98,
22,43434812,3,0,
22,43434910,150,35,
22,43435438,175,43,
22,43436057,3,0,
22,43436551,26,0,
22,43436663,13,0,
22,43436894,510,209,
22,43436927,14,1,
22,43436933,50,99,
22,43437142,13,0,
22,43437725,4,0,
22,43438169,6,0,
22,43438192,117,27,
22,43438206,122,113,
22,43438571,3,7,
22,43438601,115,21,
22,43438659,32,6,
22,43438663,17,0,
22,43438797,181,72,
22,43438853,5,1,
22,43439138,4,0,
22,43439227,9,5,
22,43439307,3,0,
22,43439325,4,0,
22,43439398,26,26,
22,43439495,15,6,
22,43439591,4,1,
22,43439610,294,94,
22,43439759,93,29,
22,43439813,91,98,
22,43439862,15,1,
22,43439883,87,51,
22,43439895,24,0,
22,43439915,30,0,
22,43439939,45,27,
22,43439962,13,1,
22,43439981,36,5,
22,43439987,41,0,
22,43440046,202,37,
22,43440084,10,4,
22,43440160,3,1,
22,43440174,182,157,
22,43440184,253,127,
22,43440259,21,0,
22,43440267,389,53,28
22,43440321,8,1,
22,43440341,3,1,
22,43440473,354,52,
22,43440513,925,268,
22,43440798,12,0,
22,43440920,106,48,
22,43441082,4,3,
22,43441146,26,19,
22,43441189,15,2,
22,43441193,36,6,
22,43441324,4,0,
22,43441620,13,2,
22,43441743,7,1,
22,43441809,25,7,
22,43441829,8,0,
22,43441860,4,0,
22,43441872,29,8,
22,43441880,34,1,
22,43441888,4,0,
22,43441895,120,32,
22,43441959,6,5,
22,43441961,113,98,
22,43442107,44,16,
22,43442131,4,0,
22,43442178,499,167,21
22,43442446,25,2,
22,43442588,5,0,
22,43442600,9,0,
22,43442694,69,42,
22,43442703,31,2,
22,43442868,6,0,
22,43442917,300,126,
22,43443094,4,0,
22,43443233,40,5,
22,43443378,18,7,
22,43443549,37,17,
22,43443582,8,0,
22,43443596,7,4,
22,43443613,20,6,
22,43443640,180,47,27
22,43443799,4,1,
22,43443823,37,12,
22,43443974,39,34,
22,43444017,34,1,
22,43444058,33,30,
22,43444059,5,0,
22,43444091,49,18,
22,43444092,16,1,
22,43444160,116,67,30
22,43444388,7,0,
22,43444490,11,0,
22,43444558,78,22,
22,43444574,33,2,
22,43444613,7,0,
22,43444672,8,0,
22,43444725,12,0,
22,43444934,6,2,
22,43444942,4,2,
22,43444974,6,0,
22,43445103,19,3,
22,43445276,12,10,
22,43445381,26,8,
22,43445441,14,1,
22,43445445,5,0,
22,43445454,44,4,
22,43445547,24,8,
22,43445557,75,25,
22,43445571,50,8,
22,43445614,91,3,16
22,43445657,8,4,
22,43445662,210,67,8
22,43445682,70,12,
22,43445718,9,3,
22,43445720,98,49,16
22,43445760,25,0,
22,43445771,8,0,
22,43445894,90,11,20
22,43445931,235,17,4
22,43446058,6,0,
22,43446068,7,0,
22,43446103,134,103,
22,43446158,6,0,
22,43446291,23,1,
22,43446351,7,0,
22,43446431,39,23,
22,43446442,68,15,13
22,43446571,15,5,
22,43446659,37,10,23
22,43446796,7,0,
22,43446797,15,0,
22,43446817,13,1,
22,43446821,119,91,
22,43446888,6,2,
22,43446929,7,1,
22,43446931,9,2,
22,43446939,15,3,
22,43447032,6,1,
22,43447044,13,5,
22,43447064,18,5,
22,43447072,3,0,
22,43447118,6,0,
22,43447126,33,1,16
22,43447254,103,50,6
22,43447286,5,1,
22,43447311,9,6,
22,43447335,144,32,2
22,43447421,217,167,17
22,43447462,35,18,
22,43447616,67,69,9
22,43447696,10,2,
22,43447711,6,1,
22,43447880,25,13,
22,43448023,121,50,1
22,43448075,77,21,2
22,43448087,12,0,
22,43448112,81,51,15
22,43448193,42,16,4
22,43448288,3,1,
22,43448404,4,0,
22,43448408,31,22,28
22,43448432,149,155,3
22,43448457,20,1,7
22,43448606,94,27,8
22,43448723,24,10,12
22,43448846,9,4,
23,43306435,194,119,
23,43315029,167,65,
23,43325049,384,325,
23,43325628,289,259,
23,43331358,268,418,
23,43336609,187,80,
23,43336892,164,47,
23,43337703,648,206,
23,43339212,455,156,
23,43342712,925,188,
23,43344082,931,561,
23,43347724,205,33,
23,43349204,42,10,
23,43352531,778,782,
23,43353223,291,92,
23,43353925,205,30,
23,43356016,167,36,
23,43356068,79,21,
23,43356314,567,195,
23,43356995,619,514,
23,43357687,162,163,
23,43357739,502,379,
23,43358264,163,59,
23,43358914,535,143,
23,43359264,207,78,
23,43360150,98,25,
23,43360249,77,19,
23,43360251,421,496,
23,43360287,64,33,
23,43360633,157,42,
23,43361333,185,54,
23,43361389,62,36,
23,43361959,565,372,
23,43362616,112,13,
23,43362667,117,11,
23,43362725,139,43,
23,43363031,448,208,
23,43363056,298,487,
23,43363247,156,32,
23,43363293,279,482,
23,43364368,81,39,
23,43364715,160,271,
23,43365083,256,55,
23,43365424,182,28,
23,43366671,213,85,
23,43367401,205,116,
23,43367987,269,296,
23,43368365,104,29,
23,43368863,165,39,
23,43369354,87,34,
23,43369739,94,37,
23,43372227,138,22,
23,43373157,433,166,
23,43373242,319,236,
23,43373504,173,78,
23,43374278,301,144,
23,43374369,247,93,
23,43374505,62,16,
23,43374519,311,123,
23,43374753,148,160,
23,43376033,315,95,
23,43376570,52,9,
23,43376769,60,27,
23,43377463,89,13,
23,43377533,125,87,
23,43377690,157,35,
23,43377897,231,53,
23,43377958,36,2,
23,43377966,87,44,
23,43377998,139,67,
23,43378019,117,44,
23,43378114,105,12,
23,43378239,1935,453,
23,43378252,9,0,
23,43378266,55,14,
23,43378358,229,51,
23,43378401,300,213,
23,43378436,247,14,
23,43378587,246,237,
23,43378627,197,66,
23,43378671,151,196,
23,43378844,16,2,
23,43378900,101,56,
23,43379082,56,13,
23,43379173,110,69,
23,43379235,104,118,
23,43379262,235,131,
23,43379265,129,68,
23,43379917,152,21,
23,43380453,302,350,
23,43380622,109,37,
23,43380649,162,103,
23,43381512,341,471,
23,43381627,110,14,
23,43382709,31,11,
23,43384069,882,344,
23,43384402,64,8,
23,43384697,171,142,
23,43385127,37,7,
23,43385268,957,664,
23,43385571,27,19,
23,43385668,119,8,
23,43386578,221,66,
23,43386581,86,34,
23,43386973,140,108,
23,43387334,142,164,
23,43387834,79,75,
23,43388024,136,87,
23,43388133,530,135,
23,43388218,86,19,
23,43389424,28,4,
23,43389455,130,32,
23,43390400,477,124,
23,43390401,85,1,
23,43390467,301,270,
23,43390595,181,200,
23,43390747,241,219,
23,43391452,63,69,
23,43391459,359,191,
23,43391971,42,9,
23,43392295,100,37,
23,43392521,206,50,
23,43392549,328,41,
23,43392753,111,42,
23,43392758,28,0,
23,43392875,68,60,
23,43392950,73,33,
23,43392951,212,78,
23,43393198,85,42,
23,43393613,54,21,
23,43393659,22,10,
23,43393924,210,117,
23,43394591,159,25,
23,43394698,15,7,
23,43394951,174,42,
23,43395496,75,5,
23,43395897,12,4,
23,43396076,39,2,
23,43396172,191,55,
23,43396735,746,423,
23,43397055,57,9,
23,43397407,19,3,
23,43397474,236,81,
23,43397556,9,0,
23,43397625,93,43,
23,43397640,322,197,
23,43397811,70,22,
23,43397973,26,4,
23,43398081,240,82,
23,43398148,62,17,
23,43398308,205,81,
23,43398410,89,21,
23,43398434,209,68,
23,43398518,600,830,
23,43398539,338,85,
23,43398605,7,1,
23,43398652,118,54,
23,43398692,73,142,
23,43398908,61,5,
23,43398967,66,59,
23,43398968,78,26,
23,43399127,33,20,
23,43399155,14,3,
23,43399170,62,11,
23,43399190,150,68,
23,43400989,1629,519,
23,43401179,282,113,
23,43401245,1658,1093,
23,43401378,138,126,
23,43401595,193,115,
23,43401855,516,210,
23,43402058,158,84,
23,43402102,65,24,
23,43402149,212,64,
23,43402315,335,225,
23,43402328,39,7,
23,43402361,22,2,
23,43402790,755,533,
23,43403321,101,174,
23,43403821,224,212,
23,43404548,250,125,
23,43404617,68,11,
23,43404858,149,38,
23,43405638,38,8,
23,43406702,64,27,
23,43406710,539,357,
23,43406777,45,13,
23,43407196,36,9,
23,43408487,94,45,
23,43408540,455,654,
23,43408674,238,115,
23,43409028,207,270,
23,43409533,30,44,
23,43410061,494,271,
23,43410247,137,46,
23,43410302,61,17,29
23,43410349,110,55,
23,43410548,963,820,
23,43410692,688,288,
23,43410866,102,45,
23,43410874,330,284,
23,43410885,289,301,
23,43410988,252,70,
23,43411258,217,363,
23,43411725,85,37,12
23,43411755,106,16,
23,43411898,95,20,
23,43411934,407,194,
23,43412149,7,0,
23,43412295,47,21,
23,43412298,32,17,
23,43412768,43,3,
23,43413125,304,218,
23,43413478,83,44,
23,43413935,602,202,
23,43414235,222,75,
23,43414393,558,236,
23,43414405,121,111,
23,43414426,16,6,
23,43414742,130,92,
23,43414992,111,27,
23,43415113,47,14,
23,43415477,115,60,
23,43415820,382,134,24
23,43416302,151,45,
23,43416400,24,5,
23,43416525,113,34,
23,43416558,36,12,
23,43416961,119,36,
23,43417038,19,0,
23,43417511,259,80,
23,43417530,42,0,
23,43417620,24,1,
23,43417885,128,128,
23,43417894,178,34,
23,43417907,23,6,
23,43417932,290,51,
23,43418069,32,12,
23,43418120,16,3,
23,43418184,133,12,
23,43418297,17,3,
23,43418343,35,7,27
23,43418960,63,23,
23,43419237,177,75,
23,43419240,239,127,
23,43419365,51,8,
23,43419422,104,36,
23,43419545,69,24,
23,43419616,13,3,
23,43419701,684,552,
23,43419713,63,13,
23,43419928,151,33,
23,43419944,64,20,
23,43419996,136,96,
23,43420152,271,93,
23,43420678,114,37,
23,43420683,284,97,
23,43420760,45,5,
23,43420889,38,3,
23,43420892,46,26,
23,43420925,14,0,
23,43421472,8,3,
23,43421934,261,113,
23,43422033,258,234,
23,43422162,725,665,
23,43422413,949,604,
23,43422909,222,172,
23,43422928,64,5,
23,43423032,207,209,
23,43423238,84,14,
23,43423523,116,12,
23,43423651,8,5,
23,43423705,56,10,
23,43423762,72,30,
23,43424065,218,101,
23,43424250,4,1,
23,43425527,5,0,
23,43425600,12,7,
23,43425605,318,61,
23,43425655,1186,697,
23,43425767,61,26,
23,43425774,24,3,
23,43425796,18,4,
23,43426022,637,294,
23,43426105,24,5,
23,43426134,12,0,
23,43426160,6,0,
23,43426468,111,176,
23,43426984,112,47,
23,43427002,775,605,
23,43427115,123,100,
23,43427167,25,5,
23,43427274,9,3,
23,43427595,5,0,
23,43427671,15,8,
23,43427850,71,12,
23,43428197,13,0,
23,43428409,3,0,
23,43428429,5,0,
23,43429261,5,0,
23,43429403,14,3,
23,43429417,326,103,
23,43429427,20,6,9
23,43429622,75,77,
23,43429804,8,0,14
23,43429941,5,0,
23,43430498,17,0,21
23,43430582,6,1,
23,43430856,64,11,
23,43431057,6,3,
23,43431068,306,161,
23,43431184,95,39,
23,43431506,56,55,
23,43431522,148,130,
23,43431567,227,241,
23,43431653,39,28,
23,43431675,326,539,
23,43431875,16,25,
23,43431881,3,0,
23,43432291,102,42,
23,43432443,3,0,
23,43432485,64,34,
23,43432890,281,141,
23,43433599,103,283,
23,43433648,5,0,
23,43433689,17,3,
23,43434010,4,2,
23,43434093,509,231,
23,43434152,185,121,
23,43434171,8,2,
23,43434492,37,22,
23,43434730,208,98,
23,43434812,3,0,
23,43434910,151,35,
23,43435438,175,43,
23,43436057,3,0,
23,43436551,26,0,
23,43436663,13,0,
23,43436894,513,209,
23,43436927,14,1,
23,43436933,51,99,
23,43437142,13,0,
23,43437725,4,0,
23,43438169,6,0,
23,43438192,117,28,
23,43438206,122,113,
23,43438571,3,7,
23,43438601,115,21,
23,43438659,32,6,
23,43438663,17,0,
23,43438797,181,71,
23,43438853,5,1,
23,43439138,4,0,
23,43439227,9,5,
23,43439307,3,0,
23,43439325,4,0,
23,43439398,26,26,
23,43439495,15,6,
23,43439591,4,1,
23,43439610,295,94,
23,43439759,93,29,
23,43439813,91,97,
23,43439862,15,1,
23,43439883,87,51,
23,43439895,24,0,
23,43439915,30,0,
23,43439939,45,27,
23,43439962,13,1,
23,43439981,36,5,
23,43439987,41,0,
23,43440046,203,37,
23,43440084,10,4,
23,43440160,3,1,
23,43440174,184,157,
23,43440184,255,129,
23,43440259,21,0,
23,43440267,391,53,
23,43440321,8,1,
23,43440341,3,1,
23,43440473,354,52,
23,43440513,931,267,
23,43440798,12,0,
23,43440920,106,50,
23,43441082,4,3,
23,43441146,26,19,
23,43441189,15,2,
23,43441193,36,6,
23,43441324,4,0,
23,43441743,7,1,
23,43441809,25,7,
23,43441829,8,0,
23,43441860,4,0,
23,43441872,29,8,
23,43441880,35,1,
23,43441888,4,0,
23,43441895,120,32,
23,43441959,6,5,
23,43441961,115,99,
23,43442107,44,17,
23,43442131,4,0,
23,43442178,506,171,19
23,43442446,26,2,
23,43442588,5,0,
23,43442600,9,0,
23,43442694,69,42,
23,43442703,32,2,
23,43442868,6,0,
23,43442917,301,127,
23,43443094,4,0,
23,43443233,40,5,
23,43443378,18,7,
23,43443549,37,17,
23,43443582,8,0,
23,43443596,7,4,
23,43443613,20,6,
23,43443640,180,47,28
23,43443799,4,1,
23,43443823,37,12,
23,43443974,39,34,
23,43444017,34,1,
23,43444058,34,31,
23,43444059,5,0,
23,43444091,49,18,
23,43444092,16,1,
23,43444160,117,67,30
23,43444388,7,0,
23,43444490,11,0,
23,43444558,78,22,
23,43444574,34,2,
23,43444613,7,0,
23,43444672,8,0,
23,43444725,12,0,
23,43444934,6,2,
23,43444942,4,2,
23,43444974,6,0,
23,43445103,20,6,
23,43445276,12,10,
23,43445381,26,8,
23,43445441,14,1,
23,43445445,5,0,
23,43445454,46,4,
23,43445547,25,8,
23,43445557,75,27,
23,43445571,50,8,
23,43445614,97,3,15
23,43445657,8,4,
23,43445662,219,78,10
23,43445682,71,12,
23,43445718,9,3,
23,43445720,101,52,15
23,43445760,25,0,
23,43445771,8,0,
23,43445894,92,11,18
23,43445931,247,17,4
23,43446058,6,0,
23,43446068,7,0,
23,43446103,141,104,
23,43446291,23,1,
23,43446351,7,0,
23,43446431,40,24,
23,43446442,75,16,13
23,43446571,15,6,
23,43446659,42,10,26
23,43446796,7,0,
23,43446797,15,0,
23,43446817,13,1,
23,43446821,120,94,
23,43446888,6,2,
23,43446929,7,1,
23,43446931,9,2,
23,43446939,15,3,
23,43447044,13,5,
23,43447064,18,5,
23,43447072,3,0,
23,43447118,6,0,
23,43447126,39,1,17
23,43447254,117,53,7
23,43447286,5,1,
23,43447311,11,6,
23,43447335,157,34,3
23,43447409,3,1,
23,43447421,237,185,16
23,43447462,38,18,
23,43447616,71,82,21
23,43447696,10,2,
23,43447711,7,1,
23,43447880,29,14,
23,43448023,145,101,1
23,43448075,104,31,1
23,43448087,12,0,
23,43448112,99,61,17
23,43448193,50,18,6
23,43448288,3,1,
23,43448404,6,0,
23,43448408,36,28,
23,43448432,173,192,25
23,43448457,27,1,8
23,43448606,132,46,9
23,43448723,73,33,3
23,43448846,11,6,
23,43449166,7,2,
23,43449326,11,3,9
23,43449605,3,1,
