hour,id,score,comments,best_rank
0,47534933,28,3,
0,47534953,30,4,
0,47535249,118,57,
0,47535369,25,11,
0,47535586,206,68,
0,47535626,96,12,
0,47535708,662,647,
0,47535863,42,6,
0,47535937,39,34,
0,47536102,143,84,
0,47536110,114,49,
0,47536306,77,12,
0,47536316,126,127,
0,47536712,273,257,
0,47536719,61,32,
0,47536761,340,97,
0,47537051,174,46,
0,47537106,112,60,
0,47537228,444,230,
0,47537311,40,16,
0,47537851,77,2,
0,47537875,67,17,26
0,47538190,135,60,
0,47538433,40,23,
0,47538596,53,16,
0,47539165,66,18,
0,47539188,297,242,
0,47539767,121,12,
0,47539825,394,255,
0,47540383,354,349,
0,47540388,132,135,
0,47540833,658,533,
0,47540903,108,63,
0,47540929,140,152,
0,47541105,8,0,
0,47541156,10,0,
0,47541438,24,8,
0,47541733,18,0,22
0,47541746,104,25,18
0,47541969,194,60,
0,47542057,605,483,
0,47542142,67,35,
0,47542259,26,7,
0,47542545,36,5,20
0,47542595,14,0,
0,47542640,17,2,
0,47542644,243,54,
0,47542695,761,611,
0,47542998,26,0,
0,47543139,621,266,
0,47543167,463,535,
0,47543186,156,37,
0,47543189,91,87,
0,47543198,59,5,
0,47543201,169,164,
0,47543204,329,72,
0,47543943,461,166,
0,47544114,9,0,
0,47544175,44,17,
0,47544238,95,23,
0,47544614,105,77,
0,47544665,29,0,
0,47544980,410,383,
0,47545355,31,8,
0,47545594,57,9,
0,47545607,297,60,
0,47546679,72,4,
0,47546775,36,7,13
0,47546911,64,9,
0,47546925,10,0,
0,47546998,24,6,
0,47547009,535,369,
0,47547508,224,41,
0,47547602,127,65,
0,47547843,132,19,
0,47548013,195,58,
0,47548048,11,1,
0,47548164,129,18,
0,47549128,110,24,5
0,47549160,179,95,
0,47549197,21,10,
0,47549210,36,3,
0,47549586,71,21,
0,47549649,107,168,
0,47549824,343,72,
0,47550282,631,330,
0,47550433,78,19,8
0,47550726,166,234,
0,47550878,309,171,
0,47552144,6,0,
0,47552562,330,146,
0,47552643,86,14,
0,47552684,15,5,
0,47553185,327,111,
0,47553516,89,84,
0,47553573,139,72,
0,47553717,459,92,
0,47553766,6,3,
0,47553798,812,232,
0,47553910,96,80,
0,47553957,42,9,
0,47554440,5,0,
0,47554493,87,34,
0,47554773,785,612,
0,47554948,91,181,
0,47555035,58,17,
0,47555081,74,87,
0,47555090,286,224,
0,47555093,30,16,
0,47555115,78,34,
0,47555273,199,125,27
0,47555427,22,18,
0,47555429,6,0,
0,47555492,14,0,
0,47555556,657,247,
0,47555642,33,13,
0,47555711,7,0,
0,47555814,43,4,
0,47555915,87,57,
0,47556001,58,8,
0,47556033,80,6,
0,47556063,126,41,
0,47556074,18,0,15
0,47556076,122,86,
0,47556116,101,19,
0,47556267,89,7,
0,47556290,377,68,
0,47556359,241,56,
0,47556729,1392,252,
0,47556827,34,4,
0,47557064,196,70,
0,47557160,43,1,
0,47557166,258,184,
0,47557179,11,1,
0,47557185,214,144,
0,47557299,72,15,
0,47557392,75,23,
0,47557866,5,0,
0,47557901,147,239,
0,47557921,4,3,
0,47557924,9,0,
0,47557960,502,112,
0,47558073,28,3,
0,47558094,109,16,
0,47558195,39,23,
0,47558284,27,2,
0,47558372,193,136,
0,47558530,12,8,
0,47558531,8,1,
0,47558581,58,59,
0,47558657,65,29,
0,47558733,76,5,21
0,47558782,129,53,
0,47558827,20,2,
0,47558843,20,3,
0,47558867,66,47,
0,47558997,393,220,
0,47559056,35,13,
0,47559323,38,5,
0,47559481,228,137,
0,47559788,37,23,
0,47560270,50,1,
0,47560406,5,2,
0,47560457,18,3,
0,47560724,10,1,
0,47560981,62,85,
0,47561132,47,20,
0,47561219,4,1,
0,47561297,188,101,
0,47561470,35,15,
0,47561489,783,447,
0,47561496,90,61,
0,47561711,571,262,
0,47561819,344,245,
0,47562288,84,75,
0,47562342,15,2,
0,47562435,15,0,
0,47562440,14,0,
0,47562462,5,0,
0,47562575,13,0,
0,47562624,8,0,
0,47562927,45,14,
0,47562961,3,0,
0,47563007,113,139,
0,47563039,26,3,
0,47563054,9,0,
0,47563063,4,1,
0,47563103,96,45,
0,47563177,20,9,
0,47563373,7,0,
0,47563384,441,200,
0,47563423,15,27,
0,47563486,15,0,
0,47563599,9,0,
0,47563655,604,173,
0,47563978,100,8,
0,47564025,9,4,
0,47564188,10,5,
0,47564245,315,159,
0,47564246,84,64,
0,47564356,39,59,
0,47564421,683,257,
0,47564469,235,165,
0,47564579,99,25,
0,47564620,12,7,
0,47564699,3,0,
0,47564816,45,35,
0,47564930,26,9,
0,47564996,5,0,
0,47565075,83,69,
0,47565264,125,26,
0,47565307,6,0,
0,47565316,401,262,
0,47565365,313,402,
0,47565507,14,2,
0,47565542,19,5,
0,47565652,21,2,
0,47565798,17,7,
0,47565831,37,39,
0,47565848,47,74,
0,47565955,15,1,
0,47566096,18,1,
0,47566140,94,15,
0,47566143,377,528,
0,47566285,18,3,
0,47566328,16,1,
0,47566332,99,39,
0,47566336,44,5,
0,47566362,25,23,
0,47566392,12,0,
0,47566442,554,269,
0,47566513,37,15,
0,47566653,146,139,
0,47566687,10,11,
0,47566702,90,55,
0,47566865,968,615,
0,47566960,150,68,
0,47567049,72,14,
0,47567087,23,3,
0,47567183,55,33,
0,47567222,9,1,
0,47567242,147,58,
0,47567790,54,4,
0,47568028,267,302,
0,47568080,96,32,
0,47568884,79,61,
0,47569150,25,1,
0,47569386,10,0,
0,47569438,14,16,
0,47569471,408,210,
0,47569502,310,163,
0,47569715,13,3,
0,47569773,5,0,
0,47569837,62,53,
0,47569923,7,1,
0,47570269,1577,637,
0,47570375,15,4,
0,47570435,149,63,
0,47570547,62,8,
0,47570650,44,0,
0,47570666,353,89,
0,47570940,298,54,
0,47571279,313,235,
0,47571330,168,36,
0,47571376,280,114,
0,47571401,40,24,
0,47571495,167,50,
0,47571513,23,12,
0,47571705,8,1,
0,47571746,39,37,
0,47572000,67,18,
0,47572063,7,0,
0,47572162,89,58,
0,47572325,11,0,
0,47572714,4,1,
0,47572748,72,74,
0,47572771,212,89,
0,47572857,12,9,
0,47573140,8,0,
0,47573420,368,515,
0,47573483,11,16,
0,47573519,714,230,
0,47573532,8,1,
0,47573574,4,0,
0,47573887,336,212,
0,47574034,761,258,
0,47574083,71,12,
0,47574128,10,2,
0,47574143,8,0,
0,47574346,93,51,
0,47574562,7,1,
0,47574574,20,0,
0,47574600,4,1,
0,47574712,6,0,
0,47574714,5,1,
0,47574748,6,0,
0,47574851,11,0,
0,47574862,21,0,
0,47575062,9,3,
0,47575089,213,259,
0,47575403,474,231,
0,47575417,90,37,
0,47575616,303,153,
0,47575757,5,0,
0,47575910,16,4,
0,47575935,101,16,
0,47575950,62,43,
0,47576055,126,91,
0,47576317,207,93,
0,47576444,18,1,
0,47576462,12,0,
0,47576664,14,5,
0,47576672,22,7,
0,47576687,54,11,
0,47576861,326,123,
0,47576904,26,4,
0,47576933,8,0,
0,47576953,7,1,
0,47576978,134,37,
0,47576982,7,2,
0,47577032,68,56,
0,47577120,97,34,
0,47577347,10,10,
0,47577746,7,0,
0,47577761,659,263,
0,47577899,72,82,
0,47577933,17,0,
0,47577979,70,27,
0,47578086,241,164,
0,47578166,4,0,
0,47578444,7,0,
0,47578464,84,5,
0,47578543,7,1,
0,47578572,398,207,
0,47578599,63,5,
0,47578741,150,142,
0,47578855,106,153,
0,47578918,13,14,
0,47578991,10,16,
0,47579182,48,21,
0,47579200,156,115,
0,47579217,46,6,
0,47579221,24,31,
0,47579229,266,108,
0,47579265,28,6,
0,47579337,31,2,
0,47579448,12,0,
0,47579456,3,1,
0,47579666,6,0,
0,47579727,8,2,
0,47579754,162,25,
0,47579818,39,7,
0,47579934,6,0,
0,47579977,19,10,
0,47580063,21,0,
0,47580210,12,3,
0,47580221,5,0,
0,47580271,16,0,
0,47580297,317,330,
0,47580350,245,97,
0,47580528,9,0,
0,47580538,14,0,
0,47580841,18,30,
0,47580870,6,0,
0,47580891,78,7,
0,47580910,63,16,
0,47581097,41,40,
0,47581136,4,3,
0,47581236,14,0,
0,47581249,19,1,
0,47581362,15,0,
0,47581614,10,0,
0,47581701,447,158,
0,47581721,67,31,
0,47581891,4,1,
0,47582043,801,548,
0,47582056,82,50,
0,47582069,35,29,
0,47582218,16,2,
0,47582220,1769,714,23
0,47582322,26,3,
0,47582418,78,29,
0,47582482,605,328,
0,47582537,5,1,
0,47582622,26,0,
0,47582671,31,4,
0,47582675,9,0,
0,47582753,9,0,
0,47582786,10,4,
0,47582792,22,2,
0,47582877,65,7,
0,47582930,4,0,
0,47582952,9,0,
0,47582984,558,332,
0,47582990,77,31,
0,47583045,289,101,
0,47583104,6,0,
0,47583192,5,0,
0,47583499,5,0,
0,47583532,36,3,
0,47583582,13,4,
0,47583959,56,15,28
0,47584101,11,3,
0,47584454,9,2,
0,47584540,1878,920,17
0,47584558,10,0,
0,47584609,5,0,
0,47584694,5,0,
0,47584795,154,417,24
0,47584841,15,6,
0,47584942,15,3,
0,47585004,11,6,
0,47585008,57,14,
0,47585161,40,9,
0,47585192,15,8,
0,47585392,40,6,
0,47585645,48,8,
0,47585860,29,2,
0,47585886,7,4,
0,47585974,128,39,30
0,47586018,134,218,
0,47586023,8,3,
0,47586176,270,164,
0,47586614,278,92,10
0,47586778,703,283,1
0,47586784,7,0,
0,47586814,101,105,
0,47586861,4,0,
0,47587050,8,0,
0,47587597,47,58,
0,47587631,87,36,
0,47587866,451,167,
0,47587935,823,733,
0,47587953,169,312,6
0,47588324,33,12,
0,47588349,110,37,29
0,47588410,18,4,
0,47588467,12,7,
0,47588520,11,0,
0,47588622,6,0,
0,47588632,12,0,
0,47588658,265,84,
0,47588776,7,0,
0,47588996,6,0,
0,47589011,182,96,
0,47589111,41,14,
0,47589167,6,0,
0,47589370,39,25,
0,47589419,27,7,
0,47589432,9,3,
0,47589451,11,4,
0,47589494,10,0,
0,47589567,43,26,
0,47589732,20,0,
0,47589735,8,2,
0,47589791,7,1,
0,47589797,18,8,
0,47589818,153,49,9
0,47589856,89,30,19
0,47589900,19,2,
0,47590148,25,33,
0,47590230,5,0,
0,47590261,25,14,
0,47590281,4,0,
0,47590348,7,0,
0,47590526,24,9,
0,47591104,333,76,14
0,47591125,9,1,
0,47591208,61,41,
0,47591250,11,3,
0,47591341,8,0,
0,47591471,7,1,
0,47591488,13,2,
0,47591686,8,0,
0,47591819,15,1,
0,47591859,4,0,
0,47591928,379,100,16
0,47591929,9,9,
0,47591931,10,0,
0,47592047,11,3,
0,47592113,12,1,
0,47592297,7,1,
0,47592372,6,3,
0,47592392,12,3,
0,47592462,64,33,11
0,47592626,27,13,25
0,47592755,295,267,4
0,47592933,8,0,
0,47592939,21,8,
0,47593015,7,0,
0,47593046,7,0,
0,47593244,4,1,
0,47593285,122,20,2
0,47593303,15,0,
0,47593422,64,29,7
0,47593556,104,34,3
0,47593627,8,0,
0,47593634,40,10,12
0,47593689,8,0,
0,47593919,5,1,
0,47594159,3,1,
1,47534933,28,3,
1,47534953,30,4,
1,47535249,118,57,
1,47535369,25,11,
1,47535586,206,68,
1,47535626,96,12,
1,47535708,662,647,
1,47535863,42,6,
1,47535937,39,34,
1,47536102,143,84,
1,47536110,114,49,
1,47536306,77,12,
1,47536316,126,127,
1,47536712,273,257,
1,47536719,61,32,
1,47536761,340,97,
1,47537051,174,46,
1,47537106,112,60,
1,47537228,444,230,
1,47537311,40,16,
1,47537851,77,2,
1,47537875,73,19,27
1,47538190,135,60,
1,47538433,40,23,
1,47538596,53,16,
1,47539165,66,18,
1,47539188,297,242,
1,47539767,121,12,
1,47539825,394,255,
1,47540383,354,349,
1,47540388,132,135,
1,47540833,658,533,
1,47540903,108,63,
1,47540929,140,152,
1,47541105,8,0,
1,47541156,10,0,
1,47541438,24,8,
1,47541733,50,2,2
1,47541746,110,28,17
1,47541969,194,60,
1,47542057,605,483,
1,47542142,67,35,
1,47542259,26,7,
1,47542545,37,6,24
1,47542595,14,0,
1,47542640,17,2,
1,47542644,243,54,
1,47542695,761,611,
1,47542998,26,0,
1,47543139,621,266,
1,47543167,464,535,
1,47543186,156,37,
1,47543189,91,87,
1,47543198,59,5,
1,47543201,169,164,
1,47543204,329,72,
1,47543943,461,166,
1,47544114,9,0,
1,47544175,44,17,
1,47544238,95,23,
1,47544614,105,77,
1,47544665,29,0,
1,47544980,410,383,
1,47545355,31,8,
1,47545594,57,9,
1,47545607,297,60,
1,47546679,72,4,
1,47546732,73,81,
1,47546775,43,7,15
1,47546911,64,9,
1,47546925,10,0,
1,47546998,24,6,
1,47547009,535,369,
1,47547508,224,41,
1,47547602,127,65,
1,47547843,132,19,
1,47548013,195,58,
1,47548048,11,1,
1,47548164,129,18,
1,47549128,120,28,7
1,47549160,179,95,
1,47549197,21,10,
1,47549210,36,3,
1,47549586,71,21,
1,47549649,107,168,
1,47549824,343,72,
1,47550282,631,330,
1,47550433,84,22,11
1,47550726,166,234,
1,47550878,309,171,
1,47552144,6,0,
1,47552562,330,146,
1,47552643,87,14,
1,47552684,15,5,
1,47553185,327,111,
1,47553516,89,84,
1,47553573,139,73,
1,47553717,459,92,
1,47553766,6,3,
1,47553798,812,232,
1,47553910,96,80,
1,47553957,42,9,
1,47554440,5,0,
1,47554493,87,34,
1,47554773,786,612,
1,47554948,91,181,
1,47555035,59,17,
1,47555081,74,87,
1,47555090,286,224,
1,47555093,30,16,
1,47555115,78,34,
1,47555273,207,126,25
1,47555427,22,18,
1,47555429,6,0,
1,47555492,14,0,
1,47555556,657,247,
1,47555642,33,13,
1,47555711,7,0,
1,47555814,43,4,
1,47555915,87,57,
1,47556001,58,8,
1,47556033,80,6,
1,47556063,127,41,
1,47556074,24,1,13
1,47556076,123,87,
1,47556116,101,19,
1,47556267,89,7,
1,47556290,377,68,
1,47556359,241,56,
1,47556729,1392,252,
1,47556827,34,4,
1,47557064,196,70,
1,47557160,43,1,
1,47557166,258,184,
1,47557171,25,3,3
1,47557179,11,1,
1,47557185,214,144,
1,47557299,72,15,
1,47557392,75,23,
1,47557866,5,0,
1,47557901,147,240,
1,47557921,4,3,
1,47557924,9,0,
1,47557960,502,112,
1,47558073,28,3,
1,47558094,110,16,
1,47558195,39,23,
1,47558284,27,2,
1,47558372,193,136,
1,47558530,12,8,
1,47558531,8,1,
1,47558581,58,59,
1,47558657,65,29,
1,47558733,86,6,20
1,47558782,129,53,
1,47558827,20,2,
1,47558843,20,3,
1,47558867,66,47,
1,47558997,393,220,
1,47559056,35,13,
1,47559323,38,5,
1,47559481,228,137,
1,47559788,37,23,
1,47560270,50,1,
1,47560406,5,2,
1,47560457,18,3,
1,47560724,10,1,
1,47560981,62,85,
1,47561132,47,20,
1,47561219,4,1,
1,47561297,188,101,
1,47561470,36,15,
1,47561489,783,447,
1,47561496,90,61,
1,47561711,574,263,
1,47561819,344,245,
1,47562288,84,75,
1,47562342,15,2,
1,47562435,15,0,
1,47562440,14,0,
1,47562462,5,0,
1,47562575,13,0,
1,47562624,8,0,
1,47562927,45,14,
1,47562961,3,0,
1,47563007,113,139,
1,47563039,26,3,
1,47563054,9,0,
1,47563063,4,1,
1,47563103,96,45,
1,47563177,20,9,
1,47563373,7,0,
1,47563384,441,200,
1,47563423,15,27,
1,47563486,15,0,
1,47563599,9,0,
1,47563655,604,173,
1,47563978,100,8,
1,47564025,9,4,
1,47564188,10,5,
1,47564245,315,159,
1,47564246,84,64,
1,47564356,39,59,
1,47564421,683,257,
1,47564469,235,165,
1,47564579,100,25,
1,47564620,12,7,
1,47564699,3,0,
1,47564816,45,35,
1,47564930,26,9,
1,47564996,5,0,
1,47565075,83,69,
1,47565264,125,26,
1,47565307,6,0,
1,47565316,401,262,
1,47565365,313,402,
1,47565507,14,2,
1,47565542,19,5,
1,47565652,21,2,
1,47565798,17,7,
1,47565831,37,39,
1,47565848,47,74,
1,47565955,15,1,
1,47566096,18,1,
1,47566140,94,15,
1,47566143,377,528,
1,47566285,18,3,
1,47566328,16,1,
1,47566332,99,39,
1,47566336,44,5,
1,47566362,25,23,
1,47566392,12,0,
1,47566442,554,269,
1,47566513,37,15,
1,47566653,146,139,
1,47566687,10,11,
1,47566702,90,55,
1,47566865,968,615,
1,47566960,150,68,
1,47567049,72,14,
1,47567087,23,3,
1,47567183,55,33,
1,47567222,9,1,
1,47567242,147,58,
1,47567790,54,4,
1,47568028,267,302,
1,47568080,97,32,
1,47568884,79,61,
1,47569150,25,1,
1,47569386,10,0,
1,47569438,14,16,
1,47569471,408,210,
1,47569502,310,163,
1,47569715,13,3,
1,47569773,5,0,
1,47569837,62,53,
1,47569923,7,1,
1,47570269,1577,637,
1,47570375,15,4,
1,47570435,149,63,
1,47570547,62,8,
1,47570650,44,0,
1,47570666,353,89,
1,47570940,298,54,
1,47571279,313,235,
1,47571330,170,38,
1,47571376,280,114,
1,47571401,40,24,
1,47571495,167,50,
1,47571513,23,13,
1,47571705,9,1,
1,47571746,39,38,
1,47572000,67,18,
1,47572063,7,0,
1,47572162,90,58,
1,47572325,11,0,
1,47572714,4,1,
1,47572748,73,74,
1,47572771,212,90,
1,47572857,12,9,
1,47573140,8,0,
1,47573420,368,515,
1,47573483,11,16,
1,47573519,716,230,
1,47573574,4,0,
1,47573887,336,212,
1,47574034,761,259,
1,47574083,71,12,
1,47574128,10,2,
1,47574143,8,0,
1,47574346,93,51,
1,47574562,7,1,
1,47574574,20,0,
1,47574600,4,1,
1,47574712,6,0,
1,47574714,5,1,
1,47574748,6,0,
1,47574851,11,0,
1,47574862,21,0,
1,47575062,9,3,
1,47575089,213,261,
1,47575403,476,231,
1,47575417,91,37,
1,47575616,303,155,
1,47575757,5,0,
1,47575910,16,4,
1,47575935,101,16,
1,47575950,62,43,
1,47576055,126,91,
1,47576317,208,93,
1,47576444,18,1,
1,47576462,12,0,
1,47576664,14,5,
1,47576672,22,7,
1,47576687,54,11,
1,47576861,326,123,
1,47576904,26,4,
1,47576933,8,0,
1,47576953,7,1,
1,47576978,135,37,
1,47576982,7,2,
1,47577032,68,56,
1,47577120,97,35,
1,47577347,10,10,
1,47577746,7,0,
1,47577761,659,265,
1,47577899,72,82,
1,47577933,17,0,
1,47577979,71,27,
1,47578086,241,164,
1,47578166,4,0,
1,47578444,7,0,
1,47578464,84,5,
1,47578543,7,1,
1,47578572,399,207,
1,47578599,64,5,
1,47578741,151,142,
1,47578855,107,154,
1,47578918,13,14,
1,47578991,10,16,
1,47579182,48,21,
1,47579200,156,115,
1,47579217,46,6,
1,47579221,24,31,
1,47579229,266,108,
1,47579265,28,6,
1,47579337,31,2,
1,47579448,12,0,
1,47579456,3,1,
1,47579666,6,0,
1,47579727,8,2,
1,47579754,164,25,
1,47579818,40,7,
1,47579934,6,0,
1,47579977,19,10,
1,47580063,21,0,
1,47580210,12,3,
1,47580221,5,0,
1,47580271,17,0,
1,47580297,317,330,
1,47580350,245,97,
1,47580528,9,0,
1,47580538,14,0,
1,47580841,18,30,
1,47580870,6,0,
1,47580891,78,7,
1,47580910,63,16,
1,47581097,41,40,
1,47581136,4,3,
1,47581249,19,1,
1,47581362,15,0,
1,47581614,10,0,
1,47581701,448,158,
1,47581721,67,31,
1,47581891,4,1,
1,47582043,805,550,
1,47582056,82,50,
1,47582069,36,30,
1,47582218,16,2,
1,47582220,1778,722,23
1,47582322,26,3,
1,47582418,78,30,
1,47582482,606,329,
1,47582537,5,1,
1,47582622,26,0,
1,47582671,31,4,
1,47582675,9,0,
1,47582753,9,0,
1,47582786,10,4,
1,47582792,22,2,
1,47582877,65,7,
1,47582930,5,0,
1,47582952,9,0,
1,47582984,562,333,
1,47582990,77,31,
1,47583045,293,102,
1,47583192,5,0,
1,47583499,5,0,
1,47583532,37,3,
1,47583582,13,4,
1,47583959,59,15,28
1,47584101,11,3,
1,47584454,9,2,
1,47584540,1888,926,
1,47584558,10,0,
1,47584609,5,0,
1,47584694,5,0,
1,47584795,167,480,22
1,47584841,15,6,
1,47584942,15,3,
1,47585004,11,6,
1,47585008,57,14,
1,47585161,41,9,
1,47585192,15,8,
1,47585392,40,6,
1,47585645,48,8,
1,47585860,29,2,
1,47585886,7,4,
1,47585974,135,39,30
1,47586018,135,220,
1,47586023,8,3,
1,47586176,278,167,
1,47586614,287,93,10
1,47586778,781,326,1
1,47586784,7,0,
1,47586814,102,105,
1,47586861,4,0,
1,47587050,8,0,
1,47587597,49,58,
1,47587631,88,36,
1,47587866,462,170,
1,47587935,830,739,
1,47587953,179,326,8
1,47588324,38,12,
1,47588349,119,39,29
1,47588410,18,4,
1,47588467,16,7,
1,47588520,11,0,
1,47588622,6,0,
1,47588632,12,0,
1,47588658,266,87,
1,47588776,7,0,
1,47588996,6,0,
1,47589011,184,98,
1,47589111,42,14,
1,47589167,6,0,
1,47589370,39,26,
1,47589419,27,7,
1,47589432,9,3,
1,47589451,11,4,
1,47589494,10,0,
1,47589567,44,26,
1,47589732,21,0,
1,47589735,8,2,
1,47589791,7,1,
1,47589797,20,8,
1,47589818,159,50,9
1,47589856,97,32,18
1,47589900,20,2,
1,47590148,28,35,
1,47590230,5,0,
1,47590261,27,14,
1,47590281,7,0,
1,47590348,7,0,
1,47590526,26,9,
1,47591104,361,80,16
1,47591125,9,1,
1,47591208,66,46,
1,47591250,12,3,
1,47591341,8,0,
1,47591471,7,1,
1,47591488,14,2,
1,47591598,3,1,
1,47591686,8,0,
1,47591819,17,1,
1,47591859,4,0,
1,47591928,399,104,19
1,47591929,10,10,
1,47591931,11,0,
1,47592047,14,3,
1,47592113,13,1,
1,47592297,8,1,
1,47592372,6,3,
1,47592392,17,4,
1,47592462,71,35,14
1,47592626,30,16,26
1,47592755,328,291,5
1,47592933,9,0,
1,47592939,24,8,
1,47593015,9,0,
1,47593046,9,1,
1,47593244,6,1,
1,47593285,138,24,2
1,47593303,17,0,
1,47593422,89,37,6
1,47593556,136,43,3
1,47593627,9,0,
1,47593634,52,13,10
1,47593689,9,0,
1,47593919,5,1,
1,47594159,5,1,
1,47594208,9,0,
1,47594831,10,0,
1,47595546,5,1,
1,47595620,27,1,6
1,47595702,3,0,
1,47595712,6,0,
2,47534933,28,3,
2,47534953,30,4,
2,47535249,118,57,
2,47535369,25,11,
2,47535586,206,68,
2,47535626,96,12,
2,47535708,663,647,
2,47535863,42,6,
2,47535937,39,34,
2,47536102,143,84,
2,47536110,114,49,
2,47536306,77,12,
2,47536316,126,127,
2,47536712,273,257,
2,47536719,61,32,
2,47536761,340,97,
2,47537051,174,46,
2,47537106,112,60,
2,47537228,444,230,
2,47537311,40,16,
2,47537851,77,2,
2,47537875,82,21,
2,47538190,135,60,
2,47538433,40,23,
2,47538596,53,16,
2,47539165,66,18,
2,47539188,297,242,
2,47539767,121,12,
2,47539825,394,255,
2,47540383,354,349,
2,47540388,132,135,
2,47540833,659,533,
2,47540903,108,63,
2,47540929,140,152,
2,47541105,8,0,
2,47541156,10,0,
2,47541438,24,8,
2,47541733,82,8,
2,47541746,120,30,
2,47541969,195,60,
2,47542057,605,483,
2,47542142,67,35,
2,47542259,26,7,
2,47542545,39,6,
2,47542595,14,0,
2,47542640,17,2,
2,47542644,243,54,
2,47542695,761,611,
2,47542998,26,0,
2,47543139,621,266,
2,47543167,464,535,
2,47543186,156,37,
2,47543189,91,87,
2,47543198,59,5,
2,47543201,169,164,
2,47543204,329,72,
2,47543943,461,166,
2,47544114,9,0,
2,47544175,44,17,
2,47544238,95,23,
2,47544614,105,77,
2,47544665,29,0,
2,47544980,410,383,
2,47545355,31,8,
2,47545594,57,9,
2,47545607,297,60,
2,47546679,72,4,
2,47546775,51,8,
2,47546911,64,9,
2,47546925,10,0,
2,47546998,24,6,
2,47547009,535,369,
2,47547508,224,41,
2,47547602,127,65,
2,47547843,132,19,
2,47548013,195,58,
2,47548048,11,1,
2,47548164,129,18,
2,47549128,138,30,
2,47549160,179,95,
2,47549197,21,10,
2,47549586,71,21,
2,47549649,107,168,
2,47549824,343,72,
2,47550282,632,330,
2,47550433,89,22,
2,47550726,166,234,
2,47550878,309,171,
2,47552144,6,0,
2,47552562,330,146,
2,47552643,87,14,
2,47552684,15,5,
2,47553185,327,111,
2,47553516,89,84,
2,47553573,139,73,
2,47553717,460,92,
2,47553766,6,3,
2,47553798,812,232,
2,47553910,96,80,
2,47553957,42,9,
2,47554440,5,0,
2,47554493,87,34,
2,47554773,786,612,
2,47554948,91,181,
2,47555035,60,17,
2,47555090,286,224,
2,47555093,30,16,
2,47555115,78,34,
2,47555273,209,128,
2,47555427,22,18,
2,47555429,6,0,
2,47555492,14,0,
2,47555556,659,247,
2,47555642,33,13,
2,47555711,7,0,
2,47555814,43,4,
2,47555915,87,57,
2,47556001,58,8,
2,47556033,80,6,
2,47556063,127,41,
2,47556074,28,2,
2,47556076,124,87,
2,47556116,101,19,
2,47556267,89,7,
2,47556290,377,68,
2,47556359,241,56,
2,47556729,1392,252,
2,47556827,34,4,
2,47557064,196,70,
2,47557160,43,1,
2,47557166,258,185,
2,47557171,43,3,
2,47557179,11,1,
2,47557185,214,144,
2,47557299,72,15,
2,47557392,75,23,
2,47557901,147,240,
2,47557924,9,0,
2,47557960,502,112,
2,47558073,28,3,
2,47558094,110,16,
2,47558195,39,23,
2,47558284,27,2,
2,47558372,193,136,
2,47558530,12,8,
2,47558531,8,1,
2,47558581,58,59,
2,47558657,65,29,
2,47558733,90,6,
2,47558782,129,53,
2,47558827,20,2,
2,47558843,20,3,
2,47558867,66,47,
2,47558997,393,220,
2,47559056,35,13,
2,47559323,38,5,
2,47559481,228,137,
2,47559788,37,23,
2,47560270,50,1,
2,47560406,5,2,
2,47560724,10,1,
2,47560981,62,85,
2,47561132,47,20,
2,47561219,4,1,
2,47561297,188,101,
2,47561470,36,15,
2,47561489,783,447,
2,47561496,90,61,
2,47561711,574,263,
2,47561819,345,245,
2,47562288,84,75,
2,47562342,15,2,
2,47562435,15,0,
2,47562440,14,0,
2,47562462,5,0,
2,47562575,13,0,
2,47562624,8,0,
2,47562927,45,14,
2,47562961,3,0,
2,47563007,113,139,
2,47563039,26,3,
2,47563054,9,0,
2,47563063,4,1,
2,47563103,96,45,
2,47563177,20,9,
2,47563373,7,0,
2,47563384,441,202,
2,47563423,15,27,
2,47563486,15,0,
2,47563599,9,0,
2,47563655,605,171,
2,47563978,100,8,
2,47564025,9,4,
2,47564188,10,5,
2,47564245,315,159,
2,47564246,84,64,
2,47564356,39,59,
2,47564421,683,257,
2,47564469,235,165,
2,47564579,100,25,
2,47564620,12,7,
2,47564699,3,0,
2,47564816,45,35,
2,47564930,26,9,
2,47564996,5,0,
2,47565075,83,69,
2,47565264,125,26,
2,47565307,6,0,
2,47565316,401,262,
2,47565365,313,405,
2,47565507,14,2,
2,47565542,19,5,
2,47565652,21,2,
2,47565798,17,7,
2,47565831,37,39,
2,47565848,47,74,
2,47565955,15,1,
2,47566096,18,1,
2,47566140,94,15,
2,47566143,377,529,
2,47566332,99,39,
2,47566336,44,5,
2,47566362,25,23,
2,47566392,12,0,
2,47566442,554,269,
2,47566513,37,15,
2,47566653,146,139,
2,47566687,10,11,
2,47566702,90,55,
2,47566865,968,615,
2,47566960,150,68,
2,47567049,72,14,
2,47567087,23,3,
2,47567183,55,33,
2,47567222,9,1,
2,47567242,147,59,
2,47567790,54,4,
2,47568028,267,302,
2,47568080,97,32,
2,47568884,79,61,
2,47569150,25,1,
2,47569438,14,16,
2,47569471,410,210,
2,47569502,311,164,
2,47569715,13,3,
2,47569773,5,0,
2,47569837,63,53,
2,47569923,7,1,
2,47570269,1577,637,
2,47570375,15,4,
2,47570435,149,63,
2,47570547,62,8,
2,47570650,44,0,
2,47570666,353,89,
2,47570940,298,54,
2,47571279,313,235,
2,47571330,172,38,
2,47571376,280,115,
2,47571401,40,24,
2,47571495,167,50,
2,47571513,23,13,
2,47571705,9,1,
2,47571746,39,38,
2,47572000,67,18,
2,47572063,7,0,
2,47572162,91,58,
2,47572325,11,0,
2,47572714,4,1,
2,47572748,73,74,
2,47572771,212,90,
2,47572857,12,9,
2,47573140,8,0,
2,47573420,368,516,
2,47573483,11,16,
2,47573519,716,230,
2,47573574,4,0,
2,47573887,336,213,
2,47574034,761,259,
2,47574083,71,12,
2,47574128,10,2,
2,47574143,8,0,
2,47574346,93,51,
2,47574562,7,1,
2,47574574,20,0,
2,47574712,6,0,
2,47574714,5,1,
2,47574748,6,0,
2,47574851,11,0,
2,47574862,21,0,
2,47574960,9,1,
2,47575062,9,3,
2,47575089,213,261,
2,47575403,476,231,
2,47575417,91,37,
2,47575616,304,155,
2,47575757,5,0,
2,47575910,16,4,
2,47575935,101,16,
2,47575950,63,43,
2,47576055,126,91,
2,47576317,208,93,
2,47576444,18,1,
2,47576462,12,0,
2,47576664,14,5,
2,47576672,22,7,
2,47576687,54,11,
2,47576861,326,123,
2,47576904,26,4,
2,47576933,8,0,
2,47576953,7,1,
2,47576978,135,37,
2,47576982,7,2,
2,47577032,68,56,
2,47577120,97,35,
2,47577347,10,10,
2,47577746,7,0,
2,47577761,662,266,
2,47577899,72,84,
2,47577933,18,0,
2,47577979,72,27,
2,47578086,241,164,
2,47578166,4,0,
2,47578444,7,0,
2,47578464,84,5,
2,47578543,7,1,
2,47578572,399,207,
2,47578599,64,5,
2,47578741,151,142,
2,47578855,107,154,
2,47578918,13,14,
2,47578991,10,16,
2,47579182,48,21,
2,47579200,156,114,
2,47579217,46,6,
2,47579221,24,31,
2,47579229,267,108,
2,47579265,28,6,
2,47579337,31,2,
2,47579448,12,0,
2,47579456,3,1,
2,47579666,6,0,
2,47579727,8,2,
2,47579754,164,25,
2,47579818,40,7,
2,47579934,6,0,
2,47579977,19,10,
2,47580063,21,0,
2,47580210,12,3,
2,47580221,5,0,
2,47580271,17,0,
2,47580297,318,330,
2,47580350,245,99,
2,47580528,9,0,
2,47580538,14,0,
2,47580841,18,30,
2,47580870,6,0,
2,47580891,78,7,
2,47580910,63,16,
2,47581097,41,41,
2,47581136,4,3,
2,47581249,19,1,
2,47581362,15,0,
2,47581614,10,0,
2,47581701,449,158,
2,47581721,67,31,
2,47581891,4,1,
2,47582043,809,552,
2,47582056,82,50,
2,47582069,36,30,
2,47582218,16,2,
2,47582220,1783,726,
2,47582322,26,3,
2,47582418,78,30,
2,47582482,608,333,
2,47582537,5,1,
2,47582622,26,0,
2,47582671,31,4,
2,47582675,9,0,
2,47582753,9,0,
2,47582786,10,4,
2,47582792,22,2,
2,47582877,65,7,
2,47582930,5,0,
2,47582952,9,0,
2,47582984,568,333,
2,47582990,78,31,
2,47583045,294,102,
2,47583499,5,0,
2,47583532,37,3,
2,47583582,13,4,
2,47583959,61,16,
2,47584101,11,3,
2,47584454,9,2,
2,47584540,1906,941,
2,47584558,10,0,
2,47584609,6,0,
2,47584694,5,0,
2,47584795,197,523,
2,47584841,15,6,
2,47584942,15,3,
2,47585004,11,6,
2,47585008,57,14,
2,47585161,42,9,
2,47585192,16,8,
2,47585392,40,6,
2,47585645,49,8,
2,47585860,29,2,
2,47585886,7,4,
2,47585974,137,39,
2,47586018,136,220,
2,47586023,8,3,
2,47586176,280,173,
2,47586614,296,97,
2,47586778,865,349,
2,47586784,7,0,
2,47586814,102,107,
2,47586861,4,0,
2,47587050,8,0,
2,47587597,53,58,
2,47587631,89,38,
2,47587866,472,170,
2,47587935,832,744,
2,47587953,186,335,
2,47588324,39,14,
2,47588349,125,40,
2,47588410,18,4,
2,47588467,18,7,
2,47588520,12,0,
2,47588622,6,0,
2,47588632,12,0,
2,47588658,269,87,
2,47588776,7,0,
2,47588996,6,0,
2,47589011,186,98,
2,47589111,43,14,
2,47589167,6,0,
2,47589370,39,27,
2,47589419,28,7,
2,47589432,9,3,
2,47589451,11,4,
2,47589494,11,0,
2,47589567,47,26,
2,47589732,22,0,
2,47589735,8,2,
2,47589791,7,1,
2,47589797,20,8,
2,47589818,162,53,
2,47589856,105,34,
2,47589900,20,2,
2,47590148,29,35,
2,47590230,5,0,
2,47590261,28,14,
2,47590281,7,0,
2,47590348,8,0,
2,47590526,26,9,
2,47591104,381,80,
2,47591125,9,1,
2,47591208,66,47,
2,47591250,13,3,
2,47591341,8,0,
2,47591471,7,2,
2,47591488,15,2,
2,47591598,3,1,
2,47591686,8,0,
2,47591819,17,1,
2,47591859,4,0,
2,47591928,412,105,
2,47591929,11,10,
2,47591931,11,0,
2,47592047,14,3,
2,47592113,15,1,
2,47592297,8,1,
2,47592372,7,3,
2,47592392,19,4,
2,47592462,83,38,
2,47592626,32,16,
2,47592687,4,0,
2,47592755,343,299,
2,47592933,9,0,
2,47592939,24,9,
2,47593015,11,0,
2,47593046,10,2,
2,47593244,6,1,
2,47593285,150,29,
2,47593303,17,0,
2,47593351,3,0,
2,47593422,120,49,
2,47593473,4,0,
2,47593556,170,58,
2,47593620,3,1,
2,47593627,9,0,
2,47593634,64,16,
2,47593689,9,0,
2,47593716,4,0,
2,47593919,5,1,
2,47593958,4,0,
2,47594149,5,0,
2,47594159,5,1,
2,47594181,8,1,
2,47594208,10,0,
2,47594384,5,0,
2,47594816,3,0,
2,47594831,12,0,
2,47594840,9,5,
2,47595546,11,2,
2,47595572,7,0,
2,47595620,111,42,
2,47595658,3,0,
2,47595702,5,1,
2,47595712,16,3,
2,47595832,3,0,
2,47595865,36,8,
2,47595873,6,0,
2,47595956,4,0,
2,47595971,16,6,
2,47596091,3,0,
2,47596125,3,0,
3,47534933,28,3,
3,47534953,30,4,
3,47535249,118,57,
3,47535369,25,11,
3,47535586,206,68,
3,47535626,96,12,
3,47535708,663,647,
3,47535863,42,6,
3,47535937,39,34,
3,47536102,143,84,
3,47536110,114,49,
3,47536306,77,12,
3,47536316,126,127,
3,47536712,273,257,
3,47536719,61,32,
3,47536761,340,97,
3,47537051,174,46,
3,47537106,112,60,
3,47537228,444,230,
3,47537311,40,16,
3,47537875,90,21,30
3,47538190,135,60,
3,47538433,40,23,
3,47538596,53,16,
3,47539165,66,18,
3,47539188,297,242,
3,47539767,121,12,
3,47539825,394,255,
3,47540383,354,349,
3,47540388,132,135,
3,47540833,659,533,
3,47540903,109,63,
3,47540929,140,152,
3,47541156,10,0,
3,47541438,24,8,
3,47541733,103,8,3
3,47541746,123,30,25
3,47541969,195,60,
3,47542057,605,483,
3,47542142,67,35,
3,47542259,26,7,
3,47542545,40,6,
3,47542595,14,0,
3,47542640,17,2,
3,47542644,243,54,
3,47542695,761,611,
3,47542998,26,0,
3,47543139,621,266,
3,47543167,464,535,
3,47543186,156,37,
3,47543189,91,87,
3,47543198,59,5,
3,47543201,169,164,
3,47543204,329,72,
3,47543943,461,166,
3,47544114,9,0,
3,47544175,44,17,
3,47544238,95,23,
3,47544665,29,0,
3,47544980,410,383,
3,47545355,31,8,
3,47545594,57,9,
3,47545607,297,60,
3,47546679,72,4,
3,47546775,61,11,16
3,47546911,64,9,
3,47546998,24,6,
3,47547009,535,369,
3,47547508,224,41,
3,47547602,127,65,
3,47547843,132,19,
3,47548013,195,58,
3,47548164,129,18,
3,47549128,149,34,11
3,47549160,179,95,
3,47549197,21,10,
3,47549586,71,21,
3,47549649,107,168,
3,47549824,343,72,
3,47550282,632,329,
3,47550433,91,22,19
3,47550726,166,234,
3,47550878,309,171,
3,47552562,330,146,
3,47552643,87,14,
3,47552684,15,5,
3,47553185,327,111,
3,47553516,89,84,
3,47553573,139,73,
3,47553717,460,92,
3,47553766,6,3,
3,47553798,812,232,
3,47553910,96,80,
3,47553957,42,9,
3,47554493,87,34,
3,47554773,786,612,
3,47554948,91,181,
3,47555035,60,17,
3,47555090,286,224,
3,47555093,30,16,
3,47555115,78,34,
3,47555273,211,128,
3,47555427,22,18,
3,47555429,6,0,
3,47555492,14,0,
3,47555556,661,248,
3,47555642,33,13,
3,47555711,7,0,
3,47555814,43,4,
3,47555915,87,58,
3,47556001,58,8,
3,47556033,80,6,
3,47556063,127,41,
3,47556074,32,2,20
3,47556076,124,88,
3,47556116,101,19,
3,47556267,89,7,
3,47556290,377,68,
3,47556359,241,56,
3,47556729,1392,252,
3,47557064,196,70,
3,47557160,43,1,
3,47557166,258,185,
3,47557171,68,3,4
3,47557179,11,1,
3,47557185,214,144,
3,47557299,72,15,
3,47557392,75,23,
3,47557901,147,240,
3,47557924,9,0,
3,47557960,502,112,
3,47558073,28,3,
3,47558094,110,16,
3,47558195,39,23,
3,47558284,27,2,
3,47558372,193,136,
3,47558581,58,59,
3,47558733,96,7,28
3,47558782,129,53,
3,47558843,20,3,
3,47558867,66,48,
3,47558997,393,220,
3,47559056,35,13,
3,47559323,38,5,
3,47559481,228,137,
3,47559788,37,23,
3,47560270,50,1,
3,47560406,5,2,
3,47560724,10,1,
3,47560981,62,85,
3,47561132,47,20,
3,47561219,4,1,
3,47561297,188,101,
3,47561470,36,15,
3,47561489,784,448,
3,47561496,90,61,
3,47561711,574,263,
3,47561819,345,245,
3,47562288,84,75,
3,47562342,15,2,
3,47562435,15,0,
3,47562440,14,0,
3,47562462,5,0,
3,47562575,13,0,
3,47562624,8,0,
3,47562927,45,14,
3,47562961,3,0,
3,47563007,113,139,
3,47563039,26,3,
3,47563054,9,0,
3,47563063,4,1,
3,47563103,96,45,
3,47563177,20,9,
3,47563373,7,0,
3,47563384,441,202,
3,47563423,15,27,
3,47563486,15,0,
3,47563599,9,0,
3,47563655,605,171,
3,47563978,100,8,
3,47564025,9,4,
3,47564188,10,5,
3,47564245,315,159,
3,47564246,84,64,
3,47564356,39,59,
3,47564421,683,257,
3,47564469,235,165,
3,47564579,100,25,
3,47564620,12,7,
3,47564699,3,0,
3,47564930,26,9,
3,47564996,5,0,
3,47565075,83,69,
3,47565264,125,26,
3,47565307,6,0,
3,47565316,401,262,
3,47565365,313,405,
3,47565542,19,5,
3,47565652,21,2,
3,47565798,17,7,
3,47565831,37,39,
3,47565848,47,74,
3,47565955,15,1,
3,47566096,18,1,
3,47566140,94,15,
3,47566143,377,529,
3,47566332,99,39,
3,47566336,44,5,
3,47566362,25,23,
3,47566392,12,0,
3,47566442,554,269,
3,47566513,37,15,
3,47566653,146,139,
3,47566702,90,55,
3,47566865,968,615,
3,47566960,150,68,
3,47567049,72,14,
3,47567087,23,3,
3,47567183,55,33,
3,47567222,9,1,
3,47567242,147,59,
3,47567790,54,4,
3,47568028,267,302,
3,47568080,97,32,
3,47568884,79,61,
3,47569150,25,1,
3,47569438,14,16,
3,47569471,411,210,
3,47569502,311,164,
3,47569715,13,3,
3,47569773,17,2,10
3,47569837,63,53,
3,47569923,7,1,
3,47570269,1577,637,
3,47570435,149,63,
3,47570547,62,8,
3,47570650,44,0,
3,47570666,353,89,
3,47570940,298,54,
3,47571279,313,235,
3,47571330,174,38,
3,47571376,280,115,
3,47571401,40,24,
3,47571495,167,50,
3,47571513,24,13,
3,47571705,9,1,
3,47571746,39,38,
3,47572000,67,18,
3,47572063,7,0,
3,47572162,92,58,
3,47572325,11,0,
3,47572714,4,1,
3,47572748,73,74,
3,47572771,212,90,
3,47572857,12,9,
3,47573140,8,0,
3,47573420,368,516,
3,47573483,11,16,
3,47573519,719,231,
3,47573574,4,0,
3,47573887,336,213,
3,47574034,761,259,
3,47574083,71,12,
3,47574128,10,2,
3,47574143,8,0,
3,47574346,93,51,
3,47574562,7,1,
3,47574574,20,0,
3,47574712,6,0,
3,47574714,5,1,
3,47574748,6,0,
3,47574851,11,0,
3,47574862,21,0,
3,47574960,16,2,18
3,47575062,9,3,
3,47575403,476,231,
3,47575417,91,37,
3,47575616,304,155,
3,47575757,5,0,
3,47575910,16,4,
3,47575935,101,16,
3,47575950,63,43,
3,47576055,126,91,
3,47576317,208,93,
3,47576444,18,1,
3,47576462,12,0,
3,47576664,14,5,
3,47576672,22,7,
3,47576687,54,11,
3,47576861,326,123,
3,47576904,26,4,
3,47576933,8,0,
3,47576953,7,1,
3,47576978,135,37,
3,47576982,7,2,
3,47577032,68,56,
3,47577120,97,35,
3,47577347,10,10,
3,47577746,7,0,
3,47577761,663,267,
3,47577899,72,84,
3,47577933,18,0,
3,47577979,72,28,
3,47578086,242,164,
3,47578444,7,0,
3,47578464,84,6,
3,47578543,7,1,
3,47578572,400,213,
3,47578599,64,5,
3,47578741,151,143,
3,47578855,107,155,
3,47578918,14,15,
3,47578991,10,16,
3,47579182,48,21,
3,47579217,46,6,
3,47579221,24,31,
3,47579229,267,108,
3,47579265,28,6,
3,47579337,32,2,
3,47579448,12,0,
3,47579456,3,1,
3,47579666,6,0,
3,47579727,8,2,
3,47579754,165,25,
3,47579818,40,7,
3,47579934,6,0,
3,47579977,19,10,
3,47580063,21,0,
3,47580210,12,3,
3,47580221,5,0,
3,47580271,17,0,
3,47580297,319,330,
3,47580350,245,99,
3,47580528,9,0,
3,47580538,14,0,
3,47580841,18,30,
3,47580870,6,0,
3,47580891,78,7,
3,47580910,63,16,
3,47581097,41,41,
3,47581136,4,3,
3,47581249,19,1,
3,47581362,15,0,
3,47581614,10,0,
3,47581701,450,158,
3,47581721,67,31,
3,47581891,4,1,
3,47582043,812,557,
3,47582056,83,51,
3,47582218,16,2,
3,47582220,1793,728,26
3,47582322,27,3,
3,47582418,78,32,
3,47582482,609,335,
3,47582537,5,1,
3,47582622,26,0,
3,47582671,31,4,
3,47582675,9,0,
3,47582753,9,0,
3,47582786,10,4,
3,47582792,22,2,
3,47582877,65,7,
3,47582930,5,0,
3,47582952,9,0,
3,47582984,569,333,
3,47582990,79,31,
3,47583045,294,103,
3,47583499,5,0,
3,47583532,37,3,
3,47583582,13,4,
3,47583959,61,16,
3,47584101,11,3,
3,47584454,9,2,
3,47584540,1918,950,
3,47584558,10,1,
3,47584609,6,0,
3,47584694,5,0,
3,47584795,214,555,24
3,47584841,15,6,
3,47584942,15,3,
3,47585004,12,6,
3,47585008,58,14,
3,47585161,42,9,
3,47585192,16,8,
3,47585392,41,6,
3,47585645,49,8,
3,47585860,29,2,
3,47585886,7,4,
3,47585974,138,39,
3,47586018,136,220,
3,47586023,8,3,
3,47586176,283,176,
3,47586614,299,99,17
3,47586778,923,369,2
3,47586784,7,0,
3,47586814,102,107,
3,47586861,4,0,
3,47587050,8,0,
3,47587597,55,60,
3,47587631,89,38,
3,47587866,476,171,
3,47587935,837,756,
3,47587953,192,343,14
3,47588324,39,14,
3,47588349,125,40,
3,47588410,18,4,
3,47588467,19,7,
3,47588520,12,0,
3,47588622,7,0,
3,47588632,13,0,
3,47588658,271,87,
3,47588776,7,0,
3,47588996,6,0,
3,47589011,187,98,
3,47589111,43,14,
3,47589167,6,0,
3,47589370,40,26,
3,47589419,28,7,
3,47589432,9,3,
3,47589451,11,4,
3,47589494,11,0,
3,47589567,49,26,
3,47589732,24,0,
3,47589735,8,2,
3,47589791,7,1,
3,47589797,20,8,
3,47589818,170,54,21
3,47589856,110,34,27
3,47589900,20,2,
3,47590148,32,37,
3,47590230,5,0,
3,47590261,28,14,
3,47590281,8,0,
3,47590348,9,0,
3,47590526,26,9,
3,47591104,409,83,23
3,47591125,9,2,
3,47591208,66,48,
3,47591250,13,3,
3,47591341,9,0,
3,47591471,7,2,
3,47591488,15,2,
3,47591560,4,0,
3,47591598,3,1,
3,47591686,8,1,
3,47591712,4,0,
3,47591819,17,1,
3,47591859,4,0,
3,47591928,429,106,29
3,47591929,12,11,
3,47591931,11,0,
3,47592047,15,4,
3,47592113,25,1,
3,47592297,8,1,
3,47592372,7,3,
3,47592392,19,4,
3,47592462,91,41,22
3,47592598,5,0,
3,47592626,35,17,
3,47592660,5,1,
3,47592687,4,0,
3,47592755,370,313,9
3,47592933,10,0,
3,47592939,24,10,
3,47593015,14,0,
3,47593046,10,2,
3,47593081,5,0,
3,47593244,6,1,
3,47593285,162,31,6
3,47593303,18,0,
3,47593351,4,0,
3,47593422,147,64,8
3,47593473,5,0,
3,47593556,192,64,5
3,47593620,3,1,
3,47593627,9,0,
3,47593634,76,19,12
3,47593689,10,0,
3,47593716,5,0,
3,47593919,5,1,
3,47593958,5,0,
3,47594149,5,0,
3,47594159,5,1,
3,47594181,9,1,
3,47594208,10,0,
3,47594384,5,0,
3,47594816,8,0,
3,47594831,12,0,
3,47594840,12,5,
3,47594887,5,2,
3,47595019,3,0,
3,47595048,4,0,
3,47595068,5,0,
3,47595546,11,3,
3,47595572,34,1,15
3,47595620,183,70,7
3,47595658,4,0,
3,47595702,6,1,
3,47595712,18,4,
3,47595832,4,0,
3,47595865,135,37,1
3,47595956,8,0,
3,47595971,110,43,13
3,47596091,3,1,
3,47596125,9,2,
4,47534933,28,3,
4,47534953,30,4,
4,47535249,118,57,
4,47535369,25,11,
4,47535626,96,12,
4,47535708,663,647,
4,47535863,42,6,
4,47535937,39,34,
4,47536102,143,84,
4,47536110,114,49,
4,47536306,77,12,
4,47536316,126,127,
4,47536712,273,257,
4,47536719,61,32,
4,47536761,340,97,
4,47537051,174,46,
4,47537106,112,60,
4,47537228,444,230,
4,47537311,40,16,
4,47537875,91,22,
4,47538190,135,60,
4,47538433,40,23,
4,47538596,53,16,
4,47539165,66,18,
4,47539188,297,243,
4,47539767,121,12,
4,47539825,394,255,
4,47540383,354,349,
4,47540388,132,135,
4,47540833,659,533,
4,47540903,109,63,
4,47540929,140,152,
4,47541156,10,0,
4,47541438,24,8,
4,47541733,118,12,3
4,47541746,125,30,28
4,47541969,195,60,
4,47542057,605,483,
4,47542142,67,35,
4,47542259,26,7,
4,47542545,43,6,
4,47542595,14,0,
4,47542640,17,2,
4,47542644,243,54,
4,47542695,761,611,
4,47542998,26,0,
4,47543139,621,266,
4,47543167,464,535,
4,47543186,156,37,
4,47543189,91,87,
4,47543198,59,5,
4,47543201,169,164,
4,47543204,329,72,
4,47543943,461,166,
4,47544114,9,0,
4,47544175,44,17,
4,47544238,95,23,
4,47544665,29,0,
4,47544980,410,383,
4,47545355,31,8,
4,47545594,57,9,
4,47545607,297,60,
4,47546679,72,4,
4,47546775,63,12,17
4,47546911,64,9,
4,47546998,24,6,
4,47547009,535,369,
4,47547508,224,41,
4,47547602,127,65,
4,47547843,132,20,
4,47548013,195,58,
4,47548164,129,18,
4,47549128,158,35,13
4,47549160,179,95,
4,47549197,21,10,
4,47549586,71,21,
4,47549649,107,168,
4,47549824,344,72,
4,47550282,632,329,
4,47550433,93,22,19
4,47550726,166,234,
4,47550878,309,171,
4,47552562,330,146,
4,47552643,87,14,
4,47552684,15,5,
4,47553185,327,111,
4,47553516,89,84,
4,47553573,139,73,
4,47553717,460,92,
4,47553766,6,3,
4,47553798,812,232,
4,47553910,96,80,
4,47553957,42,9,
4,47554493,87,34,
4,47554773,786,612,
4,47554948,91,181,
4,47555035,63,19,
4,47555093,30,16,
4,47555115,78,34,
4,47555273,212,128,
4,47555427,22,18,
4,47555492,14,0,
4,47555556,661,249,
4,47555642,33,13,
4,47555711,7,0,
4,47555814,43,4,
4,47555915,87,58,
4,47556001,58,8,
4,47556033,80,6,
4,47556063,127,41,
4,47556074,36,3,25
4,47556076,124,90,
4,47556116,101,19,
4,47556267,90,7,
4,47556290,377,68,
4,47556359,241,56,
4,47556729,1392,252,
4,47557064,196,70,
4,47557160,43,1,
4,47557166,258,185,
4,47557171,76,4,4
4,47557179,11,1,
4,47557185,214,144,
4,47557299,72,15,
4,47557392,75,23,
4,47557901,147,240,
4,47557924,9,0,
4,47557960,502,112,
4,47558073,28,3,
4,47558094,110,16,
4,47558101,8,0,16
4,47558195,39,23,
4,47558284,27,2,
4,47558372,193,136,
4,47558581,58,59,
4,47558733,98,7,27
4,47558782,129,53,
4,47558843,20,3,
4,47558867,66,48,
4,47558997,393,220,
4,47559056,35,13,
4,47559323,38,5,
4,47559481,228,137,
4,47559788,37,23,
4,47560270,50,1,
4,47560724,10,1,
4,47560981,62,85,
4,47561132,47,20,
4,47561219,4,1,
4,47561297,188,101,
4,47561470,36,15,
4,47561489,785,448,
4,47561496,90,61,
4,47561711,575,263,
4,47561819,345,245,
4,47562288,84,75,
4,47562342,15,2,
4,47562440,14,0,
4,47562462,5,0,
4,47562575,13,0,
4,47562624,8,0,
4,47562927,45,14,
4,47562961,3,0,
4,47563007,113,139,
4,47563039,26,3,
4,47563054,9,0,
4,47563063,4,1,
4,47563103,96,45,
4,47563177,20,9,
4,47563373,7,0,
4,47563384,441,203,
4,47563423,15,27,
4,47563486,15,0,
4,47563599,9,0,
4,47563655,605,171,
4,47563978,100,8,
4,47564025,10,4,
4,47564188,10,5,
4,47564245,315,159,
4,47564246,84,64,
4,47564356,39,59,
4,47564421,683,257,
4,47564469,235,165,
4,47564579,100,25,
4,47564620,12,7,
4,47564699,3,0,
4,47564930,26,9,
4,47564996,5,0,
4,47565075,83,69,
4,47565264,125,26,
4,47565307,6,0,
4,47565316,401,262,
4,47565365,313,406,
4,47565542,19,5,
4,47565652,21,2,
4,47565798,17,7,
4,47565831,37,39,
4,47565848,47,74,
4,47565955,15,1,
4,47566140,94,15,
4,47566143,378,529,
4,47566332,99,39,
4,47566336,44,5,
4,47566362,25,23,
4,47566392,12,0,
4,47566442,554,269,
4,47566513,37,15,
4,47566653,146,139,
4,47566702,90,55,
4,47566865,968,615,
4,47566960,150,68,
4,47567049,72,14,
4,47567087,23,3,
4,47567183,55,33,
4,47567222,9,1,
4,47567242,147,60,
4,47567790,54,4,
4,47568028,267,303,
4,47568080,97,32,
4,47568884,79,61,
4,47569150,25,1,
4,47569438,15,16,
4,47569471,411,210,
4,47569502,311,164,
4,47569715,13,3,
4,47569773,23,15,10
4,47569837,63,53,
4,47569923,7,1,
4,47570269,1578,637,
4,47570435,149,63,
4,47570547,62,8,
4,47570650,44,0,
4,47570666,353,89,
4,47570940,298,54,
4,47571279,313,235,
4,47571330,175,38,
4,47571376,280,115,
4,47571401,40,24,
4,47571495,168,50,
4,47571513,24,13,
4,47571705,9,1,
4,47571746,39,38,
4,47572000,67,18,
4,47572063,7,0,
4,47572162,92,58,
4,47572325,11,0,
4,47572714,4,1,
4,47572748,75,74,
4,47572771,212,90,
4,47572857,12,10,
4,47573140,8,0,
4,47573420,368,516,
4,47573483,11,16,
4,47573519,720,232,
4,47573574,4,0,
4,47573887,337,213,
4,47574034,761,259,
4,47574083,71,12,
4,47574346,93,51,
4,47574562,7,1,
4,47574574,20,0,
4,47574712,6,0,
4,47574714,5,1,
4,47574748,6,1,
4,47574851,11,0,
4,47574862,21,0,
4,47574960,21,2,24
4,47575062,9,3,
4,47575403,477,233,
4,47575417,91,37,
4,47575616,304,155,
4,47575757,5,0,
4,47575910,16,4,
4,47575935,101,16,
4,47575950,63,43,
4,47576055,126,91,
4,47576317,208,93,
4,47576444,18,1,
4,47576462,12,0,
4,47576664,14,5,
4,47576672,22,7,
4,47576687,54,11,
4,47576861,326,123,
4,47576904,26,4,
4,47576933,8,0,
4,47576978,135,37,
4,47576982,7,2,
4,47577032,68,56,
4,47577120,97,35,
4,47577347,10,10,
4,47577746,7,0,
4,47577761,663,267,
4,47577899,72,84,
4,47577933,18,0,
4,47577979,72,28,
4,47578086,242,164,
4,47578109,54,82,
4,47578444,7,0,
4,47578464,85,6,
4,47578572,400,213,
4,47578599,64,5,
4,47578741,152,144,
4,47578855,109,156,
4,47578918,14,15,
4,47578991,10,17,
4,47579182,48,21,
4,47579217,46,6,
4,47579221,24,32,
4,47579229,267,108,
4,47579265,28,6,
4,47579337,32,2,
4,47579448,12,0,
4,47579456,3,1,
4,47579666,6,0,
4,47579727,8,2,
4,47579754,165,25,
4,47579818,40,7,
4,47579934,6,0,
4,47579977,19,10,
4,47580063,21,0,
4,47580210,12,3,
4,47580221,5,0,
4,47580271,17,0,
4,47580297,319,330,
4,47580350,245,99,
4,47580528,9,0,
4,47580538,14,0,
4,47580841,18,30,
4,47580870,6,0,
4,47580891,79,7,
4,47580910,64,16,
4,47581097,41,41,
4,47581136,4,3,
4,47581249,19,1,
4,47581362,15,0,
4,47581614,10,0,
4,47581701,450,158,
4,47581721,67,31,
4,47581891,4,1,
4,47582043,817,560,
4,47582056,84,51,
4,47582218,16,2,
4,47582220,1801,730,26
4,47582322,27,3,
4,47582418,80,32,
4,47582482,610,337,
4,47582537,5,1,
4,47582622,26,0,
4,47582671,31,4,
4,47582675,9,0,
4,47582753,9,0,
4,47582786,10,4,
4,47582792,22,2,
4,47582877,65,7,
4,47582930,5,0,
4,47582952,9,0,
4,47582984,571,334,
4,47582990,79,31,
4,47583045,295,104,
4,47583499,5,0,
4,47583532,38,3,
4,47583582,13,4,
4,47583959,62,16,
4,47584101,11,3,
4,47584454,9,2,
4,47584540,1933,952,
4,47584558,10,1,
4,47584609,6,0,
4,47584795,232,590,22
4,47584841,15,6,
4,47584942,15,3,
4,47585004,12,6,
4,47585008,60,14,
4,47585161,43,9,
4,47585192,16,8,
4,47585392,41,6,
4,47585645,49,8,
4,47585860,30,2,
4,47585886,7,4,
4,47585974,139,39,
4,47586018,136,221,
4,47586023,8,3,
4,47586176,288,177,
4,47586614,309,99,18
4,47586778,985,383,1
4,47586784,7,0,
4,47586814,102,107,
4,47586861,4,0,
4,47587050,8,0,
4,47587543,7,0,
4,47587597,57,60,
4,47587631,90,38,
4,47587866,485,177,
4,47587935,844,762,
4,47587953,199,349,15
4,47588324,41,14,
4,47588349,126,40,
4,47588410,18,4,
4,47588467,19,7,
4,47588520,12,0,
4,47588622,7,0,
4,47588632,13,0,
4,47588658,272,88,
4,47588776,7,0,
4,47588996,6,0,
4,47589011,187,98,
4,47589111,44,14,
4,47589167,8,0,
4,47589370,41,26,
4,47589419,28,7,
4,47589432,9,3,
4,47589451,11,4,
4,47589494,12,0,
4,47589567,50,26,
4,47589732,26,0,
4,47589735,8,2,
4,47589791,8,1,
4,47589797,20,8,
4,47589818,172,54,21
4,47589856,117,34,29
4,47589900,20,2,
4,47589994,7,0,
4,47590147,4,2,
4,47590148,32,37,
4,47590153,5,0,
4,47590194,4,0,
4,47590230,5,0,
4,47590261,28,14,
4,47590281,8,0,
4,47590348,9,0,
4,47590389,4,4,
4,47590526,26,9,
4,47591104,427,88,23
4,47591125,9,2,
4,47591208,68,51,
4,47591250,13,3,
4,47591341,9,0,
4,47591471,7,2,
4,47591488,15,2,
4,47591560,5,0,
4,47591598,3,1,
4,47591686,8,1,
4,47591712,4,0,
4,47591819,17,1,
4,47591834,4,4,
4,47591859,4,0,
4,47591928,439,107,30
4,47591929,12,11,
4,47591931,11,0,
4,47592047,20,4,
4,47592113,34,1,
4,47592297,8,1,
4,47592372,7,3,
4,47592392,20,4,
4,47592462,99,41,20
4,47592598,5,0,
4,47592626,35,17,
4,47592660,5,1,
4,47592687,4,0,
4,47592755,381,325,12
4,47592773,8,0,
4,47592933,10,0,
4,47592939,25,12,
4,47593015,17,0,
4,47593046,10,2,
4,47593081,5,0,
4,47593244,6,1,
4,47593285,174,34,6
4,47593303,18,0,
4,47593351,5,0,
4,47593422,164,69,5
4,47593473,8,0,
4,47593556,215,68,8
4,47593620,4,1,
4,47593627,10,0,
4,47593634,80,21,14
4,47593689,10,0,
4,47593716,6,0,
4,47593919,5,1,
4,47593958,6,0,
4,47594009,6,0,
4,47594149,6,0,
4,47594159,7,1,
4,47594181,10,1,
4,47594208,11,0,
4,47594384,5,0,
4,47594637,3,0,
4,47594804,5,0,
4,47594816,12,0,
4,47594831,15,0,
4,47594840,12,5,
4,47594887,5,2,
4,47595019,3,0,
4,47595048,5,0,
4,47595068,8,1,
4,47595546,11,3,
4,47595572,57,13,2
4,47595620,208,79,
4,47595634,8,2,
4,47595658,4,0,
4,47595702,7,2,
4,47595712,20,5,
4,47595721,8,5,
4,47595832,5,0,
4,47595865,177,54,11
4,47595956,13,0,
4,47595971,148,71,
4,47596091,4,1,
4,47596125,10,3,
4,47596272,3,0,
4,47596299,3,0,
4,47596300,7,1,
4,47596302,3,0,
4,47596363,4,0,
4,47596452,5,0,
4,47596457,12,5,9
4,47596508,4,0,
4,47596554,3,0,
4,47596631,7,0,
4,47596654,28,21,7
4,47596781,3,0,
5,47534933,28,3,
5,47535249,118,57,
5,47535369,25,11,
5,47535626,96,12,
5,47535708,664,647,
5,47535863,42,6,
5,47535937,39,34,
5,47536102,143,84,
5,47536110,114,49,
5,47536306,77,12,
5,47536316,127,127,
5,47536712,273,257,
5,47536719,61,32,
5,47536761,340,96,
5,47537051,174,46,
5,47537106,112,60,
5,47537228,444,230,
5,47537311,40,16,
5,47537875,94,22,30
5,47538190,135,60,
5,47538433,40,23,
5,47538596,53,16,
5,47539165,67,18,
5,47539188,297,243,
5,47539767,121,13,
5,47539825,394,255,
5,47540383,354,349,
5,47540388,132,136,
5,47540833,660,533,
5,47540903,109,63,
5,47540929,141,152,
5,47541438,24,8,
5,47541733,133,14,3
5,47541746,127,30,28
5,47541969,195,60,
5,47542057,606,483,
5,47542142,67,35,
5,47542259,26,7,
5,47542545,43,6,
5,47542595,14,0,
5,47542640,17,2,
5,47542644,243,54,
5,47542695,762,611,
5,47542998,26,0,
5,47543139,622,266,
5,47543167,465,535,
5,47543186,156,37,
5,47543189,91,87,
5,47543198,59,5,
5,47543201,169,164,
5,47543204,329,72,
5,47543943,462,166,
5,47544114,9,0,
5,47544175,44,17,
5,47544238,95,23,
5,47544665,29,0,
5,47544980,410,383,
5,47545355,31,8,
5,47545594,57,9,
5,47545607,297,60,
5,47546679,72,4,
5,47546775,65,13,18
5,47546911,64,9,
5,47546998,24,6,
5,47547009,535,369,
5,47547508,224,41,
5,47547602,127,65,
5,47547843,132,19,
5,47548013,195,58,
5,47548164,129,18,
5,47549128,168,37,13
5,47549160,179,94,
5,47549197,21,10,
5,47549586,71,21,
5,47549649,108,168,
5,47549824,344,72,
5,47550282,633,329,
5,47550433,97,22,20
5,47550878,309,171,
5,47552562,330,146,
5,47552643,87,14,
5,47553185,327,111,
5,47553516,89,84,
5,47553573,139,73,
5,47553717,460,92,
5,47553766,6,3,
5,47553798,812,232,
5,47553910,96,81,
5,47554493,87,34,
5,47554773,787,612,
5,47554948,92,181,
5,47555035,64,19,
5,47555093,30,16,
5,47555115,78,34,
5,47555273,216,128,
5,47555427,22,18,
5,47555492,14,0,
5,47555556,662,250,
5,47555642,33,13,
5,47555915,87,58,
5,47556001,58,8,
5,47556033,80,6,
5,47556063,127,41,
5,47556074,38,4,24
5,47556076,124,90,
5,47556116,101,19,
5,47556267,90,7,
5,47556290,377,68,
5,47556359,241,56,
5,47556729,1393,252,
5,47557064,196,70,
5,47557166,258,185,
5,47557171,92,4,6
5,47557179,11,1,
5,47557185,214,144,
5,47557299,72,15,
5,47557392,76,23,
5,47557901,148,240,
5,47557924,9,0,
5,47557960,502,112,
5,47558073,28,3,
5,47558094,110,16,
5,47558101,24,5,4
5,47558284,27,2,
5,47558372,193,136,
5,47558581,58,59,
5,47558733,101,7,27
5,47558782,129,53,
5,47558843,20,3,
5,47558867,66,49,
5,47558997,394,220,
5,47559056,35,13,
5,47559323,38,5,
5,47559481,228,137,
5,47559788,37,23,
5,47560270,50,1,
5,47560724,10,1,
5,47560981,62,85,
5,47561132,47,20,
5,47561297,188,101,
5,47561470,36,15,
5,47561489,785,448,
5,47561496,90,61,
5,47561711,576,263,
5,47561819,345,245,
5,47562288,84,75,
5,47562342,15,2,
5,47562440,14,0,
5,47562462,5,0,
5,47562575,13,0,
5,47562624,8,0,
5,47562927,45,14,
5,47562961,5,0,9
5,47563007,113,139,
5,47563039,26,3,
5,47563054,9,0,
5,47563063,4,1,
5,47563103,96,45,
5,47563177,20,9,
5,47563373,7,0,
5,47563384,442,203,
5,47563486,15,0,
5,47563599,9,0,
5,47563655,605,171,
5,47563978,100,8,
5,47564025,10,4,
5,47564188,10,5,
5,47564245,316,159,
5,47564246,84,64,
5,47564421,684,257,
5,47564469,235,165,
5,47564579,100,25,
5,47564620,12,7,
5,47564699,3,0,
5,47564930,26,9,
5,47564996,5,0,
5,47565075,83,69,
5,47565264,126,26,
5,47565307,6,0,
5,47565316,401,262,
5,47565365,313,406,
5,47565542,19,5,
5,47565652,21,2,
5,47565798,17,7,
5,47565831,37,39,
5,47565848,47,74,
5,47565955,15,1,
5,47566140,95,15,
5,47566143,379,530,
5,47566332,99,39,
5,47566336,44,5,
5,47566362,25,23,
5,47566392,12,0,
5,47566442,554,269,
5,47566513,37,15,
5,47566653,147,139,
5,47566702,90,55,
5,47566865,969,615,
5,47566960,151,68,
5,47567049,72,14,
5,47567183,55,33,
5,47567222,9,1,
5,47567242,147,60,
5,47567790,54,4,
5,47568028,268,303,
5,47568080,97,32,
5,47568884,79,61,
5,47569150,25,1,
5,47569438,15,16,
5,47569471,412,210,
5,47569502,311,164,
5,47569715,13,3,
5,47569773,33,30,12
5,47569837,63,53,
5,47569923,7,1,
5,47570269,1581,638,
5,47570435,149,63,
5,47570547,62,8,
5,47570650,44,0,
5,47570666,353,90,
5,47570940,299,54,
5,47571279,315,235,
5,47571330,177,38,
5,47571376,281,115,
5,47571401,40,24,
5,47571495,168,50,
5,47571513,24,13,
5,47571705,9,1,
5,47571746,39,38,
5,47572000,67,18,
5,47572063,7,0,
5,47572162,93,58,
5,47572325,11,0,
5,47572714,4,1,
5,47572748,76,74,
5,47572771,212,90,
5,47572857,12,10,
5,47573140,8,0,
5,47573420,368,516,
5,47573519,722,233,
5,47573574,4,0,
5,47573887,337,213,
5,47574034,763,259,
5,47574083,71,12,
5,47574346,94,51,
5,47574562,7,1,
5,47574574,20,0,
5,47574712,6,0,
5,47574714,5,1,
5,47574748,6,1,
5,47574851,11,0,
5,47574862,21,0,
5,47574960,26,2,23
5,47575062,9,3,
5,47575403,477,233,
5,47575417,91,37,
5,47575616,305,155,
5,47575757,5,0,
5,47575910,16,4,
5,47575935,101,16,
5,47575950,63,43,
5,47576055,126,91,
5,47576317,209,93,
5,47576444,18,1,
5,47576462,12,0,
5,47576664,14,5,
5,47576672,22,7,
5,47576687,54,11,
5,47576861,328,123,
5,47576904,26,4,
5,47576978,135,37,
5,47577032,69,56,
5,47577120,98,35,
5,47577347,10,10,
5,47577746,7,0,
5,47577761,666,267,
5,47577899,72,84,
5,47577933,18,0,
5,47577979,72,28,
5,47578086,244,165,
5,47578109,54,82,
5,47578444,7,0,
5,47578464,85,6,
5,47578572,402,213,
5,47578599,65,5,
5,47578741,153,144,
5,47578855,111,156,
5,47578918,14,14,
5,47578991,10,17,
5,47579182,48,21,
5,47579217,46,6,
5,47579221,24,32,
5,47579229,268,108,
5,47579265,28,6,
5,47579337,32,2,
5,47579448,12,0,
5,47579456,3,1,
5,47579666,6,0,
5,47579727,8,2,
5,47579754,165,25,
5,47579818,40,7,
5,47579934,6,0,
5,47579977,19,10,
5,47580063,21,0,
5,47580210,12,3,
5,47580221,5,0,
5,47580271,17,0,
5,47580297,320,330,
5,47580350,245,99,
5,47580528,9,0,
5,47580538,14,0,
5,47580841,18,30,
5,47580870,6,0,
5,47580891,80,7,
5,47580910,64,17,
5,47581097,41,41,
5,47581136,4,3,
5,47581249,19,1,
5,47581362,15,0,
5,47581614,10,0,
5,47581701,453,158,
5,47581721,68,31,
5,47581891,4,1,
5,47582043,824,562,
5,47582056,85,51,
5,47582218,16,2,
5,47582220,1806,731,25
5,47582322,27,3,
5,47582418,80,32,
5,47582482,613,339,
5,47582537,5,1,
5,47582622,26,0,
5,47582671,31,4,
5,47582675,9,0,
5,47582753,9,0,
5,47582786,10,4,
5,47582792,22,2,
5,47582877,65,7,
5,47582930,5,0,
5,47582952,9,0,
5,47582984,575,339,
5,47582990,79,31,
5,47583045,295,104,
5,47583499,5,0,
5,47583532,38,3,
5,47583582,13,4,
5,47583959,62,16,
5,47584101,11,3,
5,47584454,9,2,
5,47584540,1950,956,
5,47584558,10,1,
5,47584609,7,0,
5,47584795,243,631,19
5,47584841,15,6,
5,47584942,15,3,
5,47585004,12,6,
5,47585008,60,14,
5,47585161,44,9,
5,47585192,16,8,
5,47585392,41,6,
5,47585645,50,8,
5,47585860,30,2,
5,47585886,7,4,
5,47585974,140,39,
5,47586018,136,222,
5,47586023,8,3,
5,47586176,293,178,
5,47586614,313,101,17
5,47586778,1049,400,1
5,47586784,7,0,
5,47586814,102,107,
5,47587050,8,0,
5,47587543,10,1,
5,47587597,58,60,
5,47587631,91,38,
5,47587866,494,177,
5,47587935,852,764,
5,47587953,207,357,14
5,47588324,41,14,
5,47588349,126,40,
5,47588410,18,4,
5,47588467,19,7,
5,47588520,12,0,
5,47588622,7,0,
5,47588632,13,0,
5,47588658,274,89,
5,47588776,7,0,
5,47588996,7,0,
5,47589011,188,98,
5,47589111,48,14,
5,47589167,8,0,
5,47589370,41,26,
5,47589419,28,7,
5,47589432,9,3,
5,47589451,11,4,
5,47589494,12,0,
5,47589567,51,26,
5,47589732,26,0,
5,47589735,8,2,
5,47589791,8,1,
5,47589797,20,8,
5,47589818,176,54,22
5,47589856,122,36,26
5,47589900,20,2,
5,47589994,7,0,
5,47590147,4,2,
5,47590148,34,37,
5,47590153,6,0,
5,47590194,5,0,
5,47590230,5,0,
5,47590261,28,14,
5,47590281,8,0,
5,47590348,9,0,
5,47590389,5,4,
5,47590526,27,9,
5,47591104,434,91,
5,47591125,10,2,
5,47591208,70,55,
5,47591250,13,3,
5,47591341,10,0,
5,47591471,8,2,
5,47591488,16,2,
5,47591560,5,0,
5,47591598,3,1,
5,47591686,9,1,
5,47591712,5,0,
5,47591819,19,1,
5,47591834,5,4,
5,47591859,4,0,
5,47591928,447,109,29
5,47591931,11,0,
5,47592047,21,4,
5,47592113,35,1,
5,47592297,8,1,
5,47592372,7,3,
5,47592392,22,4,
5,47592462,103,45,21
5,47592598,5,0,
5,47592626,36,17,
5,47592660,6,1,
5,47592687,4,0,
5,47592755,397,338,10
5,47592773,8,0,
5,47592933,10,0,
5,47592939,26,12,
5,47593015,19,0,
5,47593046,10,2,
5,47593081,6,0,
5,47593244,6,1,
5,47593285,181,37,8
5,47593303,21,0,
5,47593351,6,0,
5,47593422,179,79,5
5,47593473,9,1,
5,47593556,235,72,7
5,47593620,6,1,
5,47593627,10,0,
5,47593634,85,26,16
5,47593689,10,0,
5,47593716,6,0,
5,47593919,6,1,
5,47593958,7,0,
5,47594009,6,0,
5,47594149,7,0,
5,47594159,8,1,
5,47594181,10,1,
5,47594208,14,0,
5,47594384,6,0,
5,47594637,6,0,
5,47594804,6,0,
5,47594816,14,0,
5,47594831,15,1,
5,47594840,14,6,
5,47594887,5,2,
5,47595019,3,0,
5,47595048,8,0,
5,47595068,8,2,
5,47595546,14,4,
5,47595572,82,27,2
5,47595620,216,83,
5,47595634,9,2,
5,47595658,5,0,
5,47595702,8,3,
5,47595712,25,6,
5,47595721,12,5,
5,47595832,6,0,
5,47595865,190,56,15
5,47595956,16,0,
5,47596091,5,1,
5,47596125,11,3,
5,47596272,4,0,
5,47596299,5,0,
5,47596300,7,1,
5,47596363,7,0,
5,47596452,6,0,
5,47596457,15,11,11
5,47596508,4,0,
5,47596554,4,0,
5,47596631,11,1,
5,47596781,5,0,
5,47597085,18,3,
6,47534933,28,3,
6,47535249,118,57,
6,47535369,25,11,
6,47535626,96,12,
6,47535708,664,647,
6,47535863,42,6,
6,47535937,39,34,
6,47536102,144,84,
6,47536110,114,49,
6,47536306,77,12,
6,47536316,127,127,
6,47536712,274,257,
6,47536719,61,32,
6,47536761,340,96,
6,47537051,174,46,
6,47537106,112,60,
6,47537228,445,230,
6,47537311,40,16,
6,47537875,94,22,
6,47538190,135,60,
6,47538433,40,23,
6,47538596,53,16,
6,47539165,67,18,
6,47539188,298,243,
6,47539767,121,13,
6,47539825,394,255,
6,47540383,354,349,
6,47540388,132,136,
6,47540833,660,533,
6,47540903,109,63,
6,47540929,141,152,
6,47541156,10,0,
6,47541438,24,8,
6,47541733,146,19,3
6,47541746,128,31,
6,47541969,195,60,
6,47542057,606,483,
6,47542142,67,35,
6,47542259,26,7,
6,47542545,43,6,
6,47542595,14,0,
6,47542640,17,2,
6,47542644,244,54,
6,47542695,762,611,
6,47542998,26,0,
6,47543139,622,266,
6,47543167,465,535,
6,47543186,156,37,
6,47543189,91,87,
6,47543198,59,5,
6,47543201,170,164,
6,47543204,330,72,
6,47543943,462,166,
6,47544114,9,0,
6,47544175,44,17,
6,47544238,95,23,
6,47544665,29,0,
6,47544980,411,383,
6,47545355,31,8,
6,47545594,57,9,
6,47545607,297,60,
6,47546679,72,4,
6,47546775,72,13,19
6,47546911,64,9,
6,47546998,24,6,
6,47547009,535,369,
6,47547508,224,41,
6,47547602,127,65,
6,47547843,132,19,
6,47548013,195,58,
6,47548164,129,19,
6,47549128,177,40,14
6,47549160,179,94,
6,47549197,21,10,
6,47549586,71,21,
6,47549649,108,168,
6,47549824,344,72,
6,47550282,633,329,
6,47550433,105,24,23
6,47550726,167,234,
6,47550878,309,171,
6,47552562,330,146,
6,47552643,87,14,
6,47552684,15,5,
6,47553185,327,111,
6,47553516,90,84,
6,47553573,140,73,
6,47553717,460,92,
6,47553766,6,3,
6,47553798,812,232,
6,47553910,97,82,
6,47553957,42,9,
6,47554493,87,34,
6,47554773,787,612,
6,47554948,92,181,
6,47555035,65,19,
6,47555090,287,224,
6,47555093,30,16,
6,47555115,78,34,
6,47555273,218,129,
6,47555427,22,18,
6,47555429,6,0,
6,47555492,14,0,
6,47555556,662,250,
6,47555642,34,13,
6,47555711,7,0,
6,47555814,43,4,
6,47555915,87,59,
6,47556001,58,8,
6,47556033,80,6,
6,47556063,127,41,
6,47556074,41,5,28
6,47556076,126,90,
6,47556116,101,19,
6,47556267,90,7,
6,47556290,377,68,
6,47556359,241,56,
6,47556729,1393,252,
6,47557064,196,70,
6,47557160,43,1,
6,47557166,258,185,
6,47557171,101,6,5
6,47557179,11,1,
6,47557185,215,144,
6,47557299,72,15,
6,47557392,76,23,
6,47557901,148,240,
6,47557924,9,0,
6,47557960,502,112,
6,47558073,28,3,
6,47558094,110,16,
6,47558101,29,5,4
6,47558195,39,23,
6,47558284,27,2,
6,47558372,194,136,
6,47558581,58,59,
6,47558733,110,9,29
6,47558782,129,53,
6,47558843,20,3,
6,47558867,66,49,
6,47558997,394,220,
6,47559056,35,13,
6,47559323,38,5,
6,47559481,228,137,
6,47559788,37,23,
6,47560270,50,1,
6,47560724,10,1,
6,47560981,62,85,
6,47561132,47,20,
6,47561219,4,1,
6,47561297,188,101,
6,47561470,36,15,
6,47561489,786,448,
6,47561496,90,61,
6,47561711,576,263,
6,47561819,345,245,
6,47562288,84,75,
6,47562342,22,3,16
6,47562435,15,0,
6,47562440,14,0,
6,47562462,5,0,
6,47562575,13,0,
6,47562624,8,0,
6,47562927,45,14,
6,47562961,25,7,4
6,47563007,114,139,
6,47563039,26,3,
6,47563054,9,0,
6,47563063,4,1,
6,47563103,96,45,
6,47563177,20,9,
6,47563373,7,0,
6,47563384,442,203,
6,47563423,15,27,
6,47563486,15,0,
6,47563599,9,0,
6,47563655,605,172,
6,47563978,100,8,
6,47564025,10,4,
6,47564188,10,5,
6,47564245,317,159,
6,47564246,84,64,
6,47564356,39,59,
6,47564421,684,257,
6,47564469,236,165,
6,47564579,100,25,
6,47564620,12,7,
6,47564699,3,0,
6,47564930,26,9,
6,47564996,5,0,
6,47565075,83,69,
6,47565264,126,26,
6,47565307,6,0,
6,47565316,401,262,
6,47565365,313,406,
6,47565542,19,5,
6,47565652,21,2,
6,47565798,17,7,
6,47565831,37,39,
6,47565848,47,74,
6,47565955,15,1,
6,47566140,95,15,
6,47566143,379,530,
6,47566332,99,39,
6,47566336,44,5,
6,47566362,25,23,
6,47566392,12,0,
6,47566442,555,269,
6,47566513,37,15,
6,47566653,147,139,
6,47566702,91,55,
6,47566865,969,615,
6,47566960,151,72,
6,47567049,72,14,
6,47567087,23,3,
6,47567183,56,33,
6,47567222,9,1,
6,47567242,148,60,
6,47567790,54,4,
6,47568028,268,303,
6,47568080,97,32,
6,47568146,6,0,11
6,47568884,80,61,
6,47569150,25,1,
6,47569438,15,16,
6,47569471,412,210,
6,47569502,311,164,
6,47569715,13,3,
6,47569773,35,35,12
6,47569837,63,53,
6,47569923,7,1,
6,47570269,1582,638,
6,47570435,149,63,
6,47570547,62,8,
6,47570650,44,0,
6,47570666,353,90,
6,47570940,300,54,
6,47571279,315,235,
6,47571330,179,38,
6,47571376,281,115,
6,47571401,40,24,
6,47571495,168,50,
6,47571513,24,15,
6,47571705,9,1,
6,47571746,39,38,
6,47572000,67,18,
6,47572063,7,0,
6,47572162,93,58,
6,47572325,11,0,
6,47572714,4,1,
6,47572748,76,74,
6,47572771,212,90,
6,47572857,12,10,
6,47573140,8,0,
6,47573420,369,517,
6,47573483,11,15,
6,47573519,723,233,
6,47573574,4,0,
6,47573887,337,213,
6,47574034,763,259,
6,47574083,71,12,
6,47574128,11,2,
6,47574346,94,51,
6,47574562,7,1,
6,47574574,20,0,
6,47574712,6,0,
6,47574714,5,1,
6,47574748,6,1,
6,47574851,11,0,
6,47574862,21,0,
6,47574960,30,4,30
6,47575062,9,3,
6,47575403,477,233,
6,47575417,92,38,
6,47575616,307,155,
6,47575757,5,0,
6,47575910,16,4,
6,47575935,101,16,
6,47575950,63,43,
6,47576055,126,91,
6,47576317,209,93,
6,47576444,18,1,
6,47576462,12,0,
6,47576664,14,5,
6,47576672,22,7,
6,47576687,54,11,
6,47576861,328,123,
6,47576904,26,4,
6,47576933,8,0,
6,47576978,135,37,
6,47576982,7,2,
6,47577032,69,56,
6,47577120,98,35,
6,47577347,10,10,
6,47577746,7,0,
6,47577761,666,268,
6,47577899,73,84,
6,47577933,18,0,
6,47577979,72,28,
6,47578086,246,165,
6,47578109,55,82,
6,47578444,7,0,
6,47578464,85,6,
6,47578572,403,213,
6,47578599,65,5,
6,47578741,153,144,
6,47578855,111,158,
6,47578918,14,15,
6,47578991,10,17,
6,47579182,48,21,
6,47579217,46,6,
6,47579221,25,32,
6,47579229,268,108,
6,47579265,28,6,
6,47579337,32,2,
6,47579448,12,0,
6,47579456,3,1,
6,47579666,6,0,
6,47579727,8,2,
6,47579754,166,25,
6,47579818,41,7,
6,47579934,6,0,
6,47579977,19,10,
6,47580063,21,0,
6,47580210,12,3,
6,47580221,5,0,
6,47580271,17,0,
6,47580297,320,330,
6,47580350,245,99,
6,47580528,9,0,
6,47580538,14,0,
6,47580841,18,30,
6,47580870,6,0,
6,47580891,80,7,
6,47580910,64,17,
6,47581097,41,42,
6,47581136,4,3,
6,47581249,19,1,
6,47581362,15,0,
6,47581614,10,0,
6,47581701,453,158,
6,47581721,68,31,
6,47581891,4,1,
6,47582043,828,569,
6,47582056,86,51,
6,47582218,16,2,
6,47582220,1816,735,25
6,47582322,27,3,
6,47582418,80,32,
6,47582482,614,340,
6,47582537,6,1,
6,47582622,26,0,
6,47582671,31,4,
6,47582675,9,0,
6,47582753,9,0,
6,47582786,10,4,
6,47582792,22,2,
6,47582877,65,7,
6,47582930,5,0,
6,47582952,9,0,
6,47582984,576,339,
6,47582990,79,31,
6,47583045,297,104,
6,47583499,5,0,
6,47583532,38,3,
6,47583582,13,4,
6,47583959,64,17,
6,47584101,11,3,
6,47584454,9,2,
6,47584540,1960,959,
6,47584558,10,1,
6,47584609,7,0,
6,47584694,5,0,
6,47584795,261,687,21
6,47584841,15,6,
6,47584942,15,3,
6,47585004,12,6,
6,47585008,60,14,
6,47585161,44,9,
6,47585192,16,8,
6,47585392,41,6,
6,47585645,51,8,
6,47585860,30,2,
6,47585886,7,4,
6,47585974,140,39,
6,47586018,138,223,
6,47586023,8,3,
6,47586176,297,183,
6,47586614,319,104,17
6,47586778,1088,423,9
6,47586784,7,0,
6,47586814,103,107,
6,47586861,4,0,
6,47587050,8,0,
6,47587543,10,1,
6,47587597,59,60,
6,47587631,91,38,
6,47587866,502,180,
6,47587935,856,779,
6,47587953,215,369,15
6,47588324,42,15,
6,47588349,127,40,
6,47588410,18,4,
6,47588467,20,7,
6,47588520,12,0,
6,47588622,7,0,
6,47588632,13,0,
6,47588658,276,89,
6,47588776,7,0,
6,47588996,7,0,
6,47589011,189,99,
6,47589111,48,14,
6,47589167,8,0,
6,47589370,41,27,
6,47589419,28,7,
6,47589432,10,3,
6,47589451,11,4,
6,47589494,12,0,
6,47589567,54,26,
6,47589732,28,0,
6,47589735,8,2,
6,47589791,8,1,
6,47589797,20,8,
6,47589818,183,55,24
6,47589856,132,39,27
6,47589900,20,2,
6,47589994,7,0,
6,47590147,4,2,
6,47590148,35,39,
6,47590153,6,0,
6,47590194,5,0,
6,47590230,5,0,
6,47590261,28,14,
6,47590281,8,0,
6,47590348,9,0,
6,47590389,6,4,
6,47590526,27,9,
6,47591104,435,91,
6,47591125,10,2,
6,47591208,71,55,
6,47591250,13,3,
6,47591341,10,0,
6,47591428,6,0,
6,47591471,8,3,
6,47591488,16,2,
6,47591560,5,0,
6,47591598,3,1,
6,47591686,9,1,
6,47591712,5,0,
6,47591819,20,1,
6,47591834,6,4,
6,47591859,4,0,
6,47591928,453,111,
6,47591931,11,0,
6,47592047,21,4,
6,47592113,36,1,
6,47592297,8,1,
6,47592372,7,3,
6,47592392,23,6,
6,47592462,104,48,23
6,47592598,5,0,
6,47592626,37,18,
6,47592660,7,1,
6,47592687,4,0,
6,47592755,410,358,10
6,47592773,9,0,
6,47592933,10,0,
6,47592939,26,12,
6,47593015,21,1,
6,47593046,10,2,
6,47593081,6,0,
6,47593244,6,1,
6,47593285,195,38,8
6,47593303,22,0,
6,47593351,6,0,
6,47593422,206,83,6
6,47593473,9,1,
6,47593556,253,79,7
6,47593620,6,1,
6,47593627,10,0,
6,47593634,90,29,18
6,47593689,10,0,
6,47593716,6,0,
6,47593919,6,1,
6,47593958,8,0,
6,47594009,6,0,
6,47594149,7,0,
6,47594159,8,1,
6,47594181,10,1,
6,47594208,15,0,
6,47594384,6,0,
6,47594637,6,0,
6,47594804,6,0,
6,47594816,14,0,
6,47594831,15,1,
6,47594840,15,6,
6,47594887,5,2,
6,47595019,3,0,
6,47595048,9,1,
6,47595068,9,3,
6,47595291,6,2,
6,47595546,14,4,
6,47595572,106,50,2
6,47595620,222,84,
6,47595634,9,2,
6,47595658,6,0,
6,47595702,8,3,
6,47595712,25,6,
6,47595721,13,4,
6,47595832,6,0,
6,47595865,200,60,21
6,47595956,19,2,
6,47596091,5,1,
6,47596125,11,3,
6,47596150,5,0,
6,47596272,4,0,
6,47596299,6,0,
6,47596300,7,1,
6,47596363,7,0,
6,47596452,8,0,
6,47596457,18,12,13
6,47596508,4,0,
6,47596554,4,1,
6,47596631,11,1,
6,47596781,5,0,
6,47597085,111,29,1
6,47597151,7,0,
6,47597382,21,11,2
6,47597435,4,0,
6,47597651,4,0,
7,47539767,121,13,
7,47539825,394,255,
7,47540383,354,349,
7,47540388,132,136,
7,47540833,660,533,
7,47540903,109,63,
7,47540929,141,152,
7,47541156,10,0,
7,47541438,24,8,
7,47541733,156,19,5
7,47541746,129,31,
7,47541969,195,60,
7,47542057,606,483,
7,47542142,67,35,
7,47542259,26,7,
7,47542545,43,6,
7,47542595,14,0,
7,47542640,17,2,
7,47542644,244,54,
7,47542695,762,611,
7,47542998,26,0,
7,47543139,622,266,
7,47543167,465,535,
7,47543186,156,37,
7,47543189,91,87,
7,47543198,59,5,
7,47543201,170,164,
7,47543204,330,72,
7,47543943,462,166,
7,47544114,9,0,
7,47544175,44,17,
7,47544238,95,23,
7,47544665,29,0,
7,47544980,411,383,
7,47545355,31,8,
7,47545594,57,9,
7,47545607,297,60,
7,47546679,72,4,
7,47546775,76,13,23
7,47546911,64,9,
7,47546998,24,6,
7,47547009,535,369,
7,47547508,224,41,
7,47547602,127,65,
7,47547843,132,19,
7,47548013,195,58,
7,47548164,129,19,
7,47549128,188,43,17
7,47549160,179,94,
7,47549197,21,10,
7,47549586,71,21,
7,47549649,108,168,
7,47549824,344,72,
7,47550282,633,329,
7,47550433,108,24,24
7,47550726,167,234,
7,47550878,309,171,
7,47552562,331,146,
7,47552643,87,14,
7,47552684,15,5,
7,47553185,327,111,
7,47553516,90,84,
7,47553573,140,73,
7,47553717,460,92,
7,47553766,6,3,
7,47553798,813,233,
7,47553910,97,82,
7,47553957,42,9,
7,47554493,87,34,
7,47554773,787,612,
7,47554948,92,181,
7,47555035,66,20,
7,47555093,30,16,
7,47555115,78,34,
7,47555273,220,129,
7,47555427,22,18,
7,47555492,14,0,
7,47555556,662,250,
7,47555642,34,13,
7,47555814,43,4,
7,47555915,87,59,
7,47556001,58,8,
7,47556033,80,6,
7,47556063,127,41,
7,47556074,46,5,30
7,47556076,128,90,
7,47556116,101,19,
7,47556267,90,7,
7,47556290,377,68,
7,47556359,241,56,
7,47556729,1393,252,
7,47557064,196,70,
7,47557160,43,1,
7,47557166,259,185,
7,47557171,111,6,7
7,47557179,11,1,
7,47557185,215,144,
7,47557299,72,15,
7,47557392,76,23,
7,47557901,148,240,
7,47557924,9,0,
7,47557960,502,112,
7,47558073,28,3,
7,47558094,110,16,
7,47558101,41,5,9
7,47558195,39,23,
7,47558284,27,2,
7,47558372,194,136,
7,47558581,58,59,
7,47558733,116,9,
7,47558782,129,53,
7,47558843,20,3,
7,47558867,66,49,
7,47558997,394,220,
7,47559056,35,13,
7,47559323,38,5,
7,47559481,228,137,
7,47559788,37,23,
7,47560270,50,1,
7,47560724,10,1,
7,47560981,62,86,
7,47561132,47,20,
7,47561219,4,1,
7,47561297,188,101,
7,47561470,36,15,
7,47561489,786,448,
7,47561496,90,61,
7,47561711,576,263,
7,47561819,345,245,
7,47562288,84,75,
7,47562342,32,6,14
7,47562440,14,0,
7,47562462,5,0,
7,47562575,13,0,
7,47562624,8,0,
7,47562927,45,14,
7,47562961,31,9,4
7,47563007,114,139,
7,47563039,26,3,
7,47563054,9,0,
7,47563063,4,1,
7,47563103,96,45,
7,47563177,20,9,
7,47563373,7,0,
7,47563384,442,203,
7,47563486,15,0,
7,47563599,9,0,
7,47563655,605,172,
7,47563978,100,8,
7,47564025,10,4,
7,47564188,10,5,
7,47564245,317,159,
7,47564246,84,64,
7,47564356,39,59,
7,47564421,684,257,
7,47564469,236,165,
7,47564579,100,25,
7,47564620,12,7,
7,47564699,3,0,
7,47564930,26,9,
7,47564996,5,0,
7,47565075,83,69,
7,47565264,126,26,
7,47565307,6,0,
7,47565316,401,262,
7,47565365,313,406,
7,47565542,19,5,
7,47565652,21,2,
7,47565798,17,7,
7,47565831,37,39,
7,47565848,47,74,
7,47565955,15,1,
7,47566140,95,15,
7,47566143,379,530,
7,47566332,99,39,
7,47566336,44,5,
7,47566362,25,23,
7,47566392,12,0,
7,47566442,556,269,
7,47566513,37,15,
7,47566653,147,139,
7,47566702,91,55,
7,47566865,970,615,
7,47566960,151,72,
7,47567049,72,14,
7,47567183,56,33,
7,47567222,9,1,
7,47567242,148,60,
7,47567790,54,4,
7,47568028,268,304,
7,47568080,97,32,
7,47568146,10,1,13
7,47568884,80,61,
7,47569150,25,1,
7,47569438,15,16,
7,47569471,412,210,
7,47569502,311,164,
7,47569715,13,3,
7,47569773,36,41,19
7,47569837,63,53,
7,47569923,7,1,
7,47570269,1583,640,
7,47570435,149,63,
7,47570547,62,8,
7,47570650,44,0,
7,47570666,354,90,
7,47570940,300,54,
7,47571183,15,2,15
7,47571279,315,235,
7,47571330,181,38,
7,47571376,281,115,
7,47571401,40,24,
7,47571495,168,50,
7,47571513,24,15,
7,47571705,9,1,
7,47571746,39,38,
7,47572000,67,18,
7,47572063,7,0,
7,47572162,93,58,
7,47572325,11,0,
7,47572714,4,1,
7,47572748,76,74,
7,47572771,212,90,
7,47572857,12,10,
7,47573140,8,0,
7,47573420,370,517,
7,47573483,11,15,
7,47573519,724,235,
7,47573574,4,0,
7,47573887,337,213,
7,47574034,764,259,
7,47574083,71,12,
7,47574128,11,2,
7,47574346,94,51,
7,47574562,7,1,
7,47574574,20,0,
7,47574712,6,0,
7,47574714,5,1,
7,47574748,6,1,
7,47574851,11,0,
7,47574862,21,0,
7,47574960,35,4,
7,47575062,9,3,
7,47575403,477,233,
7,47575417,93,38,
7,47575616,308,155,
7,47575757,5,0,
7,47575910,16,4,
7,47575935,101,16,
7,47575950,63,43,
7,47576055,126,91,
7,47576317,211,93,
7,47576444,18,1,
7,47576462,12,0,
7,47576664,14,5,
7,47576672,22,7,
7,47576687,54,11,
7,47576861,328,123,
7,47576904,26,4,
7,47576933,8,0,
7,47576978,135,37,
7,47576982,7,2,
7,47577032,69,56,
7,47577120,99,35,
7,47577347,10,10,
7,47577746,7,0,
7,47577761,666,268,
7,47577899,73,84,
7,47577933,18,0,
7,47577979,72,28,
7,47578086,248,166,
7,47578109,55,82,
7,47578444,7,0,
7,47578464,85,6,
7,47578572,403,213,
7,47578599,65,5,
7,47578741,154,144,
7,47578855,111,159,
7,47578918,14,15,
7,47578991,10,17,
7,47579182,48,21,
7,47579217,46,6,
7,47579221,25,32,
7,47579229,269,109,
7,47579265,28,6,
7,47579337,32,2,
7,47579448,12,0,
7,47579456,3,1,
7,47579666,6,0,
7,47579727,8,2,
7,47579754,166,25,
7,47579818,41,7,
7,47579934,6,0,
7,47579977,19,10,
7,47580063,21,0,
7,47580210,12,3,
7,47580221,5,0,
7,47580271,17,0,
7,47580297,320,330,
7,47580350,245,99,
7,47580528,9,0,
7,47580538,14,0,
7,47580841,18,30,
7,47580870,6,0,
7,47580891,80,7,
7,47580910,64,17,
7,47581097,41,42,
7,47581136,4,3,
7,47581249,19,1,
7,47581362,15,0,
7,47581614,10,0,
7,47581701,455,158,
7,47581721,68,31,
7,47581891,4,1,
7,47582043,832,573,
7,47582056,87,51,
7,47582095,4,1,
7,47582218,16,2,
7,47582220,1826,737,26
7,47582322,27,3,
7,47582418,81,32,
7,47582482,617,342,
7,47582537,6,1,
7,47582622,26,0,
7,47582671,31,4,
7,47582675,9,0,
7,47582753,9,0,
7,47582786,10,4,
7,47582792,22,2,
7,47582877,65,7,
7,47582930,5,0,
7,47582952,9,0,
7,47582984,580,340,
7,47582990,79,31,
7,47583045,300,104,
7,47583499,5,0,
7,47583532,38,3,
7,47583582,13,4,
7,47583959,67,17,
7,47584101,11,3,
7,47584454,9,2,
7,47584540,1975,964,
7,47584558,10,1,
7,47584609,7,0,
7,47584694,5,0,
7,47584795,278,737,22
7,47584841,15,6,
7,47584942,15,3,
7,47585004,12,6,
7,47585008,60,14,
7,47585161,44,9,
7,47585192,16,8,
7,47585645,52,8,
7,47585860,30,2,
7,47585886,7,4,
7,47585892,4,0,
7,47585974,142,39,
7,47586018,138,223,
7,47586023,8,3,
7,47586176,300,185,
7,47586614,322,104,21
7,47586778,1122,446,11
7,47586784,7,0,
7,47586814,103,107,
7,47587050,8,0,
7,47587191,5,2,
7,47587543,10,1,
7,47587597,60,60,
7,47587631,91,38,
7,47587866,513,184,
7,47587935,861,784,
7,47587953,223,376,18
7,47588324,42,15,
7,47588349,129,41,
7,47588410,18,4,
7,47588467,20,7,
7,47588520,12,0,
7,47588622,7,0,
7,47588632,13,0,
7,47588658,278,90,
7,47588776,7,0,
7,47588996,7,0,
7,47589011,189,99,
7,47589111,49,14,
7,47589167,8,0,
7,47589370,45,28,
7,47589419,29,7,
7,47589432,10,3,
7,47589451,11,4,
7,47589494,12,0,
7,47589567,55,26,
7,47589732,28,0,
7,47589735,8,2,
7,47589791,8,1,
7,47589797,20,8,
7,47589818,187,55,25
7,47589856,140,42,27
7,47589900,20,2,
7,47589994,7,0,
7,47590147,5,2,
7,47590148,37,39,
7,47590153,6,0,
7,47590194,5,0,
7,47590230,5,0,
7,47590261,28,14,
7,47590281,8,0,
7,47590348,9,0,
7,47590389,8,6,
7,47590526,27,9,
7,47591104,439,91,
7,47591125,10,2,
7,47591208,71,56,
7,47591250,13,3,
7,47591341,11,0,
7,47591428,6,0,
7,47591471,8,4,
7,47591488,16,2,
7,47591560,5,0,
7,47591598,3,1,
7,47591686,9,1,
7,47591712,5,0,
7,47591819,20,1,
7,47591834,6,4,
7,47591859,4,0,
7,47591928,462,112,
7,47591931,11,0,
7,47592047,21,4,
7,47592113,37,1,
7,47592297,8,1,
7,47592372,7,3,
7,47592392,25,8,
7,47592462,108,50,29
7,47592598,5,0,
7,47592626,38,18,
7,47592660,7,1,
7,47592687,4,0,
7,47592755,423,368,12
7,47592773,11,0,
7,47592933,11,0,
7,47592939,26,12,
7,47593015,23,1,
7,47593046,10,2,
7,47593081,7,0,
7,47593244,6,1,
7,47593285,205,40,10
7,47593303,23,0,
7,47593351,7,0,
7,47593422,224,94,6
7,47593473,10,2,
7,47593556,277,82,8
7,47593620,6,1,
7,47593627,10,0,
7,47593634,99,33,20
7,47593689,11,0,
7,47593716,7,0,
7,47593919,6,1,
7,47593958,10,0,
7,47594009,7,0,
7,47594149,7,0,
7,47594159,8,1,
7,47594181,11,1,
7,47594208,15,0,
7,47594384,6,0,
7,47594637,6,0,
7,47594804,13,0,
7,47594816,17,0,
7,47594831,16,1,
7,47594840,15,6,
7,47594887,6,2,
7,47595019,3,0,
7,47595048,9,1,
7,47595068,11,3,
7,47595291,7,2,
7,47595546,14,4,
7,47595572,117,70,2
7,47595620,226,86,
7,47595634,9,2,
7,47595658,7,0,
7,47595702,9,3,
7,47595712,27,6,
7,47595721,15,6,
7,47595832,7,0,
7,47595865,206,62,28
7,47595956,23,3,
7,47596091,6,1,
7,47596125,12,3,
7,47596150,6,0,
7,47596272,4,1,
7,47596299,6,0,
7,47596300,7,2,
7,47596363,7,0,
7,47596452,9,0,
7,47596457,22,12,16
7,47596508,5,1,
7,47596554,4,1,
7,47596631,12,1,
7,47596781,6,0,
7,47597085,223,44,1
7,47597151,8,1,
7,47597382,33,29,3
7,47597435,7,0,
7,47597651,13,1,
7,47597764,6,2,
7,47597935,15,0,
8,47539767,121,13,
8,47539825,394,255,
8,47540383,354,349,
8,47540388,132,136,
8,47540833,660,533,
8,47540903,109,63,
8,47540929,141,152,
8,47541156,10,0,
8,47541438,24,8,
8,47541733,165,19,6
8,47541746,129,31,
8,47541969,195,60,
8,47542057,606,483,
8,47542142,67,35,
8,47542259,26,7,
8,47542545,43,6,
8,47542595,14,0,
8,47542640,17,2,
8,47542644,244,54,
8,47542695,762,611,
8,47542998,26,0,
8,47543139,622,266,
8,47543167,465,535,
8,47543186,156,37,
8,47543189,91,87,
8,47543198,59,5,
8,47543201,170,164,
8,47543204,330,72,
8,47543943,462,166,
8,47544114,9,0,
8,47544175,44,17,
8,47544238,95,23,
8,47544665,29,0,
8,47544980,411,383,
8,47545355,31,8,
8,47545594,57,9,
8,47545607,297,60,
8,47546679,72,4,
8,47546775,82,14,23
8,47546911,64,9,
8,47546998,24,6,
8,47547009,535,369,
8,47547508,224,41,
8,47547602,127,66,
8,47547843,132,19,
8,47548013,195,58,
8,47548164,129,19,
8,47549128,199,46,15
8,47549160,179,94,
8,47549197,21,10,
8,47549586,71,21,
8,47549649,108,168,
8,47549824,344,72,
8,47550282,633,329,
8,47550433,116,25,24
8,47550726,167,234,
8,47550878,309,171,
8,47552562,331,146,
8,47552643,87,14,
8,47552684,15,5,
8,47553185,327,111,
8,47553516,90,84,
8,47553573,140,74,
8,47553717,460,92,
8,47553766,6,3,
8,47553798,813,233,
8,47553910,97,82,
8,47553957,42,9,
8,47554493,87,34,
8,47554773,787,612,
8,47554948,92,181,
8,47555035,66,20,
8,47555093,30,16,
8,47555115,78,34,
8,47555273,220,129,
8,47555427,22,18,
8,47555492,14,0,
8,47555556,662,250,
8,47555642,34,13,
8,47555814,43,4,
8,47555915,87,59,
8,47556001,58,8,
8,47556033,80,6,
8,47556063,127,41,
8,47556074,50,5,30
8,47556076,131,90,
8,47556116,101,19,
8,47556267,90,7,
8,47556290,377,68,
8,47556359,241,56,
8,47556729,1393,252,
8,47557064,196,70,
8,47557160,43,1,
8,47557166,259,185,
8,47557171,120,7,9
8,47557179,11,1,
8,47557185,215,144,
8,47557299,72,15,
8,47557392,76,23,
8,47557901,149,240,
8,47557924,9,0,
8,47557960,502,112,
8,47558073,28,3,
8,47558094,110,16,
8,47558101,53,9,5
8,47558195,39,23,
8,47558284,27,2,
8,47558372,194,136,
8,47558581,58,59,
8,47558733,121,9,29
8,47558782,129,53,
8,47558843,20,3,
8,47558867,66,49,
8,47558997,394,220,
8,47559056,35,13,
8,47559323,38,5,
8,47559481,228,137,
8,47559788,37,23,
8,47560270,50,1,
8,47560724,10,1,
8,47560981,62,86,
8,47561132,47,20,
8,47561297,188,101,
8,47561470,36,15,
8,47561489,786,448,
8,47561496,90,61,
8,47561711,576,263,
8,47561819,345,246,
8,47562288,84,75,
8,47562342,43,6,13
8,47562440,14,0,
8,47562462,5,0,
8,47562575,13,0,
8,47562624,8,0,
8,47562927,45,14,
8,47562961,36,14,12
8,47562994,3,0,19
8,47563007,114,139,
8,47563039,26,3,
8,47563054,9,0,
8,47563063,4,1,
8,47563103,96,45,
8,47563177,20,9,
8,47563373,7,0,
8,47563384,442,204,
8,47563486,15,0,
8,47563599,9,0,
8,47563655,605,172,
8,47563978,100,8,
8,47564025,10,4,
8,47564188,10,5,
8,47564245,317,159,
8,47564246,84,64,
8,47564356,39,59,
8,47564421,684,257,
8,47564469,236,165,
8,47564579,100,25,
8,47564620,12,7,
8,47564699,3,0,
8,47564930,26,9,
8,47564996,5,0,
8,47565075,83,69,
8,47565264,126,26,
8,47565307,6,0,
8,47565316,401,262,
8,47565365,313,406,
8,47565542,19,5,
8,47565652,21,2,
8,47565798,17,7,
8,47565831,37,39,
8,47565848,47,74,
8,47565955,15,1,
8,47566140,95,15,
8,47566143,379,530,
8,47566332,99,39,
8,47566336,44,5,
8,47566362,25,23,
8,47566392,12,0,
8,47566442,556,269,
8,47566513,37,15,
8,47566653,147,139,
8,47566702,91,55,
8,47566865,970,615,
8,47566960,151,72,
8,47567049,72,14,
8,47567183,56,33,
8,47567222,9,1,
8,47567242,148,60,
8,47567790,54,4,
8,47568028,268,304,
8,47568080,97,32,
8,47568146,11,1,21
8,47568884,80,61,
8,47569150,25,1,
8,47569438,15,16,
8,47569471,412,210,
8,47569502,311,165,
8,47569715,13,3,
8,47569773,36,42,
8,47569837,63,53,
8,47569923,7,1,
8,47570269,1585,640,
8,47570435,149,63,
8,47570547,62,8,
8,47570650,44,0,
8,47570666,354,90,
8,47570940,300,54,
8,47571183,41,4,4
8,47571279,315,235,
8,47571330,181,38,
8,47571376,281,115,
8,47571401,40,24,
8,47571495,168,51,
8,47571513,24,16,
8,47571705,9,1,
8,47571746,39,38,
8,47572000,67,18,
8,47572063,7,0,
8,47572162,93,58,
8,47572325,11,0,
8,47572714,4,1,
8,47572748,76,74,
8,47572771,212,90,
8,47572857,12,10,
8,47573140,8,0,
8,47573420,370,517,
8,47573519,724,235,
8,47573574,4,0,
8,47573887,337,213,
8,47574034,765,259,
8,47574083,71,12,
8,47574128,11,2,
8,47574346,94,51,
8,47574562,7,1,
8,47574574,20,0,
8,47574712,6,0,
8,47574714,5,1,
8,47574748,6,1,
8,47574851,11,0,
8,47574862,21,0,
8,47574960,35,4,
8,47575062,9,3,
8,47575403,478,233,
8,47575417,93,38,
8,47575616,308,155,
8,47575757,5,0,
8,47575910,16,4,
8,47575935,101,16,
8,47575950,63,43,
8,47576055,126,92,
8,47576317,211,93,
8,47576444,19,1,
8,47576462,12,0,
8,47576664,14,5,
8,47576672,22,7,
8,47576687,54,11,
8,47576861,328,123,
8,47576904,26,4,
8,47576978,135,37,
8,47577032,69,56,
8,47577120,100,35,
8,47577347,10,10,
8,47577746,7,0,
8,47577761,666,267,
8,47577899,73,84,
8,47577933,18,0,
8,47577979,72,28,
8,47578086,248,166,
8,47578109,55,82,
8,47578444,7,0,
8,47578464,85,6,
8,47578572,403,213,
8,47578599,65,5,
8,47578741,155,145,
8,47578855,111,160,
8,47578918,14,15,
8,47578991,10,17,
8,47579182,48,22,
8,47579217,46,6,
8,47579221,25,32,
8,47579229,269,109,
8,47579265,28,6,
8,47579337,32,2,
8,47579448,12,0,
8,47579456,3,1,
8,47579666,6,0,
8,47579727,8,2,
8,47579754,166,25,
8,47579818,41,7,
8,47579934,6,0,
8,47579977,19,10,
8,47580063,21,0,
8,47580210,12,3,
8,47580221,5,0,
8,47580271,17,0,
8,47580297,321,331,
8,47580350,245,99,
8,47580528,9,0,
8,47580538,14,0,
8,47580841,18,30,
8,47580870,6,0,
8,47580891,80,7,
8,47580910,64,17,
8,47581136,4,3,
8,47581249,19,1,
8,47581362,15,0,
8,47581614,10,0,
8,47581701,455,158,
8,47581721,69,32,
8,47581891,4,1,
8,47582043,834,575,
8,47582056,87,51,
8,47582095,4,1,
8,47582218,16,2,
8,47582220,1835,738,25
8,47582322,27,3,
8,47582418,81,32,
8,47582482,618,344,
8,47582537,6,1,
8,47582622,26,0,
8,47582671,31,4,
8,47582675,9,0,
8,47582753,9,0,
8,47582786,10,4,
8,47582792,22,2,
8,47582877,65,7,
8,47582930,5,0,
8,47582952,10,0,
8,47582984,581,340,
8,47582990,79,31,
8,47583045,300,104,
8,47583499,5,0,
8,47583532,38,3,
8,47583582,13,4,
8,47583959,68,18,
8,47584101,11,3,
8,47584454,9,2,
8,47584540,1980,973,
8,47584558,10,1,
8,47584694,5,0,
8,47584795,298,798,19
8,47584841,15,6,
8,47584942,15,3,
8,47585004,12,6,
8,47585008,60,14,
8,47585161,44,9,
8,47585192,16,8,
8,47585645,52,8,
8,47585860,30,2,
8,47585886,8,4,
8,47585892,4,0,
8,47585974,143,39,
8,47586018,139,223,
8,47586176,301,187,
8,47586614,332,103,18
8,47586778,1153,455,11
8,47586784,7,0,
8,47586814,103,107,
8,47587050,8,0,
8,47587191,5,2,
8,47587543,11,1,
8,47587597,61,61,
8,47587631,91,38,
8,47587866,516,184,
8,47587935,868,791,
8,47587953,229,391,17
8,47588324,42,15,
8,47588349,133,42,
8,47588410,18,4,
8,47588467,20,7,
8,47588520,12,0,
8,47588622,7,0,
8,47588632,14,0,
8,47588658,279,90,
8,47588776,7,0,
8,47588996,7,0,
8,47589011,189,100,
8,47589111,49,14,
8,47589167,8,0,
8,47589370,45,28,
8,47589419,29,7,
8,47589432,10,3,
8,47589451,11,4,
8,47589494,12,0,
8,47589567,56,26,
8,47589732,28,0,
8,47589735,9,4,
8,47589791,8,1,
8,47589797,20,8,
8,47589818,193,56,26
8,47589856,146,44,27
8,47589900,20,2,
8,47589994,7,0,
8,47590147,5,2,
8,47590148,39,40,
8,47590153,6,0,
8,47590194,5,0,
8,47590230,5,0,
8,47590261,28,14,
8,47590281,8,0,
8,47590348,9,0,
8,47590389,8,6,
8,47590526,27,10,
8,47591104,439,91,
8,47591125,10,2,
8,47591208,71,57,
8,47591250,13,3,
8,47591341,11,0,
8,47591428,6,0,
8,47591471,8,4,
8,47591488,16,2,
8,47591560,5,0,
8,47591598,3,1,
8,47591686,9,1,
8,47591712,5,0,
8,47591819,20,1,
8,47591834,6,5,
8,47591859,4,0,
8,47591928,462,112,
8,47591931,11,0,
8,47592047,22,4,
8,47592113,37,1,
8,47592297,8,1,
8,47592372,7,4,
8,47592392,27,8,
8,47592462,111,53,
8,47592598,5,0,
8,47592626,38,19,
8,47592660,8,1,
8,47592687,4,0,
8,47592755,436,377,14
8,47592773,11,0,
8,47592933,11,0,
8,47592939,27,12,
8,47593015,24,1,
8,47593046,10,2,
8,47593081,7,0,
8,47593244,6,1,
8,47593285,214,40,10
8,47593303,23,0,
8,47593351,7,0,
8,47593422,237,99,7
8,47593473,10,2,
8,47593556,298,85,8
8,47593620,6,1,
8,47593627,10,0,
8,47593634,100,39,22
8,47593689,11,0,
8,47593716,7,0,
8,47593919,6,1,
8,47593958,11,0,
8,47594009,7,0,
8,47594149,7,1,
8,47594159,8,1,
8,47594181,11,1,
8,47594208,15,0,
8,47594384,6,0,
8,47594637,6,0,
8,47594804,15,1,
8,47594816,18,0,
8,47594831,16,1,
8,47594840,19,6,
8,47594887,6,2,
8,47595019,3,0,
8,47595048,9,1,
8,47595068,12,3,
8,47595291,7,2,
8,47595546,14,4,
8,47595572,131,88,3
8,47595620,227,85,
8,47595634,9,2,
8,47595658,7,0,
8,47595702,9,3,
8,47595712,29,6,
8,47595721,16,8,
8,47595832,7,0,
8,47595865,212,63,
8,47595956,23,3,
8,47596091,7,1,
8,47596125,12,3,
8,47596150,6,0,
8,47596272,4,1,
8,47596299,6,0,
8,47596300,7,2,
8,47596363,7,0,
8,47596452,9,0,
8,47596457,24,13,20
8,47596508,5,1,
8,47596554,5,1,
8,47596631,12,1,
8,47596781,6,0,
8,47597085,322,66,1
8,47597119,5,0,
8,47597151,8,1,
8,47597270,6,1,
8,47597345,3,0,
8,47597382,40,39,4
8,47597435,8,0,
8,47597651,16,1,
8,47597764,10,4,
8,47597908,5,1,11
8,47597929,4,1,
8,47597935,60,9,2
8,47598105,3,0,
9,47539767,121,13,
9,47539825,394,258,
9,47540383,354,350,
9,47540388,132,136,
9,47540833,660,533,
9,47540903,109,63,
9,47540929,141,152,
9,47541156,10,0,
9,47541438,24,8,
9,47541733,175,19,5
9,47541746,130,31,
9,47541969,195,60,
9,47542057,608,483,
9,47542142,67,35,
9,47542259,26,7,
9,47542545,43,6,
9,47542595,14,0,
9,47542640,17,2,
9,47542644,244,54,
9,47542695,762,611,
9,47542998,26,0,
9,47543139,622,266,
9,47543167,465,535,
9,47543186,156,37,
9,47543189,91,87,
9,47543198,59,5,
9,47543201,170,164,
9,47543204,330,72,
9,47543943,462,166,
9,47544114,9,0,
9,47544175,44,17,
9,47544238,95,23,
9,47544665,29,0,
9,47544980,411,383,
9,47545355,31,8,
9,47545594,57,9,
9,47545607,297,60,
9,47546679,72,4,
9,47546775,87,18,22
9,47546911,64,9,
9,47546998,24,6,
9,47547009,535,369,
9,47547508,224,41,
9,47547602,127,66,
9,47547843,132,19,
9,47548013,195,58,
9,47548164,129,19,
9,47549128,206,47,16
9,47549160,179,94,
9,47549197,21,10,
9,47549586,71,21,
9,47549649,108,168,
9,47549824,344,72,
9,47550282,633,329,
9,47550433,118,25,24
9,47550726,167,234,
9,47550878,309,171,
9,47552562,331,146,
9,47552643,87,14,
9,47552684,15,5,
9,47553185,327,111,
9,47553516,90,84,
9,47553573,140,74,
9,47553717,460,92,
9,47553766,6,3,
9,47553798,813,233,
9,47553910,97,82,
9,47553957,42,9,
9,47554493,87,34,
9,47554773,787,612,
9,47554948,92,181,
9,47555035,66,20,
9,47555093,30,16,
9,47555115,78,34,
9,47555273,220,129,
9,47555427,22,18,
9,47555492,14,0,
9,47555556,662,250,
9,47555642,34,13,
9,47555814,43,4,
9,47555915,87,59,
9,47556001,58,8,
9,47556033,80,6,
9,47556063,127,41,
9,47556074,52,5,30
9,47556076,131,91,
9,47556116,101,19,
9,47556267,90,7,
9,47556290,377,68,
9,47556359,241,56,
9,47556729,1394,252,
9,47557064,196,70,
9,47557160,43,1,
9,47557166,259,185,
9,47557171,127,11,8
9,47557179,11,1,
9,47557185,215,144,
9,47557299,72,15,
9,47557392,76,23,
9,47557901,149,240,
9,47557924,9,0,
9,47557960,503,112,
9,47558073,28,3,
9,47558094,110,16,
9,47558101,59,10,4
9,47558195,39,23,
9,47558284,27,2,
9,47558372,194,136,
9,47558581,58,59,
9,47558733,128,9,29
9,47558782,129,53,
9,47558843,20,3,
9,47558867,66,49,
9,47558997,394,220,
9,47559056,35,13,
9,47559323,38,5,
9,47559481,228,137,
9,47559788,37,23,
9,47560270,50,1,
9,47560724,10,1,
9,47560981,62,86,
9,47561132,47,20,
9,47561297,188,101,
9,47561470,36,15,
9,47561489,786,448,
9,47561496,90,61,
9,47561711,576,263,
9,47561819,345,246,
9,47562288,84,75,
9,47562342,47,6,15
9,47562440,14,0,
9,47562462,5,0,
9,47562575,13,0,
9,47562624,8,0,
9,47562927,45,14,
9,47562961,55,15,10
9,47562994,3,0,
9,47563007,114,139,
9,47563039,26,3,
9,47563054,9,0,
9,47563063,4,1,
9,47563103,96,46,
9,47563177,20,9,
9,47563373,7,0,
9,47563384,442,204,
9,47563486,15,0,
9,47563599,9,0,
9,47563655,605,172,
9,47563978,100,8,
9,47564025,10,4,
9,47564188,10,5,
9,47564245,317,160,
9,47564246,84,64,
9,47564421,684,257,
9,47564469,236,165,
9,47564579,100,25,
9,47564620,12,7,
9,47564699,3,0,
9,47564930,26,9,
9,47564996,5,0,
9,47565075,83,69,
9,47565264,126,26,
9,47565307,6,0,
9,47565316,401,262,
9,47565365,313,409,
9,47565542,19,5,
9,47565652,21,2,
9,47565798,17,7,
9,47565831,37,39,
9,47565848,47,74,
9,47565955,15,1,
9,47566140,95,15,
9,47566143,379,530,
9,47566332,99,39,
9,47566336,44,5,
9,47566362,25,23,
9,47566392,12,0,
9,47566442,556,269,
9,47566513,37,15,
9,47566653,147,139,
9,47566702,91,55,
9,47566865,970,615,
9,47566960,151,72,
9,47567049,72,14,
9,47567183,56,33,
9,47567222,9,1,
9,47567242,148,60,
9,47567790,54,4,
9,47568028,268,304,
9,47568080,97,32,
9,47568146,11,1,26
9,47568884,80,61,
9,47569150,25,1,
9,47569438,15,16,
9,47569471,412,210,
9,47569502,311,165,
9,47569715,13,3,
9,47569773,36,45,
9,47569837,63,53,
9,47569923,7,1,
9,47570269,1585,640,
9,47570435,149,63,
9,47570547,62,8,
9,47570650,44,0,
9,47570666,354,90,
9,47570940,300,54,
9,47571183,65,12,3
9,47571279,315,235,
9,47571330,182,39,
9,47571376,281,115,
9,47571401,40,24,
9,47571495,168,51,
9,47571513,24,16,
9,47571705,9,1,
9,47571746,39,38,
9,47572000,67,18,
9,47572063,7,0,
9,47572162,93,58,
9,47572325,11,0,
9,47572714,4,1,
9,47572748,76,75,
9,47572771,212,90,
9,47572857,12,11,
9,47573140,8,0,
9,47573420,370,517,
9,47573519,727,235,
9,47573574,4,0,
9,47573887,337,213,
9,47574034,765,259,
9,47574083,71,12,
9,47574128,11,2,
9,47574346,94,51,
9,47574562,7,1,
9,47574574,20,0,
9,47574712,6,0,
9,47574714,5,1,
9,47574748,6,1,
9,47574851,11,0,
9,47574862,21,0,
9,47574960,35,4,
9,47575039,6,1,6
9,47575062,9,3,
9,47575403,479,233,
9,47575417,93,38,
9,47575616,309,155,
9,47575757,5,0,
9,47575910,16,4,
9,47575935,101,16,
9,47575950,63,43,
9,47576055,126,92,
9,47576317,211,93,
9,47576444,19,1,
9,47576462,12,0,
9,47576664,14,5,
9,47576672,22,7,
9,47576687,54,11,
9,47576861,328,123,
9,47576904,26,4,
9,47576978,135,37,
9,47577032,69,56,
9,47577120,100,35,
9,47577347,10,10,
9,47577746,7,0,
9,47577761,666,267,
9,47577899,73,84,
9,47577933,18,0,
9,47577979,72,28,
9,47578086,248,166,
9,47578109,55,82,
9,47578444,7,0,
9,47578464,85,6,
9,47578572,403,213,
9,47578599,65,5,
9,47578741,156,146,
9,47578855,111,160,
9,47578918,14,15,
9,47578991,10,17,
9,47579182,48,22,
9,47579217,46,6,
9,47579221,25,32,
9,47579229,269,109,
9,47579265,28,6,
9,47579337,32,2,
9,47579448,12,0,
9,47579456,3,1,
9,47579666,6,0,
9,47579727,8,2,
9,47579754,166,25,
9,47579818,41,7,
9,47579934,6,0,
9,47579977,19,10,
9,47580063,21,0,
9,47580210,12,3,
9,47580221,5,0,
9,47580271,17,0,
9,47580297,321,331,
9,47580350,245,99,
9,47580528,9,0,
9,47580538,14,0,
9,47580841,18,30,
9,47580870,6,0,
9,47580891,80,7,
9,47580910,64,17,
9,47581249,19,1,
9,47581362,15,0,
9,47581614,10,0,
9,47581701,458,158,
9,47581721,69,32,
9,47581891,4,1,
9,47582043,834,575,
9,47582056,87,51,
9,47582095,4,1,
9,47582218,16,2,
9,47582220,1844,739,24
9,47582322,27,3,
9,47582418,82,32,
9,47582482,619,345,
9,47582537,6,1,
9,47582622,26,0,
9,47582671,31,4,
9,47582675,9,0,
9,47582753,9,0,
9,47582786,10,4,
9,47582792,22,2,
9,47582877,65,7,
9,47582930,5,0,
9,47582952,10,0,
9,47582984,581,346,
9,47582990,79,31,
9,47583045,301,104,
9,47583499,5,0,
9,47583532,38,3,
9,47583582,13,4,
9,47583959,69,18,
9,47584101,11,3,
9,47584454,9,2,
9,47584540,1989,975,
9,47584558,10,1,
9,47584694,5,0,
9,47584795,312,850,18
9,47584841,15,6,
9,47584942,15,3,
9,47585004,12,6,
9,47585008,60,14,
9,47585161,45,9,
9,47585192,16,8,
9,47585645,52,8,
9,47585860,30,2,
9,47585886,8,4,
9,47585892,4,0,
9,47585974,143,39,
9,47586018,140,223,
9,47586176,303,188,
9,47586614,337,103,18
9,47586778,1174,467,12
9,47586814,103,107,
9,47587050,8,0,
9,47587191,5,2,
9,47587543,11,1,
9,47587597,63,61,
9,47587631,91,38,
9,47587866,521,185,
9,47587935,871,791,
9,47587953,239,397,17
9,47588324,42,16,
9,47588349,133,42,
9,47588410,18,4,
9,47588467,20,7,
9,47588520,12,0,
9,47588622,7,0,
9,47588632,14,0,
9,47588658,281,90,
9,47588776,7,0,
9,47588996,7,0,
9,47589011,189,100,
9,47589111,49,14,
9,47589167,8,0,
9,47589370,46,28,
9,47589419,29,7,
9,47589432,10,3,
9,47589451,11,4,
9,47589494,13,0,
9,47589567,57,26,
9,47589732,28,0,
9,47589735,9,4,
9,47589791,8,1,
9,47589797,20,8,
9,47589818,198,58,27
9,47589856,151,44,28
9,47589900,20,2,
9,47589994,7,0,
9,47590148,39,41,
9,47590153,6,0,
9,47590194,5,0,
9,47590230,5,0,
9,47590261,28,14,
9,47590281,8,0,
9,47590348,9,0,
9,47590389,8,6,
9,47590526,28,10,
9,47591104,443,91,
9,47591125,10,2,
9,47591208,71,58,
9,47591250,13,3,
9,47591341,11,0,
9,47591428,6,0,
9,47591471,8,4,
9,47591488,16,2,
9,47591560,5,0,
9,47591598,3,1,
9,47591686,9,1,
9,47591712,5,0,
9,47591819,21,1,
9,47591834,7,5,
9,47591859,4,0,
9,47591928,463,112,
9,47591931,11,0,
9,47592047,22,4,
9,47592113,37,1,
9,47592297,8,1,
9,47592372,8,5,
9,47592392,27,8,
9,47592462,115,56,
9,47592598,5,0,
9,47592626,38,19,
9,47592660,8,1,
9,47592687,4,0,
9,47592755,446,387,14
9,47592773,11,0,
9,47592933,11,0,
9,47592939,27,13,
9,47593015,25,1,
9,47593046,10,2,
9,47593081,7,0,
9,47593244,6,1,
9,47593285,224,41,11
9,47593303,23,0,
9,47593351,7,0,
9,47593422,252,109,7
9,47593473,10,2,
9,47593556,314,88,7
9,47593620,6,1,
9,47593627,10,0,
9,47593634,107,41,23
9,47593689,11,0,
9,47593716,7,0,
9,47593919,6,1,
9,47593958,11,0,
9,47594009,7,0,
9,47594149,7,1,
9,47594159,8,1,
9,47594181,11,1,
9,47594208,15,0,
9,47594384,6,0,
9,47594637,6,2,
9,47594804,20,2,
9,47594816,19,0,
9,47594831,16,1,
9,47594840,19,6,
9,47594887,6,2,
9,47595019,3,0,
9,47595048,9,1,
9,47595068,12,3,
9,47595291,7,2,
9,47595546,14,4,
9,47595572,143,104,4
9,47595620,231,86,
9,47595634,9,2,
9,47595658,7,0,
9,47595702,9,3,
9,47595712,29,6,
9,47595721,16,10,
9,47595832,7,0,
9,47595865,214,64,
9,47595956,25,4,
9,47596091,7,1,
9,47596125,12,3,
9,47596150,6,0,
9,47596272,4,1,
9,47596299,6,0,
9,47596300,7,2,
9,47596363,7,0,
9,47596452,9,0,
9,47596457,27,13,20
9,47596508,5,1,
9,47596554,5,1,
9,47596631,13,1,
9,47596781,7,0,
9,47597085,381,100,2
9,47597119,11,0,12
9,47597151,8,1,
9,47597270,6,1,
9,47597345,5,0,
9,47597435,8,0,
9,47597651,23,1,
9,47597764,11,6,
9,47597908,7,1,13
9,47597929,4,1,
9,47597935,105,18,1
9,47598105,3,0,
9,47598415,7,1,
10,47539767,121,13,
10,47539825,394,258,
10,47540383,354,350,
10,47540388,132,136,
10,47540833,660,533,
10,47540903,109,63,
10,47540929,141,152,
10,47541156,10,0,
10,47541438,24,8,
10,47541733,183,20,5
10,47541746,131,31,
10,47541969,195,61,
10,47542057,608,483,
10,47542142,67,35,
10,47542259,26,7,
10,47542545,43,6,
10,47542595,14,0,
10,47542640,17,2,
10,47542644,244,54,
10,47542695,762,611,
10,47542998,26,0,
10,47543139,622,266,
10,47543167,465,535,
10,47543186,156,37,
10,47543189,91,87,
10,47543198,59,5,
10,47543201,170,164,
10,47543204,330,72,
10,47543943,462,166,
10,47544114,9,0,
10,47544175,44,17,
10,47544238,95,23,
10,47544665,29,0,
10,47544980,411,383,
10,47545355,31,8,
10,47545594,57,9,
10,47545607,297,60,
10,47546679,72,4,
10,47546775,94,24,29
10,47546911,64,9,
10,47546998,24,6,
10,47547009,535,369,
10,47547508,224,41,
10,47547602,127,66,
10,47547843,132,19,
10,47548013,195,58,
10,47548164,130,19,
10,47549128,212,50,19
10,47549160,179,94,
10,47549197,21,10,
10,47549586,71,21,
10,47549649,108,168,
10,47549824,345,72,
10,47550282,633,329,
10,47550433,121,25,25
10,47550726,167,234,
10,47550878,309,171,
10,47552562,331,146,
10,47552643,87,14,
10,47552684,15,5,
10,47553185,327,111,
10,47553516,90,84,
10,47553573,140,74,
10,47553717,460,92,
10,47553766,6,3,
10,47553798,813,233,
10,47553910,97,82,
10,47553957,42,9,
10,47554493,87,34,
10,47554773,787,612,
10,47554948,92,181,
10,47555035,67,20,
10,47555093,30,16,
10,47555115,78,34,
10,47555273,221,129,
10,47555427,22,18,
10,47555492,14,0,
10,47555556,662,250,
10,47555642,34,13,
10,47555814,43,4,
10,47555915,87,59,
10,47556001,58,8,
10,47556033,80,6,
10,47556063,127,41,
10,47556074,54,5,
10,47556076,134,92,
10,47556116,101,19,
10,47556267,90,7,
10,47556290,378,68,
10,47556359,241,56,
10,47556729,1394,252,
10,47557064,196,70,
10,47557160,43,1,
10,47557166,259,185,
10,47557171,135,13,10
10,47557179,11,1,
10,47557185,215,144,
10,47557299,72,15,
10,47557392,76,23,
10,47557901,149,240,
10,47557924,9,0,
10,47557960,503,112,
10,47558073,28,3,
10,47558094,110,16,
10,47558101,68,11,6
10,47558195,39,23,
10,47558284,27,2,
10,47558372,194,136,
10,47558581,58,59,
10,47558733,133,9,30
10,47558782,129,53,
10,47558843,20,3,
10,47558867,66,49,
10,47558997,394,220,
10,47559056,35,13,
10,47559323,38,5,
10,47559481,228,137,
10,47559788,37,23,
10,47560270,50,1,
10,47560724,10,1,
10,47560981,62,86,
10,47561132,47,20,
10,47561297,188,102,
10,47561470,36,15,
10,47561489,787,448,
10,47561496,90,61,
10,47561711,576,263,
10,47561819,345,246,
10,47562288,84,75,
10,47562342,50,7,19
10,47562440,14,0,
10,47562462,5,0,
10,47562575,13,0,
10,47562624,8,0,
10,47562927,45,14,
10,47562961,65,17,11
10,47562994,3,0,
10,47563007,114,139,
10,47563039,26,3,
10,47563054,9,0,
10,47563063,4,1,
10,47563103,96,46,
10,47563177,20,9,
10,47563373,7,0,
10,47563384,442,204,
10,47563486,15,0,
10,47563599,9,0,
10,47563655,605,172,
10,47563978,100,8,
10,47564025,10,4,
10,47564188,10,5,
10,47564245,317,160,
10,47564246,84,64,
10,47564421,684,258,
10,47564469,236,166,
10,47564579,100,25,
10,47564620,12,7,
10,47564699,3,0,
10,47564930,26,9,
10,47564996,5,0,
10,47565075,83,69,
10,47565264,126,26,
10,47565307,6,0,
10,47565316,402,262,
10,47565365,313,412,
10,47565542,19,5,
10,47565652,21,2,
10,47565798,17,7,
10,47565831,37,39,
10,47565848,47,74,
10,47565955,15,1,
10,47566140,95,15,
10,47566143,379,532,
10,47566332,99,39,
10,47566336,44,5,
10,47566362,25,23,
10,47566392,12,0,
10,47566442,556,269,
10,47566513,37,15,
10,47566653,147,139,
10,47566702,91,55,
10,47566865,971,615,
10,47566960,151,72,
10,47567049,72,14,
10,47567183,56,33,
10,47567222,9,1,
10,47567242,148,60,
10,47567790,54,4,
10,47568028,268,304,
10,47568080,97,32,
10,47568146,11,1,
10,47568884,80,61,
10,47569150,25,1,
10,47569438,15,16,
10,47569471,412,210,
10,47569502,311,165,
10,47569715,13,3,
10,47569773,36,45,
10,47569837,63,53,
10,47569923,7,1,
10,47570269,1586,640,
10,47570435,149,63,
10,47570547,62,8,
10,47570650,45,0,
10,47570666,354,90,
10,47570940,300,54,
10,47571183,88,19,3
10,47571279,315,236,
10,47571330,182,39,
10,47571376,281,115,
10,47571401,40,24,
10,47571495,168,51,
10,47571513,24,16,
10,47571705,9,1,
10,47571746,39,39,
10,47572000,67,18,
10,47572063,7,0,
10,47572162,93,58,
10,47572325,11,0,
10,47572714,4,1,
10,47572748,77,75,
10,47572771,212,90,
10,47572857,12,11,
10,47573140,8,0,
10,47573420,370,518,
10,47573450,13,0,4
10,47573519,729,235,
10,47573574,4,0,
10,47573887,337,214,
10,47574034,765,259,
10,47574083,72,12,
10,47574128,11,2,
10,47574346,94,51,
10,47574562,7,1,
10,47574574,20,0,
10,47574712,6,0,
10,47574714,5,1,
10,47574748,6,1,
10,47574851,11,0,
10,47574862,21,0,
10,47574960,35,4,
10,47575039,9,4,12
10,47575062,9,3,
10,47575403,481,233,
10,47575417,94,38,
10,47575616,309,155,
10,47575757,5,0,
10,47575910,17,4,
10,47575935,101,16,
10,47575950,63,43,
10,47576055,126,92,
10,47576317,211,93,
10,47576444,19,1,
10,47576462,12,0,
10,47576664,14,5,
10,47576672,22,7,
10,47576687,54,11,
10,47576861,328,123,
10,47576904,26,4,
10,47576978,135,37,
10,47577032,69,56,
10,47577120,100,35,
10,47577347,10,10,
10,47577746,7,0,
10,47577761,666,267,
10,47577899,73,84,
10,47577933,18,0,
10,47577979,72,28,
10,47578086,248,167,
10,47578109,55,82,
10,47578444,7,0,
10,47578464,85,6,
10,47578572,403,213,
10,47578599,65,5,
10,47578741,156,147,
10,47578855,111,160,
10,47578918,15,15,
10,47578991,10,17,
10,47579182,48,22,
10,47579217,46,6,
10,47579221,25,32,
10,47579229,269,109,
10,47579265,28,6,
10,47579337,32,2,
10,47579448,12,0,
10,47579456,3,1,
10,47579666,6,0,
10,47579727,8,2,
10,47579754,167,26,
10,47579818,41,7,
10,47579934,6,0,
10,47579977,19,10,
10,47580063,21,0,
10,47580210,12,3,
10,47580221,5,0,
10,47580271,17,0,
10,47580297,323,331,
10,47580350,245,99,
10,47580528,9,0,
10,47580538,14,0,
10,47580841,19,30,
10,47580870,6,0,
10,47580891,80,7,
10,47580910,64,17,
10,47581249,19,1,
10,47581362,15,0,
10,47581614,11,0,
10,47581701,459,158,
10,47581721,69,32,
10,47581891,4,1,
10,47582043,836,577,
10,47582056,87,51,
10,47582095,4,1,
10,47582218,16,2,
10,47582220,1850,741,23
10,47582322,27,3,
10,47582418,82,32,
10,47582482,620,346,
10,47582537,7,1,
10,47582622,26,0,
10,47582671,31,4,
10,47582675,9,0,
10,47582753,9,0,
10,47582786,10,4,
10,47582792,22,2,
10,47582877,65,7,
10,47582930,5,0,
10,47582952,10,0,
10,47582984,585,352,
10,47582990,79,31,
10,47583045,301,104,
10,47583499,5,0,
10,47583532,38,3,
10,47583582,13,4,
10,47583959,69,18,
10,47584101,11,3,
10,47584454,9,2,
10,47584540,1993,980,
10,47584558,10,1,
10,47584694,5,0,
10,47584795,328,903,17
10,47584841,15,6,
10,47584942,15,3,
10,47585004,12,6,
10,47585008,60,14,
10,47585161,45,9,
10,47585192,16,8,
10,47585645,52,8,
10,47585860,30,2,
10,47585886,8,4,
10,47585892,4,1,
10,47585974,143,39,
10,47586018,140,223,
10,47586176,307,191,
10,47586614,339,103,20
10,47586778,1195,482,14
10,47586814,103,107,
10,47587050,8,0,
10,47587191,5,2,
10,47587543,11,1,
10,47587597,64,62,
10,47587631,91,38,
10,47587866,524,185,
10,47587935,874,796,
10,47587953,247,401,18
10,47588324,42,16,
10,47588349,136,44,
10,47588410,18,4,
10,47588520,12,0,
10,47588622,7,0,
10,47588632,15,0,
10,47588658,286,90,
10,47588776,7,0,
10,47588996,7,0,
10,47589011,192,100,
10,47589111,49,14,
10,47589167,8,0,
10,47589370,46,28,
10,47589419,29,7,
10,47589432,10,3,
10,47589451,11,4,
10,47589494,13,0,
10,47589567,57,26,
10,47589732,29,0,
10,47589735,9,4,
10,47589791,8,1,
10,47589797,20,8,
10,47589818,201,59,26
10,47589856,156,46,27
10,47589900,21,2,
10,47590148,39,41,
10,47590153,6,0,
10,47590194,5,0,
10,47590230,5,0,
10,47590261,28,14,
10,47590281,8,0,
10,47590348,9,0,
10,47590389,8,7,
10,47590526,28,10,
10,47591104,445,91,
10,47591125,10,2,
10,47591208,73,62,
10,47591250,13,3,
10,47591341,11,0,
10,47591428,6,0,
10,47591471,8,4,
10,47591488,16,2,
10,47591560,5,0,
10,47591598,3,1,
10,47591686,9,1,
10,47591712,5,0,
10,47591819,21,1,
10,47591834,8,5,
10,47591859,4,0,
10,47591928,467,112,
10,47591931,11,0,
10,47592047,22,4,
10,47592113,37,1,
10,47592297,8,1,
10,47592372,8,5,
10,47592392,27,8,
10,47592462,116,59,
10,47592598,5,0,
10,47592626,38,19,
10,47592660,8,2,
10,47592687,4,0,
10,47592755,455,398,16
10,47592773,11,0,
10,47592933,11,0,
10,47592939,27,13,
10,47593015,26,1,
10,47593046,10,2,
10,47593081,7,0,
10,47593244,6,1,
10,47593285,233,43,13
10,47593303,23,0,
10,47593351,7,0,
10,47593422,275,114,8
10,47593473,11,3,
10,47593556,338,92,7
10,47593620,6,1,
10,47593627,10,0,
10,47593634,108,42,24
10,47593689,11,0,
10,47593716,7,0,
10,47593919,6,1,
10,47593958,13,1,
10,47594009,7,0,
10,47594149,7,1,
10,47594159,8,1,
10,47594181,11,1,
10,47594208,15,0,
10,47594384,6,0,
10,47594637,6,2,
10,47594804,23,2,
10,47594816,21,0,
10,47594831,16,1,
10,47594840,19,6,
10,47594887,6,2,
10,47595019,3,0,
10,47595048,9,1,
10,47595068,13,3,
10,47595291,7,2,
10,47595546,14,4,
10,47595572,151,116,15
10,47595620,232,86,
10,47595634,9,2,
10,47595658,7,0,
10,47595702,9,3,
10,47595712,30,6,
10,47595721,16,10,
10,47595832,7,0,
10,47595865,214,64,
10,47595956,28,5,
10,47596091,7,1,
10,47596125,12,3,
10,47596150,7,0,
10,47596272,4,1,
10,47596299,6,0,
10,47596300,7,2,
10,47596363,7,0,
10,47596452,9,0,
10,47596457,30,13,22
10,47596508,5,1,
10,47596554,5,1,
10,47596631,13,1,
10,47596781,7,0,
10,47597085,444,116,1
10,47597119,45,12,4
10,47597151,8,1,
10,47597270,6,1,
10,47597345,5,0,
10,47597435,9,0,
10,47597651,24,2,
10,47597764,12,6,
10,47597908,7,2,28
10,47597929,4,1,
10,47597935,136,29,1
10,47598105,4,0,
10,47598415,14,6,
10,47598803,6,1,5
10,47598991,5,3,
11,47539767,121,13,
11,47539825,394,258,
11,47540383,354,350,
11,47540388,132,136,
11,47540833,660,533,
11,47540903,109,63,
11,47540929,141,152,
11,47541156,10,0,
11,47541438,24,8,
11,47541733,190,23,7
11,47541746,134,31,
11,47541969,195,61,
11,47542057,608,483,
11,47542142,67,35,
11,47542259,26,7,
11,47542545,44,6,
11,47542595,14,0,
11,47542640,17,2,
11,47542644,244,54,
11,47542695,762,611,
11,47542998,26,0,
11,47543139,622,266,
11,47543167,465,535,
11,47543186,156,37,
11,47543189,91,87,
11,47543198,59,5,
11,47543201,170,164,
11,47543204,330,72,
11,47543943,462,166,
11,47544114,9,0,
11,47544175,44,17,
11,47544238,95,23,
11,47544665,29,0,
11,47544980,411,383,
11,47545355,31,8,
11,47545594,57,9,
11,47545607,297,60,
11,47546679,72,4,
11,47546775,98,25,30
11,47546911,64,9,
11,47546998,24,6,
11,47547009,535,369,
11,47547508,224,41,
11,47547602,127,66,
11,47547843,133,19,
11,47548013,195,58,
11,47548164,130,19,
11,47549128,218,52,19
11,47549160,179,94,
11,47549197,21,10,
11,47549586,71,21,
11,47549649,108,168,
11,47549824,347,72,
11,47550282,633,329,
11,47550433,126,26,24
11,47550726,167,234,
11,47550878,309,171,
11,47552562,331,146,
11,47552643,87,14,
11,47552684,15,5,
11,47553185,327,111,
11,47553516,90,84,
11,47553573,140,74,
11,47553717,460,92,
11,47553766,6,3,
11,47553798,813,233,
11,47553910,97,82,
11,47553957,42,9,
11,47554493,87,34,
11,47554773,787,612,
11,47554948,92,181,
11,47555035,67,20,
11,47555093,30,16,
11,47555115,78,34,
11,47555273,222,130,
11,47555427,22,18,
11,47555492,14,0,
11,47555556,663,250,
11,47555642,34,13,
11,47555814,43,4,
11,47555915,87,59,
11,47556001,58,8,
11,47556033,80,6,
11,47556063,127,41,
11,47556074,56,5,
11,47556076,134,92,
11,47556116,101,19,
11,47556267,90,7,
11,47556290,378,68,
11,47556359,241,56,
11,47556729,1394,252,
11,47557064,196,70,
11,47557160,43,1,
11,47557166,259,185,
11,47557171,141,15,11
11,47557179,11,1,
11,47557185,215,144,
11,47557299,72,15,
11,47557392,76,23,
11,47557901,149,240,
11,47557924,9,0,
11,47557960,503,112,
11,47558073,28,3,
11,47558094,110,16,
11,47558101,72,12,10
11,47558195,39,23,
11,47558284,27,2,
11,47558372,194,136,
11,47558581,58,59,
11,47558733,138,11,29
11,47558782,129,53,
11,47558843,20,3,
11,47558867,66,49,
11,47558997,394,220,
11,47559056,35,13,
11,47559323,38,5,
11,47559481,228,137,
11,47559788,37,23,
11,47560270,50,1,
11,47560724,10,1,
11,47560981,62,86,
11,47561132,47,20,
11,47561297,188,102,
11,47561470,36,15,
11,47561489,787,449,
11,47561496,90,61,
11,47561711,576,263,
11,47561819,345,246,
11,47562288,84,75,
11,47562342,54,9,21
11,47562440,14,0,
11,47562462,5,0,
11,47562575,13,0,
11,47562624,8,0,
11,47562927,45,14,
11,47562961,79,18,7
11,47562994,3,0,
11,47563007,114,139,
11,47563039,26,3,
11,47563054,9,0,
11,47563063,4,1,
11,47563103,96,46,
11,47563177,20,9,
11,47563373,7,0,
11,47563384,442,204,
11,47563486,15,0,
11,47563599,9,0,
11,47563655,605,172,
11,47563978,100,8,
11,47564025,10,4,
11,47564188,10,5,
11,47564245,317,160,
11,47564246,84,64,
11,47564421,684,258,
11,47564469,236,166,
11,47564579,100,25,
11,47564620,12,7,
11,47564699,3,0,
11,47564930,26,9,
11,47564996,5,0,
11,47565075,83,69,
11,47565264,126,26,
11,47565307,6,0,
11,47565316,403,262,
11,47565365,313,412,
11,47565542,19,5,
11,47565652,21,2,
11,47565798,17,7,
11,47565831,37,39,
11,47565848,47,74,
11,47565955,15,1,
11,47566140,95,15,
11,47566143,379,532,
11,47566332,99,39,
11,47566336,44,5,
11,47566362,25,23,
11,47566392,12,0,
11,47566442,556,269,
11,47566513,37,15,
11,47566653,147,139,
11,47566702,91,55,
11,47566865,972,615,
11,47566960,151,72,
11,47567049,72,14,
11,47567183,56,33,
11,47567222,9,1,
11,47567242,148,60,
11,47567790,54,4,
11,47568028,268,304,
11,47568080,97,32,
11,47568146,12,1,
11,47568884,80,61,
11,47569150,25,1,
11,47569438,15,16,
11,47569471,412,210,
11,47569502,312,165,
11,47569715,13,3,
11,47569773,36,46,
11,47569837,63,53,
11,47569923,7,1,
11,47570269,1586,640,
11,47570435,149,63,
11,47570547,62,8,
11,47570650,45,0,
11,47570666,354,90,
11,47570940,300,54,
11,47571183,104,32,4
11,47571279,316,237,
11,47571330,182,40,
11,47571376,281,115,
11,47571401,40,24,
11,47571495,168,51,
11,47571513,25,16,
11,47571705,9,1,
11,47571746,39,39,
11,47572000,67,18,
11,47572063,7,0,
11,47572162,95,58,
11,47572325,11,0,
11,47572714,4,1,
11,47572748,77,75,
11,47572771,212,90,
11,47572857,12,11,
11,47573140,8,0,
11,47573420,370,518,
11,47573450,32,7,3
11,47573519,732,236,
11,47573574,4,0,
11,47573887,337,214,
11,47574034,766,259,
11,47574083,72,12,
11,47574128,11,2,
11,47574346,94,51,
11,47574562,7,1,
11,47574574,20,0,
11,47574712,6,0,
11,47574714,5,1,
11,47574748,6,1,
11,47574851,11,0,
11,47574862,21,0,
11,47574960,37,4,
11,47575039,13,5,13
11,47575062,9,3,
11,47575403,482,233,
11,47575417,94,38,
11,47575616,310,154,
11,47575757,5,0,
11,47575910,17,4,
11,47575935,101,16,
11,47575950,63,43,
11,47576055,126,92,
11,47576317,212,93,
11,47576444,19,1,
11,47576462,12,0,
11,47576664,14,5,
11,47576672,22,7,
11,47576687,54,11,
11,47576861,328,123,
11,47576904,26,4,
11,47576978,135,37,
11,47577032,69,56,
11,47577120,100,35,
11,47577347,10,10,
11,47577746,7,0,
11,47577761,666,267,
11,47577899,73,84,
11,47577933,18,0,
11,47577979,72,28,
11,47578086,248,167,
11,47578109,55,82,
11,47578444,7,0,
11,47578464,85,6,
11,47578572,403,213,
11,47578599,65,5,
11,47578741,158,147,
11,47578855,111,165,
11,47578918,15,15,
11,47578991,10,17,
11,47579182,48,22,
11,47579217,46,6,
11,47579221,25,32,
11,47579229,270,109,
11,47579265,28,6,
11,47579337,32,2,
11,47579448,12,0,
11,47579456,3,1,
11,47579666,6,0,
11,47579727,8,2,
11,47579754,167,26,
11,47579818,41,7,
11,47579934,6,0,
11,47579977,19,10,
11,47580063,21,0,
11,47580210,12,3,
11,47580221,5,0,
11,47580271,17,0,
11,47580297,323,332,
11,47580350,245,99,
11,47580528,9,0,
11,47580538,14,0,
11,47580841,19,30,
11,47580870,6,0,
11,47580891,80,7,
11,47580910,64,17,
11,47581249,19,1,
11,47581362,15,0,
11,47581614,11,0,
11,47581701,459,158,
11,47581721,70,32,
11,47582043,841,577,
11,47582056,87,51,
11,47582095,4,1,
11,47582218,16,2,
11,47582220,1855,745,22
11,47582322,28,3,
11,47582418,82,32,
11,47582482,620,349,
11,47582537,7,1,
11,47582622,26,0,
11,47582671,31,4,
11,47582675,9,0,
11,47582753,9,0,
11,47582786,10,4,
11,47582792,22,2,
11,47582877,65,7,
11,47582930,5,0,
11,47582952,10,0,
11,47582984,586,359,
11,47582990,79,31,
11,47583045,302,105,
11,47583499,5,0,
11,47583532,38,3,
11,47583582,13,4,
11,47583959,69,18,
11,47584101,11,3,
11,47584454,9,2,
11,47584540,1995,981,
11,47584558,10,1,
11,47584694,5,0,
11,47584795,354,963,15
11,47584841,15,6,
11,47584942,15,3,
11,47585008,60,14,
11,47585161,46,9,
11,47585192,16,8,
11,47585645,52,8,
11,47585860,31,2,
11,47585886,8,4,
11,47585892,4,1,
11,47585974,143,39,
11,47586018,140,223,
11,47586176,308,196,
11,47586614,339,104,20
11,47586778,1218,492,14
11,47586814,103,108,
11,47587050,8,0,
11,47587191,5,2,
11,47587543,13,2,
11,47587597,66,62,
11,47587631,91,38,
11,47587866,528,188,
11,47587935,876,798,
11,47587953,254,407,17
11,47588324,45,17,
11,47588349,137,44,
11,47588410,18,4,
11,47588520,12,0,
11,47588622,7,0,
11,47588632,15,0,
11,47588658,287,90,
11,47588776,7,0,
11,47588996,7,0,
11,47589011,192,100,
11,47589111,50,14,
11,47589167,8,0,
11,47589370,46,28,
11,47589419,31,7,
11,47589432,10,3,
11,47589451,11,4,
11,47589494,13,0,
11,47589567,59,28,
11,47589732,30,0,
11,47589735,9,4,
11,47589791,8,1,
11,47589797,20,8,
11,47589818,205,61,28
11,47589856,161,47,26
11,47589900,21,2,
11,47590148,39,41,
11,47590153,6,0,
11,47590194,5,0,
11,47590230,5,0,
11,47590261,28,14,
11,47590281,8,0,
11,47590348,9,0,
11,47590389,8,8,
11,47590526,28,10,
11,47591104,447,92,
11,47591125,10,2,
11,47591208,73,63,
11,47591250,13,3,
11,47591341,11,0,
11,47591428,6,0,
11,47591471,8,4,
11,47591488,16,2,
11,47591560,5,0,
11,47591598,3,1,
11,47591686,9,1,
11,47591712,5,0,
11,47591819,22,1,
11,47591834,8,5,
11,47591859,4,0,
11,47591928,468,112,
11,47591931,11,0,
11,47592047,23,4,
11,47592113,38,1,
11,47592280,5,0,
11,47592297,8,1,
11,47592392,27,8,
11,47592462,118,60,
11,47592598,5,0,
11,47592626,39,19,
11,47592660,10,2,
11,47592687,4,0,
11,47592755,461,407,16
11,47592773,11,0,
11,47592933,11,0,
11,47592939,27,13,
11,47593015,26,1,
11,47593046,10,2,
11,47593081,7,0,
11,47593244,6,1,
11,47593285,241,46,12
11,47593303,23,0,
11,47593351,7,0,
11,47593422,286,117,9
11,47593473,13,3,
11,47593556,365,101,6
11,47593620,6,1,
11,47593627,10,0,
11,47593634,110,42,25
11,47593689,11,0,
11,47593716,8,0,
11,47593919,6,1,
11,47593958,15,1,
11,47594009,7,0,
11,47594149,7,1,
11,47594159,8,1,
11,47594181,11,1,
11,47594208,15,0,
11,47594384,6,0,
11,47594637,7,2,
11,47594804,26,3,
11,47594816,22,0,
11,47594831,16,1,
11,47594840,20,8,
11,47594887,6,2,
11,47595019,3,0,
11,47595048,9,1,
11,47595068,13,3,
11,47595291,7,2,
11,47595546,14,4,
11,47595572,160,124,17
11,47595620,233,86,
11,47595634,9,2,
11,47595658,7,0,
11,47595702,9,3,
11,47595712,31,6,
11,47595721,16,11,
11,47595832,7,0,
11,47595865,218,65,
11,47595956,32,7,
11,47596091,7,1,
11,47596125,14,3,
11,47596150,7,0,
11,47596272,4,1,
11,47596299,6,0,
11,47596300,7,2,
11,47596363,7,0,
11,47596452,9,0,
11,47596457,32,13,23
11,47596508,5,1,
11,47596554,5,1,
11,47596631,13,1,
11,47596781,7,0,
11,47597085,529,149,1
11,47597119,71,18,5
11,47597151,8,2,
11,47597270,6,1,
11,47597345,5,0,
11,47597435,9,0,
11,47597651,30,3,
11,47597764,13,7,
11,47597908,10,2,24
11,47597929,5,1,
11,47597935,161,41,2
11,47598105,7,1,
11,47598354,4,0,
11,47598378,17,6,5
11,47598415,18,11,
11,47598803,9,1,
11,47598991,8,3,
12,47539767,121,13,
12,47539825,394,258,
12,47540383,354,350,
12,47540388,132,136,
12,47540833,660,533,
12,47540903,109,63,
12,47540929,141,152,
12,47541156,10,0,
12,47541438,24,8,
12,47541733,193,24,11
12,47541746,137,32,
12,47541969,196,61,
12,47542057,608,483,
12,47542142,67,35,
12,47542259,26,7,
12,47542545,44,6,
12,47542595,14,0,
12,47542640,17,2,
12,47542644,245,54,
12,47542695,762,611,
12,47542998,26,0,
12,47543139,622,266,
12,47543167,465,535,
12,47543186,156,37,
12,47543189,91,87,
12,47543198,59,5,
12,47543201,170,164,
12,47543204,330,72,
12,47543943,462,166,
12,47544114,9,0,
12,47544175,44,17,
12,47544238,95,23,
12,47544665,29,0,
12,47544980,411,383,
12,47545355,31,8,
12,47545594,57,9,
12,47545607,297,60,
12,47546679,72,4,
12,47546775,100,27,
12,47546911,64,9,
12,47546998,24,6,
12,47547009,535,371,
12,47547508,224,41,
12,47547602,127,66,
12,47547843,133,19,
12,47548013,195,58,
12,47548164,130,19,
12,47549128,228,56,21
12,47549160,179,94,
12,47549197,21,10,
12,47549586,71,21,
12,47549649,108,168,
12,47549824,347,72,
12,47550282,633,329,
12,47550433,127,26,29
12,47550726,167,234,
12,47550878,310,171,
12,47552562,332,147,
12,47552643,87,14,
12,47552684,15,5,
12,47553185,328,111,
12,47553516,90,84,
12,47553573,140,74,
12,47553717,460,92,
12,47553766,6,3,
12,47553798,813,233,
12,47553910,97,82,
12,47553957,42,9,
12,47554493,87,34,
12,47554773,787,612,
12,47554948,92,181,
12,47555035,67,20,
12,47555093,30,16,
12,47555115,78,34,
12,47555273,222,130,
12,47555427,22,18,
12,47555492,14,0,
12,47555556,664,250,
12,47555642,34,13,
12,47555814,43,4,
12,47555915,88,59,
12,47556001,58,8,
12,47556033,80,6,
12,47556063,127,41,
12,47556074,56,5,
12,47556076,135,94,
12,47556116,101,19,
12,47556267,90,7,
12,47556290,378,68,
12,47556359,241,56,
12,47556729,1394,252,
12,47557064,196,70,
12,47557160,43,1,
12,47557166,259,185,
12,47557171,147,16,12
12,47557179,11,1,
12,47557185,215,144,
12,47557299,72,15,
12,47557392,76,23,
12,47557901,149,240,
12,47557921,5,3,
12,47557924,9,0,
12,47557960,503,112,
12,47558073,28,3,
12,47558094,110,16,
12,47558101,74,13,15
12,47558195,39,23,
12,47558284,27,2,
12,47558372,194,136,
12,47558581,58,59,
12,47558733,141,11,
12,47558782,129,53,
12,47558843,20,3,
12,47558867,66,49,
12,47558997,394,220,
12,47559056,35,13,
12,47559323,38,5,
12,47559481,228,137,
12,47559788,37,23,
12,47560017,13,0,30
12,47560270,50,1,
12,47560724,10,1,
12,47560981,62,86,
12,47561132,47,20,
12,47561297,188,102,
12,47561470,36,15,
12,47561489,787,449,
12,47561496,90,61,
12,47561711,576,263,
12,47561819,345,246,
12,47562288,84,75,
12,47562342,58,10,23
12,47562440,14,0,
12,47562462,5,0,
12,47562575,13,0,
12,47562624,8,0,
12,47562927,45,14,
12,47562961,88,20,9
12,47562994,3,0,
12,47563007,114,139,
12,47563039,26,3,
12,47563054,9,0,
12,47563063,4,1,
12,47563103,96,46,
12,47563177,20,9,
12,47563373,7,0,
12,47563384,442,204,
12,47563486,15,0,
12,47563599,9,0,
12,47563655,605,172,
12,47563978,100,8,
12,47564025,10,4,
12,47564188,10,5,
12,47564245,317,160,
12,47564246,84,64,
12,47564421,684,258,
12,47564469,237,166,
12,47564579,100,25,
12,47564620,12,7,
12,47564699,3,0,
12,47564930,26,9,
12,47564996,5,0,
12,47565075,83,69,
12,47565264,126,26,
12,47565307,6,0,
12,47565316,404,262,
12,47565365,313,412,
12,47565542,19,5,
12,47565652,21,2,
12,47565798,17,7,
12,47565831,37,39,
12,47565848,47,74,
12,47565955,15,1,
12,47566140,95,15,
12,47566143,379,532,
12,47566332,100,39,
12,47566336,44,5,
12,47566362,25,23,
12,47566392,12,0,
12,47566442,559,269,
12,47566513,37,15,
12,47566653,147,139,
12,47566702,91,55,
12,47566865,973,615,
12,47566960,151,72,
12,47567049,72,14,
12,47567183,56,33,
12,47567222,9,1,
12,47567242,149,60,
12,47567790,54,4,
12,47568028,268,304,
12,47568146,12,2,
12,47568884,80,61,
12,47569150,25,1,
12,47569438,15,16,
12,47569471,413,210,
12,47569502,312,165,
12,47569715,13,3,
12,47569773,36,46,
12,47569837,63,53,
12,47569923,7,1,
12,47570269,1587,640,
12,47570435,149,63,
12,47570547,62,8,
12,47570650,45,0,
12,47570666,354,91,
12,47570940,300,54,
12,47571183,121,45,5
12,47571279,316,237,
12,47571330,185,42,
12,47571376,281,115,
12,47571401,40,24,
12,47571495,168,51,
12,47571513,25,16,
12,47571705,9,1,
12,47571746,39,39,
12,47572000,67,18,
12,47572162,95,58,
12,47572325,11,0,
12,47572714,4,1,
12,47572748,77,75,
12,47572771,212,90,
12,47572857,12,11,
12,47573140,8,0,
12,47573420,370,518,
12,47573450,48,12,3
12,47573519,732,236,
12,47573574,4,0,
12,47573887,337,214,
12,47574034,766,259,
12,47574083,72,12,
12,47574346,94,51,
12,47574574,20,0,
12,47574714,5,1,
12,47574748,6,1,
12,47574851,12,0,
12,47574862,21,0,
12,47574960,43,5,
12,47575039,15,5,16
12,47575062,9,3,
12,47575403,482,233,
12,47575417,94,38,
12,47575616,310,154,
12,47575757,5,0,
12,47575910,17,4,
12,47575935,101,16,
12,47575950,63,43,
12,47576055,127,92,
12,47576317,212,93,
12,47576444,19,1,
12,47576462,12,0,
12,47576664,14,5,
12,47576672,22,7,
12,47576687,54,11,
12,47576861,328,123,
12,47576904,26,4,
12,47576978,135,37,
12,47577032,70,56,
12,47577120,100,35,
12,47577347,10,10,
12,47577746,7,0,
12,47577761,667,268,
12,47577899,73,85,
12,47577933,18,0,
12,47577979,72,28,
12,47578086,248,167,
12,47578109,56,82,
12,47578444,7,0,
12,47578464,85,6,
12,47578572,403,214,
12,47578599,65,5,
12,47578741,158,147,
12,47578855,111,166,
12,47578918,15,15,
12,47578991,10,17,
12,47579182,48,22,
12,47579217,46,6,
12,47579221,26,34,
12,47579229,270,109,
12,47579265,28,6,
12,47579337,32,2,
12,47579448,12,0,
12,47579456,3,1,
12,47579666,6,0,
12,47579727,8,2,
12,47579754,168,26,
12,47579818,41,7,
12,47579934,6,0,
12,47579977,19,10,
12,47580063,21,0,
12,47580210,12,3,
12,47580221,5,0,
12,47580271,17,0,
12,47580297,323,332,
12,47580350,245,100,
12,47580528,9,0,
12,47580538,14,0,
12,47580841,20,30,
12,47580870,6,0,
12,47580891,80,7,
12,47580910,64,17,
12,47581136,5,3,
12,47581249,19,1,
12,47581362,15,0,
12,47581614,11,0,
12,47581701,459,158,
12,47581721,70,32,
12,47582043,843,582,
12,47582056,88,51,
12,47582095,4,1,
12,47582218,16,2,
12,47582220,1863,752,24
12,47582322,29,3,
12,47582418,82,32,
12,47582482,621,349,
12,47582537,7,1,
12,47582622,26,0,
12,47582671,31,4,
12,47582675,9,0,
12,47582753,9,0,
12,47582786,10,4,
12,47582792,22,2,
12,47582877,65,7,
12,47582930,5,0,
12,47582952,10,0,
12,47582984,588,362,
12,47582990,79,31,
12,47583045,303,105,
12,47583499,5,0,
12,47583532,38,3,
12,47583582,13,4,
12,47583959,70,18,
12,47584101,11,3,
12,47584454,9,2,
12,47584540,2001,984,
12,47584558,10,1,
12,47584694,5,0,
12,47584795,385,1036,17
12,47584841,15,6,
12,47584942,15,3,
12,47585008,60,14,
12,47585161,46,9,
12,47585192,16,8,
12,47585645,52,8,
12,47585860,31,2,
12,47585886,8,4,
12,47585892,4,1,
12,47585974,143,39,
12,47586018,140,223,
12,47586176,310,202,
12,47586614,342,107,22
12,47586778,1236,502,14
12,47586814,103,108,
12,47587050,8,0,
12,47587191,6,2,
12,47587543,14,2,
12,47587597,66,62,
12,47587631,91,38,
12,47587866,533,189,
12,47587935,877,800,
12,47587953,260,418,19
12,47588324,46,18,
12,47588349,139,47,
12,47588410,18,4,
12,47588520,13,0,
12,47588622,7,0,
12,47588632,15,0,
12,47588658,288,90,
12,47588776,8,0,
12,47588996,7,0,
12,47589011,193,100,
12,47589111,50,14,
12,47589370,46,28,
12,47589419,31,7,
12,47589432,10,3,
12,47589451,11,4,
12,47589494,13,0,
12,47589567,59,28,
12,47589732,30,0,
12,47589735,10,4,
12,47589791,8,1,
12,47589797,20,8,
12,47589818,209,63,
12,47589856,168,47,
12,47589900,21,2,
12,47590148,39,41,
12,47590153,6,0,
12,47590194,5,0,
12,47590230,5,0,
12,47590261,28,14,
12,47590281,8,0,
12,47590348,9,0,
12,47590389,8,8,
12,47590526,28,10,
12,47591104,449,92,
12,47591125,11,2,
12,47591208,73,63,
12,47591250,13,3,
12,47591341,11,0,
12,47591428,7,0,
12,47591471,9,4,
12,47591488,16,2,
12,47591560,5,0,
12,47591598,3,1,
12,47591686,9,1,
12,47591712,5,0,
12,47591819,22,1,
12,47591834,8,5,
12,47591859,4,0,
12,47591928,472,112,
12,47591931,11,0,
12,47592047,23,4,
12,47592113,38,1,
12,47592280,6,0,
12,47592297,8,1,
12,47592392,27,9,
12,47592462,118,62,
12,47592598,5,0,
12,47592626,39,19,
12,47592660,10,3,
12,47592687,4,0,
12,47592755,470,416,20
12,47592773,11,0,
12,47592933,11,0,
12,47592939,27,13,
12,47593015,26,1,
12,47593046,10,2,
12,47593081,7,0,
12,47593244,6,1,
12,47593285,251,47,13
12,47593303,23,0,
12,47593351,7,0,
12,47593422,306,122,10
12,47593473,13,3,
12,47593556,385,108,8
12,47593620,6,1,
12,47593627,10,0,
12,47593634,117,43,27
12,47593689,11,0,
12,47593716,8,0,
12,47593776,10,6,
12,47593919,6,1,
12,47593958,15,1,
12,47594009,8,0,
12,47594149,7,1,
12,47594159,8,1,
12,47594181,11,1,
12,47594208,15,0,
12,47594384,6,0,
12,47594637,7,2,
12,47594804,30,4,
12,47594816,25,0,
12,47594831,16,1,
12,47594840,21,9,
12,47594887,6,2,
12,47595019,3,0,
12,47595048,9,1,
12,47595068,13,3,
12,47595291,8,2,
12,47595546,14,4,
12,47595572,170,131,18
12,47595620,235,85,
12,47595634,9,2,
12,47595658,7,0,
12,47595702,9,3,
12,47595712,31,6,
12,47595721,17,11,
12,47595832,7,0,
12,47595865,221,65,
12,47595956,34,7,
12,47596091,7,1,
12,47596125,14,3,
12,47596150,8,1,
12,47596272,4,1,
12,47596299,6,0,
12,47596300,7,2,
12,47596363,8,0,
12,47596452,9,0,
12,47596457,35,14,
12,47596508,5,1,
12,47596554,5,1,
12,47596631,14,1,
12,47596781,7,0,
12,47597085,610,188,1
12,47597119,90,30,6
12,47597151,8,2,
12,47597270,9,2,
12,47597345,5,0,
12,47597435,11,0,
12,47597651,34,5,
12,47597764,13,7,
12,47597908,11,2,28
12,47597929,6,1,
12,47597935,195,47,2
12,47598035,7,0,
12,47598105,8,1,
12,47598354,4,0,
12,47598378,36,54,
12,47598415,23,18,
12,47598511,72,47,4
12,47598634,10,6,26
12,47598905,4,0,
12,47598991,8,3,
12,47599303,14,8,
12,47599510,20,5,25
12,47599523,8,0,
13,47539767,122,13,
13,47539825,394,258,
13,47539945,8,1,17
13,47540383,354,350,
13,47540388,132,136,
13,47540833,661,533,
13,47540903,111,63,
13,47540929,141,152,
13,47541438,24,8,
13,47541733,201,30,14
13,47541746,137,36,
13,47541969,197,61,
13,47542057,608,483,
13,47542142,67,35,
13,47542259,26,7,
13,47542545,44,7,
13,47542595,14,0,
13,47542640,17,2,
13,47542644,245,54,
13,47542695,762,611,
13,47542998,26,0,
13,47543139,622,266,
13,47543167,465,535,
13,47543186,156,37,
13,47543189,91,87,
13,47543198,59,5,
13,47543201,170,164,
13,47543204,330,72,
13,47543943,462,166,
13,47544175,44,17,
13,47544238,95,23,
13,47544665,29,0,
13,47544980,411,383,
13,47545355,31,8,
13,47545594,57,9,
13,47545607,297,60,
13,47546679,72,4,
13,47546775,105,27,
13,47546911,64,9,
13,47546998,24,6,
13,47547009,535,371,
13,47547508,224,41,
13,47547602,127,66,
13,47547843,134,19,
13,47548013,195,58,
13,47548164,130,19,
13,47549128,235,57,26
13,47549160,179,94,
13,47549197,21,10,
13,47549586,71,21,
13,47549649,108,168,
13,47549824,347,72,
13,47550282,633,329,
13,47550433,132,26,
13,47550726,167,234,
13,47550878,311,171,
13,47552562,332,150,
13,47552643,87,14,
13,47552684,15,5,
13,47553185,328,111,
13,47553516,90,84,
13,47553573,140,74,
13,47553717,460,93,
13,47553766,6,3,
13,47553798,813,233,
13,47553910,97,83,
13,47553957,42,9,
13,47554493,87,34,
13,47554773,787,612,
13,47554948,92,181,
13,47555035,67,20,
13,47555093,30,16,
13,47555115,78,34,
13,47555273,223,130,
13,47555427,22,18,
13,47555492,14,0,
13,47555556,664,250,
13,47555642,34,13,
13,47555814,43,4,
13,47555915,88,59,
13,47556001,58,8,
13,47556033,80,6,
13,47556063,127,41,
13,47556074,58,6,
13,47556076,136,94,
13,47556116,102,19,
13,47556267,90,7,
13,47556290,378,68,
13,47556359,241,56,
13,47556729,1394,252,
13,47557064,196,70,
13,47557160,44,1,
13,47557166,259,186,
13,47557171,155,16,15
13,47557179,11,1,
13,47557185,215,144,
13,47557299,72,15,
13,47557392,76,23,
13,47557901,149,240,
13,47557924,9,0,
13,47557960,503,112,
13,47558073,28,3,
13,47558094,110,16,
13,47558101,77,15,22
13,47558195,39,23,
13,47558284,27,2,
13,47558372,194,136,
13,47558581,58,59,
13,47558733,142,11,
13,47558782,129,53,
13,47558843,20,3,
13,47558867,66,49,
13,47558997,394,220,
13,47559056,35,13,
13,47559323,38,5,
13,47559481,228,137,
13,47559788,37,23,
13,47560017,22,0,29
13,47560270,50,1,
13,47560724,10,1,
13,47560981,62,86,
13,47561132,47,20,
13,47561297,188,102,
13,47561470,36,15,
13,47561489,787,450,
13,47561496,90,61,
13,47561711,576,263,
13,47561819,345,246,
13,47562288,84,75,
13,47562342,60,14,
13,47562440,14,0,
13,47562462,5,0,
13,47562575,13,0,
13,47562624,8,0,
13,47562927,45,14,
13,47562961,105,23,10
13,47562994,3,0,
13,47563007,114,139,
13,47563039,26,3,
13,47563054,9,0,
13,47563063,4,1,
13,47563103,96,46,
13,47563177,20,9,
13,47563373,7,0,
13,47563384,442,204,
13,47563486,15,0,
13,47563599,9,0,
13,47563655,605,172,
13,47563978,100,8,
13,47564025,10,4,
13,47564188,10,5,
13,47564245,317,160,
13,47564246,84,64,
13,47564421,684,258,
13,47564469,237,166,
13,47564579,100,25,
13,47564620,12,7,
13,47564699,3,0,
13,47564930,26,9,
13,47564996,5,0,
13,47565075,83,69,
13,47565264,126,26,
13,47565307,6,0,
13,47565316,404,262,
13,47565365,313,413,
13,47565542,19,5,
13,47565652,21,2,
13,47565798,17,7,
13,47565831,37,39,
13,47565848,47,74,
13,47565955,15,1,
13,47566140,95,15,
13,47566143,379,532,
13,47566332,100,39,
13,47566336,44,5,
13,47566362,25,23,
13,47566392,12,0,
13,47566442,562,269,
13,47566513,37,15,
13,47566653,147,139,
13,47566702,91,55,
13,47566865,973,615,
13,47566960,151,72,
13,47567049,72,14,
13,47567183,56,33,
13,47567222,9,1,
13,47567242,149,60,
13,47567790,54,4,
13,47568028,269,304,
13,47568146,12,2,
13,47568884,80,61,
13,47569150,25,1,
13,47569438,15,16,
13,47569471,413,210,
13,47569502,312,165,
13,47569715,13,3,
13,47569773,36,47,
13,47569837,63,53,
13,47569923,7,1,
13,47570269,1587,640,
13,47570435,149,63,
13,47570547,62,8,
13,47570650,45,0,
13,47570666,354,91,
13,47570940,300,54,
13,47571183,132,49,7
13,47571279,316,237,
13,47571330,186,42,
13,47571376,281,115,
13,47571401,40,24,
13,47571495,168,51,
13,47571513,25,16,
13,47571705,9,1,
13,47571746,39,39,
13,47572000,67,18,
13,47572162,95,58,
13,47572714,4,1,
13,47572748,77,75,
13,47572771,212,90,
13,47572857,12,11,
13,47573140,8,0,
13,47573420,370,518,
13,47573450,66,13,6
13,47573519,732,236,
13,47573574,4,0,
13,47573887,337,214,
13,47574034,766,259,
13,47574083,72,12,
13,47574346,94,51,
13,47574574,20,0,
13,47574714,5,1,
13,47574748,6,1,
13,47574851,12,0,
13,47574862,21,0,
13,47574960,44,5,
13,47575039,16,8,24
13,47575062,9,3,
13,47575403,482,233,
13,47575417,94,38,
13,47575616,310,154,
13,47575757,5,0,
13,47575910,17,4,
13,47575935,101,16,
13,47575950,63,43,
13,47576055,127,92,
13,47576317,212,93,
13,47576444,19,1,
13,47576462,12,0,
13,47576664,14,5,
13,47576672,22,7,
13,47576687,54,11,
13,47576861,328,123,
13,47576904,26,4,
13,47576978,135,37,
13,47577032,70,56,
13,47577120,101,35,
13,47577347,10,10,
13,47577746,7,0,
13,47577761,670,268,
13,47577899,73,85,
13,47577933,18,0,
13,47577979,72,28,
13,47578086,248,167,
13,47578109,56,82,
13,47578444,7,0,
13,47578464,85,6,
13,47578572,403,214,
13,47578599,65,5,
13,47578741,158,147,
13,47578855,112,170,
13,47578918,15,15,
13,47578991,10,17,
13,47579182,48,22,
13,47579217,46,6,
13,47579221,26,34,
13,47579229,270,109,
13,47579265,28,6,
13,47579337,32,2,
13,47579448,12,0,
13,47579456,3,1,
13,47579666,6,0,
13,47579727,8,2,
13,47579754,169,26,
13,47579818,41,7,
13,47579934,6,0,
13,47579977,19,10,
13,47580063,21,0,
13,47580210,12,3,
13,47580221,5,0,
13,47580271,17,0,
13,47580297,323,332,
13,47580350,245,100,
13,47580528,9,0,
13,47580538,14,0,
13,47580841,20,30,
13,47580870,6,0,
13,47580891,80,7,
13,47580910,64,17,
13,47581136,5,3,
13,47581249,19,1,
13,47581362,15,0,
13,47581614,11,0,
13,47581701,461,158,
13,47581721,70,32,
13,47582043,843,584,
13,47582056,88,51,
13,47582095,4,1,
13,47582218,16,2,
13,47582220,1873,754,30
13,47582322,29,3,
13,47582418,82,32,
13,47582482,623,349,
13,47582537,7,1,
13,47582622,26,0,
13,47582671,31,4,
13,47582675,9,0,
13,47582753,9,0,
13,47582786,10,4,
13,47582792,22,2,
13,47582877,65,7,
13,47582930,5,0,
13,47582952,10,0,
13,47582984,588,362,
13,47582990,79,31,
13,47583045,303,105,
13,47583499,5,0,
13,47583532,38,3,
13,47583582,13,4,
13,47583959,71,18,
13,47584101,11,3,
13,47584454,9,2,
13,47584540,2006,990,
13,47584558,10,1,
13,47584694,5,0,
13,47584795,413,1096,20
13,47584841,15,6,
13,47584942,15,3,
13,47585008,60,14,
13,47585161,46,9,
13,47585192,16,8,
13,47585645,52,8,
13,47585860,31,2,
13,47585886,8,4,
13,47585892,4,1,
13,47585974,144,39,
13,47586018,140,226,
13,47586176,311,203,
13,47586614,351,110,27
13,47586778,1252,507,19
13,47586814,103,108,
13,47587050,8,0,
13,47587191,6,2,
13,47587543,14,2,
13,47587597,67,62,
13,47587631,92,38,
13,47587866,536,192,
13,47587935,880,802,
13,47587953,268,426,23
13,47588324,48,19,
13,47588349,140,47,
13,47588410,18,4,
13,47588520,13,0,
13,47588622,7,0,
13,47588632,15,0,
13,47588658,288,91,
13,47588776,8,0,
13,47588996,7,0,
13,47589011,193,100,
13,47589111,51,14,
13,47589370,46,28,
13,47589419,31,7,
13,47589432,10,3,
13,47589451,11,4,
13,47589494,13,0,
13,47589567,62,29,
13,47589732,30,0,
13,47589735,10,5,
13,47589791,8,1,
13,47589797,20,8,
13,47589818,210,64,
13,47589856,171,47,
13,47589900,21,2,
13,47590148,39,41,
13,47590153,6,0,
13,47590194,5,0,
13,47590261,28,14,
13,47590281,8,1,
13,47590389,9,8,
13,47590526,29,10,
13,47591104,450,92,
13,47591125,11,2,
13,47591208,74,64,
13,47591250,13,3,
13,47591341,11,0,
13,47591428,8,0,
13,47591471,9,4,
13,47591488,16,2,
13,47591560,5,0,
13,47591598,3,1,
13,47591686,9,1,
13,47591712,5,0,
13,47591819,22,1,
13,47591834,9,5,
13,47591859,4,0,
13,47591928,474,112,
13,47591931,11,0,
13,47592047,24,4,
13,47592113,38,1,
13,47592280,6,0,
13,47592297,8,1,
13,47592392,28,10,
13,47592462,122,63,
13,47592598,5,0,
13,47592626,40,19,
13,47592660,10,3,
13,47592687,4,0,
13,47592755,477,436,25
13,47592773,11,0,
13,47592933,11,0,
13,47592939,27,13,
13,47593015,27,1,
13,47593046,10,2,
13,47593081,7,0,
13,47593244,6,1,
13,47593285,257,49,18
13,47593303,24,0,
13,47593351,7,0,
13,47593422,318,125,12
13,47593473,14,3,
13,47593556,409,120,11
13,47593620,6,1,
13,47593627,10,0,
13,47593634,122,43,
13,47593689,11,0,
13,47593716,8,0,
13,47593776,10,6,
13,47593919,6,1,
13,47593958,16,1,
13,47594009,8,0,
13,47594149,7,1,
13,47594159,8,1,
13,47594181,11,1,
13,47594208,15,0,
13,47594384,6,0,
13,47594637,8,2,
13,47594804,34,7,
13,47594816,25,0,
13,47594831,16,1,
13,47594840,22,9,
13,47594887,6,2,
13,47595019,3,0,
13,47595048,9,1,
13,47595068,14,3,
13,47595291,9,2,
13,47595546,14,4,
13,47595572,184,136,21
13,47595620,236,90,
13,47595634,9,2,
13,47595658,7,0,
13,47595702,9,3,
13,47595712,31,6,
13,47595721,17,11,
13,47595832,7,0,
13,47595865,222,65,
13,47595956,34,7,
13,47596091,7,1,
13,47596125,14,3,
13,47596150,8,1,
13,47596272,4,1,
13,47596299,6,0,
13,47596300,7,2,
13,47596363,9,0,
13,47596452,9,0,
13,47596457,36,14,
13,47596508,5,1,
13,47596554,5,1,
13,47596631,14,1,
13,47596781,7,0,
13,47597085,698,231,1
13,47597119,105,36,8
13,47597151,8,2,
13,47597270,10,2,
13,47597345,5,0,
13,47597435,11,0,
13,47597651,36,7,
13,47597764,13,7,
13,47597908,11,2,
13,47597929,6,1,
13,47597935,222,50,3
13,47598035,8,1,
13,47598105,8,1,
13,47598193,4,0,
13,47598354,5,0,
13,47598378,37,64,
13,47598415,24,23,
13,47598511,184,154,5
13,47598905,4,0,
13,47599016,4,0,
13,47599119,6,1,
13,47599303,19,17,
13,47599510,36,38,28
13,47599771,10,3,13
13,47599956,26,20,2
13,47599970,8,1,
13,47600244,15,31,16
13,47600382,32,7,4
13,47600434,9,0,
14,47539767,122,13,
14,47539825,394,258,
14,47539945,32,5,7
14,47540383,354,350,
14,47540388,132,136,
14,47540833,661,533,
14,47540903,111,63,
14,47540929,141,152,
14,47541438,24,8,
14,47541733,208,34,15
14,47541746,138,37,
14,47541969,197,61,
14,47542057,608,484,
14,47542142,67,35,
14,47542259,26,7,
14,47542545,45,9,
14,47542595,14,0,
14,47542640,17,2,
14,47542644,245,54,
14,47542695,763,611,
14,47542998,26,0,
14,47543139,622,266,
14,47543167,465,535,
14,47543186,156,37,
14,47543189,91,87,
14,47543198,59,5,
14,47543201,170,164,
14,47543204,330,72,
14,47543943,462,166,
14,47544175,44,17,
14,47544238,95,23,
14,47544665,29,0,
14,47544980,411,383,
14,47545355,31,8,
14,47545594,57,9,
14,47545607,297,60,
14,47546679,72,4,
14,47546775,105,26,
14,47546911,64,9,
14,47546998,24,6,
14,47547009,535,372,
14,47547508,224,41,
14,47547602,127,66,
14,47547843,136,19,
14,47548013,195,58,
14,47548164,130,19,
14,47549128,246,58,24
14,47549160,179,94,
14,47549197,21,10,
14,47549586,71,21,
14,47549649,108,168,
14,47549824,347,72,
14,47550282,633,330,
14,47550433,132,30,
14,47550878,311,171,
14,47552562,332,150,
14,47552643,87,14,
14,47553185,328,111,
14,47553516,90,84,
14,47553573,140,74,
14,47553717,460,92,
14,47553766,6,3,
14,47553798,813,233,
14,47553910,97,84,
14,47553957,42,9,
14,47554493,87,34,
14,47554773,787,612,
14,47554948,92,181,
14,47555035,67,20,
14,47555093,30,16,
14,47555115,78,34,
14,47555273,223,130,
14,47555427,22,18,
14,47555492,14,0,
14,47555556,664,250,
14,47555642,34,13,
14,47555915,88,59,
14,47556001,58,8,
14,47556033,80,6,
14,47556063,128,41,
14,47556074,58,6,
14,47556076,136,94,
14,47556116,102,19,
14,47556267,90,7,
14,47556290,378,68,
14,47556359,241,56,
14,47556729,1394,252,
14,47557064,196,70,
14,47557166,259,186,
14,47557171,162,20,16
14,47557179,11,1,
14,47557185,215,144,
14,47557299,72,15,
14,47557392,76,23,
14,47557901,149,240,
14,47557924,9,0,
14,47557960,503,112,
14,47558073,28,3,
14,47558094,110,16,
14,47558101,88,16,20
14,47558284,27,2,
14,47558372,194,136,
14,47558581,58,59,
14,47558733,144,11,
14,47558782,129,53,
14,47558843,20,3,
14,47558867,68,50,
14,47558997,394,220,
14,47559056,35,13,
14,47559323,38,5,
14,47559481,228,137,
14,47559788,37,23,
14,47560017,27,1,27
14,47560270,50,1,
14,47560724,10,1,
14,47560981,62,86,
14,47561132,47,20,
14,47561297,188,101,
14,47561470,36,15,
14,47561489,787,450,
14,47561496,90,61,
14,47561711,576,264,
14,47561819,345,246,
14,47562288,84,75,
14,47562342,62,15,
14,47562440,14,0,
14,47562575,13,0,
14,47562624,8,0,
14,47562927,45,14,
14,47562961,119,24,11
14,47562994,3,0,
14,47563007,114,139,
14,47563039,26,3,
14,47563054,9,0,
14,47563063,4,1,
14,47563103,96,46,
14,47563177,20,9,
14,47563373,7,0,
14,47563384,442,204,
14,47563486,15,0,
14,47563599,9,0,
14,47563655,605,173,
14,47563978,100,8,
14,47564025,10,4,
14,47564188,10,5,
14,47564245,317,160,
14,47564246,84,64,
14,47564421,684,258,
14,47564469,237,166,
14,47564579,100,25,
14,47564620,12,7,
14,47564699,3,0,
14,47564930,26,9,
14,47564996,5,0,
14,47565075,83,69,
14,47565264,126,26,
14,47565307,6,0,
14,47565316,404,262,
14,47565365,313,413,
14,47565542,19,5,
14,47565652,21,2,
14,47565798,17,7,
14,47565831,37,39,
14,47565848,47,74,
14,47565955,15,1,
14,47566140,95,15,
14,47566143,379,532,
14,47566332,100,39,
14,47566336,44,5,
14,47566362,25,23,
14,47566392,12,0,
14,47566442,565,269,
14,47566513,37,15,
14,47566653,147,139,
14,47566702,91,55,
14,47566865,973,615,
14,47566960,151,72,
14,47567049,72,14,
14,47567183,56,33,
14,47567222,9,1,
14,47567242,150,61,
14,47567790,54,4,
14,47568028,269,304,
14,47568146,12,2,
14,47568884,80,61,
14,47569150,25,1,
14,47569438,15,16,
14,47569471,413,210,
14,47569502,312,165,
14,47569715,13,3,
14,47569773,36,47,
14,47569837,63,53,
14,47569923,7,1,
14,47570269,1587,640,
14,47570435,149,63,
14,47570547,62,8,
14,47570650,45,0,
14,47570666,354,91,
14,47570940,300,54,
14,47571183,146,58,7
14,47571279,317,237,
14,47571330,187,42,
14,47571376,281,115,
14,47571401,40,24,
14,47571495,168,51,
14,47571513,25,16,
14,47571705,9,1,
14,47571746,39,39,
14,47572000,67,18,
14,47572162,95,58,
14,47572714,4,1,
14,47572748,77,75,
14,47572771,213,90,
14,47572857,12,11,
14,47573140,8,0,
14,47573420,370,518,
14,47573450,81,18,5
14,47573519,732,238,
14,47573574,4,0,
14,47573887,337,214,
14,47574034,767,259,
14,47574083,72,12,
14,47574346,94,51,
14,47574574,20,0,
14,47574714,5,1,
14,47574748,6,1,
14,47574851,12,0,
14,47574862,21,0,
14,47574960,55,6,
14,47575039,22,8,29
14,47575062,9,3,
14,47575403,485,233,
14,47575417,94,38,
14,47575616,310,154,
14,47575757,5,0,
14,47575910,17,4,
14,47575935,101,16,
14,47575950,63,43,
14,47576055,127,92,
14,47576317,212,93,
14,47576444,19,1,
14,47576462,12,0,
14,47576664,14,5,
14,47576672,22,7,
14,47576687,54,11,
14,47576861,328,123,
14,47576904,26,4,
14,47576978,135,37,
14,47577032,70,56,
14,47577120,101,35,
14,47577347,10,10,
14,47577746,7,0,
14,47577761,671,268,
14,47577899,73,85,
14,47577933,18,0,
14,47577979,72,28,
14,47578017,12,2,22
14,47578086,249,167,
14,47578109,56,82,
14,47578444,7,0,
14,47578464,85,6,
14,47578572,403,216,
14,47578599,65,5,
14,47578741,158,147,
14,47578855,112,173,
14,47578918,15,15,
14,47578991,10,17,
14,47579182,48,22,
14,47579217,46,6,
14,47579221,26,34,
14,47579229,271,109,
14,47579265,28,6,
14,47579337,32,2,
14,47579448,12,0,
14,47579456,3,1,
14,47579666,6,0,
14,47579727,8,2,
14,47579754,169,26,
14,47579818,41,7,
14,47579934,6,0,
14,47579977,19,10,
14,47580063,21,0,
14,47580210,12,3,
14,47580221,5,0,
14,47580271,18,0,
14,47580297,323,332,
14,47580350,246,100,
14,47580528,9,0,
14,47580538,14,0,
14,47580841,20,31,
14,47580870,6,0,
14,47580891,80,7,
14,47580910,64,17,
14,47581136,5,3,
14,47581249,19,1,
14,47581362,15,0,
14,47581614,11,0,
14,47581701,463,158,
14,47581721,70,32,
14,47582043,847,585,
14,47582056,88,51,
14,47582095,4,1,
14,47582218,16,2,
14,47582220,1883,759,27
14,47582322,29,3,
14,47582418,82,33,
14,47582482,624,351,
14,47582537,7,1,
14,47582622,26,0,
14,47582671,31,4,
14,47582675,9,0,
14,47582786,10,4,
14,47582792,22,2,
14,47582877,65,7,
14,47582930,5,0,
14,47582952,10,0,
14,47582984,588,362,
14,47582990,79,32,
14,47583045,304,105,
14,47583499,5,0,
14,47583532,38,3,
14,47583582,13,4,
14,47583959,72,18,
14,47584101,11,3,
14,47584454,9,2,
14,47584540,2008,993,
14,47584558,10,1,
14,47584694,5,0,
14,47584795,419,1132,
14,47584841,15,6,
14,47584942,15,3,
14,47585008,60,14,
14,47585161,46,9,
14,47585192,16,8,
14,47585645,52,8,
14,47585860,31,2,
14,47585886,8,4,
14,47585892,4,1,
14,47585974,144,40,
14,47586176,311,207,
14,47586614,354,111,26
14,47586778,1276,519,19
14,47586814,103,108,
14,47587050,8,0,
14,47587191,6,2,
14,47587543,14,2,
14,47587597,69,62,
14,47587631,92,40,
14,47587866,542,192,
14,47587935,883,805,
14,47587953,278,449,23
14,47588324,49,19,
14,47588349,140,47,
14,47588410,18,4,
14,47588520,13,0,
14,47588622,7,0,
14,47588632,15,0,
14,47588658,289,92,
14,47588776,8,0,
14,47588996,7,0,
14,47589011,193,100,
14,47589111,51,15,
14,47589370,47,28,
14,47589419,31,7,
14,47589432,10,3,
14,47589451,11,4,
14,47589494,13,0,
14,47589567,62,29,
14,47589732,33,0,
14,47589735,10,5,
14,47589791,8,1,
14,47589797,20,8,
14,47589818,211,66,
14,47589856,176,47,30
14,47589900,21,2,
14,47590148,39,43,
14,47590153,6,0,
14,47590194,5,0,
14,47590261,28,14,
14,47590281,8,1,
14,47590389,9,8,
14,47590526,29,10,
14,47591104,451,92,
14,47591125,11,2,
14,47591208,74,64,
14,47591250,13,3,
14,47591341,11,0,
14,47591428,8,0,
14,47591471,9,4,
14,47591488,16,2,
14,47591560,5,0,
14,47591598,3,1,
14,47591686,9,1,
14,47591712,5,0,
14,47591819,23,1,
14,47591834,9,5,
14,47591859,4,0,
14,47591928,475,114,
14,47591931,11,0,
14,47592047,25,4,
14,47592113,39,1,
14,47592280,6,0,
14,47592297,8,1,
14,47592392,30,10,
14,47592462,125,65,
14,47592598,5,0,
14,47592626,41,20,
14,47592660,11,3,
14,47592687,4,0,
14,47592755,487,448,25
14,47592773,11,0,
14,47592933,11,0,
14,47592939,27,13,
14,47593015,29,1,
14,47593046,10,2,
14,47593081,7,0,
14,47593244,6,1,
14,47593285,263,51,18
14,47593303,24,0,
14,47593351,7,0,
14,47593422,330,132,14
14,47593473,14,3,
14,47593556,433,128,13
14,47593620,6,1,
14,47593627,11,0,
14,47593634,125,46,
14,47593689,11,0,
14,47593716,8,0,
14,47593776,10,6,
14,47593919,6,1,
14,47593958,17,1,
14,47594009,8,0,
14,47594149,7,1,
14,47594159,9,1,
14,47594181,11,1,
14,47594208,15,0,
14,47594384,6,0,
14,47594637,8,2,
14,47594804,38,8,
14,47594816,27,0,
14,47594831,17,1,
14,47594840,23,9,
14,47594887,6,2,
14,47595019,3,0,
14,47595048,9,1,
14,47595068,14,3,
14,47595291,9,2,
14,47595546,14,4,
14,47595572,194,147,21
14,47595620,237,97,
14,47595634,9,2,
14,47595658,7,0,
14,47595702,9,3,
14,47595712,31,6,
14,47595721,17,11,
14,47595832,7,0,
14,47595865,224,67,
14,47595956,36,9,
14,47596091,7,1,
14,47596125,14,3,
14,47596150,8,1,
14,47596272,4,1,
14,47596299,6,0,
14,47596300,7,2,
14,47596363,9,0,
14,47596452,9,0,
14,47596457,38,14,
14,47596508,5,1,
14,47596554,5,1,
14,47596631,14,1,
14,47596781,7,0,
14,47597085,778,272,2
14,47597119,137,45,8
14,47597151,8,3,
14,47597270,10,2,
14,47597345,5,0,
14,47597435,11,0,
14,47597651,38,8,
14,47597764,13,7,
14,47597908,11,2,
14,47597929,6,1,
14,47597935,260,54,3
14,47598035,8,1,
14,47598105,9,1,
14,47598193,4,0,
14,47598354,6,1,
14,47598378,39,71,
14,47598415,31,28,
14,47598511,253,259,11
14,47598905,4,0,
14,47599016,4,0,
14,47599119,7,1,
14,47599303,25,20,
14,47599510,39,45,
14,47599771,34,29,5
14,47599956,50,35,3
14,47599970,14,8,
14,47600244,23,75,
14,47600382,83,33,1
14,47600434,42,11,12
14,47600524,10,5,
14,47600888,23,10,24
14,47601107,7,0,
14,47601168,5,0,
14,47601200,8,1,
14,47601405,22,2,18
15,47539767,122,13,
15,47539825,394,259,
15,47539945,43,8,6
15,47540383,354,350,
15,47540388,132,136,
15,47540833,661,533,
15,47540903,111,63,
15,47540929,141,152,
15,47541438,24,8,
15,47541733,216,39,18
15,47541746,139,37,
15,47541969,197,61,
15,47542057,609,484,
15,47542142,67,35,
15,47542259,26,7,
15,47542545,45,9,
15,47542595,14,0,
15,47542640,17,2,
15,47542644,245,54,
15,47542695,763,611,
15,47542998,26,0,
15,47543139,622,266,
15,47543167,466,535,
15,47543186,156,37,
15,47543189,91,87,
15,47543198,59,5,
15,47543201,170,164,
15,47543204,330,72,
15,47543943,462,166,
15,47544175,44,17,
15,47544238,95,23,
15,47544665,29,0,
15,47544980,411,383,
15,47545355,31,8,
15,47545594,57,9,
15,47545607,297,60,
15,47546679,72,4,
15,47546775,107,26,
15,47546911,64,9,
15,47546998,24,6,
15,47547009,535,372,
15,47547508,224,41,
15,47547602,127,66,
15,47547843,136,19,
15,47548013,195,58,
15,47548164,130,19,
15,47549128,255,64,26
15,47549160,179,94,
15,47549197,21,10,
15,47549586,71,21,
15,47549649,108,168,
15,47549824,348,73,
15,47550282,633,330,
15,47550433,134,32,
15,47550878,311,171,
15,47552144,14,1,10
15,47552562,332,150,
15,47552643,87,14,
15,47553185,328,111,
15,47553516,90,84,
15,47553573,140,74,
15,47553717,460,92,
15,47553766,6,3,
15,47553798,813,233,
15,47553910,97,84,
15,47554493,87,34,
15,47554773,787,612,
15,47554948,92,181,
15,47555035,67,20,
15,47555093,30,16,
15,47555115,78,34,
15,47555273,223,130,
15,47555427,22,18,
15,47555492,14,0,
15,47555556,664,250,
15,47555642,34,13,
15,47555915,88,59,
15,47556001,58,8,
15,47556033,80,6,
15,47556063,128,41,
15,47556074,58,6,
15,47556076,139,94,
15,47556116,103,19,
15,47556267,90,7,
15,47556290,378,68,
15,47556359,241,56,
15,47556729,1395,252,
15,47557064,196,70,
15,47557166,259,186,
15,47557171,169,22,19
15,47557179,11,1,
15,47557185,215,144,
15,47557299,72,15,
15,47557392,76,23,
15,47557901,149,240,
15,47557924,9,0,
15,47557960,503,112,
15,47558073,28,3,
15,47558094,110,16,
15,47558101,96,17,22
15,47558284,27,2,
15,47558372,194,136,
15,47558581,58,59,
15,47558733,145,11,
15,47558782,129,53,
15,47558843,20,3,
15,47558867,68,50,
15,47558997,394,220,
15,47559323,38,5,
15,47559481,228,137,
15,47559788,37,23,
15,47560017,29,1,
15,47560270,50,1,
15,47560724,10,1,
15,47560981,62,86,
15,47561132,47,20,
15,47561297,188,101,
15,47561470,36,15,
15,47561489,787,450,
15,47561496,90,61,
15,47561711,576,264,
15,47561819,345,246,
15,47562288,84,75,
15,47562342,62,15,
15,47562440,14,0,
15,47562575,13,0,
15,47562624,8,0,
15,47562927,45,14,
15,47562961,130,25,11
15,47562994,3,0,
15,47563007,114,139,
15,47563039,26,3,
15,47563063,4,1,
15,47563103,96,46,
15,47563177,20,9,
15,47563373,7,0,
15,47563384,443,204,
15,47563486,15,0,
15,47563599,9,0,
15,47563655,605,173,
15,47563978,100,8,
15,47564025,10,4,
15,47564188,10,5,
15,47564245,317,160,
15,47564246,84,64,
15,47564421,684,258,
15,47564469,237,166,
15,47564579,100,25,
15,47564620,12,7,
15,47564699,3,0,
15,47564930,26,9,
15,47564996,5,0,
15,47565075,83,69,
15,47565264,126,26,
15,47565307,6,0,
15,47565316,404,262,
15,47565365,313,416,
15,47565542,19,5,
15,47565652,21,2,
15,47565798,17,7,
15,47565831,37,39,
15,47565848,47,74,
15,47565955,15,1,
15,47566140,95,15,
15,47566143,381,532,
15,47566332,100,39,
15,47566336,44,5,
15,47566362,25,23,
15,47566392,12,0,
15,47566442,565,269,
15,47566513,37,15,
15,47566653,147,139,
15,47566702,91,55,
15,47566865,973,615,
15,47566960,151,72,
15,47567049,72,14,
15,47567183,56,33,
15,47567222,9,1,
15,47567242,150,61,
15,47567790,54,4,
15,47568028,269,304,
15,47568146,12,2,
15,47568884,80,61,
15,47569150,25,1,
15,47569438,15,17,
15,47569471,413,210,
15,47569502,312,165,
15,47569715,13,3,
15,47569773,37,50,
15,47569837,63,53,
15,47569923,7,1,
15,47570269,1588,640,
15,47570435,149,63,
15,47570547,62,8,
15,47570650,45,0,
15,47570666,354,91,
15,47570940,300,54,
15,47571183,161,59,8
15,47571279,317,237,
15,47571330,189,42,
15,47571376,281,115,
15,47571401,40,24,
15,47571495,169,51,
15,47571513,25,16,
15,47571705,9,1,
15,47571746,39,39,
15,47572000,67,18,
15,47572162,96,59,
15,47572714,4,1,
15,47572748,78,75,
15,47572771,213,90,
15,47572857,12,11,
15,47573140,8,0,
15,47573420,370,518,
15,47573450,92,25,5
15,47573519,732,238,
15,47573574,4,0,
15,47573887,337,214,
15,47574034,768,259,
15,47574083,72,12,
15,47574346,95,51,
15,47574574,20,0,
15,47574714,5,1,
15,47574748,6,1,
15,47574851,12,0,
15,47574862,21,0,
15,47574960,56,6,
15,47575039,24,8,
15,47575062,9,3,
15,47575403,485,233,
15,47575417,95,38,
15,47575616,313,154,
15,47575757,5,0,
15,47575910,17,4,
15,47575935,101,16,
15,47575950,63,43,
15,47576055,127,92,
15,47576317,212,93,
15,47576664,14,5,
15,47576672,22,7,
15,47576687,54,11,
15,47576861,328,123,
15,47576904,26,4,
15,47576978,135,37,
15,47577032,70,56,
15,47577120,101,35,
15,47577347,10,10,
15,47577746,7,0,
15,47577761,672,273,
15,47577899,73,85,
15,47577933,18,0,
15,47577979,72,28,
15,47578086,249,167,
15,47578109,56,82,
15,47578444,7,0,
15,47578464,86,6,
15,47578572,403,216,
15,47578599,65,5,
15,47578741,159,147,
15,47578855,112,174,
15,47578918,15,15,
15,47578991,10,17,
15,47579182,48,22,
15,47579217,46,6,
15,47579221,27,34,
15,47579229,274,109,
15,47579265,28,6,
15,47579337,32,2,
15,47579448,12,0,
15,47579456,3,1,
15,47579666,6,0,
15,47579727,8,2,
15,47579754,169,26,
15,47579818,42,7,
15,47579934,6,0,
15,47579977,19,10,
15,47580063,21,0,
15,47580210,12,3,
15,47580221,5,0,
15,47580271,18,0,
15,47580297,323,332,
15,47580350,248,100,
15,47580538,14,0,
15,47580841,20,31,
15,47580870,6,0,
15,47580891,80,7,
15,47580910,64,17,
15,47581136,5,3,
15,47581249,19,1,
15,47581362,15,0,
15,47581614,11,0,
15,47581701,463,158,
15,47581721,70,32,
15,47582043,854,585,
15,47582056,88,52,
15,47582095,4,1,
15,47582218,16,2,
15,47582220,1893,770,30
15,47582322,29,3,
15,47582418,82,33,
15,47582482,625,351,
15,47582537,7,1,
15,47582622,26,0,
15,47582671,31,4,
15,47582675,9,0,
15,47582786,10,4,
15,47582792,23,2,
15,47582877,65,7,
15,47582930,5,0,
15,47582952,10,0,
15,47582984,590,362,
15,47582990,79,32,
15,47583045,306,105,
15,47583499,5,0,
15,47583532,38,3,
15,47583582,13,4,
15,47583959,72,18,
15,47584101,11,3,
15,47584386,3,1,
15,47584454,9,2,
15,47584540,2017,993,
15,47584558,10,1,
15,47584694,5,0,
15,47584795,421,1163,
15,47584841,15,6,
15,47584942,15,3,
15,47585008,60,14,
15,47585127,4,1,
15,47585161,46,9,
15,47585192,16,8,
15,47585645,53,8,
15,47585860,31,2,
15,47585886,8,4,
15,47585892,4,1,
15,47585974,144,40,
15,47586176,312,209,
15,47586614,357,117,29
15,47586778,1303,532,21
15,47586814,103,108,
15,47587050,8,0,
15,47587191,6,2,
15,47587339,3,0,
15,47587543,15,2,
15,47587597,69,62,
15,47587631,92,40,
15,47587866,544,195,
15,47587935,889,806,
15,47587953,285,459,25
15,47588324,50,20,
15,47588349,140,47,
15,47588410,18,4,
15,47588520,13,0,
15,47588622,7,0,
15,47588632,16,1,
15,47588658,291,92,
15,47588776,8,0,
15,47588996,7,0,
15,47589011,195,100,
15,47589111,51,15,
15,47589370,48,28,
15,47589419,32,7,
15,47589432,10,3,
15,47589451,11,4,
15,47589494,13,0,
15,47589567,62,29,
15,47589732,33,0,
15,47589735,10,5,
15,47589791,8,1,
15,47589797,20,8,
15,47589818,212,66,
15,47589856,183,47,
15,47589900,21,2,
15,47590148,39,44,
15,47590153,6,0,
15,47590194,5,0,
15,47590261,28,14,
15,47590281,9,1,
15,47590389,10,8,
15,47590526,29,10,
15,47591104,456,92,
15,47591125,11,2,
15,47591208,76,65,
15,47591250,13,3,
15,47591341,11,0,
15,47591428,8,0,
15,47591471,9,4,
15,47591488,16,2,
15,47591560,5,0,
15,47591598,3,1,
15,47591686,9,1,
15,47591819,23,1,
15,47591834,11,5,
15,47591928,476,114,
15,47591931,11,0,
15,47592047,26,4,
15,47592113,39,1,
15,47592280,6,0,
15,47592297,8,1,
15,47592392,30,10,
15,47592462,129,67,
15,47592598,5,0,
15,47592626,41,20,
15,47592660,12,4,
15,47592687,4,0,
15,47592755,495,457,28
15,47592773,11,0,
15,47592933,12,0,
15,47592939,27,14,
15,47593015,30,1,
15,47593046,10,2,
15,47593081,7,0,
15,47593244,6,1,
15,47593285,280,56,20
15,47593303,24,0,
15,47593351,7,0,
15,47593422,340,134,17
15,47593473,16,3,
15,47593556,448,132,15
15,47593620,7,1,
15,47593627,11,0,
15,47593634,126,47,
15,47593716,8,0,
15,47593776,11,6,
15,47593919,6,1,
15,47593958,19,1,
15,47594009,8,0,
15,47594149,7,1,
15,47594159,9,1,
15,47594181,11,1,
15,47594208,15,0,
15,47594384,6,0,
15,47594637,8,2,
15,47594804,39,10,
15,47594816,28,0,
15,47594831,18,1,
15,47594840,24,9,
15,47594887,7,2,
15,47595019,3,0,
15,47595048,9,1,
15,47595068,14,3,
15,47595291,9,2,
15,47595546,14,4,
15,47595572,207,154,23
15,47595620,239,98,
15,47595634,9,2,
15,47595658,7,0,
15,47595702,9,3,
15,47595712,31,6,
15,47595721,18,11,
15,47595832,7,0,
15,47595865,224,67,
15,47595956,37,9,
15,47596091,7,1,
15,47596125,15,3,
15,47596150,10,1,
15,47596272,4,1,
15,47596299,6,0,
15,47596300,7,2,
15,47596363,9,0,
15,47596452,10,0,
15,47596457,39,14,
15,47596508,5,1,
15,47596554,5,1,
15,47596631,14,1,
15,47596781,7,0,
15,47597085,845,306,2
15,47597119,159,61,7
15,47597151,8,3,
15,47597270,10,2,
15,47597345,5,0,
15,47597435,11,0,
15,47597651,39,8,
15,47597764,14,8,
15,47597908,11,2,
15,47597929,6,1,
15,47597935,288,60,3
15,47598074,4,1,
15,47598105,9,1,
15,47598193,4,0,
15,47598354,8,1,
15,47598378,40,76,
15,47598415,37,29,
15,47598511,305,316,16
15,47598905,4,0,
15,47599016,4,0,
15,47599119,8,1,
15,47599303,31,23,
15,47599305,20,4,
15,47599510,40,49,
15,47599556,5,0,
15,47599771,52,41,4
15,47599956,61,43,12
15,47599970,23,12,
15,47600244,29,82,
15,47600372,5,0,
15,47600382,131,50,1
15,47600434,64,33,14
15,47600524,11,10,
15,47600615,7,1,
15,47600888,27,11,
15,47601107,23,10,
15,47601168,31,15,24
15,47601200,10,1,
15,47601272,3,2,9
15,47601310,14,2,
15,47601315,7,3,
15,47601405,94,33,27
15,47601555,15,9,
15,47601598,6,0,
15,47602301,5,1,
15,47602324,6,1,
16,47539767,122,13,
16,47539825,394,259,
16,47539945,58,16,5
16,47540383,354,350,
16,47540388,132,136,
16,47540833,661,533,
16,47540903,111,63,
16,47540929,141,152,
16,47541438,24,8,
16,47541733,223,40,17
16,47541746,140,37,
16,47541969,197,61,
16,47542057,609,484,
16,47542142,67,36,
16,47542259,26,7,
16,47542545,45,10,
16,47542595,14,0,
16,47542640,17,2,
16,47542644,245,54,
16,47542695,763,611,
16,47542998,26,0,
16,47543139,622,266,
16,47543167,466,535,
16,47543186,156,37,
16,47543189,91,87,
16,47543198,59,5,
16,47543201,170,164,
16,47543204,330,72,
16,47543205,9,1,16
16,47543943,462,166,
16,47544175,44,17,
16,47544238,95,23,
16,47544665,29,0,
16,47544980,411,383,
16,47545355,31,8,
16,47545594,57,9,
16,47545607,297,60,
16,47546679,72,4,
16,47546775,107,26,
16,47546911,64,9,
16,47546998,24,6,
16,47547009,535,372,
16,47547508,224,41,
16,47547602,127,66,
16,47547843,136,19,
16,47548013,196,58,
16,47548164,130,19,
16,47549128,261,68,27
16,47549160,179,94,
16,47549197,21,10,
16,47549586,71,21,
16,47549649,108,168,
16,47549824,348,73,
16,47550282,634,330,
16,47550433,134,32,
16,47550878,311,171,
16,47552144,16,3,9
16,47552562,332,150,
16,47552643,87,14,
16,47553185,328,111,
16,47553516,90,84,
16,47553573,140,74,
16,47553717,460,92,
16,47553766,6,3,
16,47553798,813,233,
16,47553910,97,84,
16,47554493,87,34,
16,47554773,787,612,
16,47554948,92,181,
16,47555035,67,20,
16,47555093,30,16,
16,47555273,224,130,
16,47555427,22,18,
16,47555492,14,0,
16,47555556,664,251,
16,47555642,34,13,
16,47555915,88,59,
16,47556001,58,8,
16,47556033,80,6,
16,47556063,128,41,
16,47556074,60,6,
16,47556076,141,94,
16,47556116,103,19,
16,47556267,90,7,
16,47556290,379,68,
16,47556359,241,56,
16,47556729,1395,252,
16,47557064,196,70,
16,47557166,259,186,
16,47557171,177,24,19
16,47557179,11,1,
16,47557185,215,144,
16,47557299,72,15,
16,47557392,76,23,
16,47557901,149,240,
16,47557924,9,0,
16,47557960,503,112,
16,47558073,28,3,
16,47558094,110,16,
16,47558101,103,17,22
16,47558284,27,2,
16,47558372,194,136,
16,47558581,58,59,
16,47558733,146,11,
16,47558782,129,53,
16,47558843,20,3,
16,47558867,68,50,
16,47558997,394,220,
16,47559481,228,137,
16,47559788,37,23,
16,47560017,30,1,
16,47560724,10,1,
16,47560981,62,86,
16,47561132,47,20,
16,47561297,188,101,
16,47561470,36,15,
16,47561489,787,450,
16,47561496,90,61,
16,47561711,576,264,
16,47561819,345,246,
16,47562288,84,75,
16,47562342,63,15,
16,47562440,14,0,
16,47562575,13,0,
16,47562624,8,0,
16,47562927,45,14,
16,47562961,144,29,10
16,47562994,3,0,
16,47563007,114,139,
16,47563039,26,3,
16,47563103,96,46,
16,47563177,20,9,
16,47563373,7,0,
16,47563384,443,204,
16,47563599,9,0,
16,47563655,605,173,
16,47563978,100,8,
16,47564245,317,160,
16,47564246,84,64,
16,47564421,684,258,
16,47564469,237,166,
16,47564579,100,25,
16,47564620,13,7,
16,47564699,3,0,
16,47564930,26,9,
16,47564996,5,0,
16,47565075,83,69,
16,47565264,126,26,
16,47565307,6,0,
16,47565316,404,262,
16,47565365,313,417,
16,47565542,19,5,
16,47565652,21,2,
16,47565798,17,7,
16,47565831,37,39,
16,47565848,47,74,
16,47565955,15,1,
16,47566140,95,15,
16,47566143,381,532,
16,47566332,100,39,
16,47566336,44,5,
16,47566362,25,23,
16,47566392,12,0,
16,47566442,568,269,
16,47566513,37,15,
16,47566653,147,139,
16,47566702,91,55,
16,47566865,973,615,
16,47566960,151,72,
16,47567049,72,14,
16,47567183,56,33,
16,47567222,9,1,
16,47567242,150,61,
16,47567790,54,4,
16,47568028,269,304,
16,47568146,12,2,
16,47568884,80,61,
16,47569150,25,1,
16,47569438,15,17,
16,47569471,413,210,
16,47569502,312,165,
16,47569715,13,3,
16,47569773,37,51,
16,47569837,63,53,
16,47569923,7,1,
16,47570269,1588,640,
16,47570435,149,63,
16,47570547,62,8,
16,47570650,45,0,
16,47570666,354,91,
16,47570940,300,54,
16,47571183,166,66,7
16,47571279,317,237,
16,47571330,189,42,
16,47571376,281,115,
16,47571401,40,24,
16,47571495,169,51,
16,47571513,25,16,
16,47571705,9,1,
16,47571746,39,39,
16,47572000,67,18,
16,47572162,96,59,
16,47572714,4,1,
16,47572748,78,75,
16,47572771,213,90,
16,47572857,12,11,
16,47573140,8,0,
16,47573420,370,518,
16,47573450,105,29,4
16,47573519,732,238,
16,47573574,4,0,
16,47573887,337,215,
16,47574034,768,259,
16,47574083,72,12,
16,47574346,95,51,
16,47574574,20,0,
16,47574714,5,1,
16,47574748,6,1,
16,47574851,12,0,
16,47574862,21,0,
16,47574960,56,7,
16,47575039,25,8,
16,47575062,9,3,
16,47575403,486,233,
16,47575417,95,38,
16,47575616,313,155,
16,47575757,5,0,
16,47575910,17,4,
16,47575935,101,16,
16,47575950,63,43,
16,47576055,127,92,
16,47576317,212,93,
16,47576664,14,5,
16,47576672,22,7,
16,47576687,54,11,
16,47576861,328,124,
16,47576904,26,4,
16,47576978,135,37,
16,47577032,70,56,
16,47577120,101,35,
16,47577347,10,10,
16,47577746,7,0,
16,47577761,673,273,
16,47577899,73,85,
16,47577933,18,0,
16,47577979,72,28,
16,47578086,249,167,
16,47578109,56,82,
16,47578444,7,0,
16,47578464,86,6,
16,47578572,403,221,
16,47578599,65,5,
16,47578741,159,149,
16,47578855,112,174,
16,47578918,15,15,
16,47578991,10,17,
16,47579182,48,22,
16,47579221,27,34,
16,47579229,274,111,
16,47579265,28,6,
16,47579337,32,2,
16,47579448,12,0,
16,47579456,3,1,
16,47579666,6,0,
16,47579727,8,2,
16,47579754,169,26,
16,47579818,42,7,
16,47579934,6,0,
16,47579977,19,10,
16,47580063,21,0,
16,47580210,12,3,
16,47580221,5,0,
16,47580271,18,0,
16,47580297,324,332,
16,47580350,248,100,
16,47580538,14,0,
16,47580841,20,31,
16,47580870,6,0,
16,47580891,80,7,
16,47580910,64,17,
16,47581249,19,1,
16,47581362,17,0,
16,47581614,11,0,
16,47581701,464,158,
16,47581721,70,32,
16,47582043,858,587,
16,47582056,88,52,
16,47582095,4,1,
16,47582218,16,2,
16,47582220,1895,773,
16,47582322,29,3,
16,47582418,82,33,
16,47582482,625,351,
16,47582537,7,1,
16,47582622,26,0,
16,47582671,31,4,
16,47582675,9,0,
16,47582786,10,4,
16,47582792,23,2,
16,47582877,65,7,
16,47582930,5,0,
16,47582952,10,0,
16,47582984,590,363,
16,47582990,80,32,
16,47583045,306,106,
16,47583532,38,3,
16,47583582,13,4,
16,47583959,74,18,
16,47584101,11,3,
16,47584386,3,1,
16,47584454,9,2,
16,47584540,2024,994,
16,47584558,10,1,
16,47584694,5,0,
16,47584795,423,1185,
16,47584841,15,6,
16,47584942,15,3,
16,47585008,60,14,
16,47585127,5,1,
16,47585161,46,9,
16,47585192,16,8,
16,47585645,53,8,
16,47585860,31,2,
16,47585886,8,4,
16,47585892,6,1,
16,47585974,146,40,
16,47586176,314,209,
16,47586614,358,118,
16,47586778,1314,537,23
16,47586814,103,108,
16,47587050,8,0,
16,47587191,6,2,
16,47587339,4,0,
16,47587543,15,2,
16,47587597,69,62,
16,47587631,92,40,
16,47587866,549,195,
16,47587935,891,809,
16,47587953,289,463,28
16,47588324,50,20,
16,47588349,140,47,
16,47588410,18,4,
16,47588520,13,0,
16,47588622,7,0,
16,47588632,16,1,
16,47588658,291,92,
16,47588776,8,0,
16,47588996,7,0,
16,47589011,195,100,
16,47589111,51,15,
16,47589370,49,30,
16,47589419,32,7,
16,47589432,10,3,
16,47589451,11,4,
16,47589494,13,0,
16,47589567,62,29,
16,47589732,33,0,
16,47589735,10,6,
16,47589791,8,1,
16,47589797,20,8,
16,47589818,213,68,
16,47589856,184,47,
16,47589900,21,2,
16,47590148,39,44,
16,47590153,6,0,
16,47590194,5,0,
16,47590261,29,14,
16,47590281,9,1,
16,47590389,10,8,
16,47590526,29,10,
16,47591104,460,92,
16,47591125,11,2,
16,47591208,77,67,
16,47591250,13,3,
16,47591341,11,0,
16,47591428,8,0,
16,47591471,9,4,
16,47591488,16,2,
16,47591560,5,0,
16,47591598,3,1,
16,47591686,10,1,
16,47591819,23,1,
16,47591834,12,6,
16,47591928,477,115,
16,47591931,11,0,
16,47592047,26,4,
16,47592113,39,1,
16,47592280,6,0,
16,47592297,8,1,
16,47592392,31,10,
16,47592462,130,68,
16,47592598,5,0,
16,47592626,41,21,
16,47592660,12,5,
16,47592687,4,0,
16,47592755,498,463,
16,47592773,11,0,
16,47592933,12,0,
16,47592939,27,16,
16,47593015,30,1,
16,47593046,10,2,
16,47593081,7,0,
16,47593244,6,1,
16,47593285,285,59,21
16,47593303,24,0,
16,47593351,7,0,
16,47593422,356,136,16
16,47593473,18,3,
16,47593556,465,136,11
16,47593620,7,1,
16,47593627,11,0,
16,47593634,127,48,
16,47593716,8,0,
16,47593776,12,6,
16,47593919,6,1,
16,47593958,20,1,
16,47594009,8,0,
16,47594149,7,1,
16,47594159,9,1,
16,47594181,11,1,
16,47594208,15,0,
16,47594384,6,0,
16,47594637,8,2,
16,47594804,39,12,
16,47594816,28,0,
16,47594831,18,1,
16,47594840,24,9,
16,47594887,7,2,
16,47595019,3,0,
16,47595048,9,1,
16,47595068,14,3,
16,47595291,9,2,
16,47595546,14,4,
16,47595572,212,166,25
16,47595620,241,102,
16,47595634,9,2,
16,47595658,7,0,
16,47595702,9,3,
16,47595712,31,6,
16,47595721,18,11,
16,47595832,7,0,
16,47595865,224,68,
16,47595956,37,9,
16,47596091,7,1,
16,47596125,15,3,
16,47596150,10,1,
16,47596272,4,1,
16,47596299,6,0,
16,47596300,7,2,
16,47596363,9,1,
16,47596452,10,0,
16,47596457,40,15,
16,47596508,5,1,
16,47596554,5,1,
16,47596631,14,1,
16,47596781,7,0,
16,47597085,893,320,2
16,47597119,179,70,6
16,47597151,8,3,
16,47597270,11,2,
16,47597345,5,0,
16,47597435,11,0,
16,47597651,40,8,
16,47597764,14,10,
16,47597908,13,2,
16,47597929,6,1,
16,47597935,312,69,3
16,47598074,5,1,
16,47598105,11,1,
16,47598193,4,0,
16,47598354,9,1,
16,47598378,40,78,
16,47598415,38,30,
16,47598511,334,369,20
16,47598905,4,0,
16,47598960,4,0,
16,47599016,4,0,
16,47599119,8,1,
16,47599303,34,25,
16,47599305,34,12,24
16,47599510,42,54,12
16,47599556,6,0,
16,47599771,55,44,30
16,47599956,75,46,8
16,47599970,25,17,
16,47600233,6,1,
16,47600244,30,83,
16,47600372,5,0,
16,47600382,168,56,1
16,47600434,78,69,15
16,47600524,13,10,
16,47600615,7,1,
16,47601107,37,27,14
16,47601168,51,57,12
16,47601200,10,1,
16,47601310,43,61,18
16,47601315,12,6,
16,47601405,110,47,29
16,47601555,31,27,24
16,47601577,7,0,
16,47601598,6,0,
16,47601621,4,0,
16,47601858,18,44,6
16,47601859,37,41,2
16,47601864,3,0,
16,47602001,6,4,
16,47602301,58,38,
16,47602324,28,4,26
16,47602500,57,19,
16,47602565,16,1,7
16,47602832,58,21,1
16,47602879,21,5,2
16,47602914,4,1,
16,47602986,8,2,4
16,47603003,4,0,
17,47539767,122,13,
17,47539825,394,259,
17,47539945,61,24,9
17,47540383,354,350,
17,47540388,132,136,
17,47540833,661,533,
17,47540903,111,63,
17,47540929,141,152,
17,47541438,24,8,
17,47541733,227,42,27
17,47541746,141,38,
17,47541969,197,61,
17,47542057,609,484,
17,47542142,67,36,
17,47542259,26,7,
17,47542545,45,10,
17,47542595,14,0,
17,47542640,17,2,
17,47542644,245,54,
17,47542695,763,611,
17,47542998,26,0,
17,47543139,622,266,
17,47543167,466,535,
17,47543186,156,37,
17,47543198,59,5,
17,47543201,170,164,
17,47543204,330,72,
17,47543205,23,1,12
17,47543943,462,166,
17,47544175,44,17,
17,47544238,95,23,
17,47544665,29,0,
17,47544980,411,383,
17,47545355,31,8,
17,47545594,57,9,
17,47545607,297,60,
17,47546679,72,4,
17,47546775,109,26,
17,47546911,64,9,
17,47547009,535,372,
17,47547508,224,41,
17,47547602,127,66,
17,47547843,136,19,
17,47548013,196,58,
17,47548164,131,19,
17,47549128,265,70,
17,47549160,179,94,
17,47549586,71,21,
17,47549649,108,168,
17,47549824,348,73,
17,47550282,634,330,
17,47550433,135,32,
17,47550878,311,171,
17,47552144,27,4,14
17,47552562,332,152,
17,47552643,87,14,
17,47553185,328,111,
17,47553516,90,84,
17,47553573,140,74,
17,47553717,460,92,
17,47553766,6,3,
17,47553798,813,233,
17,47553910,97,84,
17,47554493,87,34,
17,47554557,12,3,11
17,47554773,787,612,
17,47554948,92,181,
17,47555035,67,20,
17,47555093,30,16,
17,47555273,225,132,
17,47555427,22,18,
17,47555492,14,0,
17,47555556,664,253,
17,47555642,34,13,
17,47555915,88,59,
17,47556001,58,8,
17,47556033,80,6,
17,47556063,128,41,
17,47556074,60,6,
17,47556076,142,95,
17,47556116,103,19,
17,47556267,90,7,
17,47556290,379,68,
17,47556359,241,56,
17,47556729,1395,252,
17,47557064,196,70,
17,47557166,259,186,
17,47557171,185,25,28
17,47557185,215,144,
17,47557299,72,15,
17,47557392,76,23,
17,47557901,149,240,
17,47557924,9,0,
17,47557960,503,112,
17,47558073,28,3,
17,47558094,110,16,
17,47558101,114,19,30
17,47558284,27,2,
17,47558372,194,136,
17,47558581,58,59,
17,47558733,148,11,
17,47558782,129,53,
17,47558843,20,3,
17,47558867,68,50,
17,47558997,394,221,
17,47559481,229,137,
17,47559788,37,23,
17,47560017,31,1,
17,47560724,10,1,
17,47560981,62,86,
17,47561132,47,20,
17,47561297,188,101,
17,47561470,36,15,
17,47561489,787,450,
17,47561496,90,61,
17,47561711,577,264,
17,47561819,345,246,
17,47562288,84,75,
17,47562342,65,15,
17,47562440,14,0,
17,47562575,13,0,
17,47562624,8,0,
17,47562927,45,14,
17,47562961,152,35,24
17,47562994,3,0,
17,47563007,114,139,
17,47563039,26,3,
17,47563103,96,46,
17,47563177,20,9,
17,47563373,7,0,
17,47563384,443,204,
17,47563599,9,0,
17,47563655,605,173,
17,47563978,100,8,
17,47564245,317,160,
17,47564246,84,64,
17,47564421,684,258,
17,47564469,237,166,
17,47564579,100,25,
17,47564620,13,7,
17,47564930,26,9,
17,47565075,83,69,
17,47565264,126,26,
17,47565307,6,0,
17,47565316,404,262,
17,47565365,313,417,
17,47565542,19,5,
17,47565652,21,2,
17,47565798,17,7,
17,47565831,37,39,
17,47565848,47,74,
17,47565955,15,1,
17,47566140,95,15,
17,47566143,381,532,
17,47566332,100,39,
17,47566336,44,5,
17,47566392,12,0,
17,47566442,568,271,
17,47566513,37,15,
17,47566653,147,139,
17,47566702,91,55,
17,47566865,974,615,
17,47566960,151,72,
17,47567049,72,14,
17,47567183,56,33,
17,47567222,9,1,
17,47567242,150,61,
17,47567790,54,4,
17,47568028,269,304,
17,47568146,12,2,
17,47568884,80,61,
17,47569150,25,1,
17,47569438,15,17,
17,47569471,413,210,
17,47569502,312,165,
17,47569773,37,51,
17,47569837,63,53,
17,47569923,7,1,
17,47570269,1590,640,
17,47570435,149,63,
17,47570547,62,8,
17,47570650,45,0,
17,47570666,355,91,
17,47570940,300,54,
17,47571183,172,71,18
17,47571279,317,239,
17,47571330,190,42,
17,47571376,281,115,
17,47571401,40,24,
17,47571495,170,51,
17,47571513,25,16,
17,47571705,9,1,
17,47571746,39,39,
17,47572000,67,18,
17,47572162,96,59,
17,47572714,4,1,
17,47572748,78,75,
17,47572771,213,90,
17,47572857,12,11,
17,47573140,8,0,
17,47573420,370,518,
17,47573450,118,34,10
17,47573519,732,239,
17,47573574,4,0,
17,47573887,337,215,
17,47574034,768,259,
17,47574083,72,12,
17,47574346,95,51,
17,47574574,20,0,
17,47574714,5,1,
17,47574748,6,1,
17,47574851,12,0,
17,47574871,11,4,19
17,47574960,56,7,
17,47575039,26,8,
17,47575062,9,3,
17,47575403,486,233,
17,47575417,95,38,
17,47575616,313,155,
17,47575757,5,0,
17,47575910,17,4,
17,47575935,101,16,
17,47575950,63,43,
17,47576055,127,92,
17,47576317,212,93,
17,47576672,22,7,
17,47576687,54,11,
17,47576861,331,124,
17,47576904,26,4,
17,47576978,135,37,
17,47577032,70,56,
17,47577120,101,36,
17,47577347,10,10,
17,47577746,7,0,
17,47577761,673,273,
17,47577933,18,0,
17,47577979,72,28,
17,47578086,250,167,
17,47578109,56,82,
17,47578444,7,0,
17,47578464,86,6,
17,47578572,404,221,
17,47578599,65,5,
17,47578741,160,149,
17,47578855,113,176,
17,47578918,15,15,
17,47579182,48,22,
17,47579221,27,34,
17,47579229,274,111,
17,47579265,28,6,
17,47579337,32,2,
17,47579456,3,1,
17,47579666,6,0,
17,47579754,169,26,
17,47579818,42,7,
17,47579934,6,0,
17,47579977,19,10,
17,47580063,21,0,
17,47580210,12,3,
17,47580221,5,0,
17,47580271,18,0,
17,47580297,325,332,
17,47580350,248,100,
17,47580538,14,0,
17,47580841,20,31,
17,47580891,80,7,
17,47580910,64,17,
17,47581249,19,1,
17,47581362,17,0,
17,47581614,11,0,
17,47581701,465,158,
17,47581721,70,33,
17,47582043,860,590,
17,47582056,89,52,
17,47582095,4,1,
17,47582218,16,2,
17,47582220,1897,775,
17,47582322,29,3,
17,47582418,82,33,
17,47582482,626,351,
17,47582537,7,1,
17,47582622,26,0,
17,47582671,31,4,
17,47582675,9,0,
17,47582786,10,4,
17,47582792,23,2,
17,47582877,65,7,
17,47582930,5,0,
17,47582952,10,0,
17,47582984,591,363,
17,47582990,80,32,
17,47583045,308,106,
17,47583532,38,3,
17,47583582,13,4,
17,47583959,74,18,
17,47584101,11,3,
17,47584386,3,1,
17,47584454,9,2,
17,47584540,2028,998,
17,47584558,10,1,
17,47584694,5,0,
17,47584795,430,1211,
17,47584841,15,6,
17,47584942,15,3,
17,47585008,60,14,
17,47585127,5,1,
17,47585161,46,9,
17,47585192,16,8,
17,47585645,53,8,
17,47585860,31,2,
17,47585886,8,4,
17,47585892,6,1,
17,47585974,147,40,
17,47586176,315,209,
17,47586614,359,118,
17,47586778,1318,538,
17,47586814,103,108,
17,47587050,8,0,
17,47587191,6,2,
17,47587339,4,0,
17,47587543,15,2,
17,47587597,69,62,
17,47587631,92,40,
17,47587866,551,196,
17,47587935,892,814,
17,47587953,291,464,
17,47588324,51,21,
17,47588349,142,47,
17,47588410,18,4,
17,47588520,13,0,
17,47588622,7,0,
17,47588632,16,1,
17,47588658,292,92,
17,47588776,8,0,
17,47588996,7,0,
17,47589011,195,100,
17,47589111,51,15,
17,47589370,49,30,
17,47589419,32,7,
17,47589432,10,3,
17,47589451,11,4,
17,47589494,13,0,
17,47589567,62,29,
17,47589732,33,0,
17,47589735,10,6,
17,47589791,8,1,
17,47589797,20,8,
17,47589818,213,69,
17,47589856,186,49,
17,47589900,21,2,
17,47590148,39,44,
17,47590153,6,0,
17,47590194,5,0,
17,47590261,29,14,
17,47590281,9,1,
17,47590389,10,8,
17,47590526,29,10,
17,47591104,463,92,
17,47591125,11,2,
17,47591208,78,67,
17,47591250,13,3,
17,47591341,11,0,
17,47591428,8,0,
17,47591471,9,4,
17,47591488,16,2,
17,47591560,5,0,
17,47591598,3,1,
17,47591686,10,1,
17,47591819,23,1,
17,47591834,12,6,
17,47591928,482,118,
17,47591931,11,0,
17,47592047,26,4,
17,47592113,39,2,
17,47592280,6,0,
17,47592297,8,1,
17,47592392,31,10,
17,47592462,133,69,
17,47592598,5,0,
17,47592626,41,22,
17,47592660,12,5,
17,47592687,4,0,
17,47592755,502,466,
17,47592773,11,0,
17,47592933,12,0,
17,47592939,27,16,
17,47593015,30,1,
17,47593046,10,2,
17,47593081,7,0,
17,47593244,6,1,
17,47593285,296,61,29
17,47593303,24,0,
17,47593351,7,0,
17,47593422,366,140,26
17,47593473,18,3,
17,47593556,483,144,22
17,47593620,8,1,
17,47593627,11,0,
17,47593634,130,47,
17,47593716,8,0,
17,47593776,12,6,
17,47593919,6,1,
17,47593958,21,1,
17,47594009,8,0,
17,47594149,7,1,
17,47594159,9,1,
17,47594181,11,1,
17,47594208,15,0,
17,47594384,6,0,
17,47594637,8,2,
17,47594804,40,12,
17,47594816,30,0,
17,47594831,18,1,
17,47594840,24,9,
17,47594887,7,2,
17,47595019,3,0,
17,47595048,9,1,
17,47595068,14,3,
17,47595291,9,2,
17,47595546,14,4,
17,47595572,216,180,
17,47595620,242,102,
17,47595658,7,0,
17,47595702,9,3,
17,47595712,31,6,
17,47595721,18,11,
17,47595832,7,0,
17,47595865,224,70,
17,47595956,37,10,
17,47596091,7,1,
17,47596125,15,3,
17,47596150,10,1,
17,47596272,4,1,
17,47596299,6,0,
17,47596300,7,2,
17,47596363,9,1,
17,47596452,10,0,
17,47596457,40,15,
17,47596508,5,1,
17,47596554,5,1,
17,47596631,14,1,
17,47596781,7,0,
17,47597085,921,336,19
17,47597119,189,82,11
17,47597151,8,3,
17,47597270,11,2,
17,47597345,5,0,
17,47597435,11,0,
17,47597651,41,12,
17,47597764,14,10,
17,47597908,13,3,
17,47597929,6,1,
17,47597935,333,76,5
17,47598074,5,1,
17,47598105,11,1,
17,47598193,4,0,
17,47598354,11,2,
17,47598378,41,78,
17,47598415,39,31,
17,47598511,346,389,
17,47598905,4,0,
17,47598960,4,0,
17,47599016,4,0,
17,47599119,9,1,
17,47599303,35,27,
17,47599305,52,18,25
17,47599510,60,66,8
17,47599556,6,0,
17,47599771,57,45,
17,47599956,82,54,16
17,47599970,30,19,
17,47600233,12,1,
17,47600372,5,0,
17,47600382,185,60,6
17,47600434,94,102,23
17,47600524,15,16,
17,47600615,7,1,
17,47601107,46,43,
17,47601168,54,69,
17,47601200,10,1,
17,47601310,50,68,
17,47601315,13,6,
17,47601405,115,53,
17,47601555,42,42,
17,47601577,8,2,
17,47601598,6,0,
17,47601621,4,0,
17,47601858,26,63,
17,47601859,80,70,3
17,47601864,5,0,
17,47602001,15,4,
17,47602301,62,44,
17,47602324,30,6,
17,47602500,64,26,
17,47602565,87,52,7
17,47602832,165,90,1
17,47602879,56,17,2
17,47602914,8,1,
17,47602986,32,8,4
17,47603003,4,0,
17,47603231,35,9,13
17,47603380,6,0,
17,47603534,31,2,13
17,47603657,51,10,7
17,47603737,26,11,2
17,47603969,11,3,3
18,47539767,122,13,
18,47539825,394,259,
18,47539945,68,28,13
18,47540383,354,350,
18,47540388,132,136,
18,47540833,661,533,
18,47540903,111,63,
18,47540929,141,152,
18,47541438,24,8,
18,47541733,228,42,
18,47541746,142,38,
18,47541969,197,61,
18,47542057,609,484,
18,47542142,67,36,
18,47542259,26,7,
18,47542545,45,10,
18,47542595,14,0,
18,47542640,17,2,
18,47542644,245,54,
18,47542695,763,611,
18,47542998,26,0,
18,47543139,622,266,
18,47543167,466,535,
18,47543186,156,37,
18,47543198,59,5,
18,47543201,170,164,
18,47543204,330,73,
18,47543205,32,1,14
18,47543943,462,166,
18,47544175,44,17,
18,47544238,95,23,
18,47544665,29,0,
18,47544980,411,383,
18,47545355,31,8,
18,47545594,57,9,
18,47545607,297,60,
18,47546775,109,28,
18,47546911,64,9,
18,47547009,535,372,
18,47547508,225,41,
18,47547602,127,66,
18,47547843,136,19,
18,47548013,196,58,
18,47548164,131,19,
18,47549128,267,76,
18,47549160,179,94,
18,47549586,71,21,
18,47549649,108,168,
18,47549824,348,73,
18,47550282,634,330,
18,47550433,136,32,
18,47550878,311,171,
18,47552144,36,6,16
18,47552562,332,152,
18,47552643,87,14,
18,47553185,328,111,
18,47553516,90,84,
18,47553573,140,74,
18,47553717,460,92,
18,47553766,6,3,
18,47553798,813,233,
18,47553910,97,84,
18,47554493,87,34,
18,47554557,20,7,10
18,47554773,787,612,
18,47554948,92,181,
18,47555035,67,20,
18,47555093,30,16,
18,47555273,225,132,
18,47555427,22,18,
18,47555492,14,0,
18,47555556,664,253,
18,47555642,34,13,
18,47555915,88,59,
18,47556001,58,8,
18,47556033,80,6,
18,47556063,128,41,
18,47556074,61,6,
18,47556076,142,95,
18,47556116,103,19,
18,47556267,90,7,
18,47556290,379,68,
18,47556359,241,56,
18,47556729,1396,252,
18,47557064,196,71,
18,47557166,259,186,
18,47557171,190,26,30
18,47557185,215,144,
18,47557299,72,15,
18,47557392,76,23,
18,47557901,149,240,
18,47557924,9,0,
18,47557960,503,112,
18,47558073,28,3,
18,47558094,110,16,
18,47558101,115,24,
18,47558284,27,2,
18,47558372,194,136,
18,47558581,58,59,
18,47558733,150,11,
18,47558782,129,53,
18,47558843,20,3,
18,47558867,68,50,
18,47558997,394,221,
18,47559481,229,137,
18,47559788,37,23,
18,47560017,31,1,
18,47560724,10,1,
18,47560981,62,86,
18,47561132,47,20,
18,47561297,188,101,
18,47561470,36,15,
18,47561489,787,450,
18,47561496,90,61,
18,47561711,577,264,
18,47561819,345,246,
18,47562288,84,75,
18,47562342,67,15,
18,47562440,14,0,
18,47562624,8,0,
18,47562961,163,38,27
18,47562994,3,0,
18,47563007,114,139,
18,47563039,26,3,
18,47563103,96,46,
18,47563177,20,9,
18,47563373,7,0,
18,47563384,443,204,
18,47563599,9,0,
18,47563655,605,173,
18,47563978,100,8,
18,47564245,317,160,
18,47564246,84,64,
18,47564421,684,258,
18,47564469,237,166,
18,47564579,100,25,
18,47564620,13,7,
18,47564930,27,9,
18,47565075,83,69,
18,47565264,126,26,
18,47565307,6,0,
18,47565316,404,262,
18,47565350,13,3,13
18,47565365,313,417,
18,47565542,19,5,
18,47565652,21,2,
18,47565798,17,7,
18,47565831,37,39,
18,47565848,47,74,
18,47565955,15,1,
18,47566140,95,15,
18,47566143,381,532,
18,47566332,100,39,
18,47566336,44,5,
18,47566392,12,0,
18,47566442,568,271,
18,47566513,37,15,
18,47566653,148,139,
18,47566702,91,55,
18,47566865,975,615,
18,47566960,151,72,
18,47567049,72,14,
18,47567183,56,33,
18,47567222,9,1,
18,47567242,150,62,
18,47567790,54,4,
18,47568028,269,304,
18,47568146,12,2,
18,47568884,80,61,
18,47569150,25,1,
18,47569438,15,17,
18,47569471,413,210,
18,47569502,312,165,
18,47569773,37,51,
18,47569837,63,53,
18,47569923,7,1,
18,47570269,1590,640,
18,47570435,149,63,
18,47570547,62,8,
18,47570650,45,0,
18,47570666,355,91,
18,47570940,300,54,
18,47571183,176,75,22
18,47571279,317,239,
18,47571330,191,43,
18,47571376,281,115,
18,47571401,40,24,
18,47571495,170,51,
18,47571513,25,16,
18,47571705,9,1,
18,47571746,39,39,
18,47572000,67,18,
18,47572162,96,59,
18,47572714,4,1,
18,47572748,78,75,
18,47572771,213,90,
18,47572857,12,11,
18,47573140,8,0,
18,47573420,370,518,
18,47573450,120,40,15
18,47573519,733,240,
18,47573574,4,0,
18,47573887,337,215,
18,47574034,769,259,
18,47574083,72,12,
18,47574346,95,51,
18,47574574,20,0,
18,47574714,5,1,
18,47574748,6,1,
18,47574851,12,0,
18,47574871,35,32,12
18,47574960,58,8,
18,47575039,26,8,
18,47575062,9,3,
18,47575403,486,233,
18,47575417,95,38,
18,47575616,313,155,
18,47575757,5,0,
18,47575910,17,4,
18,47575935,101,16,
18,47575950,63,43,
18,47576055,127,92,
18,47576317,212,93,
18,47576672,22,7,
18,47576687,54,11,
18,47576861,331,124,
18,47576904,26,4,
18,47576978,135,37,
18,47577032,70,56,
18,47577120,101,36,
18,47577347,10,10,
18,47577746,7,0,
18,47577761,673,273,
18,47577979,73,28,
18,47578086,251,167,
18,47578109,57,82,
18,47578444,7,0,
18,47578464,86,6,
18,47578572,404,221,
18,47578599,65,5,
18,47578741,161,149,
18,47578855,114,176,
18,47578918,15,15,
18,47579182,49,22,
18,47579221,27,34,
18,47579229,275,111,
18,47579265,28,6,
18,47579337,32,2,
18,47579456,4,1,
18,47579754,171,26,
18,47579818,42,7,
18,47579977,19,10,
18,47580063,21,0,
18,47580210,13,3,
18,47580221,5,0,
18,47580271,18,0,
18,47580297,325,332,
18,47580538,14,0,
18,47580841,20,31,
18,47580891,80,7,
18,47580910,64,17,
18,47581249,19,1,
18,47581362,17,0,
18,47581614,11,0,
18,47581701,465,159,
18,47581721,70,33,
18,47582043,861,595,
18,47582056,89,52,
18,47582095,4,1,
18,47582218,16,2,
18,47582220,1899,777,
18,47582322,29,3,
18,47582418,83,33,
18,47582482,627,352,
18,47582537,7,1,
18,47582622,26,0,
18,47582671,31,4,
18,47582675,9,0,
18,47582786,10,4,
18,47582792,23,2,
18,47582877,66,7,
18,47582930,5,0,
18,47582952,10,0,
18,47582984,592,363,
18,47582990,81,32,
18,47583045,309,106,
18,47583532,39,3,
18,47583582,13,4,
18,47583959,75,18,
18,47584101,11,3,
18,47584386,3,1,
18,47584454,9,2,
18,47584540,2028,999,
18,47584558,10,1,
18,47584694,5,0,
18,47584795,432,1244,
18,47584841,15,6,
18,47584942,15,3,
18,47585008,61,14,
18,47585127,5,1,
18,47585161,47,9,
18,47585192,16,8,
18,47585645,53,8,
18,47585860,31,2,
18,47585886,8,4,
18,47585892,6,1,
18,47585974,147,40,
18,47586176,315,211,
18,47586614,360,119,
18,47586778,1319,541,
18,47586814,103,108,
18,47587050,8,0,
18,47587191,6,2,
18,47587339,4,0,
18,47587543,16,2,
18,47587597,70,63,
18,47587631,93,40,
18,47587866,554,196,
18,47587935,893,814,
18,47587953,291,467,
18,47588324,52,22,
18,47588349,142,47,
18,47588410,18,4,
18,47588520,13,0,
18,47588622,7,0,
18,47588632,16,1,
18,47588658,293,92,
18,47588776,8,0,
18,47588996,7,0,
18,47589011,195,100,
18,47589111,52,15,
18,47589370,50,30,
18,47589419,32,7,
18,47589432,10,3,
18,47589451,11,4,
18,47589494,13,0,
18,47589567,62,29,
18,47589732,34,0,
18,47589735,10,6,
18,47589791,8,1,
18,47589797,20,8,
18,47589818,215,69,
18,47589856,186,51,
18,47589900,21,2,
18,47590148,39,44,
18,47590153,6,0,
18,47590194,5,0,
18,47590261,29,15,
18,47590281,9,1,
18,47590389,10,8,
18,47590526,29,10,
18,47591104,463,92,
18,47591125,11,2,
18,47591208,79,67,
18,47591250,13,3,
18,47591341,11,0,
18,47591428,8,0,
18,47591471,9,4,
18,47591488,17,2,
18,47591560,5,0,
18,47591598,3,1,
18,47591819,24,1,
18,47591834,13,6,
18,47591928,483,119,
18,47591931,11,0,
18,47592047,26,4,
18,47592113,40,2,
18,47592280,6,0,
18,47592297,8,1,
18,47592392,31,11,
18,47592462,136,70,
18,47592598,5,0,
18,47592626,41,23,
18,47592660,12,5,
18,47592687,4,0,
18,47592755,503,470,
18,47592773,11,0,
18,47592933,12,0,
18,47592939,27,16,
18,47593015,31,1,
18,47593046,10,2,
18,47593081,7,0,
18,47593244,6,1,
18,47593285,296,62,
18,47593303,24,0,
18,47593351,7,0,
18,47593422,371,142,28
18,47593473,18,3,
18,47593556,505,154,25
18,47593620,8,1,
18,47593627,11,0,
18,47593634,131,50,
18,47593716,8,0,
18,47593776,12,6,
18,47593919,6,1,
18,47593958,21,1,
18,47594009,8,0,
18,47594149,7,1,
18,47594159,9,1,
18,47594181,11,1,
18,47594208,15,0,
18,47594384,6,0,
18,47594637,8,2,
18,47594804,40,12,
18,47594816,30,0,
18,47594831,18,1,
18,47594840,25,9,
18,47594887,7,2,
18,47595019,3,0,
18,47595048,9,1,
18,47595068,14,3,
18,47595291,9,2,
18,47595546,14,4,
18,47595572,220,185,
18,47595620,245,102,
18,47595658,7,0,
18,47595702,9,3,
18,47595712,32,6,
18,47595721,18,11,
18,47595832,7,0,
18,47595865,226,70,
18,47595956,38,11,
18,47596091,7,1,
18,47596125,15,3,
18,47596150,10,1,
18,47596272,4,1,
18,47596299,6,0,
18,47596300,7,2,
18,47596363,9,1,
18,47596452,10,0,
18,47596457,41,15,
18,47596508,5,1,
18,47596554,5,1,
18,47596631,14,1,
18,47596781,8,0,
18,47597085,937,342,23
18,47597119,196,83,19
18,47597151,8,3,
18,47597270,11,2,
18,47597345,5,0,
18,47597435,11,0,
18,47597612,5,0,
18,47597651,44,12,
18,47597764,14,10,
18,47597908,13,3,
18,47597929,6,1,
18,47597935,343,78,6
18,47598074,5,1,
18,47598105,11,1,
18,47598193,4,0,
18,47598354,13,2,
18,47598378,43,79,
18,47598415,42,31,
18,47598511,350,393,
18,47598905,4,0,
18,47598960,4,0,
18,47599016,4,0,
18,47599119,9,1,
18,47599303,41,28,
18,47599305,64,31,24
18,47599510,72,78,11
18,47599556,7,0,
18,47599771,57,47,
18,47599956,88,57,20
18,47599970,36,19,
18,47600233,13,1,
18,47600372,5,0,
18,47600382,195,67,9
18,47600434,101,121,29
18,47600524,16,18,
18,47600615,8,1,
18,47601107,48,45,
18,47601168,55,71,
18,47601200,10,1,
18,47601310,53,70,
18,47601315,14,6,
18,47601405,122,54,
18,47601555,43,46,
18,47601577,10,4,
18,47601598,6,0,
18,47601621,4,0,
18,47601858,28,70,
18,47601859,109,90,3
18,47601864,5,0,
18,47602001,21,6,
18,47602301,64,46,
18,47602324,30,6,
18,47602500,67,26,
18,47602565,122,77,7
18,47602832,233,136,1
18,47602879,77,27,4
18,47602914,16,3,
18,47602986,44,15,5
18,47603003,4,0,
18,47603123,5,1,
18,47603231,54,36,17
18,47603380,12,0,
18,47603534,65,46,23
18,47603657,124,51,5
18,47603737,55,41,2
18,47603848,7,2,
18,47603969,20,10,
18,47604155,5,0,
18,47604218,12,0,
18,47604245,22,3,20
18,47604354,11,0,11
18,47604427,7,0,
18,47604509,16,7,
18,47604616,5,0,
18,47604680,4,0,
18,47604744,3,1,
19,47539767,122,13,
19,47539825,394,259,
19,47539945,74,29,16
19,47540383,354,350,
19,47540388,132,136,
19,47540833,661,533,
19,47540903,111,63,
19,47540929,141,152,
19,47541438,24,8,
19,47541733,228,44,
19,47541746,143,38,
19,47541969,197,61,
19,47542057,609,484,
19,47542142,67,36,
19,47542545,45,10,
19,47542595,14,0,
19,47542640,17,2,
19,47542644,245,54,
19,47542695,763,611,
19,47542998,26,0,
19,47543139,622,266,
19,47543167,466,535,
19,47543186,156,37,
19,47543198,59,5,
19,47543201,170,164,
19,47543204,330,73,
19,47543205,41,1,18
19,47543943,462,166,
19,47544175,44,17,
19,47544238,95,23,
19,47544665,29,0,
19,47544980,411,383,
19,47545355,31,8,
19,47545594,57,9,
19,47545607,297,60,
19,47546775,111,28,
19,47546911,64,9,
19,47547009,535,372,
19,47547508,225,41,
19,47547602,127,66,
19,47547843,136,19,
19,47548013,196,58,
19,47548164,131,19,
19,47549128,271,78,
19,47549160,179,94,
19,47549586,71,21,
19,47549649,108,168,
19,47549824,348,73,
19,47550282,634,330,
19,47550433,139,32,
19,47550878,311,171,
19,47552144,40,10,17
19,47552562,332,152,
19,47552643,87,14,
19,47553185,328,111,
19,47553516,90,84,
19,47553573,140,74,
19,47553717,460,92,
19,47553766,6,3,
19,47553798,813,233,
19,47553910,97,84,
19,47554493,87,34,
19,47554557,24,10,25
19,47554773,788,612,
19,47554948,92,181,
19,47555035,68,20,
19,47555093,30,16,
19,47555273,226,132,
19,47555427,22,18,
19,47555492,14,0,
19,47555556,664,253,
19,47555642,34,13,
19,47556001,58,8,
19,47556033,80,6,
19,47556063,128,41,
19,47556074,64,7,
19,47556076,142,95,
19,47556116,103,19,
19,47556267,90,7,
19,47556290,379,68,
19,47556359,241,56,
19,47556729,1396,252,
19,47557064,196,71,
19,47557166,259,186,
19,47557171,191,26,
19,47557185,215,144,
19,47557299,72,15,
19,47557392,76,23,
19,47557901,149,240,
19,47557921,30,5,6
19,47557960,503,112,
19,47558073,28,3,
19,47558094,110,16,
19,47558101,115,25,
19,47558284,27,2,
19,47558372,194,136,
19,47558581,58,59,
19,47558733,152,11,
19,47558782,129,53,
19,47558843,20,3,
19,47558867,68,50,
19,47558997,394,221,
19,47559481,229,137,
19,47559788,37,23,
19,47560017,31,1,
19,47560724,10,1,
19,47560981,62,86,
19,47561132,47,20,
19,47561297,188,101,
19,47561470,36,15,
19,47561489,788,450,
19,47561496,90,61,
19,47561711,577,265,
19,47561819,345,246,
19,47562288,84,75,
19,47562342,67,15,
19,47562440,14,0,
19,47562624,8,0,
19,47562961,167,41,29
19,47562994,3,0,
19,47563007,114,139,
19,47563039,26,3,
19,47563103,96,46,
19,47563177,20,9,
19,47563384,443,204,
19,47563599,9,0,
19,47563655,605,173,
19,47563978,100,8,
19,47564245,317,161,
19,47564246,84,64,
19,47564421,684,258,
19,47564469,237,166,
19,47564579,100,25,
19,47564620,13,7,
19,47564930,27,9,
19,47565075,83,69,
19,47565264,126,26,
19,47565307,6,0,
19,47565316,404,262,
19,47565350,23,5,8
19,47565365,313,417,
19,47565542,19,5,
19,47565652,21,2,
19,47565798,17,7,
19,47565831,37,39,
19,47565848,47,74,
19,47565955,15,1,
19,47566140,95,15,
19,47566143,381,532,
19,47566332,100,39,
19,47566336,44,5,
19,47566392,12,0,
19,47566442,568,271,
19,47566513,37,15,
19,47566653,148,139,
19,47566702,91,55,
19,47566865,975,615,
19,47566960,151,72,
19,47567049,72,14,
19,47567183,56,33,
19,47567222,9,1,
19,47567242,150,62,
19,47567790,54,4,
19,47568028,269,304,
19,47568146,13,2,
19,47568884,80,61,
19,47569438,15,17,
19,47569471,413,210,
19,47569502,312,166,
19,47569773,37,51,
19,47569837,63,53,
19,47569923,7,1,
19,47570269,1592,640,
19,47570435,149,63,
19,47570547,62,8,
19,47570650,45,0,
19,47570666,355,91,
19,47570940,300,54,
19,47571183,181,78,23
19,47571279,317,239,
19,47571330,191,43,
19,47571376,281,115,
19,47571401,40,24,
19,47571495,170,51,
19,47571513,26,16,
19,47571705,9,1,
19,47571746,39,39,
19,47572000,67,18,
19,47572162,96,59,
19,47572714,4,1,
19,47572748,78,75,
19,47572771,213,90,
19,47572857,12,11,
19,47573140,8,0,
19,47573420,370,518,
19,47573450,122,40,18
19,47573519,733,240,
19,47573574,4,0,
19,47573887,337,215,
19,47574034,769,259,
19,47574083,72,12,
19,47574346,95,51,
19,47574714,5,1,
19,47574748,6,1,
19,47574851,12,0,
19,47574871,47,45,10
19,47574960,59,8,
19,47575039,26,8,
19,47575062,9,3,
19,47575403,487,233,
19,47575417,95,38,
19,47575616,313,156,
19,47575757,5,0,
19,47575910,17,4,
19,47575935,101,16,
19,47575950,63,43,
19,47576055,127,92,
19,47576317,212,94,
19,47576672,22,7,
19,47576687,54,11,
19,47576861,331,124,
19,47576904,26,4,
19,47576978,135,37,
19,47577032,70,56,
19,47577120,101,36,
19,47577347,10,10,
19,47577746,7,0,
19,47577761,673,274,
19,47577979,73,28,
19,47578086,251,167,
19,47578109,57,82,
19,47578444,7,0,
19,47578464,86,6,
19,47578572,404,221,
19,47578599,65,5,
19,47578741,161,149,
19,47578855,114,176,
19,47578918,15,15,
19,47579182,49,22,
19,47579221,27,34,
19,47579229,275,111,
19,47579265,28,6,
19,47579337,32,2,
19,47579456,4,1,
19,47579754,171,26,
19,47579818,42,7,
19,47579977,19,10,
19,47580063,21,0,
19,47580210,13,3,
19,47580221,5,0,
19,47580271,18,0,
19,47580297,325,333,
19,47580841,20,31,
19,47580891,80,7,
19,47580910,64,17,
19,47581249,19,1,
19,47581362,17,0,
19,47581614,11,0,
19,47581701,466,161,
19,47581721,70,33,
19,47582043,863,597,
19,47582056,89,52,
19,47582095,4,1,
19,47582218,16,2,
19,47582220,1900,779,
19,47582322,29,3,
19,47582418,83,33,
19,47582482,628,352,
19,47582537,7,1,
19,47582671,31,4,
19,47582675,9,0,
19,47582786,10,4,
19,47582792,23,2,
19,47582877,66,7,
19,47582930,5,0,
19,47582952,10,0,
19,47582984,594,363,
19,47582990,81,32,
19,47583045,309,107,
19,47583532,39,3,
19,47583582,13,4,
19,47583959,75,18,
19,47584101,11,3,
19,47584386,3,1,
19,47584454,9,2,
19,47584540,2030,1000,
19,47584558,10,1,
19,47584694,5,0,
19,47584795,435,1260,
19,47584841,15,6,
19,47584942,15,3,
19,47585008,61,14,
19,47585127,5,1,
19,47585161,47,9,
19,47585192,16,8,
19,47585645,53,8,
19,47585860,32,2,
19,47585886,8,4,
19,47585892,6,1,
19,47585974,148,40,
19,47586176,315,213,
19,47586614,360,119,
19,47586778,1326,544,
19,47587050,8,0,
19,47587191,6,2,
19,47587339,4,0,
19,47587543,16,2,
19,47587597,70,63,
19,47587631,93,40,
19,47587866,555,196,
19,47587935,897,816,
19,47587953,293,468,
19,47588324,53,22,
19,47588349,142,47,
19,47588410,18,4,
19,47588520,13,0,
19,47588622,7,0,
19,47588632,16,1,
19,47588658,293,92,
19,47588776,8,0,
19,47588996,7,0,
19,47589011,195,100,
19,47589111,52,15,
19,47589370,50,30,
19,47589419,32,7,
19,47589432,10,3,
19,47589451,11,4,
19,47589494,13,0,
19,47589567,62,29,
19,47589732,34,0,
19,47589735,10,6,
19,47589791,8,1,
19,47589797,20,8,
19,47589818,215,69,
19,47589856,187,52,
19,47589900,21,2,
19,47590148,39,44,
19,47590153,6,0,
19,47590194,5,0,
19,47590261,29,15,
19,47590281,9,1,
19,47590389,11,8,
19,47590526,29,10,
19,47591104,463,92,
19,47591125,11,2,
19,47591208,79,68,
19,47591250,13,3,
19,47591341,11,0,
19,47591428,8,0,
19,47591471,9,4,
19,47591488,17,2,
19,47591560,5,0,
19,47591598,3,1,
19,47591819,24,1,
19,47591834,13,6,
19,47591928,483,120,
19,47591931,11,0,
19,47592047,27,4,
19,47592113,41,2,
19,47592280,6,0,
19,47592297,8,1,
19,47592392,31,11,
19,47592462,139,71,
19,47592598,5,1,
19,47592626,41,23,
19,47592660,12,5,
19,47592687,4,0,
19,47592755,507,470,
19,47592773,11,0,
19,47592933,12,0,
19,47592939,27,16,
19,47593015,32,1,
19,47593046,10,2,
19,47593081,7,0,
19,47593244,6,1,
19,47593285,302,62,
19,47593303,24,0,
19,47593351,7,0,
19,47593422,385,143,30
19,47593473,18,3,
19,47593556,515,155,26
19,47593620,8,1,
19,47593627,11,0,
19,47593634,132,51,
19,47593716,8,0,
19,47593776,12,6,
19,47593919,6,1,
19,47593958,21,1,
19,47594009,8,0,
19,47594149,7,1,
19,47594159,9,1,
19,47594181,11,1,
19,47594208,15,0,
19,47594384,6,0,
19,47594637,9,2,
19,47594804,43,12,
19,47594816,30,0,
19,47594831,18,1,
19,47594840,25,9,
19,47594887,7,2,
19,47595019,3,0,
19,47595048,9,1,
19,47595068,14,3,
19,47595291,9,2,
19,47595546,14,4,
19,47595572,222,188,
19,47595620,247,104,
19,47595658,7,0,
19,47595702,9,3,
19,47595712,32,6,
19,47595721,18,12,
19,47595832,7,0,
19,47595865,226,70,
19,47595956,38,11,
19,47596125,15,3,
19,47596150,10,1,
19,47596272,4,1,
19,47596299,6,0,
19,47596300,7,2,
19,47596363,9,1,
19,47596452,10,0,
19,47596457,41,15,
19,47596508,5,1,
19,47596631,14,1,
19,47596768,7,1,
19,47596781,8,0,
19,47597085,968,348,25
19,47597119,208,93,19
19,47597151,8,3,
19,47597270,11,2,
19,47597345,5,0,
19,47597435,11,0,
19,47597612,5,0,
19,47597651,46,12,
19,47597764,14,11,
19,47597908,13,3,
19,47597929,6,1,
19,47597935,354,79,9
19,47598074,5,1,
19,47598105,11,1,
19,47598193,4,0,
19,47598354,14,2,
19,47598378,43,79,
19,47598415,43,34,
19,47598511,351,405,
19,47598905,4,0,
19,47598960,4,0,
19,47599016,4,0,
19,47599119,9,1,
19,47599303,44,30,
19,47599305,77,42,24
19,47599510,83,85,14
19,47599556,7,0,
19,47599771,58,47,
19,47599956,90,64,28
19,47599970,38,20,
19,47600121,10,0,
19,47600233,17,1,
19,47600372,5,0,
19,47600382,201,69,12
19,47600434,106,129,
19,47600524,16,18,
19,47600615,8,1,
19,47601107,48,49,
19,47601168,57,76,
19,47601200,10,1,
19,47601310,54,73,
19,47601315,14,6,
19,47601405,127,58,
19,47601555,44,50,
19,47601577,10,4,
19,47601598,6,0,
19,47601621,4,0,
19,47601858,28,73,
19,47601859,133,106,3
19,47601864,5,0,
19,47602001,24,7,
19,47602040,14,8,
19,47602301,67,46,
19,47602324,30,7,
19,47602500,69,31,
19,47602565,156,120,11
19,47602832,301,199,1
19,47602879,94,35,5
19,47602914,21,3,
19,47602986,53,17,10
19,47603003,4,0,
19,47603123,5,1,
19,47603231,68,47,22
19,47603380,14,0,
19,47603534,75,68,
19,47603657,204,105,7
19,47603737,82,67,2
19,47603848,8,2,
19,47604155,45,32,26
19,47604218,52,5,3
19,47604245,69,32,15
19,47604354,46,15,2
19,47604616,6,7,
19,47604680,4,0,
19,47604744,13,1,
19,47604887,4,2,
19,47604897,35,10,15
19,47605011,6,0,
19,47605034,7,0,
19,47605132,7,3,
19,47605270,7,1,
19,47605374,3,0,
19,47605454,3,0,
20,47539767,122,13,
20,47539825,394,259,
20,47539945,74,31,19
20,47540383,354,350,
20,47540388,132,136,
20,47540833,661,533,
20,47540903,112,63,
20,47540929,141,152,
20,47541733,228,44,
20,47541746,143,38,
20,47541969,197,61,
20,47542057,609,484,
20,47542142,67,36,
20,47542545,46,10,
20,47542595,14,0,
20,47542640,17,2,
20,47542644,245,54,
20,47542695,763,611,
20,47542998,26,0,
20,47543139,622,266,
20,47543167,466,535,
20,47543186,156,37,
20,47543198,59,5,
20,47543201,170,164,
20,47543204,330,73,
20,47543205,47,1,25
20,47543943,462,166,
20,47544175,44,17,
20,47544238,95,23,
20,47544665,29,0,
20,47544980,411,383,
20,47545355,31,8,
20,47545607,297,60,
20,47546775,112,28,
20,47546911,64,9,
20,47547009,535,372,
20,47547508,225,41,
20,47547602,127,66,
20,47547843,136,19,
20,47548013,196,58,
20,47548164,131,19,
20,47549128,273,78,
20,47549160,179,94,
20,47549586,71,21,
20,47549649,108,168,
20,47549824,348,73,
20,47550282,634,330,
20,47550433,139,32,
20,47550878,311,171,
20,47552144,48,15,18
20,47552562,332,152,
20,47552643,87,14,
20,47553185,328,111,
20,47553516,90,84,
20,47553573,140,74,
20,47553717,460,92,
20,47553766,6,3,
20,47553798,814,233,
20,47553910,97,84,
20,47554493,87,34,
20,47554557,28,11,29
20,47554773,788,613,
20,47554948,92,181,
20,47555035,68,20,
20,47555093,30,16,
20,47555273,226,132,
20,47555427,22,18,
20,47555492,14,0,
20,47555556,664,253,
20,47555642,34,13,
20,47556001,58,8,
20,47556033,80,6,
20,47556063,128,41,
20,47556074,65,7,
20,47556076,142,95,
20,47556116,103,19,
20,47556267,90,7,
20,47556290,379,68,
20,47556359,241,56,
20,47556729,1396,253,
20,47557064,196,71,
20,47557166,259,186,
20,47557171,193,26,
20,47557185,215,144,
20,47557299,72,15,
20,47557392,76,23,
20,47557901,149,240,
20,47557921,73,7,2
20,47557960,503,112,
20,47558073,28,3,
20,47558094,110,16,
20,47558101,117,25,
20,47558284,27,2,
20,47558372,194,136,
20,47558581,58,59,
20,47558733,153,11,
20,47558782,129,53,
20,47558843,20,3,
20,47558867,68,50,
20,47558997,394,221,
20,47559481,229,137,
20,47559788,37,23,
20,47560017,32,1,
20,47560724,10,1,
20,47560981,62,86,
20,47561132,47,20,
20,47561297,188,101,
20,47561470,36,15,
20,47561489,788,450,
20,47561496,90,61,
20,47561711,577,265,
20,47561819,345,246,
20,47562288,84,75,
20,47562342,68,15,
20,47562440,14,0,
20,47562624,8,0,
20,47562961,172,43,30
20,47562994,3,0,
20,47563007,114,139,
20,47563039,26,3,
20,47563103,96,46,
20,47563177,20,9,
20,47563384,443,204,
20,47563599,9,0,
20,47563655,605,173,
20,47563978,100,8,
20,47564245,317,161,
20,47564246,84,64,
20,47564421,684,258,
20,47564469,237,166,
20,47564579,100,25,
20,47564620,13,7,
20,47564930,27,9,
20,47565075,83,69,
20,47565264,126,26,
20,47565307,51,9,4
20,47565316,404,262,
20,47565350,38,7,9
20,47565365,313,419,
20,47565542,19,5,
20,47565652,21,2,
20,47565798,17,7,
20,47565831,37,39,
20,47565848,47,74,
20,47565955,15,1,
20,47566140,95,15,
20,47566143,381,532,
20,47566332,100,39,
20,47566392,12,0,
20,47566442,568,271,
20,47566653,148,139,
20,47566702,91,55,
20,47566865,975,615,
20,47566960,151,72,
20,47567049,72,14,
20,47567183,56,33,
20,47567242,150,62,
20,47567790,54,4,
20,47568028,269,304,
20,47568146,13,2,
20,47568884,80,61,
20,47569438,15,17,
20,47569471,413,210,
20,47569502,312,166,
20,47569773,37,51,
20,47569837,64,53,
20,47569923,7,1,
20,47570269,1594,640,
20,47570435,149,63,
20,47570547,62,8,
20,47570650,45,0,
20,47570666,355,91,
20,47570940,300,54,
20,47571183,183,79,26
20,47571279,317,239,
20,47571330,191,43,
20,47571376,281,115,
20,47571401,40,24,
20,47571495,170,51,
20,47571513,26,16,
20,47571705,9,1,
20,47571746,39,39,
20,47572000,67,18,
20,47572162,96,59,
20,47572714,4,1,
20,47572748,78,75,
20,47572771,214,90,
20,47572857,12,11,
20,47573140,8,0,
20,47573450,129,42,23
20,47573519,733,240,
20,47573574,4,0,
20,47573887,337,215,
20,47574034,770,259,
20,47574083,72,12,
20,47574346,95,51,
20,47574714,5,1,
20,47574748,6,1,
20,47574851,12,0,
20,47574871,64,66,11
20,47574960,59,8,
20,47575039,26,8,
20,47575062,9,3,
20,47575403,487,234,
20,47575417,95,38,
20,47575616,313,156,
20,47575757,5,0,
20,47575910,17,4,
20,47575935,101,16,
20,47576055,127,92,
20,47576317,212,94,
20,47576672,22,7,
20,47576687,54,11,
20,47576861,332,124,
20,47576904,26,4,
20,47576978,135,37,
20,47577032,70,56,
20,47577120,101,36,
20,47577347,10,10,
20,47577746,7,0,
20,47577761,673,274,
20,47577979,73,29,
20,47578086,251,168,
20,47578109,57,82,
20,47578444,7,0,
20,47578464,87,6,
20,47578572,405,221,
20,47578599,65,5,
20,47578741,161,150,
20,47578855,114,179,
20,47578918,15,16,
20,47579182,49,22,
20,47579221,27,34,
20,47579229,275,111,
20,47579265,28,6,
20,47579337,32,2,
20,47579456,4,1,
20,47579754,171,26,
20,47579818,42,7,
20,47579977,19,10,
20,47580063,21,0,
20,47580210,13,3,
20,47580221,5,0,
20,47580271,19,0,
20,47580297,325,333,
20,47580841,20,31,
20,47580891,80,7,
20,47580910,64,17,
20,47581249,19,1,
20,47581362,17,0,
20,47581614,11,0,
20,47581701,466,161,
20,47581721,70,33,
20,47582043,867,598,
20,47582056,89,52,
20,47582095,4,1,
20,47582218,16,2,
20,47582220,1901,780,
20,47582322,29,3,
20,47582418,83,33,
20,47582482,630,352,
20,47582537,7,1,
20,47582671,31,4,
20,47582675,9,0,
20,47582786,10,4,
20,47582792,23,2,
20,47582877,66,7,
20,47582930,5,0,
20,47582952,10,0,
20,47582984,595,363,
20,47582990,81,32,
20,47583045,309,107,
20,47583532,39,3,
20,47583582,13,4,
20,47583959,75,18,
20,47584101,11,3,
20,47584386,3,1,
20,47584454,9,2,
20,47584540,2032,1000,
20,47584558,10,1,
20,47584694,5,0,
20,47584795,435,1292,
20,47585008,61,14,
20,47585127,5,1,
20,47585161,47,9,
20,47585192,16,8,
20,47585645,53,8,
20,47585860,32,2,
20,47585886,8,4,
20,47585892,6,1,
20,47585974,149,40,
20,47586176,315,213,
20,47586614,362,119,
20,47586778,1329,545,
20,47587050,8,0,
20,47587191,6,2,
20,47587339,4,0,
20,47587543,16,2,
20,47587597,70,63,
20,47587631,93,40,
20,47587866,556,196,
20,47587935,898,820,
20,47587953,293,469,
20,47588324,53,22,
20,47588349,143,47,
20,47588410,18,4,
20,47588520,13,0,
20,47588622,7,0,
20,47588632,16,1,
20,47588658,297,93,
20,47588776,8,0,
20,47588996,7,0,
20,47589011,195,100,
20,47589111,52,15,
20,47589370,50,30,
20,47589419,32,7,
20,47589432,10,3,
20,47589451,11,4,
20,47589494,13,0,
20,47589567,62,29,
20,47589732,34,0,
20,47589735,10,6,
20,47589791,8,1,
20,47589797,20,8,
20,47589818,215,69,
20,47589856,187,53,
20,47589900,21,2,
20,47590148,39,44,
20,47590153,6,0,
20,47590194,5,0,
20,47590261,29,15,
20,47590281,9,1,
20,47590389,11,8,
20,47590526,29,10,
20,47591104,463,92,
20,47591125,11,2,
20,47591208,79,68,
20,47591250,13,3,
20,47591341,11,0,
20,47591428,8,0,
20,47591471,9,4,
20,47591488,17,2,
20,47591560,5,0,
20,47591598,3,1,
20,47591819,24,1,
20,47591834,13,6,
20,47591928,483,120,
20,47591931,11,0,
20,47592047,28,4,
20,47592113,43,3,
20,47592280,6,0,
20,47592297,8,1,
20,47592392,31,11,
20,47592462,139,71,
20,47592598,5,1,
20,47592626,41,23,
20,47592660,12,5,
20,47592687,4,0,
20,47592755,507,473,
20,47592773,11,0,
20,47592933,12,0,
20,47592939,27,16,
20,47593015,32,1,
20,47593046,11,2,
20,47593081,7,0,
20,47593244,6,1,
20,47593285,303,65,
20,47593303,25,0,
20,47593351,7,0,
20,47593422,392,146,
20,47593473,18,3,
20,47593556,533,161,27
20,47593620,8,1,
20,47593627,11,0,
20,47593634,133,51,
20,47593716,9,0,
20,47593776,13,6,
20,47593919,7,1,
20,47593958,22,1,
20,47594009,8,0,
20,47594149,7,1,
20,47594159,10,1,
20,47594181,11,1,
20,47594208,15,0,
20,47594384,6,0,
20,47594637,9,2,
20,47594804,45,12,
20,47594816,30,0,
20,47594831,18,1,
20,47594840,26,9,
20,47594887,7,2,
20,47595019,3,0,
20,47595048,9,1,
20,47595068,14,3,
20,47595291,9,2,
20,47595546,14,4,
20,47595572,225,190,
20,47595620,249,104,
20,47595658,7,0,
20,47595702,9,3,
20,47595712,32,6,
20,47595721,18,12,
20,47595832,7,0,
20,47595865,227,71,
20,47595956,39,11,
20,47596125,16,3,
20,47596150,10,1,
20,47596272,4,1,
20,47596299,6,0,
20,47596363,9,1,
20,47596452,10,0,
20,47596457,41,15,
20,47596508,5,1,
20,47596631,14,1,
20,47596768,7,1,
20,47596781,8,0,
20,47597085,996,353,28
20,47597119,218,97,21
20,47597151,9,3,
20,47597270,11,2,
20,47597345,5,0,
20,47597435,11,0,
20,47597612,5,0,
20,47597651,46,12,
20,47597764,14,11,
20,47597908,13,3,
20,47597929,6,1,
20,47597935,365,80,10
20,47598074,5,1,
20,47598105,12,1,
20,47598193,4,0,
20,47598354,14,2,
20,47598378,44,80,
20,47598415,43,36,
20,47598511,354,407,
20,47598905,4,0,
20,47598960,4,0,
20,47599016,4,0,
20,47599119,10,1,
20,47599303,47,30,
20,47599305,82,44,
20,47599510,91,91,17
20,47599556,8,0,
20,47599771,58,48,
20,47599956,93,67,
20,47599970,38,20,
20,47600121,11,1,
20,47600233,21,2,
20,47600372,5,0,
20,47600382,215,75,16
20,47600434,109,137,
20,47600496,5,0,
20,47600524,16,19,
20,47600615,9,1,
20,47600826,6,2,
20,47601055,6,0,
20,47601107,49,49,
20,47601168,57,80,
20,47601190,11,8,
20,47601200,10,1,
20,47601233,5,0,
20,47601310,56,77,
20,47601315,17,7,
20,47601405,129,59,
20,47601555,46,50,
20,47601577,11,4,
20,47601598,6,0,
20,47601621,4,0,
20,47601858,32,85,26
20,47601859,145,121,3
20,47601863,4,0,
20,47601864,5,0,
20,47602001,25,8,
20,47602040,17,12,
20,47602277,6,0,
20,47602301,68,47,
20,47602324,30,7,
20,47602500,69,31,
20,47602565,171,138,13
20,47602832,360,256,1
20,47602879,100,40,5
20,47602914,24,3,
20,47602986,57,21,12
20,47603003,4,0,
20,47603123,5,1,
20,47603131,9,0,
20,47603231,70,49,
20,47603380,17,1,
20,47603431,4,1,
20,47603534,79,72,
20,47603657,251,159,8
20,47603696,6,1,
20,47603737,102,84,4
20,47603848,8,2,
20,47603914,4,0,
20,47603966,4,2,16
20,47604155,68,59,21
20,47604218,69,9,14
20,47604245,95,70,22
20,47604253,6,0,28
20,47604354,69,37,2
20,47604616,6,11,
20,47604680,4,0,
20,47604744,14,1,
20,47604887,5,2,
20,47604893,8,3,
20,47604897,65,32,13
20,47605000,9,0,
20,47605011,15,1,
20,47605034,10,0,
20,47605132,9,4,
20,47605270,21,4,25
20,47605347,6,0,
20,47605374,6,0,10
20,47605454,7,0,
20,47605586,41,16,1
20,47605618,16,2,
20,47605677,27,8,1
20,47605831,6,0,
20,47606040,12,0,
21,47539767,122,13,
21,47539825,394,259,
21,47539945,78,32,30
21,47540383,354,350,
21,47540388,132,136,
21,47540833,661,533,
21,47540903,112,63,
21,47540929,141,152,
21,47541733,229,44,
21,47541746,143,38,
21,47541969,197,61,
21,47542057,609,484,
21,47542142,67,36,
21,47542545,46,10,
21,47542640,17,2,
21,47542644,245,54,
21,47542695,763,611,
21,47542998,26,0,
21,47543139,622,266,
21,47543167,466,535,
21,47543186,156,37,
21,47543198,59,5,
21,47543201,170,164,
21,47543204,330,73,
21,47543205,48,1,
21,47543943,462,166,
21,47544175,44,17,
21,47544238,95,23,
21,47545355,31,8,
21,47545607,297,60,
21,47546775,112,28,
21,47546911,64,9,
21,47547009,535,372,
21,47547508,225,41,
21,47547602,127,66,
21,47547843,136,19,
21,47548013,196,58,
21,47548164,131,19,
21,47549128,275,78,
21,47549160,179,94,
21,47549586,71,21,
21,47549649,108,168,
21,47549824,348,73,
21,47550282,634,330,
21,47550433,140,33,
21,47550878,311,171,
21,47552144,50,17,29
21,47552562,333,152,
21,47552643,87,14,
21,47553185,328,111,
21,47553573,140,74,
21,47553717,460,92,
21,47553798,814,233,
21,47553910,97,84,
21,47554493,87,34,
21,47554557,28,11,
21,47554773,789,613,
21,47554948,92,181,
21,47555035,68,20,
21,47555093,30,16,
21,47555273,226,132,
21,47555427,22,18,
21,47555492,14,0,
21,47555556,664,253,
21,47555642,34,13,
21,47556001,58,8,
21,47556033,80,6,
21,47556063,128,41,
21,47556074,65,7,
21,47556076,142,95,
21,47556267,90,7,
21,47556290,379,68,
21,47556359,241,56,
21,47556729,1396,253,
21,47557064,196,71,
21,47557166,259,186,
21,47557171,193,27,
21,47557185,215,144,
21,47557299,72,15,
21,47557385,36,5,2
21,47557392,77,23,
21,47557901,149,240,
21,47557921,123,14,2
21,47557960,503,112,
21,47558073,28,3,
21,47558094,110,16,
21,47558101,119,25,
21,47558284,27,2,
21,47558372,194,136,
21,47558581,58,59,
21,47558733,154,11,
21,47558782,129,53,
21,47558843,20,3,
21,47558867,68,50,
21,47558997,394,221,
21,47559481,229,137,
21,47559788,37,23,
21,47560017,32,1,
21,47560724,10,1,
21,47560981,62,86,
21,47561297,188,101,
21,47561470,36,15,
21,47561489,788,451,
21,47561496,90,61,
21,47561711,577,265,
21,47561819,345,246,
21,47562288,84,75,
21,47562342,68,15,
21,47562440,14,0,
21,47562961,176,45,
21,47562994,3,0,
21,47563007,114,139,
21,47563039,26,3,
21,47563103,96,46,
21,47563177,20,9,
21,47563384,443,204,
21,47563599,9,0,
21,47563978,100,8,
21,47564245,317,161,
21,47564421,684,258,
21,47564469,237,166,
21,47564579,100,25,
21,47564620,13,7,
21,47564930,27,9,
21,47565075,83,69,
21,47565264,126,26,
21,47565307,80,34,11
21,47565316,404,262,
21,47565350,43,8,16
21,47565365,313,420,
21,47565542,19,5,
21,47565652,21,2,
21,47565798,17,7,
21,47565831,37,39,
21,47565848,47,74,
21,47565955,15,1,
21,47566140,95,15,
21,47566143,381,532,
21,47566332,100,39,
21,47566392,12,0,
21,47566442,568,271,
21,47566653,148,139,
21,47566702,91,55,
21,47566865,978,615,
21,47566960,151,72,
21,47567049,72,14,
21,47567183,56,33,
21,47567242,150,63,
21,47567790,54,4,
21,47568028,269,304,
21,47568146,13,2,
21,47569438,15,17,
21,47569471,413,210,
21,47569502,313,166,
21,47569773,37,51,
21,47569837,64,53,
21,47569923,7,1,
21,47570269,1594,640,
21,47570435,149,63,
21,47570547,62,8,
21,47570650,45,0,
21,47570666,355,91,
21,47570940,300,54,
21,47571183,183,79,
21,47571279,317,239,
21,47571330,193,43,
21,47571376,281,115,
21,47571401,40,24,
21,47571495,170,51,
21,47571513,26,16,
21,47571705,9,1,
21,47571746,39,39,
21,47572000,67,18,
21,47572162,96,59,
21,47572748,78,75,
21,47572771,215,90,
21,47572857,12,11,
21,47572878,10,2,17
21,47573140,8,0,
21,47573450,136,42,28
21,47573519,734,240,
21,47573887,337,215,
21,47574034,770,259,
21,47574083,72,12,
21,47574346,95,51,
21,47574714,5,1,
21,47574748,6,1,
21,47574851,12,0,
21,47574871,73,73,17
21,47574960,59,8,
21,47575039,26,8,
21,47575062,9,3,
21,47575403,487,234,
21,47575417,95,38,
21,47575616,313,157,
21,47575757,5,0,
21,47575910,17,4,
21,47575935,101,16,
21,47576055,127,93,
21,47576317,212,94,
21,47576687,54,11,
21,47576861,332,124,
21,47576904,26,4,
21,47576978,135,37,
21,47577032,70,56,
21,47577120,101,36,
21,47577347,10,10,
21,47577524,4,0,
21,47577746,7,0,
21,47577761,673,274,
21,47577979,73,29,
21,47578086,251,168,
21,47578109,57,82,
21,47578444,7,0,
21,47578464,87,6,
21,47578572,405,222,
21,47578599,65,5,
21,47578741,161,150,
21,47578855,115,180,
21,47578918,15,16,
21,47579182,49,22,
21,47579221,27,34,
21,47579229,275,111,
21,47579265,28,6,
21,47579337,32,2,
21,47579456,4,1,
21,47579754,171,26,
21,47579818,42,7,
21,47579977,19,10,
21,47580063,21,0,
21,47580221,5,0,
21,47580271,19,0,
21,47580297,325,333,
21,47580841,20,31,
21,47580891,80,7,
21,47580910,64,17,
21,47581249,19,1,
21,47581362,17,0,
21,47581614,11,0,
21,47581701,466,161,
21,47581721,70,33,
21,47582043,872,602,
21,47582056,89,52,
21,47582095,4,1,
21,47582218,16,2,
21,47582220,1902,784,
21,47582322,29,3,
21,47582418,83,33,
21,47582482,630,353,
21,47582537,7,1,
21,47582671,31,4,
21,47582675,9,0,
21,47582792,23,2,
21,47582852,4,0,
21,47582877,66,7,
21,47582930,5,0,
21,47582952,10,0,
21,47582984,596,363,
21,47582987,4,0,
21,47582990,81,32,
21,47583045,310,108,
21,47583532,39,3,
21,47583582,13,4,
21,47583959,75,18,
21,47584101,11,3,
21,47584386,3,1,
21,47584540,2035,1000,
21,47584558,10,1,
21,47584795,437,1310,
21,47585008,61,14,
21,47585127,5,1,
21,47585161,47,9,
21,47585192,16,8,
21,47585469,3,0,
21,47585645,53,8,
21,47585860,32,2,
21,47585886,8,4,
21,47585892,6,1,
21,47585974,150,40,
21,47586176,317,215,
21,47586614,362,120,
21,47586778,1334,546,
21,47587050,8,0,
21,47587191,6,2,
21,47587339,4,0,
21,47587543,16,2,
21,47587597,70,63,
21,47587631,93,40,
21,47587866,560,196,
21,47587935,898,822,
21,47587953,294,471,
21,47588324,53,22,
21,47588349,143,47,
21,47588410,18,4,
21,47588632,16,1,
21,47588658,297,93,
21,47588776,8,0,
21,47588929,4,1,
21,47588996,7,0,
21,47589011,196,100,
21,47589111,52,15,
21,47589370,50,30,
21,47589419,32,7,
21,47589432,10,3,
21,47589451,11,4,
21,47589494,13,0,
21,47589567,62,29,
21,47589732,34,0,
21,47589735,10,6,
21,47589791,8,1,
21,47589797,20,8,
21,47589818,215,69,
21,47589856,187,53,
21,47589900,21,2,
21,47590148,39,44,
21,47590153,6,0,
21,47590194,5,0,
21,47590230,5,0,
21,47590261,29,15,
21,47590281,10,1,
21,47590389,11,8,
21,47590526,29,10,
21,47591104,463,92,
21,47591125,11,2,
21,47591250,13,3,
21,47591341,11,0,
21,47591367,4,1,
21,47591428,8,0,
21,47591488,17,2,
21,47591560,5,0,
21,47591707,3,0,
21,47591819,24,1,
21,47591834,13,6,
21,47591928,483,120,
21,47591931,11,0,
21,47592047,28,4,
21,47592068,3,0,
21,47592113,43,3,
21,47592280,6,0,
21,47592297,8,1,
21,47592392,31,11,
21,47592462,140,71,
21,47592614,5,0,
21,47592626,41,23,
21,47592660,12,5,
21,47592755,509,474,
21,47592933,12,0,
21,47592939,27,16,
21,47593015,32,1,
21,47593046,11,2,
21,47593081,7,0,
21,47593244,6,1,
21,47593285,305,65,
21,47593303,25,0,
21,47593351,7,0,
21,47593422,394,146,
21,47593473,18,3,
21,47593556,536,161,
21,47593620,8,1,
21,47593627,11,0,
21,47593634,134,51,
21,47593716,9,0,
21,47593776,14,7,
21,47593861,3,0,
21,47593919,7,1,
21,47593958,22,1,
21,47594009,8,0,
21,47594149,7,1,
21,47594159,10,1,
21,47594181,11,1,
21,47594208,15,0,
21,47594345,3,0,
21,47594384,6,0,
21,47594637,9,2,
21,47594804,45,12,
21,47594816,31,0,
21,47594831,18,1,
21,47594840,26,9,
21,47594887,7,2,
21,47595019,3,0,
21,47595048,9,1,
21,47595068,14,3,
21,47595291,9,2,
21,47595546,14,4,
21,47595572,226,190,
21,47595620,249,106,
21,47595658,7,0,
21,47595702,9,3,
21,47595712,32,6,
21,47595721,18,12,
21,47595832,7,0,
21,47595865,227,71,
21,47595956,39,11,
21,47596125,16,3,
21,47596150,10,1,
21,47596272,4,1,
21,47596299,6,0,
21,47596363,9,1,
21,47596452,10,0,
21,47596457,41,15,
21,47596508,5,1,
21,47596631,14,1,
21,47596768,7,1,
21,47597085,1012,354,
21,47597119,226,100,21
21,47597151,9,3,
21,47597159,4,1,
21,47597270,11,2,
21,47597345,5,0,
21,47597435,11,0,
21,47597612,5,0,
21,47597651,46,12,
21,47597764,14,11,
21,47597908,13,3,
21,47597929,6,1,
21,47597935,371,83,14
21,47598074,5,1,
21,47598105,12,1,
21,47598193,4,0,
21,47598354,14,3,
21,47598378,44,80,
21,47598415,44,37,
21,47598511,360,414,
21,47598960,4,0,
21,47599016,4,0,
21,47599119,10,1,
21,47599303,47,31,
21,47599305,83,48,
21,47599510,94,97,24
21,47599556,8,0,
21,47599771,59,49,
21,47599956,94,68,
21,47599970,38,22,
21,47600121,11,1,
21,47600233,24,2,
21,47600372,5,0,
21,47600382,219,75,25
21,47600434,110,143,
21,47600496,5,0,
21,47600524,16,19,
21,47600615,9,1,
21,47600826,6,2,
21,47601055,6,0,
21,47601107,50,49,
21,47601168,57,80,
21,47601190,11,8,
21,47601200,10,1,
21,47601233,5,0,
21,47601310,57,82,
21,47601315,18,7,
21,47601405,129,59,
21,47601555,46,50,
21,47601577,12,4,
21,47601598,6,0,
21,47601621,4,0,
21,47601656,4,0,
21,47601683,4,0,
21,47601806,4,0,
21,47601858,39,99,23
21,47601859,159,132,5
21,47601863,5,0,
21,47601864,6,0,
21,47601992,3,0,
21,47602001,26,9,
21,47602040,18,15,
21,47602121,5,0,
21,47602277,8,0,
21,47602301,68,47,
21,47602324,30,7,
21,47602500,69,31,
21,47602519,6,0,
21,47602565,192,144,20
21,47602832,389,286,3
21,47602879,109,50,10
21,47602914,24,5,
21,47602986,61,22,20
21,47603003,4,0,
21,47603123,5,1,
21,47603131,9,0,
21,47603231,71,49,
21,47603380,17,1,
21,47603431,4,1,
21,47603534,80,73,
21,47603657,305,211,13
21,47603696,6,1,
21,47603737,112,95,8
21,47603848,9,2,
21,47603914,4,0,
21,47603966,28,12,4
21,47604155,90,93,
21,47604218,72,13,24
21,47604245,107,105,
21,47604253,21,12,8
21,47604354,75,43,4
21,47604360,8,1,
21,47604616,6,11,
21,47604680,4,0,
21,47604744,14,1,
21,47604768,4,1,
21,47604887,5,2,
21,47604893,8,3,
21,47604897,79,44,26
21,47605000,10,0,
21,47605011,16,1,
21,47605034,11,0,
21,47605086,4,0,
21,47605132,10,4,
21,47605270,53,7,18
21,47605347,6,1,
21,47605374,20,2,9
21,47605454,9,1,
21,47605494,21,1,6
21,47605531,4,0,
21,47605618,27,2,
21,47605677,49,26,1
21,47605685,5,1,
21,47605831,13,1,
21,47606040,35,3,28
21,47606120,3,0,
21,47606207,6,0,
21,47606349,9,0,
21,47606466,15,4,
22,47539767,122,13,
22,47539825,394,259,
22,47539945,79,36,
22,47540383,354,350,
22,47540388,132,136,
22,47540833,661,533,
22,47540903,112,63,
22,47540929,141,152,
22,47541733,229,44,
22,47541746,143,38,
22,47541969,197,61,
22,47542057,609,484,
22,47542142,67,37,
22,47542545,46,10,
22,47542640,17,2,
22,47542644,245,54,
22,47542695,763,611,
22,47543139,622,266,
22,47543167,466,535,
22,47543186,156,37,
22,47543198,59,5,
22,47543204,330,73,
22,47543205,49,2,
22,47543943,462,166,
22,47544175,44,17,
22,47544238,95,23,
22,47545607,297,60,
22,47546775,113,28,
22,47546911,64,9,
22,47547009,535,372,
22,47547508,225,41,
22,47547602,127,66,
22,47547843,136,19,
22,47548013,196,58,
22,47548164,131,19,
22,47549128,276,78,
22,47549160,179,94,
22,47549586,71,21,
22,47549649,108,168,
22,47549824,348,73,
22,47550282,634,330,
22,47550433,141,33,
22,47550878,311,171,
22,47552144,52,19,28
22,47552562,333,152,
22,47552643,87,14,
22,47553185,328,111,
22,47553573,141,74,
22,47553717,460,92,
22,47553798,814,233,
22,47553910,97,84,
22,47554493,87,34,
22,47554557,28,11,
22,47554773,789,613,
22,47554948,92,181,
22,47555035,68,20,
22,47555093,30,16,
22,47555273,226,132,
22,47555427,22,18,
22,47555492,14,0,
22,47555556,664,254,
22,47555642,34,13,
22,47556001,58,8,
22,47556033,80,6,
22,47556063,128,41,
22,47556074,65,7,
22,47556076,143,95,
22,47556267,90,7,
22,47556290,379,68,
22,47556359,241,56,
22,47556729,1396,253,
22,47557064,196,71,
22,47557166,259,186,
22,47557171,194,27,
22,47557185,215,144,
22,47557299,72,15,
22,47557385,60,11,4
22,47557392,77,23,
22,47557901,149,240,
22,47557921,149,21,3
22,47557960,503,112,
22,47558073,28,3,
22,47558094,110,16,
22,47558101,119,27,
22,47558284,27,2,
22,47558372,194,136,
22,47558581,58,59,
22,47558733,154,11,
22,47558782,129,53,
22,47558867,68,50,
22,47558997,394,221,
22,47559481,229,137,
22,47559788,37,23,
22,47560017,33,2,
22,47560981,62,86,
22,47561297,188,101,
22,47561470,36,15,
22,47561489,788,451,
22,47561496,90,61,
22,47561711,577,265,
22,47561819,345,246,
22,47562288,84,75,
22,47562342,68,15,
22,47562961,177,46,
22,47562994,3,0,
22,47563007,114,139,
22,47563039,26,3,
22,47563103,96,46,
22,47563177,20,9,
22,47563384,443,204,
22,47563599,9,0,
22,47563978,100,8,
22,47564245,317,161,
22,47564421,684,258,
22,47564469,237,166,
22,47564579,100,25,
22,47564620,13,7,
22,47564930,27,9,
22,47565075,83,69,
22,47565264,126,26,
22,47565307,95,44,15
22,47565316,404,262,
22,47565350,48,11,17
22,47565365,313,420,
22,47565798,17,7,
22,47565831,37,39,
22,47565848,47,74,
22,47565955,15,1,
22,47566140,95,15,
22,47566143,381,532,
22,47566332,100,39,
22,47566442,568,271,
22,47566653,148,139,
22,47566702,91,55,
22,47566865,978,615,
22,47566960,151,72,
22,47567049,72,14,
22,47567183,56,33,
22,47567242,150,63,
22,47567790,54,4,
22,47568028,269,304,
22,47568146,13,2,
22,47569438,15,17,
22,47569471,413,210,
22,47569502,313,166,
22,47569773,37,51,
22,47569837,64,53,
22,47569923,7,1,
22,47570269,1594,640,
22,47570435,149,63,
22,47570547,62,8,
22,47570650,45,0,
22,47570666,355,91,
22,47570940,300,54,
22,47571183,185,79,
22,47571279,317,239,
22,47571330,193,43,
22,47571376,281,115,
22,47571401,40,24,
22,47571495,170,51,
22,47571513,26,16,
22,47571705,9,1,
22,47572000,67,18,
22,47572162,96,59,
22,47572748,78,75,
22,47572771,215,90,
22,47572857,12,11,
22,47572878,15,2,20
22,47573140,8,0,
22,47573450,137,43,27
22,47573519,734,240,
22,47573887,338,215,
22,47574034,770,259,
22,47574083,72,12,
22,47574346,95,51,
22,47574851,12,0,
22,47574871,85,76,18
22,47574960,59,8,
22,47575039,26,8,
22,47575062,9,3,
22,47575403,488,234,
22,47575417,95,38,
22,47575616,313,158,
22,47575910,17,4,
22,47575935,101,16,
22,47576055,127,93,
22,47576317,212,94,
22,47576687,55,11,
22,47576861,332,124,
22,47576978,135,37,
22,47577032,70,56,
22,47577120,101,36,
22,47577347,10,10,
22,47577524,4,0,
22,47577746,7,0,
22,47577761,673,274,
22,47577979,73,29,
22,47578086,251,168,
22,47578109,57,82,
22,47578444,7,0,
22,47578464,87,6,
22,47578572,405,224,
22,47578599,65,5,
22,47578741,161,150,
22,47578855,116,180,
22,47579182,49,22,
22,47579221,27,34,
22,47579229,275,111,
22,47579265,28,6,
22,47579337,32,2,
22,47579456,4,1,
22,47579754,171,26,
22,47579818,42,7,
22,47579977,19,10,
22,47580221,5,0,
22,47580271,19,0,
22,47580297,325,333,
22,47580841,20,31,
22,47580891,80,7,
22,47580910,64,17,
22,47581249,19,1,
22,47581362,17,0,
22,47581614,12,0,
22,47581701,466,161,
22,47581721,70,33,
22,47582043,873,605,
22,47582056,89,52,
22,47582095,4,1,
22,47582218,16,2,
22,47582220,1905,785,
22,47582322,29,3,
22,47582418,83,33,
22,47582482,631,353,
22,47582537,7,1,
22,47582671,31,4,
22,47582675,9,0,
22,47582792,23,2,
22,47582852,4,0,
22,47582877,66,7,
22,47582930,6,0,
22,47582952,10,0,
22,47582984,596,363,
22,47582987,4,0,
22,47582990,81,32,
22,47583045,312,108,
22,47583532,39,3,
22,47583582,13,4,
22,47583959,75,18,
22,47584101,11,3,
22,47584386,10,4,6
22,47584540,2038,1000,
22,47584795,440,1323,
22,47585008,61,14,
22,47585127,5,1,
22,47585161,47,9,
22,47585192,16,8,
22,47585469,3,0,
22,47585645,53,8,
22,47585860,32,2,
22,47585892,6,1,
22,47585974,150,40,
22,47586176,318,216,
22,47586614,362,122,
22,47586778,1338,547,
22,47587050,8,0,
22,47587191,6,2,
22,47587339,4,0,
22,47587543,16,2,
22,47587597,70,63,
22,47587631,93,40,
22,47587866,562,196,
22,47587935,899,823,
22,47587953,294,471,
22,47588324,54,22,
22,47588349,143,47,
22,47588410,18,4,
22,47588632,16,1,
22,47588658,297,93,
22,47588776,8,0,
22,47588929,4,1,
22,47588996,7,0,
22,47589011,196,100,
22,47589111,52,15,
22,47589370,50,30,
22,47589419,32,7,
22,47589432,10,3,
22,47589451,11,4,
22,47589494,13,0,
22,47589567,62,29,
22,47589732,34,0,
22,47589791,8,1,
22,47589797,20,8,
22,47589818,215,69,
22,47589856,188,56,
22,47589900,21,2,
22,47590148,39,43,
22,47590153,6,0,
22,47590194,5,0,
22,47590230,5,0,
22,47590261,29,15,
22,47590281,10,1,
22,47590389,11,8,
22,47590526,29,10,
22,47591104,464,92,
22,47591125,11,2,
22,47591250,13,3,
22,47591341,11,0,
22,47591367,4,1,
22,47591428,8,0,
22,47591488,17,2,
22,47591560,5,0,
22,47591707,3,0,
22,47591819,24,1,
22,47591834,13,6,
22,47591928,483,120,
22,47591931,11,0,
22,47592047,28,4,
22,47592068,3,0,
22,47592113,43,3,
22,47592280,6,0,
22,47592297,8,1,
22,47592392,31,11,
22,47592462,141,71,
22,47592614,5,0,
22,47592626,41,24,
22,47592660,12,5,
22,47592755,510,475,
22,47592933,12,0,
22,47592939,27,16,
22,47593015,32,1,
22,47593046,11,2,
22,47593081,7,0,
22,47593285,305,65,
22,47593303,25,0,
22,47593351,7,0,
22,47593422,397,146,
22,47593473,18,3,
22,47593556,538,161,
22,47593620,8,1,
22,47593627,11,0,
22,47593634,134,51,
22,47593716,9,0,
22,47593776,14,7,
22,47593861,3,0,
22,47593919,7,1,
22,47593958,22,1,
22,47594009,8,0,
22,47594149,7,1,
22,47594159,10,1,
22,47594208,15,0,
22,47594345,3,0,
22,47594384,6,0,
22,47594637,9,2,
22,47594804,45,12,
22,47594816,31,0,
22,47594831,18,1,
22,47594840,26,9,
22,47594887,7,2,
22,47595019,3,0,
22,47595048,9,1,
22,47595068,14,3,
22,47595291,9,2,
22,47595546,14,4,
22,47595572,227,191,
22,47595620,251,107,
22,47595658,7,0,
22,47595702,9,3,
22,47595721,18,12,
22,47595832,7,0,
22,47595865,229,72,
22,47595956,39,11,
22,47596125,16,3,
22,47596150,10,1,
22,47596272,4,1,
22,47596299,6,0,
22,47596363,9,1,
22,47596452,10,0,
22,47596457,41,15,
22,47596508,5,1,
22,47596631,14,1,
22,47596768,7,1,
22,47597085,1018,357,
22,47597119,234,102,20
22,47597151,9,3,
22,47597159,4,1,
22,47597270,11,2,
22,47597345,5,0,
22,47597612,5,0,
22,47597651,46,12,
22,47597764,14,11,
22,47597908,13,3,
22,47597929,6,1,
22,47597935,377,85,16
22,47598074,5,1,
22,47598105,12,1,
22,47598193,4,0,
22,47598354,14,3,
22,47598378,45,80,
22,47598415,45,37,
22,47598511,363,422,
22,47598960,4,0,
22,47599016,4,0,
22,47599119,10,1,
22,47599303,47,31,
22,47599305,87,49,
22,47599510,98,101,24
22,47599556,8,0,
22,47599771,59,49,
22,47599956,94,73,
22,47599970,39,22,
22,47600121,11,1,
22,47600233,25,3,
22,47600372,5,0,
22,47600382,229,78,25
22,47600434,111,155,
22,47600496,5,1,
22,47600524,16,19,
22,47600615,9,1,
22,47600826,7,2,
22,47601055,6,0,
22,47601107,50,49,
22,47601168,57,80,
22,47601190,12,8,
22,47601200,10,1,
22,47601233,5,0,
22,47601310,59,82,
22,47601315,20,8,
22,47601405,130,59,
22,47601555,46,50,
22,47601577,12,4,
22,47601598,6,0,
22,47601621,4,0,
22,47601656,4,0,
22,47601683,4,0,
22,47601806,4,0,
22,47601858,46,109,21
22,47601859,174,145,6
22,47601863,5,0,
22,47601864,7,0,
22,47601957,5,0,
22,47601992,3,0,
22,47602001,26,9,
22,47602040,20,15,
22,47602121,5,0,
22,47602277,9,0,
22,47602301,72,52,
22,47602324,31,7,
22,47602500,71,31,
22,47602519,9,0,
22,47602565,205,155,21
22,47602832,411,303,11
22,47602879,122,55,12
22,47602914,26,5,
22,47602986,66,23,
22,47603003,4,0,
22,47603123,5,1,
22,47603131,12,0,
22,47603231,73,49,
22,47603380,18,1,
22,47603431,4,1,
22,47603534,83,73,
22,47603657,376,261,14
22,47603696,6,1,
22,47603737,117,100,13
22,47603848,9,2,
22,47603914,4,0,
22,47603966,39,18,5
22,47604155,119,142,15
22,47604218,80,16,26
22,47604245,111,119,
22,47604253,23,16,30
22,47604289,4,4,
22,47604354,76,46,
22,47604360,9,1,
22,47604616,7,12,
22,47604680,4,0,
22,47604744,14,1,
22,47604768,5,1,
22,47604887,5,2,
22,47604893,8,4,
22,47604897,85,54,29
22,47605000,10,0,
22,47605011,16,1,
22,47605034,11,0,
22,47605086,4,1,
22,47605132,11,4,
22,47605235,5,1,
22,47605270,69,21,19
22,47605347,9,1,
22,47605374,33,7,7
22,47605454,11,1,
22,47605494,33,5,9
22,47605531,4,0,
22,47605618,33,3,
22,47605677,57,33,2
22,47605685,6,1,
22,47605831,16,1,
22,47606040,48,4,
22,47606349,15,0,
22,47606466,30,4,
22,47606549,3,0,
22,47606560,11,3,23
22,47606582,4,0,
22,47606840,107,56,1
22,47606909,7,0,
22,47607067,32,16,2
22,47607447,12,1,11
22,47607453,4,0,
23,47539767,122,13,
23,47539825,394,259,
23,47539945,79,36,
23,47540383,354,350,
23,47540388,132,136,
23,47540833,661,533,
23,47540903,112,63,
23,47540929,141,152,
23,47541733,229,44,
23,47541746,143,38,
23,47541969,197,61,
23,47542057,609,484,
23,47542142,67,37,
23,47542545,46,10,
23,47542640,17,2,
23,47542644,245,54,
23,47542695,763,611,
23,47543139,622,266,
23,47543167,466,535,
23,47543186,156,37,
23,47543198,59,5,
23,47543204,330,73,
23,47543205,51,2,
23,47543943,462,166,
23,47544175,44,17,
23,47544238,95,23,
23,47545607,298,60,
23,47546775,113,29,
23,47546911,64,9,
23,47547009,535,372,
23,47547508,225,41,
23,47547602,127,66,
23,47547843,136,19,
23,47548013,196,58,
23,47548164,131,19,
23,47549128,277,78,
23,47549160,179,94,
23,47549586,71,21,
23,47549649,108,168,
23,47549824,348,73,
23,47550282,634,331,
23,47550433,141,33,
23,47550878,311,171,
23,47552144,56,20,28
23,47552562,333,152,
23,47552643,87,14,
23,47553185,328,111,
23,47553573,141,74,
23,47553717,460,92,
23,47553798,814,233,
23,47553910,97,84,
23,47554493,87,34,
23,47554557,28,11,
23,47554773,789,613,
23,47554948,92,181,
23,47555035,69,20,
23,47555093,30,16,
23,47555273,226,132,
23,47555427,22,18,
23,47555492,14,0,
23,47555556,664,254,
23,47555642,34,13,
23,47556001,58,8,
23,47556033,80,6,
23,47556063,128,41,
23,47556074,65,7,
23,47556076,143,95,
23,47556267,90,7,
23,47556290,380,68,
23,47556359,241,56,
23,47556729,1396,253,
23,47557064,196,71,
23,47557166,259,186,
23,47557171,194,27,
23,47557185,215,144,
23,47557299,72,15,
23,47557385,78,14,7
23,47557392,77,23,
23,47557901,149,240,
23,47557921,176,24,5
23,47557960,503,112,
23,47558073,28,3,
23,47558094,110,16,
23,47558101,121,27,
23,47558284,27,2,
23,47558372,194,136,
23,47558581,58,59,
23,47558733,154,11,
23,47558782,129,53,
23,47558867,68,50,
23,47558997,394,221,
23,47559481,229,137,
23,47559788,37,23,
23,47560017,33,2,
23,47560981,62,86,
23,47561297,188,101,
23,47561470,36,15,
23,47561489,788,451,
23,47561496,90,61,
23,47561711,577,265,
23,47561819,345,246,
23,47562288,84,75,
23,47562342,68,15,
23,47562961,177,46,
23,47562994,3,0,
23,47563007,114,139,
23,47563039,26,3,
23,47563103,96,46,
23,47563177,20,9,
23,47563384,443,204,
23,47563978,100,8,
23,47564245,317,161,
23,47564421,684,258,
23,47564469,237,166,
23,47564579,100,25,
23,47564620,13,7,
23,47564930,27,9,
23,47565075,83,69,
23,47565264,126,26,
23,47565307,100,54,18
23,47565316,404,262,
23,47565350,55,11,21
23,47565365,313,421,
23,47565798,17,7,
23,47565831,37,39,
23,47565848,47,74,
23,47565955,15,1,
23,47566140,95,15,
23,47566143,381,532,
23,47566332,100,39,
23,47566442,568,271,
23,47566653,148,139,
23,47566702,91,55,
23,47566865,978,615,
23,47566960,151,72,
23,47567049,72,14,
23,47567183,56,33,
23,47567242,150,63,
23,47567790,54,4,
23,47568028,269,304,
23,47568146,13,2,
23,47569438,15,17,
23,47569471,413,210,
23,47569502,313,166,
23,47569773,37,51,
23,47569837,64,53,
23,47569923,7,1,
23,47570269,1595,640,
23,47570435,149,63,
23,47570547,62,8,
23,47570650,45,0,
23,47570666,355,91,
23,47570940,300,54,
23,47571183,185,79,
23,47571279,317,239,
23,47571330,194,43,
23,47571376,281,115,
23,47571401,40,24,
23,47571495,170,51,
23,47571513,26,16,
23,47571705,9,1,
23,47572000,67,18,
23,47572162,96,59,
23,47572748,78,75,
23,47572771,215,90,
23,47572857,12,11,
23,47572878,22,3,19
23,47573140,8,0,
23,47573450,140,43,27
23,47573519,734,240,
23,47573887,338,215,
23,47574034,770,259,
23,47574083,72,12,
23,47574346,95,51,
23,47574851,12,0,
23,47574871,92,81,22
23,47574960,59,8,
23,47575039,26,8,
23,47575062,9,3,
23,47575403,488,235,
23,47575417,95,38,
23,47575616,313,158,
23,47575910,17,4,
23,47575935,101,16,
23,47576055,127,94,
23,47576317,212,94,
23,47576687,55,11,
23,47576861,333,124,
23,47576978,135,37,
23,47577032,70,56,
23,47577120,101,36,
23,47577746,7,0,
23,47577761,673,274,
23,47577979,73,29,
23,47578086,251,168,
23,47578109,57,82,
23,47578444,7,0,
23,47578464,87,6,
23,47578572,405,226,
23,47578599,65,5,
23,47578741,161,150,
23,47578855,116,180,
23,47579182,49,22,
23,47579221,27,34,
23,47579229,275,111,
23,47579265,28,6,
23,47579337,32,2,
23,47579456,4,1,
23,47579754,171,26,
23,47579818,42,7,
23,47579977,19,10,
23,47580221,5,0,
23,47580271,19,0,
23,47580297,325,333,
23,47580841,20,31,
23,47580891,80,7,
23,47580910,64,17,
23,47581249,19,1,
23,47581362,17,0,
23,47581614,12,0,
23,47581701,466,161,
23,47581721,70,33,
23,47582043,877,607,
23,47582056,89,52,
23,47582095,4,1,
23,47582218,16,2,
23,47582220,1907,786,
23,47582322,29,3,
23,47582418,83,33,
23,47582482,631,353,
23,47582537,7,1,
23,47582671,31,4,
23,47582792,23,2,
23,47582852,4,0,
23,47582877,66,7,
23,47582930,6,0,
23,47582952,10,0,
23,47582984,599,363,
23,47582987,4,0,
23,47582990,81,32,
23,47583045,312,108,
23,47583532,39,3,
23,47583582,13,4,
23,47583959,75,19,
23,47584101,11,3,
23,47584386,30,6,6
23,47584540,2042,1000,
23,47584795,441,1332,
23,47585008,61,14,
23,47585127,5,1,
23,47585161,47,9,
23,47585192,16,8,
23,47585469,3,0,
23,47585645,53,8,
23,47585860,32,2,
23,47585892,6,1,
23,47585974,150,40,
23,47586176,319,216,
23,47586614,362,122,
23,47586778,1341,550,
23,47587038,5,1,23
23,47587191,6,2,
23,47587339,4,0,
23,47587543,16,2,
23,47587597,70,63,
23,47587631,93,40,
23,47587866,562,196,
23,47587935,899,823,
23,47587953,296,471,
23,47588324,55,23,
23,47588349,143,47,
23,47588410,18,4,
23,47588632,16,1,
23,47588658,297,93,
23,47588776,8,0,
23,47588929,4,1,
23,47588996,7,0,
23,47589011,196,100,
23,47589111,52,15,
23,47589370,51,30,
23,47589419,32,7,
23,47589432,10,3,
23,47589451,11,4,
23,47589494,13,0,
23,47589567,62,29,
23,47589732,34,0,
23,47589791,8,1,
23,47589797,20,8,
23,47589818,215,69,
23,47589856,188,56,
23,47589900,21,2,
23,47590148,39,45,
23,47590153,6,0,
23,47590194,5,0,
23,47590230,5,0,
23,47590261,29,15,
23,47590281,10,1,
23,47590389,11,8,
23,47590526,29,10,
23,47591104,464,92,
23,47591250,13,3,
23,47591341,11,0,
23,47591367,4,1,
23,47591428,8,0,
23,47591488,17,2,
23,47591707,3,0,
23,47591819,24,1,
23,47591834,13,6,
23,47591928,483,120,
23,47591931,11,0,
23,47592047,28,4,
23,47592068,3,0,
23,47592113,43,3,
23,47592280,6,0,
23,47592297,8,1,
23,47592392,31,11,
23,47592462,141,71,
23,47592614,5,0,
23,47592626,41,24,
23,47592660,12,5,
23,47592755,510,476,
23,47592933,12,0,
23,47592939,27,16,
23,47593015,32,1,
23,47593046,11,2,
23,47593081,7,0,
23,47593285,305,65,
23,47593303,25,0,
23,47593351,7,0,
23,47593422,398,148,
23,47593473,18,3,
23,47593556,543,164,
23,47593620,8,1,
23,47593627,11,0,
23,47593634,134,51,
23,47593716,9,0,
23,47593776,14,7,
23,47593861,3,0,
23,47593919,7,1,
23,47593958,22,1,
23,47594009,8,0,
23,47594149,8,1,
23,47594159,10,1,
23,47594208,15,0,
23,47594345,3,0,
23,47594637,9,2,
23,47594804,45,12,
23,47594816,31,0,
23,47594831,18,1,
23,47594840,26,9,
23,47594887,7,2,
23,47595019,3,0,
23,47595048,9,1,
23,47595068,14,3,
23,47595291,9,2,
23,47595546,14,4,
23,47595572,228,192,
23,47595620,252,109,
23,47595658,7,0,
23,47595702,9,3,
23,47595721,18,13,
23,47595832,7,0,
23,47595865,231,72,
23,47595956,40,11,
23,47596125,16,3,
23,47596150,10,1,
23,47596272,4,1,
23,47596299,6,0,
23,47596363,9,1,
23,47596452,10,0,
23,47596457,41,15,
23,47596508,5,1,
23,47596631,14,1,
23,47596768,8,1,
23,47597085,1023,359,
23,47597119,241,105,21
23,47597151,9,3,
23,47597159,4,1,
23,47597270,11,2,
23,47597345,5,0,
23,47597612,5,0,
23,47597651,46,12,
23,47597764,14,11,
23,47597908,13,3,
23,47597929,6,1,
23,47597935,381,85,
23,47598074,5,1,
23,47598105,12,1,
23,47598193,4,0,
23,47598354,14,3,
23,47598378,46,80,
23,47598415,45,37,
23,47598511,364,430,
23,47598960,4,0,
23,47599016,4,0,
23,47599119,10,1,
23,47599303,47,31,
23,47599305,91,50,
23,47599510,101,106,25
23,47599556,8,0,
23,47599771,59,49,
23,47599956,94,74,
23,47599970,39,22,
23,47600121,12,1,
23,47600233,27,3,
23,47600372,5,0,
23,47600382,234,80,27
23,47600434,111,158,
23,47600496,6,2,
23,47600524,16,19,
23,47600615,9,1,
23,47600826,7,2,
23,47601055,6,0,
23,47601107,50,48,
23,47601168,57,81,
23,47601190,13,9,
23,47601200,10,1,
23,47601233,5,0,
23,47601310,61,89,
23,47601315,20,8,
23,47601405,131,58,
23,47601555,46,50,
23,47601577,12,4,
23,47601598,6,0,
23,47601621,4,0,
23,47601656,4,0,
23,47601683,4,0,
23,47601806,4,0,
23,47601858,50,121,24
23,47601859,184,153,8
23,47601863,5,0,
23,47601864,7,0,
23,47601957,5,0,
23,47601992,4,0,
23,47602001,26,9,
23,47602040,24,16,
23,47602121,5,0,
23,47602277,9,1,
23,47602301,72,52,
23,47602324,31,7,
23,47602500,72,32,
23,47602519,11,0,
23,47602565,213,169,25
23,47602832,432,309,10
23,47602879,130,56,15
23,47602914,27,7,
23,47602986,67,23,
23,47603003,4,0,
23,47603123,5,1,
23,47603131,18,2,
23,47603231,76,49,
23,47603380,18,2,
23,47603431,4,1,
23,47603534,83,74,
23,47603657,453,303,14
23,47603696,6,1,
23,47603737,125,102,12
23,47603848,9,2,
23,47603914,4,0,
23,47603966,48,28,8
23,47604155,142,192,16
23,47604218,87,17,30
23,47604245,114,124,
23,47604289,4,4,
23,47604354,76,46,
23,47604360,9,1,
23,47604616,8,13,
23,47604680,4,0,
23,47604744,16,1,
23,47604768,8,1,
23,47604887,5,2,
23,47604893,8,4,
23,47604897,91,57,
23,47605000,12,0,
23,47605011,16,1,
23,47605034,11,0,
23,47605086,5,1,
23,47605132,11,2,
23,47605235,5,1,
23,47605347,11,2,
23,47605374,41,12,12
23,47605454,11,1,
23,47605494,45,6,13
23,47605531,4,0,
23,47605618,35,4,
23,47605677,65,36,4
23,47605685,9,1,
23,47605831,16,2,
23,47606040,57,6,
23,47606349,22,0,
23,47606466,35,7,
23,47606549,3,0,
23,47606560,19,7,15
23,47606582,4,0,
23,47606840,210,145,1
23,47606909,9,0,
23,47607067,76,42,2
23,47607354,8,1,
23,47607447,232,122,3
23,47607453,10,1,
23,47607882,15,2,
23,47608058,9,0,4
