hour,id,score,comments,best_rank
0,42493832,227,48,
0,42497093,687,295,
0,42497173,251,32,
0,42498754,174,52,
0,42498982,200,24,
0,42501102,313,40,
0,42501922,154,119,
0,42502899,126,108,
0,42506984,592,226,
0,42507932,245,251,
0,42509760,55,25,
0,42509953,419,141,
0,42513288,122,24,
0,42513290,121,23,
0,42513331,102,25,
0,42514105,615,481,
0,42514127,266,458,
0,42514553,129,38,
0,42515238,83,30,
0,42515315,255,68,
0,42515426,191,100,
0,42515584,65,15,
0,42516268,118,58,
0,42516433,130,37,
0,42516568,71,17,
0,42516836,94,41,
0,42517035,257,116,
0,42517163,44,49,
0,42517164,338,96,
0,42517234,177,103,
0,42517447,2301,675,
0,42518444,175,35,
0,42518953,89,63,
0,42519862,146,51,
0,42519875,68,11,
0,42520151,334,35,
0,42520432,272,29,
0,42520470,71,8,
0,42520601,140,121,
0,42520632,108,22,
0,42520861,164,95,
0,42521069,140,19,
0,42521259,84,25,
0,42521493,50,9,
0,42521629,174,328,
0,42521630,34,4,
0,42521773,157,104,
0,42521795,184,113,
0,42521865,541,1047,
0,42521905,70,17,
0,42523061,297,304,
0,42523202,54,21,
0,42523745,560,100,
0,42523855,20,1,
0,42524130,263,47,
0,42524174,587,563,
0,42524422,273,297,
0,42524555,137,37,
0,42524848,239,78,
0,42525290,101,53,
0,42525384,349,172,
0,42525627,20,4,
0,42525633,632,190,
0,42526081,94,17,
0,42526092,115,2,
0,42526112,47,33,
0,42526769,127,39,
0,42526926,106,37,
0,42526978,85,8,
0,42527256,72,2,
0,42527265,326,129,
0,42527496,89,19,
0,42527572,345,436,
0,42527716,15,0,
0,42527947,54,20,
0,42528216,167,105,
0,42528302,255,139,
0,42528435,85,58,
0,42528720,58,5,
0,42529023,198,96,
0,42529552,57,4,
0,42529771,66,15,
0,42529894,103,13,
0,42530018,37,2,
0,42530332,645,408,
0,42530424,22,0,
0,42530459,141,16,
0,42530844,69,15,
0,42530991,165,159,
0,42531215,23,7,
0,42531217,340,152,
0,42531237,81,113,
0,42531577,25,3,
0,42531695,649,842,
0,42531748,68,44,
0,42531774,59,22,
0,42531874,81,14,
0,42531993,40,36,
0,42532014,188,46,
0,42532157,114,28,
0,42532441,467,483,
0,42532979,364,185,
0,42533557,39,29,
0,42533648,126,39,
0,42533685,1320,978,
0,42533982,31,3,
0,42534090,53,15,
0,42534555,112,142,
0,42534851,273,398,
0,42534918,116,127,
0,42534931,253,41,
0,42535071,376,116,
0,42535217,890,193,
0,42535314,50,32,
0,42535333,144,5,
0,42535354,108,32,
0,42535622,213,47,
0,42535936,64,99,
0,42536181,39,19,
0,42536647,240,251,
0,42536750,122,78,
0,42537332,222,151,
0,42537567,455,60,
0,42537631,461,80,
0,42537665,95,19,
0,42538519,44,0,
0,42538903,178,195,
0,42538906,164,42,
0,42538914,403,67,
0,42538990,13,1,
0,42539155,393,229,
0,42539462,267,532,
0,42539474,190,202,
0,42539883,119,68,
0,42539987,293,684,
0,42540005,106,24,
0,42540182,222,205,
0,42540304,95,67,
0,42540397,117,66,
0,42540862,281,432,
0,42541173,267,198,
0,42541193,18,2,
0,42541508,180,140,
0,42541885,26,7,
0,42542138,208,153,
0,42542280,257,78,
0,42542420,29,2,
0,42543128,1169,817,
0,42543431,71,155,
0,42543600,10,0,
0,42543601,137,70,
0,42543818,69,5,
0,42544336,233,39,
0,42544367,324,312,
0,42544437,377,56,
0,42544665,135,59,
0,42545303,43,11,
0,42545875,59,20,
0,42545986,226,80,
0,42546216,379,154,
0,42546246,200,44,
0,42546593,28,3,
0,42547003,686,220,
0,42547086,78,24,
0,42547150,97,37,
0,42547208,81,7,
0,42547489,465,134,
0,42547538,57,27,
0,42547574,7,1,
0,42547576,62,5,
0,42547610,211,67,
0,42547820,421,111,
0,42547835,55,47,
0,42548077,182,144,
0,42548215,70,19,
0,42548282,124,27,
0,42548390,92,83,
0,42548480,19,35,
0,42548535,24,20,
0,42548641,72,79,
0,42548719,372,357,
0,42548763,61,36,
0,42548798,75,23,
0,42548914,27,7,
0,42549039,278,365,
0,42549083,182,66,
0,42549123,203,61,
0,42549145,109,176,
0,42549147,128,75,
0,42549148,122,13,
0,42549184,110,24,
0,42549195,101,21,
0,42549343,106,80,
0,42549425,66,182,
0,42549624,716,434,
0,42549807,384,189,
0,42549857,148,130,
0,42550501,262,97,
0,42550703,75,43,
0,42550709,21,0,
0,42551660,80,25,
0,42551863,133,91,
0,42551900,1070,95,
0,42551938,62,4,
0,42552039,20,2,
0,42552174,53,27,
0,42552227,307,175,
0,42552887,114,16,
0,42552907,15,1,
0,42552915,195,17,
0,42552976,178,262,
0,42553313,122,28,
0,42553360,26,12,
0,42553682,312,96,
0,42553780,10,3,
0,42553949,332,138,
0,42554008,147,131,
0,42554161,173,52,
0,42554209,96,41,
0,42554371,173,3,
0,42554420,225,64,
0,42554422,31,4,
0,42554521,145,19,
0,42554606,22,2,
0,42554722,9,1,
0,42555066,253,158,
0,42555320,357,152,
0,42555440,484,395,
0,42555594,408,351,
0,42555597,29,1,
0,42556142,17,0,
0,42556408,97,238,
0,42556842,12,2,
0,42557019,36,18,
0,42557098,509,88,
0,42557172,269,361,
0,42557255,408,107,
0,42557267,29,2,
0,42557276,128,126,
0,42557342,288,214,
0,42557410,50,14,
0,42557412,28,5,
0,42557586,469,418,
0,42557692,91,93,
0,42557751,10,6,
0,42557850,134,59,22
0,42557904,32,2,
0,42557920,60,10,11
0,42557924,7,0,
0,42557947,429,164,30
0,42558037,324,118,
0,42558143,76,41,14
0,42558275,60,14,
0,42558422,43,30,
0,42558476,29,19,
0,42558496,49,2,9
0,42558602,54,63,
0,42558763,200,41,
0,42559052,235,64,
0,42559744,266,198,
0,42559882,407,256,
0,42559909,437,156,
0,42560069,496,224,
0,42560171,151,81,
0,42560284,104,30,
0,42560558,942,563,
0,42560889,17,5,
0,42560995,9,0,
0,42561711,465,66,
0,42562175,203,78,
0,42562295,82,53,
0,42562513,33,18,
0,42562529,245,463,
0,42562743,207,54,
0,42562750,1197,257,
0,42562758,79,43,
0,42562847,631,221,
0,42563212,28,11,
0,42563534,163,57,
0,42563845,157,56,
0,42564143,11,6,
0,42564144,33,11,
0,42564146,8,0,
0,42564347,5,2,
0,42564392,12,5,
0,42564512,18,0,
0,42564687,401,171,
0,42564735,88,16,
0,42564873,35,7,
0,42564932,41,1,
0,42565184,21,2,
0,42565513,102,16,
0,42565606,550,518,
0,42565638,74,13,
0,42565821,443,107,
0,42566112,1258,266,
0,42566141,200,83,
0,42566192,586,204,
0,42566502,26,1,
0,42566548,4,0,
0,42566616,46,22,
0,42567280,165,14,
0,42567298,7,8,
0,42568056,127,136,
0,42568239,57,69,
0,42568399,828,275,
0,42568516,126,30,
0,42568705,35,7,
0,42568749,17,3,
0,42568805,113,58,
0,42568982,4,0,
0,42569109,230,67,
0,42569236,337,233,
0,42569306,16,0,
0,42569557,16,3,
0,42569582,8,0,
0,42569728,77,3,
0,42569913,192,37,
0,42569926,18,1,
0,42569938,41,22,
0,42570055,19,11,
0,42570429,18,1,18
0,42570555,8,0,
0,42570609,21,14,6
0,42570988,434,459,
0,42571140,10,0,
0,42571192,13,3,
0,42571236,8,1,
0,42571272,179,14,
0,42571279,4,0,
0,42571340,46,6,
0,42571367,191,122,
0,42571468,27,2,
0,42571541,121,28,
0,42571608,208,389,
0,42571651,148,53,
0,42571995,235,156,
0,42572057,411,92,
0,42572364,10,2,
0,42572498,45,50,
0,42572515,167,127,
0,42572573,139,24,
0,42572602,108,13,
0,42572662,558,66,
0,42572770,40,7,
0,42572803,16,2,
0,42572909,14,0,
0,42573328,9,0,
0,42573660,17,20,
0,42573875,285,250,
0,42573997,19,3,
0,42574125,230,122,
0,42574426,30,1,
0,42574601,4,1,
0,42574641,339,66,
0,42575082,83,14,
0,42575155,81,31,
0,42575159,60,16,
0,42575189,34,17,
0,42575200,81,74,
0,42575535,119,276,
0,42575537,311,295,
0,42575841,117,27,
0,42575900,222,101,
0,42575951,46,27,
0,42575990,256,90,
0,42576242,260,90,
0,42576443,968,411,
0,42576489,31,4,
0,42576755,209,97,
0,42577076,450,274,
0,42577272,127,90,
0,42577387,149,46,
0,42577511,9,0,
0,42577661,49,17,
0,42577736,459,102,29
0,42577739,20,11,
0,42577938,27,3,
0,42578142,39,49,
0,42578237,377,338,
0,42578242,10,1,
0,42578243,23,6,
0,42578264,50,5,
0,42578929,69,19,
0,42578934,5,3,
0,42578971,9,0,
0,42579009,27,6,
0,42579175,28,4,
0,42579319,47,17,
0,42579472,654,419,
0,42579517,12,5,
0,42579873,836,1476,
0,42579945,9,0,
0,42579969,224,71,
0,42580231,27,4,
0,42580248,5,2,
0,42580397,11,0,
0,42580472,7,0,
0,42580565,42,20,
0,42580659,143,236,
0,42580975,19,8,
0,42581006,16,0,
0,42581119,310,226,
0,42581148,6,4,
0,42581587,24,9,
0,42581731,6,4,
0,42581923,4,0,
0,42582203,112,34,
0,42582250,9,0,
0,42582352,13,4,
0,42582533,30,7,
0,42582607,17,0,
0,42582797,7,0,
0,42583086,268,73,
0,42583141,153,74,25
0,42583297,135,307,12
0,42583438,7,8,
0,42583445,12,3,
0,42583511,14,3,
0,42583652,3,1,
0,42583688,44,28,
0,42583726,155,92,
0,42583783,11,4,
0,42583947,23,0,6
0,42584075,7,1,
0,42584078,10,2,
0,42584141,10,1,
0,42584174,5,0,
0,42584229,7,0,
0,42584258,68,42,
0,42584305,4,0,
0,42584320,4,2,
0,42584347,20,1,
0,42584373,7,3,
0,42584400,600,352,16
0,42584436,12,2,
0,42584478,16,0,
0,42584566,11,9,
0,42584599,6,1,
0,42584610,7,3,12
0,42584621,151,129,
0,42584629,17,6,
0,42584656,17,7,
0,42584750,129,70,17
0,42584856,86,48,
0,42584896,8,1,
0,42585146,9,4,
0,42585167,9,1,
0,42585332,35,4,15
0,42585374,4,1,
0,42585694,8,0,
0,42585898,19,0,
0,42585979,22,7,
0,42586042,116,32,5
0,42586142,14,2,
0,42586184,60,13,
0,42586229,23,12,
0,42586262,76,105,
0,42586291,121,57,
0,42586311,6,5,
0,42586590,125,43,7
0,42586739,11,5,
0,42586867,22,8,
0,42586879,228,36,21
0,42586933,36,42,
0,42587014,34,24,23
0,42587078,21,2,
0,42587121,12,1,
0,42587356,235,32,4
0,42587361,7,1,
0,42587383,34,28,
0,42587719,5,1,
0,42587826,56,66,
0,42587829,112,74,27
0,42587883,48,39,8
0,42588146,11,1,
0,42588151,78,37,18
0,42588188,4,0,
0,42588201,7,1,
0,42588333,3,1,
0,42588349,10,8,
0,42588406,10,7,
0,42588666,6,2,
0,42588688,11,3,
0,42588692,10,0,
0,42588762,24,0,
0,42588956,101,26,2
0,42589032,7,0,
0,42589044,5,0,
0,42589054,17,1,19
0,42589112,9,1,
0,42589181,5,2,
0,42589194,7,1,
0,42589211,3,1,
0,42589443,64,37,
0,42589464,29,8,
0,42589646,4,0,
0,42589863,76,77,24
0,42589984,9,1,
0,42590213,14,0,
0,42590290,11,4,10
0,42590307,51,9,2
0,42590322,91,55,1
0,42590330,7,0,
0,42590342,19,5,27
0,42590565,12,6,22
0,42590981,22,9,7
1,42493832,227,48,
1,42497093,687,295,
1,42497173,251,32,
1,42498754,174,52,
1,42498982,200,24,
1,42501102,313,40,
1,42501922,154,119,
1,42502899,126,108,
1,42506984,592,226,
1,42507932,245,251,
1,42509760,55,25,
1,42509953,419,141,
1,42513288,122,24,
1,42513290,121,23,
1,42513331,102,25,
1,42514105,616,481,
1,42514127,266,458,
1,42514553,129,38,
1,42515238,83,30,
1,42515315,255,68,
1,42515426,191,100,
1,42515584,65,15,
1,42516268,118,58,
1,42516433,130,37,
1,42516568,71,17,
1,42516836,94,41,
1,42517035,257,116,
1,42517163,44,49,
1,42517164,338,96,
1,42517234,177,103,
1,42517447,2301,675,
1,42518444,175,35,
1,42518953,89,63,
1,42519790,108,47,
1,42519862,146,51,
1,42519875,68,11,
1,42520151,334,35,
1,42520432,272,29,
1,42520470,71,8,
1,42520601,140,121,
1,42520632,108,22,
1,42520861,164,95,
1,42521069,140,19,
1,42521259,84,25,
1,42521493,50,9,
1,42521629,174,328,
1,42521630,34,4,
1,42521773,157,104,
1,42521795,184,113,
1,42521865,541,1047,
1,42521905,70,17,
1,42523061,297,304,
1,42523202,54,21,
1,42523745,560,100,
1,42523855,20,1,
1,42524130,263,47,
1,42524174,587,563,
1,42524422,273,297,
1,42524555,137,37,
1,42524848,240,78,
1,42525290,101,53,
1,42525384,349,173,
1,42525627,20,4,
1,42525633,632,190,
1,42526081,94,17,
1,42526092,115,2,
1,42526112,47,33,
1,42526769,127,39,
1,42526926,106,37,
1,42526978,85,8,
1,42527256,72,2,
1,42527265,326,129,
1,42527496,89,19,
1,42527572,345,436,
1,42527716,15,0,
1,42527947,54,20,
1,42528216,167,105,
1,42528302,255,139,
1,42528435,85,58,
1,42528720,58,5,
1,42529023,198,96,
1,42529552,57,4,
1,42529771,66,15,
1,42529894,103,13,
1,42530018,38,2,
1,42530332,645,408,
1,42530424,22,0,
1,42530459,141,16,
1,42530844,69,15,
1,42530991,165,159,
1,42531215,23,7,
1,42531217,340,152,
1,42531237,81,113,
1,42531577,25,3,
1,42531695,649,842,
1,42531748,68,44,
1,42531774,59,23,
1,42531874,81,14,
1,42531993,40,36,
1,42532014,188,46,
1,42532157,114,28,
1,42532441,467,483,
1,42532979,364,186,
1,42533557,39,29,
1,42533648,126,39,
1,42533685,1320,978,
1,42533982,31,3,
1,42534090,53,15,
1,42534555,112,142,
1,42534851,273,398,
1,42534918,116,127,
1,42534931,253,41,
1,42535071,376,116,
1,42535217,890,193,
1,42535314,50,32,
1,42535333,144,5,
1,42535354,108,32,
1,42535622,213,47,
1,42535936,64,102,
1,42536181,39,19,
1,42536647,240,251,
1,42536750,122,78,
1,42537332,222,151,
1,42537567,455,60,
1,42537631,461,81,
1,42537665,95,19,
1,42538519,44,0,
1,42538903,178,195,
1,42538906,164,42,
1,42538914,403,67,
1,42538990,13,1,
1,42539155,393,229,
1,42539462,267,532,
1,42539474,190,202,
1,42539883,120,68,
1,42539987,293,684,
1,42540005,106,24,
1,42540182,222,205,
1,42540304,95,67,
1,42540397,117,66,
1,42540862,281,432,
1,42541173,267,198,
1,42541193,18,2,
1,42541508,180,140,
1,42541885,26,7,
1,42542138,208,153,
1,42542280,257,78,
1,42542420,29,2,
1,42543128,1169,817,
1,42543431,71,155,
1,42543600,10,0,
1,42543601,137,70,
1,42543818,69,5,
1,42544336,233,39,
1,42544367,324,312,
1,42544437,377,56,
1,42544665,135,59,
1,42545303,43,11,
1,42545875,59,20,
1,42545986,226,80,
1,42546216,379,154,
1,42546246,200,44,
1,42546593,28,3,
1,42547003,686,220,
1,42547086,78,24,
1,42547150,97,37,
1,42547208,81,7,
1,42547489,465,134,
1,42547538,57,27,
1,42547574,8,1,
1,42547576,62,5,
1,42547610,211,67,
1,42547820,421,111,
1,42547835,55,47,
1,42548077,182,144,
1,42548215,70,19,
1,42548282,125,27,
1,42548390,92,83,
1,42548480,19,35,
1,42548535,24,20,
1,42548641,72,79,
1,42548719,372,357,
1,42548763,61,36,
1,42548798,75,24,
1,42548914,27,7,
1,42549039,280,370,
1,42549083,182,66,
1,42549123,203,61,
1,42549145,109,176,
1,42549147,128,75,
1,42549148,122,13,
1,42549184,110,24,
1,42549195,101,21,
1,42549343,106,80,
1,42549425,66,182,
1,42549624,716,434,
1,42549807,384,190,
1,42549857,148,130,
1,42550501,262,97,
1,42550703,75,43,
1,42550709,21,0,
1,42551660,80,25,
1,42551863,133,91,
1,42551900,1070,95,
1,42551938,62,4,
1,42552039,20,2,
1,42552174,53,27,
1,42552227,307,175,
1,42552887,114,16,
1,42552907,15,1,
1,42552915,195,17,
1,42552976,178,262,
1,42553313,122,28,
1,42553360,27,12,
1,42553682,312,96,
1,42553780,10,3,
1,42553949,332,138,
1,42554008,147,131,
1,42554161,173,52,
1,42554209,96,41,
1,42554371,174,3,
1,42554420,225,64,
1,42554422,31,4,
1,42554521,145,19,
1,42554606,22,2,
1,42554722,10,1,
1,42555066,253,158,
1,42555320,357,152,
1,42555440,484,395,
1,42555594,408,351,
1,42555597,29,1,
1,42556142,17,0,
1,42556408,97,238,
1,42556842,12,2,
1,42557019,36,18,
1,42557098,509,88,
1,42557172,269,361,
1,42557255,409,107,
1,42557267,29,2,
1,42557276,128,126,
1,42557342,288,214,
1,42557410,50,14,
1,42557412,29,5,
1,42557586,469,419,
1,42557692,91,97,
1,42557850,140,59,25
1,42557904,32,2,
1,42557920,66,12,13
1,42557924,7,0,
1,42557947,432,169,
1,42558037,324,118,
1,42558143,78,45,16
1,42558275,60,14,
1,42558422,44,30,
1,42558476,29,19,
1,42558496,55,2,11
1,42558602,54,62,
1,42558763,200,41,
1,42559052,235,64,
1,42559744,266,198,
1,42559882,407,256,
1,42559909,437,156,
1,42560069,496,224,
1,42560171,151,81,
1,42560284,104,30,
1,42560558,942,563,
1,42560889,17,5,
1,42560995,9,0,
1,42561711,465,66,
1,42562175,203,78,
1,42562295,83,53,
1,42562513,33,18,
1,42562529,245,463,
1,42562743,207,54,
1,42562750,1197,257,
1,42562758,79,43,
1,42562847,631,221,
1,42563212,28,11,
1,42563534,163,57,
1,42563845,157,56,
1,42564143,11,6,
1,42564144,33,11,
1,42564146,8,0,
1,42564347,5,2,
1,42564392,12,5,
1,42564512,18,0,
1,42564687,401,171,
1,42564735,88,16,
1,42564873,35,7,
1,42564932,41,1,
1,42565184,21,2,
1,42565513,102,16,
1,42565606,550,518,
1,42565638,74,13,
1,42565821,443,107,
1,42566112,1259,266,
1,42566141,201,83,
1,42566192,586,204,
1,42566502,26,1,
1,42566548,4,0,
1,42566616,46,22,
1,42567280,165,14,
1,42567298,7,8,
1,42568056,127,136,
1,42568239,57,69,
1,42568399,828,275,
1,42568516,126,30,
1,42568705,35,7,
1,42568749,17,3,
1,42568805,113,58,
1,42568982,4,0,
1,42569109,230,67,
1,42569236,337,233,
1,42569306,16,0,
1,42569557,16,3,
1,42569582,8,0,
1,42569728,77,3,
1,42569913,192,37,
1,42569926,18,1,
1,42569938,41,22,
1,42570055,19,11,
1,42570429,22,4,21
1,42570555,8,0,
1,42570609,29,14,10
1,42570988,434,459,
1,42571140,10,0,
1,42571192,13,3,
1,42571236,8,1,
1,42571272,180,14,
1,42571279,4,0,
1,42571340,46,6,
1,42571367,191,122,
1,42571468,27,2,
1,42571541,121,28,
1,42571608,209,389,
1,42571651,148,53,
1,42571995,236,157,
1,42572057,411,92,
1,42572364,10,2,
1,42572515,167,127,
1,42572573,139,24,
1,42572602,108,13,
1,42572662,558,66,
1,42572770,40,8,
1,42572803,16,2,
1,42572909,14,0,
1,42573328,9,0,
1,42573660,17,20,
1,42573875,286,250,
1,42573997,20,3,
1,42574125,230,122,
1,42574426,30,1,
1,42574601,4,1,
1,42574641,341,66,
1,42575082,83,14,
1,42575155,81,31,
1,42575159,60,16,
1,42575189,34,17,
1,42575200,81,74,
1,42575535,119,276,
1,42575537,312,296,
1,42575841,117,27,
1,42575900,222,101,
1,42575951,46,27,
1,42575990,257,90,
1,42576242,261,91,
1,42576443,970,411,
1,42576489,32,4,
1,42576755,210,97,
1,42577076,452,274,
1,42577272,127,91,
1,42577387,150,46,
1,42577511,9,0,
1,42577661,49,17,
1,42577736,460,103,
1,42577739,20,11,
1,42577938,27,3,
1,42578142,39,49,
1,42578237,379,339,
1,42578242,10,1,
1,42578243,23,6,
1,42578264,50,5,
1,42578929,69,19,
1,42578934,5,3,
1,42578971,9,0,
1,42579009,27,6,
1,42579175,28,4,
1,42579319,47,17,
1,42579472,654,420,
1,42579517,12,5,
1,42579873,841,1482,
1,42579945,9,0,
1,42579969,225,72,
1,42580231,27,4,
1,42580248,6,2,
1,42580397,11,0,
1,42580472,7,0,
1,42580565,42,21,
1,42580659,143,236,
1,42580975,19,8,
1,42581006,17,0,
1,42581119,310,229,
1,42581148,6,4,
1,42581587,24,9,
1,42581731,6,4,
1,42581923,4,0,
1,42582203,112,34,
1,42582250,9,0,
1,42582352,13,4,
1,42582533,30,7,
1,42582607,18,0,
1,42582797,7,0,
1,42583086,268,73,
1,42583141,155,74,30
1,42583297,155,373,15
1,42583438,9,8,
1,42583445,12,3,
1,42583511,14,3,
1,42583652,3,1,
1,42583688,44,28,
1,42583726,155,92,
1,42583783,11,4,
1,42583947,41,0,9
1,42584075,7,1,
1,42584078,10,2,
1,42584141,10,1,
1,42584174,7,0,
1,42584229,7,0,
1,42584258,68,42,
1,42584305,4,0,
1,42584320,4,2,
1,42584347,20,1,
1,42584373,7,3,
1,42584400,612,356,18
1,42584436,12,2,
1,42584478,16,0,
1,42584566,11,9,
1,42584599,6,1,
1,42584610,51,21,6
1,42584621,152,129,
1,42584629,17,6,
1,42584656,17,7,
1,42584750,138,72,17
1,42584856,87,48,
1,42584896,8,1,
1,42585009,4,0,
1,42585146,9,4,
1,42585167,9,1,
1,42585332,38,4,20
1,42585374,4,1,
1,42585694,8,0,
1,42585898,19,0,
1,42585979,23,7,
1,42586042,129,32,8
1,42586142,14,2,
1,42586184,60,13,
1,42586229,23,12,
1,42586262,76,105,
1,42586291,121,57,
1,42586311,6,5,
1,42586590,127,43,12
1,42586879,230,36,26
1,42586933,36,41,
1,42587014,34,24,29
1,42587078,21,2,
1,42587121,12,1,
1,42587356,243,34,7
1,42587361,7,1,
1,42587383,34,30,
1,42587826,58,67,
1,42587829,113,77,
1,42587883,52,41,22
1,42588146,11,1,
1,42588151,84,40,24
1,42588201,7,1,
1,42588349,10,10,
1,42588406,11,7,
1,42588666,6,2,
1,42588688,11,3,
1,42588692,11,0,
1,42588762,24,0,
1,42588956,115,31,4
1,42589032,7,0,
1,42589044,5,0,
1,42589054,20,1,28
1,42589112,10,1,
1,42589181,5,2,
1,42589194,8,1,
1,42589211,3,1,
1,42589443,65,37,
1,42589553,5,0,
1,42589646,4,0,
1,42589863,80,82,
1,42589984,9,1,
1,42590213,35,12,27
1,42590290,27,11,
1,42590294,5,1,
1,42590307,66,16,3
1,42590322,109,63,2
1,42590330,7,0,
1,42590342,28,8,
1,42590565,26,17,23
1,42590788,9,0,19
1,42590903,24,1,5
1,42590981,46,60,
1,42591221,104,30,1
2,42493832,227,48,
2,42497093,687,295,
2,42497173,251,32,
2,42498754,174,52,
2,42498982,200,24,
2,42501102,313,40,
2,42501922,154,119,
2,42502899,126,108,
2,42506984,592,226,
2,42507932,245,251,
2,42509760,55,25,
2,42509953,419,141,
2,42513288,122,24,
2,42513290,121,23,
2,42513331,102,25,
2,42514105,616,481,
2,42514127,266,458,
2,42514553,129,38,
2,42515238,83,30,
2,42515315,255,68,
2,42515426,191,100,
2,42515584,65,15,
2,42516268,118,58,
2,42516433,130,37,
2,42516568,71,17,
2,42516836,94,41,
2,42517035,257,116,
2,42517163,44,49,
2,42517164,338,96,
2,42517234,177,103,
2,42517447,2303,676,
2,42518444,175,35,
2,42518953,89,63,
2,42519790,108,47,
2,42519862,146,51,
2,42519875,68,11,
2,42520151,334,35,
2,42520432,272,29,
2,42520470,71,8,
2,42520601,140,121,
2,42520632,108,22,
2,42520861,164,95,
2,42521069,140,19,
2,42521259,84,25,
2,42521493,50,9,
2,42521629,174,328,
2,42521630,34,4,
2,42521773,157,104,
2,42521795,184,113,
2,42521865,541,1048,
2,42521905,70,17,
2,42523061,297,304,
2,42523202,54,21,
2,42523745,560,100,
2,42523855,20,1,
2,42524130,263,47,
2,42524174,587,563,
2,42524422,273,297,
2,42524555,137,37,
2,42524848,240,78,
2,42525290,101,53,
2,42525384,349,173,
2,42525627,20,4,
2,42525633,632,190,
2,42526081,94,17,
2,42526092,115,2,
2,42526112,47,33,
2,42526769,127,39,
2,42526926,106,37,
2,42526978,85,8,
2,42527256,72,2,
2,42527265,326,129,
2,42527496,89,19,
2,42527572,345,436,
2,42527716,15,0,
2,42527947,54,20,
2,42528216,167,105,
2,42528302,255,139,
2,42528435,85,58,
2,42528720,58,5,
2,42529023,198,96,
2,42529552,57,4,
2,42529771,66,15,
2,42529894,103,13,
2,42530018,38,2,
2,42530332,645,408,
2,42530424,22,0,
2,42530459,141,16,
2,42530844,69,15,
2,42530991,165,159,
2,42531215,23,7,
2,42531217,340,152,
2,42531237,81,113,
2,42531577,25,3,
2,42531695,649,842,
2,42531748,68,44,
2,42531774,59,23,
2,42531874,81,14,
2,42531993,40,36,
2,42532014,188,46,
2,42532157,114,28,
2,42532441,467,483,
2,42532979,364,186,
2,42533557,39,29,
2,42533648,126,39,
2,42533685,1320,978,
2,42533982,31,3,
2,42534090,53,15,
2,42534555,112,142,
2,42534851,273,398,
2,42534918,116,128,
2,42534931,253,41,
2,42535071,376,116,
2,42535217,891,193,
2,42535314,50,32,
2,42535333,144,5,
2,42535354,108,32,
2,42535622,213,47,
2,42535936,64,102,
2,42536181,39,19,
2,42536647,240,251,
2,42536750,122,78,
2,42537332,222,151,
2,42537567,455,60,
2,42537631,461,81,
2,42537665,95,19,
2,42538519,44,0,
2,42538903,178,196,
2,42538906,164,42,
2,42538914,403,67,
2,42538990,13,1,
2,42539155,393,229,
2,42539462,267,532,
2,42539474,190,202,
2,42539883,120,68,
2,42539987,293,684,
2,42540005,106,24,
2,42540182,222,205,
2,42540304,95,67,
2,42540397,118,66,
2,42540862,281,432,
2,42541173,267,198,
2,42541193,18,2,
2,42541508,180,140,
2,42541885,26,7,
2,42542138,208,153,
2,42542280,257,78,
2,42543128,1169,817,
2,42543431,71,155,
2,42543600,10,0,
2,42543601,137,70,
2,42543818,69,5,
2,42544336,233,39,
2,42544367,324,312,
2,42544437,377,56,
2,42544665,135,59,
2,42545303,43,11,
2,42545875,59,20,
2,42545986,226,80,
2,42546216,379,154,
2,42546246,201,45,
2,42546593,28,3,
2,42547003,686,220,
2,42547086,78,24,
2,42547150,97,37,
2,42547208,81,7,
2,42547489,466,134,
2,42547538,57,27,
2,42547574,8,1,
2,42547576,62,5,
2,42547610,211,67,
2,42547820,421,111,
2,42547835,55,47,
2,42548077,182,144,
2,42548215,70,19,
2,42548282,125,27,
2,42548480,19,35,
2,42548535,24,21,
2,42548641,72,79,
2,42548719,372,357,
2,42548763,61,36,
2,42548798,75,24,
2,42548914,27,7,
2,42549039,280,370,
2,42549083,182,66,
2,42549123,203,61,
2,42549145,110,176,
2,42549147,129,75,
2,42549148,122,13,
2,42549184,110,24,
2,42549195,102,21,
2,42549343,106,80,
2,42549425,66,182,
2,42549624,716,434,
2,42549807,384,190,
2,42549857,148,130,
2,42550501,262,97,
2,42550703,75,43,
2,42550709,21,0,
2,42551660,80,25,
2,42551863,133,91,
2,42551900,1070,95,
2,42551938,62,4,
2,42552039,20,2,
2,42552174,53,27,
2,42552227,307,175,
2,42552887,114,16,
2,42552907,15,1,
2,42552915,196,17,
2,42552976,178,262,
2,42553313,122,28,
2,42553360,28,12,
2,42553682,312,96,
2,42553780,11,3,
2,42553949,332,138,
2,42554008,147,132,
2,42554161,173,52,
2,42554209,96,41,
2,42554371,174,3,
2,42554420,225,64,
2,42554422,31,4,
2,42554521,145,19,
2,42554606,22,2,
2,42554722,10,1,
2,42555066,253,158,
2,42555320,358,152,
2,42555440,484,395,
2,42555594,409,351,
2,42555597,29,1,
2,42556142,17,0,
2,42556408,97,238,
2,42556842,12,2,
2,42557019,36,18,
2,42557098,509,88,
2,42557172,269,361,
2,42557255,409,107,
2,42557267,29,2,
2,42557276,128,126,
2,42557342,288,214,
2,42557410,50,14,
2,42557412,29,5,
2,42557586,469,419,
2,42557692,92,100,
2,42557850,142,59,24
2,42557904,32,2,
2,42557920,70,14,13
2,42557924,9,0,12
2,42557947,434,172,
2,42558037,324,118,
2,42558143,83,45,17
2,42558275,60,14,
2,42558422,44,30,
2,42558476,29,19,
2,42558496,64,2,10
2,42558602,54,62,
2,42558763,200,41,
2,42559052,235,64,
2,42559744,266,198,
2,42559882,407,256,
2,42559909,437,156,
2,42560069,497,224,
2,42560171,151,81,
2,42560284,104,30,
2,42560558,942,563,
2,42560889,17,5,
2,42560995,9,0,
2,42561711,465,66,
2,42562175,203,78,
2,42562295,83,53,
2,42562513,33,18,
2,42562529,245,463,
2,42562743,207,54,
2,42562750,1197,257,
2,42562758,79,43,
2,42562847,631,221,
2,42563212,28,11,
2,42563534,163,57,
2,42563845,157,56,
2,42564143,11,6,
2,42564144,33,11,
2,42564146,8,0,
2,42564347,5,2,
2,42564392,12,5,
2,42564512,18,0,
2,42564687,401,171,
2,42564735,88,16,
2,42564873,35,7,
2,42564932,42,1,
2,42565184,21,2,
2,42565513,102,16,
2,42565606,550,519,
2,42565638,74,13,
2,42565821,443,107,
2,42566112,1260,266,
2,42566141,201,83,
2,42566192,586,204,
2,42566502,26,1,
2,42566548,4,0,
2,42566616,46,22,
2,42567280,165,14,
2,42567298,7,8,
2,42568056,127,136,
2,42568239,57,69,
2,42568399,828,275,
2,42568516,126,30,
2,42568705,35,7,
2,42568749,17,3,
2,42568805,113,58,
2,42568982,4,0,
2,42569109,230,67,
2,42569236,337,233,
2,42569306,17,0,
2,42569557,16,3,
2,42569582,8,0,
2,42569728,77,3,
2,42569913,192,37,
2,42569926,18,1,
2,42569938,41,22,
2,42570055,19,11,
2,42570429,24,4,22
2,42570555,8,0,
2,42570609,35,16,9
2,42570988,435,459,
2,42571140,10,0,
2,42571192,13,3,
2,42571236,8,1,
2,42571272,180,14,
2,42571279,4,0,
2,42571340,46,6,
2,42571367,191,122,
2,42571468,27,2,
2,42571541,121,28,
2,42571608,210,389,
2,42571651,148,53,
2,42571995,236,157,
2,42572057,411,92,
2,42572364,10,2,
2,42572515,167,127,
2,42572573,139,24,
2,42572602,108,13,
2,42572662,560,66,
2,42572770,40,8,
2,42572803,16,2,
2,42572909,14,0,
2,42573328,9,0,
2,42573660,17,20,
2,42573875,286,250,
2,42573997,20,3,
2,42574125,230,122,
2,42574426,30,1,
2,42574601,4,1,
2,42574641,343,66,
2,42575082,83,14,
2,42575155,81,31,
2,42575159,60,16,
2,42575189,34,17,
2,42575200,81,74,
2,42575535,120,279,
2,42575537,314,297,
2,42575841,117,27,
2,42575900,224,101,
2,42575951,46,27,
2,42575990,258,90,
2,42576242,261,93,
2,42576443,973,418,
2,42576489,32,4,
2,42576755,210,97,
2,42577076,453,274,
2,42577272,127,91,
2,42577387,150,47,
2,42577511,9,0,
2,42577661,50,17,
2,42577736,462,103,30
2,42577739,21,11,
2,42577938,27,3,
2,42578142,39,49,
2,42578237,379,338,
2,42578242,10,1,
2,42578243,23,6,
2,42578264,50,5,
2,42578929,69,19,
2,42578934,5,3,
2,42578971,9,0,
2,42579009,27,6,
2,42579175,28,4,
2,42579319,47,17,
2,42579472,654,421,
2,42579517,12,5,
2,42579873,847,1487,
2,42579945,9,0,
2,42579969,225,73,
2,42580231,27,4,
2,42580248,6,2,
2,42580472,7,0,
2,42580565,42,21,
2,42580659,143,237,
2,42580975,19,8,
2,42581006,17,0,
2,42581119,311,229,
2,42581148,6,4,
2,42581587,24,9,
2,42581731,6,4,
2,42581923,4,0,
2,42582203,112,36,
2,42582250,9,0,
2,42582352,13,4,
2,42582533,30,7,
2,42582607,18,0,
2,42582797,7,0,
2,42583086,268,73,
2,42583141,157,75,28
2,42583297,173,429,15
2,42583438,9,9,
2,42583445,12,3,
2,42583511,14,3,
2,42583652,3,1,
2,42583688,44,28,
2,42583726,155,92,
2,42583783,11,4,
2,42583947,56,0,4
2,42584075,7,1,
2,42584078,10,2,
2,42584141,10,1,
2,42584174,7,0,
2,42584229,7,0,
2,42584258,68,42,
2,42584305,4,0,
2,42584320,4,2,
2,42584347,20,1,
2,42584373,10,3,
2,42584400,623,360,19
2,42584436,12,2,
2,42584478,17,0,
2,42584566,11,9,
2,42584599,6,1,
2,42584610,98,53,1
2,42584621,152,129,
2,42584629,17,6,
2,42584656,17,7,
2,42584750,152,73,18
2,42584856,88,50,
2,42584896,10,1,
2,42585009,37,6,5
2,42585146,9,4,
2,42585167,10,1,
2,42585332,42,4,20
2,42585374,4,1,
2,42585694,9,0,
2,42585898,19,0,
2,42585979,24,7,
2,42586042,134,36,8
2,42586142,14,2,
2,42586184,60,13,
2,42586229,23,12,
2,42586262,76,106,
2,42586291,121,57,
2,42586311,6,5,
2,42586590,131,43,12
2,42586879,231,36,26
2,42586933,36,41,
2,42587014,34,27,29
2,42587078,21,3,
2,42587121,13,1,
2,42587356,251,36,7
2,42587361,7,1,
2,42587383,34,30,
2,42587826,59,68,
2,42587829,116,79,
2,42587883,54,41,21
2,42588146,11,1,
2,42588151,96,41,25
2,42588349,11,13,
2,42588406,11,7,
2,42588688,11,4,
2,42588692,12,0,
2,42588762,24,0,
2,42588956,129,40,2
2,42589032,8,0,
2,42589044,5,0,
2,42589054,23,1,27
2,42589112,10,1,
2,42589181,5,2,
2,42589194,11,1,
2,42589211,3,1,
2,42589553,6,0,
2,42589646,4,0,
2,42589863,85,93,
2,42589984,10,2,
2,42590213,39,18,
2,42590290,28,11,
2,42590294,7,1,
2,42590307,79,18,2
2,42590322,122,72,1
2,42590330,10,1,
2,42590342,29,7,
2,42590565,33,42,23
2,42590788,15,0,12
2,42590903,36,11,3
2,42590981,46,63,
2,42590992,25,27,4
2,42591029,3,0,16
2,42591291,7,2,14
3,42493832,227,48,
3,42497093,687,295,
3,42497173,251,32,
3,42498754,175,52,
3,42498982,200,24,
3,42501102,313,40,
3,42501922,155,119,
3,42502899,126,108,
3,42506984,592,226,
3,42507932,245,251,
3,42509760,55,25,
3,42509953,419,141,
3,42513288,122,24,
3,42513290,121,23,
3,42513331,102,25,
3,42514105,616,481,
3,42514127,266,458,
3,42514553,129,38,
3,42515238,83,30,
3,42515315,255,68,
3,42515426,191,100,
3,42515584,65,15,
3,42515871,58,53,
3,42516268,118,58,
3,42516433,130,37,
3,42516568,71,17,
3,42516836,94,41,
3,42517035,257,116,
3,42517163,44,49,
3,42517164,338,96,
3,42517234,177,103,
3,42517447,2303,676,
3,42518444,175,35,
3,42518953,89,63,
3,42519790,108,47,
3,42519862,146,51,
3,42519875,68,11,
3,42520151,334,35,
3,42520432,272,29,
3,42520470,71,8,
3,42520601,140,121,
3,42520632,108,22,
3,42520861,164,95,
3,42521069,140,19,
3,42521259,84,25,
3,42521493,50,9,
3,42521629,174,328,
3,42521630,34,4,
3,42521773,157,104,
3,42521795,184,113,
3,42521865,541,1048,
3,42521905,70,17,
3,42523061,297,304,
3,42523202,54,21,
3,42523745,560,100,
3,42523855,20,1,
3,42523933,90,31,
3,42524130,263,48,
3,42524174,587,563,
3,42524422,274,297,
3,42524555,137,37,
3,42524848,240,78,
3,42525290,101,53,
3,42525384,349,173,
3,42525627,20,4,
3,42525633,632,190,
3,42526081,94,17,
3,42526092,115,2,
3,42526112,47,33,
3,42526769,127,39,
3,42526926,106,37,
3,42526978,86,8,
3,42527256,72,2,
3,42527265,326,129,
3,42527496,89,19,
3,42527572,345,436,
3,42527716,15,0,
3,42527947,54,20,
3,42528216,167,105,
3,42528302,255,139,
3,42528435,85,58,
3,42528720,58,5,
3,42529023,198,96,
3,42529552,57,4,
3,42529771,66,15,
3,42529894,103,13,
3,42530018,38,2,
3,42530332,645,408,
3,42530424,22,0,
3,42530459,141,16,
3,42530844,69,15,
3,42530991,165,159,
3,42531215,23,7,
3,42531217,340,152,
3,42531237,81,113,
3,42531577,25,3,
3,42531695,649,842,
3,42531748,68,44,
3,42531774,59,23,
3,42531874,81,14,
3,42531993,40,36,
3,42532014,189,46,
3,42532157,114,28,
3,42532441,467,483,
3,42532979,364,186,
3,42533557,40,29,
3,42533648,126,39,
3,42533685,1320,978,
3,42533982,31,3,
3,42534090,53,15,
3,42534555,112,142,
3,42534851,273,398,
3,42534918,116,128,
3,42534931,253,41,
3,42535071,376,116,
3,42535217,891,193,
3,42535314,50,32,
3,42535333,144,5,
3,42535354,108,32,
3,42535622,213,47,
3,42535936,64,102,
3,42536181,39,19,
3,42536647,240,251,
3,42536750,122,78,
3,42537332,222,151,
3,42537567,456,60,
3,42537631,461,81,
3,42537665,96,19,
3,42538519,44,0,
3,42538903,178,196,
3,42538906,164,42,
3,42538914,403,67,
3,42538990,13,1,
3,42539155,393,229,
3,42539462,267,532,
3,42539474,190,202,
3,42539883,120,68,
3,42539987,293,684,
3,42540005,106,24,
3,42540182,223,205,
3,42540397,118,66,
3,42540862,281,432,
3,42541173,267,198,
3,42541193,18,2,
3,42541508,181,140,
3,42541885,26,7,
3,42542138,208,153,
3,42542280,257,78,
3,42543128,1169,817,
3,42543431,71,155,
3,42543600,10,0,
3,42543601,137,70,
3,42543818,69,5,
3,42544336,233,39,
3,42544367,324,312,
3,42544437,377,56,
3,42544665,135,59,
3,42545303,43,11,
3,42545551,22,7,
3,42545875,59,20,
3,42545986,226,80,
3,42546216,379,154,
3,42546246,202,45,
3,42546593,28,3,
3,42547003,686,220,
3,42547086,78,24,
3,42547150,97,37,
3,42547208,81,7,
3,42547489,466,134,
3,42547538,57,27,
3,42547574,8,1,
3,42547576,62,5,
3,42547610,211,67,
3,42547820,421,111,
3,42547835,55,47,
3,42548077,182,144,
3,42548215,70,19,
3,42548282,125,27,
3,42548480,19,35,
3,42548535,24,21,
3,42548641,72,79,
3,42548719,372,357,
3,42548763,61,36,
3,42548798,76,24,
3,42548914,27,7,
3,42549039,280,370,
3,42549083,182,66,
3,42549123,203,61,
3,42549145,110,177,
3,42549147,130,75,
3,42549148,122,13,
3,42549184,110,24,
3,42549195,103,21,
3,42549343,106,80,
3,42549425,66,182,
3,42549624,716,435,
3,42549807,384,190,
3,42549857,148,130,
3,42550501,263,97,
3,42550703,75,43,
3,42550709,21,0,
3,42551660,80,25,
3,42551863,133,91,
3,42551900,1071,95,
3,42551938,62,4,
3,42552039,20,2,
3,42552174,53,27,
3,42552227,307,175,
3,42552887,114,16,
3,42552907,15,1,
3,42552915,196,18,
3,42552976,178,262,
3,42553313,122,28,
3,42553360,28,12,
3,42553682,312,96,
3,42553780,12,3,
3,42553949,332,138,
3,42554008,147,132,
3,42554161,173,52,
3,42554209,96,41,
3,42554371,174,3,
3,42554420,225,64,
3,42554422,31,4,
3,42554521,145,19,
3,42554606,22,2,
3,42554722,10,1,
3,42555066,253,158,
3,42555320,358,152,
3,42555440,484,395,
3,42555594,409,351,
3,42555597,29,1,
3,42556142,17,0,
3,42556408,97,238,
3,42556842,12,2,
3,42557019,36,18,
3,42557098,509,88,
3,42557172,269,361,
3,42557255,409,107,
3,42557267,29,2,
3,42557276,128,126,
3,42557342,288,214,
3,42557410,50,14,
3,42557412,29,5,
3,42557586,469,419,
3,42557692,93,100,
3,42557751,10,6,
3,42557850,144,60,27
3,42557904,32,2,
3,42557920,74,14,20
3,42557924,21,0,11
3,42557947,437,176,
3,42558037,324,118,
3,42558143,83,45,21
3,42558275,60,14,
3,42558422,44,30,
3,42558476,29,19,
3,42558496,68,2,14
3,42558602,54,62,
3,42558763,200,41,
3,42559052,235,64,
3,42559744,266,198,
3,42559882,407,256,
3,42559909,437,157,
3,42560069,497,224,
3,42560171,151,81,
3,42560284,104,30,
3,42560558,943,563,
3,42560889,17,5,
3,42560995,9,0,
3,42561711,465,66,
3,42562175,203,78,
3,42562295,83,53,
3,42562513,33,18,
3,42562529,245,463,
3,42562743,207,54,
3,42562750,1198,257,
3,42562758,79,43,
3,42562847,631,221,
3,42563212,28,11,
3,42563534,163,57,
3,42563845,157,56,
3,42564143,11,6,
3,42564144,33,11,
3,42564146,8,0,
3,42564347,5,2,
3,42564392,12,5,
3,42564512,18,0,
3,42564687,401,171,
3,42564735,88,16,
3,42564873,35,7,
3,42564932,42,1,
3,42565184,21,2,
3,42565513,102,16,
3,42565606,550,519,
3,42565638,74,13,
3,42565821,443,107,
3,42566112,1260,266,
3,42566141,202,83,
3,42566192,586,204,
3,42566502,26,1,
3,42566548,4,0,
3,42566616,46,22,
3,42567280,165,14,
3,42567298,7,8,
3,42568056,128,136,
3,42568239,57,69,
3,42568399,828,275,
3,42568516,127,30,
3,42568705,36,7,
3,42568749,17,3,
3,42568805,113,58,
3,42568982,4,0,
3,42569109,230,67,
3,42569236,337,233,
3,42569306,17,0,
3,42569557,16,3,
3,42569582,8,0,
3,42569728,77,3,
3,42569913,192,37,
3,42569926,18,1,
3,42569938,41,22,
3,42570055,19,11,
3,42570429,28,5,24
3,42570555,8,0,
3,42570609,38,16,12
3,42570988,435,459,
3,42571140,10,0,
3,42571192,13,3,
3,42571236,8,1,
3,42571272,180,14,
3,42571279,4,0,
3,42571340,46,6,
3,42571367,191,122,
3,42571468,28,2,
3,42571541,121,28,
3,42571608,211,389,
3,42571651,148,53,
3,42571995,236,159,
3,42572057,411,92,
3,42572364,10,2,
3,42572515,167,127,
3,42572573,139,24,
3,42572602,108,13,
3,42572662,560,66,
3,42572770,40,8,
3,42572803,16,2,
3,42572909,14,0,
3,42573328,9,0,
3,42573660,17,20,
3,42573875,287,250,
3,42573997,20,3,
3,42574125,230,122,
3,42574426,30,1,
3,42574601,4,1,
3,42574641,344,68,
3,42575082,83,14,
3,42575155,81,31,
3,42575159,60,16,
3,42575189,35,17,
3,42575200,81,74,
3,42575535,120,281,
3,42575537,314,298,
3,42575841,117,27,
3,42575900,224,101,
3,42575951,46,27,
3,42575990,259,90,
3,42576242,261,93,
3,42576443,978,418,
3,42576489,32,4,
3,42576755,210,97,
3,42577076,456,276,
3,42577272,127,91,
3,42577387,152,47,
3,42577511,9,0,
3,42577661,50,17,
3,42577736,463,103,
3,42577739,21,11,
3,42577938,27,3,
3,42578142,39,49,
3,42578237,380,341,
3,42578242,10,1,
3,42578243,23,6,
3,42578264,50,5,
3,42578929,69,19,
3,42578934,5,3,
3,42578971,9,0,
3,42579175,28,4,
3,42579319,47,17,
3,42579472,655,423,
3,42579517,12,5,
3,42579873,850,1489,
3,42579945,9,0,
3,42579969,225,73,
3,42580231,27,4,
3,42580248,6,2,
3,42580472,7,0,
3,42580565,43,21,
3,42580659,143,237,
3,42580975,19,8,
3,42581006,17,0,
3,42581119,311,229,
3,42581148,7,4,
3,42581587,25,9,
3,42581731,6,4,
3,42581923,4,0,
3,42582203,112,36,
3,42582250,9,0,
3,42582352,13,4,
3,42582533,30,7,
3,42582607,18,0,
3,42582797,7,0,
3,42583086,269,73,
3,42583141,159,77,30
3,42583297,192,483,26
3,42583438,9,9,
3,42583445,12,3,
3,42583511,14,3,
3,42583652,3,1,
3,42583688,44,28,
3,42583726,155,92,
3,42583783,11,4,
3,42583947,77,0,4
3,42584075,7,1,
3,42584078,10,2,
3,42584141,10,1,
3,42584174,7,0,
3,42584229,7,0,
3,42584258,68,42,
3,42584305,4,0,
3,42584320,4,2,
3,42584347,21,1,
3,42584373,10,3,
3,42584400,635,363,20
3,42584436,12,2,
3,42584478,17,0,
3,42584566,11,9,
3,42584599,6,1,
3,42584610,118,76,2
3,42584621,152,130,
3,42584629,17,6,
3,42584656,17,7,
3,42584750,160,77,18
3,42584856,88,50,
3,42584896,10,1,
3,42585009,81,22,1
3,42585130,5,0,
3,42585146,9,4,
3,42585167,11,1,
3,42585332,43,4,26
3,42585374,4,1,
3,42585694,11,0,
3,42585898,19,0,
3,42585979,24,7,
3,42586042,142,41,9
3,42586142,14,2,
3,42586184,61,13,
3,42586229,23,12,
3,42586262,76,107,
3,42586291,121,57,
3,42586311,6,5,
3,42586590,134,43,15
3,42586879,235,37,30
3,42586933,36,41,
3,42587014,34,28,
3,42587078,21,3,
3,42587121,13,1,
3,42587356,259,36,8
3,42587361,7,1,
3,42587383,35,30,
3,42587826,59,69,
3,42587829,119,80,
3,42587883,55,42,23
3,42588146,11,1,
3,42588151,102,44,29
3,42588349,11,14,
3,42588406,11,7,
3,42588688,11,4,
3,42588692,12,0,
3,42588762,24,0,
3,42588956,146,46,1
3,42589032,8,0,
3,42589044,6,0,
3,42589054,25,1,
3,42589112,11,1,
3,42589181,7,3,
3,42589194,12,1,
3,42589553,8,0,
3,42589646,4,0,
3,42589863,96,119,13
3,42589984,11,2,
3,42590213,41,22,
3,42590290,29,12,
3,42590294,7,1,
3,42590307,88,20,3
3,42590322,123,73,25
3,42590330,11,1,
3,42590342,30,7,
3,42590565,36,52,
3,42590788,26,2,10
3,42590903,42,14,7
3,42590981,47,65,
3,42590992,59,63,1
3,42591029,16,2,9
3,42591221,175,95,
3,42591291,24,3,6
3,42591690,9,0,
3,42591916,26,4,14
4,42493832,227,48,
4,42497093,687,295,
4,42497173,251,32,
4,42498754,175,52,
4,42498982,200,24,
4,42501102,313,40,
4,42501922,155,119,
4,42502899,126,108,
4,42506984,592,226,
4,42507932,245,251,
4,42509760,55,25,
4,42509953,419,141,
4,42513288,122,24,
4,42513290,121,23,
4,42513331,102,25,
4,42514105,616,481,
4,42514127,266,458,
4,42514553,129,38,
4,42515238,83,30,
4,42515315,255,68,
4,42515426,191,100,
4,42515584,65,16,
4,42515871,58,53,
4,42516268,118,58,
4,42516433,130,37,
4,42516568,71,17,
4,42516836,94,41,
4,42517035,257,116,
4,42517163,44,49,
4,42517164,338,96,
4,42517234,177,103,
4,42517447,2303,676,
4,42518444,175,35,
4,42518953,89,63,
4,42519790,108,47,
4,42519862,146,51,
4,42519875,68,11,
4,42520151,334,35,
4,42520432,272,29,
4,42520470,71,8,
4,42520601,141,121,
4,42520632,108,22,
4,42520861,164,95,
4,42521069,140,19,
4,42521259,84,25,
4,42521493,50,9,
4,42521629,174,328,
4,42521630,34,4,
4,42521773,157,104,
4,42521795,184,113,
4,42521865,541,1048,
4,42521905,70,17,
4,42523061,297,304,
4,42523202,54,21,
4,42523745,560,100,
4,42523855,20,1,
4,42523933,90,31,
4,42524130,263,48,
4,42524174,587,563,
4,42524422,274,297,
4,42524555,137,37,
4,42524848,240,78,
4,42525290,101,53,
4,42525384,349,173,
4,42525627,20,4,
4,42525633,632,190,
4,42526081,94,17,
4,42526092,115,2,
4,42526112,47,33,
4,42526769,127,39,
4,42526926,106,37,
4,42526978,86,8,
4,42527256,72,2,
4,42527265,326,129,
4,42527496,89,19,
4,42527572,345,436,
4,42527716,15,0,
4,42527947,54,20,
4,42528216,167,105,
4,42528302,255,139,
4,42528435,85,58,
4,42528720,58,5,
4,42529023,198,96,
4,42529552,57,4,
4,42529771,66,15,
4,42529894,103,13,
4,42530018,38,2,
4,42530332,645,408,
4,42530424,22,0,
4,42530459,141,16,
4,42530844,69,15,
4,42530991,165,159,
4,42531215,23,7,
4,42531217,340,152,
4,42531237,81,113,
4,42531577,25,3,
4,42531695,649,842,
4,42531748,68,44,
4,42531774,59,23,
4,42531874,81,14,
4,42531993,40,36,
4,42532014,189,46,
4,42532157,114,28,
4,42532441,467,483,
4,42532979,364,186,
4,42533557,40,29,
4,42533648,126,39,
4,42533685,1320,978,
4,42533982,31,3,
4,42534090,53,15,
4,42534555,112,142,
4,42534851,273,398,
4,42534918,117,128,
4,42534931,253,41,
4,42535071,376,116,
4,42535217,891,193,
4,42535314,50,32,
4,42535333,144,5,
4,42535354,108,32,
4,42535622,213,47,
4,42535936,64,103,
4,42536181,39,19,
4,42536647,240,251,
4,42536750,122,78,
4,42537332,222,151,
4,42537567,456,60,
4,42537631,461,81,
4,42537665,96,19,
4,42538519,44,0,
4,42538903,178,196,
4,42538906,164,42,
4,42538914,403,67,
4,42538990,13,1,
4,42539155,393,229,
4,42539462,267,532,
4,42539474,191,202,
4,42539883,120,68,
4,42539987,293,684,
4,42540005,106,24,
4,42540182,223,205,
4,42540397,120,66,
4,42540862,281,432,
4,42541173,267,198,
4,42541193,18,2,
4,42541508,181,140,
4,42541885,26,7,
4,42542138,209,153,
4,42542280,257,78,
4,42543128,1169,817,
4,42543431,71,155,
4,42543600,10,0,
4,42543601,137,70,
4,42543818,69,5,
4,42544336,233,39,
4,42544367,324,312,
4,42544437,377,56,
4,42544665,135,59,
4,42545303,43,11,
4,42545551,22,7,
4,42545875,59,20,
4,42545986,226,80,
4,42546216,379,154,
4,42546246,202,45,
4,42546593,28,3,
4,42547003,686,220,
4,42547086,78,24,
4,42547150,97,37,
4,42547208,81,7,
4,42547489,466,134,
4,42547538,57,27,
4,42547574,8,1,
4,42547576,62,5,
4,42547610,211,67,
4,42547820,421,111,
4,42547835,55,47,
4,42548077,182,144,
4,42548215,70,19,
4,42548282,125,27,
4,42548480,19,35,
4,42548535,24,21,
4,42548641,72,79,
4,42548719,372,357,
4,42548763,62,36,
4,42548798,77,25,
4,42548914,27,7,
4,42549039,281,370,
4,42549083,182,66,
4,42549123,203,61,
4,42549145,112,178,
4,42549147,130,75,
4,42549148,122,13,
4,42549184,110,24,
4,42549195,104,21,
4,42549343,106,80,
4,42549425,66,182,
4,42549624,716,435,
4,42549807,385,190,
4,42549857,148,130,
4,42550501,263,97,
4,42550703,75,43,
4,42550709,21,0,
4,42551660,80,25,
4,42551863,133,91,
4,42551900,1071,95,
4,42551938,62,4,
4,42552039,20,2,
4,42552174,53,27,
4,42552227,307,175,
4,42552887,114,16,
4,42552907,15,1,
4,42552915,197,18,
4,42552976,178,262,
4,42553313,122,28,
4,42553360,28,12,
4,42553682,313,96,
4,42553780,12,3,
4,42553949,333,138,
4,42554008,147,132,
4,42554161,173,52,
4,42554209,96,41,
4,42554371,174,3,
4,42554420,225,64,
4,42554422,31,4,
4,42554521,145,19,
4,42554606,22,2,
4,42554722,10,1,
4,42554866,19,0,
4,42555066,253,158,
4,42555320,358,152,
4,42555440,484,395,
4,42555594,409,351,
4,42555597,29,1,
4,42556142,17,0,
4,42556408,97,238,
4,42556808,3,0,
4,42556842,12,2,
4,42557019,36,18,
4,42557098,509,88,
4,42557172,269,362,
4,42557255,409,109,
4,42557267,29,2,
4,42557276,128,126,
4,42557342,288,214,
4,42557410,50,14,
4,42557412,29,5,
4,42557434,50,15,
4,42557586,469,422,
4,42557692,93,100,
4,42557850,147,60,27
4,42557904,32,2,
4,42557920,77,14,25
4,42557924,32,3,10
4,42557947,442,176,
4,42558037,324,118,
4,42558143,85,46,24
4,42558275,60,14,
4,42558422,45,30,
4,42558476,29,21,
4,42558496,72,2,15
4,42558602,54,62,
4,42558763,200,41,
4,42559052,235,64,
4,42559744,266,199,
4,42559882,407,256,
4,42559909,437,157,
4,42560069,497,224,
4,42560171,151,81,
4,42560284,104,30,
4,42560558,943,563,
4,42560995,9,0,
4,42561711,465,66,
4,42562175,203,78,
4,42562295,83,53,
4,42562513,33,18,
4,42562529,245,463,
4,42562743,207,54,
4,42562750,1198,257,
4,42562758,80,43,
4,42562847,631,221,
4,42563212,28,11,
4,42563534,163,57,
4,42563845,157,56,
4,42564143,11,6,
4,42564144,33,11,
4,42564146,8,0,
4,42564347,5,2,
4,42564392,12,5,
4,42564512,18,0,
4,42564687,401,171,
4,42564735,88,16,
4,42564873,35,7,
4,42564932,42,1,
4,42565184,21,2,
4,42565513,102,16,
4,42565606,550,520,
4,42565638,74,13,
4,42565821,443,107,
4,42566112,1260,266,
4,42566141,202,83,
4,42566192,588,204,
4,42566502,26,1,
4,42566548,5,0,
4,42566616,47,22,
4,42567280,165,14,
4,42568056,128,136,
4,42568239,57,69,
4,42568399,828,275,
4,42568516,128,30,
4,42568705,36,7,
4,42568749,17,3,
4,42568805,113,58,
4,42568982,4,0,
4,42569109,230,67,
4,42569236,337,233,
4,42569306,18,0,
4,42569557,16,3,
4,42569582,8,0,
4,42569728,77,3,
4,42569913,192,37,
4,42569926,20,1,
4,42569938,41,22,
4,42570055,19,11,
4,42570429,31,5,18
4,42570555,8,0,
4,42570988,436,459,
4,42571140,10,0,
4,42571192,13,3,
4,42571236,8,1,
4,42571272,181,14,
4,42571279,4,0,
4,42571340,46,6,
4,42571367,191,122,
4,42571468,28,2,
4,42571541,121,28,
4,42571608,211,389,
4,42571651,148,53,
4,42571995,236,159,
4,42572057,413,92,
4,42572364,10,2,
4,42572515,167,127,
4,42572573,139,24,
4,42572602,108,13,
4,42572662,560,66,
4,42572770,40,8,
4,42572803,16,2,
4,42572909,14,0,
4,42573328,9,0,
4,42573660,17,20,
4,42573875,287,251,
4,42573997,20,3,
4,42574125,230,122,
4,42574426,30,1,
4,42574601,4,1,
4,42574641,346,68,
4,42575082,83,14,
4,42575155,81,31,
4,42575159,60,16,
4,42575189,36,17,
4,42575200,81,74,
4,42575535,120,283,
4,42575537,315,298,
4,42575841,117,27,
4,42575900,224,101,
4,42575951,46,28,
4,42575990,261,90,
4,42576242,261,93,
4,42576443,981,418,
4,42576489,33,4,
4,42576755,210,97,
4,42577076,459,278,
4,42577272,127,91,
4,42577387,154,47,
4,42577511,9,0,
4,42577661,50,17,
4,42577736,465,103,
4,42577739,21,11,
4,42577938,27,3,
4,42578237,381,341,
4,42578242,10,1,
4,42578243,23,6,
4,42578264,50,5,
4,42578929,69,19,
4,42578934,5,3,
4,42578971,9,0,
4,42579175,28,4,
4,42579319,47,17,
4,42579472,655,424,
4,42579517,12,5,
4,42579873,852,1494,
4,42579945,9,0,
4,42579969,225,73,
4,42580231,27,4,
4,42580248,6,2,
4,42580472,7,0,
4,42580565,47,21,
4,42580659,143,238,
4,42580975,19,9,
4,42581006,17,0,
4,42581119,312,232,
4,42581148,7,4,
4,42581587,27,9,
4,42581731,6,4,
4,42581923,4,0,
4,42582203,113,36,
4,42582250,9,0,
4,42582352,14,4,
4,42582533,30,7,
4,42582607,18,0,
4,42582797,7,0,
4,42583086,270,73,
4,42583141,163,78,
4,42583297,209,510,26
4,42583438,9,9,
4,42583445,12,3,
4,42583511,14,3,
4,42583652,3,1,
4,42583688,44,29,
4,42583726,157,92,
4,42583783,12,4,
4,42583947,98,1,3
4,42584078,11,2,
4,42584141,10,1,
4,42584174,7,0,
4,42584229,7,0,
4,42584258,68,42,
4,42584305,5,0,
4,42584320,4,2,
4,42584347,21,1,
4,42584373,10,3,
4,42584400,639,371,23
4,42584436,12,2,
4,42584478,17,0,
4,42584566,11,9,
4,42584599,6,1,
4,42584610,132,95,8
4,42584621,153,131,
4,42584629,17,6,
4,42584656,17,7,
4,42584750,172,79,20
4,42584856,88,50,
4,42584896,11,1,
4,42585009,122,30,1
4,42585130,15,1,13
4,42585146,9,4,
4,42585167,11,1,
4,42585332,47,4,29
4,42585374,4,1,
4,42585694,12,0,
4,42585898,19,0,
4,42585979,24,7,
4,42586042,152,42,9
4,42586142,14,2,
4,42586184,61,13,
4,42586229,23,12,
4,42586262,76,109,
4,42586291,122,57,
4,42586311,6,5,
4,42586590,136,44,17
4,42586879,237,37,
4,42586933,37,41,
4,42587014,34,29,
4,42587078,21,3,
4,42587121,14,1,
4,42587356,268,38,7
4,42587361,7,1,
4,42587383,35,30,
4,42587826,60,69,
4,42587829,121,80,
4,42587883,55,42,28
4,42588146,11,1,
4,42588151,106,47,30
4,42588349,11,14,
4,42588688,11,4,
4,42588692,13,0,
4,42588762,25,0,
4,42588956,172,47,1
4,42589032,9,0,
4,42589054,25,1,
4,42589112,12,1,
4,42589181,7,3,
4,42589194,12,2,
4,42589553,8,0,
4,42589629,7,2,16
4,42589863,110,131,16
4,42589984,11,3,
4,42590055,12,2,13
4,42590213,44,24,
4,42590294,7,1,
4,42590307,102,22,3
4,42590330,11,1,
4,42590342,32,7,
4,42590565,38,55,
4,42590788,28,5,11
4,42590903,60,27,5
4,42590981,48,65,
4,42590992,79,87,14
4,42591029,37,2,7
4,42591221,200,107,
4,42591291,39,12,5
4,42591916,44,21,
4,42591939,46,3,14
4,42591947,8,0,
4,42591961,6,0,12
4,42592171,5,0,
4,42592224,4,0,
4,42592290,3,0,
4,42592316,6,0,
4,42592397,4,0,
5,42493832,227,48,
5,42497093,687,295,
5,42497173,251,32,
5,42498754,175,52,
5,42498982,200,24,
5,42501102,313,40,
5,42501922,155,119,
5,42502899,126,108,
5,42506984,592,226,
5,42507932,245,251,
5,42509760,55,25,
5,42509953,419,141,
5,42513288,122,24,
5,42513290,121,23,
5,42513331,102,25,
5,42514105,616,481,
5,42514127,266,458,
5,42514553,129,38,
5,42515238,83,30,
5,42515315,255,68,
5,42515426,191,100,
5,42515584,65,16,
5,42515871,58,53,
5,42516268,118,58,
5,42516433,130,37,
5,42516568,71,17,
5,42516836,94,41,
5,42517035,257,116,
5,42517163,44,49,
5,42517164,338,96,
5,42517234,177,103,
5,42517447,2303,676,
5,42518444,175,35,
5,42518953,89,63,
5,42519790,108,47,
5,42519862,146,51,
5,42519875,68,11,
5,42520151,334,35,
5,42520432,272,29,
5,42520470,71,8,
5,42520601,141,121,
5,42520632,108,22,
5,42520861,164,95,
5,42521069,140,19,
5,42521259,84,25,
5,42521493,50,9,
5,42521629,174,328,
5,42521630,34,4,
5,42521773,157,104,
5,42521795,184,113,
5,42521865,541,1048,
5,42521905,70,17,
5,42523061,297,304,
5,42523202,54,21,
5,42523745,560,100,
5,42523855,20,1,
5,42524130,263,48,
5,42524174,587,563,
5,42524422,274,297,
5,42524555,137,37,
5,42524848,240,78,
5,42525290,101,53,
5,42525384,349,173,
5,42525627,20,4,
5,42525633,632,190,
5,42526081,94,17,
5,42526092,115,2,
5,42526112,47,33,
5,42526769,127,39,
5,42526926,106,37,
5,42526978,86,8,
5,42527256,72,2,
5,42527265,326,129,
5,42527496,89,19,
5,42527572,345,436,
5,42527716,15,0,
5,42527947,54,20,
5,42528216,167,105,
5,42528302,255,139,
5,42528435,85,58,
5,42528720,58,5,
5,42529023,198,96,
5,42529552,57,4,
5,42529771,66,15,
5,42529894,103,13,
5,42530018,38,2,
5,42530332,645,408,
5,42530424,22,0,
5,42530459,141,16,
5,42530844,69,15,
5,42530991,165,159,
5,42531215,23,7,
5,42531217,340,154,
5,42531237,81,113,
5,42531577,25,3,
5,42531695,649,842,
5,42531748,68,44,
5,42531774,59,24,
5,42531874,81,14,
5,42531993,40,36,
5,42532014,189,46,
5,42532157,114,28,
5,42532441,467,484,
5,42532979,364,186,
5,42533557,40,29,
5,42533648,126,39,
5,42533685,1320,978,
5,42533982,31,3,
5,42534090,53,15,
5,42534555,113,142,
5,42534851,273,399,
5,42534918,117,128,
5,42534931,253,41,
5,42535071,376,116,
5,42535217,891,193,
5,42535314,50,32,
5,42535333,144,5,
5,42535354,108,32,
5,42535622,213,47,
5,42535936,64,103,
5,42536181,39,19,
5,42536647,240,251,
5,42536750,122,78,
5,42537332,222,151,
5,42537567,456,60,
5,42537631,461,81,
5,42537665,96,19,
5,42538519,44,0,
5,42538903,179,196,
5,42538906,164,42,
5,42538914,403,67,
5,42538990,13,1,
5,42539155,393,229,
5,42539462,267,532,
5,42539474,191,202,
5,42539883,120,68,
5,42539987,293,684,
5,42540005,106,24,
5,42540182,223,205,
5,42540397,120,66,
5,42540862,281,432,
5,42541173,267,198,
5,42541193,18,2,
5,42541508,181,140,
5,42541885,26,7,
5,42542138,209,153,
5,42542280,257,78,
5,42543128,1170,817,
5,42543431,71,155,
5,42543600,10,0,
5,42543601,137,70,
5,42543818,69,5,
5,42544336,233,39,
5,42544367,324,312,
5,42544437,377,56,
5,42544665,135,59,
5,42545303,43,11,
5,42545551,22,7,
5,42545875,59,20,
5,42545986,226,80,
5,42546216,379,154,
5,42546246,202,45,
5,42546593,28,3,
5,42547003,686,220,
5,42547086,78,24,
5,42547150,97,37,
5,42547208,81,7,
5,42547489,466,134,
5,42547538,57,27,
5,42547574,8,1,
5,42547576,62,5,
5,42547610,211,67,
5,42547820,421,111,
5,42547835,55,47,
5,42548077,182,144,
5,42548215,70,19,
5,42548282,125,27,
5,42548480,19,35,
5,42548535,24,21,
5,42548641,72,79,
5,42548719,372,357,
5,42548763,62,36,
5,42548798,77,25,
5,42548914,27,7,
5,42549039,281,370,
5,42549083,182,66,
5,42549123,203,61,
5,42549145,113,178,
5,42549147,130,75,
5,42549148,122,13,
5,42549184,110,24,
5,42549195,107,21,
5,42549343,106,80,
5,42549425,66,182,
5,42549624,717,435,
5,42549807,385,190,
5,42549857,148,128,
5,42550501,263,97,
5,42550703,75,43,
5,42550709,21,0,
5,42551660,80,25,
5,42551863,133,91,
5,42551900,1072,96,
5,42551938,62,4,
5,42552039,20,2,
5,42552174,53,27,
5,42552227,307,175,
5,42552887,114,16,
5,42552907,15,1,
5,42552915,198,18,
5,42552976,178,262,
5,42553313,122,28,
5,42553360,28,12,
5,42553682,313,96,
5,42553780,12,3,
5,42553949,333,138,
5,42554008,147,132,
5,42554161,173,52,
5,42554209,96,41,
5,42554371,174,3,
5,42554420,225,64,
5,42554422,31,4,
5,42554521,145,19,
5,42554606,22,2,
5,42554722,10,1,
5,42554866,19,0,
5,42555066,253,158,
5,42555320,358,152,
5,42555440,484,395,
5,42555594,409,351,
5,42555597,29,1,
5,42556142,17,0,
5,42556408,97,239,
5,42556808,9,0,18
5,42556842,12,2,
5,42557019,36,18,
5,42557098,510,88,
5,42557172,270,362,
5,42557255,409,109,
5,42557267,29,2,
5,42557276,128,126,
5,42557342,288,214,
5,42557410,50,14,
5,42557412,29,5,
5,42557434,50,15,
5,42557586,470,423,
5,42557692,93,100,
5,42557850,148,60,29
5,42557904,32,2,
5,42557920,81,14,27
5,42557924,36,7,14
5,42557947,443,176,
5,42558037,324,118,
5,42558143,87,50,26
5,42558275,60,14,
5,42558422,45,30,
5,42558476,29,21,
5,42558496,74,2,22
5,42558602,54,62,
5,42558763,200,41,
5,42559052,235,64,
5,42559744,266,199,
5,42559882,407,256,
5,42559909,437,157,
5,42560069,497,224,
5,42560171,151,81,
5,42560284,104,30,
5,42560558,943,563,
5,42561711,466,66,
5,42562175,203,78,
5,42562295,83,53,
5,42562513,33,18,
5,42562529,245,463,
5,42562743,207,54,
5,42562750,1198,257,
5,42562758,80,43,
5,42562847,631,221,
5,42563212,28,11,
5,42563534,163,57,
5,42563845,157,56,
5,42564144,33,11,
5,42564347,5,2,
5,42564392,12,5,
5,42564512,18,0,
5,42564687,402,171,
5,42564735,88,16,
5,42564873,35,7,
5,42564932,42,1,
5,42565184,21,2,
5,42565513,102,16,
5,42565606,550,520,
5,42565638,74,13,
5,42565821,443,108,
5,42566112,1260,266,
5,42566141,202,83,
5,42566192,588,204,
5,42566502,26,1,
5,42566548,5,0,
5,42566616,47,22,
5,42567280,165,14,
5,42568056,128,136,
5,42568239,57,69,
5,42568399,829,275,
5,42568516,128,30,
5,42568705,36,7,
5,42568749,17,3,
5,42568805,113,58,
5,42568982,4,0,
5,42569109,230,67,
5,42569236,338,233,
5,42569306,18,0,
5,42569557,16,3,
5,42569582,8,0,
5,42569728,77,3,
5,42569913,193,37,
5,42569926,20,1,
5,42569938,41,22,
5,42570055,19,11,
5,42570429,35,6,17
5,42570555,8,0,
5,42570988,436,459,
5,42571140,10,0,
5,42571192,13,3,
5,42571236,8,1,
5,42571272,181,14,
5,42571279,4,0,
5,42571340,46,6,
5,42571367,191,122,
5,42571468,28,2,
5,42571541,121,28,
5,42571608,211,389,
5,42571651,148,53,
5,42571995,236,159,
5,42572057,413,92,
5,42572364,10,2,
5,42572515,168,127,
5,42572573,139,25,
5,42572602,108,13,
5,42572662,562,66,
5,42572770,40,8,
5,42572803,16,2,
5,42572909,14,0,
5,42573660,17,20,
5,42573875,287,251,
5,42573997,20,3,
5,42574125,230,122,
5,42574426,30,1,
5,42574601,4,1,
5,42574641,348,68,
5,42575082,83,14,
5,42575155,81,31,
5,42575159,60,16,
5,42575189,36,17,
5,42575200,81,74,
5,42575535,121,286,
5,42575537,316,298,
5,42575841,117,27,
5,42575900,225,101,
5,42575951,46,28,
5,42575990,262,91,
5,42576242,262,93,
5,42576443,983,418,
5,42576489,33,4,
5,42576755,210,97,
5,42577076,461,278,
5,42577272,127,91,
5,42577387,155,47,
5,42577511,9,0,
5,42577661,50,17,
5,42577736,466,103,
5,42577739,21,11,
5,42577938,27,3,
5,42578237,382,345,
5,42578242,10,1,
5,42578243,23,6,
5,42578264,50,5,
5,42578929,69,19,
5,42578934,5,3,
5,42578971,9,0,
5,42579175,28,4,
5,42579319,47,17,
5,42579472,655,424,
5,42579517,13,5,
5,42579873,856,1497,
5,42579945,9,0,
5,42579969,225,73,
5,42580231,27,4,
5,42580248,6,2,
5,42580472,7,0,
5,42580565,48,22,
5,42580659,143,238,
5,42580975,20,9,
5,42581006,17,0,
5,42581119,313,233,
5,42581148,8,4,
5,42581587,27,9,
5,42581731,6,4,
5,42581923,4,0,
5,42582203,113,36,
5,42582250,9,0,
5,42582352,15,4,
5,42582533,31,7,
5,42582607,18,0,
5,42582797,7,0,
5,42583086,271,76,
5,42583141,167,78,
5,42583181,3,0,
5,42583297,224,534,28
5,42583438,9,9,
5,42583445,13,3,
5,42583511,14,3,
5,42583652,3,1,
5,42583688,44,29,
5,42583726,157,92,
5,42583783,12,4,
5,42583947,106,3,3
5,42584078,11,2,
5,42584141,10,1,
5,42584174,8,0,
5,42584229,7,0,
5,42584258,68,43,
5,42584305,5,0,
5,42584320,4,2,
5,42584347,21,1,
5,42584373,10,6,
5,42584400,649,373,25
5,42584436,12,2,
5,42584478,17,0,
5,42584566,11,9,
5,42584599,6,1,
5,42584610,141,100,17
5,42584621,153,131,
5,42584629,17,6,
5,42584656,17,7,
5,42584750,178,79,20
5,42584856,88,50,
5,42584896,11,1,
5,42585009,160,47,1
5,42585130,15,1,
5,42585146,9,4,
5,42585167,11,1,
5,42585332,48,5,30
5,42585694,12,0,
5,42585898,19,0,
5,42585979,24,7,
5,42586042,165,46,10
5,42586142,14,2,
5,42586184,62,13,
5,42586229,23,12,
5,42586262,76,110,
5,42586291,122,57,
5,42586311,6,5,
5,42586590,141,44,18
5,42586879,238,37,
5,42586933,38,41,
5,42587014,34,30,
5,42587078,21,3,
5,42587121,14,1,
5,42587356,277,39,9
5,42587361,7,1,
5,42587383,36,31,
5,42587826,60,69,
5,42587829,123,84,
5,42587883,57,42,
5,42588151,107,48,
5,42588349,11,14,
5,42588688,11,4,
5,42588692,13,0,
5,42588762,25,0,
5,42588956,184,49,2
5,42589032,9,0,
5,42589054,26,1,
5,42589112,12,1,
5,42589181,7,3,
5,42589194,12,2,
5,42589553,9,0,
5,42589629,18,4,12
5,42589863,118,145,16
5,42589984,11,3,
5,42590055,18,5,15
5,42590213,45,30,
5,42590294,7,1,
5,42590307,107,22,4
5,42590330,11,1,
5,42590342,32,7,
5,42590565,38,56,
5,42590788,31,9,13
5,42590903,68,46,6
5,42590981,48,67,
5,42590992,89,94,24
5,42591029,59,2,6
5,42591221,212,120,
5,42591291,55,15,5
5,42591916,46,24,
5,42591939,46,2,
5,42591947,8,0,
5,42591961,7,0,
5,42592126,3,0,
5,42592224,15,4,3
5,42592290,3,2,
5,42592316,7,2,5
5,42592370,3,1,
5,42592397,18,1,13
5,42592455,8,1,29
5,42592665,17,2,9
6,42493832,227,48,
6,42497093,687,295,
6,42497173,251,32,
6,42498754,175,52,
6,42498982,200,24,
6,42501102,313,40,
6,42501922,155,119,
6,42502899,126,108,
6,42506984,592,226,
6,42507932,245,252,
6,42509760,55,25,
6,42509953,419,141,
6,42513288,122,24,
6,42513290,121,23,
6,42513331,102,25,
6,42514105,616,481,
6,42514127,266,458,
6,42514553,129,38,
6,42515238,83,30,
6,42515315,255,68,
6,42515426,191,100,
6,42515584,65,16,
6,42516268,118,58,
6,42516433,130,37,
6,42516568,71,17,
6,42516836,94,41,
6,42517035,257,116,
6,42517163,44,49,
6,42517164,338,96,
6,42517234,177,103,
6,42517447,2304,676,
6,42518444,175,35,
6,42518953,89,63,
6,42519790,108,47,
6,42519862,146,51,
6,42519875,68,11,
6,42520151,334,35,
6,42520432,272,29,
6,42520470,71,8,
6,42520601,141,121,
6,42520632,108,22,
6,42520861,164,95,
6,42521069,140,19,
6,42521259,84,25,
6,42521493,50,9,
6,42521629,174,328,
6,42521630,34,4,
6,42521773,157,104,
6,42521795,184,113,
6,42521865,541,1048,
6,42521905,70,17,
6,42523061,297,304,
6,42523202,54,21,
6,42523745,560,100,
6,42523855,20,1,
6,42524130,263,48,
6,42524174,587,563,
6,42524422,274,297,
6,42524555,137,37,
6,42524848,240,78,
6,42525290,101,53,
6,42525384,349,173,
6,42525627,20,4,
6,42525633,632,190,
6,42526081,94,17,
6,42526092,115,2,
6,42526112,47,33,
6,42526769,127,39,
6,42526926,106,37,
6,42526978,86,8,
6,42527256,72,2,
6,42527265,326,129,
6,42527496,89,19,
6,42527572,345,436,
6,42527716,15,0,
6,42527947,54,20,
6,42528216,167,105,
6,42528302,255,139,
6,42528435,85,58,
6,42528720,58,5,
6,42529023,198,96,
6,42529552,57,4,
6,42529771,66,15,
6,42529894,103,13,
6,42530018,38,2,
6,42530332,645,408,
6,42530424,22,0,
6,42530459,141,16,
6,42530844,69,15,
6,42530991,165,159,
6,42531215,23,7,
6,42531217,340,154,
6,42531237,81,114,
6,42531577,25,3,
6,42531695,649,842,
6,42531748,68,44,
6,42531774,59,24,
6,42531874,81,14,
6,42531993,40,36,
6,42532014,189,46,
6,42532157,114,28,
6,42532441,467,484,
6,42532979,364,186,
6,42533557,40,29,
6,42533648,126,39,
6,42533685,1320,978,
6,42533982,31,3,
6,42534090,53,15,
6,42534555,113,142,
6,42534851,273,399,
6,42534918,117,128,
6,42534931,253,41,
6,42535071,376,116,
6,42535217,891,193,
6,42535314,50,32,
6,42535333,144,5,
6,42535354,108,32,
6,42535622,213,47,
6,42535936,64,104,
6,42536181,39,19,
6,42536647,240,251,
6,42536750,122,78,
6,42537332,222,151,
6,42537567,456,60,
6,42537631,461,81,
6,42537665,96,19,
6,42538519,44,0,
6,42538903,179,196,
6,42538906,164,42,
6,42538914,403,67,
6,42538990,13,1,
6,42539155,393,229,
6,42539462,267,532,
6,42539474,191,202,
6,42539883,120,68,
6,42539987,293,684,
6,42540005,106,24,
6,42540182,223,205,
6,42540397,120,66,
6,42540862,281,432,
6,42541173,267,198,
6,42541193,18,2,
6,42541508,181,141,
6,42541885,26,7,
6,42542138,209,153,
6,42542280,257,78,
6,42543128,1170,817,
6,42543431,71,155,
6,42543600,10,0,
6,42543601,137,70,
6,42543818,69,5,
6,42544336,233,39,
6,42544367,324,312,
6,42544437,377,56,
6,42544665,135,59,
6,42545303,43,11,
6,42545875,59,20,
6,42545986,226,80,
6,42546216,379,154,
6,42546246,202,45,
6,42546593,28,3,
6,42547003,686,220,
6,42547086,78,24,
6,42547150,97,37,
6,42547208,81,7,
6,42547489,466,134,
6,42547538,57,27,
6,42547574,8,1,
6,42547576,62,5,
6,42547610,211,67,
6,42547820,421,111,
6,42547835,55,47,
6,42548077,183,144,
6,42548215,70,19,
6,42548282,126,27,
6,42548480,19,35,
6,42548535,24,21,
6,42548641,72,79,
6,42548719,372,357,
6,42548763,62,36,
6,42548798,77,26,
6,42548914,27,7,
6,42549039,281,370,
6,42549083,182,66,
6,42549123,203,61,
6,42549145,113,178,
6,42549147,130,75,
6,42549148,122,13,
6,42549184,110,24,
6,42549195,110,21,
6,42549343,106,80,
6,42549425,66,182,
6,42549624,717,435,
6,42549807,385,190,
6,42549857,148,128,
6,42550501,263,97,
6,42550703,75,43,
6,42550709,21,0,
6,42551660,80,25,
6,42551863,133,91,
6,42551900,1072,96,
6,42551938,62,4,
6,42552039,20,2,
6,42552174,53,27,
6,42552227,307,175,
6,42552887,114,16,
6,42552915,198,19,
6,42552976,178,262,
6,42553313,122,28,
6,42553360,28,12,
6,42553682,313,96,
6,42553780,12,3,
6,42553949,333,138,
6,42554008,147,132,
6,42554161,174,52,
6,42554209,96,41,
6,42554371,175,3,
6,42554420,225,64,
6,42554422,31,4,
6,42554521,145,19,
6,42554606,22,2,
6,42554722,10,1,
6,42554866,19,0,
6,42555066,253,158,
6,42555320,358,152,
6,42555440,484,395,
6,42555594,409,351,
6,42555597,29,1,
6,42556142,17,0,
6,42556408,97,240,
6,42556808,19,0,14
6,42556842,12,2,
6,42557019,36,18,
6,42557098,510,88,
6,42557172,270,362,
6,42557255,409,109,
6,42557267,29,2,
6,42557276,128,126,
6,42557342,288,214,
6,42557410,50,14,
6,42557412,29,5,
6,42557586,470,424,
6,42557692,94,103,
6,42557850,150,60,
6,42557904,32,2,
6,42557920,82,14,
6,42557924,39,10,18
6,42557947,446,177,
6,42558037,324,118,
6,42558143,88,56,
6,42558275,60,14,
6,42558422,45,30,
6,42558476,29,21,
6,42558496,77,2,27
6,42558602,54,62,
6,42558763,200,41,
6,42559052,235,64,
6,42559744,267,199,
6,42559882,407,256,
6,42559909,437,157,
6,42560069,497,224,
6,42560171,151,81,
6,42560284,104,30,
6,42560558,943,563,
6,42561711,466,66,
6,42562175,203,78,
6,42562295,84,53,
6,42562513,33,18,
6,42562529,245,463,
6,42562743,207,54,
6,42562750,1198,257,
6,42562758,80,43,
6,42562847,631,221,
6,42563212,28,11,
6,42563534,163,57,
6,42563845,157,56,
6,42564144,33,11,
6,42564392,12,5,
6,42564512,18,0,
6,42564687,402,171,
6,42564735,88,16,
6,42564873,35,7,
6,42564932,42,1,
6,42565184,21,2,
6,42565513,102,16,
6,42565606,550,520,
6,42565638,75,13,
6,42565821,443,109,
6,42566112,1260,266,
6,42566141,202,83,
6,42566192,588,204,
6,42566502,26,1,
6,42566548,5,0,
6,42566616,47,22,
6,42567280,165,14,
6,42568056,128,136,
6,42568239,57,69,
6,42568399,830,275,
6,42568516,128,30,
6,42568705,36,7,
6,42568749,17,3,
6,42568805,113,58,
6,42568982,4,0,
6,42569109,230,67,
6,42569236,338,233,
6,42569306,18,0,
6,42569557,16,3,
6,42569582,8,0,
6,42569728,77,3,
6,42569913,193,37,
6,42569926,20,1,
6,42569938,41,22,
6,42570055,19,11,
6,42570429,37,6,23
6,42570555,8,0,
6,42570988,436,459,
6,42571140,10,0,
6,42571192,13,3,
6,42571236,8,1,
6,42571272,181,14,
6,42571279,4,0,
6,42571340,46,6,
6,42571367,192,122,
6,42571468,28,2,
6,42571541,121,28,
6,42571608,211,390,
6,42571651,148,53,
6,42571995,238,160,
6,42572057,413,92,
6,42572364,10,2,
6,42572515,168,127,
6,42572573,139,25,
6,42572602,108,13,
6,42572662,562,66,
6,42572770,41,8,
6,42572803,16,2,
6,42572909,14,0,
6,42573660,17,20,
6,42573875,287,251,
6,42573997,20,3,
6,42574125,230,122,
6,42574426,30,1,
6,42574601,5,2,
6,42574641,349,68,
6,42575082,83,14,
6,42575155,81,31,
6,42575159,60,16,
6,42575189,36,17,
6,42575200,81,74,
6,42575535,122,286,
6,42575537,316,299,
6,42575841,118,27,
6,42575900,225,101,
6,42575951,46,28,
6,42575990,263,91,
6,42576242,262,93,
6,42576443,986,419,
6,42576489,33,4,
6,42576755,211,97,
6,42577076,464,278,
6,42577272,127,91,
6,42577387,156,47,
6,42577511,9,0,
6,42577661,50,17,
6,42577736,466,103,
6,42577739,21,11,
6,42577938,27,3,
6,42578237,382,345,
6,42578242,10,1,
6,42578243,23,6,
6,42578264,50,5,
6,42578929,69,19,
6,42578934,5,3,
6,42578971,9,0,
6,42579175,28,4,
6,42579319,47,17,
6,42579472,655,424,
6,42579517,13,5,
6,42579873,857,1504,
6,42579945,9,0,
6,42579969,226,73,
6,42580231,28,4,
6,42580248,7,2,
6,42580472,7,0,
6,42580565,48,22,
6,42580659,143,238,
6,42580975,20,9,
6,42581006,17,0,
6,42581119,315,233,
6,42581148,8,4,
6,42581587,27,9,
6,42581731,6,4,
6,42581923,4,0,
6,42582203,113,36,
6,42582250,9,0,
6,42582352,16,4,
6,42582533,31,8,
6,42582607,18,0,
6,42582797,7,0,
6,42583086,272,77,
6,42583141,168,78,
6,42583181,11,2,15
6,42583297,227,556,
6,42583438,9,9,
6,42583445,13,3,
6,42583511,14,3,
6,42583652,3,1,
6,42583688,44,29,
6,42583726,157,92,
6,42583783,12,4,
6,42583947,121,3,4
6,42584078,11,2,
6,42584141,10,1,
6,42584174,8,0,
6,42584229,7,0,
6,42584258,68,43,
6,42584305,5,0,
6,42584320,4,2,
6,42584347,21,1,
6,42584373,10,6,
6,42584400,653,374,30
6,42584436,12,2,
6,42584478,17,0,
6,42584566,11,9,
6,42584610,150,106,29
6,42584621,153,132,
6,42584629,17,6,
6,42584656,17,7,
6,42584750,186,80,22
6,42584856,88,51,
6,42584896,12,1,
6,42584981,3,0,
6,42585009,191,72,1
6,42585130,15,1,
6,42585146,9,4,
6,42585167,11,2,
6,42585332,50,5,
6,42585694,12,0,
6,42585898,19,0,
6,42585979,24,7,
6,42586042,171,48,13
6,42586142,14,2,
6,42586184,62,13,
6,42586229,23,12,
6,42586262,76,113,
6,42586291,123,57,
6,42586311,6,5,
6,42586590,142,45,21
6,42586879,239,37,
6,42586933,38,42,
6,42587014,34,30,
6,42587078,21,3,
6,42587121,14,1,
6,42587356,281,39,10
6,42587361,7,1,
6,42587383,36,33,
6,42587826,61,69,
6,42587829,124,85,
6,42587883,57,42,
6,42588151,109,48,
6,42588349,11,14,
6,42588688,11,4,
6,42588692,13,0,
6,42588762,25,0,
6,42588956,191,49,2
6,42589032,9,0,
6,42589054,27,1,
6,42589112,12,1,
6,42589181,7,3,
6,42589194,12,2,
6,42589553,9,0,
6,42589629,20,5,17
6,42589863,125,157,26
6,42589984,11,3,
6,42590055,24,8,17
6,42590213,47,33,
6,42590294,7,1,
6,42590307,115,26,5
6,42590330,11,1,
6,42590342,32,7,
6,42590565,38,56,
6,42590788,36,9,17
6,42590903,79,51,9
6,42590981,48,70,
6,42590992,101,97,18
6,42591029,66,2,6
6,42591221,213,126,
6,42591291,64,17,7
6,42591498,3,0,
6,42591727,10,3,26
6,42591818,11,0,22
6,42591916,49,25,
6,42591938,6,0,
6,42591947,8,0,
6,42591961,9,0,
6,42592126,17,2,10
6,42592224,28,12,2
6,42592290,5,2,
6,42592316,10,2,11
6,42592370,12,3,7
6,42592397,28,3,14
6,42592665,49,35,6
6,42592746,5,1,
7,42493832,227,48,
7,42497093,688,295,
7,42497173,251,32,
7,42498754,175,52,
7,42498982,200,24,
7,42501102,313,40,
7,42501922,155,119,
7,42502899,126,108,
7,42506984,592,226,
7,42507932,245,252,
7,42509760,55,25,
7,42509953,419,141,
7,42513288,122,24,
7,42513290,121,23,
7,42513331,102,25,
7,42514105,616,481,
7,42514127,266,458,
7,42514553,129,38,
7,42515238,83,30,
7,42515315,255,68,
7,42515426,191,100,
7,42515584,65,16,
7,42516268,118,58,
7,42516433,130,37,
7,42516568,71,17,
7,42516836,94,41,
7,42517035,257,116,
7,42517163,44,49,
7,42517164,338,96,
7,42517234,177,103,
7,42517447,2304,676,
7,42518444,175,35,
7,42518953,89,63,
7,42519790,108,47,
7,42519862,146,51,
7,42519875,68,11,
7,42520151,334,35,
7,42520432,272,29,
7,42520470,71,8,
7,42520601,141,121,
7,42520632,108,22,
7,42520861,164,95,
7,42521069,140,19,
7,42521259,84,25,
7,42521493,50,9,
7,42521629,174,328,
7,42521630,34,4,
7,42521773,157,104,
7,42521795,184,113,
7,42521865,541,1048,
7,42521905,70,17,
7,42523061,297,304,
7,42523202,54,21,
7,42523745,560,100,
7,42523855,20,1,
7,42524130,263,48,
7,42524174,587,563,
7,42524422,274,297,
7,42524555,137,37,
7,42524848,240,78,
7,42525290,101,53,
7,42525384,349,173,
7,42525627,20,4,
7,42525633,632,190,
7,42526081,94,17,
7,42526092,115,2,
7,42526112,47,33,
7,42526769,127,39,
7,42526926,106,37,
7,42526978,86,8,
7,42527256,72,2,
7,42527265,326,129,
7,42527496,89,19,
7,42527572,345,436,
7,42527716,15,0,
7,42527947,54,20,
7,42528216,167,105,
7,42528302,255,139,
7,42528435,85,58,
7,42528720,58,5,
7,42529023,198,96,
7,42529552,57,4,
7,42529771,66,15,
7,42529894,103,13,
7,42530018,38,2,
7,42530332,645,408,
7,42530424,22,0,
7,42530459,141,16,
7,42530844,69,15,
7,42530991,165,159,
7,42531215,23,7,
7,42531217,340,154,
7,42531237,81,114,
7,42531577,25,3,
7,42531695,649,842,
7,42531748,68,44,
7,42531774,59,24,
7,42531874,81,14,
7,42531993,40,36,
7,42532014,189,46,
7,42532157,114,28,
7,42532441,467,484,
7,42532979,364,186,
7,42533557,40,29,
7,42533648,126,39,
7,42533685,1320,978,
7,42533982,31,3,
7,42534090,53,15,
7,42534555,113,142,
7,42534851,273,399,
7,42534918,117,128,
7,42534931,253,41,
7,42535071,376,116,
7,42535217,891,193,
7,42535314,50,32,
7,42535333,144,5,
7,42535354,108,32,
7,42535622,213,47,
7,42535936,64,104,
7,42536181,39,19,
7,42536647,240,251,
7,42536750,122,78,
7,42537332,222,151,
7,42537567,456,60,
7,42537631,461,81,
7,42537665,96,19,
7,42538519,44,0,
7,42538903,179,196,
7,42538906,164,42,
7,42538914,403,67,
7,42538990,13,1,
7,42539155,393,229,
7,42539462,267,532,
7,42539474,191,202,
7,42539883,120,68,
7,42539987,293,684,
7,42540005,106,24,
7,42540182,223,205,
7,42540397,120,67,
7,42540862,281,432,
7,42541173,267,198,
7,42541193,18,2,
7,42541508,181,141,
7,42541885,26,7,
7,42542138,209,153,
7,42542280,257,78,
7,42543128,1170,817,
7,42543431,71,155,
7,42543600,10,0,
7,42543601,137,70,
7,42543818,69,5,
7,42544336,233,39,
7,42544367,324,312,
7,42544437,377,56,
7,42544665,135,59,
7,42545303,43,11,
7,42545875,59,20,
7,42545986,226,80,
7,42546216,379,154,
7,42546246,202,45,
7,42546593,28,3,
7,42547003,686,220,
7,42547086,78,24,
7,42547150,97,37,
7,42547208,81,7,
7,42547489,466,134,
7,42547538,57,27,
7,42547574,8,1,
7,42547576,62,5,
7,42547610,211,67,
7,42547820,421,111,
7,42547835,55,47,
7,42548077,183,144,
7,42548215,70,19,
7,42548282,126,27,
7,42548480,19,35,
7,42548535,24,21,
7,42548641,72,79,
7,42548719,372,357,
7,42548763,62,36,
7,42548798,77,26,
7,42548914,27,7,
7,42549039,281,373,
7,42549083,182,66,
7,42549123,203,61,
7,42549145,114,178,
7,42549147,131,75,
7,42549148,122,13,
7,42549184,110,24,
7,42549195,110,22,
7,42549343,106,80,
7,42549425,66,182,
7,42549624,717,436,
7,42549807,385,190,
7,42549857,148,128,
7,42550501,263,97,
7,42550703,75,43,
7,42550709,21,0,
7,42551660,80,25,
7,42551863,133,91,
7,42551900,1072,96,
7,42551938,62,4,
7,42552039,20,2,
7,42552174,53,27,
7,42552227,307,175,
7,42552887,114,16,
7,42552915,198,21,
7,42552976,178,262,
7,42553313,122,28,
7,42553360,28,12,
7,42553682,313,96,
7,42553780,12,3,
7,42553949,333,138,
7,42554008,147,132,
7,42554161,174,52,
7,42554209,96,41,
7,42554371,175,3,
7,42554420,225,64,
7,42554422,31,4,
7,42554521,145,19,
7,42554606,22,2,
7,42554722,10,1,
7,42554866,19,0,
7,42555066,253,158,
7,42555320,358,152,
7,42555440,484,395,
7,42555594,409,352,
7,42555597,29,1,
7,42556142,17,0,
7,42556408,97,240,
7,42556808,27,1,16
7,42556842,12,2,
7,42557019,36,18,
7,42557098,510,88,
7,42557172,270,362,
7,42557255,409,109,
7,42557267,29,2,
7,42557276,128,126,
7,42557342,288,214,
7,42557410,50,14,
7,42557412,29,5,
7,42557586,470,424,
7,42557692,94,104,
7,42557850,150,61,
7,42557904,32,2,
7,42557920,85,16,
7,42557924,45,15,18
7,42557947,447,177,
7,42558037,324,118,
7,42558143,88,59,
7,42558275,60,14,
7,42558422,45,30,
7,42558476,29,21,
7,42558496,80,2,27
7,42558602,54,62,
7,42558763,200,41,
7,42559052,235,64,
7,42559744,267,199,
7,42559882,407,256,
7,42559909,437,157,
7,42560069,497,226,
7,42560171,151,81,
7,42560284,104,30,
7,42560558,944,563,
7,42561711,466,66,
7,42562175,203,78,
7,42562295,84,53,
7,42562513,33,18,
7,42562529,245,463,
7,42562743,207,54,
7,42562750,1198,257,
7,42562758,80,43,
7,42562847,631,221,
7,42563212,28,11,
7,42563534,163,57,
7,42563845,157,56,
7,42564144,33,11,
7,42564392,12,5,
7,42564512,18,0,
7,42564687,402,171,
7,42564735,88,16,
7,42564873,35,7,
7,42564932,42,1,
7,42565184,21,2,
7,42565513,102,16,
7,42565606,550,520,
7,42565638,75,13,
7,42565821,444,109,
7,42566112,1260,266,
7,42566141,202,83,
7,42566192,588,204,
7,42566502,26,1,
7,42566548,5,0,
7,42566616,47,22,
7,42567280,165,14,
7,42568056,128,136,
7,42568239,57,69,
7,42568399,830,275,
7,42568516,128,30,
7,42568705,36,7,
7,42568749,17,3,
7,42568805,113,58,
7,42568982,4,0,
7,42569109,230,67,
7,42569306,18,0,
7,42569557,16,3,
7,42569582,8,0,
7,42569728,77,3,
7,42569913,193,37,
7,42569926,20,1,
7,42569938,41,22,
7,42570055,19,11,
7,42570429,39,9,28
7,42570555,8,0,
7,42570988,436,460,
7,42571140,10,0,
7,42571192,13,3,
7,42571236,8,1,
7,42571272,181,14,
7,42571279,4,0,
7,42571340,46,6,
7,42571367,192,122,
7,42571468,28,2,
7,42571541,121,28,
7,42571608,211,390,
7,42571651,148,53,
7,42571995,239,161,
7,42572057,413,92,
7,42572364,10,2,
7,42572515,168,127,
7,42572573,140,25,
7,42572602,108,13,
7,42572662,562,66,
7,42572770,41,8,
7,42572803,16,2,
7,42572909,14,0,
7,42573660,17,20,
7,42573875,288,251,
7,42573997,20,3,
7,42574125,230,122,
7,42574426,31,1,
7,42574601,5,2,
7,42574641,350,69,
7,42575082,83,14,
7,42575155,81,31,
7,42575159,60,16,
7,42575189,36,17,
7,42575200,81,74,
7,42575535,122,287,
7,42575537,316,301,
7,42575841,118,27,
7,42575900,225,101,
7,42575951,46,28,
7,42575990,263,91,
7,42576242,263,93,
7,42576443,993,421,
7,42576489,33,4,
7,42576755,211,97,
7,42577076,468,278,
7,42577272,127,91,
7,42577387,157,48,
7,42577511,9,0,
7,42577661,50,17,
7,42577736,468,103,
7,42577739,21,11,
7,42577938,27,3,
7,42578237,382,345,
7,42578242,10,1,
7,42578243,23,6,
7,42578264,50,5,
7,42578929,69,19,
7,42578934,5,3,
7,42578971,9,0,
7,42579175,28,4,
7,42579319,47,17,
7,42579472,656,424,
7,42579517,13,5,
7,42579873,858,1506,
7,42579945,9,0,
7,42579969,228,73,
7,42580231,28,4,
7,42580248,7,2,
7,42580472,7,0,
7,42580565,48,22,
7,42580659,143,238,
7,42580975,20,9,
7,42581006,17,0,
7,42581119,315,234,
7,42581148,8,4,
7,42581587,27,9,
7,42581731,6,4,
7,42581923,4,0,
7,42582203,114,37,
7,42582250,9,0,
7,42582352,17,5,
7,42582533,31,8,
7,42582607,18,0,
7,42582797,7,0,
7,42583086,273,77,
7,42583141,168,79,
7,42583181,21,4,10
7,42583297,230,602,
7,42583438,9,9,
7,42583445,13,3,
7,42583511,14,3,
7,42583652,3,1,
7,42583688,44,30,
7,42583726,157,92,
7,42583783,12,4,
7,42583947,137,4,4
7,42584078,11,2,
7,42584141,10,1,
7,42584174,8,0,
7,42584229,7,0,
7,42584258,69,43,
7,42584305,5,0,
7,42584320,4,2,
7,42584347,21,1,
7,42584373,10,6,
7,42584400,662,376,28
7,42584436,12,2,
7,42584478,17,0,
7,42584566,11,9,
7,42584610,154,108,29
7,42584621,153,132,
7,42584629,17,6,
7,42584656,17,7,
7,42584750,193,81,22
7,42584856,88,51,
7,42584896,12,1,
7,42584981,14,1,4
7,42585009,224,82,1
7,42585130,15,1,
7,42585146,9,4,
7,42585167,11,2,
7,42585332,51,5,
7,42585694,12,0,
7,42585707,4,0,
7,42585898,19,0,
7,42585979,24,7,
7,42586042,179,48,12
7,42586142,14,2,
7,42586184,62,13,
7,42586229,23,12,
7,42586262,76,115,
7,42586291,123,58,
7,42586590,146,47,23
7,42586879,239,37,
7,42586933,38,42,
7,42587014,34,30,
7,42587078,21,3,
7,42587121,14,1,
7,42587356,286,40,11
7,42587361,7,1,
7,42587383,36,33,
7,42587826,61,69,
7,42587829,125,85,
7,42587883,57,42,
7,42588151,111,50,
7,42588688,11,4,
7,42588692,13,0,
7,42588762,25,0,
7,42588956,199,52,3
7,42589032,9,0,
7,42589054,27,2,
7,42589112,12,1,
7,42589194,12,2,
7,42589553,9,0,
7,42589629,24,5,21
7,42589863,138,167,26
7,42589984,11,3,
7,42590055,31,15,15
7,42590213,48,33,
7,42590294,7,1,
7,42590307,126,32,6
7,42590330,11,1,
7,42590342,32,8,
7,42590483,3,0,
7,42590565,39,58,
7,42590788,40,13,20
7,42590903,88,53,9
7,42590981,51,70,
7,42590992,107,106,19
7,42591029,78,4,7
7,42591142,5,1,
7,42591221,218,135,
7,42591291,72,20,9
7,42591498,3,0,
7,42591727,16,4,20
7,42591818,15,2,17
7,42591916,52,25,
7,42591938,8,0,
7,42591947,8,0,
7,42591961,11,0,
7,42592126,27,7,10
7,42592224,45,16,2
7,42592290,5,3,
7,42592316,15,2,7
7,42592370,16,4,21
7,42592397,30,3,
7,42592543,10,0,16
7,42592665,81,58,4
7,42592746,6,1,
7,42592910,3,0,
8,42493832,227,48,
8,42497093,688,295,
8,42497173,251,32,
8,42498754,175,52,
8,42498982,200,24,
8,42501102,313,40,
8,42501922,155,119,
8,42502899,126,108,
8,42506984,592,226,
8,42507932,245,252,
8,42509760,55,25,
8,42509953,419,141,
8,42513288,122,24,
8,42513290,121,23,
8,42513331,102,25,
8,42514105,616,481,
8,42514127,266,458,
8,42514553,129,38,
8,42515238,83,30,
8,42515315,255,68,
8,42515426,191,100,
8,42515584,65,16,
8,42515871,58,53,
8,42516268,118,58,
8,42516433,130,37,
8,42516568,71,17,
8,42516836,94,41,
8,42517035,257,116,
8,42517163,44,49,
8,42517164,338,96,
8,42517234,177,103,
8,42517447,2305,676,
8,42518444,175,35,
8,42518953,89,63,
8,42519790,108,47,
8,42519862,146,51,
8,42519875,68,11,
8,42520151,334,35,
8,42520432,272,29,
8,42520470,71,8,
8,42520601,141,121,
8,42520632,108,22,
8,42520861,164,95,
8,42521069,140,19,
8,42521259,84,25,
8,42521493,50,9,
8,42521629,174,328,
8,42521630,34,4,
8,42521773,157,104,
8,42521795,184,113,
8,42521865,541,1048,
8,42521905,70,17,
8,42523061,297,304,
8,42523202,54,21,
8,42523745,560,100,
8,42523855,20,1,
8,42524130,263,48,
8,42524174,587,563,
8,42524422,274,297,
8,42524555,137,37,
8,42524848,240,78,
8,42525290,101,53,
8,42525384,349,173,
8,42525627,20,4,
8,42525633,632,190,
8,42526081,94,17,
8,42526092,115,2,
8,42526112,47,33,
8,42526769,127,39,
8,42526926,106,37,
8,42526978,86,8,
8,42527256,72,2,
8,42527265,326,129,
8,42527496,89,19,
8,42527572,345,436,
8,42527716,15,0,
8,42527947,54,20,
8,42528216,167,105,
8,42528302,255,139,
8,42528435,85,58,
8,42528720,58,5,
8,42529023,198,96,
8,42529552,57,4,
8,42529771,66,15,
8,42529894,103,13,
8,42530018,38,2,
8,42530332,645,408,
8,42530424,22,0,
8,42530459,141,16,
8,42530844,69,15,
8,42530991,165,159,
8,42531215,23,7,
8,42531217,340,154,
8,42531237,81,114,
8,42531577,25,3,
8,42531695,650,842,
8,42531748,68,44,
8,42531774,59,24,
8,42531874,81,14,
8,42531993,40,36,
8,42532014,189,46,
8,42532157,114,28,
8,42532441,467,484,
8,42532979,364,187,
8,42533557,40,29,
8,42533648,126,39,
8,42533685,1320,978,
8,42533982,31,3,
8,42534090,53,15,
8,42534555,113,142,
8,42534851,273,399,
8,42534918,117,128,
8,42534931,253,41,
8,42535071,376,116,
8,42535217,891,194,
8,42535314,50,32,
8,42535333,144,5,
8,42535354,108,32,
8,42535622,213,47,
8,42535936,64,104,
8,42536181,39,19,
8,42536647,240,251,
8,42536750,122,78,
8,42537332,222,151,
8,42537567,456,60,
8,42537631,461,81,
8,42537665,96,19,
8,42538519,44,0,
8,42538903,179,196,
8,42538906,164,42,
8,42538914,403,67,
8,42538990,13,1,
8,42539155,393,229,
8,42539462,267,532,
8,42539474,191,202,
8,42539883,120,68,
8,42539987,293,684,
8,42540005,106,24,
8,42540182,223,205,
8,42540397,120,67,
8,42540862,281,432,
8,42541173,267,198,
8,42541193,18,2,
8,42541508,181,141,
8,42541885,26,7,
8,42542138,209,153,
8,42542280,257,78,
8,42543128,1170,817,
8,42543431,71,155,
8,42543600,10,0,
8,42543601,137,70,
8,42543818,69,5,
8,42544336,233,39,
8,42544367,324,312,
8,42544437,377,56,
8,42544665,135,59,
8,42545303,43,11,
8,42545875,59,20,
8,42545986,226,80,
8,42546216,379,154,
8,42546246,203,45,
8,42546593,28,3,
8,42547003,686,223,
8,42547086,78,24,
8,42547150,97,37,
8,42547208,81,7,
8,42547489,466,134,
8,42547538,57,27,
8,42547574,8,1,
8,42547576,62,5,
8,42547610,211,67,
8,42547820,421,111,
8,42547835,55,47,
8,42548077,184,144,
8,42548215,70,19,
8,42548282,126,27,
8,42548480,19,35,
8,42548535,24,21,
8,42548641,72,79,
8,42548719,372,357,
8,42548763,62,36,
8,42548798,77,26,
8,42548914,27,7,
8,42549039,282,376,
8,42549083,182,66,
8,42549123,203,61,
8,42549145,114,178,
8,42549147,131,75,
8,42549148,122,13,
8,42549184,110,24,
8,42549195,111,22,
8,42549343,106,80,
8,42549425,66,182,
8,42549624,718,436,
8,42549807,385,190,
8,42549857,148,128,
8,42550501,263,97,
8,42550703,75,43,
8,42550709,21,0,
8,42551660,80,25,
8,42551863,133,91,
8,42551900,1072,96,
8,42551938,62,4,
8,42552039,20,2,
8,42552174,53,27,
8,42552227,307,175,
8,42552887,114,16,
8,42552915,198,21,
8,42552976,178,262,
8,42553313,122,28,
8,42553360,28,12,
8,42553682,313,96,
8,42553780,12,3,
8,42553949,333,138,
8,42554008,147,132,
8,42554161,174,52,
8,42554209,96,41,
8,42554371,175,3,
8,42554420,225,64,
8,42554422,31,4,
8,42554521,145,19,
8,42554606,22,2,
8,42554722,10,1,
8,42554866,19,0,
8,42555066,253,158,
8,42555320,358,152,
8,42555440,484,395,
8,42555594,409,352,
8,42555597,29,1,
8,42556142,17,0,
8,42556408,98,240,
8,42556808,34,2,16
8,42556842,12,2,
8,42557019,36,18,
8,42557098,511,88,
8,42557172,270,362,
8,42557255,409,109,
8,42557267,29,2,
8,42557276,128,126,
8,42557342,288,214,
8,42557410,50,14,
8,42557412,29,5,
8,42557586,471,424,
8,42557692,94,104,
8,42557850,151,61,
8,42557904,32,2,
8,42557920,85,16,
8,42557924,49,22,22
8,42557947,447,179,
8,42558037,324,118,
8,42558038,6,0,
8,42558143,88,59,
8,42558275,60,14,
8,42558422,45,30,
8,42558496,84,2,29
8,42558602,54,62,
8,42558763,200,41,
8,42559052,235,64,
8,42559744,267,199,
8,42559882,407,256,
8,42559909,437,157,
8,42560069,497,226,
8,42560171,151,81,
8,42560284,104,30,
8,42560558,945,563,
8,42561711,466,66,
8,42562175,203,78,
8,42562295,84,53,
8,42562513,33,18,
8,42562529,245,463,
8,42562743,207,54,
8,42562750,1198,257,
8,42562758,80,43,
8,42562847,632,221,
8,42563212,28,11,
8,42563534,164,57,
8,42563845,157,56,
8,42564144,33,11,
8,42564392,12,5,
8,42564512,18,0,
8,42564687,402,171,
8,42564735,88,16,
8,42564873,35,7,
8,42564932,42,1,
8,42565184,21,2,
8,42565513,102,16,
8,42565606,550,520,
8,42565638,75,13,
8,42565821,444,109,
8,42566112,1261,266,
8,42566141,202,83,
8,42566192,588,204,
8,42566502,26,1,
8,42566548,5,0,
8,42566616,47,22,
8,42567280,165,14,
8,42568056,128,136,
8,42568239,57,69,
8,42568399,830,275,
8,42568516,128,30,
8,42568705,36,7,
8,42568749,17,3,
8,42568805,113,58,
8,42569109,230,67,
8,42569306,18,0,
8,42569582,8,0,
8,42569728,77,3,
8,42569913,193,37,
8,42569926,20,1,
8,42569938,41,22,
8,42570055,19,11,
8,42570429,39,9,
8,42570555,8,0,
8,42570988,436,460,
8,42571140,10,0,
8,42571192,13,3,
8,42571236,8,1,
8,42571272,181,14,
8,42571279,4,0,
8,42571340,46,6,
8,42571367,192,122,
8,42571468,28,2,
8,42571541,121,28,
8,42571608,211,390,
8,42571651,148,53,
8,42571995,239,161,
8,42572057,413,92,
8,42572364,10,2,
8,42572515,168,127,
8,42572573,140,25,
8,42572602,108,13,
8,42572662,562,67,
8,42572770,41,8,
8,42572803,16,2,
8,42572909,14,0,
8,42573660,17,20,
8,42573875,289,251,
8,42573997,20,3,
8,42574125,230,122,
8,42574426,31,1,
8,42574601,5,2,
8,42574641,351,69,
8,42575082,83,14,
8,42575155,81,31,
8,42575159,60,16,
8,42575189,36,17,
8,42575200,81,74,
8,42575535,122,288,
8,42575537,316,302,
8,42575841,118,27,
8,42575900,225,103,
8,42575951,47,28,
8,42575990,263,91,
8,42576242,263,93,
8,42576443,996,421,
8,42576489,33,4,
8,42576755,212,97,
8,42577076,471,278,
8,42577272,127,91,
8,42577387,157,48,
8,42577511,9,0,
8,42577661,50,17,
8,42577736,469,103,
8,42577739,21,11,
8,42577938,27,3,
8,42578237,383,345,
8,42578242,10,1,
8,42578243,23,6,
8,42578264,50,5,
8,42578929,71,21,
8,42578934,5,3,
8,42578971,9,0,
8,42579175,28,4,
8,42579319,47,17,
8,42579472,656,424,
8,42579517,14,5,
8,42579645,3,0,
8,42579760,5,0,
8,42579873,859,1508,
8,42579945,9,0,
8,42579969,228,73,
8,42580208,5,0,
8,42580231,28,4,
8,42580248,7,2,
8,42580472,7,0,
8,42580565,48,22,
8,42580659,144,238,
8,42580975,20,9,
8,42581006,17,0,
8,42581119,315,234,
8,42581148,8,4,
8,42581587,27,9,
8,42581731,6,4,
8,42581923,4,0,
8,42582203,114,37,
8,42582250,9,0,
8,42582352,17,5,
8,42582533,31,8,
8,42582607,18,0,
8,42582797,7,0,
8,42583086,273,77,
8,42583141,168,79,
8,42583181,23,5,11
8,42583297,234,610,
8,42583438,9,9,
8,42583445,13,3,
8,42583511,14,3,
8,42583652,3,1,
8,42583688,44,30,
8,42583726,157,93,
8,42583783,12,4,
8,42583947,148,4,5
8,42584078,11,2,
8,42584141,10,1,
8,42584174,8,0,
8,42584229,7,0,
8,42584258,69,43,
8,42584320,4,2,
8,42584347,21,1,
8,42584373,10,6,
8,42584400,672,383,30
8,42584436,12,2,
8,42584478,17,0,
8,42584566,11,9,
8,42584610,155,112,
8,42584621,153,132,
8,42584629,17,6,
8,42584656,17,7,
8,42584750,199,91,25
8,42584856,88,51,
8,42584896,12,1,
8,42584981,21,14,4
8,42585009,259,101,1
8,42585130,15,2,
8,42585146,9,4,
8,42585167,11,2,
8,42585332,51,5,
8,42585694,13,0,
8,42585707,43,18,1
8,42585898,19,0,
8,42585979,24,7,
8,42586042,188,48,15
8,42586142,14,2,
8,42586184,62,13,
8,42586229,23,12,
8,42586262,76,115,
8,42586291,123,58,
8,42586590,149,47,24
8,42586879,239,37,
8,42586933,38,42,
8,42587014,34,30,
8,42587078,21,3,
8,42587121,14,1,
8,42587356,289,40,13
8,42587361,7,1,
8,42587383,36,33,
8,42587829,126,85,
8,42587883,57,42,
8,42588151,111,50,
8,42588688,11,4,
8,42588692,13,0,
8,42588762,25,0,
8,42588956,213,54,3
8,42589032,9,0,
8,42589054,27,2,
8,42589112,12,1,
8,42589194,12,2,
8,42589553,9,0,
8,42589629,29,7,22
8,42589863,149,180,28
8,42589984,11,3,
8,42590055,36,21,16
8,42590213,48,33,
8,42590290,33,15,
8,42590294,7,1,
8,42590307,138,33,6
8,42590330,11,1,
8,42590342,33,8,
8,42590483,4,0,
8,42590565,39,58,
8,42590788,42,13,21
8,42590903,96,62,10
8,42590981,51,71,
8,42590992,107,107,
8,42591029,91,6,9
8,42591142,5,1,
8,42591221,221,136,
8,42591291,73,20,
8,42591498,3,0,
8,42591727,16,5,
8,42591818,21,3,18
8,42591916,52,25,
8,42591938,9,0,
8,42591947,9,0,
8,42591961,11,0,
8,42592126,41,16,8
8,42592224,59,20,2
8,42592290,5,3,
8,42592316,18,2,12
8,42592370,21,4,20
8,42592397,32,3,
8,42592543,22,0,7
8,42592665,94,84,17
8,42592746,6,3,
8,42592910,27,3,5
8,42593383,3,0,
9,42493832,227,48,
9,42497093,688,295,
9,42497173,251,32,
9,42498754,175,52,
9,42498982,200,24,
9,42501102,313,40,
9,42501922,155,119,
9,42502899,126,108,
9,42506984,592,226,
9,42507932,245,252,
9,42509760,55,25,
9,42509953,419,141,
9,42513288,122,24,
9,42513290,121,23,
9,42513331,102,25,
9,42514105,616,481,
9,42514127,266,458,
9,42514553,129,38,
9,42515238,83,30,
9,42515315,255,68,
9,42515426,191,100,
9,42515584,65,16,
9,42516268,118,58,
9,42516433,130,37,
9,42516568,71,17,
9,42516836,94,41,
9,42517035,257,116,
9,42517163,44,49,
9,42517164,338,96,
9,42517234,177,103,
9,42517447,2305,676,
9,42518444,175,35,
9,42518953,89,63,
9,42519790,108,47,
9,42519862,146,51,
9,42519875,68,11,
9,42520151,334,35,
9,42520432,272,29,
9,42520470,71,8,
9,42520601,141,121,
9,42520632,108,22,
9,42520861,164,95,
9,42521069,140,19,
9,42521259,84,26,
9,42521493,50,9,
9,42521629,174,328,
9,42521630,34,4,
9,42521773,157,104,
9,42521795,184,113,
9,42521865,541,1048,
9,42521905,70,17,
9,42523061,297,304,
9,42523202,54,21,
9,42523745,560,100,
9,42523855,20,1,
9,42524130,263,48,
9,42524174,587,563,
9,42524422,274,297,
9,42524555,137,37,
9,42524848,241,78,
9,42525290,101,53,
9,42525384,349,173,
9,42525627,20,4,
9,42525633,632,190,
9,42526081,94,17,
9,42526092,115,2,
9,42526112,47,33,
9,42526769,127,39,
9,42526926,106,37,
9,42526978,86,8,
9,42527256,72,2,
9,42527265,326,129,
9,42527496,89,19,
9,42527572,345,436,
9,42527716,15,0,
9,42527947,54,20,
9,42528216,167,105,
9,42528302,255,139,
9,42528435,85,58,
9,42528720,58,5,
9,42529023,198,96,
9,42529552,57,4,
9,42529771,66,15,
9,42529894,103,13,
9,42530018,38,2,
9,42530332,645,408,
9,42530424,22,0,
9,42530459,141,16,
9,42530844,69,15,
9,42530991,165,159,
9,42531215,23,7,
9,42531217,340,154,
9,42531237,81,114,
9,42531577,25,3,
9,42531695,650,842,
9,42531748,68,44,
9,42531774,59,24,
9,42531874,81,14,
9,42531993,40,36,
9,42532014,189,46,
9,42532157,114,28,
9,42532441,467,484,
9,42532979,364,188,
9,42533557,40,29,
9,42533648,126,39,
9,42533685,1321,978,
9,42533982,31,3,
9,42534090,53,15,
9,42534555,113,142,
9,42534851,273,399,
9,42534918,117,128,
9,42534931,253,41,
9,42535071,376,116,
9,42535217,891,194,
9,42535314,50,32,
9,42535333,144,5,
9,42535354,108,32,
9,42535622,213,47,
9,42535936,64,104,
9,42536181,39,19,
9,42536647,240,251,
9,42536750,122,78,
9,42537332,223,151,
9,42537567,456,60,
9,42537631,461,81,
9,42537665,96,19,
9,42538519,44,0,
9,42538903,179,196,
9,42538906,164,42,
9,42538914,403,67,
9,42538990,13,1,
9,42539155,393,229,
9,42539462,267,532,
9,42539474,191,202,
9,42539883,120,68,
9,42539987,293,684,
9,42540005,106,24,
9,42540182,223,206,
9,42540397,120,67,
9,42540862,281,432,
9,42541173,267,198,
9,42541193,18,2,
9,42541508,181,141,
9,42541885,26,7,
9,42542138,209,153,
9,42542280,257,78,
9,42543128,1170,819,
9,42543431,71,155,
9,42543600,10,0,
9,42543601,137,70,
9,42543818,69,5,
9,42544336,233,39,
9,42544367,324,312,
9,42544437,377,56,
9,42544665,135,59,
9,42545303,43,11,
9,42545875,59,20,
9,42545986,226,80,
9,42546216,379,154,
9,42546246,205,45,
9,42546593,28,3,
9,42547003,686,223,
9,42547086,78,24,
9,42547150,97,37,
9,42547208,81,7,
9,42547489,466,134,
9,42547538,57,27,
9,42547574,8,1,
9,42547576,62,5,
9,42547610,211,67,
9,42547820,421,111,
9,42547835,55,47,
9,42548077,184,144,
9,42548215,70,19,
9,42548282,126,27,
9,42548480,19,35,
9,42548535,24,21,
9,42548641,72,79,
9,42548719,372,357,
9,42548763,62,36,
9,42548798,78,26,
9,42548914,27,7,
9,42549039,283,376,
9,42549083,182,66,
9,42549123,203,61,
9,42549145,115,178,
9,42549147,131,75,
9,42549148,122,13,
9,42549184,110,24,
9,42549195,111,22,
9,42549343,106,80,
9,42549425,66,182,
9,42549624,718,436,
9,42549807,385,190,
9,42549857,148,128,
9,42550501,263,97,
9,42550703,75,43,
9,42550709,21,0,
9,42551660,80,25,
9,42551863,133,91,
9,42551900,1072,96,
9,42551938,62,4,
9,42552039,20,2,
9,42552174,53,27,
9,42552227,307,175,
9,42552887,114,16,
9,42552915,199,22,
9,42552976,178,262,
9,42553313,122,28,
9,42553360,28,12,
9,42553682,313,96,
9,42553780,12,3,
9,42553949,333,139,
9,42554008,147,132,
9,42554161,174,52,
9,42554209,96,41,
9,42554371,175,3,
9,42554420,225,64,
9,42554422,31,4,
9,42554521,145,19,
9,42554606,22,2,
9,42554722,10,1,
9,42554866,19,0,
9,42555066,253,158,
9,42555320,358,152,
9,42555440,484,395,
9,42555594,409,352,
9,42555597,29,1,
9,42556142,17,0,
9,42556408,98,240,
9,42556808,42,6,11
9,42556842,12,2,
9,42557019,36,18,
9,42557098,511,88,
9,42557172,270,362,
9,42557255,409,109,
9,42557267,29,2,
9,42557276,128,126,
9,42557342,288,214,
9,42557410,50,14,
9,42557412,29,5,
9,42557586,471,424,
9,42557692,94,106,
9,42557850,153,61,28
9,42557904,32,2,
9,42557920,86,16,29
9,42557924,51,25,20
9,42557947,447,180,
9,42558037,324,118,
9,42558038,16,3,16
9,42558143,88,60,
9,42558275,60,14,
9,42558422,45,30,
9,42558496,85,2,24
9,42558602,54,62,
9,42558763,200,41,
9,42559052,235,64,
9,42559744,267,199,
9,42559882,407,256,
9,42559909,437,157,
9,42560069,497,226,
9,42560171,151,81,
9,42560284,104,30,
9,42560558,945,563,
9,42561711,466,68,
9,42562175,203,78,
9,42562295,84,53,
9,42562513,33,18,
9,42562529,245,463,
9,42562743,207,54,
9,42562750,1198,257,
9,42562758,80,43,
9,42562847,632,221,
9,42563212,28,11,
9,42563534,164,57,
9,42563845,157,56,
9,42564144,33,11,
9,42564392,12,5,
9,42564512,18,0,
9,42564687,402,171,
9,42564735,88,16,
9,42564873,35,7,
9,42564932,42,1,
9,42565184,21,2,
9,42565513,102,16,
9,42565606,550,520,
9,42565638,75,13,
9,42565821,444,109,
9,42566112,1261,266,
9,42566141,202,83,
9,42566192,588,204,
9,42566502,26,1,
9,42566548,5,0,
9,42566616,47,22,
9,42567280,165,14,
9,42568056,128,136,
9,42568239,57,69,
9,42568399,830,276,
9,42568516,128,30,
9,42568705,36,7,
9,42568749,17,3,
9,42568805,113,58,
9,42569109,230,67,
9,42569306,18,0,
9,42569582,8,0,
9,42569728,77,3,
9,42569913,193,37,
9,42569926,20,1,
9,42569938,41,22,
9,42570055,19,11,
9,42570429,39,9,30
9,42570555,8,0,
9,42570988,436,461,
9,42571140,10,0,
9,42571236,8,1,
9,42571272,182,14,
9,42571279,4,0,
9,42571340,46,6,
9,42571367,192,122,
9,42571468,28,2,
9,42571541,121,28,
9,42571608,211,391,
9,42571651,148,53,
9,42571995,239,162,
9,42572057,414,92,
9,42572364,10,2,
9,42572515,168,127,
9,42572573,140,25,
9,42572602,108,13,
9,42572662,562,67,
9,42572770,41,8,
9,42572803,16,2,
9,42572909,14,0,
9,42573875,289,251,
9,42573997,20,3,
9,42574125,230,122,
9,42574426,31,1,
9,42574601,5,2,
9,42574641,351,69,
9,42575082,83,14,
9,42575155,81,31,
9,42575159,60,16,
9,42575189,36,17,
9,42575200,81,74,
9,42575535,122,288,
9,42575537,317,303,
9,42575841,118,27,
9,42575900,225,103,
9,42575951,47,28,
9,42575990,263,91,
9,42576242,263,93,
9,42576443,998,423,
9,42576489,33,4,
9,42576755,212,97,
9,42577076,474,279,
9,42577272,127,91,
9,42577387,157,48,
9,42577511,9,0,
9,42577661,50,17,
9,42577736,469,104,
9,42577739,21,11,
9,42577938,27,3,
9,42578237,384,345,
9,42578243,23,6,
9,42578264,50,5,
9,42578929,71,21,
9,42578971,9,0,
9,42579175,28,4,
9,42579319,47,17,
9,42579472,656,425,
9,42579517,14,5,
9,42579645,3,0,
9,42579760,5,0,
9,42579873,862,1512,
9,42579945,9,0,
9,42579969,228,73,
9,42580208,5,0,
9,42580231,28,4,
9,42580248,7,2,
9,42580565,49,22,
9,42580659,144,238,
9,42580975,20,9,
9,42581006,17,0,
9,42581119,315,236,
9,42581148,8,4,
9,42581587,27,9,
9,42581731,6,4,
9,42581923,4,0,
9,42582203,114,37,
9,42582250,9,0,
9,42582352,17,5,
9,42582533,31,8,
9,42582607,18,0,
9,42582797,7,0,
9,42583086,273,77,
9,42583141,168,79,
9,42583181,30,6,15
9,42583297,237,618,
9,42583438,9,9,
9,42583445,13,3,
9,42583511,14,3,
9,42583652,3,1,
9,42583688,44,30,
9,42583726,157,93,
9,42583783,12,4,
9,42583947,164,4,6
9,42584078,11,2,
9,42584141,10,1,
9,42584174,8,0,
9,42584229,7,0,
9,42584258,69,43,
9,42584320,4,2,
9,42584347,21,1,
9,42584373,10,6,
9,42584400,676,386,27
9,42584436,12,2,
9,42584478,17,0,
9,42584566,11,9,
9,42584610,157,115,
9,42584621,153,132,
9,42584629,17,6,
9,42584656,17,7,
9,42584718,9,2,
9,42584750,203,94,22
9,42584856,88,51,
9,42584896,12,1,
9,42584981,25,20,7
9,42585009,283,114,2
9,42585130,15,2,
9,42585146,9,4,
9,42585167,11,2,
9,42585332,52,5,
9,42585694,13,0,
9,42585707,85,36,1
9,42585898,19,0,
9,42585979,24,7,
9,42586042,198,54,18
9,42586142,14,2,
9,42586184,62,13,
9,42586229,23,12,
9,42586262,76,115,
9,42586291,123,58,
9,42586590,149,48,21
9,42586879,240,37,
9,42586933,38,42,
9,42587014,34,30,
9,42587078,21,3,
9,42587121,14,1,
9,42587356,293,41,10
9,42587383,36,33,
9,42587829,126,86,
9,42587883,58,42,
9,42588151,112,52,
9,42588688,11,4,
9,42588692,13,0,
9,42588762,25,0,
9,42588956,222,57,4
9,42589032,9,0,
9,42589054,28,3,
9,42589112,12,1,
9,42589194,12,3,
9,42589553,9,0,
9,42589629,29,7,19
9,42589863,156,188,25
9,42589984,11,3,
9,42590055,41,27,14
9,42590213,48,37,
9,42590290,38,16,
9,42590294,7,1,
9,42590307,145,36,9
9,42590330,11,1,
9,42590342,33,10,
9,42590483,6,0,
9,42590565,39,58,
9,42590788,47,13,17
9,42590903,103,65,8
9,42590981,52,71,
9,42590992,107,107,
9,42591029,94,6,13
9,42591142,5,1,
9,42591221,223,139,
9,42591291,77,21,
9,42591498,3,0,
9,42591727,18,5,
9,42591818,24,5,15
9,42591916,54,25,
9,42591938,9,0,
9,42591947,9,0,
9,42591961,11,0,
9,42592126,46,19,11
9,42592224,75,23,3
9,42592290,5,3,
9,42592316,20,2,12
9,42592370,22,5,21
9,42592397,35,3,
9,42592543,41,0,6
9,42592665,103,95,23
9,42592746,7,4,
9,42592910,65,11,2
9,42593135,6,0,16
9,42593282,5,2,9
9,42593383,10,0,
9,42593425,4,0,
9,42593476,6,0,
10,42493832,227,48,
10,42497093,688,295,
10,42497173,251,32,
10,42498754,175,52,
10,42498982,200,24,
10,42501102,313,40,
10,42501922,155,119,
10,42502899,126,108,
10,42506984,592,226,
10,42507932,245,252,
10,42509760,55,25,
10,42509953,419,141,
10,42513288,122,24,
10,42513290,121,23,
10,42513331,102,25,
10,42514105,616,481,
10,42514127,266,458,
10,42514553,129,38,
10,42515238,83,30,
10,42515315,255,68,
10,42515426,191,100,
10,42515584,65,16,
10,42516268,118,58,
10,42516433,130,37,
10,42516568,71,17,
10,42516836,94,41,
10,42517035,257,116,
10,42517163,44,49,
10,42517164,338,96,
10,42517234,177,103,
10,42517447,2305,676,
10,42518444,175,35,
10,42518953,89,63,
10,42519790,108,47,
10,42519862,146,51,
10,42519875,68,11,
10,42520151,334,35,
10,42520432,272,29,
10,42520470,71,8,
10,42520601,141,121,
10,42520632,108,22,
10,42520861,164,95,
10,42521069,140,19,
10,42521259,84,26,
10,42521493,50,9,
10,42521629,174,328,
10,42521630,34,4,
10,42521773,157,104,
10,42521795,184,113,
10,42521865,541,1048,
10,42521905,70,17,
10,42523061,297,304,
10,42523202,54,21,
10,42523745,560,100,
10,42523855,20,1,
10,42524130,263,48,
10,42524174,587,563,
10,42524422,274,297,
10,42524555,137,37,
10,42524848,241,78,
10,42525290,101,53,
10,42525384,349,173,
10,42525627,20,4,
10,42525633,632,190,
10,42526081,94,17,
10,42526092,115,2,
10,42526112,47,33,
10,42526769,127,39,
10,42526926,106,37,
10,42526978,86,8,
10,42527256,72,2,
10,42527265,326,129,
10,42527496,89,19,
10,42527572,345,436,
10,42527716,15,0,
10,42527947,54,20,
10,42528216,167,105,
10,42528302,255,139,
10,42528435,85,58,
10,42528720,58,5,
10,42529023,198,96,
10,42529552,57,4,
10,42529771,66,15,
10,42529894,103,13,
10,42530018,38,2,
10,42530332,645,408,
10,42530424,22,0,
10,42530459,141,16,
10,42530844,69,15,
10,42530991,165,159,
10,42531215,23,7,
10,42531217,340,154,
10,42531237,81,114,
10,42531577,25,3,
10,42531695,651,842,
10,42531748,68,44,
10,42531774,59,24,
10,42531874,81,14,
10,42531993,40,36,
10,42532014,189,46,
10,42532157,114,28,
10,42532441,467,484,
10,42532979,364,189,
10,42533557,40,29,
10,42533648,126,39,
10,42533685,1321,978,
10,42533982,31,3,
10,42534090,53,15,
10,42534555,113,142,
10,42534851,273,399,
10,42534918,117,128,
10,42534931,253,41,
10,42535071,376,116,
10,42535217,891,194,
10,42535314,50,32,
10,42535333,144,5,
10,42535354,108,32,
10,42535622,213,47,
10,42535936,64,104,
10,42536181,39,19,
10,42536647,240,251,
10,42536750,122,78,
10,42537332,223,151,
10,42537567,456,60,
10,42537631,461,81,
10,42537665,96,19,
10,42538519,44,0,
10,42538903,179,196,
10,42538906,164,42,
10,42538914,403,67,
10,42538990,13,1,
10,42539155,393,229,
10,42539462,267,532,
10,42539474,191,202,
10,42539883,120,68,
10,42539987,293,684,
10,42540005,106,24,
10,42540182,223,206,
10,42540397,120,67,
10,42540862,281,432,
10,42541173,267,198,
10,42541193,18,2,
10,42541508,181,142,
10,42541885,26,7,
10,42542138,209,153,
10,42542280,257,78,
10,42543128,1170,819,
10,42543431,71,155,
10,42543600,10,0,
10,42543601,137,70,
10,42543818,69,5,
10,42544336,233,39,
10,42544367,324,312,
10,42544437,377,56,
10,42544665,135,59,
10,42545303,43,11,
10,42545875,59,20,
10,42545986,226,80,
10,42546216,379,154,
10,42546246,205,45,
10,42547003,686,223,
10,42547086,78,24,
10,42547150,97,37,
10,42547208,81,7,
10,42547489,466,134,
10,42547538,57,27,
10,42547574,8,1,
10,42547576,62,5,
10,42547610,211,67,
10,42547820,421,111,
10,42547835,55,47,
10,42548077,184,144,
10,42548215,70,19,
10,42548282,126,27,
10,42548480,19,35,
10,42548535,24,21,
10,42548641,72,79,
10,42548719,372,358,
10,42548763,62,36,
10,42548798,79,26,
10,42548914,27,7,
10,42549039,283,377,
10,42549083,182,66,
10,42549123,203,61,
10,42549145,116,178,
10,42549147,131,75,
10,42549148,122,13,
10,42549184,110,24,
10,42549195,111,22,
10,42549343,106,80,
10,42549425,66,182,
10,42549624,718,436,
10,42549807,385,190,
10,42549857,148,128,
10,42550501,263,97,
10,42550703,75,43,
10,42550709,21,0,
10,42551660,80,25,
10,42551863,133,91,
10,42551900,1072,96,
10,42551938,62,4,
10,42552039,20,2,
10,42552174,53,27,
10,42552227,307,175,
10,42552887,114,16,
10,42552915,199,22,
10,42552976,178,262,
10,42553313,122,28,
10,42553360,28,12,
10,42553682,313,96,
10,42553780,12,3,
10,42553949,333,139,
10,42554008,147,132,
10,42554161,174,52,
10,42554209,96,41,
10,42554371,175,3,
10,42554420,225,64,
10,42554422,31,4,
10,42554521,145,19,
10,42554606,22,2,
10,42554722,10,1,
10,42554866,19,0,
10,42555066,253,158,
10,42555320,358,152,
10,42555440,485,395,
10,42555594,409,352,
10,42555597,29,1,
10,42556142,17,0,
10,42556408,98,240,
10,42556808,47,7,12
10,42557019,36,18,
10,42557098,511,88,
10,42557172,270,362,
10,42557255,409,109,
10,42557267,29,2,
10,42557276,128,126,
10,42557342,288,214,
10,42557410,50,14,
10,42557412,29,5,
10,42557586,471,424,
10,42557692,94,109,
10,42557850,156,62,30
10,42557904,32,2,
10,42557920,88,16,
10,42557924,53,35,22
10,42557947,450,180,
10,42558037,324,118,
10,42558038,16,4,
10,42558143,88,60,
10,42558275,60,14,
10,42558422,46,30,
10,42558496,86,2,25
10,42558602,54,62,
10,42558763,200,41,
10,42559052,235,64,
10,42559744,267,199,
10,42559882,407,256,
10,42559909,437,157,
10,42560069,498,227,
10,42560171,151,81,
10,42560284,104,30,
10,42560558,945,563,
10,42561711,466,68,
10,42562175,203,78,
10,42562295,84,53,
10,42562529,245,463,
10,42562743,207,54,
10,42562750,1199,257,
10,42562758,80,43,
10,42562847,632,221,
10,42563212,28,11,
10,42563534,164,57,
10,42563845,157,56,
10,42564144,33,11,
10,42564392,12,5,
10,42564512,18,0,
10,42564687,402,171,
10,42564735,88,16,
10,42564873,35,7,
10,42564932,42,1,
10,42565184,21,2,
10,42565513,102,16,
10,42565606,550,520,
10,42565638,75,13,
10,42565821,444,109,
10,42566112,1261,266,
10,42566141,202,83,
10,42566192,588,204,
10,42566502,26,1,
10,42566548,5,0,
10,42566616,47,22,
10,42567280,165,14,
10,42568056,128,136,
10,42568239,57,69,
10,42568399,830,276,
10,42568516,128,30,
10,42568705,36,7,
10,42568749,17,3,
10,42568805,113,58,
10,42569109,230,67,
10,42569306,18,0,
10,42569582,8,0,
10,42569728,77,3,
10,42569913,193,37,
10,42569926,20,1,
10,42569938,41,22,
10,42570055,19,11,
10,42570429,39,9,
10,42570555,8,0,
10,42570988,436,461,
10,42571140,10,0,
10,42571236,8,1,
10,42571272,182,14,
10,42571279,4,0,
10,42571340,46,6,
10,42571367,193,122,
10,42571468,28,2,
10,42571541,121,28,
10,42571608,212,391,
10,42571651,148,53,
10,42571995,239,162,
10,42572057,414,92,
10,42572364,10,2,
10,42572515,168,127,
10,42572573,140,25,
10,42572602,108,13,
10,42572662,563,67,
10,42572770,41,8,
10,42572803,16,2,
10,42572909,14,0,
10,42573875,289,251,
10,42573997,20,3,
10,42574125,230,122,
10,42574426,31,1,
10,42574601,5,2,
10,42574641,351,69,
10,42575082,83,14,
10,42575155,81,31,
10,42575159,60,16,
10,42575189,36,17,
10,42575200,81,74,
10,42575535,122,288,
10,42575537,317,303,
10,42575841,119,27,
10,42575900,225,103,
10,42575951,47,28,
10,42575990,263,91,
10,42576242,263,93,
10,42576443,1000,423,
10,42576489,33,4,
10,42576755,212,98,
10,42577076,474,279,
10,42577272,127,92,
10,42577387,157,48,
10,42577511,9,0,
10,42577661,52,17,
10,42577736,469,104,
10,42577739,21,11,
10,42577938,27,3,
10,42578237,385,345,
10,42578243,23,6,
10,42578264,50,5,
10,42578320,6,2,
10,42578929,71,21,
10,42578971,9,0,
10,42579175,28,4,
10,42579319,47,17,
10,42579472,656,426,
10,42579517,14,5,
10,42579645,3,0,
10,42579760,5,0,
10,42579873,864,1514,
10,42579945,9,0,
10,42579969,228,73,
10,42580208,5,0,
10,42580231,28,4,
10,42580248,7,2,
10,42580565,49,22,
10,42580659,145,239,
10,42580975,20,9,
10,42581006,17,0,
10,42581119,316,236,
10,42581148,8,4,
10,42581587,27,9,
10,42581731,6,4,
10,42581923,4,0,
10,42582203,114,37,
10,42582250,9,0,
10,42582352,20,5,16
10,42582533,31,8,
10,42582607,18,0,
10,42582797,7,0,
10,42583086,273,77,
10,42583141,168,79,
10,42583181,36,6,16
10,42583297,239,621,
10,42583438,9,10,
10,42583445,13,3,
10,42583511,14,3,
10,42583652,3,1,
10,42583688,44,30,
10,42583726,157,93,
10,42583783,12,4,
10,42583947,171,5,8
10,42584078,11,2,
10,42584141,10,1,
10,42584174,8,0,
10,42584229,7,0,
10,42584258,69,43,
10,42584320,4,2,
10,42584347,21,1,
10,42584373,10,8,
10,42584400,683,392,28
10,42584436,12,2,
10,42584478,17,0,
10,42584566,11,9,
10,42584610,158,116,
10,42584621,154,132,
10,42584656,17,7,
10,42584718,9,2,
10,42584750,208,98,21
10,42584856,88,51,
10,42584896,12,1,
10,42584981,25,20,
10,42585009,317,123,2
10,42585130,15,3,
10,42585146,9,4,
10,42585167,11,2,
10,42585332,54,5,
10,42585694,13,0,
10,42585707,103,46,4
10,42585898,19,0,
10,42585979,24,7,
10,42586042,202,54,18
10,42586142,14,2,
10,42586184,62,13,
10,42586229,23,12,
10,42586291,123,58,
10,42586590,152,48,22
10,42586879,241,37,
10,42586933,38,42,
10,42587014,34,31,
10,42587078,21,3,
10,42587121,14,1,
10,42587356,301,41,10
10,42587383,36,33,
10,42587829,128,89,
10,42587883,58,42,
10,42588151,112,52,
10,42588688,11,4,
10,42588692,13,0,
10,42588762,25,0,
10,42588956,236,57,5
10,42589032,9,0,
10,42589054,29,3,
10,42589112,12,1,
10,42589194,12,3,
10,42589553,9,0,
10,42589629,33,7,24
10,42589863,164,202,25
10,42589984,11,3,
10,42590055,50,30,15
10,42590213,49,37,
10,42590290,39,18,
10,42590294,7,1,
10,42590307,151,38,9
10,42590330,11,1,
10,42590342,33,10,
10,42590483,11,0,
10,42590565,39,58,
10,42590788,48,14,19
10,42590903,109,75,9
10,42590981,52,72,
10,42590992,107,107,
10,42591029,95,6,
10,42591142,5,1,
10,42591221,223,140,
10,42591291,79,21,
10,42591498,3,0,
10,42591727,18,5,
10,42591818,24,6,19
10,42591916,55,25,
10,42591938,9,0,
10,42591947,9,0,
10,42591961,11,0,
10,42592126,47,22,25
10,42592224,80,27,3
10,42592290,5,3,
10,42592316,21,2,14
10,42592370,22,6,
10,42592397,36,3,
10,42592543,49,2,6
10,42592665,105,103,30
10,42592746,7,4,
10,42592905,5,0,
10,42592910,106,15,1
10,42593135,12,13,12
10,42593282,5,2,
10,42593383,10,1,
10,42593425,6,0,
10,42593450,3,0,
10,42593476,7,0,
10,42593614,21,3,2
11,42493832,227,48,
11,42497093,688,295,
11,42497173,251,32,
11,42498754,175,52,
11,42498982,200,24,
11,42501102,313,40,
11,42501922,155,119,
11,42502899,126,108,
11,42506984,592,226,
11,42507932,245,252,
11,42509760,55,25,
11,42509953,419,141,
11,42513288,122,24,
11,42513290,121,23,
11,42513331,102,25,
11,42514105,616,481,
11,42514127,266,458,
11,42514553,129,38,
11,42515238,83,30,
11,42515315,255,68,
11,42515426,191,100,
11,42515584,65,16,
11,42515871,58,53,
11,42516268,118,58,
11,42516433,130,37,
11,42516568,71,17,
11,42516836,94,41,
11,42517035,257,116,
11,42517163,44,49,
11,42517164,338,96,
11,42517234,177,103,
11,42517447,2305,676,
11,42518444,175,35,
11,42518953,89,63,
11,42519790,108,47,
11,42519862,146,51,
11,42519875,68,11,
11,42520151,334,35,
11,42520432,272,29,
11,42520470,71,8,
11,42520601,141,121,
11,42520632,108,22,
11,42520861,164,95,
11,42521069,140,19,
11,42521259,84,26,
11,42521493,50,9,
11,42521629,174,328,
11,42521630,34,4,
11,42521773,157,104,
11,42521795,184,113,
11,42521865,541,1048,
11,42521905,70,17,
11,42523061,297,304,
11,42523202,54,21,
11,42523745,560,100,
11,42523855,20,1,
11,42524130,263,48,
11,42524174,587,563,
11,42524422,274,297,
11,42524555,137,37,
11,42524848,241,78,
11,42525290,101,53,
11,42525384,349,173,
11,42525627,20,4,
11,42525633,632,190,
11,42526081,94,17,
11,42526092,115,2,
11,42526112,47,33,
11,42526769,127,39,
11,42526926,106,37,
11,42526978,86,8,
11,42527256,72,2,
11,42527265,326,129,
11,42527496,89,19,
11,42527572,345,436,
11,42527716,15,0,
11,42527947,54,20,
11,42528216,167,105,
11,42528302,255,139,
11,42528435,85,58,
11,42528720,58,5,
11,42529023,198,96,
11,42529552,57,4,
11,42529771,66,15,
11,42529894,103,13,
11,42530018,38,2,
11,42530332,645,408,
11,42530424,22,0,
11,42530459,141,16,
11,42530844,69,15,
11,42530991,165,159,
11,42531215,23,7,
11,42531217,340,154,
11,42531237,81,114,
11,42531577,25,3,
11,42531695,651,842,
11,42531748,68,44,
11,42531774,59,24,
11,42531874,81,14,
11,42531993,40,36,
11,42532014,189,46,
11,42532157,115,28,
11,42532441,468,484,
11,42532979,365,189,
11,42533557,40,29,
11,42533648,126,39,
11,42533685,1321,978,
11,42533982,31,3,
11,42534090,53,15,
11,42534555,113,142,
11,42534851,273,399,
11,42534918,117,128,
11,42534931,253,41,
11,42535071,376,116,
11,42535217,891,194,
11,42535314,50,32,
11,42535333,144,5,
11,42535354,108,32,
11,42535622,213,47,
11,42535936,64,104,
11,42536181,39,19,
11,42536647,240,251,
11,42536750,122,78,
11,42537332,223,151,
11,42537567,456,60,
11,42537631,461,81,
11,42537665,96,19,
11,42538519,44,0,
11,42538903,179,196,
11,42538906,164,42,
11,42538914,403,67,
11,42538990,13,1,
11,42539155,393,229,
11,42539462,267,532,
11,42539474,191,202,
11,42539883,120,68,
11,42539987,293,684,
11,42540005,107,24,
11,42540182,224,206,
11,42540397,120,67,
11,42540862,281,432,
11,42541173,267,198,
11,42541193,18,2,
11,42541508,181,142,
11,42541885,26,7,
11,42542138,209,153,
11,42542280,257,78,
11,42543128,1170,820,
11,42543431,71,155,
11,42543600,10,0,
11,42543601,137,70,
11,42543818,69,5,
11,42544336,233,39,
11,42544367,324,312,
11,42544437,377,56,
11,42544665,135,59,
11,42545303,43,11,
11,42545875,59,20,
11,42545986,226,80,
11,42546216,379,154,
11,42546246,205,45,
11,42546593,28,3,
11,42547003,686,223,
11,42547086,78,24,
11,42547150,97,37,
11,42547208,81,7,
11,42547489,466,134,
11,42547538,57,27,
11,42547574,8,1,
11,42547576,62,5,
11,42547610,211,67,
11,42547820,421,111,
11,42547835,55,47,
11,42548077,184,144,
11,42548215,70,19,
11,42548282,126,27,
11,42548480,19,35,
11,42548535,24,21,
11,42548641,72,79,
11,42548719,372,358,
11,42548763,62,36,
11,42548798,79,26,
11,42548914,27,7,
11,42549039,284,377,
11,42549083,182,66,
11,42549123,203,61,
11,42549145,117,178,
11,42549147,131,75,
11,42549148,122,13,
11,42549184,110,24,
11,42549195,111,22,
11,42549343,106,80,
11,42549425,66,182,
11,42549624,718,438,
11,42549807,385,190,
11,42549857,148,128,
11,42550501,263,97,
11,42550703,75,43,
11,42550709,21,0,
11,42551660,80,25,
11,42551863,133,91,
11,42551900,1072,96,
11,42551938,62,4,
11,42552039,20,2,
11,42552174,53,27,
11,42552227,307,175,
11,42552887,114,16,
11,42552915,199,22,
11,42552976,178,262,
11,42553313,122,28,
11,42553360,28,12,
11,42553682,313,96,
11,42553780,12,3,
11,42553949,333,139,
11,42554008,147,132,
11,42554161,174,52,
11,42554209,96,41,
11,42554371,175,3,
11,42554420,225,64,
11,42554422,31,4,
11,42554521,145,19,
11,42554606,22,2,
11,42554722,10,1,
11,42554866,19,0,
11,42555066,253,158,
11,42555320,358,152,
11,42555440,485,395,
11,42555594,409,352,
11,42555597,29,1,
11,42556142,17,0,
11,42556408,98,240,
11,42556808,57,9,11
11,42556842,12,2,
11,42557019,36,18,
11,42557098,512,88,
11,42557172,270,362,
11,42557255,409,109,
11,42557267,29,2,
11,42557276,128,126,
11,42557342,288,214,
11,42557410,50,14,
11,42557412,29,5,
11,42557586,471,424,
11,42557692,96,109,
11,42557850,156,62,28
11,42557904,32,2,
11,42557920,89,16,
11,42557924,56,35,20
11,42557947,450,181,
11,42558037,324,118,
11,42558038,16,4,
11,42558143,88,61,
11,42558275,60,14,
11,42558280,3,0,
11,42558422,47,30,
11,42558496,87,2,
11,42558602,54,62,
11,42558763,200,41,
11,42559052,235,64,
11,42559744,268,199,
11,42559882,407,256,
11,42559909,437,157,
11,42560069,498,227,
11,42560171,151,81,
11,42560284,104,30,
11,42560558,945,563,
11,42561711,466,68,
11,42562175,203,78,
11,42562295,84,54,
11,42562529,245,463,
11,42562743,207,54,
11,42562750,1199,257,
11,42562758,80,43,
11,42562847,632,221,
11,42563212,28,11,
11,42563534,164,57,
11,42563845,157,56,
11,42564144,33,11,
11,42564392,12,5,
11,42564512,18,0,
11,42564687,402,171,
11,42564735,88,16,
11,42564873,35,7,
11,42564932,42,1,
11,42565184,21,2,
11,42565513,102,16,
11,42565606,550,520,
11,42565638,75,13,
11,42565821,444,109,
11,42566112,1261,266,
11,42566141,202,83,
11,42566192,588,204,
11,42566502,26,1,
11,42566548,5,0,
11,42566616,47,22,
11,42567280,165,14,
11,42568056,128,136,
11,42568239,57,69,
11,42568399,831,276,
11,42568516,128,30,
11,42568705,36,7,
11,42568749,17,3,
11,42568805,113,58,
11,42569109,230,67,
11,42569306,18,0,
11,42569582,8,0,
11,42569728,77,3,
11,42569913,193,37,
11,42569926,20,1,
11,42569938,41,22,
11,42570055,19,11,
11,42570429,39,9,
11,42570555,8,0,
11,42570988,436,461,
11,42571140,10,0,
11,42571236,8,1,
11,42571272,183,14,
11,42571279,4,0,
11,42571340,46,6,
11,42571367,193,122,
11,42571468,28,2,
11,42571541,121,28,
11,42571608,212,392,
11,42571651,148,53,
11,42571995,240,162,
11,42572057,414,92,
11,42572364,10,2,
11,42572515,168,127,
11,42572573,140,25,
11,42572602,109,13,
11,42572662,563,69,
11,42572770,41,8,
11,42572803,16,2,
11,42572909,14,0,
11,42573875,289,252,
11,42573997,20,3,
11,42574125,230,122,
11,42574426,31,1,
11,42574601,5,2,
11,42574641,352,70,
11,42575082,83,14,
11,42575155,82,31,
11,42575159,60,16,
11,42575189,36,17,
11,42575200,81,74,
11,42575535,122,289,
11,42575537,317,306,
11,42575841,119,27,
11,42575900,225,103,
11,42575951,47,28,
11,42575990,263,91,
11,42576242,263,93,
11,42576443,1001,423,
11,42576489,33,4,
11,42576755,212,98,
11,42577076,474,279,
11,42577272,127,92,
11,42577387,157,48,
11,42577511,9,0,
11,42577661,52,17,
11,42577736,470,104,
11,42577739,21,11,
11,42577938,27,3,
11,42578237,387,346,
11,42578243,23,6,
11,42578264,50,5,
11,42578320,6,2,
11,42578929,71,21,
11,42579175,28,4,
11,42579319,47,17,
11,42579472,656,426,
11,42579517,14,5,
11,42579645,3,0,
11,42579760,5,0,
11,42579873,867,1523,
11,42579945,9,0,
11,42579969,228,73,
11,42580208,5,0,
11,42580231,29,4,
11,42580248,7,2,
11,42580565,49,22,
11,42580659,145,239,
11,42580975,20,9,
11,42581006,17,0,
11,42581119,316,236,
11,42581148,8,5,
11,42581587,27,9,
11,42581731,6,4,
11,42581923,4,0,
11,42582203,114,37,
11,42582250,9,0,
11,42582352,23,9,17
11,42582533,31,8,
11,42582607,19,0,
11,42582797,7,0,
11,42583086,273,77,
11,42583141,169,79,
11,42583181,37,9,15
11,42583297,242,627,
11,42583438,9,10,
11,42583445,13,3,
11,42583511,14,3,
11,42583652,3,1,
11,42583688,44,30,
11,42583726,157,93,
11,42583783,12,4,
11,42583947,178,6,7
11,42584078,11,2,
11,42584141,10,1,
11,42584174,8,0,
11,42584229,7,0,
11,42584258,69,43,
11,42584320,4,2,
11,42584347,21,1,
11,42584373,15,13,12
11,42584400,689,394,26
11,42584478,17,0,
11,42584566,11,9,
11,42584610,159,117,
11,42584621,154,133,
11,42584656,17,7,
11,42584718,9,2,
11,42584750,213,102,20
11,42584856,88,51,
11,42584896,12,1,
11,42584981,25,20,
11,42585009,331,131,3
11,42585130,15,3,
11,42585146,9,4,
11,42585167,11,2,
11,42585332,55,5,
11,42585694,13,0,
11,42585707,109,49,7
11,42585898,19,0,
11,42585979,24,7,
11,42586042,207,57,18
11,42586184,62,13,
11,42586229,23,12,
11,42586291,123,58,
11,42586590,154,48,22
11,42586879,242,37,
11,42586933,38,42,
11,42587014,34,31,
11,42587078,21,3,
11,42587121,14,1,
11,42587356,303,41,10
11,42587383,36,33,
11,42587829,129,89,
11,42587883,58,42,
11,42588151,115,53,
11,42588688,11,4,
11,42588692,14,0,
11,42588762,25,0,
11,42588956,244,60,5
11,42589032,9,0,
11,42589054,31,4,
11,42589112,12,1,
11,42589194,13,3,
11,42589553,9,0,
11,42589629,36,7,24
11,42589863,169,227,25
11,42589984,11,3,
11,42590055,54,35,16
11,42590213,49,36,
11,42590290,42,19,
11,42590294,7,1,
11,42590307,157,38,9
11,42590330,11,1,
11,42590342,33,10,
11,42590483,15,0,
11,42590565,40,60,
11,42590788,49,15,19
11,42590903,112,75,10
11,42590992,108,108,
11,42591029,96,6,
11,42591142,5,1,
11,42591221,224,148,
11,42591291,79,21,
11,42591498,3,0,
11,42591727,18,5,
11,42591818,25,6,23
11,42591916,56,25,
11,42591938,11,0,
11,42591947,9,0,
11,42591961,11,0,
11,42592126,48,22,29
11,42592224,86,29,4
11,42592290,5,3,
11,42592316,26,3,13
11,42592370,22,6,
11,42592397,40,3,
11,42592543,57,2,6
11,42592665,108,116,
11,42592746,7,4,
11,42592905,6,1,26
11,42592910,155,22,1
11,42593135,15,20,12
11,42593282,6,2,
11,42593383,11,3,
11,42593425,7,0,
11,42593450,3,0,
11,42593614,46,4,2
12,42493832,227,48,
12,42497093,688,295,
12,42497173,251,32,
12,42498754,175,52,
12,42498982,200,24,
12,42501102,313,40,
12,42501922,155,119,
12,42502899,126,108,
12,42506984,592,226,
12,42507932,245,252,
12,42509760,55,25,
12,42509953,419,141,
12,42513288,122,24,
12,42513290,121,23,
12,42513331,102,25,
12,42514105,616,481,
12,42514127,266,458,
12,42514553,129,38,
12,42515238,83,30,
12,42515315,255,68,
12,42515426,191,100,
12,42515584,65,16,
12,42515871,58,53,
12,42516268,118,58,
12,42516433,130,37,
12,42516568,71,17,
12,42516836,94,41,
12,42517035,257,116,
12,42517163,44,49,
12,42517164,338,96,
12,42517234,177,103,
12,42517447,2306,676,
12,42518444,175,35,
12,42518953,89,63,
12,42519790,108,47,
12,42519862,146,51,
12,42519875,68,11,
12,42520151,334,35,
12,42520432,272,29,
12,42520470,71,8,
12,42520601,141,121,
12,42520632,108,22,
12,42520861,164,95,
12,42521069,140,19,
12,42521259,84,26,
12,42521493,50,9,
12,42521629,174,328,
12,42521630,34,4,
12,42521773,157,104,
12,42521795,184,113,
12,42521865,541,1048,
12,42521905,70,17,
12,42523061,297,304,
12,42523202,54,21,
12,42523745,560,100,
12,42523855,20,1,
12,42524130,263,48,
12,42524174,587,563,
12,42524422,274,297,
12,42524555,137,37,
12,42524848,241,78,
12,42525290,101,53,
12,42525384,349,173,
12,42525627,20,4,
12,42525633,632,190,
12,42526081,94,17,
12,42526092,115,2,
12,42526112,47,33,
12,42526769,127,39,
12,42526926,106,37,
12,42526978,86,8,
12,42527256,72,2,
12,42527265,326,129,
12,42527496,89,19,
12,42527572,345,436,
12,42527716,15,0,
12,42527947,54,20,
12,42528216,167,105,
12,42528302,255,139,
12,42528435,85,58,
12,42528720,58,5,
12,42529023,198,96,
12,42529552,57,4,
12,42529771,66,15,
12,42529894,103,13,
12,42530018,38,2,
12,42530332,645,408,
12,42530424,22,0,
12,42530459,141,16,
12,42530844,69,15,
12,42530991,165,159,
12,42531215,23,7,
12,42531217,340,154,
12,42531237,81,114,
12,42531577,25,3,
12,42531695,651,842,
12,42531748,68,44,
12,42531774,59,24,
12,42531874,81,14,
12,42531993,40,36,
12,42532014,189,46,
12,42532157,115,28,
12,42532441,468,484,
12,42532979,365,189,
12,42533557,40,29,
12,42533648,126,39,
12,42533685,1321,978,
12,42533982,31,3,
12,42534090,53,15,
12,42534555,113,142,
12,42534851,273,399,
12,42534918,117,128,
12,42534931,253,41,
12,42535071,376,116,
12,42535217,891,194,
12,42535314,50,32,
12,42535333,144,5,
12,42535354,108,32,
12,42535622,213,47,
12,42535936,64,104,
12,42536181,39,19,
12,42536647,240,251,
12,42536750,122,78,
12,42537332,223,151,
12,42537567,457,60,
12,42537631,461,81,
12,42537665,96,19,
12,42538519,44,0,
12,42538903,179,196,
12,42538906,164,42,
12,42538914,403,67,
12,42538990,13,1,
12,42539155,393,229,
12,42539462,267,532,
12,42539474,191,202,
12,42539883,120,68,
12,42539987,293,684,
12,42540005,107,24,
12,42540182,224,206,
12,42540397,120,67,
12,42540862,281,432,
12,42541173,267,198,
12,42541193,18,2,
12,42541508,181,142,
12,42541885,26,7,
12,42542138,209,153,
12,42542280,257,78,
12,42543128,1170,820,
12,42543431,71,155,
12,42543600,10,0,
12,42543601,137,70,
12,42543818,69,5,
12,42544336,233,39,
12,42544367,324,312,
12,42544437,377,56,
12,42544665,135,59,
12,42545303,43,11,
12,42545875,59,20,
12,42545986,226,80,
12,42546216,379,154,
12,42546246,205,45,
12,42546593,28,3,
12,42547003,686,223,
12,42547086,78,24,
12,42547150,97,37,
12,42547208,81,7,
12,42547489,466,134,
12,42547538,57,27,
12,42547574,8,1,
12,42547576,62,5,
12,42547610,211,67,
12,42547820,421,111,
12,42547835,55,47,
12,42548077,184,144,
12,42548215,70,19,
12,42548282,126,27,
12,42548480,19,35,
12,42548535,24,21,
12,42548641,72,79,
12,42548719,372,358,
12,42548763,62,36,
12,42548798,79,26,
12,42548914,27,7,
12,42549039,286,377,
12,42549083,182,66,
12,42549123,203,61,
12,42549145,117,178,
12,42549147,131,75,
12,42549148,122,13,
12,42549184,110,24,
12,42549195,112,22,
12,42549343,106,80,
12,42549425,66,182,
12,42549624,720,436,
12,42549807,385,190,
12,42549857,148,128,
12,42550501,263,97,
12,42550703,75,43,
12,42550709,21,0,
12,42551660,80,25,
12,42551863,133,91,
12,42551900,1072,96,
12,42551938,62,4,
12,42552039,20,2,
12,42552174,53,27,
12,42552227,307,175,
12,42552887,114,16,
12,42552915,199,22,
12,42552976,178,262,
12,42553313,122,28,
12,42553360,29,12,
12,42553682,313,96,
12,42553780,12,3,
12,42553949,333,139,
12,42554008,147,132,
12,42554161,174,52,
12,42554209,96,41,
12,42554371,175,3,
12,42554420,225,64,
12,42554422,31,4,
12,42554521,145,19,
12,42554606,22,2,
12,42554722,10,1,
12,42554866,19,0,
12,42555066,253,158,
12,42555320,358,152,
12,42555440,485,395,
12,42555594,409,352,
12,42555597,29,1,
12,42556142,17,0,
12,42556408,98,240,
12,42556808,63,17,11
12,42557019,36,18,
12,42557098,512,88,
12,42557172,270,362,
12,42557255,409,109,
12,42557267,29,2,
12,42557276,128,126,
12,42557342,288,214,
12,42557410,50,14,
12,42557412,29,5,
12,42557586,471,424,
12,42557692,96,109,
12,42557850,157,62,29
12,42557904,32,2,
12,42557920,92,16,
12,42557924,64,40,20
12,42557947,451,181,
12,42558037,324,119,
12,42558038,17,4,
12,42558143,88,61,
12,42558275,60,14,
12,42558280,6,2,14
12,42558422,47,30,
12,42558496,88,2,
12,42558602,54,62,
12,42558763,200,41,
12,42559052,235,64,
12,42559744,268,199,
12,42559882,407,256,
12,42559909,437,157,
12,42560069,498,228,
12,42560171,151,81,
12,42560284,104,30,
12,42560558,945,563,
12,42561711,466,66,
12,42562175,203,78,
12,42562295,84,54,
12,42562529,245,463,
12,42562743,207,54,
12,42562750,1199,257,
12,42562758,80,43,
12,42562847,632,221,
12,42563212,28,11,
12,42563534,164,57,
12,42563845,157,56,
12,42564144,33,11,
12,42564392,12,5,
12,42564512,18,0,
12,42564687,402,171,
12,42564735,88,16,
12,42564873,35,7,
12,42564932,42,1,
12,42565184,21,2,
12,42565513,102,16,
12,42565606,550,520,
12,42565638,75,13,
12,42565821,445,109,
12,42566112,1261,266,
12,42566141,202,83,
12,42566192,588,204,
12,42566502,26,1,
12,42566548,5,0,
12,42566616,47,22,
12,42567280,165,14,
12,42568056,128,137,
12,42568239,57,69,
12,42568399,831,276,
12,42568516,128,30,
12,42568705,36,7,
12,42568749,17,3,
12,42568805,113,58,
12,42569109,230,67,
12,42569306,18,0,
12,42569582,8,0,
12,42569728,77,3,
12,42569913,193,37,
12,42569926,20,1,
12,42569938,41,22,
12,42570055,19,11,
12,42570429,40,9,
12,42570555,8,0,
12,42570988,436,461,
12,42571140,10,0,
12,42571236,8,1,
12,42571272,183,14,
12,42571279,4,0,
12,42571340,46,6,
12,42571367,193,122,
12,42571468,28,2,
12,42571541,121,28,
12,42571608,212,392,
12,42571651,148,53,
12,42571995,240,162,
12,42572057,414,92,
12,42572364,10,2,
12,42572515,168,127,
12,42572573,140,25,
12,42572602,109,13,
12,42572662,563,67,
12,42572770,41,8,
12,42572803,16,2,
12,42572909,14,0,
12,42573875,289,252,
12,42573997,20,3,
12,42574125,230,122,
12,42574426,31,1,
12,42574601,5,2,
12,42574641,353,71,
12,42575082,83,14,
12,42575155,82,31,
12,42575159,60,16,
12,42575189,36,17,
12,42575200,81,74,
12,42575535,122,290,
12,42575537,318,307,
12,42575841,119,27,
12,42575900,225,103,
12,42575951,47,28,
12,42575990,263,91,
12,42576242,263,93,
12,42576443,1002,426,
12,42576489,33,4,
12,42576755,212,98,
12,42577076,477,279,
12,42577272,128,92,
12,42577387,157,48,
12,42577511,9,0,
12,42577661,52,17,
12,42577736,470,104,
12,42577739,21,11,
12,42577938,27,3,
12,42578237,391,347,
12,42578243,23,6,
12,42578264,50,5,
12,42578320,6,2,
12,42578929,71,21,
12,42579175,28,4,
12,42579319,47,17,
12,42579472,656,426,
12,42579517,14,5,
12,42579645,3,0,
12,42579760,5,0,
12,42579873,869,1528,
12,42579945,9,0,
12,42579969,228,73,
12,42580208,5,0,
12,42580231,29,4,
12,42580248,7,2,
12,42580565,49,22,
12,42580659,145,239,
12,42580975,20,9,
12,42581006,17,0,
12,42581119,316,238,
12,42581148,8,5,
12,42581587,28,9,
12,42581731,6,4,
12,42581923,4,0,
12,42582203,115,38,
12,42582250,9,0,
12,42582352,32,18,17
12,42582533,31,8,
12,42582607,19,0,
12,42582797,7,0,
12,42583086,273,77,
12,42583141,169,80,
12,42583181,39,9,16
12,42583297,246,633,
12,42583438,9,10,
12,42583445,13,3,
12,42583511,14,3,
12,42583688,44,30,
12,42583726,157,93,
12,42583783,12,4,
12,42583947,185,8,7
12,42584078,11,2,
12,42584141,10,1,
12,42584174,8,0,
12,42584229,7,0,
12,42584258,69,43,
12,42584320,4,2,
12,42584347,22,1,
12,42584373,22,26,8
12,42584400,696,397,27
12,42584478,17,0,
12,42584566,11,9,
12,42584610,160,117,
12,42584621,154,135,
12,42584656,17,7,
12,42584718,9,2,
12,42584750,222,104,22
12,42584856,88,51,
12,42584860,3,1,18
12,42584896,12,1,
12,42584981,25,20,
12,42585009,346,145,3
12,42585130,15,3,
12,42585146,9,4,
12,42585167,11,2,
12,42585332,55,5,
12,42585694,15,0,
12,42585707,120,57,8
12,42585898,19,0,
12,42585979,24,7,
12,42586042,211,58,18
12,42586184,63,13,
12,42586229,23,12,
12,42586291,123,58,
12,42586590,155,48,24
12,42586879,243,37,
12,42586933,38,43,
12,42587014,34,31,
12,42587078,21,3,
12,42587121,15,1,
12,42587356,306,41,11
12,42587383,37,33,
12,42587829,131,90,
12,42587883,58,42,
12,42588151,117,54,
12,42588688,11,4,
12,42588692,14,0,
12,42588762,25,0,
12,42588956,250,64,5
12,42589032,9,0,
12,42589054,33,4,
12,42589112,12,1,
12,42589194,13,3,
12,42589553,9,0,
12,42589629,38,7,27
12,42589863,172,239,26
12,42589984,11,3,
12,42590055,64,38,13
12,42590213,50,37,
12,42590290,43,23,
12,42590294,7,1,
12,42590307,162,42,9
12,42590330,11,1,
12,42590342,33,10,
12,42590483,19,0,
12,42590565,41,61,
12,42590788,54,16,20
12,42590903,118,77,9
12,42590992,108,109,
12,42591029,98,6,
12,42591142,6,1,
12,42591221,228,149,
12,42591291,79,21,
12,42591498,3,0,
12,42591727,19,5,
12,42591818,30,7,23
12,42591916,58,25,
12,42591938,11,0,
12,42591947,9,0,
12,42591961,11,0,
12,42592126,54,26,30
12,42592224,98,33,4
12,42592290,5,4,
12,42592316,31,3,14
12,42592370,22,6,
12,42592397,42,3,
12,42592543,63,4,5
12,42592665,110,119,
12,42592746,7,4,
12,42592905,10,4,22
12,42592910,194,31,1
12,42593135,16,24,
12,42593383,12,3,
12,42593425,7,0,
12,42593450,4,0,
12,42593614,71,8,2
12,42594089,3,2,
13,42493832,227,48,
13,42497093,688,295,
13,42497173,251,32,
13,42498754,175,52,
13,42498982,200,24,
13,42501102,313,40,
13,42501922,155,119,
13,42502899,126,108,
13,42506577,1501,383,
13,42506984,592,226,
13,42507932,245,252,
13,42509760,55,25,
13,42509953,419,141,
13,42513022,342,121,
13,42513288,122,24,
13,42513290,121,23,
13,42513331,102,25,
13,42514105,616,481,
13,42514127,266,458,
13,42514553,129,38,
13,42515238,83,30,
13,42515315,255,68,
13,42515426,191,100,
13,42515584,65,16,
13,42515871,58,53,
13,42516268,118,58,
13,42516433,130,37,
13,42516568,71,17,
13,42516836,94,41,
13,42517035,258,116,
13,42517163,44,49,
13,42517164,338,96,
13,42517234,177,103,
13,42517447,2307,676,
13,42518444,175,35,
13,42518562,209,21,
13,42518602,70,8,
13,42518953,89,63,
13,42519790,108,47,
13,42519862,146,51,
13,42519875,68,11,
13,42520151,334,35,
13,42520432,272,29,
13,42520470,71,8,
13,42520601,141,122,
13,42520632,108,22,
13,42520861,164,95,
13,42521069,140,19,
13,42521259,84,26,
13,42521493,50,9,
13,42521629,174,328,
13,42521630,34,4,
13,42521773,157,104,
13,42521795,184,113,
13,42521865,541,1048,
13,42521905,70,17,
13,42523061,297,304,
13,42523202,54,21,
13,42523745,560,100,
13,42523855,20,1,
13,42523933,90,31,
13,42524130,263,48,
13,42524174,587,563,
13,42524422,274,297,
13,42524555,137,37,
13,42524848,241,78,
13,42525290,101,53,
13,42525384,349,173,
13,42525627,20,4,
13,42525633,632,190,
13,42526081,94,17,
13,42526092,115,2,
13,42526112,47,33,
13,42526769,127,39,
13,42526926,106,37,
13,42526978,86,8,
13,42527256,72,2,
13,42527265,326,129,
13,42527496,89,19,
13,42527572,345,436,
13,42527716,15,0,
13,42527947,54,20,
13,42528216,167,105,
13,42528302,255,139,
13,42528435,85,58,
13,42528720,58,5,
13,42529023,198,96,
13,42529552,57,4,
13,42529771,66,15,
13,42529894,103,13,
13,42530018,38,2,
13,42530332,645,408,
13,42530424,22,0,
13,42530459,141,16,
13,42530844,69,15,
13,42530991,165,159,
13,42531215,23,7,
13,42531217,340,154,
13,42531237,81,114,
13,42531577,25,3,
13,42531695,651,842,
13,42531748,68,44,
13,42531774,59,24,
13,42531874,81,14,
13,42531993,40,36,
13,42532014,189,46,
13,42532157,115,28,
13,42532441,468,484,
13,42532979,365,189,
13,42533557,40,29,
13,42533648,126,39,
13,42533685,1321,978,
13,42533982,31,3,
13,42534090,53,15,
13,42534555,113,143,
13,42534851,273,399,
13,42534918,117,128,
13,42534931,253,41,
13,42535071,376,116,
13,42535217,891,194,
13,42535314,50,32,
13,42535333,144,5,
13,42535354,108,32,
13,42535622,213,47,
13,42535936,64,104,
13,42536181,39,19,
13,42536647,240,251,
13,42536750,122,78,
13,42537332,223,151,
13,42537567,457,60,
13,42537631,461,81,
13,42537665,96,19,
13,42538519,44,0,
13,42538903,179,196,
13,42538906,164,42,
13,42538914,403,67,
13,42538990,13,1,
13,42539155,393,229,
13,42539462,267,533,
13,42539474,191,202,
13,42539883,120,68,
13,42539987,293,686,
13,42540005,107,24,
13,42540182,224,206,
13,42540397,121,67,
13,42540862,281,432,
13,42541173,267,198,
13,42541193,18,2,
13,42541508,181,142,
13,42541885,26,7,
13,42542138,209,153,
13,42542280,257,78,
13,42543128,1170,820,
13,42543431,71,155,
13,42543600,10,0,
13,42543601,137,70,
13,42543818,69,5,
13,42544336,233,39,
13,42544367,324,312,
13,42544437,377,56,
13,42544665,135,59,
13,42545303,43,11,
13,42545875,59,20,
13,42545986,226,80,
13,42546216,379,154,
13,42546246,205,45,
13,42546593,28,3,
13,42547003,686,223,
13,42547086,78,24,
13,42547150,97,37,
13,42547208,81,7,
13,42547489,466,134,
13,42547538,58,27,
13,42547574,8,1,
13,42547576,62,5,
13,42547610,211,67,
13,42547820,421,111,
13,42547835,55,47,
13,42548077,184,144,
13,42548215,70,19,
13,42548282,126,27,
13,42548480,19,35,
13,42548535,24,21,
13,42548641,72,79,
13,42548719,372,358,
13,42548763,62,36,
13,42548798,79,26,
13,42548914,27,7,
13,42549039,286,378,
13,42549083,182,66,
13,42549123,203,61,
13,42549145,117,178,
13,42549147,131,75,
13,42549148,122,13,
13,42549184,110,24,
13,42549195,112,22,
13,42549343,106,80,
13,42549425,66,182,
13,42549624,720,436,
13,42549807,385,190,
13,42549857,148,128,
13,42550501,263,97,
13,42550703,75,45,
13,42550709,21,0,
13,42551660,80,25,
13,42551863,133,91,
13,42551900,1073,96,
13,42551938,62,4,
13,42552039,20,2,
13,42552174,53,27,
13,42552227,307,175,
13,42552887,114,16,
13,42552915,200,22,
13,42552976,178,262,
13,42553313,122,28,
13,42553360,29,12,
13,42553682,313,96,
13,42553780,12,3,
13,42553949,333,139,
13,42554008,147,132,
13,42554161,174,52,
13,42554209,96,41,
13,42554371,175,3,
13,42554420,225,64,
13,42554422,31,4,
13,42554521,145,19,
13,42554606,22,2,
13,42554722,10,1,
13,42554866,19,0,
13,42555066,253,158,
13,42555320,358,153,
13,42555440,485,395,
13,42555594,409,352,
13,42555597,29,1,
13,42556142,17,0,
13,42556408,98,240,
13,42556808,68,25,12
13,42557019,36,18,
13,42557098,512,88,
13,42557172,270,362,
13,42557255,409,109,
13,42557267,29,2,
13,42557276,128,126,
13,42557342,288,214,
13,42557410,50,14,
13,42557412,29,5,
13,42557586,471,425,
13,42557692,96,109,
13,42557850,160,63,27
13,42557904,32,2,
13,42557920,93,17,30
13,42557924,75,45,15
13,42557947,452,181,
13,42558037,324,119,
13,42558038,17,5,
13,42558143,88,61,
13,42558275,60,14,
13,42558280,8,3,13
13,42558422,47,30,
13,42558496,89,2,
13,42558602,54,62,
13,42558763,200,41,
13,42559052,235,64,
13,42559744,268,199,
13,42559882,407,256,
13,42559909,437,157,
13,42560069,501,228,
13,42560171,151,81,
13,42560284,104,30,
13,42560558,945,563,
13,42561711,466,66,
13,42562175,203,78,
13,42562295,84,54,
13,42562529,245,463,
13,42562743,207,54,
13,42562750,1200,257,
13,42562758,80,43,
13,42562847,632,221,
13,42563212,28,11,
13,42563534,164,57,
13,42563845,157,56,
13,42564144,33,11,
13,42564392,12,5,
13,42564512,18,0,
13,42564687,402,171,
13,42564735,88,16,
13,42564873,35,7,
13,42564932,42,1,
13,42565184,21,2,
13,42565513,102,16,
13,42565606,550,520,
13,42565638,75,13,
13,42565821,445,109,
13,42566112,1261,266,
13,42566141,202,83,
13,42566192,589,204,
13,42566502,26,1,
13,42566548,5,0,
13,42566616,47,22,
13,42567280,165,14,
13,42568056,128,137,
13,42568239,57,69,
13,42568399,831,276,
13,42568516,128,30,
13,42568705,36,7,
13,42568749,17,3,
13,42568805,113,58,
13,42569109,230,67,
13,42569306,18,0,
13,42569582,8,0,
13,42569728,77,3,
13,42569913,193,37,
13,42569926,20,1,
13,42569938,41,22,
13,42570055,19,11,
13,42570429,40,9,
13,42570555,8,0,
13,42570988,436,462,
13,42571140,10,0,
13,42571236,8,1,
13,42571272,184,14,
13,42571279,4,0,
13,42571340,46,6,
13,42571367,193,122,
13,42571468,28,2,
13,42571541,121,28,
13,42571608,212,392,
13,42571651,148,53,
13,42571995,240,162,
13,42572057,414,92,
13,42572364,10,2,
13,42572515,168,127,
13,42572573,140,25,
13,42572602,109,13,
13,42572662,563,67,
13,42572770,41,8,
13,42572803,16,2,
13,42572909,14,0,
13,42573875,289,252,
13,42573997,20,3,
13,42574125,230,122,
13,42574426,31,1,
13,42574601,5,2,
13,42574641,355,70,
13,42575082,83,14,
13,42575155,82,31,
13,42575159,60,16,
13,42575189,36,17,
13,42575200,81,74,
13,42575535,122,291,
13,42575537,318,311,
13,42575841,119,27,
13,42575900,225,103,
13,42575951,47,28,
13,42575990,263,91,
13,42576242,263,93,
13,42576443,1004,427,
13,42576489,33,4,
13,42576755,212,98,
13,42577076,479,280,
13,42577272,128,92,
13,42577387,157,48,
13,42577511,9,0,
13,42577661,52,17,
13,42577736,470,105,
13,42577739,21,11,
13,42577938,27,3,
13,42578237,392,348,
13,42578243,23,6,
13,42578264,50,5,
13,42578320,6,2,
13,42578929,72,21,
13,42579175,28,4,
13,42579319,47,17,
13,42579472,656,427,
13,42579517,14,5,
13,42579645,3,0,
13,42579760,5,0,
13,42579873,870,1531,
13,42579945,9,0,
13,42579969,228,73,
13,42580208,5,0,
13,42580231,29,4,
13,42580248,7,2,
13,42580565,49,23,
13,42580659,145,239,
13,42580975,20,9,
13,42581006,17,0,
13,42581119,316,239,
13,42581148,8,5,
13,42581587,28,9,
13,42581731,6,4,
13,42582203,115,38,
13,42582250,9,0,
13,42582352,37,19,17
13,42582533,31,8,
13,42582607,19,0,
13,42582797,7,0,
13,42583086,273,77,
13,42583141,169,82,29
13,42583181,41,13,16
13,42583297,251,640,
13,42583438,9,10,
13,42583445,13,3,
13,42583555,3,0,
13,42583688,44,30,
13,42583726,157,93,
13,42583783,12,4,
13,42583947,203,9,7
13,42584078,11,2,
13,42584141,10,1,
13,42584174,8,0,
13,42584229,7,0,
13,42584258,69,43,
13,42584320,4,2,
13,42584347,22,1,
13,42584373,32,47,8
13,42584400,701,408,25
13,42584478,17,0,
13,42584566,11,9,
13,42584610,161,117,
13,42584621,154,137,
13,42584656,17,7,
13,42584718,9,2,
13,42584750,228,105,19
13,42584856,88,51,
13,42584860,8,2,10
13,42584896,12,1,
13,42584981,26,22,
13,42585009,361,164,3
13,42585130,15,3,
13,42585146,9,4,
13,42585167,11,2,
13,42585332,55,6,
13,42585694,15,0,
13,42585707,134,63,9
13,42585898,19,0,
13,42585979,24,7,
13,42586042,218,62,17
13,42586184,63,13,
13,42586229,23,12,
13,42586291,123,58,
13,42586590,160,48,22
13,42586879,243,37,
13,42586933,38,43,
13,42587014,34,31,
13,42587078,21,3,
13,42587121,15,1,
13,42587356,311,41,11
13,42587383,37,33,
13,42587829,131,90,
13,42587883,59,42,
13,42588151,118,54,
13,42588688,11,4,
13,42588692,14,0,
13,42588762,25,0,
13,42588956,262,65,6
13,42589032,9,0,
13,42589054,33,4,
13,42589112,12,1,
13,42589194,13,3,
13,42589553,9,0,
13,42589629,41,8,28
13,42589863,182,253,25
13,42589984,11,3,
13,42590055,72,42,12
13,42590213,50,38,
13,42590290,49,26,30
13,42590294,7,1,
13,42590307,174,45,9
13,42590330,11,1,
13,42590342,33,10,
13,42590483,25,1,
13,42590788,57,16,20
13,42590903,128,79,8
13,42590992,109,109,
13,42591029,98,6,
13,42591142,6,1,
13,42591221,231,152,
13,42591291,79,22,
13,42591498,3,0,
13,42591727,19,5,
13,42591818,31,8,22
13,42591916,59,26,
13,42591938,11,0,
13,42591947,9,0,
13,42591961,11,0,
13,42592126,60,28,23
13,42592224,108,36,4
13,42592290,6,4,
13,42592316,31,3,14
13,42592370,22,7,
13,42592397,42,3,
13,42592543,78,6,5
13,42592665,112,120,
13,42592746,7,4,
13,42592905,11,5,
13,42592910,227,36,2
13,42593135,16,24,
13,42593383,13,4,
13,42593425,8,0,
13,42593450,4,0,
13,42593614,107,11,1
13,42594089,3,2,
13,42594380,4,1,
14,42493832,227,48,
14,42497093,688,295,
14,42497173,251,32,
14,42498754,175,52,
14,42498982,200,24,
14,42501102,313,40,
14,42501922,155,119,
14,42502899,126,108,
14,42506577,1501,383,
14,42506984,592,226,
14,42507932,245,252,
14,42509760,55,25,
14,42509953,419,141,
14,42513022,342,121,
14,42513288,122,24,
14,42513290,121,23,
14,42513331,102,25,
14,42514105,617,481,
14,42514127,266,458,
14,42514553,129,38,
14,42515238,83,30,
14,42515315,255,68,
14,42515426,191,100,
14,42515584,65,16,
14,42515871,58,53,
14,42516268,118,58,
14,42516433,130,37,
14,42516568,71,17,
14,42516836,94,41,
14,42517035,258,116,
14,42517163,44,49,
14,42517164,338,96,
14,42517234,177,103,
14,42517447,2307,676,
14,42518444,175,35,
14,42518562,209,21,
14,42518602,70,8,
14,42518953,89,63,
14,42519790,108,47,
14,42519862,146,51,
14,42519875,68,11,
14,42520151,334,35,
14,42520432,272,29,
14,42520470,71,8,
14,42520601,141,122,
14,42520632,108,22,
14,42520861,164,95,
14,42521069,140,19,
14,42521259,84,26,
14,42521493,50,9,
14,42521629,174,328,
14,42521630,34,4,
14,42521773,157,104,
14,42521795,184,113,
14,42521865,541,1048,
14,42521905,70,17,
14,42523061,297,304,
14,42523202,54,21,
14,42523745,560,100,
14,42523855,20,1,
14,42523933,90,31,
14,42524130,263,48,
14,42524174,587,563,
14,42524422,275,297,
14,42524555,137,37,
14,42524848,241,78,
14,42525290,102,53,
14,42525384,349,173,
14,42525627,20,4,
14,42525633,632,190,
14,42526081,94,17,
14,42526092,115,2,
14,42526112,47,33,
14,42526769,127,39,
14,42526926,106,37,
14,42526978,86,8,
14,42527256,72,2,
14,42527265,326,129,
14,42527496,89,19,
14,42527572,345,436,
14,42527716,15,0,
14,42527947,54,20,
14,42528216,167,105,
14,42528302,255,139,
14,42528435,85,58,
14,42528720,58,5,
14,42529023,198,96,
14,42529552,57,4,
14,42529771,66,15,
14,42529894,103,13,
14,42530018,38,2,
14,42530332,645,408,
14,42530424,22,0,
14,42530459,141,16,
14,42530844,69,15,
14,42530991,165,159,
14,42531215,23,7,
14,42531217,340,154,
14,42531237,81,114,
14,42531577,25,3,
14,42531695,651,842,
14,42531748,68,44,
14,42531774,59,24,
14,42531874,81,14,
14,42531993,40,36,
14,42532014,189,46,
14,42532157,115,28,
14,42532441,468,484,
14,42532979,365,189,
14,42533557,40,29,
14,42533648,126,39,
14,42533685,1321,978,
14,42533982,31,3,
14,42534090,53,15,
14,42534555,113,143,
14,42534851,273,399,
14,42534918,117,128,
14,42534931,253,41,
14,42535071,376,116,
14,42535217,891,194,
14,42535314,50,32,
14,42535333,144,5,
14,42535354,108,32,
14,42535622,213,47,
14,42535936,64,104,
14,42536181,39,19,
14,42536647,240,251,
14,42536750,122,78,
14,42537332,223,151,
14,42537567,457,60,
14,42537631,461,81,
14,42537665,96,19,
14,42538519,44,0,
14,42538903,179,196,
14,42538906,164,42,
14,42538914,403,67,
14,42538990,13,1,
14,42539155,393,229,
14,42539462,267,534,
14,42539474,191,202,
14,42539883,121,68,
14,42539987,293,686,
14,42540005,107,24,
14,42540182,224,207,
14,42540397,121,67,
14,42540862,281,432,
14,42541173,267,198,
14,42541193,18,2,
14,42541508,181,142,
14,42541885,26,7,
14,42542138,209,153,
14,42542280,257,79,
14,42543128,1170,820,
14,42543431,71,155,
14,42543600,10,0,
14,42543601,137,70,
14,42543818,69,5,
14,42544336,233,39,
14,42544367,324,312,
14,42544437,377,56,
14,42544665,135,59,
14,42545303,43,11,
14,42545875,59,20,
14,42545986,226,80,
14,42546216,379,154,
14,42546246,205,45,
14,42546593,28,3,
14,42547003,686,223,
14,42547086,78,24,
14,42547150,97,37,
14,42547208,81,7,
14,42547489,467,134,
14,42547538,58,27,
14,42547574,8,1,
14,42547576,62,5,
14,42547610,211,67,
14,42547820,421,111,
14,42547835,55,47,
14,42548077,184,144,
14,42548215,70,19,
14,42548282,126,27,
14,42548480,19,35,
14,42548535,24,22,
14,42548641,72,79,
14,42548719,372,359,
14,42548763,62,36,
14,42548798,79,26,
14,42548914,27,7,
14,42549039,288,378,
14,42549083,182,66,
14,42549123,203,61,
14,42549145,117,178,
14,42549147,131,75,
14,42549148,122,13,
14,42549184,110,24,
14,42549195,114,22,
14,42549343,106,80,
14,42549425,66,182,
14,42549624,721,437,
14,42549807,385,190,
14,42549857,148,128,
14,42550501,263,97,
14,42550703,75,45,
14,42550709,21,0,
14,42551660,80,25,
14,42551863,133,91,
14,42551900,1073,96,
14,42551938,62,4,
14,42552039,20,2,
14,42552174,53,27,
14,42552227,307,175,
14,42552887,114,16,
14,42552915,200,22,
14,42552976,178,262,
14,42553313,122,28,
14,42553360,29,12,
14,42553682,313,96,
14,42553780,12,3,
14,42553949,334,139,
14,42554008,147,132,
14,42554161,174,52,
14,42554209,96,41,
14,42554371,175,3,
14,42554420,225,64,
14,42554422,31,4,
14,42554521,145,19,
14,42554606,22,2,
14,42554722,10,1,
14,42554866,19,0,
14,42555066,253,158,
14,42555320,358,153,
14,42555440,485,395,
14,42555594,409,352,
14,42555597,29,1,
14,42556142,17,0,
14,42556408,98,240,
14,42556808,74,29,12
14,42557019,36,18,
14,42557098,512,88,
14,42557172,270,362,
14,42557255,409,109,
14,42557267,29,2,
14,42557276,128,126,
14,42557342,288,214,
14,42557410,50,14,
14,42557412,29,5,
14,42557586,471,427,
14,42557692,96,109,
14,42557850,162,64,28
14,42557904,32,2,
14,42557920,94,17,
14,42557924,82,53,15
14,42557947,452,182,
14,42558037,324,119,
14,42558038,18,5,
14,42558143,88,61,
14,42558275,60,14,
14,42558280,8,3,
14,42558422,47,30,
14,42558496,89,2,
14,42558602,54,62,
14,42558763,200,41,
14,42559052,235,64,
14,42559744,268,199,
14,42559882,409,256,
14,42559909,437,157,
14,42560069,502,229,
14,42560171,151,81,
14,42560284,104,30,
14,42560558,945,563,
14,42561711,466,66,
14,42562175,203,78,
14,42562295,84,54,
14,42562529,245,463,
14,42562743,207,54,
14,42562750,1200,257,
14,42562758,80,43,
14,42562847,632,221,
14,42563212,28,11,
14,42563534,164,57,
14,42563845,157,56,
14,42564144,33,11,
14,42564392,12,5,
14,42564512,18,0,
14,42564687,403,171,
14,42564735,88,16,
14,42564873,35,7,
14,42564932,42,1,
14,42565184,21,2,
14,42565513,102,16,
14,42565606,550,520,
14,42565638,75,13,
14,42565821,445,109,
14,42566112,1261,266,
14,42566141,203,83,
14,42566192,589,204,
14,42566502,26,1,
14,42566548,5,0,
14,42566616,47,22,
14,42567280,165,14,
14,42568056,128,137,
14,42568239,57,69,
14,42568399,831,276,
14,42568516,128,30,
14,42568705,36,7,
14,42568749,17,3,
14,42568805,113,58,
14,42569109,230,67,
14,42569306,18,0,
14,42569582,8,0,
14,42569728,77,3,
14,42569913,194,37,
14,42569926,20,1,
14,42569938,41,22,
14,42570055,19,11,
14,42570429,40,9,
14,42570555,8,0,
14,42570988,436,462,
14,42571140,10,0,
14,42571236,8,1,
14,42571272,184,14,
14,42571279,4,0,
14,42571340,46,6,
14,42571367,193,122,
14,42571468,28,2,
14,42571541,121,28,
14,42571608,212,392,
14,42571651,148,53,
14,42571995,240,162,
14,42572057,414,92,
14,42572364,10,2,
14,42572515,168,127,
14,42572573,140,25,
14,42572602,109,13,
14,42572662,564,68,
14,42572770,41,8,
14,42572803,16,2,
14,42572909,14,0,
14,42573875,291,252,
14,42573997,20,3,
14,42574125,230,122,
14,42574426,31,1,
14,42574601,5,2,
14,42574641,355,70,
14,42575082,83,14,
14,42575155,82,31,
14,42575159,60,16,
14,42575189,37,17,
14,42575200,81,74,
14,42575535,124,292,
14,42575537,319,312,
14,42575841,120,27,
14,42575900,226,103,
14,42575951,47,28,
14,42575990,263,91,
14,42576242,264,93,
14,42576443,1004,427,
14,42576489,33,4,
14,42576755,212,98,
14,42577076,479,280,
14,42577272,128,92,
14,42577387,157,48,
14,42577511,9,0,
14,42577661,52,17,
14,42577736,470,105,
14,42577739,22,11,
14,42577938,27,3,
14,42578237,392,348,
14,42578243,23,6,
14,42578264,50,5,
14,42578320,6,2,
14,42578929,72,21,
14,42579175,28,4,
14,42579319,47,17,
14,42579472,656,427,
14,42579517,14,5,
14,42579645,3,0,
14,42579760,5,0,
14,42579873,870,1535,
14,42579969,228,73,
14,42580208,5,0,
14,42580231,29,4,
14,42580248,7,2,
14,42580565,49,23,
14,42580659,145,240,
14,42580975,20,9,
14,42581006,17,0,
14,42581119,316,240,
14,42581148,8,5,
14,42581587,29,9,
14,42581731,6,4,
14,42582203,115,38,
14,42582250,9,0,
14,42582352,42,24,21
14,42582533,31,8,
14,42582607,19,0,
14,42582797,8,0,
14,42583086,273,77,
14,42583141,171,86,30
14,42583181,45,15,17
14,42583297,251,651,
14,42583438,9,10,
14,42583445,13,3,
14,42583555,3,1,18
14,42583688,44,30,
14,42583726,157,93,
14,42583783,12,4,
14,42583947,207,10,7
14,42583986,3,0,
14,42584078,12,2,
14,42584141,10,1,
14,42584174,8,0,
14,42584229,7,0,
14,42584258,69,43,
14,42584320,4,2,
14,42584347,22,1,
14,42584373,40,61,14
14,42584400,707,409,26
14,42584478,17,0,
14,42584566,11,9,
14,42584610,164,122,
14,42584621,154,139,
14,42584718,9,2,
14,42584750,238,107,20
14,42584856,88,51,
14,42584860,12,3,11
14,42584896,12,1,
14,42584981,26,22,
14,42585009,379,179,3
14,42585130,15,3,
14,42585146,9,4,
14,42585167,11,2,
14,42585332,55,6,
14,42585694,15,0,
14,42585707,168,72,3
14,42585898,19,0,
14,42585979,24,7,
14,42586042,224,65,19
14,42586184,63,14,
14,42586229,23,12,
14,42586291,123,58,
14,42586590,162,48,23
14,42586879,244,37,
14,42586933,38,43,
14,42587014,34,31,
14,42587078,21,3,
14,42587121,15,1,
14,42587356,318,42,10
14,42587383,37,34,
14,42587826,64,71,
14,42587829,132,90,
14,42587883,59,42,
14,42588151,120,55,
14,42588688,11,4,
14,42588692,14,0,
14,42588762,25,0,
14,42588956,271,65,6
14,42589032,9,0,
14,42589054,33,4,
14,42589112,12,1,
14,42589194,13,3,
14,42589629,45,8,29
14,42589863,194,263,27
14,42589984,11,3,
14,42590055,80,54,12
14,42590213,50,38,
14,42590290,54,32,
14,42590294,7,1,
14,42590307,186,49,9
14,42590330,11,1,
14,42590342,33,10,
14,42590483,27,2,
14,42590565,41,64,
14,42590788,60,17,22
14,42590903,133,84,8
14,42590981,60,81,28
14,42590992,109,109,
14,42591029,98,6,
14,42591142,6,1,
14,42591221,234,152,
14,42591291,79,23,
14,42591727,21,5,
14,42591815,3,1,
14,42591818,33,9,25
14,42591916,61,27,
14,42591938,11,0,
14,42591961,11,0,
14,42592126,64,32,24
14,42592224,120,38,5
14,42592290,6,4,
14,42592316,31,4,15
14,42592370,22,7,
14,42592397,42,3,
14,42592543,91,9,4
14,42592665,118,135,18
14,42592746,7,5,
14,42592905,12,5,
14,42592910,265,44,2
14,42593135,16,27,
14,42593249,5,0,
14,42593366,5,0,
14,42593383,14,5,
14,42593425,8,0,
14,42593450,4,0,
14,42593614,149,15,1
14,42594089,3,2,
14,42594270,6,0,
14,42594380,4,2,
14,42594499,48,14,1
14,42594766,14,0,21
14,42594810,6,1,
14,42594850,14,0,
15,42493832,227,48,
15,42497093,688,295,
15,42497173,251,32,
15,42498754,175,52,
15,42498982,200,24,
15,42501102,313,40,
15,42501922,155,119,
15,42502899,126,108,
15,42506984,592,226,
15,42507932,245,252,
15,42509760,55,25,
15,42509953,419,141,
15,42513288,122,24,
15,42513290,121,23,
15,42513331,102,25,
15,42514105,617,481,
15,42514127,266,458,
15,42514553,129,38,
15,42515238,83,30,
15,42515315,255,68,
15,42515426,191,100,
15,42515584,65,16,
15,42516268,118,58,
15,42516433,130,37,
15,42516568,71,17,
15,42516836,94,41,
15,42517035,258,116,
15,42517163,44,49,
15,42517164,338,96,
15,42517234,177,103,
15,42517447,2307,676,
15,42518444,175,35,
15,42518953,89,63,
15,42519790,108,47,
15,42519862,146,51,
15,42519875,68,11,
15,42520151,334,35,
15,42520432,272,29,
15,42520470,71,8,
15,42520601,141,122,
15,42520632,108,22,
15,42520861,164,95,
15,42521069,140,19,
15,42521259,84,26,
15,42521493,50,9,
15,42521629,174,328,
15,42521630,34,4,
15,42521773,157,104,
15,42521795,184,113,
15,42521865,541,1048,
15,42521905,70,17,
15,42523061,297,304,
15,42523202,54,21,
15,42523745,560,100,
15,42523855,20,1,
15,42524130,263,48,
15,42524174,587,563,
15,42524422,275,297,
15,42524555,137,37,
15,42524848,241,78,
15,42525290,102,53,
15,42525384,349,173,
15,42525627,20,4,
15,42525633,632,190,
15,42526081,94,17,
15,42526092,115,2,
15,42526112,47,33,
15,42526769,127,39,
15,42526926,106,37,
15,42526978,86,8,
15,42527256,72,2,
15,42527265,326,129,
15,42527496,89,19,
15,42527572,345,436,
15,42527716,15,0,
15,42527947,54,20,
15,42528216,167,105,
15,42528302,255,139,
15,42528435,85,58,
15,42528720,58,5,
15,42529023,198,96,
15,42529552,57,4,
15,42529771,66,15,
15,42529894,103,13,
15,42530018,38,2,
15,42530332,645,408,
15,42530424,22,0,
15,42530459,141,16,
15,42530844,69,15,
15,42530991,165,159,
15,42531215,23,7,
15,42531217,340,154,
15,42531237,81,115,
15,42531577,25,3,
15,42531695,652,842,
15,42531748,68,44,
15,42531774,59,24,
15,42531874,81,14,
15,42531993,40,36,
15,42532014,189,46,
15,42532157,115,28,
15,42532441,468,484,
15,42532979,365,189,
15,42533557,40,29,
15,42533648,126,39,
15,42533685,1321,978,
15,42533982,31,3,
15,42534090,53,15,
15,42534555,113,143,
15,42534851,273,399,
15,42534918,117,128,
15,42534931,253,41,
15,42535071,376,116,
15,42535217,891,194,
15,42535314,50,32,
15,42535333,144,5,
15,42535354,108,32,
15,42535622,213,47,
15,42535936,64,104,
15,42536181,39,19,
15,42536750,122,78,
15,42537332,223,151,
15,42537567,457,60,
15,42537631,461,81,
15,42537665,96,19,
15,42538519,44,0,
15,42538903,179,196,
15,42538906,164,42,
15,42538914,403,67,
15,42538990,13,1,
15,42539155,393,229,
15,42539462,267,534,
15,42539883,121,68,
15,42539987,293,686,
15,42540005,107,24,
15,42540182,225,207,
15,42540397,121,67,
15,42540862,281,432,
15,42541173,267,198,
15,42541193,18,2,
15,42541508,181,142,
15,42541885,26,7,
15,42542280,257,79,
15,42543128,1170,820,
15,42543431,71,155,
15,42543600,10,0,
15,42543601,137,70,
15,42543818,69,5,
15,42544336,233,39,
15,42544367,324,312,
15,42544437,377,56,
15,42544665,135,59,
15,42545303,43,11,
15,42545875,59,20,
15,42545986,226,80,
15,42546216,380,154,
15,42546246,205,45,
15,42547003,686,223,
15,42547086,78,24,
15,42547150,97,37,
15,42547208,81,7,
15,42547489,467,134,
15,42547538,58,27,
15,42547574,8,1,
15,42547576,62,5,
15,42547610,211,67,
15,42547820,421,111,
15,42547835,55,47,
15,42548077,184,144,
15,42548215,70,19,
15,42548282,126,27,
15,42548480,19,35,
15,42548641,72,79,
15,42548719,372,359,
15,42548763,62,36,
15,42548798,79,26,
15,42548914,27,7,
15,42549039,288,379,
15,42549083,182,66,
15,42549123,204,61,
15,42549145,117,178,
15,42549147,131,75,
15,42549148,122,13,
15,42549184,110,24,
15,42549195,115,23,
15,42549343,106,80,
15,42549425,66,182,
15,42549624,721,437,
15,42549807,385,190,
15,42549857,148,128,
15,42550501,263,97,
15,42550703,75,45,
15,42550709,21,0,
15,42551660,80,25,
15,42551863,134,91,
15,42551900,1073,96,
15,42551938,62,4,
15,42552039,20,2,
15,42552174,53,27,
15,42552227,307,175,
15,42552887,114,16,
15,42552915,200,22,
15,42552976,178,262,
15,42553313,122,28,
15,42553360,29,12,
15,42553682,313,96,
15,42553780,12,3,
15,42553949,334,139,
15,42554008,147,132,
15,42554161,174,52,
15,42554209,96,41,
15,42554371,175,3,
15,42554420,225,64,
15,42554422,31,4,
15,42554521,145,19,
15,42554606,22,2,
15,42555066,253,158,
15,42555320,358,153,
15,42555440,485,395,
15,42555594,409,352,
15,42555597,29,1,
15,42556142,17,0,
15,42556408,98,240,
15,42556808,77,32,21
15,42557019,36,18,
15,42557098,513,88,
15,42557172,270,362,
15,42557255,409,109,
15,42557267,29,2,
15,42557276,128,126,
15,42557342,288,214,
15,42557410,50,14,
15,42557412,29,5,
15,42557586,471,427,
15,42557692,96,111,
15,42557850,163,64,
15,42557904,32,2,
15,42557920,95,17,
15,42557924,85,66,17
15,42557947,453,183,
15,42558037,324,119,
15,42558038,18,6,
15,42558143,88,63,
15,42558275,60,14,
15,42558280,8,3,
15,42558422,47,30,
15,42558496,90,2,
15,42558602,56,63,
15,42558763,200,41,
15,42559052,236,64,
15,42559744,268,199,
15,42559882,409,256,
15,42559909,437,157,
15,42560069,502,229,
15,42560171,151,81,
15,42560284,104,30,
15,42560558,945,563,
15,42561711,466,66,
15,42562175,203,78,
15,42562295,84,54,
15,42562529,245,463,
15,42562743,207,54,
15,42562750,1200,257,
15,42562758,80,43,
15,42562847,632,221,
15,42563212,28,11,
15,42563534,164,57,
15,42563845,157,56,
15,42564144,33,11,
15,42564392,12,5,
15,42564512,18,0,
15,42564687,403,171,
15,42564735,88,16,
15,42564873,35,7,
15,42564932,42,1,
15,42565184,21,2,
15,42565513,102,16,
15,42565606,550,520,
15,42565638,75,13,
15,42565821,445,109,
15,42566112,1261,266,
15,42566141,203,83,
15,42566192,589,204,
15,42566502,26,1,
15,42566548,5,0,
15,42566616,47,22,
15,42567280,165,14,
15,42568056,128,137,
15,42568239,57,69,
15,42568399,831,276,
15,42568516,128,30,
15,42568705,36,7,
15,42568749,17,3,
15,42568805,113,58,
15,42569109,230,67,
15,42569306,18,0,
15,42569582,8,0,
15,42569913,194,37,
15,42569926,20,1,
15,42569938,41,22,
15,42570055,20,11,
15,42570429,40,9,
15,42570555,8,0,
15,42570988,436,462,
15,42571140,10,0,
15,42571236,8,1,
15,42571272,185,14,
15,42571279,4,0,
15,42571340,46,6,
15,42571367,193,122,
15,42571468,28,2,
15,42571541,121,28,
15,42571608,212,392,
15,42571651,148,54,
15,42571995,240,163,
15,42572057,414,92,
15,42572364,10,2,
15,42572515,168,127,
15,42572573,140,25,
15,42572602,109,13,
15,42572662,564,68,
15,42572770,41,8,
15,42572909,14,0,
15,42573875,292,252,
15,42573997,20,3,
15,42574125,230,122,
15,42574426,31,1,
15,42574601,5,2,
15,42574641,355,70,
15,42575082,83,14,
15,42575155,82,31,
15,42575159,60,16,
15,42575189,37,17,
15,42575200,81,74,
15,42575535,124,293,
15,42575537,319,313,
15,42575841,120,27,
15,42575900,226,103,
15,42575951,47,28,
15,42575990,265,91,
15,42576242,264,93,
15,42576443,1004,428,
15,42576489,34,4,
15,42576755,212,99,
15,42577076,480,282,
15,42577272,128,93,
15,42577387,157,49,
15,42577511,9,0,
15,42577661,52,17,
15,42577736,470,105,
15,42577739,22,12,
15,42577938,27,3,
15,42578237,392,348,
15,42578243,23,6,
15,42578264,50,5,
15,42578320,6,2,
15,42578929,72,21,
15,42579175,28,4,
15,42579319,47,17,
15,42579472,656,427,
15,42579517,14,5,
15,42579645,3,0,
15,42579760,5,0,
15,42579873,873,1536,
15,42579969,229,73,
15,42580208,5,0,
15,42580231,29,4,
15,42580248,7,2,
15,42580565,49,23,
15,42580659,145,243,
15,42580975,20,9,
15,42581006,17,0,
15,42581119,316,241,
15,42581148,8,5,
15,42581587,29,9,
15,42582203,115,38,
15,42582250,9,0,
15,42582352,46,30,23
15,42582533,31,8,
15,42582607,19,0,
15,42582797,8,0,
15,42583086,273,77,
15,42583141,173,86,
15,42583181,47,18,
15,42583297,253,659,
15,42583438,9,10,
15,42583445,13,3,
15,42583555,3,1,29
15,42583688,44,30,
15,42583726,157,95,
15,42583783,12,4,
15,42583947,214,10,9
15,42583986,11,5,10
15,42584078,12,2,
15,42584141,10,1,
15,42584174,8,0,
15,42584229,7,0,
15,42584258,69,43,
15,42584320,4,2,
15,42584347,22,1,
15,42584373,43,66,16
15,42584400,714,412,
15,42584478,17,0,
15,42584566,11,9,
15,42584610,165,122,
15,42584621,154,140,
15,42584718,9,2,
15,42584750,242,108,24
15,42584856,88,51,
15,42584860,13,4,19
15,42584896,12,1,
15,42584923,3,0,
15,42584981,26,22,
15,42585009,401,191,4
15,42585130,15,3,
15,42585146,9,4,
15,42585167,11,2,
15,42585332,55,6,
15,42585694,15,0,
15,42585707,185,87,3
15,42585898,19,0,
15,42585979,24,7,
15,42586042,227,65,22
15,42586184,63,14,
15,42586229,23,12,
15,42586291,123,58,
15,42586590,163,48,28
15,42586879,245,37,
15,42586933,38,43,
15,42587014,34,31,
15,42587078,21,3,
15,42587121,15,2,
15,42587356,323,42,14
15,42587383,37,34,
15,42587826,64,71,
15,42587829,132,90,
15,42587883,60,42,
15,42588151,122,56,
15,42588688,11,4,
15,42588692,14,0,
15,42588762,25,0,
15,42588956,279,66,8
15,42589032,9,0,
15,42589054,34,4,
15,42589112,12,1,
15,42589194,13,3,
15,42589629,46,9,
15,42589863,197,270,
15,42589984,11,3,
15,42590055,89,62,15
15,42590213,50,39,
15,42590290,55,33,
15,42590294,7,1,
15,42590307,192,54,11
15,42590330,11,1,
15,42590342,34,10,
15,42590483,31,2,
15,42590565,41,69,
15,42590788,61,17,27
15,42590903,141,88,12
15,42590981,78,105,20
15,42590992,109,109,
15,42591029,98,6,
15,42591142,6,1,
15,42591221,237,155,
15,42591291,79,23,
15,42591727,22,5,
15,42591815,4,1,
15,42591818,33,9,
15,42591916,61,27,
15,42591938,11,0,
15,42591961,11,0,
15,42592126,68,37,26
15,42592224,131,45,5
15,42592290,6,4,
15,42592316,34,4,19
15,42592370,23,7,
15,42592397,43,3,
15,42592543,105,14,6
15,42592665,134,155,23
15,42592746,7,5,
15,42592905,12,5,
15,42592910,296,53,2
15,42593135,17,27,
15,42593249,5,0,
15,42593366,6,0,
15,42593383,15,6,
15,42593425,8,0,
15,42593450,4,0,
15,42593614,192,18,1
15,42594089,3,3,
15,42594130,6,1,
15,42594214,3,0,
15,42594256,16,4,17
15,42594270,7,0,
15,42594380,4,2,
15,42594387,13,3,10
15,42594499,62,32,
15,42594588,6,1,
15,42594756,5,1,
15,42594766,72,15,6
15,42594845,4,0,
15,42594850,28,2,
15,42594865,7,1,
15,42594896,14,1,2
15,42594922,4,3,19
15,42595182,6,0,
15,42595190,8,5,3
16,42493832,227,48,
16,42497093,689,295,
16,42497173,251,32,
16,42498754,175,52,
16,42498982,200,24,
16,42501102,313,40,
16,42501922,155,119,
16,42502899,126,108,
16,42506984,592,226,
16,42507932,245,252,
16,42509760,55,25,
16,42509953,419,141,
16,42513288,122,24,
16,42513290,121,23,
16,42513331,102,25,
16,42514105,617,482,
16,42514553,129,38,
16,42515238,83,30,
16,42515315,255,68,
16,42515426,191,100,
16,42515584,65,16,
16,42516268,118,58,
16,42516433,130,37,
16,42516568,71,17,
16,42516836,94,41,
16,42517035,258,116,
16,42517163,44,49,
16,42517164,338,96,
16,42517234,177,103,
16,42517447,2307,676,
16,42518444,175,35,
16,42518953,89,63,
16,42519862,146,51,
16,42519875,68,11,
16,42520151,334,35,
16,42520432,272,29,
16,42520470,71,8,
16,42520601,141,122,
16,42520632,108,22,
16,42520861,164,95,
16,42521069,140,19,
16,42521259,84,26,
16,42521493,50,9,
16,42521629,174,328,
16,42521630,34,4,
16,42521773,157,104,
16,42521795,184,113,
16,42521905,70,17,
16,42523061,297,304,
16,42523202,54,21,
16,42523745,560,100,
16,42523855,20,1,
16,42524130,263,48,
16,42524174,587,563,
16,42524422,275,297,
16,42524555,137,37,
16,42524848,241,78,
16,42525290,102,53,
16,42525384,349,173,
16,42525627,20,4,
16,42525633,632,190,
16,42526081,94,17,
16,42526092,115,2,
16,42526112,47,33,
16,42526769,127,39,
16,42526926,106,37,
16,42526978,86,8,
16,42527265,326,129,
16,42527496,89,19,
16,42527572,345,436,
16,42527716,15,0,
16,42527947,54,20,
16,42528216,167,105,
16,42528302,255,139,
16,42528435,85,58,
16,42528720,58,5,
16,42529023,198,96,
16,42529552,57,4,
16,42529771,66,15,
16,42529894,103,13,
16,42530018,38,2,
16,42530332,645,408,
16,42530424,22,0,
16,42530459,141,16,
16,42530844,69,15,
16,42530991,165,159,
16,42531215,23,7,
16,42531217,340,154,
16,42531237,81,115,
16,42531577,25,3,
16,42531695,652,842,
16,42531748,68,44,
16,42531774,59,24,
16,42531874,81,14,
16,42531993,40,36,
16,42532014,189,46,
16,42532157,115,28,
16,42532441,468,484,
16,42532979,365,189,
16,42533557,40,29,
16,42533648,126,39,
16,42533685,1322,978,
16,42533982,31,3,
16,42534090,53,15,
16,42534555,113,143,
16,42534851,273,399,
16,42534918,117,128,
16,42534931,253,41,
16,42535071,376,116,
16,42535217,892,194,
16,42535314,50,32,
16,42535333,144,5,
16,42535354,108,32,
16,42535622,213,47,
16,42535936,64,104,
16,42536181,39,19,
16,42536750,122,78,
16,42537332,223,151,
16,42537567,457,60,
16,42537631,461,81,
16,42537665,96,19,
16,42538519,44,0,
16,42538903,179,196,
16,42538906,164,42,
16,42538914,403,67,
16,42538990,13,1,
16,42539155,393,229,
16,42539462,267,534,
16,42539883,121,68,
16,42539987,293,686,
16,42540182,225,207,
16,42540397,122,67,
16,42540862,281,432,
16,42541173,267,198,
16,42541193,18,2,
16,42541508,182,142,
16,42541885,26,7,
16,42542280,257,79,
16,42543431,71,155,
16,42543600,10,0,
16,42543601,137,70,
16,42543818,69,5,
16,42544336,233,39,
16,42544367,324,312,
16,42544437,377,56,
16,42544665,135,59,
16,42545303,43,11,
16,42545875,59,20,
16,42545986,226,80,
16,42546216,380,154,
16,42546246,205,45,
16,42547003,686,224,
16,42547086,78,24,
16,42547150,97,37,
16,42547208,81,7,
16,42547489,467,134,
16,42547538,58,27,
16,42547574,8,1,
16,42547576,62,5,
16,42547610,211,67,
16,42547820,421,111,
16,42547835,55,47,
16,42548077,184,144,
16,42548215,70,19,
16,42548282,126,27,
16,42548480,19,35,
16,42548641,72,79,
16,42548719,372,359,
16,42548763,62,36,
16,42548798,79,26,
16,42548914,27,7,
16,42549039,288,380,
16,42549083,182,66,
16,42549123,204,61,
16,42549145,117,180,
16,42549147,131,75,
16,42549148,122,13,
16,42549184,110,24,
16,42549195,117,23,
16,42549343,106,80,
16,42549425,66,182,
16,42549624,722,437,
16,42549807,385,190,
16,42549857,148,128,
16,42550501,263,97,
16,42550703,75,45,
16,42550709,21,0,
16,42551660,80,25,
16,42551863,134,91,
16,42551900,1073,96,
16,42551938,62,4,
16,42552039,20,2,
16,42552174,53,27,
16,42552227,307,175,
16,42552887,114,16,
16,42552915,201,22,
16,42552976,178,262,
16,42553313,122,28,
16,42553360,29,12,
16,42553682,313,96,
16,42553780,12,3,
16,42553949,334,139,
16,42554008,148,132,
16,42554161,174,52,
16,42554209,96,41,
16,42554371,175,3,
16,42554420,225,64,
16,42554422,31,4,
16,42554521,145,19,
16,42554606,22,2,
16,42555066,253,158,
16,42555320,358,153,
16,42555440,485,395,
16,42555594,409,352,
16,42555597,29,1,
16,42556142,17,0,
16,42556408,98,241,
16,42556808,79,32,22
16,42557019,36,18,
16,42557098,513,88,
16,42557172,270,362,
16,42557255,409,109,
16,42557267,29,2,
16,42557276,128,126,
16,42557342,288,214,
16,42557410,50,14,
16,42557412,29,5,
16,42557586,471,427,
16,42557692,96,111,
16,42557850,163,64,
16,42557904,32,2,
16,42557920,95,17,
16,42557924,91,77,26
16,42557947,454,184,
16,42558037,324,119,
16,42558038,18,6,
16,42558143,88,63,
16,42558275,60,14,
16,42558280,8,3,
16,42558422,47,30,
16,42558496,90,3,
16,42558602,59,67,
16,42558763,200,41,
16,42559052,236,64,
16,42559744,269,199,
16,42559882,409,256,
16,42559909,437,157,
16,42560069,504,229,
16,42560171,151,81,
16,42560284,104,30,
16,42560558,946,563,
16,42561711,467,66,
16,42562175,203,78,
16,42562295,84,54,
16,42562529,245,463,
16,42562743,207,54,
16,42562750,1200,257,
16,42562758,80,43,
16,42562847,632,221,
16,42563212,28,11,
16,42563534,164,57,
16,42563845,157,56,
16,42564144,33,11,
16,42564392,12,5,
16,42564512,18,0,
16,42564687,403,171,
16,42564735,88,16,
16,42564873,35,7,
16,42564932,42,1,
16,42565184,21,2,
16,42565513,102,16,
16,42565606,550,520,
16,42565638,75,13,
16,42565821,445,109,
16,42566112,1262,266,
16,42566141,203,83,
16,42566192,589,204,
16,42566502,26,1,
16,42566548,5,0,
16,42566616,47,22,
16,42567280,165,14,
16,42568056,129,137,
16,42568239,57,69,
16,42568399,831,276,
16,42568516,128,30,
16,42568705,36,7,
16,42568749,17,3,
16,42568805,113,58,
16,42569109,230,67,
16,42569306,18,0,
16,42569582,8,0,
16,42569913,194,37,
16,42569926,20,1,
16,42569938,41,22,
16,42570055,20,11,
16,42570429,40,9,
16,42570555,8,0,
16,42570988,436,462,
16,42571236,8,1,
16,42571272,186,14,
16,42571279,4,0,
16,42571340,46,6,
16,42571367,193,122,
16,42571468,28,2,
16,42571541,121,28,
16,42571608,212,392,
16,42571651,148,55,
16,42571995,240,163,
16,42572057,414,92,
16,42572364,10,2,
16,42572515,168,127,
16,42572573,140,25,
16,42572602,109,13,
16,42572662,565,69,
16,42572770,42,8,
16,42572909,14,0,
16,42573875,293,252,
16,42573997,20,3,
16,42574125,230,122,
16,42574426,31,1,
16,42574601,5,2,
16,42574641,356,70,
16,42575082,83,14,
16,42575155,82,31,
16,42575159,60,16,
16,42575189,37,17,
16,42575200,81,74,
16,42575535,124,294,
16,42575537,319,314,
16,42575841,120,27,
16,42575900,226,103,
16,42575951,47,28,
16,42575990,265,91,
16,42576242,264,93,
16,42576443,1006,428,
16,42576489,34,4,
16,42576755,212,99,
16,42577076,480,283,
16,42577272,128,93,
16,42577387,157,49,
16,42577511,9,0,
16,42577661,52,17,
16,42577736,470,106,
16,42577739,22,12,
16,42577938,27,3,
16,42578237,392,348,
16,42578243,23,6,
16,42578264,50,5,
16,42578320,6,2,
16,42578929,73,21,
16,42579175,28,4,
16,42579319,47,17,
16,42579472,656,428,
16,42579517,14,5,
16,42579645,3,0,
16,42579760,5,0,
16,42579873,877,1538,
16,42579969,229,73,
16,42580208,5,0,
16,42580231,29,4,
16,42580248,7,2,
16,42580565,49,23,
16,42580659,148,246,
16,42580975,20,9,
16,42581006,17,0,
16,42581119,317,242,
16,42581148,8,5,
16,42581587,29,9,
16,42582203,116,38,
16,42582250,9,0,
16,42582352,48,32,30
16,42582533,31,8,
16,42582607,19,0,
16,42582797,8,0,
16,42583086,274,77,
16,42583141,173,87,
16,42583181,48,20,
16,42583297,254,672,
16,42583438,9,10,
16,42583445,13,3,
16,42583555,3,1,
16,42583688,44,31,
16,42583726,157,95,
16,42583783,12,4,
16,42583947,221,13,13
16,42583986,24,9,6
16,42584078,12,2,
16,42584141,10,1,
16,42584174,8,0,
16,42584229,7,0,
16,42584320,4,2,
16,42584347,22,1,
16,42584400,720,417,
16,42584478,17,0,
16,42584566,11,9,
16,42584610,168,123,
16,42584621,154,140,
16,42584718,9,2,
16,42584750,247,112,25
16,42584860,16,4,20
16,42584896,15,1,
16,42584923,4,0,18
16,42584981,26,22,
16,42585009,421,210,7
16,42585130,15,3,
16,42585146,9,4,
16,42585167,11,2,
16,42585332,55,6,
16,42585694,15,0,
16,42585707,208,94,5
16,42585898,19,0,
16,42585979,24,7,
16,42586042,236,67,24
16,42586184,64,14,
16,42586229,23,12,
16,42586291,123,58,
16,42586590,165,48,28
16,42586879,245,37,
16,42586933,39,43,
16,42587014,34,31,
16,42587078,21,3,
16,42587121,15,2,
16,42587356,324,42,17
16,42587383,37,35,
16,42587826,64,71,
16,42587829,132,90,
16,42587883,61,42,
16,42588151,124,56,
16,42588688,11,4,
16,42588692,14,0,
16,42588762,25,0,
16,42588956,286,66,11
16,42589032,9,0,
16,42589054,34,4,
16,42589112,12,1,
16,42589194,13,3,
16,42589629,46,9,
16,42589863,200,284,
16,42589984,11,3,
16,42590055,93,68,16
16,42590213,50,39,
16,42590290,56,33,
16,42590294,7,1,
16,42590307,196,62,14
16,42590330,11,1,
16,42590342,34,10,
16,42590483,31,2,
16,42590565,41,71,
16,42590788,61,17,29
16,42590903,146,89,15
16,42590981,105,143,19
16,42590992,109,110,
16,42591029,99,6,
16,42591142,6,1,
16,42591221,244,158,
16,42591291,79,24,
16,42591727,22,8,
16,42591815,4,1,
16,42591818,33,9,
16,42591916,62,28,
16,42591938,11,0,
16,42591961,11,0,
16,42592126,72,39,27
16,42592224,139,46,9
16,42592290,6,4,
16,42592316,35,4,21
16,42592370,23,9,
16,42592397,43,3,
16,42592543,117,17,10
16,42592665,148,188,23
16,42592746,7,5,
16,42592910,336,64,3
16,42593135,19,29,
16,42593249,5,0,
16,42593366,6,0,
16,42593383,15,6,
16,42593425,8,1,
16,42593450,4,0,
16,42593614,222,22,2
16,42594024,24,0,3
16,42594089,3,3,
16,42594130,6,1,
16,42594214,5,0,
16,42594256,35,6,12
16,42594270,8,0,
16,42594380,5,3,
16,42594387,21,6,8
16,42594499,65,34,
16,42594588,10,3,
16,42594756,7,1,
16,42594766,103,27,15
16,42594845,8,3,
16,42594850,33,3,
16,42594865,7,1,
16,42594896,36,3,3
16,42594922,4,3,
16,42595182,6,0,
16,42595190,61,17,1
16,42595245,6,1,
16,42595249,3,0,
16,42595307,13,11,15
16,42595478,7,0,
17,42493832,227,48,
17,42497093,689,295,
17,42497173,251,32,
17,42498754,175,52,
17,42498982,200,24,
17,42501102,313,40,
17,42501922,155,119,
17,42502899,126,108,
17,42506984,592,226,
17,42507932,245,252,
17,42509760,55,25,
17,42509953,419,141,
17,42513288,122,24,
17,42513290,121,23,
17,42513331,102,25,
17,42514105,617,483,
17,42514553,129,38,
17,42515238,83,30,
17,42515315,255,68,
17,42515426,191,100,
17,42515584,65,16,
17,42516268,118,58,
17,42516433,130,37,
17,42516568,71,17,
17,42516836,94,41,
17,42517035,258,116,
17,42517163,44,49,
17,42517164,338,96,
17,42517234,177,103,
17,42517447,2308,677,
17,42518444,175,35,
17,42518953,89,63,
17,42519862,146,51,
17,42519875,68,11,
17,42520432,272,29,
17,42520470,71,8,
17,42520601,141,122,
17,42520632,108,22,
17,42520861,164,95,
17,42521069,140,19,
17,42521259,84,26,
17,42521493,50,9,
17,42521629,174,328,
17,42521630,34,4,
17,42521773,157,104,
17,42521795,184,113,
17,42521905,70,17,
17,42523061,297,304,
17,42523202,54,21,
17,42523745,560,100,
17,42523855,20,1,
17,42524130,263,48,
17,42524174,587,563,
17,42524422,275,297,
17,42524555,137,37,
17,42524848,241,78,
17,42525290,102,53,
17,42525384,349,173,
17,42525627,20,4,
17,42525633,632,190,
17,42526081,94,17,
17,42526092,115,2,
17,42526112,47,33,
17,42526769,127,39,
17,42526926,106,37,
17,42526978,86,8,
17,42527265,326,129,
17,42527496,89,19,
17,42527572,345,437,
17,42527716,15,0,
17,42527947,54,20,
17,42528216,167,105,
17,42528302,255,139,
17,42528435,85,58,
17,42528720,58,5,
17,42529023,198,96,
17,42529552,57,4,
17,42529771,66,15,
17,42529894,103,13,
17,42530018,38,2,
17,42530332,645,408,
17,42530424,22,0,
17,42530459,141,16,
17,42530844,69,15,
17,42530991,165,159,
17,42531215,23,7,
17,42531217,340,154,
17,42531237,81,115,
17,42531577,25,3,
17,42531695,652,842,
17,42531748,68,44,
17,42531774,59,24,
17,42531874,81,14,
17,42531993,40,36,
17,42532014,189,46,
17,42532157,115,28,
17,42532441,468,484,
17,42532979,365,189,
17,42533557,40,29,
17,42533648,126,39,
17,42533685,1322,979,
17,42533982,31,3,
17,42534090,53,15,
17,42534555,113,143,
17,42534851,273,399,
17,42534918,117,128,
17,42534931,253,43,
17,42535071,376,116,
17,42535217,892,194,
17,42535314,50,32,
17,42535333,144,5,
17,42535354,108,32,
17,42535622,213,47,
17,42535936,64,104,
17,42536181,39,19,
17,42536750,122,78,
17,42537332,223,151,
17,42537567,457,60,
17,42537631,461,81,
17,42537665,96,19,
17,42538519,44,0,
17,42538903,179,196,
17,42538906,164,42,
17,42538914,403,67,
17,42538990,13,1,
17,42539155,393,229,
17,42539462,267,534,
17,42539883,121,68,
17,42539987,293,687,
17,42540182,226,207,
17,42540397,122,67,
17,42540862,281,432,
17,42541173,267,198,
17,42541193,18,2,
17,42541508,182,142,
17,42541885,26,7,
17,42542280,257,79,
17,42543431,71,155,
17,42543600,10,0,
17,42543601,137,71,
17,42543818,69,5,
17,42544336,233,39,
17,42544367,324,312,
17,42544437,377,56,
17,42544665,135,59,
17,42545875,59,20,
17,42545986,226,80,
17,42546216,380,154,
17,42546246,207,45,
17,42547003,686,224,
17,42547086,78,24,
17,42547150,97,37,
17,42547208,81,7,
17,42547489,467,134,
17,42547538,58,27,
17,42547574,8,1,
17,42547576,62,5,
17,42547610,211,67,
17,42547820,421,111,
17,42547835,55,47,
17,42548077,184,144,
17,42548215,70,19,
17,42548282,126,27,
17,42548480,19,35,
17,42548641,72,79,
17,42548719,372,359,
17,42548763,62,36,
17,42548798,79,26,
17,42548914,27,7,
17,42549039,288,380,
17,42549083,182,66,
17,42549123,204,61,
17,42549145,117,180,
17,42549147,131,75,
17,42549148,122,13,
17,42549184,110,24,
17,42549195,117,23,
17,42549343,106,80,
17,42549425,66,182,
17,42549624,722,437,
17,42549807,385,190,
17,42549857,148,128,
17,42550501,263,97,
17,42550703,75,45,
17,42550709,21,0,
17,42551660,80,25,
17,42551863,134,91,
17,42551900,1073,96,
17,42551938,62,4,
17,42552039,20,2,
17,42552174,53,27,
17,42552227,307,175,
17,42552887,114,16,
17,42552915,201,22,
17,42552976,178,262,
17,42553313,122,28,
17,42553360,29,12,
17,42553682,313,96,
17,42553780,12,3,
17,42553949,334,139,
17,42554008,148,132,
17,42554161,174,52,
17,42554209,96,41,
17,42554371,175,3,
17,42554420,225,64,
17,42554422,31,4,
17,42554521,145,19,
17,42554606,22,2,
17,42555066,253,158,
17,42555320,358,153,
17,42555440,485,395,
17,42555594,409,352,
17,42555597,29,1,
17,42556142,17,0,
17,42556408,98,241,
17,42556808,82,34,26
17,42557019,36,18,
17,42557098,513,88,
17,42557172,270,362,
17,42557255,409,109,
17,42557267,29,2,
17,42557276,128,126,
17,42557342,288,214,
17,42557410,50,14,
17,42557412,29,5,
17,42557586,471,430,
17,42557692,96,111,
17,42557850,164,64,
17,42557904,32,2,
17,42557920,95,17,
17,42557924,93,80,
17,42557947,454,184,
17,42558037,324,119,
17,42558038,19,6,
17,42558143,88,64,
17,42558275,60,14,
17,42558280,9,3,
17,42558422,47,30,
17,42558496,90,3,
17,42558602,61,71,
17,42558763,200,41,
17,42559052,236,64,
17,42559744,269,200,
17,42559882,409,256,
17,42559909,437,157,
17,42560069,504,229,
17,42560171,151,81,
17,42560284,104,30,
17,42560558,946,563,
17,42561711,467,66,
17,42562175,203,78,
17,42562295,84,54,
17,42562529,245,463,
17,42562743,207,54,
17,42562750,1200,257,
17,42562758,80,43,
17,42562847,632,221,
17,42563212,28,11,
17,42563534,164,57,
17,42563845,157,56,
17,42564144,33,11,
17,42564392,12,5,
17,42564512,18,0,
17,42564687,403,171,
17,42564735,88,16,
17,42564873,35,7,
17,42564932,42,1,
17,42565184,21,2,
17,42565513,102,16,
17,42565606,550,520,
17,42565638,75,13,
17,42565821,445,109,
17,42566112,1262,266,
17,42566141,203,83,
17,42566192,590,204,
17,42566502,26,1,
17,42566548,5,0,
17,42566616,47,22,
17,42567280,165,14,
17,42568056,129,137,
17,42568239,57,69,
17,42568399,831,276,
17,42568516,128,30,
17,42568705,36,7,
17,42568749,17,3,
17,42568805,113,58,
17,42569109,230,67,
17,42569306,18,0,
17,42569582,12,2,18
17,42569913,194,37,
17,42569926,20,1,
17,42569938,41,22,
17,42570055,20,11,
17,42570429,40,9,
17,42570555,8,0,
17,42570988,436,462,
17,42571236,8,1,
17,42571272,186,14,
17,42571340,46,6,
17,42571367,193,122,
17,42571468,28,2,
17,42571541,121,28,
17,42571608,212,392,
17,42571651,148,55,
17,42571995,240,163,
17,42572057,414,92,
17,42572364,10,2,
17,42572515,168,127,
17,42572573,140,25,
17,42572602,109,13,
17,42572662,565,69,
17,42572770,42,8,
17,42572909,14,0,
17,42573875,294,253,
17,42573997,20,3,
17,42574125,230,126,
17,42574426,31,1,
17,42574601,5,2,
17,42574641,356,70,
17,42575082,83,14,
17,42575155,82,31,
17,42575159,60,16,
17,42575189,37,17,
17,42575200,81,74,
17,42575535,124,295,
17,42575537,319,315,
17,42575841,120,27,
17,42575900,226,103,
17,42575951,47,28,
17,42575990,265,91,
17,42576242,264,93,
17,42576443,1009,428,
17,42576489,34,4,
17,42576755,213,99,
17,42577076,483,284,
17,42577272,128,93,
17,42577387,158,49,
17,42577661,52,17,
17,42577736,472,106,
17,42577739,22,12,
17,42577938,27,3,
17,42578237,392,350,
17,42578243,23,6,
17,42578264,50,5,
17,42578320,6,2,
17,42578929,73,21,
17,42579175,28,4,
17,42579319,47,17,
17,42579472,656,428,
17,42579517,14,6,
17,42579645,3,0,
17,42579760,5,0,
17,42579873,881,1544,
17,42579969,229,73,
17,42580208,5,0,
17,42580231,29,4,
17,42580248,7,2,
17,42580565,49,23,
17,42580659,153,255,
17,42580975,20,9,
17,42581006,17,0,
17,42581119,318,243,
17,42581148,8,5,
17,42581587,29,9,
17,42582203,116,38,
17,42582250,9,0,
17,42582352,49,32,
17,42582533,31,8,
17,42582607,19,0,
17,42582797,8,0,
17,42583086,274,77,
17,42583141,173,87,
17,42583181,54,21,
17,42583297,254,684,
17,42583438,9,10,
17,42583445,13,3,
17,42583555,4,1,
17,42583688,44,31,
17,42583726,157,95,
17,42583783,12,4,
17,42583947,229,13,15
17,42583986,39,12,6
17,42584078,12,2,
17,42584141,10,1,
17,42584174,8,0,
17,42584229,7,0,
17,42584320,4,2,
17,42584347,22,1,
17,42584400,722,420,
17,42584478,17,0,
17,42584566,11,9,
17,42584610,168,124,
17,42584621,154,140,
17,42584718,9,2,
17,42584750,261,114,28
17,42584860,21,5,23
17,42584896,15,1,
17,42584923,6,0,18
17,42584981,27,22,
17,42585009,433,218,9
17,42585130,15,3,
17,42585146,9,4,
17,42585167,11,2,
17,42585332,56,6,
17,42585694,15,0,
17,42585707,230,109,7
17,42585898,19,0,
17,42585979,24,7,
17,42586042,239,67,26
17,42586184,64,14,
17,42586291,123,58,
17,42586590,167,51,29
17,42586879,245,37,
17,42586933,39,44,
17,42587014,34,31,
17,42587078,21,3,
17,42587121,15,2,
17,42587356,327,43,21
17,42587383,37,36,
17,42587826,64,71,
17,42587829,133,90,
17,42587883,61,41,
17,42588151,125,57,
17,42588688,11,4,
17,42588692,15,0,
17,42588762,25,0,
17,42588956,295,66,13
17,42589032,9,0,
17,42589054,35,4,
17,42589112,12,1,
17,42589194,13,3,
17,42589629,48,9,
17,42589863,202,295,
17,42589984,11,3,
17,42590055,104,73,18
17,42590213,50,39,
17,42590290,59,33,
17,42590307,201,65,17
17,42590342,35,10,
17,42590483,36,3,
17,42590565,42,73,
17,42590788,62,17,
17,42590903,158,91,16
17,42590981,123,187,24
17,42590992,110,113,
17,42591029,100,6,
17,42591142,6,1,
17,42591221,247,160,
17,42591291,80,24,
17,42591671,3,0,
17,42591727,23,9,
17,42591815,5,1,
17,42591818,34,10,
17,42591916,62,28,
17,42591938,12,0,
17,42591961,12,0,
17,42592126,75,49,30
17,42592224,146,48,12
17,42592290,9,4,
17,42592316,36,4,25
17,42592370,24,9,
17,42592397,46,3,
17,42592543,131,20,11
17,42592665,156,213,
17,42592727,4,0,
17,42592746,7,5,
17,42592910,362,75,4
17,42593135,20,30,
17,42593249,7,0,
17,42593366,8,0,
17,42593383,17,6,
17,42593408,6,0,
17,42593425,12,1,
17,42593450,4,0,
17,42593514,3,1,
17,42593614,255,26,3
17,42594024,64,12,2
17,42594089,3,3,
17,42594130,7,1,
17,42594214,7,0,
17,42594256,66,17,8
17,42594270,9,0,
17,42594380,6,3,
17,42594387,30,9,8
17,42594499,66,34,
17,42594588,19,7,
17,42594756,8,1,
17,42594766,136,49,20
17,42594845,9,5,
17,42594850,34,3,
17,42594865,8,1,
17,42594896,47,4,4
17,42594922,5,3,
17,42595051,4,0,
17,42595182,7,1,
17,42595190,107,22,1
17,42595245,7,1,
17,42595249,3,0,
17,42595265,3,0,
17,42595307,47,69,9
17,42595363,4,0,
17,42595478,10,0,
17,42595542,4,0,
17,42595602,10,0,
17,42595805,5,1,
17,42595815,8,5,
17,42596078,3,0,5
18,42493832,227,48,
18,42497093,689,295,
18,42497173,251,32,
18,42498754,175,52,
18,42498982,200,24,
18,42501102,313,40,
18,42501922,155,119,
18,42502899,126,108,
18,42506984,592,226,
18,42507932,245,252,
18,42509760,55,25,
18,42509953,419,141,
18,42513290,121,23,
18,42513331,102,25,
18,42514105,617,483,
18,42514553,129,38,
18,42515238,83,30,
18,42515315,255,68,
18,42515426,191,100,
18,42515584,65,16,
18,42516268,118,58,
18,42516433,130,37,
18,42516568,71,17,
18,42516836,94,41,
18,42517035,258,116,
18,42517163,44,49,
18,42517164,338,96,
18,42517234,177,103,
18,42517447,2308,679,
18,42518444,175,35,
18,42518953,89,63,
18,42519862,146,51,
18,42519875,68,11,
18,42520432,272,29,
18,42520470,71,8,
18,42520601,141,122,
18,42520632,108,22,
18,42520861,164,95,
18,42521069,140,19,
18,42521259,84,26,
18,42521493,50,9,
18,42521629,174,328,
18,42521630,34,4,
18,42521773,157,104,
18,42521795,184,113,
18,42521905,70,17,
18,42523061,297,304,
18,42523202,54,21,
18,42523745,560,100,
18,42523855,20,1,
18,42524130,263,49,
18,42524174,587,563,
18,42524422,275,297,
18,42524555,137,37,
18,42524848,241,78,
18,42525290,102,53,
18,42525384,349,173,
18,42525627,20,4,
18,42525633,632,190,
18,42526081,94,17,
18,42526092,115,2,
18,42526112,47,33,
18,42526769,127,39,
18,42526926,106,37,
18,42526978,86,8,
18,42527265,326,129,
18,42527496,89,19,
18,42527572,345,437,
18,42527716,15,0,
18,42527947,54,20,
18,42528216,167,105,
18,42528302,255,139,
18,42528435,85,58,
18,42528720,58,5,
18,42529023,198,96,
18,42529552,57,4,
18,42529771,66,15,
18,42529894,103,13,
18,42530018,38,2,
18,42530332,645,408,
18,42530424,22,0,
18,42530459,141,16,
18,42530844,69,15,
18,42530991,165,159,
18,42531215,23,7,
18,42531217,340,154,
18,42531237,81,115,
18,42531577,25,3,
18,42531695,652,842,
18,42531748,68,44,
18,42531774,59,24,
18,42531993,40,36,
18,42532014,189,46,
18,42532157,115,28,
18,42532441,468,484,
18,42532979,365,189,
18,42533648,126,39,
18,42533685,1322,979,
18,42533982,31,3,
18,42534090,53,15,
18,42534555,113,143,
18,42534851,273,399,
18,42534918,117,128,
18,42534931,253,43,
18,42535071,376,116,
18,42535217,893,194,
18,42535314,50,32,
18,42535333,144,5,
18,42535354,108,32,
18,42535622,213,47,
18,42535936,64,104,
18,42536181,39,19,
18,42536750,122,78,
18,42537332,223,151,
18,42537567,457,60,
18,42537631,461,81,
18,42537665,96,19,
18,42538519,44,0,
18,42538903,179,196,
18,42538906,164,42,
18,42538914,404,67,
18,42538990,13,1,
18,42539155,393,229,
18,42539462,267,534,
18,42539883,121,68,
18,42539987,293,687,
18,42540182,226,207,
18,42540397,122,67,
18,42540862,281,432,
18,42541173,267,198,
18,42541193,18,2,
18,42541508,182,142,
18,42541885,26,7,
18,42542280,257,79,
18,42543431,71,155,
18,42543601,137,71,
18,42543818,69,5,
18,42544336,233,39,
18,42544367,324,312,
18,42544437,377,56,
18,42544665,135,59,
18,42545875,59,20,
18,42545986,226,80,
18,42546216,380,154,
18,42546246,207,45,
18,42547003,686,224,
18,42547086,78,24,
18,42547150,97,37,
18,42547208,81,7,
18,42547489,467,134,
18,42547538,58,27,
18,42547574,8,1,
18,42547576,62,5,
18,42547610,211,67,
18,42547820,421,111,
18,42547835,55,47,
18,42548077,184,144,
18,42548215,70,19,
18,42548282,126,27,
18,42548480,19,36,
18,42548641,72,79,
18,42548719,372,359,
18,42548763,62,36,
18,42548798,79,26,
18,42548914,27,7,
18,42549039,288,380,
18,42549083,182,66,
18,42549123,204,61,
18,42549145,118,180,
18,42549147,131,75,
18,42549148,122,13,
18,42549184,110,24,
18,42549195,118,23,
18,42549343,106,80,
18,42549425,66,182,
18,42549624,722,439,
18,42549807,385,190,
18,42549857,148,128,
18,42550501,263,97,
18,42550703,75,45,
18,42550709,21,0,
18,42551660,80,25,
18,42551863,134,91,
18,42551900,1073,96,
18,42551938,62,4,
18,42552039,20,2,
18,42552174,53,27,
18,42552227,307,175,
18,42552887,114,16,
18,42552915,202,22,
18,42552976,178,262,
18,42553313,122,28,
18,42553360,29,12,
18,42553682,313,96,
18,42553780,12,3,
18,42553949,334,139,
18,42554008,148,132,
18,42554161,174,52,
18,42554209,96,41,
18,42554371,176,3,
18,42554420,225,64,
18,42554422,31,4,
18,42554521,145,19,
18,42554606,22,2,
18,42555066,253,158,
18,42555320,358,153,
18,42555440,485,395,
18,42555594,409,352,
18,42555597,29,1,
18,42556142,17,0,
18,42556408,98,241,
18,42556808,86,36,27
18,42557019,36,18,
18,42557098,513,88,
18,42557172,270,362,
18,42557255,409,109,
18,42557267,29,2,
18,42557276,128,126,
18,42557342,288,214,
18,42557410,50,14,
18,42557412,29,5,
18,42557586,471,431,
18,42557692,97,112,
18,42557850,164,64,
18,42557904,32,2,
18,42557920,97,17,
18,42557924,93,81,
18,42557947,454,185,
18,42558037,324,119,
18,42558038,19,6,
18,42558143,88,64,
18,42558275,60,14,
18,42558280,9,3,
18,42558422,47,30,
18,42558496,91,3,
18,42558602,62,72,
18,42558763,200,41,
18,42559052,236,64,
18,42559744,269,200,
18,42559882,409,256,
18,42559909,437,157,
18,42560069,504,229,
18,42560171,151,81,
18,42560284,104,30,
18,42560558,946,563,
18,42561711,467,66,
18,42562175,203,78,
18,42562295,84,54,
18,42562529,245,463,
18,42562743,207,54,
18,42562750,1200,257,
18,42562758,80,43,
18,42562847,632,221,
18,42563212,28,11,
18,42563534,164,57,
18,42563845,157,56,
18,42564144,33,11,
18,42564392,12,5,
18,42564512,18,0,
18,42564687,403,171,
18,42564735,88,16,
18,42564873,35,7,
18,42564932,42,1,
18,42565184,21,2,
18,42565513,102,16,
18,42565606,550,520,
18,42565638,75,13,
18,42565821,445,109,
18,42566112,1262,266,
18,42566141,203,83,
18,42566192,590,204,
18,42566502,26,1,
18,42566548,5,0,
18,42566616,47,22,
18,42567280,165,14,
18,42568056,129,137,
18,42568239,57,69,
18,42568399,831,276,
18,42568516,128,30,
18,42568705,36,7,
18,42568749,17,3,
18,42568805,113,58,
18,42569109,230,67,
18,42569306,18,0,
18,42569582,13,7,17
18,42569913,194,37,
18,42569926,20,1,
18,42569938,41,22,
18,42570055,20,11,
18,42570271,8,1,
18,42570429,40,9,
18,42570555,8,0,
18,42570988,436,462,
18,42571236,8,1,
18,42571272,186,14,
18,42571340,46,6,
18,42571367,193,122,
18,42571468,28,2,
18,42571507,9,2,
18,42571541,121,28,
18,42571608,212,392,
18,42571651,148,55,
18,42571995,241,163,
18,42572057,414,92,
18,42572364,10,2,
18,42572515,168,127,
18,42572573,140,25,
18,42572602,109,13,
18,42572662,565,69,
18,42572770,42,8,
18,42573574,9,0,
18,42573761,3,0,
18,42573875,294,253,
18,42573997,20,3,
18,42574125,230,127,
18,42574426,31,1,
18,42574600,3,0,
18,42574601,5,2,
18,42574641,356,70,
18,42575082,83,14,
18,42575111,3,0,
18,42575155,82,31,
18,42575159,60,16,
18,42575189,37,17,
18,42575200,81,74,
18,42575390,3,0,
18,42575535,124,295,
18,42575537,319,316,
18,42575841,120,27,
18,42575900,226,103,
18,42575951,48,28,
18,42575990,265,91,
18,42576199,3,0,
18,42576242,264,94,
18,42576443,1009,429,
18,42576489,34,4,
18,42576755,213,99,
18,42577076,483,284,
18,42577272,129,94,
18,42577387,159,49,
18,42577661,53,17,
18,42577736,472,106,
18,42577739,22,12,
18,42577938,27,3,
18,42578201,3,0,
18,42578237,392,350,
18,42578243,23,6,
18,42578264,50,5,
18,42578320,6,2,
18,42578929,73,21,
18,42579175,29,4,
18,42579319,47,17,
18,42579472,656,429,
18,42579517,14,6,
18,42579645,3,0,
18,42579682,5,0,
18,42579760,5,0,
18,42579873,882,1546,
18,42579969,229,73,
18,42580208,5,0,
18,42580231,29,4,
18,42580248,7,2,
18,42580397,11,0,
18,42580565,49,23,
18,42580659,154,260,
18,42580975,20,9,
18,42581006,17,0,
18,42581119,318,244,
18,42581148,8,5,
18,42581587,29,9,
18,42582203,116,38,
18,42582250,9,0,
18,42582352,50,33,
18,42582407,3,0,
18,42582533,31,8,
18,42582607,19,0,
18,42582797,8,0,
18,42583086,275,78,
18,42583141,173,87,
18,42583181,54,24,
18,42583297,259,701,
18,42583438,9,10,
18,42583445,14,3,
18,42583555,5,1,
18,42583688,44,31,
18,42583726,157,95,
18,42583783,12,4,
18,42583947,242,13,16
18,42583986,59,14,8
18,42584078,12,2,
18,42584141,10,1,
18,42584174,8,0,
18,42584229,7,0,
18,42584320,13,4,19
18,42584347,22,1,
18,42584400,727,422,
18,42584478,17,0,
18,42584566,11,9,
18,42584610,169,126,
18,42584621,154,140,
18,42584718,9,2,
18,42584750,265,117,26
18,42584860,25,5,23
18,42584896,15,1,
18,42584923,9,0,24
18,42584981,28,23,
18,42585009,445,232,11
18,42585130,15,3,
18,42585146,9,4,
18,42585167,11,2,
18,42585332,56,7,
18,42585694,15,0,
18,42585707,246,121,10
18,42585898,19,0,
18,42585979,24,7,
18,42586042,243,69,29
18,42586184,64,14,
18,42586291,123,59,
18,42586590,168,51,30
18,42586879,245,37,
18,42586933,39,44,
18,42587014,34,31,
18,42587078,21,3,
18,42587121,15,2,
18,42587356,333,44,23
18,42587383,37,37,
18,42587826,64,72,
18,42587829,133,91,
18,42587883,61,43,
18,42588151,125,58,
18,42588688,11,4,
18,42588692,15,0,
18,42588762,25,0,
18,42588956,299,68,14
18,42589032,9,0,
18,42589054,36,4,
18,42589112,12,1,
18,42589629,48,9,
18,42589863,207,296,
18,42589984,11,3,
18,42590055,107,75,19
18,42590213,50,39,
18,42590290,64,33,
18,42590307,204,66,20
18,42590342,35,10,
18,42590483,38,3,
18,42590565,42,74,
18,42590788,63,17,
18,42590903,162,94,18
18,42590981,144,217,21
18,42590992,110,115,
18,42591029,100,6,
18,42591142,6,1,
18,42591221,250,162,
18,42591291,80,25,
18,42591671,3,0,
18,42591727,23,9,
18,42591815,5,1,
18,42591818,35,11,
18,42591916,62,29,
18,42591938,13,0,
18,42591961,12,0,
18,42592126,77,50,
18,42592224,154,51,12
18,42592290,9,4,
18,42592316,37,5,28
18,42592370,25,9,
18,42592397,48,3,
18,42592543,142,20,13
18,42592665,160,227,
18,42592727,4,0,
18,42592746,7,5,
18,42592910,375,85,5
18,42593135,20,30,
18,42593249,8,0,
18,42593366,9,0,
18,42593383,18,6,
18,42593408,6,0,
18,42593425,12,1,
18,42593450,4,0,
18,42593514,3,1,
18,42593614,285,29,3
18,42594024,88,21,2
18,42594130,7,1,
18,42594214,8,0,
18,42594256,98,29,6
18,42594270,9,0,
18,42594380,6,3,
18,42594387,36,12,7
18,42594499,67,36,
18,42594588,21,7,
18,42594750,6,1,27
18,42594756,8,1,
18,42594766,177,91,15
18,42594850,35,4,
18,42594865,8,1,
18,42594896,61,7,4
18,42594922,5,3,
18,42595051,4,0,
18,42595182,8,1,
18,42595190,146,32,1
18,42595245,7,1,
18,42595265,3,0,
18,42595307,52,86,
18,42595363,5,0,
18,42595478,11,0,
18,42595513,6,0,
18,42595542,4,0,
18,42595551,9,2,
18,42595602,11,0,
18,42595805,6,1,
18,42595815,12,6,
18,42596343,8,0,
18,42596401,6,0,
18,42596450,18,2,2
19,42493832,227,48,
19,42497093,689,295,
19,42498754,175,52,
19,42498982,200,24,
19,42501102,313,40,
19,42501922,155,119,
19,42502899,126,108,
19,42506984,592,226,
19,42507932,245,252,
19,42509760,55,25,
19,42509953,419,141,
19,42513290,121,23,
19,42513331,102,25,
19,42514105,617,483,
19,42514553,129,38,
19,42515238,83,30,
19,42515315,255,68,
19,42515426,191,100,
19,42515584,65,16,
19,42516268,118,58,
19,42516433,130,37,
19,42516568,71,17,
19,42516836,94,41,
19,42517035,258,116,
19,42517163,44,49,
19,42517164,338,96,
19,42517234,177,103,
19,42517447,2308,679,
19,42518444,175,35,
19,42518953,89,63,
19,42519862,146,51,
19,42519875,68,11,
19,42520432,272,29,
19,42520470,71,8,
19,42520601,141,122,
19,42520632,108,22,
19,42520861,164,95,
19,42521069,140,19,
19,42521259,84,26,
19,42521493,50,9,
19,42521629,174,328,
19,42521630,34,4,
19,42521773,157,104,
19,42521795,184,113,
19,42521905,70,17,
19,42523202,54,21,
19,42523745,560,100,
19,42523855,20,1,
19,42524130,263,49,
19,42524174,587,563,
19,42524422,275,297,
19,42524555,137,37,
19,42524848,241,78,
19,42525290,102,53,
19,42525384,349,173,
19,42525627,20,4,
19,42525633,632,190,
19,42526081,94,17,
19,42526092,115,2,
19,42526112,47,33,
19,42526769,127,39,
19,42526926,106,37,
19,42526978,86,8,
19,42527265,326,129,
19,42527496,89,19,
19,42527572,345,437,
19,42527947,54,20,
19,42528216,167,105,
19,42528302,255,139,
19,42528435,85,58,
19,42528720,58,5,
19,42529023,198,96,
19,42529552,57,4,
19,42529771,66,15,
19,42529894,103,13,
19,42530018,38,2,
19,42530332,645,408,
19,42530424,22,0,
19,42530459,141,16,
19,42530844,69,15,
19,42530991,165,159,
19,42531215,23,7,
19,42531217,340,154,
19,42531237,81,115,
19,42531577,25,3,
19,42531695,652,842,
19,42531748,68,44,
19,42531774,59,24,
19,42531993,40,36,
19,42532014,189,46,
19,42532157,115,28,
19,42532441,468,484,
19,42532979,366,189,
19,42533648,126,39,
19,42533685,1322,979,
19,42533982,31,3,
19,42534090,53,15,
19,42534555,113,143,
19,42534851,273,400,
19,42534918,117,128,
19,42534931,253,43,
19,42535071,376,116,
19,42535217,893,194,
19,42535314,50,32,
19,42535333,144,5,
19,42535354,108,32,
19,42535622,213,47,
19,42535936,64,104,
19,42536181,39,19,
19,42536750,122,78,
19,42537332,223,151,
19,42537567,457,60,
19,42537631,461,81,
19,42537665,96,19,
19,42538519,44,0,
19,42538903,179,196,
19,42538906,164,42,
19,42538914,404,67,
19,42539155,393,229,
19,42539462,267,534,
19,42539883,121,68,
19,42539987,293,687,
19,42540182,227,208,
19,42540397,122,67,
19,42540862,281,432,
19,42541173,267,198,
19,42541193,18,2,
19,42541508,182,142,
19,42541885,26,7,
19,42542280,257,79,
19,42543431,71,155,
19,42543601,137,71,
19,42543818,69,5,
19,42544336,233,39,
19,42544367,324,312,
19,42544437,377,56,
19,42544665,135,59,
19,42545875,59,20,
19,42545986,226,80,
19,42546216,380,154,
19,42546246,207,45,
19,42547003,686,224,
19,42547086,78,24,
19,42547150,97,37,
19,42547208,81,7,
19,42547489,467,134,
19,42547538,58,27,
19,42547574,8,1,
19,42547576,62,5,
19,42547610,211,67,
19,42547820,421,111,
19,42547835,55,47,
19,42548077,184,144,
19,42548215,70,19,
19,42548282,126,27,
19,42548480,19,36,
19,42548641,72,79,
19,42548719,372,359,
19,42548763,62,36,
19,42548798,79,26,
19,42548914,27,7,
19,42549039,289,380,
19,42549083,182,66,
19,42549123,204,61,
19,42549145,118,180,
19,42549147,131,75,
19,42549148,122,13,
19,42549184,110,24,
19,42549195,118,23,
19,42549343,106,80,
19,42549425,66,182,
19,42549624,724,439,
19,42549807,385,190,
19,42550501,263,97,
19,42550703,75,45,
19,42550709,21,0,
19,42551660,80,25,
19,42551863,134,91,
19,42551900,1074,96,
19,42551938,62,4,
19,42552039,20,2,
19,42552174,53,27,
19,42552227,307,175,
19,42552887,114,16,
19,42552915,202,22,
19,42552976,178,262,
19,42553313,122,28,
19,42553360,29,12,
19,42553682,313,96,
19,42553780,12,3,
19,42553949,334,139,
19,42554008,148,132,
19,42554161,174,52,
19,42554209,96,41,
19,42554371,176,3,
19,42554420,225,64,
19,42554422,31,4,
19,42554521,145,19,
19,42554606,22,2,
19,42555066,253,158,
19,42555320,358,153,
19,42555440,485,396,
19,42555594,409,352,
19,42556408,98,241,
19,42556808,90,36,
19,42557019,36,18,
19,42557098,513,88,
19,42557172,270,362,
19,42557255,409,109,
19,42557267,29,2,
19,42557276,128,126,
19,42557342,288,214,
19,42557410,50,14,
19,42557412,29,5,
19,42557586,471,431,
19,42557692,97,112,
19,42557850,165,65,
19,42557904,32,2,
19,42557920,98,18,
19,42557924,96,85,30
19,42557947,456,185,
19,42558037,324,119,
19,42558038,19,6,
19,42558143,88,64,
19,42558275,60,14,
19,42558280,9,3,
19,42558422,47,32,
19,42558496,91,3,
19,42558602,62,74,
19,42558763,201,41,
19,42559052,236,64,
19,42559744,269,200,
19,42559882,409,256,
19,42559909,437,158,
19,42560069,504,230,
19,42560171,151,81,
19,42560284,104,30,
19,42560558,946,563,
19,42561711,467,66,
19,42562175,204,78,
19,42562295,84,54,
19,42562529,245,463,
19,42562743,207,54,
19,42562750,1201,257,
19,42562758,80,43,
19,42562847,632,221,
19,42563212,28,11,
19,42563534,164,57,
19,42563845,157,56,
19,42564144,33,11,
19,42564392,12,5,
19,42564512,18,0,
19,42564687,404,171,
19,42564735,88,16,
19,42564873,35,7,
19,42564932,42,1,
19,42565184,21,2,
19,42565513,102,16,
19,42565606,550,522,
19,42565638,75,13,
19,42565821,445,109,
19,42566112,1262,266,
19,42566141,203,83,
19,42566192,590,204,
19,42566502,26,1,
19,42566548,5,0,
19,42567280,165,14,
19,42568056,129,137,
19,42568399,831,277,
19,42568516,128,30,
19,42568705,36,7,
19,42568749,17,3,
19,42568805,113,58,
19,42569109,230,67,
19,42569306,18,0,
19,42569582,15,8,21
19,42569913,194,37,
19,42569926,20,1,
19,42569938,41,22,
19,42570055,20,11,
19,42570271,8,1,
19,42570429,40,9,
19,42570555,8,0,
19,42570988,436,462,
19,42571236,8,1,
19,42571272,186,14,
19,42571340,46,6,
19,42571367,193,122,
19,42571468,28,2,
19,42571507,9,2,
19,42571541,121,28,
19,42571608,212,392,
19,42571651,148,55,
19,42571995,241,163,
19,42572057,414,92,
19,42572364,10,2,
19,42572515,168,127,
19,42572573,140,25,
19,42572602,109,13,
19,42572662,565,69,
19,42572770,42,8,
19,42573232,3,0,
19,42573574,9,0,
19,42573761,3,0,
19,42573875,294,255,
19,42573997,20,3,
19,42574125,230,127,
19,42574426,31,1,
19,42574600,3,0,
19,42574601,5,2,
19,42574641,356,71,
19,42575082,83,14,
19,42575111,3,0,
19,42575155,82,31,
19,42575159,60,16,
19,42575189,37,17,
19,42575200,81,74,
19,42575390,26,0,6
19,42575535,124,295,
19,42575537,319,316,
19,42575841,120,28,
19,42575900,226,103,
19,42575951,48,28,
19,42575990,265,91,
19,42576199,3,0,
19,42576242,264,94,
19,42576443,1010,429,
19,42576489,34,4,
19,42576718,3,0,
19,42576755,213,99,
19,42577076,485,286,
19,42577272,129,94,
19,42577387,159,49,
19,42577661,53,17,
19,42577736,472,106,
19,42577739,23,12,
19,42577938,27,3,
19,42578201,3,0,
19,42578237,392,353,
19,42578243,23,6,
19,42578264,50,5,
19,42578320,6,2,
19,42578929,73,21,
19,42579175,29,4,
19,42579319,47,17,
19,42579472,658,430,
19,42579517,14,6,
19,42579645,3,0,
19,42579682,5,0,
19,42579760,5,0,
19,42579873,883,1549,
19,42579969,229,74,
19,42580208,5,0,
19,42580231,29,4,
19,42580248,7,2,
19,42580397,11,0,
19,42580565,49,23,
19,42580659,156,262,
19,42580975,20,9,
19,42581006,17,0,
19,42581119,318,244,
19,42581148,8,5,
19,42581587,29,9,
19,42582203,116,38,
19,42582250,9,0,
19,42582352,51,35,
19,42582407,3,0,
19,42582533,31,8,
19,42582607,19,0,
19,42582797,8,0,
19,42583086,275,78,
19,42583141,173,87,
19,42583181,55,26,
19,42583297,263,705,
19,42583445,14,3,
19,42583555,5,1,
19,42583688,44,31,
19,42583726,157,95,
19,42583783,12,4,
19,42583947,248,13,19
19,42583986,70,17,7
19,42584078,12,2,
19,42584141,10,1,
19,42584174,8,0,
19,42584320,14,4,18
19,42584347,22,1,
19,42584400,732,424,
19,42584478,17,0,
19,42584566,11,9,
19,42584610,173,131,24
19,42584621,154,140,
19,42584718,9,2,
19,42584750,266,120,
19,42584860,28,10,28
19,42584896,15,1,
19,42584923,9,0,
19,42584981,28,23,
19,42585009,453,238,12
19,42585146,10,4,
19,42585167,11,2,
19,42585332,56,7,
19,42585438,3,0,
19,42585694,15,0,
19,42585707,256,131,10
19,42585898,19,0,
19,42585979,24,7,
19,42586042,243,70,
19,42586184,64,14,
19,42586291,123,59,
19,42586590,169,52,
19,42586879,245,37,
19,42586933,39,44,
19,42587014,34,31,
19,42587078,21,3,
19,42587121,15,2,
19,42587356,335,44,29
19,42587383,37,37,
19,42587826,64,72,
19,42587829,134,93,
19,42587883,61,43,
19,42588151,126,59,
19,42588261,4,0,
19,42588688,11,4,
19,42588692,15,0,
19,42588762,25,0,
19,42588956,303,69,16
19,42589032,9,0,
19,42589054,36,4,
19,42589112,12,1,
19,42589553,9,0,
19,42589629,48,9,
19,42589863,210,301,
19,42589984,11,3,
19,42590045,3,1,
19,42590055,116,87,20
19,42590213,50,39,
19,42590290,66,33,
19,42590307,212,70,25
19,42590342,35,10,
19,42590483,41,3,
19,42590565,43,75,
19,42590788,64,17,
19,42590903,167,98,26
19,42590981,165,257,20
19,42590992,110,115,
19,42591029,100,6,
19,42591142,6,1,
19,42591291,80,25,
19,42591671,3,0,
19,42591727,23,9,
19,42591815,6,1,
19,42591818,35,11,
19,42591916,63,29,
19,42591938,13,0,
19,42591961,12,0,
19,42592126,82,50,22
19,42592224,159,56,13
19,42592290,9,5,
19,42592316,37,5,
19,42592370,25,9,
19,42592397,49,3,
19,42592543,152,22,14
19,42592665,164,230,
19,42592727,4,0,
19,42592746,7,5,
19,42592910,402,95,5
19,42593135,20,30,
19,42593249,9,0,
19,42593366,11,0,
19,42593383,18,6,
19,42593408,6,0,
19,42593425,12,1,
19,42593514,3,2,
19,42593614,305,35,4
19,42594024,102,23,3
19,42594130,7,1,
19,42594214,8,0,
19,42594256,123,44,6
19,42594270,9,0,
19,42594387,42,14,9
19,42594499,68,36,
19,42594588,25,7,
19,42594595,3,0,
19,42594750,12,5,27
19,42594756,8,1,
19,42594766,225,115,13
19,42594850,36,4,
19,42594865,8,1,
19,42594896,64,7,8
19,42594922,5,3,
19,42595051,4,0,
19,42595182,8,1,
19,42595190,188,36,1
19,42595245,7,1,
19,42595265,4,0,
19,42595307,75,133,12
19,42595363,6,0,
19,42595478,11,0,
19,42595542,4,0,
19,42595551,10,2,
19,42595602,11,0,
19,42595805,6,1,
19,42595815,13,9,
19,42596310,4,0,
19,42596343,9,0,
19,42596401,7,0,
19,42596450,37,4,2
19,42596603,5,0,
19,42596607,6,0,
19,42596797,4,0,
19,42596843,7,1,5
19,42596950,3,1,
20,42493832,228,48,
20,42497093,689,295,
20,42498754,175,52,
20,42501102,313,40,
20,42502899,126,108,
20,42506984,593,226,
20,42507932,245,252,
20,42509760,55,25,
20,42509953,419,141,
20,42513290,121,23,
20,42513331,102,25,
20,42514105,617,483,
20,42514553,129,38,
20,42515238,83,30,
20,42515315,255,68,
20,42515426,191,100,
20,42515584,65,16,
20,42516268,118,58,
20,42516433,130,37,
20,42516568,71,17,
20,42516836,94,41,
20,42517035,258,116,
20,42517163,44,49,
20,42517164,338,96,
20,42517234,177,103,
20,42517447,2308,679,
20,42518444,175,35,
20,42518953,89,63,
20,42519862,146,51,
20,42519875,68,11,
20,42520432,272,29,
20,42520470,71,8,
20,42520601,141,122,
20,42520632,108,22,
20,42520861,164,95,
20,42521069,140,19,
20,42521259,84,26,
20,42521493,50,9,
20,42521629,174,328,
20,42521630,34,4,
20,42521773,157,104,
20,42521795,184,113,
20,42521905,70,17,
20,42523202,54,21,
20,42523745,560,100,
20,42523855,20,1,
20,42524130,263,49,
20,42524174,587,563,
20,42524422,275,297,
20,42524555,137,37,
20,42524848,241,78,
20,42525290,102,53,
20,42525384,349,173,
20,42525627,20,4,
20,42525633,632,190,
20,42526081,94,17,
20,42526092,115,2,
20,42526112,47,33,
20,42526769,127,39,
20,42526926,106,37,
20,42526978,86,8,
20,42527265,326,129,
20,42527496,89,19,
20,42527572,345,437,
20,42527947,54,20,
20,42528216,167,105,
20,42528302,255,139,
20,42528435,85,58,
20,42528720,58,5,
20,42529023,198,96,
20,42529552,57,4,
20,42529771,66,15,
20,42529894,103,13,
20,42530018,38,2,
20,42530332,645,408,
20,42530424,22,0,
20,42530459,141,16,
20,42530844,69,15,
20,42530991,165,159,
20,42531215,23,7,
20,42531217,340,154,
20,42531237,81,115,
20,42531577,25,3,
20,42531695,652,842,
20,42531748,68,44,
20,42531774,59,24,
20,42531993,40,36,
20,42532014,189,46,
20,42532157,115,28,
20,42532441,468,484,
20,42532979,366,189,
20,42533648,126,39,
20,42533685,1324,979,
20,42534090,53,15,
20,42534555,113,143,
20,42534851,273,400,
20,42534918,117,128,
20,42534931,253,43,
20,42535071,376,116,
20,42535217,895,194,
20,42535314,50,32,
20,42535333,144,5,
20,42535354,108,32,
20,42535622,213,47,
20,42535936,64,106,
20,42536181,39,19,
20,42536750,122,78,
20,42537332,223,151,
20,42537567,457,60,
20,42537631,461,81,
20,42537665,96,19,
20,42538519,44,0,
20,42538903,179,196,
20,42538906,164,42,
20,42538914,404,67,
20,42539155,393,229,
20,42539462,267,534,
20,42539883,121,68,
20,42539987,293,687,
20,42540182,227,208,
20,42540397,122,67,
20,42540862,281,432,
20,42541173,267,198,
20,42541193,18,2,
20,42541508,182,142,
20,42541885,26,7,
20,42542280,257,79,
20,42543431,71,155,
20,42543601,137,71,
20,42543818,69,5,
20,42544336,233,39,
20,42544367,324,312,
20,42544437,377,56,
20,42544665,135,59,
20,42545875,59,20,
20,42545986,226,80,
20,42546216,380,154,
20,42546246,207,45,
20,42547003,686,224,
20,42547086,78,24,
20,42547150,97,37,
20,42547208,81,7,
20,42547489,467,134,
20,42547538,58,27,
20,42547574,8,1,
20,42547576,62,5,
20,42547610,211,67,
20,42547820,421,111,
20,42547835,55,47,
20,42548077,184,144,
20,42548215,71,19,
20,42548282,126,27,
20,42548480,19,36,
20,42548641,72,79,
20,42548719,372,359,
20,42548763,62,36,
20,42548798,79,26,
20,42548914,27,7,
20,42549039,290,381,
20,42549083,182,66,
20,42549123,204,61,
20,42549145,118,180,
20,42549147,131,75,
20,42549148,122,13,
20,42549184,110,24,
20,42549195,119,23,
20,42549343,106,80,
20,42549425,66,182,
20,42549624,724,439,
20,42549807,385,190,
20,42550501,263,97,
20,42550703,75,45,
20,42550709,21,0,
20,42551660,80,25,
20,42551863,134,91,
20,42551900,1074,96,
20,42551938,62,4,
20,42552039,20,2,
20,42552174,53,27,
20,42552227,307,175,
20,42552887,114,16,
20,42552915,203,23,
20,42552976,178,262,
20,42553313,122,28,
20,42553360,29,12,
20,42553682,313,96,
20,42553780,12,3,
20,42553949,334,139,
20,42554008,148,132,
20,42554161,174,52,
20,42554209,96,41,
20,42554371,176,3,
20,42554420,225,64,
20,42554422,31,4,
20,42554521,145,19,
20,42554606,22,2,
20,42555066,253,158,
20,42555320,358,153,
20,42555440,485,396,
20,42555594,409,352,
20,42556408,98,241,
20,42556808,94,38,
20,42557019,36,18,
20,42557098,513,88,
20,42557172,270,362,
20,42557255,409,109,
20,42557267,29,2,
20,42557276,128,126,
20,42557342,288,214,
20,42557410,50,14,
20,42557412,29,5,
20,42557586,471,432,
20,42557692,97,112,
20,42557850,166,65,
20,42557904,32,2,
20,42557920,98,19,
20,42557924,97,86,
20,42557947,459,187,
20,42558037,324,119,
20,42558038,19,6,
20,42558143,88,64,
20,42558275,60,14,
20,42558280,9,3,
20,42558422,47,32,
20,42558496,92,3,
20,42558602,64,74,
20,42558763,201,41,
20,42559052,236,64,
20,42559744,269,200,
20,42559882,409,256,
20,42559909,437,158,
20,42560069,504,230,
20,42560171,151,81,
20,42560284,104,30,
20,42560558,946,563,
20,42561711,467,66,
20,42562175,205,78,
20,42562295,84,55,
20,42562529,245,463,
20,42562743,207,55,
20,42562750,1201,257,
20,42562758,80,43,
20,42562847,632,221,
20,42563534,164,57,
20,42563845,157,56,
20,42564144,33,11,
20,42564392,12,5,
20,42564512,18,0,
20,42564687,404,171,
20,42564735,88,16,
20,42564873,35,7,
20,42564932,42,1,
20,42565513,102,16,
20,42565606,550,522,
20,42565638,75,13,
20,42565821,445,109,
20,42566112,1263,266,
20,42566141,203,83,
20,42566192,590,205,
20,42566502,26,1,
20,42566548,5,0,
20,42567280,165,14,
20,42568056,129,137,
20,42568399,831,277,
20,42568516,128,30,
20,42568749,17,3,
20,42568805,113,58,
20,42569109,230,67,
20,42569306,18,0,
20,42569582,16,12,28
20,42569913,194,37,
20,42569926,20,1,
20,42569938,41,22,
20,42570055,20,11,
20,42570271,8,1,
20,42570429,40,9,
20,42570555,8,0,
20,42570988,436,462,
20,42571236,8,1,
20,42571272,186,14,
20,42571340,46,6,
20,42571367,193,122,
20,42571468,28,2,
20,42571507,9,2,
20,42571541,121,28,
20,42571608,212,392,
20,42571651,148,55,
20,42571995,241,164,
20,42572057,414,92,
20,42572364,10,2,
20,42572515,168,127,
20,42572573,140,25,
20,42572602,109,13,
20,42572662,568,69,
20,42572770,42,8,
20,42573232,17,8,6
20,42573574,9,0,
20,42573761,3,0,
20,42573875,294,259,
20,42573997,20,3,
20,42574125,230,127,
20,42574426,31,1,
20,42574600,3,0,
20,42574601,5,2,
20,42574641,356,71,
20,42575082,83,14,
20,42575111,3,0,
20,42575155,82,31,
20,42575159,60,16,
20,42575189,37,17,
20,42575200,81,74,
20,42575390,45,2,5
20,42575535,124,298,
20,42575537,319,316,
20,42575841,121,28,
20,42575900,226,103,
20,42575951,48,28,
20,42575990,265,92,
20,42576199,3,0,
20,42576242,264,95,
20,42576443,1010,431,
20,42576489,34,4,
20,42576718,3,0,
20,42576755,213,99,
20,42577076,486,287,
20,42577272,129,94,
20,42577387,160,50,
20,42577661,53,17,
20,42577736,472,106,
20,42577739,23,12,
20,42577938,27,3,
20,42578201,3,0,
20,42578237,392,354,
20,42578243,23,6,
20,42578264,50,5,
20,42578320,6,2,
20,42578929,73,21,
20,42579175,29,4,
20,42579319,47,17,
20,42579472,658,430,
20,42579517,14,6,
20,42579645,3,1,
20,42579682,5,0,
20,42579760,5,0,
20,42579873,884,1553,
20,42579969,229,74,
20,42580208,5,0,
20,42580231,29,4,
20,42580248,7,2,
20,42580397,11,0,
20,42580565,49,23,
20,42580659,158,268,
20,42580975,20,9,
20,42581006,17,0,
20,42581119,318,244,
20,42581148,8,5,
20,42581587,29,9,
20,42582203,116,38,
20,42582250,9,0,
20,42582352,51,38,
20,42582407,3,0,
20,42582533,31,8,
20,42582607,19,0,
20,42582797,8,0,
20,42583086,275,79,
20,42583141,174,87,
20,42583181,57,26,
20,42583246,3,0,
20,42583297,264,703,
20,42583445,14,3,
20,42583555,5,1,
20,42583688,44,32,
20,42583726,157,95,
20,42583783,12,4,
20,42583947,254,13,20
20,42583986,79,20,9
20,42584078,12,2,
20,42584141,10,1,
20,42584174,8,0,
20,42584347,22,1,
20,42584400,735,425,
20,42584478,17,0,
20,42584566,11,9,
20,42584610,178,138,25
20,42584621,154,141,
20,42584750,268,123,
20,42584860,33,11,27
20,42584896,15,1,
20,42584923,9,0,
20,42584981,28,23,
20,42585009,460,248,15
20,42585146,10,4,
20,42585167,11,2,
20,42585332,56,7,
20,42585438,3,0,
20,42585694,15,0,
20,42585707,264,142,13
20,42585898,19,0,
20,42585979,24,7,
20,42586042,244,73,
20,42586184,64,14,
20,42586291,123,59,
20,42586590,171,52,
20,42586879,245,37,
20,42586933,39,44,
20,42587014,34,31,
20,42587078,21,3,
20,42587121,15,2,
20,42587356,337,44,29
20,42587383,37,37,
20,42587826,64,72,
20,42587829,134,93,
20,42587883,61,43,
20,42588151,126,59,
20,42588261,4,0,
20,42588692,15,0,
20,42588762,25,0,
20,42588956,309,71,18
20,42589032,9,0,
20,42589054,37,4,
20,42589553,9,0,
20,42589629,48,10,
20,42589863,213,303,
20,42590045,3,1,
20,42590055,120,90,23
20,42590213,50,39,
20,42590290,66,34,
20,42590307,213,72,26
20,42590342,35,10,
20,42590483,44,4,
20,42590565,43,75,
20,42590788,66,17,
20,42590903,168,104,27
20,42590981,180,282,22
20,42590992,111,119,
20,42591029,101,6,
20,42591142,6,1,
20,42591291,80,25,
20,42591671,3,0,
20,42591727,24,9,
20,42591815,6,1,
20,42591818,35,12,
20,42591916,63,29,
20,42591938,13,0,
20,42591961,13,0,
20,42592126,87,55,24
20,42592224,163,57,17
20,42592290,9,5,
20,42592316,37,5,
20,42592370,25,9,
20,42592397,49,3,
20,42592543,159,28,16
20,42592665,165,239,
20,42592727,4,0,
20,42592746,7,5,
20,42592910,421,101,7
20,42593135,22,30,
20,42593249,12,0,
20,42593366,11,0,
20,42593383,18,6,
20,42593408,7,0,
20,42593425,12,1,
20,42593514,3,2,
20,42593614,325,37,2
20,42594024,114,26,3
20,42594130,7,1,
20,42594214,8,0,
20,42594256,134,49,
20,42594270,9,0,
20,42594387,47,16,11
20,42594499,69,36,
20,42594588,27,8,
20,42594595,4,0,
20,42594750,15,5,17
20,42594756,9,1,
20,42594766,263,146,15
20,42594850,36,4,
20,42594865,8,1,
20,42594896,69,7,23
20,42594922,5,3,
20,42595051,4,0,
20,42595182,8,1,
20,42595190,228,42,1
20,42595245,7,1,
20,42595265,4,0,
20,42595307,101,174,14
20,42595363,6,0,
20,42595478,11,0,
20,42595542,5,0,
20,42595551,10,2,
20,42595602,11,0,
20,42595805,6,1,
20,42595815,15,18,
20,42596310,4,0,
20,42596343,11,0,
20,42596450,55,10,2
20,42596603,5,0,
20,42596607,21,3,5
20,42596797,5,2,
20,42596843,8,2,5
20,42596950,4,1,
20,42597198,7,2,
20,42597261,4,0,
20,42597281,3,0,
20,42597295,7,0,
20,42597395,8,2,16
21,42493832,228,48,
21,42497093,689,295,
21,42498754,175,52,
21,42501102,313,40,
21,42502899,126,108,
21,42506984,594,226,
21,42507932,245,252,
21,42509760,55,25,
21,42509953,419,141,
21,42513290,121,23,
21,42513331,102,25,
21,42514105,617,483,
21,42514553,129,38,
21,42515238,83,30,
21,42515315,255,68,
21,42515426,191,100,
21,42515584,65,16,
21,42516268,118,58,
21,42516433,130,37,
21,42516568,71,17,
21,42516836,94,41,
21,42517035,258,116,
21,42517163,45,49,
21,42517164,338,96,
21,42517234,177,103,
21,42517447,2308,679,
21,42518953,89,63,
21,42519862,146,51,
21,42519875,68,11,
21,42520432,272,29,
21,42520470,71,8,
21,42520601,141,122,
21,42520632,108,22,
21,42520861,164,95,
21,42521069,140,19,
21,42521259,84,26,
21,42521493,50,9,
21,42521629,174,328,
21,42521630,34,4,
21,42521773,157,104,
21,42521795,184,113,
21,42521905,70,17,
21,42523202,54,21,
21,42523745,560,100,
21,42523855,20,1,
21,42524130,263,49,
21,42524174,587,563,
21,42524422,275,297,
21,42524555,137,37,
21,42524848,241,78,
21,42525290,102,53,
21,42525384,349,173,
21,42525627,20,4,
21,42525633,632,190,
21,42526081,94,17,
21,42526092,115,2,
21,42526112,47,33,
21,42526769,127,39,
21,42526926,106,37,
21,42526978,86,8,
21,42527265,326,129,
21,42527496,89,19,
21,42527572,345,437,
21,42527947,54,20,
21,42528216,167,105,
21,42528302,255,139,
21,42528435,85,58,
21,42528720,59,5,
21,42529023,198,96,
21,42529552,57,4,
21,42529771,66,15,
21,42529894,103,13,
21,42530018,38,2,
21,42530332,645,408,
21,42530424,22,0,
21,42530459,141,16,
21,42530844,69,15,
21,42530991,165,159,
21,42531215,23,7,
21,42531217,340,154,
21,42531237,81,115,
21,42531577,25,3,
21,42531695,652,842,
21,42531748,68,44,
21,42531774,59,24,
21,42531993,40,36,
21,42532014,189,46,
21,42532157,115,28,
21,42532441,468,485,
21,42532979,366,189,
21,42533648,126,39,
21,42533685,1324,980,
21,42534090,53,15,
21,42534555,113,143,
21,42534851,273,400,
21,42534918,117,128,
21,42534931,253,43,
21,42535071,376,116,
21,42535217,895,194,
21,42535314,50,32,
21,42535333,144,5,
21,42535354,108,32,
21,42535622,213,47,
21,42535936,64,107,
21,42536181,39,19,
21,42536750,122,78,
21,42537332,223,151,
21,42537567,457,60,
21,42537631,461,81,
21,42537665,96,19,
21,42538519,44,0,
21,42538903,179,196,
21,42538906,164,42,
21,42538914,405,67,
21,42539155,393,229,
21,42539462,267,534,
21,42539883,121,68,
21,42539987,293,687,
21,42540182,228,208,
21,42540397,122,67,
21,42540862,281,432,
21,42541173,267,198,
21,42541193,18,2,
21,42541508,182,142,
21,42541885,26,7,
21,42542280,257,79,
21,42543431,71,155,
21,42543601,137,71,
21,42543818,69,5,
21,42544336,233,39,
21,42544367,324,312,
21,42544437,377,56,
21,42544665,135,59,
21,42545875,59,20,
21,42545986,226,80,
21,42546216,380,154,
21,42546246,208,45,
21,42547003,686,224,
21,42547086,78,24,
21,42547150,97,37,
21,42547208,81,7,
21,42547489,467,134,
21,42547538,58,27,
21,42547574,8,1,
21,42547576,62,5,
21,42547610,211,67,
21,42547820,421,111,
21,42547835,55,47,
21,42548077,184,144,
21,42548215,71,19,
21,42548282,126,27,
21,42548480,19,36,
21,42548641,72,79,
21,42548719,372,359,
21,42548763,62,36,
21,42548798,80,26,
21,42548914,27,7,
21,42549039,292,381,
21,42549083,182,66,
21,42549123,204,61,
21,42549145,119,186,
21,42549147,131,75,
21,42549148,122,13,
21,42549184,110,24,
21,42549195,119,23,
21,42549343,106,80,
21,42549425,66,182,
21,42549624,726,439,
21,42549807,385,190,
21,42550501,263,97,
21,42550703,75,45,
21,42550709,21,0,
21,42551660,80,25,
21,42551863,134,91,
21,42551900,1074,96,
21,42551938,62,4,
21,42552039,20,2,
21,42552174,53,27,
21,42552227,307,175,
21,42552887,114,16,
21,42552915,203,23,
21,42552976,178,262,
21,42553313,122,28,
21,42553360,30,12,
21,42553682,313,96,
21,42553780,12,3,
21,42553949,334,139,
21,42554008,148,132,
21,42554161,174,52,
21,42554209,96,41,
21,42554371,176,3,
21,42554420,225,64,
21,42554422,31,4,
21,42554521,145,19,
21,42555066,253,158,
21,42555320,358,153,
21,42555440,485,397,
21,42555594,409,352,
21,42556408,98,241,
21,42556808,95,38,
21,42557019,36,18,
21,42557098,513,88,
21,42557172,271,362,
21,42557255,409,109,
21,42557267,29,2,
21,42557276,128,126,
21,42557342,288,214,
21,42557410,50,14,
21,42557412,29,5,
21,42557586,471,432,
21,42557692,98,112,
21,42557850,167,67,
21,42557904,32,2,
21,42557920,98,19,
21,42557924,99,91,
21,42557947,460,188,
21,42558037,324,119,
21,42558038,19,6,
21,42558143,89,64,
21,42558275,60,14,
21,42558280,9,3,
21,42558422,48,32,
21,42558496,92,3,
21,42558602,67,74,
21,42558763,201,41,
21,42559052,236,64,
21,42559744,269,200,
21,42559882,409,256,
21,42559909,437,158,
21,42560069,504,230,
21,42560171,151,81,
21,42560284,104,30,
21,42560558,946,563,
21,42561711,467,66,
21,42562175,205,78,
21,42562295,84,55,
21,42562529,245,463,
21,42562743,207,55,
21,42562750,1201,257,
21,42562758,80,43,
21,42562847,632,221,
21,42563534,164,57,
21,42563845,157,56,
21,42564144,33,11,
21,42564392,12,5,
21,42564512,18,0,
21,42564687,404,171,
21,42564735,88,16,
21,42564873,35,7,
21,42564932,42,1,
21,42565513,102,16,
21,42565606,550,522,
21,42565638,75,13,
21,42565821,446,109,
21,42566112,1263,266,
21,42566141,203,83,
21,42566192,591,205,
21,42566502,26,1,
21,42566548,5,0,
21,42567280,165,14,
21,42568056,129,137,
21,42568399,831,277,
21,42568516,128,30,
21,42568749,17,3,
21,42568805,113,58,
21,42569077,3,1,
21,42569109,230,67,
21,42569306,18,0,
21,42569582,16,13,
21,42569913,194,37,
21,42569926,20,1,
21,42569938,41,22,
21,42570055,20,11,
21,42570271,8,1,
21,42570429,41,9,
21,42570555,8,0,
21,42570988,436,462,
21,42571236,8,1,
21,42571272,186,14,
21,42571340,46,6,
21,42571367,193,122,
21,42571468,28,2,
21,42571507,9,2,
21,42571541,121,28,
21,42571608,213,392,
21,42571651,148,55,
21,42571995,241,165,
21,42572057,414,92,
21,42572364,10,2,
21,42572515,168,127,
21,42572573,140,25,
21,42572662,568,69,
21,42572770,42,8,
21,42573232,25,15,7
21,42573574,9,0,
21,42573761,3,0,
21,42573875,295,262,
21,42573997,20,3,
21,42574125,230,127,
21,42574426,31,1,
21,42574600,3,0,
21,42574601,5,2,
21,42574641,357,71,
21,42575082,83,14,
21,42575111,3,0,
21,42575155,82,31,
21,42575159,60,16,
21,42575189,37,17,
21,42575200,81,74,
21,42575390,51,3,6
21,42575535,124,299,
21,42575537,319,316,
21,42575841,121,28,
21,42575900,226,103,
21,42575951,48,28,
21,42575990,265,92,
21,42576199,3,0,
21,42576242,264,95,
21,42576443,1013,432,
21,42576489,34,4,
21,42576718,3,0,
21,42576755,213,99,
21,42577076,486,287,
21,42577272,129,95,
21,42577387,160,50,
21,42577661,53,17,
21,42577736,472,106,
21,42577739,23,12,
21,42577938,27,3,
21,42578201,3,0,
21,42578237,392,356,
21,42578243,23,6,
21,42578264,50,5,
21,42578320,6,2,
21,42578929,73,21,
21,42579175,29,4,
21,42579319,47,17,
21,42579472,660,430,
21,42579517,14,6,
21,42579645,3,1,
21,42579682,5,0,
21,42579760,5,0,
21,42579873,885,1553,
21,42579969,229,74,
21,42580208,5,0,
21,42580231,29,4,
21,42580248,7,2,
21,42580397,11,0,
21,42580565,49,23,
21,42580659,159,268,
21,42580975,20,9,
21,42581006,17,0,
21,42581119,319,244,
21,42581148,9,6,
21,42581587,29,9,
21,42582203,118,38,
21,42582250,9,0,
21,42582352,53,38,
21,42582407,3,0,
21,42582533,31,8,
21,42582607,19,0,
21,42582797,8,0,
21,42583086,275,79,
21,42583141,174,87,
21,42583181,58,27,
21,42583246,18,1,10
21,42583297,264,706,
21,42583445,14,3,
21,42583555,5,1,
21,42583688,45,32,
21,42583726,157,95,
21,42583783,12,4,
21,42583947,264,13,22
21,42583986,81,26,9
21,42584078,12,2,
21,42584141,10,1,
21,42584174,8,0,
21,42584347,22,1,
21,42584400,738,425,
21,42584478,17,0,
21,42584566,11,9,
21,42584610,184,142,25
21,42584621,154,141,
21,42584750,272,125,
21,42584860,39,11,25
21,42584896,15,1,
21,42584923,9,0,
21,42584981,28,23,
21,42585009,466,251,20
21,42585146,11,4,
21,42585167,11,2,
21,42585332,56,7,
21,42585438,3,0,
21,42585694,16,0,
21,42585707,273,148,14
21,42585898,19,0,
21,42585979,24,7,
21,42586042,247,73,
21,42586184,66,14,
21,42586291,123,59,
21,42586590,171,52,
21,42586879,245,37,
21,42586933,39,44,
21,42587014,34,31,
21,42587078,21,3,
21,42587121,16,4,
21,42587356,341,45,30
21,42587383,37,37,
21,42587826,64,72,
21,42587829,135,93,
21,42587883,61,43,
21,42588151,126,59,
21,42588261,4,0,
21,42588692,15,0,
21,42588762,25,0,
21,42588956,315,71,18
21,42589032,9,0,
21,42589054,37,4,
21,42589553,9,0,
21,42589629,51,10,
21,42589863,214,307,
21,42590045,3,1,
21,42590055,124,91,24
21,42590213,50,40,
21,42590290,68,36,
21,42590307,215,73,28
21,42590342,35,10,
21,42590483,48,4,
21,42590565,43,77,
21,42590788,66,17,
21,42590903,170,107,28
21,42590981,202,308,22
21,42590992,112,120,
21,42591029,101,6,
21,42591142,6,1,
21,42591291,81,25,
21,42591671,3,0,
21,42591727,24,9,
21,42591815,6,1,
21,42591818,36,12,
21,42591916,63,29,
21,42591938,13,0,
21,42591961,13,0,
21,42592126,90,57,26
21,42592224,170,57,17
21,42592290,9,5,
21,42592316,37,5,
21,42592370,25,9,
21,42592397,49,3,
21,42592543,163,30,
21,42592665,165,240,
21,42592727,4,0,
21,42592746,7,5,
21,42592910,444,107,8
21,42593135,23,30,
21,42593249,14,0,
21,42593366,11,0,
21,42593408,7,0,
21,42593425,12,1,
21,42593514,3,2,
21,42593614,345,38,2
21,42594024,129,32,4
21,42594130,7,1,
21,42594214,8,0,
21,42594256,140,54,
21,42594270,9,0,
21,42594387,49,18,12
21,42594499,69,39,
21,42594588,30,8,
21,42594595,4,0,
21,42594750,17,6,19
21,42594756,9,1,
21,42594766,290,183,16
21,42594850,36,6,
21,42594896,69,7,
21,42594922,5,3,
21,42595051,4,0,
21,42595182,9,1,
21,42595190,268,49,1
21,42595245,7,1,
21,42595265,4,0,
21,42595307,114,203,17
21,42595363,6,0,
21,42595375,4,1,
21,42595478,11,0,
21,42595542,5,0,
21,42595551,10,2,
21,42595602,11,0,
21,42595805,6,1,
21,42595815,16,19,
21,42596310,4,1,
21,42596343,11,0,
21,42596410,4,0,
21,42596450,72,20,3
21,42596603,5,0,
21,42596607,34,8,3
21,42596797,5,2,
21,42596843,10,3,10
21,42596950,4,1,
21,42596983,37,6,2
21,42597198,9,3,
21,42597261,7,0,
21,42597281,6,1,
21,42597295,9,0,
21,42597395,30,7,12
21,42597428,5,1,6
21,42597725,4,0,
22,42493832,228,48,
22,42497093,689,295,
22,42498754,175,52,
22,42501102,313,40,
22,42502899,126,108,
22,42506984,594,226,
22,42507932,245,252,
22,42509760,55,25,
22,42509953,419,141,
22,42513290,121,23,
22,42513331,102,25,
22,42514105,617,483,
22,42514553,129,38,
22,42515238,83,30,
22,42515315,255,68,
22,42515426,191,100,
22,42515584,65,16,
22,42516268,118,58,
22,42516433,130,37,
22,42516568,71,17,
22,42516836,94,41,
22,42517035,258,116,
22,42517163,45,49,
22,42517164,338,96,
22,42517234,177,103,
22,42517447,2308,679,
22,42518444,175,35,
22,42518953,89,63,
22,42519862,146,51,
22,42519875,68,11,
22,42520432,272,29,
22,42520470,71,8,
22,42520601,141,122,
22,42520632,108,22,
22,42520861,164,95,
22,42521069,140,19,
22,42521259,84,26,
22,42521493,50,9,
22,42521629,174,328,
22,42521630,34,4,
22,42521773,157,104,
22,42521795,184,113,
22,42521905,70,17,
22,42523202,54,21,
22,42523745,560,100,
22,42523855,20,1,
22,42524130,263,49,
22,42524174,587,563,
22,42524422,275,297,
22,42524555,137,37,
22,42524848,241,78,
22,42525290,102,53,
22,42525384,349,173,
22,42525627,20,4,
22,42525633,632,191,
22,42526081,94,17,
22,42526092,115,2,
22,42526112,47,33,
22,42526769,127,39,
22,42526926,106,37,
22,42526978,86,8,
22,42527265,326,129,
22,42527496,89,19,
22,42527572,345,437,
22,42527947,54,20,
22,42528216,167,105,
22,42528302,255,139,
22,42528435,85,58,
22,42528720,59,5,
22,42529023,199,96,
22,42529552,57,4,
22,42529771,66,15,
22,42529894,103,13,
22,42530018,38,2,
22,42530332,645,408,
22,42530424,22,0,
22,42530459,141,16,
22,42530844,69,15,
22,42530991,165,159,
22,42531215,23,7,
22,42531217,340,154,
22,42531237,81,115,
22,42531577,25,3,
22,42531695,652,842,
22,42531748,68,44,
22,42531774,59,24,
22,42531993,40,36,
22,42532014,189,46,
22,42532157,115,28,
22,42532441,468,485,
22,42532979,366,189,
22,42533648,126,39,
22,42533685,1324,980,
22,42534090,53,15,
22,42534555,113,143,
22,42534851,273,400,
22,42534918,117,128,
22,42534931,253,43,
22,42535071,376,116,
22,42535217,895,194,
22,42535314,50,32,
22,42535333,144,5,
22,42535354,108,32,
22,42535622,213,47,
22,42535936,64,107,
22,42536181,39,19,
22,42536750,122,78,
22,42537332,223,151,
22,42537567,457,60,
22,42537631,461,81,
22,42537665,96,19,
22,42538519,44,0,
22,42538903,179,196,
22,42538906,164,42,
22,42538914,405,67,
22,42539155,393,229,
22,42539462,267,534,
22,42539883,121,68,
22,42539987,293,687,
22,42540182,228,208,
22,42540397,122,67,
22,42540862,281,432,
22,42541173,267,198,
22,42541193,18,2,
22,42541508,182,142,
22,42541885,26,7,
22,42542280,257,79,
22,42543431,71,155,
22,42543601,137,71,
22,42543818,69,5,
22,42544336,233,39,
22,42544367,324,312,
22,42544437,377,56,
22,42544665,135,59,
22,42545875,59,20,
22,42545986,226,80,
22,42546216,380,154,
22,42546246,208,45,
22,42547003,686,224,
22,42547086,78,24,
22,42547150,97,37,
22,42547208,81,7,
22,42547489,467,134,
22,42547538,58,27,
22,42547574,8,1,
22,42547576,62,5,
22,42547610,211,67,
22,42547820,421,111,
22,42547835,55,47,
22,42548077,184,144,
22,42548215,71,19,
22,42548282,126,27,
22,42548480,19,36,
22,42548641,72,80,
22,42548719,372,359,
22,42548763,62,36,
22,42548798,80,26,
22,42548914,27,7,
22,42549039,292,381,
22,42549083,182,66,
22,42549123,204,61,
22,42549145,120,188,
22,42549147,131,75,
22,42549148,122,13,
22,42549184,110,24,
22,42549195,119,23,
22,42549343,106,80,
22,42549425,66,182,
22,42549624,726,439,
22,42549807,385,190,
22,42550501,263,97,
22,42550703,75,45,
22,42550709,21,0,
22,42551660,80,25,
22,42551863,134,91,
22,42551900,1074,96,
22,42551938,62,4,
22,42552039,20,2,
22,42552174,53,27,
22,42552227,307,175,
22,42552887,114,16,
22,42552915,205,23,
22,42552976,178,262,
22,42553313,122,28,
22,42553360,30,12,
22,42553682,313,96,
22,42553780,12,3,
22,42553949,334,139,
22,42554008,148,132,
22,42554161,174,52,
22,42554209,96,41,
22,42554371,176,3,
22,42554420,225,64,
22,42554422,31,4,
22,42554521,145,19,
22,42555066,253,158,
22,42555320,359,153,
22,42555440,485,397,
22,42555594,409,352,
22,42556408,98,241,
22,42556808,98,38,
22,42557019,36,18,
22,42557098,513,88,
22,42557172,271,362,
22,42557255,409,109,
22,42557267,29,2,
22,42557276,128,126,
22,42557342,288,214,
22,42557410,50,14,
22,42557412,29,5,
22,42557586,471,433,
22,42557692,100,112,
22,42557850,168,67,
22,42557904,32,2,
22,42557920,98,19,
22,42557924,101,92,
22,42557947,463,189,
22,42558037,324,119,
22,42558038,19,6,
22,42558143,89,64,
22,42558275,60,14,
22,42558280,9,3,
22,42558422,48,32,
22,42558496,93,3,
22,42558602,69,74,
22,42558763,201,41,
22,42559052,236,64,
22,42559744,269,200,
22,42559882,410,256,
22,42559909,437,158,
22,42560069,505,230,
22,42560171,151,81,
22,42560284,104,30,
22,42560558,946,563,
22,42561711,467,66,
22,42562175,205,78,
22,42562295,84,55,
22,42562529,245,463,
22,42562743,207,55,
22,42562750,1201,257,
22,42562758,80,43,
22,42562847,632,221,
22,42563534,164,57,
22,42563845,157,56,
22,42564144,33,11,
22,42564392,12,5,
22,42564512,18,0,
22,42564687,404,171,
22,42564735,88,16,
22,42564873,35,7,
22,42564932,42,1,
22,42565513,102,16,
22,42565606,550,523,
22,42565638,75,13,
22,42565821,446,109,
22,42566112,1263,266,
22,42566141,203,83,
22,42566192,592,205,
22,42566502,26,1,
22,42566548,5,0,
22,42567280,165,14,
22,42568056,129,137,
22,42568399,831,277,
22,42568516,129,30,
22,42568749,17,3,
22,42568805,113,58,
22,42569077,4,4,23
22,42569109,230,67,
22,42569306,18,0,
22,42569582,16,17,
22,42569913,194,37,
22,42569926,20,1,
22,42569938,41,22,
22,42570055,20,11,
22,42570271,8,1,
22,42570429,41,9,
22,42570555,8,0,
22,42570988,436,462,
22,42571236,8,1,
22,42571272,186,14,
22,42571340,46,6,
22,42571367,193,122,
22,42571468,28,2,
22,42571507,9,2,
22,42571541,121,28,
22,42571608,213,392,
22,42571651,149,55,
22,42571995,241,165,
22,42572057,415,92,
22,42572364,10,2,
22,42572573,140,25,
22,42572662,568,70,
22,42572770,42,8,
22,42573232,42,21,5
22,42573574,9,0,
22,42573761,3,0,
22,42573875,295,262,
22,42573997,20,3,
22,42574125,230,127,
22,42574426,31,1,
22,42574600,3,0,
22,42574601,5,2,
22,42574641,358,71,
22,42575082,83,14,
22,42575111,3,0,
22,42575155,82,31,
22,42575159,60,16,
22,42575189,37,17,
22,42575200,81,74,
22,42575390,67,4,9
22,42575535,124,300,
22,42575537,320,318,
22,42575841,121,28,
22,42575900,226,103,
22,42575951,48,28,
22,42575990,265,92,
22,42576199,3,0,
22,42576242,264,95,
22,42576443,1013,432,
22,42576489,34,4,
22,42576718,3,0,
22,42576755,213,99,
22,42577076,487,288,
22,42577272,129,95,
22,42577387,160,50,
22,42577661,53,17,
22,42577736,472,106,
22,42577739,23,12,
22,42577938,27,3,
22,42578201,3,0,
22,42578237,394,356,
22,42578243,23,6,
22,42578264,50,5,
22,42578320,6,2,
22,42578929,73,21,
22,42579175,29,4,
22,42579319,47,17,
22,42579472,660,430,
22,42579517,14,6,
22,42579645,3,1,
22,42579682,5,0,
22,42579760,5,0,
22,42579873,885,1555,
22,42579969,229,74,
22,42580208,5,0,
22,42580231,29,4,
22,42580248,7,2,
22,42580397,11,0,
22,42580565,49,23,
22,42580659,163,272,
22,42580975,20,9,
22,42581006,17,0,
22,42581119,320,244,
22,42581148,9,6,
22,42581587,29,9,
22,42582203,119,40,
22,42582250,9,0,
22,42582352,53,39,
22,42582407,3,0,
22,42582533,31,8,
22,42582607,19,0,
22,42582797,8,0,
22,42583086,275,79,
22,42583141,174,87,
22,42583181,58,27,
22,42583246,33,3,8
22,42583297,267,716,
22,42583445,14,3,
22,42583555,6,1,
22,42583688,45,33,
22,42583726,157,95,
22,42583783,12,4,
22,42583947,268,13,24
22,42583986,89,27,11
22,42584078,12,2,
22,42584141,10,1,
22,42584174,8,0,
22,42584347,22,1,
22,42584400,741,425,
22,42584478,17,0,
22,42584566,11,9,
22,42584610,193,148,26
22,42584621,154,141,
22,42584750,275,128,
22,42584860,43,11,26
22,42584896,15,1,
22,42584923,9,0,
22,42584981,28,23,
22,42585009,480,254,18
22,42585146,11,4,
22,42585167,11,2,
22,42585332,56,7,
22,42585438,3,0,
22,42585694,16,0,
22,42585707,286,151,12
22,42585979,24,7,
22,42586042,249,73,
22,42586184,66,14,
22,42586590,172,54,
22,42586879,245,37,
22,42586933,39,44,
22,42587014,34,31,
22,42587078,21,3,
22,42587121,17,4,
22,42587356,344,46,30
22,42587383,37,37,
22,42587826,64,72,
22,42587829,135,93,
22,42587883,61,43,
22,42588151,126,59,
22,42588261,4,0,
22,42588692,15,0,
22,42588762,25,0,
22,42588956,317,73,18
22,42589032,9,0,
22,42589054,37,4,
22,42589553,9,0,
22,42589629,51,10,
22,42589863,217,311,
22,42590045,3,1,
22,42590055,129,91,25
22,42590213,50,40,
22,42590290,70,38,
22,42590307,217,74,
22,42590342,36,10,
22,42590483,49,4,
22,42590565,43,78,
22,42590788,67,17,
22,42590903,175,107,29
22,42590981,226,338,18
22,42590992,112,120,
22,42591029,101,6,
22,42591142,6,1,
22,42591291,81,25,
22,42591671,3,0,
22,42591727,24,9,
22,42591815,6,1,
22,42591818,37,12,
22,42591916,63,29,
22,42591938,14,0,
22,42591961,13,0,
22,42592126,98,61,28
22,42592224,177,59,17
22,42592290,9,5,
22,42592316,37,5,
22,42592370,25,9,
22,42592397,49,3,
22,42592543,169,30,
22,42592665,166,241,
22,42592727,4,0,
22,42592910,462,109,9
22,42593135,23,30,
22,42593249,15,1,
22,42593366,11,0,
22,42593408,7,0,
22,42593425,12,1,
22,42593514,3,2,
22,42593614,357,39,4
22,42594024,137,40,6
22,42594130,7,1,
22,42594214,10,0,
22,42594256,141,56,
22,42594270,9,0,
22,42594387,53,20,16
22,42594499,69,39,
22,42594588,32,8,
22,42594595,4,0,
22,42594750,20,7,
22,42594756,9,1,
22,42594766,325,208,21
22,42594850,37,7,
22,42594896,69,7,
22,42594922,5,3,
22,42594972,3,0,
22,42595051,4,0,
22,42595083,3,0,
22,42595182,10,1,
22,42595190,300,52,1
22,42595245,7,1,
22,42595307,133,227,22
22,42595363,6,0,
22,42595478,12,0,
22,42595542,5,0,
22,42595551,10,2,
22,42595602,11,0,
22,42595758,4,0,
22,42595805,6,1,
22,42595815,16,20,
22,42596310,4,1,
22,42596343,12,0,
22,42596410,4,0,
22,42596450,80,26,3
22,42596603,5,0,
22,42596607,41,14,4
22,42596797,5,2,
22,42596843,12,3,12
22,42596983,64,15,1
22,42597071,4,0,
22,42597198,9,2,
22,42597261,7,0,
22,42597281,6,1,
22,42597283,7,2,16
22,42597295,9,0,
22,42597305,3,1,
22,42597395,43,17,13
22,42597604,9,0,
22,42597725,5,2,
22,42597977,6,2,
23,42493832,228,48,
23,42497093,689,295,
23,42498754,175,52,
23,42501102,313,40,
23,42502899,126,108,
23,42506984,594,226,
23,42507932,245,252,
23,42509760,55,25,
23,42509953,419,141,
23,42513290,121,23,
23,42513331,102,25,
23,42514105,617,484,
23,42514553,129,38,
23,42515238,83,30,
23,42515315,255,68,
23,42515426,191,100,
23,42515584,65,16,
23,42516268,118,58,
23,42516433,130,37,
23,42516568,71,17,
23,42516836,94,41,
23,42517035,258,116,
23,42517163,45,49,
23,42517234,177,103,
23,42517447,2308,679,
23,42518953,89,63,
23,42519862,146,51,
23,42519875,68,11,
23,42520432,272,29,
23,42520470,71,8,
23,42520601,141,122,
23,42520632,108,22,
23,42520861,164,95,
23,42521069,140,19,
23,42521259,84,26,
23,42521493,50,9,
23,42521629,174,328,
23,42521630,34,4,
23,42521773,157,104,
23,42521795,184,113,
23,42521905,70,17,
23,42523745,560,100,
23,42523855,20,1,
23,42524130,263,49,
23,42524174,587,563,
23,42524422,275,297,
23,42524555,137,38,
23,42524848,241,78,
23,42525290,102,53,
23,42525384,349,173,
23,42525627,20,4,
23,42525633,632,191,
23,42526081,94,17,
23,42526092,115,2,
23,42526112,47,33,
23,42526769,127,39,
23,42526926,106,37,
23,42526978,86,8,
23,42527265,326,129,
23,42527496,89,19,
23,42527572,345,437,
23,42527947,54,20,
23,42528216,167,105,
23,42528302,255,139,
23,42528435,85,58,
23,42528720,59,5,
23,42529023,199,96,
23,42529552,57,4,
23,42529771,66,15,
23,42529894,103,13,
23,42530018,38,2,
23,42530332,645,408,
23,42530424,22,0,
23,42530459,141,16,
23,42530844,69,15,
23,42530991,165,159,
23,42531215,23,7,
23,42531217,340,154,
23,42531237,81,115,
23,42531577,25,3,
23,42531695,652,842,
23,42531748,68,44,
23,42531774,59,24,
23,42531993,40,36,
23,42532014,189,46,
23,42532157,115,28,
23,42532441,468,485,
23,42532979,366,189,
23,42533648,126,39,
23,42533685,1324,980,
23,42534090,53,15,
23,42534555,113,143,
23,42534851,273,400,
23,42534918,118,128,
23,42534931,253,43,
23,42535071,376,116,
23,42535217,895,194,
23,42535314,50,32,
23,42535333,144,5,
23,42535354,108,32,
23,42535622,213,47,
23,42535936,64,107,
23,42536181,39,19,
23,42536750,122,78,
23,42537332,223,151,
23,42537567,457,60,
23,42537631,461,81,
23,42537665,96,19,
23,42538519,44,0,
23,42538903,179,196,
23,42538906,164,42,
23,42538914,405,67,
23,42539155,393,229,
23,42539462,267,535,
23,42539883,121,68,
23,42539987,293,687,
23,42540182,228,208,
23,42540397,122,67,
23,42540862,281,432,
23,42541173,267,198,
23,42541193,18,2,
23,42541508,182,142,
23,42541885,26,7,
23,42542280,257,79,
23,42543431,71,155,
23,42543601,138,71,
23,42543818,69,5,
23,42544336,233,39,
23,42544367,324,312,
23,42544437,377,56,
23,42544665,135,59,
23,42545875,59,20,
23,42545986,226,80,
23,42546216,380,154,
23,42546246,208,45,
23,42547003,686,224,
23,42547086,78,24,
23,42547150,97,37,
23,42547208,81,7,
23,42547489,467,134,
23,42547538,58,27,
23,42547574,8,1,
23,42547576,62,5,
23,42547610,211,67,
23,42547820,421,111,
23,42547835,55,47,
23,42548077,184,144,
23,42548215,71,19,
23,42548282,126,27,
23,42548480,19,36,
23,42548641,72,80,
23,42548719,372,359,
23,42548763,62,36,
23,42548798,80,26,
23,42548914,27,7,
23,42549039,292,381,
23,42549083,182,66,
23,42549123,204,61,
23,42549145,120,188,
23,42549147,131,75,
23,42549148,123,13,
23,42549184,110,24,
23,42549195,119,23,
23,42549343,106,80,
23,42549425,66,182,
23,42549624,726,439,
23,42549807,385,190,
23,42550501,263,97,
23,42550703,75,45,
23,42550709,21,0,
23,42551660,80,25,
23,42551863,134,91,
23,42551900,1074,96,
23,42551938,62,4,
23,42552039,20,2,
23,42552174,53,27,
23,42552227,307,175,
23,42552887,114,16,
23,42552915,205,23,
23,42552976,178,262,
23,42553313,122,28,
23,42553360,30,12,
23,42553682,313,96,
23,42553780,12,3,
23,42553949,334,139,
23,42554008,148,132,
23,42554161,174,52,
23,42554209,96,41,
23,42554371,176,3,
23,42554420,225,64,
23,42554422,31,4,
23,42554521,145,19,
23,42555066,253,158,
23,42555320,359,153,
23,42555440,485,397,
23,42555594,409,352,
23,42556408,98,241,
23,42556808,99,38,
23,42557019,36,18,
23,42557098,513,88,
23,42557172,271,362,
23,42557255,409,109,
23,42557267,29,2,
23,42557276,128,126,
23,42557342,288,214,
23,42557410,50,14,
23,42557412,29,5,
23,42557586,471,433,
23,42557692,101,112,
23,42557850,170,67,
23,42557904,32,2,
23,42557920,98,19,
23,42557924,101,93,
23,42557947,465,189,
23,42558037,324,120,
23,42558038,19,6,
23,42558143,89,64,
23,42558275,60,14,
23,42558280,9,3,
23,42558422,48,32,
23,42558496,94,3,
23,42558602,69,74,
23,42558763,201,41,
23,42559052,236,64,
23,42559744,269,200,
23,42559882,410,256,
23,42559909,437,158,
23,42560069,505,230,
23,42560171,151,81,
23,42560284,104,30,
23,42560558,946,563,
23,42561711,468,67,
23,42562175,205,78,
23,42562295,84,55,
23,42562529,245,460,
23,42562743,207,55,
23,42562750,1201,257,
23,42562758,80,43,
23,42562847,632,221,
23,42563534,164,57,
23,42563845,157,56,
23,42564144,33,11,
23,42564392,12,5,
23,42564512,18,0,
23,42564687,405,171,
23,42564735,88,16,
23,42564873,35,7,
23,42564932,42,1,
23,42565513,102,16,
23,42565606,550,523,
23,42565638,75,13,
23,42565821,446,110,
23,42566112,1263,266,
23,42566141,203,83,
23,42566192,592,205,
23,42566502,26,1,
23,42566548,5,0,
23,42567280,165,14,
23,42568056,129,137,
23,42568399,832,277,
23,42568516,129,30,
23,42568749,17,3,
23,42568805,113,58,
23,42569077,9,5,24
23,42569109,230,67,
23,42569306,18,0,
23,42569582,17,17,
23,42569913,194,37,
23,42569926,20,1,
23,42569938,41,22,
23,42570055,20,11,
23,42570271,8,1,
23,42570429,41,9,
23,42570555,8,0,
23,42570988,436,465,
23,42571236,8,1,
23,42571272,186,14,
23,42571340,46,6,
23,42571367,193,123,
23,42571468,28,2,
23,42571507,9,2,
23,42571541,121,28,
23,42571608,214,392,
23,42571651,149,55,
23,42571995,241,165,
23,42572057,415,92,
23,42572364,10,2,
23,42572573,140,25,
23,42572662,568,70,
23,42572770,42,8,
23,42573232,54,25,3
23,42573574,9,0,
23,42573761,3,0,
23,42573875,295,263,
23,42573997,21,3,
23,42574125,230,127,
23,42574426,31,1,
23,42574600,3,0,
23,42574601,5,2,
23,42574641,358,71,
23,42575082,83,14,
23,42575111,3,0,
23,42575155,82,31,
23,42575159,60,16,
23,42575189,37,17,
23,42575200,81,74,
23,42575390,85,4,8
23,42575535,124,300,
23,42575537,320,318,
23,42575841,122,29,
23,42575900,226,103,
23,42575947,3,0,
23,42575951,48,28,
23,42575990,265,92,
23,42576199,3,0,
23,42576242,264,95,
23,42576443,1013,433,
23,42576489,34,4,
23,42576718,3,0,
23,42576755,213,99,
23,42577076,488,289,
23,42577272,129,95,
23,42577387,160,50,
23,42577661,53,17,
23,42577736,473,106,
23,42577739,23,12,
23,42577938,27,3,
23,42578201,3,0,
23,42578237,395,358,
23,42578243,23,6,
23,42578264,50,5,
23,42578320,6,2,
23,42578929,73,21,
23,42579175,29,4,
23,42579319,47,17,
23,42579472,660,431,
23,42579517,14,6,
23,42579645,3,1,
23,42579682,5,0,
23,42579760,5,0,
23,42579873,888,1553,
23,42579969,229,74,
23,42580208,5,0,
23,42580231,29,4,
23,42580248,7,2,
23,42580397,33,3,6
23,42580565,49,23,
23,42580659,164,274,
23,42580975,20,9,
23,42581006,17,0,
23,42581119,320,245,
23,42581148,9,6,
23,42581587,29,9,
23,42582203,120,40,
23,42582250,9,0,
23,42582352,55,40,
23,42582407,3,0,
23,42582533,31,8,
23,42582607,19,0,
23,42583086,275,79,
23,42583141,174,89,
23,42583181,58,28,
23,42583246,43,6,7
23,42583297,268,724,
23,42583445,14,3,
23,42583555,7,1,
23,42583688,45,33,
23,42583726,157,95,
23,42583783,12,4,
23,42583947,275,14,24
23,42583986,94,29,12
23,42584078,12,2,
23,42584141,10,1,
23,42584347,22,1,
23,42584400,745,426,
23,42584478,17,0,
23,42584566,11,9,
23,42584610,200,158,27
23,42584750,277,129,
23,42584860,49,12,21
23,42584896,15,1,
23,42584923,9,0,
23,42584981,28,23,
23,42585009,489,259,19
23,42585146,11,4,
23,42585167,11,2,
23,42585332,56,7,
23,42585438,3,0,
23,42585694,16,0,
23,42585707,297,153,14
23,42586042,249,73,
23,42586184,66,15,
23,42586518,35,62,
23,42586590,172,56,
23,42586879,246,37,
23,42586933,39,44,
23,42587014,34,31,
23,42587121,17,4,
23,42587356,345,46,30
23,42587383,37,37,
23,42587826,64,72,
23,42587829,135,93,
23,42587883,61,43,
23,42588151,127,59,
23,42588261,4,0,
23,42588692,15,0,
23,42588762,25,0,
23,42588956,322,74,21
23,42589032,9,0,
23,42589054,37,4,
23,42589553,9,0,
23,42589629,51,10,
23,42589863,218,313,
23,42590045,3,1,
23,42590055,134,91,26
23,42590213,50,39,
23,42590290,71,38,
23,42590307,218,74,
23,42590342,38,10,
23,42590483,50,4,
23,42590565,43,79,
23,42590788,67,17,
23,42590903,177,107,29
23,42590981,246,357,17
23,42590992,112,120,
23,42591029,101,6,
23,42591142,6,1,
23,42591291,81,25,
23,42591671,3,0,
23,42591727,24,9,
23,42591815,6,1,
23,42591818,39,12,
23,42591938,14,0,
23,42591961,13,0,
23,42592126,100,65,28
23,42592224,180,59,20
23,42592290,9,5,
23,42592316,40,5,
23,42592370,26,10,
23,42592397,50,3,
23,42592543,170,30,
23,42592665,168,244,
23,42592727,4,0,
23,42592910,483,110,9
23,42593135,23,31,
23,42593249,15,1,
23,42593366,11,0,
23,42593408,7,0,
23,42593425,12,1,
23,42593514,3,2,
23,42593614,373,41,3
23,42594024,146,43,4
23,42594130,7,1,
23,42594214,11,0,
23,42594256,142,56,
23,42594270,9,0,
23,42594387,59,23,16
23,42594499,70,40,
23,42594588,34,12,
23,42594595,4,0,
23,42594750,20,8,
23,42594756,9,1,
23,42594766,352,230,28
23,42594850,37,8,
23,42594896,70,7,
23,42594972,3,0,
23,42595051,4,0,
23,42595083,3,0,
23,42595182,10,1,
23,42595190,323,52,2
23,42595245,7,1,
23,42595307,152,247,24
23,42595363,6,0,
23,42595478,12,0,
23,42595542,6,0,
23,42595551,11,2,
23,42595602,11,0,
23,42595758,9,0,
23,42595805,6,1,
23,42595815,17,20,
23,42596294,3,2,
23,42596310,4,1,
23,42596343,12,0,
23,42596410,4,0,
23,42596450,84,32,3
23,42596575,6,0,
23,42596603,5,0,
23,42596607,46,20,6
23,42596797,5,3,
23,42596843,13,3,17
23,42596983,89,23,1
23,42597071,4,0,
23,42597198,9,2,
23,42597261,8,0,
23,42597281,7,1,
23,42597283,15,5,11
23,42597295,9,0,
23,42597305,3,1,
23,42597395,61,25,14
23,42597604,18,0,
23,42597725,6,4,
23,42597977,9,3,
23,42597982,8,0,
23,42598007,8,1,
23,42598360,4,0,
