hour,id,score,comments,best_rank
0,46617149,190,106,
0,46617360,364,353,
0,46617492,58,44,
0,46617668,295,366,
0,46617705,68,12,
0,46617744,120,58,
0,46617938,17,2,21
0,46618027,316,341,
0,46618042,315,234,
0,46618087,83,58,
0,46618105,87,14,
0,46618503,90,18,
0,46618544,149,139,
0,46618714,938,2375,
0,46618901,677,959,
0,46618954,34,6,
0,46619021,32,45,
0,46619030,370,293,
0,46619059,175,66,
0,46619391,69,29,
0,46619464,218,429,
0,46619614,123,49,
0,46620358,130,24,
0,46620673,126,31,
0,46620990,83,106,
0,46621518,61,68,
0,46621786,24,2,
0,46621945,253,323,
0,46622096,62,6,17
0,46622328,868,398,
0,46622463,179,89,
0,46622659,89,45,
0,46622763,25,8,
0,46623195,270,171,
0,46623761,169,36,
0,46624190,23,20,
0,46624352,215,59,
0,46624396,34,2,
0,46624541,281,187,
0,46624563,155,68,
0,46624658,239,58,
0,46624731,59,6,
0,46624883,200,214,
0,46625049,62,28,
0,46625918,171,150,
0,46626210,122,74,
0,46626338,10,0,
0,46626410,211,158,
0,46626836,186,135,
0,46627410,112,43,
0,46627652,804,148,
0,46628329,631,157,
0,46628397,243,107,
0,46629295,70,21,
0,46629474,352,264,
0,46629610,254,158,
0,46629682,253,209,
0,46629964,85,10,
0,46630369,771,571,
0,46630798,159,58,
0,46630816,272,153,
0,46631281,55,5,
0,46631394,13,8,
0,46631728,122,148,
0,46632023,569,468,
0,46632039,49,24,
0,46632057,27,9,
0,46632120,83,22,13
0,46632184,71,16,28
0,46632256,33,7,
0,46632768,142,26,
0,46632837,68,76,
0,46632871,52,9,
0,46632885,26,6,
0,46633025,55,53,
0,46633429,155,45,
0,46633488,773,474,
0,46633574,160,53,
0,46634450,167,105,
0,46634697,37,5,
0,46635309,372,64,
0,46635345,792,1230,
0,46635550,122,95,
0,46635815,9,0,
0,46636044,44,9,
0,46636093,156,38,
0,46636387,184,28,
0,46636861,42,26,
0,46637010,87,25,
0,46637127,439,371,
0,46637165,186,112,
0,46637283,10,0,
0,46637322,33,8,
0,46637328,209,47,
0,46637723,72,48,
0,46637937,51,9,
0,46638013,600,368,
0,46638241,65,45,
0,46638331,87,238,
0,46638629,315,158,
0,46638894,30,23,
0,46639320,107,5,
0,46639897,35,5,
0,46640014,53,4,
0,46640366,268,164,
0,46640392,77,25,
0,46641036,89,14,9
0,46641042,189,105,
0,46641216,37,6,
0,46641239,126,16,
0,46641284,365,116,
0,46641348,154,102,
0,46641362,90,29,
0,46641663,26,12,
0,46641992,88,63,
0,46642173,86,22,
0,46642414,103,77,
0,46642458,26,17,7
0,46642466,16,1,
0,46642560,406,57,
0,46642846,33,3,
0,46642920,340,175,
0,46643070,60,114,
0,46643092,53,52,
0,46643699,16,10,
0,46643737,44,14,
0,46643754,40,34,
0,46644173,23,1,6
0,46644181,270,9,
0,46644250,42,3,
0,46644262,5,0,
0,46644541,53,15,
0,46644661,96,34,
0,46645107,9,0,
0,46645176,306,117,
0,46645524,38,9,
0,46645553,13,8,
0,46645561,5,1,
0,46645615,557,253,
0,46645941,114,26,
0,46645942,57,31,
0,46645998,99,84,
0,46646080,140,124,
0,46646091,104,29,
0,46646226,158,180,
0,46646263,370,171,
0,46646475,535,377,
0,46646645,949,390,
0,46646777,716,306,
0,46646958,105,113,
0,46647059,135,38,
0,46647358,5,1,
0,46647491,503,278,
0,46647716,55,11,
0,46648007,4,0,
0,46648144,83,93,
0,46648752,11,10,
0,46648778,450,592,
0,46648837,4,0,
0,46648885,287,355,
0,46648900,38,37,
0,46648916,718,299,
0,46649142,1019,596,
0,46649489,102,95,
0,46649577,271,238,
0,46649781,50,11,11
0,46649808,23,2,
0,46649813,28,2,
0,46649985,26,10,
0,46650006,56,12,
0,46650297,20,6,
0,46650347,148,43,
0,46650682,6,2,
0,46650805,4,1,
0,46651027,8,0,
0,46651155,47,30,
0,46651443,319,135,
0,46651510,31,1,
0,46651681,23,6,
0,46651691,67,6,
0,46651887,199,128,
0,46652024,72,41,
0,46652173,5,0,
0,46652264,7,4,
0,46652592,21,13,
0,46652617,160,88,
0,46652690,96,58,
0,46652914,35,5,
0,46652944,107,116,
0,46653059,27,8,
0,46653270,41,20,
0,46653311,6,5,
0,46653313,35,2,
0,46653427,28,13,
0,46653721,227,58,
0,46654085,71,11,
0,46654506,25,12,
0,46654726,186,225,
0,46654749,151,28,
0,46654804,8,0,
0,46654878,93,28,
0,46654956,25,7,
0,46655401,12,1,
0,46655524,88,6,
0,46655626,31,4,
0,46655667,22,7,
0,46656045,170,169,
0,46656140,20,7,
0,46656358,160,48,
0,46656552,219,96,
0,46656759,39,32,
0,46656834,292,68,
0,46656897,164,81,
0,46656903,359,327,
0,46656909,14,1,
0,46656911,207,231,
0,46656998,266,326,
0,46657088,65,5,
0,46657116,38,4,
0,46657122,1302,145,
0,46657141,55,29,
0,46657296,102,70,
0,46657364,4,0,
0,46657719,91,95,
0,46658003,68,4,
0,46658014,121,45,
0,46658128,4,0,
0,46658166,5,3,
0,46658342,9,1,
0,46658345,617,507,
0,46659219,99,49,
0,46659346,35,0,
0,46659396,4,0,
0,46659439,6,0,
0,46659456,64,32,
0,46659465,26,2,
0,46659550,182,180,
0,46659635,8,0,
0,46659913,202,205,
0,46659990,21,13,
0,46660543,378,141,
0,46660663,109,51,
0,46661132,82,155,
0,46661503,34,9,
0,46661630,69,23,
0,46661644,45,15,
0,46661731,16,3,
0,46661814,22,6,
0,46661897,250,64,
0,46662001,5,0,
0,46662078,113,29,
0,46662141,3,0,
0,46662154,53,29,
0,46662247,7,0,
0,46662304,53,10,
0,46662390,5,0,
0,46662399,46,8,
0,46662435,10,1,
0,46662478,23,4,
0,46662662,222,163,
0,46663268,123,83,
0,46663338,832,308,
0,46663341,86,76,
0,46663392,5,1,
0,46663466,6,0,
0,46663467,49,4,
0,46663507,120,17,
0,46663508,22,4,
0,46663521,11,0,
0,46663580,9,4,
0,46663661,22,4,
0,46663686,11,1,
0,46663731,21,5,
0,46663819,19,5,
0,46663844,18,4,
0,46663873,6,0,
0,46664030,18,18,
0,46664079,72,71,
0,46664148,30,11,
0,46664195,187,66,
0,46664540,122,72,
0,46664549,3,0,
0,46664576,19,2,
0,46664631,306,288,
0,46664638,185,90,
0,46664646,126,72,
0,46664650,8,10,
0,46664755,787,273,
0,46664771,20,8,
0,46664865,25,12,
0,46664927,8,6,
0,46665003,7,2,
0,46665169,110,37,
0,46665309,8,0,
0,46665310,257,131,
0,46665361,3,4,
0,46665388,6,0,
0,46665393,60,10,
0,46665411,563,59,
0,46665453,62,39,
0,46665501,9,0,
0,46665515,20,0,
0,46665577,15,0,
0,46665589,13,6,
0,46665837,7,1,
0,46665839,488,223,
0,46666085,398,275,
0,46666191,8,0,
0,46666254,13,1,
0,46666283,190,97,
0,46666288,210,40,
0,46666391,4,1,
0,46666574,15,1,
0,46666650,66,10,
0,46666661,70,38,
0,46666777,104,25,
0,46666877,8,6,
0,46666963,137,55,
0,46666985,5,2,
0,46667094,36,2,
0,46667277,17,2,
0,46667336,11,1,
0,46667397,7,2,
0,46667492,6,1,
0,46667519,8,2,
0,46667543,19,4,
0,46667556,7,1,
0,46667572,217,273,
0,46667585,13,8,
0,46667675,181,122,
0,46667715,9,1,
0,46667821,23,3,
0,46667885,7,2,
0,46667994,10,3,
0,46668021,570,521,
0,46668247,4,0,
0,46668388,17,1,
0,46668801,60,69,
0,46668819,15,18,
0,46669045,13,7,
0,46669144,7,8,
0,46669289,70,35,
0,46669478,33,6,
0,46669650,18,3,
0,46669663,179,87,
0,46669722,8,0,
0,46669996,79,29,
0,46670024,737,251,
0,46670123,3,3,
0,46670181,142,39,
0,46670279,424,138,
0,46670290,35,4,
0,46670524,225,244,
0,46670619,7,0,
0,46670780,51,61,
0,46670791,11,1,
0,46671020,84,54,
0,46671130,17,0,
0,46671174,81,6,
0,46671181,11,9,
0,46671191,10,0,
0,46671286,13,10,
0,46671326,7,0,
0,46671411,19,17,
0,46671481,14,1,
0,46671521,22,2,
0,46671569,5,0,
0,46671664,10,1,
0,46671695,5,0,
0,46671731,638,657,
0,46671952,167,166,
0,46671958,16,1,
0,46671982,33,14,
0,46672071,10,2,
0,46672150,367,112,
0,46672181,150,47,
0,46672260,26,2,
0,46672637,4,0,
0,46672701,23,6,
0,46673264,186,248,
0,46673453,260,243,
0,46673617,7,1,
0,46673759,40,14,
0,46673809,294,417,
0,46673865,7,15,
0,46674136,10,0,
0,46674234,12,5,
0,46674240,5,0,
0,46674416,147,64,
0,46674424,42,13,
0,46674426,14,3,
0,46674433,131,40,24
0,46674482,14,1,
0,46674505,73,44,
0,46674593,6,0,
0,46674684,11,0,
0,46674834,9,2,
0,46675092,48,20,
0,46675236,27,5,
0,46675271,95,25,22
0,46675853,566,311,
0,46676081,60,49,11
0,46676170,16,4,
0,46676193,8,0,
0,46676264,80,89,
0,46676276,484,234,
0,46676366,8,1,
0,46676554,49,92,
0,46676614,12,2,
0,46676815,4,3,
0,46676824,58,63,
0,46676861,16,2,
0,46677106,218,85,
0,46677212,74,41,
0,46677436,84,32,
0,46677446,62,17,
0,46677455,12,0,
0,46677628,187,120,
0,46677907,13,5,
0,46677918,47,6,
0,46678031,3,1,
0,46678126,12,29,
0,46678205,461,244,
0,46678224,27,15,
0,46678235,5,0,
0,46678259,10,3,
0,46678430,261,153,
0,46678550,149,164,
0,46678612,39,38,
0,46678710,8,5,
0,46678758,8,1,
0,46679070,35,3,
0,46679176,22,5,
0,46679194,54,34,
0,46679248,4,0,
0,46679253,19,1,
0,46679423,3,0,
0,46679430,15,2,
0,46679657,105,111,
0,46679872,325,108,29
0,46679875,9,1,
0,46679896,132,94,
0,46679907,97,47,18
0,46680081,14,3,
0,46680212,679,669,
0,46680515,127,116,
0,46680597,80,15,21
0,46680909,21,4,
0,46680974,272,189,
0,46681153,80,49,
0,46681156,18,8,
0,46681351,71,61,
0,46681442,5,1,
0,46681454,111,67,25
0,46681587,28,7,
0,46681611,264,95,4
0,46682115,21,4,14
0,46682325,54,30,30
0,46682518,120,76,8
0,46682534,174,76,2
0,46682569,6,0,
0,46682732,57,41,12
0,46682778,5,1,
0,46682788,7,0,
0,46682802,5,3,
0,46682918,7,1,
0,46682931,60,59,
0,46682977,11,2,
0,46682993,7,1,
0,46683070,5,0,
0,46683205,414,137,26
0,46683410,139,104,
0,46683441,4,0,
0,46683450,7,1,
0,46683519,129,55,
0,46683589,50,36,
0,46683645,16,0,13
0,46683649,7,1,
0,46683752,39,50,
0,46683782,79,36,
0,46683831,22,2,
0,46683833,98,26,23
0,46683838,5,0,
0,46683858,22,2,23
0,46683875,14,6,
0,46683892,5,0,
0,46683947,138,126,
0,46683958,5,0,
0,46683969,42,20,
0,46684056,179,68,1
0,46684241,6,1,
0,46684243,3,0,
0,46684299,3,0,
0,46684335,94,42,18
0,46684526,15,1,
0,46684563,10,2,
0,46684708,42,6,6
0,46684788,40,9,
0,46684815,37,41,5
0,46684862,19,9,14
0,46684868,3,0,
0,46684958,51,22,3
0,46685096,5,0,
0,46685401,3,0,
0,46686173,4,3,
0,46686273,13,3,5
0,46686294,5,1,
1,46617149,190,106,
1,46617360,365,353,
1,46617492,58,44,
1,46617668,295,366,
1,46617705,68,12,
1,46617744,120,58,
1,46617938,25,8,23
1,46618027,316,341,
1,46618042,315,234,
1,46618087,83,58,
1,46618105,87,14,
1,46618503,90,18,
1,46618544,149,139,
1,46618714,939,2375,
1,46618901,677,960,
1,46618954,34,6,
1,46619021,33,45,
1,46619030,370,293,
1,46619059,176,66,
1,46619391,70,29,
1,46619464,218,429,
1,46619614,123,49,
1,46620358,130,24,
1,46620673,126,31,
1,46620990,83,106,
1,46621518,61,68,
1,46621656,20,3,17
1,46621786,24,2,
1,46621945,253,323,
1,46622096,65,7,20
1,46622328,868,398,
1,46622659,89,45,
1,46622763,25,8,
1,46623195,270,171,
1,46623761,169,36,
1,46624190,23,20,
1,46624352,215,59,
1,46624396,35,2,
1,46624541,281,187,
1,46624563,155,68,
1,46624658,239,58,
1,46624731,59,6,
1,46624883,201,215,
1,46625049,62,28,
1,46625918,171,150,
1,46626210,122,74,
1,46626410,211,158,
1,46626836,186,135,
1,46627410,113,43,
1,46627652,804,148,
1,46628329,631,157,
1,46628397,243,107,
1,46629295,70,21,
1,46629474,352,265,
1,46629610,254,158,
1,46629682,253,209,
1,46629964,85,10,
1,46630369,771,571,
1,46630798,159,58,
1,46630816,272,153,
1,46631281,55,5,
1,46631394,13,8,
1,46631728,122,148,
1,46632023,569,468,
1,46632039,49,24,
1,46632057,27,9,
1,46632120,86,24,16
1,46632184,74,16,30
1,46632256,33,7,
1,46632768,142,26,
1,46632837,68,76,
1,46632871,53,9,
1,46632885,26,6,
1,46633025,57,53,
1,46633429,155,45,
1,46633488,773,474,
1,46633574,160,53,
1,46634450,167,105,
1,46634697,37,5,
1,46635309,372,64,
1,46635345,792,1230,
1,46635550,122,95,
1,46635815,9,0,
1,46636044,44,9,
1,46636093,156,38,
1,46636387,184,28,
1,46636861,42,26,
1,46637010,87,25,
1,46637127,439,371,
1,46637165,186,112,
1,46637283,10,0,
1,46637322,33,8,
1,46637328,209,47,
1,46637723,72,48,
1,46637937,51,9,
1,46638013,600,368,
1,46638241,65,45,
1,46638331,87,239,
1,46638629,315,158,
1,46638894,30,23,
1,46639320,107,5,
1,46639897,35,5,
1,46640014,53,4,
1,46640366,268,164,
1,46640392,77,25,
1,46641036,98,20,13
1,46641042,189,105,
1,46641216,37,6,
1,46641239,126,16,
1,46641284,365,116,
1,46641348,154,102,
1,46641362,90,29,
1,46641663,26,12,
1,46641992,88,63,
1,46642173,86,22,
1,46642414,103,77,
1,46642458,37,23,8
1,46642466,16,1,
1,46642560,406,57,
1,46642846,33,3,
1,46642920,340,175,
1,46643070,60,114,
1,46643699,16,10,
1,46643737,44,14,
1,46643754,40,34,
1,46644173,30,2,11
1,46644181,270,9,
1,46644250,42,3,
1,46644262,5,0,
1,46644541,53,15,
1,46644661,96,34,
1,46645107,9,0,
1,46645176,306,117,
1,46645524,38,9,
1,46645553,13,8,
1,46645561,5,1,
1,46645615,557,253,
1,46645941,114,26,
1,46645942,57,31,
1,46645998,99,84,
1,46646080,141,125,
1,46646091,104,29,
1,46646226,158,180,
1,46646263,370,171,
1,46646475,535,377,
1,46646645,949,390,
1,46646777,716,306,
1,46646958,105,113,
1,46647059,135,38,
1,46647358,5,1,
1,46647491,503,278,
1,46647716,55,11,
1,46648007,4,0,
1,46648144,83,93,
1,46648752,11,10,
1,46648778,450,592,
1,46648837,4,0,
1,46648885,287,355,
1,46648900,38,37,
1,46648916,718,299,
1,46649142,1019,597,
1,46649489,102,95,
1,46649577,271,238,
1,46649781,55,11,19
1,46649808,23,2,
1,46649813,28,2,
1,46649985,26,10,
1,46650006,56,12,
1,46650347,148,43,
1,46650682,6,2,
1,46650805,4,1,
1,46651027,8,0,
1,46651155,47,30,
1,46651443,319,135,
1,46651510,31,1,
1,46651681,23,6,
1,46651691,68,6,
1,46651887,199,128,
1,46652024,72,41,
1,46652173,5,0,
1,46652592,21,13,
1,46652617,160,88,
1,46652690,97,58,
1,46652914,35,5,
1,46652944,107,116,
1,46653270,41,20,
1,46653311,6,5,
1,46653313,35,2,
1,46653427,28,13,
1,46653721,227,58,
1,46654085,71,11,
1,46654506,25,12,
1,46654726,187,225,
1,46654749,151,28,
1,46654804,8,0,
1,46654878,93,28,
1,46654956,25,7,
1,46655401,12,1,
1,46655524,88,6,
1,46655626,31,4,
1,46655667,22,7,
1,46656045,170,169,
1,46656140,20,7,
1,46656358,160,48,
1,46656552,219,96,
1,46656759,39,32,
1,46656834,292,68,
1,46656897,164,81,
1,46656903,359,328,
1,46656909,14,1,
1,46656911,207,231,
1,46656998,266,327,
1,46657088,65,5,
1,46657116,38,4,
1,46657122,1305,145,
1,46657141,55,29,
1,46657296,102,70,
1,46657364,4,0,
1,46657719,91,95,
1,46658003,68,4,
1,46658014,121,45,
1,46658128,4,0,
1,46658166,5,3,
1,46658342,9,1,
1,46658345,618,507,
1,46659219,99,49,
1,46659346,35,0,
1,46659396,4,0,
1,46659439,6,0,
1,46659456,64,32,
1,46659465,26,2,
1,46659550,182,180,
1,46659635,8,0,
1,46659913,202,205,
1,46659990,21,13,
1,46660543,379,141,
1,46660663,109,51,
1,46661132,82,155,
1,46661503,34,9,
1,46661630,69,23,
1,46661644,45,16,
1,46661731,16,3,
1,46661814,23,6,
1,46661897,250,64,
1,46662001,5,0,
1,46662078,113,29,
1,46662141,3,0,
1,46662154,55,31,
1,46662247,7,0,
1,46662304,53,10,
1,46662390,5,0,
1,46662399,46,8,
1,46662435,10,1,
1,46662478,23,4,
1,46662662,222,163,
1,46663268,123,83,
1,46663338,832,308,
1,46663341,86,76,
1,46663392,5,1,
1,46663466,6,0,
1,46663467,49,4,
1,46663507,120,17,
1,46663508,22,4,
1,46663580,9,4,
1,46663661,22,4,
1,46663686,11,1,
1,46663731,21,5,
1,46663819,19,5,
1,46663844,18,4,
1,46663873,6,0,
1,46664030,18,18,
1,46664079,72,71,
1,46664148,30,11,
1,46664195,187,66,
1,46664540,122,72,
1,46664549,3,0,
1,46664576,19,2,
1,46664631,306,288,
1,46664638,185,90,
1,46664646,126,72,
1,46664650,8,10,
1,46664755,788,273,
1,46664771,20,8,
1,46664865,25,12,
1,46664927,8,6,
1,46665169,110,37,
1,46665309,8,0,
1,46665310,257,131,
1,46665361,3,4,
1,46665388,6,0,
1,46665393,60,10,
1,46665411,564,59,
1,46665453,62,39,
1,46665501,9,0,
1,46665515,20,0,
1,46665577,15,0,
1,46665589,13,6,
1,46665837,7,1,
1,46665839,489,224,
1,46666085,398,275,
1,46666191,8,0,
1,46666254,13,1,
1,46666283,190,97,
1,46666288,210,40,
1,46666391,4,1,
1,46666574,15,1,
1,46666650,66,10,
1,46666661,71,38,
1,46666777,105,25,
1,46666877,8,6,
1,46666963,137,56,
1,46666985,5,2,
1,46667094,36,2,
1,46667277,17,2,
1,46667336,11,1,
1,46667397,7,2,
1,46667519,8,2,
1,46667543,19,5,
1,46667572,218,273,
1,46667585,13,8,
1,46667675,181,122,
1,46667715,9,1,
1,46667821,23,3,
1,46667885,7,2,
1,46667994,10,3,
1,46668021,570,521,
1,46668247,4,0,
1,46668388,17,1,
1,46668801,60,69,
1,46668819,15,19,
1,46669045,13,7,
1,46669144,7,8,
1,46669289,70,35,
1,46669478,33,6,
1,46669650,18,3,
1,46669663,180,87,
1,46669722,8,0,
1,46669996,79,29,
1,46670024,738,251,
1,46670123,3,3,
1,46670181,142,41,
1,46670279,426,138,
1,46670290,35,4,
1,46670524,225,244,
1,46670619,7,0,
1,46670780,51,61,
1,46670791,11,1,
1,46671020,84,54,
1,46671130,17,0,
1,46671174,81,6,
1,46671181,11,9,
1,46671191,10,0,
1,46671286,13,10,
1,46671326,7,0,
1,46671411,19,17,
1,46671481,14,1,
1,46671521,22,2,
1,46671569,5,0,
1,46671664,10,1,
1,46671695,5,0,
1,46671731,640,660,
1,46671952,169,166,
1,46671958,16,1,
1,46671982,34,14,
1,46672071,10,2,
1,46672150,368,112,
1,46672181,150,47,
1,46672260,26,2,
1,46672637,4,0,
1,46672701,23,6,
1,46673264,186,248,
1,46673453,260,243,
1,46673617,7,1,
1,46673759,40,14,
1,46673809,295,417,
1,46673865,7,15,
1,46674136,10,0,
1,46674234,12,5,
1,46674240,5,0,
1,46674416,147,65,
1,46674424,42,13,
1,46674426,14,3,
1,46674433,140,46,26
1,46674482,14,1,
1,46674505,74,45,
1,46674593,6,0,
1,46674684,11,0,
1,46674834,9,2,
1,46675092,49,20,
1,46675236,27,5,
1,46675271,99,29,28
1,46675853,573,313,
1,46676081,68,53,9
1,46676170,16,4,
1,46676193,8,0,
1,46676264,80,90,
1,46676276,486,236,
1,46676366,8,1,
1,46676554,49,93,
1,46676614,12,2,
1,46676815,4,3,
1,46676824,58,63,
1,46676861,16,2,
1,46677106,219,85,
1,46677212,75,41,
1,46677436,85,32,
1,46677446,63,17,
1,46677455,13,0,
1,46677628,189,121,
1,46677907,13,5,
1,46677918,47,6,
1,46678031,3,1,
1,46678126,12,29,
1,46678205,466,244,
1,46678224,27,15,
1,46678235,5,0,
1,46678259,10,3,
1,46678430,262,158,
1,46678550,151,164,
1,46678612,39,38,
1,46678710,8,5,
1,46678758,8,1,
1,46679070,35,3,
1,46679176,22,5,
1,46679194,54,35,
1,46679248,4,0,
1,46679253,19,1,
1,46679423,3,0,
1,46679430,15,2,
1,46679657,105,112,
1,46679872,329,108,
1,46679875,9,1,
1,46679896,132,97,
1,46679907,99,47,21
1,46680081,14,3,
1,46680212,682,675,
1,46680515,128,116,
1,46680597,82,16,24
1,46680909,21,4,
1,46680974,277,192,
1,46681153,82,50,
1,46681156,19,8,
1,46681167,3,1,
1,46681351,72,61,
1,46681442,5,1,
1,46681454,121,67,29
1,46681503,7,0,
1,46681587,28,7,
1,46681611,282,98,6
1,46682109,5,1,
1,46682115,29,5,15
1,46682325,57,35,
1,46682518,132,80,14
1,46682534,203,86,4
1,46682569,6,0,
1,46682732,57,41,
1,46682778,6,2,
1,46682788,7,0,
1,46682802,7,3,
1,46682912,6,2,
1,46682918,7,1,
1,46682931,63,60,
1,46682977,12,3,
1,46682993,8,1,
1,46683070,7,0,
1,46683205,432,140,
1,46683301,4,0,
1,46683388,3,0,
1,46683410,139,105,
1,46683441,4,0,
1,46683450,7,1,
1,46683519,141,58,
1,46683589,50,36,
1,46683645,18,0,18
1,46683649,7,1,
1,46683752,40,53,
1,46683782,87,36,
1,46683831,24,2,
1,46683833,109,33,27
1,46683838,5,0,
1,46683858,25,2,25
1,46683875,14,6,
1,46683892,5,0,
1,46683947,139,128,
1,46683958,5,0,
1,46683969,46,20,
1,46684056,227,86,1
1,46684241,6,1,
1,46684243,3,0,
1,46684299,3,0,
1,46684335,107,48,22
1,46684526,15,1,
1,46684563,11,2,
1,46684708,51,8,10
1,46684788,45,9,
1,46684815,39,51,
1,46684862,28,16,12
1,46684868,4,0,
1,46684958,68,34,3
1,46685031,5,5,
1,46685096,5,0,
1,46685401,4,0,
1,46686173,9,3,
1,46686273,36,7,5
1,46686294,12,8,
1,46686338,22,6,
1,46686431,9,8,
1,46686514,6,0,
1,46686527,5,0,
1,46686607,24,28,7
1,46686640,40,12,2
1,46686674,4,0,
2,46617149,190,106,
2,46617360,365,353,
2,46617492,58,44,
2,46617668,295,366,
2,46617705,68,12,
2,46617744,120,58,
2,46617938,33,9,24
2,46618027,316,341,
2,46618042,315,234,
2,46618087,83,58,
2,46618105,87,14,
2,46618503,90,18,
2,46618544,149,139,
2,46618714,940,2375,
2,46618901,677,960,
2,46618954,34,6,
2,46619021,33,46,
2,46619030,370,293,
2,46619059,176,66,
2,46619391,73,30,
2,46619464,218,429,
2,46619614,123,49,
2,46620358,130,24,
2,46620673,126,31,
2,46620990,83,106,
2,46621656,22,3,19
2,46621786,24,2,
2,46621945,253,323,
2,46622096,69,8,20
2,46622328,868,398,
2,46622659,89,45,
2,46623195,270,171,
2,46623761,169,36,
2,46624190,23,20,
2,46624352,215,59,
2,46624396,35,2,
2,46624541,281,187,
2,46624563,155,68,
2,46624658,239,58,
2,46624731,59,6,
2,46624883,201,215,
2,46625049,62,28,
2,46626210,122,74,
2,46626410,211,158,
2,46626836,186,135,
2,46627410,114,43,
2,46627652,804,148,
2,46628329,632,157,
2,46628397,243,107,
2,46629295,70,21,
2,46629474,352,265,
2,46629610,254,158,
2,46629682,253,209,
2,46629964,85,10,
2,46630369,771,571,
2,46630798,159,58,
2,46630816,273,153,
2,46631281,55,5,
2,46631394,14,8,
2,46631728,122,148,
2,46632023,569,468,
2,46632039,49,24,
2,46632057,27,9,
2,46632120,89,26,18
2,46632184,76,16,
2,46632256,33,7,
2,46632768,142,26,
2,46632837,68,76,
2,46632871,53,9,
2,46632885,26,6,
2,46633025,59,54,
2,46633429,155,45,
2,46633488,773,474,
2,46633574,160,53,
2,46634450,167,105,
2,46634697,37,5,
2,46635309,372,64,
2,46635345,793,1230,
2,46635453,18,5,10
2,46635550,122,95,
2,46635815,9,0,
2,46636044,44,9,
2,46636093,157,38,
2,46636387,184,28,
2,46636861,43,26,
2,46637127,439,372,
2,46637165,186,112,
2,46637283,10,0,
2,46637322,33,8,
2,46637328,209,47,
2,46637723,72,48,
2,46637937,51,9,
2,46638013,600,368,
2,46638241,65,45,
2,46638331,89,239,
2,46638629,315,158,
2,46638894,30,23,
2,46639320,107,5,
2,46639897,36,5,
2,46640014,53,4,
2,46640366,268,164,
2,46640392,77,25,
2,46641036,111,24,14
2,46641042,189,105,
2,46641216,37,6,
2,46641239,126,16,
2,46641284,365,116,
2,46641348,154,102,
2,46641362,91,29,
2,46641663,26,12,
2,46641992,88,63,
2,46642173,86,22,
2,46642414,103,77,
2,46642458,42,30,9
2,46642466,16,1,
2,46642560,406,57,
2,46642846,33,3,
2,46642920,340,175,
2,46643070,60,114,
2,46643699,16,10,
2,46643737,44,14,
2,46643754,40,34,
2,46644173,39,5,15
2,46644181,270,9,
2,46644250,42,3,
2,46644262,5,0,
2,46644541,53,15,
2,46644661,96,34,
2,46645107,9,0,
2,46645176,306,117,
2,46645524,38,9,
2,46645553,13,8,
2,46645561,5,1,
2,46645615,557,253,
2,46645941,114,26,
2,46645942,57,31,
2,46645998,99,84,
2,46646080,141,125,
2,46646091,104,29,
2,46646226,158,180,
2,46646263,370,171,
2,46646475,535,377,
2,46646645,949,390,
2,46646777,716,306,
2,46646958,105,113,
2,46647059,135,38,
2,46647358,5,1,
2,46647491,503,278,
2,46647716,55,11,
2,46648007,4,0,
2,46648144,83,93,
2,46648752,11,10,
2,46648778,450,592,
2,46648837,4,0,
2,46648885,287,355,
2,46648900,38,37,
2,46648916,718,302,
2,46649142,1020,597,
2,46649489,102,95,
2,46649577,271,238,
2,46649781,61,11,27
2,46649808,23,2,
2,46649813,28,2,
2,46650006,56,12,
2,46650347,148,43,
2,46650682,6,2,
2,46650805,4,1,
2,46651027,8,0,
2,46651155,47,30,
2,46651443,319,135,
2,46651510,31,1,
2,46651691,69,6,
2,46651887,199,128,
2,46652024,72,41,
2,46652173,5,0,
2,46652592,21,13,
2,46652617,160,88,
2,46652690,98,61,
2,46652914,35,5,
2,46652944,107,116,
2,46653270,41,20,
2,46653311,6,5,
2,46653313,35,2,
2,46653427,29,13,
2,46653721,227,58,
2,46654085,71,11,
2,46654726,187,225,
2,46654749,151,28,
2,46654878,93,28,
2,46654956,25,7,
2,46655401,12,1,
2,46655524,89,6,
2,46655626,31,4,
2,46655667,22,7,
2,46656045,170,169,
2,46656140,20,7,
2,46656358,160,48,
2,46656552,219,96,
2,46656759,39,32,
2,46656834,292,68,
2,46656897,164,81,
2,46656903,359,328,
2,46656909,14,1,
2,46656911,207,232,
2,46656998,266,329,
2,46657088,65,5,
2,46657116,38,4,
2,46657122,1306,145,
2,46657141,55,29,
2,46657296,102,70,
2,46657364,4,0,
2,46658003,68,4,
2,46658014,121,45,
2,46658128,4,0,
2,46658166,5,3,
2,46658342,9,1,
2,46658345,619,507,
2,46659219,99,49,
2,46659346,35,0,
2,46659396,4,0,
2,46659439,6,0,
2,46659456,64,32,
2,46659465,26,2,
2,46659550,182,180,
2,46659635,8,0,
2,46659990,21,13,
2,46660543,381,141,
2,46660663,109,51,
2,46661132,82,155,
2,46661503,34,9,
2,46661630,69,23,
2,46661644,45,16,
2,46661731,16,3,
2,46661814,23,6,
2,46661897,250,64,
2,46662001,5,0,
2,46662078,113,29,
2,46662141,3,0,
2,46662154,55,31,
2,46662247,7,0,
2,46662304,53,10,
2,46662390,5,0,
2,46662399,47,8,
2,46662478,23,4,
2,46662662,222,163,
2,46663268,123,83,
2,46663338,834,308,
2,46663341,86,76,
2,46663392,5,1,
2,46663466,6,0,
2,46663467,49,4,
2,46663507,121,17,
2,46663508,22,4,
2,46663580,9,4,
2,46663686,11,1,
2,46663731,21,5,
2,46663819,19,5,
2,46663844,18,4,
2,46663873,6,0,
2,46664030,18,18,
2,46664079,72,71,
2,46664148,30,11,
2,46664195,187,66,
2,46664540,123,73,
2,46664549,3,0,
2,46664576,19,2,
2,46664631,306,288,
2,46664638,185,90,
2,46664646,126,72,
2,46664650,8,10,
2,46664755,789,273,
2,46664771,20,8,
2,46664865,25,12,
2,46664927,8,6,
2,46665169,111,37,
2,46665309,8,0,
2,46665310,258,131,
2,46665361,3,4,
2,46665388,6,0,
2,46665393,60,10,
2,46665411,565,59,
2,46665453,62,39,
2,46665501,9,0,
2,46665515,20,0,
2,46665577,15,0,
2,46665589,13,6,
2,46665837,7,1,
2,46665839,489,226,
2,46666085,398,275,
2,46666191,8,0,
2,46666254,13,1,
2,46666283,190,97,
2,46666288,211,40,
2,46666391,4,1,
2,46666574,15,1,
2,46666650,66,10,
2,46666661,72,40,
2,46666777,105,25,
2,46666877,8,6,
2,46666963,138,57,
2,46666985,5,2,
2,46667094,36,2,
2,46667277,17,2,
2,46667336,11,1,
2,46667397,7,2,
2,46667519,8,2,
2,46667543,19,5,
2,46667572,219,273,
2,46667585,13,8,
2,46667675,181,122,
2,46667715,9,1,
2,46667821,23,3,
2,46667885,7,2,
2,46667994,10,3,
2,46668021,570,521,
2,46668247,4,0,
2,46668388,17,1,
2,46668801,61,69,
2,46668819,16,19,
2,46669045,13,7,
2,46669144,7,8,
2,46669289,70,35,
2,46669478,33,6,
2,46669650,18,3,
2,46669663,180,87,
2,46669722,8,0,
2,46669996,79,29,
2,46670024,739,251,
2,46670123,4,3,
2,46670181,142,41,
2,46670279,428,138,
2,46670290,35,4,
2,46670524,225,244,
2,46670619,7,0,
2,46670780,51,61,
2,46670791,11,1,
2,46671020,84,54,
2,46671130,17,0,
2,46671174,82,6,
2,46671181,11,9,
2,46671191,10,0,
2,46671286,13,10,
2,46671326,7,0,
2,46671411,19,17,
2,46671481,14,1,
2,46671521,22,2,
2,46671569,5,0,
2,46671664,10,1,
2,46671695,5,0,
2,46671731,643,661,
2,46671952,172,166,
2,46671958,16,1,
2,46671982,34,14,
2,46672071,10,2,
2,46672150,368,113,
2,46672181,150,47,
2,46672260,26,2,
2,46672637,4,0,
2,46672701,23,6,
2,46673264,187,252,
2,46673453,262,243,
2,46673617,7,1,
2,46673759,40,14,
2,46673809,296,417,
2,46673865,8,15,
2,46674136,10,0,
2,46674234,12,5,
2,46674240,5,0,
2,46674416,148,65,
2,46674424,42,13,
2,46674426,14,3,
2,46674433,154,48,25
2,46674482,14,1,
2,46674505,74,45,
2,46674593,6,0,
2,46674684,11,0,
2,46675092,49,20,
2,46675236,28,5,
2,46675271,109,30,29
2,46675853,576,315,
2,46676081,85,58,7
2,46676170,16,4,
2,46676193,8,0,
2,46676264,83,90,
2,46676276,491,236,
2,46676366,8,1,
2,46676554,51,96,
2,46676614,12,2,
2,46676815,4,3,
2,46676824,58,63,
2,46676861,16,2,
2,46677106,223,85,
2,46677212,76,42,
2,46677436,85,32,
2,46677446,64,17,
2,46677455,14,0,
2,46677628,196,122,
2,46677907,14,5,
2,46677918,48,6,
2,46678031,3,1,
2,46678126,12,29,
2,46678205,469,246,
2,46678224,28,15,
2,46678235,5,0,
2,46678259,10,5,
2,46678430,262,160,
2,46678550,152,165,
2,46678612,39,38,
2,46678710,8,5,
2,46678758,8,1,
2,46679070,35,3,
2,46679176,23,5,
2,46679194,54,36,
2,46679248,4,0,
2,46679253,19,1,
2,46679423,3,0,
2,46679430,15,2,
2,46679657,105,113,
2,46679872,332,111,
2,46679875,9,1,
2,46679896,133,98,
2,46679907,103,50,21
2,46680081,14,3,
2,46680212,689,680,
2,46680515,130,116,
2,46680597,86,16,26
2,46680909,22,5,
2,46680974,284,199,
2,46681153,84,50,
2,46681156,19,9,
2,46681167,3,1,
2,46681351,73,61,
2,46681442,5,1,
2,46681454,126,69,
2,46681503,7,0,
2,46681587,29,7,
2,46681611,296,104,6
2,46682109,5,1,
2,46682115,35,8,16
2,46682325,60,34,
2,46682518,144,82,17
2,46682534,227,94,3
2,46682569,6,0,
2,46682732,59,41,
2,46682778,7,2,
2,46682788,7,0,
2,46682802,7,3,
2,46682912,6,2,
2,46682918,7,1,
2,46682931,64,60,
2,46682977,12,3,
2,46682993,8,1,
2,46683070,11,0,
2,46683205,443,143,
2,46683301,4,0,
2,46683388,3,0,
2,46683410,140,109,
2,46683441,4,0,
2,46683450,7,1,
2,46683519,149,60,
2,46683589,51,36,
2,46683645,26,1,22
2,46683649,7,1,
2,46683752,44,56,
2,46683782,97,48,
2,46683831,28,2,
2,46683833,128,38,28
2,46683838,5,0,
2,46683858,27,2,30
2,46683875,15,6,
2,46683892,5,0,
2,46683947,141,136,
2,46683958,5,0,
2,46683969,47,20,
2,46684056,256,96,2
2,46684241,6,1,
2,46684243,4,0,
2,46684299,4,0,
2,46684335,118,51,23
2,46684526,15,1,
2,46684563,11,2,
2,46684708,56,10,13
2,46684788,51,13,
2,46684815,43,54,
2,46684862,36,17,12
2,46684868,5,0,
2,46684958,87,51,5
2,46685031,5,5,
2,46685096,5,0,
2,46685317,16,0,
2,46685401,4,0,
2,46686173,10,3,
2,46686273,53,9,4
2,46686294,16,13,
2,46686418,12,1,
2,46686431,9,8,
2,46686514,7,0,
2,46686527,7,0,
2,46686607,31,67,
2,46686640,123,87,1
2,46686655,30,11,8
2,46686674,7,0,
2,46686745,8,0,11
2,46686972,5,0,
2,46687019,3,0,
3,46617149,190,106,
3,46617360,365,353,
3,46617492,58,44,
3,46617668,295,366,
3,46617705,68,12,
3,46617744,120,58,
3,46617938,37,9,26
3,46618027,316,341,
3,46618042,315,234,
3,46618087,83,58,
3,46618105,87,14,
3,46618503,90,18,
3,46618544,149,139,
3,46618714,940,2375,
3,46618901,677,960,
3,46618954,34,6,
3,46619021,33,47,
3,46619030,370,293,
3,46619059,177,66,
3,46619391,73,31,
3,46619464,218,429,
3,46619614,123,49,
3,46620358,130,24,
3,46620673,126,31,
3,46620990,83,106,
3,46621656,24,3,24
3,46621786,24,2,
3,46621945,253,323,
3,46622096,72,8,21
3,46622328,868,398,
3,46622659,89,45,
3,46623195,270,171,
3,46623761,169,36,
3,46624190,23,20,
3,46624352,215,59,
3,46624396,35,2,
3,46624541,281,187,
3,46624563,155,68,
3,46624658,239,58,
3,46624731,59,6,
3,46624883,201,216,
3,46625049,62,28,
3,46626210,122,74,
3,46626410,211,158,
3,46626836,186,135,
3,46627410,115,43,
3,46627652,804,148,
3,46628329,632,157,
3,46628397,243,107,
3,46629295,70,21,
3,46629474,352,265,
3,46629610,254,158,
3,46629682,253,209,
3,46629964,85,10,
3,46630369,771,571,
3,46630798,159,58,
3,46630816,273,153,
3,46631281,55,5,
3,46631394,14,8,
3,46631728,122,148,
3,46632023,569,468,
3,46632039,49,24,
3,46632057,27,9,
3,46632120,92,31,19
3,46632184,76,16,
3,46632256,33,7,
3,46632768,142,26,
3,46632837,68,76,
3,46632871,53,9,
3,46632885,26,6,
3,46633025,59,55,
3,46633429,155,45,
3,46633488,773,475,
3,46633574,160,53,
3,46634450,167,105,
3,46634697,37,5,
3,46635309,372,64,
3,46635345,793,1230,
3,46635453,25,12,12
3,46635550,122,95,
3,46635815,9,0,
3,46636044,44,9,
3,46636093,157,38,
3,46636387,184,28,
3,46636861,43,26,
3,46637127,439,372,
3,46637165,186,112,
3,46637283,10,0,
3,46637322,33,8,
3,46637328,209,47,
3,46637723,72,48,
3,46637937,52,9,
3,46638013,600,368,
3,46638241,65,45,
3,46638331,89,239,
3,46638629,315,158,
3,46638894,30,23,
3,46639320,107,5,
3,46639897,36,5,
3,46640014,53,4,
3,46640366,268,164,
3,46640392,77,25,
3,46641036,116,35,15
3,46641042,189,106,
3,46641216,37,6,
3,46641239,126,16,
3,46641284,365,116,
3,46641348,154,102,
3,46641362,91,29,
3,46641663,26,12,
3,46641992,88,63,
3,46642173,86,22,
3,46642414,103,77,
3,46642458,51,41,11
3,46642466,16,1,
3,46642560,406,57,
3,46642846,33,3,
3,46642920,341,175,
3,46643070,60,114,
3,46643699,16,10,
3,46643737,44,14,
3,46643754,40,34,
3,46644173,43,6,16
3,46644181,270,9,
3,46644250,42,3,
3,46644541,53,15,
3,46644640,15,12,13
3,46644661,96,34,
3,46645107,9,0,
3,46645176,306,117,
3,46645524,38,9,
3,46645553,13,8,
3,46645561,5,1,
3,46645615,557,253,
3,46645941,114,26,
3,46645942,57,31,
3,46645998,99,84,
3,46646080,141,125,
3,46646091,104,29,
3,46646226,158,180,
3,46646263,370,171,
3,46646475,535,377,
3,46646645,950,390,
3,46646777,716,306,
3,46646958,105,113,
3,46647059,135,38,
3,46647358,5,1,
3,46647491,503,278,
3,46647716,55,11,
3,46648007,4,0,
3,46648144,83,93,
3,46648752,11,10,
3,46648778,450,592,
3,46648837,4,0,
3,46648885,287,355,
3,46648900,38,37,
3,46648916,718,302,
3,46649142,1020,597,
3,46649489,102,95,
3,46649577,271,238,
3,46649781,67,11,27
3,46649808,23,2,
3,46649813,28,2,
3,46650006,56,12,
3,46650347,148,43,
3,46650682,6,2,
3,46650805,4,1,
3,46651027,8,0,
3,46651155,47,30,
3,46651443,319,135,
3,46651510,31,1,
3,46651691,70,6,
3,46651887,199,128,
3,46652024,72,41,
3,46652173,5,0,
3,46652592,21,13,
3,46652617,160,88,
3,46652690,98,61,
3,46652914,35,5,
3,46652944,107,116,
3,46653270,41,20,
3,46653311,6,5,
3,46653313,35,2,
3,46653427,29,13,
3,46653721,227,58,
3,46654085,71,11,
3,46654726,188,225,
3,46654749,152,28,
3,46654878,93,28,
3,46654956,25,7,
3,46655401,12,1,
3,46655524,89,6,
3,46655626,31,4,
3,46655667,22,7,
3,46656045,170,169,
3,46656358,160,48,
3,46656552,219,96,
3,46656759,39,32,
3,46656834,292,68,
3,46656897,165,81,
3,46656903,359,328,
3,46656909,14,1,
3,46656911,207,232,
3,46656998,266,330,
3,46657088,65,5,
3,46657116,38,4,
3,46657122,1308,145,
3,46657141,55,29,
3,46657296,102,70,
3,46657364,4,0,
3,46658003,68,4,
3,46658014,121,45,
3,46658128,4,0,
3,46658166,5,3,
3,46658342,9,1,
3,46658345,619,510,
3,46659219,99,49,
3,46659346,35,0,
3,46659396,4,0,
3,46659439,6,0,
3,46659456,64,32,
3,46659465,26,2,
3,46659550,182,180,
3,46659635,8,0,
3,46659990,21,13,
3,46660543,381,141,
3,46660663,109,51,
3,46661132,82,155,
3,46661503,34,9,
3,46661630,69,23,
3,46661644,45,16,
3,46661731,16,3,
3,46661814,23,6,
3,46661897,250,64,
3,46662001,5,0,
3,46662078,113,29,
3,46662141,3,0,
3,46662154,56,32,
3,46662247,7,0,
3,46662304,53,10,
3,46662390,5,0,
3,46662399,47,8,
3,46662478,23,4,
3,46662662,222,163,
3,46663268,123,83,
3,46663338,834,308,
3,46663392,5,1,
3,46663466,6,0,
3,46663467,49,4,
3,46663507,121,17,
3,46663508,22,4,
3,46663580,9,4,
3,46663686,11,1,
3,46663731,21,5,
3,46663819,19,5,
3,46663844,18,4,
3,46663873,6,0,
3,46664030,18,18,
3,46664079,72,71,
3,46664148,30,11,
3,46664195,187,66,
3,46664540,123,73,
3,46664549,3,0,
3,46664576,19,2,
3,46664631,306,289,
3,46664638,185,90,
3,46664646,126,73,
3,46664650,8,10,
3,46664755,789,275,
3,46664771,20,8,
3,46664865,25,12,
3,46664927,8,6,
3,46665169,111,37,
3,46665309,8,0,
3,46665310,258,131,
3,46665388,6,0,
3,46665393,60,10,
3,46665411,565,59,
3,46665453,62,39,
3,46665501,9,0,
3,46665515,20,0,
3,46665577,15,0,
3,46665589,13,6,
3,46665837,7,1,
3,46665839,489,226,
3,46666085,398,275,
3,46666191,8,0,
3,46666254,13,1,
3,46666283,190,97,
3,46666288,212,40,
3,46666391,4,1,
3,46666574,15,1,
3,46666650,66,10,
3,46666661,72,41,
3,46666777,107,25,
3,46666877,8,6,
3,46666963,138,57,
3,46666985,5,2,
3,46667094,36,2,
3,46667277,17,2,
3,46667336,11,1,
3,46667397,7,2,
3,46667519,8,2,
3,46667543,19,5,
3,46667572,219,273,
3,46667585,13,8,
3,46667675,181,122,
3,46667715,9,1,
3,46667821,23,3,
3,46667885,7,2,
3,46667994,10,3,
3,46668021,571,521,
3,46668247,4,0,
3,46668388,17,1,
3,46668801,61,69,
3,46668819,16,19,
3,46669045,13,7,
3,46669144,7,8,
3,46669289,70,35,
3,46669478,33,6,
3,46669663,180,87,
3,46669722,8,0,
3,46669996,80,29,
3,46670024,740,251,
3,46670123,4,3,
3,46670181,142,41,
3,46670279,428,138,
3,46670290,35,4,
3,46670524,225,245,
3,46670619,7,0,
3,46670780,51,61,
3,46670791,11,1,
3,46671020,84,54,
3,46671130,17,0,
3,46671174,82,6,
3,46671181,11,9,
3,46671191,10,0,
3,46671286,13,10,
3,46671326,7,0,
3,46671411,19,17,
3,46671481,14,1,
3,46671521,22,2,
3,46671569,5,0,
3,46671664,10,1,
3,46671695,5,0,
3,46671731,647,663,
3,46671952,172,166,
3,46671958,16,1,
3,46671982,34,14,
3,46672071,10,2,
3,46672150,368,113,
3,46672181,150,47,
3,46672260,26,2,
3,46672464,7,0,
3,46672637,4,0,
3,46672701,23,6,
3,46673264,187,254,
3,46673453,262,244,
3,46673617,7,1,
3,46673759,40,14,
3,46673809,298,418,
3,46673865,8,15,
3,46674136,10,0,
3,46674234,12,5,
3,46674240,5,0,
3,46674416,149,65,
3,46674424,42,13,
3,46674426,14,3,
3,46674433,160,49,22
3,46674482,14,1,
3,46674505,74,45,
3,46674593,6,0,
3,46674684,11,0,
3,46675092,49,20,
3,46675236,28,5,
3,46675271,113,32,29
3,46675853,580,315,
3,46676081,87,59,10
3,46676170,16,4,
3,46676193,8,0,
3,46676264,84,91,
3,46676276,493,236,
3,46676366,8,1,
3,46676554,52,103,
3,46676614,12,2,
3,46676815,4,3,
3,46676824,58,63,
3,46676861,16,2,
3,46677106,223,85,
3,46677212,76,42,
3,46677436,85,32,
3,46677446,64,17,
3,46677455,14,0,
3,46677628,200,123,
3,46677907,14,5,
3,46677918,48,6,
3,46678031,3,1,
3,46678126,12,29,
3,46678205,474,247,
3,46678224,28,15,
3,46678235,5,0,
3,46678259,10,5,
3,46678430,262,160,
3,46678550,152,167,
3,46678612,39,38,
3,46678710,8,5,
3,46678758,8,1,
3,46679070,35,3,
3,46679176,24,5,
3,46679194,54,37,
3,46679248,4,0,
3,46679253,20,1,
3,46679423,3,0,
3,46679430,15,2,
3,46679657,105,113,
3,46679872,335,113,
3,46679875,9,1,
3,46679896,133,98,
3,46679907,104,50,23
3,46680081,14,3,
3,46680212,695,694,
3,46680515,132,117,
3,46680597,87,16,27
3,46680909,22,6,
3,46680974,286,201,
3,46681153,85,50,
3,46681156,19,9,
3,46681167,3,1,
3,46681351,74,61,
3,46681442,5,1,
3,46681454,127,71,
3,46681503,7,0,
3,46681587,29,7,
3,46681611,306,109,6
3,46682109,5,1,
3,46682115,37,8,17
3,46682325,64,36,
3,46682518,152,84,19
3,46682534,248,103,3
3,46682569,6,0,
3,46682732,59,41,
3,46682778,7,2,
3,46682788,7,0,
3,46682802,7,3,
3,46682912,6,2,
3,46682918,7,1,
3,46682931,67,64,
3,46682977,14,4,
3,46682993,8,1,
3,46683070,14,1,
3,46683205,451,146,
3,46683301,4,0,
3,46683388,3,0,
3,46683410,140,110,
3,46683441,4,0,
3,46683450,7,1,
3,46683519,151,65,
3,46683589,52,36,
3,46683645,28,1,25
3,46683649,7,1,
3,46683752,44,60,
3,46683782,98,50,
3,46683831,29,2,
3,46683833,140,41,
3,46683838,5,0,
3,46683858,27,2,
3,46683875,15,6,
3,46683892,5,1,
3,46683947,143,138,
3,46683958,5,0,
3,46683969,49,21,
3,46684056,280,104,2
3,46684241,6,1,
3,46684243,4,0,
3,46684299,4,0,
3,46684335,127,52,30
3,46684526,15,1,
3,46684563,12,2,
3,46684708,61,11,13
3,46684788,55,14,
3,46684815,43,55,
3,46684862,41,23,14
3,46684868,5,0,
3,46684958,93,63,5
3,46685031,5,5,
3,46685096,6,0,
3,46685317,16,0,
3,46685401,4,0,
3,46686173,11,3,
3,46686273,69,11,4
3,46686294,22,19,
3,46686418,35,8,7
3,46686431,10,8,
3,46686514,8,0,
3,46686527,7,0,
3,46686607,32,75,
3,46686640,160,151,1
3,46686655,75,27,3
3,46686674,8,0,
3,46686745,12,1,9
3,46686972,19,0,23
3,46687019,7,0,
3,46687588,6,1,5
4,46617149,190,106,
4,46617360,365,353,
4,46617492,58,44,
4,46617668,295,366,
4,46617705,68,12,
4,46617744,120,58,
4,46617938,37,9,
4,46618027,316,341,
4,46618042,315,234,
4,46618087,83,58,
4,46618105,87,14,
4,46618503,90,18,
4,46618544,149,139,
4,46618714,940,2375,
4,46618901,677,960,
4,46618954,34,6,
4,46619021,33,47,
4,46619030,370,293,
4,46619059,177,66,
4,46619391,75,31,
4,46619464,218,430,
4,46619614,123,49,
4,46620358,130,24,
4,46620673,126,31,
4,46620990,83,106,
4,46621656,25,3,
4,46621786,24,2,
4,46621945,253,323,
4,46622090,17,0,7
4,46622096,75,8,21
4,46622328,868,398,
4,46622659,89,45,
4,46623195,270,171,
4,46623761,169,36,
4,46624190,23,20,
4,46624352,215,59,
4,46624396,35,2,
4,46624541,281,187,
4,46624563,155,68,
4,46624658,239,58,
4,46624731,59,6,
4,46624883,202,217,
4,46625049,62,28,
4,46626210,122,74,
4,46626410,211,158,
4,46626836,186,135,
4,46627410,117,43,
4,46627652,804,148,
4,46628329,632,157,
4,46628397,243,107,
4,46629295,70,21,
4,46629474,352,265,
4,46629610,254,158,
4,46629682,253,209,
4,46629964,85,10,
4,46630369,771,571,
4,46630798,159,58,
4,46630816,273,153,
4,46631281,55,5,
4,46631394,14,8,
4,46631728,122,148,
4,46632023,569,468,
4,46632039,49,24,
4,46632057,27,9,
4,46632120,95,34,23
4,46632184,78,16,
4,46632256,33,7,
4,46632768,142,26,
4,46632837,68,76,
4,46632871,53,9,
4,46632885,26,6,
4,46633025,59,55,
4,46633429,155,45,
4,46633488,773,475,
4,46633574,160,53,
4,46634450,167,105,
4,46634697,37,5,
4,46635309,372,64,
4,46635345,793,1230,
4,46635453,36,22,13
4,46635550,122,95,
4,46635815,9,0,
4,46636044,44,9,
4,46636093,157,38,
4,46636387,184,28,
4,46636861,43,26,
4,46637127,439,372,
4,46637165,186,112,
4,46637283,10,0,
4,46637322,33,8,
4,46637328,209,47,
4,46637723,72,48,
4,46637937,52,9,
4,46638013,601,368,
4,46638241,65,45,
4,46638331,89,239,
4,46638629,315,158,
4,46638894,30,23,
4,46639320,107,5,
4,46639897,36,5,
4,46640014,53,4,
4,46640366,268,164,
4,46640392,77,25,
4,46641036,124,37,15
4,46641042,189,106,
4,46641216,37,6,
4,46641239,126,16,
4,46641284,365,116,
4,46641348,154,102,
4,46641362,91,29,
4,46641663,26,12,
4,46641992,88,63,
4,46642173,86,22,
4,46642414,103,77,
4,46642458,53,43,18
4,46642466,16,1,
4,46642560,406,57,
4,46642846,33,3,
4,46642920,341,175,
4,46643070,60,114,
4,46643699,16,10,
4,46643737,44,14,
4,46643754,40,34,
4,46644173,47,6,17
4,46644181,270,9,
4,46644250,42,3,
4,46644541,53,15,
4,46644640,24,30,9
4,46644661,96,34,
4,46645107,9,0,
4,46645176,306,117,
4,46645524,38,9,
4,46645553,13,8,
4,46645561,5,1,
4,46645615,557,253,
4,46645941,114,26,
4,46645942,57,31,
4,46645998,99,84,
4,46646080,141,125,
4,46646091,104,29,
4,46646226,158,180,
4,46646263,370,171,
4,46646475,536,380,
4,46646645,950,390,
4,46646777,716,306,
4,46646958,105,113,
4,46647059,135,38,
4,46647358,5,1,
4,46647491,503,278,
4,46647716,55,11,
4,46648007,4,0,
4,46648144,83,93,
4,46648752,11,10,
4,46648778,450,592,
4,46648837,4,0,
4,46648885,287,355,
4,46648900,38,37,
4,46648916,718,302,
4,46649142,1020,597,
4,46649489,102,95,
4,46649577,271,238,
4,46649781,71,12,28
4,46649808,23,2,
4,46649813,28,2,
4,46650006,56,12,
4,46650347,148,43,
4,46650682,6,2,
4,46650805,4,1,
4,46651027,8,0,
4,46651155,47,30,
4,46651443,319,135,
4,46651510,31,1,
4,46651691,72,6,
4,46651887,199,128,
4,46652024,72,41,
4,46652173,5,0,
4,46652592,21,13,
4,46652617,160,88,
4,46652690,98,61,
4,46652914,35,5,
4,46652944,107,116,
4,46653270,41,20,
4,46653311,6,5,
4,46653313,35,2,
4,46653427,29,13,
4,46653721,227,58,
4,46654085,71,11,
4,46654726,188,225,
4,46654749,152,28,
4,46654878,93,28,
4,46654956,25,7,
4,46655401,12,1,
4,46655524,89,6,
4,46655626,31,4,
4,46655667,22,7,
4,46656045,171,169,
4,46656358,160,48,
4,46656552,219,96,
4,46656759,39,32,
4,46656834,292,68,
4,46656897,165,81,
4,46656903,359,328,
4,46656909,14,1,
4,46656911,207,232,
4,46656998,266,330,
4,46657088,65,5,
4,46657116,38,4,
4,46657122,1308,145,
4,46657141,55,29,
4,46657296,102,70,
4,46657364,4,0,
4,46658003,68,4,
4,46658014,121,45,
4,46658128,4,0,
4,46658166,5,3,
4,46658342,9,1,
4,46658345,619,510,
4,46659219,99,49,
4,46659346,35,0,
4,46659396,4,0,
4,46659439,6,0,
4,46659456,64,32,
4,46659465,26,2,
4,46659550,182,180,
4,46659635,8,0,
4,46659990,21,13,
4,46660543,381,141,
4,46660663,109,51,
4,46661132,82,155,
4,46661503,34,9,
4,46661630,69,23,
4,46661644,45,16,
4,46661731,16,3,
4,46661814,23,6,
4,46661897,251,64,
4,46662001,5,0,
4,46662078,113,29,
4,46662141,3,0,
4,46662154,57,33,
4,46662247,7,0,
4,46662304,53,10,
4,46662390,5,0,
4,46662399,47,8,
4,46662478,23,4,
4,46662662,222,163,
4,46663268,123,83,
4,46663338,834,309,
4,46663392,5,1,
4,46663466,6,0,
4,46663467,49,4,
4,46663507,121,17,
4,46663508,22,4,
4,46663580,9,4,
4,46663686,11,1,
4,46663731,21,5,
4,46663819,19,5,
4,46663844,18,4,
4,46663873,6,0,
4,46664030,18,18,
4,46664079,72,71,
4,46664148,30,11,
4,46664195,187,66,
4,46664540,123,73,
4,46664549,3,0,
4,46664576,19,2,
4,46664631,306,289,
4,46664638,185,90,
4,46664646,126,73,
4,46664650,8,10,
4,46664755,790,275,
4,46664771,20,8,
4,46664865,25,12,
4,46664927,8,6,
4,46665169,111,37,
4,46665309,8,0,
4,46665310,258,131,
4,46665388,6,0,
4,46665393,60,10,
4,46665411,565,60,
4,46665453,62,39,
4,46665501,9,0,
4,46665515,20,0,
4,46665577,15,0,
4,46665589,13,6,
4,46665837,7,1,
4,46665839,490,227,
4,46666085,399,275,
4,46666191,8,0,
4,46666254,13,1,
4,46666283,190,97,
4,46666288,213,40,
4,46666391,4,1,
4,46666574,15,1,
4,46666650,66,10,
4,46666661,72,41,
4,46666777,107,25,
4,46666877,8,6,
4,46666963,138,57,
4,46667094,36,2,
4,46667277,17,2,
4,46667336,11,1,
4,46667397,7,2,
4,46667519,8,2,
4,46667543,19,5,
4,46667572,219,273,
4,46667675,182,122,
4,46667715,9,1,
4,46667821,23,3,
4,46667885,7,2,
4,46667994,10,3,
4,46668021,571,522,
4,46668247,4,0,
4,46668388,17,1,
4,46668801,61,69,
4,46668819,16,19,
4,46669045,13,7,
4,46669144,7,8,
4,46669289,70,35,
4,46669478,33,6,
4,46669663,180,87,
4,46669722,8,0,
4,46669996,80,29,
4,46670024,740,251,
4,46670123,4,3,
4,46670181,142,41,
4,46670279,428,138,
4,46670290,35,4,
4,46670524,226,247,
4,46670619,7,0,
4,46670780,51,61,
4,46670791,11,1,
4,46671020,84,54,
4,46671130,17,0,
4,46671174,83,6,
4,46671181,11,9,
4,46671191,10,0,
4,46671286,13,10,
4,46671326,7,0,
4,46671411,19,17,
4,46671481,14,1,
4,46671521,22,2,
4,46671569,5,0,
4,46671664,10,1,
4,46671695,5,0,
4,46671731,649,668,
4,46671952,172,166,
4,46671958,16,1,
4,46671982,34,14,
4,46672071,10,2,
4,46672150,370,114,
4,46672181,150,47,
4,46672260,26,2,
4,46672464,7,0,
4,46672637,4,0,
4,46672701,23,6,
4,46673264,187,256,
4,46673453,262,244,
4,46673617,7,1,
4,46673759,40,14,
4,46673809,298,418,
4,46673865,8,15,
4,46674136,10,0,
4,46674234,12,5,
4,46674240,5,0,
4,46674416,150,65,
4,46674424,42,13,
4,46674426,14,3,
4,46674433,169,51,24
4,46674482,14,1,
4,46674505,74,45,
4,46674593,6,0,
4,46674684,11,0,
4,46675092,49,20,
4,46675236,28,5,
4,46675271,115,32,
4,46675853,583,316,
4,46676081,99,65,11
4,46676170,16,4,
4,46676193,8,0,
4,46676264,85,94,
4,46676276,498,236,
4,46676554,53,103,
4,46676614,12,2,
4,46676815,4,3,
4,46676824,58,63,
4,46676861,16,2,
4,46677106,224,85,
4,46677212,76,46,
4,46677436,85,32,
4,46677446,64,17,
4,46677455,15,0,
4,46677628,202,124,
4,46677907,14,5,
4,46677918,51,6,
4,46678031,3,1,
4,46678126,12,29,
4,46678205,476,250,
4,46678224,28,16,
4,46678235,5,0,
4,46678259,10,5,
4,46678430,262,161,
4,46678550,153,167,
4,46678612,39,38,
4,46678710,8,5,
4,46678758,8,1,
4,46679070,35,3,
4,46679176,24,5,
4,46679194,54,37,
4,46679248,4,0,
4,46679253,20,1,
4,46679423,3,0,
4,46679430,15,2,
4,46679657,105,113,
4,46679872,339,113,
4,46679875,9,1,
4,46679896,134,99,
4,46679907,107,51,26
4,46680081,14,3,
4,46680212,697,699,
4,46680515,132,118,
4,46680597,89,16,29
4,46680909,22,6,
4,46680974,287,203,
4,46681153,87,50,
4,46681156,19,9,
4,46681167,4,1,
4,46681309,21,1,
4,46681351,74,61,
4,46681442,5,1,
4,46681454,130,71,
4,46681503,7,0,
4,46681587,29,7,
4,46681611,321,111,7
4,46682109,5,1,
4,46682115,42,8,20
4,46682325,64,36,
4,46682518,159,88,19
4,46682534,261,110,4
4,46682569,6,0,
4,46682732,60,41,
4,46682778,8,3,
4,46682788,7,0,
4,46682802,7,3,
4,46682912,6,2,
4,46682918,7,1,
4,46682931,68,72,
4,46682977,14,4,
4,46682993,8,1,
4,46683070,15,1,
4,46683205,455,151,
4,46683301,4,0,
4,46683388,3,0,
4,46683410,140,111,
4,46683441,4,0,
4,46683450,7,1,
4,46683519,156,66,
4,46683589,52,36,
4,46683645,30,1,27
4,46683752,44,60,
4,46683782,99,53,
4,46683831,29,2,
4,46683833,143,44,
4,46683838,6,0,
4,46683858,28,2,
4,46683875,15,7,
4,46683892,5,1,
4,46683947,143,142,
4,46683958,5,0,
4,46683969,50,21,
4,46684056,310,111,2
4,46684241,7,1,
4,46684243,4,0,
4,46684299,4,0,
4,46684335,135,56,30
4,46684526,15,1,
4,46684563,12,2,
4,46684708,65,12,14
4,46684788,60,15,
4,46684815,43,55,
4,46684862,46,29,16
4,46684868,5,0,
4,46684958,103,71,6
4,46685031,5,5,
4,46685096,6,0,
4,46685317,16,0,
4,46685401,4,0,
4,46686173,11,4,
4,46686273,87,15,5
4,46686294,23,20,
4,46686418,49,11,8
4,46686431,11,9,
4,46686514,8,0,
4,46686527,8,0,
4,46686607,34,78,26
4,46686640,195,196,5
4,46686655,117,45,3
4,46686674,9,0,
4,46686745,14,3,12
4,46686972,41,4,22
4,46687019,7,0,
4,46687240,6,2,
4,46687588,50,3,1
5,46617149,190,106,
5,46617360,365,353,
5,46617492,58,44,
5,46617668,295,366,
5,46617705,68,12,
5,46617744,120,58,
5,46617938,39,9,
5,46618027,316,341,
5,46618042,315,234,
5,46618087,83,58,
5,46618105,87,14,
5,46618503,90,18,
5,46618544,149,139,
5,46618714,940,2375,
5,46618901,677,960,
5,46618954,34,6,
5,46619021,34,47,
5,46619030,370,293,
5,46619059,177,66,
5,46619391,75,31,
5,46619464,219,430,
5,46619614,123,49,
5,46620358,130,24,
5,46620673,126,31,
5,46620990,83,106,
5,46621656,26,3,
5,46621786,24,2,
5,46621945,253,323,
5,46622090,25,5,6
5,46622096,83,8,24
5,46622328,868,398,
5,46622659,89,45,
5,46623195,270,171,
5,46623761,169,36,
5,46624352,215,59,
5,46624396,35,2,
5,46624541,282,187,
5,46624563,155,68,
5,46624658,239,58,
5,46624731,59,6,
5,46624883,203,217,
5,46625049,62,28,
5,46626210,122,74,
5,46626410,211,158,
5,46626836,186,135,
5,46627410,119,43,
5,46627652,804,148,
5,46628329,632,157,
5,46628397,243,107,
5,46629295,70,21,
5,46629474,352,265,
5,46629610,254,158,
5,46629682,253,209,
5,46629964,85,10,
5,46630369,772,571,
5,46630718,10,0,13
5,46630798,159,58,
5,46630816,273,153,
5,46631281,55,5,
5,46631394,14,8,
5,46631728,122,148,
5,46632023,569,468,
5,46632039,49,24,
5,46632057,27,9,
5,46632120,100,34,25
5,46632184,79,17,
5,46632256,33,7,
5,46632768,142,26,
5,46632837,68,76,
5,46632871,53,9,
5,46632885,26,6,
5,46633025,59,55,
5,46633429,155,45,
5,46633488,773,475,
5,46633574,160,53,
5,46634450,167,105,
5,46634697,37,5,
5,46635309,372,64,
5,46635345,793,1230,
5,46635453,48,24,21
5,46635550,122,95,
5,46635815,9,0,
5,46636044,44,9,
5,46636093,157,38,
5,46636387,184,28,
5,46636861,43,26,
5,46637127,439,372,
5,46637165,186,112,
5,46637283,10,0,
5,46637322,33,8,
5,46637328,209,47,
5,46637723,72,48,
5,46637937,52,9,
5,46638013,601,368,
5,46638241,65,45,
5,46638331,89,240,
5,46638629,315,158,
5,46638894,30,23,
5,46639320,107,5,
5,46639897,36,5,
5,46640014,53,4,
5,46640366,268,164,
5,46640392,77,25,
5,46641036,130,38,16
5,46641042,189,106,
5,46641216,37,6,
5,46641239,126,16,
5,46641284,365,116,
5,46641348,154,102,
5,46641362,91,29,
5,46641663,26,12,
5,46641992,88,63,
5,46642173,86,22,
5,46642414,103,77,
5,46642458,62,49,20
5,46642466,16,1,
5,46642560,406,57,
5,46642846,33,3,
5,46642920,341,175,
5,46643070,60,114,
5,46643699,16,10,
5,46643737,44,14,
5,46643754,40,34,
5,46644173,57,6,15
5,46644181,270,9,
5,46644250,42,3,
5,46644541,53,15,
5,46644640,43,42,10
5,46644661,96,34,
5,46645107,9,0,
5,46645176,306,117,
5,46645524,38,9,
5,46645553,13,8,
5,46645615,557,253,
5,46645941,114,26,
5,46645942,57,31,
5,46645998,99,84,
5,46646080,141,125,
5,46646091,104,29,
5,46646226,158,180,
5,46646263,370,171,
5,46646475,536,380,
5,46646645,950,390,
5,46646777,716,306,
5,46646958,105,113,
5,46647059,135,38,
5,46647358,5,1,
5,46647491,503,279,
5,46647716,55,11,
5,46648007,4,0,
5,46648144,83,93,
5,46648752,11,10,
5,46648778,450,592,
5,46648837,4,0,
5,46648885,287,355,
5,46648900,38,37,
5,46648916,718,302,
5,46649142,1021,597,
5,46649489,102,95,
5,46649577,271,238,
5,46649781,74,13,
5,46649808,23,2,
5,46649813,28,2,
5,46650006,56,12,
5,46650347,148,43,
5,46650682,6,2,
5,46650805,4,1,
5,46651027,8,0,
5,46651155,47,30,
5,46651443,319,137,
5,46651510,31,1,
5,46651691,72,6,
5,46651887,199,128,
5,46652024,72,41,
5,46652173,5,0,
5,46652592,21,13,
5,46652617,160,88,
5,46652690,98,63,
5,46652914,35,5,
5,46652944,107,116,
5,46653270,41,20,
5,46653311,6,5,
5,46653313,35,2,
5,46653427,29,13,
5,46653721,227,58,
5,46654085,71,11,
5,46654726,188,225,
5,46654749,152,28,
5,46654878,93,28,
5,46654956,25,7,
5,46655401,12,1,
5,46655524,89,6,
5,46655626,31,4,
5,46655667,22,7,
5,46656045,171,169,
5,46656358,160,48,
5,46656552,219,96,
5,46656759,39,32,
5,46656834,292,68,
5,46656897,165,82,
5,46656903,359,328,
5,46656909,14,1,
5,46656911,207,232,
5,46656998,266,330,
5,46657088,65,5,
5,46657116,38,4,
5,46657122,1310,145,
5,46657141,55,29,
5,46657296,102,70,
5,46657364,4,0,
5,46658003,68,4,
5,46658014,121,45,
5,46658128,4,0,
5,46658166,5,3,
5,46658342,9,1,
5,46658345,619,510,
5,46659219,99,49,
5,46659346,35,0,
5,46659396,4,0,
5,46659439,6,0,
5,46659456,64,32,
5,46659465,26,2,
5,46659550,182,180,
5,46659635,8,0,
5,46659990,21,13,
5,46660543,382,142,
5,46660663,109,51,
5,46661132,82,155,
5,46661503,34,9,
5,46661630,69,23,
5,46661644,45,16,
5,46661731,16,3,
5,46661814,23,6,
5,46661897,251,64,
5,46662001,5,0,
5,46662078,113,29,
5,46662141,3,0,
5,46662154,58,33,
5,46662247,7,0,
5,46662304,53,10,
5,46662390,5,0,
5,46662399,47,8,
5,46662478,23,4,
5,46662662,222,163,
5,46663268,123,83,
5,46663338,835,309,
5,46663392,5,1,
5,46663466,6,0,
5,46663467,49,4,
5,46663507,121,17,
5,46663508,22,4,
5,46663580,9,4,
5,46663686,11,1,
5,46663731,21,5,
5,46663819,19,5,
5,46663844,18,4,
5,46663873,6,0,
5,46664030,18,18,
5,46664079,72,71,
5,46664148,30,11,
5,46664195,187,66,
5,46664540,123,73,
5,46664549,3,0,
5,46664576,19,2,
5,46664631,306,289,
5,46664638,185,90,
5,46664646,126,73,
5,46664650,8,10,
5,46664755,792,275,
5,46664771,20,8,
5,46664865,25,12,
5,46664927,8,6,
5,46665169,111,37,
5,46665309,8,0,
5,46665310,258,131,
5,46665388,6,0,
5,46665393,60,10,
5,46665411,566,60,
5,46665453,62,39,
5,46665501,9,0,
5,46665515,20,0,
5,46665577,15,0,
5,46665837,7,1,
5,46665839,490,227,
5,46666085,400,276,
5,46666191,8,0,
5,46666254,13,1,
5,46666283,190,97,
5,46666288,213,40,
5,46666391,4,1,
5,46666574,15,1,
5,46666650,66,10,
5,46666661,72,41,
5,46666777,107,25,
5,46666877,8,6,
5,46666963,138,57,
5,46667094,36,2,
5,46667277,17,2,
5,46667336,11,1,
5,46667397,7,2,
5,46667519,9,2,
5,46667543,19,5,
5,46667572,221,274,
5,46667675,182,122,
5,46667715,9,1,
5,46667821,23,3,
5,46667885,7,2,
5,46667994,10,3,
5,46668021,572,522,
5,46668247,4,0,
5,46668801,61,69,
5,46668819,17,19,
5,46669045,13,7,
5,46669144,7,8,
5,46669289,70,35,
5,46669478,33,6,
5,46669663,180,87,
5,46669722,8,0,
5,46669996,80,29,
5,46670024,741,251,
5,46670123,4,3,
5,46670181,142,41,
5,46670279,429,138,
5,46670290,35,4,
5,46670524,227,247,
5,46670619,7,0,
5,46670780,51,61,
5,46670791,11,1,
5,46671020,84,54,
5,46671130,17,0,
5,46671174,83,6,
5,46671181,11,9,
5,46671191,10,0,
5,46671286,13,10,
5,46671326,7,0,
5,46671411,19,17,
5,46671481,14,1,
5,46671521,22,2,
5,46671569,5,0,
5,46671664,10,1,
5,46671695,5,0,
5,46671731,651,669,
5,46671952,172,166,
5,46671958,16,1,
5,46671982,34,14,
5,46672071,10,2,
5,46672150,370,114,
5,46672181,150,47,
5,46672260,26,2,
5,46672464,7,0,
5,46672637,4,0,
5,46672701,23,6,
5,46673264,187,257,
5,46673453,263,244,
5,46673617,7,1,
5,46673759,40,14,
5,46673809,299,419,
5,46673865,8,15,
5,46674136,10,0,
5,46674234,12,5,
5,46674240,5,0,
5,46674416,150,65,
5,46674424,42,13,
5,46674426,14,3,
5,46674433,176,56,25
5,46674482,15,1,
5,46674505,74,45,
5,46674593,6,0,
5,46674684,11,0,
5,46675092,50,20,
5,46675236,28,5,
5,46675271,120,32,
5,46675853,587,316,
5,46676081,107,82,13
5,46676170,16,4,
5,46676193,8,0,
5,46676264,85,95,
5,46676276,500,236,
5,46676554,53,104,
5,46676614,13,2,
5,46676815,5,3,
5,46676824,58,63,
5,46676861,16,2,
5,46677106,224,85,
5,46677212,77,47,
5,46677436,85,32,
5,46677446,64,17,
5,46677455,15,0,
5,46677628,203,124,
5,46677907,14,5,
5,46677918,52,6,
5,46678031,3,1,
5,46678126,12,29,
5,46678205,478,251,
5,46678224,28,16,
5,46678235,5,0,
5,46678259,10,5,
5,46678430,262,161,
5,46678550,153,168,
5,46678612,39,38,
5,46678710,9,5,
5,46678758,8,1,
5,46679070,35,3,
5,46679176,24,5,
5,46679194,56,37,
5,46679248,4,0,
5,46679253,20,1,
5,46679423,3,0,
5,46679430,15,2,
5,46679657,105,113,
5,46679872,342,114,
5,46679875,9,1,
5,46679896,135,99,
5,46679907,111,53,29
5,46680081,14,3,
5,46680212,700,701,
5,46680515,133,119,
5,46680597,90,16,
5,46680909,23,6,
5,46680974,289,204,
5,46681153,88,51,
5,46681156,19,9,
5,46681167,4,1,
5,46681309,21,1,
5,46681351,74,63,
5,46681442,5,1,
5,46681454,132,71,
5,46681503,7,0,
5,46681587,29,7,
5,46681611,326,113,8
5,46682109,5,1,
5,46682115,48,9,19
5,46682325,65,36,
5,46682518,165,89,20
5,46682534,276,116,4
5,46682569,6,0,
5,46682732,62,41,
5,46682778,8,3,
5,46682788,7,0,
5,46682802,7,3,
5,46682912,6,2,
5,46682918,7,1,
5,46682931,68,73,
5,46682977,14,4,
5,46682993,8,1,
5,46683070,15,2,
5,46683205,455,151,
5,46683301,4,0,
5,46683388,3,0,
5,46683410,140,111,
5,46683441,4,0,
5,46683450,7,1,
5,46683519,156,67,
5,46683589,52,37,
5,46683645,35,1,30
5,46683752,44,64,
5,46683782,100,54,
5,46683831,32,2,
5,46683833,144,46,
5,46683838,6,0,
5,46683858,29,2,
5,46683875,16,7,
5,46683892,5,1,
5,46683947,143,143,
5,46683958,5,0,
5,46683969,53,22,
5,46684056,335,116,2
5,46684173,4,3,
5,46684241,7,1,
5,46684243,4,0,
5,46684299,4,0,
5,46684335,138,56,
5,46684526,15,1,
5,46684563,12,2,
5,46684708,72,12,14
5,46684788,63,15,
5,46684815,44,59,
5,46684862,58,33,15
5,46684868,5,0,
5,46684958,116,77,7
5,46685031,6,5,
5,46685096,6,0,
5,46685317,20,0,
5,46685401,4,0,
5,46686131,4,0,10
5,46686173,11,4,
5,46686273,107,18,5
5,46686294,24,22,
5,46686418,61,21,9
5,46686431,11,9,
5,46686514,8,0,
5,46686527,8,0,
5,46686607,49,99,28
5,46686640,216,233,4
5,46686655,147,62,3
5,46686674,9,0,
5,46686745,19,3,12
5,46686972,60,7,22
5,46687019,7,0,
5,46687240,9,2,
5,46687504,21,1,11
5,46687588,67,5,1
5,46687705,5,1,13
5,46687883,6,1,
5,46687925,3,0,
5,46688122,17,1,16
5,46688173,43,15,1
6,46617149,190,106,
6,46617360,365,353,
6,46617492,58,44,
6,46617668,295,366,
6,46617705,68,12,
6,46617744,120,58,
6,46617938,40,10,
6,46618027,316,341,
6,46618042,315,234,
6,46618087,83,58,
6,46618105,87,14,
6,46618503,90,18,
6,46618544,149,139,
6,46618714,940,2375,
6,46618901,677,960,
6,46618954,34,6,
6,46619021,34,47,
6,46619030,370,293,
6,46619059,177,66,
6,46619391,76,34,
6,46619464,219,430,
6,46619614,123,49,
6,46620358,130,24,
6,46620673,126,31,
6,46620990,83,106,
6,46621656,26,3,
6,46621786,24,2,
6,46621945,253,323,
6,46622090,30,8,6
6,46622096,86,8,26
6,46622328,868,398,
6,46623195,270,171,
6,46623761,169,36,
6,46624352,215,59,
6,46624396,35,2,
6,46624541,282,188,
6,46624563,155,68,
6,46624658,239,58,
6,46624731,59,6,
6,46624883,204,219,
6,46625049,62,28,
6,46626210,122,74,
6,46626410,211,158,
6,46626836,186,135,
6,46627410,119,43,
6,46627652,804,148,
6,46628329,632,157,
6,46628397,243,107,
6,46629295,70,21,
6,46629474,352,265,
6,46629610,254,158,
6,46629682,253,209,
6,46629964,85,10,
6,46630369,772,571,
6,46630718,12,0,13
6,46630798,159,58,
6,46630816,273,153,
6,46631281,55,5,
6,46631394,14,8,
6,46631728,122,148,
6,46632023,569,468,
6,46632039,49,24,
6,46632057,27,9,
6,46632120,105,34,27
6,46632184,81,17,
6,46632256,33,7,
6,46632768,142,26,
6,46632837,68,76,
6,46632871,53,9,
6,46632885,26,6,
6,46633025,59,56,
6,46633429,155,45,
6,46633488,773,475,
6,46633574,160,53,
6,46634450,167,105,
6,46634697,37,5,
6,46635309,372,64,
6,46635345,793,1230,
6,46635453,54,30,24
6,46635550,122,95,
6,46635815,9,0,
6,46636044,44,9,
6,46636093,157,38,
6,46636387,184,28,
6,46636861,43,26,
6,46637127,439,372,
6,46637165,186,112,
6,46637283,10,0,22
6,46637322,33,8,
6,46637328,209,47,
6,46637723,72,48,
6,46637937,52,9,
6,46638013,601,367,
6,46638241,65,45,
6,46638331,89,241,
6,46638629,315,158,
6,46638894,30,23,
6,46639320,107,5,
6,46639897,36,5,
6,46640014,53,4,
6,46640366,268,164,
6,46640392,77,25,
6,46641036,133,38,19
6,46641042,189,106,
6,46641216,37,6,
6,46641239,126,16,
6,46641284,365,116,
6,46641348,154,102,
6,46641362,91,29,
6,46641663,26,12,
6,46641992,88,63,
6,46642173,86,22,
6,46642414,103,77,
6,46642458,66,53,16
6,46642466,16,1,
6,46642560,406,57,
6,46642846,33,3,
6,46642920,341,175,
6,46643070,60,114,
6,46643699,16,10,
6,46643737,44,14,
6,46643754,40,34,
6,46644173,61,6,20
6,46644181,270,9,
6,46644250,42,3,
6,46644541,53,15,
6,46644640,49,55,
6,46644661,96,34,
6,46645107,9,0,
6,46645176,306,117,
6,46645524,38,9,
6,46645553,14,8,
6,46645561,6,1,
6,46645615,557,253,
6,46645941,114,26,
6,46645942,57,31,
6,46645998,99,84,
6,46646080,141,126,
6,46646091,104,29,
6,46646226,158,180,
6,46646263,370,171,
6,46646475,536,380,
6,46646645,950,390,
6,46646777,716,306,
6,46646958,105,113,
6,46647059,135,38,
6,46647491,503,279,
6,46647716,55,11,
6,46648007,4,0,
6,46648144,83,93,
6,46648752,11,10,
6,46648837,4,0,
6,46648885,287,355,
6,46648900,38,37,
6,46648916,718,302,
6,46649142,1021,597,
6,46649489,102,95,
6,46649577,271,238,
6,46649781,79,13,
6,46649808,23,2,
6,46649813,28,2,
6,46650006,56,12,
6,46650347,148,43,
6,46650682,6,2,
6,46650805,4,1,
6,46651027,8,0,
6,46651155,47,30,
6,46651443,319,137,
6,46651510,31,1,
6,46651691,73,6,
6,46651887,199,128,
6,46652024,72,41,
6,46652173,5,0,
6,46652592,21,13,
6,46652617,160,88,
6,46652690,113,64,
6,46652914,35,5,
6,46652944,108,116,
6,46653270,41,20,
6,46653311,6,5,
6,46653313,35,2,
6,46653427,29,13,
6,46653721,227,58,
6,46654085,72,11,
6,46654726,188,225,
6,46654749,152,28,
6,46654878,93,28,
6,46654956,25,7,
6,46655401,12,1,
6,46655524,89,6,
6,46655667,22,7,
6,46656045,171,169,
6,46656358,160,48,
6,46656552,219,96,
6,46656759,39,33,
6,46656834,292,68,
6,46656897,165,82,
6,46656903,359,328,
6,46656909,14,1,
6,46656911,207,232,
6,46656998,266,330,
6,46657088,65,5,
6,46657116,38,4,
6,46657122,1311,145,
6,46657141,55,29,
6,46657296,102,70,
6,46657364,4,0,
6,46658003,68,4,
6,46658014,121,45,
6,46658128,4,0,
6,46658166,5,3,
6,46658342,9,1,
6,46658345,620,510,
6,46659219,99,49,
6,46659346,35,0,
6,46659396,4,0,
6,46659439,6,0,
6,46659456,64,32,
6,46659465,26,2,
6,46659550,182,180,
6,46659635,8,0,
6,46659990,21,13,
6,46660543,382,142,
6,46660663,109,51,
6,46661132,83,155,
6,46661503,34,9,
6,46661630,69,23,
6,46661644,45,16,
6,46661731,16,3,
6,46661814,23,6,
6,46661897,251,64,
6,46662001,5,0,
6,46662078,113,29,
6,46662141,3,0,
6,46662154,60,33,
6,46662247,7,0,
6,46662304,53,10,
6,46662390,5,0,
6,46662399,47,8,
6,46662478,23,4,
6,46662662,222,163,
6,46663268,123,83,
6,46663338,835,309,
6,46663392,5,1,
6,46663466,6,0,
6,46663467,49,4,
6,46663507,121,17,
6,46663508,22,4,
6,46663580,9,4,
6,46663686,11,1,
6,46663731,21,5,
6,46663819,19,5,
6,46663844,18,4,
6,46663873,6,0,
6,46664030,18,18,
6,46664079,72,71,
6,46664148,30,11,
6,46664195,187,66,
6,46664540,124,73,
6,46664549,3,0,
6,46664576,19,2,
6,46664631,306,289,
6,46664638,185,90,
6,46664646,126,73,
6,46664650,8,10,
6,46664755,792,275,
6,46664771,20,8,
6,46664865,25,12,
6,46664927,8,7,
6,46665169,111,37,
6,46665309,8,0,
6,46665310,258,131,
6,46665388,6,0,
6,46665393,60,11,
6,46665411,566,60,
6,46665453,62,39,
6,46665501,9,0,
6,46665515,20,0,
6,46665577,15,0,
6,46665837,7,1,
6,46665839,490,227,
6,46666085,403,276,
6,46666283,190,97,
6,46666288,213,40,
6,46666391,4,1,
6,46666574,15,1,
6,46666650,66,10,
6,46666661,72,41,
6,46666777,107,25,
6,46666877,8,6,
6,46666963,139,57,
6,46667094,36,2,
6,46667277,17,2,
6,46667336,11,1,
6,46667397,7,2,
6,46667519,9,2,
6,46667543,19,5,
6,46667572,222,276,
6,46667675,182,122,
6,46667821,23,3,
6,46667994,10,3,
6,46668021,574,522,
6,46668247,4,0,
6,46668801,61,69,
6,46668819,17,19,
6,46669045,13,7,
6,46669144,7,8,
6,46669289,70,35,
6,46669478,33,6,
6,46669663,180,87,
6,46669722,8,0,
6,46669996,80,30,
6,46670024,742,251,
6,46670123,4,3,
6,46670181,143,41,
6,46670279,430,138,
6,46670290,35,4,
6,46670524,227,249,
6,46670619,7,0,
6,46670780,51,61,
6,46670791,11,1,
6,46671020,84,54,
6,46671130,17,0,
6,46671174,83,6,
6,46671181,11,9,
6,46671191,10,0,
6,46671286,13,10,
6,46671326,7,0,
6,46671411,19,17,
6,46671481,14,1,
6,46671521,22,2,
6,46671569,5,0,
6,46671664,10,1,
6,46671695,5,0,
6,46671731,654,670,
6,46671952,172,166,
6,46671958,16,1,
6,46671982,34,14,
6,46672071,10,2,
6,46672150,370,114,
6,46672181,150,47,
6,46672260,26,2,
6,46672464,7,0,
6,46672637,4,0,
6,46672701,23,6,
6,46673264,187,257,
6,46673453,263,244,
6,46673617,7,1,
6,46673759,40,14,
6,46673809,299,420,
6,46673865,8,15,
6,46674136,10,0,
6,46674234,12,5,
6,46674240,5,0,
6,46674416,150,65,
6,46674424,42,13,
6,46674426,14,3,
6,46674433,183,58,28
6,46674482,16,1,
6,46674505,74,45,
6,46674593,6,0,
6,46674684,11,0,
6,46675092,50,20,
6,46675236,28,5,
6,46675271,121,33,
6,46675853,589,318,
6,46676081,114,88,6
6,46676170,16,4,
6,46676193,8,0,
6,46676264,85,96,
6,46676276,503,236,
6,46676554,65,114,26
6,46676614,13,2,
6,46676815,6,3,
6,46676824,58,63,
6,46676861,16,2,
6,46677106,225,85,
6,46677212,77,58,
6,46677436,85,32,
6,46677446,64,17,
6,46677455,16,1,
6,46677628,205,130,
6,46677907,15,5,
6,46677918,52,6,
6,46678031,3,1,
6,46678126,12,29,
6,46678205,480,251,
6,46678224,28,16,
6,46678235,5,0,
6,46678259,10,5,
6,46678430,262,161,
6,46678550,155,173,
6,46678612,39,38,
6,46678710,9,5,
6,46678758,8,2,
6,46679070,35,3,
6,46679176,24,5,
6,46679194,56,38,
6,46679248,4,0,
6,46679253,21,1,
6,46679423,3,0,
6,46679430,15,2,
6,46679657,105,113,
6,46679872,345,114,
6,46679875,9,1,
6,46679896,136,99,
6,46679907,114,53,30
6,46680081,14,3,
6,46680212,704,703,
6,46680515,137,122,25
6,46680597,93,17,
6,46680909,24,7,
6,46680974,306,222,4
6,46681153,88,55,
6,46681156,19,9,
6,46681167,4,1,
6,46681309,21,1,
6,46681351,74,63,
6,46681442,5,1,
6,46681454,134,72,
6,46681503,7,0,
6,46681587,31,7,
6,46681611,332,115,5
6,46682109,5,1,
6,46682115,54,10,22
6,46682325,65,36,
6,46682518,172,93,9
6,46682534,281,117,
6,46682569,6,0,
6,46682732,64,42,
6,46682778,8,3,
6,46682788,7,0,
6,46682802,7,3,
6,46682912,6,2,
6,46682918,7,1,
6,46682931,69,74,
6,46682977,14,4,
6,46682993,8,1,
6,46683070,15,2,
6,46683205,456,155,
6,46683301,4,0,
6,46683388,3,0,
6,46683410,142,112,
6,46683441,4,0,
6,46683450,7,1,
6,46683519,161,71,
6,46683589,53,37,
6,46683645,36,1,
6,46683752,45,65,
6,46683782,101,55,
6,46683831,34,2,
6,46683833,151,48,
6,46683838,6,0,
6,46683858,30,4,
6,46683875,16,7,
6,46683892,5,1,
6,46683947,147,143,
6,46683958,5,0,
6,46683969,53,22,
6,46684056,361,122,1
6,46684173,4,3,
6,46684241,7,1,
6,46684243,4,0,
6,46684299,5,0,
6,46684335,140,56,
6,46684526,15,1,
6,46684563,12,2,
6,46684708,77,12,18
6,46684788,68,16,
6,46684815,50,60,22
6,46684862,65,37,17
6,46684868,5,0,
6,46684958,128,84,3
6,46685031,6,5,
6,46685096,6,0,
6,46685317,23,0,
6,46685401,4,0,
6,46686131,27,1,3
6,46686173,11,4,
6,46686273,135,23,2
6,46686294,24,23,
6,46686418,69,27,8
6,46686431,11,9,
6,46686514,8,0,
6,46686527,8,0,
6,46686607,58,120,
6,46686640,237,257,9
6,46686655,176,81,7
6,46686674,10,0,
6,46686745,22,4,15
6,46686972,65,8,29
6,46687019,7,0,
6,46687240,9,3,
6,46687504,34,1,11
6,46687588,78,6,14
6,46687705,15,2,8
6,46687883,6,1,
6,46687925,3,0,
6,46688122,27,4,12
6,46688173,72,36,1
6,46688591,6,1,
7,46617149,190,106,
7,46617360,365,353,
7,46617492,58,44,
7,46617668,295,366,
7,46617705,68,12,
7,46617744,120,58,
7,46617938,40,10,
7,46618027,316,341,
7,46618042,315,234,
7,46618087,83,58,
7,46618105,87,14,
7,46618503,90,18,
7,46618544,149,139,
7,46618714,940,2375,
7,46618901,677,960,
7,46618954,34,6,
7,46619021,34,47,
7,46619030,370,293,
7,46619059,177,66,
7,46619391,76,34,
7,46619464,219,430,
7,46619614,123,49,
7,46620358,130,24,
7,46620673,126,31,
7,46620990,83,106,
7,46621656,26,3,
7,46621786,24,2,
7,46621945,253,323,
7,46622090,39,14,7
7,46622096,88,8,
7,46622328,868,398,
7,46623195,270,171,
7,46623761,169,36,
7,46624352,215,59,
7,46624396,35,2,
7,46624541,282,188,
7,46624563,155,68,
7,46624658,239,58,
7,46624731,59,6,
7,46624883,204,220,
7,46625049,62,28,
7,46626210,122,74,
7,46626410,211,158,
7,46626836,186,135,
7,46627410,119,43,
7,46627652,804,148,
7,46628329,632,157,
7,46628397,243,107,
7,46629295,70,21,
7,46629474,352,265,
7,46629610,254,158,
7,46629682,253,209,
7,46629964,85,10,
7,46630369,772,571,
7,46630718,12,0,16
7,46630798,159,58,
7,46630816,273,153,
7,46631281,55,5,
7,46631394,14,8,
7,46631728,122,148,
7,46632023,569,468,
7,46632039,49,24,
7,46632057,27,9,
7,46632120,107,34,
7,46632184,81,17,
7,46632256,33,7,
7,46632768,142,26,
7,46632871,53,9,
7,46632885,26,6,
7,46633025,59,56,
7,46633429,155,45,
7,46633488,773,475,
7,46633574,160,53,
7,46634450,167,105,
7,46634697,37,5,
7,46635309,372,64,
7,46635345,794,1230,
7,46635453,61,29,27
7,46635550,122,95,
7,46635815,9,0,
7,46636044,44,9,
7,46636093,157,38,
7,46636387,184,28,
7,46636861,43,26,
7,46637127,439,372,
7,46637165,186,112,
7,46637283,11,3,27
7,46637322,33,8,
7,46637328,209,47,
7,46637723,72,48,
7,46637937,52,9,
7,46638013,601,367,
7,46638241,65,45,
7,46638331,89,241,
7,46638629,315,158,
7,46638894,30,23,
7,46639320,107,5,
7,46639897,36,5,
7,46640014,53,4,
7,46640366,268,164,
7,46640392,77,25,
7,46641036,137,39,19
7,46641042,189,106,
7,46641216,37,6,
7,46641239,126,16,
7,46641284,365,116,
7,46641348,154,102,
7,46641362,91,29,
7,46641663,26,12,
7,46641992,88,63,
7,46642173,86,22,
7,46642414,103,77,
7,46642458,72,58,14
7,46642466,16,1,
7,46642560,406,57,
7,46642846,33,3,
7,46642920,341,175,
7,46643070,60,114,
7,46643699,16,10,
7,46643737,44,14,
7,46643754,40,34,
7,46644173,64,6,23
7,46644181,270,9,
7,46644250,42,3,
7,46644541,53,15,
7,46644640,51,57,
7,46644661,96,34,
7,46645107,9,0,
7,46645176,306,117,
7,46645524,38,9,
7,46645553,14,8,
7,46645561,6,1,
7,46645615,557,253,
7,46645941,114,26,
7,46645942,57,31,
7,46645998,99,84,
7,46646080,141,126,
7,46646091,104,29,
7,46646173,7,1,18
7,46646226,158,180,
7,46646263,370,171,
7,46646475,536,380,
7,46646645,951,390,
7,46646777,716,306,
7,46646958,105,113,
7,46647059,135,38,
7,46647491,503,279,
7,46647716,55,11,
7,46648007,4,0,
7,46648144,83,93,
7,46648752,11,10,
7,46648837,4,0,
7,46648885,287,355,
7,46648900,38,37,
7,46648916,718,302,
7,46649142,1021,597,
7,46649489,102,95,
7,46649577,271,238,
7,46649781,80,13,
7,46649808,23,2,
7,46649813,28,2,
7,46650006,56,12,
7,46650347,148,43,
7,46650682,6,2,
7,46650805,4,1,
7,46651027,8,0,
7,46651155,47,30,
7,46651443,319,137,
7,46651510,31,1,
7,46651691,73,6,
7,46651887,199,128,
7,46652024,72,41,
7,46652173,5,0,
7,46652592,21,13,
7,46652617,160,88,
7,46652690,122,66,28
7,46652914,35,5,
7,46652944,108,116,
7,46653270,41,20,
7,46653311,6,5,
7,46653427,29,13,
7,46653721,227,58,
7,46654085,72,11,
7,46654726,189,225,
7,46654749,152,28,
7,46654878,93,28,
7,46654956,25,7,
7,46655401,12,1,
7,46655524,89,6,
7,46655667,22,7,
7,46656045,171,169,
7,46656358,160,48,
7,46656552,219,96,
7,46656759,39,33,
7,46656834,292,68,
7,46656897,165,83,
7,46656903,359,328,
7,46656909,14,1,
7,46656911,207,232,
7,46656998,266,330,
7,46657088,65,5,
7,46657116,38,4,
7,46657122,1311,145,
7,46657141,55,29,
7,46657296,102,70,
7,46657364,4,0,
7,46658003,68,4,
7,46658014,121,45,
7,46658128,4,0,
7,46658166,5,3,
7,46658342,9,1,
7,46658345,620,510,
7,46659219,99,49,
7,46659346,35,0,
7,46659396,4,0,
7,46659439,6,0,
7,46659456,64,32,
7,46659465,26,2,
7,46659550,182,180,
7,46659635,9,0,
7,46659990,21,13,
7,46660543,382,142,
7,46660663,109,51,
7,46661132,83,155,
7,46661503,34,9,
7,46661630,69,23,
7,46661644,45,16,
7,46661731,16,3,
7,46661814,23,6,
7,46661897,251,64,
7,46662001,5,0,
7,46662078,113,30,
7,46662141,3,0,
7,46662154,62,33,
7,46662247,7,0,
7,46662304,53,10,
7,46662390,5,0,
7,46662399,47,8,
7,46662478,23,4,
7,46662662,222,163,
7,46663268,123,83,
7,46663338,835,312,
7,46663392,5,1,
7,46663466,6,0,
7,46663467,49,4,
7,46663507,121,17,
7,46663508,22,4,
7,46663580,9,4,
7,46663686,11,1,
7,46663731,21,5,
7,46663819,19,5,
7,46663844,18,4,
7,46663873,6,0,
7,46664030,18,18,
7,46664079,72,71,
7,46664148,30,11,
7,46664195,187,66,
7,46664540,124,73,
7,46664549,3,0,
7,46664576,19,2,
7,46664631,306,290,
7,46664638,185,90,
7,46664646,126,73,
7,46664650,8,10,
7,46664755,792,275,
7,46664771,20,8,
7,46664865,25,12,
7,46664927,8,7,
7,46665169,111,37,
7,46665309,8,0,
7,46665310,258,131,
7,46665388,6,0,
7,46665393,60,11,
7,46665411,566,60,
7,46665453,62,39,
7,46665501,9,0,
7,46665515,21,0,
7,46665577,15,0,
7,46665837,7,1,
7,46665839,491,227,
7,46666085,403,276,
7,46666283,190,97,
7,46666288,213,40,
7,46666391,4,1,
7,46666574,15,1,
7,46666650,66,10,
7,46666661,73,41,
7,46666777,107,26,
7,46666877,8,6,
7,46666963,139,57,
7,46667094,36,2,
7,46667277,17,2,
7,46667336,11,1,
7,46667397,7,2,
7,46667519,9,2,
7,46667543,19,5,
7,46667572,222,276,
7,46667675,182,122,
7,46667821,23,3,
7,46667994,10,3,
7,46668021,575,522,
7,46668247,4,0,
7,46668801,61,69,
7,46668819,18,19,
7,46669045,13,7,
7,46669144,7,8,
7,46669289,70,35,
7,46669478,33,6,
7,46669663,180,87,
7,46669722,8,0,
7,46669996,80,30,
7,46670024,743,251,
7,46670123,4,3,
7,46670181,144,41,
7,46670279,432,139,
7,46670290,35,4,
7,46670524,227,249,
7,46670619,7,0,
7,46670780,51,61,
7,46670791,11,1,
7,46671020,84,54,
7,46671130,17,0,
7,46671174,83,6,
7,46671181,11,9,
7,46671191,10,0,
7,46671286,13,10,
7,46671326,7,0,
7,46671411,19,17,
7,46671481,14,1,
7,46671521,22,2,
7,46671569,5,0,
7,46671664,10,1,
7,46671695,5,0,
7,46671731,656,671,
7,46671952,172,166,
7,46671958,16,1,
7,46671982,34,14,
7,46672071,10,2,
7,46672150,370,114,
7,46672181,150,47,
7,46672260,26,2,
7,46672464,7,0,
7,46672701,23,6,
7,46673264,187,258,
7,46673453,264,245,
7,46673617,7,1,
7,46673759,40,16,
7,46673809,300,420,
7,46673865,8,15,
7,46674136,10,0,
7,46674234,12,5,
7,46674240,5,0,
7,46674416,150,65,
7,46674424,42,13,
7,46674426,14,3,
7,46674433,183,58,
7,46674482,16,1,
7,46674505,74,45,
7,46674593,6,0,
7,46674684,11,0,
7,46675092,50,20,
7,46675236,28,5,
7,46675271,125,33,
7,46675853,592,319,
7,46676081,129,91,7
7,46676170,16,4,
7,46676193,8,0,
7,46676264,86,97,
7,46676276,506,236,
7,46676554,80,136,23
7,46676614,13,2,
7,46676815,6,3,
7,46676824,58,63,
7,46676861,16,2,
7,46677106,227,85,
7,46677212,77,60,
7,46677436,85,32,
7,46677446,64,17,
7,46677455,16,1,
7,46677628,209,132,
7,46677907,15,5,
7,46677918,52,6,
7,46678031,3,1,
7,46678126,12,29,
7,46678205,484,251,
7,46678224,28,17,
7,46678235,5,0,
7,46678259,10,5,
7,46678430,262,161,
7,46678550,158,173,
7,46678612,39,38,
7,46678710,9,5,
7,46678758,8,2,
7,46679070,35,3,
7,46679176,24,5,
7,46679194,56,38,
7,46679248,4,0,
7,46679253,21,1,
7,46679423,3,0,
7,46679430,15,2,
7,46679657,105,114,
7,46679872,347,115,
7,46679875,9,1,
7,46679896,136,99,
7,46679907,114,53,
7,46680081,14,3,
7,46680212,712,705,
7,46680515,145,132,21
7,46680597,94,17,
7,46680909,24,10,
7,46680974,332,246,3
7,46681153,88,55,
7,46681156,19,9,
7,46681167,4,1,
7,46681309,21,1,
7,46681351,76,64,
7,46681442,5,1,
7,46681454,136,73,
7,46681503,7,0,
7,46681587,31,8,
7,46681611,336,120,5
7,46682109,5,1,
7,46682115,57,10,26
7,46682325,66,36,
7,46682518,175,96,10
7,46682534,286,117,
7,46682569,6,0,
7,46682732,66,42,
7,46682778,8,4,
7,46682788,7,1,
7,46682802,7,3,
7,46682912,6,2,
7,46682918,7,1,
7,46682931,69,74,
7,46682977,14,4,
7,46682993,8,1,
7,46683070,15,3,
7,46683205,459,156,
7,46683301,4,0,
7,46683388,3,0,
7,46683410,143,113,
7,46683441,4,0,
7,46683450,7,1,
7,46683519,165,72,
7,46683589,54,37,
7,46683645,37,1,
7,46683752,46,68,
7,46683782,104,60,
7,46683831,36,2,
7,46683833,152,48,
7,46683838,7,0,
7,46683858,31,4,
7,46683875,18,7,
7,46683892,5,1,
7,46683947,148,148,
7,46683958,5,0,
7,46683969,53,23,
7,46684056,388,134,1
7,46684173,4,3,
7,46684241,7,1,
7,46684243,4,0,
7,46684299,6,0,
7,46684335,141,56,
7,46684526,15,1,
7,46684563,12,2,
7,46684708,85,12,16
7,46684788,71,16,
7,46684815,56,62,17
7,46684862,66,40,29
7,46684868,5,0,
7,46684958,137,94,3
7,46685031,6,5,
7,46685096,6,0,
7,46685317,24,0,
7,46685401,5,0,
7,46686131,38,3,13
7,46686173,12,4,
7,46686273,165,28,2
7,46686294,24,23,
7,46686418,85,28,7
7,46686431,11,10,
7,46686514,8,0,
7,46686527,8,0,
7,46686607,61,134,
7,46686640,262,289,12
7,46686655,199,88,9
7,46686674,10,0,
7,46686745,22,6,19
7,46686972,72,10,
7,46687019,7,0,
7,46687240,11,3,
7,46687504,48,3,9
7,46687588,100,8,18
7,46687705,29,6,5
7,46687883,8,1,
7,46687925,3,0,
7,46688122,38,13,22
7,46688173,79,46,4
7,46688281,4,0,
7,46688494,7,0,
7,46688591,12,5,
8,46617149,190,106,
8,46617360,365,353,
8,46617492,58,44,
8,46617668,295,366,
8,46617705,68,12,
8,46617744,120,58,
8,46617938,42,11,
8,46618027,316,341,
8,46618042,315,234,
8,46618087,83,58,
8,46618105,87,14,
8,46618503,90,18,
8,46618544,149,139,
8,46618714,941,2375,
8,46618901,677,960,
8,46618954,34,6,
8,46619021,34,47,
8,46619030,370,293,
8,46619059,177,66,
8,46619391,77,34,
8,46619464,219,430,
8,46619614,123,49,
8,46620358,130,24,
8,46620673,126,31,
8,46620990,83,106,
8,46621656,27,3,
8,46621786,24,2,
8,46621945,253,323,
8,46622090,44,18,16
8,46622096,89,8,
8,46622328,868,398,
8,46623195,270,171,
8,46623761,169,36,
8,46624352,215,59,
8,46624396,35,2,
8,46624541,283,188,
8,46624563,155,68,
8,46624658,239,58,
8,46624731,59,6,
8,46624883,204,221,
8,46625049,62,28,
8,46626210,122,74,
8,46626410,211,158,
8,46626836,186,135,
8,46627410,122,43,
8,46627652,804,148,
8,46628329,632,157,
8,46628397,243,107,
8,46629295,70,21,
8,46629474,352,265,
8,46629610,254,158,
8,46629682,253,209,
8,46629964,85,10,
8,46630369,772,571,
8,46630718,19,0,14
8,46630798,159,58,
8,46630816,273,153,
8,46631281,55,5,
8,46631394,14,8,
8,46631728,122,148,
8,46632023,569,468,
8,46632039,49,24,
8,46632057,27,9,
8,46632120,108,35,
8,46632184,81,17,
8,46632256,33,7,
8,46632768,142,26,
8,46632871,53,9,
8,46632885,26,6,
8,46633025,59,56,
8,46633429,155,45,
8,46633488,773,475,
8,46633574,160,53,
8,46634450,167,105,
8,46634697,37,5,
8,46635309,372,64,
8,46635345,794,1230,
8,46635453,69,29,30
8,46635550,122,95,
8,46636044,44,9,
8,46636093,157,38,
8,46636387,184,28,
8,46636861,43,26,
8,46637127,439,372,
8,46637165,186,112,
8,46637283,11,3,
8,46637322,33,8,
8,46637328,209,47,
8,46637723,72,48,
8,46637937,53,9,
8,46638013,601,367,
8,46638241,65,45,
8,46638331,89,241,
8,46638629,315,158,
8,46638894,30,23,
8,46639320,107,5,
8,46639897,36,5,
8,46640014,53,4,
8,46640366,268,164,
8,46640392,77,25,
8,46641036,140,39,23
8,46641042,189,106,
8,46641216,37,6,
8,46641239,126,16,
8,46641284,365,116,
8,46641348,154,102,
8,46641362,91,29,
8,46641663,26,12,
8,46641992,88,63,
8,46642173,86,22,
8,46642414,103,77,
8,46642458,76,70,15
8,46642466,16,1,
8,46642560,406,57,
8,46642846,33,3,
8,46642920,341,175,
8,46643070,60,114,
8,46643699,16,10,
8,46643737,44,14,
8,46643754,40,34,
8,46644173,67,7,27
8,46644181,270,9,
8,46644250,42,3,
8,46644541,53,15,
8,46644640,53,58,
8,46644661,96,34,
8,46645107,9,0,
8,46645176,306,117,
8,46645524,38,9,
8,46645553,14,8,
8,46645561,6,1,
8,46645615,557,253,
8,46645941,114,26,
8,46645942,57,31,
8,46645998,99,84,
8,46646080,141,126,
8,46646091,104,29,
8,46646173,11,3,17
8,46646226,158,180,
8,46646263,370,171,
8,46646475,536,380,
8,46646645,951,390,
8,46646777,716,306,
8,46646958,105,113,
8,46647059,135,38,
8,46647491,503,279,
8,46647716,55,11,
8,46648144,83,93,
8,46648752,12,10,
8,46648837,4,0,
8,46648885,287,355,
8,46648900,38,37,
8,46648916,718,302,
8,46649142,1021,597,
8,46649489,102,95,
8,46649577,271,238,
8,46649781,82,13,
8,46649808,23,2,
8,46649813,28,2,
8,46650006,56,12,
8,46650347,148,43,
8,46650682,6,2,
8,46650805,4,1,
8,46651027,8,0,
8,46651155,47,30,
8,46651443,320,137,
8,46651510,31,1,
8,46651691,74,6,
8,46651887,199,128,
8,46652024,72,41,
8,46652173,5,0,
8,46652592,21,13,
8,46652617,160,88,
8,46652690,126,73,28
8,46652914,35,5,
8,46652944,108,116,
8,46653270,41,20,
8,46653311,6,5,
8,46653427,29,13,
8,46653721,227,58,
8,46654085,72,11,
8,46654726,189,225,
8,46654749,152,28,
8,46654878,93,28,
8,46654956,25,7,
8,46655401,12,1,
8,46655524,89,6,
8,46655667,22,7,
8,46656045,171,169,
8,46656358,160,48,
8,46656552,219,96,
8,46656759,39,33,
8,46656834,292,68,
8,46656897,166,83,
8,46656903,359,328,
8,46656909,14,1,
8,46656911,207,232,
8,46656998,266,330,
8,46657088,65,5,
8,46657116,38,4,
8,46657122,1313,146,
8,46657141,55,29,
8,46657296,102,70,
8,46657364,4,0,
8,46658003,69,4,
8,46658014,121,45,
8,46658128,4,0,
8,46658166,5,3,
8,46658342,9,1,
8,46658345,620,510,
8,46659219,99,49,
8,46659346,35,0,
8,46659396,4,0,
8,46659439,6,0,
8,46659456,64,32,
8,46659465,26,2,
8,46659550,182,180,
8,46659635,9,0,
8,46659990,21,13,
8,46660543,382,142,
8,46660663,109,51,
8,46661132,83,155,
8,46661503,34,9,
8,46661630,69,23,
8,46661644,46,16,
8,46661731,16,3,
8,46661814,23,6,
8,46661897,251,64,
8,46662001,5,0,
8,46662078,113,30,
8,46662141,3,0,
8,46662154,62,33,
8,46662247,7,0,
8,46662304,53,10,
8,46662390,5,0,20
8,46662399,47,8,
8,46662478,23,4,
8,46662662,222,163,
8,46663268,123,83,
8,46663338,837,312,
8,46663392,5,1,
8,46663466,6,0,
8,46663467,49,4,
8,46663507,121,17,
8,46663508,22,4,
8,46663580,9,4,
8,46663686,11,1,
8,46663731,21,5,
8,46663819,19,5,
8,46663844,18,4,
8,46663873,6,0,
8,46664030,18,18,
8,46664079,72,71,
8,46664148,30,11,
8,46664195,187,66,
8,46664540,124,73,
8,46664549,3,0,
8,46664576,19,2,
8,46664631,306,290,
8,46664638,185,90,
8,46664646,126,73,
8,46664650,8,10,
8,46664755,792,275,
8,46664771,20,8,
8,46664865,25,12,
8,46664927,8,7,
8,46665169,111,37,
8,46665309,8,0,
8,46665310,258,131,
8,46665388,6,0,
8,46665393,60,11,
8,46665411,566,60,
8,46665453,62,39,
8,46665501,9,0,
8,46665515,21,0,
8,46665577,15,0,
8,46665837,7,1,
8,46665839,492,228,
8,46666085,403,276,
8,46666283,190,97,
8,46666288,213,40,
8,46666391,4,1,
8,46666574,15,1,
8,46666650,66,10,
8,46666661,73,41,
8,46666777,107,26,
8,46666877,8,6,
8,46666963,139,57,
8,46667094,36,2,
8,46667277,17,2,
8,46667336,11,1,
8,46667397,7,2,
8,46667519,9,2,
8,46667543,19,5,
8,46667572,223,276,
8,46667675,182,122,
8,46667821,23,3,
8,46667994,10,4,
8,46668021,577,522,
8,46668247,4,0,
8,46668801,61,69,
8,46668819,19,19,
8,46669045,13,7,
8,46669144,8,8,
8,46669289,70,35,
8,46669478,33,6,
8,46669663,180,87,
8,46669722,8,0,
8,46669996,80,30,
8,46670024,746,251,
8,46670123,4,3,
8,46670181,144,41,
8,46670279,433,141,
8,46670290,35,4,
8,46670524,228,249,
8,46670619,7,0,
8,46670780,51,61,
8,46670791,11,1,
8,46671020,84,54,
8,46671130,17,0,
8,46671174,83,6,
8,46671181,11,9,
8,46671191,10,0,
8,46671286,13,10,
8,46671326,7,0,
8,46671411,19,17,
8,46671481,14,1,
8,46671521,22,2,
8,46671569,5,0,
8,46671664,10,1,
8,46671695,5,0,
8,46671731,657,680,
8,46671952,172,166,
8,46671958,16,1,
8,46671982,34,14,
8,46672071,10,2,
8,46672150,372,114,
8,46672181,150,47,
8,46672260,26,2,
8,46672464,7,0,
8,46672701,23,6,
8,46673264,187,258,
8,46673453,264,245,
8,46673617,7,1,
8,46673759,40,16,
8,46673809,300,421,
8,46673865,8,15,
8,46674136,10,0,
8,46674234,12,5,
8,46674240,5,0,
8,46674416,151,66,
8,46674424,42,13,
8,46674426,14,3,
8,46674433,186,58,
8,46674482,16,1,
8,46674505,74,45,
8,46674593,6,0,
8,46674684,11,0,
8,46675092,50,20,
8,46675236,28,5,
8,46675271,128,33,
8,46675853,595,322,
8,46676081,137,97,9
8,46676170,16,4,
8,46676193,8,0,
8,46676264,86,98,
8,46676276,509,238,
8,46676554,99,158,19
8,46676614,13,2,
8,46676815,6,3,
8,46676824,58,66,
8,46676861,16,2,
8,46677106,227,85,
8,46677212,78,60,
8,46677436,85,32,
8,46677446,65,17,
8,46677455,16,1,
8,46677628,213,132,
8,46677907,16,5,
8,46677918,53,6,
8,46678031,3,1,
8,46678126,12,30,
8,46678205,485,251,
8,46678224,29,18,
8,46678235,5,0,
8,46678259,10,5,
8,46678430,264,161,
8,46678550,158,174,
8,46678612,39,38,
8,46678710,9,5,
8,46678758,8,2,
8,46679070,35,3,
8,46679176,24,5,
8,46679194,56,38,
8,46679248,4,0,
8,46679253,21,1,
8,46679423,3,0,
8,46679430,15,2,
8,46679657,105,114,
8,46679872,350,117,
8,46679875,9,1,
8,46679896,137,99,
8,46679907,114,54,
8,46680081,14,3,
8,46680212,714,713,
8,46680515,146,137,24
8,46680597,95,17,
8,46680909,24,10,
8,46680974,352,277,5
8,46681153,88,55,
8,46681156,20,9,
8,46681167,4,1,
8,46681309,22,1,
8,46681351,76,69,
8,46681442,5,1,
8,46681454,137,73,
8,46681503,7,0,
8,46681587,31,9,
8,46681611,354,124,7
8,46682109,5,1,
8,46682115,59,10,29
8,46682325,66,37,
8,46682518,182,101,12
8,46682534,287,118,
8,46682569,6,0,
8,46682732,66,41,
8,46682778,8,4,
8,46682788,7,1,
8,46682802,7,3,
8,46682912,7,2,
8,46682918,7,1,
8,46682931,74,75,
8,46682977,15,4,
8,46682993,8,1,
8,46683070,16,3,
8,46683205,462,158,
8,46683301,4,0,
8,46683388,3,0,
8,46683410,144,113,
8,46683450,8,1,
8,46683519,167,74,
8,46683589,54,37,
8,46683645,37,1,
8,46683752,46,69,
8,46683782,106,61,
8,46683831,38,2,
8,46683833,156,49,
8,46683838,7,0,
8,46683858,33,4,
8,46683875,18,7,
8,46683892,6,1,
8,46683947,149,150,
8,46683958,5,0,
8,46683969,55,23,
8,46684056,405,145,1
8,46684173,5,4,
8,46684241,7,1,
8,46684243,4,0,
8,46684299,6,0,
8,46684335,145,56,
8,46684526,16,1,
8,46684563,12,2,
8,46684708,89,12,19
8,46684788,72,17,
8,46684815,60,62,20
8,46684862,67,42,
8,46684868,5,0,
8,46684958,145,103,6
8,46685031,7,5,
8,46685096,7,0,
8,46685317,26,0,
8,46685401,5,0,
8,46685882,5,1,
8,46686131,53,5,13
8,46686173,12,4,
8,46686181,9,3,
8,46686273,183,34,3
8,46686294,24,23,
8,46686418,92,31,8
8,46686431,12,10,
8,46686514,8,0,
8,46686527,8,0,
8,46686607,64,156,
8,46686640,282,325,14
8,46686655,224,96,11
8,46686674,11,0,
8,46686745,25,6,24
8,46686972,75,10,
8,46687019,7,0,
8,46687240,12,3,
8,46687504,62,5,9
8,46687588,111,9,22
8,46687705,39,8,4
8,46687883,9,2,
8,46687925,4,0,
8,46688122,44,14,25
8,46688173,84,49,
8,46688229,10,1,22
8,46688281,5,0,
8,46688494,10,0,
8,46688591,17,5,
8,46688954,51,19,2
8,46688971,105,30,1
8,46689143,13,6,16
8,46689204,26,18,2
9,46617149,190,106,
9,46617360,365,353,
9,46617492,58,44,
9,46617668,295,366,
9,46617705,68,12,
9,46617744,120,58,
9,46617938,42,11,
9,46618027,316,341,
9,46618042,315,234,
9,46618087,83,58,
9,46618105,87,14,
9,46618503,90,18,
9,46618544,149,139,
9,46618714,941,2375,
9,46618901,677,960,
9,46618954,35,6,
9,46619021,34,47,
9,46619030,370,293,
9,46619059,177,66,
9,46619391,77,34,
9,46619464,220,430,
9,46619614,123,49,
9,46620358,130,24,
9,46620673,127,31,
9,46620990,84,106,
9,46621656,27,3,
9,46621786,24,2,
9,46621945,253,323,
9,46622090,49,20,23
9,46622096,90,8,
9,46622328,868,398,
9,46623195,270,171,
9,46623761,169,36,
9,46624352,215,59,
9,46624396,36,2,
9,46624541,285,188,
9,46624563,155,68,
9,46624658,239,58,
9,46624731,59,6,
9,46624883,204,221,
9,46625049,62,28,
9,46626210,122,74,
9,46626410,211,158,
9,46626836,186,135,
9,46627410,124,45,
9,46627652,804,148,
9,46628329,632,157,
9,46628397,243,107,
9,46629295,70,21,
9,46629399,8,0,7
9,46629474,352,265,
9,46629610,254,158,
9,46629682,253,209,
9,46629964,85,10,
9,46630369,772,571,
9,46630718,21,0,17
9,46630798,159,58,
9,46630816,273,153,
9,46631281,56,5,
9,46631394,14,8,
9,46631728,122,148,
9,46632023,570,468,
9,46632039,49,24,
9,46632057,27,9,
9,46632120,108,35,
9,46632184,84,17,
9,46632256,33,7,
9,46632768,142,26,
9,46632871,53,9,
9,46632885,26,6,
9,46633025,60,57,
9,46633429,155,45,
9,46633488,773,475,
9,46633574,160,53,
9,46634450,167,105,
9,46634697,37,5,
9,46635309,372,64,
9,46635345,794,1231,
9,46635453,71,29,
9,46635550,122,95,
9,46636044,44,9,
9,46636093,157,38,
9,46636387,184,28,
9,46636861,43,26,
9,46637127,439,372,
9,46637165,186,112,
9,46637283,11,6,
9,46637322,33,8,
9,46637328,209,47,
9,46637723,72,48,
9,46637937,54,9,
9,46638013,601,367,
9,46638241,65,45,
9,46638331,89,241,
9,46638629,315,158,
9,46638894,31,23,
9,46639320,107,5,
9,46639897,36,5,
9,46640014,53,4,
9,46640366,268,164,
9,46640392,78,25,
9,46641036,143,45,28
9,46641042,190,106,
9,46641216,37,6,
9,46641239,126,16,
9,46641284,365,116,
9,46641348,154,102,
9,46641362,91,29,
9,46641663,26,12,
9,46641992,88,63,
9,46642173,86,22,
9,46642414,103,77,
9,46642458,82,75,18
9,46642466,16,1,
9,46642560,406,57,
9,46642846,33,3,
9,46642920,341,175,
9,46643070,60,114,
9,46643699,16,10,
9,46643737,44,14,
9,46643754,41,34,
9,46644173,69,7,30
9,46644181,271,9,
9,46644250,43,3,
9,46644541,53,15,
9,46644640,54,62,
9,46644661,97,34,
9,46645107,9,0,
9,46645176,306,117,
9,46645524,38,9,
9,46645553,15,8,
9,46645561,6,1,
9,46645615,557,253,
9,46645941,114,26,
9,46645942,58,31,
9,46645998,99,84,
9,46646080,141,128,
9,46646091,104,29,
9,46646173,16,5,20
9,46646226,158,180,
9,46646263,370,171,
9,46646475,538,380,
9,46646645,951,390,
9,46646777,716,306,
9,46646958,105,113,
9,46647059,135,38,
9,46647491,503,279,
9,46648144,83,93,
9,46648752,12,11,
9,46648885,287,355,
9,46648900,38,38,
9,46648916,718,302,
9,46649142,1022,597,
9,46649489,102,95,
9,46649577,272,238,
9,46649781,83,13,
9,46649808,23,2,
9,46649813,28,2,
9,46650006,56,12,
9,46650347,148,43,
9,46650682,6,2,
9,46650805,4,1,
9,46651027,8,0,
9,46651155,47,31,
9,46651443,320,137,
9,46651510,31,1,
9,46651691,75,6,
9,46651887,199,128,
9,46652024,73,41,
9,46652173,5,0,
9,46652592,21,13,
9,46652617,160,88,
9,46652690,128,76,
9,46652914,35,5,
9,46652944,109,116,
9,46653270,41,20,
9,46653311,6,5,
9,46653427,29,13,
9,46653721,227,58,
9,46654085,72,11,
9,46654726,189,225,
9,46654749,152,28,
9,46654878,93,28,
9,46654956,25,7,
9,46655401,12,1,
9,46655524,90,6,
9,46655667,22,7,
9,46656045,171,169,
9,46656358,160,48,
9,46656552,219,96,
9,46656759,39,33,
9,46656834,292,68,
9,46656897,166,83,
9,46656903,359,328,
9,46656909,14,1,
9,46656911,207,232,
9,46656998,266,330,
9,46657088,65,5,
9,46657116,38,4,
9,46657122,1313,146,
9,46657141,55,29,
9,46657296,102,70,
9,46657364,4,0,
9,46658003,69,4,
9,46658014,121,45,
9,46658128,4,0,
9,46658166,5,3,
9,46658342,9,1,
9,46658345,620,510,
9,46659219,99,49,
9,46659346,35,0,
9,46659396,4,0,
9,46659439,6,0,
9,46659456,64,32,
9,46659465,26,2,
9,46659550,182,180,
9,46659635,9,0,
9,46659990,21,13,
9,46660543,382,142,
9,46660663,110,51,
9,46661132,83,155,
9,46661503,34,9,
9,46661630,70,23,
9,46661644,46,16,
9,46661731,16,3,
9,46661814,24,6,
9,46661897,251,64,
9,46662001,6,0,
9,46662078,113,30,
9,46662141,3,0,
9,46662154,64,34,
9,46662247,7,0,
9,46662304,53,10,
9,46662390,8,0,22
9,46662399,47,8,
9,46662478,23,4,
9,46662662,222,163,
9,46663268,123,83,
9,46663338,837,312,
9,46663392,5,1,
9,46663466,6,0,
9,46663467,50,4,
9,46663507,121,17,
9,46663508,22,4,
9,46663580,9,4,
9,46663686,11,1,
9,46663731,21,5,
9,46663819,19,5,
9,46663844,19,4,
9,46663873,6,0,
9,46664030,18,18,
9,46664079,72,71,
9,46664148,31,11,
9,46664195,187,66,
9,46664540,124,73,
9,46664549,3,0,
9,46664576,19,2,
9,46664631,306,290,
9,46664638,185,90,
9,46664646,126,73,
9,46664650,8,10,
9,46664755,792,275,
9,46664771,20,8,
9,46664865,25,12,
9,46665169,112,37,
9,46665309,8,0,
9,46665310,258,132,
9,46665388,6,0,
9,46665393,60,11,
9,46665411,566,60,
9,46665453,62,39,
9,46665501,9,0,
9,46665515,21,0,
9,46665577,15,0,
9,46665837,7,1,
9,46665839,492,228,
9,46666085,403,276,
9,46666283,190,97,
9,46666288,214,40,
9,46666391,4,1,
9,46666574,15,1,
9,46666650,67,10,
9,46666661,73,41,
9,46666777,110,26,
9,46666877,8,6,
9,46666963,140,57,
9,46667094,36,2,
9,46667277,17,2,
9,46667336,12,1,
9,46667397,7,2,
9,46667519,9,2,
9,46667543,19,5,
9,46667572,224,276,
9,46667675,182,122,
9,46667715,10,1,
9,46667821,23,3,
9,46667994,11,4,
9,46668021,578,522,
9,46668247,4,0,
9,46668801,61,69,
9,46668819,19,19,
9,46669045,14,7,
9,46669144,8,8,
9,46669289,70,35,
9,46669478,33,6,
9,46669663,181,87,
9,46669722,8,0,
9,46669996,81,30,
9,46670024,747,251,
9,46670123,4,3,
9,46670181,145,41,
9,46670279,433,141,
9,46670290,35,4,
9,46670524,254,289,
9,46670619,7,0,
9,46670780,51,61,
9,46670791,11,1,
9,46671020,84,54,
9,46671130,18,0,
9,46671174,83,6,
9,46671181,11,9,
9,46671191,10,0,
9,46671286,13,10,
9,46671326,7,0,
9,46671411,19,17,
9,46671481,14,1,
9,46671521,22,2,
9,46671569,5,0,
9,46671664,10,1,
9,46671695,5,0,
9,46671731,659,681,
9,46671952,172,165,
9,46671958,17,1,
9,46671982,34,14,
9,46672071,11,2,
9,46672150,373,114,
9,46672181,151,47,
9,46672260,26,2,
9,46672464,7,0,
9,46672701,23,6,
9,46673264,188,258,
9,46673453,265,246,
9,46673617,7,1,
9,46673759,40,16,
9,46673809,301,421,
9,46673865,8,15,
9,46674136,10,0,
9,46674234,12,5,
9,46674240,5,0,
9,46674416,151,66,
9,46674424,42,13,
9,46674426,14,3,
9,46674433,188,58,
9,46674482,16,1,
9,46674505,74,45,
9,46674593,6,0,
9,46674684,11,0,
9,46675092,50,21,
9,46675236,28,5,
9,46675271,128,34,
9,46675853,596,323,
9,46676081,142,105,12
9,46676170,16,4,
9,46676193,8,0,
9,46676264,86,98,
9,46676276,509,239,
9,46676554,114,181,21
9,46676614,13,2,
9,46676815,6,3,
9,46676824,58,67,
9,46676861,16,2,
9,46677106,227,85,
9,46677212,79,60,
9,46677436,85,32,
9,46677446,66,17,
9,46677455,16,1,
9,46677628,214,132,
9,46677907,16,5,
9,46677918,54,6,
9,46678031,3,1,
9,46678126,12,30,
9,46678205,488,251,
9,46678224,29,18,
9,46678235,5,0,
9,46678259,10,5,
9,46678430,264,165,
9,46678550,158,175,
9,46678612,39,38,
9,46678710,10,5,
9,46679176,24,5,
9,46679194,56,39,
9,46679248,4,0,
9,46679253,21,1,
9,46679423,3,0,
9,46679430,16,2,
9,46679657,105,117,
9,46679872,351,118,
9,46679875,9,1,
9,46679896,138,99,
9,46679907,114,54,
9,46680081,15,3,
9,46680212,717,721,
9,46680515,152,139,27
9,46680597,99,17,
9,46680909,24,10,
9,46680974,376,293,8
9,46681153,88,55,
9,46681156,20,9,
9,46681167,4,1,
9,46681309,22,1,
9,46681351,76,70,
9,46681442,5,1,
9,46681454,143,74,
9,46681587,32,9,
9,46681611,361,129,8
9,46682109,5,1,
9,46682115,60,10,
9,46682325,66,37,
9,46682518,185,103,14
9,46682534,290,118,
9,46682569,6,0,
9,46682732,68,41,
9,46682778,8,5,
9,46682802,7,3,
9,46682912,7,2,
9,46682918,7,1,
9,46682931,75,76,
9,46682977,15,4,
9,46682993,8,1,
9,46683070,16,3,
9,46683205,463,158,
9,46683301,5,0,
9,46683388,3,0,
9,46683410,145,113,
9,46683450,8,1,
9,46683519,167,75,
9,46683589,54,38,
9,46683645,37,1,
9,46683752,46,70,
9,46683782,106,62,
9,46683831,39,2,
9,46683833,161,49,
9,46683838,7,0,
9,46683858,33,4,
9,46683875,19,7,
9,46683892,6,1,
9,46683947,150,153,
9,46683958,5,0,
9,46683969,55,23,
9,46684052,8,0,
9,46684056,427,147,3
9,46684173,6,5,
9,46684241,9,1,
9,46684243,4,0,
9,46684299,6,0,
9,46684335,146,57,
9,46684526,17,1,
9,46684563,12,2,
9,46684708,92,13,23
9,46684788,74,17,
9,46684815,64,64,25
9,46684862,70,42,
9,46684868,5,0,
9,46684958,151,113,10
9,46685031,7,5,
9,46685096,7,0,
9,46685317,29,0,
9,46685401,5,0,
9,46685882,7,1,
9,46686131,63,7,16
9,46686173,12,4,
9,46686181,9,3,
9,46686273,201,43,4
9,46686294,26,23,
9,46686418,96,32,11
9,46686431,12,10,
9,46686514,8,0,
9,46686527,8,0,
9,46686607,68,163,
9,46686640,294,348,19
9,46686655,242,101,15
9,46686662,6,2,
9,46686674,12,0,
9,46686745,28,6,29
9,46686972,78,10,
9,46687019,8,0,
9,46687240,12,3,
9,46687504,68,6,11
9,46687588,118,9,
9,46687705,51,12,6
9,46687883,9,3,
9,46687925,6,0,
9,46688122,50,16,
9,46688173,87,52,
9,46688229,26,21,13
9,46688281,8,1,
9,46688494,13,0,
9,46688591,17,5,
9,46688954,72,45,2
9,46688971,192,82,1
9,46689065,10,0,5
9,46689143,57,34,6
9,46689204,86,80,2
10,46617149,190,106,
10,46617360,366,353,
10,46617492,58,45,
10,46617668,295,366,
10,46617705,68,12,
10,46617744,120,58,
10,46617938,42,11,
10,46618027,316,341,
10,46618042,315,234,
10,46618087,83,58,
10,46618105,87,14,
10,46618503,90,18,
10,46618544,149,139,
10,46618714,941,2375,
10,46618901,678,960,
10,46618954,35,6,
10,46619021,34,47,
10,46619030,370,293,
10,46619059,178,66,
10,46619391,78,34,
10,46619464,220,430,
10,46619614,123,49,
10,46620358,130,24,
10,46620673,127,31,
10,46620990,84,106,
10,46621656,28,3,
10,46621786,24,2,
10,46621945,253,323,
10,46622090,51,22,22
10,46622096,92,9,
10,46622328,868,398,
10,46623195,270,171,
10,46623761,169,36,
10,46624352,215,59,
10,46624396,36,2,
10,46624541,285,189,
10,46624563,155,68,
10,46624658,239,58,
10,46624731,59,6,
10,46624883,204,221,
10,46625049,62,28,
10,46626210,122,74,
10,46626410,211,158,
10,46626836,186,135,
10,46627410,125,46,
10,46627652,804,148,
10,46628329,632,157,
10,46628397,243,107,
10,46629295,70,21,
10,46629399,22,10,4
10,46629474,352,265,
10,46629610,254,158,
10,46629682,253,209,
10,46629964,85,10,
10,46630369,772,571,
10,46630718,24,0,18
10,46630798,159,58,
10,46630816,273,153,
10,46631281,56,5,
10,46631394,14,8,
10,46631728,122,148,
10,46632023,570,468,
10,46632039,49,24,
10,46632057,27,9,
10,46632120,109,35,
10,46632184,84,18,
10,46632256,33,7,
10,46632768,142,26,
10,46632871,53,9,
10,46632885,26,6,
10,46633025,60,57,
10,46633429,155,45,
10,46633488,773,475,
10,46633574,160,53,
10,46634450,167,105,
10,46634697,37,5,
10,46635309,372,64,
10,46635345,795,1231,
10,46635453,72,30,
10,46635550,122,95,
10,46636044,44,9,
10,46636093,157,38,
10,46636387,184,28,
10,46636861,43,26,
10,46637127,439,372,
10,46637165,186,112,
10,46637283,11,6,
10,46637322,33,8,
10,46637328,209,47,
10,46637723,72,48,
10,46637937,54,9,
10,46638013,601,367,
10,46638241,65,45,
10,46638331,90,241,
10,46638629,315,158,
10,46638894,31,23,
10,46639320,107,5,
10,46639897,36,5,
10,46640014,53,4,
10,46640366,268,164,
10,46640392,78,25,
10,46641036,147,47,28
10,46641042,190,106,
10,46641145,13,9,6
10,46641216,37,6,
10,46641239,126,16,
10,46641284,365,116,
10,46641348,154,102,
10,46641362,91,29,
10,46641663,26,12,
10,46641992,88,63,
10,46642173,86,22,
10,46642414,103,77,
10,46642458,87,79,17
10,46642466,16,1,
10,46642560,406,57,
10,46642846,33,3,
10,46642920,341,175,
10,46643070,60,114,
10,46643699,16,10,
10,46643737,44,14,
10,46643754,41,34,
10,46644173,69,8,
10,46644181,271,9,
10,46644250,43,3,
10,46644541,53,15,
10,46644640,57,64,
10,46644661,97,34,
10,46645107,9,0,
10,46645176,306,117,
10,46645524,38,9,
10,46645553,15,8,
10,46645561,6,1,
10,46645615,557,254,
10,46645941,114,26,
10,46645942,58,31,
10,46645998,99,84,
10,46646080,141,132,
10,46646091,104,29,
10,46646173,23,6,21
10,46646226,158,180,
10,46646263,370,171,
10,46646475,538,380,
10,46646645,951,390,
10,46646777,716,306,
10,46646958,105,113,
10,46647059,135,38,
10,46647491,503,279,
10,46648144,83,93,
10,46648752,12,11,
10,46648885,287,355,
10,46648900,38,39,
10,46648916,718,302,
10,46649142,1023,597,
10,46649489,102,95,
10,46649577,272,238,
10,46649781,83,13,
10,46649808,23,2,
10,46649813,28,2,
10,46650006,56,12,
10,46650347,148,43,
10,46650682,6,2,
10,46650805,4,1,
10,46651027,8,0,
10,46651155,47,31,
10,46651443,320,137,
10,46651510,31,1,
10,46651691,75,6,
10,46651887,199,128,
10,46652024,73,41,
10,46652173,5,0,
10,46652592,21,13,
10,46652617,160,88,
10,46652690,135,80,30
10,46652914,35,5,
10,46652944,109,116,
10,46653270,41,20,
10,46653311,6,5,
10,46653427,29,13,
10,46653721,227,58,
10,46654085,72,11,
10,46654726,190,225,
10,46654749,152,28,
10,46654878,93,28,
10,46654956,25,7,
10,46655401,12,1,
10,46655524,90,6,
10,46655667,22,7,
10,46656045,171,169,
10,46656358,160,48,
10,46656552,219,96,
10,46656759,39,33,
10,46656834,292,68,
10,46656897,166,83,
10,46656903,359,328,
10,46656909,14,1,
10,46656911,207,232,
10,46656998,266,330,
10,46657088,65,5,
10,46657116,38,4,
10,46657122,1314,146,
10,46657141,55,29,
10,46657296,102,70,
10,46657364,4,0,
10,46658003,70,4,
10,46658014,121,45,
10,46658128,4,0,
10,46658166,5,3,
10,46658342,9,1,
10,46658345,620,511,
10,46659219,100,49,
10,46659346,36,0,
10,46659396,4,0,
10,46659439,6,0,
10,46659456,64,32,
10,46659465,26,2,
10,46659550,182,180,
10,46659635,9,0,
10,46659990,21,13,
10,46660543,382,142,
10,46660663,110,51,
10,46661132,83,155,
10,46661503,34,9,
10,46661630,70,23,
10,46661644,46,16,
10,46661731,16,3,
10,46661814,24,6,
10,46661897,251,64,
10,46662001,6,0,
10,46662078,113,30,
10,46662141,3,0,
10,46662154,64,34,
10,46662247,7,0,
10,46662304,53,10,
10,46662390,12,0,22
10,46662399,47,8,
10,46662478,23,4,
10,46662662,222,163,
10,46663268,123,83,
10,46663338,838,312,
10,46663392,5,1,
10,46663466,6,0,
10,46663467,50,4,
10,46663507,121,17,
10,46663508,22,4,
10,46663580,9,4,
10,46663686,11,1,
10,46663731,21,5,
10,46663819,19,5,
10,46663844,19,4,
10,46663873,6,0,
10,46664030,18,18,
10,46664079,72,71,
10,46664148,31,11,
10,46664195,187,66,
10,46664540,124,73,
10,46664549,3,0,
10,46664576,19,2,
10,46664631,306,290,
10,46664638,187,90,
10,46664646,126,73,
10,46664650,8,10,
10,46664755,793,275,
10,46664771,20,8,
10,46664865,25,12,
10,46665169,112,37,
10,46665309,8,0,
10,46665310,258,132,
10,46665388,6,0,
10,46665393,60,11,
10,46665411,566,60,
10,46665453,62,39,
10,46665501,9,0,
10,46665515,21,0,
10,46665577,15,0,
10,46665837,7,1,
10,46665839,492,229,
10,46666085,403,276,
10,46666283,190,97,
10,46666288,214,40,
10,46666391,4,1,
10,46666574,15,1,
10,46666650,67,10,
10,46666661,73,41,
10,46666777,110,26,
10,46666877,8,6,
10,46666963,140,57,
10,46667094,36,2,
10,46667277,17,2,
10,46667336,12,1,
10,46667397,7,2,
10,46667519,10,2,
10,46667543,19,5,
10,46667572,224,276,
10,46667675,182,123,
10,46667715,10,1,
10,46667821,23,3,
10,46667994,11,4,
10,46668021,578,523,
10,46668247,4,0,
10,46668801,61,69,
10,46668819,20,19,
10,46669045,14,7,
10,46669144,8,8,
10,46669289,70,35,
10,46669478,33,6,
10,46669663,182,87,
10,46669722,8,0,
10,46669996,81,30,
10,46670024,748,252,
10,46670123,4,3,
10,46670181,145,41,
10,46670279,433,141,
10,46670290,35,4,
10,46670524,297,301,22
10,46670619,7,0,
10,46670780,51,61,
10,46671020,84,54,
10,46671130,18,0,
10,46671174,83,6,
10,46671181,11,9,
10,46671191,10,0,
10,46671286,13,10,
10,46671326,7,0,
10,46671411,19,17,
10,46671481,14,1,
10,46671521,22,2,
10,46671569,5,0,
10,46671664,10,1,
10,46671695,5,0,
10,46671731,660,681,
10,46671952,173,165,
10,46671958,17,1,
10,46671982,34,14,
10,46672071,11,2,
10,46672150,373,114,
10,46672181,152,47,
10,46672260,26,2,
10,46672464,7,0,
10,46672701,23,6,
10,46673264,189,258,
10,46673453,266,246,
10,46673617,7,1,
10,46673759,40,16,
10,46673809,303,422,
10,46673865,8,15,
10,46674136,10,0,
10,46674234,12,5,
10,46674240,5,0,
10,46674416,151,67,
10,46674424,42,13,
10,46674426,14,3,
10,46674433,188,58,
10,46674482,16,1,
10,46674505,74,45,
10,46674593,6,0,
10,46674684,11,0,
10,46675092,50,21,
10,46675236,28,5,
10,46675271,128,34,
10,46675853,597,323,
10,46676081,152,112,11
10,46676170,16,4,
10,46676193,8,0,
10,46676264,86,98,
10,46676276,509,240,
10,46676554,130,202,19
10,46676614,13,2,
10,46676815,6,3,
10,46676824,58,67,
10,46676861,16,2,
10,46677106,227,85,
10,46677212,79,60,
10,46677436,85,32,
10,46677446,66,18,
10,46677455,16,1,
10,46677628,216,133,
10,46677907,16,5,
10,46677918,54,6,
10,46678031,3,1,
10,46678126,12,30,
10,46678205,490,252,
10,46678224,29,20,
10,46678235,5,0,
10,46678259,10,5,
10,46678430,264,166,
10,46678550,158,175,
10,46678612,39,38,
10,46678710,10,5,
10,46679176,24,5,
10,46679248,4,0,
10,46679253,21,1,
10,46679423,3,0,
10,46679430,16,2,
10,46679657,105,118,
10,46679872,351,120,
10,46679875,9,1,
10,46679896,138,99,
10,46679907,114,54,
10,46680081,15,3,
10,46680212,722,724,
10,46680515,158,141,27
10,46680597,100,17,
10,46680909,24,11,
10,46680974,396,311,7
10,46681153,89,55,
10,46681156,20,9,
10,46681167,4,1,
10,46681309,22,1,
10,46681351,76,71,
10,46681442,5,1,
10,46681454,145,75,
10,46681587,32,9,
10,46681611,371,131,9
10,46682109,5,1,
10,46682115,60,10,
10,46682325,66,37,
10,46682518,192,104,14
10,46682534,292,118,
10,46682569,6,0,
10,46682732,72,41,
10,46682778,8,5,
10,46682802,7,3,
10,46682912,7,2,
10,46682918,7,1,
10,46682931,77,79,
10,46682977,15,4,
10,46682993,8,1,
10,46683070,16,3,
10,46683205,463,159,
10,46683301,5,0,
10,46683388,3,0,
10,46683410,145,113,
10,46683450,8,1,
10,46683519,171,74,
10,46683589,54,41,
10,46683645,37,1,
10,46683752,46,73,
10,46683782,109,62,
10,46683831,41,2,
10,46683833,162,49,
10,46683838,7,0,
10,46683858,33,4,
10,46683875,19,7,
10,46683892,6,1,
10,46683947,151,154,
10,46683958,5,0,
10,46683969,55,24,
10,46683990,6,0,
10,46684052,8,0,
10,46684056,443,152,2
10,46684173,6,5,
10,46684241,9,1,
10,46684243,4,0,
10,46684299,6,0,
10,46684335,148,57,
10,46684526,18,1,
10,46684563,12,2,
10,46684708,95,14,23
10,46684788,76,17,
10,46684815,67,66,26
10,46684862,71,42,
10,46684868,5,0,
10,46684958,159,120,10
10,46685031,7,5,
10,46685096,7,0,
10,46685288,4,0,
10,46685317,32,0,
10,46685401,5,0,
10,46685882,8,1,
10,46686131,72,14,16
10,46686173,12,4,
10,46686181,9,3,
10,46686273,218,45,4
10,46686294,26,23,
10,46686418,101,39,11
10,46686431,12,10,
10,46686514,8,0,
10,46686527,8,0,
10,46686607,70,165,
10,46686640,318,378,19
10,46686655,257,107,15
10,46686662,6,2,
10,46686674,12,0,
10,46686745,30,7,29
10,46686972,83,10,
10,46687019,8,1,
10,46687240,13,3,
10,46687504,73,8,13
10,46687588,123,10,
10,46687705,60,14,6
10,46687883,10,3,
10,46687925,6,0,
10,46688122,53,19,
10,46688173,87,52,
10,46688281,8,1,
10,46688494,15,0,
10,46688954,96,63,2
10,46688971,263,121,1
10,46689065,39,8,1
10,46689204,92,112,
10,46689767,4,0,
10,46689901,4,0,
10,46690134,11,0,
10,46690330,3,0,
11,46617149,190,106,
11,46617360,366,353,
11,46617492,58,45,
11,46617668,295,366,
11,46617705,68,12,
11,46617744,120,58,
11,46617938,43,11,
11,46618027,316,341,
11,46618042,315,234,
11,46618087,83,58,
11,46618105,87,14,
11,46618503,90,18,
11,46618544,149,139,
11,46618714,941,2375,
11,46618901,678,960,
11,46618954,35,6,
11,46619021,34,47,
11,46619030,370,293,
11,46619059,179,66,
11,46619391,78,35,
11,46619464,220,430,
11,46619614,123,49,
11,46620358,130,24,
11,46620673,127,31,
11,46620990,84,106,
11,46621656,29,3,
11,46621786,24,2,
11,46621945,253,323,
11,46622090,56,27,21
11,46622096,93,9,
11,46622328,868,398,
11,46623195,270,171,
11,46623761,169,36,
11,46624352,215,59,
11,46624396,36,2,
11,46624541,285,189,
11,46624563,155,68,
11,46624658,239,58,
11,46624731,59,6,
11,46624883,205,221,
11,46625049,62,28,
11,46626210,122,74,
11,46626410,211,158,
11,46626836,186,135,
11,46627410,126,46,
11,46627652,804,148,
11,46628329,632,157,
11,46628397,243,107,
11,46629295,70,21,
11,46629399,34,18,3
11,46629474,352,265,
11,46629610,254,158,
11,46629682,253,209,
11,46629964,85,10,
11,46630369,772,571,
11,46630718,31,0,16
11,46630798,159,58,
11,46630816,273,153,
11,46631281,56,5,
11,46631394,14,8,
11,46631728,122,148,
11,46632023,570,468,
11,46632039,49,24,
11,46632057,27,9,
11,46632120,110,35,
11,46632184,84,18,
11,46632256,33,7,
11,46632768,142,26,
11,46632871,53,9,
11,46632885,26,6,
11,46633025,60,57,
11,46633429,155,45,
11,46633488,773,475,
11,46633574,160,53,
11,46634450,167,105,
11,46634697,37,5,
11,46635309,372,64,
11,46635345,795,1231,
11,46635453,73,31,
11,46635550,122,95,
11,46636044,44,9,
11,46636093,157,38,
11,46636387,184,28,
11,46636861,43,26,
11,46637127,439,372,
11,46637165,186,112,
11,46637283,11,6,
11,46637322,33,8,
11,46637328,209,47,
11,46637723,72,48,
11,46637937,54,9,
11,46638013,601,367,
11,46638241,65,45,
11,46638629,315,158,
11,46638894,31,23,
11,46639320,107,5,
11,46639897,36,5,
11,46640014,53,4,
11,46640366,268,164,
11,46640392,78,25,
11,46641036,151,48,27
11,46641042,190,106,
11,46641145,27,26,4
11,46641216,37,6,
11,46641239,126,16,
11,46641284,365,116,
11,46641348,154,102,
11,46641362,91,29,
11,46641663,26,12,
11,46641992,88,63,
11,46642173,86,22,
11,46642414,103,77,
11,46642458,90,86,18
11,46642466,16,1,
11,46642560,406,57,
11,46642846,33,3,
11,46642920,341,175,
11,46643070,60,114,
11,46643699,16,10,
11,46643737,44,14,
11,46643754,41,34,
11,46644173,71,8,
11,46644181,271,9,
11,46644250,43,3,
11,46644541,53,15,
11,46644640,57,65,
11,46644661,97,34,
11,46645107,9,0,
11,46645176,306,117,
11,46645524,38,9,
11,46645553,15,8,
11,46645561,6,1,
11,46645615,557,254,
11,46645941,114,26,
11,46645942,58,31,
11,46645998,99,84,
11,46646080,141,132,
11,46646091,104,29,
11,46646173,27,6,29
11,46646226,158,180,
11,46646263,370,171,
11,46646404,10,1,20
11,46646475,539,380,
11,46646645,952,390,
11,46646777,716,307,
11,46646958,105,113,
11,46647059,135,38,
11,46647491,503,279,
11,46648144,83,93,
11,46648752,12,11,
11,46648885,287,355,
11,46648900,38,39,
11,46648916,718,301,
11,46649142,1023,597,
11,46649489,102,95,
11,46649577,272,238,
11,46649781,84,13,
11,46649808,23,2,
11,46649813,28,2,
11,46650006,56,12,
11,46650347,148,43,
11,46650682,6,2,
11,46651027,8,0,
11,46651443,320,137,
11,46651510,31,1,
11,46651691,75,6,
11,46651887,199,128,
11,46652024,73,41,
11,46652173,5,0,
11,46652592,21,13,
11,46652617,160,88,
11,46652690,139,84,30
11,46652914,35,5,
11,46652944,109,116,
11,46653270,41,20,
11,46653311,6,5,
11,46653427,29,13,
11,46653721,227,58,
11,46654085,72,11,
11,46654726,190,225,
11,46654749,152,28,
11,46654878,93,28,
11,46654956,25,7,
11,46655401,12,1,
11,46655524,90,6,
11,46655667,22,7,
11,46656045,171,169,
11,46656358,160,48,
11,46656552,219,96,
11,46656759,39,33,
11,46656834,292,68,
11,46656897,166,83,
11,46656903,359,328,
11,46656909,14,1,
11,46656911,207,232,
11,46656998,266,329,
11,46657088,65,5,
11,46657116,38,4,
11,46657122,1314,146,
11,46657141,55,29,
11,46657296,102,70,
11,46657364,4,0,
11,46658003,70,4,
11,46658014,121,45,
11,46658128,4,0,
11,46658166,5,3,
11,46658342,9,1,
11,46658345,620,512,
11,46659219,100,49,
11,46659346,37,0,
11,46659396,4,0,
11,46659439,6,0,
11,46659456,64,32,
11,46659465,26,2,
11,46659550,182,180,
11,46659635,9,0,
11,46659990,21,13,
11,46660543,382,142,
11,46660663,110,51,
11,46661132,83,155,
11,46661503,34,9,
11,46661630,70,23,
11,46661644,46,16,
11,46661731,16,3,
11,46661814,24,6,
11,46661897,251,65,
11,46662001,6,0,
11,46662078,113,30,
11,46662141,3,0,
11,46662154,64,34,
11,46662247,7,0,
11,46662304,53,10,
11,46662390,14,0,27
11,46662399,47,8,
11,46662478,23,4,
11,46662662,222,163,
11,46663268,123,83,
11,46663338,839,312,
11,46663392,5,1,
11,46663466,6,0,
11,46663467,50,4,
11,46663507,121,17,
11,46663508,22,4,
11,46663580,9,4,
11,46663686,11,1,
11,46663731,21,5,
11,46663819,19,5,
11,46663844,19,4,
11,46663873,6,0,
11,46664030,18,18,
11,46664079,72,71,
11,46664148,31,11,
11,46664195,188,66,
11,46664540,124,73,
11,46664549,3,0,
11,46664576,19,2,
11,46664631,306,290,
11,46664638,187,90,
11,46664646,126,73,
11,46664650,8,10,
11,46664755,794,275,
11,46664771,20,8,
11,46664865,25,12,
11,46665169,112,37,
11,46665309,8,0,
11,46665310,258,132,
11,46665388,6,0,
11,46665393,60,11,
11,46665411,566,60,
11,46665453,62,39,
11,46665501,9,0,
11,46665515,21,0,
11,46665577,15,0,
11,46665837,7,1,
11,46665839,494,230,
11,46666085,403,276,
11,46666283,190,97,
11,46666288,214,40,
11,46666391,4,1,
11,46666574,15,1,
11,46666650,67,10,
11,46666661,73,41,
11,46666777,110,26,
11,46666877,8,6,
11,46666963,141,57,
11,46667094,36,2,
11,46667277,17,2,
11,46667336,12,1,
11,46667397,7,2,
11,46667519,10,2,
11,46667543,19,5,
11,46667572,224,276,
11,46667675,182,124,
11,46667821,23,3,
11,46667994,11,4,
11,46668021,578,524,
11,46668247,4,0,
11,46668801,61,69,
11,46668819,20,19,
11,46669045,14,7,
11,46669144,8,8,
11,46669289,70,35,
11,46669478,33,6,
11,46669663,183,87,
11,46669722,8,0,
11,46669996,81,30,
11,46670024,751,252,
11,46670123,4,3,
11,46670181,145,41,
11,46670279,433,141,
11,46670290,35,4,
11,46670524,304,315,20
11,46670619,7,0,
11,46670780,51,61,
11,46671020,84,54,
11,46671130,18,0,
11,46671174,83,6,
11,46671181,11,9,
11,46671191,10,0,
11,46671286,13,10,
11,46671326,7,0,
11,46671411,19,17,
11,46671481,14,1,
11,46671521,22,2,
11,46671569,5,0,
11,46671664,10,1,
11,46671695,5,0,
11,46671731,663,683,
11,46671952,173,166,
11,46671958,17,1,
11,46671982,34,14,
11,46672071,11,2,
11,46672150,373,114,
11,46672181,152,47,
11,46672260,26,2,
11,46672464,7,0,
11,46672701,23,6,
11,46673264,189,258,
11,46673453,268,246,
11,46673617,7,1,
11,46673759,40,16,
11,46673809,303,422,
11,46673865,8,15,
11,46674136,10,0,
11,46674234,12,5,
11,46674416,151,67,
11,46674424,42,13,
11,46674426,14,3,
11,46674433,190,58,
11,46674482,16,1,
11,46674505,74,45,
11,46674593,6,0,
11,46674684,11,0,
11,46675092,50,21,
11,46675236,28,5,
11,46675271,129,34,
11,46675853,597,324,
11,46676081,158,114,13
11,46676170,16,4,
11,46676193,8,0,
11,46676264,86,99,
11,46676276,510,242,
11,46676554,135,212,
11,46676614,13,2,
11,46676815,6,3,
11,46676824,58,69,
11,46676861,16,2,
11,46677106,228,85,
11,46677212,79,62,
11,46677436,85,32,
11,46677446,66,19,
11,46677455,16,1,
11,46677628,218,135,
11,46677907,16,5,
11,46677918,55,6,
11,46678031,3,1,
11,46678126,12,30,
11,46678205,491,252,
11,46678224,29,20,
11,46678235,5,0,
11,46678259,10,5,
11,46678430,264,166,
11,46678550,159,175,
11,46678612,39,39,
11,46678710,10,5,
11,46679176,24,5,
11,46679248,4,0,
11,46679253,21,1,
11,46679423,3,0,
11,46679430,16,2,
11,46679657,105,119,
11,46679872,353,120,
11,46679875,9,1,
11,46679896,138,99,
11,46679907,115,55,
11,46680081,15,3,
11,46680212,724,729,
11,46680515,164,148,25
11,46680597,100,17,
11,46680909,24,11,
11,46680974,412,325,9
11,46681153,90,56,
11,46681156,20,9,
11,46681167,4,1,
11,46681309,22,1,
11,46681351,76,72,
11,46681442,5,1,
11,46681454,146,75,
11,46681587,32,9,
11,46681611,380,133,10
11,46682109,5,1,
11,46682115,60,10,
11,46682325,67,37,
11,46682518,194,106,15
11,46682534,293,118,
11,46682569,6,0,
11,46682732,72,41,
11,46682778,8,5,
11,46682802,7,3,
11,46682912,7,2,
11,46682918,7,1,
11,46682931,77,80,
11,46682977,15,4,
11,46682993,8,1,
11,46683070,17,3,
11,46683205,463,159,
11,46683301,6,0,
11,46683388,3,0,
11,46683410,146,114,
11,46683450,9,1,
11,46683519,171,74,
11,46683589,54,41,
11,46683645,37,1,
11,46683752,47,73,
11,46683782,110,62,
11,46683831,41,2,
11,46683833,163,49,
11,46683838,7,0,
11,46683858,33,4,
11,46683875,19,7,
11,46683892,6,1,
11,46683947,152,159,
11,46683958,5,0,
11,46683969,55,24,
11,46683990,6,0,
11,46684052,8,0,
11,46684056,465,157,2
11,46684097,5,1,
11,46684173,6,5,
11,46684241,9,1,
11,46684243,4,0,
11,46684299,6,0,
11,46684335,151,57,
11,46684526,18,1,
11,46684563,12,2,
11,46684708,100,14,23
11,46684788,77,17,
11,46684815,71,69,26
11,46684862,71,43,
11,46684868,5,0,
11,46684958,167,125,11
11,46685031,8,5,
11,46685096,7,0,
11,46685288,4,0,
11,46685317,34,0,
11,46685401,5,0,
11,46685882,8,1,
11,46686131,80,17,16
11,46686173,13,4,
11,46686181,9,3,
11,46686273,227,46,6
11,46686294,26,23,
11,46686418,110,41,12
11,46686431,12,10,
11,46686514,8,0,
11,46686527,8,0,
11,46686607,73,167,
11,46686640,334,408,20
11,46686655,272,117,16
11,46686662,6,2,
11,46686674,13,0,
11,46686745,30,8,
11,46686972,84,11,
11,46687019,8,1,
11,46687240,14,3,
11,46687504,77,13,19
11,46687588,125,10,
11,46687705,68,18,7
11,46687883,10,3,
11,46687925,6,0,
11,46688122,54,19,
11,46688281,9,1,
11,46688494,17,0,
11,46688954,111,74,13
11,46688971,308,147,2
11,46689065,59,14,1
11,46689204,96,122,
11,46689525,4,0,
11,46689657,4,0,
11,46689767,5,0,
11,46689901,6,0,
11,46690134,16,0,
11,46690295,28,9,1
11,46690305,3,0,
11,46690330,27,69,8
11,46690380,5,0,
11,46690452,11,2,
12,46617149,190,106,
12,46617360,366,353,
12,46617492,58,45,
12,46617668,295,366,
12,46617705,68,12,
12,46617744,120,58,
12,46617938,44,11,
12,46618027,316,341,
12,46618042,315,234,
12,46618087,83,58,
12,46618105,87,14,
12,46618503,90,18,
12,46618544,149,139,
12,46618714,941,2375,
12,46618901,678,960,
12,46618954,35,6,
12,46619021,34,48,
12,46619030,370,293,
12,46619059,179,66,
12,46619391,78,35,
12,46619464,220,431,
12,46619614,123,49,
12,46620358,130,24,
12,46620673,127,31,
12,46620990,84,106,
12,46621656,29,3,
12,46621786,24,2,
12,46621945,253,323,
12,46622090,59,29,22
12,46622096,95,9,
12,46622328,868,398,
12,46623195,270,171,
12,46623761,169,36,
12,46624352,215,59,
12,46624396,37,2,
12,46624541,285,189,
12,46624563,155,68,
12,46624658,239,58,
12,46624731,59,6,
12,46624883,206,222,
12,46625049,62,28,
12,46626210,122,74,
12,46626410,211,158,
12,46626836,186,135,
12,46627410,126,46,
12,46627652,804,148,
12,46628329,633,157,
12,46628397,243,107,
12,46629295,70,21,
12,46629399,46,20,3
12,46629474,352,265,
12,46629610,254,158,
12,46629682,253,209,
12,46629964,85,10,
12,46630369,772,571,
12,46630718,31,0,17
12,46630798,159,58,
12,46630816,273,153,
12,46631281,56,5,
12,46631728,122,148,
12,46632023,570,468,
12,46632039,49,24,
12,46632057,27,9,
12,46632120,110,36,
12,46632184,84,18,
12,46632256,33,7,
12,46632768,142,26,
12,46632871,53,9,
12,46632885,26,6,
12,46633025,60,57,
12,46633429,155,45,
12,46633488,773,475,
12,46633574,160,53,
12,46634450,167,105,
12,46634697,37,5,
12,46635309,372,64,
12,46635345,795,1232,
12,46635453,76,31,
12,46635550,122,95,
12,46636044,44,9,
12,46636093,157,38,
12,46636387,184,28,
12,46636861,43,26,
12,46637127,439,373,
12,46637165,186,112,
12,46637283,11,6,
12,46637322,33,8,
12,46637328,209,47,
12,46637723,72,48,
12,46637937,55,9,
12,46638013,601,367,
12,46638241,65,45,
12,46638629,315,158,
12,46638894,31,23,
12,46639320,107,5,
12,46639897,36,5,
12,46640014,53,4,
12,46640366,268,164,
12,46640392,78,25,
12,46641036,153,48,27
12,46641042,190,106,
12,46641145,42,40,3
12,46641216,37,6,
12,46641239,127,16,
12,46641284,365,116,
12,46641348,154,102,
12,46641362,91,29,
12,46641663,26,12,
12,46641992,88,63,
12,46642173,86,22,
12,46642414,103,77,
12,46642458,93,97,19
12,46642466,16,1,
12,46642560,406,57,
12,46642846,33,3,
12,46642920,341,175,
12,46643070,60,114,
12,46643699,16,10,
12,46643737,44,14,
12,46643754,41,34,
12,46644173,72,10,
12,46644181,272,9,
12,46644250,43,3,
12,46644541,53,15,
12,46644640,57,66,
12,46644661,97,34,
12,46645107,9,0,
12,46645176,306,117,
12,46645524,38,9,
12,46645553,15,8,
12,46645561,6,1,
12,46645615,557,254,
12,46645941,114,26,
12,46645942,58,31,
12,46645998,99,85,
12,46646080,141,132,
12,46646091,104,29,
12,46646173,32,6,27
12,46646226,158,180,
12,46646263,370,171,
12,46646404,13,6,28
12,46646475,539,380,
12,46646645,952,390,
12,46646777,716,307,
12,46646958,105,113,
12,46647059,135,38,
12,46647491,503,279,
12,46648144,83,93,
12,46648752,12,11,
12,46648885,287,355,
12,46648900,38,39,
12,46648916,718,302,
12,46649142,1023,597,
12,46649489,102,95,
12,46649577,272,238,
12,46649781,85,13,
12,46649808,23,2,
12,46649813,28,2,
12,46650006,56,12,
12,46650347,148,43,
12,46650682,6,2,
12,46651027,8,0,
12,46651443,320,137,
12,46651510,31,1,
12,46651691,76,6,
12,46651887,199,128,
12,46652024,73,41,
12,46652617,160,88,
12,46652690,143,90,30
12,46652914,35,5,
12,46652944,109,116,
12,46653270,41,20,
12,46653311,6,5,
12,46653427,29,13,
12,46653721,227,58,
12,46654085,72,11,
12,46654726,190,225,
12,46654749,152,28,
12,46654878,94,28,
12,46654956,25,7,
12,46655401,12,1,
12,46655524,90,6,
12,46655667,22,7,
12,46656045,171,169,
12,46656358,160,48,
12,46656552,219,96,
12,46656759,39,33,
12,46656834,292,68,
12,46656897,166,83,
12,46656903,359,328,
12,46656909,14,1,
12,46656911,207,232,
12,46656998,266,329,
12,46657088,65,5,
12,46657116,38,4,
12,46657122,1315,146,
12,46657141,55,29,
12,46657296,102,70,
12,46657364,4,0,
12,46658003,70,4,
12,46658014,121,45,
12,46658128,4,0,
12,46658166,5,3,
12,46658342,9,1,
12,46658345,620,513,
12,46659219,100,49,
12,46659346,37,0,
12,46659396,4,0,
12,46659439,6,0,
12,46659456,64,32,
12,46659465,26,2,
12,46659550,182,180,
12,46659635,9,0,
12,46659990,21,13,
12,46660543,382,142,
12,46660663,110,51,
12,46661132,83,155,
12,46661503,34,9,
12,46661630,70,23,
12,46661644,46,16,
12,46661731,16,3,
12,46661814,24,6,
12,46661897,251,65,
12,46662001,6,0,
12,46662078,113,30,
12,46662141,3,0,
12,46662154,64,34,
12,46662247,7,0,
12,46662304,53,10,
12,46662390,18,0,
12,46662399,47,8,
12,46662662,222,163,
12,46663084,7,0,25
12,46663268,123,84,
12,46663338,839,312,
12,46663392,5,1,
12,46663466,6,0,
12,46663467,50,4,
12,46663507,121,17,
12,46663508,22,4,
12,46663580,9,4,
12,46663686,11,1,
12,46663731,21,5,
12,46663819,19,5,
12,46663844,19,4,
12,46663873,6,0,
12,46664030,18,18,
12,46664079,72,71,
12,46664148,31,11,
12,46664195,189,66,
12,46664540,124,73,
12,46664549,3,0,
12,46664576,19,2,
12,46664631,306,291,
12,46664638,187,90,
12,46664646,126,73,
12,46664650,8,10,
12,46664755,795,275,
12,46664771,20,8,
12,46664865,25,12,
12,46665169,112,37,
12,46665309,8,0,
12,46665310,258,132,
12,46665388,6,0,
12,46665393,60,11,
12,46665411,566,60,
12,46665453,62,39,
12,46665501,9,0,
12,46665515,21,0,
12,46665577,15,0,
12,46665837,7,1,
12,46665839,494,231,
12,46666085,403,276,
12,46666283,190,97,
12,46666288,215,40,
12,46666391,4,1,
12,46666574,15,1,
12,46666650,67,10,
12,46666661,73,41,
12,46666777,110,26,
12,46666877,8,6,
12,46666963,141,57,
12,46667094,36,2,
12,46667277,17,2,
12,46667336,12,1,
12,46667397,7,2,
12,46667519,10,2,
12,46667543,19,5,
12,46667572,225,277,
12,46667675,182,124,
12,46667821,23,3,
12,46667994,11,4,
12,46668021,579,524,
12,46668247,4,0,
12,46668801,61,70,
12,46668819,20,19,
12,46669045,14,7,
12,46669289,70,35,
12,46669478,33,6,
12,46669663,183,87,
12,46669722,8,0,
12,46669996,81,30,
12,46670024,752,252,
12,46670123,4,3,
12,46670181,145,41,
12,46670279,435,141,
12,46670290,35,4,
12,46670524,312,326,20
12,46670619,7,0,
12,46670780,51,61,
12,46671020,84,54,
12,46671130,18,0,
12,46671174,83,6,
12,46671181,11,9,
12,46671191,10,0,
12,46671286,13,10,
12,46671326,7,0,
12,46671481,14,1,
12,46671521,22,2,
12,46671569,5,0,
12,46671664,10,1,
12,46671695,5,0,
12,46671731,665,684,
12,46671952,173,155,
12,46671958,17,1,
12,46671982,34,14,
12,46672071,11,2,
12,46672150,373,114,
12,46672181,152,48,
12,46672260,26,2,
12,46672464,7,0,
12,46672701,23,6,
12,46673264,189,258,
12,46673453,268,245,
12,46673617,7,1,
12,46673759,40,17,
12,46673809,303,422,
12,46673865,8,15,
12,46674136,10,0,
12,46674234,12,5,
12,46674416,152,70,
12,46674424,42,13,
12,46674426,14,3,
12,46674433,191,58,
12,46674482,16,1,
12,46674505,74,45,
12,46674593,6,0,
12,46674684,11,0,
12,46675092,50,21,
12,46675236,28,5,
12,46675271,131,37,
12,46675853,598,326,
12,46676081,169,119,13
12,46676170,16,4,
12,46676193,8,0,
12,46676264,86,99,
12,46676276,514,243,
12,46676554,137,213,
12,46676614,13,3,
12,46676815,6,4,
12,46676824,58,69,
12,46676861,16,2,
12,46677106,228,85,
12,46677212,79,62,
12,46677436,85,32,
12,46677446,67,19,
12,46677455,16,1,
12,46677628,222,137,
12,46677907,16,5,
12,46677918,55,6,
12,46678031,3,1,
12,46678126,12,30,
12,46678205,493,252,
12,46678224,29,20,
12,46678235,5,0,
12,46678259,10,5,
12,46678430,264,166,
12,46678550,159,176,
12,46678612,39,39,
12,46678710,10,5,
12,46679176,24,5,
12,46679248,4,0,
12,46679253,21,1,
12,46679423,3,0,
12,46679430,16,2,
12,46679657,106,119,
12,46679872,354,121,
12,46679875,9,1,
12,46679896,139,99,
12,46679907,119,56,
12,46680081,15,3,
12,46680212,729,730,
12,46680515,169,156,25
12,46680597,101,18,
12,46680909,24,11,
12,46680974,429,336,9
12,46681153,91,56,
12,46681156,20,10,
12,46681167,4,1,
12,46681309,22,1,
12,46681351,76,73,
12,46681442,5,1,
12,46681454,147,75,
12,46681587,32,9,
12,46681611,384,139,10
12,46682109,5,1,
12,46682115,62,11,
12,46682325,67,37,
12,46682518,200,107,14
12,46682534,297,119,
12,46682732,72,41,
12,46682778,8,5,
12,46682802,7,3,
12,46682912,7,2,
12,46682918,7,1,
12,46682931,77,80,
12,46682977,15,4,
12,46682993,8,1,
12,46683070,18,4,
12,46683205,464,161,
12,46683301,6,0,
12,46683388,3,0,
12,46683410,146,114,
12,46683450,9,1,
12,46683519,171,74,
12,46683589,54,41,
12,46683645,38,1,
12,46683752,49,75,
12,46683782,112,63,
12,46683831,41,2,
12,46683833,163,49,
12,46683838,7,0,
12,46683858,33,4,
12,46683875,19,7,
12,46683892,6,1,
12,46683947,155,160,
12,46683958,5,0,
12,46683969,55,24,
12,46683990,7,0,
12,46684052,10,0,
12,46684056,487,161,2
12,46684097,5,1,
12,46684173,6,5,
12,46684241,9,1,
12,46684243,4,0,
12,46684299,6,0,
12,46684335,151,58,
12,46684563,12,2,
12,46684708,104,16,23
12,46684788,80,17,
12,46684815,77,73,26
12,46684862,72,43,
12,46684868,5,0,
12,46684958,173,129,11
12,46685031,8,5,
12,46685096,7,0,
12,46685288,4,0,
12,46685317,35,0,
12,46685401,5,0,
12,46685882,8,1,
12,46686131,85,20,16
12,46686173,13,4,
12,46686181,9,3,
12,46686273,238,51,7
12,46686294,26,24,
12,46686418,113,46,12
12,46686431,12,10,
12,46686514,8,0,
12,46686527,8,0,
12,46686607,73,172,
12,46686640,349,444,21
12,46686655,288,130,18
12,46686662,6,2,
12,46686674,13,0,
12,46686745,30,8,
12,46686972,90,11,
12,46687019,8,1,
12,46687240,14,3,
12,46687504,79,14,24
12,46687588,132,11,
12,46687705,71,20,8
12,46687883,10,3,
12,46687925,6,0,
12,46688122,59,20,
12,46688281,9,1,
12,46688494,17,0,
12,46688954,133,83,15
12,46688971,347,179,4
12,46689065,88,25,1
12,46689204,99,123,
12,46689525,4,0,
12,46689657,4,0,
12,46689767,6,0,
12,46689901,7,0,
12,46690092,4,1,
12,46690134,18,0,
12,46690295,39,22,6
12,46690305,5,0,
12,46690330,28,74,
12,46690380,9,1,
12,46690402,24,9,6
12,46690452,16,3,
12,46690498,4,0,
12,46690530,5,2,12
12,46690907,10,7,1
13,46617149,190,106,
13,46617360,366,353,
13,46617492,58,45,
13,46617668,295,366,
13,46617705,68,12,
13,46617744,120,58,
13,46617938,44,11,
13,46618027,316,341,
13,46618042,315,234,
13,46618087,83,58,
13,46618105,87,14,
13,46618503,90,18,
13,46618544,149,139,
13,46618714,941,2375,
13,46618901,678,960,
13,46618954,35,6,
13,46619021,35,48,
13,46619030,370,293,
13,46619059,180,68,
13,46619391,80,36,
13,46619464,220,431,
13,46619614,123,49,
13,46620358,130,24,
13,46620673,127,31,
13,46620990,84,105,
13,46621656,29,3,
13,46621786,24,2,
13,46621945,253,323,
13,46622090,64,31,27
13,46622096,95,9,
13,46622328,868,398,
13,46623195,270,171,
13,46623761,169,36,
13,46624352,215,59,
13,46624396,37,2,
13,46624541,285,189,
13,46624563,155,68,
13,46624658,239,58,
13,46624731,59,6,
13,46624883,207,222,
13,46625049,62,28,
13,46626210,122,74,
13,46626410,211,158,
13,46626836,186,135,
13,46627410,126,46,
13,46627652,804,148,
13,46628329,633,157,
13,46628397,243,107,
13,46629295,70,21,
13,46629399,53,21,5
13,46629474,352,265,
13,46629610,254,158,
13,46629682,253,209,
13,46629964,85,10,
13,46630369,772,571,
13,46630718,34,1,24
13,46630798,159,58,
13,46630816,273,153,
13,46631281,56,5,
13,46631728,122,148,
13,46632023,570,468,
13,46632039,49,24,
13,46632057,27,9,
13,46632120,111,38,
13,46632184,86,18,
13,46632256,33,7,
13,46632768,142,26,
13,46632871,53,9,
13,46632885,26,6,
13,46633025,60,57,
13,46633429,155,45,
13,46633488,773,475,
13,46633574,160,53,
13,46634450,167,105,
13,46634697,37,5,
13,46635309,372,64,
13,46635345,795,1232,
13,46635453,77,32,
13,46635550,122,95,
13,46636044,44,9,
13,46636093,157,38,
13,46636387,184,28,
13,46636861,43,26,
13,46637127,439,373,
13,46637165,186,112,
13,46637283,12,6,
13,46637322,33,8,
13,46637328,209,47,
13,46637723,72,48,
13,46637937,56,9,
13,46638013,601,367,
13,46638241,65,45,
13,46638629,315,158,
13,46638894,31,23,
13,46639320,107,5,
13,46639897,36,5,
13,46640014,53,4,
13,46640366,269,164,
13,46641036,159,50,30
13,46641042,190,106,
13,46641145,46,48,
13,46641216,37,6,
13,46641239,127,16,
13,46641284,365,116,
13,46641348,154,102,
13,46641362,91,27,
13,46641663,26,12,
13,46641992,88,63,
13,46642173,86,22,
13,46642414,103,77,
13,46642458,98,100,23
13,46642466,16,1,
13,46642560,406,57,
13,46642846,33,3,
13,46642920,341,175,
13,46643070,60,114,
13,46643699,16,10,
13,46643737,44,14,
13,46643754,41,34,
13,46644173,73,10,
13,46644181,272,9,
13,46644250,43,3,
13,46644541,53,15,
13,46644640,59,67,
13,46644661,97,34,
13,46645107,9,0,
13,46645176,306,117,
13,46645524,38,9,
13,46645553,15,8,
13,46645561,6,1,
13,46645615,557,255,
13,46645941,114,26,
13,46645942,58,31,
13,46645998,99,85,
13,46646080,141,132,
13,46646091,104,29,
13,46646173,34,7,
13,46646226,158,180,
13,46646263,370,171,
13,46646404,16,6,
13,46646475,539,380,
13,46646645,952,390,
13,46646777,716,307,
13,46646870,7,0,7
13,46647059,135,38,
13,46647491,503,279,
13,46648144,83,93,
13,46648752,12,11,
13,46648885,287,355,
13,46648900,38,39,
13,46648916,718,302,
13,46649142,1023,597,
13,46649489,102,95,
13,46649577,272,238,
13,46649781,86,13,
13,46649808,23,2,
13,46649813,28,2,
13,46650006,56,12,
13,46650347,148,43,
13,46650682,6,2,
13,46651027,8,0,
13,46651443,320,137,
13,46651510,31,1,
13,46651691,76,6,
13,46651887,199,128,
13,46652024,73,41,
13,46652617,160,88,
13,46652690,144,91,
13,46652914,35,5,
13,46652944,109,116,
13,46653270,41,20,
13,46653311,6,5,
13,46653427,29,13,
13,46653721,227,58,
13,46654085,72,11,
13,46654726,190,225,
13,46654749,153,28,
13,46654878,94,28,
13,46654956,25,7,
13,46655401,12,1,
13,46655524,90,6,
13,46655667,22,7,
13,46656045,171,169,
13,46656358,160,48,
13,46656552,219,96,
13,46656759,39,32,
13,46656834,292,68,
13,46656897,167,83,
13,46656903,359,328,
13,46656909,14,1,
13,46656911,207,233,
13,46656998,266,329,
13,46657088,65,5,
13,46657116,38,4,
13,46657122,1315,146,
13,46657141,55,29,
13,46657296,102,70,
13,46657364,4,0,
13,46658003,70,4,
13,46658014,121,45,
13,46658166,5,3,
13,46658342,9,1,
13,46658345,621,513,
13,46659219,100,49,
13,46659346,37,0,
13,46659396,4,0,
13,46659439,6,0,
13,46659456,64,32,
13,46659465,26,2,
13,46659550,182,180,
13,46659635,9,0,
13,46659990,21,13,
13,46660543,382,142,
13,46660663,110,51,
13,46661132,83,155,
13,46661503,34,9,
13,46661630,70,23,
13,46661644,47,17,
13,46661731,16,3,
13,46661814,24,6,
13,46661897,251,65,
13,46662001,6,0,
13,46662078,113,30,
13,46662141,3,0,
13,46662154,64,34,
13,46662247,7,0,
13,46662304,53,10,
13,46662390,24,0,
13,46662399,47,8,
13,46662662,222,163,
13,46663084,10,1,
13,46663268,123,84,
13,46663338,840,312,
13,46663392,5,1,
13,46663466,6,0,
13,46663467,50,4,
13,46663507,121,17,
13,46663508,22,4,
13,46663580,9,4,
13,46663686,11,1,
13,46663731,21,5,
13,46663819,19,5,
13,46663844,19,4,
13,46663873,6,0,
13,46664030,18,18,
13,46664079,72,71,
13,46664148,31,11,
13,46664195,189,67,
13,46664540,124,73,
13,46664549,3,0,
13,46664576,19,2,
13,46664631,306,291,
13,46664638,187,90,
13,46664646,126,73,
13,46664650,8,10,
13,46664755,795,275,
13,46664771,20,8,
13,46664865,25,12,
13,46665169,112,37,
13,46665309,8,0,
13,46665310,258,132,
13,46665388,6,0,
13,46665393,60,10,
13,46665411,566,60,
13,46665453,62,39,
13,46665501,9,0,
13,46665515,21,0,
13,46665577,15,0,
13,46665837,7,1,
13,46665839,494,231,
13,46666085,403,276,
13,46666283,190,97,
13,46666288,215,40,
13,46666391,4,1,
13,46666574,15,1,
13,46666650,67,10,
13,46666661,73,41,
13,46666777,111,26,
13,46666877,8,6,
13,46666963,141,57,
13,46667094,36,2,
13,46667277,17,2,
13,46667336,12,1,
13,46667397,7,2,
13,46667519,10,2,
13,46667543,19,5,
13,46667572,225,277,
13,46667675,182,124,
13,46667821,23,3,
13,46667994,11,4,
13,46668021,579,524,
13,46668247,4,0,
13,46668801,61,70,
13,46668819,20,19,
13,46669045,14,7,
13,46669289,70,35,
13,46669478,33,6,
13,46669663,183,87,
13,46669722,8,0,
13,46669996,81,30,
13,46670024,753,253,
13,46670181,145,41,
13,46670279,435,141,
13,46670290,35,4,
13,46670524,331,337,22
13,46670619,7,0,
13,46670780,51,61,
13,46671020,84,54,
13,46671130,18,0,
13,46671174,83,6,
13,46671181,11,9,
13,46671191,10,0,
13,46671286,13,10,
13,46671326,7,0,
13,46671481,14,1,
13,46671521,22,2,
13,46671569,5,0,
13,46671664,10,1,
13,46671695,5,0,
13,46671731,666,685,
13,46671952,173,155,
13,46671958,17,1,
13,46671982,34,14,
13,46672071,11,2,
13,46672150,374,114,
13,46672181,152,48,
13,46672260,26,2,
13,46672464,7,0,
13,46672701,23,6,
13,46673264,189,258,
13,46673453,268,247,
13,46673617,7,1,
13,46673759,40,17,
13,46673809,303,422,
13,46673865,8,15,
13,46674136,10,0,
13,46674234,12,5,
13,46674416,152,68,
13,46674424,42,13,
13,46674426,14,3,
13,46674433,192,58,
13,46674482,16,1,
13,46674505,74,45,
13,46674593,6,0,
13,46674684,11,0,
13,46675092,51,21,
13,46675236,28,4,
13,46675271,131,37,
13,46675853,598,326,
13,46676081,180,122,15
13,46676170,16,4,
13,46676193,8,0,
13,46676264,86,99,
13,46676276,515,243,
13,46676554,138,214,
13,46676614,13,3,
13,46676815,6,4,
13,46676824,58,70,
13,46676861,16,2,
13,46677106,228,85,
13,46677212,79,63,
13,46677436,85,32,
13,46677446,68,19,
13,46677455,17,1,
13,46677628,224,138,
13,46677907,16,5,
13,46677918,55,6,
13,46678031,3,1,
13,46678126,12,30,
13,46678205,495,252,
13,46678224,29,20,
13,46678235,5,0,
13,46678259,10,5,
13,46678430,264,167,
13,46678550,159,177,
13,46678612,39,39,
13,46678710,10,5,
13,46679176,24,5,
13,46679248,4,0,
13,46679253,21,1,
13,46679423,3,0,
13,46679430,16,2,
13,46679657,106,121,
13,46679872,356,123,
13,46679896,140,99,
13,46679907,119,56,
13,46680081,15,3,
13,46680212,733,733,
13,46680515,181,159,28
13,46680597,102,18,
13,46680909,24,11,
13,46680974,443,357,10
13,46681153,91,56,
13,46681156,20,10,
13,46681167,4,1,
13,46681309,22,1,
13,46681351,76,78,
13,46681442,5,1,
13,46681454,148,77,
13,46681587,32,9,
13,46681611,392,139,11
13,46682109,5,1,
13,46682115,62,11,
13,46682325,67,37,
13,46682518,205,110,17
13,46682534,298,120,
13,46682732,74,41,
13,46682778,8,5,
13,46682802,7,3,
13,46682912,7,2,
13,46682918,7,1,
13,46682931,78,80,
13,46682977,16,4,
13,46682993,8,1,
13,46683070,18,5,
13,46683205,464,162,
13,46683301,7,0,
13,46683388,3,0,
13,46683410,147,116,
13,46683450,9,1,
13,46683519,173,75,
13,46683589,54,41,
13,46683645,38,1,
13,46683752,49,77,
13,46683782,114,71,
13,46683831,42,2,
13,46683833,166,49,
13,46683838,7,0,
13,46683858,33,4,
13,46683875,19,7,
13,46683892,6,1,
13,46683947,155,163,
13,46683958,5,0,
13,46683969,55,24,
13,46683990,7,0,
13,46684052,11,0,
13,46684056,501,169,4
13,46684097,6,1,
13,46684173,6,5,
13,46684241,9,1,
13,46684243,4,0,
13,46684299,6,0,
13,46684335,152,59,
13,46684563,12,2,
13,46684708,105,18,28
13,46684788,81,17,
13,46684815,83,76,26
13,46684862,72,45,
13,46684868,5,0,
13,46684958,179,135,14
13,46685031,8,5,
13,46685096,7,0,
13,46685288,4,0,
13,46685317,35,0,
13,46685401,5,0,
13,46685882,9,1,
13,46686131,89,27,18
13,46686173,13,4,
13,46686181,9,3,
13,46686273,249,53,6
13,46686294,26,24,
13,46686418,122,54,16
13,46686431,12,10,
13,46686514,8,0,
13,46686527,8,0,
13,46686607,76,181,
13,46686640,361,482,25
13,46686655,297,140,21
13,46686662,6,2,
13,46686674,13,0,
13,46686745,32,8,
13,46686972,95,11,
13,46687019,8,1,
13,46687240,15,3,
13,46687504,84,14,
13,46687588,138,13,
13,46687705,74,26,12
13,46687925,6,0,
13,46688122,61,22,
13,46688281,11,1,
13,46688413,3,0,
13,46688488,5,0,
13,46688494,19,0,
13,46688534,6,0,
13,46688804,8,2,
13,46688954,152,99,19
13,46688971,377,200,9
13,46689065,108,35,2
13,46689204,102,126,
13,46689525,4,0,
13,46689657,5,0,
13,46689767,8,0,
13,46689901,11,2,
13,46690092,8,3,
13,46690134,24,0,
13,46690295,46,33,13
13,46690305,6,0,
13,46690330,29,75,
13,46690380,10,2,
13,46690402,89,47,3
13,46690452,19,3,
13,46690498,6,1,
13,46690530,19,6,7
13,46690907,66,57,1
13,46691500,5,0,
13,46691659,5,1,
13,46691660,3,0,4
14,46617149,190,106,
14,46617360,366,353,
14,46617492,58,45,
14,46617668,295,366,
14,46617705,68,12,
14,46617744,120,58,
14,46617938,45,11,
14,46618027,316,341,
14,46618042,315,234,
14,46618087,83,58,
14,46618105,87,14,
14,46618503,90,18,
14,46618544,149,139,
14,46618714,941,2375,
14,46618901,678,961,
14,46618954,35,6,
14,46619021,35,48,
14,46619030,370,293,
14,46619059,180,68,
14,46619391,80,36,
14,46619464,220,431,
14,46619614,123,49,
14,46620358,130,24,
14,46620673,127,31,
14,46620990,84,105,
14,46621656,29,3,
14,46621786,24,2,
14,46621945,253,323,
14,46622090,74,39,25
14,46622096,95,9,
14,46622328,868,398,
14,46623195,270,171,
14,46623761,169,36,
14,46624352,215,59,
14,46624396,37,2,
14,46624541,285,189,
14,46624563,156,68,
14,46624658,239,58,
14,46624731,59,6,
14,46624883,209,222,
14,46625049,62,28,
14,46626210,122,74,
14,46626410,211,158,
14,46626836,186,135,
14,46627410,126,46,
14,46627652,804,148,
14,46628329,633,157,
14,46628397,243,107,
14,46629295,70,21,
14,46629399,59,23,11
14,46629474,352,265,
14,46629610,254,158,
14,46629682,254,209,
14,46629964,85,10,
14,46630369,772,571,
14,46630718,37,1,25
14,46630798,159,58,
14,46630816,273,153,
14,46631281,56,5,
14,46631728,122,148,
14,46632023,570,468,
14,46632039,49,24,
14,46632057,27,9,
14,46632120,111,38,
14,46632184,86,18,
14,46632256,34,7,
14,46632768,142,26,
14,46632871,53,9,
14,46632885,26,6,
14,46633025,61,58,
14,46633429,155,45,
14,46633488,773,475,
14,46633574,160,53,
14,46634450,167,106,
14,46634697,37,5,
14,46635309,372,64,
14,46635345,795,1232,
14,46635453,80,32,
14,46635550,122,95,
14,46636044,44,9,
14,46636093,157,38,
14,46636387,184,28,
14,46636861,43,26,
14,46637127,439,373,
14,46637165,186,112,
14,46637283,12,6,
14,46637322,33,8,
14,46637328,209,47,
14,46637723,72,48,
14,46637937,57,9,
14,46638013,601,367,
14,46638241,65,45,
14,46638629,315,158,
14,46638894,31,23,
14,46639320,107,5,
14,46639897,36,5,
14,46640014,53,4,
14,46640366,269,164,
14,46641036,162,52,
14,46641042,190,106,
14,46641145,48,51,
14,46641216,37,6,
14,46641239,127,16,
14,46641284,365,116,
14,46641348,154,102,
14,46641362,91,27,
14,46641663,26,12,
14,46641992,88,63,
14,46642173,86,22,
14,46642414,103,77,
14,46642458,104,102,26
14,46642560,406,57,
14,46642846,33,3,
14,46642920,341,175,
14,46643070,60,114,
14,46643699,16,10,
14,46643737,44,14,
14,46643754,41,34,
14,46644173,77,10,
14,46644181,272,9,
14,46644250,43,3,
14,46644541,53,15,
14,46644640,62,69,
14,46644661,97,34,
14,46645107,9,0,
14,46645176,306,117,
14,46645524,38,9,
14,46645553,15,8,
14,46645615,557,256,
14,46645941,114,26,
14,46645942,58,31,
14,46645998,99,85,
14,46646080,141,132,
14,46646091,104,29,
14,46646173,34,7,
14,46646226,158,180,
14,46646263,370,171,
14,46646404,16,6,
14,46646475,539,380,
14,46646645,952,391,
14,46646777,716,307,
14,46646870,10,0,8
14,46647059,135,38,
14,46647491,503,279,
14,46648144,83,93,
14,46648752,12,11,
14,46648885,287,355,
14,46648900,38,39,
14,46648916,718,302,
14,46649142,1023,597,
14,46649489,102,95,
14,46649577,272,238,
14,46649781,86,14,
14,46649808,23,2,
14,46649813,28,2,
14,46650006,56,12,
14,46650347,148,43,
14,46650682,6,2,
14,46651027,8,0,
14,46651443,320,137,
14,46651510,31,1,
14,46651691,76,6,
14,46651887,199,128,
14,46652024,73,41,
14,46652617,160,88,
14,46652690,148,93,
14,46652914,35,5,
14,46652944,109,116,
14,46653270,41,20,
14,46653311,6,5,
14,46653427,29,13,
14,46653721,227,58,
14,46654085,72,11,
14,46654726,190,225,
14,46654749,153,28,
14,46654878,94,28,
14,46654956,25,7,
14,46655401,12,1,
14,46655524,90,6,
14,46655667,22,7,
14,46656045,171,169,
14,46656358,160,48,
14,46656552,219,96,
14,46656759,39,32,
14,46656834,293,68,
14,46656897,167,82,
14,46656903,359,328,
14,46656909,14,1,
14,46656911,207,234,
14,46656998,266,329,
14,46657088,65,5,
14,46657122,1315,146,
14,46657141,55,29,
14,46657296,102,70,
14,46657364,4,0,
14,46658003,70,4,
14,46658014,121,45,
14,46658166,5,3,
14,46658342,9,1,
14,46658345,621,513,
14,46659219,100,49,
14,46659346,37,0,
14,46659396,4,0,
14,46659439,6,0,
14,46659456,64,32,
14,46659465,26,2,
14,46659550,182,180,
14,46659635,9,0,
14,46659990,21,13,
14,46660543,382,142,
14,46660663,110,51,
14,46661132,83,155,
14,46661503,34,9,
14,46661630,70,23,
14,46661644,47,17,
14,46661731,16,3,
14,46661814,24,6,
14,46661897,251,65,
14,46662001,6,0,
14,46662078,113,30,
14,46662141,3,0,
14,46662154,65,34,
14,46662247,7,0,
14,46662304,53,10,
14,46662390,27,1,
14,46662399,47,8,
14,46662662,222,164,
14,46663084,10,2,
14,46663268,123,84,
14,46663338,840,312,
14,46663392,5,1,
14,46663466,6,0,
14,46663467,50,4,
14,46663507,121,17,
14,46663508,22,4,
14,46663580,9,4,
14,46663686,11,1,
14,46663731,21,5,
14,46663819,19,5,
14,46663844,19,4,
14,46663873,6,0,
14,46664079,72,71,
14,46664148,31,11,
14,46664195,189,67,
14,46664540,124,73,
14,46664549,3,0,
14,46664576,19,2,
14,46664631,306,291,
14,46664638,187,91,
14,46664646,126,73,
14,46664650,8,10,
14,46664755,796,275,
14,46664771,20,8,
14,46664865,25,12,
14,46665169,112,37,
14,46665309,8,0,
14,46665310,258,137,
14,46665388,6,0,
14,46665393,60,9,
14,46665411,566,60,
14,46665453,62,39,
14,46665501,9,0,
14,46665515,21,0,
14,46665577,15,0,
14,46665837,7,1,
14,46665839,494,231,
14,46666085,403,276,
14,46666283,190,97,
14,46666288,215,40,
14,46666391,4,1,
14,46666574,15,1,
14,46666650,67,10,
14,46666661,74,41,
14,46666777,111,26,
14,46666877,8,6,
14,46666963,141,57,
14,46667094,36,2,
14,46667277,17,2,
14,46667336,12,1,
14,46667397,7,2,
14,46667519,10,2,
14,46667543,19,5,
14,46667572,225,278,
14,46667675,183,124,
14,46667821,23,4,
14,46667994,11,4,
14,46668021,580,525,
14,46668247,4,0,
14,46668801,61,70,
14,46668819,20,20,
14,46669045,14,8,
14,46669289,70,35,
14,46669478,33,6,
14,46669663,183,87,
14,46669722,8,0,
14,46669996,81,30,
14,46670024,753,254,
14,46670181,145,41,
14,46670279,438,141,
14,46670290,35,4,
14,46670524,355,353,22
14,46670780,51,61,
14,46671020,84,54,
14,46671130,18,0,
14,46671174,83,6,
14,46671181,11,9,
14,46671191,10,0,
14,46671286,13,10,
14,46671326,7,0,
14,46671481,14,1,
14,46671521,22,2,
14,46671569,5,0,
14,46671664,10,1,
14,46671695,5,0,
14,46671731,668,685,
14,46671952,173,155,
14,46671958,17,1,
14,46671982,34,14,
14,46672071,11,2,
14,46672150,374,115,
14,46672181,152,48,
14,46672260,26,2,
14,46672464,7,0,
14,46672701,23,6,
14,46673264,189,258,
14,46673453,270,248,
14,46673617,7,1,
14,46673759,40,17,
14,46673809,303,423,
14,46673865,8,15,
14,46674136,10,0,
14,46674234,12,5,
14,46674416,152,68,
14,46674424,42,13,
14,46674426,14,3,
14,46674433,194,60,
14,46674482,16,1,
14,46674505,74,45,
14,46674593,6,0,
14,46674684,11,0,
14,46675092,51,21,
14,46675236,28,4,
14,46675271,132,38,
14,46675853,599,326,
14,46676081,192,125,17
14,46676170,16,4,
14,46676193,8,0,
14,46676264,87,101,
14,46676276,517,244,
14,46676554,140,214,
14,46676614,13,3,
14,46676815,6,4,
14,46676861,16,2,
14,46677106,229,85,
14,46677212,79,66,
14,46677436,85,32,
14,46677446,68,19,
14,46677455,17,1,
14,46677628,226,139,
14,46677907,16,5,
14,46677918,56,6,
14,46678031,3,1,
14,46678126,12,30,
14,46678205,496,253,
14,46678224,29,20,
14,46678235,5,0,
14,46678259,10,5,
14,46678430,264,167,
14,46678550,159,177,
14,46678612,39,39,
14,46679176,24,5,
14,46679248,4,0,
14,46679253,21,1,
14,46679423,3,0,
14,46679430,16,2,
14,46679657,106,123,
14,46679872,358,123,
14,46679896,142,99,
14,46679907,119,57,
14,46680081,15,3,
14,46680212,733,736,
14,46680515,189,164,29
14,46680597,103,19,
14,46680909,24,11,
14,46680974,472,384,10
14,46681153,93,56,
14,46681156,20,10,
14,46681167,4,1,
14,46681309,22,1,
14,46681351,76,78,
14,46681442,5,1,
14,46681454,150,77,
14,46681587,32,9,
14,46681611,401,140,14
14,46682109,5,1,
14,46682115,64,12,
14,46682325,67,37,
14,46682518,211,114,18
14,46682534,303,120,
14,46682732,74,41,
14,46682778,8,5,
14,46682802,7,3,
14,46682912,7,2,
14,46682918,7,1,
14,46682931,78,80,
14,46682977,16,4,
14,46682993,8,1,
14,46683070,18,5,
14,46683205,464,164,
14,46683301,7,0,
14,46683388,3,0,
14,46683410,147,116,
14,46683450,9,1,
14,46683519,174,75,
14,46683589,55,42,
14,46683645,38,1,
14,46683752,49,78,
14,46683782,119,72,
14,46683831,43,2,
14,46683833,168,49,
14,46683838,7,0,
14,46683858,33,4,
14,46683875,19,7,
14,46683892,6,1,
14,46683947,156,166,
14,46683958,5,0,
14,46683969,55,24,
14,46683990,7,0,
14,46684052,11,0,
14,46684056,512,172,4
14,46684097,6,1,
14,46684173,6,6,
14,46684243,4,0,
14,46684299,6,0,
14,46684335,153,61,
14,46684350,9,2,
14,46684563,12,2,
14,46684708,109,19,
14,46684788,81,19,
14,46684815,93,79,25
14,46684862,75,45,
14,46684868,5,0,
14,46684958,186,139,15
14,46685031,8,5,
14,46685096,7,0,
14,46685288,4,0,
14,46685317,36,1,
14,46685401,5,0,
14,46685882,10,1,
14,46686131,102,28,21
14,46686173,13,4,
14,46686181,10,3,
14,46686273,264,63,7
14,46686294,26,24,
14,46686418,134,62,18
14,46686431,12,10,
14,46686514,8,0,
14,46686527,8,0,
14,46686607,79,182,
14,46686640,380,518,29
14,46686655,319,152,24
14,46686662,6,2,
14,46686674,13,0,
14,46686745,32,8,
14,46686972,97,11,
14,46687019,8,1,
14,46687240,15,3,
14,46687504,85,15,
14,46687588,139,14,
14,46687705,79,28,16
14,46687925,6,0,
14,46688122,64,24,
14,46688281,12,1,
14,46688413,3,0,
14,46688488,5,0,
14,46688494,20,0,
14,46688534,6,0,
14,46688804,8,2,
14,46688954,168,115,22
14,46688971,403,216,13
14,46689065,124,42,2
14,46689204,104,127,
14,46689525,4,0,
14,46689657,5,0,
14,46689767,8,1,
14,46689901,12,2,
14,46690092,13,6,
14,46690134,25,0,
14,46690295,48,44,20
14,46690305,8,0,
14,46690330,30,75,
14,46690380,11,2,
14,46690402,137,89,3
14,46690452,20,3,
14,46690498,6,1,
14,46690530,28,12,8
14,46690907,117,86,1
14,46691243,8,4,
14,46691454,17,3,3
14,46691500,9,0,
14,46691659,13,3,
14,46691660,15,3,4
14,46691835,36,9,1
14,46692087,3,0,
14,46692284,4,0,24
15,46617149,190,106,
15,46617360,366,353,
15,46617492,58,45,
15,46617668,295,366,
15,46617705,68,12,
15,46617744,120,58,
15,46617938,45,11,
15,46618027,316,341,
15,46618042,315,234,
15,46618087,83,58,
15,46618105,87,14,
15,46618503,90,18,
15,46618544,149,139,
15,46618714,942,2375,
15,46618901,678,961,
15,46618954,35,6,
15,46619021,35,48,
15,46619030,370,293,
15,46619059,180,68,
15,46619391,80,36,
15,46619464,220,431,
15,46619614,123,49,
15,46620358,130,24,
15,46620673,127,31,
15,46620990,84,106,
15,46621656,29,3,
15,46621786,24,2,
15,46621945,253,323,
15,46622090,80,46,28
15,46622096,96,9,
15,46622328,868,398,
15,46623195,270,171,
15,46623761,169,36,
15,46624352,215,59,
15,46624396,37,2,
15,46624541,286,189,
15,46624563,156,68,
15,46624658,239,58,
15,46624731,59,6,
15,46624883,209,223,
15,46625049,62,28,
15,46626210,122,74,
15,46626410,211,158,
15,46626836,186,135,
15,46627410,128,46,
15,46627652,804,148,
15,46628329,633,157,
15,46628397,243,108,
15,46629295,70,21,
15,46629399,64,28,11
15,46629474,352,265,
15,46629610,254,158,
15,46629682,254,209,
15,46629964,85,10,
15,46630369,772,571,
15,46630718,38,1,27
15,46630798,159,58,
15,46630816,273,153,
15,46631281,56,5,
15,46631728,122,148,
15,46632023,570,468,
15,46632039,49,24,
15,46632057,27,9,
15,46632120,113,38,
15,46632184,87,18,
15,46632256,34,7,
15,46632768,142,26,
15,46632871,53,9,
15,46632885,26,6,
15,46633025,61,59,
15,46633429,155,45,
15,46633488,773,475,
15,46633574,160,53,
15,46634450,167,106,
15,46634697,37,5,
15,46635309,372,64,
15,46635345,795,1232,
15,46635453,80,32,
15,46635550,122,95,
15,46636044,44,9,
15,46636093,157,38,
15,46636387,184,28,
15,46636861,43,26,
15,46637127,439,373,
15,46637165,186,112,
15,46637283,12,6,
15,46637322,33,8,
15,46637328,209,47,
15,46637723,72,48,
15,46637937,57,9,
15,46638013,601,367,
15,46638241,65,45,
15,46638629,315,158,
15,46638894,31,23,
15,46639320,107,5,
15,46639843,10,3,23
15,46639897,36,5,
15,46640014,53,4,
15,46640366,269,164,
15,46641036,162,52,
15,46641042,190,106,
15,46641145,49,52,
15,46641216,37,6,
15,46641239,127,16,
15,46641284,365,116,
15,46641348,154,102,
15,46641362,91,27,
15,46641663,26,12,
15,46641992,88,63,
15,46642173,86,22,
15,46642414,103,77,
15,46642458,109,113,26
15,46642560,406,57,
15,46642846,33,3,
15,46642920,341,175,
15,46643070,60,114,
15,46643699,16,10,
15,46643737,44,14,
15,46643754,41,34,
15,46644173,77,10,
15,46644181,272,9,
15,46644250,43,3,
15,46644541,53,15,
15,46644640,63,69,
15,46644661,97,34,
15,46645107,9,0,
15,46645176,306,117,
15,46645524,38,9,
15,46645553,15,8,
15,46645615,557,257,
15,46645941,114,26,
15,46645942,58,31,
15,46645998,99,85,
15,46646080,141,132,
15,46646091,104,29,
15,46646173,37,8,
15,46646226,158,180,
15,46646263,370,171,
15,46646404,16,6,
15,46646475,540,380,
15,46646645,952,391,
15,46646777,716,308,
15,46646870,14,3,13
15,46647059,135,38,
15,46647491,503,279,
15,46648144,83,93,
15,46648752,12,11,
15,46648885,287,355,
15,46648900,38,39,
15,46648916,718,302,
15,46649142,1023,597,
15,46649489,102,95,
15,46649577,272,238,
15,46649781,86,14,
15,46649808,23,2,
15,46649813,28,2,
15,46650006,56,12,
15,46650347,148,43,
15,46650682,6,2,
15,46651027,8,0,
15,46651443,320,137,
15,46651510,31,1,
15,46651691,76,6,
15,46651887,199,128,
15,46652024,73,41,
15,46652617,160,88,
15,46652690,150,98,
15,46652914,35,5,
15,46652944,109,116,
15,46653270,41,20,
15,46653311,6,5,
15,46653427,29,13,
15,46653721,227,58,
15,46654085,72,11,
15,46654726,190,226,
15,46654749,153,28,
15,46654878,94,28,
15,46654956,25,7,
15,46655401,12,1,
15,46655524,90,6,
15,46655667,22,7,
15,46656045,171,169,
15,46656358,160,48,
15,46656552,219,96,
15,46656759,39,32,
15,46656834,293,68,
15,46656897,167,83,
15,46656903,359,328,
15,46656909,14,1,
15,46656911,207,234,
15,46656998,266,329,
15,46657088,65,5,
15,46657122,1315,146,
15,46657141,55,30,
15,46657296,102,70,
15,46657364,4,0,
15,46658003,70,4,
15,46658014,121,45,
15,46658166,5,3,
15,46658342,9,1,
15,46658345,621,513,
15,46659219,100,49,
15,46659346,37,0,
15,46659439,6,0,
15,46659456,64,32,
15,46659465,26,2,
15,46659550,182,180,
15,46659635,9,0,
15,46659990,21,13,
15,46660543,382,142,
15,46660663,110,51,
15,46661132,83,155,
15,46661503,34,9,
15,46661630,70,23,
15,46661644,47,17,
15,46661731,16,3,
15,46661814,24,6,
15,46661897,251,65,
15,46662001,6,0,
15,46662078,113,30,
15,46662141,3,0,
15,46662154,65,34,
15,46662247,7,0,
15,46662304,53,10,
15,46662390,28,1,
15,46662399,47,8,
15,46662662,222,164,
15,46663084,10,2,
15,46663268,123,84,
15,46663338,840,313,
15,46663392,5,1,
15,46663466,6,0,
15,46663467,50,4,
15,46663507,121,17,
15,46663508,22,4,
15,46663580,9,4,
15,46663686,11,1,
15,46663731,21,5,
15,46663819,19,5,
15,46663844,19,4,
15,46663873,6,0,
15,46664079,72,71,
15,46664148,31,11,
15,46664195,189,67,
15,46664540,124,73,
15,46664549,3,0,
15,46664576,19,2,
15,46664631,306,291,
15,46664638,187,91,
15,46664646,126,73,
15,46664650,8,10,
15,46664755,797,276,
15,46664771,20,8,
15,46664865,25,12,
15,46665169,112,37,
15,46665309,8,0,
15,46665310,258,137,
15,46665388,6,0,
15,46665393,60,9,
15,46665411,566,60,
15,46665453,62,39,
15,46665501,9,0,
15,46665515,21,0,
15,46665577,15,0,
15,46665837,7,1,
15,46665839,495,232,
15,46666085,403,276,
15,46666283,190,97,
15,46666288,215,40,
15,46666391,4,1,
15,46666574,15,1,
15,46666650,67,10,
15,46666661,74,41,
15,46666777,112,26,
15,46666877,8,6,
15,46666963,141,57,
15,46667094,36,2,
15,46667277,17,2,
15,46667336,12,1,
15,46667397,7,2,
15,46667519,10,2,
15,46667543,19,5,
15,46667572,226,278,
15,46667675,183,124,
15,46667821,23,4,
15,46667994,11,4,
15,46668021,580,525,
15,46668247,4,0,
15,46668801,61,70,
15,46668819,20,21,
15,46669045,14,9,
15,46669289,70,35,
15,46669478,33,6,
15,46669663,183,87,
15,46669722,8,0,
15,46669996,81,31,
15,46670024,754,254,
15,46670181,145,41,
15,46670279,438,141,
15,46670290,35,4,
15,46670524,373,367,23
15,46670780,51,61,
15,46671020,84,54,
15,46671130,18,0,
15,46671174,83,6,
15,46671191,10,0,
15,46671286,13,10,
15,46671326,7,0,
15,46671481,14,1,
15,46671521,22,2,
15,46671569,5,0,
15,46671664,10,1,
15,46671695,5,0,
15,46671731,670,685,
15,46671952,174,155,
15,46671958,17,1,
15,46671982,34,14,
15,46672071,11,2,
15,46672150,374,115,
15,46672181,152,48,
15,46672260,26,2,
15,46672464,7,0,
15,46672701,23,6,
15,46673264,190,259,
15,46673453,270,248,
15,46673617,7,1,
15,46673759,40,17,
15,46673809,303,425,
15,46673865,8,15,
15,46674136,10,0,
15,46674234,12,5,
15,46674416,152,68,
15,46674424,42,13,
15,46674426,14,3,
15,46674433,198,60,
15,46674482,16,1,
15,46674505,74,45,
15,46674593,6,0,
15,46674684,11,0,
15,46675092,51,21,
15,46675236,28,4,
15,46675271,134,39,
15,46675853,600,326,
15,46676081,198,127,17
15,46676170,16,4,
15,46676193,8,0,
15,46676264,87,102,
15,46676276,520,244,
15,46676554,141,215,
15,46676614,13,3,
15,46676815,6,4,
15,46676861,16,2,
15,46677106,229,86,
15,46677212,79,66,
15,46677436,85,32,
15,46677446,68,19,
15,46677455,17,1,
15,46677628,227,141,
15,46677907,16,5,
15,46677918,56,6,
15,46678031,3,1,
15,46678126,12,30,
15,46678205,501,253,
15,46678224,29,21,
15,46678235,5,0,
15,46678259,10,5,
15,46678430,264,168,
15,46678550,160,178,
15,46678612,39,39,
15,46679176,24,5,
15,46679248,4,0,
15,46679253,21,1,
15,46679423,3,0,
15,46679430,16,2,
15,46679657,106,123,
15,46679872,359,124,
15,46679896,143,99,
15,46679907,120,57,
15,46680081,15,3,
15,46680212,740,741,
15,46680515,197,167,29
15,46680597,103,19,
15,46680909,24,11,
15,46680974,498,400,10
15,46681153,94,57,
15,46681156,20,10,
15,46681167,4,1,
15,46681309,22,1,
15,46681351,76,78,
15,46681442,5,1,
15,46681454,151,78,
15,46681587,32,9,
15,46681611,408,144,14
15,46682109,5,1,
15,46682115,64,12,
15,46682325,67,37,
15,46682518,218,118,20
15,46682534,307,124,
15,46682732,75,41,
15,46682778,8,5,
15,46682802,7,3,
15,46682912,7,2,
15,46682918,7,1,
15,46682931,78,80,
15,46682977,16,4,
15,46682993,9,1,
15,46683070,19,5,
15,46683205,464,164,
15,46683301,7,0,
15,46683388,3,0,
15,46683410,147,117,
15,46683450,9,1,
15,46683519,175,75,
15,46683589,55,42,
15,46683645,38,1,
15,46683752,49,79,
15,46683782,120,75,
15,46683831,43,2,
15,46683833,170,49,
15,46683838,7,0,
15,46683858,33,4,
15,46683875,19,7,
15,46683892,6,1,
15,46683947,157,170,
15,46683958,5,0,
15,46683969,55,25,
15,46683990,7,0,
15,46684052,11,0,
15,46684056,531,174,7
15,46684097,6,1,
15,46684173,6,6,
15,46684243,4,0,
15,46684299,6,0,
15,46684335,153,61,
15,46684350,9,2,
15,46684563,12,2,
15,46684708,110,19,
15,46684788,81,19,
15,46684815,101,87,25
15,46684862,75,47,
15,46684868,5,0,
15,46684958,193,150,16
15,46685031,8,5,
15,46685096,7,0,
15,46685288,4,0,
15,46685317,37,1,
15,46685401,5,0,
15,46685882,10,1,
15,46686131,114,34,21
15,46686173,14,4,
15,46686273,277,64,9
15,46686294,26,26,
15,46686418,141,65,18
15,46686431,12,10,
15,46686514,8,0,
15,46686527,8,0,
15,46686607,80,193,
15,46686640,411,584,29
15,46686655,329,168,
15,46686662,6,2,
15,46686674,13,0,
15,46686745,32,8,
15,46686972,98,11,
15,46687019,8,1,
15,46687240,15,3,
15,46687504,87,16,
15,46687588,143,15,
15,46687705,81,31,22
15,46687925,6,0,
15,46688122,64,25,
15,46688281,12,1,
15,46688413,4,0,
15,46688488,5,0,
15,46688494,21,0,
15,46688804,8,2,
15,46688954,186,133,24
15,46688971,426,238,13
15,46689065,139,45,4
15,46689204,107,130,
15,46689525,4,0,
15,46689657,5,0,
15,46689767,9,2,
15,46689901,12,2,
15,46690092,18,9,
15,46690134,27,0,
15,46690295,50,48,
15,46690305,10,0,
15,46690330,32,76,
15,46690380,15,2,
15,46690402,187,119,3
15,46690452,21,3,
15,46690498,7,1,
15,46690530,31,15,8
15,46690907,154,121,2
15,46691243,58,47,17
15,46691249,5,0,
15,46691454,35,8,3
15,46691500,15,0,
15,46691632,4,4,
15,46691659,19,7,
15,46691660,36,16,2
15,46691835,68,21,1
15,46692052,25,7,28
15,46692330,5,0,
15,46692577,17,1,
15,46692594,91,41,2
16,46617149,190,106,
16,46617360,366,353,
16,46617492,58,45,
16,46617668,295,366,
16,46617705,68,12,
16,46617744,120,58,
16,46617938,45,11,
16,46618027,316,341,
16,46618042,315,234,
16,46618087,83,58,
16,46618105,87,14,
16,46618503,90,18,
16,46618544,149,139,
16,46618714,942,2375,
16,46618901,678,961,
16,46618954,35,6,
16,46619021,35,49,
16,46619030,370,293,
16,46619059,180,68,
16,46619391,80,37,
16,46619464,220,431,
16,46619614,123,49,
16,46620358,130,24,
16,46620673,127,31,
16,46620990,84,106,
16,46621656,29,3,
16,46621786,24,2,
16,46621945,253,323,
16,46622090,81,52,
16,46622096,96,9,
16,46622328,868,398,
16,46623195,270,171,
16,46623761,169,36,
16,46624352,215,59,
16,46624396,37,2,
16,46624541,287,189,
16,46624563,156,68,
16,46624658,239,58,
16,46624731,59,6,
16,46624883,209,226,
16,46625049,62,28,
16,46626210,122,74,
16,46626410,211,158,
16,46626836,186,135,
16,46627410,129,46,
16,46627652,805,148,
16,46628329,633,157,
16,46628397,243,108,
16,46629295,70,21,
16,46629399,74,29,14
16,46629474,352,265,
16,46629610,254,158,
16,46629682,254,209,
16,46629964,85,10,
16,46630369,772,571,
16,46630718,41,2,
16,46630798,159,58,
16,46630816,273,153,
16,46631281,56,5,
16,46631728,122,148,
16,46632023,570,468,
16,46632039,49,24,
16,46632057,27,9,
16,46632120,113,38,
16,46632184,88,18,
16,46632256,34,7,
16,46632768,142,26,
16,46632871,53,9,
16,46632885,26,6,
16,46633025,61,59,
16,46633429,155,45,
16,46633488,773,475,
16,46633574,160,53,
16,46634450,167,106,
16,46634697,37,5,
16,46635309,372,64,
16,46635345,796,1232,
16,46635453,81,33,
16,46635550,122,95,
16,46636044,44,9,
16,46636093,157,38,
16,46636387,184,28,
16,46636861,43,26,
16,46637127,439,373,
16,46637165,186,112,
16,46637283,12,6,
16,46637322,33,8,
16,46637328,209,47,
16,46637723,73,48,
16,46637937,57,9,
16,46638013,601,367,
16,46638241,65,45,
16,46638629,315,158,
16,46638894,31,23,
16,46639320,107,5,
16,46639843,16,7,20
16,46639897,36,5,
16,46640014,53,4,
16,46640366,269,164,
16,46641036,162,52,
16,46641042,190,106,
16,46641145,49,55,
16,46641216,37,6,
16,46641239,127,16,
16,46641284,365,116,
16,46641348,154,102,
16,46641362,91,27,
16,46641663,26,12,
16,46641992,88,63,
16,46642173,86,22,
16,46642414,103,77,
16,46642458,112,118,28
16,46642560,406,57,
16,46642846,33,3,
16,46642920,342,175,
16,46643070,60,114,
16,46643699,16,10,
16,46643737,44,14,
16,46643754,41,34,
16,46644173,78,10,
16,46644181,272,9,
16,46644250,43,3,
16,46644541,53,15,
16,46644640,63,69,
16,46644661,97,34,
16,46645107,9,0,
16,46645176,306,117,
16,46645524,38,9,
16,46645553,15,8,
16,46645615,558,257,
16,46645941,114,26,
16,46645942,58,31,
16,46645998,99,85,
16,46646080,141,133,
16,46646091,104,29,
16,46646173,39,8,
16,46646226,158,182,
16,46646263,370,171,
16,46646404,19,6,
16,46646475,540,380,
16,46646645,953,391,
16,46646777,716,308,
16,46646870,22,3,12
16,46647059,135,38,
16,46647491,503,279,
16,46648144,83,93,
16,46648752,12,11,
16,46648885,287,355,
16,46648900,38,39,
16,46648916,718,302,
16,46649142,1023,597,
16,46649489,102,95,
16,46649577,272,238,
16,46649781,86,14,
16,46649808,23,2,
16,46649813,28,2,
16,46650006,56,12,
16,46650347,148,43,
16,46650682,9,3,24
16,46651027,8,0,
16,46651443,320,137,
16,46651510,31,1,
16,46651691,76,6,
16,46651887,199,128,
16,46652024,73,41,
16,46652617,160,88,
16,46652690,153,99,
16,46652914,35,5,
16,46652944,109,116,
16,46653270,41,20,
16,46653311,6,5,
16,46653427,29,13,
16,46653721,227,58,
16,46654085,72,11,
16,46654726,190,226,
16,46654749,153,28,
16,46654878,94,28,
16,46654956,25,7,
16,46655401,12,1,
16,46655524,90,6,
16,46655667,22,7,
16,46656045,172,169,
16,46656358,160,48,
16,46656552,219,96,
16,46656759,39,32,
16,46656834,293,68,
16,46656897,167,84,
16,46656903,359,328,
16,46656909,14,1,
16,46656911,207,234,
16,46656998,266,329,
16,46657088,65,5,
16,46657122,1317,146,
16,46657141,55,30,
16,46657296,102,70,
16,46657364,4,0,
16,46658003,70,4,
16,46658014,121,45,
16,46658166,5,3,
16,46658342,9,1,
16,46658345,621,513,
16,46659219,100,49,
16,46659346,37,0,
16,46659456,65,32,
16,46659465,26,2,
16,46659550,182,180,
16,46659635,9,0,
16,46660543,382,142,
16,46660663,110,51,
16,46661132,83,155,
16,46661503,34,9,
16,46661630,70,23,
16,46661644,47,17,
16,46661731,16,3,
16,46661897,251,65,
16,46662001,6,0,
16,46662078,113,30,
16,46662141,3,0,
16,46662154,65,36,
16,46662247,7,0,
16,46662304,53,10,
16,46662390,28,1,
16,46662399,47,8,
16,46662662,222,164,
16,46663084,10,2,
16,46663268,123,84,
16,46663338,843,313,
16,46663392,5,1,
16,46663466,6,0,
16,46663467,50,4,
16,46663507,121,17,
16,46663508,22,4,
16,46663580,9,4,
16,46663686,11,1,
16,46663731,21,5,
16,46663819,19,5,
16,46663844,19,4,
16,46663873,6,0,
16,46664079,72,71,
16,46664148,31,11,
16,46664195,189,69,
16,46664540,124,73,
16,46664549,3,0,
16,46664576,19,2,
16,46664631,306,291,
16,46664638,187,91,
16,46664646,126,74,
16,46664650,8,10,
16,46664755,799,276,
16,46664771,20,8,
16,46664865,26,12,
16,46665169,112,37,
16,46665309,8,0,
16,46665310,258,137,
16,46665388,6,0,
16,46665393,60,9,
16,46665411,566,60,
16,46665453,62,39,
16,46665501,9,0,
16,46665515,21,0,
16,46665577,15,0,
16,46665837,7,1,
16,46665839,496,232,
16,46666085,403,276,
16,46666283,190,97,
16,46666288,215,40,
16,46666391,4,1,
16,46666574,15,1,
16,46666650,67,10,
16,46666661,74,41,
16,46666777,113,26,
16,46666877,8,6,
16,46666963,141,57,
16,46667094,36,2,
16,46667277,17,2,
16,46667336,12,1,
16,46667397,7,2,
16,46667519,10,2,
16,46667543,19,5,
16,46667572,226,279,
16,46667675,183,124,
16,46667821,23,4,
16,46667994,11,4,
16,46668021,580,525,
16,46668247,4,0,
16,46668801,61,70,
16,46668819,20,22,
16,46669045,14,9,
16,46669289,71,35,
16,46669478,34,6,
16,46669663,183,87,
16,46669722,8,0,
16,46669996,81,31,
16,46670024,757,254,
16,46670181,146,41,
16,46670279,438,141,
16,46670290,36,4,
16,46670524,397,379,25
16,46670780,51,61,
16,46671020,84,54,
16,46671130,18,0,
16,46671174,84,6,
16,46671191,10,0,
16,46671286,13,10,
16,46671326,7,0,
16,46671481,14,1,
16,46671521,22,2,
16,46671569,5,0,
16,46671664,10,1,
16,46671695,5,0,
16,46671731,671,685,
16,46671952,175,156,
16,46671958,17,1,
16,46671982,34,14,
16,46672071,11,2,
16,46672150,375,115,
16,46672181,152,48,
16,46672260,26,2,
16,46672464,7,0,
16,46672701,23,6,
16,46673264,191,260,
16,46673453,271,248,
16,46673617,7,1,
16,46673759,40,17,
16,46673809,305,425,
16,46673865,8,15,
16,46674136,10,0,
16,46674234,12,5,
16,46674416,152,68,
16,46674424,42,13,
16,46674426,14,3,
16,46674433,200,60,
16,46674482,16,1,
16,46674505,75,45,
16,46674593,6,0,
16,46674684,11,0,
16,46675092,51,21,
16,46675236,28,4,
16,46675271,135,40,
16,46675853,601,327,
16,46676081,210,132,19
16,46676170,16,4,
16,46676193,8,0,
16,46676264,87,102,
16,46676276,521,244,
16,46676554,143,215,
16,46676614,13,3,
16,46676815,6,4,
16,46676861,16,2,
16,46677106,230,86,
16,46677212,80,68,
16,46677436,85,32,
16,46677446,69,19,
16,46677455,17,1,
16,46677628,229,145,
16,46677907,16,5,
16,46677918,56,6,
16,46678031,3,1,
16,46678126,12,30,
16,46678205,501,253,
16,46678224,31,21,
16,46678235,5,0,
16,46678259,10,5,
16,46678430,264,169,
16,46678550,161,178,
16,46679176,24,5,
16,46679248,4,0,
16,46679253,21,1,
16,46679423,3,0,
16,46679430,16,2,
16,46679657,107,123,
16,46679872,362,126,
16,46679896,143,99,
16,46679907,122,57,
16,46680212,744,745,
16,46680515,202,170,
16,46680597,105,19,
16,46680909,25,11,
16,46680974,526,431,11
16,46681153,95,58,
16,46681156,20,10,
16,46681167,4,1,
16,46681309,22,1,
16,46681351,78,78,
16,46681442,5,1,
16,46681454,152,78,
16,46681587,32,9,
16,46681611,417,147,15
16,46682109,5,1,
16,46682115,64,14,
16,46682325,68,37,
16,46682518,222,119,22
16,46682534,310,124,
16,46682732,76,41,
16,46682778,8,5,
16,46682802,7,3,
16,46682912,7,2,
16,46682918,7,1,
16,46682931,80,80,
16,46682977,16,4,
16,46682993,9,1,
16,46683070,19,5,
16,46683205,465,164,
16,46683301,7,0,
16,46683388,3,0,
16,46683410,148,117,
16,46683450,9,1,
16,46683519,178,75,
16,46683589,55,42,
16,46683645,38,1,
16,46683752,49,80,
16,46683782,123,79,
16,46683831,44,2,
16,46683833,172,49,
16,46683838,7,0,
16,46683858,33,4,
16,46683875,19,7,
16,46683892,6,1,
16,46683947,159,172,
16,46683958,5,0,
16,46683969,57,26,
16,46683990,7,0,
16,46684052,12,0,
16,46684056,541,178,8
16,46684097,6,1,
16,46684173,6,6,
16,46684243,4,0,
16,46684299,6,0,
16,46684335,153,62,
16,46684350,9,2,
16,46684563,12,2,
16,46684708,112,20,
16,46684788,84,20,
16,46684815,103,92,27
16,46684862,77,47,
16,46684868,5,0,
16,46684958,195,153,16
16,46685031,8,5,
16,46685096,7,0,
16,46685288,4,0,
16,46685317,38,1,
16,46685401,5,0,
16,46685882,10,1,
16,46686131,126,41,20
16,46686173,14,4,
16,46686273,289,67,9
16,46686294,27,26,
16,46686418,145,71,24
16,46686431,13,10,
16,46686514,8,0,
16,46686527,8,0,
16,46686607,82,202,
16,46686640,421,623,30
16,46686655,333,174,
16,46686662,6,2,
16,46686674,13,0,
16,46686745,33,8,
16,46686972,101,12,
16,46687019,8,1,
16,46687240,16,3,
16,46687504,88,16,
16,46687588,145,16,
16,46687705,84,35,23
16,46687925,6,0,
16,46688122,65,28,
16,46688281,12,1,
16,46688413,4,0,
16,46688488,6,0,
16,46688494,21,0,
16,46688804,8,2,
16,46688954,202,148,26
16,46688971,447,259,18
16,46689065,158,55,6
16,46689204,110,132,
16,46689525,4,0,
16,46689657,5,0,
16,46689767,9,2,
16,46689901,12,2,
16,46690092,30,20,21
16,46690134,28,0,
16,46690295,51,55,
16,46690305,10,0,
16,46690330,32,76,
16,46690380,15,2,
16,46690402,240,135,3
16,46690452,22,3,
16,46690498,7,1,
16,46690530,38,20,10
16,46690907,178,152,7
16,46691243,62,66,
16,46691249,5,1,
16,46691454,46,12,5
16,46691500,16,0,
16,46691632,5,4,
16,46691659,22,7,
16,46691660,50,28,3
16,46691835,96,30,1
16,46692052,55,75,17
16,46692116,20,1,9
16,46692330,6,0,
16,46692535,9,7,28
16,46692577,25,8,
16,46692594,320,284,2
16,46693021,8,2,27
16,46693205,45,19,2
16,46693346,145,93,1
16,46693363,6,2,
16,46693456,3,0,11
16,46693509,5,0,
16,46693828,4,0,6
17,46617149,190,106,
17,46617360,366,353,
17,46617492,59,45,
17,46617668,295,366,
17,46617705,68,12,
17,46617744,120,58,
17,46617938,45,11,
17,46618027,316,341,
17,46618042,315,234,
17,46618087,83,58,
17,46618105,87,14,
17,46618503,90,18,
17,46618544,149,139,
17,46618714,942,2375,
17,46618901,678,962,
17,46618954,35,6,
17,46619021,35,49,
17,46619030,371,293,
17,46619059,181,68,
17,46619391,80,37,
17,46619464,220,431,
17,46619614,123,49,
17,46620358,130,24,
17,46620673,127,31,
17,46620990,84,106,
17,46621656,29,3,
17,46621786,24,2,
17,46621945,253,323,
17,46622090,83,53,
17,46622096,96,9,
17,46622328,868,398,
17,46623195,270,171,
17,46623761,169,36,
17,46624352,215,59,
17,46624396,37,2,
17,46624541,287,189,
17,46624563,156,68,
17,46624658,239,58,
17,46624731,59,6,
17,46624883,210,226,
17,46625049,62,28,
17,46626210,122,74,
17,46626410,211,158,
17,46626836,186,135,
17,46627410,129,47,
17,46627652,805,148,
17,46628329,633,157,
17,46628397,243,108,
17,46629295,70,21,
17,46629399,77,29,18
17,46629474,352,265,
17,46629610,254,158,
17,46629682,254,209,
17,46629964,85,10,
17,46630369,772,571,
17,46630718,44,2,
17,46630798,159,58,
17,46630816,273,153,
17,46631281,56,5,
17,46631728,122,148,
17,46632023,570,468,
17,46632039,49,24,
17,46632057,27,9,
17,46632120,113,38,
17,46632184,90,18,
17,46632256,34,7,
17,46632768,142,26,
17,46632871,53,9,
17,46632885,26,6,
17,46633025,61,59,
17,46633429,155,45,
17,46633488,773,475,
17,46633574,160,53,
17,46634450,167,106,
17,46634697,37,5,
17,46635309,372,64,
17,46635345,796,1232,
17,46635453,82,33,
17,46635550,122,95,
17,46636044,44,9,
17,46636093,157,38,
17,46636387,184,28,
17,46636861,43,26,
17,46637127,440,373,
17,46637165,186,112,
17,46637283,12,6,
17,46637322,33,8,
17,46637328,209,47,
17,46637723,74,48,
17,46637937,58,9,
17,46638013,601,367,
17,46638241,65,45,
17,46638629,315,158,
17,46638894,31,23,
17,46639843,29,7,18
17,46639897,36,5,
17,46640014,53,4,
17,46640366,269,164,
17,46641036,164,52,
17,46641042,190,106,
17,46641145,50,55,
17,46641216,37,6,
17,46641239,127,16,
17,46641284,365,116,
17,46641348,154,102,
17,46641362,91,27,
17,46641663,26,12,
17,46641992,88,63,
17,46642173,86,22,
17,46642458,113,119,
17,46642560,406,57,
17,46642846,33,3,
17,46642920,343,175,
17,46643070,60,114,
17,46643699,16,10,
17,46643737,44,14,
17,46643754,41,34,
17,46644173,79,11,
17,46644181,272,9,
17,46644250,43,3,
17,46644541,53,15,
17,46644640,63,69,
17,46644661,97,34,
17,46645107,9,0,
17,46645176,306,117,
17,46645524,38,9,
17,46645553,15,8,
17,46645615,558,257,
17,46645941,114,26,
17,46645942,58,31,
17,46645998,99,85,
17,46646080,141,133,
17,46646091,104,29,
17,46646173,39,8,
17,46646174,15,5,7
17,46646226,158,182,
17,46646263,370,171,
17,46646404,20,6,
17,46646475,540,380,
17,46646645,954,391,
17,46646777,716,308,
17,46646870,24,3,17
17,46647059,135,38,
17,46647491,503,279,
17,46648144,83,93,
17,46648752,12,11,
17,46648885,287,355,
17,46648900,39,39,
17,46648916,718,302,
17,46649142,1024,597,
17,46649489,102,95,
17,46649577,272,238,
17,46649781,86,14,
17,46649808,23,2,
17,46649813,28,2,
17,46650006,56,12,
17,46650347,148,43,
17,46650682,15,8,26
17,46651443,320,137,
17,46651510,31,1,
17,46651691,77,6,
17,46651887,199,128,
17,46652024,73,41,
17,46652617,160,88,
17,46652690,156,101,
17,46652914,35,5,
17,46652944,109,116,
17,46653270,41,20,
17,46653311,6,5,
17,46653427,29,13,
17,46653721,227,58,
17,46654085,73,11,
17,46654726,190,226,
17,46654749,153,28,
17,46654878,94,28,
17,46654956,25,7,
17,46655401,12,1,
17,46655524,90,6,
17,46655667,22,7,
17,46656045,172,169,
17,46656358,161,48,
17,46656552,219,96,
17,46656759,39,32,
17,46656834,293,68,
17,46656897,167,84,
17,46656903,359,328,
17,46656909,14,1,
17,46656911,207,234,
17,46656998,266,329,
17,46657088,65,5,
17,46657122,1318,146,
17,46657141,55,30,
17,46657296,102,70,
17,46657364,4,0,
17,46658003,71,4,
17,46658014,121,45,
17,46658166,5,3,
17,46658342,9,1,
17,46658345,621,514,
17,46659219,100,49,
17,46659346,37,0,
17,46659456,65,32,
17,46659465,26,2,
17,46659550,182,180,
17,46659635,9,0,
17,46660543,382,142,
17,46660663,110,51,
17,46661132,83,155,
17,46661503,34,9,
17,46661630,70,23,
17,46661644,47,17,
17,46661897,251,65,
17,46662001,6,0,
17,46662078,113,30,
17,46662154,65,36,
17,46662247,7,0,
17,46662304,53,10,
17,46662390,29,2,
17,46662399,47,8,
17,46662662,222,164,
17,46663084,10,2,
17,46663268,123,84,
17,46663338,843,315,
17,46663392,5,1,
17,46663466,6,0,
17,46663467,50,4,
17,46663507,121,17,
17,46663508,22,4,
17,46663580,9,4,
17,46663686,11,1,
17,46663731,21,5,
17,46663819,19,5,
17,46663844,19,4,
17,46663873,6,0,
17,46664079,72,71,
17,46664148,31,11,
17,46664195,190,71,
17,46664540,124,73,
17,46664549,3,0,
17,46664576,19,2,
17,46664631,306,291,
17,46664638,187,91,
17,46664646,126,74,
17,46664650,8,10,
17,46664755,799,278,
17,46664771,20,8,
17,46664865,26,12,
17,46665169,112,37,
17,46665309,8,0,
17,46665310,258,137,
17,46665388,6,0,
17,46665393,60,9,
17,46665411,566,60,
17,46665453,62,39,
17,46665501,9,0,
17,46665515,21,0,
17,46665577,15,0,
17,46665837,7,1,
17,46665839,496,233,
17,46666085,403,276,
17,46666283,190,97,
17,46666288,215,40,
17,46666391,4,1,
17,46666574,15,1,
17,46666650,67,10,
17,46666661,74,41,
17,46666777,113,26,
17,46666877,8,6,
17,46666963,141,57,
17,46667094,36,2,
17,46667277,17,2,
17,46667336,12,1,
17,46667397,7,2,
17,46667519,10,2,
17,46667543,19,5,
17,46667572,226,279,
17,46667675,183,124,
17,46667821,23,4,
17,46668021,580,525,
17,46668247,4,0,
17,46668801,61,70,
17,46668819,20,22,
17,46669045,14,9,
17,46669289,71,35,
17,46669478,35,6,
17,46669663,184,87,
17,46669722,8,0,
17,46669996,81,31,
17,46670024,757,254,
17,46670181,146,41,
17,46670279,438,141,
17,46670290,36,4,
17,46670524,410,404,29
17,46670780,51,61,
17,46671020,84,55,
17,46671130,18,0,
17,46671174,84,6,
17,46671191,10,0,
17,46671286,13,10,
17,46671326,7,0,
17,46671481,14,1,
17,46671521,22,2,
17,46671664,10,1,
17,46671695,5,0,
17,46671731,673,685,
17,46671952,175,156,
17,46671958,17,1,
17,46671982,34,14,
17,46672071,11,2,
17,46672150,376,115,
17,46672181,152,48,
17,46672260,26,2,
17,46672464,7,0,
17,46672701,23,6,
17,46673264,191,260,
17,46673453,271,249,
17,46673617,7,1,
17,46673759,40,17,
17,46673809,306,425,
17,46673865,8,15,
17,46674136,10,0,
17,46674416,152,68,
17,46674424,42,13,
17,46674426,14,3,
17,46674433,202,61,
17,46674482,16,1,
17,46674505,75,47,
17,46674593,6,0,
17,46674684,11,0,
17,46675092,51,21,
17,46675236,28,4,
17,46675271,135,40,
17,46675853,604,327,
17,46676081,215,135,24
17,46676170,16,4,
17,46676193,8,0,
17,46676264,87,103,
17,46676276,524,244,
17,46676554,144,218,
17,46676614,13,3,
17,46676815,6,4,
17,46676861,16,2,
17,46677106,230,89,
17,46677212,80,68,
17,46677436,85,32,
17,46677446,69,20,
17,46677455,17,1,
17,46677628,231,148,
17,46677907,16,5,
17,46677918,56,6,
17,46678031,3,1,
17,46678126,12,30,
17,46678205,503,253,
17,46678224,31,21,
17,46678235,5,0,
17,46678259,10,5,
17,46678430,264,172,
17,46678550,161,178,
17,46679176,24,5,
17,46679248,4,0,
17,46679253,21,1,
17,46679423,3,0,
17,46679430,16,2,
17,46679657,107,124,
17,46679872,364,127,
17,46679896,143,99,
17,46679907,123,57,
17,46680212,749,751,
17,46680515,204,173,
17,46680597,105,19,
17,46680909,25,11,
17,46680974,541,447,15
17,46681153,96,58,
17,46681156,20,10,
17,46681167,4,1,
17,46681309,23,1,
17,46681351,78,79,
17,46681442,5,1,
17,46681454,152,78,
17,46681587,32,9,
17,46681611,422,147,19
17,46682109,5,1,
17,46682115,66,14,
17,46682325,69,37,
17,46682518,226,122,27
17,46682534,312,124,
17,46682732,77,43,
17,46682778,8,5,
17,46682802,7,3,
17,46682912,7,2,
17,46682931,80,81,
17,46682977,16,4,
17,46682993,9,1,
17,46683070,19,5,
17,46683205,466,164,
17,46683301,7,0,
17,46683388,3,0,
17,46683410,149,118,
17,46683450,9,1,
17,46683519,180,77,
17,46683645,38,1,
17,46683752,49,80,
17,46683782,124,83,
17,46683831,45,2,
17,46683833,173,49,
17,46683838,7,0,
17,46683858,34,4,
17,46683875,19,7,
17,46683892,6,1,
17,46683947,159,176,
17,46683958,5,0,
17,46683969,57,26,
17,46683990,7,0,
17,46684052,12,0,
17,46684056,547,179,11
17,46684097,6,1,
17,46684173,6,7,
17,46684243,4,0,
17,46684299,6,0,
17,46684335,154,62,
17,46684350,10,2,
17,46684563,12,2,
17,46684708,113,23,
17,46684788,86,22,
17,46684815,108,94,
17,46684862,78,47,
17,46684868,5,0,
17,46684958,201,159,24
17,46685031,8,5,
17,46685096,7,0,
17,46685288,4,0,
17,46685317,38,1,
17,46685401,5,0,
17,46685882,10,1,
17,46686131,130,59,23
17,46686173,14,4,
17,46686273,296,68,16
17,46686294,27,26,
17,46686418,150,74,
17,46686431,14,10,
17,46686514,8,0,
17,46686527,8,0,
17,46686607,83,207,
17,46686640,423,640,
17,46686655,340,175,
17,46686662,6,2,
17,46686674,14,0,
17,46686745,33,8,
17,46686972,102,12,
17,46687019,8,1,
17,46687240,18,3,
17,46687504,91,16,
17,46687588,147,16,
17,46687705,88,41,29
17,46687925,6,0,
17,46688122,67,30,
17,46688281,12,1,
17,46688413,5,0,
17,46688488,6,0,
17,46688494,21,0,
17,46688804,8,2,
17,46688954,209,157,
17,46688971,453,274,
17,46689065,167,58,7
17,46689204,111,135,
17,46689525,4,0,
17,46689657,5,0,
17,46689767,9,2,
17,46689901,12,2,
17,46690092,46,26,22
17,46690134,30,0,
17,46690162,4,0,
17,46690295,52,56,
17,46690305,12,0,
17,46690330,32,76,
17,46690380,15,2,
17,46690402,272,157,5
17,46690452,24,3,
17,46690498,7,1,
17,46690530,43,21,12
17,46690907,187,165,13
17,46691243,68,70,
17,46691249,6,0,
17,46691454,53,14,8
17,46691500,17,0,
17,46691632,6,4,
17,46691659,24,7,
17,46691660,56,40,6
17,46691835,101,37,3
17,46692052,57,86,
17,46692116,58,7,9
17,46692330,7,0,
17,46692577,27,10,
17,46692594,405,409,20
17,46692837,4,0,
17,46693021,17,16,21
17,46693205,123,102,2
17,46693278,5,1,
17,46693346,299,303,1
17,46693509,5,0,
17,46693828,27,18,5
17,46694124,20,7,3
17,46694378,116,44,1
17,46694482,8,2,
17,46694829,3,1,
17,46695061,5,0,
18,46617149,190,106,
18,46617360,366,353,
18,46617492,59,45,
18,46617668,295,366,
18,46617705,68,12,
18,46617744,120,58,
18,46617938,45,11,
18,46618027,316,341,
18,46618042,315,234,
18,46618087,83,58,
18,46618105,87,14,
18,46618472,14,0,4
18,46618503,90,18,
18,46618544,149,139,
18,46618714,942,2375,
18,46618901,678,962,
18,46618954,35,6,
18,46619021,35,49,
18,46619030,372,293,
18,46619059,181,68,
18,46619391,80,37,
18,46619464,220,431,
18,46619614,123,49,
18,46620358,130,24,
18,46620673,127,31,
18,46620990,84,106,
18,46621656,29,3,
18,46621786,24,2,
18,46621945,253,323,
18,46622090,87,55,
18,46622096,98,9,
18,46622328,870,398,
18,46623195,270,171,
18,46623761,169,36,
18,46624352,215,59,
18,46624396,37,2,
18,46624541,287,189,
18,46624563,156,68,
18,46624658,239,58,
18,46624731,59,6,
18,46624883,210,226,
18,46625049,62,28,
18,46626210,122,74,
18,46626410,211,158,
18,46626836,186,135,
18,46627410,132,47,
18,46627652,805,148,
18,46628329,633,157,
18,46628397,243,108,
18,46629295,70,21,
18,46629399,85,30,19
18,46629474,352,265,
18,46629610,254,158,
18,46629682,254,209,
18,46629964,85,10,
18,46630369,772,571,
18,46630718,47,2,
18,46630798,159,58,
18,46630816,273,153,
18,46631281,56,5,
18,46631728,122,148,
18,46632023,570,469,
18,46632039,49,24,
18,46632057,27,9,
18,46632120,113,38,
18,46632184,92,18,
18,46632256,34,7,
18,46632768,142,26,
18,46632871,53,9,
18,46632885,26,6,
18,46633025,62,59,
18,46633429,155,45,
18,46633488,773,475,
18,46633574,160,53,
18,46634450,167,106,
18,46634697,37,5,
18,46635309,372,64,
18,46635345,797,1232,
18,46635453,84,34,
18,46635550,122,95,
18,46636044,45,9,
18,46636093,157,38,
18,46636387,184,28,
18,46636861,43,26,
18,46637127,440,373,
18,46637165,186,112,
18,46637283,12,6,
18,46637322,33,8,
18,46637328,209,47,
18,46637723,74,48,
18,46637937,58,9,
18,46638013,601,368,
18,46638241,65,45,
18,46638629,315,158,
18,46638894,31,23,
18,46639843,33,9,16
18,46639897,36,5,
18,46640014,53,4,
18,46640366,269,164,
18,46641036,165,53,
18,46641042,190,106,
18,46641145,50,58,
18,46641216,37,6,
18,46641239,127,16,
18,46641284,365,116,
18,46641348,154,102,
18,46641362,91,27,
18,46641663,26,12,
18,46641992,88,63,
18,46642173,86,22,
18,46642458,114,119,
18,46642560,406,57,
18,46642846,33,3,
18,46642920,343,175,
18,46643070,60,114,
18,46643699,16,10,
18,46643737,44,14,
18,46643754,41,34,
18,46644173,80,11,
18,46644181,272,9,
18,46644250,43,3,
18,46644541,53,15,
18,46644640,63,69,
18,46644661,97,34,
18,46645176,306,117,
18,46645524,38,9,
18,46645553,15,8,
18,46645615,558,257,
18,46645941,114,26,
18,46645942,58,31,
18,46645998,100,85,
18,46646080,141,134,
18,46646091,105,29,
18,46646173,40,8,
18,46646174,24,10,7
18,46646226,160,182,
18,46646263,370,171,
18,46646404,21,6,
18,46646475,540,380,
18,46646645,954,391,
18,46646777,716,308,
18,46646870,27,3,20
18,46647059,135,38,
18,46647491,503,279,
18,46648144,83,93,
18,46648752,12,11,
18,46648885,287,355,
18,46648900,39,39,
18,46648916,718,302,
18,46649142,1024,597,
18,46649489,102,95,
18,46649577,272,238,
18,46649781,87,14,
18,46649808,23,2,
18,46649813,28,2,
18,46650006,56,12,
18,46650347,148,43,
18,46650682,21,8,29
18,46651443,320,137,
18,46651510,31,1,
18,46651691,77,6,
18,46651887,199,128,
18,46652024,73,41,
18,46652617,160,88,
18,46652690,159,103,
18,46652914,35,5,
18,46652944,109,117,
18,46653270,41,20,
18,46653311,6,5,
18,46653427,29,13,
18,46653721,227,58,
18,46654085,73,11,
18,46654726,190,226,
18,46654749,153,28,
18,46654878,94,28,
18,46654956,25,7,
18,46655401,12,1,
18,46655524,90,6,
18,46655667,22,7,
18,46656045,172,169,
18,46656358,161,48,
18,46656552,219,96,
18,46656759,39,32,
18,46656834,293,68,
18,46656897,167,84,
18,46656903,359,330,
18,46656909,14,1,
18,46656911,207,234,
18,46656998,266,329,
18,46657088,65,5,
18,46657122,1319,146,
18,46657141,55,30,
18,46657296,102,70,
18,46657364,4,0,
18,46658003,71,4,
18,46658014,121,45,
18,46658166,5,3,
18,46658342,9,1,
18,46658345,621,515,
18,46659219,100,49,
18,46659346,37,0,
18,46659456,65,32,
18,46659465,26,2,
18,46659550,182,180,
18,46659635,9,0,
18,46660543,383,142,
18,46660663,110,51,
18,46661132,83,155,
18,46661503,34,9,
18,46661630,70,23,
18,46661644,47,17,
18,46661897,251,65,
18,46662001,6,0,
18,46662078,113,30,
18,46662154,65,36,
18,46662247,7,0,
18,46662304,53,10,
18,46662390,29,2,
18,46662399,47,8,
18,46662662,222,164,
18,46663084,10,2,
18,46663268,123,84,
18,46663338,843,315,
18,46663392,5,1,
18,46663466,6,0,
18,46663467,50,4,
18,46663507,121,17,
18,46663508,22,4,
18,46663580,9,4,
18,46663686,11,1,
18,46663731,21,5,
18,46663819,19,5,
18,46663844,19,4,
18,46663873,6,0,
18,46664079,72,71,
18,46664148,31,11,
18,46664195,190,71,
18,46664540,124,73,
18,46664549,3,0,
18,46664576,19,2,
18,46664631,306,291,
18,46664638,187,91,
18,46664646,126,74,
18,46664650,8,10,
18,46664755,802,283,
18,46664771,20,8,
18,46664865,26,12,
18,46665169,112,37,
18,46665309,8,0,
18,46665310,259,137,
18,46665388,6,0,
18,46665393,60,9,
18,46665411,566,60,
18,46665453,62,39,
18,46665501,9,0,
18,46665515,21,0,
18,46665577,15,0,
18,46665837,7,1,
18,46665839,497,233,
18,46666085,403,276,
18,46666283,190,97,
18,46666288,215,40,
18,46666391,4,1,
18,46666574,15,1,
18,46666650,67,10,
18,46666661,74,42,
18,46666777,113,26,
18,46666877,8,6,
18,46666963,142,57,
18,46667094,36,2,
18,46667277,17,2,
18,46667336,12,1,
18,46667397,7,2,
18,46667519,10,2,
18,46667543,19,5,
18,46667572,226,279,
18,46667675,183,124,
18,46667821,23,4,
18,46668021,580,525,
18,46668247,4,0,
18,46668801,61,70,
18,46668819,20,22,
18,46669045,14,9,
18,46669289,71,35,
18,46669478,35,6,
18,46669663,184,87,
18,46669722,8,0,
18,46669996,81,31,
18,46670024,759,254,
18,46670181,146,41,
18,46670279,440,141,
18,46670290,36,4,
18,46670524,435,421,28
18,46670780,51,61,
18,46671020,84,55,
18,46671174,84,6,
18,46671191,10,0,
18,46671326,7,0,
18,46671481,14,1,
18,46671521,22,2,
18,46671664,10,1,
18,46671695,5,0,
18,46671731,674,690,
18,46671952,175,156,
18,46671958,17,1,
18,46671982,34,14,
18,46672071,11,2,
18,46672150,376,118,
18,46672181,152,48,
18,46672260,26,2,
18,46672464,7,0,
18,46672701,23,6,
18,46673264,191,260,
18,46673453,272,250,
18,46673759,40,17,
18,46673809,306,425,
18,46673865,8,15,
18,46674136,10,0,
18,46674416,152,68,
18,46674424,42,13,
18,46674426,14,3,
18,46674433,204,61,
18,46674482,16,1,
18,46674505,75,45,
18,46674593,6,0,
18,46674684,11,0,
18,46675092,51,21,
18,46675236,28,4,
18,46675271,135,40,
18,46675853,606,327,
18,46676081,226,138,25
18,46676170,16,4,
18,46676264,87,105,
18,46676276,524,244,
18,46676554,144,224,
18,46676614,13,3,
18,46676815,6,4,
18,46676861,16,2,
18,46677106,230,89,
18,46677212,80,68,
18,46677436,85,32,
18,46677446,69,21,
18,46677455,17,1,
18,46677628,232,148,
18,46677907,16,7,
18,46677918,56,6,
18,46678031,3,1,
18,46678126,12,31,
18,46678205,505,253,
18,46678224,32,21,
18,46678235,5,0,
18,46678259,10,5,
18,46678430,264,172,
18,46678550,161,178,
18,46679176,24,5,
18,46679248,4,0,
18,46679253,21,1,
18,46679423,3,0,
18,46679430,16,2,
18,46679657,107,124,
18,46679872,364,127,
18,46679896,144,99,
18,46679907,123,57,
18,46680212,751,758,
18,46680515,206,177,
18,46680597,105,19,
18,46680974,558,454,14
18,46681153,96,58,
18,46681156,20,10,
18,46681167,4,1,
18,46681309,23,1,
18,46681351,78,80,
18,46681442,5,1,
18,46681454,152,78,
18,46681587,32,9,
18,46681611,428,149,21
18,46682109,5,1,
18,46682115,68,14,
18,46682325,69,37,
18,46682518,235,124,29
18,46682534,314,124,
18,46682732,77,43,
18,46682778,9,5,
18,46682802,7,3,
18,46682912,7,2,
18,46682931,80,82,
18,46682977,16,4,
18,46682993,9,1,
18,46683070,19,5,
18,46683205,466,164,
18,46683301,7,0,
18,46683388,3,0,
18,46683410,150,119,
18,46683450,10,1,
18,46683519,180,79,
18,46683645,38,1,
18,46683752,50,80,
18,46683782,124,84,
18,46683831,45,2,
18,46683833,176,49,
18,46683838,7,0,
18,46683858,34,4,
18,46683875,19,7,
18,46683892,6,1,
18,46683947,159,178,
18,46683958,5,0,
18,46683969,57,26,
18,46683990,7,0,
18,46684052,13,0,
18,46684056,558,183,12
18,46684097,6,1,
18,46684173,6,7,
18,46684243,4,0,
18,46684299,6,0,
18,46684335,155,62,
18,46684350,11,2,
18,46684563,12,2,
18,46684708,114,23,
18,46684788,87,22,
18,46684815,114,95,
18,46684862,78,47,
18,46684868,5,0,
18,46684958,207,166,24
18,46685031,8,5,
18,46685096,7,0,
18,46685288,4,0,
18,46685317,38,1,
18,46685401,5,0,
18,46685882,10,1,
18,46686131,138,63,27
18,46686173,14,4,
18,46686273,301,72,15
18,46686294,27,26,
18,46686418,152,82,
18,46686431,14,10,
18,46686514,8,0,
18,46686527,8,0,
18,46686607,83,212,
18,46686640,429,649,
18,46686655,346,176,
18,46686662,6,2,
18,46686674,14,0,
18,46686745,34,8,
18,46686972,103,12,
18,46687019,8,1,
18,46687240,18,3,
18,46687504,92,16,
18,46687588,147,16,
18,46687705,91,43,
18,46687925,6,0,
18,46688122,70,30,
18,46688281,12,1,
18,46688413,5,0,
18,46688488,6,0,
18,46688494,21,1,
18,46688804,8,5,
18,46688954,212,171,
18,46688971,460,289,
18,46689065,171,65,9
18,46689204,112,136,
18,46689525,5,0,
18,46689657,6,0,
18,46689767,9,2,
18,46689895,3,0,
18,46689901,14,2,
18,46690092,60,32,22
18,46690134,30,0,
18,46690162,4,0,
18,46690295,53,56,
18,46690305,13,0,
18,46690330,32,76,
18,46690380,17,2,
18,46690402,305,173,6
18,46690452,26,3,
18,46690498,8,1,
18,46690530,47,23,13
18,46690907,204,173,18
18,46691243,72,75,
18,46691249,7,0,
18,46691454,60,18,11
18,46691500,19,0,
18,46691632,7,4,
18,46691659,24,7,
18,46691660,62,40,10
18,46691835,118,56,3
18,46692052,62,89,
18,46692116,91,9,5
18,46692330,8,0,
18,46692577,39,13,
18,46692594,456,463,27
18,46692837,4,0,
18,46693205,171,138,8
18,46693278,5,1,
18,46693346,388,458,3
18,46693509,6,0,
18,46693828,57,43,4
18,46694124,55,15,2
18,46694320,6,0,
18,46694378,226,145,1
18,46694482,14,3,
18,46694829,6,1,
18,46695061,41,4,23
18,46695382,10,0,
18,46695628,31,3,1
18,46695673,6,1,19
18,46695747,8,2,11
18,46695806,4,0,
18,46695821,44,33,
18,46695855,27,1,24
19,46617149,190,106,
19,46617360,366,353,
19,46617492,59,45,
19,46617668,295,366,
19,46617705,68,12,
19,46617744,120,58,
19,46617938,45,11,
19,46618027,316,341,
19,46618042,315,234,
19,46618087,83,58,
19,46618105,87,14,
19,46618472,29,3,3
19,46618503,90,18,
19,46618544,149,139,
19,46618714,942,2375,
19,46618901,678,962,
19,46618954,35,6,
19,46619021,35,49,
19,46619030,372,293,
19,46619059,181,68,
19,46619391,80,37,
19,46619464,220,431,
19,46619614,123,49,
19,46620358,130,24,
19,46620673,127,31,
19,46620990,84,106,
19,46621656,29,3,
19,46621786,24,2,
19,46621945,253,323,
19,46622090,88,56,
19,46622096,99,9,
19,46622328,870,398,
19,46623195,270,171,
19,46623761,169,36,
19,46624352,215,59,
19,46624396,37,2,
19,46624541,287,189,
19,46624563,156,68,
19,46624658,240,58,
19,46624731,59,6,
19,46624883,210,226,
19,46625049,62,28,
19,46626210,122,74,
19,46626410,211,158,
19,46626836,186,135,
19,46627410,133,48,
19,46627652,805,148,
19,46628329,633,157,
19,46628397,243,108,
19,46629295,70,22,
19,46629399,88,30,21
19,46629474,352,265,
19,46629610,254,158,
19,46629682,254,209,
19,46629964,85,10,
19,46630369,772,571,
19,46630718,47,2,
19,46630798,159,58,
19,46630816,273,153,
19,46631281,56,5,
19,46631728,122,148,
19,46632023,570,469,
19,46632039,49,24,
19,46632057,27,9,
19,46632120,113,38,
19,46632184,93,18,
19,46632256,34,7,
19,46632768,142,26,
19,46632871,53,9,
19,46632885,26,6,
19,46633025,62,59,
19,46633429,155,45,
19,46633488,773,475,
19,46633574,160,53,
19,46634450,167,106,
19,46634697,37,5,
19,46635309,373,64,
19,46635345,797,1233,
19,46635453,85,34,
19,46635550,122,95,
19,46636044,45,9,
19,46636093,157,38,
19,46636387,184,28,
19,46636861,43,26,
19,46637127,440,373,
19,46637165,186,112,
19,46637283,12,6,
19,46637322,33,8,
19,46637328,209,47,
19,46637723,74,48,
19,46637937,58,9,
19,46638013,601,368,
19,46638241,65,45,
19,46638629,315,158,
19,46638894,31,23,
19,46639843,33,9,
19,46639897,36,5,
19,46640014,53,4,
19,46640366,269,164,
19,46641036,166,53,
19,46641042,190,106,
19,46641145,50,58,
19,46641216,39,7,19
19,46641239,127,16,
19,46641284,365,116,
19,46641348,154,102,
19,46641362,91,27,
19,46641663,26,12,
19,46641992,89,63,
19,46642173,87,22,
19,46642458,116,121,
19,46642560,406,57,
19,46642846,33,3,
19,46642920,343,175,
19,46643070,60,114,
19,46643699,16,10,
19,46643737,44,14,
19,46643754,42,34,
19,46644173,82,11,
19,46644181,272,9,
19,46644250,43,3,
19,46644541,53,15,
19,46644640,64,70,
19,46644661,97,34,
19,46645176,306,117,
19,46645524,38,9,
19,46645553,15,8,
19,46645615,558,257,
19,46645941,114,26,
19,46645942,58,31,
19,46645998,100,85,
19,46646080,141,134,
19,46646091,105,29,
19,46646173,40,8,
19,46646226,161,182,
19,46646263,370,172,
19,46646404,22,6,
19,46646475,540,380,
19,46646645,954,391,
19,46646777,717,308,
19,46646870,31,5,25
19,46647059,135,38,
19,46647491,503,280,
19,46648144,83,93,
19,46648752,12,11,
19,46648885,287,355,
19,46648900,39,39,
19,46648916,718,302,
19,46649142,1024,597,
19,46649489,102,95,
19,46649577,272,238,
19,46649781,87,14,
19,46649808,23,2,
19,46649813,28,2,
19,46650006,56,12,
19,46650347,148,43,
19,46650682,23,8,
19,46651443,320,137,
19,46651510,31,1,
19,46651691,77,6,
19,46651887,199,128,
19,46652024,73,41,
19,46652617,160,88,
19,46652690,159,105,
19,46652914,35,5,
19,46652944,109,117,
19,46653270,41,20,
19,46653311,6,5,
19,46653427,29,13,
19,46653721,227,58,
19,46654085,73,11,
19,46654726,190,226,
19,46654749,153,28,
19,46654878,94,28,
19,46654956,25,7,
19,46655401,12,1,
19,46655524,90,6,
19,46655667,22,7,
19,46656045,172,169,
19,46656358,161,48,
19,46656552,219,96,
19,46656759,39,32,
19,46656834,293,68,
19,46656897,167,84,
19,46656903,359,330,
19,46656909,14,1,
19,46656911,207,234,
19,46656998,266,329,
19,46657088,65,5,
19,46657122,1319,146,
19,46657141,55,30,
19,46657296,102,70,
19,46657364,4,0,
19,46658003,71,4,
19,46658014,121,45,
19,46658166,5,3,
19,46658342,9,1,
19,46658345,621,515,
19,46659219,100,49,
19,46659346,37,0,
19,46659456,65,32,
19,46659465,26,2,
19,46659550,182,180,
19,46659635,9,0,
19,46660543,384,142,
19,46660663,110,51,
19,46661132,84,155,
19,46661503,34,9,
19,46661630,70,23,
19,46661644,47,17,
19,46661897,251,65,
19,46662001,6,0,
19,46662078,113,30,
19,46662154,66,36,
19,46662247,7,0,
19,46662304,53,10,
19,46662390,29,2,
19,46662399,47,8,
19,46662662,222,164,
19,46663084,10,2,
19,46663268,123,84,
19,46663338,843,316,
19,46663392,5,1,
19,46663466,6,0,
19,46663467,50,4,
19,46663507,121,17,
19,46663508,22,4,
19,46663580,9,4,
19,46663686,11,1,
19,46663731,21,5,
19,46663819,19,5,
19,46663844,19,4,
19,46663873,6,0,
19,46664079,72,71,
19,46664195,190,71,
19,46664540,124,73,
19,46664549,3,0,
19,46664576,19,2,
19,46664631,306,292,
19,46664638,187,91,
19,46664646,126,74,
19,46664650,8,10,
19,46664755,802,283,
19,46664771,20,8,
19,46664865,26,12,
19,46665169,112,37,
19,46665309,8,0,
19,46665310,259,137,
19,46665388,6,0,
19,46665393,60,9,
19,46665411,567,60,
19,46665453,62,39,
19,46665501,10,0,
19,46665515,21,0,
19,46665577,15,0,
19,46665837,7,1,
19,46665839,497,233,
19,46666085,403,276,
19,46666283,190,97,
19,46666288,215,40,
19,46666391,4,1,
19,46666574,15,1,
19,46666650,67,10,
19,46666661,74,42,
19,46666777,113,26,
19,46666877,8,6,
19,46666963,142,57,
19,46667094,36,2,
19,46667277,17,2,
19,46667336,12,1,
19,46667397,7,2,
19,46667519,10,2,
19,46667543,19,5,
19,46667572,226,280,
19,46667675,183,124,
19,46667821,23,4,
19,46668021,581,525,
19,46668247,4,0,
19,46668801,61,70,
19,46668819,20,23,
19,46669045,14,9,
19,46669289,71,35,
19,46669478,35,6,
19,46669663,184,87,
19,46669722,8,0,
19,46669996,81,31,
19,46670024,760,255,
19,46670181,146,41,
19,46670279,441,142,
19,46670290,36,4,
19,46670524,446,436,28
19,46670780,51,61,
19,46671020,84,55,
19,46671174,84,6,
19,46671191,10,0,
19,46671326,7,0,
19,46671481,14,1,
19,46671521,22,2,
19,46671695,6,0,
19,46671731,678,691,
19,46671952,175,156,
19,46671982,34,14,
19,46672071,11,2,
19,46672150,377,119,
19,46672181,152,48,
19,46672260,26,2,
19,46672464,7,0,
19,46672701,23,6,
19,46673264,192,260,
19,46673453,272,250,
19,46673759,40,17,
19,46673809,306,425,
19,46673865,8,15,
19,46674136,10,0,
19,46674416,152,68,
19,46674424,42,13,
19,46674426,14,3,
19,46674433,207,63,
19,46674482,16,1,
19,46674505,76,45,
19,46674593,6,0,
19,46674684,11,0,
19,46675092,51,21,
19,46675236,29,4,
19,46675271,135,42,
19,46675669,4,0,
19,46675853,607,327,
19,46676081,234,145,24
19,46676170,17,4,
19,46676264,87,105,
19,46676276,524,245,
19,46676554,144,225,
19,46676614,13,3,
19,46676815,6,4,
19,46676861,16,2,
19,46677106,230,91,
19,46677212,80,68,
19,46677436,85,32,
19,46677446,69,21,
19,46677455,17,1,
19,46677628,234,148,
19,46677907,16,7,
19,46677918,56,6,
19,46678126,12,31,
19,46678205,505,253,
19,46678224,32,21,
19,46678235,5,0,
19,46678259,10,5,
19,46678430,264,172,
19,46678550,161,178,
19,46679176,25,5,
19,46679248,4,0,
19,46679253,21,1,
19,46679423,3,0,
19,46679430,16,2,
19,46679657,107,125,
19,46679872,364,127,
19,46679896,144,99,
19,46679907,125,57,
19,46680212,753,760,
19,46680515,209,180,
19,46680597,105,19,
19,46680974,574,473,17
19,46681153,98,58,
19,46681156,20,10,
19,46681167,4,1,
19,46681309,23,1,
19,46681351,78,80,
19,46681442,5,1,
19,46681454,153,78,
19,46681587,32,9,
19,46681611,435,150,22
19,46682109,5,1,
19,46682115,68,14,
19,46682325,69,38,
19,46682518,241,126,29
19,46682534,314,124,
19,46682732,78,45,
19,46682778,9,5,
19,46682802,7,3,
19,46682912,7,2,
19,46682931,81,82,
19,46682977,17,4,
19,46682993,9,1,
19,46683070,20,5,
19,46683196,4,0,
19,46683205,467,167,
19,46683301,7,0,
19,46683388,3,0,
19,46683410,150,119,
19,46683450,10,1,
19,46683519,181,79,
19,46683645,38,1,
19,46683752,50,80,
19,46683782,126,85,
19,46683831,46,2,
19,46683833,176,50,
19,46683838,7,0,
19,46683858,34,4,
19,46683875,19,7,
19,46683892,6,1,
19,46683947,160,179,
19,46683958,5,0,
19,46683969,57,26,
19,46683990,8,1,
19,46684052,14,0,
19,46684056,570,185,13
19,46684097,6,1,
19,46684173,6,7,
19,46684243,4,0,
19,46684299,6,0,
19,46684335,156,62,
19,46684350,11,2,
19,46684563,12,2,
19,46684708,116,25,
19,46684788,89,22,
19,46684815,116,96,
19,46684862,82,49,
19,46684868,5,0,
19,46684958,214,169,26
19,46685031,8,5,
19,46685096,7,0,
19,46685288,4,0,
19,46685317,39,1,
19,46685401,5,0,
19,46685882,10,1,
19,46686131,149,68,27
19,46686173,14,4,
19,46686273,305,75,18
19,46686294,27,26,
19,46686418,157,83,
19,46686431,14,10,
19,46686527,8,0,
19,46686607,83,220,
19,46686640,431,652,
19,46686655,350,178,
19,46686662,6,2,
19,46686674,14,0,
19,46686745,34,8,
19,46686972,104,12,
19,46687019,8,1,
19,46687240,18,3,
19,46687504,93,16,
19,46687588,147,17,
19,46687705,92,44,
19,46687925,6,0,
19,46688122,70,30,
19,46688281,12,1,
19,46688413,6,0,
19,46688488,6,0,
19,46688494,21,2,
19,46688591,22,8,
19,46688804,8,5,
19,46688954,218,184,
19,46688971,465,292,
19,46689065,175,67,11
19,46689204,115,140,
19,46689525,5,0,
19,46689657,6,0,
19,46689767,10,2,
19,46689895,3,0,
19,46689901,14,2,
19,46690092,71,40,23
19,46690134,31,0,
19,46690162,4,0,
19,46690295,54,57,
19,46690305,14,0,
19,46690330,32,76,
19,46690380,18,2,
19,46690402,343,181,8
19,46690452,26,3,
19,46690498,9,1,
19,46690530,56,23,16
19,46690907,217,180,20
19,46691243,73,77,
19,46691249,7,0,
19,46691454,66,21,12
19,46691500,22,0,
19,46691632,8,4,
19,46691659,26,7,
19,46691660,73,46,10
19,46691835,127,68,4
19,46692052,62,93,
19,46692116,137,15,5
19,46692330,9,0,
19,46692577,45,17,
19,46692594,483,512,
19,46692815,28,7,
19,46692837,4,0,
19,46693205,217,171,6
19,46693278,7,2,
19,46693346,438,551,9
19,46693509,7,0,
19,46693828,59,43,
19,46694124,95,25,2
19,46694320,10,0,
19,46694378,235,160,
19,46694482,18,4,
19,46694829,6,1,
19,46695492,3,0,
19,46695628,116,18,1
19,46695673,33,17,14
19,46695747,53,55,7
19,46695821,64,66,
19,46695830,3,0,
19,46695855,39,1,30
19,46695986,4,0,
19,46696347,5,0,
19,46696357,20,10,
19,46696630,11,1,
19,46696636,13,3,
19,46696654,13,4,
20,46617149,190,106,
20,46617360,366,353,
20,46617492,59,45,
20,46617668,295,366,
20,46617705,68,12,
20,46617744,120,58,
20,46617938,45,11,
20,46618027,316,341,
20,46618042,315,234,
20,46618087,83,58,
20,46618105,87,14,
20,46618472,37,5,6
20,46618503,90,18,
20,46618544,149,139,
20,46618714,943,2375,
20,46618901,678,962,
20,46618954,35,6,
20,46619021,35,49,
20,46619030,372,293,
20,46619059,181,68,
20,46619391,80,37,
20,46619464,220,432,
20,46619614,123,49,
20,46620358,130,24,
20,46620673,127,31,
20,46620990,84,106,
20,46621656,29,3,
20,46621786,24,2,
20,46621945,253,323,
20,46622090,89,56,
20,46622096,100,9,
20,46622328,870,398,
20,46623195,270,171,
20,46623761,169,36,
20,46624352,215,59,
20,46624396,37,2,
20,46624541,287,189,
20,46624563,156,68,
20,46624658,240,58,
20,46624731,59,6,
20,46624883,211,226,
20,46625049,62,28,
20,46626210,122,74,
20,46626410,211,158,
20,46626836,186,135,
20,46627410,134,48,
20,46627652,805,148,
20,46628329,633,157,
20,46628397,243,108,
20,46629295,70,22,
20,46629399,93,30,24
20,46629474,352,265,
20,46629610,254,159,
20,46629682,254,209,
20,46629964,85,10,
20,46630369,772,571,
20,46630718,48,2,
20,46630798,159,58,
20,46630816,273,153,
20,46631281,56,5,
20,46632023,570,469,
20,46632039,49,24,
20,46632057,28,9,
20,46632120,114,39,
20,46632184,94,18,
20,46632256,34,7,
20,46632768,142,26,
20,46632871,53,9,
20,46632885,26,6,
20,46633025,63,59,
20,46633429,155,45,
20,46633488,773,475,
20,46633574,160,53,
20,46634450,167,106,
20,46634697,37,5,
20,46635309,373,64,
20,46635345,797,1233,
20,46635453,85,34,
20,46635550,122,95,
20,46636044,45,9,
20,46636093,157,38,
20,46636387,184,28,
20,46636861,43,26,
20,46637165,186,112,
20,46637283,12,6,
20,46637322,33,8,
20,46637328,209,47,
20,46637723,74,48,
20,46637937,58,9,
20,46638013,601,368,
20,46638629,315,158,
20,46638894,31,23,
20,46639843,35,9,
20,46639897,37,5,
20,46640014,53,4,
20,46640366,269,164,
20,46641036,168,53,
20,46641042,190,106,
20,46641145,50,58,
20,46641216,42,9,19
20,46641239,127,16,
20,46641284,365,116,
20,46641348,154,102,
20,46641362,91,27,
20,46641663,26,12,
20,46641992,89,63,
20,46642173,87,22,
20,46642458,120,121,
20,46642560,406,57,
20,46642846,33,3,
20,46642920,343,175,
20,46643070,60,114,
20,46643699,16,10,
20,46643737,44,14,
20,46643754,42,34,
20,46644173,84,11,
20,46644181,272,9,
20,46644250,43,3,
20,46644541,53,15,
20,46644640,64,70,
20,46644661,97,34,
20,46645176,306,117,
20,46645524,38,9,
20,46645553,15,8,
20,46645615,558,257,
20,46645941,114,26,
20,46645942,58,31,
20,46645998,100,85,
20,46646080,141,134,
20,46646091,105,29,
20,46646173,40,8,
20,46646226,161,182,
20,46646263,370,172,
20,46646404,23,6,
20,46646475,540,380,
20,46646645,954,391,
20,46646777,717,308,
20,46646870,34,5,27
20,46647059,135,38,
20,46647491,503,280,
20,46648144,83,93,
20,46648752,12,11,
20,46648885,288,356,
20,46648900,39,39,
20,46648916,718,302,
20,46649142,1024,597,
20,46649489,102,95,
20,46649577,272,238,
20,46649781,88,14,
20,46649808,23,2,
20,46649813,28,2,
20,46650347,148,43,
20,46650682,28,8,30
20,46651443,320,137,
20,46651510,31,1,
20,46651691,77,6,
20,46651887,200,128,
20,46652024,73,41,
20,46652569,7,0,15
20,46652617,161,88,
20,46652690,163,106,
20,46652914,35,5,
20,46652944,109,117,
20,46653270,41,20,
20,46653427,29,13,
20,46653721,227,58,
20,46654085,73,11,
20,46654726,190,226,
20,46654749,153,28,
20,46654878,94,28,
20,46654956,25,7,
20,46655401,12,1,
20,46655524,90,6,
20,46655667,22,7,
20,46656045,172,169,
20,46656358,161,48,
20,46656552,219,96,
20,46656759,39,32,
20,46656834,293,68,
20,46656897,168,84,
20,46656903,359,330,
20,46656909,14,1,
20,46656911,207,234,
20,46656998,266,329,
20,46657088,65,5,
20,46657122,1321,146,
20,46657296,102,70,
20,46658003,71,4,
20,46658014,121,45,
20,46658166,5,3,
20,46658342,9,1,
20,46658345,621,515,
20,46659219,100,49,
20,46659346,37,0,
20,46659456,65,32,
20,46659465,26,2,
20,46659550,182,180,
20,46659635,9,0,
20,46660543,384,142,
20,46660663,110,51,
20,46661132,84,155,
20,46661503,34,9,
20,46661630,70,23,
20,46661644,48,17,
20,46661897,251,65,
20,46662001,6,0,
20,46662078,113,30,
20,46662154,66,36,
20,46662247,7,0,
20,46662304,53,10,
20,46662390,30,2,
20,46662399,47,8,
20,46662662,222,164,
20,46663084,10,2,
20,46663268,123,84,
20,46663338,843,316,
20,46663392,5,1,
20,46663466,6,0,
20,46663467,50,4,
20,46663507,121,17,
20,46663508,22,4,
20,46663580,10,4,
20,46663686,11,1,
20,46663731,21,5,
20,46663819,19,5,
20,46663844,19,4,
20,46663873,6,0,
20,46664079,72,73,
20,46664195,190,71,
20,46664540,124,73,
20,46664549,3,0,
20,46664576,19,2,
20,46664631,306,292,
20,46664638,187,91,
20,46664646,126,74,
20,46664650,8,10,
20,46664755,802,284,
20,46664771,20,8,
20,46665169,112,37,
20,46665309,8,0,
20,46665310,259,137,
20,46665388,6,0,
20,46665393,60,9,
20,46665411,567,60,
20,46665453,62,39,
20,46665501,10,0,
20,46665515,21,0,
20,46665577,15,0,
20,46665837,7,1,
20,46665839,497,234,
20,46666085,404,276,
20,46666283,190,97,
20,46666288,215,40,
20,46666391,4,1,
20,46666574,15,1,
20,46666650,68,11,
20,46666661,74,42,
20,46666777,113,26,
20,46666877,8,6,
20,46666963,142,57,
20,46667094,36,2,
20,46667277,17,2,
20,46667336,12,1,
20,46667397,7,2,
20,46667519,10,2,
20,46667543,19,5,
20,46667572,226,282,
20,46667675,183,124,
20,46667821,23,4,
20,46668021,581,525,
20,46668247,4,0,
20,46668819,20,23,
20,46669045,14,9,
20,46669289,71,35,
20,46669478,35,6,
20,46669663,184,87,
20,46669722,8,0,
20,46669996,81,31,
20,46670024,760,256,
20,46670181,146,41,
20,46670279,441,142,
20,46670290,36,4,
20,46670524,457,447,26
20,46670780,51,61,
20,46671020,84,55,
20,46671174,84,6,
20,46671191,10,0,
20,46671326,7,0,
20,46671481,14,1,
20,46671521,22,2,
20,46671695,6,0,
20,46671731,680,691,
20,46671952,175,156,
20,46671982,34,14,
20,46672150,377,120,
20,46672181,152,48,
20,46672260,26,2,
20,46672464,7,0,
20,46672701,23,6,
20,46673264,192,260,
20,46673453,273,250,
20,46673759,40,17,
20,46673809,306,425,
20,46673865,8,15,
20,46674136,10,0,
20,46674416,152,68,
20,46674424,42,13,
20,46674426,14,3,
20,46674433,209,64,
20,46674482,16,1,
20,46674505,76,45,
20,46674684,11,0,
20,46675092,51,21,
20,46675236,29,4,
20,46675271,136,42,
20,46675669,4,0,
20,46675853,608,328,
20,46676081,237,146,25
20,46676125,3,0,
20,46676170,17,4,
20,46676264,87,105,
20,46676276,524,245,
20,46676554,144,225,
20,46676614,13,3,
20,46676815,6,4,
20,46676861,16,2,
20,46676919,4,0,
20,46677106,230,91,
20,46677212,80,68,
20,46677436,85,32,
20,46677446,69,21,
20,46677455,17,1,
20,46677628,234,148,
20,46677907,16,7,
20,46677918,56,6,
20,46678126,12,31,
20,46678205,505,253,
20,46678224,32,21,
20,46678235,5,0,
20,46678259,10,5,
20,46678430,264,172,
20,46678550,161,178,
20,46679176,25,5,
20,46679253,21,1,
20,46679430,16,2,
20,46679872,364,127,
20,46679896,144,99,
20,46679907,126,57,
20,46680212,754,762,
20,46680515,210,180,
20,46680597,107,19,
20,46680974,585,482,14
20,46681153,99,58,
20,46681156,20,10,
20,46681167,4,1,
20,46681309,23,1,
20,46681351,78,80,
20,46681442,5,1,
20,46681454,154,78,
20,46681587,32,9,
20,46681611,439,150,23
20,46682109,5,1,
20,46682115,70,14,
20,46682325,69,38,
20,46682518,245,126,29
20,46682534,316,124,
20,46682732,79,46,
20,46682778,9,5,
20,46682802,7,3,
20,46682912,7,2,
20,46682931,81,82,
20,46682977,17,4,
20,46682993,9,1,
20,46683070,20,5,
20,46683196,4,0,
20,46683205,467,167,
20,46683301,7,0,
20,46683388,3,0,
20,46683410,150,119,
20,46683450,10,1,
20,46683519,182,82,
20,46683645,39,1,
20,46683752,51,80,
20,46683782,127,85,
20,46683831,46,2,
20,46683833,176,51,
20,46683838,7,0,
20,46683858,34,4,
20,46683875,19,7,
20,46683892,6,1,
20,46683947,161,180,
20,46683958,5,0,
20,46683969,57,26,
20,46683990,8,1,
20,46684052,14,0,
20,46684056,579,188,12
20,46684097,6,1,
20,46684173,6,7,
20,46684243,4,0,
20,46684299,6,0,
20,46684335,156,62,
20,46684350,11,2,
20,46684563,12,2,
20,46684708,118,25,
20,46684788,89,22,
20,46684815,117,97,
20,46684862,83,50,
20,46684868,5,0,
20,46684958,216,175,27
20,46685031,8,5,
20,46685096,7,0,
20,46685288,4,0,
20,46685317,39,1,
20,46685401,5,0,
20,46685882,10,1,
20,46686131,151,68,
20,46686173,14,4,
20,46686273,313,81,17
20,46686294,27,26,
20,46686418,159,86,
20,46686431,14,10,
20,46686527,8,0,
20,46686607,84,225,
20,46686640,435,658,
20,46686655,352,179,
20,46686662,6,2,
20,46686674,14,0,
20,46686745,34,8,
20,46686972,105,12,
20,46687019,8,1,
20,46687240,19,3,
20,46687504,93,16,
20,46687588,147,17,
20,46687705,93,44,
20,46687925,6,0,
20,46688122,71,31,
20,46688281,12,1,
20,46688413,6,0,
20,46688488,6,0,
20,46688494,21,2,
20,46688591,22,8,
20,46688804,8,5,
20,46688954,219,191,
20,46688971,467,299,
20,46689065,188,70,9
20,46689204,116,143,
20,46689525,5,0,
20,46689657,6,0,
20,46689767,10,2,
20,46689895,3,0,
20,46689901,14,2,
20,46690092,72,41,
20,46690134,31,0,
20,46690162,4,0,
20,46690295,54,59,
20,46690305,14,0,
20,46690330,32,79,
20,46690380,18,2,
20,46690402,381,193,4
20,46690452,26,3,
20,46690498,9,1,
20,46690530,59,24,18
20,46690907,225,186,21
20,46691243,74,79,
20,46691249,7,0,
20,46691454,71,26,15
20,46691500,23,0,
20,46691632,8,4,
20,46691659,28,7,
20,46691660,78,47,11
20,46691835,131,88,10
20,46692116,168,19,5
20,46692330,9,0,
20,46692577,49,19,
20,46692594,499,531,
20,46692815,33,7,
20,46692837,4,0,
20,46693205,243,200,8
20,46693278,7,2,
20,46693346,481,614,13
20,46693509,7,0,
20,46693828,61,44,
20,46693959,30,12,4
20,46694124,115,26,3
20,46694320,11,0,
20,46694378,246,162,
20,46694482,18,4,
20,46694829,8,1,
20,46695628,172,29,1
20,46695673,33,18,
20,46695747,60,72,
20,46695821,66,67,
20,46695830,4,0,
20,46695855,43,3,
20,46695978,11,2,10
20,46695986,43,1,9
20,46696238,3,2,
20,46696300,8,3,7
20,46696347,31,54,21
20,46696357,56,34,2
20,46696630,16,1,
20,46696636,48,13,
20,46696654,25,4,
20,46696683,16,0,22
20,46696699,39,78,2
20,46696806,3,0,
20,46696828,20,9,
20,46697109,9,0,
20,46697287,3,0,
21,46617149,190,106,
21,46617360,366,353,
21,46617492,59,45,
21,46617668,295,366,
21,46617705,68,12,
21,46617744,120,58,
21,46617938,45,11,
21,46618027,316,341,
21,46618042,315,234,
21,46618087,83,58,
21,46618105,87,14,
21,46618472,42,7,7
21,46618503,90,18,
21,46618714,944,2376,
21,46618901,678,962,
21,46618954,35,6,
21,46619021,35,50,
21,46619030,372,293,
21,46619059,181,68,
21,46619391,80,37,
21,46619464,220,432,
21,46619614,123,49,
21,46620358,130,24,
21,46620673,127,31,
21,46620990,85,106,
21,46621656,29,3,
21,46621786,24,2,
21,46621945,253,325,
21,46622090,89,56,
21,46622096,100,9,
21,46622328,870,398,
21,46623195,270,171,
21,46623761,169,36,
21,46624352,215,59,
21,46624396,37,2,
21,46624541,287,189,
21,46624563,156,68,
21,46624658,240,58,
21,46624731,59,6,
21,46624883,211,226,
21,46625049,62,28,
21,46626210,122,74,
21,46626410,211,158,
21,46626836,186,135,
21,46627410,134,48,
21,46627652,805,148,
21,46628329,633,157,
21,46628397,243,108,
21,46629295,70,22,
21,46629399,99,32,25
21,46629474,352,265,
21,46629610,254,159,
21,46629682,254,209,
21,46629964,85,10,
21,46630369,772,571,
21,46630718,48,2,
21,46630798,159,58,
21,46630816,273,153,
21,46631281,56,5,
21,46632023,570,469,
21,46632039,49,24,
21,46632057,28,9,
21,46632120,114,40,
21,46632184,94,18,
21,46632256,34,7,
21,46632768,142,26,
21,46632871,53,9,
21,46632885,26,6,
21,46633025,63,59,
21,46633429,155,45,
21,46633488,773,475,
21,46633574,160,53,
21,46634450,167,106,
21,46634697,37,5,
21,46635309,373,64,
21,46635345,797,1234,
21,46635453,85,35,
21,46635550,122,95,
21,46636044,45,9,
21,46636093,157,38,
21,46636387,184,28,
21,46636861,43,26,
21,46637165,186,112,
21,46637283,12,6,
21,46637322,33,8,
21,46637328,209,47,
21,46637723,74,48,
21,46637937,58,9,
21,46638013,601,368,
21,46638629,315,158,
21,46638894,31,23,
21,46639843,38,11,
21,46639897,37,5,
21,46640014,53,4,
21,46640366,269,164,
21,46641036,170,53,
21,46641042,190,106,
21,46641145,50,58,
21,46641216,47,10,23
21,46641239,127,16,
21,46641284,365,116,
21,46641348,154,102,
21,46641362,91,27,
21,46641663,26,12,
21,46641992,89,63,
21,46642173,87,22,
21,46642458,121,122,
21,46642560,406,57,
21,46642846,33,3,
21,46642920,343,175,
21,46643070,60,114,
21,46643699,16,10,
21,46643737,44,14,
21,46643754,42,34,
21,46644173,85,12,
21,46644181,272,9,
21,46644250,43,3,
21,46644541,53,15,
21,46644640,64,70,
21,46644661,97,34,
21,46645176,306,117,
21,46645524,38,9,
21,46645553,15,8,
21,46645615,559,257,
21,46645941,114,26,
21,46645942,58,31,
21,46645998,100,85,
21,46646080,141,134,
21,46646091,105,29,
21,46646173,41,8,
21,46646226,161,182,
21,46646263,370,172,
21,46646404,24,6,
21,46646475,540,380,
21,46646645,954,391,
21,46646777,718,308,
21,46646870,34,5,30
21,46647059,135,38,
21,46647491,503,280,
21,46648144,83,93,
21,46648885,288,356,
21,46648900,39,39,
21,46648916,718,302,
21,46649142,1024,597,
21,46649489,102,95,
21,46649577,272,238,
21,46649781,88,14,
21,46649808,23,2,
21,46649813,28,2,
21,46650347,148,43,
21,46650682,33,8,
21,46651443,320,137,
21,46651510,31,1,
21,46651691,77,6,
21,46651887,200,128,
21,46652024,73,41,
21,46652569,19,1,9
21,46652617,161,88,
21,46652690,164,106,
21,46652944,109,117,
21,46653270,41,20,
21,46653427,29,13,
21,46653721,227,58,
21,46654085,73,11,
21,46654726,190,227,
21,46654749,153,28,
21,46654878,94,28,
21,46654956,25,7,
21,46655401,12,1,
21,46655524,90,6,
21,46655667,22,7,
21,46656045,172,169,
21,46656358,161,48,
21,46656552,219,96,
21,46656759,39,32,
21,46656834,293,68,
21,46656897,168,84,
21,46656903,359,330,
21,46656909,14,1,
21,46656911,207,234,
21,46656998,266,329,
21,46657088,65,5,
21,46657122,1322,146,
21,46657296,102,70,
21,46658003,71,4,
21,46658014,121,45,
21,46658116,29,29,6
21,46658342,9,1,
21,46658345,621,515,
21,46659219,100,49,
21,46659346,37,0,
21,46659456,65,32,
21,46659465,26,2,
21,46659550,182,180,
21,46659635,9,0,
21,46660543,384,142,
21,46660663,110,51,
21,46661132,85,155,
21,46661503,34,9,
21,46661630,70,23,
21,46661644,48,17,
21,46661897,251,65,
21,46662001,6,0,
21,46662078,113,30,
21,46662154,66,36,
21,46662247,7,0,
21,46662304,53,10,
21,46662390,30,2,
21,46662399,47,8,
21,46662662,222,164,
21,46663084,10,2,
21,46663268,123,84,
21,46663338,843,316,
21,46663392,5,1,
21,46663466,6,0,
21,46663467,50,4,
21,46663507,121,17,
21,46663508,22,4,
21,46663580,10,4,
21,46663686,11,1,
21,46663731,21,5,
21,46663819,19,5,
21,46663844,19,4,
21,46663873,6,0,
21,46664079,72,73,
21,46664195,190,73,
21,46664540,124,74,
21,46664576,19,2,
21,46664631,306,292,
21,46664638,187,91,
21,46664646,126,74,
21,46664650,8,10,
21,46664755,802,284,
21,46664771,20,8,
21,46665169,113,37,
21,46665309,8,0,
21,46665310,259,137,
21,46665388,6,0,
21,46665393,60,9,
21,46665411,567,60,
21,46665453,62,39,
21,46665501,10,0,
21,46665515,21,0,
21,46665577,15,0,
21,46665837,7,1,
21,46665839,497,234,
21,46666085,404,276,
21,46666283,190,97,
21,46666288,215,40,
21,46666391,4,1,
21,46666574,15,1,
21,46666650,68,11,
21,46666661,74,42,
21,46666777,114,26,
21,46666877,8,6,
21,46666963,142,57,
21,46667094,36,2,
21,46667277,17,2,
21,46667336,12,1,
21,46667397,7,2,
21,46667519,10,2,
21,46667543,19,5,
21,46667572,226,282,
21,46667675,183,124,
21,46667821,23,4,
21,46668021,581,525,
21,46668247,4,0,
21,46668819,20,23,
21,46669045,14,9,
21,46669289,71,35,
21,46669478,35,6,
21,46669663,184,87,
21,46669722,8,0,
21,46669996,81,32,
21,46670024,760,256,
21,46670181,146,41,
21,46670279,442,142,
21,46670290,36,4,
21,46670524,466,453,28
21,46670780,51,61,
21,46671020,84,55,
21,46671174,84,6,
21,46671191,10,0,
21,46671481,14,1,
21,46671521,22,2,
21,46671695,6,0,
21,46671731,681,693,
21,46671952,175,156,
21,46671982,34,14,
21,46672150,377,120,
21,46672181,153,48,
21,46672260,26,2,
21,46672464,7,0,
21,46672701,23,6,
21,46673264,192,260,
21,46673453,273,252,
21,46673759,40,17,
21,46673809,306,427,
21,46673865,8,15,
21,46674136,10,0,
21,46674416,152,68,
21,46674424,42,13,
21,46674426,14,3,
21,46674433,209,65,
21,46674482,16,1,
21,46674505,76,45,
21,46674684,11,0,
21,46675092,51,21,
21,46675236,29,4,
21,46675271,136,44,
21,46675630,4,0,
21,46675669,5,0,
21,46675853,613,329,
21,46676081,245,153,27
21,46676125,3,0,
21,46676170,17,4,
21,46676264,87,106,
21,46676276,526,245,
21,46676554,144,225,
21,46676614,13,3,
21,46676815,6,4,
21,46676861,16,2,
21,46676919,4,0,
21,46677106,230,91,
21,46677212,80,68,
21,46677436,85,32,
21,46677446,69,21,
21,46677455,17,1,
21,46677628,234,149,
21,46677907,16,7,
21,46677918,56,6,
21,46678126,12,31,
21,46678205,508,253,
21,46678224,32,21,
21,46678259,10,5,
21,46678430,264,174,
21,46678550,162,179,
21,46679176,25,5,
21,46679253,21,1,
21,46679430,16,2,
21,46679872,364,127,
21,46679896,144,99,
21,46679907,126,57,
21,46680212,758,762,
21,46680515,210,181,
21,46680597,107,19,
21,46680974,590,486,
21,46681153,99,58,
21,46681156,20,10,
21,46681167,4,1,
21,46681309,23,1,
21,46681442,5,1,
21,46681454,154,78,
21,46681587,32,9,
21,46681611,443,152,24
21,46682109,5,1,
21,46682115,70,15,
21,46682325,69,38,
21,46682518,247,128,29
21,46682534,317,124,
21,46682732,80,46,
21,46682778,9,5,
21,46682802,7,3,
21,46682912,7,2,
21,46682931,81,82,
21,46682977,17,4,
21,46682993,9,1,
21,46683070,21,5,
21,46683196,4,0,
21,46683205,467,167,
21,46683301,7,0,
21,46683388,3,0,
21,46683450,10,1,
21,46683519,182,82,
21,46683645,39,1,
21,46683752,51,80,
21,46683782,128,84,
21,46683831,46,2,
21,46683833,178,51,
21,46683838,7,0,
21,46683858,34,4,
21,46683875,19,7,
21,46683892,6,1,
21,46683947,161,180,
21,46683958,5,0,
21,46683969,57,26,
21,46683990,8,1,
21,46684052,14,0,
21,46684056,586,190,12
21,46684097,6,1,
21,46684173,6,7,
21,46684243,4,0,
21,46684299,6,0,
21,46684335,156,62,
21,46684350,12,2,
21,46684563,12,2,
21,46684708,118,25,
21,46684788,90,22,
21,46684815,118,97,
21,46684862,84,50,
21,46684868,5,0,
21,46684958,220,176,30
21,46685031,8,5,
21,46685288,4,0,
21,46685317,40,1,
21,46685401,5,0,
21,46685882,10,1,
21,46686131,153,69,
21,46686173,14,4,
21,46686273,328,86,17
21,46686294,27,26,
21,46686418,159,86,
21,46686527,8,0,
21,46686607,84,230,
21,46686640,437,680,
21,46686655,357,181,
21,46686662,6,2,
21,46686674,14,0,
21,46686745,34,8,
21,46686972,106,12,
21,46687019,8,1,
21,46687240,19,3,
21,46687504,93,16,
21,46687588,149,17,
21,46687705,94,46,
21,46687925,6,0,
21,46688122,71,32,
21,46688281,12,1,
21,46688413,6,0,
21,46688488,6,0,
21,46688494,21,2,
21,46688591,22,8,
21,46688804,8,5,
21,46688954,225,194,
21,46688971,469,300,
21,46689065,199,72,9
21,46689204,116,144,
21,46689525,5,0,
21,46689657,6,0,
21,46689767,10,2,
21,46689895,3,0,
21,46689901,14,2,
21,46690092,74,42,
21,46690134,31,0,
21,46690162,4,0,
21,46690295,54,59,
21,46690305,15,0,
21,46690380,19,3,
21,46690402,412,202,4
21,46690452,26,3,
21,46690498,9,1,
21,46690530,61,24,22
21,46690907,239,196,3
21,46691243,74,79,
21,46691249,7,0,
21,46691454,78,29,18
21,46691500,23,0,
21,46691632,8,4,
21,46691659,28,8,
21,46691660,84,51,11
21,46691835,135,96,16
21,46692116,207,22,5
21,46692330,9,0,
21,46692577,49,21,
21,46692594,513,559,
21,46692776,6,1,
21,46692815,36,10,
21,46692837,4,0,
21,46693205,274,222,8
21,46693278,7,2,
21,46693346,511,678,15
21,46693509,7,0,
21,46693828,61,44,
21,46693959,39,20,10
21,46694124,138,34,2
21,46694320,12,0,
21,46694378,248,174,
21,46694482,23,4,
21,46694829,9,1,
21,46695458,7,1,
21,46695628,220,42,1
21,46695747,65,78,
21,46695821,70,74,
21,46695830,4,0,
21,46695855,43,5,
21,46695978,25,14,13
21,46695986,71,6,
21,46696028,6,0,
21,46696238,8,2,
21,46696276,8,0,26
21,46696300,58,34,3
21,46696347,34,57,
21,46696357,79,62,3
21,46696630,17,1,
21,46696636,67,28,
21,46696654,29,4,
21,46696683,39,13,18
21,46696699,43,88,
21,46696806,4,0,
21,46696828,23,15,
21,46697109,13,0,
21,46697287,19,3,15
21,46697289,10,2,
21,46697445,8,1,
21,46697700,28,0,
21,46697953,4,0,
22,46617149,190,106,
22,46617360,366,353,
22,46617492,59,45,
22,46617668,295,367,
22,46617705,68,12,
22,46617744,120,58,
22,46617938,45,11,
22,46618027,316,341,
22,46618042,315,234,
22,46618087,83,58,
22,46618105,87,14,
22,46618472,51,8,6
22,46618503,90,18,
22,46618714,944,2376,
22,46618901,678,962,
22,46618954,35,6,
22,46619021,35,51,
22,46619030,372,293,
22,46619059,181,68,
22,46619391,81,37,
22,46619464,220,432,
22,46619614,123,49,
22,46620358,130,24,
22,46620673,127,31,
22,46620990,85,106,
22,46621656,29,3,
22,46621786,24,2,
22,46621945,253,325,
22,46622090,90,57,
22,46622096,100,9,
22,46622328,870,398,
22,46623195,270,171,
22,46623761,169,36,
22,46624352,215,59,
22,46624396,37,2,
22,46624541,287,189,
22,46624563,156,68,
22,46624658,240,58,
22,46624731,59,6,
22,46624883,211,228,
22,46625049,62,28,
22,46626210,122,74,
22,46626410,211,158,
22,46626836,186,135,
22,46627410,134,50,
22,46627652,805,148,
22,46628329,633,157,
22,46628397,243,108,
22,46629295,70,22,
22,46629399,103,35,26
22,46629474,352,265,
22,46629610,254,159,
22,46629682,254,209,
22,46629964,85,10,
22,46630369,772,571,
22,46630718,48,2,
22,46630798,159,58,
22,46630816,273,153,
22,46631281,56,5,
22,46632023,570,469,
22,46632039,49,24,
22,46632057,28,9,
22,46632120,115,42,
22,46632184,94,18,
22,46632256,34,7,
22,46632768,142,26,
22,46632871,53,9,
22,46632885,26,6,
22,46633025,63,59,
22,46633429,155,45,
22,46633488,773,475,
22,46633574,160,53,
22,46634450,167,106,
22,46634697,37,5,
22,46635309,373,64,
22,46635345,797,1234,
22,46635453,85,35,
22,46635550,122,95,
22,46636044,45,9,
22,46636093,157,38,
22,46636387,184,28,
22,46636861,43,26,
22,46637165,186,112,
22,46637283,12,6,
22,46637322,33,8,
22,46637328,209,47,
22,46637723,74,48,
22,46637937,58,9,
22,46638013,602,368,
22,46638629,315,158,
22,46638894,31,23,
22,46639843,38,11,
22,46639897,37,5,
22,46640014,53,4,
22,46640366,269,164,
22,46641036,170,53,
22,46641042,190,106,
22,46641145,50,58,
22,46641216,48,9,24
22,46641239,127,16,
22,46641284,365,116,
22,46641348,154,102,
22,46641362,91,27,
22,46641663,26,12,
22,46641992,89,63,
22,46642173,87,22,
22,46642458,121,123,
22,46642560,406,57,
22,46642846,33,3,
22,46642920,343,175,
22,46643070,60,114,
22,46643699,16,10,
22,46643737,44,14,
22,46643754,42,34,
22,46644173,85,12,
22,46644181,272,9,
22,46644250,43,3,
22,46644541,53,15,
22,46644640,65,70,
22,46644661,97,34,
22,46645176,306,117,
22,46645524,38,9,
22,46645553,15,8,
22,46645615,559,257,
22,46645941,114,26,
22,46645942,58,31,
22,46645998,100,85,
22,46646080,141,134,
22,46646091,105,29,
22,46646173,41,8,
22,46646226,161,182,
22,46646263,370,172,
22,46646404,25,6,
22,46646475,540,380,
22,46646645,954,391,
22,46646777,718,308,
22,46646870,34,5,
22,46647059,135,38,
22,46647491,503,280,
22,46648144,83,93,
22,46648885,288,356,
22,46648900,39,39,
22,46648916,718,302,
22,46649142,1024,597,
22,46649489,102,95,
22,46649577,272,238,
22,46649781,88,14,
22,46649808,23,2,
22,46649813,28,2,
22,46650347,148,43,
22,46650682,35,8,
22,46651443,320,137,
22,46651510,31,1,
22,46651691,77,6,
22,46651887,200,128,
22,46652569,23,1,8
22,46652617,161,88,
22,46652690,166,111,
22,46652944,109,117,
22,46653270,41,20,
22,46653427,29,13,
22,46653721,227,58,
22,46654085,73,11,
22,46654726,190,227,
22,46654749,154,28,
22,46654878,94,28,
22,46654956,25,7,
22,46655401,12,1,
22,46655524,90,6,
22,46655667,22,7,
22,46656045,172,169,
22,46656358,161,48,
22,46656552,219,96,
22,46656759,39,32,
22,46656834,293,68,
22,46656897,168,84,
22,46656903,359,330,
22,46656909,14,1,
22,46656911,207,234,
22,46656998,266,329,
22,46657088,65,5,
22,46657122,1323,147,
22,46657296,102,70,
22,46658003,71,4,
22,46658014,121,45,
22,46658116,38,60,
22,46658342,9,1,
22,46658345,621,516,
22,46659219,100,49,
22,46659346,37,0,
22,46659456,65,32,
22,46659465,26,2,
22,46659550,182,180,
22,46659635,9,0,
22,46660543,384,142,
22,46660663,110,51,
22,46661132,85,155,
22,46661503,34,9,
22,46661630,70,23,
22,46661644,48,17,
22,46661897,252,65,
22,46662001,6,0,
22,46662078,113,30,
22,46662154,67,36,
22,46662247,7,0,
22,46662304,53,10,
22,46662390,30,2,
22,46662399,47,8,
22,46662662,222,164,
22,46663084,11,2,
22,46663268,123,84,
22,46663338,843,316,
22,46663392,5,1,
22,46663466,6,0,
22,46663467,50,4,
22,46663507,121,17,
22,46663508,22,4,
22,46663580,10,4,
22,46663686,11,1,
22,46663731,21,5,
22,46663819,20,5,
22,46663844,19,4,
22,46663873,6,0,
22,46664079,72,73,
22,46664195,190,73,
22,46664540,124,74,
22,46664576,19,2,
22,46664631,306,292,
22,46664638,187,91,
22,46664646,126,74,
22,46664650,8,10,
22,46664755,803,285,
22,46664771,20,8,
22,46665169,113,37,
22,46665309,8,0,
22,46665310,259,137,
22,46665388,6,0,
22,46665393,60,9,
22,46665411,567,60,
22,46665453,62,39,
22,46665501,10,0,
22,46665515,21,0,
22,46665577,15,0,
22,46665837,7,1,
22,46665839,498,234,
22,46666085,404,276,
22,46666283,190,97,
22,46666288,215,40,
22,46666391,4,1,
22,46666574,15,1,
22,46666650,68,11,
22,46666661,74,42,
22,46666777,115,26,
22,46666877,8,6,
22,46666963,142,57,
22,46667094,36,2,
22,46667277,17,2,
22,46667336,18,3,19
22,46667397,7,2,
22,46667519,10,2,
22,46667543,19,5,
22,46667572,226,282,
22,46667675,183,124,
22,46667821,23,4,
22,46668021,581,525,
22,46668247,4,0,
22,46668819,20,23,
22,46669045,14,9,
22,46669289,71,35,
22,46669478,35,6,
22,46669663,184,87,
22,46669722,8,0,
22,46669996,81,33,
22,46670024,761,257,
22,46670181,146,41,
22,46670279,442,140,
22,46670290,36,4,
22,46670524,473,462,28
22,46670780,51,61,
22,46671020,86,55,
22,46671174,84,6,
22,46671191,10,0,
22,46671481,14,1,
22,46671521,22,2,
22,46671695,6,0,
22,46671731,681,694,
22,46671952,175,156,
22,46671982,34,14,
22,46672150,378,120,
22,46672181,153,48,
22,46672260,27,2,
22,46672464,7,0,
22,46672701,23,6,
22,46673264,192,260,
22,46673453,273,252,
22,46673759,40,17,
22,46673809,306,427,
22,46673865,8,15,
22,46674136,10,0,
22,46674416,152,68,
22,46674424,42,13,
22,46674426,14,3,
22,46674433,210,66,
22,46674482,16,1,
22,46674505,76,45,
22,46674684,11,0,
22,46675092,51,21,
22,46675236,29,4,
22,46675271,137,45,
22,46675630,4,0,
22,46675669,5,0,
22,46675853,615,329,
22,46676081,251,156,27
22,46676125,3,0,
22,46676170,17,4,
22,46676264,87,108,
22,46676276,527,245,
22,46676554,144,225,
22,46676614,13,3,
22,46676815,6,4,
22,46676861,16,2,
22,46676919,4,0,
22,46677106,230,91,
22,46677212,80,68,
22,46677436,85,32,
22,46677446,69,22,
22,46677455,17,1,
22,46677628,234,150,
22,46677907,16,7,
22,46677918,56,6,
22,46678126,12,31,
22,46678205,508,253,
22,46678224,32,21,
22,46678259,10,5,
22,46678430,264,174,
22,46678550,162,179,
22,46679176,25,5,
22,46679253,21,1,
22,46679430,16,2,
22,46679872,364,128,
22,46679896,144,99,
22,46679907,126,57,
22,46680212,760,762,
22,46680515,213,181,
22,46680597,107,19,
22,46680974,591,491,
22,46681153,100,58,
22,46681156,20,10,
22,46681167,4,1,
22,46681309,23,1,
22,46681442,5,1,
22,46681454,154,79,
22,46681587,32,9,
22,46681611,446,153,25
22,46682109,5,1,
22,46682115,70,15,
22,46682325,69,38,
22,46682518,250,131,29
22,46682534,317,124,
22,46682732,80,46,
22,46682778,9,5,
22,46682802,7,3,
22,46682912,7,2,
22,46682931,81,82,
22,46682977,17,4,
22,46682993,9,1,
22,46683070,21,5,
22,46683196,4,0,
22,46683205,468,167,
22,46683301,7,0,
22,46683388,3,0,
22,46683450,10,1,
22,46683519,182,82,
22,46683645,39,1,
22,46683752,51,80,
22,46683782,128,84,
22,46683831,46,2,
22,46683833,179,51,
22,46683838,7,0,
22,46683858,34,4,
22,46683875,19,7,
22,46683892,6,1,
22,46683947,161,180,
22,46683958,5,0,
22,46683969,57,26,
22,46683990,8,1,
22,46684052,14,0,
22,46684056,593,197,12
22,46684097,6,1,
22,46684173,6,7,
22,46684243,4,0,
22,46684299,6,0,
22,46684335,156,62,
22,46684350,12,2,
22,46684563,12,2,
22,46684708,118,25,
22,46684788,91,23,
22,46684815,120,97,
22,46684862,84,50,
22,46684868,5,0,
22,46684958,223,178,30
22,46685031,8,5,
22,46685288,4,0,
22,46685317,41,1,
22,46685401,5,0,
22,46685882,10,1,
22,46686131,154,70,
22,46686173,14,4,
22,46686273,334,87,17
22,46686294,27,26,
22,46686418,161,88,
22,46686527,8,0,
22,46686607,84,235,
22,46686640,440,685,
22,46686655,360,185,
22,46686662,6,2,
22,46686674,14,0,
22,46686745,34,8,
22,46686972,106,12,
22,46687019,8,1,
22,46687240,19,3,
22,46687504,93,16,
22,46687588,149,17,
22,46687705,94,47,
22,46687925,6,0,
22,46688122,73,32,
22,46688281,12,1,
22,46688413,6,0,
22,46688488,6,0,
22,46688494,21,2,
22,46688804,9,5,
22,46688954,228,195,
22,46688971,471,302,
22,46689065,208,74,9
22,46689204,116,144,
22,46689525,5,0,
22,46689657,6,0,
22,46689767,10,2,
22,46689895,3,0,
22,46689901,14,2,
22,46690092,76,44,
22,46690134,31,0,
22,46690162,4,0,
22,46690295,55,60,
22,46690305,16,0,
22,46690380,20,3,
22,46690402,439,215,3
22,46690452,26,3,
22,46690498,10,1,
22,46690530,64,24,23
22,46690907,257,207,4
22,46691243,77,79,
22,46691249,7,0,
22,46691454,81,29,18
22,46691500,24,0,
22,46691632,8,4,
22,46691659,30,9,
22,46691660,87,56,10
22,46691835,141,107,15
22,46692116,224,27,5
22,46692122,13,1,
22,46692250,3,1,
22,46692330,9,0,
22,46692347,3,1,
22,46692577,51,21,
22,46692594,537,577,12
22,46692692,3,0,
22,46692776,8,2,
22,46692815,40,10,
22,46692837,5,0,
22,46693205,304,250,7
22,46693278,7,2,
22,46693346,541,725,21
22,46693728,4,0,
22,46693828,61,45,
22,46693959,47,20,
22,46694124,156,43,2
22,46694320,12,0,
22,46694378,251,183,
22,46694482,28,4,
22,46694767,3,1,
22,46694829,9,1,
22,46695415,3,0,
22,46695458,7,1,
22,46695467,5,1,
22,46695628,270,46,1
22,46695747,66,81,
22,46695787,4,0,
22,46695821,72,77,
22,46695830,4,0,
22,46695855,43,5,
22,46695978,28,20,14
22,46695986,74,6,
22,46696028,7,0,
22,46696081,9,0,
22,46696111,4,0,
22,46696238,17,2,
22,46696276,38,7,8
22,46696300,63,39,11
22,46696347,35,57,
22,46696357,85,72,13
22,46696630,17,1,
22,46696636,73,40,
22,46696654,30,4,
22,46696683,56,26,19
22,46696699,45,91,
22,46696806,4,0,
22,46696828,25,17,
22,46697075,12,0,17
22,46697109,14,0,
22,46697240,4,0,
22,46697287,30,11,16
22,46697289,16,2,
22,46697445,12,3,
22,46697518,3,0,15
22,46697532,6,0,
22,46697543,4,0,
22,46697672,3,2,
22,46697844,5,1,
22,46697908,3,0,12
22,46697953,6,0,
22,46698038,36,7,2
22,46698061,19,2,4
22,46698457,5,0,
22,46698469,3,0,
22,46698505,3,0,
22,46698538,3,0,
22,46698539,10,5,20
22,46698660,17,0,
23,46617149,190,106,
23,46617360,366,353,
23,46617668,295,367,
23,46617705,68,12,
23,46617744,120,58,
23,46617938,45,11,
23,46618027,316,341,
23,46618042,315,234,
23,46618087,83,58,
23,46618105,87,14,
23,46618472,57,9,16
23,46618503,90,18,
23,46618714,944,2376,
23,46618901,678,965,
23,46619021,35,51,
23,46619030,372,293,
23,46619059,181,68,
23,46619391,81,37,
23,46619464,220,433,
23,46619614,123,49,
23,46620358,130,24,
23,46620673,127,31,
23,46621656,29,3,
23,46621945,253,325,
23,46622090,90,57,
23,46622096,100,9,
23,46622328,870,398,
23,46623195,270,171,
23,46623761,169,36,
23,46624352,215,59,
23,46624396,37,2,
23,46624541,288,189,
23,46624563,156,68,
23,46624658,240,58,
23,46624731,59,6,
23,46624883,212,228,
23,46626410,211,158,
23,46626836,186,135,
23,46627410,134,50,
23,46627652,805,148,
23,46628329,633,157,
23,46628397,244,108,
23,46629295,70,22,
23,46629399,104,36,
23,46629474,352,265,
23,46629610,254,159,
23,46629682,254,209,
23,46629964,85,10,
23,46630369,772,571,
23,46630718,48,2,
23,46630816,273,153,
23,46631281,56,5,
23,46632023,570,469,
23,46632039,49,24,
23,46632057,28,9,
23,46632120,115,42,
23,46632184,94,18,
23,46632256,34,7,
23,46632768,142,26,
23,46632871,53,9,
23,46632885,26,6,
23,46633025,63,59,
23,46633429,155,45,
23,46633488,773,475,
23,46633574,160,53,
23,46634450,167,106,
23,46634697,37,5,
23,46635309,373,64,
23,46635345,797,1234,
23,46635453,85,35,
23,46636093,157,38,
23,46636387,184,28,
23,46636861,43,26,
23,46637165,186,112,
23,46637283,12,6,
23,46637322,33,8,
23,46637328,209,47,
23,46637723,74,48,
23,46637937,58,9,
23,46638013,602,368,
23,46638629,315,158,
23,46639843,38,11,
23,46639897,37,5,
23,46640014,53,4,
23,46640366,269,164,
23,46641036,171,53,
23,46641042,190,106,
23,46641145,50,58,
23,46641216,49,9,
23,46641239,127,16,
23,46641284,366,116,
23,46641348,154,102,
23,46641362,91,27,
23,46641663,26,12,
23,46642173,87,22,
23,46642458,122,125,
23,46642560,406,57,
23,46642846,33,3,
23,46642920,343,175,
23,46643070,60,114,
23,46643737,44,14,
23,46643754,42,34,
23,46644173,85,12,
23,46644181,272,9,
23,46644250,43,3,
23,46644541,53,15,
23,46644640,65,70,
23,46644661,97,34,
23,46645176,306,117,
23,46645524,38,9,
23,46645615,559,257,
23,46645941,114,26,
23,46645942,58,31,
23,46645998,100,85,
23,46646080,141,134,
23,46646091,105,29,
23,46646173,41,8,
23,46646226,161,182,
23,46646263,370,172,
23,46646404,25,6,
23,46646475,540,381,
23,46646645,954,391,
23,46646777,718,308,
23,46646870,34,5,
23,46647059,135,38,
23,46647491,503,280,
23,46648144,83,93,
23,46648885,288,356,
23,46648900,39,39,
23,46648916,718,302,
23,46649142,1024,597,
23,46649489,102,95,
23,46649577,272,238,
23,46649781,88,14,
23,46649808,23,2,
23,46649813,28,2,
23,46650347,148,43,
23,46650682,35,8,
23,46651443,320,137,
23,46651510,31,1,
23,46651691,77,6,
23,46652569,28,2,20
23,46652617,161,88,
23,46652690,167,113,
23,46652944,109,117,
23,46653270,41,20,
23,46653427,29,13,
23,46653721,227,58,
23,46654085,73,11,
23,46654726,190,227,
23,46654749,154,28,
23,46654956,25,7,
23,46655401,12,1,
23,46655524,90,6,
23,46655667,22,7,
23,46656045,172,169,
23,46656358,161,48,
23,46656552,219,96,
23,46656759,39,32,
23,46656834,293,68,
23,46656897,168,84,
23,46656903,359,330,
23,46656909,14,1,
23,46656911,207,234,
23,46656998,266,329,
23,46657088,65,5,
23,46657122,1323,147,
23,46657296,102,70,
23,46658003,71,4,
23,46658014,121,45,
23,46658116,43,73,22
23,46658345,621,516,
23,46659219,100,49,
23,46659346,37,0,
23,46659456,65,32,
23,46659465,26,2,
23,46659550,182,180,
23,46660543,384,142,
23,46660663,110,51,
23,46661132,85,155,
23,46661503,34,9,
23,46661630,70,23,
23,46661644,48,17,
23,46661897,252,65,
23,46662078,113,30,
23,46662154,67,36,
23,46662247,7,0,
23,46662304,53,10,
23,46662390,30,2,
23,46662399,47,8,
23,46662662,222,164,
23,46663084,11,2,
23,46663268,123,84,
23,46663338,844,316,
23,46663467,50,4,
23,46663507,121,17,
23,46663508,22,4,
23,46663731,21,5,
23,46663819,20,5,
23,46663844,19,4,
23,46663873,6,0,
23,46664079,72,73,
23,46664195,190,74,
23,46664540,124,74,
23,46664576,19,2,
23,46664631,306,292,
23,46664638,187,91,
23,46664646,126,74,
23,46664650,8,10,
23,46664755,803,286,
23,46664771,20,8,
23,46665169,113,37,
23,46665309,8,0,
23,46665310,259,137,
23,46665393,60,9,
23,46665411,567,60,
23,46665501,10,0,
23,46665515,21,0,
23,46665577,15,0,
23,46665837,7,1,
23,46665839,498,234,
23,46666085,404,276,
23,46666283,190,97,
23,46666288,215,40,
23,46666391,4,1,
23,46666574,15,1,
23,46666650,68,11,
23,46666661,74,42,
23,46666777,116,26,
23,46666963,142,57,
23,46667277,17,2,
23,46667336,20,3,
23,46667397,7,2,
23,46667519,10,2,
23,46667543,19,5,
23,46667572,226,282,
23,46667675,183,124,
23,46668021,581,525,
23,46668247,4,0,
23,46669045,14,9,
23,46669289,72,35,
23,46669478,35,6,
23,46669663,185,87,
23,46669722,8,0,
23,46669996,81,33,
23,46670024,761,257,
23,46670181,146,41,
23,46670279,442,140,
23,46670290,36,4,
23,46670524,473,464,
23,46670780,51,61,
23,46671020,86,55,
23,46671174,84,6,
23,46671191,10,0,
23,46671521,22,2,
23,46671695,6,0,
23,46671731,681,694,
23,46671952,175,156,
23,46671982,34,14,
23,46672150,378,120,
23,46672181,154,48,
23,46672260,27,2,
23,46672464,7,0,
23,46672701,23,6,
23,46673264,192,261,
23,46673453,273,252,
23,46673759,40,17,
23,46674416,152,68,
23,46674424,42,13,
23,46674433,210,67,
23,46674482,16,1,
23,46674505,76,45,
23,46675092,51,21,
23,46675236,29,4,
23,46675271,137,45,
23,46675630,4,0,
23,46675669,5,0,
23,46675853,616,329,
23,46676081,254,158,
23,46676125,3,0,
23,46676170,17,4,
23,46676264,87,108,
23,46676276,527,245,
23,46676614,13,3,
23,46676708,6,0,20
23,46676815,6,4,
23,46676861,16,2,
23,46676919,4,0,
23,46677106,231,91,
23,46677212,80,68,
23,46677436,85,32,
23,46677446,69,22,
23,46677455,17,1,
23,46677628,234,150,
23,46677907,16,7,
23,46677918,57,6,
23,46678126,12,31,
23,46678205,508,254,
23,46678224,32,21,
23,46678430,265,175,
23,46678550,162,180,
23,46679176,26,5,
23,46679253,21,1,
23,46679872,365,128,
23,46679896,144,99,
23,46679907,127,57,
23,46680212,761,764,
23,46680515,214,181,
23,46680597,107,19,
23,46680974,591,492,
23,46681153,100,58,
23,46681156,20,10,
23,46681309,23,1,
23,46681454,155,79,
23,46681587,32,9,
23,46681611,447,154,
23,46682115,70,15,
23,46682325,69,38,
23,46682518,250,131,
23,46682534,319,124,
23,46682732,80,46,
23,46682778,9,5,
23,46682802,7,3,
23,46682931,81,82,
23,46682977,17,4,
23,46682993,9,1,
23,46683070,21,5,
23,46683110,3,6,
23,46683196,4,0,
23,46683205,468,167,
23,46683301,7,0,
23,46683450,10,1,
23,46683519,182,83,
23,46683645,39,1,
23,46683752,51,80,
23,46683782,128,84,
23,46683831,46,2,
23,46683833,180,51,
23,46683838,7,0,
23,46683858,34,4,
23,46683875,19,7,
23,46683892,6,1,
23,46683947,161,180,
23,46683969,57,26,
23,46683990,8,1,
23,46684052,14,0,
23,46684056,598,197,25
23,46684097,6,1,
23,46684173,6,7,
23,46684299,6,0,
23,46684335,156,62,
23,46684350,12,2,
23,46684563,12,2,
23,46684708,118,25,
23,46684788,91,23,
23,46684815,121,97,
23,46684862,84,50,
23,46684958,223,181,
23,46685031,8,5,
23,46685317,41,1,
23,46685401,5,0,
23,46685882,10,1,
23,46686023,4,2,
23,46686131,154,70,
23,46686173,14,4,
23,46686262,6,4,
23,46686273,336,87,
23,46686294,27,26,
23,46686300,3,0,
23,46686418,161,88,
23,46686527,8,0,
23,46686607,86,236,
23,46686640,440,692,
23,46686655,360,187,
23,46686662,6,2,
23,46686674,14,0,
23,46686745,34,8,
23,46686972,106,12,
23,46687019,8,1,
23,46687240,20,3,
23,46687504,93,16,
23,46687588,149,17,
23,46687705,94,48,
23,46687841,18,9,12
23,46687925,7,0,
23,46688122,73,33,
23,46688173,102,61,
23,46688281,12,1,
23,46688413,6,0,
23,46688488,6,0,
23,46688494,21,2,
23,46688573,5,1,
23,46688804,9,5,
23,46688954,229,198,
23,46688971,472,303,
23,46689024,3,1,
23,46689065,211,76,22
23,46689204,117,145,
23,46689657,6,0,
23,46689767,10,2,
23,46689895,3,0,
23,46689901,14,2,
23,46690092,78,45,
23,46690134,32,0,
23,46690162,5,0,
23,46690295,55,60,
23,46690305,17,0,
23,46690380,20,3,
23,46690402,463,221,6
23,46690452,27,3,
23,46690498,10,1,
23,46690530,65,24,
23,46690846,3,2,
23,46690907,267,215,8
23,46690957,11,13,
23,46691222,4,3,
23,46691243,83,87,
23,46691249,7,0,
23,46691454,81,29,
23,46691500,25,0,
23,46691632,8,4,
23,46691659,30,9,
23,46691660,87,58,
23,46691835,145,108,
23,46692116,243,30,10
23,46692122,13,1,
23,46692163,3,5,
23,46692250,5,2,26
23,46692330,10,0,
23,46692347,8,2,21
23,46692368,6,0,
23,46692577,51,21,
23,46692594,577,606,23
23,46692692,10,4,19
23,46692776,8,2,
23,46692815,42,10,
23,46692837,6,0,
23,46693038,4,1,
23,46693205,328,271,17
23,46693278,7,2,
23,46693346,551,738,
23,46693728,21,5,16
23,46693792,4,4,
23,46693828,61,46,
23,46693959,68,26,12
23,46693985,6,0,
23,46694124,170,46,4
23,46694320,12,0,
23,46694378,254,184,
23,46694482,31,5,
23,46694767,13,2,17
23,46694829,9,1,
23,46694929,7,9,
23,46695415,20,12,21
23,46695458,8,1,
23,46695467,7,1,29
23,46695579,4,1,
23,46695628,289,55,2
23,46695747,69,82,
23,46695787,6,0,
23,46695821,73,78,
23,46695830,4,0,
23,46695855,43,5,
23,46695874,9,4,
23,46695978,32,20,24
23,46695986,80,7,
23,46696028,8,0,
23,46696081,12,2,
23,46696111,4,0,
23,46696238,17,3,
23,46696276,46,10,11
23,46696303,12,4,
23,46696309,3,1,
23,46696347,35,57,
23,46696357,105,78,6
23,46696636,75,42,
23,46696683,65,31,
23,46696699,52,99,9
23,46696806,4,0,
23,46696828,25,18,
23,46697075,12,0,
23,46697109,15,0,
23,46697240,4,0,
23,46697287,33,16,
23,46697289,17,3,
23,46697445,12,3,
23,46697518,6,1,
23,46697532,6,0,
23,46697543,4,0,
23,46697672,4,4,
23,46697735,5,4,
23,46697844,7,1,
23,46697908,16,9,13
23,46697953,7,0,
23,46698038,65,38,3
23,46698061,40,21,5
23,46698289,6,1,
23,46698301,9,4,
23,46698370,21,13,8
23,46698457,9,0,
23,46698469,13,2,7
23,46698505,4,0,
23,46698538,7,2,
23,46698539,17,8,
23,46698623,6,0,9
23,46698660,140,60,1
23,46698687,56,46,3
23,46698723,14,2,
23,46698734,7,1,
