hour,id,score,comments,best_rank
0,46666777,133,26,
0,46666963,144,58,
0,46667039,17,2,
0,46667277,25,5,
0,46667336,34,4,
0,46667397,58,75,
0,46667545,82,31,
0,46667572,230,286,
0,46667849,77,32,
0,46668247,64,73,
0,46668780,43,14,
0,46668841,4,0,25
0,46669001,127,60,
0,46669663,190,88,
0,46670024,772,260,
0,46670181,150,42,
0,46670279,450,141,
0,46670503,30,5,
0,46670524,514,498,
0,46671191,15,0,
0,46671286,42,63,
0,46671323,6,0,
0,46671731,694,698,
0,46672150,381,121,
0,46672713,537,372,
0,46672957,47,28,
0,46673216,77,48,
0,46673453,275,261,
0,46674416,153,68,
0,46674433,219,72,
0,46674482,57,6,
0,46675030,86,75,
0,46675271,139,45,
0,46675583,104,95,
0,46675630,165,136,
0,46675669,85,22,
0,46675745,73,14,
0,46675853,635,339,
0,46676061,97,30,
0,46676081,264,168,
0,46676125,212,141,
0,46676264,89,112,
0,46676276,536,247,
0,46676324,10,6,
0,46676629,18,3,
0,46676708,73,12,
0,46676861,107,56,
0,46676919,38,36,
0,46677221,6,3,
0,46677583,141,99,
0,46677628,248,158,
0,46677918,60,6,
0,46678550,169,183,
0,46679737,27,0,
0,46679802,95,10,
0,46679872,376,134,
0,46679907,132,61,
0,46680515,231,186,
0,46680597,114,19,
0,46680974,617,510,
0,46681309,57,1,
0,46681431,33,7,
0,46681454,161,80,
0,46681611,464,159,
0,46682011,24,4,
0,46682115,75,15,
0,46682518,257,139,
0,46682534,327,126,
0,46682732,92,51,
0,46682975,11,1,
0,46683645,41,1,
0,46683947,164,188,
0,46684056,626,198,
0,46684097,32,10,
0,46684299,46,3,
0,46684458,7,1,
0,46684708,127,26,
0,46684789,9,1,
0,46684815,133,106,
0,46684862,89,51,
0,46684958,231,202,
0,46685064,34,8,
0,46685317,118,13,
0,46686131,173,79,
0,46686273,348,92,
0,46686402,465,228,
0,46686418,181,108,
0,46686607,89,252,
0,46686640,470,725,
0,46686655,404,209,
0,46686745,35,10,
0,46686972,113,13,
0,46687504,96,18,
0,46687588,154,18,
0,46687603,35,9,
0,46687705,98,51,
0,46687841,56,65,
0,46688101,47,37,
0,46688133,50,9,
0,46688173,123,65,
0,46688191,27,5,
0,46688229,46,99,
0,46688521,10,3,21
0,46688954,255,209,
0,46688971,523,334,
0,46689065,239,83,
0,46689342,34,11,
0,46689631,114,26,
0,46689834,27,3,
0,46690092,93,52,
0,46690402,598,307,
0,46690530,78,27,
0,46690779,54,4,15
0,46690907,347,258,
0,46691108,284,225,
0,46691243,452,450,
0,46691454,99,36,
0,46691660,98,72,
0,46691835,194,146,
0,46692116,425,68,
0,46692347,36,9,
0,46692594,773,801,
0,46693205,454,373,
0,46693346,627,840,
0,46693959,213,70,
0,46694124,255,82,
0,46694618,275,83,
0,46694929,18,17,
0,46695415,118,65,
0,46695467,26,7,
0,46695628,565,112,
0,46695747,102,121,
0,46695874,15,6,
0,46695978,55,28,
0,46695986,102,13,
0,46696081,21,5,
0,46696111,15,11,
0,46696276,163,35,
0,46696283,192,62,
0,46696300,196,93,
0,46696303,315,556,
0,46696309,43,8,
0,46696357,253,168,
0,46696683,91,55,
0,46696699,127,223,
0,46697075,33,1,
0,46697518,19,3,
0,46697735,20,28,
0,46697908,134,44,
0,46698061,262,152,
0,46698370,193,80,
0,46698469,46,5,
0,46698623,55,19,
0,46698660,455,257,
0,46698684,12,0,
0,46699072,187,145,
0,46699260,26,8,
0,46699324,32,14,
0,46699597,43,22,
0,46700384,8,2,3
0,46700503,257,56,
0,46700594,632,369,
0,46700809,155,115,
0,46701114,106,65,
0,46701373,10,0,
0,46701672,21,11,
0,46701733,431,264,
0,46701969,208,144,
0,46702099,232,159,
0,46702272,14,1,
0,46702411,258,345,
0,46702980,36,7,
0,46703301,275,136,
0,46703317,185,19,
0,46703763,763,721,
0,46704223,136,407,
0,46704310,109,55,
0,46704555,254,182,
0,46704943,148,115,
0,46705134,24,33,20
0,46705201,262,80,
0,46705256,209,179,
0,46705512,19,1,
0,46705676,136,77,
0,46705715,229,105,
0,46705830,27,9,
0,46705911,7,0,
0,46705952,128,163,
0,46706001,8,15,
0,46706528,664,212,
0,46706564,28,8,
0,46706668,67,31,
0,46706796,59,74,
0,46706906,510,224,
0,46706947,183,86,
0,46707117,5,1,
0,46707409,12,5,
0,46707464,12,5,
0,46707572,576,696,
0,46707708,74,5,
0,46707904,35,14,
0,46708032,242,156,
0,46708055,76,19,
0,46708060,105,72,
0,46708096,116,27,
0,46708351,67,20,
0,46708458,39,5,
0,46708592,60,14,
0,46708601,199,66,
0,46708678,480,257,
0,46708766,87,16,
0,46708990,46,6,
0,46709007,24,15,
0,46709179,302,91,
0,46709249,8,0,
0,46709320,98,129,
0,46709543,204,110,
0,46709548,136,109,
0,46709727,407,103,
0,46709903,9,2,
0,46710042,62,35,
0,46710375,9,0,
0,46710560,26,10,
0,46710569,48,16,
0,46710756,45,16,
0,46711171,18,3,
0,46711380,189,152,
0,46711574,332,348,
0,46711649,145,88,
0,46712547,64,10,
0,46712678,691,495,
0,46712790,21,3,
0,46712815,179,66,
0,46713055,5,0,
0,46713106,528,151,
0,46713387,141,56,
0,46713444,158,131,
0,46713473,26,24,
0,46713526,289,297,
0,46713704,84,68,
0,46713924,438,506,
0,46713929,283,405,
0,46714673,18,2,
0,46714916,31,10,
0,46715600,287,84,
0,46715766,37,13,
0,46715798,3,0,
0,46716016,8,3,
0,46716469,268,190,
0,46716560,73,100,
0,46716696,97,56,
0,46716806,45,13,
0,46717226,11,9,
0,46717409,7,0,
0,46717442,133,60,
0,46717472,10,0,
0,46717507,167,111,
0,46717536,33,5,
0,46717556,934,604,
0,46717848,4,0,
0,46717960,205,157,
0,46718061,302,143,
0,46718086,70,105,
0,46718299,58,102,
0,46718330,36,18,
0,46718366,29,8,
0,46718485,157,208,
0,46718869,27,5,
0,46719222,547,544,
0,46719229,721,223,
0,46719363,9,11,
0,46719423,88,47,
0,46719465,97,67,
0,46719489,73,65,
0,46719491,706,763,
0,46719774,5,5,
0,46719899,260,68,
0,46720276,3,0,
0,46720395,931,502,
0,46720987,9,1,
0,46721019,52,69,
0,46721179,300,81,
0,46721388,17,8,
0,46721418,86,164,
0,46721452,115,113,
0,46721474,86,35,
0,46721488,153,24,
0,46721653,27,7,
0,46721703,75,25,
0,46721802,1297,239,
0,46721855,5,0,
0,46721933,47,17,
0,46721960,6,1,
0,46722038,70,123,
0,46722074,74,14,
0,46722143,20,2,
0,46722188,60,14,
0,46722284,6,3,
0,46722285,44,24,
0,46722570,222,20,
0,46722853,145,74,
0,46723183,47,12,
0,46723190,60,31,
0,46723384,735,628,
0,46723478,3,0,
0,46723694,129,58,
0,46723859,31,6,
0,46723898,28,4,
0,46723990,651,352,
0,46724039,12,0,
0,46724470,21,12,
0,46724542,11,1,
0,46724544,25,4,
0,46724565,47,5,
0,46724567,10,5,
0,46724675,38,15,
0,46724743,15,4,
0,46725268,195,30,
0,46725288,380,351,
0,46725300,327,132,
0,46725389,73,20,
0,46725571,16,0,
0,46725578,22,2,
0,46725632,134,73,
0,46725804,26,20,
0,46725867,12,1,
0,46726016,8,10,
0,46726259,25,32,
0,46726310,10,11,
0,46726526,147,34,
0,46726593,9,0,
0,46726808,15,0,
0,46726820,50,36,
0,46726857,243,150,
0,46726907,39,36,
0,46726916,119,36,
0,46726959,46,1,
0,46727135,10,1,
0,46727424,19,6,
0,46727587,1053,507,
0,46727856,16,0,
0,46727862,53,11,
0,46727992,24,10,
0,46728070,5,1,
0,46728109,7,0,
0,46728151,8,1,
0,46728157,157,159,
0,46728197,175,141,
0,46728385,42,21,
0,46728421,10,6,
0,46728659,3,3,
0,46728680,119,39,
0,46728698,29,22,
0,46728766,7,8,
0,46728781,51,20,
0,46728808,470,103,
0,46728950,32,11,
0,46729214,5,0,
0,46729280,20,8,
0,46729368,539,413,
0,46729866,25,7,
0,46729874,13,2,
0,46730071,10,4,
0,46730214,180,127,
0,46730233,40,20,
0,46730346,99,47,
0,46730436,226,185,
0,46730504,497,271,
0,46730671,93,92,
0,46730826,10,0,
0,46730885,343,117,
0,46730926,14,4,
0,46730995,48,46,
0,46731068,235,60,
0,46731345,9,2,
0,46731432,270,87,
0,46731498,14,3,
0,46731513,4,1,
0,46731612,80,33,
0,46731638,10,9,
0,46731694,59,27,
0,46731748,259,274,
0,46731964,3,1,
0,46731976,759,473,
0,46731996,243,86,
0,46732213,278,137,
0,46732242,29,1,
0,46732555,47,9,
0,46732929,7,0,
0,46732967,255,112,
0,46733301,84,20,
0,46733522,27,20,
0,46733624,233,321,
0,46733899,23,4,
0,46733905,11,9,
0,46734069,8,16,
0,46734194,15,32,
0,46734300,6,2,
0,46734302,387,410,
0,46734469,10,6,
0,46734608,3,0,
0,46735022,57,10,
0,46735133,104,14,
0,46735139,97,43,
0,46735179,91,25,
0,46735231,29,15,
0,46735308,44,36,
0,46735489,161,61,
0,46735511,462,303,
0,46735545,997,631,
0,46735616,237,59,
0,46735644,290,155,
0,46735649,13,0,
0,46735963,15,6,
0,46736042,6,0,
0,46736048,109,148,
0,46736091,185,175,
0,46736138,9,0,
0,46736207,5,1,
0,46736217,6,4,
0,46736279,9,0,
0,46736329,11,2,
0,46736398,9,4,
0,46736607,4,1,
0,46736653,21,6,
0,46736682,7,8,
0,46736683,333,345,
0,46736894,4,0,
0,46736904,5,0,
0,46736978,7,1,
0,46737076,32,10,
0,46737136,9,2,
0,46737202,84,24,19
0,46737236,8,1,
0,46737447,225,231,
0,46737467,20,8,
0,46737519,3,0,
0,46737630,429,197,
0,46737865,55,13,
0,46737904,8,1,
0,46737957,120,21,
0,46737964,14,0,
0,46738151,8,0,
0,46738241,13,9,
0,46738243,6,0,
0,46738297,8,5,
0,46738698,12,3,
0,46738809,4,1,
0,46738853,69,52,
0,46739043,32,3,
0,46739075,9,1,
0,46739078,137,100,
0,46739107,10,4,
0,46739210,4,0,
0,46739257,5,0,
0,46739364,14,0,
0,46739621,20,1,
0,46739690,17,14,
0,46739781,6,0,
0,46739802,5,8,
0,46739921,4,1,
0,46739922,16,3,
0,46740029,332,201,
0,46740189,8,0,
0,46740280,41,27,
0,46740548,68,26,
0,46740584,12,0,
0,46740644,107,90,
0,46740705,18,4,30
0,46740748,150,62,
0,46740974,23,7,
0,46740997,5,1,
0,46741123,4,8,
0,46741347,6,0,
0,46741472,25,8,30
0,46741482,93,30,
0,46741606,7,2,
0,46741711,4,3,
0,46741801,18,5,
0,46741923,39,13,18
0,46741929,44,37,
0,46741989,10,1,
0,46742035,4,0,
0,46742044,7,1,
0,46742074,3,0,
0,46742261,8,5,
0,46742298,4,1,
0,46742362,413,238,6
0,46742389,392,243,13
0,46742405,17,8,
0,46742431,13,0,
0,46742432,173,115,
0,46742448,3,0,
0,46742464,4,0,
0,46742472,6,0,
0,46742618,17,2,
0,46742635,152,98,
0,46742682,3,0,
0,46742800,5,5,
0,46742828,35,33,
0,46742885,8,0,
0,46742902,3,2,
0,46742935,5,2,
0,46742992,3,0,
0,46743154,429,272,25
0,46743199,6,0,
0,46743219,59,107,
0,46743328,58,80,
0,46743466,11,1,
0,46743729,4,0,
0,46743867,26,47,
0,46743883,3,0,
0,46743887,9,1,
0,46743908,279,206,7
0,46743951,17,2,
0,46743958,8,0,
0,46744094,11,2,
0,46744125,26,4,
0,46744569,28,3,24
0,46744572,111,118,
0,46744647,72,18,5
0,46744807,120,84,11
0,46744843,5,3,
0,46744856,9,2,
0,46744938,6,1,
0,46744952,7,1,
0,46744968,96,112,
0,46744999,4,1,
0,46745138,19,0,
0,46745150,17,2,
0,46745228,45,0,
0,46745233,171,66,28
0,46745259,130,11,
0,46745459,6,0,
0,46745480,4,0,
0,46745831,11,5,
0,46745922,117,59,3
0,46745998,74,102,
0,46746034,3,0,
0,46746096,13,15,
0,46746239,3,4,
0,46746242,15,5,
0,46746266,32,11,17
0,46746288,6,5,
0,46746476,376,229,1
0,46746477,9,1,
0,46746517,36,9,22
0,46746543,17,3,
0,46746554,6,3,
0,46746570,55,11,16
0,46746681,63,13,12
0,46746700,13,0,
0,46746742,9,2,
0,46746792,7,0,
0,46746829,6,2,
0,46746900,22,3,23
0,46746946,108,96,
0,46747022,19,21,
0,46747078,13,0,
0,46747099,3,8,
0,46747119,112,37,2
0,46747213,16,8,
0,46747299,7,3,
0,46747351,7,1,
0,46747366,196,72,8
0,46747403,8,2,
0,46747458,3,1,
0,46747511,4,0,
0,46747633,10,1,
0,46747686,12,1,
0,46747777,29,14,4
0,46747827,105,19,9
0,46747849,6,0,
0,46747851,10,1,
0,46748071,22,10,
0,46748077,25,11,9
0,46748101,10,0,
0,46748106,9,0,
0,46748112,9,0,
0,46748333,6,0,
0,46748336,62,16,21
0,46748340,3,0,
0,46748404,12,0,
0,46748551,7,3,
0,46748603,74,115,27
0,46748607,8,4,
0,46748771,98,58,5
1,46686607,89,252,
1,46686640,470,725,
1,46686655,404,209,
1,46686745,35,10,
1,46686972,113,13,
1,46687504,96,18,
1,46687588,154,18,
1,46687603,35,9,
1,46687705,98,51,
1,46687841,56,65,
1,46688101,47,37,
1,46688133,50,9,
1,46688173,123,65,
1,46688191,28,5,
1,46688229,46,99,
1,46688521,12,4,23
1,46688954,255,209,
1,46688971,523,334,
1,46689065,239,83,
1,46689342,35,11,
1,46689631,115,26,
1,46689834,27,3,
1,46690092,93,52,
1,46690402,598,307,
1,46690530,78,27,
1,46690779,56,4,18
1,46690907,347,258,
1,46691108,286,230,
1,46691243,452,450,
1,46691454,99,36,
1,46691660,98,72,
1,46691835,194,146,
1,46692116,425,68,
1,46692347,36,9,
1,46692594,773,801,
1,46693205,454,373,
1,46693346,627,840,
1,46693959,213,70,
1,46694124,255,82,
1,46694618,275,83,
1,46694929,18,17,
1,46695415,118,65,
1,46695467,26,7,
1,46695628,565,112,
1,46695747,102,121,
1,46695874,15,6,
1,46695978,55,28,
1,46695986,102,13,
1,46696081,21,5,
1,46696111,15,11,
1,46696276,163,35,
1,46696283,196,63,
1,46696300,196,93,
1,46696303,315,556,
1,46696309,43,8,
1,46696357,253,168,
1,46696683,91,55,
1,46696699,127,223,
1,46697075,33,1,
1,46697518,19,3,
1,46697735,20,28,
1,46697876,5,0,21
1,46697908,134,44,
1,46698061,262,152,
1,46698370,193,80,
1,46698469,46,5,
1,46698623,55,19,
1,46698660,455,257,
1,46698684,12,0,
1,46699072,187,145,
1,46699260,26,8,
1,46699324,32,14,
1,46699597,43,22,
1,46700384,13,3,5
1,46700503,257,56,
1,46700594,632,369,
1,46700809,155,115,
1,46701114,106,65,
1,46701373,10,0,
1,46701672,21,11,
1,46701733,431,264,
1,46701969,208,144,
1,46702099,232,159,
1,46702272,14,1,
1,46702411,258,345,
1,46702980,36,7,
1,46703301,275,136,
1,46703317,185,19,
1,46703763,763,721,
1,46704223,136,407,
1,46704310,109,55,
1,46704555,254,182,
1,46704943,148,115,
1,46705134,25,43,
1,46705201,262,80,
1,46705512,19,1,
1,46705676,136,77,
1,46705715,229,105,
1,46705830,27,9,
1,46705911,7,0,
1,46705952,128,163,
1,46706001,8,15,
1,46706528,664,212,
1,46706564,28,8,
1,46706668,67,31,
1,46706796,59,74,
1,46706906,510,224,
1,46706947,183,86,
1,46707117,5,1,
1,46707409,12,5,
1,46707464,12,5,
1,46707572,576,696,
1,46707708,74,5,
1,46707904,35,14,
1,46708032,242,156,
1,46708055,76,19,
1,46708060,105,72,
1,46708096,116,27,
1,46708351,67,20,
1,46708458,39,5,
1,46708592,60,14,
1,46708601,199,66,
1,46708678,480,257,
1,46708766,87,16,
1,46708990,46,6,
1,46709007,24,15,
1,46709179,302,91,
1,46709249,8,0,
1,46709320,98,129,
1,46709543,204,110,
1,46709548,136,109,
1,46709727,407,103,
1,46709903,9,2,
1,46710042,62,35,
1,46710375,9,0,
1,46710560,26,10,
1,46710569,48,16,
1,46710756,45,16,
1,46711171,18,3,
1,46711380,189,152,
1,46711574,332,348,
1,46711649,145,88,
1,46712547,64,10,
1,46712678,692,495,
1,46712790,21,3,
1,46712815,179,66,
1,46713055,5,0,
1,46713106,528,151,
1,46713387,141,56,
1,46713444,158,131,
1,46713473,27,24,
1,46713526,289,297,
1,46713704,84,68,
1,46713924,438,506,
1,46713929,283,405,
1,46714673,18,2,
1,46714916,31,10,
1,46715600,287,84,
1,46715766,37,13,
1,46715798,3,0,
1,46716016,8,3,
1,46716469,268,190,
1,46716560,73,100,
1,46716696,97,56,
1,46716806,45,13,
1,46717226,11,9,
1,46717409,7,0,
1,46717442,133,60,
1,46717472,10,0,
1,46717507,167,111,
1,46717536,33,5,
1,46717556,935,604,
1,46717848,4,0,
1,46717960,205,157,
1,46718061,302,143,
1,46718086,70,105,
1,46718299,58,102,
1,46718330,36,18,
1,46718366,29,8,
1,46718485,157,208,
1,46718869,27,5,
1,46719222,547,544,
1,46719229,722,223,
1,46719363,9,11,
1,46719423,88,47,
1,46719465,97,67,
1,46719489,73,66,
1,46719491,706,763,
1,46719774,5,5,
1,46719899,260,68,
1,46720276,3,0,
1,46720395,931,502,
1,46720987,9,1,
1,46721019,52,69,
1,46721179,300,81,
1,46721388,17,8,
1,46721418,86,164,
1,46721452,115,113,
1,46721474,86,35,
1,46721488,154,24,
1,46721653,27,7,
1,46721703,75,25,
1,46721802,1297,239,
1,46721855,5,0,
1,46721933,47,17,
1,46721960,6,1,
1,46722038,70,123,
1,46722074,74,14,
1,46722143,20,2,
1,46722188,60,14,
1,46722284,6,3,
1,46722285,44,24,
1,46722570,222,20,
1,46722853,145,74,
1,46723183,47,12,
1,46723190,60,31,
1,46723384,735,628,
1,46723478,3,0,
1,46723694,129,58,
1,46723859,31,6,
1,46723898,28,4,
1,46723990,651,352,
1,46724039,12,0,
1,46724470,21,12,
1,46724542,11,1,
1,46724544,25,4,
1,46724565,47,5,
1,46724567,10,5,
1,46724675,38,15,
1,46724743,15,4,
1,46725268,195,30,
1,46725288,380,351,
1,46725300,328,132,
1,46725389,73,20,
1,46725571,16,0,
1,46725578,22,2,
1,46725632,134,73,
1,46725804,26,20,
1,46725867,12,1,
1,46726016,8,10,
1,46726259,25,32,
1,46726526,147,34,
1,46726808,15,0,
1,46726820,50,36,
1,46726857,243,150,
1,46726907,39,36,
1,46726916,120,36,
1,46726959,46,1,
1,46727135,10,1,
1,46727424,19,6,
1,46727587,1055,508,
1,46727856,16,0,
1,46727862,53,11,
1,46727992,24,10,
1,46728070,5,1,
1,46728109,7,0,
1,46728151,8,1,
1,46728157,157,159,
1,46728197,175,141,
1,46728385,42,21,
1,46728421,10,6,
1,46728659,3,3,
1,46728680,119,39,
1,46728698,29,22,
1,46728766,7,8,
1,46728781,51,20,
1,46728808,470,103,
1,46728950,32,11,
1,46729280,20,8,
1,46729368,539,413,
1,46729866,25,7,
1,46729874,13,2,
1,46730071,10,4,
1,46730214,180,128,
1,46730233,40,20,
1,46730346,99,47,
1,46730436,227,185,
1,46730504,498,271,
1,46730671,93,92,
1,46730826,12,0,
1,46730885,343,117,
1,46730926,14,4,
1,46730995,48,46,
1,46731068,235,60,
1,46731345,9,2,
1,46731432,270,88,
1,46731498,14,3,
1,46731513,4,1,
1,46731612,80,33,
1,46731638,10,9,
1,46731694,59,27,
1,46731748,259,274,
1,46731964,3,1,
1,46731976,759,474,
1,46731996,243,86,
1,46732213,279,137,
1,46732242,30,1,
1,46732555,47,9,
1,46732929,7,0,
1,46732967,255,112,
1,46733301,84,20,
1,46733522,27,22,
1,46733624,235,322,
1,46733899,23,4,
1,46733905,11,9,
1,46734069,8,16,
1,46734194,15,32,
1,46734300,6,2,
1,46734302,387,412,
1,46734469,10,6,
1,46734608,3,0,
1,46735022,59,10,
1,46735133,105,14,
1,46735139,97,44,
1,46735179,91,25,
1,46735231,29,15,
1,46735308,44,36,
1,46735489,162,61,
1,46735511,462,304,
1,46735545,1002,633,
1,46735616,238,59,
1,46735644,290,156,
1,46735649,13,0,
1,46735963,15,6,
1,46736042,6,0,
1,46736048,109,148,
1,46736091,185,175,
1,46736138,9,0,
1,46736207,5,1,
1,46736217,6,4,
1,46736279,9,0,
1,46736329,11,2,
1,46736398,9,4,
1,46736607,4,1,
1,46736653,21,6,
1,46736682,7,8,
1,46736683,333,349,
1,46736894,4,0,
1,46736904,5,0,
1,46736978,7,1,
1,46737076,32,10,
1,46737136,9,2,
1,46737202,90,25,22
1,46737236,8,1,
1,46737447,225,231,
1,46737467,20,8,
1,46737519,3,0,
1,46737630,430,198,
1,46737865,55,13,
1,46737904,8,1,
1,46737957,120,22,
1,46737964,14,0,
1,46738151,8,0,
1,46738241,13,9,
1,46738243,6,0,
1,46738297,8,5,
1,46738698,12,3,
1,46738809,4,1,
1,46738853,69,52,
1,46739043,32,3,
1,46739075,9,1,
1,46739078,137,100,
1,46739107,10,4,
1,46739210,4,0,
1,46739257,5,0,
1,46739364,14,0,
1,46739621,20,1,
1,46739690,17,14,
1,46739781,6,0,
1,46739802,5,8,
1,46739921,5,1,
1,46739922,16,3,
1,46740029,335,202,
1,46740189,8,0,
1,46740280,41,27,
1,46740548,68,26,
1,46740584,12,0,
1,46740644,107,91,
1,46740705,19,9,
1,46740748,150,62,
1,46740974,23,7,
1,46740997,5,1,
1,46741123,4,8,
1,46741347,6,0,
1,46741472,28,8,29
1,46741482,94,30,
1,46741606,7,2,
1,46741711,4,3,
1,46741801,18,5,
1,46741923,43,14,20
1,46741929,45,37,
1,46741989,10,1,
1,46742035,4,0,
1,46742044,7,1,
1,46742074,3,0,
1,46742261,8,5,
1,46742298,4,1,
1,46742362,425,243,7
1,46742389,404,248,12
1,46742405,17,8,
1,46742431,13,0,
1,46742432,173,116,
1,46742448,3,0,
1,46742472,6,0,
1,46742618,17,2,
1,46742635,153,98,
1,46742682,3,0,
1,46742800,5,5,
1,46742828,35,34,
1,46742885,8,0,
1,46742902,3,2,
1,46742935,5,2,
1,46742992,3,0,
1,46743154,444,281,27
1,46743199,6,0,
1,46743219,60,107,
1,46743328,59,80,
1,46743466,13,1,
1,46743729,4,0,
1,46743867,26,47,
1,46743883,3,0,
1,46743887,9,1,
1,46743908,295,218,8
1,46743951,17,2,
1,46743958,9,0,
1,46744094,11,2,
1,46744125,26,4,
1,46744569,28,3,26
1,46744572,111,118,
1,46744647,76,21,6
1,46744807,129,92,13
1,46744843,6,3,
1,46744856,9,2,
1,46744938,6,1,
1,46744952,7,1,
1,46744968,96,114,
1,46744999,4,1,
1,46745138,21,0,
1,46745150,19,2,
1,46745228,46,0,
1,46745233,178,72,30
1,46745259,131,12,
1,46745459,8,0,
1,46745480,4,0,
1,46745831,11,5,
1,46745922,122,67,4
1,46745998,76,105,
1,46746034,3,0,
1,46746061,3,0,
1,46746096,14,15,
1,46746231,13,2,
1,46746239,3,4,
1,46746242,15,5,
1,46746266,37,13,17
1,46746288,6,5,
1,46746297,3,1,
1,46746476,391,247,1
1,46746477,9,1,
1,46746517,39,9,28
1,46746543,18,3,
1,46746554,6,3,
1,46746570,56,12,19
1,46746650,5,0,
1,46746681,67,17,14
1,46746700,14,1,
1,46746742,9,2,
1,46746792,7,0,
1,46746829,6,2,
1,46746900,26,6,25
1,46746946,110,97,
1,46747022,20,21,
1,46747078,14,0,
1,46747099,3,8,
1,46747119,123,41,3
1,46747213,17,9,
1,46747299,7,3,
1,46747351,7,1,
1,46747366,207,73,11
1,46747403,9,2,
1,46747458,3,1,
1,46747511,4,0,
1,46747633,10,1,
1,46747686,12,1,
1,46747777,29,15,
1,46747827,126,33,9
1,46747849,6,0,
1,46747851,13,2,
1,46748071,23,11,
1,46748077,40,40,10
1,46748101,10,0,
1,46748106,10,0,
1,46748112,9,0,
1,46748333,6,0,
1,46748336,69,20,
1,46748340,3,0,
1,46748404,14,0,
1,46748551,9,3,
1,46748559,7,0,
1,46748603,82,121,
1,46748607,9,5,
1,46748659,4,2,
1,46748771,133,103,24
1,46749053,44,10,2
1,46749198,15,0,16
1,46749261,12,0,
1,46749319,15,5,
1,46749508,9,1,
1,46749511,3,0,
1,46749636,6,0,
1,46749671,3,0,
1,46749684,3,0,
2,46686607,89,252,
2,46686640,470,725,
2,46686655,404,209,
2,46686745,35,10,
2,46686972,113,13,
2,46687504,96,18,
2,46687588,154,18,
2,46687603,36,9,
2,46687705,98,51,
2,46687841,56,65,
2,46688101,47,37,
2,46688133,50,9,
2,46688173,123,65,
2,46688191,28,5,
2,46688229,46,99,
2,46688521,14,5,28
2,46688954,255,209,
2,46688971,523,334,
2,46689065,239,83,
2,46689342,35,14,
2,46689631,116,27,
2,46689834,27,3,
2,46690092,93,52,
2,46690402,598,307,
2,46690530,78,27,
2,46690779,59,5,16
2,46690907,347,258,
2,46691108,289,231,
2,46691243,452,450,
2,46691454,99,36,
2,46691660,98,72,
2,46691835,194,146,
2,46692116,425,68,
2,46692347,36,9,
2,46692594,773,801,
2,46693205,454,373,
2,46693346,627,838,
2,46693959,213,70,
2,46694124,255,82,
2,46694618,276,84,
2,46694929,18,17,
2,46695415,118,65,
2,46695467,26,7,
2,46695628,565,112,
2,46695747,102,121,
2,46695874,15,6,
2,46695978,55,28,
2,46695986,102,13,
2,46696081,21,5,
2,46696111,15,11,
2,46696276,163,35,
2,46696283,198,63,
2,46696300,196,93,
2,46696303,315,556,
2,46696309,43,8,
2,46696357,253,168,
2,46696683,91,55,
2,46696699,127,223,
2,46697075,33,1,
2,46697518,19,3,
2,46697735,20,28,
2,46697876,12,0,23
2,46697908,134,44,
2,46698061,262,152,
2,46698370,193,80,
2,46698469,46,5,
2,46698623,55,19,
2,46698660,455,257,
2,46698684,12,0,
2,46699072,187,145,
2,46699260,26,8,
2,46699324,32,14,
2,46699597,43,22,
2,46700384,15,4,9
2,46700503,258,56,
2,46700594,632,369,
2,46700809,155,115,
2,46701114,106,65,
2,46701373,10,0,
2,46701672,21,11,
2,46701733,431,264,
2,46701969,208,144,
2,46702099,232,159,
2,46702272,14,1,
2,46702411,258,345,
2,46702980,36,7,
2,46703301,275,136,
2,46703317,185,19,
2,46703763,763,721,
2,46704223,136,407,
2,46704310,109,55,
2,46704555,254,182,
2,46704943,148,115,
2,46705134,25,47,
2,46705201,262,80,
2,46705512,19,1,
2,46705676,136,77,
2,46705715,229,105,
2,46705830,27,9,
2,46705952,128,163,
2,46706001,8,15,
2,46706528,664,212,
2,46706564,28,8,
2,46706668,67,31,
2,46706796,59,74,
2,46706906,510,224,
2,46706947,183,86,
2,46707117,5,1,
2,46707409,12,5,
2,46707464,12,5,
2,46707572,576,696,
2,46707708,74,5,
2,46707904,35,14,
2,46708032,242,156,
2,46708055,76,19,
2,46708060,105,72,
2,46708096,116,27,
2,46708351,67,20,
2,46708458,39,5,
2,46708592,60,14,
2,46708601,200,66,
2,46708678,480,257,
2,46708766,87,16,
2,46708990,46,6,
2,46709007,24,15,
2,46709179,303,91,
2,46709249,8,0,
2,46709320,98,129,
2,46709543,204,110,
2,46709548,136,109,
2,46709727,407,103,
2,46709903,9,2,
2,46710042,62,35,
2,46710375,9,0,
2,46710560,26,10,
2,46710569,48,16,
2,46710756,45,16,
2,46711171,18,3,
2,46711380,189,152,
2,46711574,332,348,
2,46711649,145,88,
2,46712547,64,10,
2,46712678,694,496,
2,46712790,21,3,
2,46712815,179,66,
2,46713055,5,0,
2,46713106,528,151,
2,46713387,141,56,
2,46713444,158,130,
2,46713473,27,24,
2,46713526,289,297,
2,46713704,84,68,
2,46713924,438,506,
2,46713929,283,405,
2,46714673,18,2,
2,46714916,31,10,
2,46715600,287,84,
2,46715766,38,13,
2,46715798,3,0,
2,46716016,8,3,
2,46716469,268,190,
2,46716560,73,100,
2,46716696,97,56,
2,46716806,45,13,
2,46717226,11,9,
2,46717409,7,0,
2,46717442,133,60,
2,46717472,10,0,
2,46717507,167,111,
2,46717536,33,5,
2,46717556,935,604,
2,46717848,4,0,
2,46717960,205,157,
2,46718061,302,143,
2,46718086,70,105,
2,46718299,58,102,
2,46718330,36,18,
2,46718366,29,8,
2,46718485,157,208,
2,46718869,27,5,
2,46719222,547,544,
2,46719229,724,223,
2,46719363,9,11,
2,46719423,89,47,
2,46719465,97,68,
2,46719489,73,66,
2,46719491,707,763,
2,46719774,5,5,
2,46719899,260,68,
2,46720276,3,0,
2,46720395,932,502,
2,46720987,9,1,
2,46721019,52,69,
2,46721179,301,81,
2,46721388,17,8,
2,46721418,86,164,
2,46721421,8,6,12
2,46721452,115,113,
2,46721474,86,35,
2,46721488,154,24,
2,46721653,27,7,
2,46721703,75,25,
2,46721802,1297,239,
2,46721855,5,0,
2,46721933,47,17,
2,46721960,6,1,
2,46722038,70,123,
2,46722074,74,14,
2,46722143,20,2,
2,46722188,60,14,
2,46722284,6,3,
2,46722285,44,24,
2,46722570,222,20,
2,46722853,145,74,
2,46723183,47,12,
2,46723190,60,31,
2,46723384,735,628,
2,46723478,3,0,
2,46723694,130,58,
2,46723859,31,6,
2,46723898,28,4,
2,46723990,653,352,
2,46724039,12,0,
2,46724470,21,12,
2,46724542,11,1,
2,46724544,25,4,
2,46724565,47,5,
2,46724567,10,5,
2,46724675,38,15,
2,46724743,15,4,
2,46725268,195,30,
2,46725288,380,352,
2,46725300,329,132,
2,46725389,73,20,
2,46725578,22,2,
2,46725632,134,73,
2,46725804,26,20,
2,46725867,12,1,
2,46726016,8,10,
2,46726259,25,32,
2,46726526,147,34,
2,46726808,15,0,
2,46726820,51,38,
2,46726857,243,150,
2,46726907,39,36,
2,46726916,122,36,
2,46726959,46,1,
2,46727135,10,1,
2,46727424,19,6,
2,46727587,1060,508,
2,46727856,16,0,
2,46727862,53,11,
2,46727992,24,10,
2,46728070,5,1,
2,46728109,7,0,
2,46728151,8,1,
2,46728157,158,159,
2,46728197,175,141,
2,46728385,42,21,
2,46728421,10,6,
2,46728659,3,3,
2,46728680,119,39,
2,46728698,29,22,
2,46728766,7,8,
2,46728781,51,20,
2,46728808,470,103,
2,46728950,32,11,
2,46729280,20,8,
2,46729368,541,413,
2,46729866,25,7,
2,46729874,13,2,
2,46730071,10,4,
2,46730214,181,128,
2,46730233,40,20,
2,46730346,99,47,
2,46730436,227,185,
2,46730504,498,271,
2,46730671,93,92,
2,46730826,12,0,
2,46730885,343,117,
2,46730926,14,4,
2,46730995,48,46,
2,46731068,236,60,
2,46731432,272,88,
2,46731498,14,3,
2,46731513,4,1,
2,46731612,80,33,
2,46731638,10,9,
2,46731694,59,27,
2,46731748,259,275,
2,46731964,3,1,
2,46731976,759,474,
2,46731996,243,86,
2,46732213,279,138,
2,46732242,30,1,
2,46732555,47,9,
2,46732929,7,0,
2,46732967,256,112,
2,46733301,84,20,
2,46733522,27,22,
2,46733624,236,323,
2,46733899,23,4,
2,46733905,11,9,
2,46734069,8,16,
2,46734194,15,32,
2,46734300,6,2,
2,46734302,387,412,
2,46734469,10,6,
2,46734608,3,0,
2,46735022,59,10,
2,46735133,105,14,
2,46735139,97,44,
2,46735179,91,25,
2,46735231,29,15,
2,46735308,44,36,
2,46735489,162,61,
2,46735511,463,304,
2,46735545,1004,633,
2,46735616,238,59,
2,46735644,290,156,
2,46735649,13,0,
2,46735963,15,6,
2,46736048,109,148,
2,46736091,185,175,
2,46736138,9,0,
2,46736217,6,4,
2,46736279,9,0,
2,46736329,11,2,
2,46736607,4,1,
2,46736653,21,6,
2,46736682,7,8,
2,46736683,333,349,
2,46736894,4,0,
2,46736904,5,0,
2,46736978,7,1,
2,46737076,32,10,
2,46737136,9,2,
2,46737202,98,26,20
2,46737236,8,1,
2,46737447,225,232,
2,46737467,20,8,
2,46737519,3,0,
2,46737630,431,198,
2,46737865,55,13,
2,46737904,8,1,
2,46737957,120,22,
2,46737964,14,0,
2,46738151,8,0,
2,46738241,13,9,
2,46738243,6,0,
2,46738297,8,5,
2,46738698,12,3,
2,46738809,4,1,
2,46738853,69,52,
2,46739043,32,3,
2,46739075,9,1,
2,46739078,137,101,
2,46739107,10,4,
2,46739210,4,0,
2,46739257,5,0,
2,46739364,14,0,
2,46739621,20,1,
2,46739690,17,14,
2,46739781,6,0,
2,46739802,5,8,
2,46739921,5,1,
2,46739922,16,3,
2,46740029,336,202,
2,46740189,8,0,
2,46740280,41,27,
2,46740548,68,26,
2,46740584,12,0,
2,46740644,107,91,
2,46740705,19,10,
2,46740748,153,62,
2,46740974,24,7,
2,46740997,5,1,
2,46741123,4,8,
2,46741347,6,0,
2,46741472,33,8,27
2,46741482,96,30,
2,46741606,7,2,
2,46741711,4,3,
2,46741801,18,5,
2,46741923,46,18,18
2,46741929,45,37,
2,46741989,10,1,
2,46742035,4,0,
2,46742044,7,1,
2,46742074,3,0,
2,46742261,8,5,
2,46742298,5,1,
2,46742362,429,245,30
2,46742389,415,253,11
2,46742405,18,8,
2,46742431,13,0,
2,46742432,176,116,
2,46742448,3,0,
2,46742618,17,2,
2,46742635,154,98,
2,46742682,3,0,
2,46742800,5,5,
2,46742828,37,34,
2,46742885,8,0,
2,46742902,3,2,
2,46742935,5,2,
2,46742992,3,0,
2,46743154,455,283,24
2,46743199,6,0,
2,46743219,60,107,
2,46743328,59,80,
2,46743466,14,1,
2,46743729,4,0,
2,46743867,26,47,
2,46743883,3,0,
2,46743887,9,1,
2,46743908,311,229,7
2,46743951,17,2,
2,46743958,9,0,
2,46744094,11,2,
2,46744125,26,4,
2,46744569,32,3,25
2,46744572,111,121,
2,46744647,82,22,8
2,46744807,136,94,13
2,46744843,6,4,
2,46744856,9,2,
2,46744874,9,0,
2,46744938,6,1,
2,46744952,7,1,
2,46744968,97,116,
2,46744999,5,2,
2,46745138,26,0,
2,46745150,19,2,
2,46745228,46,0,
2,46745233,185,75,
2,46745259,136,12,
2,46745459,9,0,
2,46745480,4,0,
2,46745831,12,6,
2,46745922,131,70,5
2,46745998,78,106,
2,46746034,3,0,
2,46746061,3,0,
2,46746096,14,15,
2,46746231,13,2,
2,46746239,3,5,
2,46746242,15,5,
2,46746266,37,15,19
2,46746288,6,5,
2,46746297,3,1,
2,46746476,416,275,2
2,46746477,9,1,
2,46746517,41,15,29
2,46746543,18,3,
2,46746554,6,3,
2,46746570,58,14,26
2,46746650,6,0,
2,46746681,74,19,14
2,46746700,14,4,
2,46746742,11,2,
2,46746792,7,0,
2,46746829,6,2,
2,46746900,28,6,21
2,46746946,110,100,
2,46747022,22,24,
2,46747078,14,0,
2,46747099,3,8,
2,46747119,129,47,4
2,46747213,18,10,
2,46747299,7,3,
2,46747351,7,1,
2,46747366,215,77,15
2,46747403,9,2,
2,46747458,3,1,
2,46747511,4,0,
2,46747633,10,1,
2,46747686,12,1,
2,46747777,29,15,
2,46747819,5,0,
2,46747827,148,42,10
2,46747849,7,0,
2,46747851,13,3,
2,46748071,25,12,
2,46748101,11,0,
2,46748106,11,0,
2,46748112,9,0,
2,46748333,7,0,
2,46748340,3,0,
2,46748404,20,1,
2,46748551,9,3,
2,46748559,9,1,
2,46748603,91,129,
2,46748607,9,5,
2,46748659,4,2,
2,46748771,158,124,22
2,46749053,70,21,3
2,46749198,84,29,1
2,46749261,15,3,
2,46749319,32,24,
2,46749508,13,3,
2,46749511,3,0,
2,46749636,26,1,
2,46749671,20,0,6
2,46749682,6,0,
2,46749855,7,0,
2,46750053,9,0,
3,46686607,89,252,
3,46686640,470,725,
3,46686655,404,209,
3,46686745,35,10,
3,46686972,113,13,
3,46687504,96,18,
3,46687588,154,18,
3,46687603,36,9,
3,46687705,98,51,
3,46687841,56,65,
3,46688101,47,37,
3,46688133,50,9,
3,46688173,123,65,
3,46688191,28,6,
3,46688229,46,99,
3,46688521,16,4,27
3,46688954,255,209,
3,46688971,523,334,
3,46689065,239,83,
3,46689342,36,14,
3,46689631,116,27,
3,46689834,27,3,
3,46690092,93,52,
3,46690402,598,307,
3,46690530,78,27,
3,46690779,63,8,13
3,46690907,348,258,
3,46691108,291,233,
3,46691243,452,450,
3,46691454,99,36,
3,46691660,98,72,
3,46691835,194,146,
3,46692116,425,68,
3,46692347,36,9,
3,46692594,773,801,
3,46693205,454,373,
3,46693346,627,838,
3,46693959,213,70,
3,46694124,255,82,
3,46694618,276,84,
3,46694929,18,17,
3,46695415,118,65,
3,46695467,26,7,
3,46695628,565,112,
3,46695747,102,121,
3,46695874,15,6,
3,46695978,55,28,
3,46695986,102,13,
3,46696081,21,5,
3,46696111,15,11,
3,46696276,163,35,
3,46696283,199,63,
3,46696300,196,93,
3,46696303,315,556,
3,46696309,43,8,
3,46696357,253,168,
3,46696683,91,55,
3,46696699,127,224,
3,46697075,33,1,
3,46697518,19,3,
3,46697735,20,28,
3,46697876,19,0,15
3,46697908,134,44,
3,46698061,263,152,
3,46698370,193,80,
3,46698469,46,5,
3,46698623,55,19,
3,46698660,455,257,
3,46698684,12,0,
3,46699072,187,145,
3,46699260,26,8,
3,46699324,32,14,
3,46699597,43,22,
3,46700384,16,4,12
3,46700503,258,56,
3,46700594,632,370,
3,46700809,155,115,
3,46701114,106,65,
3,46701373,10,0,
3,46701672,21,11,
3,46701733,431,264,
3,46701969,208,144,
3,46702099,232,159,
3,46702272,14,1,
3,46702411,259,345,
3,46702980,36,7,
3,46703301,275,136,
3,46703317,185,19,
3,46703763,763,721,
3,46704223,136,407,
3,46704310,109,55,
3,46704555,254,182,
3,46704943,148,115,
3,46705134,25,47,
3,46705201,262,80,
3,46705512,19,1,
3,46705676,136,77,
3,46705715,229,105,
3,46705830,31,9,
3,46705952,128,163,
3,46706001,8,15,
3,46706528,664,212,
3,46706564,28,8,
3,46706668,67,31,
3,46706796,59,74,
3,46706906,510,224,
3,46706947,183,86,
3,46707117,5,1,
3,46707409,12,5,
3,46707464,12,5,
3,46707572,576,696,
3,46707708,74,5,
3,46707904,35,14,
3,46708032,242,156,
3,46708055,76,20,
3,46708096,116,27,
3,46708351,67,20,
3,46708458,39,5,
3,46708592,60,14,
3,46708601,200,66,
3,46708678,480,257,
3,46708766,87,16,
3,46708990,46,6,
3,46709007,24,15,
3,46709179,303,91,
3,46709249,8,0,
3,46709320,98,129,
3,46709543,204,110,
3,46709548,136,109,
3,46709727,407,103,
3,46709903,9,2,
3,46710042,62,35,
3,46710375,9,0,
3,46710560,26,10,
3,46710569,48,16,
3,46710756,45,16,
3,46711171,18,3,
3,46711380,189,152,
3,46711574,334,348,
3,46711649,145,88,
3,46712547,64,10,
3,46712678,695,497,
3,46712790,21,3,
3,46712815,179,66,
3,46713055,5,0,
3,46713106,529,151,
3,46713387,141,56,
3,46713444,158,130,
3,46713473,27,24,
3,46713526,289,297,
3,46713704,84,68,
3,46713924,438,506,
3,46713929,283,405,
3,46714673,18,2,
3,46714916,31,10,
3,46715600,287,84,
3,46715766,38,13,
3,46715798,3,0,
3,46716016,8,3,
3,46716469,268,190,
3,46716560,73,100,
3,46716696,97,56,
3,46716806,45,13,
3,46717226,11,9,
3,46717409,7,0,
3,46717442,133,60,
3,46717472,10,0,
3,46717507,167,111,
3,46717536,33,5,
3,46717556,935,604,
3,46717848,4,0,
3,46717960,205,157,
3,46718061,302,143,
3,46718086,70,105,
3,46718299,58,102,
3,46718330,36,18,
3,46718366,29,8,
3,46718485,157,208,
3,46718869,27,5,
3,46719222,547,545,
3,46719229,725,223,
3,46719363,9,11,
3,46719423,90,47,
3,46719465,97,68,
3,46719489,73,66,
3,46719491,707,763,
3,46719774,5,5,
3,46719899,260,68,
3,46720276,3,0,
3,46720395,932,502,
3,46720987,9,1,
3,46721019,52,69,
3,46721179,301,81,
3,46721388,17,8,
3,46721418,86,164,
3,46721421,16,12,8
3,46721452,115,113,
3,46721474,86,35,
3,46721488,154,24,
3,46721653,27,7,
3,46721703,75,25,
3,46721802,1298,239,
3,46721855,5,0,
3,46721933,47,17,
3,46721960,6,1,
3,46722038,70,123,
3,46722074,74,14,
3,46722143,20,2,
3,46722188,60,14,
3,46722284,6,3,
3,46722285,44,24,
3,46722570,222,20,
3,46722853,145,74,
3,46723183,47,12,
3,46723190,60,31,
3,46723384,737,628,
3,46723478,3,0,
3,46723694,131,58,
3,46723859,31,6,
3,46723898,28,4,
3,46723990,653,352,
3,46724039,12,0,
3,46724470,21,12,
3,46724542,11,1,
3,46724544,25,4,
3,46724565,47,5,
3,46724567,10,5,
3,46724675,38,15,
3,46724743,15,4,
3,46725268,195,30,
3,46725288,380,352,
3,46725300,330,133,
3,46725389,73,20,
3,46725578,22,2,
3,46725632,135,73,
3,46725804,26,20,
3,46726016,8,10,
3,46726259,25,32,
3,46726526,147,34,
3,46726808,15,0,
3,46726820,51,38,
3,46726857,243,150,
3,46726907,39,36,
3,46726916,122,36,
3,46726959,46,1,
3,46727135,10,1,
3,46727424,19,6,
3,46727587,1063,508,
3,46727856,16,0,
3,46727862,53,11,
3,46727992,24,11,
3,46728070,5,1,
3,46728109,7,0,
3,46728151,8,1,
3,46728157,158,160,
3,46728197,176,141,
3,46728385,42,21,
3,46728421,10,6,
3,46728659,3,3,
3,46728680,119,39,
3,46728698,29,22,
3,46728766,7,8,
3,46728781,51,20,
3,46728808,471,103,
3,46728950,32,11,
3,46729280,20,9,
3,46729368,542,413,
3,46729866,25,7,
3,46729874,13,2,
3,46730071,10,4,
3,46730214,181,128,
3,46730233,40,20,
3,46730346,99,47,
3,46730436,228,185,
3,46730504,498,271,
3,46730671,93,92,
3,46730826,12,0,
3,46730885,343,117,
3,46730926,14,4,
3,46730995,48,46,
3,46731068,238,60,
3,46731432,272,88,
3,46731498,14,3,
3,46731513,4,1,
3,46731612,80,33,
3,46731638,10,9,
3,46731748,259,275,
3,46731964,3,1,
3,46731976,759,476,
3,46731996,243,87,
3,46732213,279,138,
3,46732242,30,1,
3,46732555,47,9,
3,46732929,7,0,
3,46732967,257,112,
3,46733301,84,20,
3,46733522,27,22,
3,46733624,236,324,
3,46733899,23,4,
3,46733905,11,9,
3,46734069,8,16,
3,46734194,15,32,
3,46734300,6,2,
3,46734302,388,412,
3,46734469,10,6,
3,46734608,3,0,
3,46735022,60,10,
3,46735133,105,14,
3,46735139,98,44,
3,46735179,91,25,
3,46735231,29,15,
3,46735308,44,36,
3,46735489,162,61,
3,46735511,464,304,
3,46735545,1005,633,
3,46735616,238,59,
3,46735644,291,156,
3,46735649,13,0,
3,46735963,15,6,
3,46736048,109,149,
3,46736091,185,175,
3,46736138,9,0,
3,46736217,6,4,
3,46736279,9,0,
3,46736329,11,2,
3,46736607,4,1,
3,46736653,21,6,
3,46736682,7,8,
3,46736683,333,350,
3,46736894,4,0,
3,46736904,5,0,
3,46736978,7,1,
3,46737076,32,10,
3,46737136,9,2,
3,46737202,104,26,20
3,46737236,8,1,
3,46737447,225,233,
3,46737467,20,8,
3,46737519,3,0,
3,46737630,432,198,
3,46737865,55,13,
3,46737904,8,1,
3,46737957,121,22,
3,46737964,14,0,
3,46738151,8,0,
3,46738241,13,9,
3,46738243,6,0,
3,46738297,8,5,
3,46738698,12,3,
3,46738809,4,1,
3,46738853,69,52,
3,46739043,32,3,
3,46739075,9,1,
3,46739078,139,101,
3,46739107,10,4,
3,46739210,4,0,
3,46739257,5,0,
3,46739364,14,0,
3,46739621,20,1,
3,46739690,17,14,
3,46739781,6,0,
3,46739802,5,8,
3,46739921,5,1,
3,46739922,16,3,
3,46740029,336,203,
3,46740189,8,0,
3,46740280,41,27,
3,46740548,68,26,
3,46740584,12,0,
3,46740644,107,91,
3,46740705,19,10,
3,46740748,154,62,
3,46740974,24,7,
3,46740997,5,1,
3,46741123,4,8,
3,46741347,6,0,
3,46741472,36,8,28
3,46741482,96,30,
3,46741606,7,2,
3,46741711,4,3,
3,46741801,18,5,
3,46741923,48,20,17
3,46741929,45,39,
3,46741989,10,1,
3,46742035,4,0,
3,46742044,7,1,
3,46742074,3,0,
3,46742261,8,5,
3,46742298,5,1,
3,46742362,434,246,30
3,46742389,432,258,9
3,46742405,18,9,
3,46742431,14,0,
3,46742432,178,116,
3,46742448,3,0,
3,46742618,19,2,
3,46742635,155,98,
3,46742682,3,0,
3,46742800,5,5,
3,46742828,37,35,
3,46742902,3,2,
3,46742935,7,2,
3,46742967,5,0,
3,46742992,3,0,
3,46743154,466,286,24
3,46743199,6,0,
3,46743219,61,107,
3,46743290,6,1,
3,46743328,59,80,
3,46743466,17,1,
3,46743729,4,0,
3,46743867,26,47,
3,46743883,3,0,
3,46743887,10,1,
3,46743908,327,233,7
3,46743951,18,2,
3,46743958,9,0,
3,46744094,11,2,
3,46744125,26,4,
3,46744569,33,3,23
3,46744572,113,122,
3,46744647,85,22,10
3,46744807,144,96,18
3,46744843,6,4,
3,46744856,9,2,
3,46744874,9,0,
3,46744938,6,1,
3,46744952,7,1,
3,46744968,97,117,
3,46744999,5,2,
3,46745138,28,0,
3,46745150,21,2,
3,46745228,47,0,
3,46745233,190,80,
3,46745259,137,12,
3,46745459,9,1,
3,46745480,4,0,
3,46745831,12,6,
3,46745922,139,74,6
3,46745998,80,106,
3,46746034,3,0,
3,46746061,3,0,
3,46746096,14,15,
3,46746231,13,2,
3,46746239,3,6,
3,46746242,15,5,
3,46746266,39,16,21
3,46746288,6,5,
3,46746297,3,1,
3,46746476,428,277,2
3,46746477,9,1,
3,46746517,42,17,29
3,46746543,18,3,
3,46746554,6,3,
3,46746570,59,15,26
3,46746650,7,0,
3,46746681,79,19,14
3,46746700,15,4,
3,46746742,11,2,
3,46746792,8,0,
3,46746829,6,2,
3,46746900,31,6,22
3,46746946,111,102,
3,46747022,22,24,
3,46747078,14,0,
3,46747099,3,8,
3,46747119,139,48,4
3,46747213,18,10,
3,46747299,7,3,
3,46747351,7,1,
3,46747366,223,79,16
3,46747403,9,2,
3,46747458,3,1,
3,46747511,4,0,
3,46747633,11,1,
3,46747686,12,1,
3,46747777,29,16,
3,46747819,5,0,
3,46747827,162,47,11
3,46747849,7,0,
3,46747851,13,3,
3,46748071,30,15,
3,46748101,13,0,
3,46748106,13,0,
3,46748112,10,0,
3,46748333,7,0,
3,46748340,4,0,
3,46748404,22,1,
3,46748551,9,3,
3,46748603,93,132,
3,46748659,4,3,
3,46748771,176,159,25
3,46749053,89,26,3
3,46749198,154,106,1
3,46749261,17,3,
3,46749319,37,29,
3,46749508,14,4,
3,46749511,4,0,
3,46749636,31,2,
3,46749671,35,0,5
3,46749682,17,0,
3,46749855,14,1,
3,46750053,20,2,
3,46750118,6,2,
3,46750208,11,0,
3,46750470,8,1,
4,46686607,89,252,
4,46686640,470,725,
4,46686655,404,209,
4,46686745,35,10,
4,46686972,113,13,
4,46687504,96,18,
4,46687588,154,18,
4,46687603,36,9,
4,46687705,98,51,
4,46687841,56,65,
4,46688101,47,37,
4,46688133,50,9,
4,46688173,124,65,
4,46688191,29,7,
4,46688229,46,99,
4,46688521,17,4,
4,46688954,255,209,
4,46688971,523,334,
4,46689065,239,83,
4,46689342,36,14,
4,46689631,116,27,
4,46689834,27,3,
4,46690092,93,52,
4,46690402,598,307,
4,46690530,78,27,
4,46690779,67,10,18
4,46690907,348,258,
4,46691108,299,236,
4,46691243,452,450,
4,46691454,99,36,
4,46691660,98,72,
4,46691835,194,146,
4,46691963,6,0,14
4,46692116,425,68,
4,46692347,36,9,
4,46692594,773,801,
4,46693205,454,373,
4,46693346,627,840,
4,46693959,213,70,
4,46694124,255,82,
4,46694618,276,84,
4,46694929,18,17,
4,46695415,118,65,
4,46695467,26,7,
4,46695628,565,112,
4,46695747,102,121,
4,46695874,15,6,
4,46695978,55,28,
4,46695986,102,13,
4,46696081,21,5,
4,46696111,15,11,
4,46696276,163,35,
4,46696283,201,63,
4,46696300,196,93,
4,46696303,315,557,
4,46696309,43,8,
4,46696357,253,168,
4,46696683,91,55,
4,46696699,127,224,
4,46697075,33,1,
4,46697518,19,3,
4,46697735,20,28,
4,46697876,25,0,17
4,46697908,134,44,
4,46698061,263,152,
4,46698370,193,80,
4,46698469,46,5,
4,46698623,55,19,
4,46698660,455,257,
4,46698684,12,0,
4,46699072,188,145,
4,46699260,26,8,
4,46699324,32,14,
4,46699597,43,22,
4,46700384,20,4,19
4,46700503,258,56,
4,46700594,633,370,
4,46700809,155,115,
4,46701114,106,65,
4,46701373,10,0,
4,46701672,21,11,
4,46701733,431,264,
4,46701969,208,144,
4,46702099,232,159,
4,46702272,14,1,
4,46702411,259,345,
4,46702980,36,7,
4,46703301,276,136,
4,46703317,185,19,
4,46703763,763,721,
4,46704223,136,407,
4,46704310,109,55,
4,46704555,255,182,
4,46704943,148,115,
4,46705134,25,48,
4,46705201,262,80,
4,46705512,19,1,
4,46705676,136,77,
4,46705715,229,105,
4,46705830,34,9,15
4,46705952,128,163,
4,46706001,8,15,
4,46706528,664,212,
4,46706564,28,8,
4,46706668,67,31,
4,46706796,59,74,
4,46706906,511,224,
4,46706947,183,86,
4,46707117,5,1,
4,46707409,12,5,
4,46707464,12,5,
4,46707572,576,696,
4,46707708,74,5,
4,46707904,35,14,
4,46708032,242,156,
4,46708055,76,20,
4,46708096,116,27,
4,46708351,67,20,
4,46708592,60,14,
4,46708601,200,66,
4,46708678,480,257,
4,46708766,87,16,
4,46708990,46,6,
4,46709007,24,15,
4,46709179,303,91,
4,46709249,8,0,
4,46709320,98,129,
4,46709543,204,110,
4,46709548,136,109,
4,46709727,408,103,
4,46709903,9,2,
4,46710042,62,35,
4,46710375,9,0,
4,46710560,26,10,
4,46710569,48,16,
4,46710756,45,16,
4,46711171,18,3,
4,46711380,189,152,
4,46711574,334,348,
4,46711649,146,88,
4,46712547,64,10,
4,46712678,696,497,
4,46712790,21,3,
4,46712815,179,66,
4,46713055,5,0,
4,46713106,529,151,
4,46713387,141,57,
4,46713444,158,130,
4,46713473,27,24,
4,46713526,289,297,
4,46713704,84,68,
4,46713924,438,506,
4,46713929,283,405,
4,46714673,18,2,
4,46714916,31,10,
4,46715600,287,84,
4,46715766,38,13,
4,46716016,8,3,
4,46716469,268,190,
4,46716560,73,100,
4,46716696,97,56,
4,46716806,46,13,
4,46717409,7,0,
4,46717442,134,60,
4,46717472,10,0,
4,46717507,167,111,
4,46717536,33,5,
4,46717556,935,604,
4,46717848,4,0,
4,46717960,205,157,
4,46718061,303,143,
4,46718086,70,105,
4,46718299,58,102,
4,46718330,36,18,
4,46718366,29,8,
4,46718485,159,208,
4,46718869,27,5,
4,46719222,547,545,
4,46719229,725,223,
4,46719363,9,11,
4,46719423,90,47,
4,46719489,73,66,
4,46719491,707,763,
4,46719774,5,5,
4,46719899,260,68,
4,46720276,3,0,
4,46720395,933,502,
4,46720987,9,1,
4,46721019,52,69,
4,46721179,301,81,
4,46721388,17,8,
4,46721418,86,164,
4,46721421,21,18,10
4,46721452,115,113,
4,46721474,86,35,
4,46721488,154,24,
4,46721653,27,7,
4,46721703,75,25,
4,46721802,1298,239,
4,46721855,5,0,
4,46721933,47,18,
4,46721960,6,1,
4,46722038,70,123,
4,46722074,74,14,
4,46722143,20,2,
4,46722188,60,14,
4,46722284,6,3,
4,46722285,44,24,
4,46722570,222,20,
4,46722853,146,74,
4,46723183,47,12,
4,46723190,60,31,
4,46723384,737,628,
4,46723478,3,0,
4,46723694,131,58,
4,46723859,31,6,
4,46723898,28,4,
4,46723990,653,356,
4,46724470,21,12,
4,46724542,11,1,
4,46724544,25,4,
4,46724565,47,5,
4,46724567,10,5,
4,46724675,38,15,
4,46724743,15,4,
4,46725268,195,30,
4,46725288,381,352,
4,46725300,331,133,
4,46725389,73,20,
4,46725578,22,2,
4,46725632,135,73,
4,46725804,26,20,
4,46726016,8,10,
4,46726259,25,32,
4,46726526,147,34,
4,46726808,15,0,
4,46726820,51,38,
4,46726857,244,150,
4,46726907,39,36,
4,46726916,122,36,
4,46726959,46,1,
4,46727135,10,1,
4,46727424,19,6,
4,46727587,1064,511,
4,46727862,53,11,
4,46727992,24,11,
4,46728070,5,1,
4,46728109,7,0,
4,46728157,158,160,
4,46728197,176,141,
4,46728385,42,21,
4,46728421,10,6,
4,46728659,3,3,
4,46728680,119,39,
4,46728698,29,22,
4,46728766,7,8,
4,46728781,51,20,
4,46728808,472,103,
4,46728950,32,11,
4,46729280,20,9,
4,46729368,544,414,
4,46729866,25,7,
4,46729874,13,2,
4,46730214,181,128,
4,46730233,40,20,
4,46730346,99,47,
4,46730436,228,185,
4,46730504,498,271,
4,46730671,93,92,
4,46730826,12,0,
4,46730885,343,117,
4,46730926,14,4,
4,46730995,48,46,
4,46731068,238,60,
4,46731432,273,88,
4,46731498,14,3,
4,46731513,4,1,
4,46731612,81,33,
4,46731638,10,9,
4,46731748,259,275,
4,46731964,3,1,
4,46731976,760,477,
4,46731996,243,87,
4,46732213,279,138,
4,46732242,30,1,
4,46732555,47,9,
4,46732929,7,0,
4,46732967,257,112,
4,46733301,85,20,
4,46733522,27,23,
4,46733624,236,325,
4,46733899,23,4,
4,46733905,11,9,
4,46734069,8,16,
4,46734194,15,32,
4,46734300,6,2,
4,46734302,388,412,
4,46734469,10,6,
4,46734608,3,0,
4,46735022,61,10,
4,46735133,105,14,
4,46735139,98,44,
4,46735179,91,25,
4,46735231,29,15,
4,46735308,44,36,
4,46735489,162,61,
4,46735511,464,305,
4,46735545,1005,634,
4,46735616,238,59,
4,46735644,291,156,
4,46735649,13,0,
4,46735963,15,6,
4,46736048,109,149,
4,46736091,185,175,
4,46736138,9,0,
4,46736217,6,4,
4,46736279,9,0,
4,46736329,11,2,
4,46736607,4,1,
4,46736653,21,6,
4,46736682,7,8,
4,46736683,333,350,
4,46736978,7,1,
4,46737076,32,10,
4,46737136,9,2,
4,46737202,110,26,24
4,46737236,8,1,
4,46737447,227,234,
4,46737467,20,8,
4,46737630,432,199,
4,46737865,56,13,
4,46737904,8,1,
4,46737957,121,22,
4,46737964,14,0,
4,46738151,8,0,
4,46738241,13,9,
4,46738243,6,0,
4,46738297,8,5,
4,46738698,12,3,
4,46738809,4,1,
4,46738853,69,52,
4,46739043,32,3,
4,46739075,9,1,
4,46739078,139,103,
4,46739107,10,4,
4,46739210,4,0,
4,46739257,5,0,
4,46739364,14,0,
4,46739621,20,1,
4,46739690,17,14,
4,46739781,6,0,
4,46739802,5,8,
4,46739921,5,1,
4,46739922,16,3,
4,46740029,338,204,
4,46740189,8,0,
4,46740280,41,27,
4,46740548,69,26,
4,46740584,13,0,
4,46740644,107,92,
4,46740705,20,10,
4,46740748,157,62,
4,46740974,24,7,
4,46740997,5,1,
4,46741123,4,8,
4,46741347,6,0,
4,46741472,39,8,
4,46741482,96,30,
4,46741606,7,2,
4,46741711,4,3,
4,46741801,18,5,
4,46741923,49,20,25
4,46741929,45,39,
4,46742035,5,0,
4,46742044,7,1,
4,46742074,3,0,
4,46742261,8,5,
4,46742298,5,1,
4,46742362,439,250,
4,46742389,445,264,12
4,46742405,18,9,
4,46742431,14,0,
4,46742432,181,116,
4,46742448,3,0,
4,46742618,19,2,
4,46742635,156,104,
4,46742682,3,0,
4,46742800,5,5,
4,46742828,37,35,
4,46742902,3,2,
4,46742935,7,2,
4,46742967,5,0,
4,46742992,3,0,
4,46743154,486,291,29
4,46743199,6,0,
4,46743219,61,108,
4,46743290,6,1,
4,46743328,59,80,
4,46743466,17,1,
4,46743729,4,0,
4,46743867,26,47,
4,46743883,3,0,
4,46743887,11,1,
4,46743908,343,241,8
4,46743951,18,2,
4,46743958,9,0,
4,46744094,11,2,
4,46744125,26,4,
4,46744569,36,3,30
4,46744572,113,123,
4,46744647,87,22,14
4,46744807,155,98,22
4,46744843,6,4,
4,46744856,9,2,
4,46744874,10,0,
4,46744938,6,1,
4,46744952,7,1,
4,46744968,97,118,
4,46744999,5,2,
4,46745138,29,0,
4,46745150,22,2,
4,46745228,47,0,
4,46745233,191,82,
4,46745259,139,12,
4,46745372,4,4,
4,46745459,9,1,
4,46745480,4,0,
4,46745831,13,6,
4,46745922,144,76,7
4,46745998,81,107,
4,46746034,3,0,
4,46746061,3,0,
4,46746096,15,15,
4,46746136,3,0,
4,46746231,13,2,
4,46746239,3,6,
4,46746242,15,5,
4,46746266,42,16,26
4,46746288,6,6,
4,46746297,3,1,
4,46746476,444,281,3
4,46746477,9,1,
4,46746517,43,17,
4,46746543,18,3,
4,46746554,6,3,
4,46746570,65,15,28
4,46746650,7,0,
4,46746681,84,21,23
4,46746700,15,4,
4,46746742,11,2,
4,46746792,8,0,
4,46746829,6,2,
4,46746900,35,7,27
4,46746946,113,103,
4,46747022,26,24,
4,46747078,14,0,
4,46747099,3,8,
4,46747119,151,50,6
4,46747213,19,11,
4,46747299,7,3,
4,46747351,7,1,
4,46747366,231,79,21
4,46747403,9,2,
4,46747458,3,1,
4,46747511,5,0,
4,46747633,11,1,
4,46747686,12,1,
4,46747777,29,17,
4,46747819,5,0,
4,46747827,175,51,17
4,46747849,7,0,
4,46747851,13,3,
4,46748071,31,16,
4,46748101,14,0,
4,46748106,14,0,
4,46748112,10,0,
4,46748333,7,0,
4,46748340,4,0,
4,46748404,22,1,
4,46748551,9,3,
4,46748603,95,137,
4,46748659,4,3,
4,46748771,184,172,
4,46749053,101,32,4
4,46749198,206,157,1
4,46749213,7,0,
4,46749261,19,7,
4,46749319,39,29,
4,46749396,6,0,
4,46749508,16,3,
4,46749511,4,0,
4,46749559,3,0,
4,46749565,4,0,
4,46749636,37,3,
4,46749671,59,1,5
4,46749682,27,2,
4,46750053,28,3,
4,46750118,16,3,
4,46750214,11,0,6
4,46750358,43,4,9
4,46750367,4,0,
4,46750425,65,4,1
4,46750437,6,2,8
4,46750470,51,26,10
4,46750485,19,5,4
4,46750577,34,9,13
5,46686607,89,252,
5,46686640,470,725,
5,46686655,404,209,
5,46686745,35,10,
5,46686972,113,13,
5,46687504,96,18,
5,46687588,154,18,
5,46687603,36,9,
5,46687705,98,51,
5,46687841,56,65,
5,46688101,47,37,
5,46688133,50,9,
5,46688173,124,65,
5,46688191,30,7,
5,46688229,46,99,
5,46688521,17,4,
5,46688954,255,209,
5,46688971,523,334,
5,46689065,239,83,
5,46689342,37,15,
5,46689631,117,27,
5,46689834,27,3,
5,46690092,93,52,
5,46690402,598,307,
5,46690530,78,27,
5,46690779,72,10,21
5,46690907,348,258,
5,46691108,303,237,
5,46691243,453,450,
5,46691454,99,36,
5,46691660,98,72,
5,46691835,194,146,
5,46691963,10,0,13
5,46692116,425,68,
5,46692347,36,9,
5,46692594,774,801,
5,46693205,454,373,
5,46693346,627,840,
5,46693959,213,70,
5,46694124,255,82,
5,46694618,276,84,
5,46694929,18,17,
5,46695415,118,65,
5,46695467,26,7,
5,46695628,565,112,
5,46695747,102,121,
5,46695978,55,28,
5,46695986,102,13,
5,46696081,21,5,
5,46696111,15,11,
5,46696276,163,35,
5,46696283,201,64,
5,46696300,196,93,
5,46696303,315,560,
5,46696309,43,8,
5,46696357,253,168,
5,46696683,91,55,
5,46696699,127,224,
5,46697075,33,1,
5,46697518,19,3,
5,46697735,20,28,
5,46697876,36,2,16
5,46697908,134,44,
5,46698061,263,152,
5,46698370,193,80,
5,46698469,46,5,
5,46698623,55,19,
5,46698660,455,257,
5,46698684,12,0,
5,46699072,188,145,
5,46699260,26,8,
5,46699324,32,14,
5,46699597,43,22,
5,46699697,12,1,11
5,46700384,22,4,24
5,46700503,258,56,
5,46700594,633,370,
5,46700809,155,115,
5,46701114,106,65,
5,46701373,10,0,
5,46701733,431,264,
5,46701969,208,144,
5,46702099,232,159,
5,46702272,14,1,
5,46702411,259,345,
5,46702980,36,7,
5,46703301,276,136,
5,46703317,185,19,
5,46703763,763,721,
5,46704223,136,407,
5,46704310,109,55,
5,46704555,255,182,
5,46704943,148,115,
5,46705134,25,49,
5,46705201,262,80,
5,46705512,19,1,
5,46705676,136,77,
5,46705715,229,105,
5,46705830,35,9,24
5,46705952,128,163,
5,46706001,8,15,
5,46706528,664,212,
5,46706564,28,8,
5,46706668,67,31,
5,46706796,59,74,
5,46706906,511,224,
5,46706947,183,86,
5,46707117,5,1,
5,46707409,12,5,
5,46707464,12,5,
5,46707572,576,696,
5,46707708,75,5,
5,46707904,35,14,
5,46708032,242,156,
5,46708055,76,20,
5,46708096,116,27,
5,46708351,67,20,
5,46708592,60,14,
5,46708601,200,66,
5,46708678,480,257,
5,46708766,87,16,
5,46708990,46,6,
5,46709007,24,15,
5,46709179,303,91,
5,46709249,8,0,
5,46709320,98,129,
5,46709543,204,110,
5,46709548,136,109,
5,46709727,408,103,
5,46709903,9,2,
5,46710042,62,35,
5,46710375,9,0,
5,46710560,26,10,
5,46710569,48,16,
5,46710756,45,16,
5,46711171,18,3,
5,46711380,189,152,
5,46711574,334,348,
5,46711649,146,88,
5,46712547,64,10,
5,46712678,696,497,
5,46712790,21,3,
5,46712815,179,66,
5,46713055,5,0,
5,46713106,529,151,
5,46713387,141,57,
5,46713444,158,130,
5,46713473,27,24,
5,46713526,289,297,
5,46713704,84,68,
5,46713924,438,506,
5,46713929,283,405,
5,46714673,18,2,
5,46714916,31,10,
5,46715600,287,84,
5,46715766,38,13,
5,46716016,8,3,
5,46716469,268,190,
5,46716560,73,100,
5,46716696,97,56,
5,46716806,46,13,
5,46717409,7,0,
5,46717442,134,60,
5,46717472,10,0,
5,46717507,167,111,
5,46717536,33,5,
5,46717556,935,604,
5,46717848,4,0,
5,46717960,205,157,
5,46718061,303,143,
5,46718086,70,105,
5,46718299,58,102,
5,46718330,36,18,
5,46718366,29,8,
5,46718485,159,208,
5,46718869,27,5,
5,46719222,547,546,
5,46719229,725,223,
5,46719363,9,11,
5,46719423,90,47,
5,46719489,73,66,
5,46719491,707,763,
5,46719774,5,5,
5,46719899,260,68,
5,46720276,3,0,
5,46720395,933,502,
5,46720987,9,1,
5,46721019,52,69,
5,46721179,301,81,
5,46721388,17,8,
5,46721418,86,164,
5,46721421,24,19,17
5,46721452,115,113,
5,46721474,86,35,
5,46721488,154,24,
5,46721653,27,7,
5,46721703,75,25,
5,46721802,1298,239,
5,46721855,5,0,
5,46721933,47,18,
5,46721960,6,1,
5,46722038,70,123,
5,46722074,74,14,
5,46722143,20,2,
5,46722188,60,14,
5,46722284,6,3,
5,46722285,44,24,
5,46722570,222,20,
5,46722853,146,74,
5,46723183,47,12,
5,46723190,60,31,
5,46723384,737,628,
5,46723478,3,0,
5,46723694,131,58,
5,46723859,31,6,
5,46723898,28,4,
5,46723990,653,356,
5,46724470,21,12,
5,46724542,11,1,
5,46724565,47,5,
5,46724567,10,5,
5,46724675,38,15,
5,46724743,15,4,
5,46725268,195,30,
5,46725288,381,352,
5,46725300,331,133,
5,46725389,73,20,
5,46725578,22,2,
5,46725632,135,73,
5,46725804,26,20,
5,46726016,8,10,
5,46726259,25,32,
5,46726526,147,34,
5,46726808,15,0,
5,46726820,51,38,
5,46726857,244,151,
5,46726907,39,36,
5,46726916,122,36,
5,46726959,46,1,
5,46727135,10,1,
5,46727424,19,6,
5,46727587,1065,511,
5,46727862,53,11,
5,46727992,24,11,
5,46728070,5,1,
5,46728109,7,0,
5,46728157,158,161,
5,46728197,176,141,
5,46728385,42,21,
5,46728421,10,6,
5,46728659,3,3,
5,46728680,119,39,
5,46728698,29,22,
5,46728766,7,8,
5,46728781,51,20,
5,46728808,472,103,
5,46728950,33,11,
5,46729280,20,9,
5,46729368,544,414,
5,46729866,25,7,
5,46729874,13,2,
5,46730214,181,128,
5,46730233,40,20,
5,46730346,99,47,
5,46730436,229,185,
5,46730504,498,271,
5,46730671,93,92,
5,46730826,12,0,
5,46730885,343,117,
5,46730926,14,4,
5,46730995,48,46,
5,46731068,238,60,
5,46731432,273,88,
5,46731498,14,3,
5,46731513,4,1,
5,46731612,81,33,
5,46731638,10,9,
5,46731748,260,275,
5,46731964,3,1,
5,46731976,760,478,
5,46731996,243,87,
5,46732213,279,138,
5,46732242,30,1,
5,46732555,47,9,
5,46732929,7,0,
5,46732967,257,112,
5,46733301,85,20,
5,46733522,27,23,
5,46733624,236,325,
5,46733899,23,4,
5,46733905,11,9,
5,46734069,8,16,
5,46734194,15,32,
5,46734300,6,2,
5,46734302,389,414,
5,46734469,10,6,
5,46734608,3,0,
5,46735022,61,10,
5,46735133,105,14,
5,46735139,98,44,
5,46735179,91,25,
5,46735231,29,15,
5,46735308,44,37,
5,46735489,162,61,
5,46735511,464,305,
5,46735545,1008,635,
5,46735616,239,59,
5,46735644,291,156,
5,46735649,13,0,
5,46735963,15,6,
5,46736048,109,149,
5,46736091,185,175,
5,46736138,9,0,
5,46736217,6,4,
5,46736279,9,0,
5,46736329,11,2,
5,46736607,4,1,
5,46736653,21,6,
5,46736682,7,8,
5,46736683,333,350,
5,46736978,7,1,
5,46737076,32,10,
5,46737136,9,2,
5,46737202,113,27,27
5,46737236,8,1,
5,46737447,229,235,
5,46737467,20,8,
5,46737630,434,201,
5,46737865,56,13,
5,46737904,8,1,
5,46737957,121,22,
5,46737964,14,0,
5,46738151,8,0,
5,46738241,13,9,
5,46738243,6,0,
5,46738297,8,5,
5,46738698,12,3,
5,46738809,4,1,
5,46738853,69,52,
5,46739043,32,3,
5,46739075,9,1,
5,46739078,139,103,
5,46739107,10,4,
5,46739210,4,0,
5,46739257,5,0,
5,46739364,14,0,
5,46739621,20,1,
5,46739690,17,14,
5,46739781,6,0,
5,46739802,5,8,
5,46739921,5,1,
5,46739922,16,3,
5,46740029,340,204,
5,46740189,8,0,
5,46740280,41,27,
5,46740548,69,26,
5,46740584,13,0,
5,46740644,108,92,
5,46740705,20,11,
5,46740748,159,64,
5,46740974,24,7,
5,46740997,5,1,
5,46741123,4,8,
5,46741347,6,0,
5,46741472,39,8,
5,46741482,97,30,
5,46741606,7,2,
5,46741711,4,3,
5,46741801,18,5,
5,46741923,50,20,29
5,46741929,45,39,
5,46742035,6,0,
5,46742044,7,1,
5,46742074,3,0,
5,46742261,8,5,
5,46742298,5,1,
5,46742362,440,253,
5,46742389,454,269,15
5,46742405,18,9,
5,46742431,14,0,
5,46742432,182,116,
5,46742448,3,0,
5,46742618,19,2,
5,46742635,157,104,
5,46742682,3,0,
5,46742800,5,5,
5,46742828,37,35,
5,46742902,3,2,
5,46742935,7,2,
5,46742967,5,0,
5,46742992,3,0,
5,46743154,495,293,
5,46743199,6,0,
5,46743219,62,109,
5,46743328,59,80,
5,46743466,17,1,
5,46743729,4,0,
5,46743867,26,47,
5,46743883,3,0,
5,46743887,11,1,
5,46743908,357,243,12
5,46743951,18,2,
5,46743958,9,0,
5,46744125,26,4,
5,46744569,36,3,
5,46744572,113,124,
5,46744647,90,23,18
5,46744807,162,102,20
5,46744843,6,5,
5,46744856,10,2,
5,46744874,11,0,
5,46744938,6,1,
5,46744952,7,1,
5,46744968,97,118,
5,46744999,5,2,
5,46745138,30,0,
5,46745150,24,2,
5,46745228,47,0,
5,46745233,192,83,
5,46745259,139,12,
5,46745372,4,4,
5,46745459,9,1,
5,46745480,4,0,
5,46745831,13,6,
5,46745922,149,77,14
5,46745998,82,107,
5,46746034,3,0,
5,46746061,3,0,
5,46746096,15,16,
5,46746136,4,0,
5,46746231,13,2,
5,46746239,3,6,
5,46746242,15,5,
5,46746266,44,16,
5,46746288,6,6,
5,46746297,5,1,
5,46746476,464,288,3
5,46746477,10,1,
5,46746517,43,17,
5,46746554,6,3,
5,46746570,66,18,
5,46746650,7,0,
5,46746681,86,21,28
5,46746700,16,4,
5,46746742,12,2,
5,46746792,8,0,
5,46746829,7,2,
5,46746900,35,7,
5,46746946,115,103,
5,46747022,26,24,
5,46747078,15,0,
5,46747099,3,8,
5,46747119,153,50,9
5,46747213,19,11,
5,46747299,7,3,
5,46747351,7,1,
5,46747366,236,84,28
5,46747403,9,2,
5,46747458,3,1,
5,46747511,5,0,
5,46747633,11,1,
5,46747686,12,1,
5,46747777,29,17,
5,46747819,5,0,
5,46747827,180,55,20
5,46747849,7,0,
5,46747851,13,3,
5,46748071,32,16,
5,46748101,14,0,
5,46748106,15,0,
5,46748112,11,0,
5,46748333,8,0,
5,46748340,4,0,
5,46748404,23,1,
5,46748551,10,3,
5,46748603,96,138,
5,46748771,194,180,
5,46749053,109,40,7
5,46749198,241,194,2
5,46749213,7,0,
5,46749261,19,7,
5,46749396,6,0,
5,46749508,18,3,
5,46749511,5,0,
5,46749559,5,0,
5,46749565,4,0,
5,46749636,40,5,
5,46749671,69,2,4
5,46749682,37,2,
5,46750024,7,0,30
5,46750053,34,3,
5,46750118,20,4,
5,46750214,23,1,6
5,46750358,67,18,11
5,46750367,7,0,
5,46750417,5,1,
5,46750425,104,15,1
5,46750437,13,2,8
5,46750470,74,46,10
5,46750481,3,1,
5,46750485,31,15,5
5,46750577,47,13,
5,46750611,15,1,
5,46750767,19,15,16
5,46750794,17,6,
5,46750852,66,10,4
6,46686607,89,252,
6,46686640,470,726,
6,46686655,404,209,
6,46686745,35,10,
6,46687504,96,18,
6,46687603,36,9,
6,46687705,98,51,
6,46687841,56,65,
6,46688101,47,37,
6,46688133,50,9,
6,46688173,124,65,
6,46688191,30,7,
6,46688229,46,99,
6,46688521,17,4,
6,46688804,22,8,11
6,46688954,255,209,
6,46688971,523,334,
6,46689065,239,83,
6,46689342,37,16,
6,46689631,117,27,
6,46689834,27,3,
6,46690092,93,52,
6,46690402,598,307,
6,46690530,78,27,
6,46690779,75,10,21
6,46690907,348,258,
6,46691108,304,237,
6,46691243,454,450,
6,46691454,99,36,
6,46691660,98,72,
6,46691835,194,146,
6,46691963,13,1,14
6,46692116,425,68,
6,46692347,36,9,
6,46692594,774,801,
6,46693205,454,373,
6,46693346,627,840,
6,46693959,213,70,
6,46694124,255,82,
6,46694618,276,84,
6,46694929,18,17,
6,46695415,118,65,
6,46695467,26,7,
6,46695628,565,112,
6,46695747,102,121,
6,46695978,55,28,
6,46695986,102,13,
6,46696081,21,5,
6,46696111,15,11,
6,46696276,163,35,
6,46696283,204,64,
6,46696300,196,93,
6,46696303,315,564,
6,46696309,43,8,
6,46696357,253,168,
6,46696683,91,55,
6,46696699,127,224,
6,46697075,33,1,
6,46697518,19,3,
6,46697735,20,28,
6,46697876,40,2,17
6,46697908,134,44,
6,46698061,263,152,
6,46698370,193,80,
6,46698469,46,5,
6,46698623,55,19,
6,46698660,455,257,
6,46698684,12,0,
6,46699072,188,145,
6,46699260,26,8,
6,46699324,32,14,
6,46699597,43,22,
6,46699697,33,10,8
6,46700384,23,5,25
6,46700503,258,56,
6,46700594,633,370,
6,46700809,155,115,
6,46701114,106,65,
6,46701373,10,0,
6,46701733,431,264,
6,46701969,208,144,
6,46702099,233,159,
6,46702272,14,1,
6,46702411,259,345,
6,46702980,36,7,
6,46703301,276,136,
6,46703317,185,19,
6,46703763,763,721,
6,46704223,136,407,
6,46704310,109,55,
6,46704555,255,182,
6,46704943,148,115,
6,46705134,25,49,
6,46705201,262,80,
6,46705512,19,1,
6,46705676,136,77,
6,46705715,229,105,
6,46705830,37,9,24
6,46705952,128,163,
6,46706001,8,15,
6,46706528,664,212,
6,46706564,28,8,
6,46706668,67,31,
6,46706796,59,74,
6,46706906,511,224,
6,46706947,183,86,
6,46707117,5,1,
6,46707409,12,5,
6,46707464,12,5,
6,46707572,576,696,
6,46707708,75,5,
6,46707904,35,14,
6,46708032,242,156,
6,46708055,76,20,
6,46708096,116,27,
6,46708351,67,20,
6,46708592,60,14,
6,46708601,200,66,
6,46708678,480,257,
6,46708766,87,16,
6,46708990,46,6,
6,46709007,24,15,
6,46709179,303,91,
6,46709249,8,0,
6,46709320,98,129,
6,46709543,204,110,
6,46709548,136,109,
6,46709727,408,103,
6,46709903,9,2,
6,46710042,62,35,
6,46710560,26,10,
6,46710569,48,16,
6,46710756,45,16,
6,46711171,18,3,
6,46711380,189,152,
6,46711574,334,349,
6,46711649,146,88,
6,46712547,64,10,
6,46712678,697,497,
6,46712790,21,3,
6,46712815,179,66,
6,46713055,5,0,
6,46713106,529,151,
6,46713387,141,57,
6,46713444,158,130,
6,46713473,27,24,
6,46713526,289,297,
6,46713704,84,68,
6,46713924,438,506,
6,46713929,284,405,
6,46714673,18,2,
6,46714916,31,10,
6,46715600,287,84,
6,46715766,38,13,
6,46716016,8,3,
6,46716469,268,190,
6,46716560,73,100,
6,46716696,97,56,
6,46716806,46,13,
6,46717409,7,0,
6,46717442,134,60,
6,46717472,10,0,
6,46717507,167,111,
6,46717536,33,5,
6,46717556,935,604,
6,46717848,4,0,
6,46717960,205,157,
6,46718061,303,143,
6,46718086,70,105,
6,46718299,58,103,
6,46718330,36,18,
6,46718485,159,208,
6,46718869,27,5,
6,46719222,547,546,
6,46719229,725,224,
6,46719363,9,11,
6,46719423,90,47,
6,46719489,73,66,
6,46719491,707,763,
6,46719774,5,5,
6,46719899,260,68,
6,46720276,3,0,
6,46720395,933,504,
6,46720987,9,1,
6,46721019,52,69,
6,46721179,301,81,
6,46721388,17,8,
6,46721418,86,164,
6,46721421,27,21,18
6,46721452,115,113,
6,46721474,86,35,
6,46721488,154,24,
6,46721653,27,7,
6,46721703,75,25,
6,46721802,1298,239,
6,46721855,5,0,
6,46721933,47,18,
6,46721960,6,1,
6,46722038,70,123,
6,46722074,74,14,
6,46722143,20,2,
6,46722188,60,14,
6,46722284,6,3,
6,46722285,44,24,
6,46722570,222,20,
6,46722853,146,74,
6,46723183,47,12,
6,46723190,60,31,
6,46723384,737,628,
6,46723478,3,0,
6,46723694,131,58,
6,46723859,31,6,
6,46723898,28,4,
6,46723990,653,356,
6,46724470,21,12,
6,46724542,11,1,
6,46724565,47,5,
6,46724567,10,5,
6,46724675,38,15,
6,46724743,15,4,
6,46725268,195,30,
6,46725288,381,352,
6,46725300,331,133,
6,46725389,73,20,
6,46725578,22,2,
6,46725632,136,73,
6,46725804,26,20,
6,46726259,25,32,
6,46726526,147,34,
6,46726808,15,0,
6,46726820,51,38,
6,46726857,244,151,
6,46726907,39,36,
6,46726916,122,36,
6,46726959,46,1,
6,46727135,10,1,
6,46727424,19,6,
6,46727587,1068,513,
6,46727862,53,11,
6,46727992,24,11,
6,46728070,5,1,
6,46728109,7,0,
6,46728157,158,161,
6,46728197,176,141,
6,46728385,42,21,
6,46728421,10,6,
6,46728659,3,3,
6,46728680,119,39,
6,46728698,29,22,
6,46728781,51,20,
6,46728808,472,103,
6,46728950,33,11,
6,46729280,20,9,
6,46729368,545,414,
6,46729866,25,7,
6,46729874,13,2,
6,46730214,181,128,
6,46730233,40,20,
6,46730346,100,47,
6,46730436,229,185,
6,46730504,498,271,
6,46730671,93,92,
6,46730826,12,0,
6,46730885,343,117,
6,46730926,14,4,
6,46730995,48,46,
6,46731068,238,60,
6,46731432,273,88,
6,46731498,14,3,
6,46731513,4,1,
6,46731612,81,33,
6,46731638,10,9,
6,46731748,260,275,
6,46731964,3,1,
6,46731976,764,479,
6,46731996,243,87,
6,46732213,279,138,
6,46732242,30,1,
6,46732555,47,9,
6,46732929,7,0,
6,46732967,257,112,
6,46733301,85,20,
6,46733522,27,23,
6,46733624,236,325,
6,46733899,23,4,
6,46733905,11,9,
6,46734069,8,16,
6,46734194,16,32,
6,46734300,6,2,
6,46734302,389,418,
6,46734469,10,6,
6,46734608,3,0,
6,46735022,61,10,
6,46735133,105,14,
6,46735139,98,44,
6,46735179,92,25,
6,46735231,29,15,
6,46735308,44,37,
6,46735489,162,61,
6,46735511,464,305,
6,46735545,1010,635,
6,46735616,239,59,
6,46735644,292,156,
6,46735649,13,0,
6,46735963,15,6,
6,46736048,110,149,
6,46736091,185,175,
6,46736138,9,0,
6,46736217,6,4,
6,46736279,9,0,
6,46736329,11,2,
6,46736607,4,1,
6,46736653,21,6,
6,46736682,7,8,
6,46736683,333,350,
6,46736978,7,1,
6,46737076,32,10,
6,46737136,9,2,
6,46737202,115,27,25
6,46737236,8,1,
6,46737447,230,235,
6,46737467,20,8,
6,46737630,434,201,
6,46737865,56,13,
6,46737904,8,1,
6,46737957,121,22,
6,46737964,14,0,
6,46738151,8,0,
6,46738241,13,9,
6,46738243,6,0,
6,46738297,8,5,
6,46738698,12,3,
6,46738809,4,1,
6,46738853,69,52,
6,46739043,32,3,
6,46739075,9,1,
6,46739078,139,103,
6,46739107,10,4,
6,46739257,5,0,
6,46739364,14,0,
6,46739621,20,1,
6,46739690,17,14,
6,46739781,6,0,
6,46739802,5,8,
6,46739921,5,1,
6,46739922,17,3,
6,46740029,340,204,
6,46740189,8,0,
6,46740280,41,27,
6,46740548,69,26,
6,46740584,13,0,
6,46740644,108,91,
6,46740705,20,12,
6,46740748,160,64,
6,46740974,24,7,
6,46740997,5,1,
6,46741123,4,8,
6,46741347,6,0,
6,46741472,40,8,
6,46741482,100,30,
6,46741606,7,2,
6,46741711,4,3,
6,46741801,18,5,
6,46741923,53,20,28
6,46741929,45,40,
6,46742035,6,0,
6,46742044,7,1,
6,46742074,3,0,
6,46742261,8,5,
6,46742298,5,1,
6,46742362,441,253,
6,46742389,455,270,
6,46742405,18,9,
6,46742431,14,0,
6,46742432,184,116,
6,46742448,3,0,
6,46742618,19,2,
6,46742635,157,104,
6,46742682,3,0,
6,46742800,5,5,
6,46742828,37,35,
6,46742902,3,2,
6,46742935,7,2,
6,46742967,5,0,
6,46742992,3,0,
6,46743154,500,299,
6,46743199,6,0,
6,46743219,62,111,
6,46743328,60,81,
6,46743466,17,1,
6,46743729,4,0,
6,46743867,26,47,
6,46743883,3,0,
6,46743887,11,1,
6,46743908,366,246,13
6,46743951,18,2,
6,46743958,9,0,
6,46744125,26,4,
6,46744214,3,0,
6,46744569,36,3,
6,46744572,114,124,
6,46744647,92,24,18
6,46744807,164,104,20
6,46744843,6,5,
6,46744856,10,2,
6,46744874,11,0,
6,46744938,6,1,
6,46744952,7,1,
6,46744968,98,118,
6,46744999,5,2,
6,46745138,30,0,
6,46745150,25,2,
6,46745228,47,0,
6,46745233,193,85,
6,46745259,139,12,
6,46745372,4,4,
6,46745459,9,1,
6,46745480,4,0,
6,46745831,13,6,
6,46745922,154,79,14
6,46745998,82,107,
6,46746034,3,0,
6,46746061,3,0,
6,46746096,16,17,
6,46746136,4,0,
6,46746231,13,2,
6,46746239,3,6,
6,46746242,15,5,
6,46746266,46,17,28
6,46746288,6,6,
6,46746297,5,1,
6,46746476,475,292,2
6,46746477,10,1,
6,46746517,43,17,
6,46746554,6,3,
6,46746570,66,18,
6,46746650,7,0,
6,46746681,88,23,26
6,46746700,17,4,
6,46746742,12,3,
6,46746792,8,0,
6,46746829,7,2,
6,46746900,35,7,
6,46746946,115,103,
6,46747022,26,24,
6,46747078,16,0,
6,46747099,3,8,
6,46747119,156,52,10
6,46747213,21,11,
6,46747299,7,3,
6,46747351,8,1,
6,46747366,244,86,30
6,46747403,9,2,
6,46747458,3,1,
6,46747511,5,0,
6,46747571,5,0,
6,46747633,11,1,
6,46747686,12,1,
6,46747777,29,17,
6,46747819,5,0,
6,46747827,188,65,22
6,46747849,7,0,
6,46747851,15,3,
6,46748071,35,16,
6,46748101,14,0,
6,46748106,16,0,
6,46748112,12,0,
6,46748333,9,0,
6,46748340,4,0,
6,46748404,23,1,
6,46748551,10,3,
6,46748603,98,140,
6,46748771,200,187,
6,46748795,8,0,
6,46749053,117,44,9
6,46749118,7,2,
6,46749198,261,217,3
6,46749213,10,1,
6,46749261,20,8,
6,46749396,6,1,
6,46749508,18,3,
6,46749511,5,0,
6,46749559,6,0,
6,46749565,4,0,
6,46749636,42,7,
6,46749671,75,5,4
6,46749682,37,2,
6,46749903,6,0,
6,46750024,12,0,27
6,46750053,38,3,
6,46750118,22,5,
6,46750214,31,3,6
6,46750358,84,31,12
6,46750367,9,0,
6,46750417,5,1,
6,46750425,128,20,1
6,46750437,15,2,8
6,46750470,81,57,16
6,46750481,3,1,
6,46750485,40,31,5
6,46750577,48,14,
6,46750767,30,47,15
6,46750794,23,8,
6,46750852,127,28,4
6,46750937,4,0,
6,46751151,9,0,
6,46751311,6,0,
7,46686607,89,252,
7,46686640,470,726,
7,46686655,404,209,
7,46686745,35,10,
7,46687504,96,18,
7,46687603,36,9,
7,46687705,98,51,
7,46687841,56,65,
7,46688101,47,37,
7,46688133,50,9,
7,46688173,124,65,
7,46688191,30,7,
7,46688229,46,99,
7,46688521,18,4,
7,46688804,62,19,3
7,46688954,255,209,
7,46688971,523,334,
7,46689065,239,83,
7,46689342,37,16,
7,46689631,117,27,
7,46689834,27,3,
7,46690092,93,52,
7,46690402,599,307,
7,46690530,78,27,
7,46690779,78,11,20
7,46690907,348,258,
7,46691108,307,237,
7,46691243,454,450,
7,46691454,99,36,
7,46691531,6,0,8
7,46691660,98,72,
7,46691835,194,146,
7,46691963,13,2,13
7,46692116,425,68,
7,46692347,36,9,
7,46692594,774,801,
7,46693205,454,373,
7,46693346,627,840,
7,46693959,213,70,
7,46694124,255,82,
7,46694618,276,84,
7,46694929,18,17,
7,46695415,118,65,
7,46695467,26,7,
7,46695628,565,112,
7,46695747,103,121,
7,46695978,55,28,
7,46695986,102,13,
7,46696081,21,5,
7,46696111,15,11,
7,46696276,163,35,
7,46696283,204,64,
7,46696300,196,93,
7,46696303,315,566,
7,46696309,43,8,
7,46696357,253,168,
7,46696683,91,55,
7,46696699,127,224,
7,46697075,33,1,
7,46697518,19,3,
7,46697735,20,28,
7,46697876,54,3,12
7,46697908,134,44,
7,46698061,263,152,
7,46698370,193,80,
7,46698469,46,5,
7,46698623,55,19,
7,46698660,455,257,
7,46698684,12,0,
7,46699072,188,145,
7,46699260,26,8,
7,46699324,32,14,
7,46699597,43,22,
7,46699697,46,12,5
7,46700384,25,7,27
7,46700503,258,56,
7,46700594,633,370,
7,46700809,155,116,
7,46701114,106,65,
7,46701373,10,0,
7,46701733,431,264,
7,46701969,208,144,
7,46702099,233,159,
7,46702272,14,1,
7,46702411,259,345,
7,46702980,36,7,
7,46703301,276,136,
7,46703317,185,19,
7,46703763,763,721,
7,46704223,136,407,
7,46704310,109,55,
7,46704555,255,182,
7,46704943,148,115,
7,46705134,25,49,
7,46705201,262,80,
7,46705512,19,1,
7,46705676,136,77,
7,46705715,229,105,
7,46705830,37,9,
7,46705952,128,163,
7,46706001,8,15,
7,46706528,664,212,
7,46706564,28,8,
7,46706668,67,31,
7,46706796,59,74,
7,46706906,512,224,
7,46706947,183,86,
7,46707117,5,1,
7,46707409,12,5,
7,46707464,12,5,
7,46707572,576,696,
7,46707708,75,5,
7,46707904,35,14,
7,46708032,242,156,
7,46708055,76,20,
7,46708096,116,27,
7,46708351,67,20,
7,46708592,60,14,
7,46708601,200,66,
7,46708678,480,257,
7,46708766,87,16,
7,46708990,46,6,
7,46709007,24,15,
7,46709179,303,91,
7,46709249,8,0,
7,46709320,98,129,
7,46709543,204,111,
7,46709548,136,109,
7,46709727,408,103,
7,46709903,9,2,
7,46710042,62,35,
7,46710560,26,10,
7,46710569,48,16,
7,46710756,45,16,
7,46711171,18,3,
7,46711380,189,152,
7,46711574,334,350,
7,46711649,147,88,
7,46712547,64,10,
7,46712678,697,497,
7,46712790,21,3,
7,46712815,179,66,
7,46713055,5,0,
7,46713106,529,151,
7,46713387,141,57,
7,46713444,158,130,
7,46713473,27,24,
7,46713526,289,297,
7,46713704,85,68,
7,46713924,438,506,
7,46713929,284,405,
7,46714673,18,2,
7,46714916,31,10,
7,46715600,287,84,
7,46715766,38,13,
7,46716016,8,3,
7,46716469,268,190,
7,46716560,73,100,
7,46716696,97,56,
7,46716806,46,13,
7,46717442,134,60,
7,46717472,10,0,
7,46717507,167,111,
7,46717536,33,5,
7,46717556,935,604,
7,46717848,4,0,
7,46717960,205,157,
7,46718061,303,143,
7,46718086,70,105,
7,46718299,58,103,
7,46718330,36,18,
7,46718485,159,209,
7,46718869,27,5,
7,46719222,547,546,
7,46719229,725,224,
7,46719363,9,11,
7,46719423,90,47,
7,46719489,73,66,
7,46719491,707,763,
7,46719774,5,5,
7,46719899,260,68,
7,46720276,3,0,
7,46720395,933,504,
7,46720987,9,1,
7,46721019,52,69,
7,46721179,301,81,
7,46721388,17,8,
7,46721418,86,164,
7,46721421,30,23,16
7,46721452,115,114,
7,46721474,86,35,
7,46721488,154,24,
7,46721653,27,7,
7,46721703,75,25,
7,46721802,1298,240,
7,46721855,5,0,
7,46721933,47,18,
7,46721960,6,1,
7,46722038,70,123,
7,46722074,74,14,
7,46722143,20,2,
7,46722188,60,14,
7,46722284,6,3,
7,46722285,44,24,
7,46722570,222,20,
7,46722853,146,74,
7,46723183,47,12,
7,46723190,60,31,
7,46723384,737,628,
7,46723478,3,0,
7,46723694,131,58,
7,46723859,31,6,
7,46723898,28,4,
7,46723990,653,356,
7,46724470,21,12,
7,46724542,11,1,
7,46724565,47,5,
7,46724567,10,5,
7,46724675,38,15,
7,46724743,15,4,
7,46725268,195,30,
7,46725288,381,352,
7,46725300,331,133,
7,46725389,73,20,
7,46725578,22,2,
7,46725632,136,73,
7,46725804,26,20,
7,46726259,25,32,
7,46726526,147,34,
7,46726808,15,0,
7,46726820,51,38,
7,46726857,244,151,
7,46726907,39,36,
7,46726916,123,36,
7,46726959,46,1,
7,46727135,10,1,
7,46727424,19,6,
7,46727587,1068,514,
7,46727862,53,11,
7,46727992,25,11,
7,46728070,5,1,
7,46728109,7,0,
7,46728157,158,161,
7,46728197,176,141,
7,46728385,42,21,
7,46728421,10,6,
7,46728659,3,3,
7,46728680,119,39,
7,46728698,29,22,
7,46728781,51,20,
7,46728808,473,103,
7,46728950,33,11,
7,46729280,20,9,
7,46729368,545,415,
7,46729874,13,2,
7,46730214,181,128,
7,46730233,40,20,
7,46730346,100,47,
7,46730436,229,185,
7,46730504,498,271,
7,46730671,93,92,
7,46730826,12,0,
7,46730885,343,117,
7,46730926,14,4,
7,46730995,48,46,
7,46731068,238,60,
7,46731432,273,88,
7,46731498,14,3,
7,46731513,4,1,
7,46731612,81,33,
7,46731638,10,9,
7,46731748,260,275,
7,46731964,3,1,
7,46731976,764,479,
7,46731996,243,87,
7,46732213,279,138,
7,46732242,30,1,
7,46732555,47,9,
7,46732929,7,0,
7,46732967,258,112,
7,46733301,86,20,
7,46733522,27,23,
7,46733624,237,325,
7,46733899,23,4,
7,46733905,11,9,
7,46734069,8,16,
7,46734194,16,32,
7,46734300,6,2,
7,46734302,390,418,
7,46734469,10,6,
7,46734608,3,0,
7,46735022,61,10,
7,46735133,105,14,
7,46735139,98,44,
7,46735179,92,25,
7,46735231,29,15,
7,46735308,44,37,
7,46735489,162,61,
7,46735511,465,305,
7,46735545,1010,637,
7,46735616,239,59,
7,46735644,292,156,
7,46735649,13,0,
7,46735963,15,6,
7,46736048,111,149,
7,46736091,185,175,
7,46736138,9,0,
7,46736217,6,4,
7,46736279,9,0,
7,46736329,11,2,
7,46736607,4,1,
7,46736653,21,6,
7,46736682,7,8,
7,46736683,336,350,
7,46736978,7,1,
7,46737076,32,10,
7,46737136,9,2,
7,46737202,122,27,22
7,46737236,8,1,
7,46737447,230,235,
7,46737467,20,8,
7,46737630,434,201,
7,46737865,56,13,
7,46737904,8,1,
7,46737957,121,22,
7,46737964,14,0,
7,46738151,8,0,
7,46738241,13,9,
7,46738243,6,0,
7,46738297,8,5,
7,46738698,12,3,
7,46738809,4,1,
7,46738853,69,52,
7,46739043,32,3,
7,46739075,9,1,
7,46739078,139,103,
7,46739107,10,4,
7,46739257,5,0,
7,46739364,14,0,
7,46739621,20,1,
7,46739690,17,14,
7,46739781,6,0,
7,46739802,5,8,
7,46739921,5,1,
7,46740029,341,209,
7,46740189,8,0,
7,46740280,41,27,
7,46740548,69,26,
7,46740584,13,0,
7,46740644,108,91,
7,46740705,20,13,
7,46740748,160,66,
7,46740974,24,7,
7,46740997,5,1,
7,46741123,4,8,
7,46741347,6,0,
7,46741472,42,8,
7,46741482,101,30,
7,46741606,7,2,
7,46741711,5,3,
7,46741923,56,20,23
7,46741929,45,40,
7,46742035,6,0,
7,46742044,7,1,
7,46742074,3,0,
7,46742261,8,5,
7,46742298,5,1,
7,46742362,442,254,
7,46742389,459,270,
7,46742405,18,9,
7,46742431,14,0,
7,46742432,188,116,
7,46742448,3,0,
7,46742618,19,2,
7,46742635,159,104,
7,46742682,3,0,
7,46742800,5,5,
7,46742828,37,35,
7,46742902,3,2,
7,46742935,7,2,
7,46742967,5,0,
7,46742992,3,0,
7,46743154,507,300,30
7,46743199,6,0,
7,46743219,64,112,
7,46743328,60,81,
7,46743466,17,1,
7,46743729,5,0,
7,46743867,26,47,
7,46743883,3,0,
7,46743887,11,1,
7,46743908,380,249,9
7,46743951,18,2,
7,46743958,9,0,
7,46744125,26,4,
7,46744214,3,0,
7,46744569,37,3,
7,46744572,115,127,
7,46744647,98,25,15
7,46744807,166,107,18
7,46744843,6,5,
7,46744856,10,2,
7,46744874,11,0,
7,46744938,6,1,
7,46744952,7,1,
7,46744968,99,119,
7,46744999,5,2,
7,46745138,35,0,
7,46745150,26,2,
7,46745228,47,0,
7,46745233,193,87,
7,46745259,139,12,
7,46745372,4,4,
7,46745459,9,1,
7,46745480,4,0,
7,46745831,13,6,
7,46745922,157,80,14
7,46745998,85,108,
7,46746034,3,0,
7,46746061,3,0,
7,46746096,16,17,
7,46746136,4,1,
7,46746231,13,2,
7,46746239,3,6,
7,46746242,15,5,
7,46746266,48,19,28
7,46746288,6,6,
7,46746297,5,1,
7,46746476,508,312,1
7,46746477,11,1,
7,46746517,43,17,
7,46746554,6,3,
7,46746570,67,20,
7,46746650,8,0,
7,46746681,95,24,26
7,46746700,17,4,
7,46746742,12,4,
7,46746792,8,0,
7,46746829,7,2,
7,46746900,36,7,
7,46746946,116,105,
7,46747022,26,24,
7,46747078,16,0,
7,46747099,3,8,
7,46747119,163,52,7
7,46747213,22,12,
7,46747299,7,3,
7,46747351,8,1,
7,46747366,248,88,29
7,46747403,10,2,
7,46747458,3,1,
7,46747511,5,0,
7,46747571,6,0,
7,46747633,11,1,
7,46747686,12,2,
7,46747777,29,17,
7,46747819,5,0,
7,46747827,200,68,21
7,46747849,7,0,
7,46747851,15,3,
7,46748071,36,16,
7,46748101,14,0,
7,46748106,16,0,
7,46748112,12,0,
7,46748333,9,0,
7,46748340,4,0,
7,46748404,23,1,
7,46748551,10,3,
7,46748603,98,141,
7,46748771,205,192,
7,46748795,8,0,
7,46749053,125,48,8
7,46749118,8,2,
7,46749198,295,237,2
7,46749213,13,1,
7,46749261,23,9,
7,46749374,8,2,
7,46749396,6,1,
7,46749508,18,3,
7,46749511,5,0,
7,46749559,8,0,
7,46749565,5,0,
7,46749636,45,7,
7,46749671,86,6,6
7,46749903,7,0,
7,46750024,18,0,24
7,46750053,40,3,
7,46750118,25,6,
7,46750214,38,3,4
7,46750358,106,46,10
7,46750367,10,0,
7,46750417,5,1,
7,46750425,141,26,1
7,46750437,18,2,19
7,46750470,94,76,16
7,46750481,3,1,
7,46750485,48,42,5
7,46750767,31,56,
7,46750794,28,9,
7,46750852,183,49,4
7,46751132,4,0,
7,46751297,4,0,
7,46751311,16,0,
8,46686607,89,252,
8,46686640,471,726,
8,46686655,404,209,
8,46686745,35,10,
8,46687504,96,18,
8,46687603,36,9,
8,46687705,98,51,
8,46687841,56,65,
8,46688101,47,37,
8,46688133,51,9,
8,46688173,124,65,
8,46688191,30,7,
8,46688229,46,99,
8,46688521,18,5,
8,46688804,116,43,1
8,46688954,255,209,
8,46688971,523,334,
8,46689065,239,83,
8,46689342,37,17,
8,46689631,120,27,
8,46689834,27,3,
8,46690092,93,52,
8,46690402,599,307,
8,46690530,78,27,
8,46690779,83,15,19
8,46690907,348,258,
8,46691108,308,240,
8,46691243,454,450,
8,46691454,99,36,
8,46691531,8,0,
8,46691660,98,72,
8,46691835,194,146,
8,46691963,14,2,14
8,46692116,425,68,
8,46692347,36,9,
8,46692594,774,801,
8,46693205,454,373,
8,46693346,627,840,
8,46693460,8,3,18
8,46693959,213,70,
8,46694124,255,82,
8,46694618,280,84,
8,46694929,19,17,
8,46695415,118,65,
8,46695467,26,7,
8,46695628,565,112,
8,46695747,103,121,
8,46695978,55,28,
8,46695986,102,13,
8,46696081,21,5,
8,46696111,15,11,
8,46696276,163,35,
8,46696283,205,65,
8,46696300,196,93,
8,46696303,315,566,
8,46696309,43,8,
8,46696357,253,168,
8,46696683,91,55,
8,46696699,127,224,
8,46697075,33,1,
8,46697518,19,3,
8,46697735,20,28,
8,46697876,61,3,11
8,46697908,134,44,
8,46698061,263,152,
8,46698370,193,80,
8,46698469,46,5,
8,46698623,55,19,
8,46698660,455,257,
8,46698684,12,0,
8,46699072,188,145,
8,46699260,26,8,
8,46699324,32,14,
8,46699597,43,22,
8,46699697,63,14,4
8,46700384,27,9,25
8,46700503,258,56,
8,46700594,633,370,
8,46700809,155,116,
8,46701114,106,65,
8,46701373,10,0,
8,46701733,431,264,
8,46701969,208,144,
8,46702099,233,159,
8,46702272,14,1,
8,46702411,260,345,
8,46702980,36,7,
8,46703301,276,136,
8,46703317,185,19,
8,46703763,763,721,
8,46704223,136,407,
8,46704310,109,55,
8,46704555,256,182,
8,46704943,148,116,
8,46705134,26,50,
8,46705201,262,80,
8,46705512,19,1,
8,46705676,136,77,
8,46705715,229,105,
8,46705830,38,9,
8,46705952,128,164,
8,46706001,8,15,
8,46706528,664,212,
8,46706564,28,8,
8,46706668,67,31,
8,46706796,59,74,
8,46706906,512,224,
8,46706947,183,86,
8,46707117,5,1,
8,46707409,12,5,
8,46707464,12,5,
8,46707572,576,696,
8,46707708,75,5,
8,46707904,35,14,
8,46708032,242,157,
8,46708055,76,20,
8,46708096,116,27,
8,46708351,67,20,
8,46708592,60,14,
8,46708601,200,66,
8,46708678,480,257,
8,46708766,87,16,
8,46708990,46,6,
8,46709007,24,15,
8,46709179,303,91,
8,46709249,8,0,
8,46709320,98,129,
8,46709543,204,111,
8,46709548,136,109,
8,46709727,408,103,
8,46709903,9,2,
8,46710042,62,35,
8,46710560,26,10,
8,46710569,48,16,
8,46710756,45,16,
8,46711171,18,3,
8,46711380,189,152,
8,46711574,334,350,
8,46711649,147,88,
8,46712547,64,10,
8,46712678,697,497,
8,46712790,21,3,
8,46712815,179,66,
8,46713055,5,0,
8,46713106,529,151,
8,46713387,141,57,
8,46713444,158,130,
8,46713473,27,24,
8,46713526,289,297,
8,46713704,85,68,
8,46713924,438,506,
8,46713929,284,405,
8,46714673,18,2,
8,46714916,31,10,
8,46715600,287,84,
8,46715766,38,13,
8,46716016,8,3,
8,46716469,268,190,
8,46716560,73,100,
8,46716696,97,56,
8,46716806,46,13,
8,46717442,134,60,
8,46717472,10,0,
8,46717507,167,111,
8,46717536,33,5,
8,46717556,936,604,
8,46717848,4,0,
8,46717960,205,157,
8,46718061,303,143,
8,46718086,70,105,
8,46718299,58,103,
8,46718330,36,18,
8,46718485,159,209,
8,46718869,27,5,
8,46719222,547,546,
8,46719229,725,224,
8,46719363,9,11,
8,46719423,90,47,
8,46719489,73,66,
8,46719491,707,763,
8,46719774,5,5,
8,46719899,260,68,
8,46720276,3,0,
8,46720395,933,504,
8,46720987,9,1,
8,46721019,52,69,
8,46721179,301,81,
8,46721388,17,8,
8,46721418,86,164,
8,46721421,34,26,16
8,46721452,115,114,
8,46721474,86,35,
8,46721488,155,24,
8,46721653,27,7,
8,46721703,75,25,
8,46721802,1298,240,
8,46721855,5,0,
8,46721933,47,18,
8,46721960,6,1,
8,46722038,70,123,
8,46722074,74,14,
8,46722143,20,2,
8,46722188,60,14,
8,46722284,6,3,
8,46722285,44,24,
8,46722570,222,20,
8,46722853,146,74,
8,46723183,47,12,
8,46723190,60,31,
8,46723384,737,628,
8,46723478,3,0,
8,46723694,131,58,
8,46723859,31,6,
8,46723898,28,4,
8,46723990,653,356,
8,46724470,21,12,
8,46724542,11,1,
8,46724565,47,5,
8,46724567,10,5,
8,46724675,38,15,
8,46724743,15,4,
8,46725268,195,30,
8,46725288,381,352,
8,46725300,331,133,
8,46725389,73,20,
8,46725578,22,2,
8,46725632,136,73,
8,46725804,26,20,
8,46726259,25,32,
8,46726526,147,34,
8,46726808,15,0,
8,46726820,51,38,
8,46726857,244,151,
8,46726907,39,36,
8,46726916,123,36,
8,46726959,46,1,
8,46727135,10,1,
8,46727424,19,6,
8,46727587,1068,515,
8,46727862,53,11,
8,46727992,25,11,
8,46728070,5,1,
8,46728109,7,0,
8,46728157,158,161,
8,46728197,176,141,
8,46728385,42,21,
8,46728421,10,6,
8,46728659,3,3,
8,46728680,119,39,
8,46728698,29,22,
8,46728781,51,20,
8,46728808,474,103,
8,46728950,33,11,
8,46729280,20,9,
8,46729368,545,416,
8,46730214,181,128,
8,46730233,40,20,
8,46730346,100,47,
8,46730436,229,185,
8,46730504,499,272,
8,46730671,93,92,
8,46730826,12,0,
8,46730885,343,117,
8,46730926,14,4,
8,46730995,48,46,
8,46731068,242,60,
8,46731432,273,88,
8,46731498,14,3,
8,46731513,4,1,
8,46731612,81,33,
8,46731638,10,9,
8,46731748,260,275,
8,46731964,3,1,
8,46731976,767,479,
8,46731996,243,87,
8,46732213,279,138,
8,46732242,30,1,
8,46732555,47,9,
8,46732929,7,0,
8,46732967,258,112,
8,46733301,87,20,
8,46733522,27,23,
8,46733624,237,327,
8,46733899,23,4,
8,46733905,11,9,
8,46734069,8,16,
8,46734194,16,32,
8,46734300,6,2,
8,46734302,390,418,
8,46734469,10,6,
8,46734608,3,0,
8,46735022,61,11,
8,46735133,105,14,
8,46735139,98,44,
8,46735179,92,25,
8,46735231,29,15,
8,46735308,44,37,
8,46735489,162,61,
8,46735511,465,305,
8,46735545,1011,638,
8,46735616,239,59,
8,46735644,292,156,
8,46735649,13,0,
8,46735963,15,6,
8,46736048,111,149,
8,46736091,185,175,
8,46736217,6,5,
8,46736279,9,0,
8,46736329,11,2,
8,46736607,4,1,
8,46736653,21,6,
8,46736682,7,8,
8,46736683,336,351,
8,46736978,7,1,
8,46737076,32,10,
8,46737136,9,2,
8,46737202,128,29,22
8,46737236,8,1,
8,46737447,230,240,
8,46737467,20,8,
8,46737630,435,201,
8,46737865,56,13,
8,46737904,8,1,
8,46737957,121,22,
8,46737964,14,0,
8,46738151,8,0,
8,46738241,13,9,
8,46738243,6,0,
8,46738297,8,5,
8,46738698,12,3,
8,46738809,4,1,
8,46738853,69,52,
8,46739043,32,3,
8,46739075,9,1,
8,46739078,139,103,
8,46739107,10,4,
8,46739257,5,0,
8,46739364,14,0,
8,46739621,20,1,
8,46739690,17,14,
8,46739781,6,0,
8,46739802,5,8,
8,46739921,5,1,
8,46740029,342,209,
8,46740189,8,0,
8,46740280,41,27,
8,46740548,69,26,
8,46740584,13,0,
8,46740644,108,91,
8,46740705,20,13,
8,46740748,162,68,
8,46740974,24,7,
8,46740997,5,1,
8,46741123,4,8,
8,46741347,6,0,
8,46741472,44,8,
8,46741482,102,30,
8,46741606,7,2,
8,46741711,5,3,
8,46741923,60,21,24
8,46741929,45,40,
8,46742035,6,0,
8,46742044,7,1,
8,46742074,3,0,
8,46742261,9,5,
8,46742298,5,1,
8,46742362,445,256,
8,46742389,467,270,
8,46742405,18,9,
8,46742431,14,0,
8,46742432,189,116,
8,46742448,3,0,
8,46742618,19,2,
8,46742635,160,107,
8,46742682,3,0,
8,46742800,5,5,
8,46742828,37,35,
8,46742902,3,2,
8,46742935,7,3,
8,46742967,5,0,
8,46742992,3,0,
8,46743154,509,302,
8,46743199,6,0,
8,46743219,65,112,
8,46743328,61,81,
8,46743466,17,1,
8,46743729,5,0,
8,46743867,26,47,
8,46743883,3,0,
8,46743887,11,1,
8,46743908,389,259,8
8,46743951,19,2,
8,46743958,9,0,
8,46744125,26,4,
8,46744214,3,0,
8,46744569,37,3,
8,46744572,115,127,
8,46744647,102,25,15
8,46744807,168,110,18
8,46744843,6,6,
8,46744856,10,2,
8,46744874,12,0,
8,46744938,6,1,
8,46744952,7,1,
8,46744968,100,119,
8,46744999,5,2,
8,46745138,38,0,
8,46745150,25,2,
8,46745228,48,0,
8,46745233,195,87,
8,46745259,142,12,
8,46745372,4,4,
8,46745459,10,1,
8,46745480,4,0,
8,46745831,14,6,
8,46745922,166,81,12
8,46745998,86,109,
8,46746034,3,0,
8,46746061,3,0,
8,46746096,16,18,
8,46746136,4,1,
8,46746231,13,2,
8,46746239,3,6,
8,46746242,15,5,
8,46746266,51,22,26
8,46746288,6,6,
8,46746297,5,1,
8,46746476,543,330,1
8,46746477,12,2,
8,46746517,43,17,
8,46746554,6,3,
8,46746570,68,20,
8,46746650,8,0,
8,46746681,100,25,23
8,46746700,17,4,
8,46746742,12,4,
8,46746792,8,0,
8,46746829,7,2,
8,46746900,38,7,30
8,46746946,117,108,
8,46747022,27,24,
8,46747078,16,0,
8,46747099,3,8,
8,46747119,169,53,7
8,46747213,23,12,
8,46747299,7,3,
8,46747351,8,1,
8,46747366,257,91,28
8,46747403,10,2,
8,46747458,3,1,
8,46747511,5,0,
8,46747571,6,0,
8,46747633,11,1,
8,46747686,12,2,
8,46747777,30,17,
8,46747819,5,0,
8,46747827,212,77,21
8,46747849,7,0,
8,46747851,15,3,
8,46748071,37,16,
8,46748101,14,0,
8,46748106,16,0,
8,46748112,12,0,
8,46748333,10,0,
8,46748340,4,0,
8,46748404,25,1,
8,46748551,10,3,
8,46748603,99,142,
8,46748771,223,193,
8,46748795,8,0,
8,46749053,132,52,8
8,46749118,9,2,
8,46749198,343,267,1
8,46749213,15,1,
8,46749261,23,9,
8,46749374,9,2,
8,46749396,6,1,
8,46749508,18,3,
8,46749511,5,0,
8,46749559,8,0,
8,46749565,5,0,
8,46749636,45,7,
8,46749671,98,5,6
8,46749903,7,0,
8,46750024,26,0,14
8,46750053,42,3,
8,46750118,30,10,
8,46750214,49,3,5
8,46750358,129,74,10
8,46750367,10,0,
8,46750417,5,1,
8,46750425,156,33,12
8,46750437,26,2,15
8,46750470,102,83,29
8,46750481,3,1,
8,46750485,48,42,
8,46750767,36,62,
8,46750794,31,9,
8,46750852,194,61,
8,46750893,3,0,
8,46750927,19,5,28
8,46750937,17,0,13
8,46751132,5,0,
8,46751297,8,1,
8,46751311,21,0,
8,46751835,9,0,19
9,46686607,89,252,
9,46686640,471,726,
9,46686655,404,209,
9,46686745,35,10,
9,46687504,96,18,
9,46687603,36,9,
9,46687705,98,51,
9,46687841,56,65,
9,46688101,47,37,
9,46688133,51,9,
9,46688173,124,65,
9,46688191,30,9,
9,46688229,46,99,
9,46688521,18,5,
9,46688804,177,76,1
9,46688954,255,209,
9,46688971,523,334,
9,46689065,239,83,
9,46689342,37,18,
9,46689631,120,27,
9,46689834,27,3,
9,46690092,93,52,
9,46690402,599,307,
9,46690530,78,27,
9,46690779,88,17,19
9,46690907,348,258,
9,46691108,313,240,
9,46691243,454,450,
9,46691454,99,36,
9,46691531,9,0,
9,46691660,98,72,
9,46691835,194,146,
9,46691963,14,2,18
9,46692116,425,68,
9,46692347,36,9,
9,46692594,774,801,
9,46693205,454,373,
9,46693346,627,840,
9,46693460,11,6,23
9,46693959,213,70,
9,46694124,255,82,
9,46694618,280,88,
9,46694929,19,17,
9,46695415,118,65,
9,46695467,26,7,
9,46695628,565,112,
9,46695747,103,121,
9,46695978,55,28,
9,46695986,102,13,
9,46696081,21,5,
9,46696111,15,11,
9,46696276,163,35,
9,46696283,207,65,
9,46696300,196,93,
9,46696303,315,566,
9,46696309,43,8,
9,46696357,253,168,
9,46696647,4,0,9
9,46696683,91,55,
9,46696699,127,224,
9,46697075,33,1,
9,46697518,19,3,
9,46697735,20,28,
9,46697876,69,3,12
9,46697908,134,44,
9,46698061,263,152,
9,46698370,193,80,
9,46698469,46,5,
9,46698623,55,19,
9,46698660,455,257,
9,46698684,12,0,
9,46699072,188,145,
9,46699260,26,8,
9,46699324,32,14,
9,46699597,43,22,
9,46699697,78,17,4
9,46700384,27,9,28
9,46700503,259,56,
9,46700594,634,370,
9,46700809,155,116,
9,46701114,106,65,
9,46701373,10,0,
9,46701733,431,264,
9,46701969,208,144,
9,46702099,234,159,
9,46702272,14,1,
9,46702411,260,345,
9,46702980,36,7,
9,46703301,276,136,
9,46703317,185,19,
9,46703763,763,722,
9,46704223,136,407,
9,46704310,109,55,
9,46704555,256,182,
9,46704943,148,116,
9,46705134,26,50,
9,46705201,262,80,
9,46705512,19,1,
9,46705676,136,77,
9,46705715,229,105,
9,46705830,39,9,
9,46705952,128,164,
9,46706001,8,15,
9,46706528,664,212,
9,46706564,28,8,
9,46706668,67,31,
9,46706796,59,74,
9,46706906,512,224,
9,46706947,183,86,
9,46707117,5,1,
9,46707409,12,5,
9,46707464,12,5,
9,46707572,576,696,
9,46707708,75,5,
9,46707904,35,14,
9,46708032,242,157,
9,46708055,76,20,
9,46708096,116,27,
9,46708351,67,20,
9,46708592,60,14,
9,46708601,200,66,
9,46708678,480,257,
9,46708766,87,16,
9,46708990,46,6,
9,46709007,24,15,
9,46709179,303,91,
9,46709249,8,0,
9,46709320,98,129,
9,46709543,204,111,
9,46709548,136,109,
9,46709727,408,103,
9,46709903,9,2,
9,46710042,62,35,
9,46710560,26,10,
9,46710569,48,16,
9,46710756,45,16,
9,46711171,18,3,
9,46711380,189,152,
9,46711574,334,350,
9,46711649,147,88,
9,46712547,64,10,
9,46712678,697,497,
9,46712790,21,3,
9,46712815,179,66,
9,46713055,5,0,
9,46713106,530,152,
9,46713387,141,57,
9,46713444,158,130,
9,46713473,27,24,
9,46713526,289,297,
9,46713704,85,68,
9,46713924,438,506,
9,46713929,284,405,
9,46714673,18,2,
9,46714916,31,10,
9,46715600,287,84,
9,46715766,38,13,
9,46716016,8,3,
9,46716469,268,190,
9,46716560,73,100,
9,46716696,97,56,
9,46716806,46,13,
9,46717442,134,60,
9,46717472,10,0,
9,46717507,167,111,
9,46717536,33,5,
9,46717556,936,604,
9,46717960,205,157,
9,46718061,303,143,
9,46718086,70,105,
9,46718299,58,103,
9,46718330,36,18,
9,46718485,159,209,
9,46718869,27,5,
9,46719222,547,548,
9,46719229,725,224,
9,46719363,9,11,
9,46719423,90,47,
9,46719489,73,66,
9,46719491,707,763,
9,46719774,6,5,
9,46719899,260,68,
9,46720276,3,0,
9,46720395,933,504,
9,46720987,9,1,
9,46721019,52,69,
9,46721179,301,81,
9,46721388,17,8,
9,46721418,86,164,
9,46721421,34,29,30
9,46721452,115,114,
9,46721474,86,35,
9,46721488,155,24,
9,46721653,27,7,
9,46721703,75,25,
9,46721802,1299,240,
9,46721855,5,0,
9,46721933,47,18,
9,46721960,6,1,
9,46722038,70,123,
9,46722074,74,14,
9,46722143,20,2,
9,46722188,60,14,
9,46722284,6,3,
9,46722285,44,24,
9,46722570,222,20,
9,46722853,146,74,
9,46723183,47,12,
9,46723190,60,31,
9,46723384,737,628,
9,46723478,3,0,
9,46723694,131,58,
9,46723859,31,6,
9,46723898,28,4,
9,46723990,653,356,
9,46724470,21,12,
9,46724542,11,1,
9,46724565,47,5,
9,46724567,10,5,
9,46724675,38,15,
9,46724743,15,4,
9,46725268,195,30,
9,46725288,381,352,
9,46725300,331,133,
9,46725389,73,20,
9,46725632,136,73,
9,46725804,26,20,
9,46726259,25,32,
9,46726526,147,34,
9,46726808,15,0,
9,46726820,51,38,
9,46726857,244,151,
9,46726907,39,36,
9,46726916,123,36,
9,46726959,46,1,
9,46727135,10,1,
9,46727424,19,6,
9,46727587,1069,516,
9,46727862,53,11,
9,46727992,25,11,
9,46728070,5,1,
9,46728109,7,0,
9,46728157,158,161,
9,46728197,176,141,
9,46728385,42,21,
9,46728421,10,6,
9,46728659,3,3,
9,46728680,119,39,
9,46728698,29,22,
9,46728781,51,20,
9,46728808,474,103,
9,46728950,33,11,
9,46729280,20,9,
9,46729368,545,416,
9,46730214,181,128,
9,46730233,40,20,
9,46730346,100,47,
9,46730436,229,185,
9,46730504,499,272,
9,46730671,94,92,
9,46730826,12,0,
9,46730885,344,117,
9,46730926,14,4,
9,46730995,48,46,
9,46731068,243,61,
9,46731432,273,88,
9,46731498,14,3,
9,46731513,4,1,
9,46731612,81,33,
9,46731638,10,9,
9,46731748,260,275,
9,46731964,3,1,
9,46731976,771,480,
9,46731996,243,87,
9,46732213,279,138,
9,46732242,30,1,
9,46732555,47,9,
9,46732929,7,0,
9,46732967,258,112,
9,46733301,87,20,
9,46733522,27,23,
9,46733624,238,327,
9,46733899,23,4,
9,46733905,11,9,
9,46734069,8,16,
9,46734194,16,33,
9,46734300,6,2,
9,46734302,390,418,
9,46734469,10,6,
9,46734608,3,0,
9,46735022,61,11,
9,46735133,105,14,
9,46735139,98,44,
9,46735179,93,25,
9,46735231,29,15,
9,46735308,44,37,
9,46735489,162,61,
9,46735511,465,305,
9,46735545,1013,638,
9,46735616,239,59,
9,46735644,292,156,
9,46735649,13,0,
9,46735963,15,6,
9,46736048,111,149,
9,46736091,185,175,
9,46736217,6,5,
9,46736329,11,2,
9,46736607,4,1,
9,46736653,21,6,
9,46736682,7,8,
9,46736683,338,351,
9,46736978,7,1,
9,46737076,32,10,
9,46737136,9,2,
9,46737202,131,30,21
9,46737236,8,1,
9,46737447,230,240,
9,46737467,20,8,
9,46737630,436,201,
9,46737865,56,13,
9,46737904,8,1,
9,46737957,121,22,
9,46737964,14,0,
9,46738151,8,0,
9,46738241,13,9,
9,46738243,6,0,
9,46738297,8,5,
9,46738698,12,3,
9,46738809,4,1,
9,46738853,70,53,
9,46739043,32,3,
9,46739075,9,1,
9,46739078,139,103,
9,46739107,10,4,
9,46739257,5,0,
9,46739364,14,0,
9,46739621,20,1,
9,46739690,17,14,
9,46739781,6,0,
9,46739802,5,8,
9,46739921,5,1,
9,46740029,342,209,
9,46740189,8,0,
9,46740280,41,27,
9,46740548,69,26,
9,46740584,13,0,
9,46740644,108,92,
9,46740705,20,13,
9,46740748,162,70,
9,46740974,24,7,
9,46740997,5,1,
9,46741123,4,8,
9,46741347,6,0,
9,46741472,45,8,
9,46741482,102,30,
9,46741606,7,2,
9,46741711,5,3,
9,46741923,63,23,24
9,46741929,45,40,
9,46742035,6,0,
9,46742044,7,1,
9,46742074,3,0,
9,46742261,9,5,
9,46742298,5,1,
9,46742362,449,258,
9,46742389,472,271,
9,46742405,18,9,
9,46742431,14,0,
9,46742432,190,116,
9,46742448,3,0,
9,46742618,19,2,
9,46742635,163,107,
9,46742682,3,0,
9,46742800,5,5,
9,46742828,37,36,
9,46742902,3,2,
9,46742935,7,3,
9,46742967,5,0,
9,46742992,3,0,
9,46743154,512,302,
9,46743199,6,0,
9,46743219,65,112,
9,46743328,61,81,
9,46743466,17,1,
9,46743729,5,0,
9,46743867,26,47,
9,46743883,3,0,
9,46743887,11,1,
9,46743908,402,277,8
9,46743951,19,2,
9,46743958,9,0,
9,46744125,27,4,
9,46744214,3,0,
9,46744569,37,3,
9,46744572,116,128,
9,46744647,110,25,16
9,46744807,171,112,20
9,46744843,6,6,
9,46744856,10,2,
9,46744874,12,0,
9,46744952,7,1,
9,46744968,100,119,
9,46744999,5,2,
9,46745138,39,0,
9,46745150,25,2,
9,46745228,48,0,
9,46745233,197,88,
9,46745259,145,12,
9,46745372,4,4,
9,46745459,10,1,
9,46745831,14,6,
9,46745922,168,81,13
9,46745998,86,110,
9,46746034,3,0,
9,46746061,3,0,
9,46746096,17,18,
9,46746136,4,1,
9,46746231,14,2,
9,46746239,3,6,
9,46746242,15,5,
9,46746266,54,24,25
9,46746288,6,6,
9,46746297,5,1,
9,46746476,577,350,3
9,46746477,12,2,
9,46746517,44,17,
9,46746554,6,3,
9,46746570,69,20,
9,46746650,8,0,
9,46746681,104,27,27
9,46746700,18,4,
9,46746742,12,4,
9,46746792,8,0,
9,46746829,7,2,
9,46746900,39,8,
9,46746946,120,108,
9,46747022,27,24,
9,46747078,16,0,
9,46747099,3,8,
9,46747119,173,57,7
9,46747213,23,13,
9,46747299,7,3,
9,46747351,8,1,
9,46747366,261,92,29
9,46747403,10,2,
9,46747458,3,1,
9,46747511,5,0,
9,46747571,6,0,
9,46747633,11,1,
9,46747686,12,2,
9,46747777,30,20,
9,46747819,5,0,
9,46747827,225,95,22
9,46747849,7,0,
9,46747851,15,3,
9,46748071,38,16,
9,46748101,14,0,
9,46748106,16,0,
9,46748112,13,0,
9,46748333,10,0,
9,46748340,4,0,
9,46748404,25,1,
9,46748551,10,3,
9,46748603,99,143,
9,46748771,230,200,
9,46748795,8,0,
9,46749053,137,53,11
9,46749118,11,2,
9,46749198,374,302,2
9,46749213,19,1,
9,46749261,25,11,
9,46749374,9,2,
9,46749396,6,1,
9,46749508,18,4,
9,46749511,5,0,
9,46749559,10,0,
9,46749565,5,0,
9,46749636,46,7,
9,46749671,109,6,5
9,46749903,7,0,
9,46750024,26,0,
9,46750053,43,3,
9,46750118,33,10,
9,46750214,58,3,6
9,46750358,146,88,10
9,46750367,12,0,
9,46750417,5,1,
9,46750425,162,34,14
9,46750437,28,2,17
9,46750470,107,91,
9,46750481,3,1,
9,46750485,49,43,
9,46750767,37,65,
9,46750794,32,9,
9,46750852,209,65,
9,46750893,3,0,
9,46750937,23,9,15
9,46751132,7,1,
9,46751297,8,1,
9,46751448,9,0,
9,46751675,8,2,10
9,46751835,34,21,9
9,46751899,61,7,1
9,46752076,16,2,5
9,46752112,5,1,
9,46752130,4,3,
9,46752303,7,0,
10,46686640,471,726,
10,46686655,404,209,
10,46686745,35,10,
10,46687504,96,18,
10,46687603,36,9,
10,46687705,98,51,
10,46687841,56,65,
10,46688101,47,37,
10,46688133,51,9,
10,46688173,124,65,
10,46688191,30,9,
10,46688229,46,99,
10,46688521,18,5,
10,46688804,222,130,2
10,46688954,255,209,
10,46688971,523,334,
10,46689065,239,83,
10,46689342,37,18,
10,46689631,121,27,
10,46689834,27,3,
10,46690092,93,52,
10,46690402,599,307,
10,46690530,78,27,
10,46690779,90,19,21
10,46690907,348,258,
10,46691108,314,240,
10,46691243,454,450,
10,46691454,99,36,
10,46691531,9,0,
10,46691660,98,72,
10,46691835,194,146,
10,46691963,14,2,23
10,46692116,426,68,
10,46692347,36,9,
10,46692594,774,801,
10,46693205,454,373,
10,46693346,627,840,
10,46693460,24,7,18
10,46693959,213,70,
10,46694124,255,82,
10,46694618,280,88,
10,46694929,19,17,
10,46695415,118,65,
10,46695467,26,7,
10,46695628,565,112,
10,46695747,103,121,
10,46695978,55,28,
10,46695986,102,13,
10,46696081,21,5,
10,46696111,15,11,
10,46696276,163,35,
10,46696283,207,65,
10,46696300,196,93,
10,46696303,315,566,
10,46696309,43,8,
10,46696357,253,168,
10,46696647,8,0,11
10,46696683,92,55,
10,46696699,127,224,
10,46697075,33,1,
10,46697518,19,3,
10,46697735,20,28,
10,46697876,74,6,14
10,46697908,134,44,
10,46698061,263,152,
10,46698370,193,80,
10,46698469,46,5,
10,46698623,55,19,
10,46698660,455,257,
10,46698684,12,0,
10,46699072,188,145,
10,46699260,26,8,
10,46699324,32,14,
10,46699597,43,22,
10,46699697,90,20,6
10,46700384,27,10,
10,46700503,259,56,
10,46700594,634,370,
10,46700809,155,116,
10,46701114,106,65,
10,46701373,10,0,
10,46701733,431,264,
10,46701969,208,144,
10,46702099,235,159,
10,46702272,14,1,
10,46702411,260,345,
10,46702980,36,7,
10,46703301,276,136,
10,46703317,185,19,
10,46703763,763,722,
10,46704223,136,407,
10,46704310,109,55,
10,46704555,256,182,
10,46704943,148,116,
10,46705134,26,51,
10,46705201,262,80,
10,46705512,19,1,
10,46705676,136,77,
10,46705715,229,105,
10,46705830,39,9,
10,46705952,128,164,
10,46706001,8,15,
10,46706528,664,212,
10,46706564,28,8,
10,46706668,67,31,
10,46706796,59,74,
10,46706906,512,224,
10,46706947,183,86,
10,46707117,5,1,
10,46707409,12,5,
10,46707464,12,5,
10,46707572,576,696,
10,46707708,75,5,
10,46708032,242,157,
10,46708055,76,20,
10,46708096,116,27,
10,46708351,67,20,
10,46708592,60,14,
10,46708601,200,66,
10,46708678,480,257,
10,46708766,87,16,
10,46708990,46,6,
10,46709007,24,15,
10,46709179,303,91,
10,46709249,8,0,
10,46709320,98,129,
10,46709543,204,111,
10,46709548,136,109,
10,46709727,408,103,
10,46709903,9,2,
10,46710042,62,35,
10,46710560,26,10,
10,46710569,48,16,
10,46710756,45,16,
10,46711380,189,152,
10,46711574,334,350,
10,46711649,147,88,
10,46712547,64,10,
10,46712678,697,497,
10,46712790,21,3,
10,46712815,179,66,
10,46713055,5,0,
10,46713106,530,152,
10,46713387,141,57,
10,46713444,158,130,
10,46713473,27,24,
10,46713526,289,297,
10,46713704,85,68,
10,46713924,439,506,
10,46713929,284,405,
10,46714673,18,2,
10,46714916,31,10,
10,46715600,287,84,
10,46715766,38,13,
10,46716016,8,3,
10,46716469,268,190,
10,46716560,73,100,
10,46716696,97,56,
10,46716806,46,13,
10,46717442,134,60,
10,46717472,10,0,
10,46717507,167,111,
10,46717536,33,5,
10,46717556,936,604,
10,46717960,205,158,
10,46718061,303,143,
10,46718086,70,105,
10,46718299,58,103,
10,46718330,36,18,
10,46718485,159,209,
10,46718869,27,5,
10,46719222,547,549,
10,46719229,725,224,
10,46719363,9,11,
10,46719423,90,47,
10,46719489,73,66,
10,46719491,708,763,
10,46719774,6,5,
10,46719899,260,68,
10,46720276,3,0,
10,46720395,933,504,
10,46720987,9,1,
10,46721019,52,69,
10,46721179,301,81,
10,46721388,17,8,
10,46721418,86,165,
10,46721421,36,29,
10,46721452,115,114,
10,46721474,86,35,
10,46721488,155,24,
10,46721653,27,7,
10,46721703,75,25,
10,46721802,1299,240,
10,46721855,5,0,
10,46721933,47,18,
10,46721960,6,1,
10,46722038,70,123,
10,46722074,74,14,
10,46722143,20,2,
10,46722188,60,14,
10,46722284,6,3,
10,46722285,44,24,
10,46722570,222,20,
10,46722853,146,74,
10,46723183,47,12,
10,46723190,60,31,
10,46723384,737,629,
10,46723478,3,0,
10,46723694,131,58,
10,46723859,31,6,
10,46723898,28,4,
10,46723990,653,356,
10,46724470,21,12,
10,46724542,11,1,
10,46724565,47,5,
10,46724567,10,5,
10,46724675,38,15,
10,46724743,15,4,
10,46725268,195,30,
10,46725288,381,352,
10,46725300,332,134,
10,46725389,73,20,
10,46725632,136,73,
10,46725804,26,20,
10,46726259,25,32,
10,46726526,147,34,
10,46726808,15,0,
10,46726820,51,38,
10,46726857,244,151,
10,46726907,39,36,
10,46726916,123,36,
10,46726959,46,1,
10,46727135,10,1,
10,46727424,19,6,
10,46727587,1071,516,
10,46727862,53,11,
10,46727992,25,11,
10,46728070,5,1,
10,46728109,7,0,
10,46728157,158,165,
10,46728197,176,141,
10,46728385,42,21,
10,46728421,10,6,
10,46728659,3,3,
10,46728680,119,39,
10,46728698,29,22,
10,46728781,51,20,
10,46728808,474,103,
10,46728950,33,11,
10,46729198,5,0,17
10,46729280,20,9,
10,46729368,546,417,
10,46730214,181,128,
10,46730233,40,20,
10,46730346,100,47,
10,46730436,229,185,
10,46730504,499,272,
10,46730671,94,92,
10,46730826,12,0,
10,46730885,344,117,
10,46730926,14,4,
10,46730995,48,46,
10,46731068,243,61,
10,46731432,273,88,
10,46731498,14,3,
10,46731513,4,1,
10,46731612,81,33,
10,46731638,10,9,
10,46731748,260,275,
10,46731964,3,1,
10,46731976,775,482,
10,46731996,243,87,
10,46732213,280,138,
10,46732242,30,1,
10,46732555,47,9,
10,46732929,7,0,
10,46732967,258,112,
10,46733301,88,20,
10,46733522,27,23,
10,46733624,238,327,
10,46733899,23,4,
10,46733905,11,9,
10,46734069,8,16,
10,46734194,16,33,
10,46734300,7,3,
10,46734302,390,418,
10,46734469,10,6,
10,46734608,3,0,
10,46735022,61,11,
10,46735133,105,14,
10,46735139,98,44,
10,46735179,93,25,
10,46735231,29,15,
10,46735308,44,37,
10,46735489,162,61,
10,46735511,465,305,
10,46735545,1014,639,
10,46735616,239,59,
10,46735644,292,157,
10,46735649,13,0,
10,46735963,15,6,
10,46736048,111,149,
10,46736091,185,175,
10,46736217,6,5,
10,46736329,11,2,
10,46736607,4,1,
10,46736653,21,6,
10,46736682,7,8,
10,46736683,338,352,
10,46736978,7,1,
10,46737076,32,10,
10,46737136,9,2,
10,46737202,134,31,24
10,46737236,9,1,
10,46737447,230,240,
10,46737467,20,8,
10,46737630,437,201,
10,46737865,56,13,
10,46737904,8,1,
10,46737957,121,22,
10,46737964,14,0,
10,46738151,8,0,
10,46738241,13,9,
10,46738243,6,0,
10,46738297,8,5,
10,46738698,12,3,
10,46738809,4,1,
10,46738853,70,53,
10,46739043,32,3,
10,46739075,9,1,
10,46739107,10,4,
10,46739257,5,0,
10,46739364,14,0,
10,46739621,20,1,
10,46739690,17,14,
10,46739781,6,0,
10,46739802,5,8,
10,46739921,5,1,
10,46740029,342,209,
10,46740189,8,0,
10,46740280,41,27,
10,46740548,69,26,
10,46740584,13,0,
10,46740644,108,92,
10,46740705,20,13,
10,46740748,163,70,
10,46740974,24,7,
10,46740997,5,1,
10,46741123,4,8,
10,46741347,7,0,
10,46741472,45,8,
10,46741482,102,30,
10,46741606,7,2,
10,46741711,5,3,
10,46741923,65,23,26
10,46741929,45,41,
10,46742035,6,0,
10,46742044,7,1,
10,46742074,3,0,
10,46742261,9,5,
10,46742298,5,1,
10,46742362,451,261,
10,46742389,476,274,
10,46742405,18,9,
10,46742431,14,0,
10,46742432,191,116,
10,46742448,3,0,
10,46742618,19,2,
10,46742635,165,107,
10,46742682,3,0,
10,46742800,6,7,
10,46742828,37,38,
10,46742902,3,2,
10,46742967,5,0,
10,46742992,3,0,
10,46743154,512,305,
10,46743199,6,0,
10,46743219,65,112,
10,46743328,61,81,
10,46743466,17,1,
10,46743729,5,0,
10,46743867,26,47,
10,46743883,3,0,
10,46743887,11,1,
10,46743908,417,286,10
10,46743951,19,2,
10,46743958,9,0,
10,46744125,28,5,
10,46744214,3,0,
10,46744569,37,3,
10,46744572,116,129,
10,46744647,117,25,19
10,46744807,174,113,22
10,46744843,6,6,
10,46744856,11,2,
10,46744874,13,1,
10,46744952,7,1,
10,46744968,100,119,
10,46744999,5,2,
10,46745138,41,0,
10,46745150,27,2,
10,46745228,48,0,
10,46745233,197,89,
10,46745259,147,12,
10,46745372,4,4,
10,46745459,10,1,
10,46745831,14,6,
10,46745922,175,81,16
10,46745998,87,110,
10,46746034,3,0,
10,46746061,3,0,
10,46746096,17,19,
10,46746136,4,1,
10,46746231,14,3,
10,46746239,3,6,
10,46746242,15,5,
10,46746266,57,26,29
10,46746288,6,6,
10,46746297,5,1,
10,46746476,605,356,4
10,46746477,12,2,
10,46746517,44,17,
10,46746554,6,3,
10,46746570,69,20,
10,46746650,9,0,
10,46746681,104,27,28
10,46746700,18,4,
10,46746742,12,4,
10,46746792,8,0,
10,46746829,7,2,
10,46746900,39,8,
10,46746946,122,109,
10,46747022,27,24,
10,46747078,16,0,
10,46747099,3,8,
10,46747119,176,58,9
10,46747213,24,13,
10,46747299,8,3,
10,46747351,8,1,
10,46747366,265,92,
10,46747403,10,2,
10,46747511,6,0,
10,46747571,7,0,
10,46747633,11,1,
10,46747686,12,2,
10,46747777,30,20,
10,46747819,5,0,
10,46747827,232,108,25
10,46747849,7,0,
10,46747851,16,3,
10,46748071,41,17,
10,46748101,14,0,
10,46748106,17,0,
10,46748112,13,0,
10,46748333,10,0,
10,46748340,4,0,
10,46748404,25,1,
10,46748551,10,3,
10,46748603,99,143,
10,46748771,241,211,
10,46748795,8,0,
10,46749053,148,55,18
10,46749118,12,2,
10,46749198,392,334,3
10,46749213,22,1,
10,46749261,25,11,
10,46749374,10,2,
10,46749396,6,1,
10,46749508,18,4,
10,46749511,6,0,
10,46749559,11,0,
10,46749565,5,0,
10,46749636,47,9,
10,46749671,117,6,8
10,46749903,8,0,
10,46750024,28,0,
10,46750053,47,3,
10,46750118,34,14,
10,46750214,66,3,7
10,46750358,160,101,15
10,46750367,12,0,
10,46750417,5,1,
10,46750425,171,38,20
10,46750437,31,4,
10,46750470,114,97,
10,46750481,3,1,
10,46750485,49,45,
10,46750767,39,66,
10,46750794,33,9,
10,46750852,224,69,
10,46750893,3,0,
10,46751132,8,1,
10,46751297,8,1,
10,46751448,12,1,
10,46751675,16,5,13
10,46751797,4,0,24
10,46751825,3,0,23
10,46751826,8,0,11
10,46751835,54,41,11
10,46751899,162,71,1
10,46752112,66,46,6
10,46752130,6,3,
10,46752151,61,7,2
10,46752261,15,2,6
10,46752303,29,0,
10,46752335,4,0,
11,46686640,471,726,
11,46686655,405,209,
11,46686745,35,10,
11,46687504,96,18,
11,46687603,36,9,
11,46687705,98,51,
11,46687841,56,65,
11,46688101,47,37,
11,46688133,51,9,
11,46688173,124,65,
11,46688191,30,9,
11,46688229,46,99,
11,46688521,18,5,
11,46688804,249,173,3
11,46688954,255,209,
11,46688971,523,334,
11,46689065,239,83,
11,46689342,37,18,
11,46689631,121,27,
11,46689834,27,3,
11,46690092,93,52,
11,46690402,599,307,
11,46690530,78,27,
11,46690779,93,20,24
11,46690907,348,258,
11,46691108,315,240,
11,46691243,454,450,
11,46691454,99,36,
11,46691531,9,0,
11,46691660,98,72,
11,46691835,194,146,
11,46691963,14,2,
11,46692116,426,68,
11,46692347,36,9,
11,46692473,7,0,12
11,46692594,774,801,
11,46693205,454,373,
11,46693346,627,840,
11,46693460,32,12,15
11,46693959,213,70,
11,46694124,255,82,
11,46694618,280,88,
11,46694929,19,17,
11,46695415,118,65,
11,46695467,26,7,
11,46695628,565,112,
11,46695747,103,121,
11,46695978,55,28,
11,46695986,102,13,
11,46696081,21,5,
11,46696111,15,11,
11,46696276,163,35,
11,46696283,207,66,
11,46696300,196,93,
11,46696303,315,566,
11,46696309,43,8,
11,46696357,254,168,
11,46696647,9,0,11
11,46696683,92,55,
11,46696699,127,224,
11,46697075,33,1,
11,46697518,19,3,
11,46697735,20,28,
11,46697876,79,6,18
11,46697908,134,44,
11,46698061,263,152,
11,46698370,193,80,
11,46698469,46,5,
11,46698623,55,19,
11,46698660,455,257,
11,46698684,12,0,
11,46699072,188,145,
11,46699260,26,8,
11,46699324,32,14,
11,46699597,43,22,
11,46699697,99,23,8
11,46700384,27,10,
11,46700503,259,56,
11,46700594,634,370,
11,46700809,155,116,
11,46701114,106,65,
11,46701373,10,0,
11,46701733,431,264,
11,46701969,208,144,
11,46702099,235,159,
11,46702272,14,1,
11,46702411,260,345,
11,46702980,36,7,
11,46703301,276,136,
11,46703317,185,19,
11,46703763,763,722,
11,46704223,136,407,
11,46704310,109,55,
11,46704555,256,182,
11,46704943,148,116,
11,46705134,26,52,
11,46705201,262,80,
11,46705512,19,1,
11,46705676,136,77,
11,46705715,229,105,
11,46705830,40,10,
11,46705952,128,164,
11,46706001,8,15,
11,46706528,664,212,
11,46706564,28,8,
11,46706668,67,31,
11,46706796,59,74,
11,46706906,512,224,
11,46706947,183,86,
11,46707117,5,1,
11,46707409,12,5,
11,46707464,12,5,
11,46707572,576,696,
11,46707708,75,5,
11,46708032,242,157,
11,46708055,76,20,
11,46708096,116,27,
11,46708351,67,20,
11,46708592,60,14,
11,46708601,200,66,
11,46708678,480,257,
11,46708766,87,16,
11,46708990,46,6,
11,46709007,24,15,
11,46709179,303,91,
11,46709249,8,0,
11,46709320,98,129,
11,46709543,204,111,
11,46709548,136,109,
11,46709727,408,103,
11,46709903,9,2,
11,46710042,62,35,
11,46710560,26,10,
11,46710569,48,16,
11,46710756,45,16,
11,46711380,189,152,
11,46711574,334,350,
11,46711649,147,88,
11,46712547,64,10,
11,46712678,697,497,
11,46712790,21,3,
11,46712815,179,66,
11,46713106,530,152,
11,46713387,141,57,
11,46713444,158,130,
11,46713473,27,24,
11,46713526,289,297,
11,46713704,85,68,
11,46713924,439,506,
11,46713929,284,405,
11,46714673,18,2,
11,46714916,31,10,
11,46715600,287,84,
11,46715766,38,13,
11,46716016,8,3,
11,46716469,268,190,
11,46716560,73,100,
11,46716696,97,56,
11,46716806,46,13,
11,46717442,134,60,
11,46717472,10,0,
11,46717507,167,111,
11,46717536,33,5,
11,46717556,936,604,
11,46717960,205,158,
11,46718061,303,143,
11,46718086,70,105,
11,46718299,58,103,
11,46718330,36,18,
11,46718485,160,209,
11,46718869,27,5,
11,46719222,547,549,
11,46719229,725,224,
11,46719363,9,11,
11,46719423,90,47,
11,46719489,73,66,
11,46719491,709,763,
11,46719774,6,5,
11,46719899,260,68,
11,46720276,3,0,
11,46720395,934,504,
11,46720987,9,1,
11,46721019,52,69,
11,46721179,301,81,
11,46721388,17,8,
11,46721418,86,165,
11,46721421,36,30,
11,46721452,115,114,
11,46721474,86,35,
11,46721488,155,24,
11,46721653,27,7,
11,46721703,75,25,
11,46721802,1300,240,
11,46721855,5,0,
11,46721933,47,18,
11,46721960,6,1,
11,46722038,70,123,
11,46722074,74,14,
11,46722143,20,2,
11,46722188,60,14,
11,46722284,6,3,
11,46722285,44,24,
11,46722570,222,20,
11,46722853,146,74,
11,46723183,47,12,
11,46723190,60,31,
11,46723384,738,629,
11,46723478,3,0,
11,46723694,131,58,
11,46723859,31,6,
11,46723898,28,4,
11,46723990,653,356,
11,46724470,21,12,
11,46724542,11,1,
11,46724565,47,5,
11,46724567,10,5,
11,46724675,38,15,
11,46724743,15,4,
11,46725268,195,30,
11,46725288,381,352,
11,46725300,332,134,
11,46725389,73,20,
11,46725632,136,73,
11,46725804,26,20,
11,46726259,25,32,
11,46726526,147,34,
11,46726808,15,0,
11,46726820,51,38,
11,46726857,244,151,
11,46726907,39,36,
11,46726916,123,36,
11,46726959,46,1,
11,46727135,10,1,
11,46727424,19,6,
11,46727587,1072,516,
11,46727862,53,11,
11,46727992,25,11,
11,46728070,5,1,
11,46728109,7,0,
11,46728157,158,167,
11,46728197,176,141,
11,46728385,42,21,
11,46728421,10,6,
11,46728659,3,3,
11,46728680,119,39,
11,46728698,30,22,
11,46728781,51,20,
11,46728808,474,103,
11,46728950,33,11,
11,46729198,11,0,9
11,46729280,20,9,
11,46729368,547,418,
11,46730214,181,128,
11,46730233,40,20,
11,46730346,100,47,
11,46730436,229,185,
11,46730504,499,272,
11,46730671,94,92,
11,46730826,12,0,
11,46730885,344,117,
11,46730926,14,4,
11,46730995,48,46,
11,46731068,243,61,
11,46731432,273,89,
11,46731498,14,3,
11,46731513,4,1,
11,46731612,81,33,
11,46731638,10,9,
11,46731748,260,275,
11,46731964,3,1,
11,46731976,775,484,
11,46731996,243,87,
11,46732213,280,138,
11,46732242,30,1,
11,46732555,47,9,
11,46732929,7,0,
11,46732967,258,112,
11,46733301,89,20,
11,46733522,27,23,
11,46733624,238,329,
11,46733899,23,4,
11,46733905,11,9,
11,46734069,8,17,
11,46734194,16,33,
11,46734300,7,3,
11,46734302,390,418,
11,46734469,10,6,
11,46734608,3,0,
11,46735022,61,11,
11,46735133,105,14,
11,46735139,98,44,
11,46735179,93,26,
11,46735231,29,15,
11,46735308,44,37,
11,46735489,162,61,
11,46735511,466,305,
11,46735545,1015,639,
11,46735616,239,59,
11,46735644,292,157,
11,46735649,13,0,
11,46735963,15,6,
11,46736048,111,150,
11,46736091,185,175,
11,46736217,6,5,
11,46736329,11,2,
11,46736607,4,1,
11,46736653,21,6,
11,46736682,7,8,
11,46736683,338,352,
11,46736978,7,1,
11,46737076,32,10,
11,46737136,9,2,
11,46737202,140,31,26
11,46737236,9,1,
11,46737447,230,240,
11,46737467,20,8,
11,46737630,437,201,
11,46737865,56,13,
11,46737957,121,22,
11,46737964,14,0,
11,46738241,13,9,
11,46738297,8,5,
11,46738698,12,3,
11,46738809,4,1,
11,46738853,70,53,
11,46739043,32,3,
11,46739075,9,1,
11,46739107,10,4,
11,46739257,5,0,
11,46739364,14,0,
11,46739621,20,1,
11,46739690,17,14,
11,46739781,6,0,
11,46739802,5,8,
11,46739921,5,1,
11,46740029,342,209,
11,46740189,8,0,
11,46740280,41,27,
11,46740548,69,26,
11,46740584,13,0,
11,46740644,108,92,
11,46740705,20,14,
11,46740748,163,70,
11,46740974,24,7,
11,46740997,5,1,
11,46741123,4,8,
11,46741347,7,0,
11,46741472,45,8,
11,46741482,102,30,
11,46741606,7,2,
11,46741711,5,3,
11,46741923,67,25,
11,46741929,45,41,
11,46742035,6,0,
11,46742044,7,1,
11,46742074,3,0,
11,46742261,9,5,
11,46742298,5,1,
11,46742362,451,261,
11,46742389,477,276,
11,46742405,18,9,
11,46742431,14,0,
11,46742432,191,116,
11,46742448,3,0,
11,46742618,19,2,
11,46742635,165,107,
11,46742682,3,0,
11,46742800,6,7,
11,46742828,37,38,
11,46742902,3,2,
11,46742967,5,0,
11,46742992,3,0,
11,46743154,514,307,
11,46743199,6,0,
11,46743219,66,112,
11,46743328,61,81,
11,46743466,17,1,
11,46743729,5,0,
11,46743867,26,47,
11,46743883,3,0,
11,46743887,11,1,
11,46743908,427,291,15
11,46743951,19,2,
11,46743958,9,0,
11,46744125,28,5,
11,46744214,3,0,
11,46744569,37,3,
11,46744572,116,129,
11,46744647,119,25,23
11,46744807,178,115,25
11,46744843,6,6,
11,46744874,13,1,
11,46744952,8,1,
11,46744968,100,121,
11,46745138,42,0,
11,46745150,28,2,
11,46745228,48,0,
11,46745233,198,89,
11,46745259,147,12,
11,46745459,10,1,
11,46745831,14,6,
11,46745922,178,81,19
11,46745998,87,111,
11,46746034,3,0,
11,46746061,3,0,
11,46746096,17,19,
11,46746136,4,1,
11,46746231,14,3,
11,46746239,3,6,
11,46746242,15,5,
11,46746266,59,28,30
11,46746288,6,6,
11,46746297,5,1,
11,46746476,627,375,3
11,46746477,12,2,
11,46746517,44,17,
11,46746554,6,3,
11,46746570,69,20,
11,46746650,9,0,
11,46746681,106,28,
11,46746700,18,4,
11,46746742,12,4,
11,46746792,8,0,
11,46746829,7,2,
11,46746900,39,8,
11,46746946,124,110,
11,46747022,27,24,
11,46747078,16,0,
11,46747099,3,8,
11,46747119,179,59,13
11,46747213,25,13,
11,46747299,8,3,
11,46747351,8,1,
11,46747366,269,92,
11,46747403,10,2,
11,46747511,6,0,
11,46747571,7,0,
11,46747633,11,1,
11,46747686,12,2,
11,46747777,30,20,
11,46747819,5,0,
11,46747827,238,119,30
11,46747849,7,0,
11,46747851,16,3,
11,46748071,41,17,
11,46748101,15,0,
11,46748106,17,0,
11,46748112,13,0,
11,46748333,10,0,
11,46748340,4,0,
11,46748404,25,1,
11,46748551,10,3,
11,46748603,101,145,
11,46748771,247,214,
11,46748795,8,0,
11,46749053,151,58,18
11,46749118,12,2,
11,46749198,415,356,5
11,46749213,24,1,
11,46749261,26,12,
11,46749374,10,2,
11,46749396,6,1,
11,46749508,18,4,
11,46749511,6,0,
11,46749559,11,0,
11,46749565,5,0,
11,46749636,47,9,
11,46749671,126,6,10
11,46749903,8,0,
11,46750024,29,0,
11,46750053,47,3,
11,46750118,36,15,
11,46750214,75,4,9
11,46750358,170,110,22
11,46750367,13,0,
11,46750417,5,1,
11,46750425,176,42,26
11,46750437,32,4,
11,46750470,117,98,
11,46750481,3,1,
11,46750485,49,46,
11,46750767,39,66,
11,46750794,33,9,
11,46750852,227,72,
11,46750893,3,0,
11,46751132,8,1,
11,46751297,8,1,
11,46751448,15,3,
11,46751675,26,12,12
11,46751797,5,0,25
11,46751825,4,0,24
11,46751826,29,0,5
11,46751835,58,52,
11,46751899,227,115,1
11,46752112,89,91,21
11,46752130,7,3,
11,46752151,102,24,2
11,46752261,30,5,3
11,46752303,31,1,
11,46752335,5,0,12
11,46752387,7,1,
12,46686640,472,726,
12,46686655,405,209,
12,46686745,35,10,
12,46687504,96,18,
12,46687603,36,9,
12,46687705,98,51,
12,46687841,56,65,
12,46688101,47,37,
12,46688133,51,9,
12,46688173,124,65,
12,46688191,30,9,
12,46688229,46,99,
12,46688476,6,0,18
12,46688521,18,5,
12,46688804,278,224,6
12,46688954,255,209,
12,46688971,523,334,
12,46689065,239,83,
12,46689342,37,18,
12,46689631,121,27,
12,46689834,27,3,
12,46690092,93,52,
12,46690402,599,308,
12,46690530,78,27,
12,46690779,94,21,29
12,46690907,348,258,
12,46691108,319,240,
12,46691243,454,450,
12,46691454,99,36,
12,46691531,9,0,
12,46691660,98,72,
12,46691835,194,146,
12,46691963,15,2,
12,46692116,426,68,
12,46692347,36,9,
12,46692473,12,0,16
12,46692594,774,801,
12,46693205,454,373,
12,46693346,627,840,
12,46693460,41,25,13
12,46693959,213,70,
12,46694124,256,82,
12,46694618,283,88,
12,46694929,19,17,
12,46695415,118,65,
12,46695467,26,7,
12,46695628,565,112,
12,46695747,103,121,
12,46695978,55,28,
12,46695986,102,13,
12,46696081,21,5,
12,46696111,15,11,
12,46696276,163,35,
12,46696283,207,66,
12,46696300,196,93,
12,46696303,315,566,
12,46696309,43,8,
12,46696357,254,168,
12,46696647,11,0,17
12,46696683,92,55,
12,46696699,127,224,
12,46697075,33,1,
12,46697518,19,3,
12,46697735,20,28,
12,46697876,82,6,20
12,46697908,134,44,
12,46698061,263,152,
12,46698370,193,80,
12,46698469,46,5,
12,46698623,55,19,
12,46698660,456,258,
12,46698684,12,0,
12,46699072,188,145,
12,46699260,26,8,
12,46699324,32,14,
12,46699597,43,22,
12,46699697,113,23,8
12,46700384,27,10,
12,46700503,259,56,
12,46700594,634,370,
12,46700809,155,116,
12,46701114,106,65,
12,46701373,10,0,
12,46701733,431,264,
12,46701969,208,144,
12,46702099,235,159,
12,46702272,14,1,
12,46702411,260,345,
12,46702980,36,7,
12,46703301,276,136,
12,46703317,185,19,
12,46703763,763,722,
12,46704223,136,407,
12,46704310,109,55,
12,46704555,256,182,
12,46704943,148,116,
12,46705134,26,52,
12,46705201,262,80,
12,46705512,19,1,
12,46705676,136,77,
12,46705715,229,105,
12,46705830,41,10,
12,46705952,128,164,
12,46706001,8,15,
12,46706100,20,6,16
12,46706528,664,212,
12,46706564,28,8,
12,46706668,67,31,
12,46706796,59,74,
12,46706906,512,224,
12,46706947,183,86,
12,46707117,5,1,
12,46707409,12,5,
12,46707464,12,5,
12,46707572,576,696,
12,46707708,75,5,
12,46708032,242,157,
12,46708055,76,20,
12,46708096,116,27,
12,46708351,68,20,
12,46708592,60,14,
12,46708601,200,66,
12,46708678,480,257,
12,46708766,87,16,
12,46708990,46,6,
12,46709007,24,15,
12,46709179,304,91,
12,46709249,8,0,
12,46709320,98,129,
12,46709543,204,111,
12,46709548,136,109,
12,46709727,408,103,
12,46709903,9,2,
12,46710042,62,35,
12,46710560,26,10,
12,46710569,48,16,
12,46710756,45,16,
12,46711380,189,152,
12,46711574,334,350,
12,46711649,147,88,
12,46712547,64,10,
12,46712678,697,497,
12,46712790,21,3,
12,46712815,179,66,
12,46713055,5,0,
12,46713106,530,152,
12,46713387,141,57,
12,46713444,158,130,
12,46713473,27,24,
12,46713526,289,297,
12,46713704,85,68,
12,46713924,439,507,
12,46713929,284,405,
12,46714673,18,2,
12,46714916,31,10,
12,46715600,287,84,
12,46715766,38,13,
12,46716016,8,3,
12,46716469,268,190,
12,46716560,73,100,
12,46716696,97,56,
12,46716806,46,13,
12,46717442,134,60,
12,46717472,10,0,
12,46717507,167,111,
12,46717536,33,5,
12,46717556,936,604,
12,46717960,206,158,
12,46718061,303,143,
12,46718086,70,105,
12,46718299,58,103,
12,46718330,36,18,
12,46718485,160,209,
12,46718869,27,5,
12,46719222,547,551,
12,46719229,726,224,
12,46719363,9,11,
12,46719423,90,47,
12,46719489,73,66,
12,46719491,709,763,
12,46719774,6,5,
12,46719899,260,68,
12,46720276,3,0,
12,46720395,934,504,
12,46720987,9,1,
12,46721019,52,69,
12,46721179,301,81,
12,46721388,17,8,
12,46721418,86,165,
12,46721421,36,31,
12,46721452,115,114,
12,46721474,86,35,
12,46721488,155,24,
12,46721653,27,7,
12,46721703,75,25,
12,46721802,1301,240,
12,46721855,5,0,
12,46721933,47,18,
12,46721960,6,1,
12,46722038,70,123,
12,46722074,74,14,
12,46722143,20,2,
12,46722188,60,14,
12,46722284,6,3,
12,46722285,44,24,
12,46722570,222,20,
12,46722853,146,74,
12,46723183,47,12,
12,46723190,60,31,
12,46723384,738,629,
12,46723478,3,0,
12,46723694,131,58,
12,46723859,31,6,
12,46723898,28,4,
12,46723990,653,356,
12,46724470,21,12,
12,46724542,11,1,
12,46724565,47,5,
12,46724567,10,5,
12,46724675,38,15,
12,46724743,15,4,
12,46725268,195,30,
12,46725288,381,352,
12,46725300,332,134,
12,46725389,73,20,
12,46725632,136,73,
12,46725804,26,20,
12,46726259,25,32,
12,46726526,147,34,
12,46726808,15,0,
12,46726820,51,38,
12,46726857,244,151,
12,46726907,39,36,
12,46726916,123,36,
12,46726959,46,1,
12,46727135,10,1,
12,46727424,19,6,
12,46727587,1072,516,
12,46727862,53,11,
12,46727992,25,11,
12,46728070,5,1,
12,46728109,7,0,
12,46728157,158,167,
12,46728197,176,141,
12,46728385,42,21,
12,46728421,10,6,
12,46728659,3,3,
12,46728680,119,39,
12,46728698,30,22,
12,46728781,51,20,
12,46728808,474,103,
12,46728950,33,11,
12,46729198,18,2,9
12,46729280,20,9,
12,46729368,548,418,
12,46730214,181,128,
12,46730233,40,20,
12,46730346,100,47,
12,46730436,229,185,
12,46730504,499,272,
12,46730671,95,92,
12,46730826,12,0,
12,46730885,346,118,
12,46730926,14,4,
12,46730995,48,46,
12,46731068,243,61,
12,46731432,273,89,
12,46731498,14,3,
12,46731513,4,1,
12,46731612,81,33,
12,46731638,10,9,
12,46731748,260,275,
12,46731964,3,1,
12,46731976,776,487,
12,46731996,243,87,
12,46732213,280,138,
12,46732242,30,1,
12,46732555,47,9,
12,46732929,7,0,
12,46732967,258,112,
12,46733301,89,20,
12,46733522,27,23,
12,46733624,238,330,
12,46733899,23,4,
12,46733905,11,9,
12,46734069,8,17,
12,46734194,16,33,
12,46734300,7,3,
12,46734302,390,418,
12,46734469,10,6,
12,46734608,3,0,
12,46735022,61,11,
12,46735133,105,14,
12,46735139,99,44,
12,46735179,93,26,
12,46735231,29,15,
12,46735308,44,37,
12,46735489,162,61,
12,46735511,467,305,
12,46735545,1015,640,
12,46735616,239,59,
12,46735644,293,157,
12,46735649,13,0,
12,46735963,15,6,
12,46736048,111,150,
12,46736091,185,175,
12,46736217,6,5,
12,46736329,11,2,
12,46736607,4,1,
12,46736653,21,6,
12,46736682,7,8,
12,46736683,338,352,
12,46736978,7,1,
12,46737076,32,10,
12,46737136,9,2,
12,46737202,147,33,26
12,46737236,9,1,
12,46737447,230,240,
12,46737467,20,8,
12,46737630,437,201,
12,46737865,56,13,
12,46737957,121,22,
12,46737964,14,0,
12,46738241,13,9,
12,46738297,8,5,
12,46738698,12,3,
12,46738809,4,1,
12,46738853,70,53,
12,46739043,32,3,
12,46739075,9,1,
12,46739107,10,4,
12,46739257,5,0,
12,46739364,14,0,
12,46739621,20,1,
12,46739690,17,14,
12,46739781,6,0,
12,46739802,5,8,
12,46739921,5,1,
12,46740029,344,209,
12,46740189,8,0,
12,46740280,41,27,
12,46740548,69,26,
12,46740584,13,0,
12,46740644,108,92,
12,46740705,20,15,
12,46740748,165,70,
12,46740974,24,7,
12,46741123,4,8,
12,46741347,7,0,
12,46741472,45,8,
12,46741482,102,30,
12,46741606,7,2,
12,46741711,5,3,
12,46741923,71,26,28
12,46741929,45,41,
12,46742035,6,0,
12,46742044,7,1,
12,46742074,3,0,
12,46742261,9,5,
12,46742298,5,1,
12,46742362,454,264,
12,46742389,482,276,
12,46742405,18,9,
12,46742431,14,0,
12,46742432,195,116,
12,46742448,3,0,
12,46742618,19,2,
12,46742635,166,107,
12,46742682,3,0,
12,46742800,6,7,
12,46742828,37,39,
12,46742902,3,2,
12,46742967,5,0,
12,46742992,3,0,
12,46743154,515,310,
12,46743199,6,0,
12,46743219,66,112,
12,46743328,61,81,
12,46743466,17,1,
12,46743729,5,0,
12,46743867,26,47,
12,46743883,3,0,
12,46743887,11,1,
12,46743908,436,298,15
12,46743951,19,2,
12,46743958,9,0,
12,46744125,28,5,
12,46744214,3,0,
12,46744569,37,3,
12,46744572,116,129,
12,46744647,120,27,24
12,46744807,184,116,25
12,46744843,6,6,
12,46744874,14,1,
12,46744952,8,1,
12,46744968,100,121,
12,46745138,43,0,
12,46745150,29,2,
12,46745228,48,0,
12,46745233,198,90,
12,46745259,149,12,
12,46745459,10,1,
12,46745831,15,6,
12,46745922,185,82,19
12,46746034,3,0,
12,46746061,3,0,
12,46746096,17,19,
12,46746136,4,1,
12,46746231,14,3,
12,46746239,3,6,
12,46746242,15,5,
12,46746266,59,31,30
12,46746288,6,6,
12,46746297,5,1,
12,46746476,636,392,4
12,46746477,12,2,
12,46746517,44,17,
12,46746554,6,3,
12,46746570,69,20,
12,46746650,9,0,
12,46746681,109,28,
12,46746700,19,4,
12,46746742,12,4,
12,46746792,8,0,
12,46746829,7,2,
12,46746900,40,8,
12,46746946,124,112,
12,46747022,27,24,
12,46747078,16,0,
12,46747099,3,8,
12,46747119,184,59,14
12,46747213,25,13,
12,46747299,8,3,
12,46747351,8,1,
12,46747366,270,94,
12,46747403,10,2,
12,46747511,6,0,
12,46747571,7,0,
12,46747633,11,1,
12,46747686,12,2,
12,46747777,30,20,
12,46747819,5,0,
12,46747827,245,124,
12,46747849,7,0,
12,46747851,16,3,
12,46748071,41,17,
12,46748101,15,0,
12,46748106,17,0,
12,46748112,13,0,
12,46748139,3,0,
12,46748333,10,0,
12,46748340,4,0,
12,46748404,26,1,
12,46748551,10,3,
12,46748603,102,147,
12,46748771,253,217,
12,46748795,9,0,
12,46749053,155,61,18
12,46749118,13,2,
12,46749198,426,372,7
12,46749213,29,1,
12,46749261,26,12,
12,46749374,10,2,
12,46749396,7,1,
12,46749508,19,4,
12,46749511,6,0,
12,46749559,13,0,
12,46749565,5,0,
12,46749636,47,11,
12,46749671,136,7,11
12,46749903,8,0,
12,46750024,31,0,
12,46750053,47,4,
12,46750118,37,15,
12,46750214,78,7,10
12,46750358,180,134,23
12,46750367,14,0,
12,46750417,5,1,
12,46750425,179,43,27
12,46750437,32,4,
12,46750470,117,97,
12,46750481,3,1,
12,46750485,49,47,
12,46750767,40,67,
12,46750794,33,9,
12,46750852,231,75,
12,46750893,3,0,
12,46751132,8,1,
12,46751297,10,1,
12,46751448,17,3,
12,46751675,39,15,12
12,46751797,7,0,
12,46751825,8,0,21
12,46751826,68,0,3
12,46751835,62,55,
12,46751899,298,150,1
12,46752112,100,101,
12,46752116,4,0,
12,46752130,8,3,
12,46752151,161,54,2
12,46752261,48,12,3
12,46752335,8,0,15
12,46752387,7,1,
12,46752392,7,1,
12,46753078,10,4,5
12,46753274,9,1,
12,46753301,8,1,4
13,46686640,472,727,
13,46686655,405,209,
13,46686745,35,10,
13,46687504,96,18,
13,46687603,36,9,
13,46687705,98,51,
13,46687841,56,65,
13,46688101,47,37,
13,46688133,51,9,
13,46688173,124,65,
13,46688191,30,9,
13,46688229,46,99,
13,46688476,16,1,17
13,46688521,21,5,
13,46688804,299,266,13
13,46688954,256,209,
13,46688971,523,334,
13,46689065,239,83,
13,46689342,37,18,
13,46689631,122,27,
13,46689834,27,3,
13,46690092,93,52,
13,46690402,599,308,
13,46690530,78,27,
13,46690779,95,23,
13,46690907,348,258,
13,46691108,322,240,
13,46691243,454,450,
13,46691454,99,36,
13,46691531,9,0,
13,46691660,98,72,
13,46691835,194,146,
13,46691963,15,2,
13,46692116,426,68,
13,46692347,36,9,
13,46692473,14,0,25
13,46692594,774,801,
13,46693205,454,373,
13,46693346,627,840,
13,46693460,52,29,16
13,46693959,213,70,
13,46694124,256,82,
13,46694618,284,88,
13,46694929,19,17,
13,46695415,118,65,
13,46695467,26,7,
13,46695628,565,112,
13,46695747,103,121,
13,46695978,55,28,
13,46695986,102,13,
13,46696081,21,5,
13,46696111,15,11,
13,46696276,163,35,
13,46696283,209,66,
13,46696300,196,93,
13,46696303,315,566,
13,46696309,43,8,
13,46696357,254,168,
13,46696647,14,0,19
13,46696683,92,55,
13,46696699,127,224,
13,46697075,33,1,
13,46697390,4,0,23
13,46697518,19,3,
13,46697735,20,28,
13,46697876,86,9,26
13,46697908,134,44,
13,46698061,263,152,
13,46698370,193,80,
13,46698469,46,5,
13,46698623,55,19,
13,46698660,456,258,
13,46699072,188,145,
13,46699260,26,8,
13,46699324,32,14,
13,46699597,43,22,
13,46699697,130,26,11
13,46700384,28,10,
13,46700503,259,56,
13,46700594,634,370,
13,46701114,106,65,
13,46701373,10,0,
13,46701733,431,264,
13,46701969,208,144,
13,46702099,235,159,
13,46702272,14,1,
13,46702411,260,345,
13,46702980,36,7,
13,46703301,276,136,
13,46703317,185,19,
13,46703763,763,722,
13,46704223,136,407,
13,46704310,109,55,
13,46704943,148,116,
13,46705134,26,54,
13,46705201,262,80,
13,46705512,19,1,
13,46705676,136,77,
13,46705715,230,105,
13,46705830,42,10,
13,46705952,128,164,
13,46706001,8,15,
13,46706100,22,8,24
13,46706528,664,212,
13,46706564,28,8,
13,46706668,67,31,
13,46706796,59,74,
13,46706906,512,224,
13,46706947,183,86,
13,46707117,5,1,
13,46707409,12,5,
13,46707464,12,5,
13,46707572,576,696,
13,46707708,75,5,
13,46708032,242,157,
13,46708055,76,20,
13,46708096,116,27,
13,46708351,68,20,
13,46708592,60,14,
13,46708601,200,66,
13,46708678,481,257,
13,46708766,87,16,
13,46708990,46,6,
13,46709007,24,15,
13,46709179,304,91,
13,46709249,8,0,
13,46709320,98,129,
13,46709543,204,111,
13,46709548,136,109,
13,46709727,408,103,
13,46709903,9,2,
13,46710042,62,35,
13,46710560,26,10,
13,46710569,48,16,
13,46710747,7,2,8
13,46710756,45,16,
13,46711380,190,152,
13,46711574,334,350,
13,46711649,147,88,
13,46712547,64,10,
13,46712678,697,497,
13,46712790,21,3,
13,46712815,179,66,
13,46713106,530,152,
13,46713387,141,57,
13,46713444,158,130,
13,46713473,27,24,
13,46713526,289,297,
13,46713704,85,68,
13,46713924,439,507,
13,46713929,284,405,
13,46714673,18,2,
13,46714916,31,10,
13,46715600,287,84,
13,46715766,38,13,
13,46716016,8,3,
13,46716469,268,190,
13,46716560,73,100,
13,46716696,97,56,
13,46716806,46,13,
13,46717442,135,60,
13,46717472,10,0,
13,46717507,168,111,
13,46717536,33,5,
13,46717556,936,605,
13,46717960,206,158,
13,46718061,303,143,
13,46718086,70,105,
13,46718299,58,103,
13,46718485,161,209,
13,46718869,27,5,
13,46719222,547,550,
13,46719229,727,224,
13,46719363,9,11,
13,46719423,90,47,
13,46719489,73,66,
13,46719491,709,763,
13,46719774,6,5,
13,46719899,260,68,
13,46720395,934,504,
13,46720987,9,1,
13,46721019,52,69,
13,46721179,301,81,
13,46721388,17,8,
13,46721418,86,165,
13,46721421,38,31,
13,46721452,115,114,
13,46721474,86,35,
13,46721488,155,24,
13,46721653,27,7,
13,46721703,75,25,
13,46721802,1301,240,
13,46721855,5,0,
13,46721933,47,18,
13,46721960,6,1,
13,46722038,70,123,
13,46722074,74,14,
13,46722143,20,2,
13,46722188,60,14,
13,46722284,6,3,
13,46722285,44,24,
13,46722570,223,20,
13,46722853,146,74,
13,46723183,47,12,
13,46723190,60,31,
13,46723384,738,629,
13,46723478,3,0,
13,46723694,131,58,
13,46723859,31,6,
13,46723898,28,4,
13,46723990,653,356,
13,46724470,21,12,
13,46724542,11,1,
13,46724565,47,5,
13,46724567,10,5,
13,46724675,38,15,
13,46724743,15,4,
13,46725268,195,30,
13,46725288,382,352,
13,46725300,334,134,
13,46725389,73,20,
13,46725632,137,73,
13,46725804,26,20,
13,46726259,25,32,
13,46726526,147,34,
13,46726808,15,0,
13,46726820,51,38,
13,46726857,244,151,
13,46726907,39,36,
13,46726916,123,36,
13,46726959,46,1,
13,46727135,10,1,
13,46727424,19,6,
13,46727587,1073,516,
13,46727862,53,11,
13,46727992,25,11,
13,46728070,5,1,
13,46728109,7,0,
13,46728157,158,167,
13,46728197,177,141,
13,46728385,42,21,
13,46728421,10,6,
13,46728659,3,3,
13,46728680,119,39,
13,46728698,30,22,
13,46728781,52,20,
13,46728808,474,103,
13,46728950,33,11,
13,46729198,25,5,10
13,46729280,20,9,
13,46729368,548,418,
13,46730214,182,128,
13,46730233,40,20,
13,46730346,101,47,
13,46730436,229,185,
13,46730504,499,272,
13,46730671,95,92,
13,46730826,12,0,
13,46730885,346,118,
13,46730926,14,4,
13,46731068,243,61,
13,46731432,273,89,
13,46731498,14,3,
13,46731513,4,1,
13,46731612,81,33,
13,46731638,10,9,
13,46731748,260,276,
13,46731964,3,1,
13,46731976,778,488,
13,46731996,243,87,
13,46732213,281,138,
13,46732242,30,1,
13,46732555,47,9,
13,46732929,7,0,
13,46732967,258,112,
13,46733301,89,20,
13,46733522,27,23,
13,46733624,238,330,
13,46733899,23,4,
13,46733905,11,9,
13,46734069,8,22,
13,46734194,16,33,
13,46734300,7,3,
13,46734302,391,418,
13,46734608,3,0,
13,46735022,62,11,
13,46735133,105,14,
13,46735139,99,44,
13,46735179,93,26,
13,46735231,29,15,
13,46735308,44,37,
13,46735489,162,61,
13,46735511,467,305,
13,46735545,1017,641,
13,46735616,240,59,
13,46735644,293,157,
13,46735649,13,0,
13,46735963,15,6,
13,46736048,111,151,
13,46736091,185,176,
13,46736329,11,2,
13,46736653,21,6,
13,46736682,7,8,
13,46736683,338,352,
13,46736978,7,1,
13,46737076,32,10,
13,46737136,9,2,
13,46737202,152,33,30
13,46737236,9,1,
13,46737447,231,241,
13,46737467,20,8,
13,46737630,437,201,
13,46737865,56,13,
13,46737957,121,22,
13,46737964,14,0,
13,46738241,13,9,
13,46738297,8,5,
13,46738698,12,3,
13,46738809,4,1,
13,46738853,70,53,
13,46739043,32,3,
13,46739075,9,1,
13,46739257,5,0,
13,46739364,14,0,
13,46739621,20,1,
13,46739690,17,14,
13,46739781,6,0,
13,46739802,5,8,
13,46739921,5,1,
13,46740029,344,210,
13,46740189,8,0,
13,46740280,41,27,
13,46740548,69,26,
13,46740584,13,0,
13,46740644,108,92,
13,46740705,21,15,
13,46740748,165,70,
13,46740974,24,7,
13,46741123,4,8,
13,46741347,7,0,
13,46741472,45,8,
13,46741482,103,30,
13,46741606,7,2,
13,46741711,5,3,
13,46741923,74,27,
13,46741929,45,41,
13,46742035,6,0,
13,46742044,7,1,
13,46742074,3,0,
13,46742261,9,5,
13,46742298,5,1,
13,46742362,454,265,
13,46742389,486,278,
13,46742405,18,9,
13,46742431,14,0,
13,46742432,195,117,
13,46742448,3,0,
13,46742618,20,2,
13,46742635,169,107,
13,46742682,3,0,
13,46742800,6,7,
13,46742828,37,39,
13,46742902,3,2,
13,46742967,5,0,
13,46742992,3,0,
13,46743154,517,315,
13,46743199,6,0,
13,46743219,67,112,
13,46743328,61,81,
13,46743466,17,2,
13,46743729,5,0,
13,46743867,26,47,
13,46743883,3,0,
13,46743887,12,1,
13,46743908,444,299,22
13,46743951,19,2,
13,46743958,9,0,
13,46744125,28,5,
13,46744214,3,0,
13,46744569,37,4,
13,46744572,116,129,
13,46744647,121,27,
13,46744807,186,116,29
13,46744843,6,6,
13,46744874,14,1,
13,46744952,8,1,
13,46744968,101,121,
13,46745138,45,0,
13,46745150,32,2,
13,46745228,49,0,
13,46745233,199,91,
13,46745259,149,12,
13,46745459,10,1,
13,46745831,15,6,
13,46745922,194,83,25
13,46746034,3,0,
13,46746061,3,0,
13,46746096,17,19,
13,46746136,4,1,
13,46746231,14,3,
13,46746239,3,6,
13,46746242,15,5,
13,46746266,60,31,
13,46746288,6,6,
13,46746297,5,1,
13,46746476,652,403,7
13,46746477,12,2,
13,46746517,44,17,
13,46746554,6,3,
13,46746570,69,20,
13,46746650,9,0,
13,46746681,110,28,
13,46746700,20,4,
13,46746742,12,4,
13,46746792,8,0,
13,46746829,7,2,
13,46746900,42,8,
13,46746946,125,112,
13,46747022,27,24,
13,46747078,16,0,
13,46747099,3,8,
13,46747119,189,59,20
13,46747213,25,13,
13,46747299,8,4,
13,46747351,8,1,
13,46747366,271,96,
13,46747403,10,2,
13,46747511,7,0,
13,46747571,9,1,
13,46747633,11,1,
13,46747686,12,2,
13,46747777,30,20,
13,46747819,5,0,
13,46747827,251,126,
13,46747849,7,0,
13,46747851,16,4,
13,46748071,42,17,
13,46748101,15,0,
13,46748106,17,0,
13,46748112,13,0,
13,46748139,3,0,
13,46748333,10,0,
13,46748340,4,0,
13,46748404,26,1,
13,46748551,10,3,
13,46748603,103,149,
13,46748771,259,218,
13,46748795,9,0,
13,46749053,161,65,28
13,46749118,15,3,
13,46749198,447,385,8
13,46749213,31,1,
13,46749261,26,12,
13,46749374,10,2,
13,46749396,7,1,
13,46749508,19,5,
13,46749511,6,0,
13,46749559,14,0,
13,46749565,5,0,
13,46749636,49,13,
13,46749671,149,10,16
13,46749903,8,0,
13,46750024,31,0,
13,46750053,49,4,
13,46750118,41,15,
13,46750214,84,7,14
13,46750358,184,138,
13,46750367,14,0,
13,46750417,6,1,
13,46750425,183,43,
13,46750437,34,7,
13,46750470,122,97,
13,46750481,3,1,
13,46750485,49,47,
13,46750767,42,67,
13,46750794,33,9,
13,46750852,236,77,
13,46750893,3,0,
13,46751132,9,2,
13,46751297,11,1,
13,46751448,20,4,
13,46751675,46,15,12
13,46751797,8,0,
13,46751825,15,0,16
13,46751826,101,2,3
13,46751835,69,55,
13,46751899,348,179,1
13,46751906,11,0,29
13,46752112,106,108,
13,46752116,4,0,
13,46752130,8,3,
13,46752151,213,83,1
13,46752261,59,19,5
13,46752303,33,2,
13,46752335,9,0,17
13,46752387,9,1,
13,46752392,7,1,
13,46752873,3,0,
13,46753078,24,8,6
13,46753142,17,3,
13,46753301,36,5,3
13,46753364,4,2,
13,46753522,5,0,
13,46753566,16,7,
13,46753611,23,8,11
13,46753623,3,0,
13,46753851,3,0,
14,46686640,472,727,
14,46686655,405,209,
14,46686745,35,10,
14,46687504,96,18,
14,46687603,36,9,
14,46687705,98,51,
14,46687841,56,65,
14,46688101,47,37,
14,46688133,51,9,
14,46688173,124,65,
14,46688191,30,9,
14,46688229,46,99,
14,46688476,23,3,18
14,46688521,21,6,
14,46688804,332,302,4
14,46688954,256,209,
14,46688971,523,334,
14,46689065,239,83,
14,46689093,3,0,18
14,46689342,37,18,
14,46689631,123,27,
14,46689834,27,3,
14,46690092,93,52,
14,46690402,599,308,
14,46690530,79,27,
14,46690779,96,24,
14,46690907,348,258,
14,46691108,323,240,
14,46691243,455,451,
14,46691454,99,36,
14,46691531,10,0,
14,46691660,98,72,
14,46691835,194,146,
14,46691963,15,2,
14,46692116,426,68,
14,46692347,36,9,
14,46692473,14,0,26
14,46692594,774,801,
14,46693205,454,373,
14,46693346,627,840,
14,46693460,65,33,16
14,46693959,213,70,
14,46694124,256,82,
14,46694618,285,88,
14,46694929,19,17,
14,46695415,118,65,
14,46695467,26,7,
14,46695628,565,112,
14,46695747,103,121,
14,46695978,55,28,
14,46696081,21,5,
14,46696111,15,11,
14,46696276,163,35,
14,46696283,209,67,
14,46696300,196,93,
14,46696303,315,566,
14,46696309,43,8,
14,46696357,254,168,
14,46696647,16,0,23
14,46696683,92,55,
14,46696699,127,224,
14,46697075,33,1,
14,46697390,6,0,18
14,46697518,19,3,
14,46697735,20,28,
14,46697876,92,9,28
14,46697908,134,44,
14,46698061,263,152,
14,46698370,193,80,
14,46698469,46,5,
14,46698623,55,19,
14,46698660,456,258,
14,46699072,188,145,
14,46699260,26,8,
14,46699324,32,14,
14,46699597,43,22,
14,46699697,144,30,11
14,46700384,28,11,
14,46700503,259,56,
14,46700594,634,371,
14,46701114,106,65,
14,46701733,431,264,
14,46701969,208,144,
14,46702099,235,159,
14,46702272,14,1,
14,46702411,260,345,
14,46702980,36,7,
14,46703301,276,136,
14,46703317,186,19,
14,46703763,763,722,
14,46704223,136,407,
14,46704310,109,55,
14,46704943,148,116,
14,46705134,26,54,
14,46705201,262,80,
14,46705512,19,1,
14,46705676,136,77,
14,46705715,230,105,
14,46705830,42,10,
14,46705952,128,164,
14,46706001,8,15,
14,46706528,664,212,
14,46706564,28,8,
14,46706668,67,31,
14,46706796,59,74,
14,46706906,512,224,
14,46706947,183,86,
14,46707117,5,1,
14,46707409,12,5,
14,46707464,12,5,
14,46707572,576,696,
14,46707708,75,5,
14,46708032,242,157,
14,46708055,76,20,
14,46708096,116,27,
14,46708351,68,20,
14,46708592,60,14,
14,46708601,200,66,
14,46708678,482,257,
14,46708766,87,16,
14,46708990,46,6,
14,46709007,24,15,
14,46709179,304,91,
14,46709249,8,0,
14,46709320,98,129,
14,46709543,204,111,
14,46709548,136,109,
14,46709727,408,103,
14,46709903,9,2,
14,46710042,62,35,
14,46710560,26,10,
14,46710569,48,16,
14,46710747,27,6,5
14,46710756,45,16,
14,46711380,190,152,
14,46711574,334,350,
14,46711649,147,88,
14,46712547,64,10,
14,46712678,697,497,
14,46712790,21,3,
14,46712815,179,66,
14,46713106,530,152,
14,46713387,141,57,
14,46713444,158,130,
14,46713473,27,24,
14,46713526,289,298,
14,46713704,85,68,
14,46713924,439,507,
14,46713929,284,405,
14,46714673,18,2,
14,46714916,31,10,
14,46715600,287,84,
14,46715766,38,13,
14,46716016,8,3,
14,46716469,268,190,
14,46716560,73,100,
14,46716696,97,56,
14,46716806,46,13,
14,46717442,135,60,
14,46717472,10,0,
14,46717507,168,111,
14,46717536,33,5,
14,46717556,936,605,
14,46717960,206,158,
14,46718061,303,143,
14,46718086,70,105,
14,46718299,58,103,
14,46718485,161,210,
14,46718869,27,5,
14,46719222,547,552,
14,46719229,727,224,
14,46719363,9,12,
14,46719423,90,47,
14,46719489,73,66,
14,46719491,709,763,
14,46719774,6,5,
14,46719899,260,68,
14,46720395,934,504,
14,46720987,9,1,
14,46721019,52,69,
14,46721179,301,81,
14,46721388,17,8,
14,46721418,86,165,
14,46721421,40,31,
14,46721452,115,114,
14,46721474,86,35,
14,46721488,156,24,
14,46721653,27,7,
14,46721703,75,25,
14,46721802,1301,240,
14,46721933,47,18,
14,46721960,6,1,
14,46722038,70,123,
14,46722074,74,14,
14,46722143,20,2,
14,46722188,60,14,
14,46722284,6,3,
14,46722285,44,24,
14,46722570,224,20,
14,46722853,146,74,
14,46723183,47,12,
14,46723190,60,31,
14,46723384,738,629,
14,46723478,3,0,
14,46723694,131,58,
14,46723859,31,6,
14,46723898,28,4,
14,46723990,653,356,
14,46724470,21,12,
14,46724542,11,1,
14,46724565,47,5,
14,46724567,10,5,
14,46724675,38,15,
14,46724743,15,4,
14,46725268,195,30,
14,46725288,382,352,
14,46725300,334,134,
14,46725389,73,20,
14,46725632,137,73,
14,46725804,26,20,
14,46726259,25,32,
14,46726526,147,34,
14,46726808,15,0,
14,46726820,51,38,
14,46726857,244,151,
14,46726907,39,36,
14,46726916,123,36,
14,46726959,46,1,
14,46727135,10,1,
14,46727424,19,6,
14,46727587,1073,517,
14,46727862,53,11,
14,46727992,25,11,
14,46728070,5,1,
14,46728109,7,0,
14,46728157,158,167,
14,46728197,177,141,
14,46728385,42,21,
14,46728421,10,6,
14,46728659,3,3,
14,46728680,119,39,
14,46728781,52,20,
14,46728808,474,103,
14,46728950,33,11,
14,46729198,34,6,14
14,46729280,20,9,
14,46729368,548,420,
14,46730214,182,128,
14,46730233,40,20,
14,46730346,101,47,
14,46730436,229,185,
14,46730504,499,272,
14,46730671,95,92,
14,46730826,12,0,
14,46730885,346,118,
14,46730926,14,4,
14,46731068,244,61,
14,46731432,273,89,
14,46731498,14,3,
14,46731513,4,1,
14,46731612,81,33,
14,46731638,10,9,
14,46731748,260,277,
14,46731964,3,1,
14,46731976,780,491,
14,46731996,243,87,
14,46732213,281,138,
14,46732242,30,1,
14,46732555,47,9,
14,46732929,7,0,
14,46732967,258,112,
14,46733301,89,20,
14,46733522,27,23,
14,46733624,238,330,
14,46733899,23,4,
14,46733905,11,9,
14,46734069,8,22,
14,46734194,16,33,
14,46734300,7,3,
14,46734302,391,422,
14,46734608,3,0,
14,46735022,62,11,
14,46735133,105,14,
14,46735139,100,44,
14,46735179,93,26,
14,46735231,29,15,
14,46735308,44,37,
14,46735489,162,61,
14,46735511,467,305,
14,46735545,1017,642,
14,46735616,241,59,
14,46735644,294,157,
14,46735649,13,0,
14,46735963,15,6,
14,46736048,112,151,
14,46736091,185,176,
14,46736329,11,2,
14,46736653,21,6,
14,46736682,7,8,
14,46736683,339,352,
14,46736978,7,1,
14,46737076,32,10,
14,46737136,9,2,
14,46737202,155,33,
14,46737236,9,1,
14,46737447,232,242,
14,46737467,20,8,
14,46737630,437,201,
14,46737865,56,13,
14,46737957,121,22,
14,46737964,14,0,
14,46738241,13,9,
14,46738297,8,5,
14,46738698,12,3,
14,46738809,4,1,
14,46738853,70,53,
14,46739043,32,3,
14,46739075,9,1,
14,46739257,5,0,
14,46739364,14,0,
14,46739621,20,1,
14,46739690,17,14,
14,46739921,5,1,
14,46740029,344,210,
14,46740189,8,0,
14,46740280,41,27,
14,46740548,69,26,
14,46740584,13,0,
14,46740644,108,92,
14,46740705,21,15,
14,46740748,165,71,
14,46740974,24,7,
14,46741123,4,8,
14,46741347,7,0,
14,46741472,47,8,
14,46741482,103,30,
14,46741606,7,2,
14,46741711,5,3,
14,46741923,75,26,
14,46741929,45,41,
14,46742035,6,0,
14,46742044,7,1,
14,46742074,3,0,
14,46742261,9,5,
14,46742298,5,1,
14,46742362,456,265,
14,46742389,489,281,
14,46742405,20,9,
14,46742431,14,0,
14,46742432,196,117,
14,46742448,3,0,
14,46742618,20,2,
14,46742635,170,107,
14,46742682,3,0,
14,46742800,6,7,
14,46742828,38,39,
14,46742902,3,2,
14,46742967,5,0,
14,46742992,3,0,
14,46743154,519,317,
14,46743199,6,0,
14,46743219,68,113,
14,46743328,61,81,
14,46743466,17,2,
14,46743729,6,0,
14,46743867,26,47,
14,46743883,3,0,
14,46743887,12,1,
14,46743908,459,301,22
14,46743951,19,2,
14,46743958,9,0,
14,46744125,28,5,
14,46744214,3,0,
14,46744569,38,4,
14,46744572,116,129,
14,46744647,122,27,
14,46744807,189,120,
14,46744843,6,6,
14,46744874,16,1,
14,46744952,8,1,
14,46744968,101,121,
14,46745138,45,0,
14,46745150,33,2,
14,46745228,49,0,
14,46745233,199,92,
14,46745259,151,13,
14,46745459,10,1,
14,46745831,15,6,
14,46745922,198,84,27
14,46746034,3,0,
14,46746061,3,0,
14,46746096,17,19,
14,46746136,4,1,
14,46746231,14,3,
14,46746239,3,6,
14,46746242,15,5,
14,46746266,63,33,
14,46746288,6,6,
14,46746297,5,1,
14,46746476,665,414,7
14,46746477,12,2,
14,46746517,44,17,
14,46746554,6,3,
14,46746570,69,20,
14,46746650,10,0,
14,46746681,113,29,
14,46746700,22,6,
14,46746742,12,4,
14,46746792,9,0,
14,46746829,7,2,
14,46746900,42,9,
14,46746946,127,113,
14,46747022,27,24,
14,46747078,16,0,
14,46747099,3,8,
14,46747119,193,62,24
14,46747213,26,14,
14,46747299,8,4,
14,46747351,8,1,
14,46747366,272,96,
14,46747403,10,2,
14,46747511,7,0,
14,46747571,9,2,
14,46747633,11,1,
14,46747686,12,2,
14,46747777,30,20,
14,46747819,5,0,
14,46747827,258,129,
14,46747849,7,0,
14,46747851,16,4,
14,46748071,42,17,
14,46748101,15,0,
14,46748106,17,0,
14,46748112,13,0,
14,46748139,3,0,
14,46748333,10,0,
14,46748340,4,0,
14,46748404,26,1,
14,46748551,10,3,
14,46748603,104,149,
14,46748771,264,225,
14,46748795,9,0,
14,46749053,167,67,30
14,46749118,19,3,
14,46749198,463,407,9
14,46749213,37,4,
14,46749261,26,12,
14,46749374,11,2,
14,46749396,7,1,
14,46749508,20,5,
14,46749511,6,0,
14,46749559,14,0,
14,46749565,5,0,
14,46749636,50,13,
14,46749671,159,11,20
14,46749903,8,0,
14,46750024,31,0,
14,46750053,50,4,
14,46750118,41,17,
14,46750214,88,10,15
14,46750358,193,142,
14,46750367,14,0,
14,46750417,6,1,
14,46750425,186,44,
14,46750437,34,7,
14,46750470,126,104,
14,46750481,3,1,
14,46750485,49,48,
14,46750767,43,68,
14,46750794,34,9,
14,46750852,244,80,
14,46750893,3,0,
14,46751132,10,2,
14,46751297,11,1,
14,46751448,20,4,
14,46751675,48,19,13
14,46751797,8,0,
14,46751825,21,0,17
14,46751826,122,5,4
14,46751835,71,59,
14,46751899,390,196,2
14,46751906,25,1,29
14,46752112,111,118,
14,46752116,4,0,
14,46752130,9,3,
14,46752151,292,120,1
14,46752261,73,27,6
14,46752303,37,2,
14,46752335,13,0,19
14,46752387,9,1,
14,46752392,7,1,
14,46752841,5,1,9
14,46752873,3,0,
14,46752984,3,0,
14,46753078,36,11,8
14,46753142,26,6,
14,46753301,58,8,3
14,46753364,12,3,
14,46753484,29,7,10
14,46753522,5,0,
14,46753611,35,13,12
14,46753623,3,0,
14,46753838,4,0,
14,46753851,3,0,
14,46754101,9,2,30
14,46754132,76,11,4
15,46686640,472,727,
15,46686655,405,210,
15,46686745,35,10,
15,46687504,96,18,
15,46687603,36,9,
15,46687705,98,51,
15,46687841,56,65,
15,46688101,47,37,
15,46688133,51,9,
15,46688173,124,65,
15,46688191,30,9,
15,46688229,46,99,
15,46688476,30,6,16
15,46688521,21,7,
15,46688804,371,342,6
15,46688954,256,209,
15,46688971,523,334,
15,46689065,239,83,
15,46689093,3,0,26
15,46689342,37,18,
15,46689631,124,27,
15,46689834,27,3,
15,46690092,93,52,
15,46690402,599,308,
15,46690530,79,27,
15,46690779,97,24,
15,46690907,348,258,
15,46691108,326,241,
15,46691243,455,451,
15,46691454,99,36,
15,46691531,10,0,
15,46691660,98,72,
15,46691835,194,146,
15,46691963,16,4,
15,46692116,426,68,
15,46692347,36,9,
15,46692473,15,0,
15,46692594,774,801,
15,46693205,454,373,
15,46693346,627,840,
15,46693460,77,40,20
15,46693959,213,70,
15,46694124,256,82,
15,46694618,286,88,
15,46694929,19,17,
15,46695415,118,65,
15,46695467,26,7,
15,46695628,565,112,
15,46695747,103,121,
15,46695978,55,28,
15,46696081,21,5,
15,46696111,15,11,
15,46696276,163,35,
15,46696283,209,67,
15,46696300,196,93,
15,46696303,315,566,
15,46696309,43,8,
15,46696357,254,168,
15,46696647,18,0,29
15,46696683,92,55,
15,46696699,127,224,
15,46697075,33,1,
15,46697390,9,1,27
15,46697518,19,3,
15,46697735,20,28,
15,46697876,95,9,
15,46697908,134,44,
15,46698061,263,152,
15,46698370,193,80,
15,46698469,46,5,
15,46698623,55,19,
15,46698660,456,258,
15,46699072,188,145,
15,46699260,26,8,
15,46699324,32,14,
15,46699597,43,22,
15,46699697,158,33,17
15,46700384,28,11,
15,46700503,259,56,
15,46700594,634,372,
15,46701114,106,65,
15,46701733,431,264,
15,46701969,208,144,
15,46702099,235,159,
15,46702272,14,1,
15,46702411,260,345,
15,46702980,36,7,
15,46703301,276,136,
15,46703317,186,19,
15,46703763,763,722,
15,46704223,136,408,
15,46704310,109,55,
15,46704943,148,116,
15,46705134,26,54,
15,46705201,262,80,
15,46705512,19,1,
15,46705676,136,77,
15,46705715,230,105,
15,46705830,42,10,
15,46705952,128,164,
15,46706001,8,15,
15,46706528,664,212,
15,46706564,28,8,
15,46706668,67,31,
15,46706796,59,74,
15,46706906,512,224,
15,46706947,183,86,
15,46707117,5,1,
15,46707409,12,5,
15,46707464,12,5,
15,46707572,576,696,
15,46707708,75,5,
15,46708032,242,157,
15,46708055,76,20,
15,46708096,116,27,
15,46708351,68,20,
15,46708592,60,14,
15,46708601,200,66,
15,46708678,482,257,
15,46708766,87,16,
15,46708990,46,6,
15,46709179,304,91,
15,46709249,8,0,
15,46709320,98,129,
15,46709543,204,111,
15,46709548,136,109,
15,46709727,408,103,
15,46709903,9,2,
15,46710042,62,35,
15,46710560,26,10,
15,46710569,48,16,
15,46710747,42,10,4
15,46710756,45,16,
15,46711380,190,152,
15,46711574,336,350,
15,46711649,147,88,
15,46712547,64,10,
15,46712678,697,497,
15,46712790,21,3,
15,46712815,179,66,
15,46713106,530,152,
15,46713387,141,57,
15,46713444,158,130,
15,46713473,27,24,
15,46713526,289,298,
15,46713704,85,68,
15,46713924,439,507,
15,46713929,284,405,
15,46714673,18,2,
15,46714916,31,10,
15,46715600,287,84,
15,46715766,38,13,
15,46716469,268,190,
15,46716560,73,100,
15,46716696,97,56,
15,46716806,46,13,
15,46717442,135,61,
15,46717472,10,0,
15,46717507,168,111,
15,46717536,33,5,
15,46717556,936,605,
15,46717960,206,158,
15,46718061,303,143,
15,46718086,70,105,
15,46718299,58,103,
15,46718485,161,211,
15,46718869,27,5,
15,46719222,547,552,
15,46719229,727,224,
15,46719363,9,12,
15,46719423,91,47,
15,46719489,73,66,
15,46719491,709,764,
15,46719774,6,5,
15,46719899,260,68,
15,46720395,934,504,
15,46720987,9,1,
15,46721019,52,69,
15,46721179,301,81,
15,46721388,17,8,
15,46721418,86,165,
15,46721421,40,33,
15,46721452,115,114,
15,46721474,86,36,
15,46721488,156,24,
15,46721653,27,7,
15,46721703,75,25,
15,46721802,1301,240,
15,46721933,47,18,
15,46721960,6,1,
15,46722038,70,123,
15,46722074,74,14,
15,46722143,20,2,
15,46722188,60,14,
15,46722285,44,25,
15,46722570,224,20,
15,46722853,146,74,
15,46723183,47,12,
15,46723190,60,31,
15,46723384,738,630,
15,46723478,3,0,
15,46723694,131,58,
15,46723859,31,6,
15,46723898,28,4,
15,46723990,653,356,
15,46724470,21,12,
15,46724542,11,1,
15,46724565,47,5,
15,46724567,10,5,
15,46724675,38,15,
15,46724743,15,4,
15,46725268,195,30,
15,46725288,383,352,
15,46725300,334,134,
15,46725389,73,20,
15,46725632,138,73,
15,46725804,26,20,
15,46726259,25,32,
15,46726526,147,34,
15,46726808,15,0,
15,46726827,4,0,22
15,46726857,245,151,
15,46726907,39,36,
15,46726916,123,36,
15,46726959,46,1,
15,46727135,10,1,
15,46727424,19,6,
15,46727587,1075,517,
15,46727862,53,11,
15,46727992,25,11,
15,46728070,5,1,
15,46728109,7,0,
15,46728157,158,167,
15,46728197,177,142,
15,46728385,42,21,
15,46728421,10,6,
15,46728659,3,3,
15,46728680,119,39,
15,46728781,52,20,
15,46728808,474,103,
15,46728950,33,11,
15,46729198,36,10,16
15,46729280,20,9,
15,46729368,548,423,
15,46730214,182,128,
15,46730233,40,20,
15,46730346,101,47,
15,46730436,229,185,
15,46730504,499,272,
15,46730671,95,92,
15,46730826,12,0,
15,46730885,346,118,
15,46730926,14,4,
15,46731068,244,61,
15,46731432,273,89,
15,46731498,14,3,
15,46731513,4,1,
15,46731612,81,33,
15,46731638,10,9,
15,46731748,260,277,
15,46731964,3,1,
15,46731976,780,492,
15,46731996,243,87,
15,46732213,281,138,
15,46732242,30,1,
15,46732555,47,9,
15,46732929,7,0,
15,46732967,259,112,
15,46733301,89,20,
15,46733522,27,23,
15,46733624,239,330,
15,46733899,23,4,
15,46733905,11,9,
15,46734069,8,22,
15,46734194,16,33,
15,46734300,7,4,
15,46734302,392,422,
15,46734608,3,0,
15,46735022,62,11,
15,46735133,105,14,
15,46735139,100,44,
15,46735179,93,26,
15,46735231,29,15,
15,46735308,45,38,
15,46735489,162,61,
15,46735511,467,305,
15,46735545,1019,642,
15,46735616,241,59,
15,46735644,294,157,
15,46735649,13,0,
15,46735963,15,6,
15,46736048,112,152,
15,46736091,185,176,
15,46736329,11,2,
15,46736653,21,6,
15,46736682,7,8,
15,46736683,339,353,
15,46736978,7,1,
15,46737076,32,10,
15,46737202,157,34,
15,46737447,232,243,
15,46737467,20,8,
15,46737630,438,201,
15,46737865,56,13,
15,46737957,121,22,
15,46737964,14,0,
15,46738241,13,9,
15,46738297,8,5,
15,46738698,12,3,
15,46738809,4,1,
15,46738853,70,53,
15,46739043,33,3,
15,46739075,9,1,
15,46739257,5,0,
15,46739364,14,0,
15,46739621,20,1,
15,46739690,17,14,
15,46739921,5,1,
15,46740029,345,210,
15,46740280,41,27,
15,46740548,69,26,
15,46740584,13,0,
15,46740644,108,92,
15,46740705,21,15,
15,46740748,166,71,
15,46740974,24,7,
15,46741123,4,8,
15,46741347,7,0,
15,46741472,47,8,
15,46741482,104,30,
15,46741606,7,2,
15,46741711,5,3,
15,46741923,77,26,
15,46741929,45,41,
15,46742035,6,0,
15,46742044,7,1,
15,46742074,3,0,
15,46742261,9,5,
15,46742298,5,1,
15,46742362,456,265,
15,46742389,490,285,
15,46742405,20,9,
15,46742431,14,0,
15,46742432,198,117,
15,46742448,3,0,
15,46742618,20,2,
15,46742635,171,107,
15,46742682,3,0,
15,46742800,6,7,
15,46742828,38,39,
15,46742902,3,2,
15,46742967,5,0,
15,46742992,3,0,
15,46743154,521,318,
15,46743199,6,0,
15,46743219,68,113,
15,46743328,61,81,
15,46743466,17,2,
15,46743729,6,0,
15,46743867,26,47,
15,46743883,3,0,
15,46743887,12,1,
15,46743908,469,302,28
15,46743951,19,2,
15,46743958,9,0,
15,46744214,3,0,
15,46744569,38,4,
15,46744572,116,132,
15,46744647,124,27,
15,46744807,191,120,
15,46744843,6,6,
15,46744874,17,1,
15,46744952,8,1,
15,46744968,101,121,
15,46745138,47,0,
15,46745150,34,2,
15,46745228,49,0,
15,46745233,201,92,
15,46745259,152,13,
15,46745459,11,1,
15,46745831,15,6,
15,46745922,200,85,
15,46746034,3,0,
15,46746061,3,0,
15,46746096,17,19,
15,46746136,4,1,
15,46746231,14,3,
15,46746239,3,6,
15,46746242,15,5,
15,46746266,64,33,
15,46746288,6,6,
15,46746297,5,1,
15,46746476,672,422,10
15,46746477,12,2,
15,46746517,44,17,
15,46746554,6,3,
15,46746570,70,20,
15,46746650,10,0,
15,46746681,114,29,
15,46746700,22,6,
15,46746742,12,4,
15,46746792,9,0,
15,46746829,7,2,
15,46746900,42,9,
15,46746946,131,113,
15,46747022,27,24,
15,46747078,16,0,
15,46747099,3,8,
15,46747119,199,63,27
15,46747213,26,15,
15,46747299,8,4,
15,46747351,8,1,
15,46747366,276,96,
15,46747403,10,2,
15,46747511,7,0,
15,46747571,10,2,
15,46747633,11,1,
15,46747686,12,2,
15,46747777,30,20,
15,46747819,5,0,
15,46747827,260,131,
15,46747849,7,0,
15,46747851,16,4,
15,46748071,43,17,
15,46748101,15,0,
15,46748106,17,0,
15,46748112,13,0,
15,46748139,3,0,
15,46748333,10,1,
15,46748340,4,0,
15,46748404,27,1,
15,46748551,10,3,
15,46748603,105,150,
15,46748771,266,228,
15,46748795,9,0,
15,46749053,172,69,
15,46749118,21,3,
15,46749198,481,447,15
15,46749213,40,5,
15,46749261,26,12,
15,46749374,11,2,
15,46749396,7,1,
15,46749508,21,5,
15,46749511,6,0,
15,46749559,15,0,
15,46749565,5,0,
15,46749636,50,14,
15,46749671,163,18,25
15,46749903,8,0,
15,46750024,32,0,
15,46750053,51,5,
15,46750118,41,19,
15,46750214,92,14,23
15,46750358,197,148,
15,46750367,15,0,
15,46750377,9,3,
15,46750417,6,1,
15,46750425,188,45,
15,46750437,36,7,
15,46750470,130,109,
15,46750481,3,1,
15,46750485,49,49,
15,46750767,43,69,
15,46750794,34,9,
15,46750852,244,80,
15,46750893,4,0,
15,46751132,10,2,
15,46751297,12,2,
15,46751448,21,4,
15,46751675,52,23,21
15,46751797,10,0,
15,46751825,30,0,21
15,46751826,144,8,7
15,46751835,75,63,
15,46751899,429,210,2
15,46751906,39,2,24
15,46752112,113,124,
15,46752116,4,0,
15,46752130,10,4,
15,46752151,373,181,1
15,46752261,80,32,11
15,46752303,40,2,
15,46752335,14,0,
15,46752387,10,1,
15,46752392,8,1,
15,46752841,8,3,14
15,46752873,4,0,
15,46752907,3,2,
15,46752984,3,0,
15,46753078,45,13,9
15,46753142,30,10,
15,46753156,4,0,
15,46753301,83,14,3
15,46753364,21,14,
15,46753395,4,0,
15,46753484,58,15,6
15,46753522,5,0,
15,46753611,54,25,15
15,46753623,4,0,
15,46753708,27,1,9
15,46753838,7,0,
15,46753851,4,0,
15,46754132,211,79,4
15,46754371,4,0,
15,46754427,7,0,
15,46754478,6,3,
15,46754600,85,76,1
15,46754744,3,1,
16,46686640,472,727,
16,46686655,405,210,
16,46686745,35,10,
16,46687504,96,18,
16,46687603,36,9,
16,46687705,98,51,
16,46687841,56,65,
16,46688101,47,37,
16,46688133,51,9,
16,46688173,124,65,
16,46688191,30,9,
16,46688229,46,99,
16,46688476,38,12,13
16,46688521,21,7,
16,46688804,408,397,6
16,46688954,256,209,
16,46688971,523,334,
16,46689065,239,83,
16,46689093,7,0,28
16,46689342,37,18,
16,46689631,124,27,
16,46689834,27,3,
16,46690092,93,52,
16,46690402,599,308,
16,46690530,79,27,
16,46690779,99,24,
16,46690907,348,258,
16,46691108,331,242,
16,46691243,455,451,
16,46691454,99,36,
16,46691531,10,0,
16,46691660,98,72,
16,46691835,194,146,
16,46691963,16,4,
16,46692116,426,68,
16,46692347,36,9,
16,46692473,16,0,
16,46692594,774,801,
16,46693205,454,373,
16,46693346,627,840,
16,46693460,95,48,15
16,46693959,213,70,
16,46694124,256,82,
16,46694618,287,88,
16,46694929,19,17,
16,46695415,118,65,
16,46695467,26,7,
16,46695628,565,112,
16,46695747,103,121,
16,46695978,55,28,
16,46696081,21,5,
16,46696111,15,11,
16,46696276,163,35,
16,46696283,210,67,
16,46696300,196,93,
16,46696303,315,568,
16,46696309,43,8,
16,46696357,254,168,
16,46696647,20,0,
16,46696699,127,224,
16,46697075,33,1,
16,46697390,11,2,
16,46697518,19,3,
16,46697735,20,28,
16,46697876,98,9,
16,46697908,134,44,
16,46698061,263,152,
16,46698370,193,80,
16,46698469,46,5,
16,46698623,55,19,
16,46698660,456,259,
16,46699072,188,145,
16,46699260,26,8,
16,46699324,32,14,
16,46699597,43,22,
16,46699697,172,43,16
16,46700384,28,11,
16,46700503,259,56,
16,46700594,634,372,
16,46701114,106,65,
16,46701733,431,264,
16,46701969,208,144,
16,46702099,235,159,
16,46702272,14,1,
16,46702411,260,345,
16,46702980,36,7,
16,46703301,276,136,
16,46703317,186,19,
16,46703763,764,722,
16,46704223,136,408,
16,46704310,109,55,
16,46704943,148,116,
16,46705134,26,55,
16,46705201,262,80,
16,46705512,19,1,
16,46705676,136,77,
16,46705715,230,105,
16,46705830,42,10,
16,46705952,128,164,
16,46706001,8,15,
16,46706528,664,212,
16,46706564,28,8,
16,46706668,67,31,
16,46706796,59,74,
16,46706906,512,224,
16,46706947,183,86,
16,46707117,5,1,
16,46707409,12,5,
16,46707464,12,5,
16,46707572,576,696,
16,46707708,75,5,
16,46708032,242,158,
16,46708055,76,20,
16,46708096,116,27,
16,46708351,68,20,
16,46708592,60,14,
16,46708601,200,66,
16,46708678,482,257,
16,46708766,87,16,
16,46708990,46,6,
16,46709179,304,91,
16,46709249,8,0,
16,46709320,99,129,
16,46709543,205,111,
16,46709548,136,109,
16,46709727,408,103,
16,46710042,62,35,
16,46710560,26,10,
16,46710569,48,16,
16,46710747,60,17,4
16,46710756,45,16,
16,46711380,190,152,
16,46711574,336,350,
16,46711649,147,88,
16,46712547,64,10,
16,46712678,697,497,
16,46712790,21,3,
16,46712815,179,66,
16,46713106,530,152,
16,46713387,141,57,
16,46713444,158,130,
16,46713473,27,24,
16,46713526,289,298,
16,46713704,85,68,
16,46713924,439,507,
16,46713929,284,406,
16,46714673,18,2,
16,46714916,31,10,
16,46715600,287,84,
16,46715766,38,13,
16,46716469,268,190,
16,46716560,73,100,
16,46716696,97,56,
16,46716806,46,13,
16,46717442,136,61,
16,46717472,10,0,
16,46717507,168,111,
16,46717536,33,5,
16,46717556,936,605,
16,46717960,206,158,
16,46718061,303,143,
16,46718086,70,105,
16,46718299,58,103,
16,46718485,161,211,
16,46719222,548,553,
16,46719229,728,224,
16,46719363,9,12,
16,46719423,91,47,
16,46719489,74,66,
16,46719491,709,766,
16,46719774,6,5,
16,46719899,260,68,
16,46720395,934,504,
16,46720987,9,1,
16,46721019,53,69,
16,46721179,301,81,
16,46721388,17,8,
16,46721418,86,165,
16,46721421,41,33,
16,46721452,115,114,
16,46721474,87,35,
16,46721488,156,24,
16,46721653,27,7,
16,46721703,76,25,
16,46721802,1302,240,
16,46721933,47,18,
16,46721960,6,1,
16,46722038,70,124,
16,46722074,74,14,
16,46722143,20,2,
16,46722188,60,14,
16,46722285,44,25,
16,46722570,224,20,
16,46722853,146,74,
16,46723183,47,12,
16,46723190,60,31,
16,46723384,738,631,
16,46723694,131,58,
16,46723859,31,6,
16,46723898,28,4,
16,46723990,653,356,
16,46724470,21,12,
16,46724542,11,1,
16,46724565,47,5,
16,46724567,10,5,
16,46724675,38,15,
16,46724743,15,4,
16,46725268,195,30,
16,46725288,383,353,
16,46725300,334,134,
16,46725389,73,20,
16,46725632,138,73,
16,46725804,26,20,
16,46726259,25,32,
16,46726526,147,34,
16,46726808,15,0,
16,46726827,5,0,23
16,46726857,245,151,
16,46726907,39,36,
16,46726916,123,36,
16,46726959,46,1,
16,46727135,10,1,
16,46727424,19,6,
16,46727587,1077,517,
16,46727862,54,11,
16,46727992,25,11,
16,46728070,5,1,
16,46728109,7,0,
16,46728157,158,168,
16,46728197,177,142,
16,46728385,42,21,
16,46728421,10,6,
16,46728659,3,3,
16,46728680,119,39,
16,46728781,52,20,
16,46728808,474,103,
16,46728950,33,11,
16,46729198,42,14,18
16,46729280,20,9,
16,46729368,548,424,
16,46730214,182,128,
16,46730233,40,20,
16,46730346,101,47,
16,46730436,229,185,
16,46730504,499,272,
16,46730671,95,92,
16,46730826,13,0,
16,46730885,346,118,
16,46730926,14,4,
16,46731068,245,61,
16,46731432,273,89,
16,46731498,14,3,
16,46731513,4,1,
16,46731612,81,33,
16,46731638,10,9,
16,46731748,260,277,
16,46731964,3,1,
16,46731976,781,492,
16,46731996,243,87,
16,46732213,282,138,
16,46732242,30,1,
16,46732555,47,9,
16,46732929,7,0,
16,46732967,259,112,
16,46733301,89,20,
16,46733522,28,23,
16,46733624,240,330,
16,46733899,23,4,
16,46733905,11,9,
16,46734194,16,33,
16,46734300,7,4,
16,46734302,393,423,
16,46734608,3,0,
16,46735022,62,11,
16,46735133,106,14,
16,46735139,101,44,
16,46735179,93,26,
16,46735231,29,15,
16,46735308,46,38,
16,46735489,164,61,
16,46735511,468,305,
16,46735545,1020,643,
16,46735616,242,59,
16,46735644,294,157,
16,46735649,13,0,
16,46735963,15,6,
16,46736048,112,152,
16,46736091,187,176,
16,46736329,11,2,
16,46736653,21,6,
16,46736682,7,8,
16,46736683,340,353,
16,46736978,7,1,
16,46737076,32,10,
16,46737202,159,34,
16,46737447,233,244,
16,46737467,20,8,
16,46737630,439,202,
16,46737865,56,13,
16,46737957,121,22,
16,46737964,14,0,
16,46738241,13,9,
16,46738809,4,1,
16,46738853,70,53,
16,46739043,34,3,
16,46739075,9,1,
16,46739257,5,0,
16,46739364,14,0,
16,46739621,20,1,
16,46739690,17,14,
16,46739921,5,1,
16,46740029,348,210,
16,46740280,42,27,
16,46740548,69,26,
16,46740584,13,0,
16,46740644,109,92,
16,46740705,21,16,
16,46740748,167,71,
16,46740974,24,7,
16,46741123,4,8,
16,46741347,7,0,
16,46741472,48,8,
16,46741482,104,30,
16,46741606,7,2,
16,46741711,5,3,
16,46741923,79,26,
16,46741929,45,41,
16,46742035,6,0,
16,46742044,7,1,
16,46742074,3,0,
16,46742261,9,5,
16,46742298,5,1,
16,46742362,456,266,
16,46742389,494,293,
16,46742405,21,9,
16,46742431,14,0,
16,46742432,199,117,
16,46742448,3,0,
16,46742618,20,2,
16,46742635,172,109,
16,46742682,3,0,
16,46742800,6,7,
16,46742828,38,39,
16,46742902,3,2,
16,46742967,5,0,
16,46742992,3,0,
16,46743154,522,318,
16,46743199,6,0,
16,46743219,68,115,
16,46743328,62,82,
16,46743466,17,2,
16,46743729,6,0,
16,46743867,26,47,
16,46743883,3,0,
16,46743887,12,1,
16,46743908,477,307,
16,46743951,19,2,
16,46743958,9,0,
16,46744214,3,0,
16,46744569,38,4,
16,46744572,116,132,
16,46744647,125,28,
16,46744807,195,121,
16,46744843,6,6,
16,46744874,17,1,
16,46744952,8,1,
16,46744968,101,127,
16,46745138,48,0,
16,46745150,34,2,
16,46745228,50,0,
16,46745233,203,95,
16,46745259,152,14,
16,46745459,11,1,
16,46745831,15,6,
16,46745922,204,86,
16,46746034,3,0,
16,46746061,3,0,
16,46746096,17,19,
16,46746136,4,1,
16,46746231,14,3,
16,46746239,3,7,
16,46746242,15,5,
16,46746266,65,33,
16,46746288,6,6,
16,46746297,5,1,
16,46746476,687,428,10
16,46746477,12,2,
16,46746517,44,17,
16,46746554,6,3,
16,46746570,70,20,
16,46746650,10,0,
16,46746681,115,29,
16,46746700,22,6,
16,46746742,12,4,
16,46746792,9,0,
16,46746829,7,2,
16,46746900,42,9,
16,46746946,133,116,
16,46747022,27,24,
16,46747078,16,0,
16,46747099,3,8,
16,46747119,209,69,27
16,46747213,26,17,
16,46747299,8,4,
16,46747351,8,1,
16,46747366,278,98,
16,46747403,10,2,
16,46747511,7,0,
16,46747571,11,2,
16,46747686,12,2,
16,46747777,30,20,
16,46747819,5,0,
16,46747827,268,131,
16,46747849,7,0,
16,46747851,16,4,
16,46748071,44,17,
16,46748101,15,0,
16,46748106,17,0,
16,46748112,13,0,
16,46748139,3,0,
16,46748333,10,1,
16,46748340,4,0,
16,46748404,27,1,
16,46748551,10,3,
16,46748603,106,150,
16,46748771,271,230,
16,46748795,9,0,
16,46749053,176,70,
16,46749118,23,3,
16,46749198,493,463,20
16,46749213,47,5,
16,46749261,27,12,
16,46749374,11,2,
16,46749396,7,1,
16,46749508,22,5,
16,46749511,6,0,
16,46749559,15,0,
16,46749565,5,0,
16,46749636,50,14,
16,46749671,170,26,26
16,46749903,8,0,
16,46750024,33,0,
16,46750053,51,5,
16,46750118,44,19,
16,46750214,96,16,24
16,46750358,204,154,
16,46750367,15,1,
16,46750377,9,3,
16,46750417,6,1,
16,46750425,190,46,
16,46750437,36,7,
16,46750470,133,112,
16,46750481,3,1,
16,46750485,49,51,
16,46750767,44,69,
16,46750794,34,9,
16,46750852,250,80,
16,46750893,4,0,
16,46751132,10,2,
16,46751297,12,2,
16,46751448,22,4,
16,46751675,57,25,24
16,46751797,14,0,
16,46751825,34,1,21
16,46751826,172,10,8
16,46751835,77,63,
16,46751899,452,220,17
16,46751906,48,4,21
16,46752112,121,130,
16,46752116,4,0,
16,46752130,10,4,
16,46752151,429,208,1
16,46752261,93,34,11
16,46752303,41,2,
16,46752335,15,0,
16,46752387,10,1,
16,46752392,8,1,
16,46752841,13,5,11
16,46752873,4,0,
16,46752907,17,7,27
16,46752984,3,0,
16,46753078,56,18,9
16,46753142,34,13,
16,46753156,4,0,
16,46753301,112,15,4
16,46753364,26,23,
16,46753395,5,0,
16,46753484,106,28,3
16,46753522,5,0,
16,46753611,75,42,18
16,46753623,4,0,
16,46753708,49,3,6
16,46753838,9,8,
16,46753851,4,0,
16,46754132,230,110,29
16,46754371,7,1,
16,46754427,41,0,13
16,46754497,9,0,
16,46754600,102,92,26
16,46754724,8,0,10
16,46754744,10,16,
16,46754944,104,32,1
16,46755115,10,0,4
16,46755392,3,0,
17,46686640,472,727,
17,46686655,405,210,
17,46686745,35,10,
17,46687504,96,18,
17,46687603,36,9,
17,46687705,98,51,
17,46687841,56,65,
17,46688101,47,37,
17,46688133,51,9,
17,46688173,124,65,
17,46688191,30,9,
17,46688229,46,99,
17,46688476,42,18,15
17,46688521,22,7,
17,46688804,449,442,5
17,46688954,256,209,
17,46688971,523,334,
17,46689065,239,83,
17,46689093,10,1,20
17,46689342,37,18,
17,46689631,125,29,
17,46689834,27,3,
17,46690092,93,52,
17,46690402,599,308,
17,46690530,79,27,
17,46690779,100,24,
17,46690907,348,258,
17,46691108,332,242,
17,46691243,455,451,
17,46691454,99,36,
17,46691531,10,0,
17,46691660,98,72,
17,46691835,194,146,
17,46691963,16,4,
17,46692116,426,68,
17,46692347,36,9,
17,46692473,16,0,
17,46692594,774,803,
17,46693205,454,373,
17,46693346,627,841,
17,46693460,108,52,17
17,46693959,213,70,
17,46694124,256,82,
17,46694618,287,88,
17,46694929,19,17,
17,46695415,118,65,
17,46695467,26,7,
17,46695628,565,112,
17,46695747,103,121,
17,46695978,55,28,
17,46696081,21,5,
17,46696111,15,11,
17,46696276,163,35,
17,46696283,212,67,
17,46696300,196,93,
17,46696303,315,568,
17,46696309,43,8,
17,46696357,254,168,
17,46696647,21,0,
17,46696699,127,224,
17,46697075,33,1,
17,46697390,12,2,
17,46697518,19,3,
17,46697735,20,28,
17,46697876,100,9,
17,46697908,134,44,
17,46698061,263,152,
17,46698370,193,80,
17,46698469,46,5,
17,46698623,55,19,
17,46698660,456,259,
17,46699072,188,145,
17,46699260,26,8,
17,46699324,32,14,
17,46699597,43,22,
17,46699697,185,47,18
17,46700384,30,11,
17,46700503,259,56,
17,46700594,634,372,
17,46701114,106,65,
17,46701733,431,264,
17,46701969,208,144,
17,46702099,235,159,
17,46702272,14,1,
17,46702411,260,345,
17,46702980,36,7,
17,46703301,276,136,
17,46703317,186,19,
17,46703763,764,722,
17,46704223,136,408,
17,46704310,109,55,
17,46704943,148,116,
17,46705134,26,55,
17,46705201,262,80,
17,46705512,19,1,
17,46705676,136,77,
17,46705715,230,105,
17,46705830,43,10,
17,46705952,128,164,
17,46706001,8,15,
17,46706528,664,212,
17,46706564,28,8,
17,46706668,67,31,
17,46706796,59,74,
17,46706906,512,224,
17,46706947,183,87,
17,46707062,6,0,20
17,46707117,5,1,
17,46707409,12,5,
17,46707464,12,5,
17,46707572,577,696,
17,46707708,75,5,
17,46708032,242,158,
17,46708055,76,20,
17,46708096,116,27,
17,46708351,68,20,
17,46708592,60,14,
17,46708601,200,66,
17,46708678,482,257,
17,46708766,87,16,
17,46708990,46,6,
17,46709179,304,91,
17,46709249,8,0,
17,46709320,99,129,
17,46709543,205,111,
17,46709548,136,109,
17,46709727,408,103,
17,46710042,62,35,
17,46710560,26,10,
17,46710569,48,16,
17,46710747,70,20,5
17,46710756,45,16,
17,46711380,190,152,
17,46711574,336,350,
17,46711649,147,88,
17,46712547,64,10,
17,46712678,697,497,
17,46712790,21,3,
17,46712815,179,66,
17,46713106,530,152,
17,46713387,141,57,
17,46713444,158,130,
17,46713473,27,24,
17,46713526,289,298,
17,46713704,85,68,
17,46713924,439,507,
17,46713929,284,406,
17,46714673,18,2,
17,46714916,31,10,
17,46715600,287,84,
17,46715766,38,13,
17,46716469,268,190,
17,46716560,73,100,
17,46716696,97,56,
17,46716806,46,13,
17,46717442,136,61,
17,46717472,10,0,
17,46717507,168,111,
17,46717536,33,5,
17,46717556,937,605,
17,46717960,207,158,
17,46718061,304,143,
17,46718086,70,105,
17,46718299,58,103,
17,46718485,161,211,
17,46719222,548,554,
17,46719229,728,224,
17,46719363,9,12,
17,46719423,91,47,
17,46719489,74,66,
17,46719491,709,766,
17,46719774,6,5,
17,46719899,261,68,
17,46720395,934,504,
17,46720987,9,1,
17,46721019,53,69,
17,46721179,301,81,
17,46721388,17,8,
17,46721418,86,165,
17,46721421,41,33,
17,46721452,115,114,
17,46721474,87,35,
17,46721488,156,24,
17,46721653,27,7,
17,46721703,76,25,
17,46721802,1302,240,
17,46721933,47,18,
17,46721960,6,1,
17,46722038,70,124,
17,46722074,74,14,
17,46722143,20,2,
17,46722188,60,14,
17,46722285,44,25,
17,46722570,224,20,
17,46722853,146,74,
17,46723183,48,12,
17,46723190,60,31,
17,46723384,738,632,
17,46723694,131,58,
17,46723859,31,6,
17,46723898,28,4,
17,46723990,653,357,
17,46724470,21,12,
17,46724542,11,1,
17,46724565,47,5,
17,46724567,10,5,
17,46724675,38,15,
17,46724743,15,4,
17,46725268,195,30,
17,46725288,383,353,
17,46725300,334,134,
17,46725389,73,20,
17,46725632,138,73,
17,46726259,25,32,
17,46726526,147,34,
17,46726808,15,0,
17,46726827,9,0,21
17,46726857,245,151,
17,46726907,39,36,
17,46726916,123,36,
17,46726959,46,1,
17,46727135,10,1,
17,46727424,19,6,
17,46727587,1078,517,
17,46727862,54,11,
17,46727992,25,11,
17,46728070,5,1,
17,46728109,7,0,
17,46728157,158,168,
17,46728197,177,143,
17,46728385,42,21,
17,46728421,10,6,
17,46728659,3,3,
17,46728680,119,39,
17,46728781,52,20,
17,46728808,474,103,
17,46728950,33,11,
17,46729198,53,22,19
17,46729280,20,10,
17,46729368,548,424,
17,46730214,182,128,
17,46730233,40,20,
17,46730346,101,47,
17,46730436,230,185,
17,46730504,499,272,
17,46730671,95,92,
17,46730826,14,0,
17,46730885,346,118,
17,46730926,14,4,
17,46731068,247,61,
17,46731432,273,89,
17,46731498,14,3,
17,46731513,4,1,
17,46731612,81,33,
17,46731638,10,9,
17,46731748,260,277,
17,46731964,3,1,
17,46731976,781,493,
17,46731996,243,87,
17,46732213,283,138,
17,46732242,30,1,
17,46732555,47,9,
17,46732929,7,0,
17,46732967,259,112,
17,46733301,89,20,
17,46733522,28,23,
17,46733624,240,332,
17,46733899,23,4,
17,46733905,11,9,
17,46734194,16,33,
17,46734300,7,4,
17,46734302,393,423,
17,46734608,3,0,
17,46735022,62,11,
17,46735133,106,14,
17,46735139,101,44,
17,46735179,93,26,
17,46735231,29,15,
17,46735308,46,38,
17,46735489,164,61,
17,46735511,469,305,
17,46735545,1021,644,
17,46735616,242,59,
17,46735644,295,157,
17,46735649,13,0,
17,46735963,15,6,
17,46736048,112,153,
17,46736091,187,176,
17,46736329,11,2,
17,46736653,21,6,
17,46736682,7,8,
17,46736683,340,355,
17,46736978,7,1,
17,46737076,32,10,
17,46737202,161,34,
17,46737447,233,245,
17,46737467,20,8,
17,46737630,439,202,
17,46737865,56,13,
17,46737957,121,22,
17,46737964,14,0,
17,46738241,13,9,
17,46738809,4,1,
17,46738853,70,53,
17,46739043,34,3,
17,46739075,9,1,
17,46739257,5,0,
17,46739364,14,0,
17,46739621,20,1,
17,46739690,17,14,
17,46739921,5,1,
17,46740029,348,210,
17,46740280,42,27,
17,46740548,69,26,
17,46740584,13,0,
17,46740644,109,92,
17,46740705,22,16,
17,46740748,167,71,
17,46740974,24,7,
17,46741123,4,8,
17,46741347,7,0,
17,46741472,48,8,
17,46741482,104,30,
17,46741606,7,2,
17,46741711,5,3,
17,46741923,80,26,
17,46741929,45,42,
17,46742035,6,0,
17,46742044,7,1,
17,46742074,3,0,
17,46742261,9,5,
17,46742298,5,1,
17,46742362,459,266,
17,46742389,496,296,
17,46742405,21,9,
17,46742431,15,0,
17,46742432,201,117,
17,46742448,3,0,
17,46742618,20,2,
17,46742635,174,110,
17,46742682,3,0,
17,46742800,6,7,
17,46742828,38,39,
17,46742902,3,2,
17,46742967,5,0,
17,46742992,3,0,
17,46743154,522,319,
17,46743199,6,0,
17,46743219,68,115,
17,46743328,62,82,
17,46743466,17,2,
17,46743729,6,0,
17,46743867,26,47,
17,46743883,3,0,
17,46743887,12,1,
17,46743908,482,311,
17,46743951,19,2,
17,46743958,9,0,
17,46744214,3,0,
17,46744569,38,4,
17,46744572,117,132,
17,46744647,126,28,
17,46744807,197,121,
17,46744843,6,6,
17,46744874,17,1,
17,46744952,8,1,
17,46744968,101,130,
17,46745138,49,0,
17,46745150,35,2,
17,46745233,205,95,
17,46745259,152,14,
17,46745459,11,1,
17,46745831,15,6,
17,46745922,209,86,
17,46746034,3,0,
17,46746061,3,0,
17,46746096,17,19,
17,46746136,4,1,
17,46746231,14,3,
17,46746239,3,7,
17,46746242,15,5,
17,46746266,65,34,
17,46746288,6,6,
17,46746297,5,1,
17,46746476,692,437,12
17,46746477,13,2,
17,46746517,44,17,
17,46746554,6,3,
17,46746570,70,20,
17,46746650,10,0,
17,46746681,117,29,
17,46746700,22,6,
17,46746742,12,4,
17,46746792,9,0,
17,46746829,7,2,
17,46746900,43,9,
17,46746946,134,118,
17,46747022,27,24,
17,46747078,16,0,
17,46747099,3,8,
17,46747119,209,70,30
17,46747213,27,17,
17,46747299,8,4,
17,46747351,8,1,
17,46747366,286,100,
17,46747403,10,2,
17,46747511,7,0,
17,46747571,11,2,
17,46747686,12,2,
17,46747777,31,20,
17,46747819,5,0,
17,46747827,273,130,
17,46747849,7,0,
17,46747851,16,4,
17,46748071,44,17,
17,46748101,15,0,
17,46748106,17,0,
17,46748112,13,0,
17,46748139,3,0,
17,46748333,10,1,
17,46748340,4,0,
17,46748404,28,1,
17,46748551,10,3,
17,46748603,106,152,
17,46748771,275,233,
17,46748795,9,0,
17,46749053,179,71,
17,46749118,24,3,
17,46749198,515,497,24
17,46749213,49,5,
17,46749261,28,12,
17,46749374,11,2,
17,46749396,7,1,
17,46749508,22,5,
17,46749511,6,0,
17,46749559,15,0,
17,46749565,5,0,
17,46749636,50,16,
17,46749671,173,33,29
17,46749903,8,0,
17,46750024,33,0,
17,46750053,52,5,
17,46750118,44,19,
17,46750214,101,18,28
17,46750358,207,156,
17,46750367,15,1,
17,46750377,9,3,
17,46750417,6,1,
17,46750425,193,47,
17,46750437,36,7,
17,46750470,137,115,
17,46750485,49,51,
17,46750767,44,70,
17,46750794,34,9,
17,46750852,253,81,
17,46750893,4,0,
17,46751132,10,2,
17,46751297,12,2,
17,46751448,23,4,
17,46751675,60,29,
17,46751797,14,0,
17,46751825,40,1,25
17,46751826,194,10,6
17,46751835,79,66,
17,46751899,469,229,24
17,46751906,60,7,21
17,46752112,125,132,
17,46752116,4,0,
17,46752130,10,4,
17,46752151,467,242,2
17,46752261,107,36,13
17,46752335,16,0,
17,46752387,10,1,
17,46752392,8,1,
17,46752841,19,6,14
17,46752873,5,0,
17,46752907,24,12,27
17,46752984,3,0,
17,46753078,67,21,11
17,46753142,37,14,
17,46753156,4,0,
17,46753301,121,15,6
17,46753364,30,26,
17,46753395,5,0,
17,46753484,157,44,3
17,46753522,5,0,
17,46753611,86,54,20
17,46753623,4,0,
17,46753708,61,5,7
17,46753838,11,9,
17,46753851,4,0,
17,46753974,6,9,
17,46754312,6,0,
17,46754371,11,1,
17,46754427,61,2,12
17,46754497,10,0,
17,46754600,109,101,
17,46754724,17,0,10
17,46754744,21,30,
17,46754944,187,69,1
17,46755115,44,11,2
17,46755124,19,0,
17,46755357,6,0,
17,46755644,7,3,
17,46755734,135,45,
17,46755975,5,2,
17,46755999,59,25,10
18,46686640,472,727,
18,46686655,405,210,
18,46686745,35,10,
18,46687504,96,18,
18,46687603,36,9,
18,46687705,98,51,
18,46687841,56,65,
18,46688101,47,37,
18,46688133,51,9,
18,46688173,124,65,
18,46688191,30,9,
18,46688229,46,99,
18,46688476,49,23,17
18,46688521,22,7,
18,46688804,485,495,6
18,46688954,256,209,
18,46688971,523,334,
18,46689065,239,83,
18,46689093,11,1,29
18,46689342,37,18,
18,46689631,125,29,
18,46689834,27,3,
18,46690092,93,52,
18,46690402,599,308,
18,46690530,79,27,
18,46690779,101,24,
18,46690907,348,258,
18,46691108,337,244,
18,46691152,5,1,13
18,46691243,455,451,
18,46691454,99,36,
18,46691531,10,0,
18,46691660,98,72,
18,46691835,194,146,
18,46691963,18,4,
18,46692116,426,68,
18,46692347,36,9,
18,46692473,17,0,
18,46692594,774,803,
18,46693205,454,373,
18,46693346,627,841,
18,46693460,119,57,18
18,46693959,213,70,
18,46694124,256,82,
18,46694618,288,88,
18,46694929,19,17,
18,46695415,118,65,
18,46695467,26,7,
18,46695628,565,112,
18,46695747,103,121,
18,46695978,55,28,
18,46696081,21,5,
18,46696111,15,11,
18,46696276,163,35,
18,46696283,214,67,
18,46696300,196,93,
18,46696303,315,568,
18,46696309,43,8,
18,46696357,254,168,
18,46696647,23,0,
18,46696699,127,224,
18,46697075,33,1,
18,46697390,13,2,
18,46697518,19,3,
18,46697735,20,28,
18,46697876,103,9,
18,46697908,134,44,
18,46698061,263,152,
18,46698370,193,80,
18,46698469,46,5,
18,46698623,55,19,
18,46698660,456,259,
18,46699072,189,148,
18,46699260,26,8,
18,46699324,32,14,
18,46699597,43,22,
18,46699697,189,50,21
18,46700384,32,13,
18,46700503,259,56,
18,46700594,634,373,
18,46701114,106,65,
18,46701733,431,264,
18,46701969,208,144,
18,46702099,236,159,
18,46702272,14,1,
18,46702411,260,345,
18,46702980,36,7,
18,46703301,276,136,
18,46703317,186,19,
18,46703763,764,722,
18,46704223,136,408,
18,46704310,109,55,
18,46704943,148,116,
18,46705134,26,55,
18,46705201,262,80,
18,46705512,19,1,
18,46705676,136,77,
18,46705715,230,105,
18,46705830,43,10,
18,46705952,128,164,
18,46706528,664,212,
18,46706564,28,8,
18,46706668,67,31,
18,46706796,59,74,
18,46706906,513,224,
18,46706947,183,87,
18,46707062,9,3,15
18,46707117,5,1,
18,46707464,12,5,
18,46707572,577,697,
18,46707708,75,5,
18,46708032,242,158,
18,46708055,76,20,
18,46708096,116,27,
18,46708351,69,20,
18,46708592,60,14,
18,46708601,200,66,
18,46708678,482,257,
18,46708766,87,16,
18,46708990,46,6,
18,46709179,304,91,
18,46709249,8,0,
18,46709320,99,129,
18,46709543,206,111,
18,46709548,136,109,
18,46709727,409,103,
18,46710042,62,35,
18,46710560,26,10,
18,46710569,48,16,
18,46710747,73,24,10
18,46710756,45,16,
18,46711380,190,152,
18,46711574,338,350,
18,46711649,147,88,
18,46712547,64,10,
18,46712678,697,497,
18,46712790,21,3,
18,46712815,179,66,
18,46713106,530,152,
18,46713387,141,57,
18,46713444,158,130,
18,46713473,27,24,
18,46713526,289,298,
18,46713704,86,68,
18,46713924,439,507,
18,46713929,284,406,
18,46714673,18,2,
18,46714916,31,10,
18,46715600,288,84,
18,46715766,38,13,
18,46716469,268,190,
18,46716560,73,100,
18,46716696,97,56,
18,46716806,46,13,
18,46717442,138,61,
18,46717472,10,0,
18,46717507,168,111,
18,46717536,33,5,
18,46717960,207,158,
18,46718061,304,143,
18,46718086,70,105,
18,46718299,58,103,
18,46718485,161,211,
18,46719222,548,554,
18,46719229,729,224,
18,46719363,9,12,
18,46719423,91,47,
18,46719489,74,66,
18,46719491,709,766,
18,46719774,6,5,
18,46719899,261,68,
18,46720395,934,504,
18,46720987,9,1,
18,46721019,53,69,
18,46721179,301,81,
18,46721388,17,8,
18,46721418,86,165,
18,46721421,41,34,
18,46721452,115,114,
18,46721474,87,35,
18,46721488,156,24,
18,46721653,27,7,
18,46721703,76,25,
18,46721802,1304,240,
18,46721933,47,18,
18,46721960,6,1,
18,46722038,70,124,
18,46722074,75,14,
18,46722143,20,2,
18,46722188,60,14,
18,46722285,44,25,
18,46722570,224,20,
18,46722853,146,74,
18,46723183,48,12,
18,46723190,60,31,
18,46723384,738,632,
18,46723694,131,58,
18,46723859,31,6,
18,46723898,28,4,
18,46723990,653,357,
18,46724470,21,12,
18,46724542,11,1,
18,46724565,47,5,
18,46724567,10,5,
18,46724675,38,15,
18,46724743,15,4,
18,46725268,195,30,
18,46725288,383,353,
18,46725300,335,134,
18,46725389,73,20,
18,46725632,138,73,
18,46726259,25,32,
18,46726526,147,34,
18,46726808,15,0,
18,46726827,11,1,24
18,46726857,245,151,
18,46726907,39,36,
18,46726916,123,36,
18,46726959,46,1,
18,46727135,10,1,
18,46727424,19,6,
18,46727587,1079,519,
18,46727862,55,11,
18,46727992,25,11,
18,46728070,5,1,
18,46728109,7,0,
18,46728157,159,168,
18,46728197,177,143,
18,46728385,42,21,
18,46728421,10,6,
18,46728659,3,3,
18,46728680,119,39,
18,46728781,52,20,
18,46728808,474,103,
18,46728950,33,11,
18,46729198,56,26,23
18,46729280,20,10,
18,46729368,548,424,
18,46730214,182,128,
18,46730233,40,20,
18,46730346,101,47,
18,46730436,232,185,
18,46730504,499,272,
18,46730671,95,92,
18,46730826,14,0,
18,46730885,347,118,
18,46730926,14,4,
18,46731068,247,61,
18,46731432,273,89,
18,46731498,14,3,
18,46731513,4,1,
18,46731612,81,33,
18,46731638,10,9,
18,46731748,260,277,
18,46731964,3,2,
18,46731976,782,494,
18,46731996,243,87,
18,46732213,283,138,
18,46732242,30,1,
18,46732555,47,9,
18,46732929,7,0,
18,46732967,259,112,
18,46733301,90,20,
18,46733522,28,23,
18,46733624,240,333,
18,46733899,23,4,
18,46733905,11,9,
18,46734194,16,33,
18,46734300,7,4,
18,46734302,393,426,
18,46734608,3,0,
18,46735022,62,11,
18,46735133,106,14,
18,46735139,103,44,
18,46735179,93,26,
18,46735231,29,15,
18,46735308,46,38,
18,46735489,164,61,
18,46735511,470,305,
18,46735545,1024,644,
18,46735616,242,59,
18,46735644,295,157,
18,46735649,13,0,
18,46735963,15,6,
18,46736048,112,153,
18,46736091,187,176,
18,46736653,21,6,
18,46736682,7,8,
18,46736683,340,355,
18,46736978,7,1,
18,46737076,32,10,
18,46737202,165,34,
18,46737447,234,245,
18,46737467,20,8,
18,46737630,439,202,
18,46737865,56,13,
18,46737957,121,22,
18,46737964,14,0,
18,46738241,13,9,
18,46738809,4,1,
18,46738853,70,53,
18,46739043,34,3,
18,46739075,9,1,
18,46739257,5,0,
18,46739364,14,0,
18,46739621,20,1,
18,46739690,17,14,
18,46739921,5,1,
18,46740029,348,210,
18,46740280,42,27,
18,46740548,69,26,
18,46740584,13,0,
18,46740644,109,92,
18,46740705,23,16,
18,46740748,169,71,
18,46740974,24,7,
18,46741123,4,8,
18,46741472,49,8,
18,46741482,104,30,
18,46741606,7,2,
18,46741711,5,3,
18,46741923,81,26,
18,46741929,45,42,
18,46742035,6,0,
18,46742044,7,1,
18,46742074,3,0,
18,46742261,9,5,
18,46742298,5,1,
18,46742362,461,267,
18,46742389,501,296,
18,46742405,21,9,
18,46742431,15,0,
18,46742432,202,117,
18,46742618,20,2,
18,46742635,175,113,
18,46742682,3,0,
18,46742800,6,7,
18,46742828,38,39,
18,46742902,3,2,
18,46743154,522,319,
18,46743199,6,0,
18,46743219,68,115,
18,46743328,62,82,
18,46743466,17,2,
18,46743729,6,0,
18,46743867,26,47,
18,46743883,3,0,
18,46743887,12,1,
18,46743908,484,312,
18,46743951,19,2,
18,46743958,9,0,
18,46744214,3,0,
18,46744569,38,4,
18,46744572,117,133,
18,46744647,128,28,
18,46744807,198,121,
18,46744843,6,6,
18,46744874,18,1,
18,46744952,8,1,
18,46744968,101,130,
18,46745138,49,0,
18,46745150,37,2,
18,46745233,205,95,
18,46745259,152,14,
18,46745459,11,1,
18,46745831,15,6,
18,46745922,209,87,
18,46746034,3,0,
18,46746061,3,0,
18,46746096,17,19,
18,46746136,4,1,
18,46746231,14,3,
18,46746239,3,7,
18,46746242,15,5,
18,46746266,65,34,
18,46746288,6,6,
18,46746297,5,1,
18,46746476,692,446,
18,46746477,14,2,
18,46746517,44,17,
18,46746554,6,3,
18,46746570,71,20,
18,46746650,10,0,
18,46746681,118,29,
18,46746700,22,6,
18,46746742,12,4,
18,46746792,9,0,
18,46746829,7,2,
18,46746900,43,9,
18,46746946,135,119,
18,46747022,27,24,
18,46747078,16,0,
18,46747099,3,8,
18,46747119,214,70,
18,46747213,27,17,
18,46747299,8,4,
18,46747351,8,1,
18,46747366,288,100,
18,46747403,10,2,
18,46747511,7,0,
18,46747571,12,2,
18,46747686,12,2,
18,46747777,31,20,
18,46747819,5,0,
18,46747827,275,132,
18,46747849,7,0,
18,46747851,16,4,
18,46748071,45,17,
18,46748101,15,0,
18,46748106,17,0,
18,46748112,13,0,
18,46748139,3,0,
18,46748333,10,1,
18,46748340,4,0,
18,46748404,29,1,
18,46748551,10,3,
18,46748603,107,152,
18,46748771,280,234,
18,46748795,9,0,
18,46749053,181,72,
18,46749118,26,3,
18,46749198,530,508,26
18,46749213,51,6,
18,46749261,28,12,
18,46749374,11,2,
18,46749396,7,1,
18,46749508,22,6,
18,46749511,6,0,
18,46749559,16,0,
18,46749565,5,0,
18,46749636,52,17,
18,46749671,177,37,
18,46749903,8,0,
18,46750024,35,0,
18,46750053,54,5,
18,46750118,45,20,
18,46750214,105,19,30
18,46750358,207,158,
18,46750367,16,1,
18,46750377,9,3,
18,46750417,6,1,
18,46750425,195,48,
18,46750437,36,7,
18,46750470,139,115,
18,46750485,49,51,
18,46750794,34,9,
18,46750852,256,83,
18,46750893,6,0,
18,46751132,10,2,
18,46751231,14,19,6
18,46751297,12,2,
18,46751448,23,4,
18,46751675,61,29,
18,46751797,17,0,
18,46751825,43,1,29
18,46751826,209,12,8
18,46751835,82,67,
18,46751899,482,233,24
18,46751906,66,12,23
18,46752112,128,133,
18,46752116,4,0,
18,46752130,10,4,
18,46752151,493,262,3
18,46752261,116,42,15
18,46752335,16,0,
18,46752387,10,1,
18,46752392,9,1,
18,46752841,21,6,20
18,46752873,6,0,
18,46752907,34,23,23
18,46752984,3,0,
18,46753078,79,23,11
18,46753142,40,15,
18,46753156,4,0,
18,46753301,131,18,9
18,46753364,32,30,
18,46753395,6,0,
18,46753484,195,53,3
18,46753522,6,0,
18,46753611,102,65,24
18,46753623,4,0,
18,46753708,93,6,7
18,46753838,13,9,
18,46753851,4,0,
18,46753974,9,12,
18,46754181,4,0,
18,46754201,8,0,
18,46754206,7,1,
18,46754312,8,0,
18,46754427,75,18,14
18,46754497,17,0,
18,46754600,114,104,
18,46754724,26,3,11
18,46754744,25,39,
18,46754944,235,97,1
18,46755019,6,0,
18,46755115,79,18,2
18,46755175,3,0,
18,46755357,10,0,
18,46755523,4,0,
18,46755644,16,4,
18,46755975,9,4,
18,46755999,114,66,22
18,46756117,220,95,3
18,46756564,18,3,
19,46686640,472,727,
19,46686655,405,210,
19,46687504,96,18,
19,46687603,36,9,
19,46687705,98,51,
19,46687841,56,65,
19,46688101,47,37,
19,46688133,51,9,
19,46688173,124,65,
19,46688191,30,9,
19,46688229,46,99,
19,46688476,56,25,19
19,46688521,23,7,
19,46688804,530,554,7
19,46688954,256,209,
19,46688971,523,334,
19,46689065,239,83,
19,46689093,12,1,
19,46689342,37,18,
19,46689631,125,29,
19,46689834,27,3,
19,46690092,93,52,
19,46690402,599,308,
19,46690530,79,27,
19,46690779,104,24,
19,46690907,348,258,
19,46691108,337,246,
19,46691152,12,5,11
19,46691243,455,451,
19,46691454,99,36,
19,46691531,10,0,
19,46691660,99,72,
19,46691835,194,146,
19,46691963,18,4,
19,46692116,426,68,
19,46692347,36,9,
19,46692473,17,0,
19,46692594,775,803,
19,46693205,454,373,
19,46693460,127,61,21
19,46693959,213,70,
19,46694124,256,82,
19,46694618,289,88,
19,46694929,19,17,
19,46695415,118,65,
19,46695467,28,7,14
19,46695628,565,112,
19,46695747,103,121,
19,46695978,55,28,
19,46696081,21,5,
19,46696276,163,35,
19,46696283,214,67,
19,46696300,196,93,
19,46696303,315,568,
19,46696309,43,8,
19,46696357,254,168,
19,46696647,23,0,
19,46696699,127,224,
19,46697075,33,1,
19,46697390,13,2,
19,46697735,20,28,
19,46697876,103,9,
19,46697908,134,44,
19,46698061,263,152,
19,46698370,193,80,
19,46698469,46,5,
19,46698623,55,19,
19,46698660,456,259,
19,46699072,189,148,
19,46699260,26,8,
19,46699324,32,14,
19,46699597,43,22,
19,46699697,197,50,22
19,46700384,32,15,
19,46700503,259,56,
19,46700594,634,373,
19,46701114,106,65,
19,46701733,431,264,
19,46701969,208,144,
19,46702099,236,159,
19,46702272,14,1,
19,46702411,260,345,
19,46702980,36,7,
19,46703301,276,136,
19,46703317,186,19,
19,46703763,764,722,
19,46704223,136,408,
19,46704310,109,55,
19,46704943,148,116,
19,46705134,26,55,
19,46705201,262,80,
19,46705676,136,77,
19,46705715,230,105,
19,46705830,43,10,
19,46705952,128,164,
19,46706528,664,212,
19,46706564,28,8,
19,46706668,67,31,
19,46706796,59,74,
19,46706906,513,224,
19,46706947,183,88,
19,46707062,11,6,17
19,46707117,5,1,
19,46707464,12,5,
19,46707572,577,698,
19,46707708,75,5,
19,46708032,242,158,
19,46708055,76,20,
19,46708096,116,27,
19,46708351,69,20,
19,46708592,60,14,
19,46708601,200,66,
19,46708678,482,257,
19,46708766,87,16,
19,46708990,46,6,
19,46709179,304,91,
19,46709249,8,0,
19,46709320,99,129,
19,46709543,206,111,
19,46709548,136,109,
19,46709727,409,103,
19,46710042,62,35,
19,46710560,26,10,
19,46710569,48,16,
19,46710747,78,27,13
19,46710756,45,16,
19,46711380,190,152,
19,46711574,338,350,
19,46711649,147,88,
19,46712547,64,10,
19,46712678,697,497,
19,46712790,21,3,
19,46712815,180,66,
19,46713106,530,152,
19,46713387,141,57,
19,46713444,158,130,
19,46713473,27,26,
19,46713526,289,298,
19,46713704,86,68,
19,46713924,439,506,
19,46713929,284,406,
19,46714673,18,2,
19,46714916,31,10,
19,46715600,288,84,
19,46715766,38,13,
19,46716469,268,190,
19,46716560,73,101,
19,46716696,97,56,
19,46716806,46,13,
19,46717442,138,61,
19,46717472,11,0,
19,46717507,168,111,
19,46717536,33,5,
19,46717960,207,158,
19,46718061,304,143,
19,46718086,71,105,
19,46718299,58,103,
19,46718485,161,211,
19,46719222,548,554,
19,46719229,729,224,
19,46719363,9,12,
19,46719423,91,47,
19,46719489,74,66,
19,46719491,709,766,
19,46719774,6,5,
19,46719899,261,68,
19,46720395,934,504,
19,46720987,9,1,
19,46721019,53,69,
19,46721179,301,81,
19,46721388,17,8,
19,46721418,86,165,
19,46721421,41,35,
19,46721452,115,114,
19,46721474,87,35,
19,46721488,156,24,
19,46721653,27,7,
19,46721703,76,25,
19,46721802,1304,240,
19,46721933,47,18,
19,46721960,6,1,
19,46722038,70,124,
19,46722074,75,14,
19,46722143,21,2,
19,46722188,60,14,
19,46722285,44,26,
19,46722570,224,20,
19,46722853,146,74,
19,46723183,48,12,
19,46723190,60,31,
19,46723384,739,632,
19,46723694,131,58,
19,46723859,31,6,
19,46723898,28,4,
19,46723990,653,357,
19,46724470,21,12,
19,46724542,12,1,
19,46724565,47,5,
19,46724567,10,5,
19,46724675,38,15,
19,46724743,15,4,
19,46725268,196,30,
19,46725288,384,353,
19,46725300,336,134,
19,46725389,73,20,
19,46725632,138,73,
19,46726259,25,32,
19,46726526,147,34,
19,46726808,15,0,
19,46726827,12,1,
19,46726857,245,151,
19,46726907,39,36,
19,46726916,123,36,
19,46726959,46,1,
19,46727135,10,1,
19,46727424,19,6,
19,46727587,1081,520,
19,46727862,55,12,
19,46727992,25,11,
19,46728070,5,1,
19,46728109,7,0,
19,46728157,159,168,
19,46728197,177,143,
19,46728385,42,21,
19,46728421,10,6,
19,46728659,3,3,
19,46728680,119,39,
19,46728781,52,20,
19,46728808,474,103,
19,46728950,33,11,
19,46729198,62,34,30
19,46729280,20,10,
19,46729368,548,424,
19,46730214,182,128,
19,46730233,40,20,
19,46730346,101,47,
19,46730436,232,185,
19,46730504,499,272,
19,46730671,95,92,
19,46730826,14,0,
19,46730885,348,118,
19,46730926,14,4,
19,46731068,248,61,
19,46731432,273,89,
19,46731498,14,4,
19,46731513,4,1,
19,46731612,81,33,
19,46731638,10,9,
19,46731748,260,278,
19,46731964,3,2,
19,46731976,782,494,
19,46731996,243,87,
19,46732213,283,139,
19,46732242,30,1,
19,46732555,47,9,
19,46732929,7,0,
19,46732967,259,112,
19,46733301,90,20,
19,46733522,28,23,
19,46733624,240,333,
19,46733899,23,4,
19,46733905,11,9,
19,46734194,16,34,
19,46734300,7,4,
19,46734302,394,426,
19,46734608,3,0,
19,46735022,62,11,
19,46735133,106,14,
19,46735139,103,44,
19,46735179,93,26,
19,46735231,29,15,
19,46735308,46,38,
19,46735489,164,61,
19,46735511,470,305,
19,46735545,1024,644,
19,46735616,242,59,
19,46735644,295,157,
19,46735649,13,0,
19,46735963,15,6,
19,46736048,112,153,
19,46736091,187,176,
19,46736653,21,6,
19,46736682,7,8,
19,46736683,340,361,
19,46736978,7,1,
19,46737076,32,10,
19,46737202,166,35,
19,46737447,235,245,
19,46737467,20,8,
19,46737630,441,202,
19,46737865,56,13,
19,46737957,121,22,
19,46737964,14,0,
19,46738241,13,9,
19,46738809,5,1,
19,46738853,71,53,
19,46739043,34,3,
19,46739075,9,1,
19,46739257,5,0,
19,46739364,14,0,
19,46739621,20,1,
19,46739690,18,14,
19,46739921,5,1,
19,46740029,348,211,
19,46740280,42,27,
19,46740548,69,26,
19,46740584,13,0,
19,46740644,109,92,
19,46740705,23,16,
19,46740748,171,71,
19,46740974,24,7,
19,46741123,4,8,
19,46741472,49,8,
19,46741482,104,30,
19,46741606,7,2,
19,46741711,5,3,
19,46741923,83,26,
19,46741929,45,42,
19,46742035,6,0,
19,46742044,7,1,
19,46742074,3,0,
19,46742261,9,5,
19,46742298,6,2,
19,46742362,463,267,
19,46742389,502,298,
19,46742405,21,9,
19,46742431,15,0,
19,46742432,204,118,
19,46742618,20,2,
19,46742635,179,113,
19,46742682,3,0,
19,46742800,6,7,
19,46742828,38,39,
19,46742902,3,2,
19,46743154,522,320,
19,46743199,6,0,
19,46743219,68,115,
19,46743328,62,82,
19,46743466,17,2,
19,46743729,6,0,
19,46743867,26,47,
19,46743883,3,0,
19,46743887,12,1,
19,46743908,484,318,
19,46743951,19,2,
19,46743958,9,0,
19,46744214,3,0,
19,46744569,38,4,
19,46744572,117,133,
19,46744647,129,28,
19,46744807,200,121,
19,46744843,6,6,
19,46744874,18,1,
19,46744952,8,1,
19,46744968,101,131,
19,46745138,49,0,
19,46745150,37,2,
19,46745233,205,96,
19,46745259,152,15,
19,46745459,11,1,
19,46745831,15,6,
19,46745922,209,87,
19,46746034,3,0,
19,46746061,3,0,
19,46746096,17,19,
19,46746136,4,1,
19,46746231,14,3,
19,46746239,3,7,
19,46746242,15,5,
19,46746266,66,34,
19,46746288,6,6,
19,46746297,5,1,
19,46746476,694,450,
19,46746477,15,2,
19,46746517,44,17,
19,46746554,6,3,
19,46746570,72,20,
19,46746650,10,0,
19,46746681,118,29,
19,46746700,22,6,
19,46746742,12,4,
19,46746792,9,0,
19,46746829,7,2,
19,46746900,43,9,
19,46746946,137,119,
19,46747022,27,24,
19,46747078,16,0,
19,46747099,3,8,
19,46747119,215,70,
19,46747213,27,18,
19,46747299,8,4,
19,46747351,8,1,
19,46747366,289,100,
19,46747403,10,2,
19,46747511,7,0,
19,46747571,14,3,
19,46747686,12,2,
19,46747777,31,20,
19,46747819,5,0,
19,46747827,277,134,
19,46747849,7,0,
19,46747851,16,4,
19,46748071,45,18,
19,46748101,16,0,
19,46748106,17,0,
19,46748112,13,0,
19,46748139,3,0,
19,46748333,10,1,
19,46748340,4,0,
19,46748404,29,1,
19,46748551,11,3,
19,46748603,109,152,
19,46748771,282,237,
19,46748795,10,0,
19,46749053,182,73,
19,46749118,27,3,
19,46749198,542,524,28
19,46749213,54,6,
19,46749261,28,12,
19,46749270,3,0,
19,46749374,11,2,
19,46749396,7,1,
19,46749508,22,6,
19,46749511,6,0,
19,46749559,16,0,
19,46749565,5,0,
19,46749636,53,17,
19,46749671,179,38,
19,46749754,6,0,
19,46749903,8,0,
19,46750024,35,0,
19,46750053,54,5,
19,46750118,47,20,
19,46750214,105,19,
19,46750358,208,159,
19,46750367,16,1,
19,46750377,10,4,
19,46750417,7,1,
19,46750425,195,50,
19,46750437,36,7,
19,46750470,139,118,
19,46750485,49,51,
19,46750794,35,9,
19,46750852,260,83,
19,46750893,6,0,
19,46751132,10,2,
19,46751231,31,30,5
19,46751297,12,2,
19,46751448,23,4,
19,46751675,62,30,
19,46751797,18,0,
19,46751825,52,1,28
19,46751826,233,12,8
19,46751835,82,68,
19,46751899,505,246,26
19,46751906,76,15,24
19,46752112,133,135,
19,46752116,4,0,
19,46752130,10,4,
19,46752151,538,284,4
19,46752261,124,46,16
19,46752335,16,0,
19,46752387,10,1,
19,46752392,9,1,
19,46752841,22,7,23
19,46752873,6,0,
19,46752907,52,41,20
19,46752984,3,0,
19,46753078,88,26,10
19,46753142,43,15,
19,46753156,4,0,
19,46753301,145,20,9
19,46753364,33,37,
19,46753395,6,0,
19,46753484,231,74,3
19,46753522,6,0,
19,46753611,117,75,25
19,46753623,4,0,
19,46753708,110,7,5
19,46753838,13,10,
19,46753851,4,0,
19,46753974,10,14,
19,46754181,6,0,
19,46754201,9,0,
19,46754206,8,3,
19,46754312,8,0,
19,46754427,89,29,19
19,46754497,23,0,
19,46754600,116,107,
19,46754724,31,6,12
19,46754818,15,5,
19,46754944,306,114,1
19,46755019,10,0,
19,46755115,100,25,2
19,46755175,3,0,
19,46755357,11,0,
19,46755523,4,0,
19,46755644,19,5,
19,46755975,13,5,
19,46755999,134,82,
19,46756117,368,190,5
19,46756187,9,6,
19,46756288,12,4,11
19,46757019,6,1,
19,46757126,12,3,6
20,46686640,472,727,
20,46686655,405,210,
20,46687504,96,18,
20,46687603,36,9,
20,46687705,98,51,
20,46687841,56,65,
20,46688101,47,37,
20,46688133,51,9,
20,46688173,124,65,
20,46688191,30,9,
20,46688229,46,99,
20,46688476,64,25,20
20,46688521,24,7,
20,46688804,556,590,7
20,46688954,256,209,
20,46688971,523,334,
20,46689065,239,83,
20,46689093,12,1,
20,46689342,37,19,
20,46689631,126,29,
20,46689834,27,3,
20,46689895,6,0,17
20,46690092,93,52,
20,46690402,600,309,
20,46690530,79,27,
20,46690779,106,25,
20,46690907,348,258,
20,46691108,337,246,
20,46691152,25,11,8
20,46691243,455,451,
20,46691454,99,36,
20,46691531,11,0,
20,46691660,99,72,
20,46691835,194,146,
20,46691963,18,4,
20,46692116,426,68,
20,46692347,36,9,
20,46692473,17,1,
20,46692594,775,803,
20,46693205,454,373,
20,46693460,136,63,21
20,46693959,213,70,
20,46694124,256,82,
20,46694618,290,88,
20,46694929,19,17,
20,46695415,118,65,
20,46695467,37,9,15
20,46695628,565,112,
20,46695747,103,121,
20,46695978,55,28,
20,46696081,21,5,
20,46696276,163,35,
20,46696283,214,68,
20,46696300,196,93,
20,46696303,315,569,
20,46696309,43,8,
20,46696357,254,168,
20,46696647,23,0,
20,46696699,127,224,
20,46697075,33,1,
20,46697390,15,2,
20,46697735,20,28,
20,46697876,103,10,
20,46697908,134,44,
20,46698061,263,152,
20,46698370,193,80,
20,46698469,46,5,
20,46698623,55,19,
20,46698660,456,259,
20,46699072,189,148,
20,46699260,26,8,
20,46699324,32,14,
20,46699597,43,22,
20,46699697,210,50,22
20,46700384,32,15,
20,46700503,259,56,
20,46700594,634,373,
20,46701114,106,65,
20,46701733,431,264,
20,46701969,208,144,
20,46702099,236,159,
20,46702272,14,1,
20,46702411,260,345,
20,46702980,36,7,
20,46703301,276,136,
20,46703317,186,19,
20,46703763,764,722,
20,46704223,136,408,
20,46704310,109,55,
20,46704943,148,116,
20,46705134,26,55,
20,46705201,262,80,
20,46705676,136,77,
20,46705715,230,105,
20,46705830,43,10,
20,46705952,128,164,
20,46706528,664,212,
20,46706564,28,8,
20,46706668,67,31,
20,46706796,59,74,
20,46706906,513,224,
20,46706947,183,88,
20,46707062,16,10,16
20,46707117,5,1,
20,46707464,12,5,
20,46707572,577,698,
20,46707708,75,5,
20,46708032,242,158,
20,46708055,76,20,
20,46708096,116,27,
20,46708351,69,20,
20,46708592,60,14,
20,46708601,200,66,
20,46708678,482,257,
20,46708766,87,16,
20,46708990,46,6,
20,46709179,304,91,
20,46709249,8,0,
20,46709320,99,129,
20,46709543,206,111,
20,46709548,136,109,
20,46709727,409,103,
20,46710042,62,35,
20,46710560,26,10,
20,46710569,48,16,
20,46710747,82,37,14
20,46710756,45,16,
20,46711380,190,152,
20,46711574,338,350,
20,46711649,147,88,
20,46712547,64,10,
20,46712678,697,497,
20,46712790,21,3,
20,46712815,180,66,
20,46713106,530,152,
20,46713387,141,57,
20,46713444,158,130,
20,46713473,27,26,
20,46713526,289,298,
20,46713704,86,68,
20,46713924,439,506,
20,46713929,284,408,
20,46714673,18,2,
20,46714916,31,10,
20,46715600,288,84,
20,46715766,38,13,
20,46716469,268,190,
20,46716560,73,101,
20,46716696,97,56,
20,46716806,46,13,
20,46717442,138,61,
20,46717472,11,0,
20,46717507,168,111,
20,46717536,33,5,
20,46717960,207,158,
20,46718061,304,143,
20,46718086,71,105,
20,46718299,58,103,
20,46718485,161,211,
20,46719222,548,554,
20,46719229,729,224,
20,46719363,9,12,
20,46719423,91,47,
20,46719489,74,66,
20,46719491,709,766,
20,46719774,6,5,
20,46719899,261,68,
20,46720395,934,504,
20,46720987,9,1,
20,46721019,53,69,
20,46721179,301,81,
20,46721388,17,8,
20,46721418,86,165,
20,46721421,41,35,
20,46721452,115,114,
20,46721474,87,35,
20,46721488,156,24,
20,46721653,27,7,
20,46721703,76,25,
20,46721802,1306,240,
20,46721933,47,18,
20,46721960,7,1,
20,46722038,70,124,
20,46722074,75,14,
20,46722143,21,2,
20,46722188,60,14,
20,46722285,44,26,
20,46722570,224,20,
20,46722853,146,74,
20,46723183,48,12,
20,46723190,60,31,
20,46723384,739,632,
20,46723694,131,58,
20,46723859,31,6,
20,46723898,28,4,
20,46723990,653,357,
20,46724470,21,12,
20,46724542,12,1,
20,46724565,47,5,
20,46724567,10,5,
20,46724675,38,15,
20,46724743,15,4,
20,46725268,196,30,
20,46725288,384,353,
20,46725300,336,134,
20,46725389,73,20,
20,46725632,138,73,
20,46726259,25,32,
20,46726526,147,34,
20,46726808,15,0,
20,46726827,13,1,
20,46726857,246,152,
20,46726907,39,36,
20,46726916,123,36,
20,46726959,46,1,
20,46727424,19,6,
20,46727587,1082,523,
20,46727862,55,12,
20,46727992,25,11,
20,46728070,5,1,
20,46728109,7,0,
20,46728157,160,168,
20,46728197,177,143,
20,46728385,42,21,
20,46728421,10,6,
20,46728659,3,3,
20,46728680,119,39,
20,46728781,52,20,
20,46728808,475,103,
20,46728950,33,11,
20,46729198,65,45,30
20,46729280,20,10,
20,46729368,548,424,
20,46730214,182,128,
20,46730233,40,20,
20,46730346,101,47,
20,46730436,232,185,
20,46730504,499,272,
20,46730671,95,92,
20,46730826,14,0,
20,46730885,348,118,
20,46730926,14,4,
20,46731068,249,61,
20,46731432,274,89,
20,46731498,14,4,
20,46731513,4,1,
20,46731612,81,33,
20,46731638,10,9,
20,46731748,260,280,
20,46731964,3,2,
20,46731976,784,495,
20,46731996,244,87,
20,46732213,283,139,
20,46732242,30,1,
20,46732555,47,9,
20,46732929,7,0,
20,46732967,259,112,
20,46733079,3,1,
20,46733301,90,20,
20,46733522,28,23,
20,46733624,240,333,
20,46733899,23,4,
20,46733905,11,9,
20,46734194,16,34,
20,46734300,7,4,
20,46734302,394,426,
20,46734608,4,0,
20,46735022,62,11,
20,46735133,106,14,
20,46735139,103,44,
20,46735179,93,26,
20,46735231,29,15,
20,46735308,46,38,
20,46735489,164,61,
20,46735511,470,305,
20,46735545,1025,644,
20,46735616,242,59,
20,46735644,296,157,
20,46735963,15,6,
20,46736048,112,153,
20,46736091,187,176,
20,46736653,21,6,
20,46736682,7,8,
20,46736683,340,361,
20,46736978,7,1,
20,46737076,32,10,
20,46737202,167,35,
20,46737447,235,245,
20,46737467,20,8,
20,46737630,441,202,
20,46737865,56,13,
20,46737957,121,22,
20,46737964,14,0,
20,46738241,13,9,
20,46738809,5,1,
20,46738853,71,53,
20,46739043,35,3,
20,46739075,9,1,
20,46739257,5,0,
20,46739364,14,0,
20,46739621,20,1,
20,46739690,18,14,
20,46739885,4,0,
20,46739921,5,1,
20,46740029,348,211,
20,46740280,42,27,
20,46740548,69,26,
20,46740584,13,0,
20,46740644,109,92,
20,46740705,23,16,
20,46740748,171,71,
20,46740974,24,7,
20,46741458,3,0,
20,46741472,49,8,
20,46741482,104,30,
20,46741606,7,2,
20,46741711,5,3,
20,46741923,83,26,
20,46741929,45,42,
20,46742035,6,0,
20,46742044,7,1,
20,46742074,3,0,
20,46742261,9,5,
20,46742298,7,2,
20,46742362,463,270,
20,46742389,506,299,
20,46742405,21,9,
20,46742431,15,0,
20,46742432,205,118,
20,46742618,20,2,
20,46742635,179,113,
20,46742682,3,0,
20,46742800,6,7,
20,46742828,38,39,
20,46742902,3,2,
20,46743154,522,322,
20,46743199,6,0,
20,46743219,68,118,
20,46743466,18,2,
20,46743729,6,0,
20,46743867,26,47,
20,46743887,12,1,
20,46743908,488,320,
20,46743951,19,2,
20,46743958,9,0,
20,46744214,3,0,
20,46744569,38,4,
20,46744572,117,133,
20,46744647,129,28,
20,46744807,201,121,
20,46744843,6,6,
20,46744874,18,1,
20,46744952,8,1,
20,46744968,101,131,
20,46745138,49,1,
20,46745150,37,2,
20,46745233,205,97,
20,46745259,152,15,
20,46745459,11,1,
20,46745831,15,6,
20,46745922,210,88,
20,46746034,3,0,
20,46746061,3,0,
20,46746096,17,19,
20,46746136,4,1,
20,46746231,14,3,
20,46746239,3,7,
20,46746242,15,5,
20,46746266,67,34,
20,46746288,6,6,
20,46746297,5,1,
20,46746476,696,462,
20,46746477,15,2,
20,46746517,44,17,
20,46746554,6,3,
20,46746570,72,20,
20,46746650,10,0,
20,46746681,119,29,
20,46746700,22,6,
20,46746742,12,4,
20,46746792,9,0,
20,46746829,7,2,
20,46746900,43,11,
20,46746946,138,120,
20,46747022,27,24,
20,46747078,16,0,
20,46747099,3,8,
20,46747119,216,70,
20,46747213,27,18,
20,46747299,8,4,
20,46747351,8,1,
20,46747366,289,100,
20,46747403,10,2,
20,46747511,7,0,
20,46747571,14,3,
20,46747686,12,2,
20,46747777,31,21,
20,46747819,5,0,
20,46747827,279,134,
20,46747849,7,0,
20,46747851,16,4,
20,46748071,45,19,
20,46748101,16,0,
20,46748106,17,0,
20,46748112,13,0,
20,46748139,3,0,
20,46748333,10,1,
20,46748340,4,0,
20,46748404,29,1,
20,46748551,11,3,
20,46748603,110,153,
20,46748771,283,239,
20,46748795,10,0,
20,46749053,184,74,
20,46749118,30,3,
20,46749198,555,544,27
20,46749213,55,8,
20,46749261,28,12,
20,46749270,3,0,
20,46749374,11,2,
20,46749396,7,1,
20,46749508,22,6,
20,46749511,6,0,
20,46749559,16,0,
20,46749565,5,0,
20,46749636,54,17,
20,46749671,183,41,
20,46749754,6,0,
20,46750024,35,0,
20,46750053,54,5,
20,46750118,47,20,
20,46750214,106,19,
20,46750358,209,161,
20,46750367,16,1,
20,46750377,10,4,
20,46750417,7,1,
20,46750425,195,50,
20,46750437,36,7,
20,46750470,145,120,
20,46750485,49,51,
20,46750794,35,9,
20,46750852,261,83,
20,46750893,6,0,
20,46751132,10,2,
20,46751231,43,41,5
20,46751297,12,2,
20,46751448,23,4,
20,46751675,63,32,
20,46751797,19,0,
20,46751825,57,2,26
20,46751826,249,13,9
20,46751835,83,68,
20,46751899,528,254,28
20,46751906,83,21,24
20,46752112,135,137,
20,46752116,4,0,
20,46752151,560,298,4
20,46752261,127,48,17
20,46752335,16,0,
20,46752387,10,1,
20,46752392,9,1,
20,46752841,27,9,23
20,46752873,6,0,
20,46752907,53,47,29
20,46752984,3,0,
20,46753034,3,0,
20,46753078,96,30,11
20,46753142,45,15,
20,46753156,4,0,
20,46753301,155,22,10
20,46753364,36,39,
20,46753395,6,0,
20,46753484,261,89,3
20,46753522,6,0,
20,46753611,125,85,25
20,46753623,4,0,
20,46753708,132,8,6
20,46753838,14,13,
20,46753851,4,0,
20,46753941,3,0,
20,46753974,11,15,
20,46754181,7,0,
20,46754201,10,0,
20,46754206,15,3,29
20,46754312,9,0,
20,46754427,103,34,19
20,46754497,27,0,
20,46754600,118,107,
20,46754724,33,6,13
20,46754818,17,5,
20,46754944,354,131,1
20,46755019,10,0,
20,46755115,119,30,2
20,46755175,3,0,
20,46755357,13,0,
20,46755523,5,0,
20,46755644,21,7,
20,46755975,14,7,
20,46755999,145,93,
20,46756117,486,243,10
20,46756187,10,8,
20,46756293,5,2,
20,46757019,6,2,
20,46757067,79,23,1
20,46757162,40,23,3
20,46757417,6,4,
20,46757465,22,1,18
20,46757554,5,0,
20,46757822,107,13,13
20,46757868,4,0,
21,46686640,472,727,
21,46686655,405,210,
21,46687504,96,18,
21,46687603,36,9,
21,46687705,98,51,
21,46687841,56,65,
21,46688101,47,37,
21,46688133,51,9,
21,46688173,124,65,
21,46688191,30,9,
21,46688229,46,99,
21,46688476,67,27,21
21,46688521,24,7,
21,46688804,578,608,7
21,46688954,256,209,
21,46688971,523,334,
21,46689065,239,83,
21,46689342,38,19,
21,46689631,126,29,
21,46689834,27,3,
21,46689895,12,0,15
21,46690092,93,52,
21,46690402,600,309,
21,46690530,79,27,
21,46690779,107,25,
21,46690907,348,258,
21,46691108,337,246,
21,46691130,4,3,16
21,46691152,28,17,9
21,46691243,455,451,
21,46691454,99,36,
21,46691531,11,0,
21,46691660,99,72,
21,46691835,194,146,
21,46691963,18,4,
21,46692116,426,68,
21,46692347,36,9,
21,46692473,17,1,
21,46692594,775,803,
21,46693205,454,373,
21,46693460,140,66,22
21,46693959,213,70,
21,46694124,256,82,
21,46694618,290,88,
21,46694929,19,17,
21,46695415,118,65,
21,46695467,45,12,16
21,46695628,565,112,
21,46695747,103,121,
21,46695978,55,28,
21,46696081,21,5,
21,46696276,163,35,
21,46696283,215,68,
21,46696300,196,93,
21,46696303,315,570,
21,46696309,43,8,
21,46696357,254,169,
21,46696647,24,0,
21,46696699,127,224,
21,46697075,33,1,
21,46697390,15,3,
21,46697735,20,28,
21,46697876,103,10,
21,46697908,135,44,
21,46698061,264,152,
21,46698370,193,80,
21,46698469,46,5,
21,46698623,55,19,
21,46698660,456,259,
21,46699072,189,148,
21,46699260,26,8,
21,46699324,32,14,
21,46699597,43,22,
21,46699697,218,52,25
21,46700384,32,15,
21,46700503,259,56,
21,46700594,634,373,
21,46701114,106,65,
21,46701733,431,264,
21,46701969,208,144,
21,46702099,236,159,
21,46702272,14,1,
21,46702411,261,345,
21,46702980,36,7,
21,46703301,276,136,
21,46703317,186,19,
21,46703763,764,722,
21,46704223,136,408,
21,46704310,109,55,
21,46704943,148,116,
21,46705134,26,55,
21,46705201,262,80,
21,46705676,136,77,
21,46705715,230,105,
21,46705830,44,10,
21,46705952,128,164,
21,46706528,664,212,
21,46706564,28,8,
21,46706668,67,31,
21,46706796,59,74,
21,46706906,513,224,
21,46706947,183,88,
21,46707062,18,12,20
21,46707117,5,1,
21,46707572,577,698,
21,46707708,75,5,
21,46708032,242,158,
21,46708055,76,20,
21,46708096,116,27,
21,46708351,69,20,
21,46708592,60,14,
21,46708601,200,66,
21,46708678,482,257,
21,46708766,87,16,
21,46708990,46,6,
21,46709179,304,91,
21,46709249,8,0,
21,46709320,99,129,
21,46709543,206,111,
21,46709548,136,109,
21,46709727,409,103,
21,46710042,62,35,
21,46710560,26,10,
21,46710569,48,16,
21,46710747,88,40,14
21,46710756,45,16,
21,46711380,190,152,
21,46711574,338,350,
21,46711649,147,88,
21,46712547,64,10,
21,46712678,697,497,
21,46712790,21,3,
21,46712815,180,66,
21,46713106,530,152,
21,46713387,141,57,
21,46713444,158,130,
21,46713473,27,26,
21,46713526,289,298,
21,46713704,86,68,
21,46713924,439,506,
21,46713929,284,408,
21,46714673,18,2,
21,46714916,31,10,
21,46715600,288,84,
21,46715766,38,13,
21,46716469,268,190,
21,46716560,73,101,
21,46716696,97,56,
21,46716806,46,13,
21,46717442,138,61,
21,46717472,11,0,
21,46717507,168,111,
21,46717536,33,5,
21,46717960,207,158,
21,46718061,304,143,
21,46718086,71,105,
21,46718299,58,103,
21,46718485,161,212,
21,46719222,548,554,
21,46719229,731,224,
21,46719363,9,12,
21,46719423,91,47,
21,46719489,74,66,
21,46719491,709,766,
21,46719774,6,5,
21,46719899,261,68,
21,46720395,934,504,
21,46720987,9,1,
21,46721019,53,69,
21,46721179,301,81,
21,46721388,17,9,
21,46721418,86,165,
21,46721421,41,35,
21,46721452,115,114,
21,46721474,87,35,
21,46721488,156,24,
21,46721653,27,7,
21,46721703,76,25,
21,46721802,1307,240,
21,46721933,47,18,
21,46721960,7,1,
21,46722038,70,124,
21,46722074,75,14,
21,46722143,21,2,
21,46722188,60,14,
21,46722285,44,26,
21,46722570,224,20,
21,46722853,146,74,
21,46723183,48,12,
21,46723190,60,32,
21,46723384,739,632,
21,46723694,131,58,
21,46723859,31,6,
21,46723898,28,4,
21,46723990,653,358,
21,46724470,21,12,
21,46724542,12,1,
21,46724565,47,5,
21,46724567,10,5,
21,46724675,38,15,
21,46724743,15,4,
21,46725268,196,30,
21,46725288,384,353,
21,46725300,337,134,
21,46725389,73,20,
21,46725632,138,73,
21,46726259,25,32,
21,46726526,147,34,
21,46726808,15,0,
21,46726827,13,1,
21,46726857,246,152,
21,46726907,39,36,
21,46726916,123,36,
21,46726959,46,1,
21,46727424,19,6,
21,46727587,1083,523,
21,46727862,55,12,
21,46727992,25,11,
21,46728070,5,1,
21,46728109,7,0,
21,46728157,162,168,
21,46728197,177,143,
21,46728385,42,21,
21,46728421,10,6,
21,46728659,3,3,
21,46728680,119,39,
21,46728781,52,20,
21,46728808,475,103,
21,46728950,33,11,
21,46729198,66,48,
21,46729368,548,423,
21,46730214,182,128,
21,46730233,40,20,
21,46730346,101,47,
21,46730436,232,185,
21,46730504,499,271,
21,46730671,95,92,
21,46730826,14,0,
21,46730885,348,118,
21,46730926,14,4,
21,46731068,249,61,
21,46731432,274,89,
21,46731498,14,4,
21,46731513,4,1,
21,46731612,81,33,
21,46731638,10,9,
21,46731748,260,280,
21,46731964,3,2,
21,46731976,787,495,
21,46731996,244,87,
21,46732213,283,139,
21,46732242,30,1,
21,46732555,47,9,
21,46732929,7,0,
21,46732967,259,112,
21,46733079,3,1,
21,46733301,90,20,
21,46733522,28,23,
21,46733624,240,333,
21,46733899,23,4,
21,46733905,11,9,
21,46734194,16,34,
21,46734300,7,4,
21,46734302,394,426,
21,46734608,4,0,
21,46735022,62,11,
21,46735133,106,14,
21,46735139,103,44,
21,46735179,93,26,
21,46735231,29,15,
21,46735308,46,38,
21,46735489,164,61,
21,46735511,470,305,
21,46735545,1025,645,
21,46735616,242,59,
21,46735644,296,157,
21,46735963,15,6,
21,46736048,112,153,
21,46736091,187,176,
21,46736653,21,6,
21,46736682,7,8,
21,46736683,340,361,
21,46736978,7,1,
21,46737076,32,10,
21,46737202,168,35,
21,46737447,236,245,
21,46737467,20,8,
21,46737630,443,202,
21,46737865,56,13,
21,46737957,121,22,
21,46737964,14,0,
21,46738241,13,9,
21,46738809,5,1,
21,46738853,71,53,
21,46739043,35,3,
21,46739075,9,1,
21,46739257,5,0,
21,46739621,20,1,
21,46739690,18,14,
21,46739885,4,0,
21,46739921,5,1,
21,46740029,348,211,
21,46740280,42,27,
21,46740548,69,26,
21,46740584,13,0,
21,46740644,109,92,
21,46740705,23,16,
21,46740748,172,71,
21,46740974,24,7,
21,46741458,3,0,
21,46741472,49,8,
21,46741482,104,30,
21,46741606,7,2,
21,46741711,5,3,
21,46741923,83,26,
21,46741929,45,42,
21,46742035,6,0,
21,46742044,7,1,
21,46742074,3,0,
21,46742261,9,5,
21,46742298,7,2,
21,46742362,466,270,
21,46742389,511,299,
21,46742405,21,9,
21,46742431,15,0,
21,46742432,205,118,
21,46742618,20,2,
21,46742635,180,113,
21,46742800,7,7,
21,46742828,38,39,
21,46742902,3,2,
21,46743154,524,322,
21,46743199,6,0,
21,46743219,68,118,
21,46743466,18,2,
21,46743729,6,0,
21,46743867,26,47,
21,46743887,12,1,
21,46743908,488,320,
21,46743951,19,2,
21,46744214,3,0,
21,46744569,38,4,
21,46744572,117,131,
21,46744647,129,28,
21,46744807,204,121,
21,46744843,6,6,
21,46744874,18,1,
21,46744952,8,1,
21,46744968,101,132,
21,46745138,50,2,
21,46745150,37,2,
21,46745233,205,97,
21,46745259,152,15,
21,46745459,11,1,
21,46745831,15,6,
21,46745922,211,88,
21,46746034,3,0,
21,46746061,3,0,
21,46746096,17,19,
21,46746136,4,1,
21,46746231,14,3,
21,46746239,3,7,
21,46746266,67,34,
21,46746288,6,6,
21,46746297,5,1,
21,46746476,698,465,
21,46746477,15,2,
21,46746517,44,17,
21,46746554,6,3,
21,46746570,73,21,
21,46746650,10,0,
21,46746681,119,29,
21,46746700,23,6,
21,46746742,12,4,
21,46746792,9,0,
21,46746829,7,2,
21,46746900,43,11,
21,46746946,138,120,
21,46747022,27,24,
21,46747078,16,0,
21,46747099,3,8,
21,46747119,216,70,
21,46747213,27,19,
21,46747299,8,4,
21,46747351,8,1,
21,46747366,289,100,
21,46747403,10,2,
21,46747511,7,0,
21,46747571,14,3,
21,46747686,12,2,
21,46747777,32,21,
21,46747819,5,0,
21,46747827,283,137,
21,46747849,7,0,
21,46747851,16,4,
21,46748071,45,19,
21,46748101,16,0,
21,46748106,17,0,
21,46748112,13,0,
21,46748139,3,0,
21,46748333,10,1,
21,46748340,4,0,
21,46748404,29,1,
21,46748551,11,3,
21,46748603,110,154,
21,46748771,285,240,
21,46748795,10,0,
21,46749053,184,77,
21,46749118,30,3,
21,46749198,562,555,
21,46749213,55,8,
21,46749261,28,12,
21,46749270,3,0,
21,46749374,11,2,
21,46749396,7,1,
21,46749508,22,6,
21,46749511,6,0,
21,46749559,19,0,
21,46749565,5,1,
21,46749636,54,17,
21,46749671,183,41,
21,46749754,6,0,
21,46750024,36,0,
21,46750053,54,5,
21,46750118,49,20,
21,46750214,107,19,
21,46750358,210,162,
21,46750367,16,1,
21,46750377,10,4,
21,46750417,7,1,
21,46750425,195,50,
21,46750437,36,7,
21,46750470,147,121,
21,46750485,49,52,
21,46750852,262,84,
21,46750893,6,0,
21,46751132,10,2,
21,46751231,47,42,17
21,46751297,12,2,
21,46751448,23,4,
21,46751675,63,32,
21,46751797,19,0,
21,46751825,58,2,
21,46751826,257,13,11
21,46751835,83,69,
21,46751899,543,259,25
21,46751906,88,22,27
21,46752076,49,42,
21,46752112,137,137,
21,46752116,4,0,
21,46752151,579,306,6
21,46752261,133,54,18
21,46752335,18,0,
21,46752387,10,1,
21,46752392,10,1,
21,46752841,27,11,30
21,46752873,7,0,
21,46752907,59,51,21
21,46752984,3,0,
21,46753034,3,0,
21,46753078,101,34,13
21,46753142,45,15,
21,46753156,4,0,
21,46753301,170,24,12
21,46753364,39,44,
21,46753395,6,0,
21,46753484,286,91,5
21,46753611,129,87,26
21,46753623,4,0,
21,46753708,147,9,8
21,46753838,15,13,
21,46753851,4,0,
21,46753941,5,0,
21,46753974,11,17,
21,46754181,7,0,
21,46754201,11,0,
21,46754206,17,4,29
21,46754312,9,0,
21,46754427,108,39,24
21,46754497,30,0,
21,46754600,119,108,
21,46754724,34,6,28
21,46754895,4,0,
21,46754944,390,137,2
21,46755019,11,0,
21,46755115,131,35,4
21,46755123,4,0,
21,46755175,3,0,
21,46755357,13,0,
21,46755523,5,0,
21,46755644,28,8,
21,46755975,15,8,
21,46755999,186,112,24
21,46756117,616,328,10
21,46756187,12,9,
21,46756237,3,3,
21,46756293,7,3,
21,46757019,6,2,
21,46757067,151,61,1
21,46757162,76,56,3
21,46757357,39,4,5
21,46757411,15,2,
21,46757465,46,3,17
21,46757770,4,0,
21,46757822,176,51,
21,46757868,11,2,
21,46757944,134,39,1
21,46758093,5,1,
21,46758175,31,19,9
21,46758242,19,1,12
21,46758644,3,0,
22,46686640,472,727,
22,46686655,405,210,
22,46687504,96,18,
22,46687603,36,9,
22,46687705,98,51,
22,46687841,56,65,
22,46688101,47,37,
22,46688133,51,9,
22,46688173,124,65,
22,46688191,30,9,
22,46688229,46,99,
22,46688476,68,30,30
22,46688521,24,7,
22,46688804,595,636,11
22,46688954,256,209,
22,46688971,523,334,
22,46689065,239,83,
22,46689342,38,19,
22,46689631,126,29,
22,46689834,27,3,
22,46689895,16,2,19
22,46690092,93,52,
22,46690402,600,309,
22,46690530,79,27,
22,46690779,107,25,
22,46690907,348,258,
22,46691108,338,246,
22,46691130,11,4,13
22,46691152,29,19,17
22,46691243,455,451,
22,46691454,99,36,
22,46691531,11,0,
22,46691660,99,72,
22,46691835,194,146,
22,46691963,18,4,
22,46692116,426,68,
22,46692347,36,9,
22,46692473,17,1,
22,46692594,775,803,
22,46693205,454,373,
22,46693460,146,71,29
22,46693959,213,70,
22,46694124,257,82,
22,46694618,291,88,
22,46694929,19,17,
22,46695415,118,65,
22,46695467,51,12,22
22,46695628,565,112,
22,46695747,103,121,
22,46695978,55,28,
22,46696081,21,5,
22,46696276,163,35,
22,46696283,215,68,
22,46696300,196,93,
22,46696303,315,570,
22,46696309,43,8,
22,46696357,254,169,
22,46696647,24,0,
22,46696699,127,224,
22,46697390,15,3,
22,46697735,20,28,
22,46697876,103,10,
22,46697908,135,44,
22,46698061,264,152,
22,46698370,193,80,
22,46698469,46,5,
22,46698623,55,19,
22,46698660,456,259,
22,46699072,190,148,
22,46699324,32,14,
22,46699597,43,22,
22,46699697,220,53,
22,46700384,32,15,
22,46700503,259,56,
22,46700594,634,373,
22,46701114,106,65,
22,46701733,431,264,
22,46701969,208,144,
22,46702099,236,159,
22,46702272,14,1,
22,46702411,261,345,
22,46702980,36,7,
22,46703301,276,136,
22,46703317,186,19,
22,46703763,764,722,
22,46704223,136,408,
22,46704310,109,55,
22,46704943,148,116,
22,46705201,262,80,
22,46705676,136,77,
22,46705715,230,105,
22,46705830,44,10,
22,46705952,128,164,
22,46706528,665,212,
22,46706564,28,8,
22,46706668,67,31,
22,46706796,60,74,
22,46706906,513,224,
22,46706947,183,88,
22,46707062,19,13,
22,46707117,5,1,
22,46707572,577,698,
22,46707708,75,5,
22,46708032,242,158,
22,46708055,76,20,
22,46708096,116,27,
22,46708351,69,20,
22,46708592,60,14,
22,46708601,200,66,
22,46708678,482,257,
22,46708766,87,16,
22,46708990,46,6,
22,46709179,304,91,
22,46709320,99,129,
22,46709543,206,111,
22,46709548,136,109,
22,46709727,409,103,
22,46710042,62,35,
22,46710560,26,10,
22,46710569,48,16,
22,46710747,92,41,24
22,46710756,45,16,
22,46711380,190,152,
22,46711574,338,350,
22,46711649,147,88,
22,46712547,64,10,
22,46712678,698,497,
22,46712790,21,3,
22,46712815,180,66,
22,46713106,530,152,
22,46713387,141,57,
22,46713444,158,130,
22,46713473,27,26,
22,46713526,289,298,
22,46713704,86,68,
22,46713924,439,506,
22,46713929,284,408,
22,46714673,18,2,
22,46714916,31,10,
22,46715600,288,84,
22,46715766,38,13,
22,46716469,268,190,
22,46716560,73,101,
22,46716696,97,56,
22,46716806,46,13,
22,46717442,138,61,
22,46717472,11,0,
22,46717507,168,111,
22,46717536,33,5,
22,46717960,207,158,
22,46718061,304,143,
22,46718086,71,105,
22,46718299,58,103,
22,46718485,161,212,
22,46718923,8,2,15
22,46719222,548,554,
22,46719229,731,224,
22,46719363,9,12,
22,46719423,91,47,
22,46719489,74,66,
22,46719491,709,766,
22,46719899,261,68,
22,46720395,934,504,
22,46720987,9,1,
22,46721019,53,69,
22,46721179,301,81,
22,46721388,17,9,
22,46721418,86,165,
22,46721421,41,36,
22,46721452,115,114,
22,46721474,87,35,
22,46721488,156,24,
22,46721653,27,7,
22,46721703,76,25,
22,46721802,1308,240,
22,46721933,47,18,
22,46721960,7,1,
22,46722038,70,124,
22,46722074,75,14,
22,46722143,21,2,
22,46722188,60,14,
22,46722285,44,26,
22,46722570,224,20,
22,46722853,146,74,
22,46723183,48,12,
22,46723190,60,32,
22,46723384,740,632,
22,46723694,131,58,
22,46723859,31,6,
22,46723898,28,4,
22,46723990,653,358,
22,46724470,21,12,
22,46724542,12,1,
22,46724565,47,5,
22,46724567,10,5,
22,46724675,38,15,
22,46724743,15,4,
22,46725268,196,30,
22,46725288,384,353,
22,46725300,337,134,
22,46725389,73,20,
22,46725632,138,73,
22,46726259,25,32,
22,46726526,147,34,
22,46726808,15,0,
22,46726827,13,1,
22,46726857,246,152,
22,46726907,39,36,
22,46726916,123,36,
22,46726959,46,1,
22,46727424,19,6,
22,46727587,1085,523,
22,46727862,55,12,
22,46727992,25,11,
22,46728070,5,1,
22,46728157,162,168,
22,46728197,177,144,
22,46728385,42,21,
22,46728421,10,6,
22,46728659,3,3,
22,46728781,52,20,
22,46728808,476,103,
22,46728950,33,11,
22,46729198,66,51,
22,46729368,548,422,
22,46730214,182,129,
22,46730233,40,20,
22,46730346,101,47,
22,46730436,232,189,
22,46730504,499,272,
22,46730671,95,92,
22,46730826,14,0,
22,46730885,348,118,
22,46730926,14,4,
22,46731068,249,61,
22,46731432,274,89,
22,46731498,14,4,
22,46731513,4,1,
22,46731612,81,33,
22,46731638,10,9,
22,46731748,260,280,
22,46731964,3,2,
22,46731976,787,496,
22,46731996,244,87,
22,46732213,283,139,
22,46732242,30,1,
22,46732555,47,9,
22,46732929,7,0,
22,46732967,259,112,
22,46733079,3,1,
22,46733301,90,20,
22,46733522,28,23,
22,46733624,240,333,
22,46733899,23,4,
22,46733905,11,9,
22,46734302,394,426,
22,46734608,4,0,
22,46735022,62,11,
22,46735133,106,14,
22,46735139,103,44,
22,46735179,93,26,
22,46735231,29,15,
22,46735308,46,38,
22,46735489,164,61,
22,46735511,470,305,
22,46735545,1025,645,
22,46735616,242,59,
22,46735644,296,157,
22,46735963,15,6,
22,46736048,112,153,
22,46736091,187,176,
22,46736653,21,6,
22,46736682,7,8,
22,46736683,340,361,
22,46736978,7,1,
22,46737076,32,10,
22,46737202,168,35,
22,46737447,236,246,
22,46737467,20,8,
22,46737630,444,202,
22,46737865,56,13,
22,46737957,121,22,
22,46738241,13,9,
22,46738809,5,1,
22,46738853,71,53,
22,46739043,35,3,
22,46739075,9,1,
22,46739257,5,0,
22,46739621,20,1,
22,46739690,18,14,
22,46739885,4,0,
22,46739921,5,1,
22,46740029,348,211,
22,46740280,42,27,
22,46740548,69,26,
22,46740584,13,0,
22,46740644,109,92,
22,46740705,23,16,
22,46740748,173,71,
22,46740974,24,7,
22,46741458,3,0,
22,46741472,49,8,
22,46741482,104,30,
22,46741606,7,2,
22,46741711,5,3,
22,46741923,84,26,
22,46741929,45,42,
22,46742035,6,0,
22,46742044,7,1,
22,46742074,3,0,
22,46742250,79,170,
22,46742298,7,2,
22,46742362,466,270,
22,46742389,512,299,
22,46742405,21,9,
22,46742431,15,0,
22,46742432,205,118,
22,46742618,20,2,
22,46742635,180,114,
22,46742800,7,8,
22,46742828,38,39,
22,46742902,3,2,
22,46743154,524,322,
22,46743199,6,0,
22,46743219,68,118,
22,46743466,18,2,
22,46743729,6,0,
22,46743867,26,47,
22,46743887,12,1,
22,46743908,490,321,
22,46743951,19,2,
22,46744214,3,0,
22,46744569,38,4,
22,46744572,117,131,
22,46744647,129,28,
22,46744807,206,121,
22,46744843,6,6,
22,46744874,18,1,
22,46744952,8,1,
22,46744968,101,132,
22,46745138,51,2,
22,46745150,38,2,
22,46745233,205,97,
22,46745259,152,15,
22,46745459,11,1,
22,46745831,16,6,
22,46745922,211,88,
22,46746034,3,0,
22,46746061,3,0,
22,46746096,17,19,
22,46746136,4,1,
22,46746231,14,3,
22,46746239,3,7,
22,46746266,67,34,
22,46746288,6,6,
22,46746297,5,1,
22,46746476,702,469,
22,46746477,15,2,
22,46746517,44,17,
22,46746554,6,3,
22,46746570,73,22,
22,46746650,10,0,
22,46746681,119,29,
22,46746700,23,6,
22,46746742,12,4,
22,46746792,9,0,
22,46746829,7,2,
22,46746900,43,11,
22,46746946,138,122,
22,46747022,27,24,
22,46747078,16,0,
22,46747099,3,8,
22,46747119,216,70,
22,46747213,27,19,
22,46747299,8,4,
22,46747351,8,1,
22,46747366,289,100,
22,46747403,10,2,
22,46747511,7,0,
22,46747571,15,3,
22,46747686,12,2,
22,46747777,32,21,
22,46747819,5,0,
22,46747827,284,138,
22,46747849,7,0,
22,46747851,16,4,
22,46748071,45,19,
22,46748101,16,0,
22,46748106,17,0,
22,46748112,13,0,
22,46748139,3,0,
22,46748333,10,1,
22,46748340,4,0,
22,46748404,29,1,
22,46748551,11,3,
22,46748603,110,154,
22,46748771,288,241,
22,46748795,10,0,
22,46749053,184,78,
22,46749118,30,4,
22,46749198,565,559,
22,46749213,56,8,
22,46749261,28,12,
22,46749270,3,0,
22,46749374,11,2,
22,46749396,7,1,
22,46749508,22,6,
22,46749511,6,0,
22,46749559,19,0,
22,46749565,5,1,
22,46749636,54,17,
22,46749671,183,41,
22,46749754,6,0,
22,46750024,36,0,
22,46750053,54,6,
22,46750118,49,20,
22,46750214,108,19,
22,46750358,211,162,
22,46750367,16,1,
22,46750377,10,4,
22,46750417,7,1,
22,46750425,195,51,
22,46750437,38,8,
22,46750470,148,127,
22,46750485,49,51,
22,46750852,264,83,
22,46750893,6,0,
22,46751132,10,2,
22,46751231,49,45,
22,46751297,12,2,
22,46751448,23,4,
22,46751675,63,33,
22,46751797,19,0,
22,46751825,61,2,
22,46751826,272,14,14
22,46751835,83,69,
22,46751899,553,266,27
22,46751906,89,22,
22,46752076,52,46,
22,46752112,137,139,
22,46752116,4,0,
22,46752151,590,310,9
22,46752261,138,57,26
22,46752335,18,0,
22,46752387,10,1,
22,46752392,10,1,
22,46752841,28,12,
22,46752873,7,0,
22,46752907,66,60,25
22,46752984,3,0,
22,46753034,3,0,
22,46753078,104,36,20
22,46753142,45,15,
22,46753156,4,0,
22,46753301,181,25,15
22,46753364,39,44,
22,46753395,6,0,
22,46753484,300,94,7
22,46753611,132,89,
22,46753623,4,0,
22,46753708,154,11,11
22,46753838,15,13,
22,46753851,4,0,
22,46753941,5,0,
22,46753974,12,19,
22,46754181,7,0,
22,46754201,13,0,
22,46754206,17,5,
22,46754312,10,0,
22,46754427,110,40,
22,46754497,30,0,
22,46754522,9,0,11
22,46754600,119,113,
22,46754724,37,6,17
22,46754895,4,0,
22,46754944,409,147,3
22,46755019,11,0,
22,46755115,141,41,6
22,46755123,4,1,
22,46755175,5,0,
22,46755357,15,0,
22,46755523,5,0,
22,46755644,31,7,
22,46755975,15,8,
22,46755999,205,140,28
22,46756117,691,413,12
22,46756187,15,11,
22,46756293,8,4,
22,46756427,8,0,14
22,46756530,5,1,26
22,46756808,3,3,
22,46756969,3,0,
22,46757019,6,2,
22,46757067,190,73,1
22,46757162,88,83,5
22,46757224,17,9,8
22,46757357,68,14,4
22,46757411,21,5,
22,46757465,58,8,18
22,46757770,4,0,
22,46757868,18,3,
22,46757944,241,99,1
22,46758093,8,2,
22,46758175,43,54,10
22,46758242,62,21,3
22,46758450,66,31,2
22,46758621,7,0,
22,46758644,32,8,16
22,46759142,4,0,
23,46686640,472,727,
23,46686655,405,210,
23,46687504,96,18,
23,46687603,36,9,
23,46687705,98,51,
23,46687841,56,65,
23,46688101,47,37,
23,46688133,51,9,
23,46688173,124,65,
23,46688191,30,9,
23,46688229,46,99,
23,46688476,71,31,
23,46688521,24,7,
23,46688804,602,644,
23,46688954,256,209,
23,46688971,523,334,
23,46689065,239,83,
23,46689342,38,19,
23,46689631,127,31,
23,46689834,27,3,
23,46689895,19,2,17
23,46690092,93,52,
23,46690402,600,309,
23,46690530,79,27,
23,46690779,107,26,
23,46690907,348,258,
23,46691108,338,247,
23,46691130,15,5,13
23,46691152,29,19,24
23,46691243,455,451,
23,46691454,99,36,
23,46691531,11,0,
23,46691660,99,72,
23,46691835,194,146,
23,46691963,18,4,
23,46692116,426,68,
23,46692347,36,9,
23,46692473,18,1,
23,46692594,775,804,
23,46693205,454,373,
23,46693460,150,76,
23,46693959,213,70,
23,46693985,19,22,22
23,46694124,257,82,
23,46694618,291,88,
23,46694929,19,17,
23,46695415,118,65,
23,46695467,56,13,22
23,46695628,565,112,
23,46695747,103,121,
23,46695978,55,28,
23,46696081,21,5,
23,46696276,163,35,
23,46696283,215,68,
23,46696300,196,93,
23,46696303,315,570,
23,46696309,43,8,
23,46696357,254,169,
23,46696647,25,0,
23,46696699,127,224,
23,46697390,16,3,
23,46697735,20,28,
23,46697876,103,10,
23,46697908,135,44,
23,46698061,264,152,
23,46698370,193,80,
23,46698469,46,5,
23,46698623,55,19,
23,46698660,456,259,
23,46699072,190,148,
23,46699324,32,14,
23,46699597,43,22,
23,46699697,221,53,
23,46700384,32,15,
23,46700503,259,56,
23,46700594,634,373,
23,46701114,106,65,
23,46701733,431,264,
23,46701969,208,144,
23,46702099,236,159,
23,46702411,261,345,
23,46702980,36,7,
23,46703301,276,136,
23,46703317,186,19,
23,46703763,764,722,
23,46704223,136,408,
23,46704310,109,55,
23,46704943,148,116,
23,46705201,262,80,
23,46705676,136,77,
23,46705715,230,105,
23,46705830,44,10,
23,46705952,128,164,
23,46706528,665,212,
23,46706564,28,8,
23,46706668,67,31,
23,46706796,60,74,
23,46706906,513,224,
23,46706947,183,88,
23,46707062,19,14,
23,46707117,5,1,
23,46707572,577,698,
23,46707708,75,5,
23,46708032,242,158,
23,46708055,76,20,
23,46708096,116,27,
23,46708351,69,20,
23,46708592,60,14,
23,46708601,200,66,
23,46708678,482,257,
23,46708766,87,16,
23,46708990,46,6,
23,46709179,304,91,
23,46709320,99,129,
23,46709543,206,111,
23,46709548,136,109,
23,46709727,409,103,
23,46710042,62,35,
23,46710560,26,10,
23,46710569,48,16,
23,46710747,93,42,28
23,46710756,45,16,
23,46711380,190,152,
23,46711574,338,350,
23,46711649,147,88,
23,46712547,64,10,
23,46712678,699,497,
23,46712790,21,3,
23,46712815,180,66,
23,46713106,530,152,
23,46713387,141,57,
23,46713444,158,130,
23,46713473,27,26,
23,46713526,289,299,
23,46713704,86,68,
23,46713924,439,506,
23,46713929,284,408,
23,46714673,18,2,
23,46714916,31,10,
23,46715600,288,84,
23,46715766,38,13,
23,46716469,268,190,
23,46716560,73,101,
23,46716696,97,56,
23,46716806,46,13,
23,46717442,138,61,
23,46717472,11,0,
23,46717507,169,111,
23,46717536,33,5,
23,46717960,207,158,
23,46718061,304,143,
23,46718086,71,105,
23,46718299,58,103,
23,46718485,161,212,
23,46718923,12,3,14
23,46719222,548,554,
23,46719229,732,224,
23,46719363,9,12,
23,46719423,91,47,
23,46719489,74,66,
23,46719491,709,766,
23,46719899,261,68,
23,46720395,934,504,
23,46720987,9,1,
23,46721019,53,69,
23,46721179,301,81,
23,46721418,86,165,
23,46721421,41,38,
23,46721452,115,114,
23,46721474,87,35,
23,46721488,156,24,
23,46721653,27,7,
23,46721703,76,25,
23,46721802,1309,240,
23,46721933,47,18,
23,46722038,70,124,
23,46722074,75,14,
23,46722143,21,2,
23,46722188,60,14,
23,46722285,44,26,
23,46722570,224,20,
23,46722853,146,74,
23,46723183,48,12,
23,46723190,60,32,
23,46723384,740,632,
23,46723694,131,58,
23,46723859,31,6,
23,46723898,28,4,
23,46723990,653,359,
23,46724470,21,12,
23,46724542,12,1,
23,46724565,47,5,
23,46724567,10,5,
23,46724675,38,15,
23,46724743,15,4,
23,46725268,196,31,
23,46725288,384,354,
23,46725300,338,134,
23,46725389,73,20,
23,46725632,138,73,
23,46726259,25,32,
23,46726526,147,34,
23,46726808,15,0,
23,46726827,13,1,
23,46726857,246,152,
23,46726907,39,36,
23,46726916,123,36,
23,46726959,46,1,
23,46727424,19,6,
23,46727587,1086,524,
23,46727862,55,12,
23,46727992,25,11,
23,46728070,5,1,
23,46728157,162,168,
23,46728197,177,144,
23,46728385,42,21,
23,46728421,10,6,
23,46728781,52,20,
23,46728808,476,103,
23,46728950,33,11,
23,46729198,66,51,
23,46729368,548,422,
23,46730214,182,129,
23,46730233,40,20,
23,46730346,101,47,
23,46730436,232,189,
23,46730504,499,272,
23,46730671,95,92,
23,46730826,14,0,
23,46730885,348,118,
23,46730926,14,4,
23,46731068,250,61,
23,46731432,274,89,
23,46731498,14,4,
23,46731513,4,1,
23,46731612,81,33,
23,46731638,10,9,
23,46731748,260,280,
23,46731964,3,2,
23,46731976,789,497,
23,46731996,244,87,
23,46732213,283,139,
23,46732242,30,1,
23,46732555,47,9,
23,46732929,7,0,
23,46732967,259,112,
23,46733079,3,1,
23,46733301,91,20,
23,46733522,28,23,
23,46733624,240,333,
23,46733899,23,4,
23,46733905,11,9,
23,46734302,394,425,
23,46734608,4,0,
23,46735022,62,11,
23,46735133,106,14,
23,46735139,103,44,
23,46735179,93,26,
23,46735231,29,15,
23,46735308,46,38,
23,46735489,164,61,
23,46735511,470,305,
23,46735545,1026,645,
23,46735616,242,59,
23,46735644,296,157,
23,46735963,15,6,
23,46736048,112,154,
23,46736091,187,176,
23,46736653,21,6,
23,46736682,7,8,
23,46736683,340,361,
23,46736978,7,1,
23,46737076,32,10,
23,46737202,168,35,
23,46737447,236,247,
23,46737467,20,8,
23,46737630,445,202,
23,46737865,56,13,
23,46737957,121,22,
23,46738241,13,9,
23,46738809,6,1,
23,46738853,71,54,
23,46739043,35,3,
23,46739075,9,1,
23,46739257,5,0,
23,46739621,20,1,
23,46739690,18,14,
23,46739885,4,0,
23,46739921,5,1,
23,46740029,349,211,
23,46740280,42,27,
23,46740548,69,26,
23,46740584,13,0,
23,46740644,109,92,
23,46740705,23,16,
23,46740748,173,72,
23,46740974,24,7,
23,46741458,3,0,
23,46741472,49,8,
23,46741482,104,30,
23,46741606,7,2,
23,46741711,5,3,
23,46741923,85,26,
23,46741929,45,42,
23,46742035,6,0,
23,46742044,7,1,
23,46742074,3,0,
23,46742250,82,170,
23,46742298,7,2,
23,46742362,466,270,
23,46742389,512,299,
23,46742405,21,9,
23,46742431,15,0,
23,46742432,207,118,
23,46742618,20,2,
23,46742635,181,114,
23,46742800,7,8,
23,46742828,38,39,
23,46742902,3,2,
23,46743154,525,322,
23,46743199,6,1,
23,46743219,68,118,
23,46743466,18,2,
23,46743729,6,0,
23,46743867,26,47,
23,46743887,12,1,
23,46743908,490,321,
23,46743951,19,2,
23,46744214,3,0,
23,46744569,38,4,
23,46744572,117,131,
23,46744647,129,28,
23,46744807,206,121,
23,46744843,6,6,
23,46744874,18,1,
23,46744952,8,1,
23,46744968,101,132,
23,46745138,52,2,
23,46745150,38,2,
23,46745233,205,97,
23,46745259,152,15,
23,46745459,11,1,
23,46745831,16,6,
23,46745922,212,88,
23,46746061,3,0,
23,46746096,17,19,
23,46746136,4,1,
23,46746231,14,3,
23,46746239,3,7,
23,46746266,67,34,
23,46746288,6,6,
23,46746297,5,1,
23,46746476,702,470,
23,46746477,15,2,
23,46746517,45,17,
23,46746554,6,3,
23,46746570,73,22,
23,46746650,10,0,
23,46746681,119,29,
23,46746700,23,6,
23,46746742,12,5,
23,46746792,9,0,
23,46746829,7,2,
23,46746900,43,11,
23,46746946,138,122,
23,46747022,27,24,
23,46747078,16,0,
23,46747099,3,8,
23,46747119,216,70,
23,46747213,27,19,
23,46747299,8,4,
23,46747351,8,1,
23,46747366,290,100,
23,46747403,10,2,
23,46747511,7,0,
23,46747571,15,4,
23,46747686,12,2,
23,46747777,32,21,
23,46747819,5,0,
23,46747827,284,138,
23,46747849,7,0,
23,46747851,16,4,
23,46748071,45,19,
23,46748101,16,0,
23,46748106,17,0,
23,46748112,13,0,
23,46748139,3,0,
23,46748333,10,1,
23,46748340,4,0,
23,46748404,29,1,
23,46748551,11,3,
23,46748603,110,154,
23,46748771,289,242,
23,46748795,10,0,
23,46749053,185,79,
23,46749118,30,4,
23,46749198,567,564,
23,46749213,57,8,
23,46749261,28,12,
23,46749270,3,0,
23,46749374,11,2,
23,46749396,7,1,
23,46749508,22,6,
23,46749511,6,0,
23,46749559,19,0,
23,46749565,5,1,
23,46749636,54,17,
23,46749671,186,42,
23,46749754,6,0,
23,46750024,38,0,
23,46750053,54,6,
23,46750118,49,20,
23,46750214,108,21,
23,46750358,211,164,
23,46750367,16,1,
23,46750377,10,4,
23,46750417,7,1,
23,46750425,196,51,
23,46750437,38,8,
23,46750470,149,128,
23,46750485,49,51,
23,46750852,264,84,
23,46750893,6,0,
23,46751231,51,48,
23,46751297,12,2,
23,46751448,23,4,
23,46751675,66,34,
23,46751797,20,1,
23,46751825,63,2,
23,46751826,279,14,16
23,46751835,83,69,
23,46751899,566,277,30
23,46751906,93,23,
23,46752076,56,47,
23,46752116,4,0,
23,46752151,601,317,8
23,46752261,143,60,28
23,46752335,18,0,
23,46752387,10,1,
23,46752392,10,1,
23,46752841,29,12,
23,46752873,7,0,
23,46752907,69,64,
23,46752984,3,0,
23,46753034,3,0,
23,46753078,110,38,25
23,46753142,45,15,
23,46753156,4,0,
23,46753301,188,26,17
23,46753364,39,47,
23,46753395,6,0,
23,46753484,316,101,7
23,46753611,134,89,
23,46753623,4,0,
23,46753708,163,12,12
23,46753838,15,14,
23,46753851,4,0,
23,46753941,7,0,
23,46753974,12,20,
23,46754181,7,0,
23,46754201,13,0,
23,46754206,20,6,
23,46754312,12,0,
23,46754427,114,42,
23,46754497,31,0,
23,46754522,10,0,10
23,46754600,120,114,
23,46754724,38,6,20
23,46754895,4,0,
23,46754944,430,154,2
23,46755019,13,1,
23,46755115,148,46,6
23,46755123,6,1,
23,46755175,5,0,
23,46755357,15,0,
23,46755523,5,0,
23,46755644,33,11,
23,46755975,16,8,
23,46755999,218,156,
23,46756117,771,444,16
23,46756187,19,12,
23,46756293,9,6,
23,46756427,17,2,11
23,46756530,5,1,22
23,46756808,3,5,
23,46756969,3,1,
23,46757019,6,2,
23,46757067,241,87,1
23,46757162,106,98,10
23,46757224,37,14,6
23,46757357,93,34,4
23,46757411,27,5,
23,46757465,69,10,23
23,46757770,4,0,
23,46757868,25,6,
23,46757944,290,123,5
23,46758093,12,12,
23,46758175,47,63,
23,46758242,88,68,
23,46758450,122,96,2
23,46758621,11,1,
23,46758644,44,20,18
23,46759142,16,4,
23,46759352,4,0,
23,46759353,9,3,
23,46759520,5,0,12
