hour,id,score,comments,best_rank
0,46686640,472,727,
0,46686655,405,210,
0,46687504,96,18,
0,46687603,36,9,
0,46687705,98,51,
0,46687841,56,65,
0,46688101,47,37,
0,46688133,51,9,
0,46688173,124,65,
0,46688191,30,9,
0,46688229,46,99,
0,46688476,71,33,
0,46688521,24,7,
0,46688804,605,649,
0,46688954,256,209,
0,46688971,523,334,
0,46689065,239,83,
0,46689342,38,19,
0,46689631,127,31,
0,46689834,27,3,
0,46689895,23,2,22
0,46690092,93,52,
0,46690402,600,309,
0,46690530,79,27,
0,46690592,6,1,16
0,46690779,108,26,
0,46690907,348,258,
0,46691108,339,247,
0,46691130,19,5,16
0,46691152,31,21,28
0,46691243,455,451,
0,46691454,99,36,
0,46691531,11,0,
0,46691660,99,72,
0,46691835,194,146,
0,46691963,18,4,
0,46692116,426,68,
0,46692347,36,9,
0,46692473,19,1,
0,46692594,775,804,
0,46693205,454,373,
0,46693460,153,77,
0,46693959,213,70,
0,46693985,30,26,18
0,46694124,257,82,
0,46694618,291,88,
0,46694929,19,17,
0,46695415,118,65,
0,46695467,61,15,25
0,46695628,565,112,
0,46695978,55,28,
0,46696081,21,5,
0,46696276,163,35,
0,46696283,215,68,
0,46696300,196,93,
0,46696303,315,570,
0,46696309,43,8,
0,46696357,254,169,
0,46696647,25,0,
0,46696699,127,224,
0,46697390,16,3,
0,46697735,20,28,
0,46697876,104,10,
0,46697908,135,44,
0,46698061,264,152,
0,46698370,193,80,
0,46698469,46,5,
0,46698623,55,19,
0,46698660,456,259,
0,46699072,190,148,
0,46699324,32,14,
0,46699597,43,22,
0,46699697,224,53,
0,46700384,32,15,
0,46700503,259,56,
0,46700594,635,373,
0,46701114,106,65,
0,46701733,431,264,
0,46701969,208,144,
0,46702099,236,159,
0,46702411,261,345,
0,46702980,36,7,
0,46703301,276,136,
0,46703317,186,19,
0,46703763,764,722,
0,46704223,136,408,
0,46704310,109,55,
0,46704943,148,116,
0,46705201,262,80,
0,46705676,136,77,
0,46705715,230,105,
0,46705830,44,10,
0,46705952,128,164,
0,46706528,665,212,
0,46706564,28,8,
0,46706668,67,31,
0,46706796,60,74,
0,46706906,513,224,
0,46706947,183,88,
0,46707062,19,14,
0,46707117,5,1,
0,46707572,577,698,
0,46707708,75,5,
0,46708032,242,158,
0,46708055,76,20,
0,46708096,116,27,
0,46708351,69,20,
0,46708592,60,14,
0,46708601,200,66,
0,46708678,482,257,
0,46708766,87,16,
0,46708990,46,6,
0,46709179,305,91,
0,46709320,99,129,
0,46709543,206,111,
0,46709548,136,109,
0,46709727,409,103,
0,46710042,62,35,
0,46710560,26,10,
0,46710569,48,16,
0,46710747,94,42,
0,46710756,45,16,
0,46711380,190,152,
0,46711574,338,350,
0,46711649,147,88,
0,46712547,64,10,
0,46712678,699,497,
0,46712790,21,3,
0,46712815,180,66,
0,46713106,530,152,
0,46713387,141,57,
0,46713444,158,130,
0,46713473,27,26,
0,46713526,289,299,
0,46713704,86,68,
0,46713924,439,506,
0,46713929,284,408,
0,46714673,18,2,
0,46714916,31,10,
0,46715600,288,84,
0,46715766,38,13,
0,46716469,268,190,
0,46716560,73,101,
0,46716696,97,56,
0,46716806,46,13,
0,46717442,138,61,
0,46717472,11,0,
0,46717507,169,111,
0,46717536,33,5,
0,46717960,207,158,
0,46718061,304,143,
0,46718086,71,105,
0,46718299,58,103,
0,46718485,161,212,
0,46718923,15,3,17
0,46719222,548,554,
0,46719229,732,224,
0,46719363,9,12,
0,46719423,91,47,
0,46719489,74,66,
0,46719491,709,766,
0,46719899,261,68,
0,46720395,934,504,
0,46720987,9,1,
0,46721019,53,69,
0,46721179,301,81,
0,46721418,86,165,
0,46721421,41,39,
0,46721452,115,114,
0,46721474,87,35,
0,46721488,156,24,
0,46721653,27,7,
0,46721703,76,25,
0,46721802,1309,240,
0,46721933,47,18,
0,46722038,70,124,
0,46722074,75,14,
0,46722143,21,2,
0,46722188,60,14,
0,46722285,44,26,
0,46722570,224,20,
0,46722853,146,74,
0,46723183,48,12,
0,46723190,60,32,
0,46723384,740,632,
0,46723694,131,58,
0,46723859,31,6,
0,46723898,28,4,
0,46723990,653,359,
0,46724470,21,12,
0,46724542,12,1,
0,46724565,47,5,
0,46724567,10,5,
0,46724675,38,15,
0,46724743,15,4,
0,46725268,196,31,
0,46725288,384,354,
0,46725300,339,134,
0,46725389,73,20,
0,46725632,138,73,
0,46726259,25,32,
0,46726526,147,34,
0,46726808,15,0,
0,46726827,14,1,
0,46726857,246,152,
0,46726907,39,36,
0,46726916,123,36,
0,46726959,46,1,
0,46727424,19,6,
0,46727587,1086,524,
0,46727862,55,12,
0,46727992,25,11,
0,46728070,5,1,
0,46728157,162,168,
0,46728197,177,144,
0,46728385,42,21,
0,46728421,10,6,
0,46728781,52,20,
0,46728808,476,103,
0,46728950,33,11,
0,46729198,66,51,
0,46729368,549,422,
0,46730214,182,129,
0,46730233,40,20,
0,46730346,101,47,
0,46730436,232,189,
0,46730504,499,272,
0,46730671,95,92,
0,46730826,14,0,
0,46730885,348,118,
0,46730926,14,4,
0,46731068,251,61,
0,46731432,274,89,
0,46731498,14,4,
0,46731513,4,1,
0,46731612,81,33,
0,46731638,10,9,
0,46731748,260,280,
0,46731964,3,2,
0,46731976,791,497,
0,46731996,244,87,
0,46732213,283,139,
0,46732242,30,1,
0,46732555,47,9,
0,46732929,7,0,
0,46732967,259,112,
0,46733079,3,1,
0,46733301,91,20,
0,46733522,29,23,
0,46733624,241,333,
0,46733899,23,4,
0,46733905,11,9,
0,46734302,394,425,
0,46734608,4,0,
0,46735022,63,11,
0,46735133,106,14,
0,46735139,103,44,
0,46735179,93,26,
0,46735231,29,15,
0,46735308,46,38,
0,46735489,164,61,
0,46735511,470,305,
0,46735545,1026,645,
0,46735616,242,59,
0,46735644,296,157,
0,46735963,15,6,
0,46736048,112,154,
0,46736682,7,8,
0,46736683,340,361,
0,46736978,7,1,
0,46737076,32,10,
0,46737202,168,35,
0,46737447,236,247,
0,46737467,20,8,
0,46737630,445,202,
0,46737865,56,13,
0,46737957,121,22,
0,46738241,13,9,
0,46738809,6,1,
0,46738853,71,54,
0,46739043,35,3,
0,46739075,9,1,
0,46739257,5,0,
0,46739621,20,1,
0,46739885,4,0,
0,46739921,5,1,
0,46740029,349,211,
0,46740280,42,27,
0,46740548,69,26,
0,46740584,13,0,
0,46740644,109,92,
0,46740705,23,16,
0,46740748,173,72,
0,46740974,24,7,
0,46741458,3,0,
0,46741472,49,8,
0,46741482,104,30,
0,46741606,7,2,
0,46741711,5,3,
0,46741923,85,26,
0,46741929,45,42,
0,46742035,6,0,
0,46742044,7,1,
0,46742074,3,0,
0,46742250,82,172,
0,46742362,468,270,
0,46742389,513,300,
0,46742405,21,9,
0,46742431,15,0,
0,46742432,208,118,
0,46742618,20,2,
0,46742635,181,116,
0,46742800,7,9,
0,46742828,38,39,
0,46742902,3,2,
0,46743154,525,322,
0,46743199,6,1,
0,46743219,68,118,
0,46743466,18,2,
0,46743729,6,0,
0,46743867,26,47,
0,46743887,12,1,
0,46743908,493,321,
0,46743951,19,2,
0,46744214,3,0,
0,46744569,38,4,
0,46744572,117,131,
0,46744647,129,28,
0,46744807,206,121,
0,46744843,6,7,
0,46744874,18,1,
0,46744952,8,1,
0,46744968,101,132,
0,46745138,52,2,
0,46745150,38,2,
0,46745233,206,97,
0,46745259,152,15,
0,46745459,12,1,
0,46745831,16,6,
0,46745922,212,89,
0,46746096,17,19,
0,46746136,4,1,
0,46746231,14,3,
0,46746239,3,7,
0,46746266,67,34,
0,46746288,6,6,
0,46746297,5,1,
0,46746476,702,470,
0,46746477,15,2,
0,46746517,45,17,
0,46746554,6,3,
0,46746570,73,22,
0,46746650,10,0,
0,46746681,120,29,
0,46746700,23,6,
0,46746742,12,5,
0,46746792,9,0,
0,46746829,7,2,
0,46746900,43,11,
0,46746946,138,122,
0,46747022,27,24,
0,46747078,16,0,
0,46747099,3,8,
0,46747119,216,71,
0,46747213,27,19,
0,46747299,8,4,
0,46747351,8,1,
0,46747366,290,100,
0,46747403,10,2,
0,46747511,7,0,
0,46747571,15,4,
0,46747686,12,2,
0,46747777,32,21,
0,46747819,5,0,
0,46747827,284,138,
0,46747849,7,0,
0,46747851,16,4,
0,46748071,45,19,
0,46748101,16,0,
0,46748106,17,0,
0,46748112,13,0,
0,46748139,3,0,
0,46748333,10,1,
0,46748340,4,0,
0,46748404,29,1,
0,46748551,11,3,
0,46748603,111,154,
0,46748723,5,0,
0,46748771,290,244,
0,46748795,10,0,
0,46749053,187,79,
0,46749118,30,4,
0,46749198,568,568,
0,46749213,59,8,
0,46749261,28,12,
0,46749270,3,0,
0,46749374,11,2,
0,46749396,7,1,
0,46749508,22,6,
0,46749511,6,0,
0,46749559,19,0,
0,46749565,5,1,
0,46749636,55,17,
0,46749671,186,43,
0,46749754,6,0,
0,46750024,39,0,
0,46750053,54,6,
0,46750118,49,20,
0,46750214,109,21,
0,46750358,211,167,
0,46750367,16,1,
0,46750377,10,4,
0,46750417,7,1,
0,46750425,196,51,
0,46750437,38,8,
0,46750470,149,128,
0,46750485,50,51,
0,46750852,267,85,
0,46750893,6,0,
0,46751231,51,48,
0,46751297,12,2,
0,46751448,24,4,
0,46751675,66,34,
0,46751797,20,1,
0,46751825,63,2,
0,46751826,284,14,19
0,46751835,83,70,
0,46751899,570,283,
0,46751906,93,24,
0,46752076,57,48,
0,46752116,4,0,
0,46752151,613,326,10
0,46752261,145,60,30
0,46752335,18,0,
0,46752387,10,1,
0,46752392,10,1,
0,46752841,29,12,
0,46752873,7,0,
0,46752907,70,69,
0,46752984,3,0,
0,46753034,3,0,
0,46753078,112,39,26
0,46753142,45,15,
0,46753156,4,0,
0,46753301,198,26,21
0,46753395,6,0,
0,46753484,329,104,6
0,46753611,137,94,
0,46753623,4,0,
0,46753708,171,15,15
0,46753838,15,14,
0,46753851,4,0,
0,46753941,8,0,
0,46753974,13,21,
0,46754181,7,0,
0,46754201,14,0,
0,46754206,21,6,
0,46754312,12,0,
0,46754427,117,44,
0,46754497,32,0,
0,46754522,15,0,13
0,46754600,121,115,
0,46754724,38,6,23
0,46754895,4,0,
0,46754944,453,158,2
0,46755019,13,2,
0,46755115,157,48,9
0,46755123,6,1,
0,46755175,5,0,
0,46755357,15,0,
0,46755523,5,0,
0,46755644,35,11,
0,46755734,257,92,
0,46755975,16,8,
0,46755999,229,161,
0,46756117,832,483,17
0,46756187,20,12,
0,46756293,11,8,
0,46756427,22,6,13
0,46756530,7,2,
0,46756808,3,5,
0,46756969,3,1,
0,46757019,6,2,
0,46757067,284,98,1
0,46757162,120,109,8
0,46757224,48,25,7
0,46757357,103,59,3
0,46757411,29,5,
0,46757465,77,17,27
0,46757770,4,0,
0,46757868,30,7,
0,46757944,328,141,5
0,46758056,6,1,
0,46758093,12,21,
0,46758175,49,69,
0,46758242,104,87,
0,46758253,7,1,
0,46758450,152,121,5
0,46758621,14,1,
0,46758644,56,24,24
0,46759352,20,7,4
0,46759353,13,6,
0,46759520,27,6,3
0,46759695,5,1,
0,46759756,4,0,
0,46759785,3,0,
0,46759969,8,0,
1,46686640,472,727,
1,46686655,405,210,
1,46687504,96,18,
1,46687603,36,9,
1,46687705,98,51,
1,46687841,56,65,
1,46688101,47,37,
1,46688133,51,9,
1,46688173,124,65,
1,46688191,30,9,
1,46688229,46,99,
1,46688476,75,34,
1,46688521,24,7,
1,46688804,609,658,
1,46688954,256,209,
1,46688971,524,334,
1,46689065,239,83,
1,46689342,38,19,
1,46689631,127,31,
1,46689834,27,3,
1,46689895,26,2,26
1,46690092,93,52,
1,46690402,600,309,
1,46690530,79,27,
1,46690592,26,4,8
1,46690779,108,26,
1,46690907,348,258,
1,46691108,339,247,
1,46691130,23,6,25
1,46691152,33,23,
1,46691243,455,451,
1,46691454,99,36,
1,46691531,11,0,
1,46691660,99,72,
1,46691835,194,146,
1,46691963,18,4,
1,46692116,426,68,
1,46692347,36,9,
1,46692473,19,1,
1,46692594,775,804,
1,46693205,454,373,
1,46693460,154,77,
1,46693959,213,70,
1,46693985,31,28,
1,46694124,257,82,
1,46694618,291,88,
1,46695415,118,65,
1,46695467,64,17,
1,46695628,565,112,
1,46695978,55,28,
1,46696081,21,5,
1,46696111,17,13,
1,46696276,163,35,
1,46696283,215,68,
1,46696300,196,93,
1,46696303,315,570,
1,46696309,43,8,
1,46696357,254,169,
1,46696647,25,0,
1,46696699,127,224,
1,46697390,16,3,
1,46697735,20,28,
1,46697876,104,10,
1,46697908,135,44,
1,46698061,264,152,
1,46698370,193,80,
1,46698469,46,5,
1,46698623,55,19,
1,46698660,456,259,
1,46699072,190,148,
1,46699324,32,14,
1,46699597,43,22,
1,46699697,224,53,
1,46700384,33,15,
1,46700503,259,56,
1,46700594,635,373,
1,46701114,106,65,
1,46701733,431,264,
1,46701969,208,144,
1,46702099,236,159,
1,46702411,261,345,
1,46702980,36,7,
1,46703301,276,136,
1,46703317,186,19,
1,46703763,764,722,
1,46704223,136,408,
1,46704310,109,55,
1,46704943,148,116,
1,46705201,262,80,
1,46705676,136,77,
1,46705715,230,105,
1,46705830,44,10,
1,46705952,128,164,
1,46706528,665,212,
1,46706564,28,8,
1,46706668,67,31,
1,46706796,60,74,
1,46706906,513,224,
1,46706947,183,88,
1,46707062,19,14,
1,46707117,5,1,
1,46707572,577,698,
1,46707708,75,5,
1,46708032,242,158,
1,46708055,76,20,
1,46708096,116,27,
1,46708351,69,20,
1,46708592,60,14,
1,46708601,200,66,
1,46708678,482,257,
1,46708766,87,16,
1,46708990,46,6,
1,46709179,305,91,
1,46709320,99,129,
1,46709543,207,111,
1,46709548,136,109,
1,46709727,409,103,
1,46710042,62,35,
1,46710560,26,10,
1,46710569,48,16,
1,46710747,97,42,
1,46710756,45,16,
1,46711380,190,152,
1,46711574,338,350,
1,46711649,147,88,
1,46712547,64,10,
1,46712678,699,497,
1,46712790,21,3,
1,46712815,180,66,
1,46713106,530,152,
1,46713387,141,57,
1,46713444,158,130,
1,46713473,27,26,
1,46713526,289,299,
1,46713704,86,68,
1,46713924,439,506,
1,46713929,284,408,
1,46714673,18,2,
1,46714916,31,10,
1,46715600,288,84,
1,46715766,38,13,
1,46716469,268,190,
1,46716560,73,101,
1,46716696,97,56,
1,46716806,46,13,
1,46717442,138,61,
1,46717472,12,0,
1,46717507,169,111,
1,46717536,33,5,
1,46717960,207,158,
1,46718061,304,143,
1,46718086,71,105,
1,46718299,58,103,
1,46718485,161,212,
1,46718923,18,4,21
1,46719222,548,554,
1,46719229,732,224,
1,46719423,91,47,
1,46719489,74,66,
1,46719491,709,766,
1,46719899,261,68,
1,46720395,934,504,
1,46720987,9,1,
1,46721019,53,70,
1,46721179,301,81,
1,46721418,86,165,
1,46721421,41,44,
1,46721452,115,114,
1,46721474,87,35,
1,46721488,156,24,
1,46721653,27,7,
1,46721703,76,25,
1,46721802,1309,240,
1,46721933,47,18,
1,46722038,70,124,
1,46722074,75,14,
1,46722143,21,2,
1,46722188,60,14,
1,46722285,44,26,
1,46722570,224,20,
1,46722853,146,74,
1,46723183,48,12,
1,46723190,60,32,
1,46723384,741,632,
1,46723694,131,58,
1,46723859,31,6,
1,46723898,28,4,
1,46723990,653,360,
1,46724470,21,12,
1,46724565,47,5,
1,46724567,10,5,
1,46724675,38,15,
1,46724743,15,4,
1,46725268,197,31,
1,46725288,384,355,
1,46725300,339,134,
1,46725389,73,20,
1,46725632,138,73,
1,46726259,25,32,
1,46726526,147,34,
1,46726808,15,0,
1,46726827,14,1,
1,46726857,246,152,
1,46726907,39,36,
1,46726916,123,36,
1,46726959,46,1,
1,46727587,1087,524,
1,46727862,55,12,
1,46727992,25,11,
1,46728070,5,1,
1,46728157,162,168,
1,46728197,177,144,
1,46728385,42,21,
1,46728421,10,6,
1,46728781,52,20,
1,46728808,476,103,
1,46728950,33,11,
1,46729198,67,52,
1,46729368,550,422,
1,46730214,182,129,
1,46730346,101,47,
1,46730436,232,190,
1,46730504,499,272,
1,46730671,95,92,
1,46730826,14,0,
1,46730885,348,118,
1,46730926,14,4,
1,46731068,251,61,
1,46731432,274,89,
1,46731513,4,1,
1,46731612,81,33,
1,46731638,10,9,
1,46731748,260,280,
1,46731964,3,2,
1,46731976,791,497,
1,46731996,244,87,
1,46732213,283,139,
1,46732242,30,1,
1,46732555,47,9,
1,46732929,7,0,
1,46732967,259,112,
1,46733079,3,1,
1,46733301,91,20,
1,46733522,29,23,
1,46733624,241,334,
1,46733899,23,4,
1,46733905,11,9,
1,46734302,394,425,
1,46734608,4,0,
1,46735022,63,11,
1,46735133,106,14,
1,46735139,103,44,
1,46735179,93,26,
1,46735231,29,15,
1,46735308,46,38,
1,46735489,164,61,
1,46735511,471,305,
1,46735545,1026,645,
1,46735616,243,59,
1,46735644,296,157,
1,46735963,15,6,
1,46736048,112,154,
1,46736682,7,8,
1,46736683,340,362,
1,46736978,7,1,
1,46737076,32,10,
1,46737202,168,35,
1,46737447,236,247,
1,46737467,20,8,
1,46737630,445,202,
1,46737865,56,13,
1,46737957,121,22,
1,46738241,13,9,
1,46738809,6,1,
1,46738853,71,54,
1,46739043,35,3,
1,46739075,9,1,
1,46739257,5,0,
1,46739621,20,1,
1,46739885,4,0,
1,46739921,5,1,
1,46740029,349,211,
1,46740280,42,27,
1,46740548,69,26,
1,46740584,13,0,
1,46740644,109,92,
1,46740705,23,16,
1,46740748,174,72,
1,46740974,24,7,
1,46741458,3,0,
1,46741472,49,8,
1,46741482,104,30,
1,46741606,7,2,
1,46741711,5,3,
1,46741923,85,26,
1,46741929,45,42,
1,46742035,6,0,
1,46742074,3,0,
1,46742250,83,172,
1,46742362,468,270,
1,46742389,515,300,
1,46742405,21,9,
1,46742431,15,0,
1,46742432,208,118,
1,46742618,20,2,
1,46742635,181,116,
1,46742800,7,9,
1,46742828,38,39,
1,46742902,3,2,
1,46743154,527,322,
1,46743199,6,1,
1,46743219,68,118,
1,46743466,18,2,
1,46743729,6,0,
1,46743867,26,47,
1,46743887,12,1,
1,46743908,495,321,
1,46743951,19,2,
1,46744214,3,0,
1,46744569,38,4,
1,46744647,129,28,
1,46744807,206,121,
1,46744843,6,7,
1,46744874,18,1,
1,46744952,8,1,
1,46744968,101,132,
1,46745138,52,2,
1,46745150,38,2,
1,46745233,206,97,
1,46745259,152,15,
1,46745459,12,1,
1,46745831,16,6,
1,46745922,212,89,
1,46746096,17,19,
1,46746136,4,1,
1,46746231,14,3,
1,46746239,3,7,
1,46746266,67,34,
1,46746288,6,6,
1,46746297,5,1,
1,46746476,703,470,
1,46746477,15,2,
1,46746517,45,17,
1,46746554,6,3,
1,46746570,73,22,
1,46746650,10,0,
1,46746681,121,29,
1,46746700,23,6,
1,46746742,12,6,
1,46746792,9,0,
1,46746829,7,2,
1,46746900,43,11,
1,46746946,138,122,
1,46747022,27,24,
1,46747078,16,0,
1,46747099,3,8,
1,46747119,216,71,
1,46747213,27,19,
1,46747299,8,4,
1,46747351,8,1,
1,46747366,292,101,
1,46747511,7,0,
1,46747571,15,4,
1,46747777,32,21,
1,46747827,286,138,
1,46747849,7,0,
1,46747851,16,4,
1,46748071,45,19,
1,46748101,16,0,
1,46748106,17,0,
1,46748112,13,0,
1,46748139,3,0,
1,46748333,10,1,
1,46748340,4,0,
1,46748404,30,1,
1,46748551,11,3,
1,46748603,111,154,
1,46748723,5,0,
1,46748771,291,246,
1,46748795,10,0,
1,46749053,189,79,
1,46749118,30,4,
1,46749198,574,571,
1,46749213,61,8,
1,46749261,28,12,
1,46749270,3,0,
1,46749374,11,2,
1,46749396,7,1,
1,46749508,22,6,
1,46749511,6,0,
1,46749559,19,0,
1,46749565,5,1,
1,46749636,55,17,
1,46749671,187,43,
1,46749754,6,0,
1,46750024,39,0,
1,46750053,54,6,
1,46750118,49,20,
1,46750214,111,21,
1,46750358,212,169,
1,46750367,16,1,
1,46750377,10,4,
1,46750417,7,1,
1,46750425,196,51,
1,46750437,39,8,
1,46750470,149,128,
1,46750485,50,51,
1,46750852,269,85,
1,46750893,6,0,
1,46751231,52,48,
1,46751297,12,2,
1,46751448,25,4,
1,46751675,67,34,
1,46751797,20,1,
1,46751825,64,2,
1,46751826,291,14,23
1,46751835,83,70,
1,46751899,576,284,
1,46751906,95,26,
1,46752076,57,49,
1,46752116,4,0,
1,46752151,627,329,29
1,46752261,148,60,
1,46752335,18,0,
1,46752387,10,1,
1,46752392,10,1,
1,46752841,30,12,
1,46752873,7,0,
1,46752907,74,70,
1,46752984,3,0,
1,46753034,3,0,
1,46753078,115,39,
1,46753142,45,15,
1,46753156,4,0,
1,46753301,206,26,24
1,46753395,6,0,
1,46753484,344,107,9
1,46753611,139,96,
1,46753623,4,0,
1,46753708,178,15,18
1,46753838,15,14,
1,46753851,4,0,
1,46753941,8,0,
1,46753974,13,22,
1,46754181,7,0,
1,46754201,14,0,
1,46754206,22,6,
1,46754312,12,0,
1,46754427,118,45,
1,46754497,32,0,
1,46754522,19,1,16
1,46754600,121,115,
1,46754724,41,6,27
1,46754895,4,0,
1,46754944,465,162,5
1,46755019,13,2,
1,46755115,162,52,12
1,46755123,6,1,
1,46755175,5,0,
1,46755357,15,0,
1,46755439,5,0,
1,46755523,5,0,
1,46755644,35,11,
1,46755734,263,94,
1,46755975,16,8,
1,46755999,236,172,
1,46756117,885,530,22
1,46756186,5,0,
1,46756187,21,12,
1,46756293,12,8,
1,46756427,35,10,15
1,46756530,9,2,
1,46756808,3,5,
1,46756860,4,3,
1,46756969,3,1,
1,46757019,7,2,
1,46757067,325,107,2
1,46757162,130,115,11
1,46757224,55,33,20
1,46757357,111,67,17
1,46757411,34,5,
1,46757465,82,19,
1,46757770,4,0,
1,46757868,34,7,
1,46757944,348,160,10
1,46758056,9,2,
1,46758093,15,23,
1,46758175,49,72,
1,46758199,3,0,
1,46758242,112,93,
1,46758253,8,1,
1,46758450,176,139,13
1,46758621,18,2,
1,46758644,64,33,30
1,46759063,7,1,
1,46759352,29,17,7
1,46759353,18,8,
1,46759520,39,13,6
1,46759627,10,1,14
1,46759695,5,1,
1,46759756,7,0,
1,46759785,6,0,
1,46759969,24,1,
1,46760099,24,0,4
1,46760102,7,2,
1,46760237,67,24,1
1,46760329,110,41,3
1,46760338,15,3,19
1,46760384,6,0,
1,46760402,29,13,
1,46760683,11,0,
2,46686640,472,727,
2,46686655,405,210,
2,46687504,96,18,
2,46687603,36,9,
2,46687705,98,51,
2,46687841,56,65,
2,46688101,47,37,
2,46688133,51,9,
2,46688173,124,65,
2,46688191,30,10,
2,46688476,75,35,
2,46688521,24,7,
2,46688804,612,659,
2,46688954,256,209,
2,46688971,524,334,
2,46689065,239,83,
2,46689342,39,19,
2,46689631,127,31,
2,46689834,27,3,
2,46689895,31,2,28
2,46690092,93,52,
2,46690402,600,309,
2,46690530,79,27,
2,46690592,34,8,7
2,46690779,108,26,
2,46690907,348,258,
2,46691108,339,247,
2,46691130,27,6,25
2,46691152,34,23,
2,46691243,455,451,
2,46691454,99,36,
2,46691660,99,72,
2,46691835,194,146,
2,46691963,18,4,
2,46692116,426,68,
2,46692347,36,9,
2,46692473,19,1,
2,46692594,775,804,
2,46693205,454,373,
2,46693460,157,79,
2,46693959,213,70,
2,46694124,257,82,
2,46694618,291,89,
2,46695415,118,65,
2,46695467,64,18,
2,46695628,565,112,
2,46695978,55,28,
2,46696081,21,5,
2,46696111,22,13,18
2,46696276,163,35,
2,46696283,215,68,
2,46696300,196,93,
2,46696303,315,570,
2,46696309,43,8,
2,46696357,254,169,
2,46696647,25,0,
2,46696699,127,224,
2,46697390,16,3,
2,46697735,20,28,
2,46697876,104,11,
2,46697908,135,44,
2,46698061,264,152,
2,46698370,193,80,
2,46698469,46,5,
2,46698623,55,19,
2,46698660,456,259,
2,46699072,190,148,
2,46699324,32,14,
2,46699597,43,22,
2,46699697,227,53,
2,46700384,33,15,
2,46700503,259,56,
2,46700594,635,373,
2,46701114,106,65,
2,46701733,431,264,
2,46702099,236,159,
2,46702411,261,345,
2,46702980,36,7,
2,46703301,276,136,
2,46703317,186,19,
2,46703763,764,722,
2,46704223,136,408,
2,46704310,109,55,
2,46704943,148,116,
2,46705201,262,80,
2,46705676,136,77,
2,46705715,230,105,
2,46705830,44,10,
2,46705952,128,164,
2,46706528,665,212,
2,46706564,28,8,
2,46706668,67,31,
2,46706796,60,74,
2,46706906,513,224,
2,46706947,183,88,
2,46707062,19,14,
2,46707117,5,1,
2,46707572,577,698,
2,46707708,75,5,
2,46708032,242,158,
2,46708055,76,20,
2,46708096,116,27,
2,46708351,69,20,
2,46708592,60,14,
2,46708601,200,66,
2,46708678,482,257,
2,46708766,87,16,
2,46708990,46,6,
2,46709179,305,91,
2,46709320,99,129,
2,46709543,207,111,
2,46709548,136,109,
2,46709727,409,103,
2,46710042,62,35,
2,46710560,26,10,
2,46710569,48,16,
2,46710747,98,42,
2,46710756,45,16,
2,46711380,190,152,
2,46711574,338,350,
2,46711649,147,88,
2,46712547,64,10,
2,46712678,699,497,
2,46712790,21,3,
2,46712815,180,66,
2,46713106,530,152,
2,46713387,141,57,
2,46713444,158,130,
2,46713473,27,26,
2,46713526,289,299,
2,46713704,86,68,
2,46713924,439,506,
2,46713929,284,408,
2,46714673,18,2,
2,46714916,31,10,
2,46715600,288,84,
2,46715766,38,13,
2,46716469,268,191,
2,46716560,73,101,
2,46716696,97,56,
2,46716806,46,13,
2,46717442,138,61,
2,46717472,12,0,
2,46717507,169,111,
2,46717536,33,5,
2,46717960,207,158,
2,46718061,304,143,
2,46718086,71,105,
2,46718299,58,103,
2,46718485,161,212,
2,46718923,24,5,20
2,46719222,549,554,
2,46719229,733,224,
2,46719423,91,47,
2,46719489,74,66,
2,46719491,709,766,
2,46719899,261,68,
2,46720395,934,504,
2,46720987,9,1,
2,46721019,53,70,
2,46721179,301,81,
2,46721418,86,165,
2,46721421,41,44,
2,46721452,115,114,
2,46721474,87,35,
2,46721488,156,24,
2,46721653,27,7,
2,46721703,76,25,
2,46721802,1309,240,
2,46721933,47,18,
2,46722038,70,124,
2,46722074,76,14,
2,46722143,21,2,
2,46722188,60,14,
2,46722285,44,26,
2,46722570,224,20,
2,46722853,146,74,
2,46723183,48,12,
2,46723190,60,32,
2,46723384,741,632,
2,46723694,131,58,
2,46723859,31,6,
2,46723898,28,4,
2,46723990,653,360,
2,46724470,21,12,
2,46724565,47,5,
2,46724567,10,5,
2,46724675,38,15,
2,46724743,15,4,
2,46725268,198,31,
2,46725288,384,355,
2,46725300,339,134,
2,46725389,73,20,
2,46725632,138,73,
2,46726259,25,32,
2,46726526,147,34,
2,46726808,15,0,
2,46726827,14,2,
2,46726857,246,152,
2,46726907,39,36,
2,46726916,123,36,
2,46726959,46,1,
2,46727587,1088,524,
2,46727862,55,12,
2,46727992,25,11,
2,46728070,5,1,
2,46728157,162,168,
2,46728197,177,144,
2,46728385,42,21,
2,46728421,10,6,
2,46728781,52,20,
2,46728808,476,103,
2,46728950,33,11,
2,46729198,68,52,
2,46729368,550,422,
2,46730214,182,129,
2,46730346,101,47,
2,46730436,232,190,
2,46730504,499,272,
2,46730671,95,92,
2,46730826,14,0,
2,46730885,348,118,
2,46730926,14,4,
2,46731068,251,61,
2,46731432,274,89,
2,46731612,81,33,
2,46731638,10,9,
2,46731748,260,281,
2,46731976,791,499,
2,46731996,244,87,
2,46732213,283,139,
2,46732242,30,1,
2,46732555,47,9,
2,46732929,7,0,
2,46732967,259,112,
2,46733079,3,1,
2,46733301,91,20,
2,46733306,7,0,
2,46733522,29,23,
2,46733624,241,334,
2,46733899,23,4,
2,46733905,11,9,
2,46734302,394,426,
2,46734608,4,0,
2,46735022,63,11,
2,46735133,106,14,
2,46735139,103,44,
2,46735179,93,26,
2,46735231,29,15,
2,46735308,46,38,
2,46735489,164,61,
2,46735511,471,305,
2,46735545,1026,645,
2,46735616,243,59,
2,46735644,296,157,
2,46735963,15,6,
2,46736048,112,154,
2,46736683,340,362,
2,46736978,7,1,
2,46737076,32,10,
2,46737202,168,36,
2,46737447,236,247,
2,46737467,20,8,
2,46737630,445,202,
2,46737865,56,13,
2,46737957,121,22,
2,46738241,13,9,
2,46738809,6,1,
2,46738853,71,54,
2,46739043,35,3,
2,46739075,9,1,
2,46739257,5,0,
2,46739621,20,1,
2,46739885,4,0,
2,46739921,5,1,
2,46740029,350,211,
2,46740280,42,27,
2,46740548,69,26,
2,46740584,13,0,
2,46740644,109,92,
2,46740705,23,16,
2,46740748,174,72,
2,46740974,24,7,
2,46741458,3,0,
2,46741472,49,8,
2,46741482,105,30,
2,46741711,5,3,
2,46741923,85,26,
2,46741929,45,42,
2,46742035,6,0,
2,46742074,3,0,
2,46742250,84,174,
2,46742362,468,270,
2,46742389,516,302,
2,46742405,21,9,
2,46742431,15,0,
2,46742432,209,118,
2,46742618,20,2,
2,46742635,181,117,
2,46742800,7,9,
2,46742828,38,39,
2,46742902,3,2,
2,46743154,528,323,
2,46743199,6,1,
2,46743219,68,118,
2,46743466,18,2,
2,46743729,6,0,
2,46743867,26,47,
2,46743887,12,1,
2,46743908,496,321,
2,46743951,19,2,
2,46744214,3,0,
2,46744569,38,4,
2,46744647,129,28,
2,46744807,207,122,
2,46744843,6,7,
2,46744874,18,1,
2,46744952,8,1,
2,46744968,101,133,
2,46745138,52,2,
2,46745150,38,2,
2,46745233,206,97,
2,46745259,152,15,
2,46745459,12,1,
2,46745831,16,6,
2,46745922,213,89,
2,46746096,17,19,
2,46746136,4,1,
2,46746231,14,3,
2,46746239,3,7,
2,46746266,67,34,
2,46746288,6,6,
2,46746297,5,1,
2,46746476,703,471,
2,46746477,15,2,
2,46746517,45,17,
2,46746554,6,3,
2,46746570,73,22,
2,46746650,10,0,
2,46746681,121,29,
2,46746700,23,6,
2,46746742,12,6,
2,46746792,9,0,
2,46746829,7,2,
2,46746900,43,11,
2,46746946,138,122,
2,46747022,27,24,
2,46747078,16,0,
2,46747099,3,8,
2,46747119,216,71,
2,46747213,27,19,
2,46747299,8,4,
2,46747351,8,1,
2,46747366,292,101,
2,46747511,7,0,
2,46747571,15,4,
2,46747777,32,21,
2,46747827,286,138,
2,46747849,7,0,
2,46747851,16,4,
2,46748071,45,19,
2,46748101,16,0,
2,46748106,17,0,
2,46748112,13,0,
2,46748139,3,0,
2,46748333,10,1,
2,46748340,4,0,
2,46748404,30,1,
2,46748551,11,3,
2,46748603,111,154,
2,46748723,5,0,
2,46748771,292,248,
2,46748795,10,0,
2,46749053,189,79,
2,46749118,30,4,
2,46749198,575,577,
2,46749213,61,8,
2,46749261,28,12,
2,46749270,3,0,
2,46749374,11,2,
2,46749396,7,1,
2,46749508,22,6,
2,46749511,6,0,
2,46749559,19,0,
2,46749565,5,1,
2,46749636,55,17,
2,46749671,187,43,
2,46749754,6,0,
2,46750024,39,0,
2,46750053,54,6,
2,46750118,49,20,
2,46750214,112,21,
2,46750358,212,169,
2,46750367,16,1,
2,46750377,10,4,
2,46750417,7,1,
2,46750425,196,51,
2,46750437,39,9,
2,46750470,151,128,
2,46750485,50,51,
2,46750852,269,85,
2,46750893,6,0,
2,46751231,52,48,
2,46751297,12,2,
2,46751448,25,4,
2,46751675,67,34,
2,46751797,20,1,
2,46751825,65,2,
2,46751826,297,15,22
2,46751835,83,70,
2,46751899,579,284,
2,46751906,95,27,
2,46752076,57,50,
2,46752116,4,0,
2,46752151,635,331,26
2,46752261,148,61,
2,46752335,18,0,
2,46752387,10,1,
2,46752392,10,1,
2,46752841,30,12,
2,46752873,7,0,
2,46752907,79,72,
2,46752984,3,0,
2,46753034,3,0,
2,46753078,115,39,29
2,46753142,45,15,
2,46753156,4,0,
2,46753301,210,26,24
2,46753395,6,0,
2,46753484,355,109,8
2,46753611,140,96,
2,46753623,4,0,
2,46753708,185,17,15
2,46753838,15,14,
2,46753941,11,0,
2,46753974,13,22,
2,46754181,7,0,
2,46754201,14,0,
2,46754206,22,6,
2,46754312,12,0,
2,46754427,120,45,
2,46754497,33,0,
2,46754522,22,2,16
2,46754600,121,115,
2,46754724,43,6,27
2,46754895,4,0,
2,46754944,480,163,3
2,46755019,13,2,
2,46755115,168,56,12
2,46755123,8,1,
2,46755175,5,0,
2,46755357,15,0,
2,46755439,5,0,
2,46755523,5,0,
2,46755644,35,11,
2,46755734,274,93,
2,46755975,16,8,
2,46755999,242,183,
2,46756117,947,565,21
2,46756186,6,0,
2,46756187,21,12,
2,46756293,13,8,
2,46756427,44,12,11
2,46756530,10,2,
2,46756808,3,5,
2,46756860,4,3,
2,46756969,3,1,
2,46757019,7,2,
2,46757067,352,113,1
2,46757162,148,124,9
2,46757224,67,40,17
2,46757357,115,72,19
2,46757411,34,6,
2,46757465,86,21,
2,46757770,4,0,
2,46757868,36,9,
2,46757944,360,183,13
2,46758056,11,2,
2,46758093,15,24,
2,46758175,52,78,
2,46758199,3,0,
2,46758242,119,98,
2,46758253,8,1,
2,46758450,206,148,14
2,46758621,21,2,
2,46758644,69,34,
2,46759063,19,6,23
2,46759352,43,23,5
2,46759353,20,9,
2,46759520,45,24,6
2,46759627,22,7,10
2,46759695,5,1,
2,46759756,9,0,
2,46759785,6,0,
2,46759969,28,1,
2,46760099,52,4,2
2,46760102,9,2,
2,46760237,114,65,4
2,46760307,6,0,
2,46760320,3,0,
2,46760329,167,99,
2,46760338,17,4,30
2,46760384,11,0,
2,46760683,16,0,
2,46761061,3,0,
2,46761130,37,4,
3,46686640,472,727,
3,46686655,405,210,
3,46687504,96,18,
3,46687603,36,9,
3,46687705,98,51,
3,46687841,56,65,
3,46688133,51,9,
3,46688173,124,65,
3,46688191,30,10,
3,46688476,76,35,
3,46688521,24,7,
3,46688804,613,665,
3,46688954,256,209,
3,46688971,524,334,
3,46689065,239,83,
3,46689342,39,19,
3,46689631,127,31,
3,46689834,27,3,
3,46689895,33,2,26
3,46690092,93,52,
3,46690402,600,309,
3,46690530,79,27,
3,46690592,45,13,8
3,46690779,110,26,
3,46690907,348,258,
3,46691108,341,247,
3,46691130,29,7,25
3,46691152,34,23,
3,46691243,456,452,
3,46691454,99,36,
3,46691660,99,72,
3,46691835,194,146,
3,46691963,19,4,
3,46692116,427,68,
3,46692347,36,9,
3,46692473,19,1,
3,46692594,775,804,
3,46693205,454,373,
3,46693460,158,81,29
3,46693959,213,70,
3,46694124,257,82,
3,46694618,291,89,
3,46695415,118,65,
3,46695467,66,18,30
3,46695628,565,112,
3,46695978,55,28,
3,46696081,21,5,
3,46696111,25,16,13
3,46696276,163,35,
3,46696283,216,68,
3,46696300,196,93,
3,46696303,315,570,
3,46696309,43,8,
3,46696357,254,169,
3,46696647,25,0,
3,46696699,127,224,
3,46697390,16,3,
3,46697735,20,28,
3,46697876,104,11,
3,46697908,135,44,
3,46698061,264,152,
3,46698370,194,80,
3,46698469,46,5,
3,46698623,55,19,
3,46698660,456,259,
3,46699072,190,148,
3,46699324,32,14,
3,46699597,43,22,
3,46699697,228,53,
3,46700384,33,15,
3,46700503,260,56,
3,46700594,635,373,
3,46701114,106,65,
3,46701733,431,264,
3,46702099,236,159,
3,46702411,261,345,
3,46702980,36,7,
3,46703301,276,136,
3,46703317,186,19,
3,46703763,764,722,
3,46704223,136,408,
3,46704310,109,55,
3,46704943,148,116,
3,46705201,262,80,
3,46705676,136,77,
3,46705715,230,105,
3,46705830,44,10,
3,46705952,128,164,
3,46706528,666,212,
3,46706564,28,8,
3,46706668,67,31,
3,46706796,60,74,
3,46706906,513,224,
3,46706947,183,88,
3,46707062,21,14,
3,46707117,5,1,
3,46707572,577,698,
3,46707708,75,5,
3,46708032,242,158,
3,46708055,76,20,
3,46708096,116,27,
3,46708351,69,20,
3,46708592,60,14,
3,46708601,200,66,
3,46708678,482,257,
3,46708766,87,16,
3,46708990,46,6,
3,46709179,305,91,
3,46709320,99,129,
3,46709543,207,111,
3,46709548,136,109,
3,46709727,409,103,
3,46710042,62,35,
3,46710560,26,10,
3,46710569,48,16,
3,46710747,98,43,
3,46710756,45,16,
3,46711380,190,152,
3,46711574,338,350,
3,46711649,147,88,
3,46712547,64,10,
3,46712678,701,497,
3,46712790,21,3,
3,46712815,180,66,
3,46713106,530,152,
3,46713387,141,57,
3,46713444,158,130,
3,46713473,27,26,
3,46713526,289,299,
3,46713704,86,68,
3,46713924,439,506,
3,46713929,284,408,
3,46714673,18,2,
3,46714916,31,10,
3,46714981,10,2,
3,46715600,288,84,
3,46715766,38,13,
3,46716469,268,191,
3,46716560,73,101,
3,46716696,97,56,
3,46716806,46,13,
3,46717442,138,61,
3,46717472,12,0,
3,46717507,169,111,
3,46717536,33,5,
3,46717960,207,158,
3,46718061,304,143,
3,46718086,71,105,
3,46718299,58,103,
3,46718485,161,212,
3,46718923,27,6,19
3,46719222,550,554,
3,46719229,733,225,
3,46719423,91,47,
3,46719491,709,766,
3,46719899,261,68,
3,46720395,934,504,
3,46720987,9,1,
3,46721019,53,70,
3,46721179,301,81,
3,46721418,86,165,
3,46721421,41,44,
3,46721452,115,114,
3,46721474,87,35,
3,46721488,156,24,
3,46721653,27,7,
3,46721703,76,25,
3,46721802,1311,240,
3,46721933,47,18,
3,46722038,70,124,
3,46722074,76,14,
3,46722143,21,2,
3,46722188,60,14,
3,46722285,44,26,
3,46722570,224,20,
3,46722853,146,74,
3,46723183,48,12,
3,46723190,60,32,
3,46723384,741,632,
3,46723694,131,58,
3,46723859,31,6,
3,46723898,28,4,
3,46723990,653,360,
3,46724470,21,12,
3,46724565,47,5,
3,46724567,10,5,
3,46724675,38,15,
3,46724743,15,4,
3,46725268,198,31,
3,46725288,384,355,
3,46725300,340,134,
3,46725389,73,20,
3,46725632,138,73,
3,46726259,25,32,
3,46726526,147,34,
3,46726808,15,0,
3,46726827,14,2,
3,46726857,246,152,
3,46726907,39,36,
3,46726916,123,36,
3,46726959,46,1,
3,46727587,1088,524,
3,46727862,56,12,
3,46727992,25,11,
3,46728070,5,1,
3,46728157,162,168,
3,46728197,177,144,
3,46728385,42,21,
3,46728421,10,6,
3,46728781,52,20,
3,46728808,477,103,
3,46728950,33,11,
3,46729198,69,55,
3,46729368,550,422,
3,46730214,182,129,
3,46730346,101,47,
3,46730436,232,190,
3,46730504,499,272,
3,46730671,95,92,
3,46730826,14,0,
3,46730885,348,118,
3,46730926,14,4,
3,46731068,251,61,
3,46731432,274,89,
3,46731612,81,33,
3,46731638,10,9,
3,46731748,260,282,
3,46731976,792,499,
3,46731996,244,87,
3,46732213,283,139,
3,46732242,30,1,
3,46732555,47,9,
3,46732929,7,0,
3,46732967,259,112,
3,46733301,91,20,
3,46733306,17,3,5
3,46733522,29,23,
3,46733624,241,334,
3,46733899,23,4,
3,46733905,11,9,
3,46734302,394,426,
3,46734608,4,0,
3,46735022,63,11,
3,46735133,106,14,
3,46735139,103,44,
3,46735179,93,26,
3,46735231,29,15,
3,46735308,46,38,
3,46735489,164,61,
3,46735511,472,305,
3,46735545,1026,645,
3,46735616,243,59,
3,46735644,296,157,
3,46735963,15,6,
3,46736048,112,154,
3,46736683,340,362,
3,46736978,7,1,
3,46737076,32,10,
3,46737202,168,36,
3,46737447,236,249,
3,46737467,20,8,
3,46737630,445,202,
3,46737865,56,13,
3,46737957,121,22,
3,46738241,13,9,
3,46738809,6,1,
3,46738853,71,54,
3,46739043,35,3,
3,46739075,9,1,
3,46739257,5,0,
3,46739621,20,1,
3,46739885,4,0,
3,46739921,5,1,
3,46740029,350,211,
3,46740280,42,27,
3,46740548,69,26,
3,46740584,13,0,
3,46740644,109,93,
3,46740705,23,16,
3,46740748,175,73,
3,46740974,24,7,
3,46741458,3,0,
3,46741472,49,8,
3,46741482,105,30,
3,46741711,5,3,
3,46741923,85,27,
3,46741929,45,42,
3,46742035,6,0,
3,46742074,3,0,
3,46742250,84,174,
3,46742362,469,270,
3,46742389,518,302,
3,46742405,21,9,
3,46742431,15,0,
3,46742432,209,118,
3,46742618,20,2,
3,46742635,182,118,
3,46742800,7,9,
3,46742828,38,39,
3,46742902,3,2,
3,46743154,528,323,
3,46743199,6,1,
3,46743219,68,118,
3,46743466,18,2,
3,46743729,6,0,
3,46743867,26,47,
3,46743887,12,1,
3,46743908,499,321,
3,46743951,19,2,
3,46744214,3,0,
3,46744569,38,4,
3,46744647,129,28,
3,46744807,207,122,
3,46744843,6,7,
3,46744874,18,1,
3,46744952,8,1,
3,46744968,101,134,
3,46745138,52,2,
3,46745150,38,2,
3,46745233,207,97,
3,46745259,152,15,
3,46745459,12,1,
3,46745831,16,6,
3,46745922,213,90,
3,46746096,17,19,
3,46746136,4,1,
3,46746231,14,3,
3,46746239,3,7,
3,46746266,67,34,
3,46746288,6,6,
3,46746297,5,1,
3,46746476,703,475,
3,46746477,15,2,
3,46746517,46,17,
3,46746554,6,3,
3,46746570,74,22,
3,46746650,10,0,
3,46746681,121,29,
3,46746700,23,6,
3,46746742,12,6,
3,46746792,9,0,
3,46746829,7,2,
3,46746900,43,11,
3,46746946,138,122,
3,46747022,27,24,
3,46747078,16,0,
3,46747099,3,8,
3,46747119,216,71,
3,46747213,27,19,
3,46747299,8,4,
3,46747351,8,1,
3,46747366,292,101,
3,46747511,7,0,
3,46747571,15,4,
3,46747777,32,21,
3,46747827,288,138,
3,46747849,7,0,
3,46747851,16,4,
3,46748071,45,19,
3,46748101,16,0,
3,46748106,17,0,
3,46748112,13,0,
3,46748139,3,0,
3,46748333,10,1,
3,46748340,4,0,
3,46748404,30,1,
3,46748551,11,3,
3,46748603,111,154,
3,46748723,5,0,
3,46748771,292,248,
3,46748795,10,0,
3,46749053,189,79,
3,46749118,30,4,
3,46749198,577,583,
3,46749213,61,8,
3,46749261,28,12,
3,46749270,3,0,
3,46749374,11,2,
3,46749396,7,1,
3,46749508,22,6,
3,46749511,6,0,
3,46749559,19,0,
3,46749565,5,1,
3,46749636,55,17,
3,46749671,188,44,
3,46749754,6,0,
3,46750024,39,0,
3,46750053,54,6,
3,46750118,49,20,
3,46750214,112,21,
3,46750358,212,169,
3,46750367,16,1,
3,46750377,10,4,
3,46750417,7,1,
3,46750425,196,51,
3,46750437,39,9,
3,46750470,151,131,
3,46750485,50,51,
3,46750852,269,85,
3,46750893,6,0,
3,46751231,53,48,
3,46751297,12,2,
3,46751448,25,4,
3,46751675,67,34,
3,46751797,20,1,
3,46751825,65,2,
3,46751826,300,15,
3,46751835,84,70,
3,46751899,581,285,
3,46751906,96,29,
3,46752076,59,52,
3,46752116,4,0,
3,46752151,641,333,24
3,46752261,151,63,
3,46752335,18,0,
3,46752387,10,1,
3,46752392,10,1,
3,46752841,31,12,
3,46752873,7,0,
3,46752907,79,73,
3,46752984,3,0,
3,46753034,3,0,
3,46753078,118,39,28
3,46753142,45,15,
3,46753156,4,0,
3,46753301,219,26,22
3,46753395,6,0,
3,46753484,360,113,7
3,46753611,143,96,
3,46753623,4,0,
3,46753708,188,17,17
3,46753838,15,14,
3,46753941,11,0,
3,46753974,13,22,
3,46754181,7,0,
3,46754201,14,0,
3,46754206,23,6,
3,46754312,12,0,
3,46754427,121,45,
3,46754497,33,0,
3,46754522,24,2,18
3,46754600,121,117,
3,46754724,46,6,27
3,46754895,4,0,
3,46754944,502,169,3
3,46755019,13,2,
3,46755115,174,57,11
3,46755123,9,1,
3,46755175,5,0,
3,46755357,15,0,
3,46755439,6,0,
3,46755523,5,0,
3,46755644,35,12,
3,46755734,282,95,
3,46755975,16,8,
3,46755999,249,190,
3,46756117,983,601,20
3,46756186,6,0,
3,46756187,21,12,
3,46756293,16,8,
3,46756427,49,14,12
3,46756530,11,2,
3,46756808,3,5,
3,46756860,4,3,
3,46756969,3,1,
3,46757019,7,2,
3,46757067,398,121,1
3,46757162,153,128,10
3,46757224,71,44,
3,46757357,119,77,23
3,46757411,34,6,
3,46757465,88,22,
3,46757770,4,0,
3,46757868,39,9,
3,46757944,365,204,15
3,46758056,13,2,
3,46758093,15,26,
3,46758175,53,80,
3,46758199,3,0,
3,46758242,122,100,
3,46758253,9,1,
3,46758450,219,161,16
3,46758621,21,2,
3,46758644,70,37,
3,46759063,32,11,21
3,46759107,4,0,
3,46759352,51,32,4
3,46759353,21,10,
3,46759520,54,29,9
3,46759627,26,11,14
3,46759695,5,1,
3,46759756,10,1,
3,46759785,6,0,
3,46759969,34,1,
3,46760099,79,14,2
3,46760102,12,2,
3,46760237,144,89,6
3,46760307,9,1,
3,46760320,5,0,
3,46760338,18,4,
3,46760420,4,0,
3,46761061,16,3,
3,46761130,103,17,
3,46761370,23,11,
4,46686640,472,727,
4,46686655,405,210,
4,46687504,96,18,
4,46687603,36,9,
4,46687705,98,51,
4,46687841,56,65,
4,46688133,52,9,
4,46688173,124,65,
4,46688191,30,10,
4,46688476,77,37,
4,46688521,24,7,
4,46688804,615,670,
4,46688954,256,209,
4,46688971,524,334,
4,46689065,239,83,
4,46689342,40,19,
4,46689631,127,31,
4,46689834,27,3,
4,46689895,39,2,25
4,46690092,93,52,
4,46690402,600,309,
4,46690530,79,27,
4,46690592,54,19,8
4,46690779,110,26,
4,46690907,348,258,
4,46691108,343,249,
4,46691130,30,7,28
4,46691152,34,23,
4,46691243,456,452,
4,46691454,99,36,
4,46691660,99,72,
4,46691835,194,146,
4,46691963,19,4,
4,46692116,427,68,
4,46692347,36,9,
4,46692473,19,1,
4,46692594,775,804,
4,46693205,454,373,
4,46693460,159,81,
4,46693959,213,70,
4,46694124,257,82,
4,46694618,291,89,
4,46695415,118,65,
4,46695467,67,19,
4,46695628,565,112,
4,46695978,55,28,
4,46696081,21,5,
4,46696111,27,16,13
4,46696276,163,35,
4,46696283,216,68,
4,46696300,196,93,
4,46696303,315,570,
4,46696309,43,8,
4,46696357,254,169,
4,46696647,26,0,
4,46696699,127,224,
4,46697390,16,3,
4,46697735,20,28,
4,46697876,104,11,
4,46697908,135,44,
4,46698061,264,152,
4,46698370,194,80,
4,46698469,46,5,
4,46698623,55,19,
4,46698660,456,259,
4,46699072,190,148,
4,46699324,32,14,
4,46699597,43,22,
4,46699697,230,53,
4,46700384,33,15,
4,46700503,260,56,
4,46700594,635,373,
4,46701114,106,65,
4,46701733,431,264,
4,46702099,236,159,
4,46702411,261,345,
4,46702980,36,7,
4,46703301,276,136,
4,46703317,186,19,
4,46703763,764,722,
4,46704223,136,408,
4,46704310,109,55,
4,46704943,148,116,
4,46705201,262,80,
4,46705676,136,77,
4,46705715,230,105,
4,46705830,44,10,
4,46705952,128,164,
4,46706528,666,212,
4,46706564,28,8,
4,46706668,67,31,
4,46706796,60,74,
4,46706906,513,224,
4,46706947,183,88,
4,46707062,21,14,
4,46707117,5,1,
4,46707572,577,698,
4,46707708,75,5,
4,46708032,242,158,
4,46708055,76,20,
4,46708096,116,27,
4,46708351,69,20,
4,46708592,60,14,
4,46708601,200,66,
4,46708678,482,257,
4,46708766,87,16,
4,46708990,46,6,
4,46709179,305,91,
4,46709320,99,129,
4,46709543,207,111,
4,46709548,136,109,
4,46709727,409,103,
4,46710042,62,35,
4,46710560,26,10,
4,46710569,48,16,
4,46710747,98,43,
4,46710756,45,16,
4,46711380,190,152,
4,46711574,339,350,
4,46711649,147,88,
4,46712547,64,10,
4,46712678,702,497,
4,46712790,21,3,
4,46712815,180,66,
4,46713106,530,152,
4,46713387,141,57,
4,46713444,158,130,
4,46713473,27,26,
4,46713526,289,299,
4,46713704,86,68,
4,46713924,439,506,
4,46713929,284,408,
4,46714673,18,2,
4,46714916,31,10,
4,46714981,26,12,6
4,46715600,288,84,
4,46715766,38,13,
4,46716469,268,191,
4,46716560,73,101,
4,46716696,97,56,
4,46716806,46,13,
4,46717442,138,61,
4,46717472,12,0,
4,46717507,169,111,
4,46717536,33,5,
4,46717960,207,158,
4,46718061,304,143,
4,46718086,71,105,
4,46718299,58,103,
4,46718485,161,212,
4,46718923,29,11,22
4,46719222,550,554,
4,46719229,733,225,
4,46719423,91,47,
4,46719491,709,766,
4,46719899,261,68,
4,46719958,5,0,20
4,46720395,934,504,
4,46720987,9,1,
4,46721019,53,70,
4,46721179,301,81,
4,46721418,86,165,
4,46721421,41,44,
4,46721452,115,114,
4,46721474,87,35,
4,46721488,156,24,
4,46721653,27,7,
4,46721703,76,25,
4,46721802,1312,240,
4,46721933,47,18,
4,46722038,70,124,
4,46722074,76,14,
4,46722143,21,2,
4,46722188,60,14,
4,46722285,44,26,
4,46722570,224,20,
4,46722853,146,74,
4,46723183,48,12,
4,46723190,60,32,
4,46723384,741,632,
4,46723694,131,58,
4,46723859,31,6,
4,46723898,28,4,
4,46723990,653,360,
4,46724470,21,12,
4,46724565,47,5,
4,46724567,10,5,
4,46724675,38,15,
4,46724743,15,4,
4,46725288,384,355,
4,46725300,340,134,
4,46725389,73,20,
4,46725632,138,73,
4,46726259,25,32,
4,46726526,147,34,
4,46726808,15,0,
4,46726827,14,2,
4,46726857,246,152,
4,46726907,39,36,
4,46726916,123,36,
4,46726959,46,1,
4,46727587,1089,526,
4,46727862,56,12,
4,46727992,25,11,
4,46728070,5,1,
4,46728157,162,168,
4,46728197,177,144,
4,46728385,42,21,
4,46728421,10,6,
4,46728781,52,20,
4,46728808,477,103,
4,46728950,33,11,
4,46729198,70,56,
4,46729368,551,422,
4,46730214,182,129,
4,46730346,101,47,
4,46730436,232,190,
4,46730504,499,272,
4,46730671,95,92,
4,46730826,14,0,
4,46730885,348,118,
4,46730926,14,4,
4,46731068,251,61,
4,46731432,274,89,
4,46731612,81,33,
4,46731638,10,9,
4,46731748,260,282,
4,46731976,792,499,
4,46731996,244,87,
4,46732213,284,139,
4,46732242,30,1,
4,46732555,47,9,
4,46732929,7,0,
4,46732967,259,112,
4,46733301,91,20,
4,46733306,22,6,5
4,46733522,29,23,
4,46733624,241,334,
4,46733899,23,4,
4,46733905,11,9,
4,46734302,394,427,
4,46734608,4,0,
4,46735022,63,11,
4,46735133,106,14,
4,46735139,103,44,
4,46735179,94,26,
4,46735231,29,15,
4,46735308,46,38,
4,46735489,164,61,
4,46735511,472,305,
4,46735545,1026,645,
4,46735616,243,59,
4,46735644,296,157,
4,46735963,15,6,
4,46736048,112,154,
4,46736683,340,362,
4,46736978,7,1,
4,46737076,32,10,
4,46737202,169,36,
4,46737447,237,249,
4,46737467,20,8,
4,46737630,447,202,
4,46737865,56,13,
4,46737957,121,22,
4,46738241,13,9,
4,46738809,6,1,
4,46738853,71,54,
4,46739043,35,3,
4,46739075,9,1,
4,46739257,5,0,
4,46739885,4,0,
4,46739921,5,1,
4,46740029,350,211,
4,46740280,42,27,
4,46740548,70,26,
4,46740584,13,0,
4,46740644,109,93,
4,46740705,24,16,
4,46740748,175,73,
4,46740974,24,7,
4,46741458,3,0,
4,46741472,49,8,
4,46741482,105,30,
4,46741711,5,3,
4,46741923,85,27,
4,46741929,45,42,
4,46742035,6,0,
4,46742074,3,0,
4,46742250,86,175,
4,46742362,469,270,
4,46742389,519,302,
4,46742405,21,9,
4,46742431,15,0,
4,46742432,209,118,
4,46742618,20,2,
4,46742635,183,119,
4,46742800,7,9,
4,46742828,38,39,
4,46742902,3,2,
4,46743154,528,323,
4,46743199,6,1,
4,46743219,69,118,
4,46743466,18,2,
4,46743729,6,0,
4,46743867,26,47,
4,46743887,12,1,
4,46743908,500,323,
4,46743951,19,2,
4,46744214,3,0,
4,46744569,38,4,
4,46744647,130,28,
4,46744807,207,122,
4,46744843,6,7,
4,46744874,18,1,
4,46744952,8,1,
4,46744968,101,134,
4,46745138,52,2,
4,46745150,38,2,
4,46745233,209,97,
4,46745259,153,15,
4,46745459,12,1,
4,46745831,16,6,
4,46745922,214,90,
4,46746096,18,19,
4,46746136,4,1,
4,46746231,14,3,
4,46746239,3,7,
4,46746266,67,34,
4,46746288,6,6,
4,46746297,5,1,
4,46746476,704,475,
4,46746477,15,2,
4,46746517,46,17,
4,46746570,74,22,
4,46746650,10,0,
4,46746681,121,29,
4,46746700,23,6,
4,46746742,12,6,
4,46746792,9,0,
4,46746829,7,2,
4,46746900,43,11,
4,46746946,139,124,
4,46747022,27,24,
4,46747078,16,0,
4,46747099,3,8,
4,46747119,216,71,
4,46747213,27,19,
4,46747299,8,4,
4,46747351,8,1,
4,46747366,293,101,
4,46747511,7,0,
4,46747571,15,4,
4,46747777,32,21,
4,46747827,288,138,
4,46747849,7,0,
4,46747851,16,4,
4,46748071,45,19,
4,46748101,16,0,
4,46748106,17,0,
4,46748112,13,0,
4,46748139,3,0,
4,46748333,10,1,
4,46748340,4,0,
4,46748404,30,1,
4,46748551,11,3,
4,46748603,111,154,
4,46748723,5,0,
4,46748771,292,249,
4,46748795,10,0,
4,46749053,190,80,
4,46749118,31,5,
4,46749198,577,587,
4,46749213,62,8,
4,46749261,28,12,
4,46749270,3,0,
4,46749508,22,6,
4,46749511,6,0,
4,46749559,19,0,
4,46749565,5,1,
4,46749636,55,17,
4,46749671,188,44,
4,46749754,6,0,
4,46750024,39,0,
4,46750053,54,6,
4,46750118,49,20,
4,46750214,112,21,
4,46750358,212,169,
4,46750367,16,1,
4,46750377,10,4,
4,46750417,7,1,
4,46750425,196,51,
4,46750437,39,9,
4,46750470,151,131,
4,46750485,50,51,
4,46750852,269,85,
4,46750893,6,0,
4,46751231,53,48,
4,46751297,12,2,
4,46751448,25,4,
4,46751675,68,34,
4,46751797,22,1,
4,46751825,65,2,
4,46751826,301,15,
4,46751835,84,70,
4,46751899,583,285,
4,46751906,96,29,
4,46752076,59,53,
4,46752116,4,0,
4,46752151,651,334,24
4,46752261,152,64,
4,46752335,18,0,
4,46752387,10,1,
4,46752392,11,1,
4,46752841,31,12,
4,46752873,7,0,
4,46752907,79,74,
4,46752984,3,0,
4,46753034,4,0,
4,46753078,118,39,30
4,46753142,45,16,
4,46753156,4,0,
4,46753301,221,27,23
4,46753395,6,0,
4,46753484,371,114,6
4,46753611,143,97,
4,46753623,4,0,
4,46753708,192,18,16
4,46753838,15,14,
4,46753941,12,0,
4,46753974,13,22,
4,46754181,7,0,
4,46754201,14,0,
4,46754206,24,6,
4,46754312,12,0,
4,46754411,10,8,
4,46754427,123,45,
4,46754497,33,0,
4,46754522,24,2,19
4,46754600,122,117,
4,46754724,47,6,29
4,46754895,4,0,
4,46754944,519,175,3
4,46755019,14,2,
4,46755115,181,58,9
4,46755123,13,1,
4,46755175,5,0,
4,46755357,15,0,
4,46755439,6,0,
4,46755523,5,0,
4,46755644,35,12,
4,46755734,285,97,
4,46755975,16,8,
4,46755999,253,201,
4,46756117,1018,632,20
4,46756186,7,0,
4,46756187,22,12,
4,46756293,16,8,
4,46756427,53,18,12
4,46756530,13,2,
4,46756808,3,5,
4,46756860,4,3,
4,46756969,3,1,
4,46757019,7,2,
4,46757067,433,134,1
4,46757162,162,138,9
4,46757224,75,44,
4,46757357,122,83,26
4,46757411,35,6,
4,46757465,88,22,
4,46757770,4,0,
4,46757868,40,10,
4,46757944,375,217,15
4,46758056,15,2,
4,46758093,16,26,
4,46758175,53,82,
4,46758199,3,0,
4,46758242,124,103,
4,46758253,10,1,
4,46758450,237,167,16
4,46758621,23,2,
4,46758644,71,38,
4,46759063,44,14,17
4,46759107,7,1,
4,46759144,4,0,
4,46759352,61,35,4
4,46759353,21,10,
4,46759520,58,34,8
4,46759627,26,13,27
4,46759695,5,1,
4,46759756,10,1,
4,46759785,6,0,
4,46759969,41,8,
4,46760099,101,17,2
4,46760102,15,4,
4,46760237,169,102,13
4,46760307,10,1,
4,46760320,5,0,
4,46760338,18,4,
4,46760420,7,0,
4,46760998,4,0,26
4,46761061,35,22,21
4,46761130,106,17,
4,46761370,46,17,
4,46761614,12,0,29
4,46761822,15,6,19
5,46686640,472,727,
5,46686655,405,210,
5,46687504,96,18,
5,46687603,36,9,
5,46687705,98,51,
5,46687841,56,65,
5,46688133,52,9,
5,46688173,124,65,
5,46688191,30,10,
5,46688476,78,37,
5,46688521,24,7,
5,46688804,617,675,
5,46688954,256,209,
5,46688971,524,334,
5,46689065,239,83,
5,46689342,40,19,
5,46689631,127,31,
5,46689834,27,3,
5,46689895,39,2,30
5,46690092,93,52,
5,46690402,600,309,
5,46690530,79,27,
5,46690592,58,20,13
5,46690779,111,26,
5,46690907,348,258,
5,46691108,345,249,
5,46691130,32,7,
5,46691152,34,23,
5,46691243,456,452,
5,46691454,99,36,
5,46691660,99,72,
5,46691835,194,146,
5,46691963,19,4,
5,46692116,428,68,
5,46692347,36,9,
5,46692473,19,1,
5,46692594,775,804,
5,46693205,454,373,
5,46693460,161,81,
5,46693959,213,70,
5,46694124,257,82,
5,46694618,291,89,
5,46695415,118,65,
5,46695467,67,21,
5,46695628,565,112,
5,46695978,55,28,
5,46696081,21,5,
5,46696111,31,16,17
5,46696276,163,35,
5,46696283,218,68,
5,46696300,196,93,
5,46696303,315,570,
5,46696309,43,8,
5,46696357,254,169,
5,46696647,26,0,
5,46696699,127,224,
5,46697390,16,3,
5,46697735,20,28,
5,46697876,104,11,
5,46697908,135,44,
5,46698061,264,152,
5,46698370,194,80,
5,46698469,46,5,
5,46698623,55,19,
5,46698660,456,260,
5,46699072,190,148,
5,46699324,32,14,
5,46699597,43,22,
5,46699697,230,53,
5,46700384,33,15,
5,46700503,260,56,
5,46700594,635,373,
5,46701114,106,65,
5,46701733,431,264,
5,46702099,236,159,
5,46702411,261,345,
5,46702980,36,7,
5,46703301,276,136,
5,46703317,187,19,
5,46703763,764,722,
5,46704223,136,408,
5,46704310,109,55,
5,46704943,148,116,
5,46705201,262,80,
5,46705337,4,0,14
5,46705676,136,77,
5,46705715,230,105,
5,46705830,44,10,
5,46705952,128,164,
5,46706528,666,212,
5,46706564,28,8,
5,46706668,67,31,
5,46706796,60,74,
5,46706906,513,224,
5,46706947,183,88,
5,46707062,21,14,
5,46707117,5,1,
5,46707572,577,698,
5,46707708,75,5,
5,46708032,242,158,
5,46708055,76,20,
5,46708096,116,27,
5,46708351,70,20,
5,46708592,60,14,
5,46708601,200,66,
5,46708678,482,257,
5,46708766,87,16,
5,46708990,46,6,
5,46709179,305,91,
5,46709320,99,129,
5,46709543,207,111,
5,46709548,136,109,
5,46709727,410,103,
5,46710042,62,35,
5,46710560,26,10,
5,46710569,48,16,
5,46710747,99,43,
5,46710756,45,16,
5,46711380,190,152,
5,46711574,340,350,
5,46711649,147,88,
5,46712547,64,10,
5,46712678,702,497,
5,46712790,21,3,
5,46712815,180,66,
5,46713106,530,152,
5,46713387,141,57,
5,46713444,159,130,
5,46713473,27,26,
5,46713526,289,299,
5,46713704,86,68,
5,46713924,439,506,
5,46713929,284,408,
5,46714673,18,2,
5,46714916,31,10,
5,46714981,38,18,8
5,46715600,288,84,
5,46715766,39,13,
5,46716469,268,191,
5,46716560,73,101,
5,46716696,97,56,
5,46716806,46,13,
5,46717442,138,61,
5,46717472,12,0,
5,46717507,169,111,
5,46717536,33,5,
5,46717960,207,158,
5,46718061,304,143,
5,46718086,71,105,
5,46718299,58,103,
5,46718485,161,212,
5,46718923,30,12,27
5,46719222,550,554,
5,46719229,733,225,
5,46719423,91,47,
5,46719491,709,766,
5,46719899,262,68,
5,46719958,13,3,15
5,46720395,934,504,
5,46720987,9,1,
5,46721019,53,70,
5,46721179,301,81,
5,46721418,86,165,
5,46721421,41,44,
5,46721452,115,114,
5,46721474,87,35,
5,46721488,156,24,
5,46721653,27,7,
5,46721703,76,25,
5,46721802,1312,240,
5,46721933,47,18,
5,46722038,70,124,
5,46722074,76,14,
5,46722143,21,2,
5,46722188,60,14,
5,46722285,44,26,
5,46722570,224,20,
5,46722853,146,74,
5,46723183,48,12,
5,46723190,60,32,
5,46723384,743,632,
5,46723694,131,58,
5,46723859,32,6,
5,46723898,29,4,
5,46723990,653,360,
5,46724470,21,12,
5,46724565,47,5,
5,46724567,10,5,
5,46724675,38,15,
5,46724743,15,4,
5,46725288,384,355,
5,46725300,340,134,
5,46725389,73,20,
5,46725632,138,73,
5,46726259,25,32,
5,46726526,147,34,
5,46726808,15,0,
5,46726827,14,2,
5,46726857,246,152,
5,46726907,39,36,
5,46726916,123,36,
5,46726959,46,1,
5,46727587,1089,526,
5,46727862,56,12,
5,46727992,25,11,
5,46728157,162,168,
5,46728197,177,144,
5,46728385,42,21,
5,46728781,52,20,
5,46728808,478,103,
5,46728950,33,11,
5,46729198,70,56,
5,46729368,551,422,
5,46730214,182,129,
5,46730346,101,47,
5,46730436,232,190,
5,46730504,499,272,
5,46730671,95,92,
5,46730826,14,0,
5,46730885,348,118,
5,46730926,14,4,
5,46731068,251,61,
5,46731432,275,89,
5,46731612,81,33,
5,46731638,10,9,
5,46731748,260,282,
5,46731976,792,499,
5,46731996,245,87,
5,46732213,284,139,
5,46732242,30,1,
5,46732555,47,9,
5,46732929,7,0,
5,46732967,259,112,
5,46733301,91,20,
5,46733306,32,7,6
5,46733624,241,334,
5,46733899,23,4,
5,46733905,11,9,
5,46734302,396,428,
5,46734608,4,0,
5,46735022,63,11,
5,46735133,106,14,
5,46735139,103,44,
5,46735179,94,26,
5,46735231,29,15,
5,46735308,46,38,
5,46735489,164,61,
5,46735511,472,305,
5,46735545,1026,646,
5,46735616,243,59,
5,46735644,296,157,
5,46735963,15,6,
5,46736048,112,154,
5,46736683,341,362,
5,46736978,7,1,
5,46737076,32,10,
5,46737202,169,36,
5,46737447,237,249,
5,46737467,20,8,
5,46737630,447,202,
5,46737865,56,13,
5,46737957,121,22,
5,46738241,13,9,
5,46738809,6,1,
5,46738853,71,54,
5,46739043,35,3,
5,46739075,9,1,
5,46739257,5,0,
5,46739885,4,0,
5,46739921,5,1,
5,46740029,350,211,
5,46740280,42,27,
5,46740548,71,26,
5,46740584,13,0,
5,46740644,109,93,
5,46740705,24,16,
5,46740748,176,73,
5,46740974,24,7,
5,46741458,3,0,
5,46741472,49,8,
5,46741482,105,30,
5,46741711,5,3,
5,46741923,85,27,
5,46741929,45,42,
5,46742035,6,0,
5,46742074,3,0,
5,46742250,87,175,
5,46742362,469,270,
5,46742389,520,302,
5,46742405,22,9,
5,46742431,15,0,
5,46742432,209,118,
5,46742618,20,2,
5,46742635,183,119,
5,46742800,7,9,
5,46742828,38,39,
5,46742902,3,2,
5,46743154,528,323,
5,46743199,6,1,
5,46743219,69,118,
5,46743466,18,2,
5,46743729,6,0,
5,46743867,26,48,
5,46743887,12,1,
5,46743908,502,326,
5,46743951,19,2,
5,46744214,3,0,
5,46744569,38,4,
5,46744647,130,28,
5,46744807,208,122,
5,46744843,6,7,
5,46744874,18,1,
5,46744952,8,1,
5,46744968,101,134,
5,46745138,52,2,
5,46745150,39,2,
5,46745233,209,97,
5,46745259,153,15,
5,46745459,12,1,
5,46745831,16,6,
5,46745922,215,90,
5,46746096,18,19,
5,46746136,4,1,
5,46746231,14,3,
5,46746239,3,7,
5,46746266,67,34,
5,46746288,6,6,
5,46746297,5,1,
5,46746476,706,476,
5,46746477,15,2,
5,46746517,47,17,
5,46746570,74,22,
5,46746650,10,0,
5,46746681,124,29,
5,46746700,23,6,
5,46746742,12,6,
5,46746829,7,2,
5,46746900,43,11,
5,46746946,141,124,
5,46747022,27,24,
5,46747078,16,0,
5,46747099,3,8,
5,46747119,216,71,
5,46747213,27,20,
5,46747299,8,4,
5,46747351,8,1,
5,46747366,294,101,
5,46747511,7,0,
5,46747571,16,4,
5,46747777,32,21,
5,46747827,288,138,
5,46747849,7,0,
5,46747851,16,4,
5,46748071,45,19,
5,46748101,16,0,
5,46748106,17,0,
5,46748112,13,0,
5,46748139,3,0,
5,46748333,10,1,
5,46748340,4,0,
5,46748404,30,1,
5,46748551,11,3,
5,46748723,5,0,
5,46748771,292,250,
5,46748795,10,0,
5,46749053,190,80,
5,46749118,31,5,
5,46749198,578,588,
5,46749213,63,10,
5,46749261,28,12,
5,46749270,3,0,
5,46749508,22,6,
5,46749511,6,0,
5,46749559,19,0,
5,46749565,5,1,
5,46749636,55,17,
5,46749671,188,44,
5,46749754,6,0,
5,46750024,39,0,
5,46750053,55,6,
5,46750118,49,20,
5,46750214,112,21,
5,46750358,213,170,
5,46750367,16,1,
5,46750377,10,4,
5,46750417,7,1,
5,46750425,197,51,
5,46750437,39,9,
5,46750470,152,131,
5,46750485,50,51,
5,46750852,269,85,
5,46750893,7,0,
5,46751231,53,49,
5,46751297,12,2,
5,46751448,25,4,
5,46751675,68,34,
5,46751797,22,1,
5,46751825,65,2,
5,46751826,303,15,
5,46751835,84,71,
5,46751899,585,286,
5,46751906,96,29,
5,46752076,60,53,
5,46752116,5,0,
5,46752151,660,337,28
5,46752261,152,64,
5,46752335,18,0,
5,46752387,10,1,
5,46752392,11,1,
5,46752841,32,12,
5,46752873,7,0,
5,46752907,81,75,
5,46752984,3,0,
5,46753034,4,0,
5,46753078,119,40,
5,46753142,46,16,
5,46753156,4,0,
5,46753301,226,28,26
5,46753395,6,0,
5,46753484,384,116,7
5,46753611,143,97,
5,46753623,4,0,
5,46753708,199,18,15
5,46753838,16,15,
5,46753941,12,0,
5,46753974,14,22,
5,46754181,7,0,
5,46754201,14,0,
5,46754206,25,6,
5,46754312,13,0,
5,46754411,11,8,
5,46754427,126,45,
5,46754497,36,0,
5,46754522,28,2,25
5,46754600,122,117,
5,46754724,47,6,
5,46754895,4,0,
5,46754944,535,177,3
5,46755019,14,2,
5,46755115,189,59,10
5,46755123,16,1,
5,46755175,5,0,
5,46755357,15,0,
5,46755439,6,0,
5,46755523,5,0,
5,46755644,35,12,
5,46755734,289,98,
5,46755975,16,8,
5,46755999,256,204,
5,46756117,1061,658,24
5,46756186,9,0,
5,46756187,23,12,
5,46756293,18,8,
5,46756427,59,19,12
5,46756530,13,2,
5,46756808,3,5,
5,46756860,4,3,
5,46756969,3,1,
5,46757019,7,2,
5,46757067,476,142,1
5,46757162,172,143,9
5,46757224,75,45,
5,46757357,123,84,
5,46757411,35,6,
5,46757465,91,22,
5,46757770,4,0,
5,46757868,40,10,
5,46757944,382,227,21
5,46758056,17,2,
5,46758093,17,26,
5,46758175,53,84,
5,46758199,3,0,
5,46758242,125,107,
5,46758253,14,2,
5,46758450,252,171,20
5,46758621,24,2,
5,46758644,72,39,
5,46759063,52,19,16
5,46759107,7,1,
5,46759144,5,0,
5,46759352,68,39,4
5,46759353,24,11,
5,46759520,61,35,17
5,46759627,27,13,
5,46759695,5,1,
5,46759756,12,1,
5,46759785,6,0,
5,46759969,45,9,
5,46760099,120,25,2
5,46760102,15,4,
5,46760237,186,114,15
5,46760307,11,1,
5,46760320,6,1,
5,46760338,18,5,
5,46760420,7,0,
5,46760998,20,4,6
5,46761061,51,32,18
5,46761219,8,0,27
5,46761370,66,24,29
5,46761400,4,1,
5,46761430,7,1,
5,46761547,4,0,26
5,46761614,36,0,9
5,46761822,66,32,3
6,46686640,472,727,
6,46686655,405,210,
6,46687504,96,18,
6,46687603,36,9,
6,46687705,98,51,
6,46687841,56,65,
6,46688133,52,9,
6,46688173,124,65,
6,46688191,30,10,
6,46688476,78,37,
6,46688521,24,7,
6,46688804,618,677,
6,46688954,256,209,
6,46688971,524,334,
6,46689065,239,83,
6,46689342,40,19,
6,46689631,127,31,
6,46689834,27,3,
6,46689895,40,2,
6,46690092,93,52,
6,46690402,600,309,
6,46690463,7,0,7
6,46690530,79,27,
6,46690592,63,22,12
6,46690779,113,26,
6,46690907,348,258,
6,46691108,347,249,
6,46691130,33,7,
6,46691152,35,24,
6,46691243,456,452,
6,46691454,99,36,
6,46691660,99,72,
6,46691835,194,146,
6,46691963,19,4,
6,46692116,428,68,
6,46692347,36,9,
6,46692473,19,1,
6,46692594,775,804,
6,46693205,454,373,
6,46693460,162,81,
6,46693959,213,70,
6,46694124,257,82,
6,46694618,291,88,
6,46695415,118,65,
6,46695467,69,21,
6,46695628,565,112,
6,46695978,55,28,
6,46696081,21,5,
6,46696111,34,16,18
6,46696276,163,35,
6,46696283,218,69,
6,46696300,196,93,
6,46696303,315,570,
6,46696309,43,8,
6,46696357,254,169,
6,46696647,26,0,
6,46696699,127,224,
6,46697390,16,3,
6,46697735,20,28,
6,46697876,104,11,
6,46697908,135,44,
6,46698061,264,152,
6,46698370,194,80,
6,46698469,46,5,
6,46698623,55,19,
6,46698660,456,260,
6,46699072,191,148,
6,46699324,32,14,
6,46699597,43,22,
6,46699697,232,53,
6,46700384,33,15,
6,46700503,260,56,
6,46700594,635,373,
6,46701114,106,65,
6,46701733,431,264,
6,46702099,236,159,
6,46702411,261,345,
6,46702980,36,7,
6,46703301,276,136,
6,46703317,187,19,
6,46703763,764,722,
6,46704223,136,408,
6,46704310,109,55,
6,46704943,148,116,
6,46705201,262,80,
6,46705337,6,2,15
6,46705676,136,77,
6,46705715,230,105,
6,46705830,44,10,
6,46705952,128,164,
6,46706528,666,212,
6,46706564,28,8,
6,46706668,67,31,
6,46706796,60,74,
6,46706906,513,224,
6,46706947,183,88,
6,46707062,21,14,
6,46707117,5,1,
6,46707572,577,698,
6,46707708,75,5,
6,46708032,242,158,
6,46708055,76,20,
6,46708096,116,27,
6,46708351,70,20,
6,46708592,60,14,
6,46708601,200,66,
6,46708678,482,257,
6,46708766,87,16,
6,46708990,46,6,
6,46709179,305,91,
6,46709320,99,129,
6,46709543,207,111,
6,46709548,136,109,
6,46709727,410,103,
6,46710042,62,35,
6,46710560,26,10,
6,46710569,48,16,
6,46710747,99,44,
6,46710756,45,16,
6,46711380,190,152,
6,46711574,340,350,
6,46711649,147,88,
6,46712547,64,10,
6,46712678,702,497,
6,46712790,21,3,
6,46712815,180,66,
6,46713106,530,152,
6,46713387,141,57,
6,46713444,159,130,
6,46713473,27,26,
6,46713526,289,299,
6,46713704,86,68,
6,46713924,439,506,
6,46713929,284,408,
6,46714673,18,2,
6,46714916,31,10,
6,46714981,45,25,8
6,46715600,288,84,
6,46715766,39,13,
6,46716469,268,191,
6,46716560,73,101,
6,46716696,97,56,
6,46716806,46,13,
6,46717442,139,61,
6,46717472,12,0,
6,46717507,169,111,
6,46717536,33,5,
6,46717960,207,158,
6,46718061,304,143,
6,46718086,71,105,
6,46718299,58,103,
6,46718485,161,212,
6,46718923,30,14,29
6,46719222,551,554,
6,46719229,733,225,
6,46719423,91,47,
6,46719491,710,766,
6,46719899,262,68,
6,46719958,19,4,14
6,46720395,934,504,
6,46720987,9,1,
6,46721019,53,70,
6,46721179,301,81,
6,46721418,86,165,
6,46721421,41,44,
6,46721452,115,114,
6,46721474,87,35,
6,46721488,156,24,
6,46721653,27,7,
6,46721703,76,25,
6,46721802,1312,240,
6,46721933,47,18,
6,46722038,70,124,
6,46722074,76,14,
6,46722143,21,2,
6,46722188,60,14,
6,46722285,44,26,
6,46722570,224,20,
6,46722853,146,74,
6,46723183,48,12,
6,46723190,60,32,
6,46723384,743,632,
6,46723694,131,58,
6,46723859,32,6,
6,46723898,29,4,
6,46723990,653,360,
6,46724470,21,12,
6,46724565,47,5,
6,46724567,10,5,
6,46724675,38,15,
6,46724743,15,4,
6,46725288,384,355,
6,46725300,340,134,
6,46725389,73,20,
6,46725632,139,73,
6,46726259,25,32,
6,46726526,147,34,
6,46726808,15,0,
6,46726827,14,2,
6,46726857,246,152,
6,46726907,39,36,
6,46726916,123,36,
6,46726959,46,1,
6,46727587,1089,526,
6,46727862,56,12,
6,46727992,25,11,
6,46728157,162,168,
6,46728197,177,144,
6,46728385,42,21,
6,46728781,52,20,
6,46728808,478,103,
6,46728950,34,11,
6,46729198,71,57,
6,46729368,551,422,
6,46730214,182,129,
6,46730346,101,47,
6,46730436,232,190,
6,46730504,499,272,
6,46730671,95,92,
6,46730826,14,1,
6,46730885,348,118,
6,46730926,14,4,
6,46731068,251,61,
6,46731432,275,89,
6,46731612,81,33,
6,46731638,10,9,
6,46731748,260,282,
6,46731976,793,499,
6,46731996,245,87,
6,46732213,284,139,
6,46732242,30,1,
6,46732555,47,9,
6,46732929,7,0,
6,46732967,259,112,
6,46733301,91,20,
6,46733306,36,7,6
6,46733624,242,334,
6,46733899,23,4,
6,46733905,11,9,
6,46734302,396,428,
6,46734608,4,0,
6,46735022,63,11,
6,46735133,106,14,
6,46735139,103,44,
6,46735179,94,26,
6,46735231,29,15,
6,46735308,46,38,
6,46735489,164,61,
6,46735511,472,305,
6,46735545,1026,646,
6,46735616,243,59,
6,46735644,296,157,
6,46735963,15,6,
6,46736048,112,154,
6,46736683,341,362,
6,46736978,7,1,
6,46737076,32,10,
6,46737202,171,36,
6,46737447,237,251,
6,46737467,20,8,
6,46737630,447,202,
6,46737865,56,13,
6,46737957,121,22,
6,46738241,13,9,
6,46738809,6,1,
6,46738853,72,54,
6,46739043,35,3,
6,46739075,9,1,
6,46739257,5,0,
6,46739885,4,0,
6,46739921,5,1,
6,46740029,350,211,
6,46740280,42,27,
6,46740548,71,27,
6,46740584,13,0,
6,46740644,109,93,
6,46740705,24,16,
6,46740748,176,73,
6,46740974,24,7,
6,46741458,3,0,
6,46741472,49,8,
6,46741482,105,30,
6,46741711,5,3,
6,46741923,85,27,
6,46741929,45,42,
6,46742035,6,0,
6,46742074,3,0,
6,46742250,87,175,
6,46742362,471,270,
6,46742389,520,302,
6,46742405,22,9,
6,46742431,16,0,
6,46742432,209,118,
6,46742618,20,2,
6,46742635,183,119,
6,46742800,7,9,
6,46742828,38,39,
6,46742902,3,2,
6,46743154,528,323,
6,46743199,6,1,
6,46743219,69,118,
6,46743466,19,2,
6,46743729,6,0,
6,46743867,26,48,
6,46743887,12,1,
6,46743908,504,327,
6,46743951,19,2,
6,46744214,3,0,
6,46744569,38,4,
6,46744647,130,28,
6,46744807,208,122,
6,46744843,6,7,
6,46744874,18,1,
6,46744952,8,1,
6,46744968,101,134,
6,46745138,52,2,
6,46745150,39,2,
6,46745233,210,97,
6,46745259,153,15,
6,46745459,12,1,
6,46745831,16,6,
6,46745922,215,90,
6,46746096,18,19,
6,46746136,4,1,
6,46746231,14,3,
6,46746239,3,7,
6,46746266,67,34,
6,46746288,6,6,
6,46746297,5,1,
6,46746476,707,477,
6,46746477,15,2,
6,46746517,47,17,
6,46746570,74,23,
6,46746650,10,0,
6,46746681,124,30,
6,46746700,23,6,
6,46746742,12,6,
6,46746829,8,2,
6,46746900,43,11,
6,46746946,141,124,
6,46747022,27,24,
6,46747078,16,0,
6,46747099,3,8,
6,46747119,216,71,
6,46747213,27,20,
6,46747299,8,4,
6,46747351,8,1,
6,46747366,294,101,
6,46747571,16,4,
6,46747777,32,21,
6,46747827,288,138,
6,46748071,45,19,
6,46748101,16,0,
6,46748106,17,0,
6,46748112,13,0,
6,46748139,3,0,
6,46748333,10,1,
6,46748340,4,0,
6,46748404,30,1,
6,46748551,11,3,
6,46748723,5,0,
6,46748771,292,251,
6,46748795,10,0,
6,46749053,190,80,
6,46749118,31,5,
6,46749198,578,592,
6,46749213,63,10,
6,46749261,28,12,
6,46749270,3,0,
6,46749508,22,6,
6,46749511,6,0,
6,46749559,19,0,
6,46749565,5,1,
6,46749636,55,17,
6,46749671,188,44,
6,46749754,6,0,
6,46750024,39,0,
6,46750053,55,6,
6,46750118,49,20,
6,46750214,112,21,
6,46750358,214,171,
6,46750367,16,1,
6,46750377,10,4,
6,46750417,7,1,
6,46750425,197,51,
6,46750437,40,9,
6,46750470,153,131,
6,46750485,50,51,
6,46750852,270,85,
6,46750893,7,0,
6,46750951,8,0,11
6,46751231,53,49,
6,46751297,12,2,
6,46751448,25,4,
6,46751675,68,34,
6,46751797,22,1,
6,46751825,65,2,
6,46751826,305,15,
6,46751835,84,71,
6,46751899,587,288,
6,46751906,96,31,
6,46752076,61,54,
6,46752116,6,0,
6,46752151,667,342,30
6,46752261,153,64,
6,46752335,18,0,
6,46752387,10,1,
6,46752392,11,1,
6,46752841,32,12,
6,46752873,7,0,
6,46752907,82,74,
6,46752984,3,0,
6,46753034,4,0,
6,46753078,119,40,
6,46753142,46,16,
6,46753156,4,0,
6,46753301,229,30,28
6,46753395,6,0,
6,46753484,389,116,
6,46753611,143,98,
6,46753623,4,0,
6,46753708,202,19,16
6,46753838,16,15,
6,46753941,13,0,
6,46753974,14,23,
6,46754181,7,0,
6,46754201,14,0,
6,46754206,25,6,
6,46754312,13,0,
6,46754411,11,8,
6,46754427,127,45,
6,46754497,36,0,
6,46754522,30,3,23
6,46754600,122,117,
6,46754724,47,6,
6,46754895,4,0,
6,46754944,553,178,4
6,46755019,14,2,
6,46755115,194,60,10
6,46755123,16,1,
6,46755175,5,0,
6,46755357,15,0,
6,46755439,6,0,
6,46755523,5,0,
6,46755644,35,12,
6,46755734,296,98,
6,46755975,16,8,
6,46755999,260,206,
6,46756117,1104,675,24
6,46756186,9,0,
6,46756187,23,12,
6,46756293,18,8,
6,46756427,61,19,14
6,46756530,15,2,
6,46756808,3,5,
6,46756860,4,3,
6,46756969,3,1,
6,46757019,7,2,
6,46757067,523,151,1
6,46757162,184,155,11
6,46757224,76,45,
6,46757357,124,86,
6,46757411,35,6,
6,46757465,91,23,
6,46757770,4,0,
6,46757868,40,10,
6,46757944,389,232,22
6,46758056,21,3,
6,46758093,17,26,
6,46758175,55,84,
6,46758199,3,0,
6,46758242,128,107,
6,46758253,17,2,
6,46758450,264,176,19
6,46758621,26,2,
6,46758644,72,39,
6,46759063,73,32,13
6,46759107,8,1,
6,46759144,5,1,
6,46759352,75,47,5
6,46759353,24,12,
6,46759387,4,3,21
6,46759520,65,42,20
6,46759627,28,14,
6,46759695,5,1,
6,46759756,13,1,
6,46759785,6,0,
6,46759850,7,0,11
6,46759969,48,10,
6,46760099,142,27,2
6,46760102,16,5,
6,46760237,194,131,26
6,46760285,9,3,22
6,46760307,11,1,
6,46760320,6,1,
6,46760338,18,5,
6,46760420,7,0,
6,46760782,3,3,
6,46760927,4,5,6
6,46760998,30,14,7
6,46761061,62,43,21
6,46761219,22,4,8
6,46761239,8,1,13
6,46761400,4,1,
6,46761430,8,2,
6,46761493,4,0,21
6,46761547,5,3,27
6,46761614,55,1,9
6,46761822,128,55,3
6,46762127,8,8,
6,46762150,20,8,2
7,46686640,472,727,
7,46686655,405,210,
7,46687504,96,18,
7,46687603,36,9,
7,46687705,98,51,
7,46687841,56,65,
7,46688133,52,9,
7,46688173,124,65,
7,46688191,30,10,
7,46688476,78,37,
7,46688521,24,7,
7,46688804,620,680,
7,46688954,257,209,
7,46688971,524,334,
7,46689065,239,83,
7,46689342,40,19,
7,46689631,127,31,
7,46689834,27,3,
7,46689895,40,2,
7,46690092,93,52,
7,46690402,600,309,
7,46690463,17,3,7
7,46690530,79,27,
7,46690592,73,24,19
7,46690779,113,26,
7,46690907,348,258,
7,46691108,348,249,
7,46691130,33,7,
7,46691152,35,24,
7,46691243,456,452,
7,46691454,99,36,
7,46691660,99,72,
7,46691835,194,146,
7,46691963,19,4,
7,46692116,428,68,
7,46692347,36,9,
7,46692473,19,1,
7,46692594,775,804,
7,46693205,454,373,
7,46693460,165,81,
7,46693959,213,70,
7,46694124,257,82,
7,46694618,291,88,
7,46695415,118,65,
7,46695467,69,21,
7,46695628,565,112,
7,46695978,55,28,
7,46696081,21,5,
7,46696111,36,17,26
7,46696276,163,35,
7,46696283,218,69,
7,46696300,196,93,
7,46696303,315,570,
7,46696309,43,8,
7,46696357,254,169,
7,46696647,27,0,
7,46696699,127,224,
7,46697390,16,3,
7,46697735,21,28,
7,46697876,104,11,
7,46697908,135,44,
7,46698061,264,152,
7,46698370,194,80,
7,46698469,46,5,
7,46698623,55,19,
7,46698660,456,260,
7,46699072,191,148,
7,46699324,32,14,
7,46699597,43,22,
7,46699697,233,54,
7,46700384,33,15,
7,46700503,260,56,
7,46700594,635,373,
7,46701114,106,65,
7,46701733,431,264,
7,46702099,236,159,
7,46702411,261,345,
7,46702980,36,7,
7,46703301,276,136,
7,46703317,187,19,
7,46703763,764,722,
7,46704223,136,408,
7,46704310,109,55,
7,46704943,148,116,
7,46705201,262,80,
7,46705337,8,2,25
7,46705676,136,77,
7,46705715,230,105,
7,46705830,44,10,
7,46706528,666,212,
7,46706564,28,8,
7,46706668,67,31,
7,46706796,60,74,
7,46706906,513,224,
7,46706947,183,88,
7,46707062,21,14,
7,46707117,5,1,
7,46707572,577,698,
7,46707708,75,5,
7,46708032,242,158,
7,46708055,76,20,
7,46708096,116,27,
7,46708351,70,20,
7,46708592,60,14,
7,46708601,200,66,
7,46708678,482,257,
7,46708766,87,16,
7,46708990,46,6,
7,46709179,305,92,
7,46709270,13,0,5
7,46709320,99,129,
7,46709543,207,111,
7,46709548,136,109,
7,46709727,410,103,
7,46710042,62,35,
7,46710560,26,10,
7,46710569,48,16,
7,46710747,100,44,
7,46710756,45,16,
7,46711380,190,152,
7,46711574,340,350,
7,46711649,147,88,
7,46712547,64,10,
7,46712678,702,497,
7,46712790,21,3,
7,46712815,180,66,
7,46713106,530,152,
7,46713387,141,57,
7,46713444,159,130,
7,46713473,27,26,
7,46713526,289,299,
7,46713704,86,68,
7,46713924,439,506,
7,46713929,284,409,
7,46714673,18,2,
7,46714916,31,10,
7,46714981,48,27,14
7,46715600,288,84,
7,46715766,39,13,
7,46716469,269,191,
7,46716560,73,101,
7,46716696,97,59,
7,46716806,46,13,
7,46717442,139,61,
7,46717472,12,0,
7,46717507,169,111,
7,46717536,33,5,
7,46717960,207,159,
7,46718061,304,143,
7,46718299,58,103,
7,46718485,161,212,
7,46718923,30,14,
7,46719222,551,554,
7,46719229,733,225,
7,46719423,91,47,
7,46719491,710,766,
7,46719899,263,68,
7,46719958,26,6,14
7,46720395,934,504,
7,46720987,9,1,
7,46721019,53,70,
7,46721179,301,81,
7,46721418,86,165,
7,46721421,41,44,
7,46721452,115,114,
7,46721474,87,35,
7,46721488,156,24,
7,46721653,27,7,
7,46721703,76,25,
7,46721802,1312,240,
7,46721933,47,18,
7,46722038,70,124,
7,46722074,76,14,
7,46722143,21,2,
7,46722188,60,14,
7,46722285,44,26,
7,46722570,224,20,
7,46722853,146,74,
7,46723183,48,12,
7,46723190,60,32,
7,46723384,743,632,
7,46723694,131,58,
7,46723859,32,6,
7,46723898,29,4,
7,46723990,654,360,
7,46724565,47,5,
7,46724567,10,5,
7,46724675,38,15,
7,46724743,15,4,
7,46725288,384,355,
7,46725300,340,134,
7,46725389,73,20,
7,46725632,139,73,
7,46726259,25,32,
7,46726526,147,34,
7,46726808,15,0,
7,46726827,14,2,
7,46726857,246,152,
7,46726907,39,36,
7,46726916,123,36,
7,46726959,46,1,
7,46727587,1090,526,
7,46727862,56,12,
7,46727992,25,11,
7,46728157,162,168,
7,46728197,177,144,
7,46728385,42,21,
7,46728781,52,20,
7,46728808,479,103,
7,46728950,34,11,
7,46729198,71,58,
7,46729368,551,422,
7,46730214,182,129,
7,46730346,101,47,
7,46730436,232,190,
7,46730504,499,272,
7,46730671,95,92,
7,46730826,14,1,
7,46730885,349,118,
7,46730926,14,4,
7,46731068,253,61,
7,46731432,275,89,
7,46731612,81,33,
7,46731638,10,9,
7,46731748,260,282,
7,46731976,793,499,
7,46731996,246,87,
7,46732213,284,139,
7,46732242,30,1,
7,46732555,47,9,
7,46732929,7,0,
7,46732967,260,112,
7,46733301,91,20,
7,46733306,39,9,12
7,46733624,242,334,
7,46733899,23,4,
7,46733905,11,9,
7,46734302,396,429,
7,46734608,4,0,
7,46735022,63,11,
7,46735133,106,14,
7,46735139,103,44,
7,46735179,94,26,
7,46735231,29,15,
7,46735308,46,38,
7,46735489,164,61,
7,46735511,472,305,
7,46735545,1029,646,
7,46735616,243,59,
7,46735644,296,157,
7,46735963,15,6,
7,46736048,112,154,
7,46736683,341,362,
7,46736978,7,1,
7,46737076,32,10,
7,46737202,171,36,
7,46737447,237,253,
7,46737467,20,8,
7,46737630,447,202,
7,46737865,56,13,
7,46737957,121,22,
7,46738241,13,9,
7,46738809,6,1,
7,46738853,72,54,
7,46739043,35,3,
7,46739075,9,1,
7,46739257,5,0,
7,46739885,4,0,
7,46739921,5,1,
7,46740029,350,211,
7,46740280,42,27,
7,46740548,71,27,
7,46740584,13,0,
7,46740644,109,93,
7,46740705,24,16,
7,46740748,176,73,
7,46740974,24,7,
7,46741458,3,0,
7,46741472,49,8,
7,46741482,105,30,
7,46741711,5,3,
7,46741923,86,27,
7,46741929,45,42,
7,46742035,6,0,
7,46742074,3,0,
7,46742250,87,175,
7,46742362,472,270,
7,46742389,523,302,
7,46742405,22,9,
7,46742431,16,0,
7,46742432,209,118,
7,46742618,20,2,
7,46742635,183,119,
7,46742828,38,39,
7,46742902,3,2,
7,46743154,528,323,
7,46743199,6,1,
7,46743219,69,118,
7,46743466,19,2,
7,46743729,6,0,
7,46743867,26,48,
7,46743887,12,1,
7,46743908,506,328,
7,46743951,19,2,
7,46744214,3,0,
7,46744569,38,4,
7,46744647,130,28,
7,46744807,208,122,
7,46744874,19,1,
7,46744952,8,1,
7,46744968,101,134,
7,46745138,52,2,
7,46745150,39,2,
7,46745233,210,97,
7,46745259,153,15,
7,46745459,12,1,
7,46745831,16,6,
7,46745922,215,90,
7,46746096,18,19,
7,46746136,4,1,
7,46746231,14,3,
7,46746266,67,34,
7,46746297,5,1,
7,46746476,708,479,
7,46746477,15,2,
7,46746517,47,17,
7,46746570,75,23,
7,46746650,10,0,
7,46746681,124,30,
7,46746700,23,6,
7,46746742,12,6,
7,46746829,8,2,
7,46746900,43,11,
7,46746946,141,124,
7,46747022,27,24,
7,46747078,16,0,
7,46747119,217,71,
7,46747213,27,20,
7,46747351,8,1,
7,46747366,295,101,
7,46747571,16,4,
7,46747777,32,21,
7,46747827,288,138,
7,46748071,45,19,
7,46748101,16,0,
7,46748106,17,0,
7,46748112,13,0,
7,46748139,3,0,
7,46748333,10,1,
7,46748340,4,0,
7,46748404,30,1,
7,46748551,11,3,
7,46748723,5,0,
7,46748771,293,253,
7,46748795,10,0,
7,46749053,191,80,
7,46749118,31,5,
7,46749198,579,596,
7,46749213,63,10,
7,46749261,28,12,
7,46749270,3,0,
7,46749508,22,6,
7,46749511,6,0,
7,46749559,19,0,
7,46749565,5,1,
7,46749636,55,17,
7,46749671,189,44,
7,46749754,6,0,
7,46750024,39,0,
7,46750053,55,6,
7,46750118,49,20,
7,46750214,115,22,
7,46750358,214,171,
7,46750367,16,1,
7,46750377,10,4,
7,46750417,7,1,
7,46750425,197,51,
7,46750437,40,9,
7,46750470,154,131,
7,46750485,50,51,
7,46750852,270,85,
7,46750893,7,0,
7,46750951,13,2,10
7,46751231,53,50,
7,46751297,12,2,
7,46751448,25,4,
7,46751675,68,34,
7,46751797,22,1,
7,46751825,65,2,
7,46751826,306,16,
7,46751835,84,71,
7,46751899,593,291,
7,46751906,96,31,
7,46752076,61,54,
7,46752116,6,0,
7,46752151,668,344,
7,46752261,155,65,
7,46752335,18,0,
7,46752387,10,1,
7,46752392,11,1,
7,46752841,32,12,
7,46752873,7,0,
7,46752907,82,74,
7,46752984,3,0,
7,46753034,4,0,
7,46753078,120,40,
7,46753142,46,16,
7,46753156,4,0,
7,46753301,231,30,
7,46753395,6,0,
7,46753484,395,117,
7,46753611,144,98,
7,46753623,4,0,
7,46753708,212,19,21
7,46753838,16,15,
7,46753941,13,0,
7,46753974,15,23,
7,46754181,7,0,
7,46754201,14,0,
7,46754206,25,6,
7,46754312,13,0,
7,46754411,11,9,
7,46754427,127,45,
7,46754497,36,0,
7,46754522,36,3,24
7,46754600,122,117,
7,46754724,48,7,
7,46754895,4,0,
7,46754944,566,181,6
7,46755019,14,2,
7,46755115,200,60,18
7,46755123,19,3,
7,46755175,5,0,
7,46755357,15,0,
7,46755439,6,0,
7,46755523,5,0,
7,46755644,35,12,
7,46755734,301,99,
7,46755975,16,8,
7,46755999,263,206,
7,46756117,1137,680,26
7,46756186,9,0,
7,46756187,23,12,
7,46756293,18,8,
7,46756427,64,19,22
7,46756530,15,2,
7,46756742,17,2,
7,46756808,3,5,
7,46756860,4,3,
7,46756969,3,1,
7,46757019,7,2,
7,46757067,542,159,2
7,46757162,189,155,20
7,46757224,76,46,
7,46757357,124,88,20
7,46757411,35,7,
7,46757465,91,23,
7,46757868,42,10,
7,46757944,397,238,28
7,46758056,23,3,
7,46758093,17,26,
7,46758175,55,84,
7,46758199,3,0,
7,46758242,130,107,
7,46758253,18,2,
7,46758450,269,189,29
7,46758621,26,2,
7,46758644,72,40,21
7,46759063,91,42,16
7,46759107,8,2,
7,46759144,6,1,
7,46759352,77,50,8
7,46759353,28,12,
7,46759387,16,12,8
7,46759520,68,43,
7,46759627,29,14,
7,46759695,5,1,
7,46759756,15,1,
7,46759785,6,0,
7,46759850,14,4,11
7,46759969,48,10,
7,46760099,155,30,3
7,46760102,16,5,
7,46760237,197,137,19
7,46760285,26,11,18
7,46760307,11,1,
7,46760320,6,1,
7,46760338,19,5,
7,46760782,3,3,
7,46760927,9,18,5
7,46760998,35,20,9
7,46761061,69,46,
7,46761239,18,11,9
7,46761400,4,1,
7,46761430,10,3,
7,46761493,8,0,26
7,46761547,7,11,
7,46761614,72,11,15
7,46761761,5,0,
7,46761822,180,76,3
7,46762127,13,10,
7,46762150,58,32,1
8,46686640,472,727,
8,46686655,405,210,
8,46687504,96,18,
8,46687603,36,9,
8,46687705,98,51,
8,46687841,56,65,
8,46688133,52,9,
8,46688173,124,65,
8,46688191,30,10,
8,46688476,78,37,
8,46688521,24,7,
8,46688804,620,684,
8,46688954,257,209,
8,46688971,524,334,
8,46689065,239,83,
8,46689342,40,19,
8,46689631,127,31,
8,46689834,27,3,
8,46689895,40,2,
8,46690092,93,52,
8,46690402,600,309,
8,46690463,24,11,8
8,46690530,79,27,
8,46690592,79,28,22
8,46690779,113,26,
8,46690907,348,258,
8,46691108,348,250,
8,46691130,33,7,
8,46691152,35,24,
8,46691243,456,452,
8,46691454,99,36,
8,46691660,99,72,
8,46691835,194,146,
8,46691963,19,4,
8,46692116,428,68,
8,46692347,36,9,
8,46692473,19,1,
8,46692594,775,804,
8,46693205,454,373,
8,46693460,167,81,
8,46693959,213,70,
8,46694124,257,82,
8,46694618,292,88,
8,46695415,118,65,
8,46695467,69,21,
8,46695628,565,112,
8,46695978,55,28,
8,46696081,21,5,
8,46696111,38,18,30
8,46696276,163,35,
8,46696283,218,69,
8,46696300,197,93,
8,46696303,316,570,
8,46696309,44,8,
8,46696357,254,169,
8,46696647,27,0,
8,46696699,127,224,
8,46697390,16,3,
8,46697735,21,29,
8,46697876,104,11,
8,46697908,135,44,
8,46698061,264,152,
8,46698370,194,80,
8,46698469,46,5,
8,46698623,55,19,
8,46698660,456,260,
8,46699072,191,148,
8,46699324,32,14,
8,46699597,43,22,
8,46699697,233,54,
8,46700384,33,15,
8,46700503,260,56,
8,46700594,635,373,
8,46701114,106,65,
8,46701733,431,264,
8,46702099,236,159,
8,46702411,261,345,
8,46702980,36,7,
8,46703301,276,136,
8,46703317,187,19,
8,46703763,764,722,
8,46704223,136,408,
8,46704310,109,55,
8,46704943,148,116,
8,46705201,262,80,
8,46705337,8,2,
8,46705676,136,77,
8,46705715,230,105,
8,46705830,44,10,
8,46706528,666,212,
8,46706564,28,8,
8,46706668,67,31,
8,46706796,60,74,
8,46706906,513,224,
8,46706947,183,88,
8,46707062,21,14,
8,46707117,5,1,
8,46707572,577,699,
8,46707708,75,5,
8,46708032,242,158,
8,46708055,76,20,
8,46708096,116,27,
8,46708351,70,20,
8,46708592,60,14,
8,46708601,200,66,
8,46708678,482,257,
8,46708766,87,16,
8,46708990,46,6,
8,46709179,305,92,
8,46709270,47,4,2
8,46709320,99,129,
8,46709543,207,111,
8,46709548,136,109,
8,46709727,410,103,
8,46710042,62,35,
8,46710560,26,10,
8,46710569,48,16,
8,46710747,100,45,
8,46710756,45,16,
8,46711380,190,152,
8,46711574,340,350,
8,46711649,147,88,
8,46712547,64,10,
8,46712678,703,497,
8,46712790,21,3,
8,46712815,180,66,
8,46713106,530,152,
8,46713387,141,57,
8,46713444,160,130,
8,46713473,27,26,
8,46713526,289,299,
8,46713704,86,68,
8,46713924,439,506,
8,46713929,284,409,
8,46714673,18,2,
8,46714916,31,10,
8,46714981,51,31,17
8,46715600,288,84,
8,46715766,39,13,
8,46716469,270,191,
8,46716560,73,101,
8,46716696,97,59,
8,46716806,46,13,
8,46717442,139,61,
8,46717472,12,0,
8,46717507,169,111,
8,46717536,33,5,
8,46717960,207,159,
8,46718061,304,143,
8,46718299,58,103,
8,46718485,161,212,
8,46718923,31,16,
8,46719222,551,554,
8,46719229,733,225,
8,46719423,91,47,
8,46719491,710,766,
8,46719899,263,68,
8,46719958,30,8,14
8,46720395,934,504,
8,46720987,9,1,
8,46721019,53,70,
8,46721179,301,81,
8,46721418,86,165,
8,46721421,41,44,
8,46721452,115,114,
8,46721474,87,35,
8,46721488,156,24,
8,46721653,29,7,
8,46721703,76,25,
8,46721802,1312,240,
8,46721933,47,18,
8,46722074,76,14,
8,46722143,21,2,
8,46722188,60,14,
8,46722285,44,26,
8,46722570,224,20,
8,46722853,146,74,
8,46723183,48,12,
8,46723190,60,32,
8,46723384,743,632,
8,46723694,132,58,
8,46723859,32,6,
8,46723898,29,4,
8,46723990,654,360,
8,46724348,5,1,12
8,46724565,47,5,
8,46724567,10,5,
8,46724675,38,15,
8,46724743,15,4,
8,46725288,384,355,
8,46725300,340,134,
8,46725389,73,20,
8,46725632,139,73,
8,46726259,25,32,
8,46726526,147,34,
8,46726808,15,0,
8,46726827,14,2,
8,46726857,246,152,
8,46726907,39,37,
8,46726916,123,36,
8,46726959,46,1,
8,46727587,1091,526,
8,46727862,56,12,
8,46727992,25,11,
8,46728157,162,168,
8,46728197,177,144,
8,46728385,42,21,
8,46728781,52,20,
8,46728808,479,103,
8,46728950,34,11,
8,46729198,71,58,
8,46729368,551,422,
8,46730214,182,129,
8,46730346,101,47,
8,46730436,232,190,
8,46730504,499,272,
8,46730671,95,92,
8,46730826,14,1,
8,46730885,349,118,
8,46730926,14,4,
8,46731068,253,61,
8,46731432,275,89,
8,46731612,81,33,
8,46731638,10,9,
8,46731748,262,282,
8,46731976,793,499,
8,46731996,246,87,
8,46732213,284,140,
8,46732242,30,1,
8,46732555,47,9,
8,46732929,7,0,
8,46732967,260,112,
8,46733301,91,20,
8,46733306,43,9,12
8,46733624,242,334,
8,46733899,23,4,
8,46733905,11,9,
8,46734302,396,429,
8,46734608,4,0,
8,46735022,63,11,
8,46735133,106,14,
8,46735139,103,44,
8,46735179,94,26,
8,46735231,29,15,
8,46735308,46,38,
8,46735489,164,61,
8,46735511,472,305,
8,46735545,1030,646,
8,46735616,244,59,
8,46735644,296,157,
8,46735963,15,6,
8,46736048,112,154,
8,46736683,341,362,
8,46737076,32,10,
8,46737202,171,38,
8,46737447,237,253,
8,46737467,20,8,
8,46737630,447,202,
8,46737865,56,13,
8,46737957,121,22,
8,46738241,13,9,
8,46738809,6,1,
8,46738853,72,54,
8,46739043,35,3,
8,46739075,9,1,
8,46739257,5,0,
8,46739885,4,0,
8,46739921,5,1,
8,46740029,350,211,
8,46740280,42,27,
8,46740548,71,27,
8,46740584,13,0,
8,46740644,109,93,
8,46740705,24,16,
8,46740748,176,73,
8,46740974,24,7,
8,46741458,3,0,
8,46741472,49,8,
8,46741482,105,30,
8,46741711,5,3,
8,46741923,87,27,
8,46741929,45,42,
8,46742035,6,0,
8,46742074,3,0,
8,46742250,87,175,
8,46742362,472,270,
8,46742389,523,303,
8,46742405,22,9,
8,46742431,16,0,
8,46742432,209,118,
8,46742618,20,2,
8,46742635,183,119,
8,46742828,38,39,
8,46742902,3,2,
8,46743154,529,323,
8,46743199,6,1,
8,46743219,69,118,
8,46743466,19,2,
8,46743729,6,0,
8,46743867,26,48,
8,46743887,12,1,
8,46743908,507,330,
8,46743951,19,2,
8,46744214,3,0,
8,46744569,38,4,
8,46744647,130,28,
8,46744807,208,122,
8,46744874,19,1,
8,46744952,8,1,
8,46744968,102,134,
8,46745138,53,2,
8,46745150,39,2,
8,46745233,210,98,
8,46745259,153,15,
8,46745459,12,1,
8,46745831,16,6,
8,46745922,215,90,
8,46746096,18,19,
8,46746136,4,1,
8,46746231,14,3,
8,46746266,67,34,
8,46746297,5,1,
8,46746476,710,479,
8,46746477,16,2,
8,46746517,47,17,
8,46746570,75,23,
8,46746650,10,0,
8,46746681,124,30,
8,46746700,23,6,
8,46746742,12,6,
8,46746829,8,2,
8,46746900,43,11,
8,46746946,141,124,
8,46747022,27,24,
8,46747078,16,0,
8,46747119,217,71,
8,46747213,27,20,
8,46747351,8,1,
8,46747366,295,101,
8,46747571,16,4,
8,46747777,32,21,
8,46747827,290,138,
8,46748071,45,19,
8,46748101,16,0,
8,46748106,17,0,
8,46748112,13,0,
8,46748139,3,0,
8,46748333,10,1,
8,46748340,4,0,
8,46748404,30,1,
8,46748551,11,3,
8,46748723,5,0,
8,46748771,293,253,
8,46748795,10,0,
8,46749053,192,80,
8,46749118,31,5,
8,46749198,579,600,
8,46749213,63,10,
8,46749261,28,12,
8,46749270,3,0,
8,46749508,22,6,
8,46749511,6,0,
8,46749559,19,0,
8,46749565,5,1,
8,46749636,55,17,
8,46749671,189,44,
8,46749754,6,0,
8,46750024,39,0,
8,46750053,55,6,
8,46750118,49,20,
8,46750214,115,22,
8,46750358,214,172,
8,46750367,16,1,
8,46750377,10,4,
8,46750417,7,1,
8,46750425,197,51,
8,46750437,40,9,
8,46750470,154,133,
8,46750485,50,51,
8,46750852,270,85,
8,46750893,7,0,
8,46750951,15,6,12
8,46751231,53,50,
8,46751297,12,2,
8,46751448,25,4,
8,46751675,68,34,
8,46751797,22,1,
8,46751825,65,2,
8,46751826,306,16,
8,46751835,84,71,
8,46751899,595,292,
8,46751906,96,31,
8,46752076,61,54,
8,46752116,6,0,
8,46752151,670,344,
8,46752261,156,65,
8,46752335,18,0,
8,46752387,10,1,
8,46752392,11,1,
8,46752841,32,12,
8,46752873,7,0,
8,46752907,84,75,
8,46752984,3,0,
8,46753034,4,0,
8,46753078,120,40,
8,46753142,46,16,
8,46753156,4,0,
8,46753301,231,31,
8,46753395,6,0,
8,46753484,398,118,
8,46753611,145,98,
8,46753623,4,0,
8,46753708,220,20,22
8,46753838,16,15,
8,46753941,14,0,
8,46753974,15,23,
8,46754181,7,0,
8,46754201,15,0,
8,46754206,25,6,
8,46754312,13,0,
8,46754411,12,9,
8,46754427,127,46,
8,46754497,36,0,
8,46754522,37,3,26
8,46754600,122,119,
8,46754724,50,7,
8,46754895,4,0,
8,46754944,578,186,6
8,46755019,14,2,
8,46755115,207,63,18
8,46755123,19,3,
8,46755175,5,0,
8,46755357,15,0,
8,46755439,6,0,
8,46755523,5,0,
8,46755644,35,12,
8,46755734,303,100,
8,46755975,16,8,
8,46755999,265,206,
8,46756117,1178,691,27
8,46756186,9,0,
8,46756187,23,12,
8,46756293,18,8,
8,46756427,65,19,24
8,46756530,16,2,
8,46756742,18,2,
8,46756808,3,5,
8,46756860,4,3,
8,46756969,3,1,
8,46757019,7,2,
8,46757067,564,166,2
8,46757162,194,168,24
8,46757224,78,46,
8,46757357,130,95,19
8,46757411,35,7,
8,46757465,91,23,
8,46757868,42,10,
8,46757944,407,240,28
8,46758056,28,7,
8,46758093,17,26,
8,46758175,55,85,
8,46758199,3,0,
8,46758242,131,111,
8,46758253,19,2,
8,46758450,272,190,
8,46758621,27,2,
8,46758644,78,42,21
8,46759063,104,49,13
8,46759107,8,2,
8,46759144,8,1,
8,46759352,83,51,10
8,46759353,28,12,
8,46759387,23,21,7
8,46759520,71,45,
8,46759627,29,15,
8,46759695,5,1,
8,46759756,16,1,
8,46759785,6,0,
8,46759969,48,10,
8,46760099,177,37,3
8,46760102,16,5,
8,46760237,216,141,19
8,46760285,29,13,
8,46760307,11,1,
8,46760320,6,1,
8,46760338,19,5,
8,46760384,19,0,
8,46760782,4,3,
8,46760998,53,30,9
8,46761061,72,52,
8,46761239,24,26,8
8,46761369,4,0,
8,46761400,4,1,
8,46761430,11,4,
8,46761493,11,2,27
8,46761547,8,11,
8,46761614,90,29,15
8,46761761,8,0,
8,46761822,218,124,4
8,46762027,4,1,
8,46762127,15,15,
8,46762150,104,54,1
8,46762264,5,2,
8,46762844,3,0,
8,46762882,5,0,6
9,46686640,472,728,
9,46686655,405,210,
9,46687504,96,18,
9,46687603,36,9,
9,46687705,98,51,
9,46687841,56,65,
9,46688133,52,9,
9,46688173,124,65,
9,46688191,31,10,
9,46688476,78,37,
9,46688521,24,7,
9,46688804,622,686,
9,46688954,257,209,
9,46688971,524,334,
9,46689065,239,83,
9,46689342,40,19,
9,46689631,127,31,
9,46689834,27,3,
9,46689895,40,2,
9,46690092,93,52,
9,46690402,600,309,
9,46690463,26,16,10
9,46690530,79,27,
9,46690592,80,31,25
9,46690779,113,26,
9,46690907,348,258,
9,46691108,349,250,
9,46691130,34,7,
9,46691152,37,24,
9,46691243,456,452,
9,46691454,99,36,
9,46691660,99,72,
9,46691835,194,146,
9,46691963,19,4,
9,46692116,428,68,
9,46692347,36,9,
9,46692473,19,1,
9,46692594,775,804,
9,46693205,454,373,
9,46693460,168,82,
9,46693959,213,70,
9,46694124,257,82,
9,46694618,292,89,
9,46695415,118,65,
9,46695467,69,21,
9,46695628,565,112,
9,46695978,55,28,
9,46696081,21,5,
9,46696111,38,18,
9,46696276,163,35,
9,46696283,218,69,
9,46696300,197,93,
9,46696303,316,570,
9,46696309,44,8,
9,46696357,254,169,
9,46696647,27,0,
9,46696699,127,224,
9,46697390,16,3,
9,46697735,21,29,
9,46697876,105,11,
9,46697908,135,44,
9,46698061,264,152,
9,46698370,194,80,
9,46698469,46,5,
9,46698623,55,19,
9,46698660,456,260,
9,46699072,191,148,
9,46699324,32,14,
9,46699597,43,22,
9,46699697,234,54,
9,46700384,33,15,
9,46700503,260,56,
9,46700594,635,373,
9,46701114,106,65,
9,46701733,431,264,
9,46702099,236,159,
9,46702411,261,345,
9,46702980,36,7,
9,46703301,276,136,
9,46703317,187,19,
9,46703763,764,722,
9,46704223,136,408,
9,46704310,109,55,
9,46704943,148,116,
9,46705201,262,80,
9,46705337,8,2,
9,46705676,136,77,
9,46705715,230,105,
9,46705830,44,10,
9,46706528,666,212,
9,46706564,28,8,
9,46706668,67,31,
9,46706796,60,74,
9,46706906,513,224,
9,46706947,183,88,
9,46707062,21,14,
9,46707117,5,1,
9,46707572,577,699,
9,46707708,75,5,
9,46708032,242,158,
9,46708055,76,20,
9,46708096,116,27,
9,46708351,70,20,
9,46708592,60,14,
9,46708601,200,66,
9,46708678,482,257,
9,46708766,87,16,
9,46708990,46,6,
9,46709179,305,92,
9,46709270,103,14,2
9,46709320,99,129,
9,46709543,207,111,
9,46709548,136,109,
9,46709727,411,103,
9,46710042,62,35,
9,46710560,26,10,
9,46710569,48,16,
9,46710747,102,45,
9,46710756,45,16,
9,46711380,190,152,
9,46711574,340,350,
9,46711649,147,88,
9,46712547,64,10,
9,46712678,703,497,
9,46712790,21,3,
9,46712815,180,66,
9,46713106,530,152,
9,46713387,141,57,
9,46713444,160,130,
9,46713473,27,26,
9,46713526,289,299,
9,46713704,86,68,
9,46713924,439,506,
9,46713929,284,409,
9,46714673,18,2,
9,46714916,31,10,
9,46714981,55,37,20
9,46715600,288,84,
9,46715766,39,13,
9,46716469,270,191,
9,46716560,73,101,
9,46716696,97,59,
9,46716806,46,13,
9,46717442,139,61,
9,46717472,12,0,
9,46717507,169,111,
9,46717536,33,5,
9,46717960,207,159,
9,46718061,304,143,
9,46718299,58,103,
9,46718485,161,212,
9,46718923,31,16,
9,46719222,551,554,
9,46719229,734,225,
9,46719423,92,47,
9,46719491,710,766,
9,46719899,263,68,
9,46719958,36,10,15
9,46720395,934,504,
9,46720987,9,1,
9,46721019,53,70,
9,46721179,301,81,
9,46721418,86,165,
9,46721421,41,44,
9,46721452,115,114,
9,46721474,87,35,
9,46721488,156,24,
9,46721653,29,7,
9,46721703,76,25,
9,46721802,1313,240,
9,46721933,47,18,
9,46722074,76,14,
9,46722143,21,2,
9,46722188,60,14,
9,46722285,44,26,
9,46722570,224,20,
9,46722853,146,74,
9,46723049,6,2,6
9,46723183,48,12,
9,46723190,60,32,
9,46723384,743,632,
9,46723694,132,58,
9,46723859,32,6,
9,46723898,29,4,
9,46723990,654,360,
9,46724348,6,1,12
9,46724565,47,5,
9,46724567,10,5,
9,46724675,38,15,
9,46724743,15,4,
9,46725288,384,355,
9,46725300,340,134,
9,46725389,73,20,
9,46725632,139,73,
9,46726259,25,32,
9,46726526,147,34,
9,46726808,15,0,
9,46726827,14,2,
9,46726857,246,152,
9,46726907,39,37,
9,46726916,123,36,
9,46726959,46,1,
9,46727587,1092,527,
9,46727862,56,12,
9,46727992,25,11,
9,46728157,162,168,
9,46728197,177,145,
9,46728385,42,21,
9,46728781,52,20,
9,46728808,479,103,
9,46729198,71,58,
9,46729368,552,424,
9,46730214,182,129,
9,46730346,101,47,
9,46730436,232,190,
9,46730504,499,272,
9,46730671,95,92,
9,46730826,14,1,
9,46730885,349,118,
9,46730926,14,4,
9,46731068,253,61,
9,46731432,275,89,
9,46731612,81,33,
9,46731638,10,9,
9,46731748,262,282,
9,46731976,793,499,
9,46731996,246,87,
9,46732213,284,140,
9,46732242,30,1,
9,46732555,47,9,
9,46732929,7,0,
9,46732967,260,112,
9,46733301,91,20,
9,46733306,45,13,15
9,46733624,242,334,
9,46733899,23,4,
9,46733905,11,9,
9,46734302,396,429,
9,46734608,4,0,
9,46735022,63,11,
9,46735133,106,14,
9,46735139,103,44,
9,46735179,94,26,
9,46735231,29,15,
9,46735308,46,38,
9,46735489,164,61,
9,46735511,473,305,
9,46735545,1030,646,
9,46735616,244,59,
9,46735644,296,157,
9,46735963,15,6,
9,46736048,112,154,
9,46736683,341,362,
9,46737076,32,10,
9,46737202,172,38,
9,46737447,237,255,
9,46737467,20,8,
9,46737630,449,202,
9,46737865,56,13,
9,46737957,123,22,
9,46738241,13,9,
9,46738809,6,1,
9,46738853,72,54,
9,46739043,35,3,
9,46739075,9,1,
9,46739257,5,0,
9,46739885,4,0,
9,46739921,5,1,
9,46740029,350,211,
9,46740280,42,27,
9,46740548,71,27,
9,46740584,13,0,
9,46740644,109,93,
9,46740705,24,16,
9,46740748,177,73,
9,46740974,24,7,
9,46741458,3,0,
9,46741472,49,8,
9,46741482,106,30,
9,46741711,5,3,
9,46741923,87,27,
9,46741929,45,42,
9,46742035,6,0,
9,46742074,3,0,
9,46742250,87,176,
9,46742362,474,270,
9,46742389,524,306,
9,46742405,22,9,
9,46742431,16,0,
9,46742432,209,119,
9,46742618,20,2,
9,46742635,183,119,
9,46742828,38,39,
9,46742902,3,2,
9,46743154,530,323,
9,46743199,6,1,
9,46743219,69,118,
9,46743466,19,2,
9,46743729,7,0,
9,46743867,26,48,
9,46743887,12,1,
9,46743908,507,331,
9,46743951,19,2,
9,46744214,3,0,
9,46744569,38,4,
9,46744647,130,28,
9,46744807,208,122,
9,46744874,19,1,
9,46744952,8,1,
9,46744968,102,134,
9,46745138,53,2,
9,46745150,39,2,
9,46745233,210,98,
9,46745259,153,15,
9,46745459,12,1,
9,46745831,16,6,
9,46745922,215,90,
9,46746096,19,19,
9,46746136,4,1,
9,46746231,14,3,
9,46746266,67,34,
9,46746297,5,1,
9,46746476,711,480,
9,46746477,16,2,
9,46746517,47,17,
9,46746570,75,23,
9,46746650,10,0,
9,46746681,124,30,
9,46746700,23,6,
9,46746742,12,6,
9,46746900,43,11,
9,46746946,141,124,
9,46747022,27,24,
9,46747078,16,0,
9,46747119,217,71,
9,46747213,27,20,
9,46747351,8,1,
9,46747366,295,101,
9,46747571,16,4,
9,46747777,32,21,
9,46747827,290,138,
9,46748071,45,19,
9,46748101,16,0,
9,46748106,17,0,
9,46748112,13,0,
9,46748139,3,0,
9,46748333,10,1,
9,46748340,4,0,
9,46748404,30,1,
9,46748551,11,3,
9,46748723,5,0,
9,46748771,293,254,
9,46748795,10,0,
9,46749053,192,80,
9,46749118,31,5,
9,46749198,579,602,
9,46749213,63,10,
9,46749261,28,12,
9,46749270,3,0,
9,46749508,22,6,
9,46749559,19,0,
9,46749636,55,17,
9,46749671,189,44,
9,46749754,6,0,
9,46750024,39,0,
9,46750053,55,6,
9,46750118,49,20,
9,46750214,115,22,
9,46750358,214,172,
9,46750367,16,1,
9,46750377,10,4,
9,46750417,7,1,
9,46750425,198,51,
9,46750437,40,9,
9,46750470,154,134,
9,46750485,50,51,
9,46750852,271,85,
9,46750893,7,0,
9,46750951,20,7,18
9,46751231,54,50,
9,46751297,12,2,
9,46751448,25,4,
9,46751675,68,34,
9,46751797,22,1,
9,46751825,65,2,
9,46751826,307,16,
9,46751835,84,71,
9,46751899,598,294,
9,46751906,97,31,
9,46752076,61,55,
9,46752116,6,0,
9,46752151,673,345,
9,46752261,158,65,
9,46752335,18,0,
9,46752387,10,1,
9,46752392,11,1,
9,46752841,32,12,
9,46752873,7,0,
9,46752907,86,75,
9,46752984,3,0,
9,46753034,4,0,
9,46753078,120,40,
9,46753142,46,16,
9,46753156,4,0,
9,46753301,233,32,
9,46753395,6,0,
9,46753484,402,121,
9,46753611,145,98,
9,46753623,4,0,
9,46753708,223,21,24
9,46753838,16,15,
9,46753941,14,0,
9,46753974,15,23,
9,46754181,7,0,
9,46754201,15,0,
9,46754206,25,6,
9,46754312,13,0,
9,46754411,12,9,
9,46754427,127,46,
9,46754497,37,0,
9,46754522,41,3,28
9,46754600,122,119,
9,46754724,50,7,
9,46754895,4,0,
9,46754944,593,189,7
9,46755019,14,2,
9,46755115,211,64,18
9,46755123,20,3,
9,46755175,5,0,
9,46755357,15,0,
9,46755439,6,0,
9,46755523,5,0,
9,46755644,35,12,
9,46755734,307,101,
9,46755975,16,8,
9,46755999,267,207,
9,46756117,1212,711,29
9,46756186,9,0,
9,46756187,24,12,
9,46756293,18,8,
9,46756427,65,19,26
9,46756530,17,2,
9,46756742,18,2,
9,46756808,3,6,
9,46756860,4,3,
9,46756969,3,1,
9,46757019,7,2,
9,46757067,585,170,3
9,46757162,198,175,27
9,46757224,79,46,
9,46757357,134,100,20
9,46757411,35,7,
9,46757465,91,23,
9,46757868,42,10,
9,46757944,413,241,
9,46758056,29,8,
9,46758093,17,26,
9,46758199,3,0,
9,46758242,132,113,
9,46758253,19,2,
9,46758450,280,196,
9,46758621,27,2,
9,46758644,84,50,22
9,46759063,111,55,14
9,46759107,8,2,
9,46759144,9,1,
9,46759352,85,55,12
9,46759353,29,12,
9,46759387,25,26,11
9,46759520,71,48,
9,46759627,29,15,
9,46759695,5,1,
9,46759756,16,1,
9,46759785,6,0,
9,46759969,50,10,
9,46760099,191,42,5
9,46760102,16,5,
9,46760237,226,151,23
9,46760285,29,13,
9,46760307,11,1,
9,46760320,6,1,
9,46760338,19,8,
9,46760384,19,0,
9,46760782,4,3,
9,46760998,62,34,8
9,46761061,76,58,
9,46761239,30,36,9
9,46761369,4,0,
9,46761400,4,1,
9,46761430,12,4,
9,46761493,13,4,
9,46761547,8,12,
9,46761614,101,34,17
9,46761761,13,0,22
9,46761822,254,164,6
9,46762027,4,1,
9,46762127,18,16,
9,46762150,131,72,1
9,46762264,5,2,
9,46762844,15,2,
9,46762882,29,5,2
9,46763200,6,0,
10,46686640,472,728,
10,46686655,405,210,
10,46687504,96,18,
10,46687603,36,9,
10,46687705,98,51,
10,46687841,56,65,
10,46688133,52,9,
10,46688173,124,65,
10,46688191,31,10,
10,46688476,79,37,
10,46688521,24,7,
10,46688804,624,690,
10,46688954,257,209,
10,46688971,524,334,
10,46689065,239,83,
10,46689342,40,19,
10,46689631,128,31,
10,46689834,27,3,
10,46689895,41,2,
10,46690092,93,52,
10,46690402,600,309,
10,46690463,34,21,11
10,46690530,79,27,
10,46690592,83,33,27
10,46690779,113,26,
10,46690907,348,258,
10,46691108,349,250,
10,46691130,34,7,
10,46691152,37,24,
10,46691243,456,452,
10,46691454,99,36,
10,46691660,99,72,
10,46691835,194,146,
10,46691963,19,4,
10,46692116,428,68,
10,46692347,36,9,
10,46692473,19,1,
10,46692594,775,804,
10,46693205,454,373,
10,46693460,168,82,
10,46693959,213,70,
10,46694124,257,82,
10,46694618,292,89,
10,46695415,118,65,
10,46695467,69,21,
10,46695628,565,112,
10,46695978,55,28,
10,46696081,21,5,
10,46696111,39,18,
10,46696276,163,35,
10,46696283,218,69,
10,46696300,197,93,
10,46696303,316,570,
10,46696309,44,8,
10,46696357,254,169,
10,46696647,27,0,
10,46696699,127,224,
10,46697390,16,3,
10,46697735,21,29,
10,46697876,105,11,
10,46697908,135,44,
10,46698061,264,152,
10,46698264,3,1,23
10,46698370,194,80,
10,46698469,46,5,
10,46698623,55,19,
10,46698660,456,260,
10,46699072,192,148,
10,46699324,32,14,
10,46699597,43,22,
10,46699697,234,54,
10,46700384,33,15,
10,46700503,260,56,
10,46700594,635,373,
10,46701114,106,65,
10,46701733,432,264,
10,46702099,236,159,
10,46702411,261,345,
10,46702980,36,7,
10,46703301,276,136,
10,46703317,187,19,
10,46703763,764,722,
10,46704223,136,408,
10,46704310,109,55,
10,46704943,148,116,
10,46705201,262,80,
10,46705337,9,2,
10,46705676,136,77,
10,46705715,230,105,
10,46705830,44,10,
10,46706528,666,212,
10,46706564,28,8,
10,46706668,67,31,
10,46706796,60,74,
10,46706906,513,224,
10,46706947,183,88,
10,46707062,21,14,
10,46707117,5,1,
10,46707572,577,699,
10,46707708,75,5,
10,46708032,242,158,
10,46708055,76,20,
10,46708096,116,27,
10,46708351,70,20,
10,46708592,60,14,
10,46708601,200,66,
10,46708678,482,257,
10,46708766,87,16,
10,46708990,46,6,
10,46709179,305,92,
10,46709270,128,16,3
10,46709320,99,129,
10,46709543,207,111,
10,46709548,136,109,
10,46709727,411,103,
10,46710042,62,35,
10,46710560,26,10,
10,46710569,48,16,
10,46710747,102,45,
10,46710756,45,16,
10,46711380,190,152,
10,46711574,340,350,
10,46711649,147,88,
10,46712547,64,10,
10,46712678,703,497,
10,46712790,21,3,
10,46712815,180,66,
10,46713106,531,152,
10,46713387,141,57,
10,46713444,160,130,
10,46713473,27,26,
10,46713526,289,299,
10,46713704,86,68,
10,46713924,439,506,
10,46713929,284,409,
10,46714673,18,2,
10,46714916,31,10,
10,46714981,56,40,
10,46715600,288,84,
10,46715766,39,13,
10,46716469,270,191,
10,46716560,73,101,
10,46716696,97,59,
10,46716806,46,13,
10,46717442,139,61,
10,46717472,12,0,
10,46717507,169,111,
10,46717536,33,5,
10,46717960,207,159,
10,46718061,304,143,
10,46718299,58,103,
10,46718485,162,212,
10,46718923,31,17,
10,46719222,551,555,
10,46719229,735,225,
10,46719423,92,47,
10,46719491,710,767,
10,46719899,263,68,
10,46719958,39,12,17
10,46720395,934,504,
10,46720987,9,1,
10,46721019,53,70,
10,46721179,301,81,
10,46721418,86,165,
10,46721452,115,114,
10,46721474,87,35,
10,46721488,156,24,
10,46721653,30,7,
10,46721703,76,25,
10,46721802,1313,240,
10,46721933,47,18,
10,46722074,76,14,
10,46722143,21,2,
10,46722188,60,14,
10,46722285,44,26,
10,46722570,224,20,
10,46722853,146,74,
10,46723049,11,3,6
10,46723183,48,12,
10,46723190,60,32,
10,46723384,743,632,
10,46723694,132,58,
10,46723859,32,6,
10,46723898,29,4,
10,46723990,654,360,
10,46724348,6,1,18
10,46724565,47,5,
10,46724567,10,5,
10,46724675,38,15,
10,46724743,15,4,
10,46725288,384,355,
10,46725300,340,134,
10,46725389,73,20,
10,46725632,139,73,
10,46726259,25,32,
10,46726526,147,34,
10,46726808,15,0,
10,46726827,14,2,
10,46726857,246,152,
10,46726907,39,37,
10,46726916,123,36,
10,46726959,46,1,
10,46727587,1092,527,
10,46727862,56,12,
10,46727992,25,11,
10,46728157,162,168,
10,46728197,179,145,
10,46728385,42,21,
10,46728781,52,20,
10,46728808,479,103,
10,46729198,71,58,
10,46729368,552,424,
10,46730214,182,129,
10,46730346,101,47,
10,46730436,232,190,
10,46730504,499,272,
10,46730671,95,92,
10,46730826,14,1,
10,46730885,349,118,
10,46730926,14,4,
10,46731068,253,61,
10,46731432,275,89,
10,46731612,81,33,
10,46731638,10,9,
10,46731748,262,282,
10,46731976,793,499,
10,46731996,246,87,
10,46732213,284,140,
10,46732242,30,1,
10,46732555,47,9,
10,46732929,7,0,
10,46732967,260,112,
10,46733301,91,20,
10,46733306,50,15,16
10,46733624,242,334,
10,46733899,23,4,
10,46733905,11,9,
10,46734302,396,429,
10,46734608,4,0,
10,46735022,63,11,
10,46735133,106,14,
10,46735139,103,44,
10,46735179,94,26,
10,46735231,29,15,
10,46735308,46,38,
10,46735489,164,61,
10,46735511,473,305,
10,46735545,1031,646,
10,46735616,244,59,
10,46735644,296,157,
10,46735963,15,6,
10,46736048,112,154,
10,46736683,341,362,
10,46737076,32,10,
10,46737202,172,38,
10,46737447,237,255,
10,46737467,20,8,
10,46737630,449,202,
10,46737865,56,13,
10,46737957,123,22,
10,46738241,13,9,
10,46738809,6,1,
10,46738853,72,54,
10,46739043,35,3,
10,46739075,9,1,
10,46739257,5,0,
10,46739885,4,0,
10,46739921,5,1,
10,46740029,351,211,
10,46740280,42,27,
10,46740548,71,27,
10,46740584,13,0,
10,46740644,109,93,
10,46740705,24,16,
10,46740748,177,73,
10,46740974,24,7,
10,46741458,3,0,
10,46741472,49,8,
10,46741482,106,30,
10,46741711,5,3,
10,46741923,89,27,
10,46741929,45,42,
10,46742035,6,0,
10,46742074,3,0,
10,46742250,87,179,
10,46742362,474,270,
10,46742389,524,306,
10,46742405,22,9,
10,46742432,209,119,
10,46742618,20,2,
10,46742635,183,119,
10,46742828,38,39,
10,46742902,3,2,
10,46743154,530,324,
10,46743199,6,1,
10,46743219,69,118,
10,46743466,19,2,
10,46743729,7,0,
10,46743867,26,48,
10,46743887,12,1,
10,46743908,508,331,
10,46743951,19,2,
10,46744214,3,0,
10,46744569,38,4,
10,46744647,130,28,
10,46744807,208,122,
10,46744874,19,1,
10,46744952,8,1,
10,46744968,102,134,
10,46745138,53,2,
10,46745150,39,2,
10,46745233,210,98,
10,46745259,153,15,
10,46745459,12,1,
10,46745831,16,6,
10,46745922,215,90,
10,46746096,19,19,
10,46746136,4,1,
10,46746231,14,3,
10,46746266,67,34,
10,46746297,5,1,
10,46746476,711,484,
10,46746477,16,2,
10,46746517,47,17,
10,46746570,75,23,
10,46746650,10,0,
10,46746681,124,30,
10,46746700,23,6,
10,46746742,12,6,
10,46746900,43,11,
10,46746946,141,124,
10,46747022,27,24,
10,46747078,16,0,
10,46747119,217,71,
10,46747213,27,20,
10,46747351,8,1,
10,46747366,295,101,
10,46747571,16,4,
10,46747777,32,21,
10,46747827,290,138,
10,46748071,45,19,
10,46748101,16,0,
10,46748106,17,0,
10,46748112,13,0,
10,46748139,3,0,
10,46748333,10,1,
10,46748404,30,1,
10,46748551,11,3,
10,46748723,5,0,
10,46748771,293,254,
10,46748795,10,0,
10,46749053,192,80,
10,46749118,31,5,
10,46749198,581,602,
10,46749213,63,10,
10,46749261,28,12,
10,46749270,3,0,
10,46749508,22,6,
10,46749559,19,0,
10,46749636,55,17,
10,46749671,189,44,
10,46749754,6,0,
10,46750024,39,0,
10,46750053,55,6,
10,46750118,49,20,
10,46750214,115,22,
10,46750358,214,172,
10,46750367,16,1,
10,46750377,10,4,
10,46750417,7,1,
10,46750425,198,51,
10,46750437,40,9,
10,46750470,154,134,
10,46750485,50,51,
10,46750852,271,85,
10,46750893,7,0,
10,46750951,23,11,19
10,46751231,54,50,
10,46751297,12,2,
10,46751448,25,4,
10,46751675,68,34,
10,46751797,22,1,
10,46751825,66,2,
10,46751826,307,16,
10,46751835,84,71,
10,46751899,600,298,
10,46751906,97,31,
10,46752076,61,55,
10,46752116,6,0,
10,46752151,675,346,
10,46752261,158,65,
10,46752335,18,0,
10,46752387,10,1,
10,46752392,11,1,
10,46752841,32,12,
10,46752873,7,0,
10,46752907,87,75,
10,46752984,3,0,
10,46753034,4,0,
10,46753078,120,41,
10,46753142,46,16,
10,46753156,4,0,
10,46753301,233,32,
10,46753395,6,0,
10,46753484,405,121,
10,46753611,145,98,
10,46753623,4,0,
10,46753708,230,22,25
10,46753838,16,15,
10,46753941,14,0,
10,46753974,15,23,
10,46754181,7,0,
10,46754201,15,0,
10,46754206,25,6,
10,46754312,14,0,
10,46754411,12,9,
10,46754427,127,47,
10,46754497,37,0,
10,46754522,45,4,30
10,46754600,122,119,
10,46754724,50,7,
10,46754895,4,0,
10,46754944,601,190,8
10,46755019,14,2,
10,46755115,215,67,18
10,46755123,20,3,
10,46755175,5,0,
10,46755357,15,0,
10,46755439,6,0,
10,46755523,5,0,
10,46755644,36,12,
10,46755734,307,103,
10,46755975,16,8,
10,46755999,273,207,
10,46756117,1230,723,
10,46756186,9,0,
10,46756187,24,12,
10,46756293,18,8,
10,46756427,71,19,29
10,46756530,17,2,
10,46756742,18,2,
10,46756808,3,6,
10,46756860,4,3,
10,46756969,3,1,
10,46757019,7,2,
10,46757067,605,181,4
10,46757162,201,177,
10,46757224,80,46,
10,46757357,143,111,21
10,46757465,92,23,
10,46757868,43,10,
10,46757944,418,250,
10,46758056,30,10,
10,46758093,18,26,
10,46758199,3,0,
10,46758242,134,114,
10,46758253,20,2,
10,46758450,285,199,
10,46758621,27,2,
10,46758644,94,60,20
10,46759063,122,57,15
10,46759107,9,4,
10,46759144,10,1,
10,46759352,89,59,12
10,46759353,30,12,
10,46759387,31,31,14
10,46759520,73,48,
10,46759627,29,15,
10,46759695,5,1,
10,46759756,17,1,
10,46759785,7,0,
10,46759969,52,10,
10,46760099,202,49,6
10,46760102,17,6,
10,46760237,241,158,26
10,46760285,32,14,
10,46760307,11,1,
10,46760320,6,1,
10,46760338,19,8,
10,46760782,4,3,
10,46760998,68,37,9
10,46761061,78,63,
10,46761239,33,46,11
10,46761369,4,0,
10,46761400,5,1,
10,46761430,12,4,
10,46761493,13,4,
10,46761547,8,13,
10,46761614,106,38,21
10,46761761,18,2,23
10,46761822,286,194,9
10,46762027,5,1,
10,46762127,20,16,
10,46762150,152,85,1
10,46762264,5,3,
10,46762844,17,7,
10,46762882,52,23,1
10,46763200,9,0,
10,46763274,6,0,
10,46763493,8,4,
10,46763548,64,38,5
10,46763592,74,71,1
10,46763635,5,2,
10,46763651,19,0,8
10,46763721,4,1,7
10,46763877,4,0,
11,46686640,472,728,
11,46686655,405,210,
11,46687504,96,18,
11,46687603,36,9,
11,46687705,98,51,
11,46687841,56,65,
11,46688133,52,9,
11,46688173,124,65,
11,46688191,31,10,
11,46688476,79,37,
11,46688521,24,7,
11,46688804,624,695,
11,46688971,524,334,
11,46689065,239,83,
11,46689342,40,19,
11,46689631,128,31,
11,46689834,27,3,
11,46689895,41,2,
11,46690092,93,52,
11,46690402,600,309,
11,46690463,37,25,11
11,46690530,79,27,
11,46690592,92,35,25
11,46690779,113,26,
11,46690907,348,258,
11,46691108,349,250,
11,46691130,34,7,
11,46691152,37,25,
11,46691243,456,452,
11,46691454,99,36,
11,46691660,99,72,
11,46691835,194,146,
11,46691963,19,4,
11,46692116,428,68,
11,46692347,36,9,
11,46692473,19,1,
11,46692594,775,804,
11,46693205,454,373,
11,46693460,169,82,
11,46693959,213,70,
11,46694124,257,82,
11,46694618,292,89,
11,46695415,118,65,
11,46695467,69,21,
11,46695628,565,112,
11,46695978,55,28,
11,46696081,21,5,
11,46696111,40,18,
11,46696276,163,35,
11,46696283,218,69,
11,46696300,197,93,
11,46696303,316,570,
11,46696309,44,8,
11,46696357,254,169,
11,46696647,27,0,
11,46696699,127,224,
11,46697390,16,3,
11,46697735,21,29,
11,46697876,105,11,
11,46697908,135,44,
11,46698061,264,152,
11,46698264,11,5,17
11,46698370,194,80,
11,46698469,46,5,
11,46698623,55,19,
11,46698660,456,260,
11,46699072,192,148,
11,46699324,32,14,
11,46699597,43,22,
11,46699697,234,54,
11,46700384,33,15,
11,46700503,260,56,
11,46700594,635,373,
11,46701114,106,65,
11,46701733,432,264,
11,46702099,236,159,
11,46702411,261,345,
11,46702980,36,7,
11,46703301,276,136,
11,46703317,187,19,
11,46703763,764,722,
11,46704223,136,408,
11,46704310,109,55,
11,46704943,148,116,
11,46705201,262,80,
11,46705337,9,2,
11,46705676,136,79,
11,46705715,230,105,
11,46705830,44,10,
11,46706528,666,212,
11,46706564,28,8,
11,46706668,67,31,
11,46706796,60,74,
11,46706906,513,224,
11,46706947,183,88,
11,46707062,21,14,
11,46707117,5,1,
11,46707572,577,699,
11,46707708,75,5,
11,46708032,242,158,
11,46708055,76,20,
11,46708096,116,27,
11,46708351,70,20,
11,46708592,60,14,
11,46708601,200,66,
11,46708678,482,257,
11,46708766,87,16,
11,46708990,46,6,
11,46709179,305,92,
11,46709270,173,19,3
11,46709320,99,129,
11,46709543,207,111,
11,46709548,136,109,
11,46709727,411,103,
11,46710042,62,35,
11,46710747,102,45,
11,46710756,45,16,
11,46711380,190,152,
11,46711574,340,350,
11,46711649,147,88,
11,46712547,64,10,
11,46712678,703,497,
11,46712790,21,3,
11,46712815,180,66,
11,46713106,531,152,
11,46713387,141,57,
11,46713444,160,130,
11,46713473,27,26,
11,46713526,289,299,
11,46713704,86,68,
11,46713924,440,507,
11,46713929,284,409,
11,46714673,18,2,
11,46714916,31,10,
11,46714981,56,41,
11,46715600,288,84,
11,46715766,39,13,
11,46716469,270,193,
11,46716560,73,101,
11,46716696,97,59,
11,46716806,46,13,
11,46717442,140,61,
11,46717472,12,0,
11,46717507,169,111,
11,46717536,33,5,
11,46717960,207,159,
11,46718061,304,143,
11,46718299,58,103,
11,46718485,162,212,
11,46718923,31,17,
11,46719222,551,556,
11,46719229,735,225,
11,46719423,92,47,
11,46719491,710,767,
11,46719899,263,68,
11,46719958,43,13,19
11,46720395,934,504,
11,46720987,10,3,16
11,46721019,53,71,
11,46721179,301,81,
11,46721418,86,165,
11,46721452,115,114,
11,46721474,87,35,
11,46721488,156,24,
11,46721653,30,7,
11,46721703,76,25,
11,46721802,1313,240,
11,46721933,47,18,
11,46722074,76,14,
11,46722143,21,2,
11,46722188,60,14,
11,46722285,44,26,
11,46722570,224,20,
11,46722853,146,74,
11,46723049,13,6,8
11,46723183,48,12,
11,46723190,60,32,
11,46723384,743,632,
11,46723694,132,58,
11,46723859,32,6,
11,46723898,29,4,
11,46723990,654,360,
11,46724348,6,1,26
11,46724565,47,5,
11,46724567,10,5,
11,46724675,38,15,
11,46724743,15,4,
11,46725288,384,355,
11,46725300,340,134,
11,46725389,73,20,
11,46725632,139,73,
11,46726259,25,32,
11,46726526,147,34,
11,46726808,15,0,
11,46726827,14,2,
11,46726857,246,152,
11,46726907,39,37,
11,46726916,123,36,
11,46727587,1093,527,
11,46727862,56,12,
11,46727992,25,11,
11,46728157,162,168,
11,46728197,179,145,
11,46728385,42,21,
11,46728781,52,20,
11,46728808,479,103,
11,46729198,71,58,
11,46729368,552,424,
11,46730214,182,129,
11,46730346,101,47,
11,46730436,232,190,
11,46730504,499,272,
11,46730671,95,92,
11,46730826,14,1,
11,46730885,349,118,
11,46730926,14,4,
11,46731068,253,61,
11,46731432,275,89,
11,46731612,81,33,
11,46731638,10,9,
11,46731748,262,282,
11,46731976,793,500,
11,46731996,246,87,
11,46732213,284,140,
11,46732242,30,1,
11,46732555,47,9,
11,46732929,7,0,
11,46732967,260,112,
11,46733301,91,20,
11,46733306,51,16,17
11,46733624,242,334,
11,46733899,23,4,
11,46733905,11,9,
11,46734302,396,429,
11,46734608,4,0,
11,46735022,63,11,
11,46735133,106,14,
11,46735139,103,44,
11,46735179,94,26,
11,46735231,29,15,
11,46735489,164,61,
11,46735511,473,305,
11,46735545,1031,646,
11,46735616,244,59,
11,46735644,296,157,
11,46735963,15,6,
11,46736048,112,154,
11,46736683,341,362,
11,46737076,32,10,
11,46737202,172,38,
11,46737447,237,255,
11,46737467,20,8,
11,46737630,449,202,
11,46737865,56,13,
11,46737957,123,22,
11,46738241,13,9,
11,46738809,6,1,
11,46738853,72,54,
11,46739043,35,3,
11,46739885,4,0,
11,46739921,5,1,
11,46740029,351,211,
11,46740280,42,27,
11,46740548,71,27,
11,46740584,13,0,
11,46740644,109,93,
11,46740705,24,16,
11,46740748,177,73,
11,46740974,24,7,
11,46741458,3,0,
11,46741472,49,8,
11,46741482,106,30,
11,46741711,5,3,
11,46741923,89,27,
11,46741929,45,42,
11,46742035,6,0,
11,46742074,3,0,
11,46742250,87,179,
11,46742362,475,270,
11,46742389,524,306,
11,46742405,22,9,
11,46742432,209,119,
11,46742618,20,2,
11,46742635,183,119,
11,46742828,38,39,
11,46742902,3,2,
11,46743154,530,325,
11,46743199,6,1,
11,46743219,69,118,
11,46743466,19,2,
11,46743729,8,0,
11,46743867,26,48,
11,46743887,12,1,
11,46743908,508,331,
11,46743951,19,2,
11,46744214,3,0,
11,46744569,38,4,
11,46744647,130,28,
11,46744807,208,122,
11,46744874,19,1,
11,46744952,8,1,
11,46744968,102,134,
11,46745138,53,2,
11,46745150,39,2,
11,46745233,210,98,
11,46745259,153,15,
11,46745459,12,1,
11,46745831,16,6,
11,46745922,215,90,
11,46746096,19,19,
11,46746136,4,1,
11,46746231,14,3,
11,46746266,67,34,
11,46746297,5,1,
11,46746476,712,485,
11,46746477,16,2,
11,46746517,47,17,
11,46746570,75,23,
11,46746650,10,0,
11,46746681,124,30,
11,46746700,23,6,
11,46746742,12,6,
11,46746900,43,11,
11,46746946,141,125,
11,46747022,27,24,
11,46747078,16,0,
11,46747119,217,71,
11,46747213,27,20,
11,46747351,8,1,
11,46747366,295,101,
11,46747571,16,5,
11,46747777,32,21,
11,46747827,290,138,
11,46748071,45,19,
11,46748101,16,0,
11,46748106,17,0,
11,46748112,13,0,
11,46748139,3,0,
11,46748333,10,1,
11,46748404,30,1,
11,46748551,11,3,
11,46748723,5,0,
11,46748771,293,254,
11,46748795,10,0,
11,46749053,192,80,
11,46749118,31,5,
11,46749198,581,604,
11,46749213,63,10,
11,46749261,28,12,
11,46749270,3,0,
11,46749508,22,7,
11,46749559,19,0,
11,46749636,55,17,
11,46749671,189,44,
11,46749754,6,0,
11,46750024,39,0,
11,46750053,55,6,
11,46750118,49,20,
11,46750214,115,22,
11,46750358,214,172,
11,46750367,16,1,
11,46750377,10,4,
11,46750417,7,1,
11,46750425,198,51,
11,46750437,40,9,
11,46750470,154,134,
11,46750852,271,85,
11,46750893,7,0,
11,46750951,24,11,23
11,46751231,54,50,
11,46751297,12,2,
11,46751448,25,4,
11,46751675,68,34,
11,46751797,22,1,
11,46751825,67,2,
11,46751826,309,16,
11,46751835,84,71,
11,46751899,601,299,
11,46751906,97,32,
11,46752076,64,55,
11,46752116,6,0,
11,46752151,675,346,
11,46752261,159,65,
11,46752335,18,0,
11,46752387,10,1,
11,46752392,11,1,
11,46752841,32,13,
11,46752873,7,0,
11,46752907,87,75,
11,46752984,3,0,
11,46753034,4,0,
11,46753078,120,42,
11,46753142,46,16,
11,46753156,4,0,
11,46753301,234,32,
11,46753395,6,0,
11,46753484,405,121,
11,46753611,145,98,
11,46753623,4,0,
11,46753708,232,23,
11,46753838,16,15,
11,46753941,14,0,
11,46753974,15,23,
11,46754181,7,0,
11,46754201,15,0,
11,46754206,26,6,
11,46754312,14,0,
11,46754411,12,9,
11,46754427,128,47,
11,46754497,37,0,
11,46754522,46,5,29
11,46754600,122,119,
11,46754724,52,7,
11,46754895,4,0,
11,46754944,609,193,7
11,46755019,14,2,
11,46755115,219,69,20
11,46755123,21,5,
11,46755175,5,0,
11,46755357,15,0,
11,46755439,6,0,
11,46755523,5,0,
11,46755644,36,12,
11,46755734,310,105,
11,46755975,16,8,
11,46755999,274,207,
11,46756117,1238,741,
11,46756186,9,0,
11,46756187,24,12,
11,46756293,18,8,
11,46756427,74,19,27
11,46756530,17,2,
11,46756742,21,2,
11,46756808,3,6,
11,46756860,4,3,
11,46756969,3,1,
11,46757019,7,2,
11,46757067,619,184,4
11,46757162,202,180,
11,46757224,82,46,
11,46757357,145,118,21
11,46757465,93,24,
11,46757868,43,10,
11,46757944,420,252,
11,46758056,31,10,
11,46758093,18,26,
11,46758199,3,0,
11,46758242,135,117,
11,46758253,20,2,
11,46758450,288,199,
11,46758621,27,2,
11,46758644,98,71,18
11,46759063,133,60,15
11,46759107,9,4,
11,46759144,10,2,
11,46759352,93,61,12
11,46759353,30,13,
11,46759387,36,38,14
11,46759520,74,49,
11,46759627,29,15,
11,46759695,5,1,
11,46759756,17,1,
11,46759785,7,0,
11,46759969,52,10,
11,46760099,209,52,6
11,46760102,17,6,
11,46760237,256,169,26
11,46760285,32,14,
11,46760307,11,1,
11,46760320,6,1,
11,46760338,19,8,
11,46760782,4,3,
11,46760998,75,41,10
11,46761061,82,64,
11,46761239,34,48,
11,46761369,4,0,
11,46761400,5,1,
11,46761430,12,4,
11,46761493,13,4,
11,46761547,9,15,
11,46761614,115,44,30
11,46761761,19,2,24
11,46761822,307,222,13
11,46762027,5,1,
11,46762127,20,17,
11,46762150,171,98,2
11,46762264,5,3,
11,46762770,4,4,
11,46762844,18,8,
11,46762882,76,43,1
11,46763200,10,0,
11,46763274,6,0,
11,46763493,9,7,
11,46763548,101,86,7
11,46763592,93,114,22
11,46763635,7,5,
11,46763651,25,2,
11,46763721,19,14,7
11,46763864,55,4,1
11,46763877,6,0,
11,46764006,3,0,
11,46764284,11,9,3
12,46686640,472,728,
12,46686655,405,210,
12,46687504,96,18,
12,46687603,36,9,
12,46687705,98,51,
12,46687841,56,65,
12,46688133,52,9,
12,46688173,124,65,
12,46688191,31,10,
12,46688476,80,38,
12,46688521,24,7,
12,46688804,624,700,
12,46688971,524,334,
12,46689065,239,83,
12,46689342,40,19,
12,46689631,128,33,
12,46689834,27,3,
12,46689895,41,2,
12,46690092,93,52,
12,46690402,600,309,
12,46690463,42,26,12
12,46690530,79,27,
12,46690592,96,40,22
12,46690779,113,26,
12,46690907,348,258,
12,46691108,349,250,
12,46691130,34,7,
12,46691152,37,25,
12,46691243,456,452,
12,46691454,99,36,
12,46691660,99,72,
12,46691835,194,146,
12,46691963,19,4,
12,46692116,428,68,
12,46692347,36,9,
12,46692473,19,1,
12,46692594,775,804,
12,46693205,454,373,
12,46693460,171,82,
12,46693959,213,70,
12,46694124,257,82,
12,46694618,292,89,
12,46695415,118,65,
12,46695467,70,21,
12,46695628,565,112,
12,46695978,55,28,
12,46696081,21,5,
12,46696111,40,19,
12,46696276,163,35,
12,46696283,218,69,
12,46696300,197,93,
12,46696303,316,570,
12,46696309,44,8,
12,46696357,254,169,
12,46696647,27,0,
12,46696699,127,224,
12,46697390,16,3,
12,46697735,21,29,
12,46697876,105,11,
12,46697908,135,44,
12,46698061,264,152,
12,46698264,25,12,7
12,46698370,194,80,
12,46698456,5,2,10
12,46698469,46,5,
12,46698623,56,19,
12,46698660,456,260,
12,46699072,192,148,
12,46699324,32,14,
12,46699597,43,22,
12,46699697,234,54,
12,46700384,33,15,
12,46700503,260,56,
12,46700594,635,373,
12,46701114,106,65,
12,46701733,432,264,
12,46702099,236,159,
12,46702411,261,345,
12,46702980,36,7,
12,46703301,276,136,
12,46703317,187,19,
12,46703763,764,722,
12,46704223,136,408,
12,46704310,109,55,
12,46704943,148,116,
12,46705201,262,80,
12,46705337,10,2,
12,46705676,136,79,
12,46705715,230,105,
12,46705830,44,10,
12,46706528,666,212,
12,46706564,28,8,
12,46706668,67,31,
12,46706796,60,74,
12,46706906,513,224,
12,46706947,183,88,
12,46707062,21,14,
12,46707117,5,1,
12,46707572,577,699,
12,46707708,75,5,
12,46708032,242,158,
12,46708055,76,20,
12,46708096,116,27,
12,46708351,70,20,
12,46708592,60,14,
12,46708601,200,66,
12,46708678,482,257,
12,46708766,87,16,
12,46708990,46,6,
12,46709179,305,92,
12,46709270,219,29,2
12,46709320,99,129,
12,46709543,207,111,
12,46709548,136,109,
12,46709727,411,103,
12,46710042,62,35,
12,46710560,26,10,
12,46710569,48,16,
12,46710747,102,45,
12,46710756,45,16,
12,46711380,190,152,
12,46711574,340,350,
12,46711649,147,88,
12,46712547,64,10,
12,46712678,704,497,
12,46712790,21,3,
12,46712815,180,66,
12,46713106,531,152,
12,46713387,141,57,
12,46713444,160,130,
12,46713473,27,26,
12,46713526,289,299,
12,46713704,86,68,
12,46713924,440,507,
12,46713929,284,409,
12,46714673,18,2,
12,46714916,31,10,
12,46714981,56,42,
12,46715600,288,84,
12,46715766,39,13,
12,46716469,270,193,
12,46716560,73,102,
12,46716696,97,59,
12,46716806,46,13,
12,46717442,140,61,
12,46717472,12,0,
12,46717507,169,111,
12,46717536,33,5,
12,46717960,207,159,
12,46718061,304,143,
12,46718299,58,103,
12,46718485,162,212,
12,46718923,31,17,
12,46719222,551,556,
12,46719229,735,225,
12,46719423,92,47,
12,46719491,710,767,
12,46719899,263,68,
12,46719958,49,15,19
12,46720395,934,504,
12,46720987,11,3,18
12,46721019,53,71,
12,46721179,301,81,
12,46721418,86,165,
12,46721452,115,114,
12,46721474,87,35,
12,46721488,156,24,
12,46721653,30,7,
12,46721703,76,25,
12,46721802,1313,240,
12,46721933,47,18,
12,46722074,76,14,
12,46722143,21,2,
12,46722188,60,14,
12,46722285,44,26,
12,46722570,224,20,
12,46722853,146,74,
12,46723049,16,7,11
12,46723183,48,12,
12,46723190,60,32,
12,46723384,743,632,
12,46723694,132,58,
12,46723859,32,6,
12,46723898,29,4,
12,46723990,654,360,
12,46724348,7,1,30
12,46724565,47,5,
12,46724567,10,5,
12,46724675,38,15,
12,46724743,15,4,
12,46725288,384,356,
12,46725300,340,134,
12,46725389,73,20,
12,46725632,139,73,
12,46726259,25,32,
12,46726526,147,34,
12,46726808,15,0,
12,46726827,14,2,
12,46726857,246,152,
12,46726907,39,37,
12,46726916,123,36,
12,46727587,1093,528,
12,46727862,56,12,
12,46727992,25,11,
12,46728157,162,168,
12,46728197,180,145,
12,46728385,42,21,
12,46728781,52,20,
12,46728808,479,103,
12,46729198,71,58,
12,46729368,552,424,
12,46730214,182,129,
12,46730346,101,47,
12,46730436,232,190,
12,46730504,499,272,
12,46730671,95,92,
12,46730826,14,1,
12,46730885,349,118,
12,46730926,14,4,
12,46731068,253,61,
12,46731432,275,89,
12,46731612,81,33,
12,46731638,10,9,
12,46731748,262,282,
12,46731976,793,500,
12,46731996,246,87,
12,46732213,284,140,
12,46732242,30,1,
12,46732555,47,9,
12,46732929,7,0,
12,46732967,260,112,
12,46733301,91,20,
12,46733306,54,16,17
12,46733624,242,334,
12,46733899,23,4,
12,46733905,11,9,
12,46734302,396,430,
12,46734608,4,0,
12,46735022,63,11,
12,46735133,106,14,
12,46735139,103,44,
12,46735179,94,26,
12,46735231,29,15,
12,46735489,164,61,
12,46735511,473,305,
12,46735545,1031,647,
12,46735616,244,59,
12,46735644,296,157,
12,46735963,15,6,
12,46736048,112,154,
12,46736683,341,362,
12,46737076,32,10,
12,46737202,172,38,
12,46737447,237,255,
12,46737467,20,8,
12,46737630,449,202,
12,46737865,56,13,
12,46737957,123,22,
12,46738241,13,9,
12,46738809,6,1,
12,46738853,72,54,
12,46739043,35,3,
12,46739921,5,1,
12,46740029,351,211,
12,46740280,42,27,
12,46740548,71,27,
12,46740584,13,0,
12,46740644,109,93,
12,46740705,24,16,
12,46740748,177,73,
12,46740974,24,7,
12,46741458,3,0,
12,46741472,49,8,
12,46741482,106,30,
12,46741711,5,3,
12,46741923,89,27,
12,46741929,45,42,
12,46742035,6,0,
12,46742074,3,0,
12,46742250,87,179,
12,46742362,475,270,
12,46742389,524,306,
12,46742405,22,9,
12,46742432,209,120,
12,46742618,20,2,
12,46742635,183,119,
12,46742828,38,39,
12,46742902,3,2,
12,46743154,530,325,
12,46743199,6,1,
12,46743219,69,118,
12,46743466,19,2,
12,46743729,8,0,
12,46743867,26,48,
12,46743887,12,1,
12,46743908,508,331,
12,46743951,19,2,
12,46744214,3,0,
12,46744569,38,4,
12,46744647,131,28,
12,46744807,208,122,
12,46744874,19,1,
12,46744952,8,1,
12,46744968,102,134,
12,46745138,53,2,
12,46745150,40,2,
12,46745233,210,98,
12,46745259,153,15,
12,46745459,12,1,
12,46745831,16,6,
12,46745922,215,90,
12,46746096,19,19,
12,46746136,4,1,
12,46746231,14,3,
12,46746266,67,34,
12,46746297,5,1,
12,46746476,712,486,
12,46746477,16,2,
12,46746517,47,17,
12,46746570,75,23,
12,46746650,10,0,
12,46746681,124,30,
12,46746700,23,7,
12,46746742,12,6,
12,46746900,43,11,
12,46746946,141,125,
12,46747022,27,24,
12,46747078,16,0,
12,46747119,217,71,
12,46747213,27,20,
12,46747351,8,1,
12,46747366,295,101,
12,46747571,16,5,
12,46747777,32,21,
12,46747827,290,139,
12,46748071,45,19,
12,46748101,16,0,
12,46748106,17,0,
12,46748112,13,0,
12,46748139,3,0,
12,46748333,10,1,
12,46748404,30,1,
12,46748551,11,3,
12,46748723,5,0,
12,46748771,293,254,
12,46748795,10,0,
12,46749053,192,80,
12,46749118,31,5,
12,46749198,581,604,
12,46749213,63,10,
12,46749261,28,12,
12,46749270,3,0,
12,46749508,22,7,
12,46749559,19,0,
12,46749636,55,17,
12,46749671,189,44,
12,46749754,6,0,
12,46750024,39,0,
12,46750053,55,6,
12,46750118,49,20,
12,46750214,115,22,
12,46750358,214,172,
12,46750367,16,1,
12,46750377,10,4,
12,46750425,198,51,
12,46750437,40,9,
12,46750470,154,134,
12,46750852,271,85,
12,46750893,7,0,
12,46750951,24,13,25
12,46751231,54,50,
12,46751297,12,2,
12,46751448,25,4,
12,46751675,68,34,
12,46751797,22,1,
12,46751825,68,2,
12,46751826,309,16,
12,46751835,84,71,
12,46751899,605,299,
12,46751906,97,32,
12,46752076,65,55,
12,46752116,6,0,
12,46752151,679,349,
12,46752261,159,65,
12,46752335,18,0,
12,46752387,10,1,
12,46752392,11,1,
12,46752841,32,13,
12,46752873,7,0,
12,46752907,87,75,
12,46752984,3,0,
12,46753034,4,0,
12,46753078,120,42,
12,46753142,46,16,
12,46753156,4,0,
12,46753301,234,33,
12,46753395,6,0,
12,46753484,412,121,
12,46753611,145,98,
12,46753623,4,0,
12,46753708,233,23,
12,46753838,16,15,
12,46753941,14,0,
12,46753974,15,23,
12,46754181,7,0,
12,46754201,15,0,
12,46754206,26,6,
12,46754312,14,0,
12,46754411,12,9,
12,46754427,128,48,
12,46754497,37,0,
12,46754522,47,6,28
12,46754600,123,119,
12,46754724,52,7,
12,46754895,4,0,
12,46754944,620,201,9
12,46755019,14,2,
12,46755115,221,71,17
12,46755123,22,5,
12,46755175,5,0,
12,46755357,15,0,
12,46755439,6,0,
12,46755523,5,0,
12,46755644,36,12,
12,46755734,310,106,
12,46755975,16,8,
12,46755999,277,208,
12,46756117,1262,757,29
12,46756186,9,0,
12,46756187,24,12,
12,46756293,18,8,
12,46756427,77,19,25
12,46756530,17,2,
12,46756742,22,2,
12,46756808,3,6,
12,46756860,4,3,
12,46756969,3,1,
12,46757019,7,2,
12,46757067,638,194,3
12,46757162,204,187,
12,46757224,82,47,
12,46757357,152,119,20
12,46757411,37,7,
12,46757465,93,24,
12,46757868,43,10,
12,46757944,423,253,
12,46758056,32,10,
12,46758093,18,26,
12,46758199,3,0,
12,46758242,137,117,
12,46758253,20,2,
12,46758450,289,200,
12,46758621,27,2,
12,46758644,112,89,15
12,46759063,150,67,14
12,46759107,9,4,
12,46759144,10,2,
12,46759352,100,64,12
12,46759353,30,13,
12,46759387,40,44,14
12,46759520,74,50,
12,46759627,29,15,
12,46759756,17,1,
12,46759785,7,0,
12,46759969,52,11,
12,46760099,215,54,8
12,46760102,17,6,
12,46760237,273,180,24
12,46760285,32,15,
12,46760307,11,1,
12,46760320,6,1,
12,46760338,19,8,
12,46760782,4,3,
12,46760998,77,47,10
12,46761059,3,0,
12,46761061,85,67,
12,46761239,34,48,
12,46761369,4,1,
12,46761400,5,1,
12,46761430,12,4,
12,46761493,13,4,
12,46761547,9,17,
12,46761614,118,48,30
12,46761761,24,4,19
12,46761822,322,235,23
12,46762027,5,1,
12,46762127,21,18,
12,46762150,190,116,4
12,46762264,5,3,
12,46762770,4,7,
12,46762844,20,11,
12,46762882,86,65,2
12,46763200,11,0,
12,46763274,7,0,
12,46763493,15,9,
12,46763548,110,125,
12,46763592,102,137,
12,46763635,9,7,
12,46763651,29,3,
12,46763721,28,19,6
12,46763864,105,10,1
12,46763877,7,0,
12,46764006,4,0,
12,46764101,5,0,
12,46764284,28,45,2
12,46764787,3,0,
12,46764789,7,1,28
12,46764811,5,0,
13,46686640,472,728,
13,46686655,405,210,
13,46687504,96,18,
13,46687603,36,9,
13,46687705,98,51,
13,46687841,56,65,
13,46688133,52,9,
13,46688173,124,65,
13,46688191,31,10,
13,46688476,80,38,
13,46688521,24,7,
13,46688804,624,703,
13,46688971,524,334,
13,46689065,239,83,
13,46689342,40,19,
13,46689631,128,33,
13,46689834,27,3,
13,46689895,41,2,
13,46690092,93,52,
13,46690402,600,309,
13,46690463,48,27,14
13,46690530,79,27,
13,46690592,107,45,20
13,46690779,113,26,
13,46690907,348,258,
13,46691108,349,251,
13,46691130,34,7,
13,46691152,37,25,
13,46691243,457,452,
13,46691454,99,36,
13,46691660,99,72,
13,46691835,194,146,
13,46691963,19,4,
13,46692116,428,68,
13,46692347,36,9,
13,46692473,19,1,
13,46692594,775,804,
13,46693205,454,373,
13,46693460,173,82,
13,46693959,213,70,
13,46694124,257,82,
13,46694618,292,89,
13,46695415,118,65,
13,46695467,70,21,
13,46695628,565,112,
13,46695978,55,28,
13,46696081,21,5,
13,46696111,41,19,
13,46696276,163,35,
13,46696283,218,69,
13,46696300,197,93,
13,46696303,316,571,
13,46696309,44,8,
13,46696357,254,169,
13,46696647,27,0,
13,46696699,127,224,
13,46697390,16,3,
13,46697735,21,29,
13,46697876,105,11,
13,46697908,135,44,
13,46698061,264,152,
13,46698264,44,25,6
13,46698370,194,80,
13,46698456,15,6,8
13,46698469,46,5,
13,46698623,56,19,
13,46698660,456,260,
13,46699072,192,148,
13,46699324,32,14,
13,46699597,43,22,
13,46699697,234,54,
13,46700384,33,15,
13,46700503,260,56,
13,46700594,635,373,
13,46701114,106,65,
13,46701733,432,264,
13,46702099,236,159,
13,46702411,261,345,
13,46702980,36,7,
13,46703301,276,136,
13,46703317,187,19,
13,46703763,764,722,
13,46704223,136,408,
13,46704310,109,55,
13,46704943,148,116,
13,46705201,262,80,
13,46705337,10,2,
13,46705676,136,79,
13,46705715,230,105,
13,46705830,44,10,
13,46706528,666,212,
13,46706564,28,8,
13,46706668,67,31,
13,46706796,60,74,
13,46706906,513,224,
13,46706947,183,88,
13,46707062,21,14,
13,46707572,577,699,
13,46707708,75,5,
13,46708032,242,158,
13,46708055,76,20,
13,46708096,116,27,
13,46708351,70,20,
13,46708592,60,14,
13,46708601,200,66,
13,46708678,482,257,
13,46708766,87,16,
13,46708990,46,6,
13,46709179,305,92,
13,46709270,269,49,3
13,46709320,99,129,
13,46709543,207,111,
13,46709548,136,109,
13,46709727,411,103,
13,46710042,62,35,
13,46710747,105,45,
13,46710756,45,16,
13,46710981,7,0,12
13,46711380,190,152,
13,46711574,340,350,
13,46711649,147,88,
13,46712547,64,10,
13,46712678,705,497,
13,46712790,21,3,
13,46712815,180,66,
13,46713106,531,152,
13,46713387,141,57,
13,46713444,160,130,
13,46713473,27,27,
13,46713526,289,299,
13,46713704,86,68,
13,46713924,440,507,
13,46713929,284,409,
13,46714673,18,2,
13,46714916,31,10,
13,46714981,56,42,
13,46715600,288,84,
13,46715766,39,13,
13,46716469,270,193,
13,46716560,73,102,
13,46716696,97,59,
13,46716806,46,13,
13,46717442,140,61,
13,46717472,12,0,
13,46717507,169,111,
13,46717536,33,5,
13,46717960,208,159,
13,46718061,304,143,
13,46718299,58,103,
13,46718485,162,212,
13,46718923,31,17,
13,46719222,551,556,
13,46719229,736,225,
13,46719423,92,47,
13,46719491,710,769,
13,46719899,263,68,
13,46719958,53,15,
13,46720395,934,504,
13,46720987,11,5,23
13,46721019,53,71,
13,46721179,301,81,
13,46721418,86,165,
13,46721452,115,114,
13,46721474,87,35,
13,46721488,156,24,
13,46721653,30,7,
13,46721703,76,25,
13,46721802,1314,240,
13,46721933,47,18,
13,46722074,76,14,
13,46722143,21,2,
13,46722188,60,14,
13,46722285,44,26,
13,46722570,224,20,
13,46722853,146,74,
13,46723049,21,9,11
13,46723183,48,12,
13,46723190,60,32,
13,46723384,743,632,
13,46723694,133,58,
13,46723859,32,6,
13,46723898,29,4,
13,46723990,654,361,
13,46724348,8,1,
13,46724565,47,5,
13,46724567,10,5,
13,46724675,38,15,
13,46724743,15,4,
13,46725288,384,356,
13,46725300,340,134,
13,46725389,73,20,
13,46725632,139,73,
13,46726259,25,32,
13,46726526,147,34,
13,46726808,15,0,
13,46726827,14,2,
13,46726857,246,152,
13,46726907,39,37,
13,46726916,123,36,
13,46727587,1093,528,
13,46727862,56,12,
13,46728157,162,168,
13,46728197,180,145,
13,46728385,42,21,
13,46728808,479,103,
13,46729198,71,58,
13,46729368,552,424,
13,46730214,182,129,
13,46730346,101,47,
13,46730436,232,190,
13,46730504,500,272,
13,46730671,95,92,
13,46730826,14,1,
13,46730885,349,118,
13,46730926,14,4,
13,46731068,254,61,
13,46731432,275,89,
13,46731612,81,33,
13,46731638,10,9,
13,46731748,262,282,
13,46731976,794,500,
13,46731996,247,87,
13,46732213,285,141,
13,46732242,30,1,
13,46732555,47,9,
13,46732929,7,0,
13,46732967,260,112,
13,46733301,91,20,
13,46733306,58,18,24
13,46733624,242,334,
13,46733899,23,4,
13,46733905,11,9,
13,46734302,396,431,
13,46734608,4,0,
13,46735022,63,11,
13,46735133,107,14,
13,46735139,103,44,
13,46735179,94,26,
13,46735231,29,15,
13,46735489,164,61,
13,46735511,473,305,
13,46735545,1031,647,
13,46735616,244,59,
13,46735644,296,157,
13,46735963,15,6,
13,46736048,112,154,
13,46736683,341,363,
13,46737076,32,10,
13,46737202,173,38,
13,46737447,237,255,
13,46737467,20,8,
13,46737630,449,202,
13,46737865,56,13,
13,46737957,123,22,
13,46738241,13,9,
13,46738809,6,1,
13,46738853,72,54,
13,46739043,35,3,
13,46740029,351,211,
13,46740280,42,27,
13,46740548,71,27,
13,46740584,13,0,
13,46740644,109,93,
13,46740705,24,16,
13,46740748,178,73,
13,46741458,3,0,
13,46741472,49,8,
13,46741482,106,30,
13,46741711,5,3,
13,46741923,90,27,
13,46741929,45,42,
13,46742035,6,0,
13,46742074,3,0,
13,46742250,87,180,
13,46742362,475,270,
13,46742389,524,306,
13,46742405,22,9,
13,46742432,209,120,
13,46742618,20,2,
13,46742635,183,119,
13,46742828,38,39,
13,46742902,3,2,
13,46743154,530,325,
13,46743199,6,1,
13,46743219,69,118,
13,46743466,19,2,
13,46743729,8,0,
13,46743867,26,48,
13,46743887,12,1,
13,46743908,509,331,
13,46743951,19,2,
13,46744214,3,0,
13,46744569,39,4,
13,46744647,131,28,
13,46744807,208,122,
13,46744874,19,1,
13,46744952,8,1,
13,46744968,102,134,
13,46745138,53,2,
13,46745150,40,2,
13,46745233,210,98,
13,46745259,153,15,
13,46745459,12,1,
13,46745831,16,9,
13,46745922,216,90,
13,46746096,19,19,
13,46746136,4,1,
13,46746231,14,3,
13,46746266,67,34,
13,46746297,5,1,
13,46746476,712,487,
13,46746477,16,2,
13,46746517,47,17,
13,46746570,75,23,
13,46746650,10,0,
13,46746681,124,30,
13,46746700,23,7,
13,46746742,12,6,
13,46746900,43,11,
13,46746946,141,125,
13,46747022,27,24,
13,46747078,16,0,
13,46747119,217,72,
13,46747213,27,20,
13,46747351,8,1,
13,46747366,295,102,
13,46747571,16,5,
13,46747777,32,21,
13,46747827,290,139,
13,46748071,45,19,
13,46748101,16,0,
13,46748106,17,0,
13,46748112,13,0,
13,46748139,3,0,
13,46748333,10,1,
13,46748404,30,1,
13,46748551,11,3,
13,46748723,5,0,
13,46748771,294,254,
13,46749053,192,80,
13,46749118,31,5,
13,46749198,582,606,
13,46749213,63,10,
13,46749261,28,12,
13,46749270,3,0,
13,46749508,22,7,
13,46749559,19,0,
13,46749636,55,17,
13,46749671,189,44,
13,46749754,6,0,
13,46750024,39,0,
13,46750053,55,6,
13,46750118,49,20,
13,46750214,115,22,
13,46750358,214,173,
13,46750367,16,1,
13,46750377,10,4,
13,46750425,198,51,
13,46750437,40,9,
13,46750470,155,135,
13,46750852,272,85,
13,46750951,29,15,24
13,46751231,54,50,
13,46751297,12,2,
13,46751448,25,4,
13,46751675,69,34,
13,46751797,22,1,
13,46751825,68,2,
13,46751826,311,16,
13,46751835,84,71,
13,46751899,606,300,
13,46751906,97,32,
13,46752076,65,55,
13,46752116,6,0,
13,46752151,682,351,
13,46752261,160,65,
13,46752335,18,0,
13,46752392,11,1,
13,46752841,32,13,
13,46752873,7,0,
13,46752907,87,75,
13,46752984,3,0,
13,46753034,4,0,
13,46753078,121,42,
13,46753142,46,16,
13,46753156,4,0,
13,46753301,235,33,
13,46753395,6,0,
13,46753484,413,126,
13,46753611,149,99,
13,46753623,4,0,
13,46753708,234,23,
13,46753838,16,15,
13,46753941,14,0,
13,46753974,15,23,
13,46754181,7,0,
13,46754201,16,0,
13,46754206,26,6,
13,46754312,14,0,
13,46754411,13,12,
13,46754427,128,49,
13,46754497,37,0,
13,46754522,50,6,28
13,46754600,124,120,
13,46754724,54,7,
13,46754895,4,0,
13,46754944,628,204,9
13,46755019,14,3,
13,46755115,229,72,16
13,46755123,23,5,
13,46755175,5,0,
13,46755357,15,0,
13,46755439,6,0,
13,46755523,5,0,
13,46755644,37,12,
13,46755734,315,108,
13,46755975,16,8,
13,46755999,278,209,
13,46756117,1284,782,29
13,46756186,9,0,
13,46756187,25,12,
13,46756293,18,8,
13,46756427,83,19,22
13,46756530,17,2,
13,46756742,24,3,
13,46756808,4,6,
13,46756860,4,3,
13,46756969,3,1,
13,46757019,7,2,
13,46757067,658,202,5
13,46757162,206,190,
13,46757224,83,47,
13,46757357,160,148,19
13,46757411,37,7,
13,46757465,94,24,
13,46757868,43,10,
13,46757944,427,255,
13,46758056,34,10,
13,46758093,18,26,
13,46758199,3,0,
13,46758242,138,117,
13,46758253,20,2,
13,46758450,292,203,
13,46758621,29,2,
13,46758644,126,109,15
13,46759063,169,74,13
13,46759107,10,5,
13,46759144,10,2,
13,46759352,105,71,16
13,46759353,31,13,
13,46759387,40,45,
13,46759520,77,53,
13,46759627,29,15,
13,46759756,18,1,
13,46759785,7,0,
13,46759969,53,12,
13,46760099,232,59,7
13,46760102,17,7,
13,46760237,292,186,23
13,46760285,33,17,
13,46760307,11,1,
13,46760320,7,1,
13,46760338,19,8,
13,46760663,3,2,
13,46760782,4,3,
13,46760998,83,51,18
13,46761059,3,0,
13,46761061,94,71,
13,46761239,37,50,
13,46761369,4,1,
13,46761400,5,1,
13,46761430,12,4,
13,46761493,15,4,
13,46761547,9,17,
13,46761614,123,54,30
13,46761761,33,4,17
13,46761822,340,268,27
13,46762027,6,3,
13,46762127,21,18,
13,46762150,211,125,4
13,46762264,5,3,
13,46762770,5,12,
13,46762844,20,11,
13,46762882,101,78,2
13,46763200,12,0,
13,46763274,9,0,
13,46763493,18,9,
13,46763548,120,143,
13,46763592,109,148,
13,46763635,12,9,
13,46763651,41,6,
13,46763721,43,31,6
13,46763779,8,0,
13,46763864,156,32,1
13,46763877,8,0,
13,46764006,8,0,
13,46764101,7,1,
13,46764160,7,3,
13,46764170,5,0,19
13,46764284,28,47,
13,46764348,7,1,
13,46764356,11,5,
13,46764381,10,3,
13,46764458,3,0,
13,46764650,7,2,21
13,46764787,9,0,
13,46764789,20,4,11
13,46765092,5,1,24
13,46765120,27,2,2
13,46765273,12,0,3
14,46686640,472,728,
14,46686655,405,210,
14,46687504,96,18,
14,46687603,36,9,
14,46687705,98,51,
14,46688133,52,9,
14,46688173,124,65,
14,46688191,31,10,
14,46688476,81,38,
14,46688521,24,7,
14,46688804,626,706,
14,46688971,524,334,
14,46689065,239,83,
14,46689342,40,19,
14,46689631,128,33,
14,46689834,27,3,
14,46689895,41,2,
14,46690092,93,52,
14,46690402,600,309,
14,46690463,55,28,19
14,46690530,79,27,
14,46690592,115,45,24
14,46690779,113,26,
14,46690907,348,258,
14,46691108,350,251,
14,46691130,35,7,
14,46691152,37,26,
14,46691243,457,452,
14,46691454,99,36,
14,46691660,99,72,
14,46691835,194,146,
14,46691963,19,4,
14,46692116,429,68,
14,46692347,36,9,
14,46692473,19,1,
14,46692594,775,804,
14,46693205,454,373,
14,46693460,173,83,
14,46693959,213,70,
14,46694124,257,82,
14,46694618,293,89,
14,46695415,118,65,
14,46695467,70,21,
14,46695628,565,112,
14,46695978,55,28,
14,46696081,21,5,
14,46696111,41,19,
14,46696276,163,35,
14,46696283,219,69,
14,46696300,197,93,
14,46696303,316,571,
14,46696309,44,8,
14,46696357,254,169,
14,46696647,27,0,
14,46696699,127,224,
14,46697390,16,3,
14,46697735,21,29,
14,46697876,105,11,
14,46697908,135,44,
14,46698061,264,152,
14,46698264,65,28,9
14,46698370,194,80,
14,46698456,19,7,14
14,46698469,46,5,
14,46698623,56,19,
14,46698660,456,260,
14,46699072,192,148,
14,46699324,32,14,
14,46699697,237,54,
14,46700384,33,15,
14,46700489,5,0,22
14,46700503,260,56,
14,46700594,635,373,
14,46701114,106,65,
14,46701733,432,264,
14,46702099,236,159,
14,46702411,261,345,
14,46702980,36,7,
14,46703301,276,136,
14,46703317,188,19,
14,46703763,764,722,
14,46704223,136,408,
14,46704943,149,116,
14,46705201,262,80,
14,46705337,10,2,
14,46705676,136,79,
14,46705715,230,105,
14,46705830,44,10,
14,46706528,666,212,
14,46706564,28,8,
14,46706668,67,31,
14,46706796,60,74,
14,46706906,513,224,
14,46706947,183,88,
14,46707062,21,14,
14,46707572,577,699,
14,46707708,75,5,
14,46708032,242,158,
14,46708055,76,20,
14,46708096,116,27,
14,46708351,70,20,
14,46708592,60,14,
14,46708601,200,66,
14,46708678,482,257,
14,46708766,87,16,
14,46708990,46,6,
14,46709179,305,92,
14,46709270,303,66,5
14,46709320,99,129,
14,46709543,207,111,
14,46709548,136,109,
14,46710042,62,35,
14,46710747,105,46,
14,46710756,45,16,
14,46710981,8,1,15
14,46711380,190,152,
14,46711574,340,350,
14,46711649,147,88,
14,46712547,64,10,
14,46712678,706,497,
14,46712790,21,3,
14,46712815,180,66,
14,46713106,531,152,
14,46713387,141,57,
14,46713444,160,130,
14,46713473,27,27,
14,46713526,289,299,
14,46713704,86,69,
14,46713929,284,409,
14,46714673,18,2,
14,46714916,31,10,
14,46714981,57,46,
14,46715600,288,84,
14,46715766,39,13,
14,46716469,270,193,
14,46716560,73,102,
14,46716696,97,59,
14,46716806,46,13,
14,46717442,140,61,
14,46717507,169,111,
14,46717536,33,5,
14,46717960,208,159,
14,46718061,304,143,
14,46718299,58,103,
14,46718485,162,212,
14,46718923,31,19,
14,46719222,551,556,
14,46719229,736,225,
14,46719423,92,47,
14,46719491,710,770,
14,46719899,263,69,
14,46719958,56,15,
14,46720395,934,504,
14,46720987,12,6,29
14,46721019,54,71,
14,46721179,301,81,
14,46721418,86,165,
14,46721452,115,114,
14,46721474,87,35,
14,46721488,156,24,
14,46721653,31,7,
14,46721703,76,25,
14,46721802,1314,240,
14,46721933,47,18,
14,46722074,76,14,
14,46722143,21,2,
14,46722188,60,14,
14,46722285,44,26,
14,46722570,224,20,
14,46722853,146,74,
14,46723049,21,10,19
14,46723183,48,12,
14,46723384,743,632,
14,46723694,133,58,
14,46723859,32,6,
14,46723898,29,4,
14,46723990,654,361,
14,46724348,8,1,
14,46724565,47,5,
14,46724567,10,5,
14,46724675,38,15,
14,46724743,15,4,
14,46725288,384,356,
14,46725300,341,134,
14,46725389,73,20,
14,46725632,139,73,
14,46726259,25,32,
14,46726526,147,34,
14,46726808,15,0,
14,46726827,14,2,
14,46726857,246,152,
14,46726907,39,37,
14,46726916,123,36,
14,46727587,1094,529,
14,46727862,56,12,
14,46728157,162,168,
14,46728197,180,145,
14,46728385,42,21,
14,46728808,480,103,
14,46729198,71,58,
14,46729368,552,424,
14,46730214,182,129,
14,46730346,101,47,
14,46730436,232,190,
14,46730504,500,273,
14,46730671,95,92,
14,46730826,14,1,
14,46730885,349,118,
14,46730926,14,4,
14,46731068,254,61,
14,46731432,275,89,
14,46731612,81,33,
14,46731638,10,9,
14,46731748,262,282,
14,46731976,794,500,
14,46731996,247,88,
14,46732213,285,141,
14,46732242,30,1,
14,46732555,47,9,
14,46732929,7,0,
14,46732967,260,112,
14,46733301,91,20,
14,46733306,62,18,30
14,46733624,243,335,
14,46733899,23,4,
14,46733905,11,9,
14,46734302,396,431,
14,46735022,63,11,
14,46735133,107,14,
14,46735139,103,44,
14,46735179,94,26,
14,46735231,29,15,
14,46735489,165,61,
14,46735511,473,305,
14,46735545,1031,647,
14,46735616,244,59,
14,46735644,296,157,
14,46735963,15,6,
14,46736048,112,154,
14,46736683,342,363,
14,46737076,32,10,
14,46737202,173,38,
14,46737447,237,255,
14,46737467,20,8,
14,46737630,449,202,
14,46737865,56,13,
14,46737957,123,22,
14,46738241,13,9,
14,46738809,6,1,
14,46738853,72,54,
14,46739043,35,4,
14,46740029,351,211,
14,46740280,42,27,
14,46740548,71,27,
14,46740584,13,0,
14,46740644,109,93,
14,46740705,24,16,
14,46740748,178,73,
14,46741458,3,0,
14,46741472,49,8,
14,46741482,106,30,
14,46741711,5,3,
14,46741923,90,27,
14,46741929,45,42,
14,46742035,6,0,
14,46742074,3,0,
14,46742250,87,180,
14,46742362,475,270,
14,46742389,524,306,
14,46742405,22,9,
14,46742432,210,120,
14,46742618,20,2,
14,46742635,183,119,
14,46742828,38,39,
14,46742902,3,2,
14,46743154,530,325,
14,46743199,6,1,
14,46743219,70,118,
14,46743466,19,2,
14,46743729,8,0,
14,46743867,26,48,
14,46743887,12,1,
14,46743908,510,331,
14,46743951,19,2,
14,46744214,3,0,
14,46744569,39,4,
14,46744647,131,28,
14,46744807,208,122,
14,46744874,19,1,
14,46744952,8,1,
14,46744968,103,134,
14,46745138,54,3,
14,46745150,40,2,
14,46745233,210,98,
14,46745259,153,15,
14,46745459,12,1,
14,46745831,16,9,
14,46745922,216,90,
14,46746096,19,19,
14,46746136,4,1,
14,46746231,14,3,
14,46746266,67,34,
14,46746297,5,1,
14,46746476,712,488,
14,46746477,16,2,
14,46746517,47,17,
14,46746570,75,23,
14,46746650,10,0,
14,46746681,124,30,
14,46746700,23,7,
14,46746742,12,6,
14,46746900,43,11,
14,46746946,141,125,
14,46747022,27,24,
14,46747078,16,0,
14,46747119,217,72,
14,46747213,27,20,
14,46747351,8,1,
14,46747366,295,102,
14,46747571,16,5,
14,46747777,32,21,
14,46747827,291,140,
14,46748071,45,19,
14,46748106,17,0,
14,46748139,3,0,
14,46748333,10,1,
14,46748404,30,1,
14,46748551,11,3,
14,46748723,5,0,
14,46748771,294,254,
14,46749053,193,80,
14,46749118,31,5,
14,46749198,582,607,
14,46749213,64,10,
14,46749261,28,12,
14,46749270,3,0,
14,46749508,22,7,
14,46749559,19,0,
14,46749636,55,17,
14,46749671,189,44,
14,46749754,6,0,
14,46750024,39,0,
14,46750053,55,6,
14,46750118,49,20,
14,46750214,115,22,
14,46750358,214,173,
14,46750367,16,1,
14,46750377,10,4,
14,46750425,198,51,
14,46750437,40,9,
14,46750470,155,135,
14,46750852,272,85,
14,46750951,31,16,28
14,46751231,54,50,
14,46751297,12,2,
14,46751448,25,4,
14,46751675,69,34,
14,46751797,22,1,
14,46751825,69,2,
14,46751826,312,16,
14,46751835,84,71,
14,46751899,608,300,
14,46751906,98,33,
14,46752076,65,55,
14,46752116,6,0,
14,46752151,687,353,
14,46752261,163,66,
14,46752335,18,0,
14,46752392,11,1,
14,46752841,32,13,
14,46752873,7,0,
14,46752907,89,76,
14,46752984,3,0,
14,46753034,4,0,
14,46753078,121,43,
14,46753142,46,16,
14,46753156,4,0,
14,46753301,237,33,
14,46753395,6,0,
14,46753484,414,126,
14,46753611,149,99,
14,46753623,4,0,
14,46753708,235,23,
14,46753838,16,15,
14,46753941,15,0,
14,46753974,15,24,
14,46754181,7,0,
14,46754201,16,0,
14,46754206,26,6,
14,46754312,14,0,
14,46754411,13,12,
14,46754427,128,49,
14,46754497,38,0,
14,46754522,51,6,
14,46754600,125,123,
14,46754724,54,7,
14,46754895,4,0,
14,46754944,639,206,13
14,46755019,14,3,
14,46755115,235,72,22
14,46755123,23,5,
14,46755175,5,0,
14,46755357,15,0,
14,46755439,6,0,
14,46755523,5,0,
14,46755644,37,12,
14,46755734,318,108,
14,46755975,16,8,
14,46755999,280,210,
14,46756117,1309,810,
14,46756186,9,0,
14,46756187,25,12,
14,46756293,18,8,
14,46756427,88,19,29
14,46756530,17,2,
14,46756742,27,3,
14,46756808,4,6,
14,46756860,4,3,
14,46756969,3,1,
14,46757019,7,2,
14,46757067,678,205,8
14,46757162,208,197,
14,46757224,86,47,
14,46757357,163,162,25
14,46757465,94,24,
14,46757868,43,10,
14,46757944,435,258,
14,46758056,34,10,
14,46758093,18,27,
14,46758199,3,0,
14,46758242,139,117,
14,46758253,20,2,
14,46758450,293,207,
14,46758621,30,2,
14,46758644,137,124,17
14,46759063,187,85,16
14,46759107,10,5,
14,46759144,10,2,
14,46759352,112,74,25
14,46759353,31,13,
14,46759387,41,45,
14,46759520,77,54,
14,46759627,29,15,
14,46759756,18,1,
14,46759785,7,0,
14,46759969,55,12,
14,46760099,243,65,11
14,46760102,17,7,
14,46760237,315,195,27
14,46760285,33,17,
14,46760307,11,1,
14,46760320,7,1,
14,46760338,19,9,
14,46760663,3,2,
14,46760782,4,3,
14,46760998,88,57,21
14,46761059,3,0,
14,46761061,103,76,
14,46761239,37,51,
14,46761369,4,1,
14,46761370,93,40,
14,46761400,5,1,
14,46761430,13,4,
14,46761493,15,5,
14,46761547,9,17,
14,46761614,127,62,
14,46761761,39,7,23
14,46761822,354,280,
14,46762027,7,5,
14,46762127,21,18,
14,46762150,236,142,7
14,46762264,5,3,
14,46762770,5,12,
14,46762844,22,11,
14,46762882,121,92,4
14,46763200,13,0,
14,46763274,11,0,
14,46763493,22,10,
14,46763548,126,151,
14,46763592,115,155,
14,46763635,15,14,
14,46763651,50,8,
14,46763721,52,44,12
14,46763779,12,0,
14,46763803,24,1,16
14,46763864,193,39,1
14,46763877,8,0,
14,46764006,8,1,
14,46764101,8,1,
14,46764160,9,3,
14,46764170,28,14,10
14,46764223,10,5,18
14,46764284,29,48,
14,46764348,8,1,
14,46764356,11,5,
14,46764381,19,6,
14,46764458,3,0,
14,46764787,12,0,
14,46765092,44,38,10
14,46765120,157,115,1
14,46765273,26,4,3
14,46765460,111,41,2
14,46765694,22,10,3
14,46765819,17,4,4
14,46766031,5,0,27
15,46686640,472,728,
15,46686655,405,210,
15,46687504,96,18,
15,46687603,36,9,
15,46687705,98,51,
15,46688133,52,9,
15,46688173,124,65,
15,46688191,31,10,
15,46688476,81,38,
15,46688521,24,7,
15,46688804,629,708,
15,46688971,524,334,
15,46689065,239,83,
15,46689289,4,0,18
15,46689342,40,19,
15,46689631,128,33,
15,46689834,27,3,
15,46689895,41,2,
15,46690092,93,52,
15,46690402,600,309,
15,46690463,57,30,24
15,46690530,79,27,
15,46690592,121,50,29
15,46690779,113,26,
15,46690907,348,258,
15,46691108,350,251,
15,46691130,36,7,
15,46691152,38,26,
15,46691243,457,452,
15,46691454,99,36,
15,46691660,99,72,
15,46691835,194,146,
15,46691963,19,4,
15,46692116,429,68,
15,46692347,36,9,
15,46692473,19,1,
15,46692594,775,804,
15,46693205,454,373,
15,46693460,174,84,
15,46693959,213,70,
15,46694124,257,82,
15,46694618,293,89,
15,46695415,118,65,
15,46695467,71,21,
15,46695628,565,112,
15,46695978,55,28,
15,46696081,21,5,
15,46696111,41,19,
15,46696276,163,35,
15,46696283,220,69,
15,46696300,197,93,
15,46696303,316,571,
15,46696309,45,8,
15,46696357,254,169,
15,46696647,28,0,
15,46696699,127,224,
15,46697390,16,3,
15,46697735,21,29,
15,46697876,106,11,
15,46697908,135,44,
15,46698061,264,152,
15,46698264,78,33,13
15,46698370,194,80,
15,46698456,25,7,19
15,46698469,46,5,
15,46698623,56,19,
15,46698660,456,260,
15,46699072,192,148,
15,46699324,32,14,
15,46699697,237,54,
15,46700384,33,15,
15,46700489,18,4,16
15,46700503,260,56,
15,46700594,635,373,
15,46701114,106,65,
15,46701733,432,264,
15,46702099,236,159,
15,46702411,261,345,
15,46702980,36,7,
15,46703301,276,136,
15,46703317,188,19,
15,46703763,764,722,
15,46704223,136,408,
15,46704943,149,116,
15,46705201,262,80,
15,46705337,11,2,
15,46705676,136,79,
15,46705715,230,105,
15,46705830,44,10,
15,46706528,666,212,
15,46706564,28,8,
15,46706668,67,31,
15,46706796,60,74,
15,46706906,513,224,
15,46706947,183,88,
15,46707062,21,14,
15,46707572,577,699,
15,46707708,75,5,
15,46708032,242,158,
15,46708055,76,20,
15,46708096,116,27,
15,46708351,70,20,
15,46708592,60,14,
15,46708601,200,66,
15,46708678,482,257,
15,46708766,87,16,
15,46708990,46,6,
15,46709179,305,92,
15,46709270,339,87,6
15,46709320,99,129,
15,46709543,207,111,
15,46709548,136,109,
15,46710042,62,35,
15,46710747,105,46,
15,46710756,45,16,
15,46710981,14,2,25
15,46711380,190,152,
15,46711574,340,350,
15,46711649,147,88,
15,46712547,64,10,
15,46712678,706,497,
15,46712790,21,3,
15,46712815,180,66,
15,46713106,531,152,
15,46713387,141,57,
15,46713444,160,130,
15,46713473,27,27,
15,46713526,289,299,
15,46713704,86,69,
15,46713929,284,409,
15,46714673,18,2,
15,46714916,31,10,
15,46714981,57,46,
15,46715600,288,84,
15,46715766,39,13,
15,46716469,270,193,
15,46716560,73,102,
15,46716696,97,59,
15,46716806,46,13,
15,46717442,140,61,
15,46717507,169,111,
15,46717536,33,5,
15,46717960,208,159,
15,46718061,304,143,
15,46718299,58,103,
15,46718485,162,212,
15,46718923,31,19,
15,46719222,551,556,
15,46719229,736,225,
15,46719423,92,47,
15,46719491,710,770,
15,46719899,263,69,
15,46719958,57,19,
15,46720395,934,504,
15,46720987,12,6,
15,46721019,54,71,
15,46721179,301,81,
15,46721418,86,165,
15,46721452,115,114,
15,46721474,87,35,
15,46721488,156,24,
15,46721653,31,7,
15,46721703,76,25,
15,46721802,1314,240,
15,46721933,47,18,
15,46722074,76,14,
15,46722188,60,14,
15,46722285,44,26,
15,46722570,224,20,
15,46722853,146,74,
15,46723049,25,10,27
15,46723183,48,12,
15,46723384,743,632,
15,46723694,133,58,
15,46723859,32,6,
15,46723898,29,4,
15,46723990,654,361,
15,46724348,9,1,
15,46724565,47,5,
15,46724567,10,5,
15,46724675,38,15,
15,46724743,15,4,
15,46725288,384,356,
15,46725300,342,134,
15,46725389,73,20,
15,46725632,139,73,
15,46726259,25,32,
15,46726526,147,34,
15,46726808,15,0,
15,46726827,14,2,
15,46726857,246,152,
15,46726907,39,37,
15,46726916,123,36,
15,46727587,1095,529,
15,46727862,56,12,
15,46728157,163,168,
15,46728197,180,145,
15,46728385,42,21,
15,46728808,480,103,
15,46729198,72,59,
15,46729368,552,424,
15,46730214,182,129,
15,46730346,101,47,
15,46730436,232,190,
15,46730504,500,273,
15,46730826,14,1,
15,46730885,350,118,
15,46730926,14,4,
15,46731068,254,61,
15,46731432,275,89,
15,46731612,81,33,
15,46731638,10,9,
15,46731748,262,282,
15,46731976,794,500,
15,46731996,247,88,
15,46732213,285,141,
15,46732242,30,1,
15,46732929,7,0,
15,46732967,260,112,
15,46733301,91,20,
15,46733306,62,18,
15,46733624,243,336,
15,46733899,23,4,
15,46733905,11,9,
15,46734302,397,432,
15,46735022,63,11,
15,46735133,107,14,
15,46735139,103,44,
15,46735179,94,26,
15,46735231,29,15,
15,46735489,165,61,
15,46735511,473,305,
15,46735545,1031,647,
15,46735616,244,59,
15,46735644,296,157,
15,46736048,112,154,
15,46736683,342,363,
15,46737076,32,10,
15,46737202,173,38,
15,46737447,237,255,
15,46737467,20,8,
15,46737630,449,203,
15,46737865,56,13,
15,46737957,123,22,
15,46738241,13,9,
15,46738809,6,1,
15,46738853,72,54,
15,46739043,35,4,
15,46740029,351,211,
15,46740280,42,27,
15,46740548,71,27,
15,46740584,13,0,
15,46740644,109,93,
15,46740705,24,16,
15,46740748,178,73,
15,46741472,49,8,
15,46741482,106,30,
15,46741711,5,3,
15,46741923,90,27,
15,46741929,45,42,
15,46742035,6,0,
15,46742074,3,0,
15,46742250,88,180,
15,46742362,475,270,
15,46742389,525,307,
15,46742405,22,9,
15,46742432,210,120,
15,46742618,20,2,
15,46742635,183,119,
15,46742828,38,39,
15,46742902,3,2,
15,46743154,530,325,
15,46743199,6,1,
15,46743219,70,118,
15,46743466,19,2,
15,46743729,8,0,
15,46743867,26,48,
15,46743887,12,1,
15,46743908,510,332,
15,46743951,20,2,
15,46744214,3,0,
15,46744569,39,4,
15,46744647,132,28,
15,46744807,208,122,
15,46744874,19,1,
15,46744952,8,1,
15,46744968,103,134,
15,46745138,54,3,
15,46745150,40,2,
15,46745233,210,98,
15,46745259,153,15,
15,46745459,12,1,
15,46745831,16,9,
15,46745922,217,90,
15,46746096,19,19,
15,46746136,4,1,
15,46746231,14,3,
15,46746266,67,34,
15,46746297,5,1,
15,46746476,712,489,
15,46746477,16,2,
15,46746517,47,17,
15,46746570,75,23,
15,46746650,10,0,
15,46746681,124,30,
15,46746700,23,7,
15,46746742,12,6,
15,46746900,43,11,
15,46746946,141,125,
15,46747022,27,24,
15,46747078,16,0,
15,46747119,217,72,
15,46747213,27,21,
15,46747351,8,1,
15,46747366,295,102,
15,46747571,16,5,
15,46747777,32,21,
15,46747827,291,141,
15,46748071,45,19,
15,46748106,17,0,
15,46748139,3,0,
15,46748333,10,1,
15,46748404,30,1,
15,46748723,5,0,
15,46748771,294,254,
15,46749053,195,80,
15,46749118,31,5,
15,46749198,582,611,
15,46749213,64,10,
15,46749261,29,12,
15,46749270,3,0,
15,46749508,22,7,
15,46749559,19,0,
15,46749636,55,18,
15,46749671,189,44,
15,46749754,6,0,
15,46750024,39,0,
15,46750053,55,6,
15,46750118,49,20,
15,46750214,115,22,
15,46750358,214,173,
15,46750367,16,1,
15,46750377,10,4,
15,46750425,198,51,
15,46750437,40,9,
15,46750470,155,135,
15,46750852,272,85,
15,46750951,32,16,
15,46751231,54,50,
15,46751297,12,2,
15,46751448,25,4,
15,46751675,69,34,
15,46751797,22,1,
15,46751825,70,2,
15,46751826,313,16,
15,46751835,84,71,
15,46751899,609,300,
15,46751906,98,33,
15,46752076,66,55,
15,46752116,6,0,
15,46752151,689,354,
15,46752261,164,66,
15,46752335,18,0,
15,46752392,11,1,
15,46752841,32,13,
15,46752873,7,0,
15,46752907,90,79,
15,46752984,3,0,
15,46753034,4,0,
15,46753078,124,43,
15,46753142,47,16,
15,46753156,4,0,
15,46753301,237,33,
15,46753395,6,0,
15,46753484,417,131,
15,46753611,150,99,
15,46753623,4,0,
15,46753708,236,26,
15,46753838,16,15,
15,46753941,15,0,
15,46753974,15,24,
15,46754181,7,0,
15,46754201,16,0,
15,46754206,26,6,
15,46754312,14,0,
15,46754411,13,12,
15,46754427,129,49,
15,46754497,39,0,
15,46754522,52,6,
15,46754600,126,124,
15,46754724,54,7,
15,46754895,4,0,
15,46754944,644,209,17
15,46755019,14,3,
15,46755115,242,72,28
15,46755123,23,8,
15,46755175,5,0,
15,46755357,15,0,
15,46755439,6,0,
15,46755523,5,0,
15,46755644,37,12,
15,46755734,319,108,
15,46755975,16,8,
15,46755999,282,210,
15,46756117,1318,822,
15,46756186,9,0,
15,46756187,25,12,
15,46756293,18,8,
15,46756427,90,19,
15,46756530,18,2,
15,46756742,34,4,
15,46756808,4,6,
15,46756860,4,3,
15,46756969,3,1,
15,46757019,7,2,
15,46757067,692,207,11
15,46757162,211,201,
15,46757224,88,50,
15,46757357,167,168,
15,46757465,96,24,
15,46757868,43,10,
15,46757944,437,260,
15,46758056,34,11,
15,46758093,18,27,
15,46758199,3,0,
15,46758242,140,118,
15,46758253,20,2,
15,46758450,296,207,
15,46758621,30,2,
15,46758644,152,133,22
15,46759063,202,96,21
15,46759107,10,5,
15,46759144,11,2,
15,46759352,115,76,30
15,46759353,31,13,
15,46759387,41,45,
15,46759520,78,54,
15,46759627,30,15,
15,46759756,18,1,
15,46759785,7,0,
15,46759969,56,13,
15,46760099,252,68,15
15,46760102,17,7,
15,46760237,327,205,
15,46760285,33,18,
15,46760307,11,1,
15,46760320,7,1,
15,46760338,19,10,
15,46760663,3,2,
15,46760782,4,3,
15,46760998,90,58,
15,46761059,3,0,
15,46761061,105,79,
15,46761239,37,51,
15,46761369,4,1,
15,46761370,96,43,
15,46761400,5,1,
15,46761430,13,4,
15,46761493,16,5,
15,46761547,9,18,
15,46761614,134,68,
15,46761761,46,10,26
15,46761822,359,289,
15,46762027,7,5,
15,46762127,21,18,
15,46762150,253,144,8
15,46762264,5,3,
15,46762770,7,15,
15,46762844,24,12,
15,46762882,140,99,5
15,46763200,14,0,
15,46763274,14,0,
15,46763493,31,10,
15,46763548,128,164,
15,46763592,125,161,
15,46763635,16,16,
15,46763651,53,12,
15,46763721,56,46,
15,46763779,15,3,
15,46763803,40,7,23
15,46763864,241,59,1
15,46763877,8,0,
15,46764006,9,1,
15,46764101,9,1,
15,46764139,5,1,
15,46764160,10,4,
15,46764170,47,24,11
15,46764223,32,18,14
15,46764228,3,0,
15,46764284,29,48,
15,46764348,9,1,
15,46764356,11,6,
15,46764381,38,17,
15,46764458,3,0,
15,46764787,12,0,
15,46765092,66,67,18
15,46765120,189,154,13
15,46765273,33,8,8
15,46765460,244,110,3
15,46765506,3,2,
15,46765694,64,31,2
15,46765819,121,154,1
15,46766031,69,33,5
15,46766229,19,6,4
15,46766432,9,0,13
15,46766493,11,6,23
15,46766507,7,1,7
15,46766526,30,18,10
15,46766560,25,1,18
15,46766741,14,0,
16,46686640,472,728,
16,46686655,405,210,
16,46687603,36,9,
16,46687705,98,51,
16,46688133,52,9,
16,46688173,124,65,
16,46688191,31,10,
16,46688476,81,39,
16,46688521,24,7,
16,46688804,631,709,
16,46688971,525,334,
16,46689065,239,83,
16,46689289,7,1,19
16,46689342,40,19,
16,46689631,128,34,
16,46689834,27,3,
16,46689895,41,2,
16,46690092,93,52,
16,46690402,600,309,
16,46690463,61,32,27
16,46690530,79,27,
16,46690592,125,51,
16,46690779,113,26,
16,46690907,348,258,
16,46691108,350,251,
16,46691130,36,7,
16,46691152,38,27,
16,46691243,457,452,
16,46691454,99,36,
16,46691660,99,72,
16,46691835,194,146,
16,46691963,19,4,
16,46692116,429,68,
16,46692347,36,9,
16,46692473,19,1,
16,46692594,775,804,
16,46693205,454,373,
16,46693460,174,87,
16,46693959,213,70,
16,46694124,257,82,
16,46694618,293,89,
16,46695415,118,65,
16,46695467,71,21,
16,46695628,565,112,
16,46695978,55,28,
16,46696081,21,5,
16,46696111,41,19,
16,46696276,163,35,
16,46696283,220,69,
16,46696300,197,93,
16,46696303,316,571,
16,46696309,45,8,
16,46696357,254,169,
16,46696647,28,0,
16,46696699,127,224,
16,46697390,16,3,
16,46697735,21,29,
16,46697876,107,11,
16,46697908,135,44,
16,46698061,264,152,
16,46698264,98,40,15
16,46698370,194,80,
16,46698456,33,13,23
16,46698469,46,5,
16,46698623,56,19,
16,46698660,456,260,
16,46699072,192,148,
16,46699324,32,14,
16,46699697,237,54,
16,46700384,33,15,
16,46700489,31,6,17
16,46700503,260,56,
16,46700594,635,373,
16,46701114,106,65,
16,46701733,432,264,
16,46702099,236,159,
16,46702411,261,345,
16,46702980,36,7,
16,46703301,276,136,
16,46703317,188,19,
16,46703763,764,722,
16,46704223,136,408,
16,46704943,149,116,
16,46705201,262,80,
16,46705337,11,2,
16,46705676,136,79,
16,46705715,230,105,
16,46705830,44,10,
16,46706528,666,212,
16,46706564,28,8,
16,46706668,67,31,
16,46706796,60,74,
16,46706906,513,224,
16,46706947,183,88,
16,46707062,21,14,
16,46707572,577,699,
16,46707708,75,5,
16,46708032,242,158,
16,46708055,76,20,
16,46708096,116,27,
16,46708351,70,20,
16,46708592,60,14,
16,46708601,200,66,
16,46708678,482,257,
16,46708766,87,16,
16,46708990,46,6,
16,46709179,305,92,
16,46709270,361,92,7
16,46709320,99,129,
16,46709543,207,111,
16,46709548,136,109,
16,46710042,62,35,
16,46710747,105,46,
16,46710756,45,16,
16,46710981,17,5,28
16,46711380,190,152,
16,46711574,340,350,
16,46711649,147,88,
16,46712547,64,10,
16,46712678,706,498,
16,46712815,180,66,
16,46713106,531,152,
16,46713387,141,57,
16,46713444,160,130,
16,46713473,27,27,
16,46713526,289,299,
16,46713704,86,69,
16,46713929,284,409,
16,46714673,18,2,
16,46714916,31,10,
16,46714981,57,46,
16,46715600,288,84,
16,46715766,39,13,
16,46716469,270,193,
16,46716560,73,102,
16,46716696,97,59,
16,46716806,46,13,
16,46717442,140,61,
16,46717472,13,0,16
16,46717507,169,111,
16,46717536,34,5,
16,46717960,208,159,
16,46718061,304,143,
16,46718299,58,103,
16,46718485,162,212,
16,46718923,31,19,
16,46719222,551,556,
16,46719229,737,225,
16,46719423,92,47,
16,46719491,710,771,
16,46719899,263,69,
16,46719958,58,19,
16,46720395,935,504,
16,46720987,12,6,
16,46721019,54,71,
16,46721179,301,81,
16,46721418,86,165,
16,46721452,115,114,
16,46721474,87,35,
16,46721488,156,24,
16,46721653,31,7,
16,46721703,76,25,
16,46721802,1315,240,
16,46721933,47,18,
16,46722074,76,14,
16,46722188,60,14,
16,46722285,44,26,
16,46722570,224,20,
16,46722853,146,74,
16,46723049,28,10,
16,46723183,48,12,
16,46723384,743,632,
16,46723694,133,58,
16,46723859,32,6,
16,46723898,29,4,
16,46723990,655,362,
16,46724348,9,1,
16,46724565,47,5,
16,46724567,10,5,
16,46724675,38,15,
16,46724743,15,4,
16,46725288,384,356,
16,46725300,342,134,
16,46725389,73,20,
16,46725632,139,73,
16,46726259,25,32,
16,46726526,147,34,
16,46726808,15,0,
16,46726827,14,2,
16,46726857,246,152,
16,46726907,39,37,
16,46726916,123,36,
16,46727587,1095,529,
16,46727862,56,12,
16,46728157,163,168,
16,46728197,180,145,
16,46728385,42,21,
16,46728808,480,103,
16,46729198,73,60,
16,46729368,552,424,
16,46730214,182,129,
16,46730346,101,47,
16,46730436,232,190,
16,46730504,500,273,
16,46730826,14,1,
16,46730885,350,118,
16,46730926,14,4,
16,46731068,254,61,
16,46731432,275,89,
16,46731612,81,33,
16,46731638,10,9,
16,46731748,262,282,
16,46731976,796,500,
16,46731996,247,88,
16,46732213,285,141,
16,46732242,30,1,
16,46732929,7,0,
16,46732967,260,112,
16,46733301,91,20,
16,46733306,62,19,
16,46733624,243,336,
16,46733899,23,4,
16,46733905,11,9,
16,46734302,398,432,
16,46735022,63,11,
16,46735133,107,14,
16,46735139,103,44,
16,46735179,94,26,
16,46735231,29,15,
16,46735489,165,61,
16,46735511,473,305,
16,46735545,1031,647,
16,46735616,244,59,
16,46735644,296,157,
16,46736048,112,154,
16,46736683,342,364,
16,46737076,32,10,
16,46737202,174,38,
16,46737447,237,255,
16,46737467,20,8,
16,46737630,449,203,
16,46737865,56,13,
16,46737957,123,22,
16,46738241,13,9,
16,46738809,6,1,
16,46738853,72,54,
16,46739043,35,4,
16,46740029,351,211,
16,46740548,71,27,
16,46740584,13,0,
16,46740644,109,93,
16,46740705,24,16,
16,46740748,178,73,
16,46741472,49,8,
16,46741482,106,30,
16,46741923,90,27,
16,46741929,45,42,
16,46742035,6,0,
16,46742074,3,0,
16,46742250,88,179,
16,46742362,475,270,
16,46742389,527,307,
16,46742405,22,9,
16,46742432,210,120,
16,46742618,20,2,
16,46742635,183,119,
16,46742828,38,39,
16,46742902,3,3,
16,46743154,530,325,
16,46743199,6,1,
16,46743219,70,118,
16,46743466,20,2,
16,46743729,8,0,
16,46743867,26,48,
16,46743887,12,1,
16,46743908,513,332,
16,46743951,20,2,
16,46744214,3,0,
16,46744272,4,0,
16,46744569,39,4,
16,46744647,132,28,
16,46744807,208,122,
16,46744874,20,1,
16,46744952,8,1,
16,46744968,103,134,
16,46745138,54,3,
16,46745150,40,2,
16,46745233,210,98,
16,46745259,153,15,
16,46745459,12,1,
16,46745831,17,9,
16,46745922,217,90,
16,46746096,19,19,
16,46746136,4,1,
16,46746231,14,3,
16,46746266,67,34,
16,46746297,5,1,
16,46746476,712,489,
16,46746517,47,17,
16,46746570,75,23,
16,46746650,10,0,
16,46746681,124,30,
16,46746700,23,7,
16,46746742,12,6,
16,46746900,43,11,
16,46746946,141,125,
16,46747022,27,24,
16,46747078,16,0,
16,46747119,217,72,
16,46747213,27,21,
16,46747351,8,1,
16,46747366,295,102,
16,46747571,16,5,
16,46747777,32,21,
16,46747827,291,141,
16,46748071,45,19,
16,46748106,18,0,
16,46748139,3,0,
16,46748404,30,1,
16,46748723,5,0,
16,46748771,294,254,
16,46749053,195,80,
16,46749118,31,5,
16,46749198,585,612,
16,46749213,64,10,
16,46749261,29,12,
16,46749270,3,0,
16,46749508,22,7,
16,46749559,20,0,
16,46749636,55,18,
16,46749671,189,44,
16,46749754,6,0,
16,46750024,39,0,
16,46750053,55,6,
16,46750118,49,20,
16,46750214,115,22,
16,46750358,214,173,
16,46750367,16,1,
16,46750377,10,4,
16,46750425,198,51,
16,46750437,40,9,
16,46750470,156,136,
16,46750852,272,84,
16,46750951,32,17,
16,46751231,54,50,
16,46751297,12,2,
16,46751448,25,4,
16,46751675,69,34,
16,46751797,22,1,
16,46751825,71,2,
16,46751826,314,16,
16,46751835,85,71,
16,46751899,611,301,
16,46751906,98,33,
16,46752076,66,55,
16,46752116,6,0,
16,46752151,690,354,
16,46752261,166,68,
16,46752335,18,0,
16,46752392,11,1,
16,46752841,32,13,
16,46752873,7,0,
16,46752907,90,79,
16,46753034,4,0,
16,46753078,128,43,
16,46753142,47,16,
16,46753156,4,0,
16,46753301,238,33,
16,46753395,6,0,
16,46753484,420,131,
16,46753611,151,100,
16,46753623,4,0,
16,46753708,237,26,
16,46753838,17,15,
16,46753941,16,0,
16,46753974,16,24,
16,46754181,7,0,
16,46754201,17,0,
16,46754206,27,6,
16,46754312,14,0,
16,46754427,129,49,
16,46754497,39,0,
16,46754522,52,6,
16,46754724,54,7,
16,46754895,4,0,
16,46754944,648,212,22
16,46755019,14,3,
16,46755115,243,73,30
16,46755123,23,8,
16,46755175,5,0,
16,46755357,15,0,
16,46755439,6,0,
16,46755523,5,0,
16,46755644,37,12,
16,46755734,324,109,
16,46755975,16,8,
16,46755999,284,210,
16,46756117,1325,837,
16,46756186,9,0,
16,46756187,25,12,
16,46756293,18,8,
16,46756427,91,19,
16,46756530,19,2,
16,46756742,36,4,
16,46756808,4,6,
16,46756860,4,3,
16,46756969,3,1,
16,46757019,7,2,
16,46757067,709,211,13
16,46757162,212,202,
16,46757224,88,50,
16,46757357,167,173,
16,46757465,96,24,
16,46757868,43,10,
16,46757944,438,260,
16,46758056,35,11,
16,46758093,19,27,
16,46758199,3,0,
16,46758242,140,119,
16,46758253,21,2,
16,46758450,297,208,
16,46758621,30,2,
16,46758644,167,148,26
16,46759063,212,104,25
16,46759107,10,5,
16,46759144,11,2,
16,46759352,115,80,
16,46759353,31,13,
16,46759387,41,50,
16,46759520,78,54,
16,46759627,30,15,
16,46759756,19,1,
16,46759785,7,0,
16,46759969,59,13,
16,46760099,261,73,19
16,46760102,18,8,
16,46760237,333,207,
16,46760285,33,18,
16,46760307,11,1,
16,46760320,7,1,
16,46760338,19,10,
16,46760663,3,2,
16,46760998,91,63,
16,46761059,4,0,
16,46761061,109,83,
16,46761239,37,51,
16,46761369,4,1,
16,46761370,97,43,
16,46761400,5,1,
16,46761430,13,4,
16,46761493,16,5,
16,46761547,10,18,
16,46761614,136,71,
16,46761761,53,13,29
16,46761822,362,296,
16,46762027,8,6,
16,46762127,22,18,
16,46762150,261,149,13
16,46762264,5,3,
16,46762770,9,16,
16,46762844,25,12,
16,46762882,154,116,9
16,46763200,16,0,
16,46763274,14,0,
16,46763493,33,19,
16,46763548,128,167,
16,46763592,128,166,
16,46763635,18,16,
16,46763651,56,12,
16,46763721,57,47,
16,46763779,17,4,
16,46763803,44,10,
16,46763864,274,63,2
16,46763877,9,0,
16,46764101,9,1,
16,46764139,7,1,
16,46764160,10,4,
16,46764170,69,36,8
16,46764223,68,37,12
16,46764228,3,0,
16,46764284,29,48,
16,46764348,10,2,
16,46764356,11,7,
16,46764381,52,30,
16,46764607,5,3,
16,46764787,12,0,
16,46765092,74,88,
16,46765120,217,191,18
16,46765273,36,13,16
16,46765460,357,193,3
16,46765506,3,2,
16,46765694,86,50,3
16,46765819,140,204,26
16,46766031,124,68,6
16,46766229,38,14,5
16,46766432,38,3,3
16,46766493,24,26,24
16,46766507,24,12,5
16,46766526,60,59,11
16,46766560,32,2,
16,46766741,135,42,1
16,46767080,12,0,
16,46767323,21,3,4
16,46767668,11,3,20
17,46686640,472,728,
17,46686655,405,210,
17,46687603,36,9,
17,46687705,98,51,
17,46688133,52,9,
17,46688173,124,65,
17,46688191,31,10,
17,46688476,81,40,
17,46688521,24,7,
17,46688804,633,709,
17,46688971,525,334,
17,46689065,239,83,
17,46689289,12,3,21
17,46689342,40,19,
17,46689631,128,34,
17,46689834,27,3,
17,46689895,41,2,
17,46690092,93,52,
17,46690402,600,309,
17,46690463,64,36,
17,46690530,79,27,
17,46690592,127,55,
17,46690779,113,26,
17,46690907,348,258,
17,46691108,350,252,
17,46691130,36,7,
17,46691152,38,29,
17,46691243,457,452,
17,46691454,99,36,
17,46691660,99,72,
17,46691835,194,146,
17,46691963,19,4,
17,46692116,429,68,
17,46692347,36,9,
17,46692473,19,1,
17,46692594,775,804,
17,46693205,454,373,
17,46693460,175,87,
17,46693959,213,70,
17,46694124,257,82,
17,46694618,293,89,
17,46695415,118,65,
17,46695467,71,21,
17,46695628,565,112,
17,46695978,55,28,
17,46696081,21,5,
17,46696111,41,19,
17,46696276,163,35,
17,46696283,220,69,
17,46696300,197,93,
17,46696303,316,571,
17,46696309,45,8,
17,46696357,254,169,
17,46696647,28,0,
17,46696699,127,224,
17,46697390,16,3,
17,46697735,21,29,
17,46697876,107,11,
17,46697908,135,44,
17,46698061,264,152,
17,46698264,111,44,17
17,46698370,194,80,
17,46698456,43,15,27
17,46698469,46,5,
17,46698623,56,19,
17,46698660,456,260,
17,46699072,192,148,
17,46699324,32,14,
17,46699697,237,54,
17,46700384,33,15,
17,46700489,39,9,21
17,46700503,260,56,
17,46700594,635,373,
17,46701114,106,65,
17,46701733,432,264,
17,46702099,236,159,
17,46702411,261,345,
17,46702980,36,7,
17,46703301,276,136,
17,46703317,188,19,
17,46703763,765,722,
17,46704223,136,408,
17,46704943,149,116,
17,46705201,262,80,
17,46705337,11,2,
17,46705676,136,79,
17,46705715,230,105,
17,46705830,44,10,
17,46706528,666,212,
17,46706564,28,8,
17,46706668,67,31,
17,46706796,60,74,
17,46706906,513,224,
17,46706947,183,88,
17,46707062,21,14,
17,46707572,577,699,
17,46707708,75,5,
17,46708032,242,158,
17,46708055,76,20,
17,46708096,116,27,
17,46708351,70,20,
17,46708592,60,14,
17,46708601,200,66,
17,46708678,482,257,
17,46708766,87,16,
17,46708990,46,6,
17,46709179,305,92,
17,46709270,390,100,10
17,46709320,99,129,
17,46709461,3,0,20
17,46709543,207,111,
17,46709548,136,109,
17,46710042,62,35,
17,46710747,106,46,
17,46710756,45,16,
17,46710981,17,6,
17,46711380,190,152,
17,46711574,340,350,
17,46711649,147,88,
17,46712547,64,10,
17,46712678,706,499,
17,46712815,180,66,
17,46713106,531,152,
17,46713387,141,57,
17,46713444,160,130,
17,46713473,27,27,
17,46713526,289,299,
17,46713704,86,69,
17,46713929,284,409,
17,46714673,18,2,
17,46714916,31,10,
17,46714981,57,46,
17,46715600,288,84,
17,46715766,39,13,
17,46716469,270,193,
17,46716560,73,102,
17,46716696,97,59,
17,46716806,46,13,
17,46717442,141,61,
17,46717472,18,2,19
17,46717507,169,111,
17,46717536,34,5,
17,46717960,208,161,
17,46718061,304,143,
17,46718299,58,103,
17,46718485,162,212,
17,46718923,31,19,
17,46719222,551,556,
17,46719229,737,225,
17,46719423,92,47,
17,46719491,710,771,
17,46719899,263,69,
17,46719958,59,19,
17,46720395,935,504,
17,46720987,12,6,
17,46721019,54,71,
17,46721179,301,81,
17,46721418,86,165,
17,46721452,115,114,
17,46721474,87,35,
17,46721488,156,24,
17,46721653,31,7,
17,46721703,76,25,
17,46721802,1315,240,
17,46721933,47,18,
17,46722074,76,14,
17,46722188,60,14,
17,46722285,44,26,
17,46722570,224,20,
17,46722853,146,74,
17,46723049,28,10,
17,46723183,48,12,
17,46723384,743,632,
17,46723694,133,58,
17,46723859,32,6,
17,46723898,29,4,
17,46723990,656,362,
17,46724348,9,1,
17,46724565,47,5,
17,46724675,38,15,
17,46724743,15,4,
17,46725288,384,356,
17,46725300,342,134,
17,46725389,73,20,
17,46725632,139,73,
17,46726259,25,32,
17,46726526,147,34,
17,46726808,15,0,
17,46726827,14,2,
17,46726857,246,152,
17,46726907,39,37,
17,46726916,123,36,
17,46727587,1095,529,
17,46727862,56,12,
17,46728157,163,168,
17,46728197,180,145,
17,46728385,42,21,
17,46728808,480,103,
17,46729198,73,60,
17,46729368,552,424,
17,46730214,182,129,
17,46730346,101,47,
17,46730436,232,190,
17,46730504,500,273,
17,46730826,14,1,
17,46730885,350,118,
17,46730926,14,4,
17,46731068,254,61,
17,46731432,275,89,
17,46731612,81,33,
17,46731638,10,9,
17,46731748,262,282,
17,46731976,796,500,
17,46731996,247,88,
17,46732213,285,141,
17,46732242,30,1,
17,46732929,7,0,
17,46732967,260,112,
17,46733301,91,20,
17,46733306,62,20,
17,46733624,243,336,
17,46733899,23,4,
17,46733905,11,9,
17,46734302,398,433,
17,46735022,63,11,
17,46735133,107,14,
17,46735139,103,44,
17,46735179,94,26,
17,46735231,29,15,
17,46735489,165,61,
17,46735511,473,305,
17,46735545,1031,647,
17,46735616,244,59,
17,46735644,296,157,
17,46736048,112,155,
17,46736683,342,364,
17,46737076,32,10,
17,46737202,174,38,
17,46737447,237,255,
17,46737467,20,8,
17,46737630,449,203,
17,46737865,56,13,
17,46737957,123,22,
17,46738241,13,9,
17,46738809,6,1,
17,46738853,72,54,
17,46739043,35,4,
17,46740029,351,211,
17,46740548,71,27,
17,46740584,13,0,
17,46740644,109,93,
17,46740705,24,16,
17,46740748,179,73,
17,46741472,49,8,
17,46741482,106,30,
17,46741923,90,27,
17,46741929,45,42,
17,46742035,6,0,
17,46742250,88,179,
17,46742362,475,270,
17,46742389,527,307,
17,46742405,22,9,
17,46742432,211,120,
17,46742618,20,2,
17,46742635,183,119,
17,46742828,38,39,
17,46742902,3,3,
17,46743154,530,325,
17,46743199,6,1,
17,46743219,70,118,
17,46743466,20,2,
17,46743729,8,0,
17,46743867,26,48,
17,46743887,12,1,
17,46743908,515,332,
17,46743951,20,2,
17,46744214,3,0,
17,46744272,4,0,
17,46744569,39,4,
17,46744647,132,28,
17,46744807,208,122,
17,46744874,20,1,
17,46744952,8,1,
17,46744968,103,134,
17,46745138,54,3,
17,46745150,41,2,
17,46745233,210,98,
17,46745259,153,15,
17,46745459,12,1,
17,46745831,17,9,
17,46745922,217,90,
17,46746096,19,19,
17,46746136,4,1,
17,46746231,14,3,
17,46746266,67,34,
17,46746297,5,1,
17,46746476,713,489,
17,46746517,47,17,
17,46746570,75,23,
17,46746650,10,0,
17,46746681,124,30,
17,46746700,23,7,
17,46746742,12,6,
17,46746900,43,11,
17,46746946,141,125,
17,46747022,27,24,
17,46747078,16,0,
17,46747119,217,72,
17,46747213,27,21,
17,46747351,8,1,
17,46747366,296,102,
17,46747571,16,5,
17,46747777,32,21,
17,46747827,291,141,
17,46748071,45,19,
17,46748106,18,0,
17,46748139,3,0,
17,46748404,30,1,
17,46748723,5,0,
17,46748771,294,255,
17,46749053,195,81,
17,46749118,31,5,
17,46749198,585,613,
17,46749213,64,10,
17,46749261,29,12,
17,46749270,3,0,
17,46749508,23,7,
17,46749559,20,0,
17,46749636,55,18,
17,46749671,189,44,
17,46749754,6,0,
17,46750024,39,0,
17,46750053,55,6,
17,46750118,49,20,
17,46750214,115,23,
17,46750358,214,176,
17,46750367,16,1,
17,46750377,10,4,
17,46750425,199,51,
17,46750437,40,9,
17,46750470,156,136,
17,46750852,272,84,
17,46750951,32,19,
17,46751231,54,50,
17,46751297,12,2,
17,46751448,25,4,
17,46751675,69,34,
17,46751797,22,1,
17,46751825,71,2,
17,46751826,314,16,
17,46751835,85,71,
17,46751899,613,301,
17,46751906,98,33,
17,46752076,66,55,
17,46752116,6,0,
17,46752151,691,354,
17,46752261,167,69,
17,46752335,18,0,
17,46752392,11,1,
17,46752841,32,13,
17,46752873,7,0,
17,46752907,90,79,
17,46753034,4,0,
17,46753078,128,43,
17,46753142,47,16,
17,46753156,4,0,
17,46753256,3,0,
17,46753301,238,33,
17,46753395,6,0,
17,46753484,422,131,
17,46753611,151,100,
17,46753623,4,0,
17,46753708,237,26,
17,46753838,17,15,
17,46753941,16,0,
17,46753974,16,24,
17,46754181,7,0,
17,46754201,17,0,
17,46754206,28,6,
17,46754312,14,0,
17,46754427,130,49,
17,46754497,39,0,
17,46754522,53,6,
17,46754724,54,7,
17,46754944,652,214,
17,46755019,14,3,
17,46755115,248,75,
17,46755123,24,8,
17,46755175,6,0,
17,46755357,15,0,
17,46755439,6,0,
17,46755523,5,0,
17,46755644,38,12,
17,46755734,326,110,
17,46755975,16,8,
17,46755999,289,210,
17,46756117,1335,851,
17,46756186,10,0,
17,46756187,25,12,
17,46756293,18,8,
17,46756427,92,19,
17,46756530,20,2,
17,46756742,39,5,
17,46756808,4,6,
17,46756860,4,3,
17,46756969,3,1,
17,46757019,7,2,
17,46757067,731,218,15
17,46757162,213,202,
17,46757224,89,51,
17,46757357,168,175,
17,46757465,96,25,
17,46757868,43,10,
17,46757944,441,262,
17,46758056,35,11,
17,46758093,19,27,
17,46758199,4,0,
17,46758242,140,119,
17,46758253,22,2,
17,46758450,299,209,
17,46758621,30,2,
17,46758644,178,160,28
17,46759063,224,115,28
17,46759107,10,5,
17,46759144,11,2,
17,46759352,117,83,
17,46759353,31,13,
17,46759387,41,51,
17,46759520,78,54,
17,46759627,30,15,
17,46759756,20,2,
17,46759785,7,0,
17,46759969,59,13,
17,46760099,272,77,25
17,46760102,18,8,
17,46760237,341,211,
17,46760285,33,18,
17,46760307,11,1,
17,46760320,7,1,
17,46760338,19,10,
17,46760663,3,3,
17,46760927,11,21,
17,46760998,92,71,
17,46761059,4,0,
17,46761061,110,88,
17,46761239,37,51,
17,46761369,4,1,
17,46761370,101,44,
17,46761400,5,1,
17,46761430,13,4,
17,46761493,16,5,
17,46761547,10,18,
17,46761614,143,76,
17,46761761,59,15,
17,46761822,365,301,
17,46762027,8,6,
17,46762127,22,18,
17,46762150,277,152,14
17,46762770,10,21,
17,46762844,27,12,
17,46762882,172,127,11
17,46763200,17,0,
17,46763274,14,0,
17,46763493,36,20,
17,46763548,130,168,
17,46763592,131,170,
17,46763635,19,16,
17,46763651,58,13,
17,46763721,57,54,
17,46763779,18,6,
17,46763864,299,64,2
17,46763877,9,0,
17,46764101,9,1,
17,46764139,12,1,
17,46764160,10,4,
17,46764170,91,48,9
17,46764223,90,53,18
17,46764228,3,0,
17,46764284,29,48,
17,46764348,10,2,
17,46764356,11,7,
17,46764381,65,39,
17,46764607,6,3,
17,46764787,14,0,
17,46764789,38,8,
17,46765092,75,99,
17,46765120,245,228,26
17,46765273,44,14,22
17,46765460,435,294,5
17,46765506,3,2,
17,46765694,101,60,19
17,46765819,157,229,
17,46766031,178,90,5
17,46766188,55,9,3
17,46766229,48,15,6
17,46766432,56,13,7
17,46766493,35,52,28
17,46766507,32,21,13
17,46766526,69,63,
17,46766741,222,144,1
17,46767080,15,0,
17,46767323,44,16,3
17,46767336,5,0,
17,46767668,140,108,4
17,46767696,9,0,
17,46767772,60,75,2
17,46767875,18,1,8
17,46768081,69,14,15
17,46768138,5,0,
17,46768436,7,6,
17,46768519,4,1,
17,46768542,4,0,
18,46686640,472,728,
18,46686655,405,210,
18,46687603,36,9,
18,46687705,98,51,
18,46688133,52,9,
18,46688173,124,65,
18,46688191,31,10,
18,46688476,82,40,
18,46688521,25,7,
18,46688804,634,712,
18,46688971,525,334,
18,46689065,239,83,
18,46689289,18,6,24
18,46689342,40,19,
18,46689631,128,35,
18,46689834,27,3,
18,46689895,42,2,
18,46690092,93,52,
18,46690402,600,309,
18,46690463,64,37,
18,46690530,79,27,
18,46690592,129,57,
18,46690779,114,26,
18,46690907,348,258,
18,46691108,351,252,
18,46691130,36,7,
18,46691152,38,30,
18,46691243,457,452,
18,46691454,99,36,
18,46691660,99,72,
18,46691835,194,146,
18,46691963,20,4,
18,46692116,429,68,
18,46692347,36,9,
18,46692473,20,1,
18,46692594,775,804,
18,46693205,454,373,
18,46693460,176,87,
18,46693959,213,70,
18,46694124,257,82,
18,46694618,293,89,
18,46695415,118,65,
18,46695467,72,23,
18,46695628,565,112,
18,46695978,55,28,
18,46696081,21,5,
18,46696111,43,19,
18,46696276,163,35,
18,46696283,221,69,
18,46696300,197,93,
18,46696303,316,571,
18,46696309,45,8,
18,46696357,254,169,
18,46696647,28,0,
18,46696699,127,224,
18,46697390,16,3,
18,46697876,108,11,
18,46697908,135,44,
18,46698061,264,152,
18,46698264,120,49,20
18,46698370,194,80,
18,46698456,45,16,
18,46698469,46,5,
18,46698623,56,19,
18,46698660,456,260,
18,46699072,192,148,
18,46699324,32,16,
18,46699697,238,55,
18,46700384,34,15,
18,46700489,51,11,23
18,46700503,260,56,
18,46700594,635,373,
18,46701114,106,65,
18,46701733,433,264,
18,46702099,236,159,
18,46702411,262,345,
18,46702980,36,7,
18,46703301,276,136,
18,46703317,188,19,
18,46703763,765,723,
18,46704223,136,408,
18,46704943,149,116,
18,46705201,262,80,
18,46705337,11,2,
18,46705676,136,79,
18,46705715,230,105,
18,46705830,44,10,
18,46706528,666,212,
18,46706564,28,8,
18,46706668,67,31,
18,46706796,60,74,
18,46706906,513,224,
18,46706947,183,88,
18,46707062,22,14,
18,46707572,577,699,
18,46707708,75,5,
18,46708032,242,158,
18,46708055,76,20,
18,46708096,116,28,
18,46708351,70,20,
18,46708592,60,14,
18,46708601,200,66,
18,46708678,482,257,
18,46708766,87,16,
18,46709179,305,92,
18,46709270,421,107,12
18,46709320,99,129,
18,46709461,20,0,9
18,46709543,207,111,
18,46709548,136,109,
18,46710042,62,35,
18,46710747,106,46,
18,46710756,45,16,
18,46710981,18,6,
18,46711380,190,152,
18,46711574,340,350,
18,46712547,64,10,
18,46712678,706,499,
18,46712815,180,66,
18,46713106,531,152,
18,46713387,141,57,
18,46713444,160,130,
18,46713526,289,299,
18,46713704,86,69,
18,46713929,284,409,
18,46714916,31,10,
18,46714981,57,46,
18,46715600,288,84,
18,46715766,39,13,
18,46716469,270,193,
18,46716560,73,102,
18,46716696,97,59,
18,46716806,46,13,
18,46717442,141,61,
18,46717472,23,2,28
18,46717507,169,111,
18,46717536,34,5,
18,46717960,208,161,
18,46718061,305,143,
18,46718299,58,103,
18,46718485,162,212,
18,46718923,32,19,
18,46719222,552,556,
18,46719229,737,225,
18,46719423,92,47,
18,46719491,710,771,
18,46719899,263,69,
18,46719958,60,20,
18,46720395,935,504,
18,46720987,12,6,
18,46721019,54,71,
18,46721179,301,81,
18,46721418,86,165,
18,46721452,115,114,
18,46721474,87,35,
18,46721488,156,24,
18,46721653,32,7,
18,46721703,76,25,
18,46721802,1315,240,
18,46721933,47,18,
18,46722074,77,14,
18,46722188,60,14,
18,46722285,44,26,
18,46722570,224,20,
18,46722853,146,74,
18,46723049,29,10,
18,46723128,10,2,26
18,46723183,48,12,
18,46723384,744,632,
18,46723694,133,58,
18,46723859,32,6,
18,46723898,29,4,
18,46723990,656,362,
18,46724348,9,1,
18,46724565,47,5,
18,46724675,38,15,
18,46724743,15,4,
18,46725288,384,356,
18,46725300,342,134,
18,46725389,73,20,
18,46725632,139,74,
18,46726259,25,32,
18,46726526,147,34,
18,46726808,15,0,
18,46726827,15,2,
18,46726857,247,152,
18,46726907,39,37,
18,46726916,123,36,
18,46727587,1095,529,
18,46727603,8,0,19
18,46727862,56,12,
18,46728157,163,168,
18,46728197,180,145,
18,46728808,482,103,
18,46729198,73,61,
18,46729368,552,424,
18,46730214,182,129,
18,46730346,101,47,
18,46730436,232,190,
18,46730504,500,273,
18,46730826,14,1,
18,46730885,350,118,
18,46730926,14,4,
18,46731068,254,61,
18,46731432,276,89,
18,46731612,81,33,
18,46731748,262,282,
18,46731976,797,500,
18,46731996,247,88,
18,46732213,285,141,
18,46732242,30,1,
18,46732929,7,0,
18,46732967,260,112,
18,46733301,91,20,
18,46733306,64,20,
18,46733624,243,336,
18,46733899,23,4,
18,46733905,11,9,
18,46734302,398,433,
18,46735022,63,11,
18,46735133,107,14,
18,46735139,103,44,
18,46735179,94,26,
18,46735231,29,15,
18,46735489,165,61,
18,46735511,473,305,
18,46735545,1031,647,
18,46735616,244,59,
18,46735644,296,157,
18,46736048,112,155,
18,46736683,343,364,
18,46737076,32,10,
18,46737202,174,38,
18,46737447,237,255,
18,46737467,20,8,
18,46737630,450,203,
18,46737865,56,13,
18,46737957,123,22,
18,46738241,13,9,
18,46738853,72,54,
18,46739043,35,4,
18,46740029,351,211,
18,46740548,71,27,
18,46740584,13,0,
18,46740644,109,93,
18,46740705,24,16,
18,46740748,181,73,
18,46741472,50,8,
18,46741482,107,30,
18,46741923,90,27,
18,46741929,45,42,
18,46742035,6,0,
18,46742250,89,179,
18,46742362,475,270,
18,46742389,531,307,
18,46742405,22,9,
18,46742432,212,120,
18,46742618,20,2,
18,46742635,183,120,
18,46742828,39,39,
18,46742902,3,3,
18,46743154,530,325,
18,46743199,6,1,
18,46743219,70,118,
18,46743466,20,2,
18,46743729,8,0,
18,46743887,12,1,
18,46743908,516,332,
18,46743951,20,2,
18,46744214,3,0,
18,46744272,4,0,
18,46744569,39,4,
18,46744647,132,28,
18,46744807,209,122,
18,46744874,20,1,
18,46744952,8,1,
18,46744968,103,134,
18,46745138,54,3,
18,46745150,43,2,
18,46745233,210,98,
18,46745259,153,15,
18,46745459,12,1,
18,46745831,17,10,
18,46745922,217,90,
18,46746096,19,19,
18,46746136,4,1,
18,46746231,14,3,
18,46746266,67,34,
18,46746297,5,1,
18,46746476,714,489,
18,46746517,47,17,
18,46746570,75,23,
18,46746650,10,0,
18,46746681,124,30,
18,46746700,23,7,
18,46746900,43,11,
18,46746946,141,125,
18,46747022,27,24,
18,46747078,16,0,
18,46747119,217,72,
18,46747351,8,1,
18,46747366,296,102,
18,46747571,16,5,
18,46747777,32,21,
18,46747827,293,141,
18,46748071,45,19,
18,46748106,18,0,
18,46748139,3,0,
18,46748404,30,1,
18,46748723,5,0,
18,46748771,294,256,
18,46749053,195,81,
18,46749118,31,6,
18,46749198,586,615,
18,46749213,65,10,
18,46749261,29,12,
18,46749270,3,0,
18,46749508,23,7,
18,46749559,20,0,
18,46749636,55,18,
18,46749671,190,44,
18,46749754,6,0,
18,46750024,39,0,
18,46750053,55,6,
18,46750118,49,20,
18,46750214,116,23,
18,46750358,214,176,
18,46750367,16,1,
18,46750377,10,4,
18,46750425,200,51,
18,46750437,40,9,
18,46750470,157,137,
18,46750852,272,84,
18,46750951,33,19,
18,46751231,55,50,
18,46751297,12,2,
18,46751448,25,4,
18,46751675,70,34,
18,46751797,22,1,
18,46751825,71,2,
18,46751826,314,16,
18,46751835,85,71,
18,46751899,615,302,
18,46751906,98,33,
18,46752076,67,55,
18,46752116,6,0,
18,46752151,692,354,
18,46752261,167,69,
18,46752335,19,0,
18,46752392,11,1,
18,46752841,33,13,
18,46752873,7,0,
18,46752907,91,79,
18,46753034,5,0,
18,46753078,130,43,
18,46753142,47,16,
18,46753256,3,0,
18,46753301,238,33,
18,46753484,424,131,
18,46753611,153,100,
18,46753623,4,0,
18,46753708,238,26,
18,46753838,17,15,
18,46753941,17,0,
18,46753974,16,24,
18,46754181,7,0,
18,46754201,18,0,
18,46754206,29,6,
18,46754312,14,0,
18,46754427,130,49,
18,46754497,40,0,
18,46754522,53,6,
18,46754724,54,7,
18,46754944,654,214,
18,46755019,14,3,
18,46755115,252,76,
18,46755123,25,10,
18,46755175,6,0,
18,46755357,15,0,
18,46755439,6,0,
18,46755523,5,0,
18,46755644,38,12,
18,46755734,327,111,
18,46755975,16,8,
18,46755999,290,210,
18,46756117,1347,867,
18,46756186,11,0,
18,46756187,25,12,
18,46756293,20,8,
18,46756427,92,20,
18,46756530,20,2,
18,46756742,40,5,
18,46756808,5,6,
18,46756860,4,3,
18,46756969,3,1,
18,46757067,746,224,18
18,46757162,213,203,
18,46757224,89,52,
18,46757357,168,179,
18,46757465,96,25,
18,46757868,44,10,
18,46757944,446,263,
18,46758056,36,13,
18,46758093,19,27,
18,46758199,4,0,
18,46758242,140,119,
18,46758253,23,2,
18,46758450,301,211,
18,46758621,31,2,
18,46758644,181,163,30
18,46759063,232,123,
18,46759107,11,5,
18,46759144,11,2,
18,46759352,118,83,
18,46759353,31,13,
18,46759387,41,51,
18,46759520,78,54,
18,46759627,30,14,
18,46759756,21,2,
18,46759785,7,0,
18,46759969,61,13,
18,46760099,281,79,26
18,46760102,18,9,
18,46760237,341,213,
18,46760285,34,20,
18,46760307,11,1,
18,46760320,7,1,
18,46760338,20,10,
18,46760663,4,3,
18,46760927,12,21,
18,46760998,94,73,
18,46761059,5,0,
18,46761061,111,88,
18,46761239,37,52,
18,46761369,5,1,
18,46761370,103,44,
18,46761430,13,4,
18,46761493,16,6,
18,46761547,11,18,
18,46761614,144,78,
18,46761761,60,18,
18,46761822,368,305,
18,46762027,8,6,
18,46762127,23,18,
18,46762150,285,159,21
18,46762770,10,22,
18,46762844,28,12,
18,46762882,181,132,13
18,46763200,17,0,
18,46763274,14,0,
18,46763493,36,21,
18,46763548,144,175,
18,46763592,133,172,
18,46763635,19,16,
18,46763651,59,13,
18,46763721,62,64,20
18,46763779,21,7,
18,46763864,321,66,3
18,46763877,10,0,
18,46764139,13,1,
18,46764160,10,4,
18,46764170,101,54,11
18,46764223,106,74,22
18,46764228,5,0,
18,46764284,29,48,
18,46764348,12,2,
18,46764356,12,7,
18,46764381,76,42,
18,46764607,8,3,
18,46764787,16,0,
18,46765092,78,101,
18,46765120,258,242,29
18,46765273,48,18,25
18,46765460,476,347,15
18,46765506,4,2,
18,46765665,7,2,
18,46765694,111,77,16
18,46765819,166,237,
18,46766031,228,120,6
18,46766140,9,0,
18,46766188,127,39,2
18,46766229,58,18,7
18,46766432,72,21,8
18,46766493,36,60,
18,46766507,38,34,14
18,46766526,73,70,
18,46766741,275,228,1
18,46766961,17,8,6
18,46767080,15,0,
18,46767198,7,0,
18,46767323,63,28,4
18,46767336,7,0,
18,46767668,229,187,9
18,46767696,17,0,
18,46767772,69,93,
18,46767875,32,4,8
18,46767964,5,0,
18,46768081,108,30,27
18,46768138,8,1,
18,46768257,37,16,3
18,46768436,10,6,
18,46768470,19,1,
18,46768519,5,1,
18,46768542,5,0,
18,46768909,38,13,4
18,46768968,11,0,
18,46769051,115,22,3
18,46769105,7,0,
18,46769131,27,13,17
18,46769201,26,12,13
18,46769606,4,0,
19,46686640,472,728,
19,46686655,405,210,
19,46687603,36,9,
19,46687705,98,51,
19,46688133,52,9,
19,46688173,124,65,
19,46688191,31,10,
19,46688476,82,40,
19,46688521,25,7,
19,46688804,636,712,
19,46688971,525,334,
19,46689065,239,83,
19,46689289,18,6,
19,46689342,40,19,
19,46689631,128,35,
19,46689834,27,3,
19,46689895,42,2,
19,46690092,93,52,
19,46690402,600,309,
19,46690463,65,37,
19,46690530,79,27,
19,46690592,130,59,
19,46690779,114,26,
19,46690907,348,258,
19,46691108,351,252,
19,46691130,36,7,
19,46691152,38,30,
19,46691243,458,452,
19,46691454,99,36,
19,46691660,99,72,
19,46691835,194,146,
19,46691963,20,4,
19,46692116,429,68,
19,46692347,36,9,
19,46692473,20,1,
19,46692594,775,804,
19,46693205,454,373,
19,46693460,176,88,
19,46693959,213,70,
19,46694124,257,82,
19,46694618,293,89,
19,46695415,118,65,
19,46695467,72,23,
19,46695628,565,112,
19,46695978,55,28,
19,46696081,21,5,
19,46696111,43,19,
19,46696276,163,35,
19,46696283,221,69,
19,46696300,197,93,
19,46696303,316,571,
19,46696309,45,8,
19,46696357,254,169,
19,46696647,28,0,
19,46696699,127,224,
19,46697390,16,3,
19,46697876,109,11,
19,46697908,135,44,
19,46698061,264,152,
19,46698264,127,56,24
19,46698370,194,80,
19,46698456,47,16,
19,46698469,46,5,
19,46698623,56,19,
19,46698660,456,260,
19,46699072,192,148,
19,46699324,32,16,
19,46699697,238,55,
19,46700384,34,15,
19,46700489,59,13,25
19,46700503,260,56,
19,46700594,635,373,
19,46701045,7,1,16
19,46701114,106,65,
19,46701733,433,264,
19,46702099,236,159,
19,46702411,262,345,
19,46702980,36,7,
19,46703301,276,136,
19,46703317,188,19,
19,46703763,765,724,
19,46704223,136,408,
19,46705201,262,80,
19,46705337,11,2,
19,46705676,136,79,
19,46705715,230,105,
19,46705830,44,10,
19,46706528,666,212,
19,46706564,28,8,
19,46706668,67,31,
19,46706796,60,74,
19,46706906,513,224,
19,46706947,183,88,
19,46707062,22,14,
19,46707572,577,699,
19,46707708,75,5,
19,46708032,242,158,
19,46708055,76,20,
19,46708096,116,28,
19,46708351,70,20,
19,46708592,60,14,
19,46708601,200,66,
19,46708678,482,257,
19,46708766,87,16,
19,46709179,305,92,
19,46709270,440,114,15
19,46709320,99,129,
19,46709461,41,3,7
19,46709543,207,111,
19,46709548,136,109,
19,46710042,62,35,
19,46710747,106,46,
19,46710756,45,16,
19,46710981,18,6,
19,46711380,190,152,
19,46711574,340,350,
19,46712547,64,10,
19,46712678,706,500,
19,46712815,180,66,
19,46713106,531,152,
19,46713387,141,57,
19,46713444,160,130,
19,46713526,289,299,
19,46713704,86,69,
19,46713929,284,409,
19,46714916,31,10,
19,46714981,57,46,
19,46715600,288,84,
19,46715766,39,13,
19,46716469,270,193,
19,46716560,73,102,
19,46716696,97,59,
19,46716806,46,13,
19,46717442,141,61,
19,46717472,24,2,
19,46717507,169,111,
19,46717536,34,5,
19,46717960,208,161,
19,46718061,305,143,
19,46718299,58,103,
19,46718485,162,212,
19,46718923,33,20,
19,46719222,552,558,
19,46719229,737,225,
19,46719423,92,47,
19,46719491,710,771,
19,46719899,263,69,
19,46719958,60,20,
19,46720395,935,504,
19,46720987,12,7,
19,46721019,54,71,
19,46721179,301,81,
19,46721418,86,165,
19,46721452,115,114,
19,46721474,87,35,
19,46721488,156,24,
19,46721653,32,7,
19,46721703,76,25,
19,46721802,1315,240,
19,46721933,47,18,
19,46722074,77,14,
19,46722285,44,26,
19,46722570,224,20,
19,46722853,146,74,
19,46723049,30,10,
19,46723128,21,5,29
19,46723183,48,12,
19,46723384,744,632,
19,46723694,133,58,
19,46723859,32,6,
19,46723898,29,4,
19,46723990,656,362,
19,46724348,10,1,
19,46724565,47,5,
19,46724675,38,15,
19,46724743,15,4,
19,46725288,384,356,
19,46725300,342,134,
19,46725389,73,20,
19,46725632,139,74,
19,46726259,25,32,
19,46726526,147,34,
19,46726827,15,2,
19,46726857,247,152,
19,46726907,39,37,
19,46726916,123,36,
19,46727587,1095,531,
19,46727603,21,3,12
19,46727862,56,12,
19,46728157,163,168,
19,46728197,180,145,
19,46728808,482,103,
19,46729198,74,61,
19,46729368,552,424,
19,46730214,182,129,
19,46730346,101,47,
19,46730436,232,190,
19,46730504,500,273,
19,46730826,14,1,
19,46730885,350,118,
19,46730926,14,4,
19,46731068,254,61,
19,46731432,276,89,
19,46731612,81,33,
19,46731748,262,282,
19,46731976,798,500,
19,46731996,247,88,
19,46732213,285,141,
19,46732242,30,1,
19,46732929,7,0,
19,46732967,260,112,
19,46733301,91,20,
19,46733306,65,20,
19,46733624,243,336,
19,46733899,23,4,
19,46733905,11,9,
19,46734302,398,433,
19,46735022,63,11,
19,46735133,107,14,
19,46735139,103,44,
19,46735179,94,26,
19,46735231,29,15,
19,46735489,165,61,
19,46735511,473,306,
19,46735545,1031,647,
19,46735616,244,59,
19,46735644,296,157,
19,46736048,112,155,
19,46736683,343,364,
19,46737076,32,10,
19,46737202,174,38,
19,46737447,237,255,
19,46737467,20,8,
19,46737630,450,203,
19,46737865,56,13,
19,46737957,123,22,
19,46738241,13,9,
19,46738853,72,54,
19,46739043,35,4,
19,46740029,351,211,
19,46740548,71,27,
19,46740584,13,0,
19,46740644,109,93,
19,46740705,24,16,
19,46740748,181,73,
19,46741472,50,8,
19,46741482,108,30,
19,46741923,90,27,
19,46741929,45,42,
19,46742035,6,0,
19,46742250,89,179,
19,46742362,475,270,
19,46742389,531,307,
19,46742405,22,9,
19,46742432,212,120,
19,46742618,20,2,
19,46742635,183,120,
19,46742828,39,39,
19,46743154,531,326,
19,46743219,70,118,
19,46743466,20,2,
19,46743729,8,0,
19,46743887,12,1,
19,46743908,516,332,
19,46743951,20,2,
19,46744214,3,0,
19,46744272,4,0,
19,46744569,39,4,
19,46744647,132,28,
19,46744807,209,122,
19,46744874,20,1,
19,46744952,8,1,
19,46744968,103,134,
19,46745138,54,3,
19,46745150,43,2,
19,46745233,210,98,
19,46745259,153,15,
19,46745459,12,1,
19,46745831,17,10,
19,46745922,217,90,
19,46746096,19,19,
19,46746136,4,1,
19,46746231,14,3,
19,46746266,67,34,
19,46746297,5,1,
19,46746476,715,489,
19,46746517,48,18,
19,46746570,75,23,
19,46746650,10,0,
19,46746681,124,30,
19,46746700,23,7,
19,46746900,43,11,
19,46746946,141,125,
19,46747022,27,24,
19,46747078,16,0,
19,46747119,217,72,
19,46747351,8,1,
19,46747366,296,102,
19,46747571,16,5,
19,46747777,32,21,
19,46747827,293,141,
19,46748071,45,19,
19,46748106,18,0,
19,46748139,3,0,
19,46748404,30,1,
19,46748723,5,0,
19,46748771,295,256,
19,46749053,195,81,
19,46749118,31,6,
19,46749198,588,617,
19,46749213,65,10,
19,46749261,29,12,
19,46749270,3,0,
19,46749508,23,7,
19,46749559,20,0,
19,46749636,55,19,
19,46749671,190,44,
19,46749754,6,0,
19,46750024,39,0,
19,46750053,55,6,
19,46750118,49,20,
19,46750214,117,23,
19,46750358,214,176,
19,46750367,16,1,
19,46750377,10,4,
19,46750425,200,51,
19,46750437,40,9,
19,46750470,157,137,
19,46750852,273,84,
19,46750951,33,19,
19,46751231,55,50,
19,46751448,25,4,
19,46751675,70,34,
19,46751797,22,1,
19,46751825,71,2,
19,46751826,315,16,
19,46751835,85,71,
19,46751899,618,302,
19,46751906,98,33,
19,46752076,67,55,
19,46752116,6,0,
19,46752151,693,354,
19,46752261,167,69,
19,46752335,19,0,
19,46752392,11,1,
19,46752841,33,13,
19,46752873,7,0,
19,46752907,91,79,
19,46753034,5,0,
19,46753078,131,44,
19,46753142,47,16,
19,46753256,3,0,
19,46753301,239,33,
19,46753484,424,131,
19,46753611,153,100,
19,46753708,240,26,
19,46753838,17,15,
19,46753941,17,0,
19,46753974,16,24,
19,46754181,7,0,
19,46754201,18,0,
19,46754206,29,6,
19,46754312,14,0,
19,46754427,130,49,
19,46754497,41,0,
19,46754522,53,6,
19,46754724,54,7,
19,46754944,655,215,
19,46755019,14,3,
19,46755115,252,77,
19,46755123,25,10,
19,46755175,6,0,
19,46755357,16,0,
19,46755439,6,0,
19,46755523,5,0,
19,46755644,38,12,
19,46755734,330,113,
19,46755975,16,8,
19,46755999,290,211,
19,46756117,1356,878,
19,46756186,11,0,
19,46756187,25,12,
19,46756293,20,8,
19,46756427,93,20,
19,46756530,20,2,
19,46756742,44,5,
19,46756808,5,6,
19,46757067,750,229,
19,46757162,213,203,
19,46757224,89,52,
19,46757357,169,179,
19,46757465,96,25,
19,46757868,44,10,
19,46757944,447,263,
19,46758056,36,13,
19,46758093,19,27,
19,46758199,4,0,
19,46758242,141,120,
19,46758253,23,2,
19,46758450,303,211,
19,46758621,32,2,
19,46758644,185,169,
19,46759063,236,124,
19,46759107,11,5,
19,46759144,11,2,
19,46759352,119,86,
19,46759353,31,13,
19,46759387,41,51,
19,46759520,78,54,
19,46759627,30,14,
19,46759756,21,2,
19,46759785,7,0,
19,46759969,61,13,
19,46760099,288,84,28
19,46760102,18,9,
19,46760237,344,213,
19,46760285,34,20,
19,46760307,11,1,
19,46760320,7,1,
19,46760338,20,10,
19,46760663,4,3,
19,46760927,13,21,
19,46760998,94,73,
19,46761059,5,0,
19,46761061,112,88,
19,46761239,37,53,
19,46761369,5,1,
19,46761370,105,44,
19,46761430,13,4,
19,46761493,16,6,
19,46761547,11,18,
19,46761614,144,78,
19,46761761,61,18,
19,46761822,370,311,
19,46762027,9,7,
19,46762127,23,18,
19,46762150,301,161,22
19,46762770,10,22,
19,46762844,28,12,
19,46762882,184,144,19
19,46763200,17,0,
19,46763274,15,0,
19,46763493,38,23,
19,46763548,148,178,
19,46763592,134,176,
19,46763635,19,17,
19,46763651,59,13,
19,46763721,81,81,18
19,46763779,21,7,
19,46763864,337,69,6
19,46763877,10,0,
19,46764139,16,1,
19,46764160,10,4,
19,46764170,106,62,16
19,46764223,113,82,
19,46764228,5,1,
19,46764348,12,2,
19,46764356,12,7,
19,46764381,83,42,
19,46764607,8,4,
19,46764787,16,0,
19,46765092,80,104,
19,46765120,272,250,
19,46765273,49,19,27
19,46765460,507,385,23
19,46765506,4,2,
19,46765665,7,3,
19,46765694,117,81,29
19,46765819,173,251,
19,46766031,262,136,10
19,46766140,15,1,
19,46766188,211,55,1
19,46766229,68,21,17
19,46766432,81,21,12
19,46766493,38,62,
19,46766507,40,42,15
19,46766526,75,74,
19,46766741,324,273,1
19,46766961,51,42,7
19,46767080,16,0,
19,46767198,7,1,
19,46767323,74,36,11
19,46767336,8,0,
19,46767380,6,1,
19,46767668,301,231,14
19,46767696,22,0,
19,46767772,72,110,
19,46767875,46,8,8
19,46767964,7,1,
19,46768081,127,50,
19,46768138,12,2,
19,46768257,64,28,5
19,46768470,19,2,
19,46768519,6,1,
19,46768542,5,0,
19,46768583,4,0,
19,46768738,5,0,
19,46768859,7,1,
19,46768909,77,39,3
19,46768968,12,0,
19,46769051,206,55,3
19,46769104,11,1,
19,46769131,59,59,14
19,46769201,65,27,21
19,46769606,12,2,
19,46769668,38,6,19
19,46769752,9,0,10
19,46769789,8,0,
19,46769965,32,5,14
19,46770274,3,2,
20,46686640,472,728,
20,46686655,405,210,
20,46687603,36,9,
20,46687705,98,51,
20,46688133,52,9,
20,46688173,124,65,
20,46688191,31,10,
20,46688476,83,40,
20,46688521,25,7,
20,46688804,639,712,
20,46688971,525,334,
20,46689065,239,83,
20,46689289,19,6,
20,46689342,40,19,
20,46689631,128,35,
20,46689834,27,3,
20,46689895,42,2,
20,46690092,93,52,
20,46690402,600,309,
20,46690463,66,37,
20,46690530,79,27,
20,46690592,131,60,
20,46690779,114,26,
20,46690907,348,258,
20,46691108,351,252,
20,46691130,36,7,
20,46691152,38,30,
20,46691243,458,452,
20,46691454,99,36,
20,46691660,99,72,
20,46691835,194,146,
20,46691963,20,4,
20,46692116,429,68,
20,46692473,20,1,
20,46692594,775,804,
20,46693205,454,373,
20,46693460,178,89,
20,46693959,213,70,
20,46694124,257,82,
20,46694193,8,0,18
20,46694618,293,89,
20,46695415,118,65,
20,46695467,73,23,
20,46695628,565,112,
20,46695978,55,28,
20,46696081,22,5,
20,46696111,44,19,
20,46696276,163,35,
20,46696283,221,69,
20,46696300,197,93,
20,46696303,316,571,
20,46696309,45,8,
20,46696357,254,169,
20,46696647,28,0,
20,46696699,127,224,
20,46697390,16,3,
20,46697876,109,11,
20,46697908,135,44,
20,46698061,264,152,
20,46698264,136,66,27
20,46698370,194,80,
20,46698456,49,16,
20,46698469,46,5,
20,46698623,56,19,
20,46698660,456,260,
20,46699072,192,148,
20,46699324,32,16,
20,46699697,240,55,
20,46700384,34,15,
20,46700489,64,14,29
20,46700503,260,56,
20,46700594,635,374,
20,46701045,17,2,15
20,46701114,106,65,
20,46701733,433,264,
20,46702099,236,159,
20,46702411,262,345,
20,46702980,36,7,
20,46703301,276,136,
20,46703317,188,19,
20,46703763,765,724,
20,46705201,262,80,
20,46705337,11,2,
20,46705676,136,79,
20,46705715,230,105,
20,46705830,44,10,
20,46706528,666,212,
20,46706564,28,8,
20,46706668,67,31,
20,46706796,60,74,
20,46706906,513,224,
20,46706947,183,88,
20,46707062,22,14,
20,46707572,577,699,
20,46707708,75,5,
20,46708032,242,158,
20,46708055,76,20,
20,46708096,116,28,
20,46708351,70,20,
20,46708592,60,14,
20,46708601,200,66,
20,46708678,482,257,
20,46708766,87,16,
20,46709179,305,92,
20,46709270,468,123,14
20,46709320,99,129,
20,46709461,52,13,7
20,46709543,207,111,
20,46709548,136,109,
20,46710042,62,35,
20,46710747,106,46,
20,46710756,45,16,
20,46710981,19,6,
20,46711380,190,152,
20,46711574,340,350,
20,46712547,64,10,
20,46712678,706,500,
20,46712815,180,66,
20,46713106,531,152,
20,46713387,141,57,
20,46713444,160,130,
20,46713526,289,299,
20,46713704,86,69,
20,46713929,284,409,
20,46714916,31,10,
20,46714981,57,46,
20,46715600,288,84,
20,46715766,39,13,
20,46716469,270,193,
20,46716560,73,102,
20,46716696,97,59,
20,46716806,46,13,
20,46717442,141,61,
20,46717472,27,2,
20,46717507,169,111,
20,46717536,34,5,
20,46717960,208,161,
20,46718061,305,143,
20,46718299,58,103,
20,46718485,162,212,
20,46718923,33,20,
20,46719222,552,558,
20,46719229,737,225,
20,46719423,92,47,
20,46719491,710,771,
20,46719899,263,69,
20,46719958,60,20,
20,46720395,935,504,
20,46720987,12,7,
20,46721019,54,71,
20,46721179,301,81,
20,46721418,86,165,
20,46721474,87,35,
20,46721488,156,24,
20,46721653,33,8,
20,46721703,76,25,
20,46721802,1315,240,
20,46721933,47,18,
20,46722074,77,14,
20,46722285,44,26,
20,46722570,224,20,
20,46722853,146,74,
20,46723049,31,12,
20,46723128,23,7,
20,46723183,48,12,
20,46723384,744,632,
20,46723694,133,58,
20,46723859,32,6,
20,46723898,29,4,
20,46723990,656,362,
20,46724348,10,1,
20,46724565,47,5,
20,46724675,38,15,
20,46725288,384,356,
20,46725300,342,134,
20,46725389,73,20,
20,46725632,139,74,
20,46726259,25,32,
20,46726526,147,35,
20,46726827,15,2,
20,46726857,247,152,
20,46726907,39,37,
20,46726916,123,36,
20,46727587,1095,531,
20,46727603,35,12,11
20,46727862,56,12,
20,46728157,163,168,
20,46728197,180,145,
20,46728808,482,103,
20,46729198,74,61,
20,46729368,552,424,
20,46730214,182,129,
20,46730346,101,47,
20,46730436,232,190,
20,46730504,500,273,
20,46730826,14,1,
20,46730885,350,118,
20,46730926,14,4,
20,46731068,254,61,
20,46731432,276,89,
20,46731612,81,33,
20,46731748,262,282,
20,46731976,798,500,
20,46731996,247,88,
20,46732213,285,141,
20,46732242,30,1,
20,46732929,7,0,
20,46732967,261,112,
20,46733301,91,20,
20,46733306,65,20,
20,46733624,244,336,
20,46733899,23,4,
20,46733905,11,9,
20,46734302,398,433,
20,46735022,63,11,
20,46735133,108,14,
20,46735139,103,44,
20,46735179,94,26,
20,46735231,29,15,
20,46735489,165,61,
20,46735511,473,306,
20,46735545,1031,647,
20,46735616,244,59,
20,46735644,296,157,
20,46736048,112,155,
20,46736683,343,364,
20,46737076,32,10,
20,46737202,174,38,
20,46737447,237,255,
20,46737467,20,8,
20,46737630,450,203,
20,46737865,56,13,
20,46737957,123,22,
20,46738241,13,9,
20,46738853,72,54,
20,46739043,35,4,
20,46740029,351,211,
20,46740548,71,27,
20,46740584,13,0,
20,46740644,109,93,
20,46740705,24,16,
20,46740748,182,73,
20,46741472,50,8,
20,46741482,108,30,
20,46741923,90,27,
20,46742035,6,0,
20,46742250,90,179,
20,46742362,475,270,
20,46742389,531,307,
20,46742405,22,9,
20,46742432,212,120,
20,46742618,20,2,
20,46742635,183,120,
20,46742828,39,39,
20,46743154,531,326,
20,46743219,71,118,
20,46743466,20,2,
20,46743729,8,0,
20,46743887,12,1,
20,46743908,516,333,
20,46743951,20,2,
20,46744272,4,0,
20,46744569,39,4,
20,46744647,133,28,
20,46744807,209,122,
20,46744874,20,1,
20,46744952,8,1,
20,46744968,103,134,
20,46745138,54,3,
20,46745150,43,2,
20,46745233,210,98,
20,46745259,153,15,
20,46745459,12,1,
20,46745831,17,10,
20,46745922,217,90,
20,46746096,19,19,
20,46746136,4,1,
20,46746231,14,3,
20,46746266,67,34,
20,46746297,5,1,
20,46746476,715,491,
20,46746477,17,2,
20,46746517,48,18,
20,46746570,75,23,
20,46746650,10,0,
20,46746681,124,30,
20,46746700,23,7,
20,46746900,43,11,
20,46746946,141,125,
20,46747022,27,24,
20,46747078,16,0,
20,46747119,217,72,
20,46747351,8,1,
20,46747366,296,103,
20,46747571,16,5,
20,46747777,32,21,
20,46747827,293,141,
20,46748071,45,19,
20,46748106,18,0,
20,46748139,3,0,
20,46748404,30,1,
20,46748723,5,0,
20,46748771,295,256,
20,46749053,197,81,
20,46749118,31,6,
20,46749198,588,619,
20,46749213,65,10,
20,46749261,29,12,
20,46749270,3,0,
20,46749559,20,0,
20,46749636,55,19,
20,46749671,191,44,
20,46749754,6,0,
20,46750024,39,0,
20,46750053,55,6,
20,46750118,49,20,
20,46750214,117,23,
20,46750358,215,176,
20,46750367,16,1,
20,46750377,10,4,
20,46750425,200,51,
20,46750437,40,9,
20,46750470,157,137,
20,46750852,273,84,
20,46750951,33,19,
20,46751231,55,50,
20,46751448,25,4,
20,46751675,70,34,
20,46751797,22,1,
20,46751825,72,2,
20,46751826,318,16,
20,46751835,85,71,
20,46751899,621,302,
20,46751906,99,33,
20,46752076,67,55,
20,46752116,6,0,
20,46752151,694,354,
20,46752261,167,69,
20,46752335,19,0,
20,46752392,11,1,
20,46752841,34,13,
20,46752907,92,79,
20,46753034,5,0,
20,46753078,132,44,
20,46753142,47,16,
20,46753256,3,0,
20,46753301,240,33,
20,46753484,426,131,
20,46753611,153,100,
20,46753708,242,27,
20,46753838,17,15,
20,46753941,18,0,
20,46753974,16,24,
20,46754181,7,0,
20,46754201,18,0,
20,46754206,29,6,
20,46754312,14,0,
20,46754427,130,49,
20,46754497,41,0,
20,46754522,54,6,
20,46754724,55,7,
20,46754944,656,216,
20,46755019,14,3,
20,46755115,252,78,
20,46755123,25,11,
20,46755175,6,0,
20,46755278,3,0,
20,46755357,16,0,
20,46755439,6,0,
20,46755644,38,12,
20,46755734,330,113,
20,46755975,16,8,
20,46755999,291,211,
20,46756117,1362,880,
20,46756186,11,0,
20,46756187,25,12,
20,46756293,20,8,
20,46756427,95,20,
20,46756530,20,2,
20,46756742,44,5,
20,46756808,5,6,
20,46757067,755,232,
20,46757162,214,204,
20,46757224,89,52,
20,46757357,171,183,
20,46757465,96,25,
20,46757868,44,10,
20,46757944,447,263,
20,46758056,37,13,
20,46758093,19,27,
20,46758199,4,0,
20,46758242,142,120,
20,46758253,23,2,
20,46758450,305,214,
20,46758621,32,2,
20,46758644,186,171,
20,46759063,240,126,
20,46759107,11,5,
20,46759144,11,2,
20,46759352,120,87,
20,46759353,31,13,
20,46759387,41,51,
20,46759520,78,54,
20,46759627,30,14,
20,46759756,21,2,
20,46759785,7,0,
20,46759969,62,13,
20,46760099,294,87,30
20,46760102,18,9,
20,46760237,348,213,
20,46760285,34,20,
20,46760307,11,1,
20,46760320,7,1,
20,46760338,20,11,
20,46760663,4,3,
20,46760927,13,21,
20,46760998,95,74,
20,46761059,5,0,
20,46761061,113,89,
20,46761239,37,53,
20,46761369,5,1,
20,46761370,106,46,
20,46761430,13,4,
20,46761493,16,6,
20,46761547,12,18,
20,46761614,144,79,
20,46761761,65,18,
20,46761822,372,318,
20,46762027,9,7,
20,46762127,24,18,
20,46762150,307,163,23
20,46762770,10,22,
20,46762844,28,12,
20,46762882,192,152,20
20,46763200,17,0,
20,46763274,15,0,
20,46763493,39,24,
20,46763548,151,182,
20,46763592,136,177,
20,46763635,20,18,
20,46763651,59,13,
20,46763721,95,103,17
20,46763779,22,7,
20,46763864,352,69,5
20,46763877,10,0,
20,46764139,19,1,
20,46764160,10,4,
20,46764170,114,67,19
20,46764223,118,90,
20,46764228,5,1,
20,46764348,12,3,
20,46764356,12,7,
20,46764381,90,43,
20,46764607,8,4,
20,46764787,16,0,
20,46765092,80,105,
20,46765120,278,252,
20,46765273,51,19,
20,46765460,551,413,28
20,46765506,4,2,
20,46765665,7,3,
20,46765694,120,84,
20,46765819,177,258,
20,46766031,285,149,11
20,46766140,22,1,
20,46766188,267,79,1
20,46766229,71,22,23
20,46766432,92,21,15
20,46766493,38,64,
20,46766507,43,43,
20,46766526,76,78,
20,46766741,355,300,2
20,46766961,79,59,17
20,46767080,16,0,
20,46767198,9,1,
20,46767323,83,37,11
20,46767336,8,0,
20,46767380,7,1,
20,46767440,4,3,
20,46767668,354,294,17
20,46767696,28,1,
20,46767772,74,113,
20,46767875,57,9,8
20,46767964,8,1,
20,46768081,139,86,
20,46768138,15,2,
20,46768257,84,52,4
20,46768519,9,2,
20,46768542,6,0,
20,46768583,4,0,
20,46768738,6,0,
20,46768859,7,1,
20,46768909,105,45,7
20,46768968,14,1,
20,46769051,275,88,3
20,46769104,15,2,
20,46769131,68,84,
20,46769201,102,37,13
20,46769325,4,0,
20,46769606,17,2,
20,46769668,56,12,22
20,46769752,29,9,3
20,46769965,92,31,10
20,46770221,11,2,27
20,46770274,30,4,4
20,46770675,40,51,1
20,46770679,3,0,
20,46771231,7,0,
21,46686640,472,728,
21,46686655,405,210,
21,46687603,36,9,
21,46688133,52,9,
21,46688173,124,65,
21,46688191,31,10,
21,46688476,83,40,
21,46688521,25,7,
21,46688804,639,713,
21,46688971,525,334,
21,46689065,239,83,
21,46689289,20,7,
21,46689342,40,19,
21,46689631,128,35,
21,46689834,27,3,
21,46689895,42,2,
21,46690092,93,52,
21,46690402,600,309,
21,46690463,66,37,
21,46690530,79,27,
21,46690592,131,60,
21,46690779,114,26,
21,46690907,348,258,
21,46691108,351,252,
21,46691130,36,7,
21,46691152,38,30,
21,46691243,459,452,
21,46691660,99,72,
21,46691835,194,146,
21,46691963,20,4,
21,46692116,429,68,
21,46692473,20,1,
21,46692594,775,804,
21,46693205,454,373,
21,46693460,179,89,
21,46693959,213,70,
21,46694124,257,82,
21,46694193,61,4,2
21,46694618,293,89,
21,46695415,118,65,
21,46695467,73,23,
21,46695628,565,112,
21,46696081,22,5,
21,46696111,44,19,
21,46696276,163,35,
21,46696283,221,69,
21,46696300,197,93,
21,46696303,316,571,
21,46696357,254,169,
21,46696647,28,0,
21,46696699,127,224,
21,46697390,16,3,
21,46697876,109,11,
21,46697908,135,44,
21,46698061,264,152,
21,46698264,151,67,29
21,46698370,194,80,
21,46698456,49,17,
21,46698623,56,19,
21,46698660,456,260,
21,46699072,192,148,
21,46699697,240,55,
21,46700384,34,15,
21,46700489,65,15,
21,46700503,260,56,
21,46700594,635,374,
21,46701045,26,4,18
21,46701114,106,65,
21,46701733,433,264,
21,46702099,236,159,
21,46702411,262,345,
21,46702980,36,7,
21,46703301,276,136,
21,46703317,188,19,
21,46703763,765,724,
21,46705201,262,80,
21,46705337,11,2,
21,46705676,136,79,
21,46705715,230,105,
21,46705830,44,10,
21,46706528,666,212,
21,46706564,28,8,
21,46706668,67,31,
21,46706796,60,74,
21,46706906,513,224,
21,46706947,183,88,
21,46707062,22,14,
21,46707572,577,699,
21,46707708,75,5,
21,46708032,242,159,
21,46708055,76,20,
21,46708096,116,28,
21,46708351,70,20,
21,46708592,60,14,
21,46708601,200,66,
21,46708678,482,257,
21,46708766,87,16,
21,46709179,305,93,
21,46709270,493,126,19
21,46709320,99,129,
21,46709461,58,14,11
21,46709543,207,111,
21,46709548,136,109,
21,46710042,62,35,
21,46710747,106,46,
21,46710756,45,16,
21,46710981,19,6,
21,46711380,190,152,
21,46711574,340,350,
21,46712547,64,10,
21,46712678,706,500,
21,46712815,180,66,
21,46713106,531,152,
21,46713387,141,57,
21,46713444,160,130,
21,46713526,289,299,
21,46713929,284,409,
21,46714981,58,46,
21,46715600,288,84,
21,46715766,39,13,
21,46716469,270,193,
21,46716560,73,102,
21,46716696,97,59,
21,46716806,46,13,
21,46717442,141,61,
21,46717472,27,2,
21,46717507,169,111,
21,46717536,34,5,
21,46717960,208,161,
21,46718061,305,143,
21,46718299,58,103,
21,46718485,162,212,
21,46718923,33,20,
21,46719222,552,558,
21,46719229,737,225,
21,46719423,92,47,
21,46719491,710,771,
21,46719899,263,69,
21,46719958,60,20,
21,46720395,935,504,
21,46720987,12,7,
21,46721019,54,71,
21,46721179,301,81,
21,46721418,86,165,
21,46721474,87,35,
21,46721488,156,24,
21,46721653,33,8,
21,46721703,76,25,
21,46721802,1315,240,
21,46721933,47,18,
21,46722074,77,14,
21,46722285,44,26,
21,46722570,224,20,
21,46722853,146,74,
21,46723049,31,12,
21,46723128,29,7,
21,46723183,48,12,
21,46723384,744,632,
21,46723694,133,58,
21,46723859,32,6,
21,46723898,29,4,
21,46723990,656,362,
21,46724348,10,1,
21,46724542,13,1,20
21,46724565,47,5,
21,46724675,38,15,
21,46725288,385,356,
21,46725300,342,134,
21,46725389,73,20,
21,46725632,139,74,
21,46726259,25,32,
21,46726526,147,35,
21,46726827,15,2,
21,46726857,247,152,
21,46726907,39,37,
21,46726916,123,36,
21,46727587,1095,531,
21,46727603,37,14,14
21,46727862,56,12,
21,46728157,163,168,
21,46728197,180,145,
21,46728808,482,103,
21,46729198,74,61,
21,46729368,552,424,
21,46730214,182,129,
21,46730346,101,47,
21,46730436,232,190,
21,46730504,500,273,
21,46730826,14,1,
21,46730885,350,118,
21,46730926,14,4,
21,46731068,254,61,
21,46731432,276,89,
21,46731612,81,33,
21,46731748,262,282,
21,46731976,799,500,
21,46731996,247,88,
21,46732213,285,141,
21,46732242,30,1,
21,46732967,261,112,
21,46733301,91,20,
21,46733306,65,20,
21,46733624,244,336,
21,46733899,23,4,
21,46733905,11,9,
21,46734302,398,433,
21,46735022,63,11,
21,46735133,108,14,
21,46735139,103,44,
21,46735179,94,26,
21,46735231,29,15,
21,46735489,165,61,
21,46735511,473,306,
21,46735545,1031,647,
21,46735616,244,59,
21,46735644,296,157,
21,46736683,343,364,
21,46737076,32,10,
21,46737202,174,38,
21,46737447,238,255,
21,46737467,20,8,
21,46737630,450,204,
21,46737865,56,13,
21,46737957,123,22,
21,46738241,13,9,
21,46738853,72,54,
21,46739043,35,4,
21,46740029,351,211,
21,46740548,71,27,
21,46740584,13,0,
21,46740644,109,93,
21,46740705,24,16,
21,46740748,182,73,
21,46741472,50,8,
21,46741482,108,30,
21,46741923,90,27,
21,46742035,6,0,
21,46742250,90,179,
21,46742362,475,270,
21,46742389,532,311,
21,46742405,22,9,
21,46742432,212,120,
21,46742618,20,2,
21,46742635,183,120,
21,46742828,39,39,
21,46743154,531,326,
21,46743219,71,118,
21,46743466,20,2,
21,46743729,8,0,
21,46743887,12,1,
21,46743908,516,333,
21,46743951,20,2,
21,46744569,39,4,
21,46744647,133,28,
21,46744807,209,122,
21,46744874,20,1,
21,46744968,103,134,
21,46745138,54,3,
21,46745150,43,2,
21,46745233,210,98,
21,46745259,153,15,
21,46745459,12,1,
21,46745831,17,10,
21,46745922,217,90,
21,46746096,19,19,
21,46746136,4,1,
21,46746231,14,3,
21,46746266,67,34,
21,46746297,5,1,
21,46746476,717,491,
21,46746477,17,2,
21,46746517,48,18,
21,46746570,75,23,
21,46746650,10,0,
21,46746681,124,30,
21,46746700,23,7,
21,46746900,43,11,
21,46746946,141,125,
21,46747022,27,24,
21,46747078,16,0,
21,46747119,217,72,
21,46747351,8,1,
21,46747366,296,103,
21,46747571,16,5,
21,46747777,32,21,
21,46747827,294,141,
21,46748071,45,19,
21,46748106,18,0,
21,46748139,3,0,
21,46748404,30,1,
21,46748723,5,0,
21,46748771,296,256,
21,46748795,10,1,
21,46749053,197,81,
21,46749118,31,6,
21,46749198,590,619,
21,46749213,65,10,
21,46749261,29,12,
21,46749270,3,0,
21,46749559,20,0,
21,46749636,55,21,
21,46749671,191,44,
21,46749754,6,0,
21,46750024,39,0,
21,46750053,55,6,
21,46750118,49,20,
21,46750214,117,23,
21,46750220,3,0,
21,46750358,215,176,
21,46750377,10,4,
21,46750425,200,51,
21,46750437,40,10,
21,46750470,157,137,
21,46750852,274,84,
21,46750951,34,19,
21,46751133,5,0,
21,46751231,55,50,
21,46751448,25,4,
21,46751675,70,34,
21,46751797,22,1,
21,46751825,72,2,
21,46751826,318,16,
21,46751899,622,303,
21,46751906,100,34,
21,46752076,67,55,
21,46752116,6,0,
21,46752151,696,355,
21,46752261,167,72,
21,46752335,19,0,
21,46752392,11,1,
21,46752841,35,14,
21,46752907,94,79,
21,46753034,5,0,
21,46753078,133,44,
21,46753142,47,16,
21,46753256,3,0,
21,46753301,241,33,
21,46753484,427,131,
21,46753611,153,100,
21,46753708,243,27,
21,46753838,17,15,
21,46753941,18,0,
21,46753974,16,24,
21,46754181,7,0,
21,46754201,18,0,
21,46754206,29,6,
21,46754312,14,0,
21,46754427,130,49,
21,46754497,41,0,
21,46754522,54,6,
21,46754724,55,7,
21,46754944,659,216,
21,46755019,14,3,
21,46755115,252,78,
21,46755123,26,12,
21,46755175,6,0,
21,46755270,3,0,
21,46755278,3,0,
21,46755357,16,0,
21,46755439,6,0,
21,46755644,38,12,
21,46755734,331,113,
21,46755975,16,8,
21,46755999,291,211,
21,46756117,1374,883,
21,46756186,11,0,
21,46756187,25,12,
21,46756293,20,8,
21,46756427,95,20,
21,46756530,20,2,
21,46756742,44,5,
21,46756808,5,6,
21,46757067,757,233,
21,46757162,214,208,
21,46757224,89,52,
21,46757357,172,183,
21,46757465,97,25,
21,46757868,44,10,
21,46757944,450,263,
21,46758056,38,14,
21,46758093,19,27,
21,46758242,143,120,
21,46758253,23,2,
21,46758450,308,215,
21,46758621,32,2,
21,46758644,192,174,
21,46759063,243,127,
21,46759107,11,5,
21,46759144,12,2,
21,46759352,120,87,
21,46759353,32,13,
21,46759358,3,0,
21,46759387,41,51,
21,46759520,79,54,
21,46759627,30,14,
21,46759756,21,2,
21,46759785,7,0,
21,46759969,62,13,
21,46760099,299,88,
21,46760102,18,9,
21,46760237,354,214,
21,46760285,35,20,
21,46760307,11,1,
21,46760320,7,1,
21,46760338,20,11,
21,46760542,4,0,
21,46760663,4,3,
21,46760927,13,21,
21,46760998,96,74,
21,46761059,5,0,
21,46761061,114,90,
21,46761239,38,53,
21,46761369,5,1,
21,46761370,106,47,
21,46761430,13,4,
21,46761493,17,6,
21,46761547,12,19,
21,46761614,148,80,
21,46761761,67,18,
21,46761822,374,321,
21,46762027,9,7,
21,46762127,24,18,
21,46762150,318,167,26
21,46762770,11,22,
21,46762844,29,12,
21,46762882,197,165,24
21,46763200,17,0,
21,46763274,15,0,
21,46763493,40,27,
21,46763548,151,191,
21,46763592,136,179,
21,46763635,20,18,
21,46763651,60,13,
21,46763721,117,115,20
21,46763779,25,7,
21,46763864,368,73,8
21,46763877,10,0,
21,46764139,20,1,
21,46764160,10,4,
21,46764170,118,74,23
21,46764223,122,92,
21,46764228,7,1,
21,46764348,12,3,
21,46764356,12,7,
21,46764381,100,45,
21,46764607,8,4,
21,46764787,16,0,
21,46765092,81,106,
21,46765120,286,257,
21,46765273,51,19,
21,46765460,568,431,
21,46765506,4,2,
21,46765665,7,3,
21,46765694,125,84,
21,46765819,180,266,
21,46766031,316,170,16
21,46766140,26,1,
21,46766188,333,104,1
21,46766229,75,24,27
21,46766432,99,23,22
21,46766493,39,64,
21,46766507,43,45,
21,46766526,78,79,
21,46766741,376,321,4
21,46766961,95,67,16
21,46767080,16,0,
21,46767198,9,1,
21,46767323,86,43,23
21,46767336,8,0,
21,46767380,7,1,
21,46767440,53,22,4
21,46767668,396,338,29
21,46767696,38,15,
21,46767772,78,119,
21,46767875,71,9,12
21,46767964,11,1,
21,46768081,144,92,
21,46768138,17,5,
21,46768257,93,63,
21,46768519,12,2,
21,46768542,6,0,
21,46768583,4,0,
21,46768738,7,0,
21,46768859,7,1,
21,46768909,150,61,2
21,46768968,15,1,
21,46769051,332,112,6
21,46769104,16,4,
21,46769131,70,92,
21,46769201,139,47,16
21,46769325,4,0,
21,46769422,11,3,14
21,46769606,22,2,
21,46769668,76,23,26
21,46769752,44,20,5
21,46769965,148,65,12
21,46770221,42,28,7
21,46770274,60,6,3
21,46770675,43,60,
21,46770679,4,0,
21,46770887,7,1,
21,46770927,5,0,
21,46771068,9,5,
21,46771231,13,2,
21,46771365,11,1,
21,46771599,24,32,1
21,46771628,4,1,
22,46686640,472,728,
22,46686655,405,210,
22,46687603,36,9,
22,46688133,52,9,
22,46688173,124,65,
22,46688191,31,10,
22,46688476,83,40,
22,46688521,25,7,
22,46688804,639,713,
22,46688971,525,334,
22,46689065,239,83,
22,46689289,20,7,
22,46689342,40,19,
22,46689631,128,35,
22,46689834,27,3,
22,46689895,42,2,
22,46690402,600,309,
22,46690463,66,37,
22,46690530,79,27,
22,46690592,133,61,
22,46690779,114,26,
22,46690907,349,258,
22,46691108,351,254,
22,46691130,36,7,
22,46691152,38,30,
22,46691243,459,452,
22,46691660,99,72,
22,46691835,194,146,
22,46691963,20,4,
22,46692116,429,68,
22,46692473,20,1,
22,46692594,775,804,
22,46693205,454,373,
22,46693460,179,89,
22,46693959,213,70,
22,46694124,257,82,
22,46694193,93,22,2
22,46694618,293,89,
22,46695415,118,65,
22,46695467,73,23,
22,46695628,565,112,
22,46696081,22,5,
22,46696111,44,19,
22,46696276,163,35,
22,46696283,221,69,
22,46696300,197,93,
22,46696303,316,571,
22,46696357,254,169,
22,46696647,28,0,
22,46696699,127,224,
22,46697390,16,3,
22,46697876,109,11,
22,46697908,135,44,
22,46698061,264,152,
22,46698264,154,70,29
22,46698370,194,80,
22,46698456,50,17,
22,46698623,56,19,
22,46698660,456,260,
22,46699072,192,148,
22,46699697,240,55,
22,46700384,34,15,
22,46700489,68,15,
22,46700503,260,56,
22,46700594,635,374,
22,46701045,30,4,18
22,46701114,106,65,
22,46701733,433,264,
22,46702099,236,159,
22,46702411,262,345,
22,46702980,36,7,
22,46703301,276,136,
22,46703317,188,19,
22,46703763,765,724,
22,46705201,262,80,
22,46705337,11,2,
22,46705676,136,79,
22,46705715,230,105,
22,46705830,44,10,
22,46706528,666,212,
22,46706564,28,8,
22,46706668,67,31,
22,46706796,60,74,
22,46706906,513,224,
22,46706947,183,88,
22,46707062,22,14,
22,46707572,577,699,
22,46707708,75,5,
22,46708032,242,159,
22,46708055,76,20,
22,46708096,116,28,
22,46708351,70,20,
22,46708592,60,14,
22,46708601,200,66,
22,46708678,482,257,
22,46708766,87,16,
22,46709179,305,94,
22,46709270,512,133,20
22,46709320,99,129,
22,46709461,60,17,14
22,46709543,207,111,
22,46709548,136,109,
22,46710042,62,35,
22,46710747,106,46,
22,46710756,45,16,
22,46710981,19,6,
22,46711380,190,152,
22,46711574,340,351,
22,46712547,64,10,
22,46712678,707,500,
22,46712815,180,66,
22,46713106,532,152,
22,46713387,141,57,
22,46713444,160,130,
22,46713526,289,299,
22,46713929,284,409,
22,46714981,59,46,
22,46715600,288,84,
22,46715766,39,13,
22,46716469,270,193,
22,46716560,73,102,
22,46716696,97,59,
22,46716806,46,13,
22,46717442,141,61,
22,46717472,28,2,
22,46717507,169,111,
22,46717536,34,5,
22,46717960,208,161,
22,46718061,305,143,
22,46718299,58,103,
22,46718485,162,212,
22,46718923,33,20,
22,46719222,552,558,
22,46719229,738,225,
22,46719423,92,47,
22,46719491,710,771,
22,46719899,263,69,
22,46719958,60,20,
22,46720395,935,504,
22,46720987,12,7,
22,46721019,54,71,
22,46721179,301,81,
22,46721418,86,165,
22,46721474,87,35,
22,46721488,156,24,
22,46721653,33,8,
22,46721703,76,25,
22,46721802,1315,240,
22,46721933,47,18,
22,46722074,77,14,
22,46722285,44,26,
22,46722570,224,20,
22,46722853,146,74,
22,46723049,32,13,
22,46723128,32,7,
22,46723183,48,12,
22,46723384,744,632,
22,46723694,133,58,
22,46723859,32,6,
22,46723898,29,4,
22,46723990,656,362,
22,46724348,10,1,
22,46724542,15,3,23
22,46724565,47,5,
22,46724675,38,15,
22,46725288,385,357,
22,46725300,342,134,
22,46725389,73,20,
22,46725632,139,74,
22,46726526,147,35,
22,46726827,15,2,
22,46726857,247,152,
22,46726907,39,37,
22,46726916,123,36,
22,46727587,1095,531,
22,46727603,43,18,15
22,46727862,56,12,
22,46728157,163,168,
22,46728197,180,146,
22,46728808,482,103,
22,46729198,74,61,
22,46729368,552,424,
22,46730214,182,129,
22,46730346,102,47,
22,46730436,232,190,
22,46730504,500,273,
22,46730826,14,1,
22,46730885,350,118,
22,46731068,254,61,
22,46731432,276,89,
22,46731612,81,33,
22,46731748,262,282,
22,46731976,799,501,
22,46731996,247,88,
22,46732213,285,141,
22,46732242,30,1,
22,46732967,261,112,
22,46733301,91,20,
22,46733306,65,20,
22,46733624,244,336,
22,46733899,23,4,
22,46734302,398,433,
22,46735022,63,11,
22,46735133,108,14,
22,46735139,103,44,
22,46735179,94,26,
22,46735231,29,15,
22,46735489,165,61,
22,46735511,473,306,
22,46735545,1031,647,
22,46735616,244,59,
22,46735644,296,157,
22,46736683,343,365,
22,46737076,32,10,
22,46737202,174,38,
22,46737447,238,255,
22,46737467,20,8,
22,46737630,450,205,
22,46737865,56,13,
22,46737957,123,22,
22,46738241,13,9,
22,46738853,72,54,
22,46739043,35,4,
22,46739618,5,3,21
22,46740029,351,212,
22,46740548,71,27,
22,46740584,13,0,
22,46740644,109,93,
22,46740705,24,16,
22,46740748,182,73,
22,46741472,50,9,
22,46741482,108,30,
22,46741923,90,27,
22,46742035,6,0,
22,46742250,90,179,
22,46742362,475,270,
22,46742389,533,312,
22,46742405,22,9,
22,46742432,212,120,
22,46742618,20,2,
22,46742635,183,120,
22,46742828,39,39,
22,46743154,531,326,
22,46743219,71,118,
22,46743466,20,2,
22,46743729,8,0,
22,46743887,12,1,
22,46743908,516,333,
22,46743951,20,2,
22,46744569,39,4,
22,46744647,134,28,
22,46744807,209,122,
22,46744874,20,1,
22,46744968,103,134,
22,46745138,54,3,
22,46745150,43,2,
22,46745233,210,98,
22,46745259,153,15,
22,46745459,12,1,
22,46745831,17,10,
22,46745922,217,90,
22,46746096,19,19,
22,46746136,4,1,
22,46746266,67,34,
22,46746476,717,491,
22,46746477,17,2,
22,46746517,48,18,
22,46746570,75,23,
22,46746650,10,0,
22,46746681,124,30,
22,46746700,23,7,
22,46746900,43,11,
22,46746946,141,125,
22,46747022,27,24,
22,46747078,16,0,
22,46747119,218,72,
22,46747351,8,1,
22,46747366,296,103,
22,46747571,16,5,
22,46747777,32,21,
22,46747827,294,141,
22,46748071,45,19,
22,46748139,3,0,
22,46748404,30,1,
22,46748723,5,0,
22,46748771,296,256,
22,46748795,10,1,
22,46749053,197,81,
22,46749118,31,6,
22,46749198,590,622,
22,46749213,66,10,
22,46749261,29,12,
22,46749270,3,0,
22,46749559,20,0,
22,46749636,55,21,
22,46749671,191,44,
22,46749754,6,0,
22,46750024,39,0,
22,46750053,55,6,
22,46750118,49,20,
22,46750214,117,23,
22,46750220,3,0,
22,46750358,215,176,
22,46750377,10,4,
22,46750425,200,51,
22,46750437,40,10,
22,46750470,157,137,
22,46750852,274,84,
22,46750951,34,19,
22,46751133,5,0,
22,46751231,55,50,
22,46751448,25,4,
22,46751675,70,34,
22,46751797,22,1,
22,46751825,72,2,
22,46751826,319,16,
22,46751899,622,303,
22,46751906,100,34,
22,46752076,67,55,
22,46752116,6,0,
22,46752151,697,359,
22,46752261,167,76,
22,46752335,19,0,
22,46752392,11,1,
22,46752841,35,14,
22,46752907,95,79,
22,46753034,5,0,
22,46753078,133,44,
22,46753142,47,16,
22,46753256,3,0,
22,46753301,241,33,
22,46753484,427,131,
22,46753611,153,100,
22,46753708,243,27,
22,46753838,17,15,
22,46753941,18,0,
22,46753974,16,24,
22,46754181,7,0,
22,46754201,18,0,
22,46754206,29,6,
22,46754312,14,0,
22,46754427,130,49,
22,46754497,41,0,
22,46754522,54,6,
22,46754724,55,7,
22,46754944,659,216,
22,46755019,14,3,
22,46755115,252,78,
22,46755123,26,12,
22,46755175,6,0,
22,46755270,3,0,
22,46755278,3,0,
22,46755357,16,0,
22,46755439,6,0,
22,46755644,38,12,
22,46755734,332,113,
22,46755975,16,8,
22,46755999,291,212,
22,46756117,1377,892,
22,46756186,11,0,
22,46756187,25,12,
22,46756293,20,8,
22,46756427,95,20,
22,46756530,20,2,
22,46756742,45,5,
22,46756808,5,6,
22,46757067,758,233,
22,46757162,215,211,
22,46757224,89,52,
22,46757357,174,184,
22,46757465,97,25,
22,46757868,44,10,
22,46757944,452,265,
22,46758056,38,14,
22,46758093,19,27,
22,46758242,143,121,
22,46758253,23,2,
22,46758450,308,216,
22,46758621,32,2,
22,46758644,196,178,
22,46759063,245,129,
22,46759107,11,5,
22,46759144,12,3,
22,46759352,120,89,
22,46759353,32,13,
22,46759358,3,0,
22,46759387,41,51,
22,46759520,80,54,
22,46759627,31,14,
22,46759756,21,2,
22,46759785,7,0,
22,46759969,62,13,
22,46760099,299,88,
22,46760102,18,9,
22,46760237,360,216,
22,46760285,36,20,
22,46760307,11,1,
22,46760320,7,1,
22,46760329,229,152,
22,46760338,20,11,
22,46760542,4,0,
22,46760663,4,3,
22,46760927,16,25,15
22,46760998,96,74,
22,46761059,5,0,
22,46761061,115,91,
22,46761239,38,53,
22,46761369,5,1,
22,46761370,108,47,
22,46761430,13,4,
22,46761493,17,6,
22,46761547,12,19,
22,46761614,148,83,
22,46761761,68,17,
22,46761822,375,323,
22,46762027,9,7,
22,46762127,24,18,
22,46762150,323,172,28
22,46762770,12,22,
22,46762844,29,12,
22,46762882,201,171,25
22,46763200,17,0,
22,46763274,15,0,
22,46763493,41,27,
22,46763548,152,192,
22,46763592,140,182,
22,46763635,21,18,
22,46763651,61,13,
22,46763721,128,130,21
22,46763779,25,8,
22,46763864,381,77,11
22,46763877,11,0,
22,46764139,20,1,
22,46764160,10,4,
22,46764170,125,76,26
22,46764223,122,97,
22,46764228,7,2,
22,46764348,12,3,
22,46764356,12,7,
22,46764381,103,52,
22,46764607,8,4,
22,46764787,17,0,
22,46765092,81,110,
22,46765120,291,258,
22,46765273,51,20,
22,46765460,579,444,22
22,46765506,4,2,
22,46765665,8,3,
22,46765694,127,88,20
22,46765819,189,274,12
22,46766031,331,180,19
22,46766140,29,2,
22,46766188,384,129,1
22,46766229,77,25,
22,46766432,108,25,24
22,46766493,40,66,
22,46766507,45,45,
22,46766526,86,85,19
22,46766741,389,343,9
22,46766961,114,86,5
22,46767080,16,0,
22,46767198,9,1,
22,46767323,86,51,
22,46767336,8,0,
22,46767380,7,1,
22,46767440,78,44,3
22,46767668,417,367,16
22,46767696,40,17,
22,46767772,78,122,
22,46767875,76,12,16
22,46767934,5,4,
22,46767964,12,1,
22,46768081,151,101,
22,46768138,17,5,
22,46768257,101,65,14
22,46768519,12,2,
22,46768542,6,0,
22,46768583,4,0,
22,46768738,7,0,
22,46768859,7,1,
22,46768909,170,67,4
22,46768968,15,1,
22,46769051,365,130,10
22,46769104,18,4,
22,46769131,71,98,
22,46769188,5,0,18
22,46769201,159,54,18
22,46769325,6,0,
22,46769422,16,4,13
22,46769606,25,3,
22,46769668,92,27,27
22,46769752,55,24,8
22,46769965,181,91,12
22,46770221,74,59,5
22,46770274,81,8,6
22,46770675,43,64,
22,46770679,4,0,
22,46770887,11,3,
22,46770927,5,0,
22,46770972,5,1,
22,46771068,10,6,
22,46771365,21,7,
22,46771564,6,0,
22,46771599,44,73,3
22,46771628,6,5,
22,46771779,49,6,14
22,46771841,5,0,
22,46771937,5,1,
22,46772212,63,58,2
22,46772404,3,0,15
22,46772582,6,0,
23,46686640,472,728,
23,46686655,405,210,
23,46687603,36,9,
23,46688133,52,9,
23,46688173,124,65,
23,46688191,31,10,
23,46688476,83,40,
23,46688521,25,7,
23,46688804,640,717,
23,46688971,525,334,
23,46689065,239,83,
23,46689289,21,7,
23,46689342,40,19,
23,46689631,128,35,
23,46689834,27,3,
23,46689895,42,2,
23,46690402,601,309,
23,46690463,68,37,
23,46690530,79,27,
23,46690592,134,61,
23,46690779,114,26,
23,46690907,349,258,
23,46691108,352,254,
23,46691130,36,7,
23,46691152,38,30,
23,46691243,459,452,
23,46691660,99,72,
23,46691835,194,146,
23,46691963,20,4,
23,46692116,429,68,
23,46692473,20,1,
23,46692594,775,804,
23,46693205,454,373,
23,46693460,179,89,
23,46693959,213,70,
23,46694124,257,82,
23,46694193,131,29,2
23,46694618,293,89,
23,46695415,118,65,
23,46695467,73,23,
23,46695628,565,112,
23,46696081,22,5,
23,46696111,44,19,
23,46696276,163,35,
23,46696283,221,69,
23,46696300,197,93,
23,46696303,316,571,
23,46696357,254,169,
23,46696647,28,0,
23,46696699,127,224,
23,46697390,16,3,
23,46697876,109,11,
23,46697908,135,44,
23,46698061,264,152,
23,46698264,157,75,
23,46698370,194,80,
23,46698456,50,17,
23,46698623,57,19,
23,46698660,456,260,
23,46699072,192,148,
23,46699697,240,55,
23,46700384,34,15,
23,46700489,71,16,
23,46700503,260,56,
23,46700594,635,374,
23,46701045,38,4,24
23,46701114,106,65,
23,46701733,433,264,
23,46702099,236,159,
23,46702411,262,345,
23,46702980,36,7,
23,46703301,276,136,
23,46703317,188,19,
23,46703763,765,724,
23,46705201,262,80,
23,46705337,11,2,
23,46705590,9,2,20
23,46705676,136,79,
23,46705715,230,105,
23,46705830,44,10,
23,46706528,666,212,
23,46706668,67,31,
23,46706796,60,74,
23,46706906,513,224,
23,46706947,183,88,
23,46707062,22,14,
23,46707572,577,699,
23,46707708,75,5,
23,46708032,242,159,
23,46708055,76,20,
23,46708351,70,20,
23,46708592,60,14,
23,46708601,200,66,
23,46708678,482,257,
23,46708766,87,16,
23,46709179,305,94,
23,46709270,518,135,25
23,46709320,99,129,
23,46709461,65,17,26
23,46709543,207,114,
23,46709548,136,109,
23,46710042,62,35,
23,46710747,106,46,
23,46710756,45,16,
23,46710981,21,6,
23,46711380,190,152,
23,46711574,340,351,
23,46712547,64,10,
23,46712678,707,500,
23,46712815,180,66,
23,46713106,532,152,
23,46713387,141,57,
23,46713444,161,130,
23,46713526,289,299,
23,46713929,284,409,
23,46714981,59,46,
23,46715600,288,84,
23,46715766,39,13,
23,46716469,270,194,
23,46716560,73,102,
23,46716696,97,59,
23,46716806,46,13,
23,46717442,141,61,
23,46717472,29,2,
23,46717507,169,111,
23,46717536,34,5,
23,46717960,208,161,
23,46718061,305,143,
23,46718299,58,103,
23,46718485,162,213,
23,46718923,33,20,
23,46719222,552,558,
23,46719229,738,225,
23,46719423,92,47,
23,46719491,711,771,
23,46719899,263,69,
23,46719958,60,20,
23,46720395,935,504,
23,46720987,12,7,
23,46721019,54,71,
23,46721179,301,81,
23,46721418,86,165,
23,46721474,87,35,
23,46721488,156,24,
23,46721703,76,25,
23,46721802,1315,240,
23,46721933,47,18,
23,46722074,77,14,
23,46722285,44,26,
23,46722570,224,20,
23,46722853,146,75,
23,46723049,33,13,
23,46723128,34,7,
23,46723183,48,12,
23,46723384,744,632,
23,46723694,133,58,
23,46723990,656,363,
23,46724348,10,1,
23,46724542,16,3,
23,46724565,47,5,
23,46724675,38,15,
23,46725288,385,357,
23,46725300,342,134,
23,46725389,73,20,
23,46725632,139,74,
23,46726526,147,35,
23,46726827,15,2,
23,46726857,247,152,
23,46726916,123,36,
23,46727587,1097,532,
23,46727603,44,20,24
23,46727862,56,12,
23,46728157,163,168,
23,46728197,180,146,
23,46728808,482,103,
23,46729198,74,61,
23,46729368,552,424,
23,46730214,182,129,
23,46730346,102,47,
23,46730436,232,190,
23,46730504,500,273,
23,46730826,14,1,
23,46730885,350,118,
23,46731068,254,61,
23,46731432,276,89,
23,46731612,81,33,
23,46731748,262,282,
23,46731976,799,501,
23,46731996,247,88,
23,46732213,286,141,
23,46732242,30,1,
23,46732967,261,112,
23,46733301,91,20,
23,46733306,66,20,
23,46733624,244,336,
23,46733899,23,4,
23,46734302,398,433,
23,46735022,63,11,
23,46735133,108,14,
23,46735139,103,44,
23,46735179,94,26,
23,46735231,29,15,
23,46735489,165,61,
23,46735511,473,306,
23,46735545,1032,648,
23,46735616,244,59,
23,46735644,296,157,
23,46736683,343,365,
23,46737076,32,10,
23,46737202,174,38,
23,46737447,239,255,
23,46737467,20,8,
23,46737630,450,205,
23,46737865,56,13,
23,46737957,123,22,
23,46738241,13,9,
23,46738853,72,54,
23,46739043,35,4,
23,46740029,351,212,
23,46740548,71,27,
23,46740644,109,93,
23,46740705,24,16,
23,46740748,182,74,
23,46741472,50,9,
23,46741482,108,30,
23,46741923,90,27,
23,46742035,6,0,
23,46742250,91,179,
23,46742362,475,271,
23,46742389,534,312,
23,46742405,22,9,
23,46742432,212,120,
23,46742618,20,2,
23,46742635,183,120,
23,46742828,39,39,
23,46743154,531,327,
23,46743219,71,118,
23,46743466,20,2,
23,46743729,8,0,
23,46743887,12,1,
23,46743908,516,333,
23,46743951,20,2,
23,46744569,39,4,
23,46744647,134,28,
23,46744807,209,122,
23,46744874,20,1,
23,46744968,103,134,
23,46745138,54,3,
23,46745150,43,2,
23,46745233,211,98,
23,46745259,153,15,
23,46745459,12,1,
23,46745831,17,10,
23,46745922,217,90,
23,46746096,19,19,
23,46746136,4,1,
23,46746266,67,34,
23,46746476,717,492,
23,46746477,17,2,
23,46746517,48,18,
23,46746570,75,23,
23,46746650,10,0,
23,46746681,124,30,
23,46746700,23,7,
23,46746900,43,11,
23,46746946,141,125,
23,46747022,27,24,
23,46747078,16,0,
23,46747119,218,72,
23,46747366,296,103,
23,46747571,16,5,
23,46747777,32,21,
23,46747827,295,141,
23,46748071,45,19,
23,46748404,30,1,
23,46748723,5,0,
23,46748771,296,256,
23,46748795,10,1,
23,46749053,197,81,
23,46749118,31,6,
23,46749198,591,622,
23,46749213,66,10,
23,46749261,29,12,
23,46749270,3,0,
23,46749559,20,0,
23,46749636,55,22,
23,46749671,191,44,
23,46749754,6,0,
23,46750024,39,0,
23,46750053,55,6,
23,46750118,49,20,
23,46750214,117,23,
23,46750220,3,0,
23,46750358,216,176,
23,46750377,10,4,
23,46750425,200,51,
23,46750437,40,10,
23,46750470,157,137,
23,46750852,274,84,
23,46750951,34,19,
23,46751133,5,0,
23,46751231,55,50,
23,46751448,25,4,
23,46751675,70,34,
23,46751797,22,1,
23,46751825,72,2,
23,46751826,319,16,
23,46751899,622,304,
23,46751906,100,35,
23,46752076,67,55,
23,46752116,6,0,
23,46752151,697,360,
23,46752261,167,76,
23,46752335,19,0,
23,46752392,11,1,
23,46752841,35,14,
23,46752907,95,79,
23,46753034,5,0,
23,46753078,133,44,
23,46753142,47,16,
23,46753256,3,0,
23,46753301,241,33,
23,46753484,427,131,
23,46753611,153,100,
23,46753708,243,27,
23,46753838,17,15,
23,46753941,18,0,
23,46753974,17,24,
23,46754181,7,0,
23,46754201,18,0,
23,46754206,29,6,
23,46754312,14,0,
23,46754427,130,49,
23,46754497,41,0,
23,46754522,54,6,
23,46754724,55,7,
23,46754944,662,217,
23,46755019,14,3,
23,46755115,252,78,
23,46755123,26,12,
23,46755270,3,0,
23,46755278,3,0,
23,46755357,16,0,
23,46755439,6,0,
23,46755644,38,12,
23,46755734,332,113,
23,46755975,16,8,
23,46755999,291,212,
23,46756117,1381,897,
23,46756186,11,0,
23,46756187,25,12,
23,46756293,20,8,
23,46756427,95,20,
23,46756530,20,2,
23,46756742,48,5,
23,46756808,5,6,
23,46757067,761,234,
23,46757162,216,211,
23,46757224,89,52,
23,46757357,174,187,
23,46757465,97,25,
23,46757868,44,10,
23,46757944,452,265,
23,46758056,38,14,
23,46758093,19,27,
23,46758242,143,121,
23,46758253,24,2,
23,46758450,308,216,
23,46758621,32,2,
23,46758644,197,182,
23,46759063,247,131,
23,46759107,11,5,
23,46759144,12,3,
23,46759352,120,89,
23,46759353,32,13,
23,46759358,3,0,
23,46759387,42,51,
23,46759520,81,54,
23,46759627,31,14,
23,46759756,21,2,
23,46759785,7,0,
23,46759969,62,13,
23,46760099,299,88,
23,46760102,18,9,
23,46760237,362,216,
23,46760285,36,20,
23,46760320,7,1,
23,46760329,241,155,
23,46760338,20,11,
23,46760542,4,0,
23,46760663,4,3,
23,46760927,19,27,29
23,46760998,96,74,
23,46761059,5,0,
23,46761061,116,91,
23,46761239,40,53,
23,46761369,5,1,
23,46761370,112,48,
23,46761430,13,4,
23,46761493,17,6,
23,46761547,12,20,
23,46761614,148,83,
23,46761761,69,17,
23,46761822,379,323,
23,46762027,9,7,
23,46762127,24,18,
23,46762150,326,174,
23,46762770,12,22,
23,46762844,29,12,
23,46762882,205,175,
23,46763200,17,0,
23,46763274,15,0,
23,46763493,41,28,
23,46763548,153,193,
23,46763592,141,185,
23,46763635,21,18,
23,46763651,61,13,
23,46763721,136,147,23
23,46763779,25,8,
23,46763864,390,78,13
23,46763877,11,0,
23,46764139,22,1,
23,46764160,10,6,
23,46764170,129,76,
23,46764223,126,102,
23,46764228,7,2,
23,46764348,12,3,
23,46764356,12,7,
23,46764381,105,53,
23,46764607,8,4,
23,46764787,17,0,
23,46765092,82,111,
23,46765120,295,261,
23,46765273,52,20,
23,46765460,603,455,22
23,46765506,4,2,
23,46765665,8,3,
23,46765694,140,94,19
23,46765819,222,303,12
23,46766031,340,191,25
23,46766140,32,2,
23,46766188,426,140,1
23,46766229,78,25,
23,46766432,114,26,
23,46766493,42,68,
23,46766507,46,45,
23,46766526,111,97,17
23,46766741,402,352,17
23,46766961,136,104,5
23,46767198,9,1,
23,46767323,89,52,
23,46767336,8,0,
23,46767380,7,1,
23,46767440,105,52,7
23,46767668,459,403,16
23,46767696,43,19,
23,46767772,81,132,
23,46767875,78,12,
23,46767934,5,4,
23,46767964,12,1,
23,46768081,155,108,
23,46768138,17,5,
23,46768257,115,69,14
23,46768519,12,2,
23,46768542,6,0,
23,46768583,4,0,
23,46768738,7,0,
23,46768859,7,1,
23,46768909,184,77,6
23,46768968,15,1,
23,46769051,394,140,15
23,46769104,18,4,
23,46769131,75,99,
23,46769188,30,5,4
23,46769201,178,59,27
23,46769325,6,0,
23,46769422,16,4,28
23,46769606,25,3,
23,46769668,96,28,
23,46769752,59,28,10
23,46769965,189,106,
23,46770221,104,83,3
23,46770274,91,14,9
23,46770675,48,64,
23,46770679,4,0,
23,46770887,15,6,
23,46770927,5,0,
23,46770972,5,1,
23,46771068,11,7,
23,46771213,13,3,
23,46771365,25,7,
23,46771564,7,1,
23,46771599,59,105,4
23,46771628,8,9,
23,46772096,7,0,
23,46772145,5,1,
23,46772212,92,117,20
23,46772293,4,0,
23,46772398,31,9,6
23,46772404,44,8,1
23,46772495,13,1,25
23,46772582,11,0,
23,46772627,13,9,
23,46772655,20,12,19
23,46772829,4,6,
23,46773010,3,0,
23,46773090,4,0,
23,46773242,8,0,
23,46773253,7,0,
