hour,id,score,comments,best_rank
0,46070203,420,258,
0,46070298,106,150,
0,46070562,19,14,
0,46071317,259,101,
0,46071785,53,19,
0,46073978,134,148,
0,46075126,77,71,
0,46080498,237,125,
0,46081418,51,53,
0,46085280,96,49,
0,46085753,49,26,
0,46085982,60,13,
0,46086923,95,17,
0,46087115,62,10,
0,46088430,44,7,
0,46089444,63,10,
0,46091211,178,66,
0,46092198,272,234,
0,46093613,178,47,
0,46094037,242,98,
0,46094330,94,53,
0,46094460,607,67,
0,46094552,120,35,
0,46094989,63,33,
0,46095087,658,373,
0,46095474,124,39,
0,46095662,414,139,
0,46095817,396,150,
0,46095988,7,3,
0,46096337,1241,397,
0,46096341,26,6,
0,46097563,90,30,
0,46098567,17,4,
0,46098655,151,37,
0,46098838,747,290,
0,46099739,39,4,
0,46101816,136,112,
0,46102276,225,268,
0,46102311,136,38,
0,46102546,30,3,
0,46103376,886,369,
0,46103571,157,202,
0,46103858,446,674,
0,46104193,899,732,
0,46104396,323,475,
0,46104539,112,29,
0,46106186,170,120,
0,46106246,44,12,
0,46106411,182,78,
0,46106556,574,215,
0,46107897,50,7,
0,46108557,157,47,
0,46108780,982,464,
0,46108940,160,425,
0,46109978,185,81,
0,46111448,74,72,
0,46112520,8,0,
0,46112560,169,60,
0,46112965,45,21,15
0,46113990,32,31,
0,46114064,57,10,
0,46114440,108,20,29
0,46115397,5,0,
0,46115758,149,93,
0,46116007,75,28,
0,46116567,216,291,
0,46116724,175,53,
0,46117112,500,367,
0,46117126,173,150,
0,46117802,450,169,
0,46118358,248,54,
0,46118722,223,106,
0,46118986,46,6,
0,46119117,53,53,
0,46119214,127,56,
0,46119234,84,32,
0,46120549,177,89,
0,46120732,44,11,
0,46120764,79,34,
0,46121105,70,2,
0,46121539,340,262,
0,46121870,819,929,
0,46121889,824,236,
0,46122302,17,3,
0,46123307,15,4,
0,46123518,30,19,
0,46123720,158,46,
0,46123747,92,101,
0,46123948,53,11,
0,46124205,422,159,
0,46124267,2190,1072,
0,46124324,857,952,
0,46124425,463,98,14
0,46124649,87,35,
0,46124903,44,25,
0,46125963,90,51,
0,46126066,20,14,
0,46126141,194,102,
0,46126217,598,64,
0,46126380,175,65,
0,46126446,974,849,
0,46127412,110,116,
0,46127575,52,6,
0,46127630,36,2,
0,46127787,38,21,
0,46128238,99,13,
0,46128286,121,76,
0,46128548,64,48,
0,46128616,91,14,
0,46128639,21,19,
0,46129505,12,3,
0,46130188,23,4,
0,46130260,176,68,
0,46130907,105,41,
0,46131406,1063,612,
0,46131837,123,93,
0,46132531,367,305,
0,46133141,240,194,
0,46133555,75,4,
0,46134164,13,2,23
0,46134178,433,282,
0,46134443,828,583,
0,46134969,29,5,27
0,46134991,118,25,
0,46135067,184,150,
0,46135145,116,42,
0,46135349,16,4,
0,46136023,508,320,
0,46136026,620,257,
0,46136059,244,48,
0,46136277,94,39,
0,46137253,525,215,
0,46137514,817,289,
0,46137548,138,94,
0,46137596,107,41,
0,46137746,90,35,
0,46137772,38,8,
0,46137783,761,392,
0,46137953,143,25,
0,46138238,1343,289,
0,46138459,314,57,
0,46138473,62,78,
0,46138632,174,59,
0,46138952,961,1060,
0,46139761,390,130,
0,46139782,109,59,
0,46140244,152,3,
0,46140753,91,70,
0,46141429,107,99,
0,46141731,127,111,
0,46141745,146,87,
0,46141986,124,17,
0,46142000,130,53,
0,46142100,520,404,
0,46142866,155,51,
0,46142949,43,6,
0,46143818,129,249,
0,46144199,33,9,
0,46144275,401,181,
0,46144801,127,74,
0,46145154,26,5,22
0,46145180,700,658,
0,46145365,719,362,
0,46145790,61,91,
0,46145834,472,202,
0,46145902,255,110,
0,46145960,97,16,
0,46146133,602,114,
0,46146204,88,14,
0,46146451,540,242,
0,46146740,175,153,
0,46147285,96,81,
0,46147329,138,30,
0,46147341,140,48,
0,46147353,412,412,
0,46147493,284,292,
0,46147540,513,252,
0,46148202,100,154,
0,46148460,201,157,
0,46148748,440,337,
0,46149066,90,25,
0,46149375,265,327,
0,46149727,50,37,
0,46149813,327,45,
0,46150447,90,23,
0,46150715,763,1018,
0,46151299,257,49,
0,46151600,62,20,
0,46152838,313,373,
0,46153058,132,15,
0,46153116,379,184,
0,46153466,448,565,
0,46154114,33,2,
0,46154344,118,9,
0,46154491,395,306,
0,46155085,336,55,
0,46155135,552,290,
0,46155619,442,521,
0,46155701,175,30,
0,46155740,54,8,8
0,46156379,86,66,
0,46157594,372,306,
0,46157914,46,44,
0,46158578,344,117,
0,46160315,1748,1341,
0,46160698,220,104,
0,46160773,441,307,
0,46160824,69,18,
0,46161125,293,274,
0,46161328,225,85,
0,46162656,781,564,
0,46162872,325,153,
0,46163121,225,303,
0,46163308,565,295,
0,46163609,332,95,
0,46163671,176,72,
0,46165555,35,5,
0,46166161,75,49,
0,46166178,190,30,
0,46166708,110,22,
0,46166782,11,0,
0,46166994,199,27,
0,46167349,135,35,
0,46167500,135,78,
0,46167552,338,231,
0,46167621,193,68,
0,46168057,201,156,
0,46169224,333,236,
0,46169330,75,16,
0,46169441,48,15,
0,46169554,416,230,
0,46170302,309,236,
0,46170309,194,29,
0,46170332,34,4,
0,46170402,137,118,
0,46170759,24,11,
0,46170776,18,0,
0,46171394,229,134,
0,46171703,31,6,
0,46172167,175,24,
0,46172312,49,80,
0,46172443,349,317,
0,46172682,66,134,
0,46172797,199,63,
0,46172852,45,62,
0,46173407,788,446,
0,46173547,520,242,
0,46173825,262,137,
0,46174205,50,14,
0,46174222,21,15,
0,46174755,21,1,
0,46175112,392,447,
0,46175662,49,9,
0,46175826,235,98,
0,46175871,123,387,
0,46176169,152,218,
0,46176289,111,61,
0,46176327,22,4,
0,46176533,42,18,
0,46176766,202,125,
0,46176893,429,529,
0,46176905,457,243,
0,46176965,25,9,
0,46177022,114,61,
0,46177132,131,36,
0,46177182,10,0,
0,46177418,134,13,
0,46177615,53,3,
0,46177645,585,130,
0,46177737,36,24,
0,46178108,262,217,
0,46178347,700,271,
0,46178442,187,120,
0,46178464,37,9,
0,46178789,355,84,
0,46178892,223,21,
0,46179928,23,7,
0,46180273,17,3,
0,46180291,28,0,
0,46181076,197,93,
0,46181231,577,182,
0,46181237,60,23,
0,46181268,278,95,
0,46181371,673,972,
0,46181466,501,415,
0,46181491,596,281,
0,46181962,508,721,
0,46182031,146,10,
0,46182202,257,176,
0,46182582,67,56,
0,46183011,120,206,
0,46183014,46,6,
0,46183088,144,201,
0,46183091,64,7,
0,46183294,548,452,
0,46183657,326,429,
0,46183948,38,28,
0,46183952,27,11,
0,46184128,70,63,
0,46184229,221,261,
0,46184303,36,10,
0,46184575,127,115,
0,46184730,166,31,
0,46185144,23,3,
0,46185317,89,1,
0,46185323,109,64,
0,46185576,173,62,
0,46185816,342,284,
0,46185957,323,346,
0,46186332,27,4,
0,46186538,25,0,
0,46186917,35,12,
0,46186950,35,52,
0,46186990,6,2,
0,46186997,83,38,
0,46187387,237,69,
0,46187645,85,110,
0,46188451,164,121,
0,46189480,100,34,
0,46189615,7,0,
0,46189616,22,2,
0,46189692,429,254,
0,46189704,77,97,
0,46189994,478,196,
0,46190324,50,3,
0,46190577,251,80,
0,46191124,44,28,
0,46191179,14,17,
0,46191194,241,120,
0,46191650,30,82,
0,46191763,182,48,
0,46191814,51,18,
0,46191933,105,89,
0,46191993,22,14,
0,46192130,435,349,
0,46192186,461,543,
0,46192459,359,398,
0,46192638,24,1,
0,46192846,345,156,
0,46192962,257,218,
0,46192997,107,59,
0,46193116,78,39,
0,46193412,114,91,
0,46193931,272,50,
0,46194063,166,158,
0,46194302,81,38,
0,46194315,205,160,
0,46194337,323,84,
0,46194351,12,4,
0,46194384,282,117,
0,46194477,196,26,
0,46194540,10,4,
0,46194615,416,367,
0,46194828,126,84,
0,46194916,18,0,
0,46194991,14,0,
0,46195007,74,13,
0,46195068,41,4,
0,46195109,112,60,
0,46195198,189,174,
0,46195225,127,35,
0,46195226,17,23,
0,46196076,300,168,
0,46196105,422,158,
0,46196209,40,18,
0,46196228,394,649,
0,46196260,20,6,
0,46196301,14,3,
0,46196308,170,59,
0,46196433,4,0,
0,46196518,37,13,
0,46196545,79,94,
0,46196547,18,4,
0,46196688,792,318,
0,46196707,22,12,
0,46196831,117,66,
0,46196896,45,26,
0,46197173,39,5,
0,46197592,73,7,
0,46197820,4,0,
0,46197875,103,173,
0,46197930,18,1,
0,46198096,64,28,
0,46198177,43,39,
0,46198294,52,103,
0,46198320,10,1,
0,46198430,155,121,
0,46198652,30,11,
0,46198874,8,1,
0,46199411,266,312,
0,46199453,8,0,
0,46199530,106,19,
0,46199623,347,124,
0,46199649,63,6,
0,46199723,540,532,
0,46199741,8,2,
0,46199887,16,0,
0,46199919,18,2,
0,46199935,55,6,
0,46199950,89,29,
0,46200126,8,0,
0,46200140,57,10,
0,46200413,7,0,
0,46200552,26,8,
0,46200819,7,2,
0,46201341,11,1,
0,46201365,9,1,
0,46201381,162,132,
0,46201750,81,101,
0,46202058,31,6,
0,46202163,6,2,
0,46202400,19,0,
0,46202666,5,2,
0,46202789,12,1,
0,46202921,177,117,25
0,46202943,19,6,
0,46203138,176,115,26
0,46203250,4,0,
0,46203343,30,4,
0,46203410,12,4,
0,46203477,8,1,
0,46203499,57,0,
0,46203540,15,8,
0,46203581,150,93,30
0,46203611,68,34,
0,46203948,34,62,
0,46203986,77,73,
0,46204090,73,88,
0,46204139,94,51,
0,46204241,11,1,
0,46204315,10,1,
0,46204377,9,0,
0,46204609,7,0,
0,46204668,59,36,
0,46204849,4,1,
0,46204853,42,22,
0,46204923,11,3,
0,46204998,24,8,
0,46205437,476,230,4
0,46205461,118,25,19
0,46205493,12,12,
0,46205519,142,60,18
0,46205628,4,1,
0,46205632,1748,619,1
0,46205661,375,365,8
0,46205672,25,54,
0,46205724,214,272,22
0,46205744,18,0,
0,46206277,51,89,20
0,46206457,755,412,
0,46206531,374,95,7
0,46207017,37,30,28
0,46207229,5,0,
0,46207425,138,63,11
0,46207464,377,63,2
0,46207505,297,342,5
0,46207711,10,1,
0,46207727,100,249,
0,46207852,53,25,
0,46208160,93,26,
0,46208283,11,3,
0,46208320,7,1,
0,46208340,5,0,
0,46208409,74,29,12
0,46208445,8,6,
0,46208672,30,10,
0,46208760,6,1,
0,46208773,107,41,13
0,46208962,431,175,6
0,46209077,22,3,
0,46209220,7,3,
0,46209372,14,1,
0,46209378,28,2,
0,46209486,4,1,
0,46209493,58,36,
0,46209537,14,7,
0,46209837,13,0,
0,46209846,50,8,17
0,46210002,9,3,
0,46210239,21,3,
0,46210240,135,33,3
0,46210304,17,2,
0,46210361,11,1,
0,46210404,7,0,
0,46210424,6,2,
0,46210656,31,7,
0,46210672,6,1,
0,46210705,22,3,
0,46210806,39,10,7
0,46210820,3,1,
0,46211102,14,5,
0,46211190,10,0,
0,46211279,4,0,
0,46211417,14,2,
0,46211529,6,1,
0,46211552,8,6,
0,46211802,18,16,14
0,46211861,11,3,16
0,46211886,5,0,
0,46211953,6,2,
0,46211994,9,3,
0,46212027,8,0,
0,46212176,7,2,
0,46212202,11,2,
0,46212249,7,0,
0,46212301,8,0,
0,46212325,4,0,
0,46212438,10,0,
0,46212466,5,1,
1,46070203,420,258,
1,46070298,106,150,
1,46070562,19,14,
1,46071785,53,19,
1,46073978,134,148,
1,46075126,77,71,
1,46080498,238,125,
1,46081418,51,53,
1,46085280,96,49,
1,46085753,49,26,
1,46085982,60,13,
1,46086923,95,17,
1,46087115,62,10,
1,46088430,44,7,
1,46089444,63,10,
1,46091211,178,66,
1,46092198,272,234,
1,46093613,178,47,
1,46094037,242,98,
1,46094330,94,53,
1,46094460,607,67,
1,46094552,120,35,
1,46094989,63,33,
1,46095087,658,373,
1,46095474,124,39,
1,46095662,414,139,
1,46095817,396,150,
1,46095988,7,3,
1,46096337,1241,397,
1,46096341,26,6,
1,46097563,90,30,
1,46098567,17,4,
1,46098655,151,37,
1,46098838,747,290,
1,46101816,136,112,
1,46102276,225,268,
1,46102311,138,38,
1,46102546,30,3,
1,46103376,886,369,
1,46103571,157,202,
1,46103858,446,674,
1,46104193,899,732,
1,46104396,323,475,
1,46104539,112,29,
1,46106186,170,120,
1,46106246,44,12,
1,46106411,182,78,
1,46106556,574,215,
1,46107897,50,7,
1,46108557,157,47,
1,46108780,982,464,
1,46108940,160,425,
1,46109978,185,81,
1,46111448,74,72,
1,46112520,8,0,
1,46112560,169,60,
1,46112965,51,37,16
1,46113990,32,31,
1,46114064,57,10,
1,46114440,111,20,
1,46115397,5,0,
1,46115758,149,93,
1,46116007,75,28,
1,46116567,216,291,
1,46116724,175,53,
1,46117112,500,367,
1,46117126,173,150,
1,46117802,450,169,
1,46118358,248,54,
1,46118722,223,106,
1,46118986,46,6,
1,46119117,53,53,
1,46119214,127,56,
1,46119234,84,32,
1,46120549,177,89,
1,46120732,44,11,
1,46120764,79,34,
1,46121105,71,2,
1,46121870,819,929,
1,46121889,824,236,
1,46122302,17,3,
1,46123307,15,4,
1,46123518,30,19,
1,46123720,158,46,
1,46123747,92,101,
1,46123948,53,11,
1,46124205,422,159,
1,46124267,2190,1072,
1,46124324,857,952,
1,46124425,477,101,15
1,46124649,88,35,
1,46124903,44,25,
1,46125963,90,51,
1,46126066,20,14,
1,46126141,194,102,
1,46126217,598,64,
1,46126380,175,65,
1,46126446,974,849,
1,46127412,110,116,
1,46127575,52,6,
1,46127630,36,2,
1,46127787,38,21,
1,46128238,99,13,
1,46128286,121,76,
1,46128548,64,48,
1,46128616,91,14,
1,46128639,21,19,
1,46129505,13,3,
1,46130188,24,4,
1,46130260,176,68,
1,46130907,105,41,
1,46131406,1063,612,
1,46131837,123,93,
1,46132531,367,305,
1,46133141,240,194,
1,46133555,75,4,
1,46134164,13,2,
1,46134443,828,583,
1,46134969,30,5,
1,46134991,118,25,
1,46135067,184,150,
1,46135145,116,42,
1,46135349,16,4,
1,46136023,508,320,
1,46136026,620,257,
1,46136059,244,48,
1,46136277,94,39,
1,46137253,525,215,
1,46137514,817,289,
1,46137548,138,94,
1,46137596,108,42,30
1,46137746,90,35,
1,46137772,39,8,
1,46137783,761,392,
1,46137953,143,25,
1,46138238,1343,289,
1,46138459,314,58,
1,46138473,62,78,
1,46138632,174,59,
1,46138952,962,1060,
1,46139761,390,130,
1,46139782,109,59,
1,46140244,152,3,
1,46140753,91,70,
1,46141429,107,99,
1,46141731,127,111,
1,46141745,146,87,
1,46141986,124,17,
1,46142000,130,53,
1,46142100,520,404,
1,46142866,155,51,
1,46142949,43,6,
1,46143818,131,249,
1,46144199,33,9,
1,46144275,401,181,
1,46144801,127,74,
1,46145154,27,5,28
1,46145180,700,658,
1,46145365,719,362,
1,46145790,61,91,
1,46145834,472,202,
1,46145902,255,110,
1,46145960,97,16,
1,46146133,602,114,
1,46146204,88,14,
1,46146451,540,242,
1,46147285,96,81,
1,46147329,139,30,
1,46147341,140,48,
1,46147353,412,412,
1,46147493,284,292,
1,46147540,513,252,
1,46147996,6,0,25
1,46148202,100,155,
1,46148460,201,157,
1,46148748,440,337,
1,46149066,90,25,
1,46149375,265,328,
1,46149727,50,37,
1,46149813,327,45,
1,46150447,90,23,
1,46150715,763,1018,
1,46151299,257,49,
1,46151600,65,22,
1,46152838,313,373,
1,46153058,132,15,
1,46153116,381,184,
1,46153466,448,565,
1,46154114,33,2,
1,46154344,118,9,
1,46154491,395,306,
1,46155085,336,55,
1,46155135,552,290,
1,46155619,442,521,
1,46155701,175,30,
1,46155740,64,15,9
1,46156379,86,66,
1,46157594,372,306,
1,46158578,344,117,
1,46160315,1748,1341,
1,46160698,220,104,
1,46160773,441,307,
1,46160824,69,18,
1,46161125,293,274,
1,46161328,225,85,
1,46162656,781,564,
1,46162872,325,153,
1,46163121,225,303,
1,46163308,565,295,
1,46163609,332,95,
1,46163671,176,72,
1,46165555,35,5,
1,46166161,75,49,
1,46166178,190,30,
1,46166708,110,22,
1,46166782,11,0,
1,46166994,199,27,
1,46167349,135,35,
1,46167500,135,78,
1,46167552,338,231,
1,46167621,193,68,
1,46168057,201,156,
1,46169224,333,236,
1,46169330,75,16,
1,46169441,48,15,
1,46169554,416,230,
1,46170302,309,236,
1,46170309,194,29,
1,46170332,34,4,
1,46170402,137,118,
1,46170759,24,11,
1,46170776,18,0,
1,46171394,229,134,
1,46171703,31,6,
1,46172167,175,24,
1,46172312,49,80,
1,46172443,349,317,
1,46172682,66,134,
1,46172797,199,63,
1,46172852,45,62,
1,46173407,788,447,
1,46173547,520,242,
1,46173825,262,138,
1,46174205,50,14,
1,46174222,21,15,
1,46174755,21,1,
1,46175112,392,448,
1,46175662,49,9,
1,46175826,235,98,
1,46175871,123,388,
1,46176169,152,218,
1,46176289,111,61,
1,46176327,22,4,
1,46176533,42,18,
1,46176766,202,125,
1,46176893,429,529,
1,46176905,457,243,
1,46176965,25,9,
1,46177022,114,61,
1,46177132,131,36,
1,46177182,10,0,
1,46177418,134,13,
1,46177615,53,3,
1,46177645,585,130,
1,46177737,36,24,
1,46178108,262,217,
1,46178347,700,271,
1,46178442,187,120,
1,46178464,37,9,
1,46178789,355,84,
1,46178892,223,21,
1,46179928,23,7,
1,46180273,17,3,
1,46180291,28,0,
1,46181076,197,93,
1,46181231,577,183,
1,46181237,60,23,
1,46181268,278,95,
1,46181371,673,975,
1,46181466,501,415,
1,46181491,596,281,
1,46181962,509,721,
1,46182031,146,10,
1,46182202,257,177,
1,46182582,67,56,
1,46183011,120,206,
1,46183014,46,6,
1,46183088,144,201,
1,46183091,64,7,
1,46183294,548,453,
1,46183657,326,429,
1,46183948,38,28,
1,46183952,27,11,
1,46184128,70,63,
1,46184229,222,261,
1,46184303,36,10,
1,46184575,127,115,
1,46184730,166,31,
1,46185144,23,3,
1,46185317,89,1,
1,46185323,109,64,
1,46185576,173,62,
1,46185816,343,284,
1,46185957,323,347,
1,46186538,25,0,
1,46186917,35,13,
1,46186950,35,52,
1,46186990,6,2,
1,46186997,83,38,
1,46187387,238,69,
1,46187645,85,110,
1,46188451,164,121,
1,46189480,100,34,
1,46189615,7,0,
1,46189616,22,2,
1,46189692,430,254,
1,46189704,77,97,
1,46189994,479,196,
1,46190324,50,3,
1,46190577,251,80,
1,46191124,44,28,
1,46191179,14,17,
1,46191194,241,120,
1,46191650,30,82,
1,46191763,182,48,
1,46191814,51,18,
1,46191933,105,89,
1,46191993,22,14,
1,46192130,435,349,
1,46192186,463,543,
1,46192459,359,398,
1,46192638,24,1,
1,46192846,345,157,
1,46192962,257,218,
1,46192997,107,59,
1,46193116,78,39,
1,46193412,114,91,
1,46193931,272,50,
1,46194063,167,159,
1,46194302,82,38,
1,46194315,205,160,
1,46194337,323,85,
1,46194351,12,4,
1,46194384,282,118,
1,46194477,196,26,
1,46194615,416,367,
1,46194828,126,84,
1,46194916,18,0,
1,46194991,14,0,
1,46195007,74,13,
1,46195068,41,4,
1,46195109,112,60,
1,46195198,189,174,
1,46195225,127,35,
1,46195226,17,23,
1,46196076,300,168,
1,46196105,422,158,
1,46196209,40,18,
1,46196228,395,650,
1,46196260,20,6,
1,46196301,14,3,
1,46196308,170,59,
1,46196433,4,0,
1,46196518,37,13,
1,46196545,79,94,
1,46196547,18,4,
1,46196688,796,318,
1,46196707,22,12,
1,46196831,118,66,
1,46196896,45,26,
1,46197173,39,5,
1,46197592,73,7,
1,46197820,4,0,
1,46197875,103,173,
1,46197930,18,1,
1,46198096,64,29,
1,46198177,43,40,
1,46198294,52,103,
1,46198320,10,1,
1,46198430,157,121,
1,46198652,30,11,
1,46198874,8,1,
1,46199411,267,313,
1,46199453,8,0,
1,46199530,107,19,
1,46199623,348,124,
1,46199649,64,6,
1,46199723,542,532,
1,46199887,16,0,
1,46199919,18,2,
1,46199935,55,6,
1,46199950,89,29,
1,46200126,8,0,
1,46200140,57,10,
1,46200413,7,0,
1,46200552,26,8,
1,46200819,7,2,
1,46201341,11,1,
1,46201365,9,1,
1,46201381,162,135,
1,46201750,81,101,
1,46202058,31,6,
1,46202163,6,2,
1,46202400,19,0,
1,46202666,5,2,
1,46202789,12,1,
1,46202921,185,123,24
1,46202943,19,6,
1,46203138,178,115,26
1,46203250,4,0,
1,46203343,31,4,
1,46203410,12,4,
1,46203477,8,1,
1,46203499,58,0,
1,46203540,15,8,
1,46203581,153,94,
1,46203611,69,34,
1,46203948,34,62,
1,46203986,78,73,
1,46204090,73,88,
1,46204139,96,52,
1,46204241,11,1,
1,46204315,10,1,
1,46204377,9,0,
1,46204609,7,0,
1,46204668,59,37,
1,46204849,5,1,
1,46204853,44,24,
1,46204923,11,3,
1,46204998,24,8,
1,46205437,490,248,4
1,46205461,126,29,21
1,46205493,12,12,
1,46205519,149,69,17
1,46205628,4,1,
1,46205632,1859,640,1
1,46205661,390,394,8
1,46205672,25,55,
1,46205724,237,291,22
1,46205744,18,0,
1,46206277,61,102,20
1,46206457,773,416,
1,46206531,398,104,7
1,46207017,38,31,29
1,46207229,5,0,
1,46207425,148,68,11
1,46207464,400,66,2
1,46207505,317,361,5
1,46207711,10,1,
1,46207727,101,261,
1,46207852,56,25,
1,46208160,95,29,
1,46208283,11,3,
1,46208320,7,1,
1,46208340,5,0,
1,46208409,79,32,13
1,46208445,8,6,
1,46208672,32,10,
1,46208760,6,1,
1,46208773,121,46,14
1,46208962,461,191,6
1,46209077,22,4,
1,46209220,7,3,
1,46209372,18,2,
1,46209378,28,2,
1,46209486,4,1,
1,46209493,60,37,
1,46209537,17,7,
1,46209837,14,0,
1,46209846,63,12,12
1,46210002,9,3,
1,46210239,21,3,
1,46210240,156,37,3
1,46210304,19,2,
1,46210361,14,1,
1,46210404,8,0,
1,46210424,7,2,
1,46210656,31,7,
1,46210672,6,2,
1,46210705,26,3,
1,46210806,42,11,10
1,46210820,3,1,
1,46211102,16,5,
1,46211190,10,0,
1,46211279,7,0,
1,46211417,19,3,
1,46211529,6,1,
1,46211552,9,6,
1,46211802,23,21,18
1,46211861,14,5,19
1,46211886,5,0,
1,46211994,13,6,
1,46212026,4,0,
1,46212027,18,6,
1,46212176,9,3,
1,46212202,16,6,
1,46212249,9,0,
1,46212301,9,0,
1,46212438,33,19,27
1,46212466,12,1,
1,46212523,6,1,
1,46212777,5,0,
1,46212782,9,5,
1,46212835,5,1,
1,46213006,4,0,
2,46070203,420,258,
2,46070298,106,150,
2,46070562,19,14,
2,46071785,53,19,
2,46073978,134,148,
2,46075126,77,71,
2,46080498,238,125,
2,46081418,51,53,
2,46085280,96,49,
2,46085753,49,27,
2,46085982,60,13,
2,46086923,96,17,
2,46087115,62,10,
2,46088430,44,7,
2,46089444,63,10,
2,46091211,178,66,
2,46092198,272,234,
2,46093613,178,47,
2,46094037,242,98,
2,46094330,94,53,
2,46094460,607,67,
2,46094552,120,35,
2,46094989,63,33,
2,46095087,658,373,
2,46095474,124,39,
2,46095662,414,139,
2,46095817,396,150,
2,46095988,7,3,
2,46096337,1241,397,
2,46096341,26,6,
2,46097563,90,30,
2,46098567,17,4,
2,46098655,151,37,
2,46098838,747,290,
2,46101816,136,112,
2,46102276,225,268,
2,46102311,138,38,
2,46102546,30,3,
2,46103376,886,369,
2,46103571,157,202,
2,46103858,446,674,
2,46104193,899,732,
2,46104396,323,475,
2,46104539,112,29,
2,46106186,170,120,
2,46106246,44,12,
2,46106411,182,78,
2,46107897,50,7,
2,46108557,157,47,
2,46108780,982,464,
2,46108940,160,426,
2,46109978,185,81,
2,46111448,74,72,
2,46112520,8,0,
2,46112560,169,60,
2,46112965,56,44,21
2,46113990,32,31,
2,46114064,57,10,
2,46114440,112,21,
2,46115397,5,0,
2,46115758,149,93,
2,46116007,75,28,
2,46116567,216,291,
2,46116724,175,53,
2,46117112,500,367,
2,46117126,173,150,
2,46117802,450,169,
2,46118358,249,54,
2,46118722,223,106,
2,46118986,46,6,
2,46119117,53,53,
2,46119214,127,56,
2,46119234,84,32,
2,46120549,177,89,
2,46120732,44,11,
2,46120764,79,34,
2,46121105,71,2,
2,46121870,819,929,
2,46121889,824,236,
2,46122302,17,3,
2,46123307,15,4,
2,46123518,30,19,
2,46123720,158,46,
2,46123948,53,11,
2,46124205,422,159,
2,46124267,2190,1072,
2,46124324,857,952,
2,46124425,485,101,13
2,46124649,88,35,
2,46124903,44,25,
2,46125963,91,51,
2,46126066,20,14,
2,46126141,194,102,
2,46126217,598,64,
2,46126380,175,65,
2,46126446,974,849,
2,46127412,110,116,
2,46127575,52,6,
2,46127630,36,2,
2,46127787,38,21,
2,46128238,99,13,
2,46128286,121,76,
2,46128548,65,48,
2,46128616,91,14,
2,46128639,21,19,
2,46129505,13,3,
2,46130188,24,4,
2,46130260,176,68,
2,46130907,105,41,
2,46131406,1063,612,
2,46131837,124,93,
2,46132531,367,305,
2,46133141,240,194,
2,46133555,75,4,
2,46134164,14,2,
2,46134443,828,583,
2,46134969,30,5,
2,46134991,118,25,
2,46135067,184,150,
2,46135145,116,42,
2,46135349,16,4,
2,46136023,508,320,
2,46136026,620,257,
2,46136059,244,48,
2,46136277,96,39,
2,46137253,526,215,
2,46137514,817,289,
2,46137548,138,94,
2,46137596,113,43,30
2,46137746,90,35,
2,46137772,39,8,
2,46137783,761,392,
2,46137953,143,25,
2,46138238,1343,289,
2,46138459,314,58,
2,46138473,62,78,
2,46138632,174,59,
2,46138952,962,1060,
2,46139761,390,130,
2,46139782,109,59,
2,46140244,152,3,
2,46140753,91,70,
2,46141429,107,99,
2,46141731,127,111,
2,46141745,146,87,
2,46141986,124,17,
2,46142000,130,53,
2,46142100,520,404,
2,46142866,155,51,
2,46142949,43,6,
2,46143818,131,249,
2,46144199,33,9,
2,46144275,401,181,
2,46144801,127,74,
2,46145154,29,5,28
2,46145180,700,658,
2,46145365,719,362,
2,46145790,61,91,
2,46145834,472,202,
2,46145902,255,110,
2,46145960,97,16,
2,46146133,602,114,
2,46146204,88,14,
2,46146451,540,242,
2,46147285,96,81,
2,46147329,139,30,
2,46147341,140,48,
2,46147353,412,412,
2,46147493,284,293,
2,46147540,513,252,
2,46147996,9,0,20
2,46148202,100,156,
2,46148460,201,157,
2,46148748,440,337,
2,46149066,90,25,
2,46149375,265,328,
2,46149727,50,37,
2,46149813,327,45,
2,46150447,90,23,
2,46150715,763,1018,
2,46151299,257,49,
2,46151600,65,22,
2,46152838,313,375,
2,46153058,132,15,
2,46153116,384,184,
2,46153466,448,565,
2,46154114,33,2,
2,46154344,118,9,
2,46154491,395,306,
2,46155085,336,55,
2,46155135,552,290,
2,46155619,442,521,
2,46155701,175,30,
2,46155740,79,20,9
2,46156379,86,66,
2,46157594,372,306,
2,46158578,344,117,
2,46158803,9,4,15
2,46160315,1749,1341,
2,46160698,220,104,
2,46160773,441,307,
2,46160824,69,18,
2,46161125,294,274,
2,46161328,225,85,
2,46162656,781,564,
2,46162872,325,153,
2,46163121,225,303,
2,46163308,565,295,
2,46163609,332,95,
2,46163671,176,72,
2,46165555,35,5,
2,46166161,75,49,
2,46166178,190,30,
2,46166708,110,22,
2,46166782,12,0,
2,46166994,199,27,
2,46167349,135,35,
2,46167500,135,78,
2,46167552,338,231,
2,46167621,193,68,
2,46168057,201,156,
2,46169330,75,16,
2,46169441,48,15,
2,46169554,416,230,
2,46170302,309,236,
2,46170309,194,29,
2,46170332,34,4,
2,46170402,137,118,
2,46170759,24,11,
2,46170776,18,0,
2,46171394,229,134,
2,46171703,31,6,
2,46172167,175,24,
2,46172312,49,80,
2,46172443,349,317,
2,46172682,66,134,
2,46172797,199,63,
2,46172852,45,62,
2,46173407,788,447,
2,46173547,520,242,
2,46173825,262,138,
2,46174205,50,14,
2,46174222,21,15,
2,46174755,21,1,
2,46175112,392,448,
2,46175662,49,9,
2,46175826,235,98,
2,46175871,124,388,
2,46176169,153,218,
2,46176289,112,61,
2,46176327,22,4,
2,46176533,42,18,
2,46176766,202,125,
2,46176893,429,529,
2,46176905,457,244,
2,46176965,25,9,
2,46177022,114,61,
2,46177132,131,36,
2,46177182,10,0,
2,46177418,134,13,
2,46177615,53,3,
2,46177645,585,130,
2,46177737,36,24,
2,46178108,262,217,
2,46178347,700,271,
2,46178442,187,121,
2,46178464,37,9,
2,46178789,355,84,
2,46178892,223,21,
2,46179928,23,7,
2,46180273,17,3,
2,46180291,28,0,
2,46181076,198,93,
2,46181231,577,183,
2,46181237,60,23,
2,46181268,278,95,
2,46181371,673,975,
2,46181466,502,416,
2,46181491,596,281,
2,46181962,509,721,
2,46182031,146,10,
2,46182202,257,177,
2,46182582,67,56,
2,46183011,120,206,
2,46183014,46,6,
2,46183088,144,201,
2,46183091,64,7,
2,46183294,548,454,
2,46183657,326,429,
2,46183948,38,28,
2,46183952,27,11,
2,46184128,71,63,
2,46184229,222,261,
2,46184575,127,115,
2,46184730,166,31,
2,46185144,23,3,
2,46185317,89,1,
2,46185323,110,64,
2,46185576,173,62,
2,46185816,343,284,
2,46185957,323,347,
2,46186538,25,0,
2,46186917,35,13,
2,46186950,35,52,
2,46186990,6,2,
2,46186997,83,38,
2,46187387,238,69,
2,46187645,85,111,
2,46188451,164,121,
2,46189480,100,34,
2,46189615,7,0,
2,46189616,22,2,
2,46189692,430,254,
2,46189704,77,97,
2,46189994,479,196,
2,46190324,50,3,
2,46190577,251,81,
2,46191124,44,28,
2,46191179,14,17,
2,46191194,243,120,
2,46191207,4,0,
2,46191650,30,82,
2,46191734,5,1,
2,46191763,182,48,
2,46191814,51,18,
2,46191933,105,89,
2,46191993,22,14,
2,46192130,435,349,
2,46192186,463,546,
2,46192459,359,398,
2,46192638,24,1,
2,46192846,345,158,
2,46192962,257,218,
2,46192997,107,59,
2,46193116,78,39,
2,46193412,114,91,
2,46193931,272,50,
2,46194063,167,160,
2,46194302,82,38,
2,46194315,205,160,
2,46194337,323,85,
2,46194384,282,119,
2,46194477,196,26,
2,46194615,416,367,
2,46194828,126,84,
2,46194916,18,0,
2,46194991,14,0,
2,46195007,74,13,
2,46195068,41,4,
2,46195109,112,60,
2,46195198,189,174,
2,46195225,127,35,
2,46195226,17,23,
2,46196076,300,168,
2,46196105,423,158,
2,46196209,40,18,
2,46196228,396,650,
2,46196260,20,6,
2,46196301,14,3,
2,46196308,170,59,
2,46196433,4,0,
2,46196518,38,13,
2,46196545,79,95,
2,46196547,18,4,
2,46196688,799,319,
2,46196707,22,12,
2,46196831,119,66,
2,46196896,45,26,
2,46197173,40,5,
2,46197592,73,7,
2,46197820,4,0,
2,46197875,103,173,
2,46197930,18,2,
2,46198096,65,29,
2,46198177,43,40,
2,46198294,52,104,
2,46198320,10,1,
2,46198430,158,121,
2,46198652,30,11,
2,46198874,8,1,
2,46199411,268,314,
2,46199453,8,0,
2,46199530,107,21,
2,46199623,349,124,
2,46199649,66,6,
2,46199723,544,541,
2,46199887,16,0,
2,46199919,18,2,
2,46199935,55,6,
2,46199950,89,29,
2,46200126,8,0,
2,46200140,57,10,
2,46200552,26,8,
2,46200819,7,2,
2,46201341,11,1,
2,46201365,9,1,
2,46201381,162,136,
2,46201750,81,101,
2,46202058,31,6,
2,46202163,6,2,
2,46202400,19,0,
2,46202666,5,2,
2,46202789,12,1,
2,46202921,187,127,25
2,46202943,19,6,
2,46203138,178,115,
2,46203250,4,0,
2,46203343,31,4,
2,46203410,12,4,
2,46203477,9,1,
2,46203499,58,0,
2,46203540,16,8,
2,46203581,154,95,
2,46203611,70,34,
2,46203948,34,62,
2,46203986,80,73,
2,46204090,73,88,
2,46204139,97,52,
2,46204241,11,1,
2,46204315,10,1,
2,46204377,9,0,
2,46204609,7,0,
2,46204668,61,37,
2,46204849,6,1,
2,46204853,45,24,
2,46204886,53,146,
2,46204923,11,3,
2,46204998,26,8,
2,46205437,504,255,4
2,46205461,128,30,23
2,46205493,13,13,
2,46205519,154,75,18
2,46205632,1961,662,1
2,46205661,406,403,8
2,46205672,25,55,
2,46205724,253,314,22
2,46205744,18,0,
2,46205920,3,0,
2,46206277,72,117,19
2,46206457,783,419,
2,46206531,435,108,7
2,46207017,40,32,29
2,46207229,5,0,
2,46207425,161,73,11
2,46207464,425,73,2
2,46207505,340,380,5
2,46207711,11,2,
2,46207727,102,265,
2,46207852,57,25,
2,46208160,96,30,
2,46208283,11,3,
2,46208320,9,1,
2,46208340,5,0,
2,46208409,83,34,14
2,46208445,8,6,
2,46208672,34,11,
2,46208760,6,1,
2,46208773,124,61,16
2,46208962,490,208,6
2,46209077,24,4,
2,46209220,7,3,
2,46209372,22,9,
2,46209378,28,3,
2,46209486,5,1,
2,46209493,61,37,
2,46209537,17,7,
2,46209837,15,0,
2,46209846,71,15,12
2,46210002,9,3,
2,46210239,22,3,
2,46210240,174,41,3
2,46210304,20,2,
2,46210361,16,1,
2,46210404,10,1,
2,46210424,7,2,
2,46210656,34,7,
2,46210672,6,2,
2,46210705,27,3,
2,46210806,51,12,10
2,46210820,3,1,
2,46211102,16,5,
2,46211190,11,0,
2,46211279,9,0,
2,46211356,5,7,
2,46211417,26,3,
2,46211529,7,2,
2,46211552,11,6,
2,46211802,25,23,17
2,46211861,17,5,27
2,46211886,5,0,
2,46211953,11,7,
2,46211994,17,8,
2,46212026,5,0,
2,46212027,18,9,
2,46212029,7,2,
2,46212176,11,3,
2,46212202,23,7,
2,46212249,12,0,
2,46212301,13,0,
2,46212438,39,25,
2,46212466,16,2,
2,46212520,6,0,
2,46212523,6,1,
2,46212777,5,0,
2,46212782,26,12,26
2,46212835,6,1,
2,46213006,12,1,
2,46213045,9,0,
2,46213356,6,0,
3,46070203,420,258,
3,46070298,106,150,
3,46071785,53,19,
3,46073978,134,148,
3,46075126,77,71,
3,46080498,238,125,
3,46081418,51,53,
3,46085280,96,49,
3,46085753,49,27,
3,46086923,96,17,
3,46087115,62,10,
3,46088430,44,7,
3,46089444,63,10,
3,46091211,178,66,
3,46092198,272,234,
3,46093613,178,47,
3,46094037,242,98,
3,46094330,94,53,
3,46094460,607,67,
3,46094552,120,35,
3,46094989,63,33,
3,46095087,658,373,
3,46095474,124,39,
3,46095662,414,139,
3,46095817,396,150,
3,46095988,7,3,
3,46096337,1241,397,
3,46096341,26,6,
3,46097563,90,30,
3,46098567,17,4,
3,46098655,151,37,
3,46098838,747,290,
3,46101816,136,112,
3,46102276,225,268,
3,46102311,139,38,
3,46103376,886,369,
3,46103571,157,202,
3,46103858,446,674,
3,46104193,899,732,
3,46104396,323,475,
3,46104539,112,29,
3,46106186,170,120,
3,46106246,44,12,
3,46106411,182,78,
3,46107897,50,7,
3,46108557,157,47,
3,46108780,982,464,
3,46108940,160,426,
3,46109978,185,81,
3,46111448,74,72,
3,46112520,8,0,
3,46112560,169,60,
3,46112965,57,48,
3,46113990,32,31,
3,46114064,57,10,
3,46114440,114,21,
3,46115397,5,0,
3,46115758,149,93,
3,46116007,75,28,
3,46116567,216,291,
3,46116724,175,53,
3,46117112,500,367,
3,46117126,173,150,
3,46117802,450,169,
3,46118358,249,54,
3,46118722,223,106,
3,46118986,46,6,
3,46119117,53,53,
3,46119214,127,56,
3,46119234,84,32,
3,46120549,177,89,
3,46120732,44,11,
3,46120764,79,34,
3,46121105,72,2,
3,46121870,819,929,
3,46121889,824,236,
3,46122302,17,3,
3,46123307,16,4,
3,46123518,30,19,
3,46123720,158,46,
3,46123948,53,11,
3,46124205,422,159,
3,46124267,2190,1072,
3,46124324,857,952,
3,46124425,489,101,
3,46124649,88,35,
3,46124903,44,25,
3,46125963,91,51,
3,46126066,20,14,
3,46126141,194,102,
3,46126217,598,64,
3,46126380,175,65,
3,46126446,974,849,
3,46127412,111,117,
3,46127575,52,6,
3,46127630,36,2,
3,46127787,38,21,
3,46128238,99,13,
3,46128286,121,76,
3,46128548,65,48,
3,46128616,91,14,
3,46128639,22,19,
3,46129505,13,3,
3,46130188,24,4,
3,46130260,176,68,
3,46130907,105,41,
3,46131406,1063,612,
3,46131837,124,93,
3,46132531,367,305,
3,46133141,240,194,
3,46133555,75,4,
3,46134164,15,2,
3,46134443,828,583,
3,46134969,30,5,
3,46134991,118,25,
3,46135067,184,150,
3,46135145,116,42,
3,46135349,16,4,
3,46136023,508,320,
3,46136026,620,257,
3,46136059,244,48,
3,46136277,97,39,
3,46137253,526,215,
3,46137514,817,289,
3,46137548,138,94,
3,46137596,114,45,
3,46137746,90,35,
3,46137772,40,8,
3,46137783,761,392,
3,46137953,143,25,
3,46138238,1343,289,
3,46138459,315,58,
3,46138473,62,78,
3,46138632,174,59,
3,46138952,962,1060,
3,46139761,390,130,
3,46140244,152,3,
3,46140753,91,70,
3,46141429,107,99,
3,46141731,127,111,
3,46141745,146,87,
3,46141986,124,17,
3,46142000,130,53,
3,46142100,520,404,
3,46142866,155,51,
3,46142949,43,6,
3,46143818,131,249,
3,46144199,33,9,
3,46144275,401,181,
3,46144801,127,74,
3,46145154,30,5,30
3,46145180,700,658,
3,46145365,719,362,
3,46145790,61,91,
3,46145834,472,202,
3,46145902,255,110,
3,46145960,97,16,
3,46146133,602,114,
3,46146204,88,14,
3,46146451,540,242,
3,46147285,96,81,
3,46147329,140,30,
3,46147341,140,48,
3,46147353,412,412,
3,46147493,284,293,
3,46147540,513,252,
3,46147996,12,0,16
3,46148202,101,156,
3,46148460,201,157,
3,46148748,440,337,
3,46149066,90,25,
3,46149375,265,328,
3,46149727,50,37,
3,46149813,327,45,
3,46150447,90,23,
3,46150715,763,1018,
3,46151299,257,49,
3,46151600,67,22,
3,46152838,314,379,
3,46153058,132,15,
3,46153116,385,184,
3,46153466,448,565,
3,46154114,33,2,
3,46154344,118,9,
3,46154491,395,306,
3,46155085,336,55,
3,46155135,553,290,
3,46155619,442,521,
3,46155701,175,30,
3,46155740,89,28,10
3,46156379,86,66,
3,46157594,372,306,
3,46158578,344,117,
3,46158803,17,4,12
3,46160315,1749,1341,
3,46160698,220,104,
3,46160773,441,307,
3,46160824,69,18,
3,46161125,294,274,
3,46161328,225,85,
3,46162656,781,564,
3,46162872,325,153,
3,46163121,225,303,
3,46163308,565,295,
3,46163609,332,95,
3,46163671,176,72,
3,46164197,15,1,18
3,46166161,75,49,
3,46166178,190,30,
3,46166708,110,22,
3,46166782,14,0,
3,46167349,135,35,
3,46167500,135,78,
3,46167552,338,231,
3,46167621,193,68,
3,46168057,201,156,
3,46169330,75,16,
3,46169441,48,15,
3,46169554,416,230,
3,46170302,309,236,
3,46170309,194,29,
3,46170332,34,4,
3,46170402,137,118,
3,46170759,24,11,
3,46170776,18,0,
3,46171394,229,134,
3,46171703,32,6,
3,46172167,175,24,
3,46172312,49,80,
3,46172443,350,317,
3,46172682,66,134,
3,46172797,199,63,
3,46172852,45,62,
3,46173407,788,447,
3,46173547,520,242,
3,46173825,262,138,
3,46174205,50,14,
3,46174222,21,15,
3,46174755,21,1,
3,46175112,392,448,
3,46175662,49,9,
3,46175826,235,98,
3,46175871,124,388,
3,46176169,153,218,
3,46176289,112,61,
3,46176327,22,4,
3,46176533,42,18,
3,46176766,202,127,
3,46176893,429,531,
3,46176905,457,244,
3,46176965,25,9,
3,46177022,114,61,
3,46177132,131,36,
3,46177418,134,13,
3,46177615,53,3,
3,46177645,585,130,
3,46177737,36,24,
3,46178108,262,217,
3,46178347,700,271,
3,46178442,187,121,
3,46178464,37,9,
3,46178789,355,84,
3,46178892,223,21,
3,46179928,23,7,
3,46180273,17,3,
3,46180291,28,0,
3,46181076,198,93,
3,46181231,578,183,
3,46181237,60,23,
3,46181268,278,95,
3,46181371,673,975,
3,46181466,502,417,
3,46181491,596,281,
3,46181962,509,723,
3,46182031,146,10,
3,46182202,258,177,
3,46182582,67,56,
3,46183011,120,206,
3,46183014,46,6,
3,46183088,144,201,
3,46183091,64,7,
3,46183294,548,454,
3,46183657,326,429,
3,46183952,27,11,
3,46184128,71,63,
3,46184229,223,261,
3,46184575,127,115,
3,46184730,166,31,
3,46185144,23,3,
3,46185317,89,1,
3,46185323,110,64,
3,46185576,173,62,
3,46185816,343,284,
3,46185957,323,347,
3,46186538,25,0,
3,46186917,35,13,
3,46186950,35,52,
3,46186990,6,2,
3,46186997,83,38,
3,46187387,238,69,
3,46187645,86,111,
3,46188451,164,121,
3,46189480,100,34,
3,46189616,22,2,
3,46189692,431,254,
3,46189704,78,97,
3,46189994,480,196,
3,46190324,50,3,
3,46190577,252,81,
3,46191124,44,28,
3,46191179,14,17,
3,46191194,243,120,
3,46191207,4,0,
3,46191650,30,82,
3,46191734,5,1,
3,46191763,182,48,
3,46191814,51,18,
3,46191933,106,89,
3,46191993,22,14,
3,46192130,436,350,
3,46192186,463,549,
3,46192459,359,398,
3,46192638,24,1,
3,46192846,345,158,
3,46192962,257,218,
3,46192997,107,59,
3,46193116,78,39,
3,46193412,114,91,
3,46193931,272,50,
3,46194063,168,160,
3,46194302,82,38,
3,46194315,206,160,
3,46194337,323,85,
3,46194384,283,119,
3,46194477,197,26,
3,46194615,417,369,
3,46194828,126,84,
3,46194916,18,0,
3,46194991,14,0,
3,46195007,74,13,
3,46195068,41,4,
3,46195109,112,60,
3,46195198,190,174,
3,46195225,127,35,
3,46195226,17,23,
3,46196076,300,168,
3,46196105,423,159,
3,46196209,40,18,
3,46196228,398,652,
3,46196301,14,3,
3,46196308,171,59,
3,46196433,4,0,
3,46196518,38,13,
3,46196545,79,95,
3,46196547,18,4,
3,46196688,800,320,
3,46196707,22,12,
3,46196831,120,66,
3,46196896,45,26,
3,46197173,40,5,
3,46197592,73,7,
3,46197820,4,0,
3,46197875,103,173,
3,46197930,18,2,
3,46198096,65,29,
3,46198294,53,104,
3,46198320,10,1,
3,46198430,158,121,
3,46198652,30,12,
3,46198874,8,1,
3,46199411,270,315,
3,46199530,107,21,
3,46199623,349,124,
3,46199649,66,6,
3,46199723,546,544,
3,46199887,16,0,
3,46199919,18,2,
3,46199935,56,6,
3,46199950,89,29,
3,46200126,8,0,
3,46200140,57,10,
3,46200552,26,8,
3,46201341,11,1,
3,46201365,9,1,
3,46201381,162,136,
3,46201750,81,101,
3,46202058,31,6,
3,46202163,6,2,
3,46202400,19,0,
3,46202666,5,2,
3,46202789,12,1,
3,46202921,191,128,27
3,46202943,19,6,
3,46203138,178,115,
3,46203164,3,0,
3,46203250,4,0,
3,46203343,32,4,
3,46203410,12,4,
3,46203477,9,1,
3,46203499,58,0,
3,46203540,16,9,
3,46203581,153,95,
3,46203611,70,34,
3,46203948,34,62,
3,46203986,80,73,
3,46204090,74,88,
3,46204139,98,52,
3,46204241,11,1,
3,46204315,10,1,
3,46204377,9,0,
3,46204609,7,0,
3,46204668,62,37,
3,46204849,6,1,
3,46204853,45,24,
3,46204886,58,151,
3,46204923,11,3,
3,46204998,26,8,
3,46205437,515,262,4
3,46205461,130,30,26
3,46205493,13,13,
3,46205519,159,78,21
3,46205632,2041,676,1
3,46205661,416,414,8
3,46205672,25,55,
3,46205724,265,320,29
3,46205744,19,0,
3,46205920,3,0,
3,46206277,75,128,22
3,46206457,790,421,
3,46206531,455,108,6
3,46207017,43,32,
3,46207229,5,0,
3,46207425,171,77,13
3,46207464,434,76,2
3,46207505,354,393,5
3,46207711,11,2,
3,46207727,103,267,
3,46207852,59,26,
3,46208160,96,32,
3,46208283,11,3,
3,46208320,9,1,
3,46208340,5,0,
3,46208409,86,34,16
3,46208445,8,6,
3,46208672,35,11,
3,46208760,6,1,
3,46208773,130,64,18
3,46208962,516,224,9
3,46209077,24,4,
3,46209220,8,3,
3,46209372,25,16,
3,46209378,28,3,
3,46209486,5,1,
3,46209493,62,39,
3,46209537,17,7,
3,46209837,15,0,
3,46209846,77,16,19
3,46210002,9,3,
3,46210095,45,89,
3,46210239,23,3,
3,46210240,183,44,3
3,46210304,21,2,
3,46210361,18,1,
3,46210404,10,1,
3,46210424,7,2,
3,46210656,34,7,
3,46210672,8,3,
3,46210694,3,0,
3,46210705,28,4,
3,46210806,51,12,14
3,46210820,3,1,
3,46211102,16,5,
3,46211190,11,0,
3,46211279,9,0,
3,46211356,5,7,
3,46211417,28,3,
3,46211529,7,2,
3,46211552,11,6,
3,46211802,31,24,23
3,46211861,20,5,25
3,46211886,5,0,
3,46211953,12,8,
3,46211994,18,9,
3,46212026,10,0,
3,46212027,19,10,
3,46212029,8,3,
3,46212176,12,3,
3,46212202,24,9,
3,46212249,14,0,
3,46212301,15,0,
3,46212358,3,0,
3,46212438,42,26,
3,46212466,18,2,
3,46212520,7,1,
3,46212523,6,2,
3,46212782,28,18,
3,46212835,6,1,
3,46212969,14,8,15
3,46213006,17,1,
3,46213045,43,52,7
3,46213273,6,2,15
3,46213334,7,1,
3,46213385,31,41,4
3,46213406,12,1,
3,46213504,87,53,3
3,46213585,13,3,
3,46213780,3,0,
4,46070203,420,258,
4,46070298,106,150,
4,46071785,53,19,
4,46073978,134,148,
4,46075126,77,71,
4,46080498,238,125,
4,46081418,51,53,
4,46085280,96,49,
4,46085753,49,27,
4,46086923,96,17,
4,46087115,62,10,
4,46088430,44,7,
4,46089444,63,10,
4,46091211,178,66,
4,46092198,272,234,
4,46093613,178,47,
4,46094037,242,98,
4,46094330,94,53,
4,46094460,607,67,
4,46094552,120,35,
4,46094989,63,33,
4,46095087,658,373,
4,46095474,124,39,
4,46095662,414,139,
4,46095817,396,150,
4,46095988,7,3,
4,46096337,1241,397,
4,46096341,26,6,
4,46097563,90,30,
4,46098567,17,4,
4,46098655,151,37,
4,46098838,747,290,
4,46101816,136,112,
4,46102276,225,268,
4,46102311,139,38,
4,46103376,886,369,
4,46103571,157,202,
4,46103858,446,674,
4,46104193,899,732,
4,46104396,323,475,
4,46104539,112,29,
4,46106186,170,120,
4,46106411,182,78,
4,46107897,50,7,
4,46108557,157,47,
4,46108780,982,464,
4,46108940,160,425,
4,46109978,185,81,
4,46111448,74,72,
4,46112520,8,0,
4,46112560,169,60,
4,46112965,57,48,
4,46113990,32,31,
4,46114064,57,10,
4,46114440,115,21,
4,46115397,5,0,
4,46115758,149,93,
4,46116007,75,28,
4,46116567,216,291,
4,46116724,175,53,
4,46117112,500,367,
4,46117126,173,150,
4,46117802,450,169,
4,46118358,249,56,
4,46118722,223,106,
4,46118986,46,6,
4,46119117,53,53,
4,46119214,127,56,
4,46119234,84,32,
4,46120549,177,89,
4,46120732,44,11,
4,46120764,79,34,
4,46121105,73,2,
4,46121870,819,929,
4,46121889,824,236,
4,46122302,17,3,
4,46123307,16,4,
4,46123518,30,19,
4,46123720,158,46,
4,46123948,53,11,
4,46124205,422,159,
4,46124267,2190,1072,
4,46124324,857,952,
4,46124425,492,101,
4,46124649,88,35,
4,46124903,44,25,
4,46125963,92,51,
4,46126066,20,14,
4,46126141,194,102,
4,46126217,598,64,
4,46126380,175,65,
4,46126446,974,849,
4,46127412,111,117,
4,46127575,52,6,
4,46127630,36,2,
4,46127787,38,21,
4,46128238,99,13,
4,46128286,121,76,
4,46128548,65,48,
4,46128616,91,14,
4,46128639,23,21,
4,46129505,13,3,
4,46130188,24,4,
4,46130260,176,68,
4,46130907,105,41,
4,46131406,1063,612,
4,46131837,124,94,
4,46132531,367,305,
4,46133141,240,194,
4,46133555,75,4,
4,46134164,15,2,
4,46134443,828,583,
4,46134969,30,5,
4,46134991,118,25,
4,46135067,184,150,
4,46135145,117,42,
4,46135349,16,4,
4,46136023,508,320,
4,46136026,621,257,
4,46136059,244,48,
4,46136277,97,39,
4,46137253,526,215,
4,46137514,817,289,
4,46137548,138,94,
4,46137596,117,45,
4,46137746,90,35,
4,46137772,40,8,
4,46137783,761,392,
4,46137953,143,25,
4,46138238,1343,289,
4,46138459,315,58,
4,46138473,62,78,
4,46138632,174,59,
4,46138952,962,1060,
4,46139761,390,130,
4,46140244,152,3,
4,46141429,107,99,
4,46141731,127,111,
4,46141745,146,87,
4,46141986,124,17,
4,46142000,130,53,
4,46142100,520,404,
4,46142866,155,51,
4,46142949,43,6,
4,46143818,131,250,
4,46144199,33,9,
4,46144275,401,181,
4,46144801,127,74,
4,46145154,30,5,
4,46145180,700,658,
4,46145365,719,362,
4,46145790,61,91,
4,46145834,472,202,
4,46145902,255,110,
4,46145960,97,16,
4,46146133,602,114,
4,46146204,88,14,
4,46146451,540,242,
4,46147285,96,81,
4,46147329,141,30,
4,46147341,140,48,
4,46147353,412,412,
4,46147493,284,293,
4,46147540,513,252,
4,46147996,14,0,16
4,46148202,101,157,
4,46148460,201,157,
4,46148748,440,337,
4,46149066,90,25,
4,46149375,265,328,
4,46149727,50,37,
4,46149813,327,45,
4,46150447,90,23,
4,46150715,763,1018,
4,46151299,257,49,
4,46151600,68,22,
4,46152838,314,379,
4,46153058,132,15,
4,46153116,385,184,
4,46153466,448,565,
4,46154114,33,2,
4,46154344,118,9,
4,46154491,395,306,
4,46155085,336,55,
4,46155135,553,290,
4,46155619,442,521,
4,46155701,175,30,
4,46155740,92,36,11
4,46156379,86,66,
4,46157594,372,306,
4,46158578,344,117,
4,46158803,28,5,11
4,46160315,1749,1341,
4,46160698,220,104,
4,46160773,441,307,
4,46160824,69,18,
4,46161125,294,274,
4,46161328,225,85,
4,46162656,781,564,
4,46162872,325,153,
4,46163121,225,303,
4,46163308,565,295,
4,46163609,332,95,
4,46163671,176,72,
4,46164197,32,1,12
4,46166161,75,49,
4,46166178,190,30,
4,46166708,110,22,
4,46166782,14,0,
4,46167349,135,35,
4,46167500,135,78,
4,46167552,338,231,
4,46167621,193,68,
4,46168057,201,156,
4,46169330,75,16,
4,46169441,48,15,
4,46169554,416,230,
4,46170302,309,236,
4,46170309,194,29,
4,46170332,34,4,
4,46170402,137,118,
4,46170759,24,11,
4,46170776,18,0,
4,46171394,229,134,
4,46171703,33,6,
4,46171844,7,2,18
4,46172167,175,24,
4,46172312,49,80,
4,46172443,350,317,
4,46172682,66,134,
4,46172797,199,63,
4,46172852,45,62,
4,46173407,788,449,
4,46173547,520,242,
4,46173825,262,138,
4,46174205,50,14,
4,46174222,21,15,
4,46174755,21,1,
4,46175112,392,448,
4,46175662,49,9,
4,46175826,235,98,
4,46175871,124,388,
4,46176169,153,218,
4,46176289,112,61,
4,46176327,22,4,
4,46176533,42,18,
4,46176766,202,127,
4,46176893,429,531,
4,46176905,457,244,
4,46176965,25,9,
4,46177022,114,61,
4,46177132,131,36,
4,46177418,134,13,
4,46177615,53,3,
4,46177645,585,130,
4,46177737,36,24,
4,46178108,262,217,
4,46178347,701,271,
4,46178442,187,121,
4,46178464,37,9,
4,46178789,355,84,
4,46178892,223,21,
4,46179928,23,7,
4,46180273,17,3,
4,46180291,28,0,
4,46181076,198,93,
4,46181231,579,183,
4,46181237,60,23,
4,46181268,278,95,
4,46181371,673,975,
4,46181466,502,417,
4,46181491,596,281,
4,46181962,509,723,
4,46182031,146,10,
4,46182202,258,177,
4,46182582,67,56,
4,46183011,120,206,
4,46183014,46,6,
4,46183088,144,201,
4,46183091,64,7,
4,46183294,548,454,
4,46183657,326,429,
4,46183952,27,11,
4,46184128,71,63,
4,46184229,223,261,
4,46184575,127,115,
4,46184730,166,31,
4,46185144,23,3,
4,46185317,89,1,
4,46185323,110,64,
4,46185576,173,62,
4,46185816,343,284,
4,46185957,324,347,
4,46186538,25,0,
4,46186917,35,13,
4,46186950,35,52,
4,46186990,6,2,
4,46186997,83,38,
4,46187387,238,69,
4,46187645,86,111,
4,46188451,164,121,
4,46189480,100,34,
4,46189616,22,2,
4,46189692,431,254,
4,46189704,78,97,
4,46189994,481,196,
4,46190324,51,3,
4,46190577,252,81,
4,46191124,44,28,
4,46191179,14,17,
4,46191194,244,121,
4,46191207,4,0,
4,46191650,30,83,
4,46191734,5,1,
4,46191763,182,48,
4,46191814,51,18,
4,46191933,106,89,
4,46191993,22,14,
4,46192130,437,350,
4,46192186,464,549,
4,46192459,360,398,
4,46192638,24,1,
4,46192846,345,158,
4,46192962,257,218,
4,46192997,108,59,
4,46193116,78,39,
4,46193412,114,91,
4,46193931,273,50,
4,46194063,168,160,
4,46194302,82,38,
4,46194315,206,160,
4,46194337,323,85,
4,46194384,285,119,
4,46194477,197,26,
4,46194615,417,369,
4,46194828,126,84,
4,46194916,18,0,
4,46194991,14,0,
4,46195007,74,13,
4,46195068,41,4,
4,46195109,112,60,
4,46195198,190,174,
4,46195225,127,35,
4,46195226,17,23,
4,46196076,300,168,
4,46196105,425,159,
4,46196209,40,18,
4,46196228,399,655,
4,46196301,14,3,
4,46196308,171,59,
4,46196433,4,0,
4,46196518,38,13,
4,46196545,79,95,
4,46196547,18,4,
4,46196688,802,320,
4,46196831,120,66,
4,46196896,45,26,
4,46197173,40,5,
4,46197592,73,7,
4,46197820,4,0,
4,46197875,103,173,
4,46197930,18,2,
4,46198096,65,29,
4,46198294,53,104,
4,46198430,158,121,
4,46198652,30,12,
4,46198874,8,1,
4,46199411,270,315,
4,46199530,107,21,
4,46199623,350,125,
4,46199649,68,6,
4,46199723,548,546,
4,46199887,16,0,
4,46199919,18,2,
4,46199935,56,6,
4,46199950,89,29,
4,46200140,57,10,
4,46200552,26,8,
4,46201341,11,1,
4,46201365,9,1,
4,46201381,162,136,
4,46201750,81,101,
4,46202058,31,6,
4,46202163,7,4,
4,46202400,19,0,
4,46202666,5,2,
4,46202789,12,1,
4,46202921,200,134,26
4,46202943,19,6,
4,46203138,179,115,
4,46203164,3,0,
4,46203250,4,0,
4,46203343,32,4,
4,46203410,12,4,
4,46203477,9,1,
4,46203499,58,0,
4,46203540,16,9,
4,46203581,153,96,
4,46203611,71,35,
4,46203948,34,62,
4,46203986,80,73,
4,46204090,74,88,
4,46204139,98,52,
4,46204241,11,1,
4,46204315,10,1,
4,46204377,9,0,
4,46204609,7,0,
4,46204668,62,37,
4,46204849,7,1,
4,46204853,45,24,
4,46204886,61,153,
4,46204923,11,3,
4,46204998,26,8,
4,46205437,521,266,5
4,46205461,132,30,28
4,46205493,13,13,
4,46205519,162,81,20
4,46205632,2133,692,1
4,46205661,432,426,8
4,46205672,25,55,
4,46205724,272,335,27
4,46205744,19,0,
4,46205920,3,0,
4,46206277,80,137,22
4,46206457,800,422,
4,46206531,472,111,7
4,46207017,44,32,
4,46207229,5,0,
4,46207425,174,83,14
4,46207464,448,79,2
4,46207505,370,407,6
4,46207711,11,2,
4,46207727,103,272,
4,46207852,59,26,
4,46208160,98,33,
4,46208283,11,3,
4,46208320,9,1,
4,46208340,5,0,
4,46208409,92,36,16
4,46208445,8,6,
4,46208672,35,11,
4,46208760,6,1,
4,46208773,137,65,17
4,46208962,536,230,9
4,46209077,25,4,
4,46209220,8,3,
4,46209372,30,17,
4,46209378,28,3,
4,46209486,6,1,
4,46209493,63,40,
4,46209537,17,7,
4,46209837,15,0,
4,46209846,82,19,20
4,46210002,9,3,
4,46210095,47,92,
4,46210239,23,3,
4,46210240,192,45,4
4,46210304,25,2,
4,46210361,18,1,
4,46210404,10,1,
4,46210424,7,2,
4,46210672,8,3,
4,46210694,3,0,
4,46210705,28,4,
4,46210806,52,12,15
4,46210820,3,1,
4,46211102,16,5,
4,46211190,11,0,
4,46211356,5,7,
4,46211417,30,3,
4,46211529,8,2,
4,46211552,11,7,
4,46211802,35,26,21
4,46211861,25,5,24
4,46211886,5,0,
4,46211953,12,9,
4,46211994,20,9,
4,46212026,11,0,
4,46212027,20,10,
4,46212029,8,3,
4,46212176,13,3,
4,46212202,25,10,
4,46212249,15,0,
4,46212301,15,0,
4,46212358,3,0,
4,46212438,43,26,
4,46212466,18,2,
4,46212520,7,1,
4,46212523,6,2,
4,46212667,5,0,
4,46212782,31,19,
4,46212835,6,1,
4,46212969,29,10,9
4,46213006,17,1,
4,46213045,49,67,
4,46213273,9,3,16
4,46213334,10,1,
4,46213385,37,44,
4,46213406,19,5,28
4,46213504,109,111,21
4,46213585,104,37,2
4,46213662,10,1,
4,46213780,6,0,
5,46070203,420,258,
5,46070298,106,150,
5,46071785,53,19,
5,46073978,134,148,
5,46075126,77,71,
5,46080498,238,125,
5,46081418,51,53,
5,46085280,96,49,
5,46085753,49,27,
5,46086923,96,17,
5,46087115,62,10,
5,46088430,44,7,
5,46089444,63,10,
5,46091211,178,66,
5,46092198,272,234,
5,46093613,178,47,
5,46094037,242,98,
5,46094330,94,53,
5,46094460,607,67,
5,46094552,120,35,
5,46094989,63,33,
5,46095087,658,373,
5,46095474,124,39,
5,46095662,414,139,
5,46095817,396,150,
5,46095988,7,3,
5,46096337,1241,397,
5,46096341,26,6,
5,46097563,90,30,
5,46098567,17,4,
5,46098655,152,37,
5,46098838,747,290,
5,46101816,136,112,
5,46102276,225,268,
5,46102311,140,38,
5,46103376,886,369,
5,46103571,157,202,
5,46103858,446,674,
5,46104193,899,732,
5,46104396,323,475,
5,46104539,112,29,
5,46106186,170,120,
5,46106411,182,78,
5,46107897,50,7,
5,46108557,157,47,
5,46108780,982,464,
5,46108940,160,425,
5,46109978,185,81,
5,46111448,74,72,
5,46112520,8,0,
5,46112560,169,60,
5,46112965,57,49,
5,46113990,32,31,
5,46114064,57,10,
5,46114440,116,22,
5,46115397,5,0,
5,46115758,149,93,
5,46116007,75,28,
5,46116567,216,291,
5,46116724,175,53,
5,46117112,500,367,
5,46117126,173,150,
5,46117802,450,169,
5,46118358,249,56,
5,46118722,223,106,
5,46118986,46,6,
5,46119117,54,53,
5,46119214,127,56,
5,46119234,84,32,
5,46120549,177,89,
5,46120732,44,11,
5,46120764,79,34,
5,46121105,74,2,
5,46121870,819,929,
5,46121889,824,236,
5,46122302,17,3,
5,46123307,16,4,
5,46123518,30,19,
5,46123720,158,46,
5,46123948,54,11,
5,46124205,422,159,
5,46124267,2190,1072,
5,46124324,857,952,
5,46124425,496,102,
5,46124649,88,35,
5,46124903,44,25,
5,46125963,92,51,
5,46126066,20,14,
5,46126141,194,102,
5,46126217,598,64,
5,46126380,175,65,
5,46126446,974,849,
5,46127412,111,117,
5,46127575,52,6,
5,46127630,36,2,
5,46127787,38,21,
5,46128238,99,13,
5,46128286,121,76,
5,46128548,65,48,
5,46128616,91,14,
5,46128639,23,22,
5,46129505,13,3,
5,46130188,24,4,
5,46130260,176,68,
5,46130907,105,41,
5,46131406,1063,612,
5,46131837,124,94,
5,46132531,367,305,
5,46133141,240,194,
5,46133555,75,4,
5,46134164,15,2,
5,46134443,828,583,
5,46134969,31,5,
5,46134991,118,25,
5,46135067,184,150,
5,46135145,117,42,
5,46135349,16,4,
5,46136023,508,320,
5,46136026,621,257,
5,46136059,244,48,
5,46136277,97,39,
5,46137253,526,215,
5,46137514,817,289,
5,46137548,138,94,
5,46137596,120,44,
5,46137772,40,8,
5,46137783,761,392,
5,46137953,143,25,
5,46138238,1343,289,
5,46138459,315,58,
5,46138473,62,78,
5,46138632,174,59,
5,46138952,962,1060,
5,46139761,390,130,
5,46140244,152,3,
5,46141429,107,99,
5,46141731,127,111,
5,46141745,146,87,
5,46141986,124,17,
5,46142000,130,53,
5,46142100,520,404,
5,46142866,155,51,
5,46142949,43,6,
5,46143818,131,251,
5,46144199,33,9,
5,46144275,401,181,
5,46144801,127,74,
5,46145154,31,6,
5,46145180,701,658,
5,46145365,719,362,
5,46145790,62,91,
5,46145834,472,202,
5,46145902,256,111,
5,46145960,97,16,
5,46146133,602,114,
5,46146204,88,14,
5,46146451,540,242,
5,46147285,96,81,
5,46147329,142,30,
5,46147341,140,48,
5,46147353,412,412,
5,46147493,284,293,
5,46147540,513,252,
5,46147996,18,0,19
5,46148202,101,158,
5,46148460,201,157,
5,46148748,441,337,
5,46149066,90,25,
5,46149375,265,328,
5,46149727,50,37,
5,46149813,327,45,
5,46150447,91,23,
5,46150715,763,1018,
5,46151299,257,49,
5,46151600,68,22,
5,46152838,314,379,
5,46153058,132,15,
5,46153116,385,184,
5,46153466,448,565,
5,46154114,33,2,
5,46154344,118,9,
5,46154491,396,306,
5,46155085,336,55,
5,46155135,553,290,
5,46155619,442,521,
5,46155701,175,30,
5,46155740,114,44,12
5,46156379,86,66,
5,46157594,372,306,
5,46158578,344,117,
5,46158803,37,5,12
5,46160315,1749,1341,
5,46160698,220,104,
5,46160773,441,307,
5,46160824,69,18,
5,46161125,294,274,
5,46161328,225,85,
5,46162656,782,564,
5,46162872,325,153,
5,46163121,225,303,
5,46163308,566,295,
5,46163609,332,95,
5,46163671,177,72,
5,46164197,51,6,7
5,46166161,75,49,
5,46166178,190,32,
5,46166708,110,22,
5,46166782,14,0,
5,46167349,135,35,
5,46167500,135,78,
5,46167552,338,231,
5,46167621,193,68,
5,46168057,201,156,
5,46169330,75,16,
5,46169441,48,15,
5,46169508,7,1,25
5,46169554,416,230,
5,46170302,309,236,
5,46170309,194,29,
5,46170332,34,4,
5,46170402,137,118,
5,46170759,24,11,
5,46170776,18,0,
5,46171394,229,134,
5,46171703,33,6,
5,46171844,10,2,25
5,46172167,175,24,
5,46172312,49,80,
5,46172443,350,317,
5,46172682,66,134,
5,46172797,199,63,
5,46172852,45,62,
5,46173407,788,449,
5,46173547,521,242,
5,46173825,262,138,
5,46174205,50,14,
5,46174222,21,15,
5,46174755,21,1,
5,46175112,393,448,
5,46175662,49,9,
5,46175826,235,98,
5,46175871,125,388,
5,46176169,153,218,
5,46176289,112,61,
5,46176327,22,4,
5,46176533,42,18,
5,46176766,203,127,
5,46176893,429,531,
5,46176905,457,244,
5,46176965,25,9,
5,46177022,115,61,
5,46177132,131,36,
5,46177418,134,13,
5,46177615,53,3,
5,46177645,585,130,
5,46177737,36,24,
5,46178108,262,217,
5,46178347,701,271,
5,46178442,187,121,
5,46178464,37,9,
5,46178789,355,84,
5,46178892,223,21,
5,46179928,23,7,
5,46180273,17,3,
5,46180291,28,0,
5,46181076,198,93,
5,46181231,579,183,
5,46181237,60,23,
5,46181268,278,95,
5,46181371,674,976,
5,46181466,502,417,
5,46181491,596,281,
5,46181962,509,723,
5,46182031,146,10,
5,46182202,258,179,
5,46182582,67,56,
5,46183011,120,206,
5,46183014,46,6,
5,46183088,144,201,
5,46183091,64,7,
5,46183294,548,454,
5,46183657,326,429,
5,46183952,27,11,
5,46184128,71,63,
5,46184229,223,261,
5,46184575,127,115,
5,46184730,166,31,
5,46185144,23,3,
5,46185317,89,1,
5,46185323,111,64,
5,46185576,173,62,
5,46185816,343,284,
5,46185957,324,348,
5,46186538,25,0,
5,46186917,35,13,
5,46186950,35,52,
5,46186997,83,39,
5,46187387,238,69,
5,46187645,86,113,
5,46188451,164,121,
5,46189480,100,34,
5,46189616,22,2,
5,46189692,432,254,
5,46189704,78,97,
5,46189994,481,196,
5,46190324,51,3,
5,46190577,252,81,
5,46191124,44,28,
5,46191179,14,17,
5,46191194,244,121,
5,46191207,4,0,
5,46191650,30,83,
5,46191734,5,1,
5,46191763,182,48,
5,46191814,51,18,
5,46191933,106,89,
5,46191993,22,14,
5,46192130,437,350,
5,46192186,464,549,
5,46192459,361,399,
5,46192638,24,1,
5,46192846,346,158,
5,46192962,257,218,
5,46192997,108,59,
5,46193116,78,39,
5,46193412,114,91,
5,46193931,274,50,
5,46194063,168,160,
5,46194302,82,38,
5,46194315,206,160,
5,46194337,324,85,
5,46194384,285,119,
5,46194477,197,26,
5,46194615,417,369,
5,46194828,127,84,
5,46194916,18,0,
5,46194991,14,0,
5,46195007,74,13,
5,46195068,42,4,
5,46195109,112,60,
5,46195198,190,174,
5,46195225,127,35,
5,46195226,17,23,
5,46196076,300,168,
5,46196105,425,161,
5,46196209,40,18,
5,46196228,400,658,
5,46196301,14,3,
5,46196308,171,59,
5,46196433,4,0,
5,46196518,38,13,
5,46196545,79,95,
5,46196547,18,4,
5,46196688,802,320,
5,46196831,121,66,
5,46196896,45,26,
5,46197173,40,5,
5,46197592,73,7,
5,46197820,4,0,
5,46197875,103,173,
5,46197930,18,2,
5,46198096,65,29,
5,46198294,55,104,
5,46198430,158,121,
5,46198652,30,12,
5,46198874,8,1,
5,46199411,270,315,
5,46199530,107,21,
5,46199623,350,125,
5,46199649,71,6,
5,46199723,549,550,
5,46199887,16,0,
5,46199919,18,2,
5,46199935,56,6,
5,46199950,89,29,
5,46200140,57,10,
5,46200552,26,8,
5,46201341,11,1,
5,46201365,9,1,
5,46201381,162,136,
5,46201750,81,101,
5,46202058,31,6,
5,46202163,7,4,
5,46202400,19,0,
5,46202666,5,2,
5,46202789,12,1,
5,46202921,203,143,26
5,46202943,19,6,
5,46203138,180,116,
5,46203250,4,0,
5,46203343,32,4,
5,46203410,12,4,
5,46203477,9,1,
5,46203499,58,0,
5,46203581,156,96,
5,46203611,73,35,
5,46203948,34,62,
5,46203986,80,73,
5,46204090,75,89,
5,46204139,98,52,
5,46204241,11,1,
5,46204315,10,1,
5,46204377,9,0,
5,46204609,7,0,
5,46204668,63,37,
5,46204849,7,1,
5,46204853,46,24,
5,46204886,67,161,
5,46204923,11,3,
5,46204998,27,8,
5,46205437,539,270,5
5,46205461,136,30,30
5,46205493,13,13,
5,46205519,165,82,20
5,46205632,2229,704,1
5,46205661,445,432,8
5,46205672,25,55,
5,46205724,285,346,28
5,46205744,19,0,
5,46205920,3,0,
5,46206277,86,143,23
5,46206457,813,425,
5,46206531,485,115,7
5,46207017,46,32,
5,46207229,5,0,
5,46207425,187,86,15
5,46207464,461,80,2
5,46207505,388,416,6
5,46207711,11,2,
5,46207727,103,275,
5,46207852,60,26,
5,46208160,98,34,
5,46208283,11,3,
5,46208320,9,1,
5,46208340,5,0,
5,46208409,96,40,16
5,46208445,8,6,
5,46208672,36,12,
5,46208760,6,1,
5,46208773,144,67,16
5,46208962,555,246,9
5,46209077,26,5,
5,46209220,8,3,
5,46209372,35,24,
5,46209378,28,3,
5,46209486,6,1,
5,46209493,63,41,
5,46209537,17,7,
5,46209837,15,0,
5,46209846,89,21,23
5,46210002,9,3,
5,46210095,56,96,
5,46210239,23,3,
5,46210240,205,49,4
5,46210304,27,2,
5,46210361,18,1,
5,46210404,10,1,
5,46210424,7,2,
5,46210672,8,3,
5,46210694,3,0,
5,46210705,30,5,
5,46210806,55,12,16
5,46210820,3,1,
5,46211102,16,5,
5,46211356,5,7,
5,46211417,30,3,
5,46211529,8,2,
5,46211552,11,7,
5,46211802,39,27,19
5,46211861,28,7,25
5,46211886,5,0,
5,46211953,12,9,
5,46211994,20,10,
5,46212026,11,0,
5,46212027,20,11,
5,46212029,8,3,
5,46212097,3,0,
5,46212176,13,3,
5,46212202,26,10,
5,46212249,16,0,
5,46212301,16,0,
5,46212358,3,0,
5,46212438,45,29,
5,46212466,20,2,
5,46212520,9,1,
5,46212523,7,2,
5,46212667,7,0,
5,46212782,33,19,
5,46212816,4,0,
5,46212835,7,1,
5,46212916,8,3,
5,46212969,47,10,10
5,46213006,17,1,
5,46213019,3,0,
5,46213045,51,70,
5,46213123,9,1,
5,46213273,11,4,19
5,46213334,11,1,
5,46213385,40,50,
5,46213406,25,8,
5,46213504,119,127,
5,46213585,163,74,2
5,46213662,14,1,
5,46213709,24,16,4
5,46213780,7,0,
5,46213876,4,1,
5,46214091,3,0,
6,46070203,420,258,
6,46070298,107,150,
6,46071785,53,19,
6,46073978,134,148,
6,46075126,77,71,
6,46080498,238,125,
6,46081418,51,53,
6,46085280,96,49,
6,46085753,49,27,
6,46086923,96,17,
6,46087115,63,10,
6,46088430,44,7,
6,46089444,63,10,
6,46091211,178,66,
6,46092198,272,234,
6,46093613,178,47,
6,46094037,242,98,
6,46094330,94,53,
6,46094460,607,67,
6,46094552,120,35,
6,46094989,63,33,
6,46095087,659,373,
6,46095474,124,39,
6,46095662,414,139,
6,46095817,396,150,
6,46095988,7,3,
6,46096337,1241,397,
6,46096341,26,6,
6,46097563,90,30,
6,46098567,17,4,
6,46098655,152,37,
6,46098838,747,290,
6,46101816,136,112,
6,46102276,225,268,
6,46102311,141,39,
6,46103376,886,369,
6,46103571,157,202,
6,46103858,446,674,
6,46104193,899,732,
6,46104396,323,475,
6,46104539,112,29,
6,46106186,170,120,
6,46106411,182,78,
6,46107897,50,7,
6,46108557,157,47,
6,46108780,982,464,
6,46108940,160,426,
6,46111448,74,72,
6,46112520,8,0,
6,46112560,169,60,
6,46112965,59,50,
6,46113990,32,31,
6,46114064,57,10,
6,46114440,117,22,
6,46115397,5,0,
6,46115758,149,93,
6,46116007,75,28,
6,46116567,216,291,
6,46116724,175,53,
6,46117112,500,367,
6,46117126,173,150,
6,46117802,450,169,
6,46118358,249,57,
6,46118722,223,106,
6,46118986,46,6,
6,46119117,54,53,
6,46119214,127,56,
6,46119234,84,32,
6,46120549,177,89,
6,46120732,44,11,
6,46120764,79,34,
6,46121105,75,2,
6,46121870,819,929,
6,46121889,824,236,
6,46122302,17,3,
6,46123307,16,4,
6,46123518,30,19,
6,46123720,158,46,
6,46123948,54,11,
6,46124205,422,159,
6,46124267,2190,1072,
6,46124324,857,952,
6,46124425,499,102,
6,46124649,88,35,
6,46124903,44,25,
6,46125963,92,51,
6,46126066,20,14,
6,46126141,194,102,
6,46126217,598,64,
6,46126380,175,65,
6,46126446,974,849,
6,46127412,111,117,
6,46127575,52,6,
6,46127630,36,2,
6,46127787,38,21,
6,46128238,99,13,
6,46128286,121,76,
6,46128548,65,48,
6,46128616,91,14,
6,46128639,23,22,
6,46129505,14,3,
6,46130188,24,4,
6,46130260,176,68,
6,46130907,105,41,
6,46131406,1063,612,
6,46131837,124,94,
6,46132531,367,305,
6,46133141,240,194,
6,46133555,75,4,
6,46134164,15,2,
6,46134443,828,583,
6,46134969,31,5,
6,46134991,118,25,
6,46135067,184,150,
6,46135145,117,42,
6,46135349,16,4,
6,46136023,508,320,
6,46136026,621,257,
6,46136059,244,48,
6,46136277,98,39,
6,46137253,526,215,
6,46137514,817,289,
6,46137548,138,94,
6,46137596,123,44,
6,46137772,40,8,
6,46137783,761,392,
6,46137953,143,25,
6,46138238,1343,289,
6,46138459,315,59,
6,46138473,62,78,
6,46138632,174,59,
6,46138952,962,1060,
6,46139761,390,130,
6,46140244,152,3,
6,46141429,107,99,
6,46141731,127,111,
6,46141745,146,87,
6,46141986,124,17,
6,46142000,130,53,
6,46142100,520,404,
6,46142866,155,51,
6,46142949,43,6,
6,46143818,131,251,
6,46144199,33,9,
6,46144275,401,181,
6,46144801,127,74,
6,46145154,33,6,
6,46145180,701,658,
6,46145365,719,362,
6,46145790,62,91,
6,46145834,472,202,
6,46145902,257,111,
6,46145960,97,16,
6,46146133,602,114,
6,46146204,88,14,
6,46146451,540,242,
6,46147285,96,81,
6,46147329,142,30,
6,46147341,140,48,
6,46147353,412,412,
6,46147493,284,293,
6,46147540,513,252,
6,46147996,19,0,21
6,46148202,101,159,
6,46148460,201,157,
6,46148748,441,337,
6,46149066,90,25,
6,46149375,265,328,
6,46149727,50,37,
6,46149813,327,45,
6,46150447,91,23,
6,46150715,763,1018,
6,46151299,257,49,
6,46151600,68,22,
6,46152838,314,379,
6,46153058,132,15,
6,46153116,386,184,
6,46153466,448,565,
6,46154114,33,2,
6,46154344,118,9,
6,46154491,396,306,
6,46155085,336,55,
6,46155135,553,290,
6,46155619,442,521,
6,46155701,175,30,
6,46155740,125,52,12
6,46156379,86,66,
6,46157594,372,306,
6,46158578,344,117,
6,46158803,45,5,14
6,46160315,1749,1341,
6,46160698,220,104,
6,46160773,441,307,
6,46160824,69,18,
6,46161125,294,274,
6,46161328,225,85,
6,46162656,782,564,
6,46162872,325,153,
6,46163121,225,303,
6,46163308,566,295,
6,46163609,332,95,
6,46163671,177,72,
6,46164197,62,11,8
6,46166161,75,49,
6,46166178,190,33,
6,46166708,110,22,
6,46166782,14,0,
6,46167349,135,35,
6,46167500,135,78,
6,46167552,338,231,
6,46167621,193,68,
6,46168057,201,156,
6,46169330,75,16,
6,46169441,48,15,
6,46169508,11,5,17
6,46169554,416,230,
6,46170302,309,236,
6,46170309,194,29,
6,46170332,34,4,
6,46170402,137,118,
6,46170759,24,11,
6,46170776,18,0,
6,46171394,229,134,
6,46171703,34,6,
6,46171844,17,3,23
6,46172167,175,24,
6,46172312,49,80,
6,46172443,350,317,
6,46172682,66,134,
6,46172797,199,63,
6,46172852,45,62,
6,46173407,789,449,
6,46173547,521,242,
6,46173825,262,138,
6,46174205,50,14,
6,46174222,21,15,
6,46174755,21,1,
6,46175112,393,448,
6,46175662,49,9,
6,46175826,236,98,
6,46175871,125,389,
6,46176169,153,218,
6,46176289,112,61,
6,46176533,42,18,
6,46176766,203,128,
6,46176893,429,531,
6,46176905,458,244,
6,46176965,25,9,
6,46177022,116,61,
6,46177132,131,36,
6,46177418,134,13,
6,46177615,53,3,
6,46177645,585,130,
6,46177737,36,24,
6,46178108,262,217,
6,46178347,701,271,
6,46178442,187,121,
6,46178464,37,9,
6,46178789,355,84,
6,46178892,223,21,
6,46179928,23,7,
6,46180273,17,3,
6,46180291,28,0,
6,46181076,198,93,
6,46181231,579,183,
6,46181237,60,23,
6,46181268,278,95,
6,46181371,675,976,
6,46181466,502,417,
6,46181491,596,281,
6,46181962,509,723,
6,46182031,146,10,
6,46182202,258,179,
6,46183011,120,206,
6,46183014,46,6,
6,46183088,144,201,
6,46183091,64,7,
6,46183294,548,454,
6,46183657,326,429,
6,46183952,27,11,
6,46184128,71,63,
6,46184229,223,261,
6,46184575,127,115,
6,46184730,166,31,
6,46185144,23,3,
6,46185317,89,1,
6,46185323,111,64,
6,46185576,173,62,
6,46185816,343,284,
6,46185957,324,348,
6,46186538,25,0,
6,46186917,35,13,
6,46186950,35,52,
6,46186997,83,39,
6,46187387,238,69,
6,46187645,86,114,
6,46188451,164,121,
6,46189480,100,34,
6,46189616,22,2,
6,46189692,432,256,
6,46189704,78,98,
6,46189994,481,196,
6,46190324,51,3,
6,46190577,253,81,
6,46191124,44,28,
6,46191179,14,17,
6,46191194,245,121,
6,46191207,4,0,
6,46191650,30,83,
6,46191734,5,1,
6,46191763,183,48,
6,46191814,51,18,
6,46191933,106,89,
6,46192130,437,350,
6,46192186,465,549,
6,46192459,361,399,
6,46192638,24,1,
6,46192846,346,158,
6,46192962,258,218,
6,46192997,109,59,
6,46193116,78,39,
6,46193412,114,91,
6,46193931,274,50,
6,46194063,169,160,
6,46194302,82,38,
6,46194315,206,160,
6,46194337,324,85,
6,46194384,287,121,
6,46194477,198,26,
6,46194615,417,369,
6,46194828,127,84,
6,46194916,18,0,
6,46194991,14,0,
6,46195007,74,13,
6,46195068,42,4,
6,46195109,113,60,
6,46195198,190,174,
6,46195225,127,35,
6,46195226,17,23,
6,46196076,300,168,
6,46196105,425,161,
6,46196209,40,18,
6,46196228,400,661,
6,46196301,14,3,
6,46196308,172,59,
6,46196433,4,0,
6,46196518,38,13,
6,46196545,79,95,
6,46196547,18,4,
6,46196688,803,320,
6,46196831,121,66,
6,46196896,45,26,
6,46197173,40,5,
6,46197592,73,7,
6,46197820,4,0,
6,46197875,103,173,
6,46197930,18,2,
6,46198096,65,30,
6,46198294,55,104,
6,46198430,158,123,
6,46198652,30,12,
6,46198874,8,1,
6,46199411,271,316,
6,46199530,107,21,
6,46199623,350,125,
6,46199649,71,6,
6,46199723,550,552,
6,46199887,16,0,
6,46199919,18,2,
6,46199935,56,6,
6,46199950,89,29,
6,46200140,58,10,
6,46200552,26,8,
6,46201341,11,1,
6,46201365,9,1,
6,46201381,162,136,
6,46201750,81,101,
6,46202058,32,6,
6,46202163,7,4,
6,46202400,19,0,
6,46202666,5,2,
6,46202789,12,1,
6,46202921,207,146,28
6,46202943,19,6,
6,46203138,180,118,
6,46203343,32,4,
6,46203410,12,4,
6,46203477,9,1,
6,46203499,58,0,
6,46203581,158,97,
6,46203611,73,35,
6,46203948,34,62,
6,46203986,80,73,
6,46204090,77,89,
6,46204139,99,52,
6,46204241,11,1,
6,46204315,10,1,
6,46204377,9,0,
6,46204609,7,0,
6,46204668,63,37,
6,46204849,7,1,
6,46204853,46,25,
6,46204886,68,161,
6,46204923,11,3,
6,46204998,27,8,
6,46205437,555,272,6
6,46205461,136,32,
6,46205493,14,13,
6,46205519,167,83,23
6,46205632,2322,724,1
6,46205661,458,436,9
6,46205672,25,55,
6,46205724,292,354,
6,46205744,19,0,
6,46205920,3,0,
6,46206277,89,147,22
6,46206457,823,428,
6,46206531,505,121,8
6,46207017,47,32,
6,46207229,5,0,
6,46207425,192,95,15
6,46207464,476,80,3
6,46207505,406,424,6
6,46207711,11,2,
6,46207727,105,275,
6,46207852,60,26,
6,46208160,98,34,
6,46208283,11,3,
6,46208320,9,1,
6,46208386,33,8,
6,46208409,97,46,17
6,46208445,8,6,
6,46208672,36,12,
6,46208760,6,1,
6,46208773,151,71,17
6,46208962,578,249,13
6,46209077,26,5,
6,46209220,8,3,
6,46209372,35,29,
6,46209378,28,3,
6,46209486,6,1,
6,46209493,64,41,
6,46209537,17,7,
6,46209837,15,0,
6,46209846,94,21,26
6,46210002,9,3,
6,46210095,63,101,
6,46210239,24,3,
6,46210240,218,52,5
6,46210304,27,2,
6,46210361,19,1,
6,46210404,10,1,
6,46210424,7,2,
6,46210672,8,4,
6,46210694,3,0,
6,46210705,30,5,
6,46210806,57,12,19
6,46211102,16,5,
6,46211356,5,7,
6,46211417,30,3,
6,46211529,8,2,
6,46211552,12,7,
6,46211802,44,27,19
6,46211861,35,8,28
6,46211886,5,0,
6,46211994,20,10,
6,46212026,12,0,
6,46212027,20,11,
6,46212029,9,3,
6,46212097,3,0,
6,46212176,13,3,
6,46212202,27,10,
6,46212249,17,0,
6,46212301,16,0,
6,46212358,3,0,
6,46212438,47,29,
6,46212466,20,2,
6,46212520,10,1,
6,46212523,7,2,
6,46212624,7,1,
6,46212667,8,0,
6,46212782,35,23,
6,46212816,4,0,
6,46212835,7,1,
6,46212916,11,3,
6,46212969,60,16,9
6,46213006,18,1,
6,46213019,3,0,
6,46213045,52,74,
6,46213123,9,1,
6,46213273,15,5,21
6,46213334,14,1,
6,46213357,4,0,
6,46213385,45,55,
6,46213406,30,8,
6,46213430,4,0,
6,46213504,127,140,
6,46213585,241,105,1
6,46213662,15,1,
6,46213709,52,43,4
6,46213780,7,0,
6,46213876,4,1,
6,46214091,17,11,4
6,46214486,6,1,
7,46070203,420,258,
7,46070298,107,150,
7,46071785,53,19,
7,46073978,134,148,
7,46075126,77,71,
7,46080498,238,125,
7,46081418,51,53,
7,46085280,96,49,
7,46085753,49,27,
7,46086923,96,17,
7,46087115,63,10,
7,46088430,44,7,
7,46089444,63,10,
7,46091211,178,66,
7,46092198,272,234,
7,46093613,178,47,
7,46094037,242,98,
7,46094330,94,53,
7,46094460,607,67,
7,46094552,120,35,
7,46094989,63,33,
7,46095087,659,373,
7,46095474,124,39,
7,46095662,414,139,
7,46095817,396,150,
7,46095988,7,3,
7,46096337,1241,397,
7,46096341,26,6,
7,46098567,17,4,
7,46098655,152,37,
7,46098838,747,290,
7,46101816,136,112,
7,46102276,225,268,
7,46102311,141,39,
7,46103376,886,369,
7,46103571,157,202,
7,46103858,446,674,
7,46104193,899,732,
7,46104396,323,475,
7,46104539,112,29,
7,46106186,170,120,
7,46106411,182,78,
7,46107897,50,7,
7,46108557,157,47,
7,46108780,982,464,
7,46108940,160,426,
7,46111448,74,72,
7,46112520,8,0,
7,46112560,169,60,
7,46112965,61,50,
7,46113990,32,31,
7,46114064,57,10,
7,46114440,117,22,
7,46115397,5,0,
7,46115758,149,93,
7,46116007,75,28,
7,46116567,216,291,
7,46116724,175,53,
7,46117112,500,367,
7,46117126,173,150,
7,46117802,450,169,
7,46118358,249,57,
7,46118722,223,106,
7,46118986,46,6,
7,46119117,54,53,
7,46119234,84,32,
7,46120549,177,89,
7,46120732,44,11,
7,46120764,79,34,
7,46121105,75,2,
7,46121870,819,929,
7,46121889,824,236,
7,46122302,17,3,
7,46123307,16,4,
7,46123518,30,19,
7,46123720,158,46,
7,46123948,54,11,
7,46124205,422,159,
7,46124267,2190,1072,
7,46124324,857,952,
7,46124425,505,102,
7,46124649,88,35,
7,46124903,44,25,
7,46125963,92,51,
7,46126066,20,14,
7,46126141,194,102,
7,46126217,598,64,
7,46126380,175,65,
7,46126446,974,849,
7,46127412,111,117,
7,46127575,52,6,
7,46127630,36,2,
7,46128238,99,13,
7,46128286,121,76,
7,46128548,65,48,
7,46128616,91,14,
7,46128639,23,22,
7,46129505,14,3,
7,46130188,24,4,
7,46130260,176,68,
7,46130907,105,41,
7,46131406,1063,612,
7,46131837,124,94,
7,46132531,367,305,
7,46133141,240,194,
7,46133555,75,4,
7,46134164,16,2,
7,46134443,828,583,
7,46134969,31,5,
7,46134991,118,25,
7,46135067,184,150,
7,46135145,117,42,
7,46135349,16,4,
7,46136023,508,320,
7,46136026,621,257,
7,46136059,244,48,
7,46136277,98,39,
7,46137253,526,215,
7,46137514,817,289,
7,46137548,138,94,
7,46137596,124,44,
7,46137772,40,8,
7,46137783,761,392,
7,46137953,143,25,
7,46138238,1343,289,
7,46138459,315,59,
7,46138473,62,78,
7,46138632,174,59,
7,46138952,962,1060,
7,46139761,390,130,
7,46140244,152,3,
7,46141429,107,99,
7,46141731,127,111,
7,46141745,146,87,
7,46141986,124,17,
7,46142000,130,53,
7,46142100,520,404,
7,46142866,155,51,
7,46142949,43,6,
7,46143818,132,251,
7,46144199,33,9,
7,46144275,401,181,
7,46144801,127,74,
7,46145154,34,6,
7,46145180,701,658,
7,46145365,719,362,
7,46145790,62,92,
7,46145834,472,202,
7,46145902,257,111,
7,46145960,97,16,
7,46146133,602,114,
7,46146204,88,14,
7,46146451,540,242,
7,46147285,96,81,
7,46147329,142,30,
7,46147341,140,48,
7,46147353,412,412,
7,46147493,284,293,
7,46147540,513,252,
7,46147996,21,0,24
7,46148202,101,160,
7,46148460,201,157,
7,46148748,441,337,
7,46149066,90,25,
7,46149375,265,328,
7,46149727,50,37,
7,46149813,327,45,
7,46150447,91,23,
7,46150715,763,1018,
7,46151299,257,49,
7,46151600,68,22,
7,46152838,314,379,
7,46153058,132,15,
7,46153116,387,184,
7,46153466,448,565,
7,46154114,33,2,
7,46154344,118,9,
7,46154491,396,306,
7,46155085,336,55,
7,46155135,553,290,
7,46155619,442,521,
7,46155701,175,30,
7,46155740,144,62,11
7,46156379,86,66,
7,46157594,372,306,
7,46158578,344,117,
7,46158803,49,6,13
7,46160315,1749,1341,
7,46160698,220,104,
7,46160773,441,307,
7,46160824,69,18,
7,46161125,294,274,
7,46161328,225,85,
7,46162656,782,564,
7,46162872,325,153,
7,46163121,225,303,
7,46163308,566,295,
7,46163609,332,95,
7,46163671,177,72,
7,46164197,87,12,9
7,46166161,75,49,
7,46166178,190,34,
7,46166708,110,22,
7,46166782,14,0,
7,46167349,135,35,
7,46167500,135,78,
7,46167552,338,231,
7,46167621,193,68,
7,46168057,201,157,
7,46169330,75,16,
7,46169441,48,15,
7,46169508,15,10,16
7,46169554,416,230,
7,46170302,309,236,
7,46170309,194,29,
7,46170332,34,4,
7,46170402,137,118,
7,46170759,24,11,
7,46170776,18,0,
7,46171394,229,134,
7,46171463,14,7,16
7,46171703,35,6,
7,46171844,26,5,20
7,46172167,175,24,
7,46172312,49,80,
7,46172443,350,317,
7,46172682,67,134,
7,46172797,199,63,
7,46172852,45,62,
7,46173407,789,450,
7,46173547,521,242,
7,46173825,262,138,
7,46174205,50,14,
7,46174222,21,15,
7,46175112,393,448,
7,46175662,49,9,
7,46175826,236,98,
7,46175871,126,389,
7,46176169,153,218,
7,46176289,112,61,
7,46176533,42,18,
7,46176766,203,128,
7,46176893,429,531,
7,46176905,458,244,
7,46176965,25,9,
7,46177022,116,61,
7,46177132,131,36,
7,46177418,135,13,
7,46177615,53,3,
7,46177645,585,130,
7,46177737,36,24,
7,46178108,263,217,
7,46178347,701,271,
7,46178442,187,121,
7,46178464,37,9,
7,46178789,355,84,
7,46178892,223,21,
7,46179928,23,7,
7,46180273,17,3,
7,46180291,28,0,
7,46181076,198,93,
7,46181231,579,183,
7,46181237,60,23,
7,46181268,278,95,
7,46181371,675,979,
7,46181466,502,417,
7,46181491,596,281,
7,46181962,509,723,
7,46182031,146,10,
7,46182202,258,179,
7,46183011,120,206,
7,46183014,46,6,
7,46183088,144,201,
7,46183091,64,7,
7,46183294,548,455,
7,46183657,326,430,
7,46183952,27,11,
7,46184128,71,63,
7,46184229,223,261,
7,46184575,127,115,
7,46184730,166,31,
7,46185144,23,3,
7,46185317,89,1,
7,46185323,111,64,
7,46185576,173,62,
7,46185816,343,284,
7,46185957,325,348,
7,46186538,25,0,
7,46186917,35,13,
7,46186950,35,53,
7,46186997,83,39,
7,46187387,238,69,
7,46187645,86,114,
7,46188451,164,121,
7,46189480,100,34,
7,46189616,22,2,
7,46189692,433,256,
7,46189704,78,99,
7,46189994,482,196,
7,46190324,51,3,
7,46190577,253,81,
7,46191124,44,28,
7,46191179,14,17,
7,46191194,247,121,
7,46191207,5,0,
7,46191650,30,83,
7,46191734,7,1,
7,46191763,183,48,
7,46191814,51,18,
7,46191933,106,89,
7,46192130,437,350,
7,46192186,465,550,
7,46192459,361,399,
7,46192638,24,1,
7,46192846,346,158,
7,46192962,258,218,
7,46192997,111,59,
7,46193116,78,39,
7,46193412,114,91,
7,46193931,274,50,
7,46194063,169,160,
7,46194302,82,38,
7,46194315,206,160,
7,46194337,324,85,
7,46194384,287,121,
7,46194477,198,26,
7,46194615,417,369,
7,46194828,127,84,
7,46194916,18,0,
7,46194991,14,0,
7,46195007,74,13,
7,46195068,42,4,
7,46195109,113,60,
7,46195198,190,174,
7,46195225,127,35,
7,46195226,17,23,
7,46196076,300,168,
7,46196105,426,162,
7,46196209,40,18,
7,46196228,401,661,
7,46196301,14,3,
7,46196308,172,59,
7,46196433,4,0,
7,46196518,38,13,
7,46196545,79,95,
7,46196547,18,4,
7,46196688,805,320,
7,46196831,121,66,
7,46196896,45,26,
7,46197173,40,5,
7,46197592,73,7,
7,46197820,4,0,
7,46197875,103,173,
7,46197930,18,2,
7,46198096,65,30,
7,46198294,55,104,
7,46198430,160,123,
7,46198652,30,12,
7,46198874,8,1,
7,46199411,271,316,
7,46199530,108,21,
7,46199623,352,127,
7,46199649,71,6,
7,46199723,554,553,
7,46199887,17,0,
7,46199919,18,2,
7,46199935,56,6,
7,46199950,89,29,
7,46200140,58,10,
7,46200552,27,8,
7,46201341,11,1,
7,46201365,9,1,
7,46201381,162,137,
7,46201750,81,102,
7,46202058,32,6,
7,46202163,7,4,
7,46202400,19,0,
7,46202666,5,2,
7,46202789,12,1,
7,46202921,216,148,29
7,46202943,19,6,
7,46203138,180,118,
7,46203164,5,0,
7,46203343,32,4,
7,46203410,12,4,
7,46203477,9,1,
7,46203499,59,0,
7,46203581,161,97,
7,46203611,74,35,
7,46203948,34,63,
7,46203986,80,75,
7,46204090,78,90,
7,46204139,99,52,
7,46204241,11,1,
7,46204315,10,1,
7,46204377,9,0,
7,46204609,7,0,
7,46204668,64,37,
7,46204849,9,1,
7,46204853,46,25,
7,46204886,71,163,
7,46204923,11,3,
7,46204998,27,8,
7,46205437,566,278,6
7,46205461,138,32,
7,46205493,15,13,
7,46205519,173,86,22
7,46205632,2399,740,2
7,46205661,469,452,9
7,46205672,25,55,
7,46205724,303,364,30
7,46205744,19,0,
7,46205797,3,0,
7,46205920,3,0,
7,46206277,97,154,20
7,46206457,840,428,
7,46206531,530,125,8
7,46207017,48,32,
7,46207229,5,0,
7,46207425,203,96,15
7,46207464,492,83,3
7,46207505,430,428,7
7,46207711,12,2,
7,46207727,109,276,
7,46207852,60,26,
7,46208160,98,35,
7,46208283,11,3,
7,46208320,9,1,
7,46208386,33,8,
7,46208409,99,47,18
7,46208445,9,6,
7,46208672,38,13,
7,46208760,6,1,
7,46208773,156,76,17
7,46208962,600,257,12
7,46209077,26,5,
7,46209220,8,3,
7,46209372,40,30,
7,46209378,28,3,
7,46209486,6,1,
7,46209493,64,41,
7,46209537,17,7,
7,46209837,16,0,
7,46209846,100,21,26
7,46210002,9,3,
7,46210095,68,111,
7,46210239,24,3,
7,46210240,238,54,5
7,46210304,27,2,
7,46210361,19,1,
7,46210404,10,1,
7,46210424,7,2,
7,46210672,9,4,
7,46210694,4,0,
7,46210705,31,5,
7,46210806,62,15,21
7,46211102,17,5,
7,46211417,31,3,
7,46211529,9,2,
7,46211552,13,7,
7,46211802,51,29,19
7,46211861,38,8,27
7,46211886,6,0,
7,46211994,21,10,
7,46212026,17,0,
7,46212027,21,11,
7,46212029,9,3,
7,46212097,4,0,
7,46212176,14,3,
7,46212202,29,10,
7,46212249,18,0,
7,46212301,17,0,
7,46212358,5,0,
7,46212438,49,29,
7,46212466,21,2,
7,46212520,11,1,
7,46212523,8,2,
7,46212624,8,1,
7,46212667,9,0,
7,46212782,39,26,
7,46212816,4,0,
7,46212835,8,1,
7,46212916,13,4,
7,46212969,64,21,14
7,46213006,18,1,
7,46213019,3,0,
7,46213045,53,76,
7,46213123,10,1,
7,46213273,25,5,23
7,46213334,15,1,
7,46213357,5,0,
7,46213385,47,56,
7,46213406,31,8,
7,46213430,5,0,
7,46213504,130,142,
7,46213585,335,157,1
7,46213662,17,4,
7,46213709,70,63,20
7,46213780,8,0,
7,46213876,5,1,
7,46214091,31,21,4
7,46214486,6,1,
7,46214601,4,1,
7,46214652,5,0,
7,46214693,21,0,3
8,46070203,420,258,
8,46070298,107,150,
8,46071785,53,19,
8,46073978,134,148,
8,46075126,77,71,
8,46080498,238,125,
8,46081418,51,53,
8,46085280,96,49,
8,46085753,49,27,
8,46086923,96,17,
8,46087115,63,10,
8,46088430,44,7,
8,46091211,178,66,
8,46092198,272,234,
8,46093613,178,47,
8,46094037,242,98,
8,46094330,94,53,
8,46094460,607,67,
8,46094552,120,35,
8,46094989,63,33,
8,46095087,659,373,
8,46095474,124,39,
8,46095662,414,139,
8,46095817,396,150,
8,46095988,7,3,
8,46096337,1241,397,
8,46096341,26,6,
8,46098567,17,4,
8,46098655,152,37,
8,46101816,136,112,
8,46102276,225,268,
8,46102311,142,39,
8,46103376,886,369,
8,46103571,157,202,
8,46103858,446,674,
8,46104193,899,732,
8,46104396,323,475,
8,46104539,112,29,
8,46106186,170,120,
8,46106411,182,78,
8,46107897,50,7,
8,46108557,157,47,
8,46108780,982,464,
8,46108940,160,428,
8,46111448,74,72,
8,46112520,8,0,
8,46112560,169,60,
8,46112965,62,52,
8,46113990,32,31,
8,46114064,57,10,
8,46114440,118,22,
8,46115397,5,0,
8,46115758,149,93,
8,46116007,75,28,
8,46116567,216,291,
8,46116724,175,53,
8,46117112,500,367,
8,46117126,173,150,
8,46117802,450,169,
8,46118358,249,57,
8,46118722,223,106,
8,46118986,46,6,
8,46119117,54,53,
8,46119234,84,32,
8,46120549,177,89,
8,46120732,44,11,
8,46120764,79,34,
8,46121105,75,2,
8,46121870,819,929,
8,46121889,825,236,
8,46122302,17,3,
8,46123307,16,4,
8,46123518,30,19,
8,46123720,158,46,
8,46123948,54,11,
8,46124205,422,159,
8,46124267,2190,1072,
8,46124324,857,952,
8,46124425,510,103,
8,46124649,88,35,
8,46124903,44,25,
8,46125963,92,51,
8,46126066,20,14,
8,46126141,194,102,
8,46126217,598,64,
8,46126380,175,65,
8,46126446,974,849,
8,46127412,111,117,
8,46127575,52,6,
8,46128238,99,13,
8,46128286,121,76,
8,46128548,65,48,
8,46128616,91,14,
8,46128639,23,22,
8,46129505,14,3,
8,46130188,24,4,
8,46130260,176,68,
8,46130907,105,41,
8,46131406,1063,612,
8,46131837,124,94,
8,46132531,367,305,
8,46133141,240,194,
8,46133555,75,4,
8,46134164,16,2,
8,46134443,828,583,
8,46134969,31,5,
8,46134991,118,25,
8,46135067,184,150,
8,46135145,117,42,
8,46135349,16,4,
8,46136023,508,320,
8,46136026,621,257,
8,46136059,244,48,
8,46136277,98,39,
8,46137253,526,215,
8,46137514,817,289,
8,46137548,138,94,
8,46137596,124,44,
8,46137772,40,8,
8,46137783,761,392,
8,46137953,143,25,
8,46138238,1343,289,
8,46138459,315,59,
8,46138473,62,78,
8,46138632,174,59,
8,46138952,963,1060,
8,46139761,390,130,
8,46140244,152,3,
8,46140579,11,3,13
8,46141429,107,99,
8,46141731,127,111,
8,46141745,146,87,
8,46141986,124,17,
8,46142000,130,53,
8,46142100,520,404,
8,46142866,155,51,
8,46142949,43,6,
8,46143818,132,251,
8,46144199,33,9,
8,46144275,401,181,
8,46144801,127,74,
8,46145154,34,6,
8,46145180,701,658,
8,46145365,719,362,
8,46145790,62,92,
8,46145834,472,202,
8,46145902,257,112,
8,46145960,97,16,
8,46146133,602,114,
8,46146204,88,14,
8,46146451,540,242,
8,46147285,96,81,
8,46147329,143,30,
8,46147341,140,48,
8,46147353,412,412,
8,46147493,284,293,
8,46147540,513,252,
8,46147996,23,0,27
8,46148202,101,160,
8,46148460,201,157,
8,46148748,441,337,
8,46149066,90,25,
8,46149375,265,328,
8,46149727,50,37,
8,46149813,327,45,
8,46150447,91,23,
8,46150715,763,1018,
8,46151299,257,49,
8,46151600,68,22,
8,46152838,314,379,
8,46153058,132,15,
8,46153116,387,184,
8,46153466,448,565,
8,46154114,33,2,
8,46154344,118,9,
8,46154491,396,306,
8,46155085,336,55,
8,46155135,553,290,
8,46155619,442,521,
8,46155701,175,30,
8,46155740,164,70,12
8,46156379,86,66,
8,46157594,372,306,
8,46158578,344,117,
8,46158803,60,6,15
8,46160315,1749,1341,
8,46160698,220,104,
8,46160773,441,307,
8,46160824,69,18,
8,46161125,294,274,
8,46161328,226,85,
8,46162656,782,564,
8,46162872,325,153,
8,46163121,226,303,
8,46163308,566,295,
8,46163609,332,95,
8,46163671,177,72,
8,46164197,108,15,5
8,46166161,75,49,
8,46166178,190,34,
8,46166708,110,22,
8,46166782,14,0,
8,46167349,135,35,
8,46167500,135,78,
8,46167552,338,231,
8,46167621,193,68,
8,46168057,201,157,
8,46169330,75,16,
8,46169441,48,15,
8,46169508,22,18,17
8,46169554,416,230,
8,46170302,309,236,
8,46170309,194,29,
8,46170332,34,4,
8,46170402,137,118,
8,46170759,24,11,
8,46170776,18,0,
8,46171394,229,134,
8,46171463,26,11,11
8,46171703,35,7,
8,46171844,32,5,18
8,46172167,175,24,
8,46172312,49,80,
8,46172443,350,317,
8,46172682,67,134,
8,46172797,199,63,
8,46172852,45,62,
8,46173407,789,450,
8,46173547,521,242,
8,46173825,262,138,
8,46174205,50,14,
8,46174222,21,15,
8,46175112,393,448,
8,46175662,49,9,
8,46175826,236,98,
8,46175871,126,390,
8,46176169,153,218,
8,46176289,112,61,
8,46176533,42,18,
8,46176766,203,128,
8,46176893,429,531,
8,46176905,458,244,
8,46176965,25,9,
8,46177022,116,62,
8,46177132,131,36,
8,46177418,135,13,
8,46177615,53,3,
8,46177645,585,130,
8,46177737,36,24,
8,46178108,263,217,
8,46178347,701,271,
8,46178442,187,121,
8,46178464,37,9,
8,46178789,355,84,
8,46178892,223,21,
8,46179928,23,7,
8,46180273,17,3,
8,46180291,28,0,
8,46181076,198,93,
8,46181231,580,183,
8,46181237,60,23,
8,46181268,278,95,
8,46181371,675,982,
8,46181466,502,417,
8,46181491,596,281,
8,46181962,509,723,
8,46182031,146,10,
8,46182202,258,179,
8,46183011,120,206,
8,46183014,46,6,
8,46183088,145,201,
8,46183091,64,7,
8,46183294,548,455,
8,46183657,326,430,
8,46183952,27,11,
8,46184128,71,63,
8,46184229,223,261,
8,46184575,127,115,
8,46184730,166,31,
8,46185144,23,3,
8,46185317,89,1,
8,46185323,111,64,
8,46185576,173,62,
8,46185816,343,284,
8,46185957,325,348,
8,46186538,25,0,
8,46186917,35,13,
8,46186950,35,53,
8,46186997,83,39,
8,46187387,238,69,
8,46187645,86,114,
8,46188451,164,121,
8,46189480,100,34,
8,46189616,23,2,
8,46189692,433,256,
8,46189704,78,99,
8,46189994,482,196,
8,46190324,51,3,
8,46190577,253,81,
8,46191124,44,28,
8,46191179,14,17,
8,46191194,247,121,
8,46191207,5,0,
8,46191650,30,83,
8,46191763,183,48,
8,46191814,51,18,
8,46191933,106,89,
8,46192130,437,350,
8,46192186,465,551,
8,46192459,361,399,
8,46192846,346,158,
8,46192962,258,218,
8,46192997,111,59,
8,46193116,78,39,
8,46193412,114,91,
8,46193931,274,50,
8,46194063,169,160,
8,46194302,83,38,
8,46194315,206,161,
8,46194337,325,86,
8,46194384,287,121,
8,46194477,198,26,
8,46194615,417,369,
8,46194828,128,84,
8,46194916,18,0,
8,46194991,14,0,
8,46195007,74,13,
8,46195068,42,4,
8,46195109,113,60,
8,46195198,190,174,
8,46195225,127,35,
8,46195226,17,23,
8,46196076,300,168,
8,46196105,426,162,
8,46196209,40,18,
8,46196228,403,663,
8,46196301,14,3,
8,46196308,172,59,
8,46196433,4,0,
8,46196518,38,13,
8,46196545,79,95,
8,46196547,18,4,
8,46196688,806,321,
8,46196831,121,66,
8,46196896,45,26,
8,46197173,40,5,
8,46197592,73,7,
8,46197820,4,0,
8,46197875,103,173,
8,46197930,18,2,
8,46198096,65,30,
8,46198294,55,104,
8,46198430,161,123,
8,46198652,30,12,
8,46198874,8,1,
8,46199411,271,316,
8,46199530,108,21,
8,46199623,352,127,
8,46199649,71,6,
8,46199723,556,555,
8,46199887,17,0,
8,46199919,18,2,
8,46199935,56,6,
8,46199950,89,29,
8,46200140,58,10,
8,46200552,27,8,
8,46201341,11,1,
8,46201381,163,138,
8,46201750,81,103,
8,46202058,32,6,
8,46202163,7,4,
8,46202254,3,0,
8,46202400,19,0,
8,46202666,5,2,
8,46202789,12,1,
8,46202921,223,153,29
8,46202943,20,6,
8,46203138,180,118,
8,46203164,5,0,
8,46203343,33,6,
8,46203410,12,4,
8,46203477,9,1,
8,46203499,59,0,
8,46203581,162,98,
8,46203611,74,38,
8,46203948,34,63,
8,46203986,81,75,
8,46204090,78,91,
8,46204139,99,52,
8,46204241,11,1,
8,46204377,9,0,
8,46204609,7,0,
8,46204668,64,37,
8,46204849,9,1,
8,46204853,46,25,
8,46204886,75,166,
8,46204923,11,3,
8,46204998,27,8,
8,46205437,584,280,7
8,46205461,140,32,
8,46205493,15,13,
8,46205519,178,86,25
8,46205632,2474,752,2
8,46205661,476,458,11
8,46205672,25,56,
8,46205724,307,371,
8,46205744,19,0,
8,46205797,3,0,
8,46205920,3,0,
8,46206277,105,160,22
8,46206457,851,429,
8,46206531,550,129,9
8,46207017,48,32,
8,46207229,5,0,
8,46207425,212,100,16
8,46207464,508,93,4
8,46207505,444,434,7
8,46207711,12,2,
8,46207727,109,277,
8,46207852,61,26,
8,46208098,6,8,
8,46208160,98,35,
8,46208283,11,3,
8,46208320,9,1,
8,46208386,33,8,
8,46208409,102,48,20
8,46208445,9,6,
8,46208672,40,13,
8,46208760,7,1,
8,46208773,166,78,19
8,46208962,628,262,13
8,46209077,27,5,
8,46209220,8,3,
8,46209372,42,34,
8,46209378,28,3,
8,46209486,6,1,
8,46209493,65,41,
8,46209537,17,8,
8,46209837,16,0,
8,46209846,104,21,28
8,46210002,9,3,
8,46210095,71,114,
8,46210239,24,3,
8,46210240,263,57,5
8,46210304,28,2,
8,46210361,19,1,
8,46210404,10,1,
8,46210424,7,2,
8,46210672,10,5,
8,46210694,4,0,
8,46210705,32,5,
8,46210806,64,18,21
8,46211102,17,5,
8,46211417,31,3,
8,46211529,9,2,
8,46211552,14,7,
8,46211802,55,29,26
8,46211861,40,8,30
8,46211886,6,0,
8,46211994,21,11,
8,46212026,20,0,
8,46212027,21,11,
8,46212029,9,3,
8,46212097,4,0,
8,46212176,15,3,
8,46212202,30,10,
8,46212249,18,0,
8,46212301,17,0,
8,46212358,5,0,
8,46212438,49,29,
8,46212466,21,2,
8,46212520,12,1,
8,46212523,8,2,
8,46212624,8,1,
8,46212667,9,0,
8,46212782,41,26,
8,46212816,4,1,
8,46212835,8,1,
8,46212916,16,4,
8,46212969,65,22,
8,46213006,19,1,
8,46213019,3,0,
8,46213045,53,80,
8,46213123,11,1,
8,46213273,37,6,21
8,46213334,15,1,
8,46213357,5,0,
8,46213385,49,63,
8,46213406,32,9,
8,46213430,5,0,
8,46213504,131,148,
8,46213585,417,207,1
8,46213662,17,4,
8,46213709,81,84,23
8,46213780,8,0,
8,46213876,8,1,
8,46214091,46,37,5
8,46214486,6,1,
8,46214601,4,1,
8,46214617,9,0,16
8,46214652,6,0,
8,46214693,51,3,2
8,46214950,18,2,16
9,46070203,420,258,
9,46070298,107,150,
9,46071785,53,19,
9,46073978,134,148,
9,46075126,77,71,
9,46080498,238,125,
9,46081418,51,53,
9,46085280,96,49,
9,46085753,49,27,
9,46086923,96,17,
9,46087115,63,10,
9,46088430,44,7,
9,46091211,178,66,
9,46092198,272,234,
9,46093613,178,47,
9,46094037,242,98,
9,46094330,94,53,
9,46094460,607,67,
9,46094552,120,35,
9,46094989,63,33,
9,46095087,659,373,
9,46095474,124,39,
9,46095662,414,139,
9,46095817,396,150,
9,46095988,7,3,
9,46096337,1241,397,
9,46096341,26,6,
9,46098567,17,4,
9,46098655,152,37,
9,46101816,136,112,
9,46102276,225,268,
9,46102311,142,39,
9,46103376,886,369,
9,46103571,157,202,
9,46103858,446,674,
9,46104193,899,732,
9,46104396,323,475,
9,46104539,112,29,
9,46106186,170,120,
9,46106411,182,78,
9,46107897,50,7,
9,46108557,157,47,
9,46108780,982,464,
9,46108940,160,428,
9,46111448,74,72,
9,46112520,8,0,
9,46112560,169,60,
9,46112965,62,52,
9,46113990,32,31,
9,46114064,57,10,
9,46114440,118,22,
9,46115397,5,0,
9,46115758,149,93,
9,46116007,75,28,
9,46116567,216,291,
9,46116724,175,53,
9,46117112,500,367,
9,46117126,173,150,
9,46117802,450,169,
9,46118358,249,58,
9,46118722,223,106,
9,46118986,46,6,
9,46119117,54,53,
9,46119234,84,32,
9,46120549,177,89,
9,46120732,44,11,
9,46120764,79,34,
9,46121105,76,2,
9,46121870,819,929,
9,46121889,825,236,
9,46122302,17,3,
9,46123307,16,4,
9,46123518,30,19,
9,46123720,158,46,
9,46123948,54,11,
9,46124205,422,159,
9,46124267,2190,1072,
9,46124324,857,952,
9,46124425,512,106,
9,46124649,88,35,
9,46124903,44,25,
9,46125963,92,51,
9,46126066,20,14,
9,46126141,194,102,
9,46126217,598,64,
9,46126380,175,65,
9,46126446,974,849,
9,46127412,111,117,
9,46127575,52,6,
9,46127981,14,0,17
9,46128238,99,13,
9,46128286,121,76,
9,46128548,65,48,
9,46128616,91,14,
9,46128639,23,22,
9,46129505,15,3,
9,46130188,24,4,
9,46130260,176,68,
9,46130907,105,41,
9,46131406,1063,612,
9,46131837,125,94,
9,46132531,367,305,
9,46133141,240,194,
9,46134164,17,3,
9,46134443,828,583,
9,46134969,32,5,
9,46134991,118,25,
9,46135067,184,150,
9,46135145,117,42,
9,46135349,16,4,
9,46136023,508,320,
9,46136026,621,257,
9,46136059,244,48,
9,46136277,98,39,
9,46137253,526,215,
9,46137514,817,289,
9,46137548,138,94,
9,46137596,124,44,
9,46137772,40,8,
9,46137783,761,392,
9,46137953,143,25,
9,46138238,1343,289,
9,46138459,315,59,
9,46138473,62,78,
9,46138632,174,59,
9,46138952,963,1060,
9,46139761,390,130,
9,46140244,152,3,
9,46140579,24,3,6
9,46141429,107,99,
9,46141731,127,111,
9,46141745,146,87,
9,46141986,124,17,
9,46142000,130,53,
9,46142100,520,404,
9,46142866,155,51,
9,46142949,43,6,
9,46143818,132,252,
9,46144199,33,9,
9,46144275,401,181,
9,46144801,127,74,
9,46145154,34,6,
9,46145180,701,658,
9,46145365,719,362,
9,46145790,62,93,
9,46145834,472,202,
9,46145902,257,112,
9,46145960,97,16,
9,46146133,602,114,
9,46146204,88,14,
9,46146451,540,242,
9,46147285,97,81,
9,46147329,143,30,
9,46147341,140,48,
9,46147353,412,412,
9,46147493,284,293,
9,46147540,513,252,
9,46147996,24,0,29
9,46148202,101,162,
9,46148460,201,157,
9,46148748,441,337,
9,46149066,90,25,
9,46149375,265,328,
9,46149727,50,37,
9,46149813,327,45,
9,46150447,91,23,
9,46150715,763,1018,
9,46151299,257,49,
9,46151600,70,22,
9,46152838,315,379,
9,46153058,132,15,
9,46153116,388,184,
9,46153466,449,565,
9,46154114,33,2,
9,46154344,118,9,
9,46154491,396,306,
9,46155085,336,55,
9,46155135,553,290,
9,46155619,442,521,
9,46155701,175,30,
9,46155740,178,81,13
9,46156379,86,66,
9,46157594,372,306,
9,46158578,344,117,
9,46158803,68,9,15
9,46160315,1749,1342,
9,46160698,220,104,
9,46160773,441,307,
9,46160824,69,18,
9,46161125,294,274,
9,46161328,226,85,
9,46162656,782,564,
9,46162872,325,153,
9,46163121,226,303,
9,46163308,566,295,
9,46163609,332,95,
9,46163671,177,72,
9,46164197,124,16,7
9,46166161,75,49,
9,46166178,190,34,
9,46166708,110,22,
9,46166782,14,0,
9,46167349,135,35,
9,46167500,135,78,
9,46167552,338,231,
9,46167621,193,68,
9,46168057,201,157,
9,46169330,75,16,
9,46169441,48,15,
9,46169508,24,25,22
9,46169554,416,230,
9,46170302,309,236,
9,46170309,194,29,
9,46170332,34,4,
9,46170402,137,118,
9,46170759,24,11,
9,46170776,18,0,
9,46171394,229,134,
9,46171703,35,7,
9,46171844,33,7,18
9,46172167,175,24,
9,46172312,49,80,
9,46172443,350,317,
9,46172682,67,134,
9,46172797,199,63,
9,46172852,45,62,
9,46173407,789,451,
9,46173547,522,242,
9,46173825,262,138,
9,46174205,50,14,
9,46174222,21,15,
9,46175112,393,448,
9,46175662,49,9,
9,46175826,236,98,
9,46175871,126,390,
9,46176169,153,218,
9,46176289,112,61,
9,46176533,42,18,
9,46176766,203,128,
9,46176893,429,531,
9,46176905,458,244,
9,46176965,25,9,
9,46177022,116,62,
9,46177132,131,36,
9,46177418,135,13,
9,46177615,53,3,
9,46177645,585,130,
9,46177737,36,24,
9,46178108,263,217,
9,46178347,701,271,
9,46178442,187,121,
9,46178464,37,9,
9,46178789,355,84,
9,46178892,223,21,
9,46179928,23,7,
9,46180291,28,0,
9,46181076,198,93,
9,46181231,580,183,
9,46181237,60,23,
9,46181268,278,95,
9,46181371,675,983,
9,46181466,503,417,
9,46181491,596,281,
9,46181962,509,723,
9,46182031,146,10,
9,46182202,258,180,
9,46183011,120,206,
9,46183014,46,6,
9,46183088,145,201,
9,46183091,64,7,
9,46183294,548,455,
9,46183657,326,430,
9,46183952,27,11,
9,46184128,71,63,
9,46184229,223,261,
9,46184575,127,115,
9,46184730,166,31,
9,46185144,23,3,
9,46185317,89,1,
9,46185323,111,64,
9,46185576,173,62,
9,46185816,343,284,
9,46185957,325,348,
9,46186538,25,0,
9,46186917,35,13,
9,46186950,35,53,
9,46186997,83,39,
9,46187387,238,69,
9,46187645,86,114,
9,46188451,164,121,
9,46189480,100,34,
9,46189616,23,2,
9,46189692,433,257,
9,46189704,78,99,
9,46189994,482,196,
9,46190324,51,3,
9,46190577,253,81,
9,46191124,44,28,
9,46191179,14,17,
9,46191194,247,121,
9,46191207,5,0,
9,46191650,30,83,
9,46191763,183,48,
9,46191814,51,18,
9,46191933,106,89,
9,46192130,437,350,
9,46192186,466,552,
9,46192459,361,399,
9,46192846,346,158,
9,46192962,258,218,
9,46192997,111,59,
9,46193116,78,39,
9,46193412,114,91,
9,46193931,274,50,
9,46194063,169,160,
9,46194302,83,38,
9,46194315,206,161,
9,46194337,325,86,
9,46194384,287,121,
9,46194477,198,26,
9,46194615,417,369,
9,46194828,128,84,
9,46194916,18,0,
9,46194991,14,0,
9,46195007,74,13,
9,46195068,42,4,
9,46195109,113,60,
9,46195198,190,174,
9,46195225,127,35,
9,46195226,17,23,
9,46196076,300,168,
9,46196105,426,162,
9,46196209,40,18,
9,46196228,405,664,
9,46196301,14,3,
9,46196308,173,59,
9,46196433,4,0,
9,46196518,38,13,
9,46196545,79,95,
9,46196547,18,4,
9,46196688,807,321,
9,46196831,121,66,
9,46196896,45,26,
9,46197173,40,5,
9,46197592,73,7,
9,46197820,4,0,
9,46197875,103,173,
9,46197930,18,2,
9,46198096,65,30,
9,46198294,55,104,
9,46198430,162,123,
9,46198652,30,12,
9,46198874,9,1,
9,46199411,271,319,
9,46199530,108,21,
9,46199623,352,128,
9,46199649,71,7,
9,46199723,557,559,
9,46199887,17,0,
9,46199919,18,2,
9,46199935,56,6,
9,46199950,89,29,
9,46200140,58,10,
9,46200552,27,8,
9,46201341,11,1,
9,46201381,163,139,
9,46201750,82,103,
9,46202058,32,6,
9,46202163,7,4,
9,46202254,3,0,
9,46202400,20,0,
9,46202666,5,2,
9,46202789,12,1,
9,46202921,229,156,30
9,46202943,20,6,
9,46203138,180,118,
9,46203343,34,7,
9,46203410,12,4,
9,46203477,9,1,
9,46203499,59,0,
9,46203581,163,98,
9,46203611,74,39,
9,46203948,34,63,
9,46203986,81,75,
9,46204090,79,91,
9,46204139,100,52,
9,46204241,11,1,
9,46204377,9,0,
9,46204609,7,0,
9,46204668,64,37,
9,46204849,9,1,
9,46204853,46,25,
9,46204886,76,167,
9,46204923,11,3,
9,46204998,28,8,
9,46205437,598,282,7
9,46205461,140,32,
9,46205493,15,13,
9,46205519,183,87,26
9,46205632,2562,767,2
9,46205661,489,464,12
9,46205672,25,56,
9,46205724,307,373,
9,46205744,19,0,
9,46205797,3,0,
9,46205920,3,0,
9,46206277,107,166,24
9,46206457,866,432,
9,46206531,569,135,11
9,46207017,49,32,
9,46207229,5,0,
9,46207425,225,103,16
9,46207464,524,99,4
9,46207505,460,447,10
9,46207711,12,2,
9,46207727,109,278,
9,46207852,62,26,
9,46208098,7,8,
9,46208160,98,36,
9,46208283,11,3,
9,46208320,9,1,
9,46208386,33,8,
9,46208409,110,50,22
9,46208445,9,6,
9,46208672,41,13,
9,46208760,8,1,
9,46208773,173,86,20
9,46208962,645,266,14
9,46209077,27,5,
9,46209220,8,3,
9,46209372,44,36,
9,46209378,28,3,
9,46209486,6,1,
9,46209493,68,41,
9,46209537,18,8,
9,46209837,16,0,
9,46209846,107,22,
9,46210002,10,3,
9,46210095,73,118,
9,46210239,25,3,
9,46210240,275,67,6
9,46210304,30,2,
9,46210361,19,1,
9,46210404,11,1,
9,46210424,7,2,
9,46210672,10,5,
9,46210694,4,0,
9,46210705,32,5,
9,46210806,67,18,25
9,46211102,18,5,
9,46211417,31,3,
9,46211529,10,2,
9,46211552,15,7,
9,46211802,60,30,22
9,46211861,41,8,
9,46211886,6,0,
9,46211994,22,11,
9,46212026,20,1,
9,46212027,22,11,
9,46212029,9,3,
9,46212097,5,1,
9,46212176,15,4,
9,46212202,31,10,
9,46212249,19,0,
9,46212301,17,0,
9,46212358,6,0,
9,46212438,50,29,
9,46212466,21,2,
9,46212520,12,1,
9,46212523,9,2,
9,46212624,8,1,
9,46212667,9,0,
9,46212782,43,27,
9,46212816,4,1,
9,46212835,9,1,
9,46212916,16,7,
9,46212969,67,25,
9,46213006,20,1,
9,46213019,4,0,
9,46213045,55,80,
9,46213123,11,1,
9,46213273,46,6,19
9,46213334,16,1,
9,46213357,6,0,
9,46213385,50,65,
9,46213406,33,9,
9,46213430,6,0,
9,46213504,134,150,
9,46213585,490,281,1
9,46213662,18,4,
9,46213671,6,4,
9,46213709,97,111,27
9,46213780,8,0,
9,46213876,9,1,
9,46214091,51,41,15
9,46214486,6,1,
9,46214601,5,1,
9,46214617,22,0,12
9,46214652,8,1,
9,46214693,67,5,2
9,46214950,59,22,4
9,46215229,7,3,
9,46215688,4,0,
10,46070203,420,258,
10,46070298,107,150,
10,46071785,53,19,
10,46073978,134,148,
10,46075126,77,71,
10,46080498,238,125,
10,46081418,51,53,
10,46085280,96,49,
10,46085753,49,27,
10,46086923,96,17,
10,46087115,63,10,
10,46088430,44,7,
10,46091211,178,66,
10,46092198,272,234,
10,46093613,178,47,
10,46094037,242,98,
10,46094330,94,53,
10,46094460,607,67,
10,46094552,120,35,
10,46094989,63,33,
10,46095087,659,373,
10,46095474,124,39,
10,46095662,414,139,
10,46095817,396,150,
10,46095988,7,3,
10,46096337,1241,397,
10,46096341,26,6,
10,46098567,17,4,
10,46098655,152,37,
10,46101816,136,112,
10,46102276,225,268,
10,46102311,142,39,
10,46103376,886,369,
10,46103571,157,202,
10,46103858,446,674,
10,46104193,899,732,
10,46104396,323,475,
10,46104539,112,29,
10,46106186,170,120,
10,46106411,182,78,
10,46107897,50,7,
10,46108557,157,47,
10,46108780,982,464,
10,46108940,160,428,
10,46111448,74,72,
10,46112520,8,0,
10,46112560,169,60,
10,46112965,62,53,
10,46113990,32,31,
10,46114064,57,10,
10,46114440,118,22,
10,46115397,5,0,
10,46115758,149,93,
10,46116007,75,28,
10,46116567,216,291,
10,46116724,175,53,
10,46117112,500,367,
10,46117126,173,150,
10,46117802,450,169,
10,46118358,249,58,
10,46118722,223,106,
10,46118986,46,6,
10,46119117,54,53,
10,46119234,84,32,
10,46120549,177,89,
10,46120732,44,11,
10,46120764,79,34,
10,46121105,76,2,
10,46121870,819,929,
10,46121889,825,236,
10,46122302,17,3,
10,46123307,16,4,
10,46123518,30,19,
10,46123720,158,46,
10,46123948,54,11,
10,46124205,422,159,
10,46124267,2190,1072,
10,46124324,857,953,
10,46124425,516,106,
10,46124649,88,35,
10,46124903,44,25,
10,46125963,92,51,
10,46126066,20,14,
10,46126141,194,102,
10,46126217,598,64,
10,46126380,175,65,
10,46126446,974,849,
10,46127412,111,117,
10,46127575,52,6,
10,46127981,25,5,16
10,46128238,99,13,
10,46128286,121,76,
10,46128548,65,48,
10,46128616,91,14,
10,46128639,23,22,
10,46129505,15,3,
10,46130188,24,4,
10,46130260,176,68,
10,46130907,105,41,
10,46131406,1063,613,
10,46131837,125,95,
10,46132531,367,305,
10,46133141,240,194,
10,46134164,17,3,
10,46134443,828,583,
10,46134969,32,5,
10,46134991,118,25,
10,46135067,184,150,
10,46135145,117,42,
10,46135349,16,4,
10,46136023,508,320,
10,46136026,621,257,
10,46136059,244,48,
10,46136277,98,39,
10,46137253,526,215,
10,46137514,817,289,
10,46137548,138,94,
10,46137596,124,44,
10,46137772,40,8,
10,46137783,761,392,
10,46137953,143,25,
10,46138238,1343,289,
10,46138459,315,59,
10,46138473,62,78,
10,46138632,174,59,
10,46138952,963,1060,
10,46139761,390,130,
10,46140244,152,3,
10,46140579,34,6,5
10,46141429,107,99,
10,46141731,127,111,
10,46141745,146,87,
10,46141986,124,17,
10,46142000,130,53,
10,46142100,520,404,
10,46142866,155,51,
10,46142949,43,6,
10,46143818,132,253,
10,46144199,33,9,
10,46144275,401,181,
10,46144801,127,74,
10,46145154,34,6,
10,46145180,701,658,
10,46145365,719,362,
10,46145790,62,94,
10,46145834,472,202,
10,46145902,257,112,
10,46145960,97,16,
10,46146133,602,114,
10,46146204,88,14,
10,46146451,540,242,
10,46147285,97,81,
10,46147329,144,30,
10,46147341,140,48,
10,46147353,412,412,
10,46147493,284,293,
10,46147540,513,252,
10,46147996,26,1,30
10,46148202,101,165,
10,46148460,201,157,
10,46148748,441,337,
10,46149066,90,25,
10,46149375,265,328,
10,46149727,50,37,
10,46149813,327,45,
10,46150447,91,23,
10,46150715,763,1018,
10,46151299,257,49,
10,46151600,70,22,
10,46152838,315,379,
10,46153058,132,15,
10,46153116,388,184,
10,46153466,449,565,
10,46154114,33,2,
10,46154344,118,9,
10,46154491,396,306,
10,46155085,336,55,
10,46155135,553,290,
10,46155619,442,521,
10,46155701,175,30,
10,46155740,189,86,11
10,46156379,86,66,
10,46157594,372,306,
10,46158578,344,117,
10,46158803,69,9,18
10,46160315,1749,1342,
10,46160698,220,104,
10,46160773,441,307,
10,46160824,69,18,
10,46161125,294,274,
10,46161328,226,85,
10,46162656,782,564,
10,46162872,325,153,
10,46163121,226,303,
10,46163308,566,295,
10,46163609,332,95,
10,46164197,148,18,6
10,46166161,75,49,
10,46166178,190,34,
10,46166708,110,22,
10,46166782,15,0,
10,46167349,135,35,
10,46167500,135,78,
10,46167552,338,231,
10,46167621,193,68,
10,46168057,201,157,
10,46169330,75,16,
10,46169441,48,15,
10,46169508,24,33,25
10,46169554,416,230,
10,46170302,309,236,
10,46170309,194,29,
10,46170332,34,4,
10,46170402,137,118,
10,46170759,24,11,
10,46170776,18,0,
10,46171008,38,7,16
10,46171394,229,134,
10,46171703,35,7,
10,46171844,36,7,20
10,46172167,175,24,
10,46172312,49,80,
10,46172443,350,317,
10,46172682,67,134,
10,46172797,199,63,
10,46172852,45,62,
10,46173407,789,452,
10,46173547,522,242,
10,46173825,262,138,
10,46174205,50,14,
10,46174222,21,15,
10,46175112,393,448,
10,46175662,49,9,
10,46175826,236,98,
10,46175871,126,390,
10,46176169,153,218,
10,46176289,112,61,
10,46176533,42,18,
10,46176766,204,128,
10,46176893,429,531,
10,46176905,458,244,
10,46176965,25,9,
10,46177022,116,62,
10,46177132,131,36,
10,46177418,135,13,
10,46177615,53,3,
10,46177645,585,131,
10,46177737,36,24,
10,46178108,263,217,
10,46178347,701,271,
10,46178442,187,121,
10,46178464,37,9,
10,46178789,355,84,
10,46178892,223,21,
10,46179928,23,7,
10,46180291,28,0,
10,46181076,198,94,
10,46181231,580,183,
10,46181237,60,23,
10,46181268,278,95,
10,46181371,675,983,
10,46181466,503,417,
10,46181491,596,281,
10,46181962,509,723,
10,46182031,146,10,
10,46182202,258,180,
10,46183011,120,206,
10,46183014,46,6,
10,46183088,145,201,
10,46183091,64,7,
10,46183294,548,455,
10,46183657,326,430,
10,46183952,27,11,
10,46184128,71,63,
10,46184229,223,261,
10,46184575,127,115,
10,46184730,166,32,
10,46185144,23,3,
10,46185317,89,1,
10,46185323,111,64,
10,46185576,173,62,
10,46185816,343,284,
10,46185957,325,348,
10,46186538,25,0,
10,46186917,35,13,
10,46186950,35,53,
10,46186997,83,40,
10,46187387,239,69,
10,46187645,86,114,
10,46188451,164,121,
10,46189480,100,34,
10,46189616,23,2,
10,46189692,433,257,
10,46189704,78,99,
10,46189994,483,196,
10,46190324,51,3,
10,46190577,253,81,
10,46191124,44,28,
10,46191179,14,17,
10,46191194,247,121,
10,46191207,5,0,
10,46191763,183,48,
10,46191814,51,18,
10,46191933,106,89,
10,46192130,438,350,
10,46192186,467,552,
10,46192459,361,399,
10,46192846,346,158,
10,46192962,258,218,
10,46192997,111,59,
10,46193116,78,39,
10,46193412,114,91,
10,46193931,274,50,
10,46194063,169,160,
10,46194302,83,38,
10,46194315,206,161,
10,46194337,325,86,
10,46194384,287,121,
10,46194477,198,26,
10,46194615,417,369,
10,46194828,129,84,
10,46194916,18,0,
10,46194991,14,0,
10,46195007,74,13,
10,46195068,43,4,
10,46195109,114,60,
10,46195198,190,174,
10,46195225,127,35,
10,46195226,17,23,
10,46196076,300,168,
10,46196105,426,162,
10,46196209,40,18,
10,46196228,405,665,
10,46196301,14,3,
10,46196308,174,59,
10,46196433,4,0,
10,46196518,38,13,
10,46196545,79,95,
10,46196547,18,4,
10,46196688,809,321,
10,46196831,121,66,
10,46196896,45,26,
10,46197173,40,5,
10,46197592,73,7,
10,46197820,4,0,
10,46197875,103,173,
10,46197930,18,2,
10,46198096,66,30,
10,46198294,55,104,
10,46198430,162,123,
10,46198652,30,12,
10,46198874,9,1,
10,46199411,271,322,
10,46199530,108,21,
10,46199623,352,128,
10,46199649,71,7,
10,46199723,558,561,
10,46199887,17,0,
10,46199919,18,2,
10,46199935,56,6,
10,46199950,89,29,
10,46200140,58,10,
10,46200552,27,8,
10,46201341,11,1,
10,46201381,163,139,
10,46201750,82,103,
10,46202058,32,6,
10,46202163,7,4,
10,46202254,3,0,
10,46202400,20,0,
10,46202666,5,2,
10,46202789,12,1,
10,46202921,232,157,28
10,46202943,20,6,
10,46203138,180,118,
10,46203343,36,7,
10,46203410,12,4,
10,46203477,9,1,
10,46203499,59,0,
10,46203581,163,98,
10,46203611,75,39,
10,46203948,34,63,
10,46203986,81,76,
10,46204090,79,91,
10,46204139,100,52,
10,46204241,11,1,
10,46204377,9,0,
10,46204609,7,0,
10,46204668,64,37,
10,46204849,9,1,
10,46204853,46,25,
10,46204886,78,172,
10,46204923,11,3,
10,46204998,28,8,
10,46205437,610,287,7
10,46205461,140,33,
10,46205493,15,13,
10,46205519,187,88,26
10,46205632,2643,778,2
10,46205661,496,475,12
10,46205672,25,56,
10,46205724,309,375,
10,46205744,19,0,
10,46205797,3,0,
10,46205920,3,0,
10,46206277,111,176,24
10,46206457,875,432,
10,46206531,591,142,10
10,46207017,50,32,
10,46207229,5,0,
10,46207425,230,103,16
10,46207464,542,101,4
10,46207505,478,458,9
10,46207711,12,2,
10,46207727,109,279,
10,46207852,63,26,
10,46208098,7,8,
10,46208160,99,37,
10,46208283,11,3,
10,46208320,9,1,
10,46208386,34,9,
10,46208409,113,53,22
10,46208445,9,6,
10,46208672,41,13,
10,46208760,8,1,
10,46208773,179,92,20
10,46208962,661,276,15
10,46209077,28,5,
10,46209220,8,3,
10,46209372,48,39,
10,46209378,28,3,
10,46209486,7,3,
10,46209493,68,41,
10,46209537,18,8,
10,46209837,16,0,
10,46209846,109,22,
10,46210002,10,3,
10,46210095,74,119,
10,46210239,25,3,
10,46210240,290,74,7
10,46210304,30,2,
10,46210361,19,1,
10,46210404,12,1,
10,46210424,7,2,
10,46210672,10,6,
10,46210694,4,0,
10,46210705,34,5,
10,46210806,70,20,27
10,46211102,18,5,
10,46211256,3,0,
10,46211417,31,3,
10,46211529,10,2,
10,46211552,15,7,
10,46211802,65,30,23
10,46211861,43,8,
10,46211886,6,0,
10,46211994,23,11,
10,46212026,22,1,
10,46212027,23,11,
10,46212029,9,4,
10,46212097,5,1,
10,46212176,17,4,
10,46212202,32,10,
10,46212249,19,0,
10,46212301,17,0,
10,46212358,6,0,
10,46212438,50,31,
10,46212466,22,2,
10,46212520,12,1,
10,46212523,9,2,
10,46212624,8,1,
10,46212667,9,0,
10,46212782,44,28,
10,46212816,4,1,
10,46212835,9,1,
10,46212916,20,8,
10,46212969,67,28,
10,46213006,20,1,
10,46213019,4,0,
10,46213045,57,81,
10,46213123,11,1,
10,46213273,49,8,19
10,46213334,18,2,
10,46213357,6,0,
10,46213385,51,66,
10,46213406,33,9,
10,46213430,6,0,
10,46213504,135,159,
10,46213585,538,330,1
10,46213662,19,6,
10,46213671,10,4,
10,46213709,107,119,29
10,46213876,9,1,
10,46214091,55,45,
10,46214319,4,0,
10,46214486,6,1,
10,46214601,6,1,
10,46214617,27,3,13
10,46214652,9,1,
10,46214693,81,8,3
10,46214950,85,50,4
10,46215229,9,6,
10,46215688,19,20,20
10,46215714,5,0,
11,46070203,420,258,
11,46070298,107,150,
11,46071785,53,19,
11,46073978,134,148,
11,46075126,77,71,
11,46080498,238,125,
11,46081418,51,53,
11,46085280,96,49,
11,46085753,49,27,
11,46086923,96,17,
11,46087115,63,10,
11,46088430,44,7,
11,46091211,178,66,
11,46092198,272,234,
11,46093613,178,47,
11,46094037,242,98,
11,46094330,94,53,
11,46094460,607,67,
11,46094552,120,35,
11,46094989,63,33,
11,46095087,659,373,
11,46095474,124,39,
11,46095662,414,139,
11,46095817,396,150,
11,46095988,7,3,
11,46096337,1241,397,
11,46096341,26,6,
11,46098567,17,4,
11,46098655,152,37,
11,46101816,136,112,
11,46102276,225,268,
11,46102311,144,39,
11,46103376,886,369,
11,46103571,157,202,
11,46103858,446,674,
11,46104193,899,732,
11,46104396,323,475,
11,46104539,112,29,
11,46106186,170,120,
11,46106411,182,78,
11,46107897,50,7,
11,46108557,157,47,
11,46108780,982,464,
11,46108940,160,428,
11,46111448,74,72,
11,46112520,8,0,
11,46112560,169,60,
11,46112965,62,53,
11,46113990,32,31,
11,46114064,57,10,
11,46114440,118,22,
11,46115758,149,93,
11,46116007,75,28,
11,46116567,216,291,
11,46116724,175,53,
11,46117112,500,367,
11,46117126,173,150,
11,46117802,450,169,
11,46118358,249,58,
11,46118722,223,106,
11,46118986,46,6,
11,46119117,54,53,
11,46119234,84,32,
11,46120549,177,89,
11,46120732,44,11,
11,46120764,79,34,
11,46121105,77,2,
11,46121870,819,929,
11,46121889,825,236,
11,46122302,17,3,
11,46123307,16,4,
11,46123518,30,19,
11,46123720,158,46,
11,46123948,54,11,
11,46124205,422,159,
11,46124267,2190,1072,
11,46124324,857,953,
11,46124425,516,107,
11,46124649,88,35,
11,46124903,44,25,
11,46125963,92,51,
11,46126066,20,14,
11,46126141,194,102,
11,46126217,598,64,
11,46126380,175,65,
11,46126446,974,849,
11,46127412,111,117,
11,46127575,52,6,
11,46127981,36,5,13
11,46128238,99,13,
11,46128286,121,76,
11,46128548,65,48,
11,46128616,91,14,
11,46128639,23,22,
11,46129505,15,3,
11,46130188,24,4,
11,46130260,176,68,
11,46130907,105,41,
11,46131406,1063,613,
11,46131837,125,95,
11,46132531,367,305,
11,46133141,240,194,
11,46134164,17,3,
11,46134443,828,583,
11,46134969,32,5,
11,46134991,118,25,
11,46135067,184,150,
11,46135145,117,42,
11,46135349,16,4,
11,46136023,508,320,
11,46136026,622,257,
11,46136059,244,48,
11,46136277,98,39,
11,46137253,526,215,
11,46137514,817,289,
11,46137548,138,94,
11,46137596,125,44,
11,46137772,40,8,
11,46137783,761,392,
11,46138238,1343,289,
11,46138459,315,59,
11,46138473,62,78,
11,46138632,174,59,
11,46138952,963,1060,
11,46139761,390,130,
11,46140219,5,0,15
11,46140244,152,3,
11,46140579,45,8,5
11,46141429,107,99,
11,46141731,127,111,
11,46141745,146,87,
11,46141986,124,17,
11,46142000,130,53,
11,46142100,520,404,
11,46142866,155,51,
11,46142949,43,6,
11,46143818,132,253,
11,46144199,33,9,
11,46144275,401,181,
11,46144801,127,74,
11,46145154,35,6,
11,46145180,701,658,
11,46145365,719,362,
11,46145790,62,94,
11,46145834,472,202,
11,46145902,257,112,
11,46145960,98,16,
11,46146133,602,114,
11,46146204,88,14,
11,46146451,540,242,
11,46147285,97,81,
11,46147329,144,30,
11,46147341,140,48,
11,46147353,412,412,
11,46147493,284,293,
11,46147540,513,252,
11,46147996,27,2,29
11,46148202,101,165,
11,46148460,201,157,
11,46148748,441,337,
11,46149066,90,25,
11,46149375,265,328,
11,46149727,50,37,
11,46149813,327,45,
11,46150447,91,23,
11,46150715,763,1018,
11,46151299,257,49,
11,46151600,70,22,
11,46152838,315,379,
11,46153058,132,15,
11,46153116,388,184,
11,46153466,449,565,
11,46154114,33,2,
11,46154344,118,9,
11,46154491,396,306,
11,46155085,336,55,
11,46155135,554,290,
11,46155619,442,521,
11,46155701,175,30,
11,46155740,199,100,11
11,46156379,86,66,
11,46157594,372,306,
11,46158578,344,117,
11,46158803,77,9,19
11,46160315,1749,1342,
11,46160698,220,104,
11,46160773,441,307,
11,46160824,69,18,
11,46161125,294,274,
11,46161328,226,85,
11,46162656,782,564,
11,46162872,325,153,
11,46163121,226,303,
11,46163308,566,295,
11,46163609,332,95,
11,46164197,160,26,6
11,46166161,75,49,
11,46166178,190,34,
11,46166708,110,22,
11,46166782,15,0,
11,46167349,135,35,
11,46167500,135,78,
11,46167552,338,231,
11,46167621,193,68,
11,46168057,201,157,
11,46169330,75,16,
11,46169441,48,15,
11,46169508,26,37,30
11,46169554,416,231,
11,46170302,310,236,
11,46170309,194,29,
11,46170332,34,4,
11,46170402,137,118,
11,46170759,24,11,
11,46170776,18,0,
11,46171008,53,14,11
11,46171394,229,134,
11,46171703,35,7,
11,46171844,36,8,24
11,46172167,175,24,
11,46172312,49,80,
11,46172443,350,317,
11,46172682,67,134,
11,46172797,199,63,
11,46172852,45,62,
11,46173407,789,452,
11,46173547,522,242,
11,46173825,262,138,
11,46174205,50,14,
11,46174222,21,15,
11,46175112,393,448,
11,46175662,49,9,
11,46175826,237,99,
11,46175871,126,390,
11,46176169,153,218,
11,46176289,112,61,
11,46176533,42,18,
11,46176766,204,129,
11,46176893,429,531,
11,46176905,458,244,
11,46176965,26,9,
11,46177022,116,62,
11,46177132,131,36,
11,46177418,135,13,
11,46177615,53,3,
11,46177645,585,131,
11,46177737,36,24,
11,46178108,263,217,
11,46178347,701,271,
11,46178442,187,121,
11,46178464,37,9,
11,46178789,355,84,
11,46178892,223,21,
11,46179928,23,7,
11,46180291,28,0,
11,46181076,198,94,
11,46181231,581,183,
11,46181237,60,23,
11,46181268,278,95,
11,46181371,677,983,
11,46181466,503,417,
11,46181491,596,281,
11,46181962,509,723,
11,46182031,146,10,
11,46182202,258,180,
11,46183011,120,206,
11,46183014,46,6,
11,46183088,145,201,
11,46183091,64,7,
11,46183294,548,455,
11,46183657,326,430,
11,46183952,27,11,
11,46184128,71,63,
11,46184229,223,261,
11,46184575,127,116,
11,46184730,166,32,
11,46185144,23,3,
11,46185317,89,1,
11,46185323,111,64,
11,46185576,173,62,
11,46185816,343,284,
11,46185957,325,349,
11,46186538,25,0,
11,46186917,35,13,
11,46186950,35,53,
11,46186997,83,40,
11,46187387,239,69,
11,46187645,86,114,
11,46188451,164,121,
11,46189480,100,34,
11,46189616,23,2,
11,46189692,433,257,
11,46189704,78,99,
11,46189994,483,196,
11,46190324,51,3,
11,46190577,254,81,
11,46191124,44,28,
11,46191179,14,17,
11,46191194,248,121,
11,46191207,5,0,
11,46191763,183,48,
11,46191814,51,18,
11,46191933,106,90,
11,46192130,439,350,
11,46192186,467,553,
11,46192459,361,399,
11,46192846,346,158,
11,46192962,258,218,
11,46192997,111,59,
11,46193116,78,39,
11,46193412,114,91,
11,46193931,274,50,
11,46194063,170,160,
11,46194302,83,38,
11,46194315,206,161,
11,46194337,325,86,
11,46194384,287,121,
11,46194477,198,26,
11,46194615,417,369,
11,46194828,129,84,
11,46194916,18,0,
11,46194991,14,0,
11,46195007,74,13,
11,46195068,43,4,
11,46195109,114,60,
11,46195198,190,174,
11,46195225,127,35,
11,46195226,17,23,
11,46196076,300,168,
11,46196105,428,162,
11,46196209,40,18,
11,46196228,407,666,
11,46196301,14,3,
11,46196308,174,59,
11,46196433,4,0,
11,46196518,38,13,
11,46196545,79,95,
11,46196688,812,321,
11,46196831,121,66,
11,46196896,45,26,
11,46197173,40,5,
11,46197592,73,7,
11,46197820,4,0,
11,46197875,103,173,
11,46197930,18,2,
11,46198096,66,30,
11,46198294,55,104,
11,46198430,162,124,
11,46198652,30,12,
11,46198874,9,1,
11,46199411,271,322,
11,46199530,108,22,
11,46199623,353,128,
11,46199649,71,7,
11,46199723,559,561,
11,46199887,17,0,
11,46199919,18,2,
11,46199935,56,6,
11,46199950,89,29,
11,46200140,58,10,
11,46200552,27,8,
11,46201341,11,1,
11,46201381,163,139,
11,46201750,82,103,
11,46202058,32,6,
11,46202163,7,4,
11,46202254,3,0,
11,46202400,20,0,
11,46202666,6,2,
11,46202789,12,1,
11,46202921,238,159,28
11,46202943,20,6,
11,46203138,180,118,
11,46203343,36,7,
11,46203410,12,4,
11,46203477,9,1,
11,46203499,59,0,
11,46203581,163,98,
11,46203611,75,44,
11,46203948,34,63,
11,46203986,81,76,
11,46204090,79,91,
11,46204139,100,52,
11,46204241,11,1,
11,46204377,9,0,
11,46204609,7,0,
11,46204668,64,37,
11,46204849,9,1,
11,46204853,46,25,
11,46204886,78,173,
11,46204923,11,3,
11,46204998,28,8,
11,46205437,623,290,7
11,46205461,141,34,
11,46205493,16,13,
11,46205519,193,89,25
11,46205632,2725,789,1
11,46205661,499,479,13
11,46205672,25,56,
11,46205724,314,384,
11,46205744,19,0,
11,46205797,3,0,
11,46205920,3,0,
11,46206277,116,185,26
11,46206457,882,432,
11,46206531,611,144,10
11,46207017,50,32,
11,46207229,5,0,
11,46207425,234,104,17
11,46207464,559,107,4
11,46207505,495,467,8
11,46207711,12,2,
11,46207727,109,281,
11,46207852,63,26,
11,46208098,7,8,
11,46208160,99,37,
11,46208283,11,3,
11,46208320,9,1,
11,46208386,35,9,
11,46208409,116,53,22
11,46208445,9,6,
11,46208672,42,13,
11,46208760,8,1,
11,46208773,183,96,20
11,46208962,677,278,14
11,46209077,28,5,
11,46209220,8,3,
11,46209372,48,40,
11,46209378,28,3,
11,46209486,7,3,
11,46209493,68,41,
11,46209537,18,8,
11,46209837,16,0,
11,46209846,110,22,
11,46210002,10,3,
11,46210095,79,122,
11,46210239,25,3,
11,46210240,297,82,8
11,46210304,30,2,
11,46210361,19,1,
11,46210404,12,1,
11,46210424,7,2,
11,46210672,10,7,
11,46210694,4,0,
11,46210705,35,5,
11,46210806,73,22,27
11,46211102,18,5,
11,46211256,3,0,
11,46211273,9,1,
11,46211417,31,3,
11,46211529,10,2,
11,46211552,15,7,
11,46211802,66,31,23
11,46211861,44,8,
11,46211994,23,11,
11,46212026,22,1,
11,46212027,23,11,
11,46212029,9,4,
11,46212097,5,1,
11,46212176,17,4,
11,46212202,32,10,
11,46212246,5,1,
11,46212249,19,0,
11,46212301,17,0,
11,46212358,6,0,
11,46212438,51,31,
11,46212466,24,2,
11,46212520,12,1,
11,46212523,9,2,
11,46212624,8,1,
11,46212667,9,0,
11,46212782,47,28,
11,46212816,4,1,
11,46212835,9,1,
11,46212916,22,13,
11,46212969,68,28,
11,46213006,20,1,
11,46213019,4,0,
11,46213045,58,82,
11,46213123,11,1,
11,46213273,56,8,21
11,46213334,18,2,
11,46213357,6,0,
11,46213385,52,66,
11,46213406,34,9,
11,46213504,136,164,
11,46213585,587,373,1
11,46213662,19,6,
11,46213671,11,4,
11,46213709,111,129,
11,46213876,9,1,
11,46214091,56,48,
11,46214319,6,0,
11,46214486,6,1,
11,46214601,6,1,
11,46214617,33,10,15
11,46214652,10,1,
11,46214693,99,10,3
11,46214950,101,65,17
11,46215229,11,10,
11,46215688,30,49,27
11,46215714,5,0,
11,46216392,5,0,
12,46070203,420,258,
12,46070298,107,150,
12,46071785,53,19,
12,46073978,134,148,
12,46075126,77,71,
12,46080498,238,125,
12,46081418,51,53,
12,46085280,96,49,
12,46085753,49,27,
12,46086923,96,17,
12,46087115,63,10,
12,46088430,44,7,
12,46091211,178,66,
12,46092198,272,234,
12,46093613,178,47,
12,46094037,242,98,
12,46094330,94,53,
12,46094460,607,67,
12,46094552,120,35,
12,46094989,63,33,
12,46095087,659,373,
12,46095474,124,39,
12,46095662,414,139,
12,46095817,396,150,
12,46095988,7,3,
12,46096337,1241,397,
12,46096341,26,6,
12,46098567,17,4,
12,46098655,152,37,
12,46098838,747,290,
12,46101816,136,112,
12,46102276,225,268,
12,46102311,145,39,
12,46103376,886,369,
12,46103571,157,203,
12,46103858,446,674,
12,46104193,899,732,
12,46104396,323,475,
12,46104539,112,29,
12,46106186,170,120,
12,46106411,182,78,
12,46107897,50,7,
12,46108557,157,47,
12,46108780,982,464,
12,46108940,160,428,
12,46111448,74,72,
12,46112520,8,0,
12,46112560,169,60,
12,46112965,63,53,
12,46113990,32,31,
12,46114064,57,10,
12,46114440,119,22,
12,46115758,149,93,
12,46116007,75,28,
12,46116567,216,291,
12,46116724,175,53,
12,46117112,500,367,
12,46117126,173,150,
12,46117802,450,169,
12,46118358,249,59,
12,46118722,223,106,
12,46118986,46,6,
12,46119117,54,53,
12,46119234,84,32,
12,46120549,177,89,
12,46120732,44,11,
12,46120764,79,34,
12,46121105,77,2,
12,46121870,819,929,
12,46121889,825,236,
12,46122302,17,3,
12,46123307,16,4,
12,46123518,30,19,
12,46123720,158,46,
12,46123948,54,11,
12,46124205,422,159,
12,46124267,2190,1072,
12,46124324,857,953,
12,46124425,517,108,
12,46124649,88,35,
12,46124903,44,25,
12,46125963,92,51,
12,46126066,20,15,
12,46126141,194,102,
12,46126217,598,64,
12,46126380,175,65,
12,46126446,974,849,
12,46127412,111,117,
12,46127575,52,6,
12,46127981,51,8,12
12,46128238,99,13,
12,46128286,121,76,
12,46128523,12,4,15
12,46128548,65,48,
12,46128616,91,14,
12,46128639,23,22,
12,46129505,15,3,
12,46130188,24,4,
12,46130260,176,68,
12,46130907,105,41,
12,46131406,1063,613,
12,46131837,125,95,
12,46132531,367,305,
12,46133141,240,194,
12,46134164,17,3,
12,46134443,828,583,
12,46134969,34,5,
12,46134991,118,25,
12,46135067,184,150,
12,46135145,117,42,
12,46135349,16,4,
12,46136023,508,320,
12,46136026,622,257,
12,46136059,244,48,
12,46136277,98,39,
12,46137253,526,215,
12,46137514,817,289,
12,46137548,138,94,
12,46137596,125,44,
12,46137772,40,8,
12,46137783,761,392,
12,46137953,143,25,
12,46138238,1343,289,
12,46138459,315,59,
12,46138473,62,78,
12,46138632,174,59,
12,46138952,963,1060,
12,46139761,390,130,
12,46140219,10,0,16
12,46140244,152,3,
12,46140579,56,12,5
12,46141429,107,99,
12,46141731,127,111,
12,46141745,146,87,
12,46141986,124,17,
12,46142000,130,53,
12,46142100,520,404,
12,46142866,155,51,
12,46142949,43,6,
12,46143818,132,254,
12,46144199,33,9,
12,46144275,401,181,
12,46144801,127,74,
12,46145154,35,6,
12,46145180,701,658,
12,46145365,719,363,
12,46145790,62,94,
12,46145834,472,202,
12,46145902,257,112,
12,46145960,98,16,
12,46146133,602,114,
12,46146204,88,14,
12,46146451,540,242,
12,46147285,97,81,
12,46147329,144,30,
12,46147341,140,48,
12,46147353,412,412,
12,46147493,284,293,
12,46147540,513,252,
12,46147996,28,2,30
12,46148202,101,165,
12,46148460,201,157,
12,46148748,441,337,
12,46149066,90,25,
12,46149375,265,328,
12,46149727,50,37,
12,46149813,327,45,
12,46150447,91,23,
12,46150715,763,1019,
12,46151299,257,49,
12,46151600,70,22,
12,46152838,317,379,
12,46153058,132,15,
12,46153116,388,184,
12,46153466,449,565,
12,46154114,33,2,
12,46154344,118,9,
12,46154491,396,306,
12,46155085,336,55,
12,46155135,554,290,
12,46155619,442,521,
12,46155701,175,30,
12,46155740,209,107,13
12,46156379,86,66,
12,46157594,372,306,
12,46158578,344,117,
12,46158803,83,12,20
12,46160315,1749,1342,
12,46160698,220,104,
12,46160773,441,307,
12,46160824,69,18,
12,46161125,294,274,
12,46161328,226,85,
12,46162656,782,564,
12,46162872,325,153,
12,46163121,226,303,
12,46163308,566,295,
12,46163609,332,95,
12,46164197,174,30,6
12,46166161,75,49,
12,46166178,190,34,
12,46166708,110,22,
12,46166782,15,0,
12,46167349,135,35,
12,46167500,135,78,
12,46167552,338,231,
12,46167621,193,68,
12,46168057,201,157,
12,46169330,75,16,
12,46169441,48,15,
12,46169508,26,45,29
12,46169554,416,231,
12,46170302,310,236,
12,46170309,194,29,
12,46170332,34,4,
12,46170402,137,118,
12,46170759,24,11,
12,46170776,18,0,
12,46171008,68,18,6
12,46171394,229,134,
12,46171703,36,7,
12,46171844,36,9,
12,46172167,175,24,
12,46172312,49,80,
12,46172443,350,317,
12,46172682,67,134,
12,46172797,199,63,
12,46172852,45,62,
12,46173407,789,452,
12,46173547,522,242,
12,46173825,262,138,
12,46174205,50,14,
12,46174222,21,15,
12,46175112,393,448,
12,46175662,49,9,
12,46175826,237,99,
12,46175871,126,390,
12,46176169,153,218,
12,46176289,112,61,
12,46176533,42,18,
12,46176766,204,129,
12,46176893,429,531,
12,46176905,458,244,
12,46176965,26,9,
12,46177022,116,62,
12,46177132,131,36,
12,46177418,135,13,
12,46177615,53,3,
12,46177645,585,131,
12,46177737,36,24,
12,46178108,263,217,
12,46178347,702,271,
12,46178442,187,121,
12,46178464,37,9,
12,46178789,355,84,
12,46178892,223,21,
12,46179928,23,7,
12,46180291,28,0,
12,46181076,199,94,
12,46181231,581,183,
12,46181237,60,23,
12,46181268,278,95,
12,46181371,677,984,
12,46181466,503,417,
12,46181491,596,281,
12,46181962,509,723,
12,46182031,146,10,
12,46182202,258,180,
12,46183011,120,206,
12,46183014,46,6,
12,46183088,145,201,
12,46183091,64,7,
12,46183294,548,455,
12,46183657,326,430,
12,46183952,27,11,
12,46184128,71,63,
12,46184229,223,261,
12,46184575,127,116,
12,46184730,166,32,
12,46185144,23,3,
12,46185317,89,1,
12,46185323,111,64,
12,46185576,173,62,
12,46185816,343,284,
12,46185957,325,349,
12,46186538,25,0,
12,46186917,35,13,
12,46186950,35,53,
12,46186997,83,40,
12,46187387,239,69,
12,46187645,86,114,
12,46188451,164,121,
12,46189480,100,34,
12,46189616,23,2,
12,46189692,433,257,
12,46189704,78,99,
12,46189994,483,196,
12,46190324,51,3,
12,46190577,254,81,
12,46191124,44,28,
12,46191179,14,17,
12,46191194,248,121,
12,46191207,5,0,
12,46191763,183,48,
12,46191814,51,18,
12,46191933,106,90,
12,46192130,439,350,
12,46192186,467,555,
12,46192459,361,399,
12,46192846,346,158,
12,46192962,258,218,
12,46192997,111,59,
12,46193116,78,39,
12,46193412,114,91,
12,46193931,274,50,
12,46194063,170,160,
12,46194302,83,38,
12,46194315,207,161,
12,46194337,325,86,
12,46194384,287,122,
12,46194477,198,26,
12,46194615,417,369,
12,46194828,129,84,
12,46194916,18,0,
12,46194991,14,0,
12,46195007,75,13,
12,46195068,43,4,
12,46195109,115,60,
12,46195198,190,174,
12,46195225,127,35,
12,46195226,17,23,
12,46196076,300,168,
12,46196105,429,162,
12,46196209,40,18,
12,46196228,408,667,
12,46196301,14,3,
12,46196308,174,59,
12,46196433,4,0,
12,46196518,38,13,
12,46196545,79,95,
12,46196688,813,323,
12,46196831,121,66,
12,46196896,45,26,
12,46197173,40,5,
12,46197592,73,7,
12,46197820,4,0,
12,46197875,103,173,
12,46197930,18,2,
12,46198096,66,30,
12,46198294,55,104,
12,46198430,162,126,
12,46198652,30,12,
12,46198874,9,1,
12,46199411,271,322,
12,46199530,108,22,
12,46199623,353,128,
12,46199649,71,7,
12,46199723,559,565,
12,46199887,17,0,
12,46199919,18,2,
12,46199935,57,6,
12,46199950,89,29,
12,46200140,58,10,
12,46200552,27,8,
12,46201341,11,1,
12,46201381,163,139,
12,46201750,82,103,
12,46202058,32,6,
12,46202163,7,4,
12,46202254,3,0,
12,46202400,20,0,
12,46202666,6,2,
12,46202789,12,1,
12,46202921,240,161,27
12,46202943,20,6,
12,46203138,180,118,
12,46203343,37,7,
12,46203410,12,4,
12,46203477,9,1,
12,46203499,59,0,
12,46203581,163,98,
12,46203611,76,44,
12,46203986,81,76,
12,46204090,81,92,
12,46204139,100,52,
12,46204241,11,1,
12,46204377,9,0,
12,46204609,7,0,
12,46204668,64,37,
12,46204849,9,1,
12,46204853,46,25,
12,46204886,81,180,
12,46204923,11,3,
12,46204998,28,8,
12,46205437,638,301,7
12,46205461,141,34,
12,46205493,17,13,
12,46205519,197,90,25
12,46205632,2822,808,1
12,46205661,509,489,14
12,46205672,25,58,
12,46205724,317,385,
12,46205744,19,0,
12,46205797,4,0,
12,46205920,3,0,
12,46206277,123,195,25
12,46206457,890,438,
12,46206531,628,148,8
12,46207017,50,32,
12,46207229,5,0,
12,46207425,247,109,17
12,46207464,573,111,4
12,46207505,514,485,9
12,46207711,12,2,
12,46207727,113,282,
12,46207852,63,26,
12,46208098,9,8,
12,46208160,99,39,
12,46208283,11,3,
12,46208320,9,1,
12,46208386,35,9,
12,46208409,120,54,23
12,46208445,9,7,
12,46208672,42,13,
12,46208760,8,1,
12,46208773,188,99,20
12,46208962,693,284,15
12,46209077,28,5,
12,46209220,8,3,
12,46209372,48,40,
12,46209378,28,3,
12,46209486,7,3,
12,46209493,69,41,
12,46209537,18,8,
12,46209837,16,0,
12,46209846,113,22,
12,46210002,10,3,
12,46210095,80,125,
12,46210239,25,3,
12,46210240,308,91,9
12,46210304,30,2,
12,46210361,19,1,
12,46210404,12,1,
12,46210424,7,2,
12,46210672,10,7,
12,46210694,4,0,
12,46210705,36,5,
12,46210806,75,23,28
12,46211102,18,5,
12,46211256,3,0,
12,46211273,9,1,
12,46211417,31,3,
12,46211529,10,2,
12,46211552,15,7,
12,46211802,70,32,23
12,46211861,46,8,
12,46211994,23,11,
12,46212026,24,1,
12,46212027,23,11,
12,46212029,9,4,
12,46212097,5,1,
12,46212176,17,4,
12,46212202,32,10,
12,46212246,5,1,
12,46212249,19,0,
12,46212301,17,0,
12,46212358,8,1,
12,46212438,52,31,
12,46212466,24,2,
12,46212520,12,1,
12,46212523,9,2,
12,46212624,8,1,
12,46212667,9,0,
12,46212782,51,29,
12,46212816,4,1,
12,46212835,9,1,
12,46212916,25,20,
12,46213006,20,1,
12,46213019,4,0,
12,46213045,59,82,
12,46213123,11,1,
12,46213273,63,8,21
12,46213334,18,2,
12,46213385,54,71,
12,46213406,35,9,
12,46213504,139,170,
12,46213585,636,429,2
12,46213662,19,8,
12,46213671,12,4,
12,46213709,114,130,
12,46213876,9,1,
12,46214091,57,49,
12,46214319,8,0,
12,46214486,6,1,
12,46214601,6,1,
12,46214617,42,20,17
12,46214652,10,1,
12,46214677,11,4,
12,46214693,117,12,2
12,46214950,115,77,19
12,46215096,4,0,
12,46215229,15,13,
12,46215714,5,0,
12,46216392,6,1,
12,46216775,3,0,
12,46216864,3,0,
12,46217029,6,2,
13,46070203,420,258,
13,46070298,107,150,
13,46071785,53,19,
13,46073978,134,148,
13,46075126,77,71,
13,46080498,238,125,
13,46081418,51,53,
13,46085280,96,49,
13,46085753,49,27,
13,46086923,96,17,
13,46087115,63,10,
13,46088430,44,7,
13,46091211,178,66,
13,46092198,272,234,
13,46093613,178,47,
13,46094037,242,98,
13,46094330,94,53,
13,46094460,607,67,
13,46094552,120,35,
13,46094989,63,33,
13,46095087,659,373,
13,46095474,124,39,
13,46095662,414,139,
13,46095817,396,150,
13,46095988,7,3,
13,46096337,1241,397,
13,46096341,26,6,
13,46098567,17,4,
13,46098655,152,37,
13,46101816,136,112,
13,46102276,225,268,
13,46102311,145,39,
13,46103376,886,369,
13,46103571,157,203,
13,46103858,446,674,
13,46104193,899,732,
13,46104396,323,475,
13,46104539,112,29,
13,46106186,170,120,
13,46106411,182,78,
13,46107897,50,7,
13,46108557,157,47,
13,46108780,982,464,
13,46108940,160,428,
13,46111448,74,72,
13,46112520,8,0,
13,46112560,169,60,
13,46112965,63,53,
13,46113990,32,31,
13,46114064,57,10,
13,46114440,122,22,
13,46115758,149,93,
13,46116007,75,28,
13,46116567,216,291,
13,46116724,175,53,
13,46117112,500,367,
13,46117126,173,150,
13,46118358,249,59,
13,46118722,223,106,
13,46118986,46,6,
13,46119117,54,53,
13,46119234,84,32,
13,46120549,177,89,
13,46120732,44,11,
13,46120764,79,34,
13,46121105,78,2,
13,46121870,819,929,
13,46121889,825,236,
13,46122302,17,3,
13,46123307,16,4,
13,46123518,30,19,
13,46123720,158,46,
13,46123948,54,11,
13,46124205,422,159,
13,46124267,2190,1072,
13,46124324,857,953,
13,46124425,518,110,
13,46124649,88,35,
13,46124903,44,25,
13,46125963,92,51,
13,46126066,20,15,
13,46126141,194,102,
13,46126217,598,64,
13,46126380,175,65,
13,46126446,974,850,
13,46127412,111,117,
13,46127575,52,6,
13,46127981,62,11,13
13,46128238,99,13,
13,46128286,121,76,
13,46128523,21,7,13
13,46128548,65,48,
13,46128616,91,14,
13,46128639,23,22,
13,46129505,15,3,
13,46130188,24,4,
13,46130260,176,68,
13,46130907,105,41,
13,46131406,1063,613,
13,46131837,125,95,
13,46132531,367,305,
13,46133141,240,194,
13,46134164,17,3,
13,46134443,828,583,
13,46134969,34,5,
13,46134991,118,25,
13,46135067,184,150,
13,46135145,117,42,
13,46135349,16,4,
13,46136023,508,320,
13,46136026,622,257,
13,46136059,244,48,
13,46136277,98,39,
13,46137253,526,215,
13,46137514,818,289,
13,46137548,138,94,
13,46137596,125,44,
13,46137772,40,8,
13,46137783,761,392,
13,46138238,1343,289,
13,46138459,315,59,
13,46138473,62,78,
13,46138632,174,59,
13,46138952,963,1060,
13,46139761,390,130,
13,46140219,15,0,15
13,46140244,152,3,
13,46140579,65,14,6
13,46141429,107,99,
13,46141731,127,111,
13,46141745,146,87,
13,46141986,124,17,
13,46142000,130,53,
13,46142100,520,404,
13,46142866,155,51,
13,46142949,43,6,
13,46143818,132,255,
13,46144275,401,181,
13,46144801,127,74,
13,46145154,35,6,
13,46145180,701,658,
13,46145365,719,363,
13,46145790,62,94,
13,46145834,472,202,
13,46145902,257,112,
13,46145960,98,16,
13,46146133,602,114,
13,46146204,88,14,
13,46146451,540,242,
13,46147285,97,81,
13,46147329,145,30,
13,46147341,140,48,
13,46147353,412,412,
13,46147493,284,293,
13,46147540,513,252,
13,46147996,29,2,
13,46148202,101,166,
13,46148460,201,157,
13,46148748,441,337,
13,46149066,90,25,
13,46149375,265,328,
13,46149727,50,37,
13,46149813,327,45,
13,46150447,91,23,
13,46150715,763,1019,
13,46151299,257,49,
13,46151600,70,23,
13,46152838,319,379,
13,46153058,132,15,
13,46153116,388,184,
13,46153466,449,565,
13,46154114,33,2,
13,46154220,22,6,4
13,46154344,118,9,
13,46154491,396,306,
13,46155085,336,55,
13,46155135,554,290,
13,46155619,442,521,
13,46155701,175,30,
13,46155740,223,119,15
13,46156379,86,66,
13,46157594,372,306,
13,46158578,344,117,
13,46158803,90,12,22
13,46160315,1750,1342,
13,46160698,220,104,
13,46160773,442,307,
13,46160824,69,18,
13,46161125,294,274,
13,46161328,226,85,
13,46162656,782,564,
13,46162872,325,153,
13,46163121,226,303,
13,46163308,566,295,
13,46163609,332,95,
13,46164197,190,36,7
13,46166161,75,49,
13,46166178,190,34,
13,46166708,110,22,
13,46166782,15,0,
13,46167349,135,35,
13,46167500,135,78,
13,46167552,338,232,
13,46167621,193,68,
13,46168057,201,157,
13,46169330,75,16,
13,46169441,48,15,
13,46169508,26,45,
13,46169554,416,231,
13,46170302,310,236,
13,46170309,194,29,
13,46170332,34,4,
13,46170402,137,118,
13,46170759,24,11,
13,46170776,18,0,
13,46171008,77,23,7
13,46171394,229,134,
13,46171703,37,7,
13,46171844,37,9,
13,46172167,175,24,
13,46172312,49,80,
13,46172443,350,317,
13,46172682,67,134,
13,46172797,199,63,
13,46172852,45,62,
13,46173407,789,452,
13,46173547,522,242,
13,46173825,262,138,
13,46174205,50,14,
13,46174222,21,15,
13,46175112,393,448,
13,46175662,49,9,
13,46175826,237,99,
13,46175871,126,390,
13,46176169,153,218,
13,46176289,112,61,
13,46176533,42,18,
13,46176766,204,129,
13,46176893,429,531,
13,46176905,458,244,
13,46176965,26,9,
13,46177022,116,62,
13,46177132,131,36,
13,46177418,135,13,
13,46177615,53,3,
13,46177645,585,131,
13,46177737,36,24,
13,46178108,263,217,
13,46178347,702,271,
13,46178442,187,121,
13,46178464,37,9,
13,46178789,355,84,
13,46178892,223,21,
13,46179928,23,7,
13,46180291,28,0,
13,46181076,199,94,
13,46181231,581,183,
13,46181237,60,23,
13,46181268,278,95,
13,46181371,677,984,
13,46181466,504,417,
13,46181491,596,281,
13,46181962,509,723,
13,46182031,146,10,
13,46182202,258,181,
13,46183011,120,206,
13,46183014,46,6,
13,46183088,145,201,
13,46183091,64,7,
13,46183294,548,455,
13,46183657,327,431,
13,46183952,27,11,
13,46184128,71,63,
13,46184229,223,261,
13,46184575,127,116,
13,46184730,166,32,
13,46185144,23,3,
13,46185317,89,1,
13,46185323,111,64,
13,46185576,173,62,
13,46185816,343,284,
13,46185957,325,349,
13,46186538,25,0,
13,46186917,35,13,
13,46186997,83,40,
13,46187387,239,69,
13,46187645,86,114,
13,46188451,164,121,
13,46189480,100,34,
13,46189616,23,2,
13,46189692,435,257,
13,46189704,78,99,
13,46189994,483,196,
13,46190324,52,3,
13,46190577,254,81,
13,46191124,44,28,
13,46191179,14,17,
13,46191194,249,121,
13,46191207,5,0,
13,46191763,183,48,
13,46191814,51,18,
13,46191933,106,90,
13,46192130,440,350,
13,46192186,468,556,
13,46192459,361,399,
13,46192846,346,158,
13,46192962,258,218,
13,46192997,111,59,
13,46193116,78,40,
13,46193412,114,91,
13,46193931,274,50,
13,46194063,170,160,
13,46194302,83,38,
13,46194315,207,161,
13,46194337,325,86,
13,46194384,287,123,
13,46194477,198,26,
13,46194615,417,369,
13,46194828,129,84,
13,46194916,18,0,
13,46194991,14,0,
13,46195007,75,13,
13,46195068,43,4,
13,46195109,115,60,
13,46195198,190,174,
13,46195225,127,35,
13,46195226,17,23,
13,46196076,300,169,
13,46196105,429,162,
13,46196209,40,18,
13,46196228,408,668,
13,46196301,14,3,
13,46196308,174,59,
13,46196433,4,0,
13,46196518,38,13,
13,46196545,79,95,
13,46196688,814,323,
13,46196831,122,66,
13,46196896,45,26,
13,46197173,40,5,
13,46197592,73,7,
13,46197820,4,0,
13,46197875,103,173,
13,46197930,18,2,
13,46198096,66,31,
13,46198294,55,104,
13,46198430,162,126,
13,46198652,30,12,
13,46198874,9,1,
13,46199411,271,323,
13,46199530,108,22,
13,46199623,353,129,
13,46199649,72,8,
13,46199723,560,567,
13,46199887,17,0,
13,46199919,18,2,
13,46199935,57,6,
13,46199950,89,29,
13,46200140,58,10,
13,46200552,27,8,
13,46201341,11,1,
13,46201381,163,139,
13,46201750,82,103,
13,46202058,32,6,
13,46202163,7,4,
13,46202254,3,0,
13,46202400,20,0,
13,46202666,6,2,
13,46202789,12,1,
13,46202921,247,168,29
13,46202943,20,6,
13,46203138,181,118,
13,46203343,39,9,
13,46203410,12,4,
13,46203477,9,1,
13,46203499,59,0,
13,46203581,164,98,
13,46203611,76,47,
13,46204090,82,94,
13,46204139,100,52,
13,46204241,11,1,
13,46204668,64,37,
13,46204849,9,1,
13,46204853,47,26,
13,46204886,81,181,
13,46204923,11,3,
13,46204998,28,8,
13,46205437,654,307,10
13,46205461,142,34,
13,46205493,17,14,
13,46205519,199,91,28
13,46205632,2919,840,1
13,46205661,520,503,15
13,46205672,25,58,
13,46205724,319,389,
13,46205744,19,0,
13,46205797,4,0,
13,46205920,3,0,
13,46206277,131,213,26
13,46206457,901,439,
13,46206531,643,149,9
13,46207017,50,32,
13,46207425,252,111,20
13,46207464,581,114,4
13,46207505,537,497,11
13,46207711,12,2,
13,46207727,113,283,
13,46207852,63,26,
13,46208098,9,9,
13,46208160,100,40,
13,46208283,11,3,
13,46208320,9,1,
13,46208386,35,9,
13,46208409,122,54,25
13,46208445,9,7,
13,46208672,43,13,
13,46208760,8,1,
13,46208773,195,100,21
13,46208962,706,289,18
13,46209077,28,5,
13,46209220,8,3,
13,46209372,48,41,
13,46209378,28,3,
13,46209486,7,3,
13,46209493,70,41,
13,46209537,18,8,
13,46209837,16,0,
13,46209846,115,23,
13,46210002,10,3,
13,46210095,83,128,
13,46210239,25,3,
13,46210240,314,95,12
13,46210304,30,2,
13,46210361,19,1,
13,46210404,13,2,
13,46210424,7,2,
13,46210672,10,7,
13,46210694,4,0,
13,46210705,36,5,
13,46210806,79,24,30
13,46211031,3,0,
13,46211102,18,5,
13,46211256,3,0,
13,46211273,9,1,
13,46211417,31,3,
13,46211529,10,2,
13,46211552,15,7,
13,46211802,74,34,26
13,46211861,47,8,
13,46211994,23,11,
13,46212026,24,1,
13,46212027,23,11,
13,46212029,9,4,
13,46212097,5,1,
13,46212176,17,4,
13,46212202,33,10,
13,46212246,5,1,
13,46212249,20,0,
13,46212301,17,0,
13,46212358,8,1,
13,46212438,52,33,
13,46212466,25,2,
13,46212520,12,1,
13,46212523,9,2,
13,46212624,8,1,
13,46212667,10,0,
13,46212777,12,1,
13,46212782,53,29,
13,46212816,4,1,
13,46212846,3,1,
13,46212916,28,28,
13,46213006,20,1,
13,46213019,4,0,
13,46213045,59,85,
13,46213123,11,1,
13,46213273,71,11,24
13,46213334,19,2,
13,46213385,55,71,
13,46213406,35,9,
13,46213504,141,175,
13,46213585,686,467,3
13,46213662,20,8,
13,46213671,14,5,
13,46213709,115,129,
13,46213876,9,1,
13,46214091,58,51,
13,46214319,9,0,
13,46214486,6,1,
13,46214601,6,1,
13,46214617,44,27,18
13,46214652,10,1,
13,46214677,12,5,
13,46214693,142,21,2
13,46214950,123,88,
13,46215096,4,0,
13,46215229,15,15,
13,46215714,5,0,
13,46215920,4,0,
13,46215982,6,0,
13,46216392,10,1,
13,46216775,3,0,
13,46216847,9,1,
13,46216864,3,0,
13,46217026,56,101,4
13,46217092,5,2,
13,46217176,27,19,16
13,46217491,4,0,
14,46070203,420,258,
14,46070298,107,150,
14,46071785,53,19,
14,46073978,134,148,
14,46075126,77,71,
14,46080498,238,125,
14,46081418,51,53,
14,46085280,96,49,
14,46085753,49,27,
14,46086923,96,17,
14,46087115,63,10,
14,46088430,44,7,
14,46091211,178,66,
14,46092198,272,234,
14,46093613,178,47,
14,46094037,242,98,
14,46094330,94,53,
14,46094460,607,67,
14,46094552,120,35,
14,46094989,64,33,
14,46095087,659,373,
14,46095474,124,39,
14,46095662,414,139,
14,46095817,396,150,
14,46095988,7,3,
14,46096337,1241,397,
14,46096341,26,6,
14,46098655,153,37,
14,46101816,136,112,
14,46102276,225,268,
14,46102311,145,39,
14,46103376,886,369,
14,46103571,157,203,
14,46103858,446,674,
14,46104193,899,732,
14,46104396,323,475,
14,46104539,112,29,
14,46106411,182,78,
14,46107897,50,7,
14,46108557,157,47,
14,46108780,982,464,
14,46108940,160,428,
14,46111448,74,72,
14,46112520,8,0,
14,46112560,169,60,
14,46112965,64,53,
14,46113990,32,31,
14,46114064,57,10,
14,46114440,123,22,
14,46115758,149,93,
14,46116007,75,28,
14,46116567,216,291,
14,46116724,175,53,
14,46117112,500,367,
14,46117126,173,150,
14,46118358,249,59,
14,46118722,223,106,
14,46118986,46,6,
14,46119117,54,53,
14,46119234,84,32,
14,46120549,177,89,
14,46120732,44,11,
14,46120764,79,34,
14,46121105,78,2,
14,46121870,819,929,
14,46121889,825,236,
14,46122302,17,3,
14,46123307,16,4,
14,46123720,158,46,
14,46123948,54,11,
14,46124205,422,159,
14,46124267,2190,1072,
14,46124324,857,953,
14,46124425,519,110,
14,46124649,88,35,
14,46124903,44,25,
14,46125963,92,51,
14,46126066,20,15,
14,46126141,194,102,
14,46126217,598,64,
14,46126380,175,65,
14,46126446,974,850,
14,46127412,111,117,
14,46127575,52,6,
14,46127981,84,15,11
14,46128238,99,13,
14,46128523,31,7,15
14,46128548,65,48,
14,46128616,92,14,
14,46128639,23,22,
14,46129505,15,3,
14,46130188,24,4,
14,46130260,176,68,
14,46130907,105,41,
14,46131406,1064,613,
14,46131837,125,95,
14,46132531,367,305,
14,46133141,240,194,
14,46134164,19,3,
14,46134443,828,583,
14,46134969,35,5,
14,46134991,118,25,
14,46135067,184,150,
14,46135145,117,42,
14,46135349,16,4,
14,46136023,508,320,
14,46136026,622,257,
14,46136059,244,48,
14,46136277,98,39,
14,46137253,526,215,
14,46137514,818,289,
14,46137548,138,94,
14,46137596,125,44,
14,46137772,40,8,
14,46137783,761,392,
14,46138238,1343,289,
14,46138459,315,59,
14,46138473,62,78,
14,46138632,174,59,
14,46138952,963,1060,
14,46139761,390,130,
14,46140219,15,0,19
14,46140244,152,3,
14,46140579,75,23,6
14,46141429,107,99,
14,46141731,127,111,
14,46141745,146,87,
14,46141986,124,17,
14,46142000,130,53,
14,46142100,520,404,
14,46142866,155,51,
14,46142949,43,6,
14,46143818,132,255,
14,46144275,401,181,
14,46144801,127,74,
14,46145154,35,6,
14,46145180,701,658,
14,46145365,719,363,
14,46145790,62,95,
14,46145834,472,202,
14,46145902,257,112,
14,46145960,98,16,
14,46146133,602,114,
14,46146204,88,14,
14,46146451,540,242,
14,46147285,97,81,
14,46147329,145,31,
14,46147341,140,48,
14,46147353,412,412,
14,46147493,284,293,
14,46147540,513,252,
14,46147996,30,3,
14,46148202,101,166,
14,46148460,201,157,
14,46148748,441,337,
14,46149066,90,25,
14,46149375,265,328,
14,46149727,50,37,
14,46149813,327,45,
14,46150447,91,23,
14,46150715,763,1019,
14,46151299,257,49,
14,46151600,70,23,
14,46152838,319,379,
14,46153058,132,15,
14,46153116,388,184,
14,46153466,450,565,
14,46154114,33,2,
14,46154220,62,22,2
14,46154344,118,9,
14,46154491,396,306,
14,46155085,336,55,
14,46155135,554,290,
14,46155619,442,521,
14,46155701,175,30,
14,46155740,234,133,21
14,46156379,86,66,
14,46157594,372,306,
14,46158578,344,117,
14,46158803,97,16,23
14,46160315,1750,1342,
14,46160698,220,104,
14,46160773,442,307,
14,46160824,69,18,
14,46161125,294,274,
14,46161328,227,85,
14,46162656,782,564,
14,46162872,325,153,
14,46163121,226,303,
14,46163308,566,295,
14,46163609,332,95,
14,46164197,205,42,8
14,46166161,76,49,
14,46166178,190,34,
14,46166708,110,22,
14,46166782,15,0,
14,46167349,135,35,
14,46167500,135,78,
14,46167552,338,232,
14,46167621,193,68,
14,46168057,201,157,
14,46169330,75,16,
14,46169441,48,15,
14,46169508,26,46,
14,46169554,416,231,
14,46170302,311,236,
14,46170309,194,29,
14,46170332,34,4,
14,46170402,137,118,
14,46170759,24,11,
14,46170776,18,0,
14,46171008,92,29,7
14,46171184,8,5,12
14,46171394,229,134,
14,46171703,37,7,
14,46171844,37,9,
14,46172167,175,24,
14,46172312,49,80,
14,46172443,350,317,
14,46172682,67,134,
14,46172797,199,63,
14,46172852,45,62,
14,46173407,789,452,
14,46173547,522,242,
14,46173825,262,138,
14,46174205,50,14,
14,46174222,21,15,
14,46175112,393,448,
14,46175662,49,9,
14,46175826,237,99,
14,46175871,126,392,
14,46176169,153,219,
14,46176289,112,61,
14,46176533,42,18,
14,46176766,204,129,
14,46176893,429,531,
14,46176905,458,244,
14,46176965,26,9,
14,46177022,116,62,
14,46177132,131,36,
14,46177418,135,13,
14,46177615,53,3,
14,46177645,585,131,
14,46177737,36,24,
14,46178108,263,217,
14,46178347,702,271,
14,46178442,187,121,
14,46178464,37,9,
14,46178789,355,84,
14,46178892,223,21,
14,46180291,28,0,
14,46181076,199,94,
14,46181231,581,183,
14,46181237,60,23,
14,46181268,278,95,
14,46181371,677,988,
14,46181466,504,418,
14,46181491,596,281,
14,46181962,509,723,
14,46182031,146,10,
14,46182202,258,181,
14,46183011,120,206,
14,46183014,46,6,
14,46183088,145,201,
14,46183091,64,7,
14,46183294,548,456,
14,46183657,327,431,
14,46183952,27,11,
14,46184128,71,63,
14,46184229,223,261,
14,46184575,127,116,
14,46184730,166,32,
14,46185144,23,3,
14,46185317,89,1,
14,46185323,111,64,
14,46185576,173,62,
14,46185816,343,284,
14,46185957,325,349,
14,46186538,25,0,
14,46186917,35,13,
14,46186997,83,40,
14,46187387,239,69,
14,46187645,86,114,
14,46188451,164,121,
14,46189480,100,34,
14,46189616,23,2,
14,46189692,437,257,
14,46189704,78,99,
14,46189994,483,196,
14,46190324,52,3,
14,46190577,254,81,
14,46191124,44,28,
14,46191179,14,17,
14,46191194,249,121,
14,46191207,5,0,
14,46191763,184,48,
14,46191814,51,18,
14,46191933,106,90,
14,46192130,440,350,
14,46192186,468,557,
14,46192459,362,400,
14,46192846,346,159,
14,46192962,258,218,
14,46192997,111,59,
14,46193116,78,40,
14,46193412,114,91,
14,46193931,274,50,
14,46194063,170,160,
14,46194302,83,38,
14,46194315,207,161,
14,46194337,325,86,
14,46194384,287,123,
14,46194477,198,26,
14,46194615,419,369,
14,46194828,129,85,
14,46194916,18,0,
14,46194991,14,0,
14,46195007,75,13,
14,46195068,43,4,
14,46195109,115,60,
14,46195198,190,174,
14,46195225,128,35,
14,46195226,17,23,
14,46196076,300,169,
14,46196105,429,162,
14,46196209,40,18,
14,46196228,410,672,
14,46196301,14,4,
14,46196308,174,59,
14,46196433,4,0,
14,46196518,38,13,
14,46196545,79,96,
14,46196688,814,324,
14,46196831,122,66,
14,46196896,45,26,
14,46197173,40,5,
14,46197592,73,7,
14,46197820,4,0,
14,46197875,103,173,
14,46197930,18,2,
14,46198096,66,31,
14,46198294,55,104,
14,46198430,163,126,
14,46198652,30,13,
14,46198874,9,1,
14,46199411,271,324,
14,46199530,109,22,
14,46199623,354,129,
14,46199649,72,8,
14,46199723,561,576,
14,46199887,17,0,
14,46199919,18,2,
14,46199935,57,6,
14,46199950,89,29,
14,46200140,58,10,
14,46200552,27,8,
14,46201381,163,139,
14,46201750,82,103,
14,46202058,32,6,
14,46202163,7,4,
14,46202254,3,0,
14,46202400,20,0,
14,46202666,6,2,
14,46202789,12,1,
14,46202921,250,177,29
14,46202943,20,6,
14,46203138,181,119,
14,46203343,41,9,
14,46203410,12,4,
14,46203477,9,1,
14,46203499,59,0,
14,46203581,165,100,
14,46203611,76,48,
14,46204090,83,94,
14,46204139,100,52,
14,46204241,11,1,
14,46204668,65,38,
14,46204849,9,1,
14,46204853,47,27,
14,46204886,86,193,
14,46204923,11,3,
14,46204998,28,8,
14,46205437,668,315,10
14,46205461,144,34,
14,46205493,17,14,
14,46205519,202,94,26
14,46205632,3026,862,1
14,46205661,528,514,16
14,46205672,25,58,
14,46205724,321,393,
14,46205744,19,0,
14,46205797,4,0,
14,46205920,3,0,
14,46206277,141,226,24
14,46206457,911,443,
14,46206531,665,153,9
14,46207017,50,33,
14,46207425,262,114,19
14,46207464,594,118,5
14,46207505,551,506,12
14,46207711,12,2,
14,46207727,114,285,
14,46207852,63,26,
14,46208098,9,9,
14,46208160,101,42,
14,46208283,11,3,
14,46208320,9,1,
14,46208386,35,9,
14,46208409,125,55,25
14,46208672,43,13,
14,46208760,8,1,
14,46208773,209,104,22
14,46208962,724,299,17
14,46209077,28,5,
14,46209220,8,3,
14,46209372,48,41,
14,46209378,28,3,
14,46209486,7,3,
14,46209493,71,44,
14,46209537,18,8,
14,46209837,16,0,
14,46209846,116,24,
14,46210002,10,3,
14,46210095,86,135,
14,46210239,25,3,
14,46210240,326,103,13
14,46210304,31,2,
14,46210361,19,1,
14,46210404,13,2,
14,46210424,7,2,
14,46210672,10,7,
14,46210694,4,0,
14,46210705,38,5,
14,46210806,81,24,
14,46211031,3,0,
14,46211102,18,5,
14,46211256,3,0,
14,46211273,9,1,
14,46211417,31,3,
14,46211552,15,7,
14,46211802,79,39,28
14,46211861,48,9,
14,46211994,24,11,
14,46212026,24,2,
14,46212027,24,11,
14,46212029,9,4,
14,46212097,6,1,
14,46212176,18,4,
14,46212202,33,10,
14,46212246,5,1,
14,46212249,21,0,
14,46212301,17,0,
14,46212358,9,1,
14,46212438,52,35,
14,46212466,26,2,
14,46212520,12,1,
14,46212523,9,2,
14,46212624,8,1,
14,46212667,10,0,
14,46212777,12,1,
14,46212782,56,29,
14,46212816,4,1,
14,46212846,3,1,
14,46212916,31,32,
14,46213006,20,1,
14,46213019,4,0,
14,46213045,62,86,
14,46213123,11,1,
14,46213273,74,14,24
14,46213334,19,2,
14,46213385,55,77,
14,46213406,36,9,
14,46213504,145,176,
14,46213585,736,499,4
14,46213662,20,9,
14,46213671,15,5,
14,46213709,116,129,
14,46213876,9,1,
14,46214091,59,52,
14,46214319,10,2,
14,46214486,6,1,
14,46214601,6,1,
14,46214617,48,36,18
14,46214652,10,2,
14,46214677,13,7,
14,46214693,165,24,2
14,46214950,129,96,
14,46215096,4,0,
14,46215229,17,18,
14,46215714,5,0,
14,46215920,4,1,
14,46215982,12,0,
14,46216392,18,5,
14,46216732,9,4,
14,46216775,3,0,
14,46216847,13,2,
14,46216864,3,1,
14,46217026,67,146,
14,46217092,7,2,
14,46217176,51,61,9
14,46217491,7,1,
14,46217559,17,3,18
14,46217578,4,1,
14,46217608,5,0,28
14,46217793,19,12,1
14,46217811,6,3,
14,46218120,5,0,
14,46218202,5,0,
15,46070203,420,258,
15,46070298,107,150,
15,46071785,53,19,
15,46073978,134,148,
15,46075126,77,71,
15,46080498,238,125,
15,46081418,51,53,
15,46085280,96,49,
15,46085753,49,27,
15,46086923,96,17,
15,46087115,63,10,
15,46088430,44,7,
15,46091211,178,66,
15,46092198,272,234,
15,46093613,178,47,
15,46094037,242,98,
15,46094330,94,53,
15,46094460,607,67,
15,46094552,120,35,
15,46094989,64,33,
15,46095087,659,373,
15,46095474,124,39,
15,46095662,415,139,
15,46095817,396,150,
15,46095988,8,3,
15,46096337,1241,397,
15,46096341,26,6,
15,46098655,153,37,
15,46101816,136,112,
15,46102276,225,268,
15,46102311,145,39,
15,46103376,886,369,
15,46103571,157,203,
15,46103858,446,674,
15,46104193,900,732,
15,46104396,323,475,
15,46104539,112,29,
15,46106411,182,78,
15,46107897,50,7,
15,46108557,157,47,
15,46108780,982,464,
15,46108940,160,428,
15,46111448,74,72,
15,46112520,8,0,
15,46112560,169,60,
15,46112965,65,53,
15,46113990,32,31,
15,46114064,57,10,
15,46114440,123,22,
15,46115758,149,93,
15,46116007,75,28,
15,46116567,216,291,
15,46116724,175,53,
15,46117112,501,367,
15,46117126,173,150,
15,46118358,249,60,
15,46118722,223,106,
15,46119117,54,53,
15,46119234,84,32,
15,46120549,177,89,
15,46120732,44,11,
15,46120764,79,34,
15,46121105,79,2,
15,46121870,819,929,
15,46121889,825,236,
15,46122302,17,3,
15,46123307,16,4,
15,46123720,158,46,
15,46123948,54,11,
15,46124205,422,159,
15,46124267,2190,1072,
15,46124324,857,953,
15,46124425,523,110,
15,46124649,88,35,
15,46124903,44,25,
15,46125963,92,51,
15,46126066,20,15,
15,46126141,194,102,
15,46126217,599,64,
15,46126380,175,65,
15,46126446,974,850,
15,46127412,111,117,
15,46127575,52,6,
15,46127981,106,20,11
15,46128238,99,13,
15,46128523,36,7,16
15,46128548,65,48,
15,46128616,92,14,
15,46128639,23,22,
15,46129505,15,3,
15,46130188,24,4,
15,46130260,176,68,
15,46130907,105,41,
15,46131406,1064,613,
15,46131837,125,95,
15,46132531,367,305,
15,46133141,240,194,
15,46134164,19,3,
15,46134443,828,583,
15,46134969,35,5,
15,46134991,118,25,
15,46135067,184,150,
15,46135145,117,42,
15,46135349,16,4,
15,46136023,508,320,
15,46136026,622,257,
15,46136059,244,48,
15,46136277,98,39,
15,46137253,526,215,
15,46137514,818,289,
15,46137548,138,94,
15,46137596,125,44,
15,46137772,40,8,
15,46137783,761,392,
15,46138238,1343,289,
15,46138459,315,59,
15,46138473,62,78,
15,46138632,174,59,
15,46138952,963,1060,
15,46139761,390,130,
15,46140219,18,1,24
15,46140244,152,3,
15,46140579,87,27,7
15,46141429,107,99,
15,46141731,127,112,
15,46141745,146,87,
15,46141986,124,17,
15,46142000,130,53,
15,46142100,520,404,
15,46142866,155,51,
15,46142949,43,6,
15,46143818,132,258,
15,46144275,401,181,
15,46144801,127,74,
15,46145154,35,6,
15,46145180,701,658,
15,46145365,719,364,
15,46145790,62,95,
15,46145834,472,202,
15,46145902,257,112,
15,46145960,98,16,
15,46146133,602,114,
15,46146204,88,14,
15,46146451,540,242,
15,46147285,97,81,
15,46147329,146,31,
15,46147341,140,48,
15,46147353,412,412,
15,46147493,284,293,
15,46147540,513,252,
15,46147996,30,3,
15,46148202,101,166,
15,46148460,201,157,
15,46148748,441,337,
15,46149066,90,25,
15,46149375,265,328,
15,46149727,50,37,
15,46149813,327,45,
15,46150447,91,23,
15,46150715,763,1019,
15,46151299,257,49,
15,46151600,70,23,
15,46152838,319,380,
15,46153058,132,15,
15,46153466,450,565,
15,46154114,33,2,
15,46154220,90,32,2
15,46154344,118,9,
15,46154491,397,306,
15,46155085,336,55,
15,46155135,554,290,
15,46155619,442,521,
15,46155701,175,30,
15,46155740,253,145,22
15,46156379,86,66,
15,46157594,372,306,
15,46158578,344,117,
15,46158803,103,19,25
15,46160315,1750,1342,
15,46160698,220,104,
15,46160773,442,307,
15,46160824,69,18,
15,46161125,294,274,
15,46161328,227,85,
15,46162656,782,564,
15,46162872,325,153,
15,46163121,226,303,
15,46163308,566,295,
15,46163609,332,95,
15,46164197,225,48,9
15,46166161,76,49,
15,46166178,191,34,
15,46166708,110,22,
15,46166782,15,0,
15,46167349,135,35,
15,46167500,135,78,
15,46167552,338,233,
15,46167621,193,68,
15,46168057,201,157,
15,46169330,75,16,
15,46169441,48,15,
15,46169508,26,46,
15,46169554,416,231,
15,46170302,311,236,
15,46170309,194,29,
15,46170332,34,4,
15,46170402,137,118,
15,46170759,24,11,
15,46170776,18,0,
15,46171008,106,37,8
15,46171184,13,7,15
15,46171394,230,134,
15,46171703,39,7,
15,46171844,37,9,
15,46172167,175,24,
15,46172312,49,80,
15,46172443,350,317,
15,46172682,67,134,
15,46172797,199,63,
15,46172852,45,62,
15,46173407,789,452,
15,46173547,522,242,
15,46173825,262,138,
15,46174205,50,14,
15,46174222,21,15,
15,46175112,393,449,
15,46175662,49,9,
15,46175826,237,99,
15,46175871,126,395,
15,46176169,153,219,
15,46176289,112,61,
15,46176533,42,18,
15,46176766,204,129,
15,46176893,429,531,
15,46176905,458,244,
15,46176965,26,9,
15,46177022,116,62,
15,46177132,131,36,
15,46177418,135,13,
15,46177615,53,3,
15,46177645,585,131,
15,46177737,36,24,
15,46178108,263,217,
15,46178347,702,271,
15,46178442,187,121,
15,46178464,37,9,
15,46178789,355,84,
15,46178892,224,21,
15,46180291,28,0,
15,46181076,200,94,
15,46181231,581,183,
15,46181237,60,23,
15,46181268,278,95,
15,46181371,677,988,
15,46181466,504,418,
15,46181491,596,281,
15,46181962,509,723,
15,46182031,146,10,
15,46182202,258,181,
15,46183011,120,206,
15,46183014,46,6,
15,46183088,145,201,
15,46183091,64,7,
15,46183294,548,456,
15,46183657,327,431,
15,46183952,27,11,
15,46184128,71,63,
15,46184229,224,261,
15,46184575,127,116,
15,46184730,166,32,
15,46185144,23,3,
15,46185317,89,1,
15,46185323,111,64,
15,46185576,173,62,
15,46185816,344,284,
15,46185957,325,349,
15,46186538,25,0,
15,46186917,35,13,
15,46186997,83,42,
15,46187387,239,69,
15,46187645,86,114,
15,46188451,164,121,
15,46189480,101,34,
15,46189616,23,2,
15,46189692,437,257,
15,46189704,78,99,
15,46189994,483,196,
15,46190577,254,81,
15,46191124,44,28,
15,46191179,14,17,
15,46191194,250,121,
15,46191207,5,0,
15,46191763,184,50,
15,46191814,51,18,
15,46191933,106,90,
15,46192130,440,350,
15,46192186,469,558,
15,46192459,362,400,
15,46192846,346,159,
15,46192962,258,218,
15,46192997,111,59,
15,46193116,78,40,
15,46193412,114,91,
15,46193931,275,51,
15,46194063,170,160,
15,46194302,83,38,
15,46194315,207,161,
15,46194337,325,86,
15,46194384,287,123,
15,46194477,199,26,
15,46194615,419,369,
15,46194828,129,85,
15,46194916,18,0,
15,46194991,14,0,
15,46195007,75,13,
15,46195068,43,4,
15,46195109,115,60,
15,46195198,190,174,
15,46195225,128,35,
15,46195226,17,23,
15,46196076,300,169,
15,46196105,429,162,
15,46196209,40,18,
15,46196228,411,673,
15,46196301,14,4,
15,46196308,174,59,
15,46196433,4,0,
15,46196518,39,13,
15,46196545,79,96,
15,46196688,815,324,
15,46196831,122,66,
15,46196896,45,26,
15,46197173,40,5,
15,46197592,73,7,
15,46197820,4,0,
15,46197875,103,173,
15,46197930,18,2,
15,46198096,66,31,
15,46198294,55,104,
15,46198430,163,126,
15,46198652,30,13,
15,46198874,9,1,
15,46199411,271,324,
15,46199530,109,22,
15,46199623,354,129,
15,46199649,72,8,
15,46199723,563,578,
15,46199887,17,0,
15,46199919,18,2,
15,46199935,57,6,
15,46199950,89,29,
15,46200140,58,10,
15,46200552,27,8,
15,46201381,163,139,
15,46201750,82,103,
15,46202058,32,6,
15,46202163,7,4,
15,46202254,3,0,
15,46202400,20,0,
15,46202666,6,2,
15,46202921,257,180,
15,46202943,20,6,
15,46203138,181,120,
15,46203343,43,10,
15,46203410,12,4,
15,46203477,9,1,
15,46203499,59,0,
15,46203581,165,100,
15,46203611,76,48,
15,46204090,86,95,
15,46204139,100,52,
15,46204241,11,1,
15,46204668,66,38,
15,46204849,9,1,
15,46204853,47,27,
15,46204886,92,204,
15,46204923,11,3,
15,46204998,28,8,
15,46205437,680,318,12
15,46205461,147,34,
15,46205493,17,14,
15,46205519,208,96,28
15,46205632,3120,890,1
15,46205661,545,528,18
15,46205672,25,58,
15,46205724,324,399,
15,46205744,19,0,
15,46205797,4,0,
15,46205920,3,0,
15,46206277,149,238,26
15,46206457,916,448,
15,46206531,686,158,10
15,46207017,50,33,
15,46207425,271,118,20
15,46207464,613,126,6
15,46207505,567,526,13
15,46207711,12,2,
15,46207727,114,288,
15,46207852,64,26,
15,46208098,10,9,
15,46208160,103,43,
15,46208283,11,3,
15,46208320,9,1,
15,46208386,35,9,
15,46208409,128,55,28
15,46208672,43,13,
15,46208760,8,1,
15,46208773,214,111,23
15,46208962,740,308,19
15,46209077,28,5,
15,46209220,8,3,
15,46209372,50,41,
15,46209378,28,3,
15,46209486,7,3,
15,46209493,71,46,
15,46209537,18,8,
15,46209837,16,0,
15,46209846,116,24,
15,46210002,10,3,
15,46210095,87,144,
15,46210239,25,3,
15,46210240,339,109,14
15,46210304,31,2,
15,46210361,19,1,
15,46210404,13,3,
15,46210424,7,2,
15,46210672,10,7,
15,46210694,4,0,
15,46210705,39,5,
15,46210806,81,24,
15,46211031,3,0,
15,46211102,18,5,
15,46211256,4,0,
15,46211273,9,1,
15,46211417,31,3,
15,46211552,15,7,
15,46211802,83,44,30
15,46211861,48,9,
15,46211994,24,11,
15,46212026,27,3,
15,46212027,24,11,
15,46212029,9,4,
15,46212097,6,1,
15,46212176,18,4,
15,46212202,33,10,
15,46212246,5,1,
15,46212249,22,0,
15,46212301,17,0,
15,46212358,10,1,
15,46212438,54,35,
15,46212466,26,2,
15,46212520,13,1,
15,46212523,9,2,
15,46212667,11,0,
15,46212782,59,32,
15,46212816,4,1,
15,46212846,3,1,
15,46212916,31,32,
15,46213006,20,2,
15,46213019,4,0,
15,46213045,62,86,
15,46213123,11,1,
15,46213273,81,14,27
15,46213334,19,2,
15,46213385,56,78,
15,46213406,36,9,
15,46213504,147,178,
15,46213585,783,543,5
15,46213662,20,9,
15,46213671,16,5,
15,46213709,118,130,
15,46213876,9,1,
15,46214091,60,55,
15,46214319,13,2,
15,46214486,6,1,
15,46214601,6,1,
15,46214617,54,41,21
15,46214652,10,2,
15,46214677,13,8,
15,46214693,184,28,3
15,46214950,132,96,
15,46215096,4,0,
15,46215229,17,19,
15,46215714,5,1,
15,46215920,4,1,
15,46215982,15,0,
15,46216360,5,0,
15,46216392,19,6,
15,46216422,7,3,
15,46216732,10,5,
15,46216775,5,5,
15,46216847,16,11,
15,46217026,80,167,
15,46217092,8,2,
15,46217176,56,67,
15,46217491,8,1,
15,46217559,17,5,
15,46217578,57,75,1
15,46217608,8,2,
15,46217811,6,4,
15,46218120,10,2,
15,46218202,19,15,17
15,46218419,29,76,
15,46218537,12,4,4
15,46218725,41,13,4
15,46218857,4,1,
16,46070203,420,258,
16,46070298,107,150,
16,46071785,53,19,
16,46073978,134,148,
16,46075126,77,71,
16,46080498,238,125,
16,46081418,51,53,
16,46085280,96,49,
16,46085753,49,27,
16,46086923,96,17,
16,46087115,63,10,
16,46088430,44,7,
16,46091211,178,66,
16,46092198,272,234,
16,46093613,178,47,
16,46094037,242,98,
16,46094330,94,53,
16,46094460,607,67,
16,46094552,120,35,
16,46094989,64,33,
16,46095087,659,373,
16,46095474,124,39,
16,46095662,415,139,
16,46095817,396,150,
16,46095988,8,3,
16,46096337,1241,397,
16,46096341,26,6,
16,46098655,153,37,
16,46101816,136,112,
16,46102276,225,268,
16,46102311,147,39,
16,46103376,886,369,
16,46103571,157,203,
16,46103858,446,674,
16,46104193,900,732,
16,46104396,323,475,
16,46104539,112,29,
16,46106411,182,78,
16,46107897,50,7,
16,46108557,157,47,
16,46108780,982,464,
16,46108940,160,428,
16,46111448,74,72,
16,46112520,8,0,
16,46112560,169,60,
16,46112965,66,53,
16,46113990,32,31,
16,46114064,57,10,
16,46114440,124,22,
16,46115758,149,93,
16,46116007,75,28,
16,46116567,216,291,
16,46116724,175,53,
16,46117112,501,367,
16,46118358,249,60,
16,46118722,223,106,
16,46119117,54,53,
16,46119234,84,32,
16,46120549,177,89,
16,46120732,44,11,
16,46120764,79,34,
16,46121105,79,2,
16,46121870,819,929,
16,46121889,825,236,
16,46122302,17,3,
16,46123307,16,4,
16,46123720,158,46,
16,46123948,54,11,
16,46124205,422,159,
16,46124267,2190,1072,
16,46124324,857,953,
16,46124425,523,111,
16,46124649,88,36,
16,46124903,44,25,
16,46125963,92,51,
16,46126066,20,15,
16,46126141,194,102,
16,46126217,599,64,
16,46126380,175,65,
16,46126446,974,850,
16,46127412,111,117,
16,46127575,52,6,
16,46127981,130,25,10
16,46128238,99,13,
16,46128523,37,10,16
16,46128548,65,48,
16,46128616,92,14,
16,46128639,24,22,
16,46129505,15,3,
16,46130188,24,4,
16,46130260,176,68,
16,46130907,105,41,
16,46131406,1064,613,
16,46131837,125,95,
16,46132531,367,305,
16,46133141,240,194,
16,46134164,19,3,
16,46134443,828,583,
16,46134969,35,5,
16,46134991,118,25,
16,46135067,184,150,
16,46135145,117,42,
16,46135349,16,4,
16,46136023,508,320,
16,46136026,622,257,
16,46136059,244,48,
16,46136277,99,40,
16,46137253,526,215,
16,46137514,818,289,
16,46137548,138,94,
16,46137596,126,44,
16,46137772,40,8,
16,46137783,761,392,
16,46138238,1343,289,
16,46138459,315,59,
16,46138473,62,78,
16,46138632,174,59,
16,46138952,963,1061,
16,46139761,390,130,
16,46140219,19,3,23
16,46140244,152,3,
16,46140579,94,33,9
16,46141429,107,99,
16,46141731,127,112,
16,46141745,146,88,
16,46141986,124,17,
16,46142000,130,53,
16,46142100,520,404,
16,46142866,155,51,
16,46142949,43,6,
16,46143818,132,258,
16,46144275,401,181,
16,46144801,127,74,
16,46145154,35,6,
16,46145180,701,658,
16,46145365,719,364,
16,46145790,62,97,
16,46145834,472,202,
16,46145902,257,112,
16,46145960,98,16,
16,46146133,602,114,
16,46146204,88,14,
16,46147285,97,81,
16,46147329,147,31,
16,46147341,140,48,
16,46147353,412,412,
16,46147493,284,293,
16,46147540,513,252,
16,46147996,30,3,
16,46148202,101,166,
16,46148460,201,157,
16,46148748,441,337,
16,46149066,90,25,
16,46149375,265,328,
16,46149727,50,37,
16,46149813,327,45,
16,46150447,91,23,
16,46150715,763,1019,
16,46151299,257,49,
16,46151600,70,24,
16,46152838,319,380,
16,46153058,132,15,
16,46153466,450,565,
16,46154114,33,2,
16,46154220,118,43,2
16,46154344,118,9,
16,46154491,397,306,
16,46155085,336,55,
16,46155135,554,290,
16,46155619,442,521,
16,46155701,175,30,
16,46155740,270,153,18
16,46156379,86,66,
16,46157594,372,306,
16,46158578,344,117,
16,46158803,109,24,25
16,46160315,1750,1342,
16,46160698,220,104,
16,46160773,442,307,
16,46160824,69,18,
16,46161125,294,274,
16,46161328,227,85,
16,46162656,782,564,
16,46162872,325,153,
16,46163121,226,303,
16,46163308,566,295,
16,46163609,332,95,
16,46164197,241,55,11
16,46166161,76,49,
16,46166178,191,34,
16,46166708,110,22,
16,46166782,15,0,
16,46167349,135,35,
16,46167500,135,78,
16,46167552,338,233,
16,46167621,193,68,
16,46168057,201,157,
16,46169330,75,16,
16,46169441,48,15,
16,46169508,26,46,
16,46169554,416,231,
16,46170302,311,236,
16,46170309,194,29,
16,46170332,34,4,
16,46170402,138,118,
16,46170707,17,3,8
16,46170759,24,11,
16,46170776,18,0,
16,46171008,124,49,8
16,46171184,13,11,
16,46171394,230,134,
16,46171703,39,7,
16,46171844,38,9,
16,46172167,175,24,
16,46172312,49,80,
16,46172443,350,317,
16,46172682,67,134,
16,46172797,199,63,
16,46172852,45,62,
16,46173407,789,452,
16,46173547,522,242,
16,46173825,262,138,
16,46174205,50,14,
16,46174222,21,15,
16,46175112,393,449,
16,46175662,49,9,
16,46175826,237,99,
16,46175871,126,395,
16,46176169,153,219,
16,46176289,112,61,
16,46176533,42,18,
16,46176766,204,129,
16,46176893,429,531,
16,46176905,458,244,
16,46176965,26,9,
16,46177022,116,62,
16,46177132,131,36,
16,46177418,135,13,
16,46177615,53,3,
16,46177645,585,131,
16,46177737,36,24,
16,46178108,263,217,
16,46178347,702,271,
16,46178442,187,121,
16,46178464,37,9,
16,46178789,356,84,
16,46178892,224,21,
16,46180291,28,0,
16,46181076,200,94,
16,46181231,581,183,
16,46181237,60,23,
16,46181268,278,95,
16,46181371,677,988,
16,46181466,504,419,
16,46181491,596,281,
16,46181962,509,724,
16,46182031,147,10,
16,46182202,259,181,
16,46183011,120,206,
16,46183014,46,6,
16,46183088,145,201,
16,46183091,64,7,
16,46183294,548,456,
16,46183657,327,431,
16,46183952,27,11,
16,46184128,71,63,
16,46184229,224,261,
16,46184575,127,116,
16,46184730,166,32,
16,46185144,23,3,
16,46185317,89,1,
16,46185323,111,64,
16,46185576,173,62,
16,46185816,345,284,
16,46185957,325,349,
16,46186538,25,0,
16,46186917,35,13,
16,46186997,83,42,
16,46187387,239,69,
16,46187645,86,115,
16,46188451,164,121,
16,46189480,101,34,
16,46189616,23,2,
16,46189692,438,257,
16,46189704,78,99,
16,46189994,484,196,
16,46190324,52,3,
16,46190577,254,81,
16,46191124,44,28,
16,46191179,14,17,
16,46191194,250,121,
16,46191207,5,0,
16,46191763,185,50,
16,46191814,51,18,
16,46191933,106,90,
16,46192130,440,350,
16,46192186,470,558,
16,46192459,362,403,
16,46192846,346,159,
16,46192962,258,218,
16,46192997,111,59,
16,46193116,78,40,
16,46193412,114,91,
16,46193931,276,51,
16,46194063,170,160,
16,46194302,83,38,
16,46194315,207,161,
16,46194337,327,86,
16,46194384,287,123,
16,46194477,199,26,
16,46194615,419,369,
16,46194828,129,85,
16,46194916,18,0,
16,46194991,14,0,
16,46195007,75,13,
16,46195068,43,4,
16,46195109,116,60,
16,46195198,190,175,
16,46195225,128,35,
16,46195226,17,23,
16,46196076,300,169,
16,46196105,429,162,
16,46196209,40,18,
16,46196228,411,673,
16,46196301,14,4,
16,46196308,174,60,
16,46196518,39,13,
16,46196545,79,96,
16,46196688,819,325,
16,46196831,122,66,
16,46196896,45,26,
16,46197173,40,5,
16,46197592,73,7,
16,46197820,4,0,
16,46197875,103,173,
16,46197930,18,2,
16,46198096,67,31,
16,46198294,55,104,
16,46198430,164,126,
16,46198652,30,13,
16,46198874,9,1,
16,46199411,271,324,
16,46199530,110,22,
16,46199623,354,130,
16,46199649,72,11,
16,46199723,565,583,
16,46199887,17,0,
16,46199919,18,2,
16,46199935,57,6,
16,46199950,89,29,
16,46200140,58,10,
16,46200552,27,8,
16,46201381,163,139,
16,46201750,82,104,
16,46202058,32,6,
16,46202163,7,4,
16,46202254,3,0,
16,46202400,20,0,
16,46202666,6,2,
16,46202921,261,183,30
16,46202943,20,6,
16,46203138,181,121,
16,46203343,43,10,
16,46203410,12,4,
16,46203477,9,1,
16,46203499,59,0,
16,46203581,166,101,
16,46203611,76,48,
16,46204090,88,97,
16,46204139,100,53,
16,46204241,11,1,
16,46204451,3,1,
16,46204668,66,38,
16,46204849,9,1,
16,46204853,47,27,
16,46204886,97,212,
16,46204923,11,3,
16,46204998,29,8,
16,46205089,4,0,
16,46205437,696,321,13
16,46205461,147,34,
16,46205493,17,14,
16,46205519,213,98,27
16,46205632,3170,906,3
16,46205661,559,537,19
16,46205672,25,58,
16,46205724,335,401,
16,46205744,19,0,
16,46205797,4,0,
16,46205920,3,0,
16,46206277,159,250,24
16,46206457,927,451,
16,46206531,704,165,12
16,46207017,50,33,
16,46207425,274,124,21
16,46207464,631,130,7
16,46207505,583,542,14
16,46207711,12,2,
16,46207727,114,290,
16,46207852,64,26,
16,46208098,10,10,
16,46208160,104,44,
16,46208283,11,3,
16,46208320,9,1,
16,46208386,35,9,
16,46208409,130,56,26
16,46208672,43,13,
16,46208760,8,1,
16,46208773,224,114,22
16,46208962,768,317,20
16,46209077,28,5,
16,46209220,8,3,
16,46209372,52,41,
16,46209378,28,3,
16,46209486,7,3,
16,46209493,71,47,
16,46209537,18,8,
16,46209837,16,0,
16,46209846,116,24,
16,46210002,10,3,
16,46210095,91,148,
16,46210239,25,3,
16,46210240,349,117,15
16,46210304,31,2,
16,46210361,19,1,
16,46210404,13,3,
16,46210424,7,2,
16,46210672,10,7,
16,46210694,4,0,
16,46210705,40,5,
16,46210748,3,0,22
16,46210806,81,24,
16,46211031,3,0,
16,46211102,18,5,
16,46211256,4,0,
16,46211273,9,1,
16,46211417,32,3,
16,46211552,15,7,
16,46211802,87,47,28
16,46211861,48,9,
16,46211994,24,11,
16,46212026,27,3,
16,46212027,25,11,
16,46212029,9,4,
16,46212097,6,1,
16,46212176,18,4,
16,46212202,33,10,
16,46212246,6,1,
16,46212249,22,0,
16,46212301,17,0,
16,46212358,10,1,
16,46212438,58,37,
16,46212466,27,2,
16,46212520,13,1,
16,46212523,9,2,
16,46212667,11,0,
16,46212782,61,32,
16,46212816,4,1,
16,46212846,3,1,
16,46213006,20,2,
16,46213019,4,0,
16,46213045,64,86,
16,46213123,11,1,
16,46213273,89,14,29
16,46213334,19,2,
16,46213385,57,78,
16,46213406,38,9,
16,46213504,152,182,
16,46213585,823,591,6
16,46213662,20,9,
16,46213671,16,5,
16,46213709,119,132,
16,46213876,10,1,
16,46214091,60,57,
16,46214319,13,2,
16,46214486,6,1,
16,46214601,6,1,
16,46214617,56,43,
16,46214652,10,2,
16,46214693,193,32,3
16,46214950,134,98,
16,46215096,4,0,
16,46215229,17,20,
16,46215714,5,1,
16,46215920,4,1,
16,46215982,19,1,
16,46216360,5,1,
16,46216392,20,8,
16,46216422,7,3,
16,46216732,11,5,
16,46216775,7,5,
16,46216847,21,13,
16,46217026,84,169,
16,46217092,8,4,
16,46217176,57,77,
16,46217491,9,2,
16,46217578,64,100,
16,46217608,11,2,
16,46217688,4,3,
16,46217752,3,0,
16,46217811,6,5,
16,46217965,11,0,
16,46218038,3,0,
16,46218120,13,2,
16,46218123,4,0,
16,46218202,25,34,17
16,46218419,32,79,
16,46218538,19,3,4
16,46218725,238,178,1
16,46218800,8,1,11
16,46219011,55,102,2
16,46219346,73,18,1
16,46219386,7,4,4
16,46219538,24,4,3
16,46219544,4,1,9
17,46070203,420,258,
17,46070298,107,150,
17,46071785,53,19,
17,46073978,134,148,
17,46075126,77,71,
17,46080498,238,125,
17,46081418,51,53,
17,46085197,10,4,
17,46085280,96,49,
17,46086923,96,17,
17,46087115,63,10,
17,46088430,44,7,
17,46091211,178,66,
17,46092198,272,235,
17,46093613,178,47,
17,46094037,242,98,
17,46094330,94,53,
17,46094460,607,67,
17,46094552,120,35,
17,46094989,64,33,
17,46095087,659,373,
17,46095474,124,39,
17,46095662,415,139,
17,46095817,396,150,
17,46095988,8,3,
17,46096337,1241,397,
17,46096341,26,6,
17,46101816,136,112,
17,46102276,225,268,
17,46102311,147,39,
17,46103376,886,369,
17,46103571,157,203,
17,46103858,446,674,
17,46104193,900,732,
17,46104396,323,475,
17,46104539,112,29,
17,46106411,182,78,
17,46107897,50,7,
17,46108557,157,47,
17,46108780,982,464,
17,46111448,74,72,
17,46112520,8,0,
17,46112560,169,60,
17,46112965,66,53,
17,46113990,32,31,
17,46114064,57,10,
17,46114440,124,22,
17,46115758,149,93,
17,46116007,75,28,
17,46116567,216,291,
17,46118358,249,60,
17,46119117,54,53,
17,46119234,84,32,
17,46120549,177,89,
17,46120732,44,11,
17,46120764,79,34,
17,46121105,79,2,
17,46121870,819,929,
17,46121889,825,236,
17,46122302,17,3,
17,46123307,16,4,
17,46123720,158,46,
17,46123948,54,11,
17,46124267,2190,1072,
17,46124324,857,953,
17,46124425,524,111,
17,46124649,88,36,
17,46124903,44,25,
17,46125963,92,51,
17,46126066,20,15,
17,46126141,194,102,
17,46126217,599,64,
17,46126380,175,65,
17,46126446,974,851,
17,46127412,111,117,
17,46127575,52,6,
17,46127981,149,30,19
17,46128238,99,13,
17,46128523,38,11,
17,46128548,65,48,
17,46128616,92,14,
17,46128639,24,22,
17,46129505,15,3,
17,46130188,24,4,
17,46130260,176,68,
17,46130907,105,41,
17,46131406,1064,613,
17,46131837,125,95,
17,46132531,367,305,
17,46133141,240,194,
17,46134164,19,3,
17,46134443,828,584,
17,46134969,36,5,
17,46134991,118,25,
17,46135067,184,150,
17,46135145,117,42,
17,46135349,16,4,
17,46136023,508,320,
17,46136026,623,257,
17,46136059,244,48,
17,46136277,99,40,
17,46137253,526,215,
17,46137514,818,289,
17,46137548,138,94,
17,46137596,126,44,
17,46137772,40,8,
17,46137783,761,392,
17,46138238,1343,289,
17,46138459,315,59,
17,46138473,62,78,
17,46138632,174,59,
17,46138952,963,1061,
17,46139761,390,130,
17,46140219,19,3,
17,46140244,152,3,
17,46140579,96,40,27
17,46141731,127,112,
17,46141745,146,88,
17,46141986,124,17,
17,46142000,130,53,
17,46142100,520,404,
17,46142589,29,12,11
17,46142866,155,51,
17,46142949,43,6,
17,46143818,132,258,
17,46144275,401,181,
17,46144801,127,74,
17,46145154,35,6,
17,46145180,701,658,
17,46145365,719,365,
17,46145790,62,97,
17,46145834,472,202,
17,46145902,257,112,
17,46145960,98,16,
17,46146133,602,114,
17,46146204,88,14,
17,46147285,97,81,
17,46147329,147,31,
17,46147341,140,48,
17,46147353,412,412,
17,46147493,284,293,
17,46147540,513,252,
17,46147996,31,3,
17,46148202,101,166,
17,46148460,201,157,
17,46148748,441,337,
17,46149375,265,328,
17,46149727,50,37,
17,46149813,327,45,
17,46150447,91,23,
17,46150677,17,0,17
17,46150715,763,1019,
17,46151299,257,49,
17,46151600,70,24,
17,46152838,319,378,
17,46153058,132,15,
17,46153466,450,565,
17,46154114,34,2,
17,46154220,129,47,10
17,46154344,118,9,
17,46154491,397,306,
17,46155085,336,55,
17,46155135,555,290,
17,46155619,442,521,
17,46155701,175,30,
17,46155740,271,160,
17,46156379,86,66,
17,46157594,372,306,
17,46157624,10,0,27
17,46158578,344,117,
17,46158803,110,25,
17,46160315,1750,1342,
17,46160698,220,104,
17,46160773,442,307,
17,46160824,69,18,
17,46161125,295,274,
17,46161328,227,85,
17,46162643,16,0,12
17,46162656,782,564,
17,46162872,325,153,
17,46163121,226,303,
17,46163308,566,295,
17,46163609,332,95,
17,46164197,250,58,25
17,46166161,76,49,
17,46166178,191,34,
17,46166708,110,22,
17,46166782,15,0,
17,46167349,135,35,
17,46167500,135,78,
17,46167552,338,233,
17,46167621,193,68,
17,46168057,201,157,
17,46169330,75,16,
17,46169441,48,15,
17,46169554,416,231,
17,46170302,311,236,
17,46170309,194,29,
17,46170332,34,4,
17,46170402,138,118,
17,46170707,37,4,9
17,46170776,18,0,
17,46171008,135,60,21
17,46171184,14,11,
17,46171394,230,134,
17,46171703,39,7,
17,46171844,38,9,
17,46172167,175,24,
17,46172312,49,80,
17,46172443,350,317,
17,46172682,67,134,
17,46172797,199,63,
17,46172852,45,62,
17,46173407,789,452,
17,46173547,522,242,
17,46173825,262,138,
17,46174205,50,14,
17,46175112,393,449,
17,46175662,49,9,
17,46175826,237,99,
17,46175871,126,395,
17,46176169,154,219,
17,46176289,112,61,
17,46176533,42,18,
17,46176766,204,129,
17,46176893,429,531,
17,46176905,458,244,
17,46176965,26,9,
17,46177022,116,62,
17,46177132,131,36,
17,46177418,135,13,
17,46177615,53,3,
17,46177645,585,131,
17,46177737,36,24,
17,46178108,263,217,
17,46178347,702,271,
17,46178442,187,121,
17,46178464,37,9,
17,46178789,356,84,
17,46178892,224,21,
17,46180291,28,0,
17,46181076,200,94,
17,46181231,581,183,
17,46181237,60,23,
17,46181268,278,95,
17,46181371,677,990,
17,46181466,504,419,
17,46181491,596,281,
17,46181962,509,724,
17,46182031,148,10,
17,46182202,259,182,
17,46183011,120,206,
17,46183014,46,6,
17,46183088,145,201,
17,46183091,64,7,
17,46183294,548,456,
17,46183657,327,431,
17,46183952,27,11,
17,46184128,71,63,
17,46184229,225,261,
17,46184575,127,116,
17,46184730,166,32,
17,46185144,23,3,
17,46185317,89,1,
17,46185323,111,64,
17,46185576,173,62,
17,46185816,346,284,
17,46185957,325,349,
17,46186538,25,0,
17,46186917,35,13,
17,46186997,83,42,
17,46187387,239,69,
17,46187645,86,115,
17,46188451,164,121,
17,46189480,101,34,
17,46189616,23,2,
17,46189692,438,257,
17,46189704,78,99,
17,46189994,484,196,
17,46190324,52,3,
17,46190577,254,81,
17,46191179,14,18,
17,46191194,251,121,
17,46191207,5,0,
17,46191313,9,0,
17,46191763,185,50,
17,46191814,51,18,
17,46191933,106,90,
17,46192130,440,350,
17,46192186,470,558,
17,46192348,12,8,
17,46192459,362,403,
17,46192846,346,159,
17,46192962,258,218,
17,46192997,112,59,
17,46193116,78,40,
17,46193412,114,91,
17,46193931,276,51,
17,46194063,170,160,
17,46194302,83,38,
17,46194315,207,162,
17,46194337,327,86,
17,46194384,287,123,
17,46194477,199,26,
17,46194615,419,369,
17,46194828,129,85,
17,46194916,18,0,
17,46194991,14,0,
17,46195007,75,13,
17,46195068,43,4,
17,46195109,116,60,
17,46195198,191,175,
17,46195225,128,35,
17,46195226,17,23,
17,46195679,12,10,19
17,46196076,300,169,
17,46196105,429,162,
17,46196209,40,18,
17,46196228,411,675,
17,46196301,14,4,
17,46196308,174,60,
17,46196518,39,13,
17,46196545,79,96,
17,46196688,819,327,
17,46196831,122,66,
17,46196896,45,26,
17,46197173,40,5,
17,46197592,73,7,
17,46197875,103,173,
17,46198096,67,31,
17,46198294,55,104,
17,46198430,164,126,
17,46198606,29,10,5
17,46198874,9,1,
17,46199411,273,326,
17,46199530,112,24,
17,46199623,355,130,
17,46199649,72,11,
17,46199723,565,584,
17,46199887,17,0,
17,46199919,18,2,
17,46199935,57,6,
17,46199950,89,29,
17,46200140,58,10,
17,46200552,27,8,
17,46201381,163,139,
17,46201750,82,104,
17,46202058,32,6,
17,46202163,7,4,
17,46202254,3,0,
17,46202400,20,0,
17,46202666,6,2,
17,46202921,263,184,
17,46203138,181,121,
17,46203343,44,10,
17,46203410,12,4,
17,46203477,9,1,
17,46203499,59,0,
17,46203581,167,102,
17,46203611,76,48,
17,46204090,88,97,
17,46204139,101,53,
17,46204241,11,1,
17,46204451,3,1,
17,46204668,66,38,
17,46204849,9,1,
17,46204853,47,27,
17,46204886,99,220,
17,46204923,11,3,
17,46204998,29,8,
17,46205089,4,0,
17,46205437,708,322,26
17,46205461,148,34,
17,46205493,17,14,
17,46205519,214,98,
17,46205632,3198,910,22
17,46205661,564,538,
17,46205672,25,58,
17,46205724,339,406,
17,46205744,19,0,
17,46205797,4,0,
17,46205920,3,0,
17,46206277,160,256,
17,46206457,930,451,
17,46206531,707,170,23
17,46207017,50,33,
17,46207425,274,125,
17,46207464,645,136,13
17,46207505,589,554,28
17,46207711,12,2,
17,46207727,114,291,
17,46207852,64,27,
17,46208098,10,10,
17,46208160,104,44,
17,46208283,11,3,
17,46208320,9,1,
17,46208348,48,122,4
17,46208386,35,9,
17,46208409,132,57,
17,46208672,43,13,
17,46208760,8,1,
17,46208773,227,116,
17,46208962,776,323,
17,46209077,28,5,
17,46209220,8,3,
17,46209372,53,41,
17,46209378,28,3,
17,46209486,7,3,
17,46209537,18,8,
17,46209837,16,0,
17,46209846,116,24,
17,46210002,10,3,
17,46210095,93,153,
17,46210239,25,3,
17,46210240,353,118,29
17,46210304,31,2,
17,46210361,19,1,
17,46210404,13,3,
17,46210424,7,2,
17,46210672,10,7,
17,46210705,41,5,
17,46210748,4,3,
17,46210806,81,24,
17,46211102,18,5,
17,46211256,4,0,
17,46211417,32,3,
17,46211552,15,7,
17,46211802,89,49,
17,46211861,48,9,
17,46211994,24,11,
17,46212026,28,3,
17,46212027,25,11,
17,46212029,9,4,
17,46212097,6,1,
17,46212176,18,4,
17,46212202,33,10,
17,46212246,6,1,
17,46212249,22,0,
17,46212301,17,0,
17,46212358,11,1,
17,46212438,58,38,
17,46212466,28,2,
17,46212520,13,1,
17,46212523,9,2,
17,46212667,11,1,
17,46212782,62,33,
17,46212816,4,1,
17,46212846,3,1,
17,46213006,20,2,
17,46213019,4,0,
17,46213045,64,86,
17,46213123,11,1,
17,46213273,91,15,
17,46213334,19,2,
17,46213385,57,79,
17,46213406,39,9,
17,46213504,152,182,
17,46213585,850,621,15
17,46213662,20,9,
17,46213671,16,6,
17,46213709,121,136,
17,46213876,10,1,
17,46214091,60,58,
17,46214319,13,2,
17,46214486,6,1,
17,46214601,6,1,
17,46214617,56,43,
17,46214652,10,2,
17,46214693,205,35,11
17,46214950,135,99,
17,46215096,4,0,
17,46215229,17,20,
17,46215686,15,26,
17,46215714,5,1,
17,46215920,4,1,
17,46215982,19,1,
17,46216360,5,1,
17,46216392,21,8,
17,46216422,7,3,
17,46216583,25,2,8
17,46216732,13,9,
17,46216775,7,5,
17,46216847,21,24,
17,46217092,8,4,
17,46217176,68,89,30
17,46217491,9,2,
17,46217578,81,107,16
17,46217608,13,3,
17,46217688,5,3,
17,46217752,3,0,
17,46217811,7,6,
17,46217965,14,0,
17,46218038,8,0,
17,46218120,14,2,
17,46218123,4,0,
17,46218202,25,41,
17,46218419,34,85,
17,46218538,34,14,4
17,46218725,312,294,5
17,46218782,14,2,11
17,46218800,26,20,8
17,46219011,61,131,
17,46219346,299,66,1
17,46219386,17,8,6
17,46219501,8,4,
17,46219538,62,24,3
17,46219544,13,3,14
17,46219853,83,57,2
17,46219895,3,1,
17,46220108,7,4,
17,46220216,6,0,
17,46220412,8,5,
17,46220488,19,4,25
17,46220551,5,0,
18,46070203,420,258,
18,46070298,107,150,
18,46071785,53,19,
18,46073978,134,148,
18,46075126,77,71,
18,46080498,238,125,
18,46081418,51,53,
18,46085197,13,4,
18,46085280,96,49,
18,46086923,96,17,
18,46087115,63,10,
18,46088430,44,7,
18,46091211,178,66,
18,46092198,272,235,
18,46093613,178,47,
18,46094037,242,98,
18,46094330,94,53,
18,46094460,607,67,
18,46094552,120,35,
18,46094989,64,33,
18,46095087,659,373,
18,46095474,124,39,
18,46095662,415,139,
18,46095817,396,150,
18,46096337,1241,397,
18,46096341,26,6,
18,46101816,136,112,
18,46102276,225,268,
18,46102311,148,40,
18,46103376,886,369,
18,46103571,157,203,
18,46103858,446,674,
18,46104193,900,732,
18,46104396,323,475,
18,46104539,112,29,
18,46106411,182,78,
18,46107897,50,7,
18,46108557,157,47,
18,46108780,982,464,
18,46111448,74,72,
18,46112520,8,0,
18,46112560,169,60,
18,46112965,66,53,
18,46113990,32,31,
18,46114064,57,10,
18,46114440,124,22,
18,46115758,149,93,
18,46116007,75,28,
18,46116567,216,291,
18,46118358,249,60,
18,46119117,54,53,
18,46119234,84,32,
18,46120549,177,89,
18,46120732,44,11,
18,46120764,79,34,
18,46121105,79,2,
18,46121870,819,929,
18,46121889,825,236,
18,46122302,17,3,
18,46123307,16,4,
18,46123310,28,12,7
18,46123720,158,46,
18,46123948,54,11,
18,46124267,2190,1072,
18,46124324,857,953,
18,46124425,526,111,
18,46124649,88,36,
18,46124903,44,25,
18,46125963,92,51,
18,46126066,20,15,
18,46126141,194,102,
18,46126380,175,65,
18,46126446,974,851,
18,46127412,111,117,
18,46127575,52,6,
18,46127981,160,32,26
18,46128238,99,13,
18,46128523,40,12,
18,46128548,65,49,
18,46128616,92,14,
18,46128639,24,22,
18,46129505,15,3,
18,46130188,24,4,
18,46130260,176,68,
18,46130907,105,41,
18,46131406,1064,613,
18,46131837,125,95,
18,46132531,367,305,
18,46133141,240,194,
18,46134164,19,3,
18,46134443,828,584,
18,46134969,36,5,
18,46134991,118,25,
18,46135067,184,150,
18,46135145,117,42,
18,46135349,16,4,
18,46136023,508,320,
18,46136026,624,257,
18,46136059,244,49,
18,46136277,99,40,
18,46137253,526,215,
18,46137514,818,289,
18,46137548,138,94,
18,46137596,126,44,
18,46137772,40,8,
18,46137783,761,392,
18,46138238,1343,289,
18,46138459,315,59,
18,46138473,62,78,
18,46138632,174,59,
18,46138952,963,1061,
18,46139761,390,130,
18,46140219,19,3,
18,46140244,152,3,
18,46140579,97,40,
18,46141731,127,112,
18,46141745,146,88,
18,46141986,124,17,
18,46142000,130,53,
18,46142100,520,404,
18,46142589,46,31,11
18,46142866,155,51,
18,46142949,43,6,
18,46143818,133,258,
18,46144801,127,74,
18,46145154,35,6,
18,46145180,701,659,
18,46145365,719,365,
18,46145790,63,97,
18,46145902,257,112,
18,46145960,98,16,
18,46146133,602,114,
18,46147285,97,81,
18,46147329,147,31,
18,46147341,140,48,
18,46147353,412,412,
18,46147493,284,294,
18,46147540,513,252,
18,46147996,31,3,
18,46148202,101,167,
18,46148460,201,157,
18,46149375,265,328,
18,46149727,50,37,
18,46149813,327,45,
18,46150447,91,23,
18,46150677,27,2,15
18,46150715,763,1019,
18,46151299,257,49,
18,46151600,70,24,
18,46152838,319,378,
18,46153058,132,15,
18,46153466,450,565,
18,46154114,34,2,
18,46154220,141,48,16
18,46154344,118,9,
18,46154491,397,306,
18,46155085,336,55,
18,46155135,555,290,
18,46155619,442,521,
18,46155701,175,30,
18,46155740,273,161,
18,46156379,86,66,
18,46157594,372,306,
18,46157624,10,0,
18,46158578,344,117,
18,46158803,110,25,
18,46160315,1750,1342,
18,46160698,220,104,
18,46160773,442,307,
18,46160824,69,18,
18,46161125,296,275,
18,46161328,227,85,
18,46162643,37,0,12
18,46162656,782,564,
18,46162872,325,153,
18,46163121,226,303,
18,46163308,566,295,
18,46163609,332,95,
18,46164197,258,64,30
18,46166161,76,49,
18,46166178,191,34,
18,46166708,110,22,
18,46166782,15,0,
18,46167500,135,78,
18,46167552,338,233,
18,46169330,75,16,
18,46169441,48,15,
18,46169554,416,231,
18,46170302,311,236,
18,46170309,194,29,
18,46170402,138,118,
18,46170707,45,5,14
18,46170776,18,0,
18,46171008,137,64,29
18,46171184,14,11,
18,46171394,230,134,
18,46171703,39,7,
18,46171844,38,9,
18,46172167,175,24,
18,46172443,350,317,
18,46172682,67,134,
18,46172797,199,63,
18,46172852,45,62,
18,46173407,789,452,
18,46173547,522,242,
18,46173825,262,138,
18,46174205,50,14,
18,46175112,393,449,
18,46175662,49,9,
18,46175826,237,99,
18,46175871,126,395,
18,46176169,154,219,
18,46176289,112,61,
18,46176533,42,18,
18,46176766,204,129,
18,46176893,429,531,
18,46176905,458,243,
18,46176965,26,9,
18,46177022,116,62,
18,46177132,131,36,
18,46177418,135,13,
18,46177615,53,3,
18,46177645,585,131,
18,46177737,36,24,
18,46178108,263,217,
18,46178347,702,271,
18,46178442,187,121,
18,46178464,37,9,
18,46178789,356,84,
18,46178892,224,21,
18,46180291,28,0,
18,46181076,200,94,
18,46181231,581,183,
18,46181237,60,23,
18,46181268,278,95,
18,46181371,677,990,
18,46181466,504,419,
18,46181491,597,281,
18,46181962,509,724,
18,46182031,148,10,
18,46182202,259,182,
18,46183011,120,206,
18,46183014,46,6,
18,46183088,145,201,
18,46183091,64,7,
18,46183294,548,456,
18,46183657,327,432,
18,46183952,27,11,
18,46184128,71,63,
18,46184229,225,261,
18,46184575,127,116,
18,46185144,23,3,
18,46185317,89,1,
18,46185323,111,64,
18,46185576,173,62,
18,46185816,346,284,
18,46185957,325,349,
18,46186538,25,0,
18,46186917,35,13,
18,46186997,83,42,
18,46187387,240,69,
18,46187645,86,115,
18,46188451,164,121,
18,46189480,101,34,
18,46189616,23,2,
18,46189692,438,257,
18,46189704,78,99,
18,46189994,484,196,
18,46190324,52,3,
18,46190577,254,81,
18,46191179,14,18,
18,46191194,251,121,
18,46191207,5,0,
18,46191313,9,0,
18,46191763,185,50,
18,46191814,51,18,
18,46191933,106,90,
18,46192130,440,350,
18,46192186,470,561,
18,46192348,12,8,
18,46192459,362,403,
18,46192846,346,159,
18,46192962,258,218,
18,46192997,112,59,
18,46193116,78,40,
18,46193412,114,91,
18,46193931,276,51,
18,46194063,171,160,
18,46194302,83,38,
18,46194315,207,163,
18,46194337,327,86,
18,46194384,287,123,
18,46194477,199,26,
18,46194615,419,369,
18,46194828,129,85,
18,46194916,18,0,
18,46194991,14,0,
18,46195007,75,13,
18,46195068,43,4,
18,46195109,116,60,
18,46195198,191,175,
18,46195225,128,35,
18,46195226,17,23,
18,46195679,25,35,17
18,46196076,300,169,
18,46196105,429,163,
18,46196228,412,676,
18,46196301,14,4,
18,46196308,174,60,
18,46196518,39,13,
18,46196545,79,96,
18,46196688,819,327,
18,46196831,123,66,
18,46196896,45,26,
18,46197173,40,5,
18,46197592,73,7,
18,46197875,103,173,
18,46198096,67,31,
18,46198294,55,104,
18,46198430,165,126,
18,46198606,58,25,5
18,46198874,9,1,
18,46199411,273,326,
18,46199530,112,24,
18,46199623,355,130,
18,46199649,72,11,
18,46199723,565,584,
18,46199887,17,0,
18,46199919,18,2,
18,46199935,57,6,
18,46199950,89,29,
18,46200140,58,10,
18,46200552,27,8,
18,46201381,163,139,
18,46201750,82,104,
18,46202058,32,6,
18,46202163,7,4,
18,46202254,3,0,
18,46202400,20,0,
18,46202666,6,2,
18,46202921,264,184,
18,46203138,181,121,
18,46203343,44,11,
18,46203410,12,4,
18,46203477,9,1,
18,46203499,60,0,
18,46203581,168,102,
18,46203611,76,48,
18,46204090,90,97,
18,46204139,101,53,
18,46204241,11,1,
18,46204451,3,1,
18,46204668,66,38,
18,46204778,3,0,
18,46204849,9,1,
18,46204853,47,27,
18,46204886,99,221,
18,46204923,11,3,
18,46204998,29,8,
18,46205089,4,0,
18,46205437,714,328,
18,46205461,151,34,
18,46205493,17,16,
18,46205519,215,100,
18,46205632,3226,918,28
18,46205661,565,556,
18,46205672,25,58,
18,46205724,342,407,
18,46205744,19,0,
18,46205797,4,0,
18,46205920,3,0,
18,46206277,160,264,
18,46206457,932,451,
18,46206531,711,172,29
18,46207017,50,33,
18,46207425,276,126,
18,46207464,652,142,23
18,46207505,595,562,
18,46207711,12,2,
18,46207727,114,292,
18,46207852,65,27,
18,46208098,10,10,
18,46208160,104,44,
18,46208283,11,3,
18,46208320,9,1,
18,46208348,115,210,3
18,46208386,35,9,
18,46208409,133,60,
18,46208672,43,13,
18,46208760,8,1,
18,46208773,229,116,
18,46208962,779,328,
18,46209077,28,5,
18,46209220,8,3,
18,46209372,54,1,
18,46209378,28,3,
18,46209537,18,8,
18,46209837,16,0,
18,46209846,117,24,
18,46210002,10,3,
18,46210095,94,157,
18,46210239,25,3,
18,46210240,356,118,
18,46210304,31,2,
18,46210361,19,1,
18,46210404,13,3,
18,46210424,7,2,
18,46210672,10,7,
18,46210705,41,5,
18,46210748,4,6,
18,46210806,81,24,
18,46211102,18,5,
18,46211256,4,0,
18,46211417,32,3,
18,46211552,15,7,
18,46211802,90,49,
18,46211861,48,9,
18,46211994,24,11,
18,46212026,28,3,
18,46212027,25,3,
18,46212029,9,2,
18,46212097,6,1,
18,46212176,19,4,
18,46212202,33,10,
18,46212246,7,1,
18,46212249,22,0,
18,46212301,17,0,
18,46212358,11,2,
18,46212438,58,39,
18,46212466,29,2,
18,46212520,13,1,
18,46212523,9,2,
18,46212667,11,1,
18,46212782,62,34,
18,46212816,4,1,
18,46212846,3,1,
18,46213006,20,2,
18,46213019,4,0,
18,46213045,64,86,
18,46213123,11,1,
18,46213273,91,15,
18,46213334,19,2,
18,46213385,57,79,
18,46213406,40,9,
18,46213585,873,647,24
18,46213662,21,9,
18,46213671,16,6,
18,46213709,121,140,
18,46213876,10,1,
18,46214091,62,59,
18,46214319,14,2,
18,46214486,6,1,
18,46214601,6,1,
18,46214617,56,43,
18,46214652,10,2,
18,46214693,215,36,17
18,46214950,136,102,
18,46215096,4,0,
18,46215229,17,20,
18,46215686,15,26,
18,46215714,5,1,
18,46215920,4,1,
18,46215982,21,1,
18,46216360,5,1,
18,46216392,22,11,
18,46216422,8,3,
18,46216583,45,3,6
18,46216732,13,9,
18,46216775,7,5,
18,46216847,22,26,
18,46217092,8,4,
18,46217176,79,102,
18,46217578,90,122,25
18,46217608,13,3,
18,46217688,6,4,
18,46217752,4,0,
18,46217811,7,6,
18,46217965,18,0,
18,46218038,8,0,
18,46218120,16,2,
18,46218123,5,0,
18,46218202,25,48,
18,46218419,34,85,
18,46218538,40,18,7
18,46218640,152,77,21
18,46218725,352,349,22
18,46218782,21,8,13
18,46218800,35,46,9
18,46219011,68,152,
18,46219040,6,0,
18,46219346,487,85,1
18,46219386,20,10,10
18,46219501,11,6,
18,46219536,6,0,
18,46219538,93,36,3
18,46219544,20,3,22
18,46219853,157,105,2
18,46219895,3,1,
18,46220108,15,5,
18,46220201,9,0,
18,46220216,17,6,
18,46220488,119,53,10
18,46220503,9,1,
18,46220540,50,20,4
18,46220551,7,1,
18,46220577,19,1,27
18,46220640,33,15,10
18,46220798,10,1,
18,46220805,4,0,
18,46220902,4,0,22
18,46221016,5,1,
19,46070203,420,258,
19,46070298,107,150,
19,46071785,53,19,
19,46073978,134,148,
19,46075126,77,71,
19,46080498,238,125,
19,46081418,51,53,
19,46085197,15,4,
19,46085280,96,49,
19,46086923,96,17,
19,46087115,63,10,
19,46088430,44,7,
19,46092198,272,235,
19,46093613,178,47,
19,46094037,242,98,
19,46094330,94,53,
19,46094460,607,67,
19,46094552,120,35,
19,46094989,64,33,
19,46095087,659,373,
19,46095474,124,39,
19,46095662,415,139,
19,46095817,396,150,
19,46096337,1241,397,
19,46101816,136,112,
19,46102276,225,268,
19,46102311,148,40,
19,46103376,886,369,
19,46103571,157,203,
19,46103858,446,674,
19,46104193,900,732,
19,46104396,323,475,
19,46104539,112,29,
19,46106411,182,78,
19,46107897,50,7,
19,46108557,157,47,
19,46108780,982,464,
19,46111448,74,72,
19,46112520,8,0,
19,46112560,169,60,
19,46112965,66,53,
19,46113990,32,31,
19,46114064,57,10,
19,46114440,124,22,
19,46115758,149,93,
19,46116007,75,28,
19,46116567,216,291,
19,46118358,249,60,
19,46119117,54,53,
19,46119234,84,32,
19,46120549,177,89,
19,46120732,44,11,
19,46120764,79,34,
19,46121105,80,2,
19,46121870,819,929,
19,46121889,825,236,
19,46123307,16,4,
19,46123310,51,30,7
19,46123720,158,46,
19,46123948,54,11,
19,46124267,2190,1072,
19,46124324,857,953,
19,46124425,526,111,
19,46124649,88,36,
19,46124903,44,25,
19,46125963,92,51,
19,46126066,20,15,
19,46126141,194,102,
19,46126380,175,65,
19,46126446,974,851,
19,46127412,111,117,
19,46127575,52,6,
19,46127981,169,34,26
19,46128238,99,13,
19,46128523,41,12,
19,46128548,65,49,
19,46128616,92,14,
19,46128639,24,24,
19,46129505,15,3,
19,46130188,24,4,
19,46130907,105,41,
19,46131406,1064,613,
19,46131837,125,95,
19,46133141,240,194,
19,46134164,19,3,
19,46134443,828,584,
19,46134969,36,5,
19,46134991,118,25,
19,46135067,184,150,
19,46135145,117,42,
19,46135349,16,4,
19,46136023,508,320,
19,46136026,624,257,
19,46136059,244,49,
19,46136277,100,40,
19,46137253,526,215,
19,46137514,818,289,
19,46137548,138,94,
19,46137596,127,44,
19,46137772,41,8,
19,46137783,761,392,
19,46138238,1343,289,
19,46138459,315,59,
19,46138473,62,78,
19,46138632,174,59,
19,46138952,963,1062,
19,46139761,390,130,
19,46140219,20,3,
19,46140244,152,3,
19,46140579,97,42,
19,46141731,127,112,
19,46141745,146,88,
19,46141986,124,17,
19,46142000,130,53,
19,46142100,520,404,
19,46142589,58,40,14
19,46142866,155,51,
19,46142949,43,6,
19,46143818,133,258,
19,46144801,127,74,
19,46145154,35,6,
19,46145180,701,659,
19,46145365,719,365,
19,46145790,64,97,
19,46145902,257,112,
19,46145960,98,16,
19,46146133,602,114,
19,46147285,97,81,
19,46147329,147,31,
19,46147341,140,48,
19,46147353,412,412,
19,46147493,284,294,
19,46147540,513,252,
19,46147996,32,3,
19,46148202,101,167,
19,46148460,201,157,
19,46149375,265,328,
19,46149727,50,37,
19,46149813,327,45,
19,46150447,91,23,
19,46150677,39,6,19
19,46150715,763,1019,
19,46151299,257,49,
19,46151600,70,24,
19,46152838,319,378,
19,46153058,132,15,
19,46153466,450,567,
19,46154114,34,2,
19,46154220,147,51,23
19,46154344,118,9,
19,46154491,397,306,
19,46155085,336,55,
19,46155135,555,290,
19,46155619,442,521,
19,46155701,175,30,
19,46155740,278,163,
19,46157594,372,306,
19,46157624,11,0,
19,46158578,344,117,
19,46158803,110,25,
19,46160315,1750,1342,
19,46160698,220,104,
19,46160773,442,307,
19,46160824,69,18,
19,46161328,228,85,
19,46162643,47,0,13
19,46162656,782,564,
19,46162872,325,153,
19,46163121,227,303,
19,46163308,566,295,
19,46163609,332,95,
19,46164197,261,66,
19,46166161,76,49,
19,46166178,191,34,
19,46166708,110,22,
19,46166782,15,0,
19,46167500,135,78,
19,46167552,338,233,
19,46169330,75,16,
19,46169441,48,15,
19,46169554,416,231,
19,46170302,311,236,
19,46170309,194,29,
19,46170402,138,118,
19,46170707,52,5,16
19,46170776,18,0,
19,46171008,139,64,
19,46171184,14,11,
19,46171394,230,134,
19,46171703,39,7,
19,46171844,38,9,
19,46172167,175,24,
19,46172443,350,317,
19,46172682,67,134,
19,46172797,199,63,
19,46172852,45,62,
19,46173407,789,452,
19,46173547,522,242,
19,46173600,8,0,21
19,46173825,262,138,
19,46174205,50,14,
19,46175112,393,449,
19,46175662,49,9,
19,46175826,237,99,
19,46175871,126,396,
19,46176169,154,219,
19,46176289,112,61,
19,46176533,42,18,
19,46176766,204,129,
19,46176893,429,531,
19,46176905,458,243,
19,46177022,116,62,
19,46177132,131,36,
19,46177418,135,13,
19,46177615,53,3,
19,46177645,585,131,
19,46177737,36,24,
19,46178108,263,217,
19,46178347,703,271,
19,46178442,187,121,
19,46178464,37,9,
19,46178789,356,84,
19,46178892,224,21,
19,46180291,28,0,
19,46181076,200,94,
19,46181231,581,183,
19,46181237,60,23,
19,46181268,278,95,
19,46181371,677,991,
19,46181466,504,419,
19,46181491,597,281,
19,46181962,509,724,
19,46182031,148,10,
19,46182202,260,182,
19,46183011,120,206,
19,46183014,46,6,
19,46183088,145,201,
19,46183091,64,7,
19,46183294,548,456,
19,46183657,327,433,
19,46183952,27,11,
19,46184128,71,63,
19,46184229,225,261,
19,46184575,128,116,
19,46185144,23,3,
19,46185317,89,1,
19,46185323,111,64,
19,46185576,173,62,
19,46185816,346,284,
19,46185957,325,349,
19,46186538,25,0,
19,46186917,35,13,
19,46186997,83,42,
19,46187387,240,69,
19,46187645,86,115,
19,46188451,164,121,
19,46189480,101,34,
19,46189616,23,2,
19,46189692,438,257,
19,46189704,78,99,
19,46189994,484,196,
19,46190324,53,3,
19,46190577,254,81,
19,46191179,14,18,
19,46191194,251,121,
19,46191207,5,0,
19,46191313,9,0,
19,46191763,185,50,
19,46191814,51,18,
19,46191933,106,90,
19,46192130,440,353,
19,46192186,470,561,
19,46192348,12,8,
19,46192459,363,403,
19,46192846,346,159,
19,46192962,258,218,
19,46192997,112,59,
19,46193116,78,40,
19,46193412,114,91,
19,46193931,276,51,
19,46194063,171,161,
19,46194302,83,38,
19,46194315,207,163,
19,46194337,327,86,
19,46194384,287,123,
19,46194477,199,26,
19,46194615,419,369,
19,46194828,129,85,
19,46194916,18,0,
19,46194991,14,0,
19,46195007,75,13,
19,46195068,43,4,
19,46195109,116,60,
19,46195198,191,176,
19,46195225,128,35,
19,46195226,17,23,
19,46195679,28,42,18
19,46196076,300,169,
19,46196105,429,163,
19,46196228,412,677,
19,46196301,14,4,
19,46196308,174,60,
19,46196518,39,13,
19,46196545,79,96,
19,46196688,820,327,
19,46196831,123,66,
19,46196896,45,26,
19,46197173,40,5,
19,46197592,73,7,
19,46197875,103,173,
19,46198096,67,31,
19,46198294,55,105,
19,46198430,165,126,
19,46198606,70,28,6
19,46198874,9,1,
19,46199411,273,326,
19,46199530,112,24,
19,46199623,355,131,
19,46199649,73,11,
19,46199723,565,585,
19,46199887,17,0,
19,46199919,18,2,
19,46199935,57,6,
19,46199950,90,29,
19,46200140,58,10,
19,46200552,27,8,
19,46201381,163,139,
19,46202058,32,6,
19,46202163,7,4,
19,46202254,3,0,
19,46202400,21,0,
19,46202666,6,2,
19,46202921,265,187,
19,46203138,182,121,
19,46203343,44,12,
19,46203410,12,4,
19,46203477,9,1,
19,46203499,60,0,
19,46203581,169,102,
19,46203611,76,48,
19,46204090,90,97,
19,46204139,101,53,
19,46204241,11,1,
19,46204451,3,1,
19,46204668,66,38,
19,46204778,3,0,
19,46204849,9,1,
19,46204853,47,27,
19,46204886,101,221,
19,46204923,11,3,
19,46204998,29,8,
19,46205089,4,0,
19,46205437,716,330,
19,46205461,152,34,
19,46205493,17,16,
19,46205519,215,102,
19,46205632,3234,925,
19,46205661,568,560,
19,46205672,25,58,
19,46205724,342,412,
19,46205744,19,0,
19,46205797,4,0,
19,46205920,3,0,
19,46206277,161,266,
19,46206457,933,453,
19,46206531,719,173,28
19,46207017,50,34,
19,46207425,277,126,
19,46207464,655,144,
19,46207505,599,565,
19,46207727,115,297,
19,46207852,65,27,
19,46208098,10,11,
19,46208160,105,44,
19,46208283,11,3,
19,46208320,9,1,
19,46208348,192,302,2
19,46208386,35,9,
19,46208409,133,60,
19,46208672,44,13,
19,46208760,8,1,
19,46208773,230,116,
19,46208962,781,330,
19,46209077,28,5,
19,46209220,8,3,
19,46209372,54,1,
19,46209378,28,3,
19,46209537,18,8,
19,46209837,16,0,
19,46209846,119,24,
19,46210002,10,3,
19,46210095,94,164,
19,46210239,25,3,
19,46210240,360,120,
19,46210304,31,2,
19,46210361,19,1,
19,46210404,13,3,
19,46210424,7,2,
19,46210672,11,7,
19,46210705,42,6,
19,46210748,4,6,
19,46210806,82,24,
19,46211102,18,5,
19,46211256,4,0,
19,46211417,32,3,
19,46211552,15,7,
19,46211802,91,50,
19,46211861,48,9,
19,46211994,24,11,
19,46212026,28,3,
19,46212027,25,3,
19,46212029,9,2,
19,46212097,6,1,
19,46212176,19,4,
19,46212202,34,10,
19,46212246,7,1,
19,46212249,22,0,
19,46212301,17,0,
19,46212358,11,3,
19,46212438,60,39,
19,46212466,29,2,
19,46212520,13,1,
19,46212523,9,2,
19,46212667,11,1,
19,46212782,64,34,
19,46212816,4,1,
19,46212846,3,1,
19,46213006,20,2,
19,46213019,4,0,
19,46213045,64,87,
19,46213123,11,1,
19,46213273,91,15,
19,46213334,20,2,
19,46213385,57,79,
19,46213406,40,10,
19,46213585,896,662,25
19,46213662,21,9,
19,46213671,16,6,
19,46213709,122,141,
19,46213876,10,1,
19,46214091,62,59,
19,46214319,14,2,
19,46214486,6,1,
19,46214601,6,1,
19,46214617,57,43,
19,46214693,222,37,20
19,46214731,6,3,
19,46214950,136,108,
19,46215096,4,0,
19,46215229,17,21,
19,46215686,16,27,
19,46215714,5,1,
19,46215920,4,1,
19,46215982,22,1,
19,46216360,5,1,
19,46216392,24,13,
19,46216422,8,4,
19,46216583,56,6,9
19,46216732,13,12,
19,46216775,7,5,
19,46216847,22,29,
19,46217092,9,4,
19,46217176,85,110,
19,46217578,99,130,27
19,46217608,13,3,
19,46217688,6,4,
19,46217752,7,0,
19,46217811,7,6,
19,46217965,19,0,
19,46218038,8,0,
19,46218120,16,2,
19,46218123,5,0,
19,46218202,25,49,
19,46218466,3,0,
19,46218538,48,25,13
19,46218640,214,154,22
19,46218665,5,1,
19,46218725,377,371,29
19,46218782,34,14,14
19,46218800,35,48,
19,46218817,5,3,
19,46219011,70,159,
19,46219040,7,0,
19,46219280,5,0,
19,46219346,652,111,1
19,46219386,24,20,11
19,46219501,12,7,
19,46219536,6,0,
19,46219538,117,53,5
19,46219544,24,4,24
19,46219853,206,174,2
19,46219895,3,1,
19,46220108,20,8,
19,46220201,14,0,
19,46220216,27,12,
19,46220488,203,142,8
19,46220503,20,1,
19,46220540,105,53,4
19,46220551,8,1,
19,46220577,23,2,30
19,46220640,63,48,7
19,46220794,16,3,18
19,46220798,10,2,
19,46220805,7,0,
19,46220902,16,15,16
19,46221016,8,3,
19,46221404,13,3,22
19,46221594,8,0,20
19,46221661,3,0,
19,46221925,32,6,6
19,46222146,6,1,
19,46222162,6,1,
19,46222165,20,13,5
19,46222217,6,3,
19,46222237,10,1,
19,46222541,3,0,
20,46070298,107,150,
20,46073978,134,148,
20,46075126,77,71,
20,46080498,238,125,
20,46081418,51,53,
20,46085197,15,4,
20,46085280,96,49,
20,46086923,96,17,
20,46087115,63,10,
20,46088430,44,7,
20,46092198,272,235,
20,46093613,178,47,
20,46094037,242,98,
20,46094330,94,53,
20,46094460,607,67,
20,46094552,120,35,
20,46094989,64,33,
20,46095087,659,373,
20,46095474,124,39,
20,46095662,415,139,
20,46095817,397,150,
20,46096337,1241,397,
20,46101816,136,112,
20,46102276,225,268,
20,46102311,148,40,
20,46103376,886,369,
20,46103571,157,203,
20,46103858,446,674,
20,46104193,900,732,
20,46104396,323,475,
20,46104539,112,29,
20,46106411,182,78,
20,46107897,51,7,
20,46108557,157,47,
20,46108780,982,464,
20,46111448,74,72,
20,46112520,8,0,
20,46112560,169,60,
20,46112965,66,53,
20,46113990,32,31,
20,46114064,57,10,
20,46114440,125,22,
20,46115758,149,93,
20,46116007,75,28,
20,46116567,216,291,
20,46118358,249,60,
20,46119117,54,53,
20,46119234,84,32,
20,46120549,178,89,
20,46120732,44,11,
20,46120764,79,34,
20,46121105,80,2,
20,46121870,819,929,
20,46121889,825,236,
20,46123307,16,4,
20,46123310,76,52,8
20,46123720,158,46,
20,46123948,54,11,
20,46124267,2190,1072,
20,46124324,857,953,
20,46124425,527,111,
20,46124649,88,36,
20,46124903,44,25,
20,46125963,92,51,
20,46126066,21,15,
20,46126141,194,102,
20,46126446,974,851,
20,46127412,111,117,
20,46127575,52,6,
20,46127981,178,35,30
20,46128238,99,13,
20,46128523,43,12,
20,46128548,65,49,
20,46128616,92,14,
20,46128639,25,24,
20,46129505,15,3,
20,46130188,24,4,
20,46130907,105,41,
20,46131406,1064,613,
20,46131837,125,95,
20,46133141,240,194,
20,46134164,19,3,
20,46134443,828,584,
20,46134969,36,5,
20,46134991,118,25,
20,46135067,184,150,
20,46135145,117,42,
20,46135349,16,4,
20,46136023,508,320,
20,46136026,624,257,
20,46136059,244,49,
20,46136277,100,40,
20,46137253,526,215,
20,46137514,818,289,
20,46137548,138,94,
20,46137596,127,44,
20,46137772,41,8,
20,46137783,761,392,
20,46138238,1343,289,
20,46138459,315,59,
20,46138473,63,78,
20,46138632,174,59,
20,46138952,963,1062,
20,46140219,20,3,
20,46140244,152,3,
20,46140579,98,44,
20,46141731,128,113,
20,46141745,146,88,
20,46141986,125,17,
20,46142000,130,53,
20,46142100,520,404,
20,46142589,72,52,28
20,46142866,155,51,
20,46142949,43,6,
20,46143818,133,259,
20,46144801,127,74,
20,46145154,35,6,
20,46145180,701,659,
20,46145365,719,365,
20,46145790,64,97,
20,46145902,257,112,
20,46145960,98,16,
20,46146133,602,114,
20,46147285,97,81,
20,46147329,147,31,
20,46147341,140,48,
20,46147493,284,294,
20,46147540,513,252,
20,46147996,32,3,
20,46148202,101,169,
20,46148460,201,157,
20,46149375,265,328,
20,46149727,50,37,
20,46149813,327,45,
20,46150447,91,23,
20,46150677,52,11,19
20,46150715,763,1019,
20,46150797,15,0,8
20,46151299,257,49,
20,46151600,70,24,
20,46152838,319,378,
20,46153058,132,15,
20,46153466,450,567,
20,46154114,34,2,
20,46154220,154,54,29
20,46154344,118,9,
20,46154491,398,306,
20,46155085,336,55,
20,46155135,555,290,
20,46155619,442,521,
20,46155701,175,30,
20,46155740,278,164,
20,46157594,373,306,
20,46157624,12,0,
20,46158578,344,117,
20,46158803,111,26,
20,46160315,1750,1342,
20,46160698,220,104,
20,46160773,442,307,
20,46160824,69,18,
20,46161328,228,85,
20,46162643,63,0,14
20,46162656,782,564,
20,46162872,325,153,
20,46163121,227,303,
20,46163308,566,295,
20,46163609,332,95,
20,46164197,263,69,
20,46166161,76,49,
20,46166178,191,34,
20,46166708,110,22,
20,46166782,15,0,
20,46167500,135,78,
20,46167552,338,233,
20,46169330,75,16,
20,46169441,48,15,
20,46169554,416,231,
20,46170302,311,236,
20,46170402,138,118,
20,46170707,56,7,21
20,46170776,18,0,
20,46171008,142,66,
20,46171184,14,11,
20,46171703,39,7,
20,46171844,38,9,
20,46172167,175,24,
20,46172443,350,317,
20,46172682,67,134,
20,46172797,199,63,
20,46172852,45,62,
20,46173407,789,453,
20,46173547,522,242,
20,46173600,10,0,22
20,46173825,262,139,
20,46174205,50,14,
20,46175112,393,449,
20,46175662,49,9,
20,46175826,237,99,
20,46175871,126,395,
20,46176169,154,219,
20,46176289,112,61,
20,46176533,42,18,
20,46176766,204,129,
20,46176893,429,531,
20,46176905,458,243,
20,46177022,117,62,
20,46177132,131,36,
20,46177418,135,13,
20,46177615,53,3,
20,46177645,585,131,
20,46177737,36,24,
20,46178108,263,217,
20,46178347,703,271,
20,46178442,187,121,
20,46178464,37,9,
20,46178789,356,84,
20,46178892,224,21,
20,46180291,28,0,
20,46181076,200,94,
20,46181231,581,183,
20,46181237,60,23,
20,46181268,278,95,
20,46181371,677,992,
20,46181466,504,419,
20,46181491,597,281,
20,46181962,509,724,
20,46182031,148,10,
20,46182202,260,182,
20,46183011,120,206,
20,46183014,46,6,
20,46183088,145,201,
20,46183091,64,7,
20,46183294,548,456,
20,46183657,327,433,
20,46183952,27,11,
20,46184128,71,63,
20,46184229,225,261,
20,46184575,128,116,
20,46185144,23,3,
20,46185317,89,1,
20,46185323,111,64,
20,46185576,173,62,
20,46185816,347,285,
20,46185957,326,349,
20,46186538,25,0,
20,46186917,35,13,
20,46186997,83,42,
20,46187387,240,69,
20,46187645,86,115,
20,46188451,164,121,
20,46189480,102,34,
20,46189616,23,2,
20,46189692,438,257,
20,46189704,78,99,
20,46189994,484,196,
20,46190324,53,3,
20,46190577,254,81,
20,46191194,251,121,
20,46191207,5,0,
20,46191313,9,0,
20,46191763,185,50,
20,46191814,51,18,
20,46191933,106,90,
20,46192130,440,353,
20,46192186,470,561,
20,46192348,12,8,
20,46192459,363,403,
20,46192846,346,159,
20,46192962,258,218,
20,46192997,112,59,
20,46193116,78,40,
20,46193412,114,92,
20,46193931,276,51,
20,46194063,171,161,
20,46194302,84,38,
20,46194315,207,163,
20,46194337,327,86,
20,46194384,287,123,
20,46194477,199,26,
20,46194615,419,369,
20,46194828,129,85,
20,46194916,18,0,
20,46194991,14,0,
20,46195007,75,13,
20,46195068,43,4,
20,46195109,116,60,
20,46195198,192,176,
20,46195225,128,35,
20,46195226,17,23,
20,46195679,32,44,28
20,46196076,300,169,
20,46196105,429,163,
20,46196228,412,678,
20,46196301,14,4,
20,46196308,174,60,
20,46196518,39,13,
20,46196545,79,96,
20,46196688,821,327,
20,46196831,123,66,
20,46196896,45,26,
20,46197173,40,5,
20,46197592,73,7,
20,46197875,103,173,
20,46198096,67,31,
20,46198294,55,105,
20,46198430,165,126,
20,46198606,86,31,7
20,46198874,9,1,
20,46199411,273,327,
20,46199530,112,24,
20,46199623,355,131,
20,46199649,73,11,
20,46199723,566,586,
20,46199887,17,0,
20,46199919,18,2,
20,46199935,57,6,
20,46199950,91,29,
20,46200140,58,10,
20,46200552,27,8,
20,46201381,163,139,
20,46202058,32,6,
20,46202163,7,4,
20,46202254,3,0,
20,46202400,21,0,
20,46202666,6,2,
20,46202921,265,189,
20,46203138,182,121,
20,46203343,45,12,
20,46203410,12,4,
20,46203477,9,1,
20,46203499,60,0,
20,46203581,169,103,
20,46203611,76,48,
20,46204090,91,97,
20,46204139,101,53,
20,46204451,3,1,
20,46204668,66,38,
20,46204778,3,0,
20,46204849,9,1,
20,46204853,47,27,
20,46204886,102,225,
20,46204923,11,3,
20,46204998,29,8,
20,46205089,4,0,
20,46205437,719,331,
20,46205461,153,34,
20,46205493,17,16,
20,46205519,215,102,
20,46205632,3244,926,
20,46205661,568,562,
20,46205724,347,413,
20,46205744,19,0,
20,46205797,4,0,
20,46205920,3,0,
20,46206277,164,270,
20,46206457,936,453,
20,46206531,724,174,
20,46207017,50,34,
20,46207425,278,127,
20,46207464,659,144,
20,46207505,601,567,
20,46207727,115,298,
20,46207852,65,27,
20,46208098,11,14,
20,46208160,105,44,
20,46208283,11,3,
20,46208348,288,450,2
20,46208386,35,9,
20,46208409,135,61,
20,46208672,44,13,
20,46208760,8,1,
20,46208773,233,120,
20,46208962,783,330,
20,46209077,28,5,
20,46209220,8,3,
20,46209372,54,1,
20,46209378,28,3,
20,46209537,18,8,
20,46209837,16,0,
20,46209846,120,24,
20,46210002,10,3,
20,46210095,95,166,
20,46210239,25,3,
20,46210240,361,121,
20,46210304,31,2,
20,46210361,19,1,
20,46210404,14,4,
20,46210424,7,2,
20,46210672,11,7,
20,46210705,42,6,
20,46210748,4,6,
20,46210806,83,24,
20,46211102,18,5,
20,46211256,4,0,
20,46211417,32,3,
20,46211552,15,7,
20,46211802,92,50,
20,46211861,49,9,
20,46211994,25,11,
20,46212026,28,3,
20,46212027,25,3,
20,46212029,10,2,
20,46212097,6,1,
20,46212176,19,4,
20,46212202,34,10,
20,46212246,8,1,
20,46212249,22,0,
20,46212301,17,0,
20,46212358,11,3,
20,46212466,30,2,
20,46212520,13,1,
20,46212523,9,2,
20,46212667,11,1,
20,46212782,64,34,
20,46212846,3,1,
20,46213045,66,87,
20,46213123,11,1,
20,46213273,92,15,
20,46213334,20,2,
20,46213406,40,10,
20,46213585,905,678,
20,46213662,21,9,
20,46213671,16,6,
20,46213709,123,142,
20,46213876,10,1,
20,46214091,63,59,
20,46214319,14,2,
20,46214486,6,1,
20,46214601,6,1,
20,46214617,57,50,
20,46214693,233,37,26
20,46214731,6,3,
20,46214950,136,110,
20,46215096,4,0,
20,46215229,17,21,
20,46215686,18,29,
20,46215714,5,1,
20,46215920,4,1,
20,46215982,23,1,
20,46216360,5,1,
20,46216392,25,14,
20,46216422,8,4,
20,46216583,76,8,10
20,46216732,13,12,
20,46216775,7,5,
20,46216847,23,31,
20,46217092,9,4,
20,46217176,94,119,
20,46217578,100,131,
20,46217608,13,3,
20,46217688,6,4,
20,46217752,10,0,
20,46217811,7,6,
20,46217965,22,0,
20,46218038,8,0,
20,46218120,16,2,
20,46218123,5,0,
20,46218466,4,0,
20,46218538,58,27,23
20,46218640,275,227,21
20,46218665,8,1,
20,46218725,383,390,
20,46218782,42,20,15
20,46218800,36,49,24
20,46218817,5,3,
20,46219040,9,0,
20,46219280,7,0,
20,46219346,809,128,1
20,46219386,26,32,18
20,46219501,13,8,
20,46219536,6,0,
20,46219538,134,70,5
20,46219544,34,4,27
20,46219853,240,209,6
20,46219895,4,1,
20,46220108,24,8,
20,46220127,6,1,
20,46220201,19,1,
20,46220216,34,13,
20,46220488,283,176,10
20,46220503,30,1,
20,46220540,144,81,4
20,46220551,8,1,
20,46220577,26,2,
20,46220640,89,86,11
20,46220794,41,18,9
20,46220798,13,2,
20,46220805,7,0,
20,46220902,22,22,15
20,46221016,9,4,
20,46221404,19,19,18
20,46221594,32,3,7
20,46221661,3,0,
20,46221925,69,13,3
20,46222146,7,3,
20,46222162,12,2,
20,46222165,47,47,3
20,46222217,9,14,
20,46222237,34,4,
20,46222431,5,0,
20,46222541,5,0,
20,46222731,10,2,
20,46222837,5,2,
20,46222915,15,5,
20,46223389,5,1,
20,46223416,3,0,
21,46070298,107,150,
21,46073978,134,148,
21,46075126,77,71,
21,46080498,238,125,
21,46081418,51,53,
21,46085197,15,4,
21,46086923,96,17,
21,46087115,63,10,
21,46088430,44,7,
21,46092198,272,235,
21,46094037,242,98,
21,46094330,94,53,
21,46094460,607,67,
21,46094552,121,35,
21,46094989,64,33,
21,46095087,660,373,
21,46095474,124,39,
21,46095662,415,139,
21,46095817,397,150,
21,46096337,1241,397,
21,46101816,136,112,
21,46102276,225,269,
21,46102311,148,40,
21,46103376,886,369,
21,46103571,157,203,
21,46103858,446,674,
21,46104193,900,732,
21,46104396,323,475,
21,46104539,112,29,
21,46106411,182,78,
21,46107897,51,7,
21,46108557,157,47,
21,46108780,982,464,
21,46111448,74,72,
21,46112520,8,0,
21,46112560,169,60,
21,46112965,66,54,
21,46113990,32,31,
21,46114064,57,10,
21,46114440,125,22,
21,46115758,149,93,
21,46116007,75,28,
21,46116567,216,291,
21,46118358,249,60,
21,46119117,54,53,
21,46119234,84,32,
21,46120549,178,89,
21,46120732,44,11,
21,46120764,79,34,
21,46121105,80,2,
21,46121870,819,929,
21,46123307,16,4,
21,46123310,99,73,9
21,46123720,158,46,
21,46123948,54,11,
21,46124267,2191,1073,
21,46124324,857,953,
21,46124425,528,112,
21,46124649,89,36,
21,46124903,44,25,
21,46125963,92,51,
21,46126066,21,15,
21,46126141,194,102,
21,46126446,974,851,
21,46127412,111,117,
21,46127575,52,6,
21,46127981,182,35,
21,46128238,99,13,
21,46128523,43,12,
21,46128548,65,49,
21,46128616,92,14,
21,46128639,25,24,
21,46129505,15,3,
21,46130188,24,4,
21,46130907,105,41,
21,46131406,1064,613,
21,46131837,125,95,
21,46133141,240,194,
21,46134164,19,3,
21,46134443,828,584,
21,46134969,36,5,
21,46134991,118,25,
21,46135067,184,150,
21,46135145,117,42,
21,46135349,16,4,
21,46136023,508,320,
21,46136026,624,257,
21,46136059,244,49,
21,46136277,101,40,
21,46137253,526,215,
21,46137514,818,289,
21,46137548,138,94,
21,46137596,127,44,
21,46137772,42,8,
21,46137783,761,392,
21,46138238,1343,289,
21,46138459,315,59,
21,46138473,63,78,
21,46138632,174,59,
21,46138952,963,1062,
21,46140219,20,3,
21,46140244,152,3,
21,46140579,100,45,
21,46141731,128,113,
21,46141745,146,88,
21,46141986,125,17,
21,46142000,130,53,
21,46142100,520,404,
21,46142589,73,56,
21,46142866,155,51,
21,46143818,133,259,
21,46144801,127,74,
21,46145154,35,6,
21,46145180,701,659,
21,46145365,719,365,
21,46145790,64,98,
21,46145902,257,112,
21,46145960,98,16,
21,46146133,602,114,
21,46147285,97,81,
21,46147329,147,31,
21,46147341,140,48,
21,46147493,284,294,
21,46147540,513,252,
21,46147996,32,3,
21,46148202,101,169,
21,46148460,201,157,
21,46149375,265,328,
21,46149727,50,37,
21,46149813,327,45,
21,46150447,91,23,
21,46150677,67,13,19
21,46150715,763,1019,
21,46150797,34,8,5
21,46151299,257,49,
21,46151600,70,24,
21,46152838,319,378,
21,46153058,132,15,
21,46153466,450,567,
21,46154114,34,2,
21,46154220,157,56,30
21,46154344,118,9,
21,46154491,398,306,
21,46155085,336,55,
21,46155135,555,290,
21,46155619,442,521,
21,46155701,175,30,
21,46155740,278,164,
21,46157594,373,306,
21,46157624,12,0,
21,46158578,344,117,
21,46158803,111,26,
21,46160315,1750,1343,
21,46160773,442,307,
21,46160824,69,18,
21,46161328,228,85,
21,46162643,73,3,14
21,46162656,782,564,
21,46162872,325,153,
21,46163121,227,303,
21,46163308,566,295,
21,46163609,332,95,
21,46164197,263,70,
21,46166161,76,49,
21,46166178,192,34,
21,46166708,110,22,
21,46166782,15,0,
21,46167500,135,78,
21,46167552,338,233,
21,46169330,75,16,
21,46169441,48,15,
21,46169554,416,231,
21,46170302,311,236,
21,46170402,138,118,
21,46170707,64,9,25
21,46170776,18,0,
21,46170847,11,3,13
21,46171008,142,67,
21,46171184,14,11,
21,46171703,39,7,
21,46171844,38,9,
21,46172167,175,24,
21,46172443,350,317,
21,46172682,67,134,
21,46172797,199,63,
21,46172852,45,62,
21,46173407,789,453,
21,46173547,523,242,
21,46173600,11,0,27
21,46173825,262,139,
21,46174205,50,14,
21,46175112,393,449,
21,46175662,49,9,
21,46175826,237,99,
21,46175871,126,394,
21,46176169,154,220,
21,46176289,112,61,
21,46176533,42,18,
21,46176766,204,129,
21,46176893,429,531,
21,46176905,458,243,
21,46177022,117,63,
21,46177132,131,36,
21,46177418,135,13,
21,46177615,53,3,
21,46177645,585,131,
21,46177737,36,24,
21,46178108,263,217,
21,46178347,703,271,
21,46178442,187,121,
21,46178464,37,9,
21,46178789,356,84,
21,46178892,224,21,
21,46181076,200,94,
21,46181231,581,183,
21,46181237,60,23,
21,46181268,278,95,
21,46181371,678,993,
21,46181466,504,419,
21,46181491,598,281,
21,46181962,509,724,
21,46182031,148,10,
21,46182202,260,182,
21,46183011,120,206,
21,46183014,46,6,
21,46183088,146,201,
21,46183091,64,7,
21,46183294,548,456,
21,46183657,327,433,
21,46183952,27,11,
21,46184128,71,63,
21,46184229,225,261,
21,46184575,128,116,
21,46185144,23,3,
21,46185317,89,1,
21,46185323,111,64,
21,46185576,173,62,
21,46185816,348,286,
21,46185957,326,349,
21,46186538,25,0,
21,46186917,35,13,
21,46186997,83,42,
21,46187387,240,69,
21,46187645,86,115,
21,46188451,164,121,
21,46189480,102,34,
21,46189616,23,2,
21,46189692,438,257,
21,46189704,78,99,
21,46189994,485,196,
21,46190324,53,3,
21,46190577,254,81,
21,46191194,251,121,
21,46191313,9,0,
21,46191763,185,50,
21,46191814,51,18,
21,46191933,106,90,
21,46192130,440,353,
21,46192186,470,561,
21,46192348,12,8,
21,46192459,364,403,
21,46192846,346,159,
21,46192962,258,218,
21,46192997,112,59,
21,46193116,78,40,
21,46193412,114,92,
21,46193931,276,51,
21,46194063,171,162,
21,46194302,84,38,
21,46194315,207,163,
21,46194337,327,86,
21,46194384,287,123,
21,46194477,199,26,
21,46194615,419,369,
21,46194828,130,85,
21,46194916,18,0,
21,46194991,14,0,
21,46195007,75,13,
21,46195068,43,4,
21,46195109,116,60,
21,46195198,192,176,
21,46195225,128,35,
21,46195226,17,23,
21,46195679,42,57,28
21,46196076,300,169,
21,46196105,429,163,
21,46196228,412,678,
21,46196301,14,4,
21,46196308,174,60,
21,46196518,39,13,
21,46196545,79,96,
21,46196688,822,327,
21,46196831,123,66,
21,46196896,45,26,
21,46197173,40,5,
21,46197592,73,7,
21,46197875,103,173,
21,46198096,67,31,
21,46198294,55,105,
21,46198430,165,126,
21,46198606,97,39,12
21,46198874,9,1,
21,46199411,273,328,
21,46199530,112,24,
21,46199623,355,131,
21,46199649,73,11,
21,46199723,568,586,
21,46199887,17,0,
21,46199919,18,2,
21,46199935,57,6,
21,46199950,92,30,
21,46200140,58,10,
21,46200552,27,8,
21,46201381,164,139,
21,46202058,32,6,
21,46202163,7,4,
21,46202254,3,0,
21,46202400,22,0,
21,46202666,6,2,
21,46202921,265,190,
21,46203138,182,121,
21,46203343,45,12,
21,46203410,12,4,
21,46203477,9,1,
21,46203499,61,0,
21,46203581,169,103,
21,46203611,76,48,
21,46204090,91,97,
21,46204139,101,53,
21,46204451,3,1,
21,46204668,66,38,
21,46204778,3,0,
21,46204849,9,1,
21,46204853,47,27,
21,46204886,102,227,
21,46204923,11,3,
21,46204998,29,8,
21,46205089,4,0,
21,46205437,720,332,
21,46205461,153,34,
21,46205493,18,16,
21,46205519,215,103,
21,46205632,3255,927,
21,46205661,568,564,
21,46205724,347,413,
21,46205744,19,0,
21,46205797,4,1,
21,46205920,3,0,
21,46206277,164,272,
21,46206457,937,453,
21,46206531,727,174,
21,46207017,50,34,
21,46207425,279,127,
21,46207464,660,145,
21,46207505,604,571,
21,46207727,115,298,
21,46207852,65,27,
21,46208098,11,14,
21,46208160,105,44,
21,46208283,11,3,
21,46208348,355,555,2
21,46208386,35,9,
21,46208409,135,61,
21,46208672,46,13,
21,46208760,8,1,
21,46208773,233,120,
21,46208962,784,330,
21,46209077,28,5,
21,46209220,8,3,
21,46209372,55,1,
21,46209378,28,3,
21,46209537,18,8,
21,46209837,16,0,
21,46209846,120,24,
21,46210002,10,3,
21,46210095,96,167,
21,46210239,25,3,
21,46210240,361,123,
21,46210304,31,2,
21,46210361,19,1,
21,46210404,14,4,
21,46210424,7,2,
21,46210672,11,7,
21,46210705,42,6,
21,46210748,4,6,
21,46210806,83,25,
21,46211102,18,5,
21,46211256,4,0,
21,46211417,32,3,
21,46211802,92,50,
21,46211861,49,9,
21,46211994,26,11,
21,46212026,28,3,
21,46212027,25,3,
21,46212029,10,2,
21,46212097,6,1,
21,46212176,19,4,
21,46212202,35,10,
21,46212246,8,1,
21,46212249,22,0,
21,46212301,17,0,
21,46212358,11,3,
21,46212466,30,2,
21,46212520,13,1,
21,46212523,9,2,
21,46212667,11,2,
21,46212782,64,34,
21,46212846,3,1,
21,46213045,67,89,
21,46213123,11,1,
21,46213273,93,15,
21,46213334,20,2,
21,46213406,41,10,
21,46213585,908,691,
21,46213662,21,9,
21,46213671,16,6,
21,46213876,10,1,
21,46214091,63,61,
21,46214319,15,2,
21,46214486,6,1,
21,46214601,6,1,
21,46214617,57,50,
21,46214693,240,37,26
21,46214731,6,3,
21,46214950,136,112,
21,46215096,4,0,
21,46215229,17,21,
21,46215686,18,30,
21,46215714,5,1,
21,46215920,4,1,
21,46215982,25,1,
21,46216360,5,1,
21,46216392,25,14,
21,46216422,9,4,
21,46216583,83,9,15
21,46216732,13,12,
21,46216775,7,5,
21,46216847,23,32,
21,46217092,9,4,
21,46217176,96,124,
21,46217578,100,136,
21,46217608,14,3,
21,46217688,6,4,
21,46217752,10,0,
21,46217811,7,6,
21,46217965,22,0,
21,46218038,8,0,
21,46218120,16,2,
21,46218123,6,2,
21,46218466,4,0,
21,46218538,73,29,21
21,46218640,332,286,22
21,46218665,10,1,
21,46218725,390,407,
21,46218782,48,25,17
21,46218800,44,56,24
21,46218817,5,3,
21,46219040,9,0,
21,46219280,10,0,
21,46219346,960,141,1
21,46219386,29,33,20
21,46219501,13,8,
21,46219536,6,0,
21,46219538,150,75,6
21,46219544,37,4,29
21,46219853,257,222,8
21,46219895,4,1,
21,46220108,26,10,
21,46220127,6,1,
21,46220201,21,1,
21,46220216,38,16,
21,46220488,347,204,10
21,46220503,34,1,
21,46220540,181,108,4
21,46220551,8,2,
21,46220577,27,3,
21,46220640,97,99,
21,46220794,63,39,11
21,46220798,13,2,
21,46220805,7,0,
21,46220902,26,30,17
21,46221016,10,4,
21,46221404,22,32,20
21,46221594,63,10,7
21,46221661,3,0,
21,46221925,95,32,3
21,46222146,7,3,
21,46222162,15,2,
21,46222165,54,56,
21,46222217,15,19,
21,46222237,80,11,26
21,46222431,17,0,
21,46222541,7,0,
21,46222731,12,3,
21,46222837,9,2,
21,46222915,27,16,
21,46223053,7,2,
21,46223155,14,1,
21,46223311,10,2,
21,46223344,3,0,
21,46223389,36,4,25
21,46223416,4,0,
21,46223440,3,0,
21,46223522,10,2,
21,46223543,6,8,
21,46223577,47,22,3
21,46223626,8,7,
21,46224095,5,0,
22,46070298,107,150,
22,46073978,134,148,
22,46075126,77,71,
22,46080498,238,125,
22,46081418,51,53,
22,46085197,16,4,
22,46086923,96,17,
22,46087115,63,10,
22,46088430,44,7,
22,46092198,272,235,
22,46094037,242,98,
22,46094330,94,53,
22,46094460,607,67,
22,46094552,121,35,
22,46094989,64,33,
22,46095087,660,373,
22,46095474,124,39,
22,46095662,415,139,
22,46095817,397,150,
22,46096337,1241,397,
22,46101816,136,112,
22,46102276,225,269,
22,46102311,148,40,
22,46103376,886,369,
22,46103571,157,203,
22,46103858,446,674,
22,46104193,900,732,
22,46104396,323,475,
22,46104539,112,29,
22,46106411,182,78,
22,46107897,51,7,
22,46108557,157,47,
22,46108780,982,464,
22,46111448,74,72,
22,46112520,8,0,
22,46112560,169,60,
22,46112965,66,54,
22,46113990,32,31,
22,46114064,57,10,
22,46114440,125,22,
22,46115758,149,93,
22,46116007,75,28,
22,46116567,216,291,
22,46118358,249,60,
22,46119117,54,53,
22,46119234,84,32,
22,46120549,178,89,
22,46120732,44,11,
22,46120764,79,34,
22,46121105,80,2,
22,46121870,819,929,
22,46123307,16,4,
22,46123310,114,89,9
22,46123720,158,46,
22,46123948,54,11,
22,46124267,2191,1073,
22,46124324,857,953,
22,46124425,529,112,
22,46124649,89,36,
22,46124903,44,25,
22,46125963,92,51,
22,46126066,21,15,
22,46126446,974,851,
22,46127412,111,117,
22,46127575,52,6,
22,46127981,183,36,
22,46128238,99,13,
22,46128523,45,12,
22,46128548,65,49,
22,46128616,92,14,
22,46128639,25,24,
22,46129505,15,3,
22,46130188,24,4,
22,46131406,1064,613,
22,46131837,125,95,
22,46133141,240,194,
22,46134164,19,3,
22,46134443,828,584,
22,46134541,10,0,16
22,46134969,36,5,
22,46134991,118,25,
22,46135145,117,42,
22,46135349,16,4,
22,46136023,508,320,
22,46136026,624,258,
22,46136059,244,49,
22,46136277,101,40,
22,46137253,526,215,
22,46137514,818,289,
22,46137548,138,94,
22,46137596,127,44,
22,46137772,42,8,
22,46137783,761,392,
22,46138238,1343,289,
22,46138459,315,59,
22,46138473,63,78,
22,46138632,174,59,
22,46138952,963,1063,
22,46140219,20,3,
22,46140244,152,3,
22,46140579,101,46,
22,46141731,128,113,
22,46141745,146,88,
22,46141986,125,17,
22,46142000,130,53,
22,46142100,520,404,
22,46142589,76,58,
22,46142866,155,51,
22,46143818,133,259,
22,46144039,6,30,20
22,46144801,127,74,
22,46145154,35,6,
22,46145180,701,659,
22,46145365,719,365,
22,46145790,64,99,
22,46145902,257,112,
22,46145960,98,16,
22,46146133,602,114,
22,46147285,97,81,
22,46147329,147,32,
22,46147341,140,48,
22,46147540,513,252,
22,46147996,32,3,
22,46148202,101,169,
22,46148460,201,157,
22,46149375,265,328,
22,46149727,50,37,
22,46149813,327,45,
22,46150447,91,23,
22,46150677,72,13,24
22,46150715,763,1019,
22,46150797,47,11,7
22,46151299,257,49,
22,46151600,70,24,
22,46152838,319,379,
22,46153058,132,15,
22,46153466,450,567,
22,46154114,34,2,
22,46154220,160,56,
22,46154344,118,9,
22,46154491,398,306,
22,46155085,336,55,
22,46155135,555,290,
22,46155619,442,521,
22,46155701,175,30,
22,46155740,279,164,
22,46157594,373,306,
22,46157624,12,0,
22,46158578,344,117,
22,46158803,111,26,
22,46160315,1750,1343,
22,46160773,442,307,
22,46160824,69,18,
22,46161328,228,85,
22,46162643,82,5,17
22,46162656,782,564,
22,46162872,325,153,
22,46163121,227,303,
22,46163308,566,295,
22,46163609,332,95,
22,46164197,263,70,
22,46166161,76,49,
22,46166178,192,34,
22,46166708,110,22,
22,46166782,15,0,
22,46167500,135,78,
22,46167552,338,233,
22,46169330,75,16,
22,46169441,48,15,
22,46169554,416,231,
22,46170302,312,236,
22,46170402,138,118,
22,46170707,64,10,
22,46170776,18,0,
22,46170847,21,21,14
22,46171008,142,71,
22,46171184,14,11,
22,46171703,39,7,
22,46171844,38,9,
22,46172167,175,24,
22,46172443,350,317,
22,46172682,67,134,
22,46172797,199,63,
22,46172852,45,62,
22,46173407,789,453,
22,46173547,523,242,
22,46173600,13,1,
22,46173825,262,139,
22,46174205,50,14,
22,46175112,394,449,
22,46175662,49,9,
22,46175826,237,99,
22,46175871,126,394,
22,46176169,154,221,
22,46176289,112,61,
22,46176533,42,18,
22,46176766,204,129,
22,46176893,429,532,
22,46176905,458,243,
22,46177022,117,63,
22,46177132,131,36,
22,46177418,135,13,
22,46177615,53,3,
22,46177645,585,131,
22,46177737,36,24,
22,46178108,263,217,
22,46178347,703,271,
22,46178442,187,121,
22,46178464,37,9,
22,46178789,356,84,
22,46178892,224,21,
22,46181076,200,94,
22,46181231,581,183,
22,46181237,60,23,
22,46181268,278,95,
22,46181371,678,993,
22,46181466,504,419,
22,46181491,598,281,
22,46181962,509,724,
22,46182031,148,10,
22,46182202,260,182,
22,46183011,120,206,
22,46183014,46,6,
22,46183088,146,201,
22,46183091,64,7,
22,46183294,548,456,
22,46183657,327,433,
22,46183952,27,11,
22,46184128,71,63,
22,46184229,225,261,
22,46184575,128,116,
22,46185144,23,3,
22,46185317,89,1,
22,46185323,111,64,
22,46185576,173,62,
22,46185816,348,286,
22,46185957,326,349,
22,46186538,25,0,
22,46186917,35,13,
22,46186997,83,42,
22,46187387,240,69,
22,46187645,86,115,
22,46188451,164,121,
22,46189480,102,34,
22,46189616,23,2,
22,46189692,438,257,
22,46189704,78,99,
22,46189994,485,196,
22,46190324,53,3,
22,46190577,254,81,
22,46191194,251,121,
22,46191763,187,50,
22,46191814,51,18,
22,46191933,106,90,
22,46192130,440,353,
22,46192186,470,561,
22,46192348,12,8,
22,46192459,364,403,
22,46192846,346,159,
22,46192962,258,218,
22,46192997,112,59,
22,46193116,78,40,
22,46193412,114,92,
22,46193931,276,51,
22,46194063,171,162,
22,46194315,207,163,
22,46194337,327,86,
22,46194384,287,123,
22,46194477,199,26,
22,46194615,419,369,
22,46194828,130,85,
22,46194916,18,0,
22,46194991,14,0,
22,46195007,75,13,
22,46195068,43,4,
22,46195109,116,60,
22,46195198,192,176,
22,46195225,128,35,
22,46195226,17,23,
22,46195679,47,62,30
22,46196076,300,169,
22,46196105,430,163,
22,46196228,412,678,
22,46196301,14,4,
22,46196308,174,60,
22,46196518,40,13,
22,46196545,79,96,
22,46196688,822,327,
22,46196831,123,66,
22,46196896,45,26,
22,46197173,40,5,
22,46197875,103,173,
22,46198096,67,31,
22,46198294,55,105,
22,46198430,165,127,
22,46198606,105,43,15
22,46198874,9,1,
22,46199411,274,328,
22,46199530,112,24,
22,46199623,355,131,
22,46199649,73,11,
22,46199723,568,610,
22,46199887,17,0,
22,46199919,18,2,
22,46199935,57,6,
22,46199950,92,30,
22,46200140,58,10,
22,46200552,27,8,
22,46201381,164,139,
22,46202058,32,6,
22,46202163,7,4,
22,46202254,3,0,
22,46202400,22,0,
22,46202666,6,2,
22,46202921,266,190,
22,46203138,182,121,
22,46203343,58,17,7
22,46203410,12,4,
22,46203477,9,1,
22,46203499,61,0,
22,46203581,169,103,
22,46203611,76,48,
22,46204090,92,97,
22,46204139,101,53,
22,46204451,3,1,
22,46204668,67,38,
22,46204778,3,0,
22,46204849,9,1,
22,46204853,47,27,
22,46204886,103,232,
22,46204923,11,3,
22,46204998,29,8,
22,46205089,4,0,
22,46205437,722,334,
22,46205461,154,34,
22,46205493,18,16,
22,46205519,215,103,
22,46205632,3257,928,
22,46205661,568,565,
22,46205724,347,413,
22,46205744,19,0,
22,46205797,4,1,
22,46205920,3,0,
22,46206277,164,276,
22,46206457,939,453,
22,46206531,731,174,
22,46207017,50,34,
22,46207425,279,127,
22,46207464,663,145,
22,46207505,606,575,
22,46207727,115,303,
22,46207852,65,27,
22,46208098,11,14,
22,46208160,105,44,
22,46208283,11,3,
22,46208348,418,672,2
22,46208386,35,9,
22,46208409,135,61,
22,46208672,46,13,
22,46208760,8,1,
22,46208773,233,125,
22,46208962,788,331,
22,46209077,28,5,
22,46209220,8,3,
22,46209372,55,1,
22,46209378,28,3,
22,46209537,18,8,
22,46209837,16,0,
22,46209846,120,24,
22,46210002,10,3,
22,46210095,97,167,
22,46210239,25,3,
22,46210240,362,123,
22,46210304,31,2,
22,46210361,19,1,
22,46210404,14,5,
22,46210424,7,2,
22,46210672,11,7,
22,46210705,43,6,
22,46210748,4,6,
22,46210806,84,25,
22,46211102,18,5,
22,46211256,4,0,
22,46211417,32,3,
22,46211802,92,50,
22,46211861,49,9,
22,46211994,26,11,
22,46212026,28,3,
22,46212027,25,3,
22,46212097,6,1,
22,46212176,19,4,
22,46212202,36,10,
22,46212246,8,1,
22,46212249,22,0,
22,46212301,17,0,
22,46212358,11,3,
22,46212438,64,136,
22,46212466,31,2,
22,46212520,13,1,
22,46212523,9,2,
22,46212667,11,2,
22,46212782,65,34,
22,46212846,3,1,
22,46213045,67,89,
22,46213123,11,1,
22,46213273,93,15,
22,46213334,20,2,
22,46213406,42,10,
22,46213585,915,697,
22,46213662,22,9,
22,46213671,18,6,
22,46213876,10,1,
22,46214091,63,61,
22,46214319,16,2,
22,46214486,6,1,
22,46214601,6,1,
22,46214617,57,50,
22,46214693,243,37,29
22,46214731,6,3,
22,46214950,137,115,
22,46215096,4,0,
22,46215229,17,21,
22,46215686,18,31,
22,46215714,5,1,
22,46215920,4,1,
22,46215982,25,2,
22,46216360,5,1,
22,46216392,25,14,
22,46216422,9,4,
22,46216446,8,0,21
22,46216583,91,11,18
22,46216732,13,12,
22,46216775,7,7,
22,46216847,23,32,
22,46217092,9,4,
22,46217176,97,126,
22,46217578,101,143,
22,46217608,14,3,
22,46217688,6,4,
22,46217752,11,0,
22,46217811,7,7,
22,46217965,22,0,
22,46218038,8,0,
22,46218120,16,2,
22,46218123,6,2,
22,46218466,5,1,
22,46218538,75,30,21
22,46218640,371,326,23
22,46218665,12,1,
22,46218725,392,412,
22,46218782,54,28,19
22,46218800,47,57,26
22,46218817,5,3,
22,46219040,9,0,
22,46219280,11,0,
22,46219346,1107,153,1
22,46219386,32,38,15
22,46219501,13,9,
22,46219536,6,0,
22,46219538,161,78,8
22,46219544,40,4,
22,46219853,267,236,11
22,46219895,4,1,
22,46220108,26,12,
22,46220127,6,1,
22,46220201,21,1,
22,46220216,41,21,
22,46220488,410,230,12
22,46220503,36,1,
22,46220540,212,115,5
22,46220551,8,2,
22,46220577,27,3,
22,46220640,102,103,
22,46220794,74,52,13
22,46220798,14,2,
22,46220805,8,0,
22,46220902,34,35,20
22,46221016,10,4,
22,46221404,29,39,22
22,46221594,75,11,6
22,46221661,3,0,
22,46221925,122,38,4
22,46222146,7,3,
22,46222162,21,2,
22,46222165,58,59,
22,46222217,21,24,
22,46222237,136,27,25
22,46222541,7,0,
22,46222731,13,3,
22,46222837,12,2,
22,46222915,41,34,
22,46223053,7,2,
22,46223155,17,5,
22,46223311,76,23,5
22,46223344,3,1,
22,46223389,64,17,27
22,46223416,8,0,
22,46223440,3,0,
22,46223522,16,4,
22,46223543,8,10,
22,46223577,92,37,2
22,46223626,11,7,
22,46223882,5,1,
22,46224095,17,1,
22,46224311,25,10,8
22,46224345,12,0,
22,46224406,6,1,
22,46224451,5,0,
22,46224610,49,35,5
23,46070298,107,150,
23,46075126,77,72,
23,46080498,238,125,
23,46081418,51,53,
23,46085197,16,4,
23,46086923,96,17,
23,46087115,63,10,
23,46088430,44,7,
23,46094037,242,98,
23,46094330,94,53,
23,46094460,607,67,
23,46094552,121,35,
23,46094989,64,33,
23,46095087,660,373,
23,46095474,124,39,
23,46095662,415,139,
23,46095817,397,150,
23,46096337,1241,397,
23,46101816,136,112,
23,46102276,225,269,
23,46102311,149,40,
23,46103376,886,369,
23,46103571,157,203,
23,46103858,446,674,
23,46104193,900,732,
23,46104396,323,475,
23,46106411,182,78,
23,46107897,51,7,
23,46108557,157,47,
23,46108780,982,464,
23,46111448,74,72,
23,46112520,8,0,
23,46112560,169,60,
23,46112965,66,54,
23,46113990,32,31,
23,46114064,57,10,
23,46114440,125,22,
23,46115758,149,93,
23,46116007,75,28,
23,46116567,216,291,
23,46118358,249,60,
23,46119117,54,53,
23,46120549,178,89,
23,46120732,44,11,
23,46120764,79,34,
23,46121105,81,2,
23,46121870,819,929,
23,46123307,16,4,
23,46123310,132,99,12
23,46123720,158,46,
23,46123948,54,11,
23,46124267,2191,1073,
23,46124324,857,953,
23,46124425,529,112,
23,46124649,90,36,
23,46124903,44,25,
23,46125963,92,51,
23,46126066,21,15,
23,46126446,974,851,
23,46127412,111,117,
23,46127575,52,6,
23,46127981,186,36,
23,46128238,99,13,
23,46128523,45,13,
23,46128548,65,49,
23,46128616,92,14,
23,46128639,25,24,
23,46129505,15,3,
23,46130188,24,4,
23,46131406,1064,613,
23,46131837,125,95,
23,46133141,240,194,
23,46134164,19,3,
23,46134443,828,584,
23,46134541,13,0,20
23,46134969,36,5,
23,46134991,118,25,
23,46135145,117,42,
23,46135349,16,4,
23,46136023,509,320,
23,46136026,624,258,
23,46136059,244,49,
23,46136277,101,40,
23,46137253,526,215,
23,46137514,818,289,
23,46137548,138,94,
23,46137596,127,45,
23,46137772,42,8,
23,46137783,761,392,
23,46138238,1343,289,
23,46138459,315,60,
23,46138473,63,78,
23,46138632,174,59,
23,46138952,963,1063,
23,46140219,20,4,
23,46140244,152,3,
23,46140579,102,46,
23,46141731,128,113,
23,46141745,146,88,
23,46142000,130,53,
23,46142100,520,404,
23,46142589,81,63,25
23,46142866,155,51,
23,46143818,133,259,
23,46144039,8,36,24
23,46144801,127,75,
23,46145154,35,6,
23,46145180,701,659,
23,46145365,719,365,
23,46145790,64,102,
23,46145902,257,112,
23,46145960,98,16,
23,46146133,602,114,
23,46147285,97,81,
23,46147329,147,32,
23,46147341,140,48,
23,46147540,513,252,
23,46147996,32,3,
23,46148202,101,169,
23,46148460,201,157,
23,46149375,265,328,
23,46149727,50,37,
23,46149813,327,45,
23,46150447,91,23,
23,46150677,72,15,
23,46150715,763,1019,
23,46150797,51,12,10
23,46151299,257,49,
23,46151600,70,24,
23,46152838,320,379,
23,46153058,132,15,
23,46153466,450,567,
23,46154114,35,2,
23,46154220,160,56,
23,46154344,118,9,
23,46154491,398,306,
23,46155085,336,55,
23,46155135,555,290,
23,46155619,442,521,
23,46155701,175,30,
23,46155740,279,164,
23,46157594,373,306,
23,46157624,12,0,
23,46158578,344,117,
23,46158803,111,27,
23,46160315,1750,1343,
23,46160773,442,307,
23,46161328,228,85,
23,46162643,89,5,26
23,46162656,782,564,
23,46163121,227,303,
23,46163308,566,295,
23,46163609,332,95,
23,46164197,263,71,
23,46166161,76,49,
23,46166178,192,34,
23,46166708,110,22,
23,46166782,15,0,
23,46167500,135,78,
23,46167552,338,233,
23,46169330,75,16,
23,46169441,48,15,
23,46169554,416,231,
23,46170302,312,236,
23,46170402,138,119,
23,46170707,68,10,
23,46170776,18,0,
23,46170847,30,34,20
23,46171008,143,71,
23,46171184,14,11,
23,46171703,39,7,
23,46171844,38,9,
23,46172167,175,24,
23,46172443,350,317,
23,46172682,67,134,
23,46172797,199,63,
23,46172852,45,62,
23,46173407,789,453,
23,46173547,523,242,
23,46173584,10,6,24
23,46173600,15,1,
23,46173825,262,139,
23,46174205,50,14,
23,46175112,394,449,
23,46175662,49,9,
23,46175826,237,99,
23,46175871,126,395,
23,46176169,154,220,
23,46176289,112,61,
23,46176533,42,18,
23,46176766,204,129,
23,46176893,429,532,
23,46176905,458,243,
23,46177022,117,63,
23,46177132,131,36,
23,46177418,135,13,
23,46177615,53,3,
23,46177645,585,131,
23,46177737,36,24,
23,46178108,263,217,
23,46178347,703,271,
23,46178442,187,121,
23,46178464,37,9,
23,46178789,356,84,
23,46178892,224,21,
23,46181076,200,94,
23,46181231,581,183,
23,46181237,60,23,
23,46181268,278,95,
23,46181371,678,993,
23,46181466,504,419,
23,46181491,598,281,
23,46181962,509,724,
23,46182031,148,10,
23,46182202,260,182,
23,46183011,120,206,
23,46183014,46,6,
23,46183088,146,201,
23,46183091,64,7,
23,46183294,548,456,
23,46183657,327,433,
23,46183952,27,11,
23,46184128,71,63,
23,46184229,225,261,
23,46184575,128,116,
23,46185144,23,3,
23,46185317,89,1,
23,46185323,111,64,
23,46185576,173,62,
23,46185816,348,286,
23,46185957,326,349,
23,46186538,25,0,
23,46186917,35,13,
23,46186997,83,42,
23,46187387,240,69,
23,46187645,86,115,
23,46188451,164,121,
23,46189480,102,34,
23,46189616,23,2,
23,46189692,438,257,
23,46189704,78,99,
23,46189994,485,196,
23,46190324,53,3,
23,46190577,254,81,
23,46191194,252,121,
23,46191763,187,50,
23,46191814,51,18,
23,46191933,106,90,
23,46192130,440,353,
23,46192186,470,561,
23,46192348,12,8,
23,46192459,364,403,
23,46192846,346,159,
23,46192962,258,218,
23,46192997,112,59,
23,46193116,78,40,
23,46193412,114,92,
23,46193931,276,51,
23,46194063,171,162,
23,46194315,207,163,
23,46194337,327,86,
23,46194384,287,123,
23,46194477,199,26,
23,46194615,419,369,
23,46194828,130,85,
23,46194916,18,0,
23,46194991,14,0,
23,46195007,75,13,
23,46195068,43,4,
23,46195109,116,60,
23,46195198,193,177,
23,46195225,128,35,
23,46195226,17,23,
23,46195679,48,66,
23,46196076,300,169,
23,46196105,430,163,
23,46196228,413,678,
23,46196301,14,4,
23,46196308,174,60,
23,46196545,79,96,
23,46196688,822,327,
23,46196831,123,66,
23,46196896,45,26,
23,46197173,40,5,
23,46197875,103,173,
23,46198096,67,31,
23,46198294,55,105,
23,46198430,166,127,
23,46198606,108,44,
23,46198874,9,1,
23,46199411,274,327,
23,46199530,112,24,
23,46199623,355,131,
23,46199649,73,11,
23,46199723,571,611,
23,46199887,17,0,
23,46199919,18,2,
23,46199935,57,6,
23,46199950,92,30,
23,46200140,58,10,
23,46200552,27,8,
23,46201381,164,139,
23,46202058,32,6,
23,46202163,7,4,
23,46202254,3,0,
23,46202400,22,0,
23,46202666,6,2,
23,46202921,266,191,
23,46203138,182,121,
23,46203343,79,32,6
23,46203410,12,4,
23,46203477,9,1,
23,46203499,61,0,
23,46203581,169,103,
23,46203611,76,48,
23,46204090,92,97,
23,46204139,101,53,
23,46204451,3,1,
23,46204668,67,38,
23,46204778,3,0,
23,46204849,9,1,
23,46204853,47,27,
23,46204886,103,234,
23,46204923,11,3,
23,46204998,30,8,
23,46205089,4,0,
23,46205437,722,335,
23,46205461,154,34,
23,46205493,18,16,
23,46205519,215,103,
23,46205632,3260,929,
23,46205661,569,566,
23,46205724,348,414,
23,46205744,19,0,
23,46205797,4,1,
23,46205920,3,0,
23,46206277,165,278,
23,46206457,939,453,
23,46206531,732,175,
23,46207017,50,34,
23,46207425,279,127,
23,46207464,665,145,
23,46207505,606,576,
23,46207727,116,303,
23,46207852,66,27,
23,46208098,11,14,
23,46208160,105,46,
23,46208283,11,3,
23,46208348,474,754,2
23,46208386,35,9,
23,46208409,135,61,
23,46208672,46,13,
23,46208773,233,125,
23,46208962,790,331,
23,46209077,28,5,
23,46209220,8,3,
23,46209372,55,1,
23,46209378,28,3,
23,46209537,18,8,
23,46209837,16,0,
23,46209846,120,24,
23,46210002,10,3,
23,46210095,97,168,
23,46210239,25,3,
23,46210240,363,123,
23,46210304,31,2,
23,46210361,19,1,
23,46210404,14,5,
23,46210424,7,2,
23,46210672,11,7,
23,46210705,43,6,
23,46210748,4,6,
23,46210806,84,26,
23,46211102,18,5,
23,46211256,4,0,
23,46211417,32,3,
23,46211802,92,51,
23,46211861,49,9,
23,46211994,26,11,
23,46212026,28,3,
23,46212027,25,3,
23,46212097,6,1,
23,46212176,19,4,
23,46212202,37,10,
23,46212246,8,1,
23,46212249,22,0,
23,46212301,17,0,
23,46212358,12,3,
23,46212438,101,195,7
23,46212466,32,2,
23,46212520,13,1,
23,46212667,11,2,
23,46212846,3,1,
23,46213045,68,89,
23,46213123,11,1,
23,46213273,93,15,
23,46213334,21,2,
23,46213406,42,10,
23,46213585,919,700,
23,46213662,22,9,
23,46213671,18,6,
23,46213876,10,1,
23,46214091,63,61,
23,46214319,16,2,
23,46214486,6,1,
23,46214601,6,1,
23,46214617,57,51,
23,46214693,249,37,
23,46214731,6,3,
23,46214950,141,120,
23,46215096,4,0,
23,46215229,17,21,
23,46215686,18,32,
23,46215714,5,1,
23,46215920,4,1,
23,46215982,25,2,
23,46216360,5,1,
23,46216392,25,14,
23,46216422,9,4,
23,46216446,23,4,9
23,46216583,98,11,27
23,46216732,13,12,
23,46216775,7,7,
23,46216847,23,33,
23,46217092,9,4,
23,46217176,98,130,
23,46217578,104,144,
23,46217608,14,3,
23,46217688,6,4,
23,46217752,11,0,
23,46217811,7,7,
23,46217965,22,0,
23,46218038,8,0,
23,46218120,16,2,
23,46218123,6,2,
23,46218466,5,1,
23,46218538,77,30,
23,46218640,385,338,
23,46218665,14,4,
23,46218725,395,417,
23,46218782,59,33,28
23,46218800,50,58,
23,46218817,5,3,
23,46219040,9,1,
23,46219280,11,0,
23,46219346,1216,165,1
23,46219386,35,42,16
23,46219501,13,9,
23,46219510,3,1,
23,46219536,6,0,
23,46219538,175,78,10
23,46219544,42,4,
23,46219853,272,247,21
23,46219895,4,1,
23,46220108,27,12,
23,46220127,6,1,
23,46220201,21,1,
23,46220216,43,24,
23,46220424,4,0,
23,46220488,460,253,16
23,46220503,43,1,
23,46220540,244,128,5
23,46220551,8,2,
23,46220577,27,3,
23,46220628,3,0,
23,46220640,114,130,16
23,46220794,87,56,14
23,46220798,14,3,
23,46220805,8,0,
23,46220902,45,36,20
23,46221016,10,4,
23,46221404,35,41,
23,46221594,87,11,7
23,46221651,4,5,
23,46221661,3,0,
23,46221925,133,43,4
23,46222029,7,1,
23,46222110,5,0,
23,46222146,7,3,
23,46222162,25,2,
23,46222165,69,74,14
23,46222217,24,31,
23,46222237,155,35,
23,46222541,8,0,
23,46222731,16,3,
23,46222837,13,2,
23,46222915,43,38,
23,46223053,7,2,
23,46223155,22,5,
23,46223311,129,60,3
23,46223344,4,1,
23,46223389,72,26,30
23,46223416,13,0,
23,46223440,4,1,
23,46223522,22,7,
23,46223543,9,10,
23,46223577,103,49,15
23,46223626,17,8,
23,46223882,7,3,
23,46224095,24,1,
23,46224311,39,16,6
23,46224345,15,1,
23,46224406,12,1,
23,46224451,5,0,
23,46224635,5,3,
23,46224805,5,1,
23,46224974,11,1,
23,46225255,6,0,
23,46225310,6,0,
23,46225359,7,1,
23,46225712,3,0,
